id,player_name,games,time,goals,xG,assists,xA,shots,key_passes,yellow_cards,red_cards,position,team_title,npg,npxG,xGChain,xGBuildup,Comp,Group,Gls_p90,Ast_p90,npxG_p90,Sh_p90,xA_p90,KP_p90,xGChain_p90,xGBuildup_p90,npxG_per_Sh,Cluster
5596,Harry Wilson,36,2751,10,5.759745923802257,7,5.503671173006296,78,37,7,0,M S,Fulham,10,5.759745923802257,11.091712068766356,4.132661418989301,EPL,midfield,0.3271537622682661,0.2290076335877862,0.1884322548681218,2.5517993456924755,0.1800546730536411,1.2104689203925845,0.3628695333293246,0.135201573140326,0.0738428964590032,3
11356,Enzo Fernández,36,3149,10,11.91719657368958,4,8.865934781730175,72,68,10,0,M S,Chelsea,8,10.394858876243234,27.90237918496132,16.159590516239405,EPL,midfield,0.2858050174658622,0.1143220069863448,0.297090282267987,2.057796125754208,0.2533928645143588,1.9434741187678628,0.797463997029698,0.4618492049734984,0.1443730399478227,2
1228,Bruno Fernandes,35,3082,9,11.931805820204318,21,17.75713463127613,85,137,5,0,M,Manchester United,5,7.364792761392891,25.94416971784085,11.6638073772192,EPL,midfield,0.2628163530175211,0.6132381570408825,0.2150653304754576,2.482154445165477,0.5185405959814574,4.00064892926671,0.7576168963678379,0.340604368575512,0.0866446207222693,2
2248,Casemiro,34,2649,9,6.577375870198011,2,3.177681438624859,52,36,9,1,M S,Manchester United,9,6.577375870198011,16.168739575892687,11.8755685351789,EPL,midfield,0.3057757644394111,0.0679501698754246,0.223466903857237,1.766704416761042,0.1079619967822715,1.2231030577576445,0.5493343004267051,0.4034734496663272,0.1264879975038079,0
8327,Bruno Guimarães,29,2467,9,6.597308051772416,5,3.869310455396771,42,44,6,0,M S,Newcastle United,7,5.074970376677811,14.09811718389392,9.365775737911465,EPL,midfield,0.3283340089177138,0.1824077827320632,0.1851428187681406,1.5322253749493313,0.1411584681741829,1.6051884880421563,0.5143212592421779,0.3416780771836367,0.1208326280161383,3
9739,Kiernan Dewsbury-Hall,31,2649,8,4.330071024596691,4,6.574528481811285,39,36,6,0,M S,Everton,8,4.330071024596691,14.27813035994768,8.12063055485487,EPL,midfield,0.2718006795016987,0.1359003397508493,0.1471145308469996,1.3250283125707814,0.2233701635949474,1.2231030577576445,0.4851006917309517,0.2758991128489763,0.1110274621691459,3
10741,Marcus Tavernier,34,2779,7,9.397737859748304,4,6.158757623285055,70,52,6,0,M S,Bournemouth,5,7.875400157645345,17.828483875840902,8.152811899781227,EPL,midfield,0.2267002518891687,0.129543001079525,0.2550507427808856,2.267002518891688,0.1994559863604371,1.6840590140338252,0.577388826493588,0.264034930183631,0.1125057165377906,3
2203,Emiliano Buendía,36,1778,6,3.7844833629205823,2,3.626239098608494,49,30,6,0,M S,Aston Villa,6,3.7844833629205823,9.206152960658072,3.6858682241290808,EPL,midfield,0.3037120359955005,0.1012373453318335,0.1915655245572848,2.4803149606299213,0.1835554099408124,1.5185601799775028,0.4660032432279113,0.1865737571268938,0.077234354345318,3
9307,Iliman Ndiaye,32,2805,6,6.143797228112817,3,4.457025814801455,43,30,2,0,M,Everton,4,4.621459530666471,15.463790696114302,6.865662005729973,EPL,midfield,0.1925133689839572,0.0962566844919786,0.1482821239786033,1.3796791443850267,0.1430061758759825,0.962566844919786,0.4961644073619562,0.220288620504705,0.1074758030387551,3
7526,Martín Zubimendi,38,3040,5,2.944296659901738,1,1.087823610752821,27,19,4,0,D M S,Arsenal,5,2.944296659901738,13.476701468229294,11.17571103386581,EPL,midfield,0.1480263157894736,0.0296052631578947,0.0871666774313014,0.7993421052631579,0.0322053042657085,0.5625,0.3989812934673146,0.3308598661341851,0.1090480244408051,1
7723,John McGinn,30,2221,5,2.999398436397314,4,4.862495846115053,28,39,5,0,M S,Aston Villa,5,2.999398436397314,10.930921144783497,5.892162735573947,EPL,midfield,0.2026114362899594,0.1620891490319675,0.1215424850408637,1.134624043223773,0.1970394534670665,1.5803692030616838,0.4429459266233745,0.2387639109417628,0.1071213727284755,3
8288,Tomas Soucek,35,2206,5,5.214208725839853,0,0.8217995762825012,25,11,3,1,M S,West Ham,5,5.214208725839853,7.2598637118935585,4.53873631823808,EPL,midfield,0.2039891205802357,0.0,0.2127283705011726,1.0199456029011786,0.0335276345718155,0.4487760652765186,0.2961866428243065,0.1851705660205926,0.2085683490335941,1
9910,Anton Stach,29,2394,5,2.9207701720297337,3,5.958144916221499,55,61,3,0,M S,Leeds,5,2.9207701720297337,10.147935139015315,6.20686737075448,EPL,midfield,0.18796992481203,0.112781954887218,0.1098033899259298,2.0676691729323307,0.2239904103842669,2.293233082706766,0.3815013210156133,0.2333408785997925,0.0531049122187224,3
10697,Ryan Gravenberch,36,3008,5,1.5315213510766623,3,2.368868850171566,38,29,5,0,M S,Liverpool,5,1.5315213510766623,13.042155539616942,10.718840256333351,EPL,midfield,0.1496010638297872,0.0897606382978723,0.0458234446798203,1.1369680851063828,0.0708770600117822,0.867686170212766,0.3902240686720495,0.3207099810738037,0.0403031934493858,1
10715,João Palhinha,33,2180,5,3.407368754968047,2,0.7690385403111577,33,8,8,0,D M S,Tottenham,5,3.407368754968047,4.779836506582797,3.304838733747601,EPL,midfield,0.2064220183486238,0.0825688073394495,0.1406711871317083,1.3623853211009176,0.0317492975357817,0.3302752293577982,0.1973326998130512,0.136438296347378,0.1032535986353953,1
11592,Nico O&#039;Reilly,34,2646,5,6.727011270821095,3,3.847439743578434,41,23,5,0,D M S,Manchester City,5,6.727011270821095,21.241205548867583,14.797816466540098,EPL,midfield,0.1700680272108843,0.1020408163265306,0.2288099071707855,1.3945578231292517,0.130865297400627,0.782312925170068,0.72248998465536,0.5033270906986428,0.1640734456297828,0
14395,Rayan,15,1146,5,2.6684105955064297,2,2.7789037879556417,28,14,1,0,M S,Bournemouth,5,2.6684105955064297,6.337880494073033,2.8229257110506296,EPL,midfield,0.3926701570680628,0.1570680628272251,0.2095610415319185,2.198952879581152,0.2182385173787153,1.099476439790576,0.4977393058172539,0.2216957364699447,0.0953003784109439,3
500,Alex Iwobi,29,2473,4,2.403212903998792,3,3.629966888576746,39,42,3,0,M,Fulham,4,2.403212903998792,10.424585027620196,6.602384243160486,EPL,midfield,0.1455721795390214,0.109179134654266,0.0874602350828513,1.419328750505459,0.1321055479061492,1.5285078851597251,0.3793823908151305,0.2402808661077411,0.0616208436922767,3
5553,Declan Rice,36,3111,4,3.720960887148976,5,8.159449681639671,40,63,3,0,D M S,Arsenal,4,3.720960887148976,18.490907587111,12.956868270412087,EPL,midfield,0.1157184185149469,0.1446480231436837,0.1076459273042133,1.1571841851494695,0.2360496532779075,1.8225650916104144,0.5349346457216297,0.3748370762896457,0.0930240221787244,3
8859,Mikkel Damsgaard,33,2085,4,2.974404709413648,4,6.468690361827612,30,42,0,0,M S,Brentford,4,2.974404709413648,12.347467929124832,6.4731036853045225,EPL,midfield,0.1726618705035971,0.1726618705035971,0.1283915701905172,1.2949640287769786,0.2792240443954364,1.8129496402877696,0.5329842271564676,0.2794145475671017,0.0991468236471216,3
9154,Elliot Anderson,38,3329,4,3.4442944694310427,4,4.842637189663947,44,55,8,0,M S,Nottingham Forest,3,2.6831256318837404,16.282568987458944,11.95789561793208,EPL,midfield,0.1081405827575848,0.1081405827575848,0.0725386923609302,1.1895464103334334,0.130921401943453,1.486933012916792,0.4402016247735972,0.3232834501693863,0.0609801279973577,3
11269,Jack Hinshelwood,27,1773,4,4.76202392950654,3,2.3572685150429606,37,16,0,0,D M S,Brighton,4,4.76202392950654,11.615752866491675,5.945451917126775,EPL,midfield,0.2030456852791878,0.1522842639593908,0.2417271030206365,1.8781725888324872,0.1196583002559878,0.8121827411167514,0.5896321252026231,0.3017995897018667,0.1287033494461227,3
11944,Patrick Dorgu,26,1436,4,2.987284906208515,4,3.1112868897616863,25,27,5,0,D M S,Manchester United,4,2.987284906208515,6.977159338071942,1.9963069763034584,EPL,midfield,0.2506963788300835,0.2506963788300835,0.1872253771300601,1.5668523676880224,0.194997089191192,1.692200557103064,0.4372871451437847,0.1251167324981276,0.1194913962483406,3
6456,Callum Hudson-Odoi,30,1857,3,2.9516881722956896,4,3.933808506466448,30,44,0,0,M S,Nottingham Forest,3,2.9516881722956896,11.127739728428423,5.728919830173254,EPL,midfield,0.1453957996768982,0.1938610662358643,0.1430543540692579,1.4539579967689822,0.1906530778578246,2.132471728594507,0.5393088721370802,0.2776536266642934,0.0983896057431896,3
6837,Ryan Sessegnon,27,1830,3,2.04829409904778,1,2.228433128446341,16,14,0,0,D M S,Fulham,3,2.04829409904778,8.259379532188177,5.088316984474659,EPL,midfield,0.1475409836065573,0.0491803278688524,0.1007357753630055,0.7868852459016393,0.1095950718908036,0.6885245901639344,0.4061989933863038,0.2502450975971144,0.1280183811904862,1
7166,Mathias Jensen,36,2258,3,1.5882399883121252,1,5.333177657797933,29,33,3,0,M S,Brentford,3,1.5882399883121252,10.393253115937114,7.005861360579729,EPL,midfield,0.1195748449955712,0.0398582816651904,0.0633045168060634,1.1558901682905225,0.2125712972550106,1.3153232949512843,0.4142572101126396,0.2792415954172611,0.0547668961486939,3
7208,Samuel Chukwueze,23,1052,3,2.3333342373371124,4,2.836030565202236,25,24,0,0,M S,Fulham,3,2.3333342373371124,7.104950949549675,2.852319191209972,EPL,midfield,0.2566539923954373,0.3422053231939163,0.1996198492018442,2.138783269961977,0.2426261890382141,2.0532319391634983,0.6078380089918923,0.2440197026700546,0.0933333694934845,2
7230,Emile Smith-Rowe,37,1933,3,4.261428236961365,0,1.417598308995366,36,18,1,0,M S,Fulham,3,4.261428236961365,8.591270301491022,4.14689252525568,EPL,midfield,0.1396792550439731,0.0,0.198411040520705,1.676151060527677,0.0660030252506895,0.8380755302638385,0.4000074118645587,0.1930782862250446,0.1183730065822601,1
7768,Mason Mount,23,1021,3,1.7446828484535215,0,1.3764615170657637,19,14,2,0,M S,Manchester United,3,1.7446828484535215,6.608267386443913,4.634791788645089,EPL,midfield,0.2644466209598433,0.0,0.153791827973376,1.6748285994123409,0.1213335323564336,1.2340842311459357,0.5825113269147425,0.4085516757865406,0.0918254130765011,0
8211,Amine Adli,31,1036,3,3.5744741037487984,1,1.2779199946671724,20,17,2,0,M S,Bournemouth,3,3.5744741037487984,6.13513302244246,2.169084176421165,EPL,midfield,0.2606177606177606,0.0868725868725868,0.3105238121017296,1.7374517374517373,0.1110162157529396,1.4768339768339769,0.5329748764670091,0.1884339535501012,0.1787237051874399,3
9451,Chimuanya Ugochukwu,35,2407,3,2.622456289827824,1,0.4493608232587576,22,10,1,1,M S,Burnley,3,2.622456289827824,7.266716599464416,4.90908182784915,EPL,midfield,0.1121728292480265,0.0373909430826755,0.0980561138697566,0.8226007478188617,0.0168020249660524,0.3739094308267552,0.2717093867685074,0.1835551992133043,0.1192025586285374,1
9453,Moisés Caicedo,33,2811,3,1.5309751015156507,1,2.626823216676712,27,18,11,1,M S,Chelsea,3,1.5309751015156507,17.209235347807407,15.360051840543749,EPL,midfield,0.096051227321238,0.032017075773746,0.049017345832945,0.8644610458911419,0.0841031979725735,0.576307363927428,0.5509893921389779,0.4917839436673558,0.0567027815376166,0
11385,Yasin Ayari,29,1918,3,2.1179441660642624,3,1.4007999636232853,41,15,1,0,M S,Brighton,3,2.1179441660642624,7.900783270597458,5.476744862273336,EPL,midfield,0.140771637122002,0.140771637122002,0.0993821558632865,1.923879040667362,0.0657309680532302,0.7038581856100105,0.3707353985160434,0.2569901134539105,0.0516571747820551,1
12149,Alex Scott,37,2915,3,3.500135133042932,1,2.891912166960537,44,26,5,0,M S,Bournemouth,3,3.500135133042932,15.246188033372164,10.991569228470324,EPL,midfield,0.0926243567753001,0.0308747855917667,0.1080659217749104,1.3584905660377358,0.089287168105128,0.8027444253859348,0.4707227866221251,0.339362343246082,0.0795485257509757,1
12759,Yankuba Minteh,34,2410,3,4.752463513985276,4,5.841520894318819,41,44,3,0,M S,Brighton,3,4.752463513985276,16.411175997927785,8.573732296004891,EPL,midfield,0.1120331950207468,0.1493775933609958,0.1774778905637655,1.5311203319502074,0.2181480831903293,1.6431535269709543,0.6128654936985479,0.320180874124664,0.1159137442435433,3
12948,Mateus Fernandes,36,3044,3,1.821642781607807,4,3.336049569770694,28,37,6,0,M S,West Ham,3,1.821642781607807,10.3192302826792,6.989333409816027,EPL,midfield,0.0886990801576872,0.1182654402102496,0.0538593463681677,0.8278580814717477,0.0986348427330362,1.0939553219448097,0.3051020780029986,0.2066491481220244,0.0650586707717073,1
13484,Mateus Mané,27,1784,3,1.9724454693496227,1,3.281726311892271,41,30,0,0,M S,Wolverhampton Wanderers,3,1.9724454693496227,5.257462016772479,2.4831578764133155,EPL,midfield,0.1513452914798206,0.0504484304932735,0.0995067781622567,2.0683856502242155,0.1655579417434441,1.5134529147982063,0.2652307071241721,0.1252714175320619,0.0481084260816981,3
87,Joelinton,27,1958,2,2.178690475411713,1,1.86137386225164,32,17,9,0,M S,Newcastle United,2,2.178690475411713,10.018592189997436,7.250156426802278,EPL,midfield,0.0919305413687436,0.0459652706843718,0.1001440974397621,1.470888661899898,0.0855585534232112,0.7814096016343207,0.4605073018895655,0.3332554026620046,0.068084077356616,1
668,Idrissa Gueye,25,2120,2,1.9142106398940089,3,1.693690698593855,29,13,1,1,M,Everton,2,1.9142106398940089,9.138687188737094,6.896284964866936,EPL,midfield,0.0849056603773584,0.1273584905660377,0.0812636592407834,1.231132075471698,0.0719019636195504,0.5518867924528302,0.3879631353709143,0.2927668145462379,0.0660072634446209,1
1018,Josh Cullen,18,1533,2,1.0142266415059566,2,1.8168634045869112,11,13,2,0,M,Burnley,2,1.0142266415059566,6.162752605974674,4.625554047524929,EPL,midfield,0.1174168297455968,0.1174168297455968,0.0595436384445767,0.6457925636007827,0.1066651705236934,0.7632093933463796,0.3618054367499808,0.2715589460386455,0.0922024219550869,1
3635,Bernardo Silva,38,2917,2,2.899573851376772,4,5.28287316672504,30,47,9,0,M S,Manchester City,2,2.899573851376772,25.18876053020358,19.402738712728024,EPL,midfield,0.0617072334590332,0.1234144669180665,0.0894623402893073,0.9256085018854988,0.1629957439167821,1.4501199862872811,0.7771643632904773,0.5986446637454653,0.096652461712559,0
5722,Ibrahim Sangare,28,2111,2,1.5703946938738227,2,1.4491914678364992,16,12,5,0,M S,Nottingham Forest,2,1.5703946938738227,7.422331970185041,5.2894406747072935,EPL,midfield,0.0852676456655613,0.0852676456655613,0.0669519291561554,0.6821411653244908,0.0617845722905186,0.5116058739933681,0.316442386222953,0.2255090766099746,0.0981496683671139,1
6963,Justin Kluivert,20,934,2,2.293420127592981,0,2.294822184368968,17,22,5,0,M S,Bournemouth,2,2.293420127592981,5.311763904988766,2.3175806514918804,EPL,midfield,0.1927194860813704,0.0,0.2209933741791951,1.6381156316916488,0.2211284760098577,2.119914346895075,0.5118402049775043,0.2233214760538214,0.1349070663289988,3
7078,Sean Longstaff,23,999,2,1.3776587545871737,2,2.7682253569364548,16,25,2,0,M S,Leeds,2,1.3776587545871737,3.445849686861038,1.8182370737195013,EPL,midfield,0.1801801801801801,0.1801801801801801,0.1241134013141598,1.4414414414414414,0.249389671796077,2.2522522522522523,0.3104369087262196,0.1638051417765316,0.0861036721616983,3
7352,Tyler Adams,25,1805,2,0.9289743825793266,2,1.2302900850772858,10,7,8,0,M S,Bournemouth,2,0.9289743825793266,6.869911018759012,5.867583338171244,EPL,midfield,0.0997229916897507,0.0997229916897507,0.0463200523169747,0.4986149584487535,0.0613441039650724,0.3490304709141274,0.3425440397165158,0.2925664822356852,0.0928974382579326,1
7438,James Garner,38,3417,2,2.075645294971764,7,6.066574491560459,45,56,12,0,D M,Everton,2,2.075645294971764,11.283361876383424,8.333431598730385,EPL,midfield,0.0526777875329236,0.1843722563652326,0.0546702009211175,1.1852502194907817,0.159786861059538,1.4749780509218613,0.2971912697906081,0.2194933695890356,0.0461254509993725,3
7753,James Justin,29,1895,2,2.5627669915556908,1,2.572751060128212,24,13,4,0,D M S,Leeds,2,2.5627669915556908,5.141626592725515,2.756110928952694,EPL,midfield,0.0949868073878627,0.0474934036939313,0.1217145273034365,1.1398416886543534,0.1221887047026591,0.6174142480211081,0.2441933474117659,0.1308970889740065,0.1067819579814871,1
8067,Reece James,29,1927,2,1.2280184961855412,4,3.9933422207832336,22,27,4,0,D M S,Chelsea,2,1.2280184961855412,11.531630601733925,9.75475050136447,EPL,midfield,0.0934094447327451,0.1868188894654903,0.057354262925116,1.027503892060197,0.1865079397355947,1.2610275038920602,0.5385816056855491,0.4555929139194615,0.0558190225538882,0
8127,Amad Diallo Traore,32,2341,2,5.730035418644548,3,5.647227294743061,54,40,2,0,D M S,Manchester United,2,5.730035418644548,18.681302284821868,10.051697205752134,EPL,midfield,0.0768902178556172,0.1153353267834259,0.2202918358299911,2.076035882101666,0.217108268486491,1.5378043571123452,0.7182047012532969,0.3864385939844904,0.106111767011936,0
8379,Alexis Mac Allister,37,2683,2,4.071707676164806,4,2.849602391012013,52,34,7,0,M S,Liverpool,2,4.071707676164806,13.185968162491918,8.344642542302608,EPL,midfield,0.0670890793887439,0.1341781587774878,0.1365835597669893,1.7443160641073423,0.0955886005184797,1.1405143496086472,0.4423172324354352,0.2799171929956149,0.078302070695477,3
8941,Jacob Ramsey,28,1421,2,1.2112666741013527,3,1.5663878619670868,16,22,3,1,M S,Newcastle United,2,1.2112666741013527,5.487635789439082,4.252015369012952,EPL,midfield,0.1266713581984518,0.1900070372976777,0.0767163973744699,1.0133708655876144,0.0992082389704699,1.3933849401829697,0.3475631393733409,0.2693042809367809,0.0757041671313345,3
9017,Malo Gusto,34,2306,2,1.941821174696088,3,3.805633621290326,12,27,3,1,D M S,Chelsea,2,1.941821174696088,16.337898954749107,13.553333889693022,EPL,midfield,0.0780572419774501,0.1170858629661752,0.0757866026550945,0.4683434518647008,0.1485286322272894,1.0537727666955767,0.6376456660569904,0.5289679315144717,0.161818431224674,0
9021,Pape Sarr,26,1347,2,2.047363305464387,4,2.433566828258336,17,11,3,0,M S,Tottenham,2,2.047363305464387,7.017087802290916,4.9591697268188,EPL,midfield,0.1336302895322939,0.2672605790645879,0.1367948756435002,1.135857461024499,0.1625991199281739,0.734966592427617,0.4688477373468318,0.3313476432172917,0.1204331356155521,3
9667,Amadou Onana,25,1793,2,2.772524105384946,0,0.5039298757910728,19,7,3,0,M S,Aston Villa,2,2.772524105384946,6.815283706411719,5.313166355714202,EPL,midfield,0.1003904071388734,0.0,0.1391674118709677,0.9537088678192972,0.0252948627000538,0.3513664249860569,0.3420945530268013,0.2666954668233565,0.1459223213360498,1
9767,Habib Diarra,20,1414,2,3.2528567891567945,2,0.644760662689805,26,7,6,0,M S,Sunderland,1,2.4916879516094923,4.116263935342431,1.8810110297054048,EPL,midfield,0.1272984441301273,0.1272984441301273,0.1585939997488361,1.654879773691655,0.041038514598361,0.4455445544554455,0.2619969972990232,0.1197248887365533,0.0958341519849804,1
10184,Archie Gray,24,1497,2,1.588539564050734,2,1.6584226582199335,11,8,5,0,D M S,Tottenham,2,1.588539564050734,3.5702104242518544,2.168477569706738,EPL,midfield,0.1202404809619238,0.1202404809619238,0.0955033806042525,0.6613226452905812,0.0997047690312585,0.4809619238476954,0.2146419092736585,0.1303693929683409,0.1444126876409758,1
10744,Ryan Christie,26,942,2,1.7907362105324864,0,1.6195761244744062,25,11,3,1,M S,Bournemouth,2,1.7907362105324864,7.692040719091892,4.515199979767203,EPL,midfield,0.1910828025477706,0.0,0.1710894468661611,2.388535031847134,0.1547365724020133,1.0509554140127388,0.7349083489578241,0.4313885330987774,0.0716294484212994,0
12721,Ladislav Krejcí,28,2385,2,1.724472633562982,1,1.4908780492842195,21,9,3,1,D M S,Wolverhampton Wanderers,2,1.724472633562982,4.148910779505968,2.5917173959314823,EPL,midfield,0.0754716981132075,0.0377358490566037,0.0650744390023766,0.7924528301886792,0.0562595490295931,0.3396226415094339,0.1565626709247535,0.0978006564502446,0.0821177444553801,1
13711,Maxim De Cuyper,30,1412,2,1.7418285254389048,3,4.685627582482994,13,32,2,0,D M S,Brighton,2,1.7418285254389048,6.840236205607653,3.4948783963918686,EPL,midfield,0.1274787535410765,0.1912181303116147,0.1110230646526214,0.8286118980169971,0.2986589818863098,2.039660056657224,0.435992392708703,0.2227613708748358,0.1339868096491465,3
13713,Trai Hume,38,3041,2,2.7079745400697,1,2.0842118076980114,34,27,9,0,D M S,Sunderland,2,2.7079745400697,8.229747292585671,4.202485715970397,EPL,midfield,0.0591910555738244,0.0295955277869122,0.0801439357468835,1.0062479447550148,0.061683348468537,0.7990792502466294,0.2435637146769846,0.1243747827811034,0.07964631000205,1
13834,Ao Tanaka,28,1330,2,2.1981850005686283,0,1.3577267043292522,17,18,1,0,M S,Leeds,2,2.1981850005686283,6.806126736104488,4.313436454162002,EPL,midfield,0.1353383458646616,0.0,0.1487493609407342,1.150375939849624,0.0918762431500997,1.218045112781955,0.460564967104815,0.2918866773493083,0.1293050000334487,1
204,Granit Xhaka,34,2896,1,0.8072718912735581,6,3.7049803622066975,21,34,8,0,M S,Sunderland,1,0.8072718912735581,10.455324796028435,8.981416845694184,EPL,midfield,0.0310773480662983,0.18646408839779,0.0250878695492473,0.6526243093922651,0.1151409642950976,1.0566298342541436,0.3249237678323753,0.2791186174421535,0.0384415186320742,3
239,Pascal Groß,19,1635,1,1.2529933378100395,3,3.2941888589411974,18,39,2,0,M S,Brighton,1,1.2529933378100395,10.012519028037786,8.280529152601957,EPL,midfield,0.055045871559633,0.1651376146788991,0.0689721103381673,0.9908256880733946,0.1813314968224512,2.146788990825688,0.5511478364057497,0.4558089441799243,0.0696107409894466,0
605,Jordan Henderson,32,1935,1,0.5513727776706219,3,3.320531530305743,6,19,6,0,M S,Brentford,1,0.5513727776706219,8.78984696418047,6.131646819412708,EPL,midfield,0.0465116279069767,0.1395348837209302,0.0256452454730521,0.2790697674418604,0.1544433269909648,0.883720930232558,0.4088300913572312,0.2851928753215213,0.0918954629451036,3
1537,Sasa Lukic,26,1731,1,2.339236881583929,2,2.163257449865341,18,27,9,0,M S,Fulham,1,2.339236881583929,6.226264594122768,3.358000723645091,EPL,midfield,0.0519930675909878,0.1039861351819757,0.1216241012955249,0.9358752166377816,0.1124743908075567,1.4038128249566724,0.3237225958815997,0.1745927585950654,0.1299576045324405,3
2496,Rodri,21,1500,1,1.1884781727567315,0,2.2761295437812805,17,26,3,0,M S,Manchester City,1,1.1884781727567315,12.13792721182108,10.705944895744324,EPL,midfield,0.06,0.0,0.0713086903654039,1.02,0.1365677726268768,1.5599999999999998,0.7282756327092648,0.6423566937446594,0.0699104807503959,0
2517,Martin Odegaard,24,1347,1,1.219119856134057,6,4.978420486673713,22,38,0,0,M S,Arsenal,1,1.219119856134057,11.73396972939372,7.588885592296719,EPL,midfield,0.0668151447661469,0.4008908685968819,0.0814556696748813,1.469933184855234,0.3326338855238561,2.538975501113585,0.7840068861510281,0.5070524894630324,0.0554145389151844,2
5789,Boubacar Kamara,18,1434,1,1.0521572744473815,3,0.7290232917293906,7,15,5,0,M S,Aston Villa,1,1.0521572744473815,5.69795267097652,4.270241666585207,EPL,midfield,0.0627615062761506,0.1882845188284518,0.0660349753837268,0.4393305439330544,0.0457545998993341,0.9414225941422594,0.357612092320702,0.2680067991580674,0.1503081820639116,1
6108,Rodrigo Bentancur,26,1931,1,0.9771954659372568,1,0.8773890770971775,13,10,7,0,M S,Tottenham,1,0.9771954659372568,4.669173881411552,4.175999607890844,EPL,midfield,0.0466079751424132,0.0466079751424132,0.0455451019856826,0.6059036768513724,0.0408933282955701,0.4660797514241326,0.2176207402004348,0.194634885919304,0.0751688819951736,1
6122,Douglas Luiz,21,936,1,0.70245710760355,0,1.822941738180816,11,19,3,0,M S,"Aston Villa,Nottingham Forest",1,0.70245710760355,4.070820711553097,2.810907289385796,EPL,midfield,0.0961538461538461,0.0,0.0675439526541875,1.0576923076923077,0.175282859440463,1.826923076923077,0.391425068418567,0.2702795470563265,0.0638597370548681,3
6369,Ethan Ampadu,35,3130,1,1.946105619892478,1,1.1763546681031585,26,19,10,0,M,Leeds,1,1.946105619892478,11.866393697448077,10.690290067344904,EPL,midfield,0.0287539936102236,0.0287539936102236,0.0559583085592086,0.7476038338658147,0.0338248946099949,0.5463258785942492,0.3412062085528201,0.3073885322878726,0.0748502161497106,1
6665,Curtis Jones,34,1910,1,2.4063171884045005,2,2.8340956876054406,22,22,2,0,D M S,Liverpool,1,2.4063171884045005,10.620183551684022,7.237103626132011,EPL,midfield,0.0471204188481675,0.0942408376963351,0.1133866737991649,1.0366492146596855,0.1335437758557537,1.0366492146596855,0.5004274971997706,0.3410153541109325,0.1093780540183863,3
6820,David Brooks,31,1191,1,6.54012631252408,3,4.196839664131403,48,25,7,0,M S,Bournemouth,1,6.54012631252408,12.195374373346567,2.6664827950298786,EPL,midfield,0.0755667506297229,0.2267002518891687,0.4942160941453965,3.6272040302267,0.3171415363323479,1.889168765743073,0.9215648141067936,0.2014974404304694,0.1362526315109183,2
6912,Pedro Porro,34,2815,1,1.4028917597606778,2,4.247651634737849,32,53,10,0,D M S,Tottenham,1,1.4028917597606778,10.6049581207335,8.791748657822609,EPL,midfield,0.0319715808170515,0.063943161634103,0.0448526672747641,1.0230905861456483,0.1358041375227021,1.69449378330373,0.3390572756184778,0.2810861027367797,0.0438403674925211,3
7134,Marc Cucurella,34,2714,1,1.8860962446779013,4,4.541678033769131,20,39,8,1,D M S,Chelsea,1,1.8860962446779013,15.159206625074148,12.003521535545588,EPL,midfield,0.0331613854089904,0.1326455416359616,0.0625455644882133,0.6632277081798084,0.1506083356813639,1.2932940309506264,0.5027002933886048,0.3980534039053437,0.094304812233895,3
8006,Evann Guessand,21,920,1,1.8542680740356443,2,1.2377337515354156,11,5,0,0,M S,"Aston Villa,Crystal Palace",1,1.8542680740356443,3.779372459277511,1.3025728072971106,EPL,midfield,0.0978260869565217,0.1956521739130435,0.181395789851313,1.0760869565217392,0.1210826496067254,0.4891304347826087,0.3697212188423652,0.1274256007138477,0.1685698249123313,1
8252,Nicolás Domínguez,27,1210,1,1.01239497307688,1,1.2798706572502851,18,11,2,0,M S,Nottingham Forest,1,1.01239497307688,5.395301561802626,4.228683076798916,EPL,midfield,0.0743801652892562,0.0743801652892562,0.0753021054354704,1.3388429752066116,0.0951969910351451,0.8181818181818181,0.4013034219522614,0.3145301462081838,0.0562441651709377,1
9040,Conor Gallagher,16,1229,1,1.512411999516189,1,0.8551288228482008,11,13,2,0,M S,Tottenham,1,1.512411999516189,4.173453446477652,2.5543361753225327,EPL,midfield,0.0732302685109845,0.0732302685109845,0.1107543368238055,0.8055329536208299,0.0626213133086558,0.9519934906427988,0.3056231165036522,0.1870547239861903,0.1374919999560171,1
9205,Jayden Bogle,34,2822,1,1.892064114101231,2,3.5251562744379044,18,21,6,0,D M S,Leeds,1,1.892064114101231,11.021193640306592,6.367132198065519,EPL,midfield,0.031892274982282,0.0637845499645641,0.0603422290110243,0.5740609496810772,0.1124252532598906,0.6697377746279235,0.3514909382096362,0.2030623309092475,0.1051146730056239,1
9558,Hannibal Mejbri,27,1251,1,0.7498194272629917,4,2.838189367204905,19,21,10,0,M S,Burnley,1,0.7498194272629917,5.953092758543789,3.3755732849240303,EPL,midfield,0.0719424460431654,0.2877697841726618,0.053943843687985,1.3669064748201438,0.2041862854104248,1.5107913669064748,0.4282800545714956,0.2428469989153978,0.0394641803822627,3
9680,Vitaly Janelt,25,1421,1,0.7498585553839803,4,3.811057908460498,12,21,8,0,M S,Brentford,1,0.7498585553839803,6.326032001525164,3.632891008630395,EPL,midfield,0.0633356790992259,0.2533427163969036,0.0474928008336088,0.7600281491907108,0.2413759407188211,1.3300492610837438,0.4006635328200315,0.2300916191250777,0.062488212948665,3
9802,Nico González,25,1576,1,0.6088060820475221,0,0.8885113457217813,14,11,6,0,M S,Manchester City,1,0.6088060820475221,14.795009016990662,14.172722114250064,EPL,midfield,0.0571065989847715,0.0,0.0347668447869777,0.799492385786802,0.0507398611135535,0.6281725888324873,0.8448926469093652,0.8093559583010823,0.0434861487176801,0
10140,Hugo Bueno,35,2351,1,0.8962179943919182,2,3.683292493224144,16,38,3,0,D M S,Wolverhampton Wanderers,1,0.8962179943919182,5.543084159493446,2.929296974092722,EPL,midfield,0.0382815823054019,0.0765631646108039,0.0343086429158964,0.6125053168864313,0.1410022647342292,1.4547001276052742,0.2121980324774181,0.1121381232106954,0.0560136246494948,3
10348,Omari Hutchinson,31,1664,1,2.1777186449617147,5,4.931529551744461,25,33,1,0,M S,Nottingham Forest,1,2.1777186449617147,10.328581249341369,5.619018649682403,EPL,midfield,0.0540865384615384,0.2704326923076923,0.1177852632491312,1.3521634615384617,0.2667293627746403,1.7848557692307692,0.5586372069956269,0.3039132683121492,0.0871087457984685,3
10770,Soungoutou Magassa,22,976,1,0.6193040320649743,0,0.7463846588507295,7,5,4,0,M S,West Ham,1,0.6193040320649743,2.418648761697113,1.531560224480927,EPL,midfield,0.0922131147540983,0.0,0.0571079537764832,0.6454918032786885,0.0688264541973008,0.4610655737704918,0.2230311358122338,0.1412299387328723,0.0884720045807106,1
11174,Kobbie Mainoo,28,1623,1,0.5174760585650802,2,1.190059178508818,13,22,2,0,M S,Manchester United,1,0.5174760585650802,10.352579969912767,9.777145149186254,EPL,midfield,0.055452865064695,0.11090573012939,0.0286955300498196,0.7208872458410351,0.0659921910448512,1.2199630314232903,0.5740802201430371,0.5421707106757627,0.0398058506588523,0
11384,João Gomes,35,2845,1,1.2462569223716855,1,1.441765757277608,18,16,10,0,M S,Wolverhampton Wanderers,1,1.2462569223716855,6.201923135668039,5.079094551503658,EPL,midfield,0.031634446397188,0.031634446397188,0.0394246478078916,0.5694200351493849,0.0456094615658997,0.5061511423550088,0.196194404994771,0.1606743443357923,0.0692364956873158,1
11386,Lewis Miley,23,1470,1,1.3760087750852108,4,2.321293480694294,12,15,0,0,D M S,Newcastle United,1,1.3760087750852108,7.045767506584525,5.918216675519943,EPL,midfield,0.0612244897959183,0.2448979591836734,0.0842454352092986,0.7346938775510204,0.1421200090220996,0.9183673469387754,0.4313735208112975,0.3623397964604046,0.1146673979237675,3
11772,Yehor Yarmolyuk,37,2679,1,1.3752933973446488,2,1.2573875626549125,16,14,7,0,M S,Brentford,1,1.3752933973446488,9.288000541739166,7.919278662651777,EPL,midfield,0.0335946248600224,0.0671892497200448,0.0462024657562592,0.5375139977603584,0.0422414634710496,0.4703247480403135,0.312026893899412,0.2660451958337663,0.0859558373340405,1
11808,Andrey Santos,27,1217,1,2.5551512390375137,0,0.6883775070309639,11,8,4,0,M S,Chelsea,1,2.5551512390375137,6.324630655348301,4.395013879984617,EPL,midfield,0.0739523418241577,0.0,0.1889594178417224,0.8134757600657354,0.0509071287040154,0.5916187345932621,0.4677212481358645,0.3250215687745403,0.2322864762761376,1
12168,Alejandro Jiménez,31,2354,1,1.210428036749363,0,1.7028822358697653,21,15,10,0,D M S,Bournemouth,1,1.210428036749363,7.322333555668592,4.869594149291515,EPL,midfield,0.038232795242141,0.0,0.0462780472843851,0.8028887000849617,0.065105947845488,0.5734919286321155,0.2799532795285357,0.1861781960221904,0.0576394303213982,1
12409,Adam Wharton,34,2596,1,1.1520960042253137,5,6.6245664320886135,32,44,4,1,M S,Crystal Palace,1,1.1520960042253137,14.679165456444023,10.561547454446554,EPL,midfield,0.034668721109399,0.1733436055469953,0.0399416950617404,1.1093990755007703,0.229665246104767,1.5254237288135593,0.5089078933281826,0.3661553431818913,0.036003000132041,3
12912,Lucas Bergvall,23,956,1,1.4342994708567858,3,0.2916291374713182,12,5,2,0,M S,Tottenham,1,1.4342994708567858,3.274197237566113,1.6925846990197897,EPL,midfield,0.0941422594142259,0.2824267782426778,0.1350281928630865,1.1297071129707112,0.0274546259125717,0.4707112970711297,0.3082403257122909,0.1593437478156706,0.1195249559047321,1
13022,André,35,2763,1,0.5156588805839419,0,1.24783924408257,15,18,12,0,M S,Wolverhampton Wanderers,1,0.5156588805839419,6.220211643725634,5.526091292500496,EPL,midfield,0.0325732899022801,0.0,0.0167967062079459,0.4885993485342019,0.0406462294489436,0.5863192182410424,0.2026127571246134,0.1800029736970845,0.0343772587055961,1
13066,Ferdi Kadioglu,37,3145,1,2.019620954990387,0,2.244557812809944,28,22,6,0,D M S,Brighton,1,2.019620954990387,14.008788719773293,11.695813551545143,EPL,midfield,0.0286168521462639,0.0,0.0577951942604562,0.8012718600953895,0.0642321790629236,0.629570747217806,0.400887435542002,0.3346973671348371,0.0721293198210852,1
13728,Josh Laurent,33,1720,1,1.0436750873923302,0,0.7355106780305505,15,12,7,1,D M S,Burnley,1,1.0436750873923302,3.166121123358608,1.6837338991463184,EPL,midfield,0.0523255813953488,0.0,0.0546109057356451,0.7848837209302325,0.0384860238504357,0.627906976744186,0.1656691285478341,0.0881023551878887,0.0695783391594886,1
14030,Kevin,26,1002,1,1.334008033387363,1,1.240381198003888,25,14,1,0,M S,Fulham,1,1.334008033387363,4.820031132549048,2.8916280269622803,EPL,midfield,0.0898203592814371,0.0898203592814371,0.1198210808431763,2.245508982035928,0.1114114848506486,1.2574850299401197,0.4329369280732678,0.2597270682900252,0.0533603213354945,3
638,Kyle Walker,36,3101,0,0.0930412104353308,2,1.6653890665620563,4,13,9,0,D M S,Burnley,0,0.0930412104353308,9.239772559143605,9.072032039053738,EPL,midfield,0.0,0.0580457916801031,0.0027003253592969,0.1160915833602063,0.0483344134119913,0.3772976459206707,0.2681649565697918,0.2632966409270675,0.0232603026088327,1
843,James Ward-Prowse,18,1082,0,0.1810428909957409,1,3.429459560662508,5,23,1,0,M S,"Burnley,West Ham",0,0.1810428909957409,3.5722367390990257,3.075804917141795,EPL,midfield,0.0,0.0831792975970425,0.0150590205079636,0.4158964879852126,0.2852600373933694,1.9131238447319776,0.2971361428086066,0.255843292553384,0.0362085781991481,3
2182,Jefferson Lerma,31,1693,0,2.208588045090437,2,1.7842966839671135,19,13,7,0,D M S,Crystal Palace,0,2.208588045090437,7.616084651090205,6.042748659849167,EPL,midfield,0.0,0.106320141760189,0.117408697021937,1.0100413467217957,0.0948533381908093,0.6910809214412286,0.4048715998807551,0.3212329470681778,0.1162414760573914,1
5584,Aaron Wan-Bissaka,25,2093,0,0.0,2,1.428995594382286,0,18,4,0,D M S,West Ham,0,0.0,3.827808958478272,3.086061582900584,EPL,midfield,0.0,0.0860009555661729,0.0,0.0,0.0614474933083639,0.7740086000955566,0.1645976140769443,0.1327021225327532,,1
5956,Youri Tielemans,25,1861,0,1.8399642640724776,4,2.9822675781324506,24,32,0,0,M S,Aston Villa,0,1.8399642640724776,9.826997235417366,7.487443540245295,EPL,midfield,0.0,0.1934443847393874,0.08898268875149,1.1606663084363245,0.1442257291950137,1.5475550779150995,0.4752443585102434,0.362100977228413,0.0766651776696865,3
6080,Victor Lindelöf,17,938,0,0.1561275906860828,1,0.5980998799204826,3,2,0,0,D M S,Aston Villa,0,0.1561275906860828,2.5445900056511164,2.527874367311597,EPL,midfield,0.0,0.0959488272921108,0.0149802592342723,0.2878464818763326,0.0573869820819226,0.1918976545842217,0.2441504269814504,0.2425465810853344,0.0520425302286942,1
6104,Will Hughes,31,1567,0,1.2812513932585716,0,1.9265618100762367,17,21,7,0,M S,Crystal Palace,0,1.2812513932585716,7.058678660541773,5.38273361325264,EPL,midfield,0.0,0.0,0.0735881463900902,0.9763880025526483,0.1106512845608559,1.206126356094448,0.4054123034133756,0.3091550894656908,0.07536772901521,1
6145,Daichi Kamada,28,1924,0,1.4871895518153906,0,2.585762256756425,19,20,3,0,M S,Crystal Palace,0,1.4871895518153906,9.884232659824193,7.305970148183405,EPL,midfield,0.0,0.0,0.0695670788271232,0.8887733887733889,0.1209556149210385,0.9355509355509356,0.4623601556050817,0.3417553603620096,0.0782731343060731,1
6157,Timothy Castagne,30,1849,0,1.470174259506166,0,1.7460119286552072,14,18,4,0,D M S,Fulham,0,1.470174259506166,6.83210355322808,5.599581710994244,EPL,midfield,0.0,0.0,0.0715606724475689,0.6814494321254733,0.0849870598047423,0.8761492698756085,0.3325523633264073,0.2725594126498009,0.1050124471075832,1
6630,Joe Willock,24,979,0,1.3859424609690905,2,2.097805658355356,17,14,3,0,M S,Newcastle United,0,1.3859424609690905,5.043021183460951,3.405696664005518,EPL,midfield,0.0,0.1838610827374872,0.1274104407428173,1.5628192032686414,0.1928524098590214,1.2870275791624106,0.4636076675296073,0.3130875380597514,0.0815260271158288,3
6674,Rayan Ait Nouri,17,981,0,0.4981528613716364,2,1.7330033089965582,9,12,2,0,D M S,Manchester City,0,0.4981528613716364,7.305326489731669,6.587442610412836,EPL,midfield,0.0,0.1834862385321101,0.0457020973735446,0.8256880733944955,0.1589911292657393,1.1009174311926606,0.6702134394249237,0.6043525330653978,0.0553503179301818,0
7958,Sandro Tonali,35,2586,0,1.4170023752376435,2,3.7605556417256594,37,32,4,0,M S,Newcastle United,0,1.4170023752376435,10.739618219435217,8.412985239177942,EPL,midfield,0.0,0.0696055684454756,0.0493156279085026,1.2877030162412992,0.1308778065565775,1.1136890951276102,0.3737686155255876,0.2927953099481882,0.0382973614929092,1
8000,Ilia Gruev,23,1310,0,0.7337606139481068,3,1.4936000779271126,7,11,3,0,M S,Leeds,0,0.7337606139481068,3.584418125450611,2.230386760085821,EPL,midfield,0.0,0.2061068702290076,0.0504110345460531,0.4809160305343511,0.1026137458117863,0.7557251908396947,0.246257733809584,0.153232678173835,0.1048229448497295,1
8285,Sander Berge,35,2935,0,1.3464614748954773,1,1.985070546157658,14,21,5,0,M S,Fulham,0,1.3464614748954773,10.621809985488651,8.998958602547646,EPL,midfield,0.0,0.0306643952299829,0.0412884268281407,0.4293015332197615,0.0608709877867765,0.6439522998296423,0.3257113794528036,0.2759476232467762,0.0961758196353912,1
8969,Florentino Luís,31,2146,0,1.0381876304745674,2,0.5375469047576189,13,13,6,0,M S,Burnley,0,1.0381876304745674,4.911807460710406,4.165495180524886,EPL,midfield,0.0,0.0838769804287045,0.0435400217813192,0.5452003727865797,0.0225439056049327,0.5452003727865797,0.2059937891257859,0.1746945788663745,0.0798605869595821,1
9328,Jeremie Frimpong,21,1027,0,0.514072947204113,1,2.69134059548378,10,15,1,0,D M S,Liverpool,0,0.514072947204113,5.955447107553482,4.064382215961814,EPL,midfield,0.0,0.0876338851022395,0.0450502095894548,0.8763388510223954,0.2358526325156185,1.314508276533593,0.5218989675558066,0.3561776041251833,0.0514072947204113,3
9554,Tim Iroegbunam,29,1496,0,0.5109043149277568,2,1.847727376036346,12,8,9,0,M S,Everton,0,0.5109043149277568,4.414639215916395,2.8447110541164875,EPL,midfield,0.0,0.1203208556149732,0.0307362221547447,0.7219251336898397,0.1111600694139513,0.481283422459893,0.2655865838452377,0.1711390340043341,0.042575359577313,1
9944,Gabriel Gudmundsson,32,2657,0,0.8777289493009448,0,3.1013932153582573,18,21,4,1,D M S,Leeds,0,0.8777289493009448,6.76558150164783,4.271107049658895,EPL,midfield,0.0,0.0,0.0297311273756435,0.60971019947309,0.1050528375544761,0.7113285660519383,0.2291691137178414,0.1446743072899136,0.048762719405608,1
10025,Lamare Bogarde,28,1011,0,0.0,0,0.0411524251103401,0,2,5,0,D M S,Aston Villa,0,0.0,1.9570542350411413,1.915901817381382,EPL,midfield,0.0,0.0,0.0,0.0,0.0036634206329679,0.1780415430267062,0.1742184778968375,0.170555057927126,,1
10527,Carlos Baleba,31,1692,0,0.5733493687584996,0,0.812482200562954,20,9,5,0,M S,Brighton,0,0.5733493687584996,5.856022956781089,4.607899966649711,EPL,midfield,0.0,0.0,0.0304973068488563,1.0638297872340423,0.0432171383278167,0.4787234042553191,0.3114905828075047,0.2451010620558356,0.0286674684379249,1
10764,Djed Spence,30,2068,0,1.1351130530238152,0,1.8603137182071805,13,10,4,0,D M S,Tottenham,0,1.1351130530238152,5.716236036270857,3.084719266742468,EPL,midfield,0.0,0.0,0.0494004713598372,0.5657640232108317,0.0809614287420919,0.4352030947775629,0.2487723613464106,0.1342479371406296,0.0873163886941396,1
13064,Lutsharel Geertruida,28,1659,0,0.8372280839830637,0,0.773734993301332,11,8,2,0,D M S,Sunderland,0,0.8372280839830637,4.534097606316209,3.289936365559697,EPL,midfield,0.0,0.0,0.0454192450623723,0.596745027124774,0.0419747735968172,0.4339963833634719,0.2459727453697762,0.1784775605186092,0.0761116439984603,1
13716,Noah Sadiki,33,2914,0,1.618839449249208,1,0.9295975510030984,19,19,9,0,M,Sunderland,0,1.618839449249208,8.34465430304408,6.268030912615359,EPL,midfield,0.0,0.030885380919698,0.0499984730378959,0.5868222374742622,0.028710974464749,0.5868222374742622,0.2577278267927135,0.1935905223525676,0.0852020762762741,1
13723,El Hadji Malick Diouf,32,2711,0,0.5592501647770405,5,3.253779597580433,18,29,6,0,D M S,West Ham,0,0.5592501647770405,6.939549614675343,5.089005833491683,EPL,midfield,0.0,0.1659904094430099,0.0185660327664823,0.5975654739948358,0.1080192415279376,0.9627443747694576,0.2303797363780084,0.1689452323918301,0.0310694535987244,1
13724,Freddie Potts,22,1152,0,0.2126328870654106,1,1.2075103465467691,3,8,1,0,M S,West Ham,0,0.2126328870654106,3.1646942142397165,2.264735572040081,EPL,midfield,0.0,0.078125,0.0166119443019852,0.234375,0.0943367458239663,0.625,0.2472417354874778,0.1769324665656313,0.0708776290218035,1
10974,Samú Costa,34,2731,7,4.27746016997844,2,1.979983518831432,39,17,11,0,M S,Mallorca,7,4.27746016997844,9.480698188766835,5.15883654076606,La_Liga,midfield,0.2306847308678139,0.0659099231050897,0.1409635354441814,1.2852435005492493,0.0652502807377623,0.5602343463932625,0.3124360443020927,0.170009259856809,0.109678465896883,1
3264,Mauro Arambarri,37,3279,6,8.078672235831618,2,0.9766136407852172,57,22,6,0,M,Getafe,4,5.848839415237308,5.961405856534839,2.0200484236702323,La_Liga,midfield,0.1646843549862763,0.0548947849954254,0.1605353910861109,1.5645013723696248,0.026805497917252,0.6038426349496798,0.163625046382475,0.0554450619488627,0.1026112178111808,1
8765,Roberto Navarro,32,1246,6,3.3031710321083665,1,2.0628209859132767,21,24,1,0,M S,Athletic Club,6,3.3031710321083665,8.301526971161366,4.595135105773807,La_Liga,midfield,0.4333868378812199,0.0722311396468699,0.238591808097715,1.5168539325842696,0.1489999106999959,1.7335473515248796,0.5996287539362142,0.3319118455213825,0.1572938586718269,3
8824,Jude Bellingham,28,1933,6,7.732056498527527,4,3.037935324013233,51,36,3,0,M S,Real Madrid,6,7.732056498527527,13.966085232794285,8.35675865970552,La_Liga,midfield,0.2793585100879462,0.1862390067252974,0.360002630557412,2.374547335747543,0.1414455143099798,1.676151060527677,0.6502574603991131,0.3890886080566461,0.1516089509515201,0
9211,Nico Williams,25,1715,6,5.862554809078574,3,4.138543902896345,46,34,2,0,M S,Athletic Club,5,4.375999530777335,10.798387989401816,3.284014131873846,La_Liga,midfield,0.314868804664723,0.1574344023323615,0.2296442902448747,2.41399416909621,0.2171830619595749,1.7842565597667637,0.5666792530881419,0.172338934034196,0.0951304245821159,3
2624,Djibril Sow,33,2235,5,1.5513262078166008,4,2.01867562904954,19,25,6,0,M S,Sevilla,5,1.5513262078166008,6.6189771089702845,4.309138225391507,La_Liga,midfield,0.2013422818791946,0.1610738255033557,0.0624695117241584,0.7651006711409396,0.0812889515053506,1.0067114093959733,0.2665359909652464,0.1735223446466378,0.081648747779821,3
8696,Pape Alassane Gueye,31,2280,5,5.21023759432137,2,2.2214559176936746,48,25,8,0,M S,Villarreal,4,4.466959962621331,15.24400033056736,10.280141228809953,La_Liga,midfield,0.1973684210526315,0.0789473684210526,0.1763273669455788,1.894736842105263,0.087689049382645,0.986842105263158,0.6017368551539747,0.405795048505656,0.0930616658879444,0
7779,Oihan Sancet,28,1832,4,7.056168496608734,0,1.445348110049963,48,27,4,1,M S,Athletic Club,2,5.569741144776344,7.564459195360541,2.206977505236864,La_Liga,midfield,0.1965065502183406,0.0,0.2736226544922877,2.358078602620087,0.0710050927426291,1.3264192139737991,0.3716164451869261,0.1084213839908939,0.1160362738495071,1
8267,Guido Rodríguez,16,1310,4,0.80956956371665,0,0.3541121035814285,15,7,4,0,M S,Valencia,4,0.80956956371665,4.893359726294875,4.198376424610615,La_Liga,midfield,0.2748091603053435,0.0,0.0556192830034339,1.0305343511450382,0.0243283124597927,0.4809160305343511,0.33618501936377,0.2884380749732483,0.0539713042477766,1
11025,Pablo Torre,35,1614,4,2.8149523828178644,4,2.9544795835390687,25,34,4,0,M S,Mallorca,4,2.8149523828178644,8.271478340029716,4.640594145283103,La_Liga,midfield,0.2230483271375464,0.2230483271375464,0.1569676049898437,1.3940520446096656,0.164747932167606,1.8959107806691449,0.4612348516745195,0.258769190257422,0.1125980953127145,3
3425,Thomas Lemar,27,1252,3,1.774252887815237,1,1.3809418808668852,17,19,4,0,M S,Girona,3,1.774252887815237,6.247596652712673,3.81582584278658,La_Liga,midfield,0.2156549520766773,0.0718849840255591,0.1275421404979004,1.2220447284345048,0.0992689850463415,1.365814696485623,0.449108385578387,0.2743005797530289,0.104367816930308,3
6592,Manuel Morlanes,32,1801,3,1.6544483443722129,0,1.4072198066860435,13,17,3,1,M S,Mallorca,3,1.6544483443722129,8.313975814729929,5.546532068401575,La_Liga,midfield,0.149916712937257,0.0,0.0826764858375897,0.6496390893947807,0.0703219225995246,0.8495280399777901,0.4154679751947216,0.2771726186319498,0.127265257259401,1
7070,Santiago Comesaña,34,2428,3,4.922558205202222,6,3.088725697249174,27,27,5,1,M S,Villarreal,3,4.922558205202222,17.868470140732825,11.845108757726848,La_Liga,midfield,0.1112026359143327,0.2224052718286655,0.182467149286738,1.0008237232289952,0.1144914797168145,1.0008237232289952,0.6623403264686797,0.4390691055170578,0.1823169705630452,0
11264,Carlos Álvarez,30,1910,3,2.646204930730164,1,4.597994323819876,31,40,3,0,M S,Levante,3,2.646204930730164,10.988976924680172,6.164044106379151,La_Liga,midfield,0.1413612565445026,0.0471204188481675,0.1246902846940914,1.4607329842931938,0.2166594183998894,1.8848167539267016,0.5178051954037778,0.2904523400911641,0.0853614493783923,3
14050,Kervin Arriaga,27,1511,3,1.0908419089391828,3,1.162239396944642,16,7,6,1,M S,Levante,3,1.0908419089391828,5.125545285642147,3.795021541416645,La_Liga,midfield,0.1786896095301125,0.1786896095301125,0.0649740382558083,0.9530112508272668,0.0692267013401838,0.4169424222369292,0.3052938952401014,0.2260436391313686,0.0681776193086989,1
2269,Koke,34,2237,2,0.96241644769907,2,3.4411915335804224,14,35,6,0,M S,Atletico Madrid,2,0.96241644769907,15.892835207283497,14.468499155715108,La_Liga,midfield,0.0804649083594099,0.0804649083594099,0.0387203756338472,0.5632543585158695,0.138447580698363,1.4081358962896735,0.6394077642626351,0.582103229331408,0.068744031978505,0
2456,Omar Mascarell,30,2251,2,0.3696496002376079,2,0.6136066876351833,7,8,5,0,D M S,Mallorca,2,0.3696496002376079,6.234465690329671,5.480494217947125,La_Liga,midfield,0.0799644602398933,0.0799644602398933,0.0147794153804463,0.2798756108396268,0.0245333637881681,0.3198578409595735,0.2492678419056732,0.2191223809929992,0.0528070857482297,1
2551,Pepelu,31,2253,2,3.292334547266364,0,1.2570957019925115,24,21,4,0,D M S,Valencia,1,1.0625016819685698,7.367125847376883,6.865758649073541,La_Liga,midfield,0.0798934753661784,0.0,0.0424434759774395,0.9587217043941412,0.0502168722500337,0.8388814913448736,0.2942926437034707,0.2742646597499417,0.044270903415357,1
7842,Aleix Febas,36,3178,2,2.1838237196207047,2,2.102244376204908,23,27,10,0,M,Elche,2,2.1838237196207047,16.84352259710431,14.49692191183567,La_Liga,midfield,0.0566393958464443,0.0566393958464443,0.0618452280572257,0.6513530522341096,0.0595349256949155,0.7646318439269982,0.4770034719129603,0.4105484493597263,0.0949488573748132,1
7888,Nemanja Gudelj,34,2349,2,1.475432573352009,0,0.832065112888813,31,8,9,0,D M S,Sevilla,2,1.475432573352009,5.2675101440399885,4.190701778978109,La_Liga,midfield,0.0766283524904214,0.0,0.0565299836533336,1.1877394636015326,0.0318798893827131,0.3065134099616858,0.2018203120321834,0.1605632865508854,0.0475945991403873,1
7916,Pol Lozano,33,2211,2,0.7202332802116871,1,1.3134498577564957,17,22,10,1,M S,Espanyol,2,0.7202332802116871,7.324701470322907,6.574305829592049,La_Liga,midfield,0.0814111261872456,0.0407055630936228,0.0293175012297837,0.6919945725915875,0.0534647160552169,0.8955223880597015,0.2981560978421807,0.2676108207432313,0.0423666635418639,1
8733,Alfonso Espino,30,1472,2,2.0612591905519366,0,3.0738462451845407,20,19,3,0,D M S,Rayo Vallecano,2,2.0612591905519366,7.71520034596324,4.115802895277739,La_Liga,midfield,0.1222826086956521,0.0,0.1260280755092896,1.2228260869565215,0.1879389687952504,1.1616847826086956,0.4717174124569915,0.25164555745584,0.1030629595275968,3
8935,Pedri,29,2117,2,2.386106515303254,9,5.947577686980367,21,63,0,1,M S,Barcelona,2,2.386106515303254,25.240147041156888,19.385015258565545,La_Liga,midfield,0.0850259801606046,0.3826169107227208,0.1014405226156319,0.8927727916863487,0.2528493112084237,2.6783183750590456,1.0730341207860743,0.824114961393906,0.1136241197763454,2
8963,Nahuel Molina,26,1292,2,0.4005685858428478,2,3.0108713675290346,14,20,4,0,D M S,Atletico Madrid,2,0.4005685858428478,8.971317809075117,6.135595750063658,La_Liga,midfield,0.1393188854489164,0.1393188854489164,0.027903384462737,0.9752321981424148,0.2097356215770999,1.3931888544891642,0.62493699908418,0.4274021807319885,0.0286120418459177,0
9243,Ilaix Moriba,36,2484,2,1.7799642700701952,3,2.5140312388539314,18,17,8,0,M S,Celta Vigo,2,1.7799642700701952,11.089109930209816,7.12512020021677,La_Liga,midfield,0.072463768115942,0.108695652173913,0.0644914590605143,0.6521739130434783,0.0910880883642728,0.6159420289855072,0.401779345297457,0.2581565289933612,0.0988869038927886,1
9280,Antonio Blanco,36,3137,2,1.2193963313475251,3,1.585560267791152,40,22,9,0,M,Alaves,2,1.2193963313475251,10.952894285321236,9.485621688887475,La_Liga,midfield,0.0573796620975454,0.0860694931463181,0.0349842747278537,1.1475932419509085,0.0454894562005749,0.6311762830729997,0.3142366865409344,0.2721408836467557,0.0304849082836881,1
9815,Pathé Ciss,29,1974,2,3.959737098775804,1,0.4796251012012362,20,12,9,2,D M S,Rayo Vallecano,2,3.959737098775804,10.748411556705832,8.874764986336231,La_Liga,midfield,0.0911854103343465,0.0455927051671732,0.1805351260840032,0.9118541033434652,0.0218674058298435,0.547112462006079,0.4900491591203267,0.4046245434499801,0.1979868549387902,1
10949,Arnau Martinez,35,2715,2,2.124434665776789,3,2.70481881685555,19,23,6,0,D M S,Girona,2,2.124434665776789,10.917901353910564,8.976429961621761,La_Liga,midfield,0.0662983425414364,0.0994475138121547,0.0704232485892858,0.6298342541436465,0.089662502216206,0.7624309392265194,0.3619193818975877,0.2975612141974064,0.1118123508303573,1
12263,Mikel Jauregizar,36,2872,2,1.4105862826108932,0,1.5787495290860534,39,28,5,1,M S,Athletic Club,2,1.4105862826108932,8.875733049586415,6.796195255592465,La_Liga,midfield,0.0626740947075208,0.0,0.0442036091347424,1.2221448467966574,0.0494733487526966,0.8774373259052926,0.2781392668742261,0.2129726925499031,0.0361688790413049,1
13829,Tyrhys Dolan,36,2481,2,2.763452537357807,5,4.420420179143548,34,32,5,1,M S,Espanyol,2,2.763452537357807,9.854958691634238,4.32685121987015,La_Liga,midfield,0.0725513905683192,0.181378476420798,0.1002461621774295,1.2333736396614268,0.1603538154465616,1.1608222490931075,0.3574954785357039,0.1569595363919038,0.0812780158046413,3
2308,Denis Suárez,30,1407,1,1.503220658749342,2,1.729144150391221,9,24,6,0,M S,Alaves,1,1.503220658749342,7.904554916545749,5.969972092658281,La_Liga,midfield,0.0639658848614072,0.1279317697228145,0.0961548395788491,0.5756929637526652,0.1106062356327007,1.535181236673774,0.505621849672436,0.3818745475047941,0.1670245176388157,3
2378,Daniel Parejo,33,1474,1,0.8934992030262947,0,1.7723483508452773,3,25,3,0,M S,Villarreal,0,0.1502215936779976,7.067310675978661,6.175191489979625,La_Liga,midfield,0.0610583446404341,0.0,0.0091722818392264,0.1831750339213025,0.1082166564288161,1.5264586160108546,0.431518290934925,0.3770469702158523,0.0500738645593325,3
2521,Alfonso,27,1700,1,1.2216445626690984,3,4.221796698868275,11,21,8,0,D M S,Villarreal,1,1.2216445626690984,7.652054479345679,4.4062813855707645,La_Liga,midfield,0.0529411764705882,0.1588235294117647,0.0646753003765993,0.5823529411764706,0.2235068840577322,1.1117647058823528,0.4051087665535948,0.2332737204125698,0.1110585966062816,3
2621,Sergi Darder,38,2715,1,2.2581017958000302,5,5.54317428637296,36,57,3,0,M S,Mallorca,1,2.2581017958000302,10.62109318934381,7.191008800640702,La_Liga,midfield,0.0331491712707182,0.1657458563535911,0.0748542031756916,1.1933701657458564,0.1837516338024185,1.8895027624309395,0.3520804372158169,0.2383759823416807,0.0627250498833341,3
3059,Axel Witsel,32,2546,1,2.5918547697365284,2,2.218277433887124,20,17,0,1,M S,Girona,1,2.5918547697365284,10.09136007912457,9.34759215824306,La_Liga,midfield,0.035349567949725,0.0706991358994501,0.0916209462986204,0.7069913589945012,0.0784151488805346,0.6009426551453261,0.3567252188221568,0.3304333441641301,0.1295927384868264,1
5043,Kiko Femenía,28,2070,1,0.9618913042359054,1,1.918883431702852,8,17,6,0,D M S,Getafe,1,0.9618913042359054,3.811133926734328,1.2898593991994858,La_Liga,midfield,0.0434782608695652,0.0434782608695652,0.041821361053735,0.3478260869565217,0.0834297144218631,0.7391304347826088,0.1657014750754055,0.0560808434434559,0.1202364130294881,1
5086,Marc Roca,29,2020,1,0.9589633732102812,2,2.0623733028769493,16,19,1,0,M S,Real Betis,1,0.9589633732102812,8.206119364127517,7.05390945635736,La_Liga,midfield,0.0445544554455445,0.0891089108910891,0.0427260908856065,0.7128712871287128,0.0918879194351116,0.8465346534653465,0.3656191795898398,0.3142830945901794,0.0599352108256425,1
6560,Aurelien Tchouameni,33,2656,1,3.0622244104743004,0,2.313327204436064,45,24,8,0,M S,Real Madrid,1,3.0622244104743004,13.883047316223385,11.357132777571678,La_Liga,midfield,0.0338855421686747,0.0,0.1037651343910719,1.5248493975903614,0.0783883465358606,0.8132530120481928,0.4704345852635936,0.3848426016496427,0.0680494313438733,1
6931,Fran Beltrán,27,1544,1,0.6319965291768312,0,0.9035117849707603,16,13,3,0,M S,"Celta Vigo,Girona",1,0.6319965291768312,7.461615744046867,6.426595215685666,La_Liga,midfield,0.0582901554404145,0.0,0.0368391759235199,0.932642487046632,0.0526658423881919,0.7577720207253886,0.434938741557136,0.3746072340749417,0.0394997830735519,1
7174,Adrià Pedrosa,27,1053,1,0.9618624746799468,1,1.571348423603922,12,23,4,0,D M S,"Elche,Sevilla",1,0.9618624746799468,4.787631997838616,2.7506841495633125,La_Liga,midfield,0.0854700854700854,0.0854700854700854,0.0822104679213629,1.0256410256410258,0.1343032840687112,1.965811965811966,0.4091993160545826,0.2351012093643856,0.0801552062233289,3
7236,Leander Dendoncker,19,1338,1,0.538357574492693,0,0.4306179387494921,9,7,2,0,M S,Real Oviedo,1,0.538357574492693,2.1508139576762915,1.4654122050851583,La_Liga,midfield,0.0672645739910313,0.0,0.0362123929030959,0.6053811659192826,0.0289653322028806,0.4708520179372197,0.1446735845970599,0.0985703276963111,0.0598175082769658,1
7359,Eduardo Camavinga,29,1507,1,1.1423941813409328,0,1.8246677611023188,13,15,2,0,D M S,Real Madrid,1,1.1423941813409328,7.222875934094191,5.800564680248499,La_Liga,midfield,0.059721300597213,0.0,0.0682252663043689,0.7763769077637691,0.1089715318508352,0.8958195089581952,0.4313595448364148,0.3464172669026973,0.087876475487764,1
7781,Frenkie de Jong,25,1597,1,1.0822599418461325,5,5.096247639507055,7,35,3,1,M S,Barcelona,1,1.0822599418461325,20.46468347683549,16.202723745256662,La_Liga,midfield,0.0563556668753913,0.2817783343769567,0.060991480755261,0.3944896681277395,0.2872024342865591,1.9724483406386977,1.1533008847308668,0.913115301861678,0.154608563120876,2
8045,Eric Garcia,34,2761,1,3.3442033734172583,1,1.9652331974357369,25,30,5,0,D M S,Barcelona,1,3.3442033734172583,24.66808094829321,23.55161388590932,La_Liga,midfield,0.0325968851865266,0.0325968851865266,0.1090106134036773,0.8149221296631656,0.0640604809015633,0.9779065555957986,0.8041026024434584,0.7677092537963921,0.1337681349366903,0
8183,Pablo Martínez,27,1878,1,1.9152403939515352,5,5.476440030150116,28,36,3,0,M S,Levante,1,1.9152403939515352,8.163186241872609,4.934909150004387,La_Liga,midfield,0.047923322683706,0.2396166134185303,0.0917846834162077,1.34185303514377,0.262449202722849,1.7252396166134183,0.3912070083964509,0.2364972436104339,0.0684014426411262,3
8283,Batista Mendy,27,1632,1,0.8640541210770607,0,0.4901229040697217,17,9,6,0,M S,Sevilla,1,0.8640541210770607,4.13434686139226,3.504842003807425,La_Liga,midfield,0.0551470588235294,0.0,0.0476500434417496,0.9375,0.027028836621492,0.4963235294117647,0.2279970695620731,0.1932817281511447,0.0508267130045329,1
8725,Luis Milla,37,3288,1,1.4706194661557674,10,6.843989523127675,27,78,4,1,M,Getafe,1,1.4706194661557674,7.731246910057962,4.78044979646802,La_Liga,midfield,0.0273722627737226,0.2737226277372263,0.0402541824677673,0.739051094890511,0.1873354796476553,2.1350364963503647,0.2116217219906376,0.1308517280055115,0.0544673876353987,3
8895,Tete Morente,13,940,1,0.7541587688028812,1,1.312638394534588,8,12,1,0,D M S,Elche,1,0.7541587688028812,2.677897453308105,1.4394641816616058,La_Liga,midfield,0.0957446808510638,0.0957446808510638,0.0722066906300631,0.7659574468085106,0.1256781441575669,1.1489361702127658,0.2563944370188611,0.1378210386697282,0.0942698461003601,1
9011,Óscar Mingueza,34,1949,1,0.4965645000338554,4,4.096559967845678,14,31,4,0,D M S,Celta Vigo,1,0.4965645000338554,13.00799715705216,10.55303399823606,La_Liga,midfield,0.0461775269368907,0.1847101077475628,0.022930120576217,0.64648537711647,0.1891690082637819,1.4315033350436122,0.6006771391147739,0.4873130117194691,0.0354688928595611,0
9218,Juan Iglesias,37,3189,1,1.226545930840075,2,2.002802025526762,26,17,4,0,D M S,Getafe,1,1.226545930840075,7.210621759295464,5.044199001044035,La_Liga,midfield,0.0282220131702728,0.0564440263405456,0.0346155954141131,0.7337723424270931,0.0565231051418653,0.4797742238946378,0.2034982622566923,0.1423574506409417,0.047174843493849,1
9755,Inigo Ruiz de Galarreta,34,2289,1,0.6572877513244748,2,3.3264776347205043,20,30,11,0,M S,Athletic Club,1,0.6572877513244748,10.062924578785896,8.463831257075071,La_Liga,midfield,0.0393184796854521,0.0786369593709043,0.0258435550979478,0.7863695937090432,0.1307920433048691,1.1795543905635648,0.3956588956272305,0.3327849773424012,0.0328643875662237,3
9809,José Ángel Carmona,35,2561,1,0.9539876133203506,3,2.3566217375919223,20,22,13,0,D M S,Sevilla,1,0.9539876133203506,9.38717579189688,7.580831928178668,La_Liga,midfield,0.0351425224521671,0.1054275673565013,0.0335255311201997,0.7028504490433424,0.0828176323245892,0.7731354939476767,0.3298890360291757,0.2664095562421242,0.0476993806660175,1
9810,Fran García,13,930,1,0.946589097380638,1,0.3020932860672474,6,5,0,1,D M S,Real Madrid,1,0.946589097380638,4.634012538939714,3.96155970916152,La_Liga,midfield,0.0967741935483871,0.0967741935483871,0.0916053965207069,0.5806451612903226,0.02923483413554,0.4838709677419355,0.4484528263490046,0.383376746047889,0.1577648495634396,1
9811,Óscar Valentín,33,2143,1,1.4860157845541837,0,0.9415555438026786,13,10,3,1,M S,Rayo Vallecano,1,1.4860157845541837,10.363398014567792,8.101587588898838,La_Liga,midfield,0.0419972001866542,0.0,0.06240850238445,0.5459636024265049,0.0395426966599351,0.4199720018665422,0.4352337010317785,0.3402439958006978,0.1143089065041679,1
10494,Pablo Barrios Rivas,23,1672,1,1.4689873531460762,1,1.6999459583312273,23,20,0,0,M S,Atletico Madrid,1,1.4689873531460762,10.741906240582466,8.18633103556931,La_Liga,midfield,0.0538277511961722,0.0538277511961722,0.0790722857554706,1.2380382775119618,0.0915042680919919,1.076555023923445,0.578212656490683,0.4406517901921279,0.0638690153541772,0
10857,Pablo Ibáñez,37,2278,1,3.925581350922585,1,1.288511484861374,47,19,7,0,M S,Alaves,1,3.925581350922585,7.198592909611762,4.9182582553476095,La_Liga,midfield,0.0395083406496927,0.0395083406496927,0.1550932052603304,1.8568920105355573,0.0509069506749445,0.7506584723441616,0.2844044608714041,0.1943122225554367,0.0835230074664379,1
11953,Sergi Altimira,24,1176,1,0.5072789322584867,2,0.5556181967258453,7,11,3,0,M S,Real Betis,1,0.5072789322584867,4.316389311105013,3.758835602551698,La_Liga,midfield,0.0765306122448979,0.1530612244897959,0.0388223672646801,0.5357142857142857,0.0425218007698351,0.8418367346938775,0.3303359166662,0.2876659899912014,0.0724684188940695,1
12790,Abel Bretones,28,1600,1,0.5832634549587965,2,1.463532455265522,11,13,5,1,D M S,Osasuna,1,0.5832634549587965,3.3724373634904623,2.147059232927859,La_Liga,midfield,0.05625,0.1125,0.0328085693414323,0.61875,0.0823237006086856,0.7312500000000001,0.1896996016963385,0.120772081852192,0.0530239504507996,1
13620,Miguel Román,19,1297,1,1.1040805764496326,0,2.089981175027788,9,17,3,0,M S,Celta Vigo,1,1.1040805764496326,8.5124043636024,6.327844304963946,La_Liga,midfield,0.069390902081727,0.0,0.0766131471707532,0.6245181187355435,0.1450256790690061,1.17964533538936,0.5906834176748004,0.4390948245541674,0.1226756196055147,0
13627,Alejandro Rego,29,1231,1,0.5311379982158542,1,0.799548452720046,11,11,6,0,M S,Athletic Club,1,0.5311379982158542,3.169775044545532,2.2423849515616894,La_Liga,midfield,0.0731112916328188,0.0731112916328188,0.0388321850848309,0.8042242079610074,0.0584560201013843,0.8042242079610074,0.2317463476921997,0.163943660146671,0.0482852725650776,1
13765,Unai Elgezabal,12,963,1,0.6192532349377871,0,0.1339095868170261,3,2,2,0,D M S,Levante,1,0.6192532349377871,1.465649597346783,1.465649597346783,La_Liga,midfield,0.0934579439252336,0.0,0.0578741341063352,0.2803738317757009,0.0125149146557968,0.1869158878504672,0.1369765978828769,0.1369765978828769,0.2064177449792623,1
13839,Marc Aguado,35,2539,1,0.2163164913654327,2,0.5746705206111073,3,11,3,0,M S,Elche,1,0.2163164913654327,5.5891433618962765,5.029345314949751,La_Liga,midfield,0.0354470263883418,0.0708940527766837,0.007667776377664,0.1063410791650256,0.020370361108704,0.3899172902717605,0.1981185122373631,0.1782753360951073,0.0721054971218109,1
13936,Jon Gorrotxategi,30,2235,1,0.9011643519625068,3,0.9900850029662251,13,18,7,0,M S,Real Sociedad,1,0.9011643519625068,9.608818357810378,8.54557849932462,La_Liga,midfield,0.0402684563758389,0.1208053691275167,0.0362884973944633,0.5234899328859061,0.0398691947503177,0.7248322147651007,0.3869322828648474,0.3441172550063605,0.0693203347663466,1
14392,Ángel Pérez,16,1292,1,1.208032038062811,3,2.0683266557753086,14,24,4,0,D M S,Alaves,1,1.208032038062811,5.207904314622283,2.590566510334611,La_Liga,midfield,0.0696594427244582,0.2089783281733746,0.0841508385647468,0.9752321981424148,0.1440784822134503,1.671826625386997,0.3627797123188897,0.1804574194505533,0.0862880027187722,3
1791,Trent Alexander-Arnold,21,1175,0,0.403125662356615,4,2.0283965058624744,10,28,4,0,D M S,Real Madrid,0,0.403125662356615,6.278945114463568,5.344461210072041,La_Liga,midfield,0.0,0.3063829787234042,0.0308777103081662,0.7659574468085106,0.1553665408745725,2.1446808510638298,0.4809404768525285,0.4093629863033903,0.0403125662356615,3
2198,Moi Gómez,26,1202,0,0.4181990008801222,2,1.9109276719391344,11,16,3,0,M S,Osasuna,0,0.4181990008801222,5.146273463964462,3.1553665651008487,La_Liga,midfield,0.0,0.1497504159733777,0.0313127371707246,0.8236272878535774,0.1430811068839618,1.1980033277870217,0.3853282959707167,0.23625872783617,0.038018090989102,3
2518,Marcos Llorente,29,2190,0,2.2122418731451035,4,4.202356196939945,18,20,5,1,D M S,Atletico Madrid,0,2.2122418731451035,17.013618292286992,12.5181664545089,La_Liga,midfield,0.0,0.1643835616438356,0.0909140495813056,0.7397260273972602,0.172699569737258,0.821917808219178,0.699189792833712,0.5144451967606397,0.122902326285839,0
2609,Gerard Gumbau,28,1153,0,1.1357509652152658,3,2.5143625792115927,20,23,4,0,M S,Rayo Vallecano,0,1.1357509652152658,6.054331148043275,4.46986211836338,La_Liga,midfield,0.0,0.2341717259323504,0.0886535879179305,1.5611448395490024,0.1962642082645649,1.795316565481353,0.4725843914344274,0.3489051089789282,0.0567875482607632,3
4091,Unai López,28,1637,0,1.0071794828400016,4,2.520821467973292,22,36,6,1,M S,Rayo Vallecano,0,1.0071794828400016,7.014563919045031,5.052038587629795,La_Liga,midfield,0.0,0.2199144777031154,0.0553733374805132,1.209529627367135,0.1385912841280368,1.979230299328039,0.3856510401429766,0.2777541068336479,0.0457808855836364,3
6151,Djené Dakonam,34,2601,0,0.0686510754749178,0,0.2225943394005298,3,3,10,2,D M S,Getafe,0,0.0686510754749178,2.894673423841596,2.7105430271476507,La_Liga,midfield,0.0,0.0,0.0023754697396165,0.1038062283737024,0.0077022262768349,0.1038062283737024,0.1001617101675292,0.0937904161642785,0.0228836918249726,1
6656,Sergio Gómez,35,2712,0,0.8500185953453183,6,7.414878661744296,12,45,5,1,D M S,Real Sociedad,0,0.8500185953453183,11.900510411709549,8.49614124558866,La_Liga,midfield,0.0,0.1991150442477876,0.0282085817039375,0.3982300884955752,0.2460689821375319,1.4933628318584071,0.3949284428664673,0.2819515900084732,0.0708348829454432,3
7050,Lucas Torró,34,2362,0,2.2390968278050423,1,1.2621251428499818,29,15,6,0,M S,Osasuna,0,2.2390968278050423,5.123437849804759,3.7546714833006254,La_Liga,midfield,0.0,0.0381033022861981,0.0853169832779228,1.1049957662997458,0.0480911358410238,0.5715495342929721,0.1952199011356597,0.1430653825135716,0.0772102354415531,1
7515,Andrei Ratiu,35,2791,0,2.3735468704253435,4,6.194820357486606,31,44,8,0,D M S,Rayo Vallecano,0,2.3735468704253435,16.08938203752041,11.390583541244268,La_Liga,midfield,0.0,0.1289860265137943,0.0765385948901042,0.999641705481906,0.19976131571974,1.4188462916517377,0.5188263645205434,0.3673065276646307,0.0765660280782368,3
7529,Iván Martín,35,2558,0,1.1094311196357012,1,2.176630087196827,13,26,3,1,M S,Girona,0,1.1094311196357012,10.834588035941124,8.479688461869955,La_Liga,midfield,0.0,0.0351837372947615,0.0390339330598956,0.4573885848318999,0.076581981175807,0.9147771696637998,0.3812012991535188,0.298347131183853,0.0853408553565924,1
7857,Jon Moncayola,36,3061,0,2.3341868557035923,4,4.85785942338407,23,39,9,0,D M S,Osasuna,0,2.3341868557035923,10.213275477290154,5.148858282715082,La_Liga,midfield,0.0,0.117608624632473,0.068630126433624,0.67624959163672,0.1428315413605247,1.1466840901666122,0.3002923204691649,0.1513875352644094,0.1014863850305909,3
7927,Sofyan Amrabat,17,1297,0,0.2392287040129304,0,0.2395817404612898,8,7,4,0,M S,Real Betis,0,0.2392287040129304,3.977388694882393,3.5761187840253115,La_Liga,midfield,0.0,0.0,0.0166002955752997,0.5551272166538165,0.0166247930929191,0.4857363145720894,0.2759945894675523,0.2481501083749252,0.0299035880016163,1
8409,Juanlu Sanchez,32,2016,0,0.7494942769408226,3,1.898656453937292,14,22,4,1,D M S,Sevilla,0,0.7494942769408226,5.390602208673954,3.3558341786265373,La_Liga,midfield,0.0,0.1339285714285714,0.0334595659348581,0.625,0.0847614488364862,0.9821428571428572,0.2406518843158015,0.1498140258315418,0.053535305495773,1
8764,Oriol Rey,20,1316,0,0.3515440141782164,1,0.257574962452054,8,10,3,0,M S,Levante,0,0.3515440141782164,6.560898684896529,6.077804811298847,La_Liga,midfield,0.0,0.0683890577507598,0.0240417638875679,0.547112462006079,0.0176153089822833,0.6838905775075989,0.4486936790582732,0.4156553442377631,0.043943001772277,1
8861,Urko Gonzalez,36,2615,0,0.6285140076652169,1,0.3392333183437586,18,10,7,0,M S,"Espanyol,Real Sociedad",0,0.6285140076652169,5.933217795565724,5.271215932443738,La_Liga,midfield,0.0,0.034416826003824,0.0216314572427799,0.6195028680688337,0.011675334092137,0.3441682600382409,0.2042025245127782,0.1814185215755015,0.0349174448702898,1
9465,Beñat Turrientes,27,1355,0,0.8817815221846104,3,1.1862656697630882,20,12,7,0,M S,Real Sociedad,0,0.8817815221846104,5.57944718375802,4.06466400437057,La_Liga,midfield,0.0,0.1992619926199262,0.0585685143886457,1.328413284132841,0.0787925537112014,0.7970479704797048,0.3705905878510862,0.2699776829471227,0.0440890761092305,1
9520,Hugo Sotelo,20,1350,0,0.0896841175854206,2,2.212637750431896,2,25,3,0,M S,Celta Vigo,0,0.0896841175854206,7.093898443505168,6.4456347450613976,La_Liga,midfield,0.0,0.1333333333333333,0.0059789411723613,0.1333333333333333,0.1475091833621263,1.6666666666666663,0.4729265629003445,0.4297089830040932,0.0448420587927103,3
9970,Antonio Sánchez,30,1016,0,0.5342528652399778,0,1.0588115602731705,6,12,3,1,D M S,Mallorca,0,0.5342528652399778,3.9616350531578064,2.470979319885373,La_Liga,midfield,0.0,0.0,0.0473255490862185,0.5314960629921259,0.0937923626226233,1.062992125984252,0.3509322389608293,0.2188859633756728,0.0890421442066629,1
11151,Marc Casadó,24,957,0,1.0334394490346313,1,0.5815958976745605,11,14,1,0,M S,Barcelona,0,1.0334394490346313,8.210956364870071,6.8881447948515415,La_Liga,midfield,0.0,0.0940438871473354,0.0971886629186173,1.0344827586206895,0.0546955389662596,1.316614420062696,0.7721902537495365,0.6477879117415243,0.0939490408213301,0
11185,Pablo Marín,34,1491,0,1.247849544510245,1,1.8537570256739853,13,13,2,0,M S,Real Sociedad,0,1.247849544510245,7.044556712731719,4.112739890813828,La_Liga,midfield,0.0,0.0603621730382293,0.0753229101314031,0.7847082494969819,0.1118968023545665,0.7847082494969819,0.4252247512715323,0.2482539169505329,0.095988426500788,1
11395,Iker Muñoz,19,928,0,0.3214873829856515,0,0.252276461571455,9,5,5,0,M S,Osasuna,0,0.3214873829856515,1.885208336636424,1.586097290739417,La_Liga,midfield,0.0,0.0,0.0311787332636946,0.872844827586207,0.0244664671782661,0.4849137931034483,0.1828327050617221,0.1538240906967107,0.035720820331739,1
12323,Johnny Cardoso,15,905,0,0.0442219888791441,0,0.3355124518275261,2,3,5,0,M S,Atletico Madrid,0,0.0442219888791441,2.752377048134804,2.4710518792271614,La_Liga,midfield,0.0,0.0,0.0043977668498596,0.1988950276243094,0.0333658791872677,0.2983425414364641,0.2737170545106435,0.2457399658899939,0.022110994439572,1
13699,Kwasi Sibo,27,1782,0,0.3234209390357137,0,0.0500031504780054,10,3,3,1,M S,Real Oviedo,0,0.3234209390357137,4.401804143562913,4.066265448927879,La_Liga,midfield,0.0,0.0,0.0163343908603895,0.505050505050505,0.0025254116403033,0.1515151515151515,0.2223133405839855,0.2053669418650444,0.0323420939035713,1
13836,Álvaro Núñez,25,2006,0,0.2243863698095083,2,2.5366643499583006,6,21,2,0,D M S,"Celta Vigo,Elche",0,0.2243863698095083,9.689458632841706,8.704271027818322,La_Liga,midfield,0.0,0.0897308075772681,0.0100671850861693,0.2691924227318046,0.1138084703371122,0.942173479561316,0.4347214740557096,0.3905206343487781,0.0373977283015847,1
13953,Santiago Colombatto,33,2157,0,0.732619327493012,1,2.820774817839265,16,25,6,0,M S,Real Oviedo,0,0.732619327493012,6.469618431292474,5.312525178305805,La_Liga,midfield,0.0,0.0417246175243393,0.0305682612305846,0.6675938803894297,0.1176957503966313,1.043115438108484,0.2699423545740949,0.2216630811532324,0.0457887079683132,1
14258,Kareem Tunde,21,1183,0,1.294460777193308,1,0.6319677345454693,21,6,3,0,M S,Levante,0,1.294460777193308,3.713249473832548,2.09413805231452,La_Liga,midfield,0.0,0.0760777683854607,0.0984796871913759,1.5976331360946745,0.0480786949358345,0.4564666103127641,0.2824957334276664,0.1593173497111638,0.0616409893901575,1
14316,Nicolás Fonseca,19,1028,0,0.1822443902492523,0,0.0975932888686657,8,3,6,0,M S,Real Oviedo,0,0.1822443902492523,2.805281972512603,2.65612081810832,La_Liga,midfield,0.0,0.0,0.0159552481735726,0.7003891050583657,0.0085441595313034,0.2626459143968871,0.2455986162705586,0.2325397603402225,0.0227805487811565,1
9948,Michael Olise,32,2308,15,11.545709690079091,19,17.044203309342265,102,79,8,0,M S,Bayern Munich,15,11.545709690079091,39.00864061713219,16.973004333674908,Bundesliga,midfield,0.5849220103986135,0.7409012131715771,0.4502226482266543,3.977469670710572,0.6646353110228786,3.080589254766032,1.5211341661793312,0.6618589211571672,0.1131932322556773,2
10408,Luis Díaz,32,2464,15,14.85997650027275,14,10.122723823413253,88,65,5,1,M S,Bayern Munich,15,14.85997650027275,36.54146680980921,15.259370246902108,Bundesliga,midfield,0.5478896103896104,0.5113636363636364,0.5427751156755469,3.214285714285714,0.3697423474461009,2.374188311688312,1.334712667566083,0.5573633612910672,0.1688633693212812,2
7422,Christoph Baumgartner,33,2811,13,18.02284111827612,8,4.292830726131797,81,37,10,0,M S,RasenBallsport Leipzig,13,17.26506443321705,24.001264337450262,8.360922181978822,Bundesliga,midfield,0.4162219850586979,0.256136606189968,0.5527768761969172,2.5933831376734258,0.1374438866424268,1.184631803628602,0.7684502989578526,0.2676922790388096,0.2131489436199635,2
10734,Jens Stage,29,2489,10,6.0983161851763725,2,3.476818254217505,57,26,5,0,M,Werder Bremen,10,6.0983161851763725,12.630906242877243,5.692467089742422,Bundesliga,midfield,0.3615910004017678,0.0723182000803535,0.2205096250164216,2.0610687022900764,0.1257186190757635,0.9401366010445962,0.4567222024342916,0.2058344869734102,0.1069880032487082,3
12954,Can Uzun,21,1178,8,4.544798476621509,4,2.6320750545710325,41,19,3,0,M S,Eintracht Frankfurt,7,3.7870217841118574,8.537243850529194,3.061049897223711,Bundesliga,midfield,0.6112054329371817,0.3056027164685908,0.2893310361375782,3.132427843803056,0.2010923216565305,1.4516129032258065,0.6522512279691235,0.2338662909593667,0.0923663849783379,2
4340,Grischa Prömel,33,1696,7,5.130105700343847,2,2.619504975154996,42,17,4,0,M S,Hoffenheim,7,5.130105700343847,10.6988823749125,3.4885037057101727,Bundesliga,midfield,0.3714622641509434,0.1061320754716981,0.2722343826833409,2.2287735849056607,0.1390067498608193,0.902122641509434,0.5677472958385171,0.1851210692888653,0.1221453738177106,3
5266,Vincenzo Grifo,33,1733,7,5.46098705381155,4,5.387601099908352,30,39,0,0,M S,Freiburg,3,2.429960750043392,10.17651617899537,5.148983117192984,Bundesliga,midfield,0.363531448355453,0.2077322562031159,0.1261953072728824,1.5579919215233695,0.2797946330015878,2.0253894979803806,0.5284976665375554,0.2674024700215629,0.080998691668113,2
9718,Jamie Leweling,32,2385,7,4.102848822250962,9,6.05470309779048,49,41,4,0,D M S,VfB Stuttgart,7,4.102848822250962,17.34269355610013,9.02036947198212,Bundesliga,midfield,0.2641509433962264,0.3396226415094339,0.1548244838585268,1.849056603773585,0.2284793621807728,1.5471698113207546,0.6544412662679294,0.3403913008295139,0.0837316086173665,2
419,Maximilian Mittelstädt,32,2200,6,4.954262416809797,4,5.520105980336666,31,37,4,0,D M S,VfB Stuttgart,2,1.9231557194143527,16.285320289433002,12.091185672208669,Bundesliga,midfield,0.2454545454545454,0.1636363636363636,0.0786745521578599,1.2681818181818183,0.225822517377409,1.5136363636363637,0.6662176482040774,0.4946394138630818,0.0620372812714307,0
9860,Malik Tillman,29,1681,6,5.122428148984909,1,3.604807078838349,34,27,2,0,M S,Bayer Leverkusen,6,5.122428148984909,12.581189319491386,5.058479489758611,Bundesliga,midfield,0.3212373587150505,0.0535395597858417,0.2742525481312562,1.82034503271862,0.1929997841138913,1.4455681142177277,0.6735913377479029,0.2708287650673854,0.1506596514407326,3
335,Leon Goretzka,31,2004,5,4.884574018418789,3,2.346890510059893,35,21,4,0,M S,Bayern Munich,5,4.884574018418789,16.531479734927416,14.036005043424666,Bundesliga,midfield,0.2245508982035928,0.1347305389221557,0.2193670966355743,1.5718562874251496,0.1053992744038874,0.9431137724550898,0.7424317246224887,0.6303595079382335,0.1395592576691082,0
5251,Rani Khedira,32,2854,5,2.2710952758789062,1,2.3157351221889257,23,16,7,0,M,Union Berlin,5,2.2710952758789062,6.596783770248294,3.21970677934587,Bundesliga,midfield,0.1576734407848633,0.0315346881569726,0.0716182812996151,0.7252978276103714,0.0730259849323767,0.5045550105115627,0.2080275190337583,0.1015324492435628,0.0987432728643002,1
8846,Paul Nebel,30,2087,5,5.769457034766674,2,5.342756656929851,32,41,2,2,M S,Mainz 05,5,5.769457034766674,14.08178748562932,4.246757362037897,Bundesliga,midfield,0.2156205079060852,0.0862482031624341,0.2488026512357453,1.379971250598946,0.2304015807971665,1.7680881648298994,0.6072644339753899,0.1831375958713036,0.1802955323364585,3
9689,Albert Sambi Lokonga,26,1724,5,1.667557841166854,0,1.3766824714839458,19,25,3,0,M S,Hamburger SV,5,1.667557841166854,6.4992835521698,4.499082233756781,Bundesliga,midfield,0.2610208816705336,0.0,0.0870534835875967,0.9918793503480278,0.0718685744974217,1.3051044083526682,0.3392897446028318,0.2348708822726858,0.0877662021666765,1
10860,Derry Scherhant,31,1253,5,3.31635710503906,1,1.9648405443876984,36,22,2,0,M S,Freiburg,5,3.31635710503906,5.468948429450393,1.754570497199893,Bundesliga,midfield,0.3591380686352753,0.071827613727055,0.2382060171217202,2.5857940941739823,0.1411298076575362,1.5802075019952115,0.3928215152837472,0.1260266119297608,0.0921210306955294,3
13102,Johan Manzambi,27,2145,5,4.023786528035998,4,3.578555628657341,51,19,4,2,M S,Freiburg,5,4.023786528035998,12.458620447665451,7.704472800716758,Bundesliga,midfield,0.2097902097902098,0.1678321678321678,0.1688302039735384,2.13986013986014,0.1501491872163919,0.7972027972027973,0.5227393194824664,0.3232645930370667,0.0788977750595293,3
13573,Lennart Karl,26,1268,5,7.12136466614902,5,2.79079039208591,42,23,1,0,M S,Bayern Munich,5,7.12136466614902,17.725263914093375,9.104842718690634,Bundesliga,midfield,0.3548895899053627,0.3548895899053627,0.5054596371872333,2.9810725552050474,0.198084491551839,1.6324921135646688,1.2581023282873849,0.6462427797177894,0.1695563015749766,2
13857,Ernest Poku,29,1471,5,3.727354511618614,5,3.15851978585124,27,27,0,0,D M S,Bayer Leverkusen,5,3.727354511618614,10.750237088650463,4.377705059945583,Bundesliga,midfield,0.3059143439836845,0.3059143439836845,0.228050242043287,1.6519374575118966,0.193247301649634,1.6519374575118966,0.6577303453287163,0.2678405543134619,0.1380501670969857,2
11354,Yuito Suzuki,25,1645,4,4.17771103978157,2,2.0996621567755938,38,25,3,0,M S,Freiburg,4,4.17771103978157,8.436173535883427,3.1268309205770493,Bundesliga,midfield,0.2188449848024316,0.1094224924012158,0.2285677772524871,2.0790273556231003,0.1148751331974489,1.3677811550151977,0.4615535673127711,0.1710728163233644,0.1099397642047781,3
13122,Nathaniel Brown,33,2668,4,2.06600034981966,4,3.1800129488110542,18,34,3,0,D M S,Eintracht Frankfurt,4,2.06600034981966,10.054680230095984,6.042703531682491,Bundesliga,midfield,0.1349325337331334,0.1349325337331334,0.0696926654736767,0.6071964017991005,0.1072718011218121,1.146926536731634,0.339175869830824,0.203839324532018,0.1147777972122033,3
13860,Wouter Burger,30,2486,4,4.212299581617117,5,5.882515028119087,36,51,7,1,M,Hoffenheim,4,4.212299581617117,14.252158349379895,7.125719597563148,Bundesliga,midfield,0.1448109412711182,0.1810136765888978,0.1524967668324781,1.3032984714400644,0.2129631345658559,1.8463395012067576,0.5159671164296824,0.2579705405392934,0.1170083217115865,3
125,Maximilian Eggestein,34,3060,3,3.3948508631438017,1,1.4131045453250408,44,19,4,0,M,Freiburg,3,3.3948508631438017,10.904619429260492,8.16909633204341,Bundesliga,midfield,0.088235294117647,0.0294117647058823,0.0998485547983471,1.2941176470588234,0.0415618983919129,0.5588235294117647,0.3207241008606027,0.2402675391777473,0.0771557014350864,1
646,Christian Eriksen,31,2446,3,5.570981449447572,9,7.904180903919041,38,62,4,0,M S,Wolfsburg,0,2.539874809794128,14.289100974798204,8.979044845327735,Bundesliga,midfield,0.1103843008994276,0.3311529026982829,0.0934541017503971,1.3982011447260834,0.2908324944205698,2.2812755519215044,0.5257641405281432,0.3303818626653704,0.066838810784056,2
1055,Aleix García,33,2708,3,2.478695845231414,7,6.065944831818342,30,49,6,0,M S,Bayer Leverkusen,3,2.478695845231414,21.396803221665323,18.524734436534345,Bundesliga,midfield,0.0997045790251107,0.2326440177252585,0.082379108593363,0.9970457902511076,0.201600825281998,1.6285081240768091,0.7111197525664251,0.6156669495155432,0.0826231948410471,0
6109,Konrad Laimer,29,1997,3,2.826949080452323,9,4.989689355716109,17,43,9,0,D M S,Bayern Munich,3,2.826949080452323,20.52084405720234,14.751735255122185,Bundesliga,midfield,0.1352028042063094,0.4056084126189284,0.1274038143418673,0.7661492238357537,0.2248733310037305,1.9379068602904357,0.9248252204047124,0.6648253244671991,0.1662911223795484,2
7783,Xaver Schlager,26,1844,3,2.157680917531252,1,2.197766998782754,21,21,6,0,M S,RasenBallsport Leipzig,3,2.157680917531252,20.343336034566164,17.009082730859518,Bundesliga,midfield,0.1464208242950108,0.0488069414316702,0.1053098061701804,1.024945770065076,0.1072662851900476,1.024945770065076,0.9928960103638584,0.830161304651495,0.102746710358631,0
10289,Tom Bischof,26,1282,3,1.9813645593822,3,2.8520854637026787,30,24,2,0,D M S,Bayern Munich,3,1.9813645593822,11.289959888905289,8.018809024244547,Bundesliga,midfield,0.2106084243369735,0.2106084243369735,0.1390973559628689,2.1060842433697347,0.2002244085282691,1.684867394695788,0.7925868876766583,0.5629429112184159,0.06604548531274,0
11484,Ibrahim Maza,28,1845,3,6.0146804098039865,4,4.390553383156657,53,28,2,0,M S,Bayer Leverkusen,3,6.0146804098039865,17.926695466041565,9.699600376188757,Bundesliga,midfield,0.1463414634146341,0.1951219512195122,0.2933990443806822,2.5853658536585367,0.2141733357637393,1.3658536585365857,0.8744729495630031,0.4731512378628661,0.1134845360340374,0
11547,Aleksandar Pavlovic,24,1451,3,1.549274168908596,1,1.9520273748785253,10,21,2,0,M S,Bayern Munich,3,1.549274168908596,14.45808819681406,12.501133061945438,Bundesliga,midfield,0.186078566505858,0.062026188835286,0.0960955721583553,0.6202618883528601,0.121076818565863,1.3025499655410062,0.8967801086928088,0.775397639955265,0.1549274168908596,0
11865,Jan Schöppner,31,2286,3,2.7691161446273327,3,2.977410864084959,25,14,5,0,M S,FC Heidenheim,3,2.7691161446273327,9.141754516400397,5.333098980598152,Bundesliga,midfield,0.1181102362204724,0.1181102362204724,0.1090203206546194,0.9842519685039368,0.1172209001608251,0.5511811023622047,0.3599115951338739,0.2099645267952028,0.1107646457850933,1
12928,Alexander Prass,32,1269,3,1.6435396876186132,2,2.1666669230908155,18,18,4,0,D M S,Hoffenheim,3,1.6435396876186132,6.382722614333034,3.386800726875663,Bundesliga,midfield,0.2127659574468085,0.1418439716312056,0.1165630984126676,1.2765957446808511,0.1536643207865826,1.2765957446808511,0.4526753627186548,0.2401986331117491,0.0913077604232562,3
13078,Chema Andres,25,1299,3,1.97593117505312,0,1.2185792801901698,15,15,5,0,M S,VfB Stuttgart,3,1.97593117505312,8.577176412567496,7.514525938779116,Bundesliga,midfield,0.207852193995381,0.0,0.1369005433062207,1.039260969976905,0.0844281256482796,1.039260969976905,0.5942616452125287,0.5206369010701466,0.1317287450035413,0
13429,Julian Niehues,24,1416,3,2.098195953294635,0,0.7285752408206463,18,7,1,0,M S,FC Heidenheim,3,2.098195953294635,4.336162481456995,2.817117601633072,Bundesliga,midfield,0.1906779661016949,0.0,0.1333599122856759,1.1440677966101696,0.0463077483572444,0.4449152542372881,0.2756035475502327,0.1790540848495596,0.1165664418497019,1
13865,Robin Fellhauer,34,2829,3,2.591770839877426,2,2.142268791794777,29,31,2,0,D M S,Augsburg,3,2.591770839877426,8.661767035722733,4.585818454623222,Bundesliga,midfield,0.0954400848356309,0.0636267232237539,0.0824529429441386,0.9225874867444328,0.068152771743206,0.9862142099681868,0.2755599269052831,0.1458903007833474,0.0893714082716353,1
223,Joshua Kimmich,29,2268,2,2.3646036218851805,8,7.569489678367972,28,56,3,0,M S,Bayern Munich,2,2.3646036218851805,27.785482317209244,21.9056276679039,Bundesliga,midfield,0.0793650793650793,0.3174603174603174,0.0938334770589357,1.1111111111111112,0.3003765745384116,2.2222222222222223,1.1025985046511604,0.8692709392025357,0.0844501293530421,2
249,Danny da Costa,34,2689,2,2.4268228095024824,3,2.82913017924875,14,16,3,0,D M S,Mainz 05,2,2.4268228095024824,9.897982249036431,7.192822508513928,Bundesliga,midfield,0.0669393826701375,0.1004090740052063,0.0812250103589525,0.4685756786909631,0.0946901138461835,0.5355150613611007,0.3312824107152394,0.2407415491878964,0.1733444863930344,1
320,Jonas Hofmann,23,997,2,2.1885164361447096,2,2.7552873007953167,23,16,2,0,D M S,Bayer Leverkusen,2,2.1885164361447096,9.790684130042791,5.792823223397136,Bundesliga,midfield,0.1805416248746238,0.1805416248746238,0.1975591567231934,2.0762286860581747,0.2487220231410015,1.444332998996991,0.8838130107360593,0.5229228586817876,0.0951528885280308,0
1139,Silvan Widmer,27,1855,2,2.7386183850467205,1,1.8089449182152748,20,8,5,0,D M S,Mainz 05,2,2.7386183850467205,7.704604331403971,4.957497945055366,Bundesliga,midfield,0.0970350404312668,0.0485175202156334,0.1328709728594096,0.9703504043126684,0.0877655216384769,0.3881401617250674,0.3738082964023489,0.2405255067681848,0.136930919252336,1
6445,Elvis Rexhbecaj,26,1098,2,0.5392126142978668,0,0.7069284673780203,11,9,3,0,D M S,Augsburg,2,0.5392126142978668,2.577535273507237,1.4284834694117308,Bundesliga,midfield,0.1639344262295081,0.0,0.0441977552703169,0.9016393442622952,0.0579449563424606,0.7377049180327869,0.2112733830743637,0.1170888089681746,0.0490193285725333,1
7264,Han-Noah Massengo,33,2455,2,1.7316314969211817,1,1.635585960932076,20,17,5,0,M S,Augsburg,2,1.7316314969211817,8.934063652530313,5.818135930225253,Bundesliga,midfield,0.0733197556008146,0.0366598778004073,0.0634813990724669,0.7331975560081466,0.0599603814598317,0.6232179226069247,0.327521681762822,0.213292152228217,0.086581574846059,1
7410,Andras Schafer,28,1420,2,1.778747895732522,1,0.7768908403813839,27,6,2,1,M S,Union Berlin,2,1.778747895732522,5.5322664473205805,3.3308603167533875,Bundesliga,midfield,0.1267605633802817,0.0633802816901408,0.1127375426872725,1.7112676056338028,0.0492395603058623,0.380281690140845,0.3506366058160931,0.2111108651463414,0.0658795516937971,1
7877,Robert Andrich,32,2550,2,0.8109990963712335,0,0.5380814289674163,12,12,4,1,D M S,Bayer Leverkusen,2,0.8109990963712335,14.814566032029688,14.427350432612002,Bundesliga,midfield,0.0705882352941176,0.0,0.0286234975189847,0.4235294117647058,0.0189911092576735,0.4235294117647058,0.5228670364245772,0.509200603503953,0.0675832580309361,1
9053,Eric Martel,31,2579,2,1.814234547317028,2,2.0577999372035265,23,14,10,1,D M S,FC Cologne,2,1.814234547317028,9.843018800020218,7.845337048172951,Bundesliga,midfield,0.0697944939899185,0.0697944939899185,0.0633117911045104,0.8026366808840636,0.0718115526748031,0.48856145792943,0.3434942582403333,0.2737806647287962,0.0788797629268273,1
9202,Felix Nmecha,29,2208,2,3.364070465788245,3,1.8235643226653333,33,20,0,0,M S,Borussia Dortmund,2,2.6062937285751104,12.040448106825352,9.09173360094428,Bundesliga,midfield,0.0815217391304347,0.1222826086956521,0.1062347987190941,1.345108695652174,0.0743300674999456,0.8152173913043479,0.4907791347890768,0.3705869674297941,0.0789785978356094,1
9674,Joe Scally,32,2615,2,2.700111205689609,3,1.6180403884500263,17,18,8,0,D M S,Borussia M.Gladbach,2,2.700111205689609,9.640508973039688,6.971373248845339,Bundesliga,midfield,0.0688336520076481,0.1032504780114722,0.0929292575571949,0.5850860420650096,0.0556878145164445,0.6195028680688337,0.3317957199134118,0.2399325401132239,0.1588300709229181,1
9725,Angelo Stiller,34,2752,2,3.622028611600399,5,6.064722905866802,17,54,1,0,M S,VfB Stuttgart,2,2.864251904189586,19.65218799188733,14.8945678062737,Bundesliga,midfield,0.065406976744186,0.1635174418604651,0.0936710288434094,0.5559593023255813,0.1983375950319811,1.7659883720930232,0.6426951014788734,0.4871043250598231,0.1684854061287992,0
9931,Lovro Majer,28,1390,2,3.5951214293017983,3,2.931819343939424,27,21,5,0,M S,Wolfsburg,2,3.5951214293017983,8.230100117623806,2.8397826477885246,Bundesliga,midfield,0.1294964028776978,0.1942446043165467,0.2327776465015553,1.7482014388489209,0.1898300294637037,1.359712230215827,0.5328841802778004,0.1838708189215591,0.1331526455296962,3
9986,Kristijan Jakic,26,1655,2,1.4403803190216422,1,1.360763007774949,18,13,5,0,D M S,Augsburg,2,1.4403803190216422,4.3531388053670526,3.167064012028277,Bundesliga,midfield,0.1087613293051359,0.0543806646525679,0.0783288391008747,0.9788519637462236,0.0739991967974292,0.7069486404833838,0.236726581560746,0.1722270459713262,0.0800211288345356,1
10497,Yannick Engelhardt,31,2506,2,2.415684091858566,2,1.0784621722996235,21,15,7,0,M S,Borussia M.Gladbach,2,2.415684091858566,8.806699713692069,6.679585227742791,Bundesliga,midfield,0.071827613727055,0.071827613727055,0.0867564119183044,0.7541899441340782,0.038731682165589,0.538707102952913,0.3162821126226202,0.2398893337976261,0.1150325758027888,1
10863,Aaron Zehnter,20,1467,2,1.8096191370859744,0,1.0538889579474926,11,16,0,0,D M S,Wolfsburg,2,1.8096191370859744,5.76640553586185,3.103568371385336,Bundesliga,midfield,0.1226993865030674,0.0,0.1110195789623297,0.6748466257668712,0.0646557642912572,0.98159509202454,0.3537672107890705,0.1904029675696525,0.1645108306441794,1
10946,Yan Couto,19,989,2,0.9633320793509484,2,2.849770877510309,9,17,4,0,D M S,Borussia Dortmund,2,0.9633320793509484,6.886968974024057,4.392777647823095,Bundesliga,midfield,0.1820020222446916,0.1820020222446916,0.0876641932675281,0.8190091001011123,0.2593320313204528,1.5470171890798785,0.6267211402044137,0.3997472075875415,0.1070368977056609,3
11911,Hugo Larsson,25,1839,2,1.4220624901354313,2,1.1869177855551245,13,19,0,0,M S,Eintracht Frankfurt,2,1.4220624901354313,5.631294704973698,3.755781836807728,Bundesliga,midfield,0.097879282218597,0.097879282218597,0.0695952279022233,0.636215334420881,0.0580873304513111,0.929853181076672,0.2755935418421059,0.1838066151781922,0.1093894223181101,1
11982,Jan-Niklas Beste,28,1721,2,3.4977346565574408,2,3.7758378759026527,24,36,5,0,M S,Freiburg,2,3.4977346565574408,10.3288358990103,5.829450925812125,Bundesliga,midfield,0.10459035444509,0.10459035444509,0.182914653742109,1.2550842533410809,0.1974581108839272,1.8826263800116207,0.5401483038413288,0.3048521692754743,0.1457389440232267,3
12915,Philipp Sander,30,2475,2,1.3780800057575109,0,0.8148279991000891,25,11,4,0,D M S,Borussia M.Gladbach,2,1.3780800057575109,10.055795773863792,8.980093076825142,Bundesliga,midfield,0.0727272727272727,0.0,0.050112000209364,0.9090909090909092,0.029630109058185,0.4,0.3656653008677743,0.3265488391572779,0.0551232002303004,1
12975,Eric Smith,27,2313,2,0.814800588414073,2,0.8954977933317423,12,18,4,1,D M S,St. Pauli,2,0.814800588414073,5.893046077340841,5.734260914847255,Bundesliga,midfield,0.0778210116731517,0.0778210116731517,0.0317043030511312,0.4669260700389105,0.0348442721140755,0.7003891050583657,0.2293014037875813,0.223122992795613,0.067900049034506,1
13424,Daniel Svensson,33,2454,2,2.9300006814301014,2,4.297698555514216,12,35,0,0,D M S,Borussia Dortmund,2,2.9300006814301014,10.653507748618722,6.346277633681893,Bundesliga,midfield,0.0733496332518337,0.0733496332518337,0.1074572377052604,0.4400977995110024,0.1576173064369517,1.2836185819070904,0.3907154431033761,0.232748568472441,0.2441667234525084,3
13910,Ísak Bergmann Jóhannesson,31,1830,2,1.4332966785877943,2,2.4116498064249754,14,33,6,0,M S,FC Cologne,2,1.4332966785877943,9.597796699032187,7.102902231737971,Bundesliga,midfield,0.0983606557377049,0.0983606557377049,0.0704900005862849,0.6885245901639344,0.1186057281848348,1.6229508196721312,0.4720227884769928,0.3493230605772773,0.1023783341848424,3
140,Yannick Gerhardt,19,1080,1,1.152172677218914,0,0.9047546237707138,11,8,1,0,D M S,Wolfsburg,1,1.152172677218914,2.5076904222369194,1.179125288501382,Bundesliga,midfield,0.0833333333333333,0.0,0.0960143897682428,0.9166666666666669,0.0753962186475595,0.6666666666666667,0.2089742018530766,0.0982604407084485,0.1047429706562649,1
153,Maximilian Arnold,25,1837,1,0.367392455227673,4,4.247929247096181,13,29,5,0,M S,Wolfsburg,1,0.367392455227673,5.136144082993269,4.320300527848303,Bundesliga,midfield,0.0489929232444202,0.195971692977681,0.0179996303595484,0.6369080021774632,0.2081184715507111,1.4207947740881872,0.2516347128303725,0.2116641521537002,0.0282609580944363,3
4312,Marnon Busch,29,1901,1,0.7969588423147798,5,3.24848564201966,12,16,4,0,D M S,FC Heidenheim,1,0.7969588423147798,6.242594827432185,4.60207387059927,Bundesliga,midfield,0.047343503419253,0.2367175170962651,0.0377308236761337,0.5681220410310363,0.1537946911003521,0.7574960547080484,0.2955463095575469,0.2178783000283715,0.0664132368595649,3
5225,Bakery Jatta,15,934,1,1.5474212262779474,1,0.2965631820261478,11,5,1,0,D M S,Hamburger SV,1,1.5474212262779474,2.998817972838878,1.4511013012379408,Bundesliga,midfield,0.0963597430406852,0.0963597430406852,0.149109111739845,1.0599571734475377,0.0285767520153675,0.4817987152034261,0.2889653292885428,0.1398277485132919,0.1406746569343588,1
5248,Marcel Sabitzer,26,1835,1,1.149563044309616,2,2.240061067044735,20,15,3,0,M S,Borussia Dortmund,1,1.149563044309616,8.931432373821735,6.333587545901537,Bundesliga,midfield,0.0490463215258855,0.0980926430517711,0.0563818386854852,0.9809264305177112,0.1098667553318943,0.7356948228882834,0.4380539038931641,0.3106391711886312,0.0574781522154808,1
5347,Jonas Föhrenbach,27,2333,1,0.6362145002931356,1,2.2612353581935167,6,22,3,0,D M S,FC Heidenheim,1,0.6362145002931356,4.08684488851577,2.951122333295644,Bundesliga,midfield,0.0385769395627946,0.0385769395627946,0.0245432083267819,0.2314616373767681,0.0872315397502856,0.8486926703814831,0.1576579682667892,0.1138452678939596,0.1060357500488559,1
6626,Joshua Vagnoman,27,1589,1,3.556872447952628,3,2.121924228966236,19,16,3,0,D M S,VfB Stuttgart,1,3.556872447952628,7.574769550934434,3.1966566257178783,Bundesliga,midfield,0.0566393958464443,0.1699181875393329,0.2014591065549002,1.0761485210824415,0.1201845063605797,0.9062303335431088,0.4290303710409685,0.1810567000091938,0.1872038130501383,3
7058,Kevin Stöger,29,1322,1,2.0543773360550404,1,2.050934341736138,23,27,3,0,M S,Borussia M.Gladbach,1,1.2966006584465504,6.800350913777947,5.208155047148466,Bundesliga,midfield,0.0680786686838124,0.0680786686838124,0.0882708466415957,1.5658093797276853,0.1396248795433074,1.8381240544629347,0.4629588367927498,0.3545642619087458,0.0563739416715891,3
7106,Philipp Mwene,29,2081,1,2.0332534685730934,2,2.139080299064517,10,18,4,0,D M S,Mainz 05,1,2.0332534685730934,8.51742416061461,6.025996465235949,Bundesliga,midfield,0.0432484382508409,0.0864968765016818,0.0879350370838916,0.4324843825084095,0.0925118822276821,0.7784718885151369,0.3683652928665616,0.2606149360265427,0.2033253468573093,1
8965,Vladimir Coufal,34,3032,1,0.9888284020125866,8,7.478693185374141,26,58,4,0,D M,Hoffenheim,1,0.9888284020125866,15.418089099228382,11.00063280761242,Bundesliga,midfield,0.0296833773087071,0.2374670184696569,0.0293517665505055,0.7717678100263852,0.2219928715975173,1.7216358839050132,0.4576609561116604,0.3265359342629016,0.0380318616158687,3
9233,Joakim Maehle,16,1226,1,0.6766485814005136,2,1.6462530652061105,14,14,1,0,D M S,Wolfsburg,1,0.6766485814005136,5.031030514277518,3.4584580026566982,Bundesliga,midfield,0.0734094616639478,0.1468189233278956,0.0496724080962856,1.0277324632952691,0.1208505512794045,1.0277324632952691,0.369325241668007,0.2538835401624004,0.0483320415286081,3
9711,Patrick Osterhage,20,1190,1,1.2812672033905983,0,0.3329730369150638,7,6,4,0,M S,Freiburg,1,1.2812672033905983,3.087803818285465,1.5657243579626083,Bundesliga,midfield,0.0756302521008403,0.0,0.0969025616009696,0.5294117647058824,0.0251828347246686,0.453781512605042,0.2335313812148671,0.1184161279131384,0.1830381719129426,1
12918,Kaishu Sano,34,3060,1,1.6013844851404428,2,3.619058417156338,24,25,1,0,M,Mainz 05,1,1.6013844851404428,14.120248086750507,10.931938745081425,Bundesliga,midfield,0.0294117647058823,0.0588235294117647,0.0470995436806012,0.7058823529411764,0.1064428946222452,0.7352941176470589,0.4153014143161914,0.3215276101494536,0.0667243535475184,1
12952,Oscar Højlund,24,1082,1,0.6138702277094126,1,1.0660392343997955,7,7,2,1,M S,Eintracht Frankfurt,1,0.6138702277094126,3.1818068362772465,1.8266832381486893,Bundesliga,midfield,0.0831792975970425,0.0831792975970425,0.0510612943566054,0.5822550831792976,0.0886723947282639,0.5822550831792976,0.2646604577310094,0.1519422286814991,0.0876957468156303,1
12976,Philipp Treu,28,2195,1,1.471756223589182,2,1.812682246789336,17,20,2,0,D M S,Freiburg,1,1.471756223589182,7.696102367714047,4.845858434215188,Bundesliga,midfield,0.041002277904328,0.082004555808656,0.0603453576870279,0.6970387243735763,0.074324101235098,0.8200455580865603,0.3155577280611682,0.1986912342047229,0.086573895505246,1
12981,Manolis Saliakas,17,1118,1,0.5466044023633003,3,0.9010673672892152,16,12,2,0,D M S,St. Pauli,1,0.5466044023633003,2.8804356046020985,1.7787759266793728,Bundesliga,midfield,0.0805008944543828,0.2415026833631484,0.044002143302949,1.2880143112701252,0.0725367290304377,0.9660107334525938,0.2318776425887199,0.1431930531316131,0.0341627751477062,1
13325,James Sands,24,1957,1,0.8688814658671618,0,0.9661839380860328,16,10,4,0,M S,St. Pauli,1,0.8688814658671618,4.826324421912432,3.583524534478784,Bundesliga,midfield,0.0459887583035258,0.0,0.0399587797281781,0.7358201328564129,0.0444335996053872,0.459887583035258,0.2219566673337347,0.1648018436908996,0.0543050916166976,1
13884,Louis Oppie,23,1606,1,1.1548993904143572,0,1.1255840882658958,15,10,0,0,D M S,St. Pauli,1,1.1548993904143572,4.7634373884648085,2.7592283356934786,Bundesliga,midfield,0.0560398505603985,0.0,0.0647203892511159,0.8405977584059775,0.0630775640995832,0.5603985056039851,0.2669423194033827,0.1546267435942796,0.0769932926942904,1
13923,Nicolás Capaldo,26,2029,1,2.6900635082274675,3,1.8462919499725103,22,22,10,0,D M S,Hamburger SV,1,2.6900635082274675,6.40477589238435,2.652264328673482,Bundesliga,midfield,0.0443568260226712,0.1330704780680138,0.1193226790243824,0.975850172498768,0.0818956508119891,0.975850172498768,0.2840955299726917,0.1176460273931066,0.1222756140103394,1
3347,Ellyes Skhiri,25,1439,0,0.7644057050347328,0,0.3066457267850637,8,7,1,1,D M S,Eintracht Frankfurt,0,0.7644057050347328,6.156647648662329,5.555669544264674,Bundesliga,midfield,0.0,0.0,0.0478085569514426,0.5003474635163307,0.0191786764493785,0.4378040305767894,0.3850578793464972,0.3474706455759699,0.0955507131293416,1
4271,Janik Haberer,28,1662,0,0.6165919480845332,1,1.4660948365926745,11,21,8,0,D M S,Union Berlin,0,0.6165919480845332,2.625936538912356,1.615098069421947,Bundesliga,midfield,0.0,0.0541516245487364,0.0333894556724476,0.5956678700361011,0.0793914171440076,1.1371841155234657,0.1421987295439903,0.0874601842647263,0.0560538134622302,1
6411,Niklas Dorsch,32,2293,0,0.565851017832756,1,2.0714712161570787,14,24,2,0,M S,FC Heidenheim,0,0.565851017832756,9.595492578111587,9.10862572863698,Bundesliga,midfield,0.0,0.039249890972525,0.022209590756628,0.5494984736153511,0.0813050193868892,0.941997383340602,0.3766220375185534,0.3575125667585382,0.0404179298451968,1
8092,Tom Krauß,26,1779,0,0.3886736305430531,2,1.2642290331423285,9,15,4,0,D M S,FC Cologne,0,0.3886736305430531,7.146091844886541,6.019498575478792,Bundesliga,midfield,0.0,0.1011804384485666,0.0196630841758711,0.4553119730185497,0.0639576239363741,0.7588532883642496,0.3615223530296732,0.3045277525537331,0.0431859589492281,1
8325,Exequiel Palacios,18,1079,0,0.439077272079885,1,1.3159740213304758,10,13,3,0,M S,Bayer Leverkusen,0,0.439077272079885,7.690991470590234,7.098266148939729,Bundesliga,midfield,0.0,0.0834105653382761,0.0366236834913713,0.8341056533827618,0.1097661370896597,1.0843373493975903,0.6415099465737915,0.5920703924046112,0.0439077272079885,0
8826,Rocco Reitz,31,2669,0,2.6513977786526084,4,3.992779002524912,47,28,8,1,M,Borussia M.Gladbach,0,2.6513977786526084,13.191347749903798,8.105832872912288,Bundesliga,midfield,0.0,0.1348819782690146,0.0894064443906836,1.584863244660922,0.1346384826628857,0.9441738478831024,0.4448187701353847,0.2733326933541048,0.0564127186947363,3
8878,Atakan Karazor,28,1906,0,1.0594271700829268,1,1.621204137802124,7,13,5,1,M S,VfB Stuttgart,0,1.0594271700829268,11.42892475426197,8.954623859375715,Bundesliga,midfield,0.0,0.0472193074501574,0.0500254172651959,0.3305351521511018,0.0765521366223458,0.6138509968520462,0.5396659117962105,0.4228311371163769,0.1513467385832752,1
9537,William Mikelbrencis,26,1384,0,1.4683683505281806,4,2.816693114116788,12,16,3,0,D M S,Hamburger SV,0,1.4683683505281806,4.9622572138905525,0.8413018770515919,Bundesliga,midfield,0.0,0.2601156069364161,0.0954863811759654,0.7803468208092484,0.1831664597330281,1.0404624277456649,0.3226901367414376,0.0547089370915052,0.1223640292106817,3
10872,Vinicius Souza,24,1794,0,0.7309565888717771,0,0.7795633533969522,9,8,5,0,M S,Wolfsburg,0,0.7309565888717771,5.024353690445423,4.415433967486024,Bundesliga,midfield,0.0,0.0,0.0366700629868784,0.451505016722408,0.0391085294346297,0.4013377926421405,0.2520578774470948,0.2215100652584962,0.0812173987635307,1
11157,Sael Kumbedi,24,1825,0,0.4646370662376284,5,3.120423424988985,5,18,2,0,D M S,Wolfsburg,0,0.4646370662376284,6.11135661881417,4.07589796371758,Bundesliga,midfield,0.0,0.2465753424657534,0.0229136087459652,0.2465753424657534,0.1538838949309636,0.8876712328767123,0.3013819702428906,0.2010031872518258,0.0929274132475256,3
11236,Aljoscha Kemlein,30,1984,0,1.4002653919160366,2,1.5705977864563463,17,14,4,0,M S,Union Berlin,0,1.4002653919160366,6.956056768074632,5.00193196348846,Bundesliga,midfield,0.0,0.0907258064516129,0.0635201034639331,0.7711693548387096,0.071246875393685,0.6350806451612903,0.3155469300033855,0.226902155601795,0.0823685524656492,1
11835,Senne Lynen,31,2766,0,1.0010085487738252,0,1.2373423893004656,25,14,4,0,D M,Werder Bremen,0,1.0010085487738252,9.094095415435731,7.418055593036115,Bundesliga,midfield,0.0,0.0,0.0325707770750702,0.8134490238611713,0.0402605983503405,0.455531453362256,0.295903321543462,0.2413684032441252,0.040040341950953,1
11871,Nicolas Seiwald,33,2730,0,1.818481955677271,2,1.8090799655765293,20,15,2,0,D M S,RasenBallsport Leipzig,0,1.818481955677271,16.26779694482684,14.033266069367528,Bundesliga,midfield,0.0,0.0659340659340659,0.0599499545827671,0.6593406593406593,0.0596399988651603,0.4945054945054945,0.5363009981811047,0.4626351451439844,0.0909240977838635,1
11991,Lukas Ullrich,23,1301,0,0.7565966881811619,0,0.9062265641987324,10,14,2,0,D M S,Borussia M.Gladbach,0,0.7565966881811619,5.585675872862339,4.3064204677939415,Bundesliga,midfield,0.0,0.0,0.052339509559035,0.6917755572636433,0.0626905386455694,0.9684857801691008,0.3864034039643432,0.2979076418919714,0.0756596688181161,1
12937,Nicolai Remberg,32,2880,0,1.0534912925213575,2,2.1542654521763325,17,13,11,0,D M,Hamburger SV,0,1.0534912925213575,9.058403618633749,7.185781825333834,Bundesliga,midfield,0.0,0.0625,0.0329216028912924,0.53125,0.0673207953805103,0.4062499999999999,0.2830751130823046,0.2245556820416823,0.061970076030668,1
12977,Lars Ritzka,21,974,0,0.225738238543272,0,0.8755739834159613,4,6,1,0,D M S,St. Pauli,0,0.225738238543272,1.4658792736008763,0.7808276889845729,Bundesliga,midfield,0.0,0.0,0.020858769475251,0.3696098562628337,0.0809051935394625,0.5544147843942505,0.1354508569035717,0.0721504024729071,0.056434559635818,1
12978,Jackson Irvine,24,1617,0,1.6277177091687918,1,0.908556679263711,19,11,0,1,M S,St. Pauli,0,1.6277177091687918,4.692420791834593,2.735986944288016,Bundesliga,midfield,0.0,0.0556586270871985,0.0905965329778548,1.0575139146567718,0.0505690173987223,0.6122448979591837,0.2611736989889384,0.1522812770475704,0.0856693531141469,1
13861,Leon Avdullahu,33,2860,0,0.5229936568066478,1,1.3252581506967545,14,22,5,0,M S,Hoffenheim,0,0.5229936568066478,13.051670419052243,11.703141951933503,Bundesliga,midfield,0.0,0.0314685314685314,0.0164578423470623,0.4405594405594406,0.0417039278191286,0.6923076923076923,0.4107169012988468,0.3682806907951103,0.0373566897719034,1
13882,Arkadiusz Pyrka,31,2596,0,1.008908435702324,1,2.223026978783309,19,24,3,0,D M S,St. Pauli,0,1.008908435702324,8.325334949418902,6.6152997855097055,Bundesliga,midfield,0.0,0.034668721109399,0.0349775651822839,0.6587057010785824,0.0770695023461085,0.8320493066255779,0.288628715503737,0.2293439833189035,0.0531004439843328,1
13887,Jobe Bellingham,32,1779,0,0.9893369525671004,1,0.7723528351634741,19,9,2,1,M S,Borussia Dortmund,0,0.9893369525671004,9.601684469729662,8.472049668431282,Bundesliga,midfield,0.0,0.0505902192242833,0.0500507733170539,0.9612141652613828,0.0390734992494169,0.4553119730185497,0.4857513222460199,0.4286028500049552,0.0520703659245842,1
13909,Kristoffer Lund,33,2319,0,0.631946531124413,2,1.743918489664793,20,20,2,0,D M S,FC Cologne,0,0.631946531124413,8.249548189342022,6.765429270453751,Bundesliga,midfield,0.0,0.0776196636481242,0.0245257385947378,0.7761966364812418,0.0676811832987629,0.7761966364812418,0.3201635778528598,0.2625651722038972,0.0315973265562206,1
13922,Miro Muheim,29,2443,0,1.3705227468162775,4,3.492499830201268,24,40,7,1,D M S,Hamburger SV,0,1.3705227468162775,6.304988786578178,4.909944733604789,Bundesliga,midfield,0.0,0.1473598035202619,0.0504899906727241,0.8841588211215717,0.1286635221932518,1.4735980352026197,0.2322754771969038,0.1808821228098366,0.0571051144506782,3
14008,Ezequiél Fernández,20,1009,0,0.534800324589014,1,0.7951555736362934,11,8,2,1,M S,Bayer Leverkusen,0,0.534800324589014,7.950819112360477,7.362088220193982,Bundesliga,midfield,0.0,0.0891972249752229,0.0477027048691885,0.9811694747274528,0.0709256705919389,0.7135777998017839,0.7091910011025202,0.6566778392640816,0.048618211326274,0
5560,Scott McTominay,33,2798,10,12.429753053933382,3,2.005369659513235,101,22,1,0,M S,Napoli,10,11.66845427826047,15.440493501722813,8.038824290037155,Serie_A,midfield,0.3216583273766976,0.0964974982130092,0.3753255486216734,3.248749106504646,0.0645043850451004,0.7076483202287348,0.4966563313634928,0.258575477520852,0.1155292502798066,1
189,Hakan Calhanoglu,22,1674,9,5.147694624960423,4,3.476379970088601,50,40,7,0,M S,Inter,5,1.341200515627861,10.343171261250973,8.637412548065186,Serie_A,midfield,0.4838709677419355,0.2150537634408602,0.0721075546036484,2.6881720430107525,0.1869021489294946,2.1505376344086025,0.5560844764113426,0.464377018713182,0.0268240103125572,2
3821,Rolando Mandragora,34,2470,7,4.695387580431998,3,2.880523666739464,64,35,7,0,M S,Fiorentina,6,3.934088763780892,9.77954494766891,5.925872426480055,Serie_A,midfield,0.2550607287449393,0.1093117408906882,0.1433473638624616,2.331983805668016,0.1049583522293731,1.2753036437246963,0.3563396944494744,0.2159224770782206,0.0614701369340764,3
1386,Piotr Zielinski,34,2048,6,2.100138319656253,3,4.237796379253268,29,29,3,0,M S,Inter,5,1.338839491829276,13.946551250293853,11.256322965025902,Serie_A,midfield,0.263671875,0.1318359375,0.0588357198557787,1.2744140625,0.1862312861976534,1.2744140625,0.6128855529914291,0.4946626302989898,0.0461668790285957,0
3291,Adrien Rabiot,29,2546,6,4.362811662256718,4,3.9378524888306856,46,27,4,1,M S,AC Milan,6,4.362811662256718,15.66315065138042,10.026626612991096,Serie_A,midfield,0.2120974076983503,0.1413982717989002,0.1542235073067967,1.6260801256873527,0.1392013841299142,0.9544383346425764,0.5536856082577525,0.3544369187624503,0.0948437317881895,3
7947,Ruslan Malinovskiy,34,2279,6,4.387408828362823,3,4.342402706854045,55,38,10,0,M S,Genoa,3,2.103512350469828,9.468432288616896,6.581966793164611,Serie_A,midfield,0.2369460289600702,0.1184730144800351,0.0830698163853815,2.1720052654673103,0.1714858462557543,1.500658183413778,0.3739179052108471,0.2599284823979004,0.0382456790994514,3
8182,Lucas Da Cunha,36,2765,6,6.926369271241128,4,6.021571090444922,42,45,4,0,M S,Como,2,3.881173974834383,17.49147634766996,12.713604623451827,Serie_A,midfield,0.1952983725135623,0.1301989150090416,0.1263311601211915,1.3670886075949369,0.196000505656435,1.464737793851718,0.5693428105932355,0.4138243819568406,0.0924089041627234,0
10433,Cesare Casadei,33,1971,6,4.651984546333551,0,1.8106952449306848,35,17,5,0,M S,Torino,6,4.651984546333551,10.028646923601627,6.922802485525608,Serie_A,midfield,0.273972602739726,0.0,0.2124193856773311,1.5981735159817352,0.0826801481703509,0.776255707762557,0.4579290832694807,0.3161097025354158,0.1329138441809586,1
13069,Ismaël Koné,35,2795,6,5.083259547129273,0,1.759748755954206,23,23,3,1,M S,Sassuolo,6,5.083259547129273,12.1725369929336,7.844343296717852,Serie_A,midfield,0.1932021466905187,0.0,0.163682776115075,0.7406082289803221,0.0566645395477204,0.7406082289803221,0.3919600462840872,0.2525906607172117,0.2210112846577945,1
447,Kevin De Bruyne,18,1176,5,3.5163134410977364,2,4.023396631702781,27,36,1,0,M S,Napoli,2,1.2324169697239995,7.890820484608412,5.31821558624506,Serie_A,midfield,0.3826530612244898,0.1530612244897959,0.0943176252339795,2.066326530612245,0.307913007528274,2.7551020408163263,0.6038893228016642,0.4070062948656933,0.0456450729527407,2
5360,Weston McKennie,36,2857,5,8.643968606367707,5,5.391984527930617,43,48,5,0,D M S,Juventus,5,8.643968606367707,21.191430151462555,12.14923783019185,Serie_A,midfield,0.1575078753937696,0.1575078753937696,0.2722986260318843,1.3545677283864193,0.1698560054300859,1.512075603780189,0.6675634279424676,0.3827201276574261,0.2010225257294815,0
13891,Wesley,30,2474,5,2.484328309074044,0,5.352143730968237,25,33,5,2,D M S,Roma,5,2.484328309074044,14.14132072031498,7.724048685282469,Serie_A,midfield,0.1818916734033953,0.0,0.090375726684181,0.9094583670169766,0.1947020759042608,1.2004850444624091,0.5144376979904398,0.2809880281630647,0.0993731323629617,3
317,Henrikh Mkhitaryan,30,1547,4,6.040000427514315,1,3.310718573629856,43,23,5,0,M S,Inter,4,6.040000427514315,18.362661907449365,12.080620812252164,Serie_A,midfield,0.2327084680025856,0.0581771170006464,0.3513898115554547,2.501616031027796,0.1926080618142773,1.3380736910148674,1.0682867302329946,0.7028156904348383,0.1404651262212631,0
6434,Franck Zambo,18,1253,4,2.5543451830744743,1,1.5510767428204415,23,13,1,0,M S,Napoli,4,2.5543451830744743,4.910352712497115,2.9804707523435354,Serie_A,midfield,0.2873104549082202,0.071827613727055,0.183472519135437,1.6520351157222666,0.1114101411443254,0.9337589784517158,0.3526989178968399,0.2140801019241166,0.1110584862206293,3
1134,Mario Pasalic,33,1922,3,3.4538544081151485,4,6.249310817569494,24,40,3,0,M S,Atalanta,3,3.4538544081151485,16.428963288664818,10.395109225064516,Serie_A,midfield,0.1404786680541103,0.1873048907388137,0.1617309556349445,1.1238293444328824,0.2926316199694352,1.8730489073881371,0.7693062934338364,0.486763699404686,0.1439106003381312,2
1178,Davide Zappacosta,35,2605,3,3.226649757474661,3,4.505483852699399,37,42,3,0,D M S,Atalanta,3,3.226649757474661,14.347047809511425,9.38390316069126,Serie_A,midfield,0.1036468330134357,0.1036468330134357,0.1114773428686063,1.2783109404990405,0.1556597108418218,1.4510556621881,0.4956753561827364,0.3242039479701395,0.0872067502020178,3
1206,Danilo Cataldi,27,2007,3,2.712070008739829,3,2.05142586119473,26,23,6,0,M S,Lazio,1,1.1894723707810044,6.059865925461054,4.789146137423813,Serie_A,midfield,0.1345291479820627,0.1345291479820627,0.0533395681964576,1.1659192825112108,0.0919921910849654,1.031390134529148,0.2717428666126033,0.2147599164764042,0.0457489373377309,1
1409,Nicolò Barella,34,2561,3,3.819744417443872,8,7.965625556185842,35,70,7,0,M S,Inter,3,3.819744417443872,20.255492981523275,12.331657081842422,Serie_A,midfield,0.1054275673565013,0.281140179617337,0.1342354539515613,1.2299882858258493,0.2799321749538171,2.4599765716516986,0.7118291168828952,0.433365535871073,0.1091355547841106,2
1500,Leonardo Spinazzola,32,1906,3,1.2085956651717424,3,2.606285876594484,21,32,2,0,D M S,Napoli,3,1.2085956651717424,10.40181334875524,7.521526067517698,Serie_A,midfield,0.1416579223504722,0.1416579223504722,0.0570690502966719,0.9916054564533054,0.1230670141099179,1.5110178384050368,0.491166422554025,0.3551612518764915,0.0575521745319877,3
3334,Lassana Coulibaly,33,2708,3,3.20009109005332,1,1.1774460021406412,28,20,4,0,M S,Lecce,3,3.20009109005332,7.588806392624974,4.855061332695186,Serie_A,midfield,0.0997045790251107,0.0332348596750369,0.106354578325258,0.930576070901034,0.0391322526560774,0.6646971935007385,0.2522129155599142,0.1613572821058223,0.1142889675019042,1
6155,Robin Gosens,26,1908,3,2.3951865192502737,1,0.9613326136022806,18,11,2,0,D M S,Fiorentina,3,2.3951865192502737,4.041613267734647,2.377325525507331,Serie_A,midfield,0.1415094339622641,0.0471698113207547,0.1129804961910506,0.8490566037735848,0.0453458780001075,0.5188679245283019,0.1906421352705022,0.1121379964861948,0.1330659177361263,1
7265,Kephren Thuram,35,2481,3,4.063328697346151,3,2.653134752064944,50,25,2,0,M S,Juventus,3,4.063328697346151,12.774455543607472,8.52674344368279,Serie_A,midfield,0.1088270858524788,0.1088270858524788,0.1474000736643101,1.8137847642079807,0.0962443078137222,0.9068923821039904,0.4634022567209482,0.3093135469292427,0.081266573946923,3
7939,Morten Thorsby,24,1390,3,2.7189628621563315,1,0.7962901080027223,21,9,4,0,M S,"Cremonese,Genoa",3,2.7189628621563315,4.168536247685552,1.793543309904635,Serie_A,midfield,0.1942446043165467,0.0647482014388489,0.1760479551036473,1.359712230215827,0.051558352316723,0.5827338129496402,0.2699052246702875,0.1161287035190051,0.1294744220074443,1
8867,Adrián Bernabé,32,2542,3,2.6228388603776693,1,4.641438805498183,50,55,0,0,D M S,Parma Calcio 1913,3,2.6228388603776693,8.53368706163019,4.340929888188839,Serie_A,midfield,0.1062155782848151,0.035405192761605,0.0928621154342998,1.7702596380802518,0.1643310355998569,1.947285601888277,0.3021368353842317,0.1536914594559384,0.0524567772075533,3
8912,Tommaso Pobega,26,1446,3,1.8404578557237985,1,0.5510165924206376,25,6,2,1,M S,Bologna,3,1.8404578557237985,5.318103016354144,3.350840594619513,Serie_A,midfield,0.1867219917012448,0.0622406639004149,0.1145513188209833,1.5560165975103737,0.0342956385324048,0.3734439834024896,0.3310022624286811,0.2085585432335796,0.0736183142289519,1
9841,Andrea Cambiaso,36,2846,3,2.895034248009324,4,6.848085522651672,26,56,3,1,D M S,Juventus,3,2.895034248009324,19.01030919328332,13.388544871471822,Serie_A,midfield,0.0948699929725931,0.1264933239634574,0.0915506262546869,0.8222066057624736,0.2165592751365602,1.7709065354884046,0.6011692998578703,0.4233903859565931,0.1113474710772817,0
11378,Máximo Perrone,36,2758,3,2.4864027742296457,4,2.535719258710742,18,32,8,0,M S,Como,3,2.4864027742296457,16.492772169411182,12.241286350414155,Serie_A,midfield,0.0978970268310369,0.1305293691080493,0.0811371463671748,0.5873821609862219,0.0827464587686609,1.0442349528643946,0.5381977865290088,0.3994618460976337,0.1381334874572025,0
11768,Cher Ndour,33,1875,3,2.6130376681685448,0,0.347787800244987,24,7,2,0,M S,Fiorentina,3,2.6130376681685448,6.287419259548187,4.333774639293552,Serie_A,midfield,0.144,0.0,0.1254258080720901,1.152,0.0166938144117593,0.336,0.301796124458313,0.2080211826860905,0.1088765695070227,1
14341,Kenneth Taylor,17,1418,3,2.08942835777998,2,1.083626831881702,16,13,5,0,M,Lazio,3,2.08942835777998,4.546850040555,2.642322637140751,Serie_A,midfield,0.1904090267983074,0.1269393511988716,0.1326153400565572,1.0155148095909732,0.068777443490376,0.8251057827926657,0.2885870970733075,0.1677073606083692,0.1305892723612487,1
307,Suat Serdar,20,1102,2,2.6708283396437764,0,1.4056117832660675,19,12,3,0,M S,Verona,2,2.6708283396437764,4.575328801758587,1.8016988597810268,Serie_A,midfield,0.1633393829401088,0.0,0.2181257264681849,1.5517241379310345,0.1147958806660127,0.9800362976406534,0.3736656916136777,0.1471441900002653,0.1405699126128303,1
1168,Bryan Cristante,37,3116,2,2.347831812687218,1,2.281888909637928,43,27,6,0,M S,Roma,2,2.347831812687218,12.89684208855033,10.956094874069096,Serie_A,midfield,0.0577663671373555,0.0288831835686777,0.0678128572342264,1.241976893453145,0.0659082162604022,0.7798459563543004,0.372501857499849,0.3164468994435875,0.0546007398299353,1
2250,Luka Modric,34,2827,2,1.2469155695289371,3,4.025909835472703,20,50,4,0,M S,AC Milan,2,1.2469155695289371,15.23719035461545,13.89836597442627,Serie_A,midfield,0.0636717368234878,0.0955076052352317,0.0396966399920779,0.636717368234878,0.1281683357596545,1.5917934205871949,0.4850891870942307,0.4424665503000934,0.0623457784764468,0
5759,Matteo Guendouzi,16,1434,2,1.22304982598871,1,1.0217254180461168,16,15,5,0,M,Lazio,2,1.22304982598871,5.685938589274883,4.695960254408419,Serie_A,midfield,0.1255230125523012,0.0627615062761506,0.0767604493298353,1.00418410041841,0.0641250262372039,0.9414225941422594,0.3568580704565826,0.2947255389796079,0.0764406141242943,1
6211,Mehdi Leris,34,1910,2,1.973102173767984,3,2.4453976545482874,25,28,2,0,D M S,Pisa,2,1.973102173767984,5.055834978818893,1.8889753613621,Serie_A,midfield,0.0942408376963351,0.1413612565445026,0.0929734008581772,1.1780104712041886,0.1152281617326418,1.3193717277486912,0.2382330618291625,0.0890093102212507,0.0789240869507193,3
6902,Toma Basic,23,1764,2,1.3050178922712805,3,2.412645953707397,30,22,0,1,M,Lazio,2,1.3050178922712805,6.426472737453878,4.705115885473788,Serie_A,midfield,0.1020408163265306,0.1530612244897959,0.0665825455240449,1.530612244897959,0.1230941813116019,1.1224489795918369,0.3278812621149938,0.2400569329323361,0.0435005964090426,3
6945,Youssouf Fofana,33,2231,2,4.585123873315752,3,3.638393623754382,44,36,4,0,M S,AC Milan,2,4.585123873315752,13.358851363882422,6.3727181646972895,Serie_A,midfield,0.080681308830121,0.1210219632451815,0.1849668976236744,1.7749887942626623,0.1467751798018352,1.4522635589421784,0.5389048062525406,0.257079621166632,0.1042073607571762,3
7284,Marco Brescianini,26,1018,2,2.351007338613272,1,1.2417720863595605,13,10,2,0,M S,"Atalanta,Fiorentina",2,2.351007338613272,4.8565372144803405,2.457272893749177,Serie_A,midfield,0.1768172888015717,0.0884086444007858,0.2078493717830987,1.149312377210216,0.1097833868097843,0.8840864440078585,0.4293598716141755,0.217244165459161,0.1808467183548671,3
7328,Maxence Caqueret,30,1493,2,1.735451778396964,6,2.78000052459538,18,26,3,0,M S,Como,2,1.735451778396964,10.671364849433305,7.438197961077094,Serie_A,midfield,0.1205626255860683,0.3616878767582049,0.1046153114907747,1.0850636302746148,0.1675820811879331,1.5673141326188882,0.6432838824172789,0.4483843379081972,0.0964139876887202,2
7379,Nicolo Fagioli,33,2588,2,1.9044424574822187,3,5.224352169781923,33,64,5,0,M S,Fiorentina,2,1.9044424574822187,15.326580483466389,11.083079390227796,Serie_A,midfield,0.0695517774343122,0.1043276661514683,0.0662286789696289,1.1476043276661514,0.1816814896755692,2.2256568778979906,0.5329954573075638,0.3854239355179681,0.0577103774994611,3
7482,Kouadio Kone,29,2468,2,1.937675543129444,3,3.4994950499385595,21,25,2,0,M S,Roma,2,1.937675543129444,14.520286563783884,10.869493629783392,Serie_A,midfield,0.072933549432739,0.1094003241491086,0.0706607775047204,0.76580226904376,0.1276152976071597,0.9116693679092382,0.5295080189386343,0.3963753754783247,0.0922702639585449,0
7785,Kingsley Ehizibue,32,1810,2,1.4330500978976488,0,0.6929862443357706,9,8,5,0,D M S,Udinese,2,1.4330500978976488,4.8609745390713215,2.82250913977623,Serie_A,midfield,0.0994475138121547,0.0,0.071256634702093,0.4475138121546961,0.0344578795526073,0.3977900552486188,0.2417059163074137,0.1403457583314147,0.1592277886552943,1
8341,Lazar Samardzic,26,1005,2,2.776425752788782,1,2.376872181892395,25,28,1,0,M S,Atalanta,2,2.776425752788782,8.550659781321883,4.545059723779559,Serie_A,midfield,0.1791044776119403,0.0895522388059701,0.2486351420407864,2.238805970149254,0.212854225244095,2.5074626865671643,0.7657307266855419,0.4070202737713038,0.1110570301115512,0
9036,Nicola Zalewski,33,1917,2,3.13883500918746,4,5.143455224111676,38,36,3,0,D M S,Atalanta,2,3.13883500918746,10.349049489945171,5.962576111778617,Serie_A,midfield,0.0938967136150234,0.1877934272300469,0.1473631459712422,1.784037558685446,0.2414767710850552,1.6901408450704225,0.4858708680725432,0.2799331507877285,0.0826009212944068,3
9630,Kamaldeen Sulemana,25,993,2,2.4879335798323154,1,2.279735462740064,25,13,4,0,M S,Atalanta,2,2.4879335798323154,7.907776966691017,3.8877192325890064,Serie_A,midfield,0.1812688821752265,0.0906344410876132,0.2254924694712068,2.2658610271903323,0.2066225494930571,1.178247734138973,0.7167169456215423,0.3523612597512695,0.0995173431932926,0
10404,Éderson,30,2253,2,5.546352312900126,1,2.210425505414605,35,25,3,0,M S,Atalanta,1,4.785053477622569,16.25540943443775,12.244340799748898,Serie_A,midfield,0.0798934753661784,0.0399467376830892,0.1911472760701425,1.3981358189081226,0.0882992878328071,0.9986684420772304,0.6493505766086984,0.489121470029916,0.1367158136463591,0
11470,Niccolò Pisilli,25,1263,2,2.2729037441313267,4,2.218172688037157,19,12,3,0,M S,Roma,2,2.2729037441313267,6.556324878707528,4.026354419067502,Serie_A,midfield,0.1425178147268408,0.2850356294536817,0.1619646373490256,1.3539192399049882,0.158064562092909,0.8551068883610452,0.4671965471763084,0.2869136165606296,0.1196265128490172,3
11964,Giovanni Fabbian,29,1160,2,2.665424160659313,0,1.65299897454679,22,9,2,0,M S,"Bologna,Fiorentina",2,2.665424160659313,5.044444873929024,1.9827907886356115,Serie_A,midfield,0.1551724137931034,0.0,0.2068001503959811,1.706896551724138,0.1282499204389751,0.6982758620689655,0.391379343666907,0.1538372163596595,0.1211556436663324,1
11967,Davide Bartesaghi,31,2447,2,1.3741471637040377,0,3.913629310205579,22,44,3,0,D M S,AC Milan,2,1.3741471637040377,9.807490270584822,7.979077003896236,Serie_A,midfield,0.0735594605639558,0.0,0.0505407620487794,0.8091540662035145,0.1439422304530045,1.618308132407029,0.3607168468952325,0.2934683001024362,0.0624612347138198,3
12081,Assane Diao,17,1098,2,3.17557692155242,1,1.6823896700516343,31,9,2,0,M S,Como,2,3.17557692155242,6.436402162536979,1.8002320639789104,Serie_A,midfield,0.1639344262295081,0.081967213114754,0.260293190291182,2.540983606557377,0.1379007926271831,0.7377049180327869,0.5275739477489326,0.1475600052441729,0.1024379652113683,3
13136,Brooke Norton-Cuffy,27,2221,2,2.006999369710684,1,1.8840869069099424,15,21,3,1,D M S,Genoa,2,2.006999369710684,7.148176729679108,3.5529703898355365,Serie_A,midfield,0.0810445745159837,0.0405222872579918,0.081328204986025,0.6078343088698784,0.0763475108608261,0.8509680324178298,0.2896604708109498,0.143974486756055,0.1337999579807122,1
13962,Rafik Belghali,26,1935,2,2.600799420848489,0,2.2100214837118983,21,28,6,0,D M S,Verona,2,2.600799420848489,6.700727174058557,2.843379066325724,Serie_A,midfield,0.0930232558139534,0.0,0.1209674149231855,0.9767441860465116,0.1027916969168324,1.3023255813953487,0.3116617290259794,0.132250189131429,0.1238475914689756,1
13964,Petar Sucic,34,1763,2,2.181936677545309,2,4.040994327515364,22,29,5,0,M S,Inter,2,2.181936677545309,15.208353381603956,10.927678305655718,Serie_A,midfield,0.1020986954055587,0.1020986954055587,0.1113864441174576,1.123085649461146,0.2062901244902908,1.4804310833806011,0.7763765197642405,0.5578508494095374,0.0991789398884231,0
14339,Omri Gandelman,19,971,2,1.733949035406113,1,1.1209704279899595,10,7,0,0,M S,Lecce,2,1.733949035406113,3.184256792068481,1.036361239850521,Serie_A,midfield,0.1853759011328527,0.0926879505664263,0.1607161824784244,0.9268795056642636,0.1039004516159591,0.6488156539649845,0.2951422361340508,0.0960581993682254,0.1733949035406113,1
697,Nemanja Matic,34,2686,1,0.329651664942503,1,0.9152271281927824,11,20,6,1,M S,Sassuolo,1,0.329651664942503,11.574611898511648,10.903733760118484,Serie_A,midfield,0.0335070737155621,0.0335070737155621,0.0110456626376862,0.3685778108711839,0.0306665828508378,0.6701414743112435,0.3878313741124529,0.3653522108751539,0.0299683331765911,1
1122,Manuel Locatelli,36,3031,1,2.4154798155650496,2,3.826732565648854,46,47,9,0,M,Juventus,1,1.6541809802874925,21.80190648883581,18.526978565379977,Serie_A,midfield,0.0296931705707687,0.0593863411415374,0.0491178780025979,1.3658858462553614,0.1136278228005268,1.39557901682613,0.6473677281409512,0.5501247347028037,0.0359604560932063,0
1488,Remo Freuler,29,2236,1,1.6811274103820324,2,1.3417738927528262,8,22,5,0,M S,Bologna,1,1.6811274103820324,9.675127479247749,7.1491998406127095,Serie_A,midfield,0.0402504472271914,0.0805008944543828,0.0676661301137669,0.3220035778175313,0.0540069992610708,0.8855098389982111,0.389428208019811,0.2877584909012271,0.210140926297754,1
1496,Roberto Gagliardini,29,2212,1,1.3313347091898322,0,0.6643395144492388,15,16,9,0,M S,Verona,1,1.3313347091898322,3.9453944442793727,3.128438973799348,Serie_A,midfield,0.0406871609403255,0.0,0.0541682295782481,0.6103074141048824,0.0270300887434138,0.650994575045208,0.1605268987274609,0.1272873000189608,0.0887556472793221,1
1710,Marten de Roon,34,2720,1,0.824793690815568,2,1.586717877537012,16,23,6,1,D M S,Atalanta,1,0.824793690815568,15.483431348577142,13.585763746872544,Serie_A,midfield,0.0330882352941176,0.0661764705882353,0.0272909677108092,0.5294117647058824,0.0525016944773276,0.7610294117647058,0.5123194196220378,0.4495289475068121,0.051549605675973,1
3209,Jean-Daniel Akpa-Akpro,22,1531,1,0.8760971613228321,0,0.3872304651886225,13,11,9,0,M S,Verona,1,0.8760971613228321,2.588825137354433,1.5401012059301138,Serie_A,midfield,0.0587851077726975,0.0,0.0515014660477171,0.7642064010450687,0.0227633846289849,0.6466361854996734,0.1521843647040489,0.0905350153714632,0.0673920893325255,1
5133,Aarón Martín,33,2167,1,1.317988371476531,5,6.568098125047982,11,62,2,0,D M S,Genoa,1,0.5566895511001348,6.554186085239053,3.749794667586684,Serie_A,midfield,0.0415320719889247,0.2076603599446239,0.023120470511773,0.4568527918781725,0.2727867241598146,2.5749884633133364,0.2722089283209574,0.1557367420778964,0.0506081410091031,3
6125,Stanislav Lobotka,32,2442,1,0.4109657760709524,1,1.0618614703416824,8,22,3,0,M S,Napoli,1,0.4109657760709524,9.941714700311422,8.96990124695003,Serie_A,midfield,0.0368550368550368,0.0368550368550368,0.0151461588232537,0.2948402948402948,0.0391349436243863,0.8108108108108109,0.3664022616822391,0.3305860410423844,0.051370722008869,1
6360,Antoine Bernede,32,2349,1,1.0209336997941136,2,1.9406338185071943,21,29,2,0,M S,Verona,1,1.0209336997941136,5.913933668285608,3.547188401222229,Serie_A,midfield,0.0383141762452107,0.0766283524904214,0.0391162337085867,0.8045977011494253,0.0743537861497009,1.1111111111111112,0.2265874968691804,0.1359076015793957,0.0486158904663863,1
6706,Ndary Adopo,38,3074,1,2.5289438869804144,2,2.4404895724728703,28,27,4,0,D M S,Cagliari,1,2.5289438869804144,8.808407304808497,5.819650985300541,Serie_A,midfield,0.029277813923227,0.0585556278464541,0.0740419485452951,0.8197787898503579,0.0714521995844366,0.7905009759271308,0.2578909100301772,0.1703866586457542,0.0903194245350148,1
6872,Mehmet Zeki Çelik,34,2747,1,1.7680562287569046,2,2.412685915827751,22,27,2,1,D M S,Roma,1,1.7680562287569046,13.856140442192554,11.655436754226685,Serie_A,midfield,0.0327630141973061,0.0655260283946123,0.057926851324398,0.7207863123407353,0.0790468629139052,0.8846013833272661,0.4539689260274225,0.3818672398545328,0.0803661922162229,1
7530,Samuele Ricci,31,1273,1,2.1061665676534176,4,2.7816384192556143,18,20,3,0,M S,AC Milan,1,2.1061665676534176,8.74880488216877,5.324380742385984,Serie_A,midfield,0.0706991358994501,0.2827965435978005,0.1489041563934073,1.272584446190102,0.1966594326260842,1.4139827179890023,0.6185329453222225,0.3764291176863618,0.1170092537585232,3
8554,Rafael Obrador,16,1135,1,0.1724091228097677,3,1.056434327736497,7,11,1,0,D M S,Torino,1,0.1724091228097677,2.803703337907791,2.079035528004169,Serie_A,midfield,0.079295154185022,0.237885462555066,0.0136712079761049,0.5550660792951542,0.0837701229042156,0.8722466960352422,0.2223200884684592,0.1648574427492292,0.0246298746871096,1
8626,Nikola Moro,30,1784,1,0.9313860163092612,0,2.0523393927142024,21,26,1,0,M S,Bologna,1,0.9313860163092612,6.237979667261243,5.088687775656581,Serie_A,midfield,0.0504484304932735,0.0,0.0469869627061847,1.0594170403587444,0.1035373012019496,1.3116591928251122,0.3146962836622824,0.2567163115521818,0.0443517150623457,1
9876,Alessandro Zanoli,19,1314,1,0.0999864116311073,2,1.5538526717573404,3,15,1,0,D M S,Udinese,1,0.0999864116311073,3.543575694784522,2.3799541387706995,Serie_A,midfield,0.0684931506849315,0.136986301369863,0.006848384358295,0.2054794520547945,0.1064282651888589,1.0273972602739725,0.2427106640263371,0.1630105574500479,0.0333288038770357,1
9893,Youssef Maleh,23,1574,1,1.2885206770151854,0,0.6452810652554035,22,9,4,1,M S,"Cremonese,Lecce",1,1.2885206770151854,2.969324486330152,1.825092279352248,Serie_A,midfield,0.0571791613722998,0.0,0.0736765317225963,1.2579415501905973,0.0368966301607282,0.5146124523506989,0.1697834839705932,0.1043572459604207,0.0585691216825084,1
10365,Morten Frendrup,36,3093,1,0.2742339605465531,0,1.358272478915751,8,14,5,0,M S,Genoa,1,0.2742339605465531,6.03858286421746,4.793149305507541,Serie_A,midfield,0.02909796314258,0.0,0.0079796496764273,0.2327837051406401,0.0395229625290713,0.4073714839961203,0.1757104616164149,0.1394708818285414,0.0342792450683191,1
10383,Michel Aebischer,35,2911,1,0.8299102364107966,2,3.4363013366237283,19,34,8,0,M S,Pisa,1,0.8299102364107966,9.910697347484527,7.117089634761214,Serie_A,midfield,0.0309172105805565,0.061834421161113,0.025658509542072,0.5874270010305737,0.1062408520426436,1.0511851597389212,0.3064111168923419,0.2200405589586085,0.043679486126884,1
10899,Emirhan Ilkhan,19,1028,1,2.3624519193544984,2,1.2235390963032842,13,12,2,1,M S,Torino,1,2.3624519193544984,3.558742105960846,2.168549509719014,Serie_A,midfield,0.0875486381322957,0.1750972762645914,0.2068294481925144,1.1381322957198443,0.1071191815829723,1.050583657587549,0.3115630248409301,0.1898535562983572,0.1817270707195768,3
10935,Dodô,36,3158,1,1.3770605642348528,2,5.387680346146226,25,51,7,0,D M,Fiorentina,1,1.3770605642348528,14.528255576267838,10.455381613224745,Serie_A,midfield,0.0284990500316656,0.0569981000633312,0.0392449179167627,0.7124762507916403,0.1535437717394427,1.4534515516149462,0.414041482540882,0.2979684436954487,0.0550824225693941,3
10957,Mikael Ellertsson,36,2770,1,2.1503593772649765,1,2.5014033168554306,26,16,1,1,D M S,Genoa,1,2.1503593772649765,6.250576099380851,3.155878205783665,Serie_A,midfield,0.0324909747292418,0.0324909747292418,0.0698672721855046,0.8447653429602888,0.0812730319555916,0.51985559566787,0.2030873100881865,0.1025375590326822,0.0827061298948067,1
11039,Lewis Ferguson,27,1576,1,0.6512357760220766,0,1.5657932441681623,13,16,5,1,M S,Bologna,1,0.6512357760220766,5.200136251747608,4.374258171766996,Serie_A,midfield,0.0571065989847715,0.0,0.0371898603058292,0.7423857868020305,0.0894171268877757,0.9137055837563453,0.2969620955947238,0.2497990072709579,0.0500950596940058,1
11945,Ylber Ramadani,37,3236,1,1.2185862502083182,0,1.3888573935255408,35,19,10,0,M,Lecce,1,1.2185862502083182,7.193579321727157,5.043079229071736,Serie_A,midfield,0.0278121137206427,0.0,0.0338914593692053,0.973423980222497,0.0386270597704878,0.5284301606922126,0.2000686461543399,0.1402586930211546,0.0348167500059519,1
11959,Matteo Prati,33,1893,1,1.6766500296071172,1,1.699283911846578,31,13,5,0,M S,"Cagliari,Torino",1,1.6766500296071172,6.055320294573903,4.262527488172054,Serie_A,midfield,0.0475435816164817,0.0475435816164817,0.0797139475249025,1.473851030110935,0.0807900433524522,0.618066561014263,0.2878916146390128,0.2026558235264051,0.054085484826036,1
12012,Marcus Pedersen,29,2148,1,1.6248117666691542,2,2.887870935723185,15,20,3,0,D M S,Torino,1,1.6248117666691542,8.29255704022944,4.022757038474083,Serie_A,midfield,0.0418994413407821,0.0837988826815642,0.0680787053073667,0.6284916201117318,0.1210001788710831,0.8379888268156425,0.3474535072721832,0.1685512725617632,0.1083207844446102,1
12084,Martín Payero,25,1469,1,1.4321895614266396,0,0.5584035962820053,23,13,8,0,M S,Cremonese,1,1.4321895614266396,3.3215508349239826,2.247837715782225,Serie_A,midfield,0.0612661674608577,0.0,0.0877447655060568,1.4091218515997277,0.0342112482405585,0.7964601769911505,0.2034986896822045,0.1377164019199457,0.0622691113663756,1
12104,Neil El Aynaoui,25,958,1,0.9577326010912656,2,1.7740114629268646,6,12,5,0,M S,Roma,1,0.9577326010912656,5.916931334882975,3.715265704318881,Serie_A,midfield,0.0939457202505219,0.1878914405010438,0.0899748790169247,0.5636743215031316,0.1666607846173463,1.1273486430062631,0.5558703759284632,0.3490333125142999,0.1596221001818775,3
12853,Jesper Karlström,36,3164,1,0.94436174351722,0,0.8986503640189767,20,16,6,0,M,Udinese,1,0.94436174351722,7.85272366181016,6.5668018367141485,Serie_A,midfield,0.0284450063211125,0.0,0.0268623757637641,0.5689001264222503,0.0255621152849898,0.4551201011378002,0.2233707741981398,0.1867927197548272,0.047218087175861,1
12872,Fisayo Dele-Bashiru,24,1159,1,0.5851763747632504,0,1.120098192244768,9,11,0,0,M S,Lazio,1,0.5851763747632504,6.592202328145504,5.67429375462234,Serie_A,midfield,0.0776531492666091,0.0,0.0454407883767838,0.6988783433994823,0.086979152115642,0.8541846419327006,0.5119052713831711,0.4406267799102766,0.0650195971959167,0
13097,Mandela Keita,37,3016,1,0.4839648194611072,1,0.2838953603059053,16,11,1,0,M S,Parma Calcio 1913,1,0.4839648194611072,2.960139892995357,2.3855352448299527,Serie_A,midfield,0.029840848806366,0.029840848806366,0.0144419210051391,0.4774535809018567,0.0084716785237173,0.3282493368700265,0.088333086992567,0.071186396563228,0.0302478012163192,1
13389,Devyne Rensch,24,1180,1,0.569548043422401,4,2.7164466995745897,6,10,1,0,D M S,Roma,1,0.569548043422401,4.86653365381062,3.604976048693061,Serie_A,midfield,0.0762711864406779,0.3050847457627118,0.0434401050067932,0.4576271186440677,0.2071866126794178,0.7627118644067796,0.3711762956296235,0.274955800324047,0.0949246739037334,3
13898,Jari Vandeputte,32,1977,1,2.11050614900887,5,6.268006220459938,20,54,3,0,M S,Cremonese,1,2.11050614900887,7.40445183776319,4.125671859830618,Serie_A,midfield,0.0455235204855842,0.2276176024279211,0.0960776699093567,0.9104704097116844,0.2853417095808773,2.458270106221548,0.3370767149209343,0.1878151074277974,0.1055253074504435,3
13938,Idrissa Touré,32,2283,1,2.997904310002923,0,3.5665722815319896,28,20,4,1,D M S,Pisa,1,2.997904310002923,7.313524666242301,3.037940706126392,Serie_A,midfield,0.0394218134034165,0.0,0.1181828243102334,1.1038107752956636,0.1406007469723517,0.7884362680683311,0.2883124047138883,0.1197611316475581,0.1070680110715329,1
13948,Christian Ordóñez,28,1076,1,0.449460974894464,0,0.2704525701701641,10,6,3,1,M S,Parma Calcio 1913,1,0.449460974894464,1.865325063467025,1.4926570681855085,Serie_A,midfield,0.0836431226765799,0.0,0.0375943194614328,0.8364312267657993,0.0226214975049393,0.5018587360594795,0.1560216131152716,0.1248504982683046,0.0449460974894464,1
13949,Oliver Sørensen,34,1834,1,2.045102119445801,1,0.7402975568547845,15,9,2,0,D M S,Parma Calcio 1913,1,2.045102119445801,5.042463628575206,3.415822559967637,Serie_A,midfield,0.0490730643402399,0.0490730643402399,0.1003594278899248,0.7360959651035988,0.0363286696384572,0.4416575790621592,0.2474491420783906,0.1676248802601348,0.1363401412963867,1
13955,Jakub Piotrowski,33,1702,1,3.2054076455533504,1,0.7784238774329424,36,12,2,0,M S,Udinese,1,3.2054076455533504,6.512797696515918,3.212956831790507,Serie_A,midfield,0.0528789659224441,0.0528789659224441,0.1694986416567576,1.9036427732079908,0.0411622496879934,0.6345475910693302,0.3443900074538382,0.1698978348185344,0.0890391012653708,1
1281,Giuseppe Pezzella,31,2599,0,0.1174378851428628,1,1.6624937923625112,6,27,8,1,D M S,Cremonese,0,0.1174378851428628,5.00905183237046,3.720164413563907,Serie_A,midfield,0.0,0.0346287033474413,0.004066721686363,0.2077722200846479,0.0575700043526841,0.9349749903809156,0.173456969955114,0.1288244698810125,0.0195729808571438,1
1504,Alberto Grassi,30,1758,0,0.7624318739399314,0,0.4524057134985924,13,8,4,1,M S,Cremonese,0,0.7624318739399314,3.692227714695037,2.7019001794978976,Serie_A,midfield,0.0,0.0,0.0390323484952183,0.6655290102389079,0.0231607020562419,0.409556313993174,0.1890218966567425,0.1383225347865817,0.058648605687687,1
1634,Alessandro Deiola,20,1444,0,2.228636055253446,2,0.5954971769824624,22,6,3,0,D M S,Cagliari,0,2.228636055253446,4.545566329732537,2.970381209626794,Serie_A,midfield,0.0,0.1246537396121883,0.1389039092609488,1.371191135734072,0.0371154750196825,0.3739612188365651,0.2833109208282052,0.1851345629268777,0.1013016388751566,1
1898,Stefano Sabelli,16,930,0,0.403718045912683,0,0.3217905536293983,8,6,0,0,D M S,Genoa,0,0.403718045912683,3.7337232949212193,3.200494651682675,Serie_A,midfield,0.0,0.0,0.0390694883141306,0.7741935483870968,0.031141021318974,0.5806451612903226,0.3613280607988277,0.3097252888725169,0.0504647557390853,1
3729,Hassane Kamara,26,1883,0,0.8897657804191113,2,2.513818873092532,16,23,5,0,D M S,Udinese,0,0.8897657804191113,6.378122080117464,4.113270306959748,Serie_A,midfield,0.0,0.0955921402018056,0.0425273076142963,0.764737121614445,0.1201506630793031,1.0993096123207646,0.3048491700534104,0.1965981559354101,0.0556103612761944,1
4911,Alessio Zerbin,32,1643,0,1.82145987264812,3,2.48669414035976,21,17,1,0,D M S,Cremonese,0,1.82145987264812,5.13411957398057,1.9741908451542256,Serie_A,midfield,0.0,0.1643335362142422,0.0997756473148696,1.1503347534996955,0.1362157471895182,0.931223371880706,0.2812360083129953,0.1081419209153258,0.0867361844118152,1
4990,Marius Marin,23,1307,0,0.0855703866109252,0,0.0219777524471282,3,2,7,0,M S,Pisa,0,0.0855703866109252,3.226825973019004,3.1192778795957565,Serie_A,midfield,0.0,0.0,0.0058923755126115,0.2065799540933435,0.0015133876972008,0.1377199693955623,0.2221991871244914,0.2147934270570911,0.0285234622036417,1
5996,Adrien Tameze,24,1110,0,0.2225745106115937,0,0.2651061238721013,5,8,3,0,D M S,Torino,0,0.2225745106115937,3.868183462880552,3.530101119540632,Serie_A,midfield,0.0,0.0,0.0180465819414805,0.4054054054054054,0.0214950911247649,0.6486486486486487,0.313636496990315,0.2862244150978891,0.0445149021223187,1
6352,Valentino Lazaro,31,2273,0,0.4233721131458878,2,3.7035163436084986,8,31,4,0,D M S,Torino,0,0.4233721131458878,6.316612107679248,4.944833934307098,Serie_A,midfield,0.0,0.0791904971403431,0.0167635240576902,0.3167619885613726,0.1466416502088715,1.227452705675319,0.2501078265249152,0.195791928767109,0.0529215141432359,1
6412,Raoul Bellanova,24,1374,0,0.5010053906589746,1,1.94262045621872,13,21,2,0,D M S,Atalanta,0,0.5010053906589746,5.808547647669911,4.122412154451013,Serie_A,midfield,0.0,0.0655021834061135,0.0328169469863957,0.8515283842794761,0.1272458814117065,1.3755458515283845,0.3804725533408239,0.2700269970164419,0.0385388762045365,3
7483,Hans Nicolussi Caviglia,26,1456,0,0.8566823797300458,4,1.7445766404271126,20,19,4,0,M S,"Fiorentina,Parma Calcio 1913",0,0.8566823797300458,4.350880516692996,3.1315471809357405,Serie_A,midfield,0.0,0.2472527472527472,0.0529542679778187,1.2362637362637363,0.1078378417846429,1.1744505494505495,0.2689417901801989,0.1935709109094894,0.0428341189865022,3
7755,Domagoj Bradaric,29,1976,0,0.6028579501435161,1,2.994570933282376,13,28,2,0,D M S,Verona,0,0.6028579501435161,6.39884002879262,3.356616459786892,Serie_A,midfield,0.0,0.0455465587044534,0.0274581050166581,0.5921052631578947,0.1363924008073956,1.2753036437246963,0.2914451430118095,0.1528823286340183,0.0463736884725781,1
7758,Cheikh Niasse,20,973,0,0.1757795037701726,1,0.5936807617545128,6,11,1,0,D M S,Verona,0,0.1757795037701726,2.713234404101968,2.0721419416368008,Serie_A,midfield,0.0,0.092497430626927,0.0162591524556171,0.5549845837615621,0.0549139450749292,1.0174717368961972,0.2509672110680134,0.1916678054956958,0.0292965839616954,1
9029,Simon Sohm,28,1447,0,0.7936277445405722,1,2.04474865924567,9,15,3,0,M S,"Bologna,Fiorentina",0,0.7936277445405722,4.9742969293147326,3.7022214271128178,Serie_A,midfield,0.0,0.0621976503109882,0.0493617809320328,0.5597788527988943,0.1271785620816242,0.9329647546648238,0.3093895809525404,0.2302694736974109,0.088180860504508,1
9065,Nahuel Estévez,32,1001,0,0.6303743990138173,1,1.103767991065979,9,11,2,0,M S,Parma Calcio 1913,0,0.6303743990138173,2.353299428708852,1.3416498266160488,Serie_A,midfield,0.0,0.0899100899100899,0.0566770188923512,0.8091908091908093,0.0992398793166214,0.989010989010989,0.211585363220576,0.1206278565389054,0.0700415998904241,1
9854,Kristjan Asllani,15,1145,0,1.1615827651694417,0,1.1300613693892956,20,16,3,0,M S,Torino,0,0.4002839298918843,2.6788381403312087,2.2846737299114466,Serie_A,midfield,0.0,0.0,0.0314633656683577,1.5720524017467248,0.0888257844934817,1.25764192139738,0.2105636966199203,0.1795813412157469,0.0200141964945942,1
9969,Teun Koopmeiners,33,1803,0,1.7949654590338469,0,0.7337323613464832,28,16,5,0,D M S,Juventus,0,1.7949654590338469,8.081720914691687,6.76489283144474,Serie_A,midfield,0.0,0.0,0.0895989413827211,1.3976705490848589,0.0366255754415881,0.7986688851913478,0.4034136895852755,0.3376818385080569,0.0641059092512088,1
10075,Romano Floriani,28,1156,0,0.2002486418932676,1,1.3022935949265957,5,9,2,0,D M S,Cremonese,0,0.2002486418932676,1.9743683747947216,1.198974552564323,Serie_A,midfield,0.0,0.0778546712802768,0.0155902921889222,0.3892733564013841,0.10138963974342,0.7006920415224913,0.1537138008058174,0.0933457696633123,0.0400497283786535,1
10345,Samuele Angori,35,2619,0,1.318560840561986,2,3.855747262947261,14,38,2,0,D M S,Pisa,0,1.318560840561986,8.059615784324706,5.591387763619423,Serie_A,midfield,0.0,0.0687285223367697,0.0453113690914771,0.4810996563573883,0.1324999059432048,1.3058419243986257,0.2769627417293713,0.1921439094027293,0.094182917182999,1
10898,Warren Bondo,27,1788,0,0.2856207136064768,0,0.161786250770092,8,3,5,0,M S,Cremonese,0,0.2856207136064768,3.443341282196343,2.995934301055968,Serie_A,midfield,0.0,0.0,0.0143768815573729,0.4026845637583892,0.0081436032266824,0.1510067114093959,0.1733225477615609,0.1508020621336896,0.0357025892008096,1
11027,Emanuele Valeri,34,2637,0,0.6690369648858905,2,3.777259983122349,23,51,2,0,D M S,Parma Calcio 1913,0,0.6690369648858905,6.482847294770181,4.969146250747144,Serie_A,midfield,0.0,0.068259385665529,0.0228340261053204,0.7849829351535836,0.128916722973459,1.74061433447099,0.2212575868522246,0.1695954351790834,0.0290885636906908,3
11139,Tommaso Barbieri,29,1696,0,0.9889214904978872,1,1.833732210099697,16,10,8,0,D M S,Cremonese,0,0.9889214904978872,5.086522728204727,2.3321381313726306,Serie_A,midfield,0.0,0.053066037735849,0.0524781451325529,0.8490566037735848,0.0973089026585924,0.5306603773584906,0.2699216070391659,0.1237573300846325,0.0618075931561179,1
11278,Gvidas Gineitis,29,1778,0,0.9363524671643972,1,2.6753238569945097,27,26,5,0,M S,Torino,0,0.9363524671643972,5.622060902416706,4.116749364882708,Serie_A,midfield,0.0,0.0506186726659167,0.0473969190353181,1.3667041619797524,0.1354213425925229,1.3160854893138358,0.2845812605272798,0.2083843885486185,0.0346797210060887,1
11520,Lorenzo Bernasconi,23,1570,0,0.4185952385887503,3,3.146109139546752,9,27,3,0,D M S,Atalanta,0,0.4185952385887503,7.764180159196258,6.473759057000279,Serie_A,midfield,0.0,0.1719745222929936,0.0239959053968073,0.5159235668789809,0.1803502054517246,1.5477707006369426,0.4450803912915052,0.371107207089188,0.0465105820654167,3
11586,Ebenezer Akinsanmiro,24,1441,0,1.112527676858008,1,1.6431705905124545,13,16,2,0,M S,Pisa,0,1.112527676858008,4.29768105968833,1.7949366383254528,Serie_A,midfield,0.0,0.0624566273421235,0.069484726521319,0.8119361554476059,0.1026268932311734,0.9993060374739764,0.2684186643802565,0.1121056887226167,0.0855790520660006,1
11929,Luca Lipani,24,1011,0,0.9187592826783656,1,1.1096705137751997,12,11,3,0,M S,Sassuolo,0,0.9187592826783656,4.823387278243899,3.3149657156318426,Serie_A,midfield,0.0,0.0890207715133531,0.081788660179083,1.0682492581602374,0.0987837252618872,0.9792284866468842,0.4293816568169643,0.2951008055458613,0.0765632735565304,1
12777,Patrizio Masini,28,1379,0,2.03008303232491,1,1.2380426349118352,18,9,5,0,M S,Genoa,0,2.03008303232491,4.957104844972491,2.670099798589945,Serie_A,midfield,0.0,0.0652646845540246,0.1324927287231631,1.1747643219724435,0.0808004620319544,0.5873821609862219,0.3235238840083569,0.1742632210827375,0.1127823906847172,1
13958,Lennon Miller,24,985,0,0.3062051609158516,2,1.345477968454361,9,13,4,0,M S,Udinese,0,0.3062051609158516,2.4090506574139,1.2458066623657942,Serie_A,midfield,0.0,0.182741116751269,0.0279781365303823,0.8223350253807107,0.1229370732597893,1.1878172588832487,0.2201163037230974,0.1138300503684482,0.0340227956573168,3
13980,Sascha Britschgi,29,2103,0,0.4099866766482591,2,2.0349949607625604,13,17,5,1,D M S,Parma Calcio 1913,0,0.4099866766482591,4.071831869892776,1.8428749283775687,Serie_A,midfield,0.0,0.0855920114122681,0.0175457921532778,0.5563480741797432,0.0870896559527486,0.7275320970042796,0.1742581399383499,0.0788676859505378,0.0315374366652507,1
3799,Wesley Said,29,2061,12,12.056348741054537,2,5.918922264128923,60,27,2,0,M S,Lens,11,11.296253591775894,20.721070244908333,7.559701979160309,Ligue_1,midfield,0.5240174672489083,0.0873362445414847,0.4932861830469822,2.6200873362445414,0.258468221141001,1.1790393013100435,0.9048502290352984,0.3301179903563453,0.1882708931962649,2
942,Florian Thauvin,33,2510,11,12.10416847653687,6,9.864261759445071,74,80,6,0,M S,Lens,9,9.82388306595385,25.550733275711536,11.329093262553217,Ligue_1,midfield,0.3944223107569721,0.2151394422310756,0.3522507872254368,2.653386454183267,0.3536986288247236,2.8685258964143427,0.9161617509219276,0.4062224675815894,0.1327551765669439,2
11164,Martial Godo,28,1602,10,8.613017499446869,1,2.2593456469476223,41,22,2,0,M S,Strasbourg,10,8.613017499446869,15.288090150803328,5.07086955755949,Ligue_1,midfield,0.5617977528089887,0.0561797752808988,0.4838773876093746,2.303370786516854,0.1269295307273945,1.2359550561797754,0.8588814691462544,0.2848803122224432,0.2100735975474846,2
12970,Sebastian Nanasi,19,1039,7,4.77130252122879,2,2.442550702020526,19,17,0,0,M S,Strasbourg,7,4.77130252122879,8.60329944267869,2.163847930729389,Ligue_1,midfield,0.6063522617901829,0.1732435033686236,0.4132985822046112,1.645813282001925,0.2115780203867635,1.4725697786333012,0.7452328679894918,0.1874362981382531,0.251121185327831,2
14010,Igor Paixão,30,1979,6,5.585691841319203,5,2.523950425907969,57,29,3,0,D M S,Marseille,6,5.585691841319203,13.25075446255505,7.190278485417366,Ligue_1,midfield,0.2728650833754421,0.2273875694795351,0.2540233783318485,2.5922182920667005,0.1147829905668101,1.3188479029813038,0.6026113702020993,0.3269959897360096,0.0979945937073544,3
2897,Aleksandr Golovin,25,1695,5,4.700230384245515,5,2.307285126298666,34,24,2,1,M S,Monaco,5,4.700230384245515,11.270541843026876,5.069507037289441,Ligue_1,midfield,0.2654867256637168,0.2654867256637168,0.249569754915691,1.8053097345132745,0.1225107146707256,1.2743362831858407,0.5984358500722236,0.2691773648118287,0.138242070124868,3
12734,João Neves,21,1280,5,3.160619251430034,1,2.475291315466165,27,14,0,0,M S,Paris Saint Germain,5,3.160619251430034,9.292038716375828,7.089921586215496,Ligue_1,midfield,0.3515625,0.0703125,0.2222310411161742,1.8984375,0.1740439206187147,0.984375,0.6533464722451754,0.498510111530777,0.1170599722751864,0
343,Pierre-Emile Højbjerg,32,2716,4,3.916560214012861,5,4.429353263229132,46,40,4,0,M S,Marseille,4,3.916560214012861,19.90152898989618,15.455716629512608,Ligue_1,midfield,0.1325478645066274,0.1656848306332842,0.129782923144756,1.524300441826215,0.1467753290466207,1.325478645066274,0.659476292006869,0.5121555584153663,0.0851426133481056,0
9444,Felix Correia,34,2124,4,5.806952535174787,5,5.867727227509022,37,39,2,0,M S,Lille,4,5.806952535174787,18.30624265410006,9.31839063204825,Ligue_1,midfield,0.1694915254237288,0.211864406779661,0.246057310812491,1.5677966101694916,0.2486325096402127,1.652542372881356,0.7756882480550874,0.3948470606800106,0.1569446631128321,2
11978,Diego Moreira,27,2063,4,2.222741227596998,7,6.940216278657317,29,37,4,0,D M S,Strasbourg,4,2.222741227596998,14.191159365698695,8.783062366768718,Ligue_1,midfield,0.174503150751333,0.3053805138148328,0.0969688368801404,1.2651478429471643,0.3027724018803482,1.6141541444498304,0.6191005055321777,0.3831680140616503,0.0766462492274827,2
3549,Adrien Thomasson,32,2714,3,6.460448982194066,9,8.477983359247446,43,80,11,0,M S,Lens,3,6.460448982194066,23.375807873904705,13.438357058912516,Ligue_1,midfield,0.0994841562269712,0.2984524686809137,0.2142374386136573,1.425939572586588,0.2811416736670118,2.652910832719233,0.7751741741530669,0.4456345376942249,0.1502429995859085,2
5598,Angel Gomes,14,919,3,2.0597879961133003,0,1.0676721185445786,11,18,4,0,M S,Marseille,3,2.0597879961133003,7.522297575138509,4.833005172200501,Ligue_1,midfield,0.2937976060935799,0.0,0.2017202607727933,1.0772578890097932,0.104559837507086,1.7627856365614798,0.7366776732997451,0.4733084499434658,0.1872534541921182,0
6452,Mahdi Camara,32,2670,3,2.641194898635149,1,2.1875408850610256,29,23,5,1,D M S,Rennes,3,2.641194898635149,12.445880690589547,8.626727394759655,Ligue_1,midfield,0.1011235955056179,0.0337078651685393,0.0890290415270275,0.9775280898876404,0.0737373332043042,0.7752808988764045,0.4195240682221196,0.290788563868303,0.0910756861598327,1
10786,Warren Zaïre-Emery,32,2460,3,2.0695376126095653,4,4.277606188319624,19,42,3,0,D M S,Paris Saint Germain,3,2.0695376126095653,20.938116820529103,16.631349600851536,Ligue_1,midfield,0.1097560975609756,0.1463414634146341,0.075714790705228,0.6951219512195123,0.1564977873775472,1.5365853658536586,0.7660286641656989,0.6084640097872512,0.1089230322426087,0
10818,Kévin Danois,33,2852,3,2.123984556645155,1,4.617172429338098,25,52,3,0,M S,Auxerre,3,2.123984556645155,9.194329353049396,5.501396361738443,Ligue_1,midfield,0.0946704067321178,0.0315568022440392,0.0670261606234445,0.7889200561009817,0.1457031972792527,1.640953716690042,0.2901436331607453,0.1736064770534572,0.0849593822658062,3
11799,Lamine Camara,24,1870,3,1.3439804669469595,4,5.089582786895335,25,35,6,0,M S,Monaco,3,1.3439804669469595,11.131023939698936,7.78083136677742,Ligue_1,midfield,0.1443850267379679,0.1925133689839572,0.0646835518851477,1.2032085561497323,0.2449531822569947,1.6844919786096255,0.5357177297181306,0.3744785149785924,0.0537592186778783,3
13070,Ali Abdi,22,1156,3,2.4035323709249496,0,2.0493611991405487,16,17,2,1,D M S,Nice,3,2.4035323709249496,2.7499186024069786,1.635716256685555,Ligue_1,midfield,0.2335640138408304,0.0,0.1871262226498663,1.245674740484429,0.1595523424936413,1.3235294117647058,0.2140940088379135,0.1273481514720587,0.1502207731828093,3
13917,Mamadou Sangaré,29,2347,3,3.285702032968402,4,2.838592778891325,53,37,5,0,M S,Lens,3,3.285702032968402,18.11810380127281,13.861056490801277,Ligue_1,midfield,0.1150404772049424,0.1533873029399233,0.1259962432753115,2.032381763953984,0.1088510226247206,1.4188325521942906,0.6947717691157022,0.5315275177554815,0.0619943779805358,0
13975,Noah Cadiou,28,1851,3,2.319805635139346,1,0.6930346991866827,19,10,2,0,M S,Lorient,3,2.319805635139346,6.738548027351499,4.918760793283582,Ligue_1,midfield,0.1458670988654781,0.0486223662884927,0.1127944393098547,0.9238249594813612,0.0336969869944902,0.4862236628849271,0.3276441504384845,0.2391617889765112,0.1220950334283866,1
914,Nabil Bentaleb,26,1253,2,1.2046611299738288,2,1.771717581897974,18,12,3,0,M S,Lille,1,0.4445659844204783,10.07475517038256,8.462944879196584,Ligue_1,midfield,0.1436552274541101,0.1436552274541101,0.0319321138051421,1.2928970470869912,0.1272582461059997,0.8619313647246608,0.7236456227728892,0.607873135776291,0.0246981102455821,0
3223,Benjamin André,27,2328,2,2.5734788700938225,2,1.9330890672281384,27,23,9,0,M S,Lille,2,2.5734788700938225,11.715144013985991,9.41398911178112,Ligue_1,midfield,0.0773195876288659,0.0773195876288659,0.0994901625036271,1.0438144329896908,0.0747328247639744,0.8891752577319587,0.4529050520870873,0.3639428780327752,0.0953140322256971,1
3673,Valentin Rongier,31,2750,2,0.782729365862906,5,4.391351553611457,22,44,6,0,M,Rennes,2,0.782729365862906,15.28383518382907,12.994579819962382,Ligue_1,midfield,0.0654545454545454,0.1636363636363636,0.0256165974282405,0.72,0.1437169599363749,1.44,0.5001982423798604,0.4252771577442233,0.035578607539223,3
6147,Denis Zakaria,24,2039,2,2.5516049545258284,1,1.4270154759287834,18,6,4,1,D M S,Monaco,2,2.5516049545258284,7.711904387921095,6.586218696087599,Ligue_1,midfield,0.0882785679254536,0.0441392839627268,0.1126260156485162,0.7945071113290828,0.0629874413112263,0.2648357037763609,0.3403979376718482,0.2907109772672309,0.1417558308069904,1
6308,Jessy Deminguet,31,2059,2,1.1191442692652345,0,0.6021527666598558,17,4,4,0,M S,Metz,2,1.1191442692652345,5.570983536541462,4.136053280904889,Ligue_1,midfield,0.0874210781932977,0.0,0.0489183993365085,0.7430791646430307,0.0263204220492409,0.1748421563865954,0.2435106936807826,0.1807891186408159,0.0658320158391314,1
6601,Timothy Weah,29,2286,2,2.7870269222185016,2,3.784172408282757,29,30,5,0,D M S,Marseille,2,2.7870269222185016,17.289419043809175,12.779591096565127,Ligue_1,midfield,0.0787401574803149,0.0787401574803149,0.1097254693786811,1.141732283464567,0.1489831656804235,1.1811023622047243,0.6806857891263455,0.5031335077387845,0.0961043766282241,0
7739,Joris Chotard,33,2790,2,1.2767780357971787,1,0.5311056403443217,25,11,2,0,M S,Brest,2,1.2767780357971787,9.970360890962183,8.666880403645337,Ligue_1,midfield,0.064516129032258,0.032258064516129,0.0411863882515218,0.8064516129032258,0.0171324400111071,0.3548387096774194,0.3216245448697478,0.2795767872143657,0.0510711214318871,1
8190,Melvin Bard,29,2393,2,0.796496226452291,1,1.8040241403505208,15,15,4,0,D M S,Nice,2,0.796496226452291,7.336340324953198,5.745990822091699,Ligue_1,midfield,0.0752193898871709,0.0376096949435854,0.0299559801005876,0.5641454241537819,0.067848797589447,0.5641454241537819,0.2759175216238144,0.2161049619675106,0.0530997484301527,1
10091,Tyler Morton,29,2549,2,2.0557506382465363,2,2.42852935846895,28,28,6,1,M,Lyon,2,2.0557506382465363,12.164382623508573,10.008787211030722,Ligue_1,midfield,0.0706159278148293,0.0706159278148293,0.0725843693378533,0.9886229894076108,0.0857464269369185,0.9886229894076108,0.4294995826268228,0.3533898976040663,0.073419665651662,1
10295,Louis Mouton,32,1947,2,3.078808242455125,1,2.3375241328030825,36,22,2,1,M S,Angers,2,3.078808242455125,7.97324248123914,3.225932060740888,Ligue_1,midfield,0.0924499229583975,0.0462249614791987,0.1423177924093278,1.6640986132511555,0.1080519629955199,1.0169491525423728,0.3685628265595904,0.1491185852422598,0.085522451179309,1
10485,Guemissongui Ouattara,28,1763,2,2.817349845543504,0,1.7850391454994678,27,6,2,0,D M S,Strasbourg,2,2.817349845543504,8.862127166241407,6.286148220300674,Ligue_1,midfield,0.1020986954055587,0.0,0.143823871865522,1.3783323879750426,0.0911250840016744,0.3062960862166761,0.4524058110957042,0.3209037662093367,0.1043462905756853,1
10517,Yassin Belkhdim,27,2175,2,2.30356415361166,2,1.5286035342141986,33,15,5,0,M S,Angers,2,2.30356415361166,7.509297637268901,4.55259077064693,Ligue_1,midfield,0.0827586206896551,0.0827586206896551,0.0953198960115169,1.3655172413793104,0.0632525600364495,0.6206896551724138,0.3107295574042304,0.1883830663715971,0.0698049743518684,1
10868,Guela Doué,24,2065,2,1.8365227379836144,6,2.7406088560819626,12,19,3,0,D M S,Strasbourg,2,1.8365227379836144,10.025115761905909,7.648034475743771,Ligue_1,midfield,0.0871670702179176,0.261501210653753,0.08004215322931,0.523002421307506,0.1194454222989717,0.8280871670702179,0.4369299847804028,0.3333283790881062,0.1530435614986345,3
10923,Himad Abdelli,21,1075,2,1.9301752112805843,0,0.554893160238862,15,9,2,0,M S,"Angers,Marseille",0,0.4099849201738834,6.202800817787647,5.655766012147069,Ligue_1,midfield,0.1674418604651162,0.0,0.0343243188982786,1.255813953488372,0.0464561715548814,0.7534883720930233,0.5193042545124542,0.4735059917146383,0.0273323280115922,0
11618,Samuel Amo-Ameyaw,25,1010,2,1.184529721736908,2,1.229766269214451,17,13,2,0,D M S,Strasbourg,2,1.184529721736908,4.935548759996891,3.270142339169979,Ligue_1,midfield,0.1782178217821782,0.1782178217821782,0.1055521534221007,1.5148514851485149,0.1095831329002976,1.1584158415841583,0.4398013746531883,0.2913988223022754,0.0696782189257004,3
11777,Cristian Cásseres Jr.,31,2596,2,1.70372299477458,3,3.142685988917947,26,37,6,0,M S,Toulouse,2,0.943627830594778,9.059219665825369,7.050339192152023,Ligue_1,midfield,0.0693374422187981,0.1040061633281972,0.0327143700899576,0.901386748844376,0.1089529040842123,1.2827426810477658,0.3140715600632832,0.2444262431793845,0.0362933780997991,3
12111,Amir Murillo,16,978,2,1.0468609929084778,1,1.9396317675709724,9,11,4,0,D M S,Marseille,2,1.0468609929084778,9.449122466146946,7.076627906411886,Ligue_1,midfield,0.1840490797546012,0.0920245398773006,0.0963369011878967,0.8282208588957056,0.178493720942114,1.012269938650307,0.8695511471914368,0.651223426970419,0.1163178881009419,0
12328,Arthur Avom,31,2095,2,1.0540359923616052,1,3.175200704485178,21,31,3,0,M S,Lorient,2,1.0540359923616052,9.312216808088124,6.713715405203402,Ligue_1,midfield,0.0859188544152744,0.0429594272076372,0.045280782488088,0.902147971360382,0.1364048035339694,1.3317422434367543,0.4000475001087977,0.2884173682426282,0.0501921901124573,3
12346,Beraldo,20,1579,2,1.3617767803370953,1,1.5083925519138577,14,14,2,0,D M S,Paris Saint Germain,2,1.3617767803370953,11.281047388911247,10.67724785208702,Ligue_1,midfield,0.1139962001266624,0.0569981000633312,0.0776186891895747,0.7979734008866372,0.0859755096087696,0.7979734008866372,0.6429982678923447,0.6085828414742444,0.0972697700240782,0
12498,Valentín Barco,27,2187,2,3.289822520688176,4,5.2952551282942295,27,38,5,1,M S,Strasbourg,2,3.289822520688176,17.073288526386023,10.955026110634208,Ligue_1,midfield,0.0823045267489712,0.1646090534979424,0.1353836428266739,1.1111111111111112,0.2179117336746596,1.5637860082304529,0.7026044661064207,0.4508241197791855,0.1218452785440065,0
13577,Rudy Matondo,27,1333,2,1.8190970439463847,0,0.2419236395508051,13,5,4,1,D M S,"Auxerre,Paris FC",2,1.8190970439463847,3.063255394808948,2.4010575069114566,Ligue_1,midfield,0.1350337584396099,0.0,0.1228197554052323,0.8777194298574644,0.0163339291519673,0.3375843960990247,0.2068214445107316,0.1621119096939468,0.1399305418420296,1
1750,Ainsley Maitland-Niles,30,2496,1,2.553889507427812,4,3.50098211504519,14,21,5,1,D M S,Lyon,1,1.7937943432480097,11.776218626648188,7.495480893179774,Ligue_1,midfield,0.0360576923076923,0.1442307692307692,0.0646800844921157,0.5048076923076923,0.1262373358790333,0.7572115384615384,0.4246232677877952,0.270269743744463,0.1281281673748578,1
2447,Fabián,20,1138,1,1.869937714189291,4,2.1869753282517195,19,19,1,0,M S,Paris Saint Germain,1,1.869937714189291,8.531593032181263,6.012352647259831,Ligue_1,midfield,0.0790861159929701,0.3163444639718805,0.1478861109640037,1.5026362038664325,0.1729593844838794,1.5026362038664325,0.6747305561479031,0.475493618851832,0.0984177744310153,0
4764,Jean-Philippe Gbamin,31,2487,1,1.949738541617989,1,1.4501640880480409,14,15,2,1,D M S,Metz,1,1.949738541617989,6.170843430794776,4.885069870389998,Ligue_1,midfield,0.0361881785283474,0.0361881785283474,0.0705574864276715,0.5066344993968637,0.0524787969136806,0.5428226779252111,0.2233115837440811,0.1767817805931241,0.1392670386869992,1
4882,Laurent Abergel,28,2347,1,0.7855375036597252,0,0.8618717035278678,22,15,7,0,M S,Lorient,1,0.7855375036597252,7.721735946834087,6.832115706056356,Ligue_1,midfield,0.0383468257349808,0.0,0.0301228697611313,0.8436301661695782,0.0330500440210942,0.5752023860247124,0.2961040627247839,0.2619899503813686,0.0357062501663511,1
5619,Pierre Lees-Melou,24,1971,1,1.580171943642199,3,2.861335970461369,31,19,5,1,M S,"Brest,Paris FC",1,1.580171943642199,8.927949897944927,6.179184839129448,Ligue_1,midfield,0.045662100456621,0.136986301369863,0.0721539700293241,1.4155251141552512,0.1306546105233502,0.867579908675799,0.4076689451116405,0.2821545588643583,0.050973288504587,3
5742,Hugo Magnetti,33,2721,1,0.59883688762784,1,1.2192494422197342,22,17,4,0,M S,Brest,1,0.59883688762784,8.628967057913542,7.482888407073915,Ligue_1,midfield,0.0330760749724366,0.0330760749724366,0.019807173791439,0.7276736493936053,0.0403279859609614,0.5622932745314223,0.285412361342234,0.2475045779627535,0.0272198585285381,1
8050,Hichem Boudaoui,25,1697,1,2.2907996512949467,2,1.5970600554719567,21,16,4,0,M S,Nice,1,2.2907996512949467,6.359252665191889,3.213657854124904,Ligue_1,midfield,0.0530347672362993,0.1060695344725987,0.1214920262914232,1.1137301119622864,0.0846997083043465,0.8485562757807896,0.3372614848952681,0.1704355962706195,0.1090856976807117,1
8119,Boubacar Traore,20,1414,1,0.9408415667712688,0,0.221991928294301,19,4,4,0,M S,Metz,1,0.9408415667712688,2.384032738395036,1.5097705023363233,Ligue_1,midfield,0.0636492220650636,0.0,0.0598838338114669,1.2093352192362097,0.0141296135406556,0.2545968882602546,0.1517418291764874,0.0960957179704873,0.0495179771984878,1
8697,Jonathan Clauss,30,2529,1,1.4057410368695855,6,8.050188221037388,23,64,0,0,D M S,Nice,1,1.4057410368695855,12.174329970031977,5.863777427002788,Ligue_1,midfield,0.0355871886120996,0.2135231316725978,0.0500263714188464,0.8185053380782917,0.2864835665849604,2.277580071174377,0.4332501768694654,0.2086753532741205,0.0611191755160689,3
8777,Vitinha,29,2122,1,0.9833967238664628,7,3.455289619043469,34,34,2,0,M S,Paris Saint Germain,1,0.9833967238664628,20.08155496791005,17.677632499486208,Ligue_1,midfield,0.0424128180961357,0.29688972667295,0.0417086263656841,1.4420358152686146,0.1465485700819567,1.4420358152686146,0.8517153379415195,0.7497582115710455,0.0289234330548959,0
9399,Quentin Merlin,33,2534,1,1.84683189727366,5,4.493204697966576,26,47,2,0,D M S,Rennes,1,1.84683189727366,12.003213994204998,8.729623379185796,Ligue_1,midfield,0.0355169692186266,0.1775848460931334,0.0655938716474464,0.9234411996842936,0.1595850129506676,1.669297553275454,0.4263177819567679,0.3100497648487457,0.0710319960489869,3
9633,Przemyslaw Frankowski,19,1230,1,0.3376607820391655,2,2.6184137174859643,9,29,5,0,D M S,Rennes,1,0.3376607820391655,6.106847031973302,5.379636352881789,Ligue_1,midfield,0.073170731707317,0.1463414634146341,0.0247068864906706,0.6585365853658537,0.1915912476209242,2.1219512195121952,0.4468424657541441,0.3936319282596431,0.0375178646710183,3
9885,Tanner Tessmann,29,1938,1,2.568478574976325,0,1.4022282604128122,26,13,2,0,D M S,Lyon,1,2.568478574976325,12.365749502554536,10.186031161807476,Ligue_1,midfield,0.0464396284829721,0.0,0.1192791907883742,1.2074303405572755,0.0651189594618953,0.6037151702786377,0.5742608128121302,0.4730355028703162,0.0987876374990894,0
10581,Junior Mwanga,20,1651,1,1.1464128233492374,1,1.0721323154866695,10,18,2,1,D M,"Nantes,Strasbourg",1,1.1464128233492374,5.190453128889203,3.505918676033616,Ligue_1,midfield,0.0545124167171411,0.0545124167171411,0.0624937335562879,0.5451241671714113,0.0584445235577227,0.9812235009085404,0.2829441439127972,0.1911160998443521,0.1146412823349237,1
12284,Samir El Mourabet,33,2145,1,0.3717561801895499,2,2.710016814060509,12,28,4,0,M S,Strasbourg,1,0.3717561801895499,9.81571489572525,7.251820180565119,Ligue_1,midfield,0.0419580419580419,0.0839160839160839,0.0155981614065545,0.5034965034965035,0.11370699919135,1.1748251748251748,0.4118481774430175,0.3042721754083267,0.0309796816824624,3
12446,Simon Ebonog,30,1775,1,1.9645931422710416,0,0.3390792347490787,22,7,8,0,M S,Le Havre,1,1.9645931422710416,3.289260070770979,1.3946211924776435,Ligue_1,midfield,0.0507042253521126,0.0,0.099613173410926,1.115492957746479,0.0171927499309392,0.3549295774647887,0.1667793838700778,0.0707131872242185,0.0892996882850473,1
12732,Yanis Zouaoui,30,2380,1,1.2848391653969884,1,3.175815327093005,16,36,7,0,D M S,Le Havre,0,0.524744008667767,6.167215092107654,5.196353107690811,Ligue_1,midfield,0.0378151260504201,0.0378151260504201,0.0198432608319743,0.6050420168067228,0.1200938569068783,1.361344537815126,0.2332140160881045,0.1965007477698205,0.0327965005417354,1
12800,Ngal&#039;ayel Mukau,30,1548,1,2.5761082526296377,0,0.5113314716145396,20,13,3,0,M S,Lille,1,2.5761082526296377,6.840969190001488,5.0014454033225775,Ligue_1,midfield,0.0581395348837209,0.0,0.1497737356180022,1.1627906976744184,0.0297285739310778,0.7558139534883721,0.3977307668605516,0.2907817094954987,0.1288054126314818,1
12846,Louis Leroux,23,1443,1,1.6188924480229616,1,0.7465226091444492,15,16,2,0,D M S,Nantes,1,1.6188924480229616,3.097193729132414,1.815334405750036,Ligue_1,midfield,0.0623700623700623,0.0623700623700623,0.100970422953615,0.9355509355509356,0.0465606616930009,0.997920997920998,0.1931721660581547,0.1132225201091498,0.1079261632015307,1
12950,Jordan Teze,33,2515,1,0.7771280901506543,2,4.184554500505328,14,35,7,0,D M S,Monaco,1,0.7771280901506543,11.871654331684113,8.597043918445706,Ligue_1,midfield,0.0357852882703777,0.0715705765407554,0.0278097527290492,0.5009940357852883,0.1497454890836896,1.252485089463221,0.4248305725055945,0.3076476948946773,0.0555091492964753,3
13734,Adam Karabec,21,922,1,1.5626697093248367,0,2.095198465511203,9,21,3,0,M S,Lyon,1,1.5626697093248367,5.530647456645966,3.182189006358385,Ligue_1,midfield,0.0976138828633405,0.0,0.152538257960125,0.8785249457700651,0.2045204575878614,2.049891540130152,0.5398679729914717,0.3106258249156775,0.1736299677027596,3
13757,Alexis Vossah,23,1097,1,0.4475819719955325,1,0.6934271529316902,9,7,5,1,M S,Toulouse,1,0.4475819719955325,2.707592196762562,2.048197515308857,Ligue_1,midfield,0.0820419325432999,0.0820419325432999,0.0367204899540546,0.7383773928896992,0.0568901037045142,0.5742935278030994,0.2221360963615593,0.1680380823863237,0.0497313302217258,1
13800,Samir Chergui,15,1157,1,1.7387075843289497,0,0.1467773839831352,13,2,1,0,D M S,Paris FC,1,1.7387075843289497,4.541268460452557,4.155108980834484,Ligue_1,midfield,0.0777873811581676,0.0,0.1352495095847929,1.0112359550561798,0.0114174283132948,0.1555747623163353,0.3532533806747883,0.3232150460458976,0.133746737256073,1
13805,Adama Camara,29,2198,1,1.9149737488478424,0,1.39525724388659,18,16,8,0,D M S,Paris FC,1,1.9149737488478424,9.099290944635868,7.309254512190819,Ligue_1,midfield,0.0409463148316651,0.0,0.0784111180146978,0.7370336669699727,0.0571306423793417,0.6551410373066424,0.37258243176398,0.2992870364409343,0.1063874304915468,1
14052,Pathé Mboup,28,1028,1,3.5491064712405205,0,1.455665335059166,23,9,6,0,M S,Brest,1,3.5491064712405205,7.232004079967737,2.2468214193359017,Ligue_1,midfield,0.0875486381322957,0.0,0.3107194381436253,2.013618677042801,0.1274415176608219,0.7879377431906615,0.6331521081683816,0.1967061553893299,0.1543089770104574,1
14358,Pape Diop,16,1277,1,1.532203583046794,2,1.71294922567904,29,20,2,0,M S,Toulouse,1,1.532203583046794,4.120846760459244,2.7289467100054026,Ligue_1,midfield,0.0704776820673453,0.1409553641346906,0.1079861569884193,2.043852779953015,0.1207246909249127,1.409553641346907,0.2904277278318966,0.1923298386064888,0.0528346063119584,3
782,Ben Chilwell,20,1613,0,0.2908765040338039,2,1.4190899282693863,5,7,4,0,D M S,Strasbourg,0,0.2908765040338039,7.4669726844877,6.263752227649093,Ligue_1,midfield,0.0,0.1115933044017358,0.0162299351289785,0.2789832610043397,0.0791804671694016,0.3905765654060756,0.4166320778697415,0.3494964045185482,0.0581753008067607,1
3290,Benjamin Stambouli,19,948,0,0.3095360938459635,0,0.9149716086685658,6,8,0,0,M S,Metz,0,0.3095360938459635,2.030064836144448,1.5586694106459618,Ligue_1,midfield,0.0,0.0,0.0293863380233509,0.569620253164557,0.0868643932280283,0.7594936708860759,0.1927276743175108,0.1479749440486672,0.0515893489743272,1
3696,Morgan Sanson,31,1759,0,2.0870378920808434,2,1.4652982922270894,19,12,4,0,M S,Nice,0,2.0870378920808434,4.909108147956431,1.953938601538539,Ligue_1,midfield,0.0,0.1023308698123934,0.1067842014140283,0.9721432632177373,0.0749726243891063,0.6139852188743604,0.2511766533917446,0.0999741183277251,0.1098440995832022,1
3772,Maxime Lopez,26,1972,0,1.19584228284657,3,5.305629551410675,13,44,9,0,M S,Paris FC,0,1.19584228284657,15.837323753163218,11.921094071120024,Ligue_1,midfield,0.0,0.1369168356997971,0.054576980454458,0.5933062880324543,0.2421433365248279,2.0081135902636915,0.7227987514121145,0.5440661594324554,0.0919878679112746,0
5177,Caio Henrique,22,1527,0,0.1910106763243675,2,3.198100356385112,2,21,2,0,D M S,Monaco,0,0.1910106763243675,4.503836177289486,3.891177363693714,Ligue_1,midfield,0.0,0.1178781925343811,0.011257996639943,0.1178781925343811,0.1884931447771185,1.237721021611002,0.2654520340249205,0.2293424772314566,0.0955053381621837,3
6333,Elisha Owusu,29,2366,0,0.1431004349142313,0,1.0085062738507986,7,12,7,0,M S,Auxerre,0,0.1431004349142313,5.528114141896367,4.889742797240615,Ligue_1,midfield,0.0,0.0,0.0054433808716317,0.2662721893491124,0.0383624533586525,0.4564666103127641,0.2102832936477907,0.1860003599964731,0.0204429192734616,1
6904,Ibrahima Sissoko,14,901,0,0.1656182212755084,0,0.8984191156923771,6,4,4,0,D M S,Nantes,0,0.1656182212755084,4.065130893141031,3.4186657033860683,Ligue_1,midfield,0.0,0.0,0.0165434405269653,0.5993340732519422,0.0897421980158867,0.3995560488346282,0.4060619094147534,0.3414871401828481,0.0276030368792514,1
7732,Haris Belkebla,33,2894,0,0.1648719646036625,0,0.588433382101357,5,16,7,0,M,Angers,0,0.1648719646036625,6.914338298141956,6.294488521292806,Ligue_1,midfield,0.0,0.0,0.0051273244002521,0.1554941257774706,0.0182995868656261,0.497581202487906,0.2150277977998535,0.1957511979669497,0.0329743929207324,1
8372,Lucas Gourna Douath,15,1275,0,0.2040942274034023,0,0.1832763087004423,9,6,5,0,M S,Le Havre,0,0.2040942274034023,2.2300780918449163,1.9834622982889407,Ligue_1,midfield,0.0,0.0,0.0144066513461225,0.6352941176470589,0.0129371512023841,0.4235294117647058,0.1574172770714058,0.1400091034086311,0.0226771363781558,1
9279,Krépin Diatta,18,997,0,0.9261248912662268,1,1.7593798488378525,7,12,2,0,D M S,Monaco,0,0.9261248912662268,5.158774934709072,3.25042811781168,Ligue_1,midfield,0.0,0.0902708124373119,0.0836020463530194,0.6318956870611836,0.158820648340428,1.083249749247743,0.4656868045374288,0.293418786963943,0.1323035558951752,3
9632,Deiver Machado,19,1201,0,0.9087755605578424,1,1.3946983963251114,13,7,3,0,D M S,"Lens,Nantes",0,0.9087755605578424,4.014362066984177,1.735212780535221,Ligue_1,midfield,0.0,0.0749375520399667,0.0681014158619532,0.9741881765195672,0.1045152836546711,0.5245628642797668,0.300826466301895,0.1300325980417734,0.0699058123506032,1
9642,Salis Abdul Samed,18,935,0,0.0150888161733746,0,0.0130633702501654,1,1,3,0,M S,Nice,0,0.0150888161733746,1.7302154079079628,1.7171520367264748,Ligue_1,midfield,0.0,0.0,0.0014523994177579,0.0962566844919786,0.001257436708572,0.0962566844919786,0.1665447986221568,0.1652873618239387,0.0150888161733746,1
10390,Ismaël Doukouré,25,2090,0,0.520645690150559,2,0.7339983405545354,7,6,4,2,D M,Strasbourg,0,0.520645690150559,8.15952231734991,7.986851118505001,Ligue_1,midfield,0.0,0.0861244019138756,0.0224201493366269,0.3014354066985646,0.0316075840430182,0.2583732057416268,0.3513669897423406,0.3439313878782057,0.0743779557357941,1
10790,Branco van den Boomen,15,1254,0,1.0635485812090335,1,2.33521773852408,13,28,3,0,M S,Angers,0,0.3034534617327153,5.750964725390077,4.139429623261094,Ligue_1,midfield,0.0,0.0717703349282296,0.0217789565836877,0.9330143540669856,0.1675993592242162,2.0095693779904304,0.4127486645016802,0.2970882504732843,0.0233425739794396,3
11787,Loïc Négo,30,2339,0,0.5308519587852061,0,1.5366831179708242,16,15,3,0,D M S,Le Havre,0,0.5308519587852061,4.094172183424234,3.173476282507181,Ligue_1,midfield,0.0,0.0,0.0204261121379514,0.615647712697734,0.0591284654199975,0.5771697306541257,0.1575354837572386,0.1221089634141283,0.0331782474240753,1
11946,Mohamed Kaba,13,1028,0,1.3476893231272695,2,1.95227812230587,11,12,2,0,M S,Nantes,0,1.3476893231272695,4.149868421256542,1.6434682048857212,Ligue_1,midfield,0.0,0.1750972762645914,0.1179883648652278,0.9630350194552528,0.1709192908633544,1.050583657587549,0.3633153287092304,0.1438834031514736,0.1225172111933881,3
12162,Ayyoub Bouaddi,30,2354,0,1.0655275946483016,1,2.003947176970541,16,21,7,1,D M S,Lille,0,1.0655275946483016,12.056816457770765,10.517980525270104,Ligue_1,midfield,0.0,0.038232795242141,0.0407380983510395,0.6117247238742566,0.0766165020931812,0.8028887000849617,0.4609657949020258,0.4021317957834789,0.0665954746655188,1
12186,Kassoum Ouattara,15,992,0,1.185075655579567,3,2.7024725899100304,12,17,3,0,D M S,Monaco,0,1.185075655579567,7.205395624041557,4.093011476099491,Ligue_1,midfield,0.0,0.2721774193548387,0.10751694455863,1.0887096774193548,0.2451840051329664,1.5423387096774193,0.6537153287940929,0.3713417669848328,0.0987563046316305,3
12451,Djaoui Cissé,24,965,0,0.7663131225854158,0,0.8388501536101103,24,13,3,0,M S,Rennes,0,0.7663131225854158,4.438290206715465,3.444454189389944,Ligue_1,midfield,0.0,0.0,0.0714696176504532,2.238341968911917,0.0782347293522382,1.212435233160622,0.4139338016625822,0.3212444321710829,0.0319297134410589,1
13407,Fredrik Oppegård,23,1238,0,0.5601710639894009,0,0.6256506145000458,10,11,1,1,D M S,Auxerre,0,0.5601710639894009,2.55569008924067,1.6407343791797755,Ligue_1,midfield,0.0,0.0,0.0407232599022989,0.7269789983844911,0.0454834857067884,0.7996768982229403,0.1857933021257353,0.1192779435591113,0.05601710639894,1
13742,Ayumu Seko,30,2629,0,0.9660781314596534,0,0.4601332331076264,17,10,6,0,D M S,Le Havre,0,0.9660781314596534,6.02835941594094,5.555001525208354,Ligue_1,midfield,0.0,0.0,0.0330722829331946,0.5819703309243058,0.0157519935259362,0.3423354887790034,0.2063721367191649,0.1901674162300311,0.0568281253799796,1
13812,Alpha Touré,30,1591,0,1.0313540250062945,1,0.4349074102938175,17,11,4,0,D M S,Metz,0,1.0313540250062945,3.260238066315651,2.2326008649542928,Ligue_1,midfield,0.0,0.0565681961030798,0.0583418367382567,0.9616593337523568,0.0246019276721832,0.6222501571338781,0.1844257862780695,0.12629420354864,0.0606678838238996,1
14031,Charles Vanhoutte,26,1801,0,0.2521444540470838,2,1.149057075381279,5,15,7,0,M S,Nice,0,0.2521444540470838,6.881905682384968,5.568232594057918,Ligue_1,midfield,0.0,0.0999444752915047,0.0126002225786993,0.2498611882287618,0.0574209532394864,0.7495835646862854,0.3439042262157952,0.2782570424570864,0.0504288908094167,1
14376,Quinten Timber,15,1135,0,1.134893774986267,0,0.4600138962268829,10,8,4,0,M S,Marseille,0,1.134893774986267,3.7130206748843193,3.1272013261914253,Ligue_1,midfield,0.0,0.0,0.0899915768711577,0.7929515418502203,0.0364768728285634,0.6343612334801763,0.2944245469071266,0.2479719113279544,0.1134893774986267,1
