id,player_name,games,time,goals,xG,assists,xA,shots,key_passes,yellow_cards,red_cards,position,team_title,npg,npxG,xGChain,xGBuildup,Comp,Group,Gls_p90,Ast_p90,npxG_p90,Sh_p90,xA_p90,KP_p90,xGChain_p90,xGBuildup_p90,npxG_per_Sh,Cluster
8260,Erling Haaland,35,2979,27,28.795336209237576,8,5.507687093690038,125,25,2,0,F S,Manchester City,24,25.7506607696414,32.735352732241154,5.163548586890101,EPL,attack,0.8157099697885197,0.2416918429003021,0.7779655821643927,3.776435045317221,0.1663953804740192,0.7552870090634441,0.9889834662308504,0.1559984467338399,0.2060052861571312,3
13222,Thiago,38,3292,22,24.68977300822735,1,3.4500465877354145,84,24,7,0,F S,Brentford,14,17.83925338834524,22.6934577524662,4.9276386722922325,EPL,attack,0.6014580801944107,0.0273390036452004,0.4877074134116256,2.296476306196841,0.09432083623821,0.6561360874848117,0.6204165242168767,0.1347167316240282,0.2123720641469671,3
11363,Antoine Semenyo,37,3220,17,12.836786897853017,4,4.130169393494725,83,38,7,0,F M,"Bournemouth,Manchester City",16,11.31444920040667,20.870588455349207,7.893717190250754,EPL,attack,0.4751552795031056,0.1118012422360248,0.316242368955466,2.3198757763975157,0.1154395172094798,1.062111801242236,0.58333942887622,0.2206318469324745,0.1363186650651406,0
8865,Ollie Watkins,37,2908,16,18.82772558834404,3,2.816021606326103,83,23,4,0,F S,Aston Villa,16,18.82772558834404,21.74590409174561,4.3408186649903655,EPL,attack,0.4951856946354883,0.092847317744154,0.5827012733669064,2.568775790921596,0.0871533509523209,0.7118294360385145,0.6730162889467348,0.1343444566193717,0.2268400673294462,3
6857,Morgan Gibbs-White,37,3142,15,11.671697720885277,4,4.5044658575207,83,48,1,0,F M S,Nottingham Forest,14,10.910528883337976,17.26536614820361,5.41371457837522,EPL,attack,0.4296626352641629,0.1145767027371101,0.3125231061427173,2.377466581795035,0.1290267113866527,1.3749204328453215,0.4945521812025222,0.1550713914875142,0.1314521552209394,0
8272,João Pedro,35,2698,15,15.723741941154003,5,3.983569510281086,73,29,5,0,F M S,Chelsea,15,15.723741941154003,19.279914382845163,4.795918667688966,EPL,attack,0.5003706449221645,0.1667902149740548,0.5245132597123278,2.435137138621201,0.1328840829967745,0.9673832468495182,0.6431402129192234,0.159982461116385,0.2153937252212877,3
5555,Dominic Calvert-Lewin,35,2732,14,18.671318570151925,1,1.5441157519817352,73,20,3,0,F S,Leeds,10,14.865511130541565,18.026230743154883,2.768353534862399,EPL,attack,0.4612005856515373,0.0329428989751098,0.4897130313868011,2.404831625183016,0.05086764922341,0.6588579795021963,0.5938362982737699,0.0911975908263601,0.2036371387745419,3
7254,Viktor Gyokeres,36,2255,14,13.871430788189173,1,2.6537387324497104,55,20,5,0,F S,Arsenal,11,11.58792421594262,14.77520313858986,3.259540883824229,EPL,attack,0.5587583148558758,0.0399113082039911,0.4624892148269781,2.1951219512195124,0.1059141844436691,0.7982261640798226,0.589697686240837,0.1300925408178184,0.2106895311989567,3
501,Danny Welbeck,37,2286,13,12.718900069594383,1,2.2625304386019707,56,20,5,0,F S,Brighton,12,10.435393424704673,14.98485920764506,4.79668786842376,EPL,attack,0.5118110236220472,0.0393700787401574,0.4108422608151446,2.204724409448819,0.0890760015197626,0.7874015748031497,0.5899550869151599,0.1888459790718015,0.1863463111554406,3
11504,Eli Junior Kroupi,33,1708,13,8.849121669307351,0,1.81576990429312,52,22,5,0,F M S,Bournemouth,11,7.326783983036876,11.65668847411871,5.08306846767664,EPL,attack,0.6850117096018735,0.0,0.3860717555464396,2.740046838407494,0.0956787420294969,1.1592505854800936,0.6142283153809625,0.2678431862358885,0.1408996919814784,3
5735,Jean-Philippe Mateta,32,2225,12,15.977427493780851,0,1.2496193014085293,63,9,2,0,F S,Crystal Palace,8,12.93275199458003,15.170770466327667,2.393757389858365,EPL,attack,0.4853932584269663,0.0,0.523122552589754,2.548314606741573,0.0505463987086596,0.3640449438202247,0.6136491424581978,0.0968261416122484,0.2052817776917465,3
6026,Richarlison,32,1926,11,9.866276641376317,4,3.4081881837919354,61,19,5,0,F M S,Tottenham,11,9.866276641376317,11.187864126637578,2.256451802328229,EPL,attack,0.5140186915887851,0.1869158878504672,0.4610409645502952,2.850467289719626,0.1592611300837353,0.8878504672897196,0.5227973890952139,0.105441673005992,0.1617422400225625,3
6552,Bryan Mbeumo,33,2676,11,13.309208107180892,3,5.091009698808193,73,45,4,0,F M S,Manchester United,11,13.309208107180892,22.316140696406364,6.068183907307684,EPL,attack,0.3699551569506726,0.100896860986547,0.447619106743752,2.4551569506726456,0.171222299287271,1.5134529147982063,0.7505428485338463,0.2040869027121418,0.1823179192764505,3
8995,Hugo Ekitike,28,1835,11,11.932188130915163,4,2.49130567535758,65,21,0,0,F S,Liverpool,11,11.932188130915163,16.322998896241188,4.886437067762017,EPL,attack,0.5395095367847411,0.1961852861035422,0.5852299355762205,3.188010899182561,0.1221893791728513,1.0299727520435968,0.8005830521317203,0.2396617635414613,0.1835721250910025,3
11974,Benjamin Sesko,30,1636,11,12.504127995111048,1,0.5977376587688923,61,9,2,0,F S,Manchester United,11,12.504127995111048,14.22715387493372,1.6295164097100496,EPL,attack,0.6051344743276283,0.0550122249388753,0.6878799019315369,3.355745721271393,0.0328828785386309,0.4951100244498778,0.7826673892078452,0.0896433232725577,0.204985704837886,3
13729,Zian Flemming,29,1795,11,9.554794699884951,0,0.6848367601633072,52,10,5,0,F S,Burnley,9,8.032457021065056,7.825265257619321,1.7185871880501509,EPL,attack,0.5515320334261838,0.0,0.402741577657858,2.607242339832869,0.0343372191725335,0.5013927576601671,0.3923531326940049,0.0861687169495897,0.1544703273281741,0
7080,Matheus Cunha,33,2506,10,7.076101643964648,2,3.698060866445303,90,33,4,0,F M S,Manchester United,10,7.076101643964648,17.601462572813034,10.04429018124938,EPL,attack,0.3591380686352753,0.071827613727055,0.254129747788036,3.232242617717478,0.1328114437270859,1.1851556264964087,0.6321355273556157,0.3607286976506162,0.0786233515996072,2
8497,Cole Palmer,26,2007,10,10.257518742233517,1,2.123134629800916,64,24,5,0,F M S,Chelsea,5,5.69050582125783,16.862019807100296,10.53817812167108,EPL,attack,0.4484304932735426,0.0448430493273542,0.2551796332402614,2.8699551569506725,0.0952078309327765,1.0762331838565022,0.7561443859686232,0.4725640413305417,0.0889141534571535,2
12412,Morgan Rogers,37,3301,10,7.145822267979384,6,7.475014166906476,84,48,7,0,F M,Aston Villa,10,7.145822267979384,18.204907912760973,7.18029835447669,EPL,attack,0.2726446531354135,0.1635867918812481,0.1948270233620553,2.290215086337473,0.2038022644718518,1.308694335049985,0.496347080323686,0.1957669954265077,0.0850693127140403,1
1776,Jarrod Bowen,38,3416,9,8.273593910038471,11,8.43197707645595,79,44,4,0,F M,West Ham,8,7.512425065040588,14.380666948854923,3.877509349957109,EPL,attack,0.23711943793911,0.2898126463700234,0.1979268898869007,2.081381733021077,0.2221539627871883,1.1592505854800936,0.3788817404557795,0.1021592041850526,0.0950939881650707,1
4105,Raúl Jiménez,36,2215,9,12.016586696729064,3,1.944130852818489,73,25,5,0,F S,Fulham,5,8.971911305561662,10.551293056458237,1.5579581297934055,EPL,attack,0.3656884875846501,0.1218961625282167,0.3645471862304964,2.966139954853273,0.0789940301370943,1.015801354401806,0.4287207110976259,0.0633030391338178,0.122902894596735,0
5675,Ismaila Sarr,28,2181,9,11.5433072373271,1,2.200463268905878,48,19,2,0,F M S,Crystal Palace,6,9.259800650179386,12.695851609110832,3.182719247415662,EPL,attack,0.3713892709766161,0.0412654745529573,0.3821100680954354,1.9807427785419531,0.0908031610277528,0.7840440165061898,0.5239003415038858,0.1313364201134386,0.1929125135454038,0
9983,Beto,37,1552,9,10.947674445807934,1,1.0041863042861223,43,12,3,0,F S,Everton,9,10.947674445807934,12.09721666574478,0.9316300563514232,EPL,attack,0.5219072164948454,0.0579896907216494,0.6348522552337076,2.493556701030928,0.0582324532124684,0.6958762886597938,0.7015138530393236,0.0540249388348119,0.2545970801350682,3
8117,Nick Woltemade,33,1953,8,8.262036986649036,3,2.9012854490429163,32,22,0,0,F M S,Newcastle United,7,7.500868149101734,8.79227769561112,2.300962809473276,EPL,attack,0.3686635944700461,0.1382488479262673,0.3456621266867158,1.4746543778801844,0.1336997902784754,1.0138248847926268,0.4051740873553511,0.1060351525102892,0.2344021296594292,0
9156,Kevin Schade,35,2781,8,11.832689953967929,3,4.565257132053375,57,29,6,1,F M S,Brentford,8,11.071521116420628,17.37519696727395,3.947028372436762,EPL,attack,0.2588996763754045,0.0970873786407766,0.3583016542530948,1.8446601941747571,0.1477429492573908,0.9385113268608414,0.562304108973267,0.1277355460335521,0.1942372125687829,0
10746,Jaidon Anthony,37,2777,8,5.564454321749508,2,4.374400090426207,55,37,4,0,F M S,Burnley,8,5.564454321749508,12.432500068098308,5.833836998790503,EPL,attack,0.2592725963269716,0.0648181490817429,0.180338814892854,1.7824990997479293,0.1417702586022177,1.1991357580122437,0.4029258214363874,0.1890692581530951,0.1011718967590819,1
11966,Noah Okafor,28,1592,8,6.296696716919541,1,2.259315438568592,35,19,3,0,F M S,Leeds,8,6.296696716919541,10.915966423228385,3.821857213973999,EPL,attack,0.4522613065326633,0.0565326633165829,0.3559690355042454,1.9786432160804024,0.127725119014556,1.0741206030150754,0.6171086545794942,0.2160597671216456,0.1799056204834154,3
12916,Thierno Barry,38,1921,8,9.149327086284757,0,1.003938363865018,38,12,3,0,F S,Everton,8,9.149327086284757,10.248973826877773,2.152141290716827,EPL,attack,0.3748047891723061,0.0,0.4286514512054285,1.780322748568454,0.0470351133513022,0.5622071837584591,0.4801705593019258,0.1008291078420168,0.2407717654285462,0
468,Callum Wilson,32,1229,7,7.60266119800508,1,1.0267592892050743,38,8,1,0,F M S,West Ham,7,7.60266119800508,6.896431270986795,0.6376099903136492,EPL,attack,0.5126118795768918,0.0732302685109845,0.5567449209279554,2.7827502034174127,0.0751898584446352,0.5858421480878763,0.5050275137419135,0.0466923507959547,0.2000700315264494,3
1250,Mohamed Salah,27,2163,7,8.837686643004417,7,6.428150682710111,67,49,1,0,F M S,Liverpool,6,8.076517805457115,17.373253114521503,6.297699823975563,EPL,attack,0.2912621359223301,0.2912621359223301,0.3360548324045956,2.7877947295423025,0.2674681282681044,2.0388349514563107,0.7228815442935439,0.2620402145898292,0.1205450418724942,2
6055,Phil Foden,33,2083,7,6.688582047820091,5,6.107132508419454,55,53,4,0,F M S,Manchester City,7,6.688582047820091,19.91397963277996,11.249179357662795,EPL,attack,0.3024483917426788,0.2160345655304849,0.2889929833431628,2.3763802208353337,0.2638703436186994,2.28996639462314,0.8604215875901087,0.4860423150214362,0.121610582687638,2
6681,Harvey Barnes,37,1947,7,8.050524456426501,1,3.1062511932104826,58,23,1,0,F M S,Newcastle United,7,8.050524456426501,12.753550255671144,4.153433019295335,EPL,attack,0.3235747303543914,0.0462249614791987,0.3721351828856626,2.6810477657935285,0.1435863417508697,1.0631741140215716,0.5895323692914243,0.191992281323359,0.1388021458004569,0
7322,Bukayo Saka,31,2239,7,8.701195661909878,5,8.552797641605139,71,62,2,0,F M S,Arsenal,6,7.940026824362576,19.112561374902725,8.03783930838108,EPL,attack,0.2813756141134435,0.2009825815096025,0.3191614176831763,2.853952657436355,0.3437926698278081,2.492184010719071,0.7682583848777335,0.3230931387915575,0.1118313637234165,2
8706,Eberechi Eze,33,1928,7,4.807457456365228,2,2.63351690210402,63,17,1,0,F M S,"Arsenal,Crystal Palace",7,4.807457456365228,10.355983335524796,4.074069639667869,EPL,attack,0.3267634854771784,0.0933609958506224,0.2244145078178789,2.940871369294606,0.1229338802849386,0.7935684647302904,0.4834224586085226,0.1901795993620893,0.0763088485137337,0
9662,Dango Ouattara,32,2303,7,8.694322310388088,3,5.863189795985818,56,27,5,0,F M S,Brentford,7,8.694322310388088,13.248472003266215,2.525791243650019,EPL,attack,0.2735562310030395,0.1172383847155883,0.3397694346222006,2.188449848024316,0.2291303003207657,1.0551454624402952,0.5177431525375421,0.0987065618447684,0.1552557555426444,0
9789,Brian Brobbey,31,1943,7,7.111885398626328,1,1.5084331054240463,36,15,6,0,F S,Sunderland,7,7.111885398626328,9.288086591288447,1.6009146478027103,EPL,attack,0.3242408646423057,0.0463201235203293,0.3294234101267985,1.667524446731858,0.0698708077653958,0.6948018528049408,0.4302253181759959,0.0741545642317261,0.1975523721840646,0
11296,Cody Gakpo,36,2758,7,9.826099138706924,5,6.592332137748599,87,53,3,0,F M S,Liverpool,7,9.826099138706924,18.73160722479224,5.830895097926259,EPL,attack,0.2284263959390862,0.1631617113850616,0.3206486303421404,2.839013778100073,0.2151232387227606,1.7295141406816534,0.6112562183579774,0.190275764616883,0.1129436682609991,2
6544,Lukas Nmecha,31,1076,6,8.14029767177999,1,1.684540869668126,30,11,0,0,F S,Leeds,4,5.856791136786342,6.9614828154444695,1.4674436636269093,EPL,attack,0.5018587360594795,0.0836431226765799,0.4898802995453259,2.509293680297397,0.1409002586153637,0.9200743494423792,0.5822801611431248,0.1227415703777154,0.1952263712262114,3
7148,Wilson Isidor,32,1142,6,5.619414385408163,0,0.0,43,0,2,0,F S,Sunderland,6,5.619414385408163,6.032191339880228,0.6748491153120995,EPL,attack,0.4728546409807355,0.0,0.4428610286223596,3.388791593695271,0.0,0.0,0.4753916117243612,0.0531842560228449,0.1306840554746084,0
7698,Leandro Trossard,31,2026,6,6.75317111518234,6,4.988008487969637,53,36,2,0,F M S,Arsenal,6,6.75317111518234,13.572629373520613,4.960563652217388,EPL,attack,0.2665350444225074,0.2665350444225074,0.2999927938629865,2.354392892398816,0.2215798439868052,1.5992102665350445,0.6029302288335908,0.2203606755674062,0.1274183229279686,1
8150,Anthony Gordon,26,1888,6,8.756197515875101,2,3.714877739548683,48,26,3,1,F M S,Newcastle United,3,6.472690913826227,10.976929228752851,4.042658658698201,EPL,attack,0.2860169491525424,0.0953389830508474,0.3085498846633265,2.288135593220339,0.1770863329234012,1.2394067796610169,0.5232646348452101,0.1927114826709947,0.1348477273713797,0
9788,Dominik Szoboszlai,36,3236,6,4.724170769564807,7,8.835168853402138,70,78,8,1,D F M,Liverpool,6,3.963001917116344,21.543240651488304,15.061629813164473,EPL,attack,0.1668726823238566,0.1946847960444993,0.110219459993965,1.946847960444994,0.2457247208919012,2.169344870210136,0.5991630589103669,0.4188957611819538,0.056614313101662,2
10948,Valentín Castellanos,18,1430,6,7.11984671279788,0,0.747508816421032,50,12,6,0,F S,West Ham,6,7.11984671279788,6.779488665983081,1.1389543628320098,EPL,attack,0.3776223776223776,0.0,0.4481022406656008,3.146853146853147,0.0470460094250999,0.7552447552447552,0.426681104852082,0.0716824424160006,0.1423969342559576,0
12963,Evanilson,36,2810,6,11.830083925276996,1,3.069119781255722,72,30,2,0,F S,Bournemouth,6,11.830083925276996,15.950044002383947,3.485610034316778,EPL,attack,0.1921708185053381,0.0320284697508896,0.3788994851512205,2.306049822064057,0.098299210075806,0.9608540925266904,0.5108555018557136,0.1116387555475124,0.1643067211844027,0
13778,Igor Jesus,37,2379,6,7.199080093763769,4,2.280350387096405,70,15,2,0,F M S,Nottingham Forest,5,6.437911256216466,8.53495698235929,1.848353571258485,EPL,attack,0.2269861286254728,0.1513240857503152,0.243552758747155,2.648171500630517,0.0862679843794352,0.5674653215636822,0.3228861405684473,0.0699251035785051,0.0919701608030923,0
6382,Pedro Neto,34,2667,5,5.149658527225256,6,7.933838244527578,46,53,2,1,F M S,Chelsea,5,5.149658527225256,19.2750738747418,9.826909113675356,EPL,attack,0.1687289088863892,0.202474690663667,0.1737792528872415,1.5523059617547803,0.2677335740560487,1.7885264341957254,0.6504524367179458,0.3316167304952314,0.1119490984179403,1
8397,Florian Wirtz,33,2426,5,7.576831823214889,3,5.384264823049307,51,60,1,0,F M S,Liverpool,5,7.576831823214889,20.641500685364008,10.743050179444252,EPL,attack,0.1854905193734542,0.1112943116240725,0.2810860940186891,1.8920032976092331,0.1997460156943271,2.225886232481451,0.7657605365551363,0.398546791488039,0.1485653298669586,2
8651,Enzo Le Fée,36,2953,5,5.268677884712815,6,7.54641820769757,36,53,5,0,F M S,Sunderland,2,2.224039314314723,13.179932279512286,7.138605147600174,EPL,attack,0.1523874026413816,0.1828648831696579,0.067783114896148,1.0971892990179477,0.2299958139833326,1.6153064679986455,0.4016911294128363,0.2175666993850374,0.0617788698420756,1
8981,Jéremy Doku,30,1783,5,3.9999447921290994,5,7.553412737324834,39,59,0,0,F M S,Manchester City,5,3.9999447921290994,18.843964545056224,9.702232458628714,EPL,attack,0.2523836231071228,0.2523836231071228,0.2019041117732019,1.968592260235558,0.3812715346939063,2.9781267526640494,0.951181609116691,0.4897369160272486,0.1025626869776692,2
9492,Crysencio Summerville,31,2509,5,5.6990333795547485,2,3.23570919316262,54,28,6,0,F M S,West Ham,5,5.6990333795547485,11.091377541422844,3.962690422311425,EPL,attack,0.1793543244320446,0.0717417297728178,0.2044292563411428,1.937026703866082,0.1160676872796476,1.00438421681945,0.3978573051925293,0.1421451327253998,0.1055376551769397,0
11965,Tijjani Reijnders,28,1642,5,4.861917998641729,2,3.073294181376696,49,18,2,0,F M S,Manchester City,5,4.861917998641729,13.1919761672616,7.1736231576651335,EPL,attack,0.2740560292326431,0.1096224116930572,0.2664875882324943,2.6857490864799027,0.1684509600023767,0.9866017052375152,0.7230681212262753,0.3931949355602083,0.0992228162988108,2
13364,Diego Gómez,32,2186,5,6.4177497662603855,1,2.0924463979899883,42,20,9,0,F M S,Brighton,5,6.4177497662603855,14.40620754659176,7.100968384183943,EPL,attack,0.2058554437328454,0.041171088746569,0.2642257451799792,1.729185727355901,0.0861482963490846,0.8234217749313816,0.5931192494022225,0.2923545995318183,0.1528035658633425,0
5304,Mikel Merino,22,1002,4,5.217843644320965,3,2.2901399955153465,22,12,1,0,F M S,Arsenal,4,5.217843644320965,8.36886066198349,3.812133368104696,EPL,attack,0.3592814371257484,0.2694610778443114,0.4686685908072723,1.9760479041916168,0.2057011972019772,1.0778443113772456,0.7516940714356428,0.3424071887519188,0.2371747111054984,3
7365,Lucas Paquetá,18,1544,4,2.440835335291922,1,3.011969303712249,23,23,5,1,F M,West Ham,2,0.9184976601973176,4.265645559877157,1.5286574847996235,EPL,attack,0.233160621761658,0.0582901554404145,0.0535393713845586,1.3406735751295336,0.175568158895144,1.3406735751295336,0.2486451427389534,0.0891056824041231,0.0399346808781442,1
8094,Mathis Cherki,33,1792,4,4.64134069904685,12,10.784712422639132,55,60,1,0,F M S,Manchester City,4,4.64134069904685,20.81021820381284,11.157610276713967,EPL,attack,0.2008928571428571,0.6026785714285714,0.2331030485012369,2.7622767857142856,0.54164292301201,3.013392857142857,1.0451560481825646,0.5603710518438935,0.0843880127099427,2
9780,Mathys Tel,31,1324,4,2.8263100758194923,1,3.4139982480555773,35,29,1,0,F M S,Tottenham,4,2.8263100758194923,6.1857428681105375,2.608160737901926,EPL,attack,0.2719033232628399,0.0679758308157099,0.1921207755466422,2.3791540785498486,0.2320693673149561,1.9712990936555888,0.4204810106721664,0.1772918930597986,0.0807517164519854,1
10751,Brenden Aaronson,37,2517,4,5.881288753822446,5,5.662709843367338,46,34,3,0,F M S,Leeds,4,5.881288753822446,13.203591203317046,3.4881920777261257,EPL,attack,0.1430274135876043,0.1787842669845053,0.2102963797552722,1.6448152562574492,0.2024806856984745,1.2157330154946364,0.4721188749696202,0.1247267727434848,0.1278541033439662,1
11070,Jørgen Strand Larsen,36,2353,4,6.514206910505891,1,0.6865616654977202,44,10,4,0,F S,"Crystal Palace,Wolverhampton Wanderers",3,4.991869203746319,7.06976137124002,2.5690375342965126,EPL,attack,0.1529961750956226,0.0382490437739056,0.1909342236877045,1.6829579260518488,0.0262603271971078,0.3824904377390565,0.2704116121596268,0.0982632291061139,0.1134515728124163,0
13717,Chemsdine Talbi,28,1556,4,2.32377387303859,1,0.6003798525780439,25,12,0,0,F M S,Sunderland,4,2.32377387303859,3.2277513165026903,1.188907701522112,EPL,attack,0.2313624678663239,0.0578406169665809,0.1344085145073734,1.4460154241645244,0.0347263410874189,0.6940874035989717,0.1866951275612095,0.0687671549723586,0.0929509549215436,0
1679,Dominic Solanke,15,989,3,3.586364097893238,0,0.5976490452885628,20,6,1,0,F S,Tottenham,3,3.586364097893238,4.704602524638176,1.6908956598490477,EPL,attack,0.2730030333670374,0.0,0.3263627591611642,1.820020222446916,0.0543866674175638,0.5460060667340748,0.4281235866708148,0.1538732147486494,0.1793182048946619,0
4456,Chris Wood,15,913,3,3.365151971578598,0,0.321694266051054,23,5,0,0,F S,Nottingham Forest,3,3.365151971578598,3.2678276151418686,0.5070263929665089,EPL,attack,0.2957283680175246,0.0,0.3317236335619647,2.267250821467689,0.0317113734332911,0.4928806133625411,0.3221297758628348,0.0499806959112659,0.146310955286026,0
6063,Jacob Murphy,33,1630,3,3.1199456304311752,2,4.785552207380533,42,23,2,0,D F M S,Newcastle United,3,3.1199456304311752,8.429972594603896,2.7332380525767803,EPL,attack,0.1656441717791411,0.1104294478527607,0.1722669366495741,2.3190184049079754,0.2642329439657963,1.2699386503067485,0.4654586095180065,0.1509149844981044,0.0742844197721708,1
6937,Georginio Rutter,32,1784,3,2.933251672424376,3,4.598605487495661,42,25,2,0,F M S,Brighton,3,2.933251672424376,10.858153810724616,4.214052898809314,EPL,attack,0.1513452914798206,0.1513452914798206,0.1479779431155795,2.118834080717489,0.2319924293019111,1.2612107623318387,0.547776817805614,0.2125923547605595,0.0698393255339137,1
7498,Lyle Foster,26,1375,3,3.592184547334909,2,1.145955815911293,20,10,4,0,F M S,Burnley,3,3.592184547334909,5.975080406293273,2.130239402875304,EPL,attack,0.1963636363636363,0.1309090909090909,0.2351248067346486,1.309090909090909,0.0750080170414664,0.6545454545454545,0.3910961720482869,0.1394338518245653,0.1796092273667454,0
8875,Tolu Arokodare,33,1357,3,7.426559334620833,1,1.1596579402685163,46,11,1,0,F S,Wolverhampton Wanderers,3,6.665390497073531,5.404460851103067,1.1024699872359631,EPL,attack,0.1989683124539425,0.0663227708179808,0.4420671663497552,3.0508474576271185,0.0769117277996805,0.7295504789977892,0.3584388184224584,0.073118864297153,0.144899793414642,0
10806,Kaoru Mitoma,25,1723,3,4.789182621985674,1,3.54316034540534,32,30,5,0,F M S,Brighton,3,4.789182621985674,11.286602273583412,4.618424783460796,EPL,attack,0.1567034242600116,0.0522344747533372,0.2501604387572319,1.6715031921067904,0.1850751196091007,1.567034242600116,0.589549741510451,0.2412409927518697,0.1496619569370523,1
10809,Keane Lewis-Potter,36,1949,3,3.214926864951849,3,2.714283775538206,31,19,1,0,D F M S,Brentford,3,3.214926864951849,7.842858789488673,3.1916828025132418,EPL,attack,0.1385325808106721,0.1385325808106721,0.1484573719064476,1.4315033350436122,0.1253389121592809,0.8773730118009235,0.3621638230138433,0.147384018587066,0.1037073182242531,1
12756,Rodrigo Gomes,22,951,3,2.28443655744195,0,0.1513135097920894,21,3,0,0,D F M S,Wolverhampton Wanderers,3,2.28443655744195,3.37700173817575,1.008143601939082,EPL,attack,0.2839116719242902,0.0,0.2161927341427712,1.987381703470032,0.0143198905166015,0.2839116719242902,0.3195900698589037,0.0954079118554336,0.1087826932115214,0
675,Jack Grealish,20,1645,2,3.084938551299274,6,4.558330744504929,26,38,2,1,F M S,Everton,2,3.084938551299274,9.290637398138642,3.2924681939184666,EPL,attack,0.1094224924012158,0.3282674772036474,0.1687808325938812,1.4224924012158056,0.2493919556264094,2.0790273556231003,0.5083023500501385,0.180135037965144,0.1186514827422797,1
4419,Adam Armstrong,14,1170,2,2.8085783179849386,2,1.501315450295806,18,6,3,0,F M,Wolverhampton Wanderers,1,2.0474094804376364,2.8539646565914154,0.716374509036541,EPL,attack,0.1538461538461538,0.1538461538461538,0.1574930369567412,1.3846153846153846,0.1154858038689081,0.4615384615384615,0.2195357428147242,0.0551057314643493,0.1137449711354242,0
8700,Xavi Simons,28,1768,2,2.716290816664696,5,4.650560335256159,42,34,5,1,F M S,Tottenham,2,2.716290816664696,9.529860531911254,5.203196081332862,EPL,attack,0.1018099547511312,0.254524886877828,0.1382727225677729,2.138009049773756,0.2367366686499176,1.7307692307692308,0.4851173347692381,0.264868578800881,0.0646735908729689,1
8845,Hee-Chan Hwang,26,1469,2,2.6617424860596657,2,1.881555620580912,19,15,5,0,F M S,Wolverhampton Wanderers,1,1.900573648512364,5.158048531040549,1.74687934294343,EPL,attack,0.1225323349217154,0.1225323349217154,0.1164408634214518,1.1640571817562968,0.1152757017374282,0.918992511912866,0.3160138650739615,0.1070246023586852,0.1000301920269665,1
9024,Yeremi Pino,34,2134,2,4.372978935018182,2,8.502093791030347,45,48,4,0,F M S,Crystal Palace,2,4.372978935018182,13.46667707618326,4.587377788498998,EPL,attack,0.0843486410496719,0.0843486410496719,0.1844274152538127,1.8978444236176195,0.3585700286751317,2.0243673851921278,0.567947955415414,0.1934695412206699,0.0971773096670707,1
9977,Loum Tchaouna,29,1268,2,1.2590220803394914,1,1.1996374279260635,23,13,2,0,F M S,Burnley,2,1.2590220803394914,4.213689148426056,1.974099012091756,EPL,attack,0.1419558359621451,0.0709779179810725,0.0893627659546957,1.6324921135646688,0.0851477669663609,0.9227129337539433,0.29907888277472,0.140117437766765,0.0547400904495431,1
10760,Brennan Johnson,34,1709,2,2.5934192165732384,1,1.281047284603119,23,19,6,0,D F M S,"Crystal Palace,Tottenham",2,2.5934192165732384,5.23962683416903,1.934015018865466,EPL,attack,0.1053247513165594,0.0526623756582797,0.1365756170225813,1.211234640140433,0.0674629933377885,1.0005851375073145,0.2759311966502122,0.101849825452248,0.1127573572423147,0
11357,Noni Madueke,26,1246,2,1.9964179322123528,1,4.010977517813444,25,22,0,0,F M S,Arsenal,2,1.9964179322123528,6.728137206286192,3.293942168354988,EPL,attack,0.1444622792937399,0.0722311396468699,0.1442035424551458,1.8057784911717496,0.2897174772096388,1.5890850722311396,0.4859810181105596,0.2379251967511629,0.0798567172884941,1
12027,Mohammed Kudus,19,1577,2,2.362326920963824,5,2.574139247648418,26,21,3,0,F M,Tottenham,2,2.362326920963824,4.9626108556985855,1.4065115749835968,EPL,attack,0.1141407736207989,0.2853519340519975,0.1348189111520254,1.4838300570703866,0.1469071225671259,1.1984781230183892,0.2832181211242059,0.080270159637618,0.0908587277293778,1
5743,Randal Kolo Muani,30,1704,1,2.700563416816294,1,1.8472137674689293,20,19,3,0,F M S,Tottenham,1,2.700563416816294,4.246069150045514,0.7896932736039162,EPL,attack,0.0528169014084507,0.0528169014084507,0.1426353917332549,1.056338028169014,0.0975641074367392,1.0035211267605633,0.224264215671418,0.0417091517748547,0.1350281708408147,0
7752,Gabriel Martinelli,30,1025,1,5.357063241302967,4,2.569171307608485,29,13,3,0,F M S,Arsenal,1,5.357063241302967,10.0232590213418,3.6065212953835726,EPL,attack,0.0878048780487804,0.3512195121951219,0.4703762846022117,2.546341463414634,0.2255857733509889,1.1414634146341465,0.8800910360202556,0.3166701625214844,0.1847263186656195,2
7762,Jean-Ricner Bellegarde,26,1268,1,0.8698065197095275,1,1.216556794941425,21,13,5,0,F M S,Wolverhampton Wanderers,1,0.8698065197095275,5.200756997801364,3.501467832364142,EPL,attack,0.0709779179810725,0.0709779179810725,0.061737055815345,1.4905362776025235,0.0863486684106689,0.9227129337539433,0.3691389036294344,0.2485268966189059,0.041419358081406,1
8662,Dan Ndoye,24,1184,1,1.1724078450351954,1,1.552884567528963,15,14,1,0,F M S,Nottingham Forest,1,1.1724078450351954,4.023802410811186,1.8127466365695,EPL,attack,0.0760135135135135,0.0760135135135135,0.089118839571932,1.1402027027027029,0.1180402120587894,1.0641891891891893,0.3058633589299043,0.1377932409554518,0.0781605230023463,1
8868,Liam Delap,28,1064,1,5.030099527910352,0,0.1692549511790275,36,3,4,0,F S,Chelsea,1,5.030099527910352,7.515913432464004,3.400637183338404,EPL,attack,0.0845864661654135,0.0,0.4254783435262516,3.045112781954887,0.0143166782012335,0.2537593984962406,0.6357445572572935,0.2876478820493011,0.1397249868863986,0
10552,Alejandro Garnacho,24,1285,1,4.111795756965876,4,4.21896393597126,33,29,2,0,F M S,Chelsea,1,4.111795756965876,12.953486386686563,6.525954343378544,EPL,attack,0.0700389105058365,0.2801556420233463,0.2879856950404115,2.311284046692607,0.2954916375388431,2.0311284046692606,0.9072480737757126,0.4570707322210653,0.1245998714232083,2
10717,Rodrigo Muniz,21,1001,1,4.545291785150766,1,0.9614864559844136,32,8,2,0,F S,Fulham,1,4.545291785150766,4.830986261367798,1.298047307878733,EPL,attack,0.0899100899100899,0.0899100899100899,0.4086675930704985,2.877122877122877,0.0864473337048923,0.7192807192807192,0.4343544091139878,0.116707550158927,0.1420403682859614,0
12410,Joshua King,32,1306,1,3.79960710555315,2,1.0395643608644605,26,15,4,0,F M S,Fulham,1,3.79960710555315,6.186926681548357,2.6014943681657314,EPL,attack,0.0689127105666156,0.1378254211332312,0.2618412247318403,1.791730474732006,0.0716391979156213,1.0336906584992342,0.4263578877024136,0.1792760284340856,0.1461387348289673,0
13730,Marcus Edwards,23,1054,1,2.2835088558495045,3,2.546008862555027,23,20,0,0,F M S,Burnley,1,2.2835088558495045,6.092996638268232,3.1580835357308388,EPL,attack,0.0853889943074003,0.2561669829222011,0.1949865246930316,1.9639468690702089,0.2174011362713021,1.7077798861480076,0.5202748552600958,0.2696655770548155,0.0992829937325871,1
13741,Jhon Arias,23,1140,1,3.293146742507816,0,0.8962265644222498,16,11,1,0,F M S,Wolverhampton Wanderers,1,3.293146742507816,4.877626428380609,1.3450943380594254,EPL,attack,0.0789473684210526,0.0,0.2599852691453539,1.263157894736842,0.0707547287701776,0.868421052631579,0.3850757706616269,0.1061916582678493,0.2058216714067385,0
5355,Jacob Bruun Larsen,28,1003,0,1.4321176074445248,1,1.3782861307263374,17,12,0,0,F M S,Burnley,0,1.4321176074445248,4.528628235682845,2.252522235736251,EPL,attack,0.0,0.0897308075772681,0.1285050694616223,1.5254237288135593,0.1236747275826225,1.0767696909272184,0.4063574688050409,0.2021206392983674,0.0842422122026191,1
6756,Dwight McNeil,22,1184,0,1.4632735215127468,1,1.7390878200531006,24,15,1,0,F M S,Everton,0,1.4632735215127468,4.620902612805367,2.5291305258870125,EPL,attack,0.0,0.0760135135135135,0.1112285616014756,1.8243243243243243,0.1321941755107931,1.1402027027027029,0.3512510432031107,0.1922480974069519,0.0609697300630311,1
9524,Anthony Elanga,32,1289,0,1.4534468036144972,1,1.749520514160395,17,15,0,0,F M S,Newcastle United,0,1.4534468036144972,4.289053320884705,1.8433666191995144,EPL,attack,0.0,0.0698215671062839,0.1014819335339835,1.1869666408068271,0.1221542639832703,1.047323506594259,0.2994684242665814,0.1287067461039226,0.0854968708008527,1
10822,Wilson Odobert,24,946,0,2.460178238339722,2,1.9524234533309937,21,20,0,0,F M S,Tottenham,0,2.460178238339722,5.9682222586125135,2.8834201879799366,EPL,attack,0.0,0.1902748414376321,0.2340550121042019,1.9978858350951376,0.1857485315008345,1.9027484143763211,0.5678012719610214,0.2743211595329749,0.1171513446828439,1
11903,Oscar Bobb,23,1046,0,1.4291031155735254,1,2.017092976719141,12,22,1,0,F M S,"Fulham,Manchester City",0,1.4291031155735254,5.759685222059488,3.5445012114942074,EPL,attack,0.0,0.0860420650095602,0.1229629831755423,1.032504780114723,0.1735548450331957,1.892925430210325,0.4955752103110458,0.3049762036658496,0.1190919262977937,1
3423,Kylian Mbappe-Lottin,31,2623,25,25.79652861133217,5,7.240631651133299,146,65,4,0,F S,Real Madrid,17,19.107029650360342,27.866944551467896,7.233587654307485,La_Liga,attack,0.857796416317194,0.1715592832634388,0.6555976624218188,5.009531071292414,0.2484395152885996,2.2302706824247043,0.9561666067983646,0.2481978226792503,0.1308700660983585,3
9002,Vedat Muriqi,37,3150,23,21.630785251036286,1,2.485310326330364,114,24,4,1,F S,Mallorca,18,16.427841836586595,18.902257680892944,4.6435397625900805,La_Liga,attack,0.6571428571428571,0.0285714285714285,0.4693669096167598,3.257142857142857,0.0710088664665818,0.6857142857142857,0.5400645051683698,0.1326725646454308,0.1441038757595315,3
1235,Ante Budimir,37,2995,17,19.19176504760981,0,1.7123363316059113,103,16,3,0,F S,Osasuna,11,13.24554404988885,12.536680994555354,1.237377729266882,La_Liga,attack,0.5108514190317195,0.0,0.3980297043372275,3.095158597662772,0.0514558496976734,0.4808013355592654,0.3767283103539171,0.0371833040514254,0.1285975150474645,0
6441,Ferrán Torres,33,2025,16,16.183371974155307,2,3.157755734398961,69,23,1,0,F M S,Barcelona,16,16.183371974155307,23.031330455094576,5.379237103275955,La_Liga,attack,0.7111111111111111,0.0888888888888888,0.7192609766291248,3.066666666666667,0.1403446993066205,1.022222222222222,1.0236146868930922,0.2390772045900424,0.234541622813845,3
7008,Vinícius Júnior,36,2865,16,14.403762575238945,5,7.155190063640475,100,69,7,0,F M S,Real Madrid,12,10.687374416738749,23.04617050290108,8.551076833158731,La_Liga,attack,0.5026178010471204,0.1570680628272251,0.33572903926928,3.141361256544503,0.2247703684913238,2.1675392670157065,0.7239634712953219,0.268620214654201,0.1068737441673874,2
11527,Lamine Yamal,28,2291,16,14.664689928293228,11,12.566995456814766,117,73,1,0,F M S,Barcelona,13,11.691579438745975,33.655128441751,15.989167042076588,La_Liga,attack,0.6285464862505455,0.4321257092972501,0.4592938234339318,4.596246180707115,0.4936838023192182,2.867743343518114,1.3221132953983372,0.6281209226481418,0.0999280293909912,2
2234,Mikel Oyarzabal,34,2727,15,16.028234442695975,4,5.957455115392804,79,42,3,0,F S,Real Sociedad,8,10.825419073924422,20.298587683588263,6.757064882665873,La_Liga,attack,0.4950495049504951,0.132013201320132,0.3572745568951954,2.607260726072607,0.1966156803760001,1.386138613861386,0.6699203855969723,0.223005441672141,0.1370306211889167,3
227,Robert Lewandowski,31,1630,14,16.066804450005293,2,2.279528703540564,63,13,2,0,F S,Barcelona,13,13.836971666663883,19.4469972550869,6.116905840113759,La_Liga,attack,0.7730061349693252,0.1104294478527607,0.7640045705519936,3.478527607361963,0.125863548048252,0.7177914110429449,1.0737605846367,0.337743267245545,0.2196344708994267,3
2543,Borja Iglesias,35,1903,14,11.60863982141018,2,1.6599800884723663,46,17,7,0,F S,Celta Vigo,10,8.635529387742281,13.605882365256548,4.463654295541346,La_Liga,attack,0.6621124540199685,0.094587493431424,0.4084065396199712,2.1755123489227537,0.0785066778573373,0.8039936941671046,0.6434731544262161,0.2111029356798324,0.1877288997335278,3
6400,Antonio Martínez,37,2750,14,12.836471602320673,3,3.8200031016021967,93,24,2,0,F S,Alaves,13,12.09319394826889,15.361863365396855,3.4809861443936825,La_Liga,attack,0.4581818181818182,0.0981818181818181,0.3957772564888001,3.0436363636363635,0.1250182833251628,0.7854545454545455,0.5027518919584426,0.1139231829074296,0.130034343529773,0
6531,Alexander Sørloth,35,1955,13,13.927608631551266,0,1.2237359210848808,68,10,4,1,F S,Atletico Madrid,13,13.927608631551266,15.904344144277276,2.849465993233025,La_Liga,attack,0.59846547314578,0.0,0.6411686838054291,3.130434782608696,0.05633566900135,0.4603580562659847,0.7321692956444782,0.1311774626040779,0.2048177739934009,3
8026,Raphinha,22,1424,13,11.12714341841638,3,5.906838221475482,65,40,5,0,F M S,Barcelona,10,8.897310553118587,18.973049715161324,7.869677424430847,La_Liga,attack,0.821629213483146,0.1896067415730337,0.5623300209133938,4.10814606741573,0.3733254493910066,2.528089887640449,1.1991393780649713,0.497381297892399,0.136881700817209,2
8187,Georges Mikautadze,33,2155,13,15.062094315886496,6,4.149701787158847,66,29,1,0,F S,Villarreal,13,15.062094315886496,19.971632717177272,2.1160078616812825,La_Liga,attack,0.54292343387471,0.2505800464037123,0.6290433821019883,2.7563805104408354,0.1733054110646386,1.211136890951276,0.8340821088380299,0.0883715580284526,0.2282135502407044,3
1189,Lucas Boyé,29,1960,11,11.103807976469398,1,2.709607819095254,63,28,2,1,F M S,Alaves,8,8.873975029215217,12.193470728583634,3.775087649933994,La_Liga,attack,0.5051020408163265,0.0459183673469387,0.407478445219066,2.8928571428571423,0.1244207672033535,1.2857142857142856,0.5599042681492485,0.1733458614765609,0.1408567464954796,3
6954,Juan Camilo Hernández,32,2623,11,12.400350131094456,3,4.870423881337047,89,34,5,0,F S,Real Betis,10,11.65707252174616,19.107489496469498,5.405497080646455,La_Liga,attack,0.3774304231795654,0.1029355699580632,0.3999758013561397,3.0537552420892107,0.1671132860542639,1.1666031261913838,0.6556134405955985,0.1854726409676633,0.1309783429409681,3
13769,Carlos Espí,25,1328,11,9.884630508720877,0,0.6899255998432636,57,9,3,0,F S,Levante,11,9.884630508720877,9.323621347546576,0.3610123936086893,La_Liga,attack,0.7454819277108434,0.0,0.6698921278500594,3.862951807228916,0.0467570060134741,0.6099397590361446,0.6318719286740901,0.0244662013740828,0.1734145703284364,3
2120,Gerard Moreno,22,1368,10,7.015236139297485,0,3.00478845089674,39,23,0,0,F S,Villarreal,7,4.78540326654911,9.858238596469164,4.95141988992691,La_Liga,attack,0.6578947368421052,0.0,0.3148291622729678,2.56578947368421,0.1976834507168907,1.513157894736842,0.6485683287150766,0.325751308547823,0.1227026478602336,2
6170,André Silva,31,1858,10,10.836609966121614,0,1.556909404695034,57,22,3,0,F S,Elche,7,8.606777063570917,9.467075154185297,2.252919040620327,La_Liga,attack,0.4843918191603875,0.0,0.4169052398931014,2.761033369214209,0.0754154178808143,1.0656620021528525,0.4585773756063922,0.1091295552507155,0.1509960888345775,0
6637,Hugo Duro,36,1979,10,10.062427267432213,0,1.7364629544317722,36,17,4,1,F S,Valencia,9,8.575872018933296,11.142762534320354,2.799680398777128,La_Liga,attack,0.4547751389590702,0.0,0.3900093389105592,1.637190500252653,0.0789700181398986,0.7731177362304194,0.5067451379933461,0.1273225042394853,0.2382186671925915,0
7020,Gorka Guruzeta,35,2401,10,11.726107958704231,3,3.501504704356193,84,26,4,1,F M S,Athletic Club,9,10.982830349355936,16.107928594574332,4.2075874749571085,La_Liga,attack,0.3748438150770512,0.1124531445231153,0.4116846028496603,3.1486880466472305,0.1312517381891117,0.9745939192003332,0.6037957407378967,0.1577188141383339,0.1307479803494754,3
8107,Jorge De Frutos,36,2526,10,12.133321626111863,1,3.344836812466383,63,31,3,0,F M S,Rayo Vallecano,9,11.390043957158923,16.192682379856706,2.233673200942576,La_Liga,attack,0.3562945368171021,0.0356294536817102,0.4058210436042372,2.244655581947744,0.1191747082826502,1.1045130641330168,0.5769364268357496,0.0795845558530609,0.1807943485263321,0
10095,Abdessamad Ezzalzouli,29,2275,10,10.301263853907583,8,6.2180118300020695,73,32,3,0,F M S,Real Betis,10,10.301263853907583,18.697799935936928,4.9303385354578495,La_Liga,attack,0.3956043956043956,0.3164835164835164,0.4075225260886517,2.8879120879120883,0.245987281186895,1.265934065934066,0.7396931842788235,0.1950463596444863,0.141113203478186,3
11783,Akor Adams,32,2048,10,10.047341846860943,3,1.1498911064118147,61,13,3,0,F S,Sevilla,7,7.8175089890137315,9.731918376870452,1.3182228859513998,La_Liga,attack,0.439453125,0.1318359375,0.3435428754937675,2.6806640625,0.0505323240122379,0.5712890625,0.4276721942960648,0.0579297166677861,0.1281558850657988,0
12160,Alberto Moleiro,38,2535,10,5.6144147682935,5,5.77781119197607,46,38,5,0,F M S,Villarreal,10,5.6144147682935,15.232634784653785,5.500843932852149,La_Liga,attack,0.3550295857988166,0.1775147928994083,0.199328334969,1.6331360946745563,0.2051293914311031,1.349112426035503,0.5408036018220278,0.1952962343024431,0.1220524949629021,1
2335,Pablo Fornals,37,2912,9,4.941328717395663,6,7.8924933429807425,43,84,2,0,F M S,Real Betis,9,4.941328717395663,23.12612571939826,12.777029509656131,La_Liga,attack,0.2781593406593406,0.1854395604395604,0.1527196375568714,1.3289835164835164,0.2439300827157509,2.5961538461538463,0.7147497646792045,0.3948944559989876,0.1149146213347828,2
5656,Nicolas Pepe,37,2497,9,9.80356877669692,8,8.080096108838916,65,55,4,0,F M S,Villarreal,7,8.317013502120972,21.613017408177257,7.798260133713484,La_Liga,attack,0.3243892671205446,0.2883460152182619,0.2997722127316329,2.3428113736483778,0.2912329394455356,1.9823788546255507,0.7790034308113548,0.2810746543989642,0.1279540538787841,2
8549,Ferrán Jutglà,30,1702,9,6.59795877058059,3,1.5541915334761145,45,15,4,0,F M S,Celta Vigo,9,6.59795877058059,8.991645194590092,2.8614895455539227,La_Liga,attack,0.4759106933019977,0.1586368977673325,0.3488932369872227,2.3795534665099884,0.0821840411356347,0.7931844888366627,0.4754688998314385,0.1513126081667761,0.146621306012902,0
13705,Federico Viñas,34,2575,9,9.87893870100379,1,3.027751691639424,60,29,5,3,F M S,Real Oviedo,7,8.392383448779583,8.796410974115133,2.640840981155634,La_Liga,attack,0.3145631067961165,0.0349514563106796,0.2933260234524902,2.0970873786407767,0.1058243309699216,1.013592233009709,0.3074473738525677,0.0923012381763134,0.1398730574796597,0
14041,Vladyslav Vanat,27,2003,9,9.496832385659218,1,2.104125237092376,27,12,4,0,F,Girona,6,7.2669995576143265,8.851113688200712,1.6265962794423103,La_Liga,attack,0.4043934098851722,0.0449326010983524,0.3265251923041884,1.2131802296555168,0.094543819939248,0.5391912131802297,0.3977035606280899,0.0730872017722456,0.2691481317634935,0
556,Marcus Rashford,32,1739,8,8.697766778059304,7,4.963629940524697,76,46,3,0,F M S,Barcelona,8,8.697766778059304,17.325936785899103,7.726865269243717,La_Liga,attack,0.4140310523289247,0.3622771707878091,0.4501431915039318,3.9332949971247846,0.2568871159558498,2.380678550891317,0.896684480006279,0.3998952698285995,0.1144442997113066,2
2589,Rafa Mir,27,1834,8,8.264916526153684,0,1.7095182929188013,69,9,4,0,F M S,Elche,7,6.778489189222455,11.559987911954522,4.549745937809348,La_Liga,attack,0.3925845147219193,0.0,0.3326412361123342,3.386041439476554,0.0838913011792214,0.4416575790621592,0.56728403057574,0.2232699751378633,0.0982389737568471,0
5074,Kike García,37,1694,8,10.003981161862612,1,2.6575004514306784,60,19,3,0,F S,Espanyol,7,8.517553839832544,12.71857414022088,2.124022038653493,La_Liga,attack,0.4250295159386068,0.0531286894923258,0.452526473190631,3.187721369539552,0.1411895163097763,1.009445100354191,0.6757211762809204,0.1128465073664783,0.1419592306638757,3
5682,Gonçalo Guedes,32,1833,8,4.142274813726544,4,2.665413634851575,46,24,3,0,F M S,Real Sociedad,8,4.142274813726544,12.011291518807411,7.679975047707558,La_Liga,attack,0.392798690671031,0.1963993453355155,0.2033850154039219,2.258592471358429,0.1308713732333015,1.1783960720130933,0.5897524477319515,0.3770855178907148,0.0900494524723161,1
10846,Julián Álvarez,29,1926,8,8.894600672647357,4,6.265264900401235,54,47,2,0,F S,Atletico Madrid,6,6.664767829701304,17.452052727341652,7.806348083540797,La_Liga,attack,0.3738317757009345,0.1869158878504672,0.3114377490514628,2.5233644859813085,0.2927693878692166,2.196261682242991,0.8155164825860585,0.3647826207262055,0.12342162647595,2
11094,Antony,32,2495,8,9.02497192658484,6,6.643909856677055,90,56,6,1,F M S,Real Betis,8,9.02497192658484,22.010275080800056,10.2550476831384,La_Liga,attack,0.2885771543086172,0.2164328657314629,0.3255500895361264,3.246492985971944,0.2396600749903547,2.0200400801603204,0.7939578185458939,0.3699215597124072,0.1002774658509426,2
2270,Antoine Griezmann,34,1428,7,8.293904645368457,4,4.9885023310780525,47,32,0,0,F S,Atletico Madrid,7,8.293904645368457,17.252844139933586,7.144089825451374,La_Liga,attack,0.4411764705882353,0.2521008403361344,0.5227250826912894,2.96218487394958,0.3144014074208857,2.016806722689076,1.0873641264664025,0.4502577621082799,0.1764660562844352,2
4175,Pere Milla,33,2005,7,7.654542326927185,1,4.100008985027671,59,34,6,1,F M S,Espanyol,7,7.654542326927185,11.191884029656649,3.3394176652655005,La_Liga,attack,0.314214463840399,0.0448877805486284,0.3435954161712951,2.6483790523690773,0.1840403035673268,1.5261845386533666,0.5023788342489268,0.1498990473186509,0.1297380055411387,0
8042,Raul García,36,926,7,6.938203576952219,1,1.1225733663886786,39,12,2,1,F S,Osasuna,7,6.938203576952219,7.228577986359596,1.1627431195229292,La_Liga,attack,0.6803455723542117,0.0971922246220302,0.6743394405245138,3.7904967602591793,0.109105402780757,1.1663066954643628,0.7025615753481249,0.1130095904503926,0.1779026558192876,3
8292,Dani Olmo,33,2109,7,8.75443153269589,8,6.657491793856025,70,50,1,0,F M S,Barcelona,7,8.75443153269589,22.55907628685236,10.709148935973644,La_Liga,attack,0.2987197724039829,0.3413940256045519,0.3735888278533096,2.987197724039829,0.2841034904917222,2.1337126600284493,0.9626917334360892,0.4570049332563433,0.1250633076099412,2
9275,Iván Romero,32,2339,7,9.59401980228722,1,2.88573707267642,59,25,5,0,F M S,Levante,7,8.850742192938924,14.721420374698935,4.722817124798894,La_Liga,attack,0.2693458743052586,0.0384779820436083,0.3405586991725109,2.2702009405728942,0.1110373392650183,0.9619495510902096,0.5664505488340762,0.181724472523258,0.1500125795413377,0
10930,Etta Eyong,33,1657,7,11.02054724190384,4,2.822161927819252,50,15,3,0,F S,"Levante,Villarreal",7,10.277269617654383,12.05828979704529,2.071900935843587,La_Liga,attack,0.380205190102595,0.2172601086300543,0.558210178387987,2.715751357875679,0.1532858017524035,0.8147254073627037,0.6549463377996839,0.1125353555980222,0.2055453923530876,3
11186,Alvaro Rodríguez,34,2199,7,12.178225251846015,5,3.8613251298666,74,32,2,0,F S,Elche,7,12.178225251846015,15.05247726943344,2.806102915666997,La_Liga,attack,0.286493860845839,0.2046384720327421,0.498426681521665,3.028649386084584,0.1580351349195061,1.3096862210095497,0.6160631897448884,0.1148473226057433,0.1645706115114326,3
12322,Tajon Buchanan,35,1873,7,2.74269391130656,1,2.5965847074985504,27,15,8,0,F M S,Villarreal,7,2.74269391130656,7.827929214574397,2.7268755370751023,La_Liga,attack,0.3363587827015483,0.0480512546716497,0.1317898836185747,1.2973838761345435,0.124769153056524,0.7207688200747464,0.3761418202411616,0.1310297908898874,0.101581255974317,0
13350,Roberto Fernández,38,2388,7,9.296747288666666,3,3.156827750615776,59,18,3,0,F S,Espanyol,6,8.553469679318368,12.14238354191184,2.0526475217193365,La_Liga,attack,0.2638190954773869,0.1130653266331658,0.3223669477130038,2.2236180904522613,0.1189759202493382,0.6783919597989949,0.4576275204238131,0.077361087501985,0.1449740623613283,0
13701,Ilyas Chaira,37,2584,7,7.220865061506629,2,2.07834442704916,84,22,2,1,F M S,Real Oviedo,7,7.220865061506629,11.205173783004284,3.461104169487953,La_Liga,attack,0.2438080495356037,0.0696594427244582,0.2515007180865312,2.9256965944272446,0.0723881572888639,0.7662538699690402,0.3902730806773938,0.1205492938289147,0.0859626793036503,0
6227,Brais Méndez,29,1708,6,6.033863070420921,2,3.3276691418141127,36,26,4,1,F M S,Real Sociedad,5,4.547307777218521,12.2444488145411,5.582106248475611,La_Liga,attack,0.3161592505854801,0.1053864168618267,0.2396122365044888,1.8969555035128804,0.1753455636787295,1.370023419203747,0.645199293506264,0.2941390880344292,0.1263141049227366,1
9001,Martín Satriano,18,1609,6,4.711501374840736,1,2.4850312769412994,35,15,5,0,F M,Getafe,6,4.711501374840736,8.570994183421135,1.9049698896706104,La_Liga,attack,0.3356121814791796,0.0559353635798632,0.2635395424087423,1.9577377252952144,0.1390011279830434,0.8390304536979492,0.4794216758905544,0.1065551833874176,0.1346143249954496,0
10975,Largie Ramazani,27,1200,6,6.468218728899956,1,2.4562970297411084,51,17,4,0,F M S,Valencia,3,4.23838584497571,9.884040178731084,3.9631658289581537,La_Liga,attack,0.45,0.075,0.3178789383731782,3.825,0.1842222772305831,1.275,0.7413030134048313,0.2972374371718615,0.0831056048034453,2
11322,Viktor Tsygankov,32,2672,6,7.313595972955227,5,4.26087084133178,50,55,3,0,F M S,Girona,6,7.313595972955227,15.098643213510512,5.471966687589884,La_Liga,attack,0.2020958083832335,0.1684131736526946,0.2463411817237913,1.684131736526946,0.1435173561825824,1.8525449101796407,0.5085620842874049,0.184310255195767,0.1462719194591045,1
11822,Fermín López,30,1780,6,7.523078422993421,9,7.6479049026966095,68,34,3,0,F M S,Barcelona,6,7.523078422993421,24.60513487458229,12.423649363219738,La_Liga,attack,0.3033707865168539,0.4550561797752808,0.3803803697019145,3.438202247191011,0.3866918209228623,1.7191011235955056,1.244079853209217,0.6281620464549306,0.1106335062204914,2
12035,Gonzalo García,30,923,6,5.269253443926573,1,1.6349990256130695,21,13,2,0,F S,Real Madrid,6,5.269253443926573,8.073908843100071,1.9430877678096288,La_Liga,attack,0.5850487540628386,0.0975081256771397,0.5137950270350937,2.047670639219935,0.1594256904714802,1.267605633802817,0.7872717181787718,0.1894668462652942,0.2509168306631701,3
13279,Víctor Muñoz,34,2705,6,7.114694999530912,2,2.412180700339377,81,27,3,0,F M S,Osasuna,6,7.114694999530912,11.554271526634691,3.834848198108375,La_Liga,attack,0.199630314232902,0.066543438077634,0.2367181330712688,2.6950092421441774,0.0802573985325485,0.8983364140480592,0.3844304759323926,0.1275919918039755,0.0878357407349495,0
770,Ayoze Pérez,26,1154,5,5.862349048256874,4,2.57591051235795,25,17,4,0,F S,Villarreal,4,5.119071401655674,8.997008547186852,1.811542371287942,La_Liga,attack,0.389948006932409,0.3119584055459272,0.3992343380840646,1.9497400346620453,0.2008942340660446,1.3258232235701908,0.7016731102658723,0.1412814674314686,0.2047628560662269,3
2290,Iago Aspas,32,1082,5,4.438365060836077,3,4.45842863060534,28,30,3,0,F M S,Celta Vigo,3,2.9518098421394825,11.226651870645584,6.235691965557635,La_Liga,attack,0.4158964879852126,0.2495378927911275,0.2455294693091991,2.3290203327171906,0.3708489618802963,2.4953789279112755,0.9338250169668232,0.5186804777266054,0.1054217800764101,2
6241,Federico Valverde,33,2765,5,2.2435944536700845,8,5.012471796944737,51,43,3,1,D F M S,Real Madrid,5,2.2435944536700845,19.056539345532656,15.301276870071888,La_Liga,attack,0.162748643761302,0.2603978300180832,0.0730283908970371,1.6600361663652805,0.1631545973689064,1.3996383363471971,0.6202851866538658,0.4980524116840759,0.0439920481111781,1
7074,Nicolás González,24,1480,5,5.666498072445393,0,1.7241394147276878,43,12,4,1,D F M S,Atletico Madrid,5,5.666498072445393,10.485972724854946,5.266246838495135,La_Liga,attack,0.304054054054054,0.0,0.3445843422433009,2.614864864864865,0.1048463157604675,0.7297297297297298,0.6376605035384764,0.3202447401787582,0.1317790249405905,0
8328,Azz-Eddine Ounahi,24,1777,5,3.850151646882296,2,5.440476134419441,51,35,6,0,F M S,Girona,4,3.106873992830515,13.077412985265257,8.065416779369116,La_Liga,attack,0.253235790658413,0.1012943162633652,0.1573543384100992,2.583005064715813,0.2755446550915867,1.7726505346088912,0.662333803418049,0.4084904390226339,0.0609190978986375,2
10870,Williot Swedberg,29,1237,5,5.188336543738842,5,1.9846364725381136,23,10,2,0,F M S,Celta Vigo,5,5.188336543738842,8.525909911841154,3.268151741474867,La_Liga,attack,0.3637833468067906,0.3637833468067906,0.3774860864482585,1.6734033953112368,0.1443955396349476,0.7275666936135813,0.6203168084605528,0.2377798356772336,0.2255798497277757,0
12294,Carlos Vicente,21,1250,5,3.714753158390522,0,3.857187973335385,12,26,1,0,F M S,Alaves,2,1.4849203303456306,5.572600442916155,1.6297904159873724,La_Liga,attack,0.36,0.0,0.1069142637848854,0.8639999999999999,0.2777175340801477,1.872,0.4012272318899631,0.1173449099510908,0.1237433608621358,1
498,Alexis Sánchez,28,1278,4,3.5005651153624058,2,1.831439543515444,25,27,3,0,F M S,Sevilla,3,2.757287496700883,6.62530991435051,2.9326467169448733,La_Liga,attack,0.2816901408450704,0.1408450704225352,0.1941751758240058,1.7605633802816902,0.1289746157405242,1.9014084507042253,0.4665711207289091,0.2065244166862586,0.1102914998680353,1
1450,Umar Sadiq,25,1028,4,5.453680071979761,2,1.716763524338603,30,10,4,0,F S,"Real Sociedad,Valencia",4,5.453680071979761,8.170098496600986,1.6392004117369652,La_Liga,attack,0.3501945525291828,0.1750972762645914,0.4774622631110685,2.626459143968872,0.150300308551045,0.8754863813229572,0.715280996784133,0.1435097636734697,0.1817893357326587,3
2252,Borja Mayoral,16,1072,4,3.4905536491423845,1,0.560979638248682,15,5,0,0,F S,Getafe,4,2.747275995090604,2.6726806866936386,0.4403858962468803,La_Liga,attack,0.335820895522388,0.083955223880597,0.2306481712296216,1.2593283582089552,0.0470971711216244,0.419776119402985,0.2243855054127121,0.0369726965132642,0.1831517330060402,0
2478,Carlos Soler,33,2346,4,3.2679054085165262,3,5.041204136796296,35,46,3,1,F M S,Real Sociedad,4,3.2679054085165262,12.060087494552135,8.075280973687768,La_Liga,attack,0.1534526854219949,0.1150895140664961,0.1253672151604805,1.3427109974424551,0.1933965781379653,1.7647058823529411,0.4626632031158108,0.3097933877373824,0.093368725957615,1
6427,Aitor Ruibal,27,1809,4,4.419992010109127,2,1.795642390847206,31,19,4,1,D F M S,Real Betis,4,4.419992010109127,10.049647815525532,4.529752524569631,La_Liga,attack,0.1990049751243781,0.099502487562189,0.2199001000054291,1.5422885572139302,0.0893354423307067,0.945273631840796,0.4999824783843548,0.225360822117892,0.142580387422875,0
7071,Álvaro García,32,2123,4,6.8708263747394085,5,7.334621558897197,47,40,3,0,F M S,Rayo Vallecano,4,6.8708263747394085,14.599677024409177,2.0335369165986776,La_Liga,attack,0.1695713612812058,0.2119642016015073,0.2912738453728435,1.9924634950541689,0.3109354405561694,1.6957136128120585,0.6189217768237522,0.0862074057908059,0.1461877952072214,1
8230,German Valera,36,2888,4,2.898498496040702,5,7.393028756603599,28,45,4,1,D F M S,Elche,4,2.898498496040702,14.3036432787776,7.749514225870371,La_Liga,attack,0.1246537396121883,0.1558171745152354,0.0903271691979443,0.8725761772853186,0.2303921703927714,1.4023545706371192,0.4457506561945927,0.2415014821081487,0.103517803430025,1
9694,Diego López,34,1781,4,3.476579644717276,1,2.03228465653956,28,16,2,0,F M S,Valencia,4,3.476579644717276,8.334774944931269,3.1896458361297846,La_Liga,attack,0.2021336327905671,0.0505334081976417,0.1756834183181105,1.4149354295339696,0.1026982701227177,0.8085345311622685,0.421184584527689,0.1611836750430548,0.1241635587399027,0
9796,Giuliano Simeone,31,2153,4,6.101236687973142,6,5.526886135339737,36,29,2,0,D F M S,Atletico Madrid,4,6.101236687973142,18.556789096444845,9.045107055455446,La_Liga,attack,0.1672085462145843,0.2508128193218765,0.2550447291767685,1.5048769159312587,0.2310356489459249,1.2122619600557365,0.775713431806798,0.3781048002744961,0.1694787968881428,2
10078,Hugo Álvarez,28,1359,4,2.272590968757868,2,2.45073258318007,14,25,2,0,D F M S,Celta Vigo,4,2.272590968757868,8.504904292523861,5.041602535173297,La_Liga,attack,0.2649006622516556,0.1324503311258278,0.1505027131627727,0.9271523178807948,0.1623001710715278,1.6556291390728477,0.5632386948691298,0.3338809625942581,0.1623279263398477,1
10322,Javier Guerra,36,2086,4,3.004997119307518,6,3.467247355729341,31,31,3,0,F M S,Valencia,4,3.004997119307518,11.069295661523938,6.21899560559541,La_Liga,attack,0.1725790987535954,0.2588686481303931,0.1296499236518104,1.3374880153403643,0.1495936059518891,1.3374880153403643,0.4775822672757212,0.2683171641915565,0.0969353909454038,1
12190,Arda Güler,33,2076,4,4.8113659825176,9,8.848396001383662,49,70,1,0,F M S,Real Madrid,4,4.8113659825176,16.119426768273115,8.680156823247671,La_Liga,attack,0.1734104046242774,0.3901734104046242,0.2085852304559653,2.1242774566473988,0.3836009827189449,3.034682080924856,0.6988190795494125,0.3763073767303904,0.0981911425003591,2
12305,Isaac Romero,29,1506,4,5.542458679527044,0,1.0822319444268942,41,14,6,1,F M S,Sevilla,4,4.799181040376425,7.964388970285654,2.7966378815472126,La_Liga,attack,0.2390438247011952,0.0,0.2868036478312604,2.450199203187251,0.064675215802404,0.8366533864541833,0.4759595002162741,0.1671297538773234,0.117053196106742,0
13700,Alberto Reina,38,2616,4,3.899130245670676,1,4.210082144476473,25,35,4,1,F M S,Real Oviedo,4,3.899130245670676,8.353435187600553,3.1385123571380973,La_Liga,attack,0.1376146788990825,0.0344036697247706,0.1341443891859177,0.860091743119266,0.1448422756127227,1.2041284403669723,0.2873888252614869,0.1079763425620905,0.155965209826827,1
14059,Alemão,26,1118,4,4.114549320191145,0,0.3112838324159384,25,7,3,0,F S,Rayo Vallecano,4,4.114549320191145,6.356759304180741,2.0705359429121017,La_Liga,attack,0.3220035778175313,0.0,0.33122490055206,2.012522361359571,0.0250586269386712,0.5635062611806798,0.5117248098177699,0.1666799954043731,0.1645819728076458,0
2399,Iñaki Williams,30,2188,3,8.660440864041448,6,4.209227036684752,57,25,2,0,F M S,Athletic Club,2,7.9171632546931505,12.954110903665423,3.731445241719484,La_Liga,attack,0.1234003656307129,0.2468007312614259,0.3256602801290601,2.3446069469835464,0.1731400517831936,1.0283363802559415,0.532847340644373,0.1534872357197228,0.1388976009595289,0
7308,Ander Barrenetxea,30,1794,3,3.134013439528644,5,6.596155438572168,35,45,5,0,F M S,Real Sociedad,3,3.134013439528644,13.03077031299472,6.245771812275052,La_Liga,attack,0.1505016722408027,0.2508361204013378,0.1572247544914035,1.7558528428093645,0.3309108079551255,2.25752508361204,0.6537175742305044,0.3133330340606213,0.0895432411293898,2
7810,Ruben Vargas,24,1670,3,3.4263215493410826,6,3.1103639528155327,41,28,2,0,F M S,Sevilla,2,2.683043917641044,6.954289648681879,2.946367779746652,La_Liga,attack,0.1616766467065868,0.3233532934131736,0.1445951811902359,2.2095808383233533,0.1676244046427532,1.5089820359281436,0.3747820768750713,0.1587862875312567,0.0654400955522205,1
7870,Luis Rioja,37,2676,3,2.6316598393023014,6,4.349898550659418,44,38,1,0,D F M S,Valencia,3,2.6316598393023014,11.246069345623257,5.814940087497234,La_Liga,attack,0.100896860986547,0.2017937219730941,0.0885087389899877,1.4798206278026906,0.1462970364571553,1.2780269058295963,0.3782310318034727,0.1955697338844361,0.0598104508932341,1
8066,Arnaut Danjuma Groeneveld,30,1612,3,5.226826310157776,2,4.247381461784244,36,17,0,0,F M S,Valencia,3,4.483548700809479,9.88978798687458,2.371374111622572,La_Liga,attack,0.1674937965260546,0.1116625310173697,0.2503221979360131,2.009925558312655,0.2371366821095421,0.9491315136476428,0.5521593789197966,0.1323968176464215,0.1245430194669299,1
9812,Isi Palazón,31,2294,3,4.703491798602045,3,4.25213922560215,52,39,10,1,F M S,Rayo Vallecano,1,3.2169365379959345,11.040195340290666,6.673252057284117,La_Liga,attack,0.1176983435047951,0.1176983435047951,0.1262093672273906,2.040104620749782,0.1668232477350451,1.5300784655623365,0.433137567840523,0.2618102376441022,0.0618641641922295,1
10952,Joel Roca,32,1463,3,4.518066472373903,1,1.951041013002396,48,16,4,1,F M S,Girona,3,4.518066472373903,8.29686073306948,1.9931063894182444,La_Liga,attack,0.1845522898154477,0.0615174299384825,0.2779398376716687,2.9528366370471635,0.1200230288244809,0.9842788790157212,0.5104015488559488,0.1226107826709788,0.0941263848411229,0
12862,Luka Sucic,22,1003,3,1.760162802413106,1,0.3618826083838939,23,9,1,0,F M S,Real Sociedad,3,1.760162802413106,3.46739802043885,1.5475199660286307,La_Liga,attack,0.2691924227318046,0.0897308075772681,0.1579408297279955,2.0638085742771684,0.032472018698455,0.8075772681954139,0.3111324245657991,0.1388602162936957,0.0765288174962219,0
13358,Thiago Almada,27,1327,3,3.557283066213131,1,2.79449667967856,21,28,2,1,F M S,Atletico Madrid,3,3.557283066213131,10.92075067013502,6.215710032731295,La_Liga,attack,0.2034664657121326,0.0678221552373775,0.2412626043400013,1.4242652599849284,0.1895287876194953,1.8990203466465712,0.7406688472585922,0.4215628507504269,0.1693944317244348,2
13789,Adrián Liso,28,1725,3,2.757198302075267,0,0.1507773920893669,26,4,3,1,F M S,Getafe,3,2.757198302075267,3.0900558568537235,0.3200403545051813,La_Liga,attack,0.1565217391304348,0.0,0.1438538244561008,1.3565217391304347,0.007866646543793,0.208695652173913,0.1612203055749768,0.0166977576263572,0.1060460885413564,0
14388,Luis Vázquez,17,1232,3,2.6704405779019,1,0.1650496739894151,25,4,2,0,F S,Getafe,3,2.6704405779019,4.0771912625059485,1.7306871116161346,La_Liga,attack,0.2191558441558441,0.073051948051948,0.1950808863727037,1.8262987012987013,0.0120572002102657,0.2922077922077922,0.297846764306441,0.1264300649719578,0.106817623116076,0
813,Salomón Rondón,16,1054,2,3.783308571204543,0,0.1934819892048835,24,5,2,0,F S,Real Oviedo,2,3.0400309544056654,3.1170474737882614,0.3357116375118494,La_Liga,attack,0.1707779886148007,0.0,0.2595851858600663,2.049335863377609,0.0165212324748003,0.4269449715370019,0.2661615489952026,0.0286660791044273,0.1266679564335694,0
2183,Rubén García,35,2297,2,2.5968636460602283,5,5.863754561170936,31,45,6,0,F M S,Osasuna,2,2.5968636460602283,7.120284520089626,3.818244206719101,La_Liga,attack,0.0783630822812364,0.195907705703091,0.1017491197846846,1.214627775359164,0.2297509405770066,1.7631693513278188,0.2789837208567986,0.1496046924704915,0.0837697950342009,1
5091,Alex Berenguer,31,2191,2,5.271908729337156,3,5.47127471677959,44,49,4,0,F M S,Athletic Club,2,5.271908729337156,11.005357883870602,4.127182766795158,La_Liga,attack,0.0821542674577818,0.1232314011866727,0.2165548998814897,1.8073938840712005,0.2247442832086549,2.0127795527156547,0.4520685575300566,0.1695328384352187,0.1198161074849353,1
5681,Giovani Lo Celso,24,1396,2,2.9037401657551527,3,2.8784077670425177,30,32,4,0,F M S,Real Betis,2,2.9037401657551527,10.672939863055944,6.766227323561907,La_Liga,attack,0.1289398280802292,0.1934097421203438,0.1872038788810628,1.9340974212034383,0.1855707013136293,2.0630372492836675,0.6880835155265294,0.4362180939259109,0.096791338858505,2
8001,Takefusa Kubo,24,1531,2,2.659126302227378,4,4.556258842349052,28,32,2,0,F M S,Real Sociedad,2,2.659126302227378,7.780967563390732,3.3929872550070286,La_Liga,attack,0.1175702155453951,0.2351404310907903,0.1563170262576512,1.6459830176355323,0.2678401670877954,1.8811234487263224,0.4574050167897883,0.1994571214569775,0.0949687965081206,1
8417,Álex Baena,27,1615,2,1.78207378834486,3,6.565278625115752,29,46,5,0,F M S,Atletico Madrid,2,1.78207378834486,11.438657112419603,6.362705545499921,La_Liga,attack,0.1114551083591331,0.1671826625386996,0.0993106135919736,1.61609907120743,0.3658669202850884,2.5634674922600618,0.6374483839738478,0.3545780180154755,0.0614508202877537,2
8500,Víctor García,21,1065,2,1.90781387872994,1,1.7659303694963455,19,14,1,0,F M S,Levante,2,1.90781387872994,3.2827370427548885,0.8745370730757713,La_Liga,attack,0.1690140845070422,0.0845070422535211,0.161223708061685,1.6056338028169013,0.1492335523518038,1.1830985915492958,0.2774143979792863,0.0739045413866849,0.1004112567752599,1
10944,Fran Pérez,29,1226,2,2.508813252672553,1,1.6743681291118264,17,13,4,0,F M S,Rayo Vallecano,2,2.508813252672553,6.37276441603899,2.6528973691165447,La_Liga,attack,0.1468189233278956,0.0734094616639478,0.1841706302940699,1.2479608482871123,0.1229144629853706,0.9543230016313214,0.4678212050925849,0.1947477677165489,0.147577250157209,0
11154,Pablo Durán,30,1451,2,4.305393448099494,2,2.150256644003093,37,10,1,0,F M S,Celta Vigo,2,4.305393448099494,6.900707961991429,1.5438736779615283,La_Liga,attack,0.124052377670572,0.124052377670572,0.2670471470220223,2.2949689869055825,0.1333722246452642,0.6202618883528601,0.428024615147642,0.0957606002870693,0.1163619850837701,0
11208,Mateo Joseph,29,1707,2,5.396834125742316,3,1.590326721780002,33,13,2,0,F M S,Mallorca,2,5.396834125742316,7.219164989888668,1.723413680680096,La_Liga,attack,0.1054481546572935,0.1581722319859402,0.2845430997755175,1.7398945518453426,0.0838485090569421,0.6854130052724077,0.3806238131751495,0.0908653961694251,0.1635404280527974,0
11349,Mario Martín,35,2158,2,2.951042834669352,1,0.916083893738687,26,8,11,0,F M S,Getafe,2,2.951042834669352,3.979537969455123,1.4174842182546854,La_Liga,attack,0.0834105653382761,0.041705282669138,0.1230740755886198,1.0843373493975903,0.0382055377370166,0.3336422613531047,0.1659677559086937,0.0591165800013538,0.1135016474872827,0
12742,Peque,26,952,2,0.7655831780284643,1,0.6110825892537832,15,15,7,0,F M S,Sevilla,2,0.7655831780284643,3.0857485216110945,2.012060156092048,La_Liga,attack,0.1890756302521008,0.0945378151260504,0.0723765609480691,1.418067226890756,0.0577704128496223,1.418067226890756,0.291719923261553,0.1902157710591222,0.0510388785352309,1
13615,Oso,21,1397,2,1.4908289685845375,3,2.1163112185895443,17,20,0,0,D F M S,Sevilla,2,1.4908289685845375,4.947251755744219,2.594837572425604,La_Liga,attack,0.1288475304223335,0.1932712956335003,0.0960448154420961,1.0952040085898354,0.136340737060171,1.2884753042233357,0.3187205855525982,0.1671692065270611,0.0876958216814433,1
13840,Martim Neto,25,1367,2,1.0407912489026785,5,2.8169090934097767,12,26,2,0,F M S,Elche,2,1.0407912489026785,6.866276768967509,4.922171989455819,La_Liga,attack,0.1316752011704462,0.3291880029261155,0.06852319853785,0.7900512070226774,0.1854585357767958,1.711777615215801,0.4520591874228792,0.3240639934535653,0.0867326040752232,1
13991,Jan Virgili,31,1807,2,2.593278208747506,4,3.770471728406848,32,31,0,1,F M S,Mallorca,2,2.593278208747506,7.063589424826205,2.66401737742126,La_Liga,attack,0.0996126175982291,0.1992252351964582,0.1291616152668929,1.5938018815716657,0.1877932792233626,1.5439955727725514,0.3518113161230539,0.1326848721460505,0.0810399440233595,1
13996,Tani Oluwaseyi,28,949,2,3.61861627176404,2,2.047514596953988,16,6,1,0,F S,Villarreal,2,3.61861627176404,5.991559530608356,0.396169975399971,La_Liga,attack,0.1896733403582718,0.1896733403582718,0.3431775178701408,1.5173867228661748,0.1941794665182918,0.5690200210748156,0.5682195550629632,0.0375714412918834,0.2261635169852525,0
5081,Edu Expósito,36,2593,1,2.578492414671928,6,8.028833229094744,44,82,9,0,F M S,Espanyol,1,2.578492414671928,10.837253779172896,6.840502029284835,La_Liga,attack,0.0347088314693405,0.2082529888160432,0.0894964586658208,1.5271885846509836,0.2786714194440906,2.846124180485924,0.3761484150117858,0.2374258321001292,0.0586021003334529,1
6421,Brahim Diaz,30,1243,1,1.7095827870070934,6,3.635775487869978,15,30,2,0,F M S,Real Madrid,1,1.7095827870070934,7.436839532107115,2.803654298186302,La_Liga,attack,0.0724054706355591,0.4344328238133547,0.1237831462836994,1.0860820595333869,0.2632500353244553,2.1721641190667738,0.538467866363347,0.2029999089595874,0.1139721858004729,1
6651,Grady Diangana,20,937,1,1.3557052668184042,0,1.090244321152568,16,10,3,0,F M S,Elche,1,1.3557052668184042,4.737419964745641,2.660494836047292,La_Liga,attack,0.096051227321238,0.0,0.1302171547637741,1.536819637139808,0.1047193051267141,0.96051227321238,0.4550350019499548,0.2555437942841583,0.0847315791761502,1
8165,Lucien Agoume,34,2728,1,0.8295221757143736,3,3.1899660043418407,15,27,11,0,F M S,Sevilla,1,0.8295221757143736,9.656975163146852,6.904327908530831,La_Liga,attack,0.032991202346041,0.0989736070381231,0.0273669339495211,0.4948680351906158,0.1052408139262337,0.8907624633431085,0.3185952216580706,0.2277820790937591,0.0553014783809582,1
9466,Jon Ander Olasagasti,33,1712,1,2.1322602536529303,5,4.480237754993141,28,36,2,1,F M S,Levante,1,2.1322602536529303,7.844179574400186,4.710497124120593,La_Liga,attack,0.0525700934579439,0.2628504672897196,0.1120931208111937,1.4719626168224298,0.2355265174937983,1.892523364485981,0.4123692533271125,0.2476312740483956,0.076152151916176,1
10143,Bryan Zaragoza,19,1138,1,1.910445837303996,1,2.2636110819876194,26,18,1,0,F M S,Celta Vigo,0,1.1671682186424732,6.203656457364559,4.05707526486367,La_Liga,attack,0.0790861159929701,0.0790861159929701,0.0923068011228669,2.0562390158172232,0.1790202085930454,1.4235500878734622,0.4906230941676717,0.3208583249892182,0.0448910853324028,1
10947,Ramón Terrats,29,1020,1,1.189048240892589,2,2.365290615707636,15,16,0,0,F M S,Espanyol,1,1.189048240892589,4.1886972123757005,1.2467945348471403,La_Liga,attack,0.088235294117647,0.1764705882352941,0.1049160212552284,1.3235294117647058,0.2087021131506737,1.4117647058823528,0.3695909305037382,0.1100112824865123,0.0792698827261726,1
11216,Rodrigo Mendoza,24,1243,1,1.1190941371023655,1,1.3093878580257297,17,15,6,0,F M S,"Atletico Madrid,Elche",1,1.1190941371023655,4.651535008102655,2.700410184450448,La_Liga,attack,0.0724054706355591,0.0724054706355591,0.0810285376823917,1.2308930008045054,0.0948068441048396,1.0860820595333869,0.3367965814394521,0.1955244703141917,0.0658290668883744,1
11531,Unai Gómez,26,930,1,2.0704635065048933,1,0.6146819815039635,23,8,1,1,F M S,Athletic Club,1,2.0704635065048933,3.052200043573976,0.7931436467915773,La_Liga,attack,0.0967741935483871,0.0967741935483871,0.2003674361133768,2.225806451612903,0.0594853530487706,0.7741935483870968,0.2953741977652234,0.0767558367862816,0.0900201524567344,0
11825,Abderrahmane Rebbach,30,1479,1,2.956959212198853,4,4.949423234909773,34,30,8,0,D F M S,Alaves,1,2.956959212198853,6.177632927894592,2.1951087564229965,La_Liga,attack,0.0608519269776876,0.2434077079107505,0.1799366660567253,2.0689655172413794,0.3011819412724,1.8255578093306288,0.3759208678232003,0.1335765977539348,0.0869693885940839,1
11900,Lucas Beltrán,27,1377,1,4.7564667742699385,2,1.9911325313150885,34,14,1,0,F S,Valencia,1,4.7564667742699385,9.75975489616394,3.336976980790496,La_Liga,attack,0.065359477124183,0.130718954248366,0.3108801813248326,2.2222222222222223,0.1301393811317051,0.915032679738562,0.6378924768734602,0.2181030706399017,0.1398960815961746,0
13200,Fernando López,17,1179,1,1.83419968560338,1,1.3501867074519396,13,11,3,0,F M S,Celta Vigo,1,1.83419968560338,6.000391744077206,3.702056234702468,La_Liga,attack,0.0763358778625954,0.0763358778625954,0.1400152431758305,0.9923664122137404,0.1030676875917511,0.8396946564885497,0.4580451713036035,0.2825997125727075,0.1410922835079523,1
13767,Roger Brugué,19,1008,1,4.378684105351567,1,0.8359398394823074,28,8,1,1,F M S,Levante,1,4.378684105351567,6.560833714902401,3.038923174142837,La_Liga,attack,0.0892857142857142,0.0892857142857142,0.3909539379778184,2.5,0.0746374856680631,0.7142857142857142,0.5857887245448572,0.2713324262627533,0.1563815751911274,0
13847,Franco Mastantuono,23,1026,1,2.6822766698896885,0,2.86138834618032,30,16,5,1,D F M S,Real Madrid,1,2.6822766698896885,7.648913703858852,4.390332970768213,La_Liga,attack,0.087719298245614,0.0,0.235287427183306,2.631578947368421,0.2509989777351157,1.4035087719298245,0.670957342443759,0.3851169272603696,0.0894092223296562,2
5058,Carles Aleñá,34,2002,0,2.2455996740609407,4,4.067961330525577,29,37,5,0,F M S,Alaves,0,2.2455996740609407,7.837335070595145,3.891140911728144,La_Liga,attack,0.0,0.1798201798201798,0.1009510342984438,1.3036963036963036,0.1828753844891618,1.6633366633366633,0.3523277504263551,0.1749264146131533,0.0774344715193427,1
5179,Jon Guridi,28,1251,0,1.620393067598343,0,0.5416145175695419,15,11,1,0,F M S,Alaves,0,1.620393067598343,5.297916954383254,3.662469517439604,La_Liga,attack,0.0,0.0,0.1165750408344131,1.079136690647482,0.0389650732064418,0.7913669064748201,0.3811451046318888,0.2634870156431369,0.1080262045065561,1
7338,Bryan Gil Salvatierra,29,1607,0,3.14223606325686,3,3.625121179968119,27,21,5,0,F M S,Girona,0,3.14223606325686,11.089613553136587,6.996503568254411,La_Liga,attack,0.0,0.1680149346608587,0.1759808622856984,1.512134411947729,0.2030248327300129,1.1761045426260113,0.6210735655148057,0.3918390299582433,0.1163791134539577,1
8424,Aimar Oroz,31,2175,0,1.6443974245339632,2,3.740993956103921,29,37,6,0,F M S,Osasuna,0,1.6443974245339632,7.147825986146927,4.407638059929013,La_Liga,attack,0.0,0.0827586206896551,0.068044031360026,1.2000000000000002,0.1547997499077484,1.5310344827586209,0.2957721097715969,0.1823850231694764,0.0567033594666883,1
11057,André Almeida,22,1007,0,0.874655444175005,2,2.1850007213652134,9,19,0,0,F M S,Valencia,0,0.874655444175005,6.30531516764313,4.309371467679739,La_Liga,attack,0.0,0.1787487586891757,0.0781717874635059,0.804369414101291,0.1952830833394927,1.6981132075471697,0.5635336296801209,0.3851474002891524,0.0971839382416672,1
11401,Haissem Hassan,38,1937,0,1.9617184847593307,3,1.7974820844829082,34,19,1,0,F M S,Real Oviedo,0,1.9617184847593307,5.390570223331451,2.5027807988226414,La_Liga,attack,0.0,0.1393908105317501,0.0911485098752399,1.5797625193598348,0.0835174948907907,0.8828084667010841,0.2504653175528294,0.1162882147103963,0.0576976024929214,1
12863,Pedro Díaz,34,1868,0,1.7679051300510764,1,1.6380874933674932,44,23,2,0,F M S,Rayo Vallecano,0,1.7679051300510764,7.993919337168336,5.8795163836330175,La_Liga,attack,0.0,0.0481798715203426,0.0851774420260154,2.119914346895075,0.0789228449695259,1.10813704496788,0.3851460066087527,0.2832743439651882,0.0401796620466153,1
13761,Filip Ugrinic,27,1515,0,0.6209417562931776,3,3.7198971258476377,20,24,3,0,F M S,Valencia,0,0.6209417562931776,6.901665989309549,5.459673470817506,La_Liga,attack,0.0,0.1782178217821782,0.0368876290867234,1.188118811881188,0.2209839876741171,1.4257425742574257,0.4099999597609633,0.3243370378703469,0.0310470878146588,1
14393,Thiago Fernández,17,919,0,0.8692414863035083,4,2.8690570928156376,15,12,4,0,F M S,Real Oviedo,0,0.8692414863035083,4.160179313272238,1.7156872656196356,La_Liga,attack,0.0,0.3917301414581066,0.085127022597732,1.4689880304679,0.2809740352050135,1.17519042437432,0.4074169077198056,0.168021603814763,0.0579494324202338,1
647,Harry Kane,31,2385,36,29.57998568098992,5,7.403329385444522,119,40,1,0,F M S,Bayern Munich,26,21.244441921822727,34.28957922756672,10.577369537204504,Bundesliga,attack,1.3584905660377358,0.1886792452830188,0.8016770536536878,4.4905660377358485,0.2793709202054537,1.509433962264151,1.293946385945914,0.3991460202718681,0.1785247220321237,3
10804,Deniz Undav,29,2261,19,19.05754723213613,6,5.584789767861366,124,38,5,0,F M S,VfB Stuttgart,19,18.299770614132285,30.37980234622956,9.69207865279168,Bundesliga,attack,0.7563025210084033,0.2388323750552853,0.728429613123355,4.935869084475896,0.2223047674071309,1.512605042016807,1.2092800580100225,0.3857970273114778,0.1475787952752603,3
3738,Serhou Guirassy,33,2366,17,19.91118175908923,1,1.9295950140804048,84,20,3,0,F S,Borussia Dortmund,16,17.63785172626376,19.1626296453178,4.181204119697213,Bundesliga,attack,0.6466610312764158,0.0380388841927303,0.6709241992238962,3.195266272189349,0.0733996412794744,0.760777683854607,0.728925049906425,0.1590483392953293,0.2099744253126638,3
1236,Patrik Schick,28,2005,16,19.42132812365889,3,3.1920390371233225,72,14,2,0,F M S,Bayer Leverkusen,12,15.632444690912962,18.84750088304281,3.710258255712688,Bundesliga,attack,0.7182044887780548,0.1346633416458852,0.7017057467242725,3.231920199501247,0.1432835478010469,0.628428927680798,0.8460224835281062,0.166545258361168,0.2171172873737911,3
956,Andrej Kramaric,34,2256,14,13.078245226293802,6,4.530489624477923,65,35,2,0,F M S,Hoffenheim,9,9.289361868053676,18.172342345118523,7.810636706650257,Bundesliga,attack,0.5585106382978724,0.2393617021276595,0.3705862447361839,2.5930851063829787,0.1807376179977894,1.3962765957446808,0.7249604658956856,0.3115945494674305,0.1429132595085181,3
7108,Jonathan Burkardt,22,1351,13,13.116983085870745,1,0.6681167893111706,41,9,1,0,F S,Eintracht Frankfurt,9,10.085876282304524,12.243965607136488,3.214979793876409,Bundesliga,attack,0.8660251665433013,0.0666173205033308,0.6718940528552236,2.7313101406365656,0.0445081502871986,0.5995558845299778,0.8156601810823715,0.2141733393403973,0.2459969824952322,3
13013,Haris Tabakovic,32,2424,13,14.339333239942787,2,1.8832440096884968,67,16,5,0,F S,Borussia M.Gladbach,13,12.823779825121164,12.75254580192268,2.841423818841577,Bundesliga,attack,0.4826732673267326,0.0742574257425742,0.4761304390515283,2.487623762376238,0.0699224261022956,0.594059405940594,0.4734856114575252,0.105498409115405,0.1913996988824054,3
13911,Said El Mala,34,1965,13,12.582745539024472,4,4.186228644102812,74,20,4,0,F M S,FC Cologne,12,11.824968876317143,17.244747333228588,3.3356826342642307,Bundesliga,attack,0.5954198473282443,0.183206106870229,0.5416016279229225,3.3893129770992365,0.1917356630886784,0.9160305343511452,0.7898357557203934,0.1527793572945449,0.1597968767069884,3
82,Nadiem Amiri,26,2112,12,10.704714082181454,2,6.560079865157604,54,64,6,0,F M S,Mainz 05,4,4.642500706017017,12.271673714742064,5.860426990315318,Bundesliga,attack,0.5113636363636364,0.0852272727272727,0.1978338369041342,2.301136363636364,0.2795488578902388,2.7272727272727275,0.5229406412532129,0.2497341047009368,0.0859722352966114,2
6496,Ermedin Demirovic,25,1507,12,8.664393775165081,3,2.179655436426401,41,17,5,0,F S,VfB Stuttgart,11,7.906617097556591,13.179813992232084,4.325801435858011,Bundesliga,attack,0.7166556071665562,0.179163901791639,0.4721934563902409,2.448573324485733,0.1301718575171706,1.0152621101526211,0.7871156332454463,0.2583424878747319,0.1928443194525997,3
13561,Yan Diomande,33,2507,12,8.03020796738565,8,10.04887573234737,53,57,2,0,F M S,RasenBallsport Leipzig,12,8.03020796738565,29.46964485943317,14.411308905109763,Bundesliga,attack,0.4307937774232149,0.2871958516154766,0.2882803019803384,1.9026725169525327,0.3607494279661999,2.046270442760272,1.0579449690263203,0.5173585167370877,0.1515133578752009,2
12953,Igor Matanovic,31,1536,11,9.582080019637942,2,2.236247749999165,51,22,0,0,F S,Freiburg,10,8.066526612266898,9.787673662416635,1.3800859227776527,Bundesliga,attack,0.64453125,0.1171875,0.4726480436875135,2.98828125,0.1310301416015135,1.2890625,0.5734965036572247,0.080864409537753,0.1581671884758215,3
10113,Fisnik Asllani,33,2429,10,9.504826286807656,7,5.401737725362182,73,34,2,0,F M S,Hoffenheim,10,9.504826286807656,19.754683665931225,6.661823563277721,Bundesliga,attack,0.370522848909016,0.2593659942363112,0.3521755314173277,2.704816797035817,0.2001467251060503,1.259777686290655,0.7319561671197242,0.2468357845594874,0.1302030998192829,3
8137,Maximilian Beier,32,2069,9,8.248568028211594,6,4.9559360314160585,50,25,3,0,D F M S,Borussia Dortmund,9,8.248568028211594,16.043212147429585,5.098700201138854,Bundesliga,attack,0.3914934751087482,0.2609956500724987,0.3588067291150524,2.1749637506041566,0.215579624372859,1.0874818753020783,0.6978680972782323,0.2217897622535026,0.1649713605642318,3
13852,Rômulo,30,2246,9,15.93664027750492,4,3.606802409514785,63,25,3,0,F M S,RasenBallsport Leipzig,9,15.178863540291786,23.735963854938745,7.021602770313621,Bundesliga,attack,0.3606411398040961,0.1602849510240427,0.6082358497890743,2.524487978628673,0.1445290368906191,1.0017809439002672,0.9511294509993264,0.2813643140375004,0.2409343419093934,3
993,Serge Gnabry,21,1280,8,6.26451538130641,6,5.150685242377222,50,22,1,0,F M S,Bayern Munich,8,6.26451538130641,16.288242295384407,8.140462888404727,Bundesliga,attack,0.5625,0.421875,0.440473737748107,3.515625,0.3621575561046484,1.5468750000000002,1.145267036394216,0.5723762968409574,0.1252903076261282,2
8407,Tim Lemperle,29,2008,8,9.412074415013194,2,2.5754604805260897,53,26,1,1,F M S,Hoffenheim,7,8.654297707602382,13.365150267258286,2.924194620922208,Bundesliga,attack,0.3585657370517928,0.0896414342629482,0.3878918295240111,2.3754980079681274,0.1154339856809502,1.1653386454183268,0.5990356195484292,0.1310644999417324,0.1632886359924977,0
10048,Nicolas Jackson,23,991,8,8.492001624777913,1,2.0896335784345865,38,17,2,1,F M S,Bayern Munich,8,8.492001624777913,13.03456012159586,3.193916742689908,Bundesliga,attack,0.7265388496468214,0.0908173562058526,0.7712211364581354,3.451059535822401,0.1897749970324044,1.5438950554994952,1.1837642895495737,0.2900630745127061,0.2234737269678398,3
11227,Dzenan Pejcinovic,30,1445,8,8.291429496370256,0,1.645487703382969,51,12,1,0,F S,Wolfsburg,8,8.291429496370256,9.861923123709856,1.750562708824873,Bundesliga,attack,0.4982698961937716,0.0,0.5164212143067979,3.176470588235294,0.1024871233940949,0.7474048442906575,0.6142374263902333,0.1090315874008571,0.1625770489484364,3
13062,Mohammed Amoura,30,1949,8,9.9565003933385,3,3.972602378576994,60,24,2,0,F M S,Wolfsburg,7,9.198723715730011,14.962777476757765,4.446937231346965,Bundesliga,attack,0.3694202154951256,0.1385325808106721,0.424774312168138,2.770651616213443,0.1834449533462952,1.108260646485377,0.6909440599836834,0.2053485637871866,0.1533120619288335,3
261,Julian Brandt,29,1601,7,5.1042488645762205,4,5.293923227116466,38,30,0,0,F M S,Borussia Dortmund,7,5.1042488645762205,13.624381331726909,5.712044969201088,Bundesliga,attack,0.3935040599625234,0.2248594628357276,0.2869346644671204,2.136164896939413,0.2975971832857476,1.6864459712679576,0.7658927669303072,0.3211018408670193,0.1343223385414794,2
6449,Chris Führich,33,1727,7,4.271757278591394,7,7.827977802604437,45,49,2,0,F M S,VfB Stuttgart,7,4.271757278591394,17.83286163210869,10.075685493648052,Bundesliga,attack,0.3647944412275622,0.3647944412275622,0.2226161870719313,2.3451071221771858,0.4079432554918352,2.553561088592936,0.9293326849390748,0.5250791513771422,0.0949279395242532,2
8869,Ragnar Ache,29,1739,7,11.002535559237003,4,2.971193479374051,52,28,3,0,F S,FC Cologne,7,11.002535559237003,12.966331753879786,3.521890965290368,Bundesliga,attack,0.3622771707878091,0.2070155261644623,0.5694239219846637,2.6912018401380102,0.1537707953672596,1.4491086831512363,0.6710579976130999,0.1822715278183629,0.2115872222930193,3
10732,Jakub Kaminski,34,3031,7,7.96647222340107,3,5.589305056259036,62,50,4,0,D F M,FC Cologne,7,7.96647222340107,18.4370434358716,9.42793507874012,Bundesliga,attack,0.207852193995381,0.0890795117123061,0.2365498185767391,1.8409765753876608,0.1659641884075596,1.4846585285384362,0.5474542755620073,0.2799452844231642,0.1284914874742108,1
10772,Karim Adeyemi,28,1218,7,5.215220987796784,4,3.458098405972123,31,16,5,0,F M S,Borussia Dortmund,7,5.215220987796784,11.94034506380558,4.0952072106301785,Bundesliga,attack,0.5172413793103449,0.2955665024630541,0.3853611567337525,2.29064039408867,0.2555245127565608,1.1822660098522166,0.8822915071777523,0.3026015180268604,0.1682329350902188,3
11007,Fábio Vieira,29,2241,7,4.894621319137514,5,4.638651036657393,59,39,2,2,F M S,Hamburger SV,6,4.136844581924379,12.298777882009745,5.455926336348057,Bundesliga,attack,0.2811244979919678,0.2008032128514056,0.166138336623469,2.3694779116465865,0.1862912062914615,1.566265060240964,0.4939268225706724,0.2191135074838577,0.070116009863125,1
171,Michael Gregoritsch,17,926,6,6.215451763942838,2,1.5184729620814323,29,7,2,0,F S,Augsburg,5,5.457675086334348,6.945263855159283,2.202855406329036,Bundesliga,attack,0.5831533477321814,0.1943844492440604,0.5304435829050662,2.8185745140388767,0.1475837652130981,0.6803455723542117,0.6750256446699087,0.2141004174617853,0.1881956926322188,3
5256,Oliver Burke,29,1699,6,6.0373401287943125,2,2.2901990823447704,34,23,4,0,F M S,Union Berlin,6,6.0373401287943125,9.287183087319136,1.809681724756956,Bundesliga,attack,0.3178340200117716,0.1059446733372572,0.3198120138855139,1.8010594467333725,0.1213171968281514,1.2183637433784578,0.4919637892046628,0.0958630695868899,0.1775688273174797,0
8056,Arnaud Kalimuendo Muinga,19,1431,6,4.879936292767525,1,1.597496423870325,30,22,4,0,F M S,Eintracht Frankfurt,6,4.879936292767525,7.523353155702352,2.052781267091632,Bundesliga,attack,0.3773584905660377,0.0628930817610062,0.3069142322495298,1.8867924528301887,0.1004714731993915,1.3836477987421385,0.4731668651385127,0.129105740068656,0.1626645430922508,0
10288,Anton Kade,28,1740,6,6.7122930232435465,0,3.0941985473036766,48,25,3,0,D F M S,Augsburg,6,6.7122930232435465,10.916635751724243,1.8429135736078024,Bundesliga,attack,0.3103448275862069,0.0,0.3471875701677696,2.4827586206896552,0.1600447524467418,1.293103448275862,0.5646535733650471,0.0953231158762656,0.1398394379842405,0
11845,Phillip Tietz,29,1811,6,11.598579058423638,2,1.9211469320580363,51,19,4,0,F S,"Augsburg,Mainz 05",6,10.840802321210504,15.156334765255451,4.183608392253518,Bundesliga,attack,0.2981778023191607,0.0993926007730535,0.538747768585834,2.534511319712866,0.0954738950222105,0.9442297073440088,0.7532137652528939,0.2079098593610251,0.2125647513962844,3
12038,Fabian Rieder,32,2387,6,4.166463605128229,3,5.375069449655712,38,44,4,0,D F M S,Augsburg,4,2.650910287164152,11.631565358489752,6.491243749856949,Bundesliga,attack,0.22622538751571,0.113112693757855,0.0999505344971821,1.4327607875994974,0.202662861528703,1.6589861751152073,0.4385592301064422,0.2447473554617198,0.0697607970306355,1
13323,Budu Zivzivadze,20,1148,6,5.819976218044758,0,0.9086363017559052,28,7,2,1,F S,FC Heidenheim,6,5.819976218044758,5.734111532568932,0.7583490833640099,Bundesliga,attack,0.470383275261324,0.0,0.4562699125644844,2.1951219512195124,0.0712345532735465,0.5487804878048781,0.4495383605672507,0.0594524542706976,0.2078562935015984,0
5752,Alexis Claude Maurice,29,2135,5,6.339031929150224,4,3.215671157464385,71,32,3,0,F M S,Augsburg,4,4.82347852922976,10.869376560673118,5.332539309747517,Bundesliga,attack,0.2107728337236534,0.1686182669789227,0.2033316476021913,2.9929742388758784,0.1355552244364377,1.3489461358313817,0.4581938597005061,0.2247908842516517,0.0679363173130952,1
7749,Rayan Philippe,28,1272,5,5.646055448800325,0,1.3564898148179054,39,15,2,0,F M S,Hamburger SV,5,4.888278741389513,6.413698500022292,1.2521088868379593,Bundesliga,attack,0.3537735849056603,0.0,0.3458687788718995,2.759433962264151,0.0959780529352291,1.0613207547169812,0.4537994221713886,0.0885926099177801,0.125340480548449,0
7879,Marius Bülter,32,1578,5,3.979684112593532,4,4.703826729208231,42,26,3,0,F M S,FC Cologne,5,3.979684112593532,10.374455876648426,3.821078972890973,Bundesliga,attack,0.2851711026615969,0.2281368821292775,0.2269781813266273,2.3954372623574143,0.2682790910194809,1.4828897338403042,0.5916990043715833,0.2179322608112722,0.0947543836331793,1
8791,Ritsu Doan,31,2425,5,4.125860132277012,5,6.517447140067816,41,39,5,0,D F M S,Eintracht Frankfurt,5,4.125860132277012,13.874625666067004,6.948057568632066,Bundesliga,attack,0.1855670103092783,0.1855670103092783,0.1531247059401777,1.5216494845360826,0.2418846361262282,1.447422680412371,0.5149345608024867,0.2578660540935612,0.1006307349335856,1
10367,Tiago Tomás,27,996,5,5.533668488264084,3,1.2588633932173252,35,11,4,0,F M S,VfB Stuttgart,5,5.533668488264084,8.350152125582099,2.681462910026312,Bundesliga,attack,0.4518072289156626,0.2710843373493976,0.500030285084104,3.1626506024096384,0.1137527162545775,0.993975903614458,0.7545318185766957,0.2423008653638233,0.1581048139504024,3
10585,Justin Njinmah,33,1963,5,6.778727872297168,0,1.2397968284785748,62,17,2,0,D F M S,Werder Bremen,5,6.778727872297168,11.163103096187116,3.214089992456138,Bundesliga,attack,0.2292409577177789,0.0,0.3107924139107209,2.842587875700459,0.0568424424671786,0.7794192562404484,0.5118080889744475,0.1473602136123547,0.109334320520922,0
12421,Andrej Ilic,32,2238,5,11.113924760371448,9,4.753498738631606,71,30,5,0,F M S,Union Berlin,5,10.356148082762957,13.322315469384192,2.385981469415128,Bundesliga,attack,0.2010723860589812,0.3619302949061662,0.4164670810762583,2.855227882037534,0.1911594667010029,1.206434316353887,0.5357499518519112,0.0959509974295627,0.1458612406022951,0
12983,Danel Sinani,30,2080,5,5.747947253286839,3,3.705269183032215,49,45,4,0,F M S,St. Pauli,2,3.474617220461369,9.47156412154436,5.238701125606895,Bundesliga,attack,0.2163461538461538,0.1298076923076923,0.1503440143468861,2.1201923076923075,0.1603241473427401,1.9471153846153848,0.4098272937206694,0.2266745679349137,0.0709105555196197,1
13427,Bazoumana Touré,30,2379,5,5.141797917895019,9,7.229519298300147,48,44,2,0,D F M S,Hoffenheim,5,5.141797917895019,16.133680978789926,6.017529154196382,Bundesliga,attack,0.189155107187894,0.3404791929382093,0.1945194672595845,1.815889029003783,0.2735000995573826,1.664564943253468,0.6103536309756592,0.2276492744336588,0.1071207899561462,1
13856,Christian Kofane,29,1231,5,8.046371582895517,4,2.242532966658473,46,17,3,0,F M S,Bayer Leverkusen,5,8.046371582895517,11.18430045247078,1.869088165462017,Bundesliga,attack,0.3655564581640942,0.2924451665312754,0.5882806193831004,3.363119415109667,0.163954481721578,1.2428919577579205,0.817698652089659,0.1366514499525438,0.1749211213672938,3
13866,Ilyas Ansah,33,1960,5,3.8260167790576816,1,1.5223449170589447,33,17,1,0,F M S,Union Berlin,5,3.8260167790576816,6.577519843354821,2.983498431742192,Bundesliga,attack,0.2295918367346938,0.0459183673469387,0.1756844439363221,1.5153061224489797,0.0699035931302576,0.7806122448979592,0.3020289723989458,0.1369973769677537,0.1159399023956873,0
13925,Ransford Königsdörffer,33,2425,5,8.097989899106324,0,1.2930769845843315,65,20,2,0,F M S,Hamburger SV,5,7.340213228948414,10.459908859804273,2.80921021476388,Bundesliga,attack,0.1855670103092783,0.0,0.2724202847857143,2.4123711340206184,0.0479904860258102,0.7422680412371134,0.3882028030442823,0.1042593481768038,0.1129263573684371,0
6415,Nikolas Nartey,28,1255,4,4.401471285149455,3,3.354308173060417,22,24,2,0,F M S,VfB Stuttgart,4,4.401471285149455,12.59413393214345,5.368743376806378,Bundesliga,attack,0.2868525896414343,0.2151394422310756,0.3156433590943832,1.5776892430278886,0.2405479964744522,1.7211155378486054,0.903164983181602,0.385009485189302,0.2000668765977025,2
7267,Woo-Yeong Jeong,28,1182,4,2.681515445932746,1,0.4271412957459688,22,6,0,0,F M S,Union Berlin,4,2.681515445932746,4.1683559119701385,1.4844767227768898,Bundesliga,attack,0.3045685279187817,0.0761421319796954,0.204176302989803,1.6751269035532994,0.0325234489146676,0.4568527918781725,0.317387505987574,0.1130312225464637,0.1218870657242157,0
8989,Ansgar Knauff,28,1302,4,3.700697695836425,1,2.9085339084267616,34,17,3,0,D F M S,Eintracht Frankfurt,4,3.700697695836425,9.420183572918177,3.920056432485581,Bundesliga,attack,0.2764976958525346,0.0691244239631336,0.2558085964863888,2.350230414746544,0.2010507309972415,1.1751152073732718,0.6511647631049431,0.2709716427985424,0.1088440498775419,1
9069,Romano Schmid,34,3004,4,7.935770924203098,8,10.276878538541496,57,87,4,0,F M,Werder Bremen,1,4.904664213769138,17.899825293570757,6.946343030780554,Bundesliga,attack,0.1198402130492676,0.2396804260985353,0.146944001078303,1.707723035952064,0.3078958283850648,2.6065246338215715,0.5362797191815473,0.2081128071805092,0.086046740592441,1
9730,Patrick Wimmer,25,1678,4,3.6373985055834055,3,2.249568970873952,24,16,4,0,F M S,Wolfsburg,4,3.6373985055834055,8.324480776675045,3.472630725242197,Bundesliga,attack,0.2145411203814064,0.1609058402860548,0.1950928876653793,1.2872467222884385,0.1206562618466362,0.8581644815256257,0.4464858581053362,0.1862555216160892,0.1515582710659752,0
9783,Jae-Sung Lee,28,2229,4,4.2225238950923085,2,3.3260836768895388,30,22,4,0,F M S,Mainz 05,4,4.2225238950923085,9.91366148367524,3.64221465587616,Bundesliga,attack,0.161507402422611,0.0807537012113055,0.1704922164909411,1.2113055181695829,0.1342967837236691,0.8882907133243607,0.400282428681369,0.1470611570340307,0.1407507965030769,0
11856,Marvin Pieringer,27,1689,4,5.809882741421461,1,2.210926704108715,32,17,2,0,F M S,FC Heidenheim,3,5.0521060936152935,7.950898176059127,3.375379236415029,Bundesliga,attack,0.2131438721136767,0.0532859680284191,0.2692063637805663,1.7051509769094138,0.1178113696683152,0.9058614564831262,0.423671306006703,0.1798603500754012,0.1578783154254779,0
12941,Antonio Nusa,31,2048,4,5.204239755868912,3,4.748528776690364,61,33,0,0,F M S,RasenBallsport Leipzig,4,5.204239755868912,16.717872930690646,8.048371147364378,Bundesliga,attack,0.17578125,0.1318359375,0.228701942396583,2.6806640625,0.2086755810069007,1.4501953125,0.7346721502744913,0.3536881851869111,0.0853154058339165,2
13020,Bilal El Khannouss,25,1654,4,3.092769087292254,5,5.275783350691199,42,44,6,0,F M S,VfB Stuttgart,4,3.092769087292254,11.292239958420396,5.437266502529383,Bundesliga,attack,0.2176541717049576,0.2720677146311971,0.1682885234923233,2.285368802902056,0.2870740638223748,2.3941958887545343,0.6144507837109042,0.2958609342367862,0.0736373592212441,2
13191,Assan Ouédraogo,19,970,4,2.8071718588471413,3,3.0103504192084074,27,14,0,0,F M S,RasenBallsport Leipzig,4,2.8071718588471413,8.333011165261269,5.714822366833687,Bundesliga,attack,0.3711340206185567,0.2783505154639175,0.2604592446353018,2.5051546391752577,0.2793108636378935,1.2989690721649485,0.7731659844056847,0.5302412505309606,0.1039693281054496,2
13885,Andréas Hountondji,21,1092,4,4.958361548837274,0,0.7058144751936197,21,6,2,0,F M S,St. Pauli,4,4.200584930833429,3.75940072350204,0.1124955490231514,Bundesliga,attack,0.3296703296703296,0.0,0.3462020547390189,1.7307692307692308,0.0581715226807928,0.4945054945054945,0.3098407189699483,0.0092716111832267,0.2000278538492109,0
5969,Jean-Luc Dompe,20,1132,3,2.179867002181709,0,4.045239001512528,25,33,0,0,F M S,Hamburger SV,2,1.4220903245732188,5.373646780848503,1.3945018351078031,Bundesliga,attack,0.2385159010600707,0.0,0.1130637183847965,1.9876325088339224,0.3216179418163671,2.6236749116607774,0.4272334013042096,0.1108702872435532,0.0568836129829287,1
6475,Lucas Höler,33,2070,3,5.246343094855547,1,2.082939330488444,33,24,4,0,F M S,Freiburg,3,5.246343094855547,8.25760810635984,2.614948822185397,Bundesliga,attack,0.1304347826086956,0.0434782608695652,0.2281018736893716,1.434782608695652,0.090562579586454,1.0434782608695652,0.3590264394069495,0.113693427051539,0.1589800937835014,0
7882,Sheraldo Becker,14,975,3,4.820014007389545,3,3.5413313172757626,29,17,2,0,F S,Mainz 05,3,4.820014007389545,10.662561360746622,2.4736453220248222,Bundesliga,attack,0.2769230769230769,0.2769230769230769,0.4449243699128811,2.6769230769230767,0.3268921215946858,1.5692307692307692,0.984236433299688,0.2283364912638297,0.1662073795651567,2
8205,Jan Thielmann,26,1582,3,2.051962135359645,1,0.9982307981699704,27,14,4,0,D F M S,FC Cologne,3,2.051962135359645,7.126834977418184,4.80776459723711,Bundesliga,attack,0.1706700379266751,0.056890012642225,0.1167361518219772,1.5360303413400758,0.056789362727748,0.7964601769911505,0.405445731964372,0.2735137887176611,0.0759985976059127,1
9201,Eren Sami Dinkci,22,1401,3,4.117178400978446,1,1.117031842470169,29,10,4,0,D F M S,"FC Heidenheim,Freiburg",3,4.117178400978446,6.608787912875414,2.334158256649971,Bundesliga,attack,0.1927194860813704,0.0642398286937901,0.2644868351806282,1.8629550321199144,0.0717579342057924,0.6423982869379015,0.4245474033967075,0.14994592655139,0.1419716689992567,0
10830,Jean Négoce,27,1322,3,2.17641284223646,4,4.017119113355875,29,31,2,0,F M S,Eintracht Frankfurt,3,2.17641284223646,8.62068572640419,3.9261697940528393,Bundesliga,attack,0.2042360060514372,0.2723146747352496,0.1481672888058104,1.97428139183056,0.2734801211815648,2.1104387291981848,0.5868848073951416,0.2672884126057152,0.0750487186978089,1
12904,Samuel Mbangula,26,1160,3,1.8366767894476648,2,1.0369327440857887,17,14,0,0,F M S,Werder Bremen,3,1.8366767894476648,4.303910743445158,1.90781073551625,Bundesliga,attack,0.2327586206896551,0.1551724137931034,0.1425007853881809,1.3189655172413792,0.0804516784204491,1.0862068965517242,0.3339241094052277,0.1480197984452262,0.1080398111439802,1
12924,Marco Grüll,33,2039,3,4.225460607558489,1,2.3132778629660606,43,33,5,0,F M S,Werder Bremen,3,4.225460607558489,9.543412220664322,4.941745131276548,Bundesliga,attack,0.1324178518881804,0.0441392839627268,0.1865088056303403,1.897989210397253,0.1021064284781488,1.4565963707699852,0.4212393819812599,0.2181250916208383,0.0982665257571741,1
12934,Shuto Machino,32,1046,3,3.816984537988901,1,1.0832749512046576,25,14,2,0,F M S,Borussia M.Gladbach,3,3.816984537988901,6.017082850448787,1.487306335940957,Bundesliga,attack,0.2581261950286806,0.0860420650095602,0.3284212317581272,2.1510516252390057,0.0932072137747793,1.2045889101338434,0.5177222337862245,0.1279709084461626,0.152679381519556,0
13919,Jens Castrop,26,1613,3,4.301225297152996,1,1.405629888176918,30,18,2,2,D F M S,Borussia M.Gladbach,3,4.301225297152996,8.649649377912283,4.086695464327931,Bundesliga,attack,0.1673899566026038,0.0557966522008679,0.2399939719428206,1.6738995660260385,0.0784294419937524,1.004339739615623,0.4826214779988255,0.2280239254739701,0.1433741765717665,0
13966,Martijn Kaars,29,1331,3,3.80478292517364,1,1.339794876985252,23,10,2,0,F S,St. Pauli,2,3.047006232663989,6.194270332343876,3.194861490279436,Bundesliga,attack,0.2028549962434259,0.067618332081142,0.206033479293583,1.555221637866266,0.0905946949126015,0.67618332081142,0.418846228332794,0.2160312052029671,0.132478531854956,0
3314,Franck Honorat,28,2021,2,0.8942651934921741,6,7.341735703870654,17,45,0,0,D F M S,Borussia M.Gladbach,2,0.8942651934921741,9.130235239863396,3.1209773272275925,Bundesliga,attack,0.0890648193963384,0.2671944581890153,0.039823783975406,0.7570509648688768,0.3269451822604448,2.0039584364176157,0.4065913763422591,0.1389846409947963,0.0526038349113043,1
6638,Linton Maina,24,1007,2,1.2888539992272854,0,3.1843907181173563,20,17,0,0,D F M S,FC Cologne,2,1.2888539992272854,6.206527906470001,2.01717865280807,Bundesliga,attack,0.1787487586891757,0.0,0.1151905262467285,1.7874875868917577,0.2846029440224052,1.519364448857994,0.5547045795256207,0.1802840901218732,0.0644426999613642,1
7743,Pereira Lage,28,2067,2,4.428796678781509,2,2.062663111835718,43,24,3,0,D F M S,St. Pauli,2,4.428796678781509,6.917279999703169,2.1819291338324547,Bundesliga,attack,0.0870827285921625,0.0870827285921625,0.1928358495841005,1.872278664731495,0.0898111659725276,1.0449927431059507,0.3011878084050727,0.0950041712844319,0.1029952715995699,0
10248,Arijon Ibrahimovic,32,2196,2,5.665725396946073,4,6.767920413985848,47,56,1,0,D F M S,FC Heidenheim,1,4.907948734238744,12.540066696703434,3.623182998038829,Bundesliga,attack,0.081967213114754,0.1639344262295081,0.2011454399278173,1.9262295081967211,0.2773737874584364,2.295081967213115,0.5139371597009604,0.1484911064770011,0.1044244411540158,1
10792,Farès Chaïbi,28,1822,2,3.5245760353282094,9,5.035042706876993,35,40,2,0,D F M S,Eintracht Frankfurt,2,3.5245760353282094,11.084196873009205,5.737020939588547,Bundesliga,attack,0.0987925356750823,0.4445664105378704,0.1741009018548512,1.7288693743139407,0.2487123181223542,1.9758507135016468,0.547517957503199,0.2833874229214979,0.1007021724379488,1
11604,Mert Kömür,28,1455,2,4.645504482090473,4,2.76681075245142,41,21,1,0,F M S,Augsburg,2,4.645504482090473,7.051191717386246,1.7611310807988048,Bundesliga,attack,0.1237113402061855,0.2474226804123711,0.2873507927066272,2.536082474226804,0.1711429331413249,1.2989690721649485,0.4361561887043038,0.1089359431421941,0.1133049873680603,0
11917,Mathias Honsak,27,1263,2,3.318507017567754,1,1.4457622598856688,31,11,1,0,F M S,FC Heidenheim,2,3.318507017567754,6.105871044099331,1.940842181444168,Bundesliga,attack,0.1425178147268408,0.0712589073634204,0.2364731841497211,2.209026128266033,0.1030234389467222,0.7838479809976248,0.4350976991044654,0.1383022932145488,0.1070486134699275,0
14024,Adam Daghim,27,1328,2,3.1088089011609554,3,3.074686413630843,27,18,3,0,F M S,Wolfsburg,2,3.1088089011609554,9.786626935005188,4.455633115023375,Bundesliga,attack,0.1355421686746988,0.2033132530120482,0.2106873502292816,1.8298192771084336,0.2083748322490782,1.2198795180722892,0.6632503193904118,0.3019630876145359,0.1151410704133687,1
2693,Marius Wolf,29,1002,1,1.7143956972286103,1,3.691459383815527,14,21,4,0,D F M S,Augsburg,1,1.7143956972286103,4.361116588115692,1.4035527957603335,Bundesliga,attack,0.0898203592814371,0.0898203592814371,0.1539876374756237,1.2574850299401197,0.3315682081271431,1.8862275449101795,0.3917170588127867,0.1260676163856587,0.1224568355163293,1
11981,Benedict Hollerbach,14,903,1,2.9790893960744143,2,1.8817622810602188,22,4,0,0,F M S,Mainz 05,1,2.9790893960744143,4.888501934707165,1.3094587735831738,Bundesliga,attack,0.0996677740863787,0.1993355481727574,0.2969192089110712,2.1926910299003324,0.1875510579129786,0.3986710963455149,0.487226106449219,0.1305108412209143,0.1354131543670188,0
13883,Joel Chima Fujita,32,2689,1,1.4086154643446207,3,4.352827329188585,32,30,6,0,F M S,St. Pauli,1,1.4086154643446207,9.678257964551449,4.85630483366549,Bundesliga,attack,0.0334696913350687,0.1004090740052063,0.047145924801419,1.0710301227222014,0.1456877871427938,1.004090740052064,0.3239283067347082,0.1625390238117866,0.0440192332607694,1
14058,Cameron Puertas,28,1867,1,2.220278110355139,2,2.42338989302516,37,28,6,0,F M S,Werder Bremen,1,2.220278110355139,7.052124924957752,4.755718288943172,Bundesliga,attack,0.048205677557579,0.096411355115158,0.1070300106759306,1.7836100696304231,0.1168211517794667,1.349758971612212,0.3399524602282794,0.2292526223914759,0.0600075164960848,1
7065,Florian Neuhaus,17,945,0,1.392402342054993,1,1.0026175901293757,22,9,0,0,F M S,Borussia M.Gladbach,0,1.392402342054993,4.8506131283938885,3.389763910323381,Bundesliga,attack,0.0,0.0952380952380952,0.1326097468623802,2.095238095238096,0.095487389536131,0.8571428571428572,0.4619631550851322,0.3228346581260363,0.0632910155479542,1
7006,Lautaro Martínez,30,2205,17,17.13883000984788,6,6.291475351899862,92,37,4,0,F S,Inter,17,17.13883000984788,27.78616793453693,9.802525106817484,Serie_A,attack,0.6938775510204082,0.2448979591836734,0.6995440820346074,3.755102040816327,0.2567949123224433,1.5102040816326532,1.134129303450487,0.4001030655843871,0.1862916305418247,3
9749,Donyell Malen,18,1499,14,15.204708069562912,2,1.5484345965087414,70,8,1,0,F,Roma,11,12.159512802958488,14.910507656633854,3.856066580861807,Serie_A,attack,0.8405603735823883,0.1200800533689126,0.7300574731596158,4.202801867911941,0.0929680544935201,0.4803202134756504,0.8952272775830866,0.231518340411983,0.1737073257565498,3
12030,Tasos Douvikas,38,2279,14,15.170707620680332,1,2.2419783361256123,65,24,0,0,F S,Como,13,14.409408785402777,18.061821380630136,3.230370203964412,Serie_A,attack,0.5528740675734972,0.0394910048266783,0.5690420318939227,2.566915313734094,0.0885379772932448,0.9477841158402808,0.7132794753210672,0.1275705653167166,0.2216832120831196,3
5992,Marcus Thuram,29,1933,13,11.89548808708787,6,4.468800758942962,74,29,2,0,F S,Inter,13,11.89548808708787,16.43578341603279,4.1567751057446,Serie_A,attack,0.6052767718572167,0.2793585100879462,0.5538509714629634,3.445421624418003,0.2080662536496981,1.3502327987584066,0.7652459945385159,0.1935384167185794,0.1607498390147009,3
11055,Rasmus Højlund,33,2784,13,13.312345487996936,5,3.267297463491559,60,33,1,0,F S,Napoli,12,12.551046593114734,19.513361055403948,4.611839467659593,Serie_A,attack,0.4202586206896552,0.1616379310344827,0.4057450407256918,1.9396551724137927,0.1056238404145978,1.066810344827586,0.630819861704869,0.1490896379631334,0.2091841098852455,3
11541,Nico Paz,35,2905,12,8.902074420824647,6,7.032759159803391,121,51,5,0,F M S,Como,12,7.379476809874177,19.75359764881432,8.872835339978337,Serie_A,attack,0.3717728055077452,0.1858864027538726,0.2286240663988557,3.7487091222030977,0.2178823836083666,1.580034423407917,0.6119875347309084,0.2748899072626679,0.0609874116518527,2
1102,Giovanni Simeone,32,2273,11,11.181717524304986,0,1.8582251174375413,78,23,1,0,F M S,Torino,11,11.181717524304986,14.051242487505078,1.50459766946733,Serie_A,attack,0.4355477342718874,0.0,0.4427428848162995,3.0884293884733838,0.0735768854242757,0.9106907171139462,0.5563624390125196,0.0595749187206597,0.1433553528757049,3
1053,Keinan Davis,30,2106,10,9.890136182308195,4,4.327703749760985,50,31,6,0,F S,Udinese,6,6.844940945506096,13.425299689173698,5.164774231612682,Serie_A,attack,0.4273504273504273,0.1709401709401709,0.2925188438250468,2.1367521367521367,0.1849446046906404,1.3247863247863247,0.5737307559475939,0.2207168475048154,0.1368988189101219,0
2019,Federico Bonazzoli,35,2571,10,9.023360214661809,1,1.532783793285489,75,13,4,0,F S,Cremonese,7,6.739463760983199,10.240432717371732,3.803929052315653,Serie_A,attack,0.3500583430571762,0.0350058343057176,0.2359205517263663,2.625437572928821,0.0536563754942411,0.455075845974329,0.3584748909231645,0.1331597101160672,0.0898595168131093,0
6160,Riccardo Orsolini,35,2146,10,10.890181131660938,1,1.7088488563895226,82,26,2,0,F M S,Bologna,6,6.322388224303722,12.810560373589396,6.704501977190375,Serie_A,attack,0.4193849021435228,0.0419384902143522,0.2651514166762977,3.438956197576887,0.071666541041499,1.0904007455731597,0.537255560868148,0.2811766905625041,0.077102295418338,0
6253,Gianluca Scamacca,24,1318,10,8.868786808103323,1,1.356632051989436,57,17,2,0,F S,Atalanta,8,7.346189212054014,10.201008120551704,3.702565290033817,Serie_A,attack,0.6828528072837633,0.0682852807283763,0.501636592628878,3.8922610015174506,0.0926380005152118,1.1608497723823976,0.6965787032243197,0.2528307102451013,0.1288805124921757,3
11942,Kenan Yildiz,36,2877,10,8.627187782898545,6,10.82039262354374,97,76,2,0,F M S,Juventus,9,7.104590082541108,22.73396671190858,10.23432817030698,Serie_A,attack,0.3128258602711157,0.1876955161626694,0.2222499504444559,3.034410844629823,0.3384898630931305,2.3774765380604794,0.7111772694027709,0.3201562514173195,0.0732431967272279,2
12008,Nikola Krstovic,33,1781,10,15.67498453706503,5,3.230607645586133,99,23,4,0,F S,Atalanta,10,15.67498453706503,19.62596950680017,3.146167431026697,Serie_A,attack,0.5053340819764177,0.2526670409882088,0.7921103921032301,5.002807411566535,0.1632536148808265,1.1622683885457608,0.9917671283616032,0.158986563050198,0.158333177142071,3
4895,Andrea Pinamonti,36,2610,9,11.534677205607297,3,1.7828310579061508,73,17,2,1,F S,Sassuolo,9,10.773378429934382,12.005125224590302,2.1364129073917866,Serie_A,attack,0.3103448275862069,0.1034482758620689,0.3714958079287718,2.5172413793103448,0.0614769330312465,0.5862068965517241,0.4139698353307,0.0736694105997167,0.1475805264374572,0
7193,Rafael Leão,29,1874,9,9.601861637085676,3,4.9774565836414695,63,23,5,0,F S,AC Milan,7,8.079263962805271,15.73306704312563,4.835623417049646,Serie_A,attack,0.4322305229455709,0.144076840981857,0.3880116097398476,3.0256136606189967,0.2390454068984697,1.1045891141942368,0.7555901995097688,0.2322337820354686,0.1282422851238931,3
13446,Mateo Pellegrino,37,3012,9,9.909808543510737,1,2.1411109482869506,73,22,5,0,F S,Parma Calcio 1913,8,9.148509708233178,11.22907519992441,2.2242126809433103,Serie_A,attack,0.2689243027888446,0.0298804780876494,0.2733618438715093,2.181274900398406,0.0639774187735144,0.6573705179282868,0.3355301354559086,0.0664605382751985,0.1253220507977147,0
1304,Moise Kean,26,2042,8,15.379306508228185,1,0.0630031991750001,98,3,4,0,F S,Fiorentina,6,13.856708897277713,11.769600430503488,0.8457555938512087,Serie_A,attack,0.3525954946131244,0.0440744368266405,0.6107266409182146,4.319294809010774,0.0027768305219147,0.1322233104799216,0.5187385106490273,0.0372762014919729,0.1413949887477317,3
1612,Domenico Berardi,26,1995,8,6.783539568074048,4,5.058273881673813,40,33,2,1,F M S,Sassuolo,6,4.499643106944859,13.033610694110394,6.80599008500576,Serie_A,attack,0.3609022556390977,0.1804511278195488,0.2029914183584147,1.8045112781954888,0.2281928066920517,1.488721804511278,0.5879824373282884,0.3070371466919891,0.1124910776736214,1
2662,Christian Pulisic,30,1612,8,9.544671326875688,4,5.038487618789077,54,38,0,0,F S,AC Milan,8,8.78337250649929,16.272753523662686,6.288353566080332,Serie_A,attack,0.4466501240694789,0.2233250620347394,0.4903868024720447,3.0148883374689825,0.2813051400068343,2.1215880893300247,0.9085284225369986,0.3510867375603163,0.1626550464166535,2
6276,Nikola Vlasic,37,3079,8,7.40812112763524,3,4.68042840436101,49,54,7,0,F M S,Torino,3,3.601626990363002,14.853947822004557,8.530875468626618,Serie_A,attack,0.2338421565443325,0.0876908087041247,0.1052765278118448,1.432283208834037,0.1368101839533909,1.5784345566742448,0.4341848989868172,0.249359789599349,0.0735025916400612,1
755,Jamie Vardy,29,2120,7,6.281962929293513,2,2.123625386506319,30,15,5,0,F S,Cremonese,7,6.281962929293513,10.19005998596549,2.679563503712416,Serie_A,attack,0.2971698113207547,0.0849056603773584,0.2666871054888756,1.2735849056603774,0.0901539079177211,0.6367924528301887,0.4325968861966482,0.1137550544028856,0.2093987643097837,0
3300,Christopher Nkunku,32,1343,7,9.940500289201736,3,1.6137207765132189,29,16,0,0,F S,AC Milan,2,6.134006172418594,8.721460867673159,2.4926984682679176,Serie_A,attack,0.4690990320178704,0.201042442293373,0.4110651939818864,1.943410275502606,0.1081421220299253,1.0722263588979897,0.5844612644010307,0.167046062653844,0.2115174542213308,3
6697,Armand Lauriente,38,2655,7,4.392248864285648,9,8.514929416589439,71,54,4,0,F M S,Sassuolo,7,4.392248864285648,14.82768054679036,7.808049842715263,Serie_A,attack,0.2372881355932203,0.3050847457627118,0.148889792009683,2.406779661016949,0.288641675138625,1.830508474576271,0.5026332388742495,0.2646796556852631,0.0618626600603612,1
7084,Dusan Vlahovic,19,972,7,7.53763036429882,1,1.247139237821102,49,12,0,0,F S,Juventus,6,6.776331529021263,8.03644740395248,1.5761071387678385,Serie_A,attack,0.6481481481481481,0.0925925925925926,0.6274381045390058,4.537037037037037,0.1154758553538057,1.1111111111111112,0.7441155003659703,0.1459358461822072,0.1382924801841074,3
7969,Sebastiano Esposito,36,2751,7,5.744417134672403,5,5.577771823387593,57,71,6,0,F M S,Cagliari,6,4.983118314296007,11.48640700429678,4.763355305418372,Serie_A,attack,0.2290076335877862,0.163576881134133,0.1630245904349838,1.8647764449291169,0.1824789037095177,2.322791712104689,0.3757821266400255,0.1558349609188126,0.0874231283209825,1
8478,Lorenzo Colombo,38,2373,7,9.395731360651553,1,1.8719797153025863,66,19,2,0,F S,Genoa,6,7.873133630491793,10.42385957017541,3.2527221143245697,Serie_A,attack,0.2654867256637168,0.0379266750948166,0.2986017811817367,2.5031605562579013,0.0709979664463686,0.7206068268015171,0.3953423351520382,0.1233649348037131,0.1192899034922999,0
12367,Gift Orban,28,2055,7,12.242711776867507,2,2.530362664721906,85,21,4,1,F S,Verona,5,10.720114121213555,15.178966717794538,2.56054631061852,Serie_A,attack,0.3065693430656934,0.0875912408759124,0.4694940491042433,3.722627737226277,0.110818802834536,0.9197080291970804,0.6647722650128994,0.1121407143336578,0.1261189896613359,3
12528,Santiago Castro,35,2381,7,8.299087951891124,2,2.7326227221637964,63,28,3,0,F S,Bologna,7,8.299087951891124,10.868452872149646,1.5710173277184367,Serie_A,attack,0.2645947081058379,0.0755984880302394,0.3136992505964726,2.381352372952541,0.1032910730763299,1.0583788324233516,0.410819302181213,0.0593832673224104,0.1317315547919226,0
13939,Stefano Moreo,37,2336,7,6.222204111516476,1,3.5465334709733725,52,23,2,0,F M S,Pisa,5,4.699606470763683,9.92034813389182,3.6867972668260336,Serie_A,attack,0.2696917808219178,0.0385273972602739,0.1810636054660665,2.0034246575342465,0.1366387039330494,0.8861301369863013,0.3822051935146677,0.1420427029170989,0.0903770475146862,0
14003,Francesco Pio Esposito,35,1535,7,9.864515269175172,3,2.056677933782339,57,21,1,0,F S,Inter,7,9.864515269175172,13.50071531161666,3.596131581813097,Serie_A,attack,0.4104234527687296,0.1758957654723127,0.5783754880949612,3.342019543973941,0.1205869798308863,1.231270358306189,0.791572884720195,0.2108481057740578,0.1730616713890381,3
7700,Che Adams,33,1899,6,6.609602872282267,2,3.2093243608251214,53,25,0,0,F M S,Torino,6,6.609602872282267,12.337604934349656,3.927069513127208,Serie_A,attack,0.2843601895734597,0.0947867298578199,0.3132513209612448,2.5118483412322274,0.1521006806078256,1.1848341232227488,0.5847206130023535,0.1861170385368345,0.1247094881562691,0
8636,Jonathan Christian David,35,1784,6,11.464318415150046,4,4.232262331992388,41,33,0,0,F S,Juventus,6,10.703019579872487,14.402950731106102,4.125553295947611,Serie_A,attack,0.3026905829596413,0.2017937219730941,0.5399505393433429,2.0683856502242155,0.2135109920848177,1.664798206278027,0.7266062588562495,0.2081276886969086,0.2610492580456704,3
9965,Matìas Soulè Malvano,33,2207,6,4.678685570135713,5,4.457678508944809,52,45,1,0,F M S,Roma,6,4.678685570135713,15.858708873391151,9.501005835831164,Serie_A,attack,0.2446760308110557,0.2038966923425464,0.1907937024522945,2.120525600362483,0.1817811807000602,1.835070231082918,0.6467076568215694,0.3874447327706409,0.0899747225026098,2
13934,Martin Baturina,29,1579,6,1.901092293672264,3,6.69613741338253,28,61,0,0,F M S,Como,6,1.901092293672264,11.85915962420404,7.063820514827967,Serie_A,attack,0.3419886003799873,0.1709943001899936,0.1083586487843595,1.5959468017732743,0.3816671103257934,3.476884103863205,0.6759495669273994,0.4026243485335763,0.067896153345438,2
687,Pedro,29,954,5,2.253662777133286,2,2.8057295260950923,22,20,4,0,F M S,Lazio,3,0.7310651587322354,3.6938994862139225,1.6364152282476423,Serie_A,attack,0.4716981132075472,0.1886792452830188,0.0689684112011542,2.0754716981132075,0.2646914647259521,1.8867924528301887,0.348481083605087,0.154378795117702,0.0332302344878288,1
6686,Nicolo Zaniolo,32,2308,5,6.143913544714451,6,5.693028134293854,72,51,8,0,F M S,Udinese,5,6.143913544714451,12.040764158591628,3.449165239930153,Serie_A,attack,0.1949740034662045,0.2339688041594454,0.2395806841526432,2.8076256499133447,0.2219984974378019,1.988734835355286,0.469527198558599,0.1344995110891307,0.0853321325654784,1
7005,Jens Odgaard,26,1391,5,2.728798510506749,1,0.936283141374588,35,14,1,0,F M S,Bologna,5,2.728798510506749,5.993094911798835,3.132464464753866,Serie_A,attack,0.3235082674335011,0.0647016534867002,0.1765577756618313,2.264557872034508,0.0605790673786577,0.9058231488138032,0.3877631502961143,0.2026756303579065,0.0779656717287642,0
7628,Lameck Banda,32,1768,5,3.2459914926439524,4,3.3277904372662306,38,23,6,1,F M S,Lecce,5,3.2459914926439524,7.624415159225464,2.613522628322244,Serie_A,attack,0.254524886877828,0.2036199095022624,0.1652371234943188,1.9343891402714928,0.169401096919661,1.170814479638009,0.3881206811822917,0.1330413102652726,0.0854208287537882,1
9993,Jurgen Ekkelenkamp,31,2234,5,4.730059016495943,3,2.5550372377038,33,27,1,0,F M S,Udinese,5,4.730059016495943,10.37775133550167,3.8738196790218353,Serie_A,attack,0.2014324082363473,0.1208594449418084,0.1905574357585653,1.3294538943598926,0.1029334607848442,1.0877350044762757,0.4180830887176143,0.1560625654037445,0.1433351217119982,0
10366,Albert Gudmundsson,33,2290,5,5.804271567612886,4,3.7848143130540848,41,31,4,1,F M S,Fiorentina,2,3.520375095307827,10.843363923951983,6.05417984444648,Serie_A,attack,0.1965065502183406,0.1572052401746725,0.1383553530907006,1.6113537117903929,0.1487481607750513,1.218340611353712,0.4261584074915627,0.2379371991267175,0.0858628072026299,1
11380,Vitinha,35,2262,5,6.909197731874883,1,2.17753553763032,65,16,5,0,F M S,Genoa,5,6.909197731874883,9.6502389581874,2.648514298722148,Serie_A,attack,0.1989389920424403,0.039787798408488,0.2749017665202208,2.586206896551724,0.0866393449985538,0.636604774535809,0.3839617622620981,0.1053785529995549,0.106295349721152,0
11800,Arthur Atta,32,2575,5,4.234897628426552,3,3.253640430048108,57,34,3,0,F M S,Udinese,5,4.234897628426552,14.451863273978232,8.205154605209827,Serie_A,attack,0.174757281553398,0.1048543689320388,0.1480158394401513,1.992233009708738,0.1137194713414872,1.188349514563107,0.5051136678283653,0.2867821027063629,0.0742964496215184,1
11883,Gennaro Borrelli,27,1263,5,4.579960027709603,1,0.8707911921665072,30,12,4,0,F S,Cagliari,5,4.579960027709603,5.725788693875074,2.594655658118427,Serie_A,attack,0.3562945368171021,0.0712589073634204,0.3263629473427271,2.137767220902613,0.0620516288954755,0.8551068883610452,0.4080134461193639,0.1848923271818356,0.1526653342569867,0
11951,Gustav Isaksen,30,1606,5,5.408482110127807,1,0.8823539484292269,48,17,0,0,F S,Lazio,5,5.408482110127807,7.817846435122192,2.5441228905692697,Serie_A,attack,0.2801992528019925,0.0560398505603985,0.303090529210151,2.6899128268991284,0.0494469834113514,0.9526774595267746,0.4381109459283918,0.1425722665947909,0.1126767106276626,0
12784,Ange-Yoan Bonny,33,1112,5,4.581577172502875,4,2.670865649357438,22,17,1,0,F S,Inter,5,4.581577172502875,9.682558439671991,3.249240666627884,Serie_A,attack,0.4046762589928057,0.3237410071942446,0.37081110209106,1.7805755395683451,0.2161671838508718,1.3758992805755397,0.783660305369136,0.2629781115076525,0.2082535078410398,3
1424,Federico Bernardeschi,29,1198,4,3.179261529818177,2,3.570297403261065,39,29,3,0,F M S,Bologna,3,2.41796269454062,8.06808358617127,3.1546717965975404,Serie_A,attack,0.3005008347245409,0.1502504173622704,0.1816499520105641,2.929883138564274,0.2682193374737027,2.1786310517529217,0.6061164630679584,0.236995377039882,0.0619990434497594,2
1471,Lorenzo Pellegrini,24,1508,4,4.77526899240911,2,2.9984955824911594,32,29,2,0,F M S,Roma,2,3.2526713106781244,7.576448664069176,4.90537278726697,Serie_A,attack,0.2387267904509283,0.1193633952254641,0.1941249455975008,1.909814323607427,0.1789553066473503,1.7307692307692308,0.4521753181473646,0.2927609753673921,0.1016459784586913,1
7375,Roberto Piccoli,32,1653,4,6.827427292242646,1,1.5870586233213544,47,15,1,0,F S,Fiorentina,4,6.827427292242646,8.30208997335285,1.4810839276760817,Serie_A,attack,0.2177858439201452,0.0544464609800363,0.3717292536611241,2.558983666061706,0.0864097254076962,0.8166969147005445,0.4520194177869065,0.0806397782763746,0.1452644104732477,0
9018,M&#039;Bala Nzola,30,1514,4,7.317131128162146,1,1.2388474997133017,39,20,2,1,F S,"Pisa,Sassuolo",2,5.033234681934118,7.441231850534677,1.6971882237121465,Serie_A,attack,0.23778071334214,0.059445178335535,0.2992015332721734,2.318361955085865,0.0736435105509888,1.1889035667107002,0.442345354391097,0.1008896566275384,0.1290572995367722,0
9071,Matteo Cancellieri,30,1740,4,5.217630736529827,3,1.9236066080629823,41,18,6,0,F M S,Lazio,4,5.217630736529827,8.65033857896924,1.823181548155844,Serie_A,attack,0.2068965517241379,0.1551724137931034,0.2698774518894738,2.1206896551724137,0.099496893520499,0.9310344827586208,0.4474313058087538,0.0943024938701298,0.127259286256825,0
9843,Caleb Ekuban,31,944,4,4.121994238346815,1,1.2507788091897964,29,11,0,0,F M S,Genoa,4,4.121994238346815,4.971754275262356,0.5887844664976001,Serie_A,attack,0.3813559322033898,0.0953389830508474,0.3929867388254379,2.764830508474577,0.1192479796897051,1.048728813559322,0.4740019965822161,0.0561341122720169,0.1421377323567867,0
10994,Kristian Thorstvedt,32,2450,4,6.644855927675962,4,2.6294608265161514,43,32,9,0,F M S,Sassuolo,4,6.644855927675962,16.12818531692028,8.9037402626127,Serie_A,attack,0.1469387755102041,0.1469387755102041,0.2440967483636067,1.5795918367346935,0.0965924385250831,1.1755102040816328,0.5924639504174797,0.3270761729123033,0.1545315332017665,1
11989,Walid Cheddira,33,1193,4,4.555503275245428,1,0.6070769298821688,33,11,3,0,F S,"Lecce,Sassuolo",4,4.555503275245428,5.885509114246815,1.6127010164782405,Serie_A,attack,0.3017602682313495,0.0754400670578373,0.3436674725667129,2.489522212908634,0.0457979242995768,0.8298407376362111,0.4440032022482928,0.1216622728273609,0.138045553795316,0
12378,Tijjani Noslin,29,1113,4,4.319302462972701,2,2.387575278058648,35,17,4,1,F S,Lazio,4,4.319302462972701,8.645486512221396,3.176832916215062,Serie_A,attack,0.3234501347708895,0.1617250673854447,0.3492697409411887,2.830188679245283,0.1930653863659284,1.3746630727762803,0.6990959443844795,0.2568867587235899,0.12340864179922,2
13930,Semih Kiliçsoy,22,973,4,2.0539160827174783,0,0.3908173693343997,17,11,1,0,F S,Cagliari,4,2.0539160827174783,2.991133206523955,1.0485907513648272,Serie_A,attack,0.3699897225077081,0.0,0.1899819603746896,1.5724563206577593,0.0361496025078067,1.0174717368961972,0.2766721362663473,0.0969919502804053,0.1208185931010281,0
13969,Nikola Stulic,34,1713,4,5.471318391617388,0,2.100543244741857,33,20,1,0,F S,Lecce,3,4.71001955633983,6.266159004531801,1.3460894767194986,Serie_A,attack,0.2101576182136602,0.0,0.2474616229250348,1.733800350262697,0.1103612913174355,1.0507880910683012,0.3292202629351209,0.0707227395824605,0.1427278653436312,0
14417,Kieron Bowie,14,1211,4,4.099301479756832,0,0.4409037381410599,33,12,1,0,F,Verona,4,4.099301479756832,5.117839636281133,0.8250679215416312,Serie_A,attack,0.2972749793559042,0.0,0.3046549406920849,2.4525185796862097,0.0327674124134561,0.8918249380677126,0.3803514180555755,0.0613180123358768,0.1242212569623282,0
688,Ruben Loftus-Cheek,28,1122,3,4.139354669488967,1,1.0412129200994968,29,10,2,0,F M S,AC Milan,3,4.139354669488967,7.335022354498506,4.437150865793228,Serie_A,attack,0.2406417112299465,0.0802139037433155,0.3320337970178316,2.3262032085561497,0.0835197529491575,0.8021390374331551,0.5883707770988106,0.3559211924433071,0.1427363679134126,0
1148,Duván Zapata,28,1088,3,4.402640111744404,1,2.6804053094238043,34,10,0,0,F S,Torino,3,3.641341291368008,5.999322157353163,0.5478684362024069,Serie_A,attack,0.2481617647058823,0.0827205882352941,0.3012138935874271,2.8125,0.2217247039045426,0.8272058823529412,0.4962674578692873,0.0453199993182138,0.1070982732755296,0
1958,Mattia Zaccagni,26,2127,3,6.383842973038554,0,2.789195232093334,34,35,6,1,F M,Lazio,3,5.622544137760997,9.418848052620888,4.15836684871465,Serie_A,attack,0.1269393511988716,0.0,0.2379073683114667,1.438645980253879,0.1180195443763046,1.4809590973201692,0.3985408202801503,0.1759534632742447,0.1653689452282646,0
7576,Nicolò Cambiaghi,28,1510,3,2.916797866113484,4,3.030234506353736,24,18,3,1,F M S,Bologna,3,2.916797866113484,6.658601673319936,1.8299096524715424,Serie_A,attack,0.1788079470198675,0.23841059602649,0.1738488794372275,1.4304635761589404,0.1806100036899577,1.0728476821192054,0.3968702984097975,0.1090674627300919,0.1215332444213951,1
8297,Alexis Saelemaekers,35,2819,3,3.5981931975111365,3,4.787930195219815,43,53,5,0,D F M S,AC Milan,3,3.5981931975111365,18.2068260461092,11.067787064239385,Serie_A,attack,0.0957786449095423,0.0957786449095423,0.1148766895267833,1.372827243703441,0.1528604886732115,1.6920893934019157,0.5812750422667002,0.3533525490534035,0.0836789115700264,1
10172,Jonathan Rowe,28,1612,3,4.977084977552295,2,2.6996529325842857,48,21,2,0,F M S,Bologna,3,4.977084977552295,8.23259355314076,1.3820700384676456,Serie_A,attack,0.1674937965260546,0.1116625310173697,0.277876952841009,2.679900744416873,0.1507250396604129,1.1724565756823822,0.4596361164904891,0.0771627192692854,0.1036892703656728,0
10877,Charles De Ketelaere,31,2206,3,4.545966546982527,5,10.65264681726694,46,64,4,0,F M S,Atalanta,3,4.545966546982527,19.828982893377542,7.581169381737709,Serie_A,attack,0.1223934723481414,0.2039891205802357,0.1854655436212272,1.8766999093381689,0.434604811221226,2.611060743427017,0.8089793564841247,0.3092952150300969,0.0988253597170114,2
12776,Jeff Ekhator,30,930,3,3.187806397676468,0,0.869433494284749,20,10,3,0,F M S,Genoa,3,3.187806397676468,4.847302496433258,1.2906138431280851,Serie_A,attack,0.2903225806451613,0.0,0.3084973933235291,1.935483870967742,0.0841387252533628,0.967741935483871,0.469093789977412,0.124898113851105,0.1593903198838234,0
12993,David Neres,16,932,3,1.484556145966053,3,3.786104552447796,17,19,3,0,F M S,Napoli,3,1.484556145966053,7.352409522980452,3.5680493600666523,Serie_A,attack,0.2896995708154506,0.2896995708154506,0.1433584261126017,1.6416309012875536,0.3656109546355167,1.834763948497854,0.709996627755623,0.3445541227532175,0.0873268321156501,2
13052,Francisco Conceição,31,2124,3,8.487750921398401,5,4.1634056605398655,73,42,3,0,D F M S,Juventus,3,8.487750921398401,18.74015914928168,9.5299581438303,Serie_A,attack,0.1271186440677966,0.211864406779661,0.3596504627711187,3.0932203389830506,0.1764154940906722,1.779661016949153,0.7940745402238,0.4038117857555211,0.1162705605671013,2
13961,Giovane,33,1873,3,4.269323905929923,5,4.357408100739121,56,32,2,0,F M S,"Napoli,Verona",3,4.269323905929923,8.811031891033053,2.390819819644093,Serie_A,attack,0.1441537640149492,0.2402562733582488,0.2051463702796012,2.6908702616123867,0.2093789263569252,1.5376401494927925,0.423381137316057,0.114881892027746,0.0762379268916057,1
1294,Paulo Dybala,22,1360,2,6.285113666206598,6,6.363388704136014,43,55,1,0,F M S,Roma,2,5.523814860731363,11.41634314134717,3.380848379805684,Serie_A,attack,0.1323529411764706,0.3970588235294117,0.3655465716660461,2.8455882352941178,0.4211066054207656,3.6397058823529416,0.7554932961185626,0.2237326133694938,0.1284608107146828,2
1473,Matteo Politano,34,2249,2,3.133822990581393,6,5.604220122098923,49,37,4,0,D F M S,Napoli,2,3.133822990581393,12.97732456959784,8.206937471404672,Serie_A,attack,0.0800355713650511,0.2401067140951533,0.1254086568040575,1.9608714984437527,0.2242684797638519,1.4806580702534462,0.5193237933587397,0.3284234648405604,0.0639555712363549,1
7507,Gianluca Gaetano,33,1920,2,1.996237703599036,4,2.214853904210031,34,27,4,0,F M S,Cagliari,2,1.996237703599036,7.68703128490597,5.646638568490744,Serie_A,attack,0.09375,0.1875,0.0935736423562048,1.59375,0.1038212767598452,1.265625,0.3603295914799673,0.2646861828980036,0.0587128736352657,1
7944,Gabriel Strefezza,14,1026,2,1.0562517698854208,2,1.0693775909021497,24,13,3,0,F S,Parma Calcio 1913,2,1.0562517698854208,2.953472524881363,2.114887624979019,Serie_A,attack,0.175438596491228,0.175438596491228,0.0926536640250369,2.1052631578947367,0.0938050518335218,1.1403508771929824,0.259076537270295,0.1855164583314929,0.0440104904118925,1
8163,Daniel Maldini,21,944,2,2.8131038434803486,1,1.1871156906709075,23,11,1,0,F M S,"Atalanta,Lazio",2,2.8131038434803486,4.705114088952541,1.7460139524191618,Serie_A,attack,0.1906779661016949,0.0953389830508474,0.2681984596538468,2.192796610169492,0.1131784027122687,1.048728813559322,0.4485807923789499,0.1664631946162336,0.1223088627600151,0
8819,Mergim Vojvoda,30,1602,2,1.4710992444306612,2,3.094263934530318,18,29,1,0,D F M S,Como,2,1.4710992444306612,7.919539753347635,4.826663876883686,Serie_A,attack,0.1123595505617977,0.1123595505617977,0.0826460249680146,1.0112359550561798,0.1738350525017032,1.6292134831460674,0.4449179636712154,0.2711608919597576,0.0817277358017034,1
8880,Matteo Tramoni,27,1630,2,3.213343242183328,2,2.884499185718596,28,28,3,0,F M S,Pisa,1,2.4520444069057703,7.110495939850807,3.0286965798586607,Serie_A,attack,0.1104294478527607,0.1104294478527607,0.1353889549825272,1.5460122699386505,0.1592668262053212,1.5460122699386505,0.3926040702985108,0.1672286455136683,0.0875730145323489,1
10084,Cristian Volpato,24,1060,2,1.749022038653493,4,2.896068687550724,21,23,4,0,F M S,Sassuolo,2,1.749022038653493,6.181194823235273,2.2634265329688787,Serie_A,attack,0.1698113207547169,0.3396226415094339,0.1485018712064286,1.7830188679245282,0.2458926244146841,1.9528301886792447,0.5248184283879006,0.1921777244973576,0.0832867637454044,1
11877,Michael Folorunsho,27,2032,2,2.947147471830249,0,0.9439696660265326,36,14,3,0,D F M S,Cagliari,2,2.947147471830249,5.254418143071234,2.6885152058675885,Serie_A,attack,0.0885826771653543,0.0,0.1305331065279145,1.594488188976378,0.0418096800897578,0.6200787401574803,0.2327252130297298,0.1190779372677573,0.0818652075508402,0
12881,Henrik Meister,28,1494,2,5.318537840619683,0,0.6497459821403027,20,5,2,0,F S,Pisa,2,5.318537840619683,7.32625531591475,1.3786405008286238,Serie_A,attack,0.1204819277108433,0.0,0.3203938458204628,1.2048192771084336,0.0391413242253194,0.3012048192771084,0.4413406816816114,0.0830506325800375,0.2659268920309842,0
12997,Alieu Fadera,28,959,2,2.3619886562228203,1,0.87881900370121,13,7,5,0,F S,Sassuolo,2,2.3619886562228203,4.041427066549659,1.7654694616794586,Serie_A,attack,0.1876955161626694,0.0938477580813347,0.2216673400000561,1.2200208550573517,0.0824751932566307,0.656934306569343,0.3792788696449106,0.165685350939678,0.1816914350940631,0
13059,Jesús Rodriguez,31,1728,2,3.921451119706034,9,6.971315912902355,45,36,3,1,F M S,Como,2,3.921451119706034,13.897016979753973,4.475679643452168,Serie_A,attack,0.1041666666666666,0.46875,0.2042422458180226,2.34375,0.3630893704636643,1.875,0.7238029676955194,0.2331083147631338,0.0871433582156896,2
2217,Antonio Sanabria,25,921,1,2.979946978390217,1,1.9838042967021463,12,6,2,0,F S,Cremonese,1,2.979946978390217,3.9699571561068296,0.3716926481574774,Serie_A,attack,0.0977198697068403,0.0977198697068403,0.2912000304615847,1.1726384364820848,0.1938570973976038,0.5863192182410424,0.387943696036498,0.0363217571489391,0.2483289148658514,0
4918,Patrick Cutrone,15,908,1,3.271421535871923,0,0.6590696647763252,25,3,0,0,F S,Parma Calcio 1913,1,3.271421535871923,3.99916382227093,0.8263060990720987,Serie_A,attack,0.0991189427312775,0.0,0.3242598438639571,2.4779735682819384,0.0653262883588868,0.2973568281938326,0.3963928898726692,0.0819025869124327,0.1308568614348769,0
6672,Riccardo Sottil,21,1078,1,0.7569481134414673,2,3.896916251629591,20,24,1,0,F M S,Lecce,1,0.7569481134414673,2.106737073510885,0.7894598450511694,Serie_A,attack,0.0834879406307977,0.1669758812615955,0.0631960391555956,1.6697588126159555,0.3253455126592423,2.0037105751391464,0.1758871397179773,0.0659103766740308,0.0378474056720733,1
7224,Boulaye Dia,27,1257,1,2.69816866144538,2,1.712193813174963,12,15,1,0,F M S,Lazio,1,2.69816866144538,5.352691099047661,2.55795587785542,Serie_A,attack,0.071599045346062,0.1431980906921241,0.1931863003421512,0.8591885441527447,0.122591442470761,1.0739856801909309,0.3832475727241762,0.1831471988917962,0.2248473884537816,0
7912,Eljif Elmas,33,1791,1,3.64168831333518,3,1.7521770196035504,27,24,3,0,F M S,Napoli,1,3.64168831333518,8.190225210040808,4.126482693478465,Serie_A,attack,0.050251256281407,0.1507537688442211,0.182999412730411,1.3567839195979898,0.0880490964624899,1.206030150753769,0.4115691060322013,0.2073609393707771,0.13487734493834,1
8720,Jack Harrison,15,983,1,0.9175047194585204,3,1.3327791523188353,13,15,1,0,D F M S,Fiorentina,1,0.9175047194585204,5.438477221876383,3.798996347934008,Serie_A,attack,0.091556459816887,0.2746693794506612,0.0840034839789082,1.190233977619532,0.1220245409040642,1.3733468972533065,0.4979277212297807,0.3478226564741207,0.0705772861121938,1
9924,Fabiano Parisi,23,1550,1,1.3022431200370193,1,1.918891154229641,24,19,6,0,D F M S,Fiorentina,1,1.3022431200370193,6.788167456164956,4.464465705677867,Serie_A,attack,0.0580645161290322,0.0580645161290322,0.0756141166473108,1.3935483870967742,0.1114194863746243,1.103225806451613,0.3941516587450619,0.2592270409748439,0.0542601300015424,1
9996,Abdou Harroui,23,908,1,1.1734618581831455,0,0.6866047256626189,12,14,3,0,F M S,Verona,0,0.4121630229055881,3.6475467239506543,2.7020138697698712,Serie_A,attack,0.0991189427312775,0.0,0.0408531630633292,1.1894273127753303,0.0680555344819776,1.3876651982378854,0.3615409748409239,0.2678207580168374,0.0343469185754656,1
11306,Cyril Ngonge,20,987,1,2.7625477351248264,1,0.5623787045478821,24,12,2,0,F S,Torino,1,2.7625477351248264,4.732533551752567,1.595635703764856,Serie_A,attack,0.0911854103343465,0.0911854103343465,0.2519040487955769,2.188449848024316,0.0512807329374968,1.094224924012158,0.4315380138376201,0.1454986963919321,0.1151061556302011,0
11551,Marco Palestra,37,3087,1,1.6532281721010804,4,4.397553648799658,29,32,3,0,D F M S,Cagliari,1,1.6532281721010804,8.444047356024384,3.87338453065604,Serie_A,attack,0.0291545189504373,0.1166180758017492,0.0481990720729178,0.8454810495626822,0.1282085611894944,0.932944606413994,0.246182138659603,0.1129266627013422,0.0570078680034855,1
12362,Santiago Pierotti,37,2661,1,3.769198192283511,2,2.6033652145415545,32,22,4,0,F M S,Lecce,1,3.769198192283511,7.335631237365305,2.38239432964474,Serie_A,attack,0.0338218714768883,0.0676437429537767,0.1274813368303329,1.0822998872604284,0.0880506836936264,0.7440811724915445,0.2481047769120171,0.080577034824512,0.1177874435088597,0
1804,Álvaro Morata,26,917,0,4.910666534677148,1,0.7771521378308535,23,10,2,1,F S,Como,0,4.149367729201913,3.673953918740153,0.6550146443769336,Serie_A,attack,0.0,0.0981461286804798,0.4072443790928813,2.257360959651036,0.0762744737238569,0.9814612868047984,0.3605843540748242,0.0642871515746172,0.1804072925739962,0
11350,Amin Sarr,34,1046,0,1.6173531264066696,1,1.370297757908702,19,15,0,1,F M S,Verona,0,1.6173531264066696,4.150501137599349,1.915599713101983,Serie_A,attack,0.0,0.0860420650095602,0.1391604028456981,1.6347992351816445,0.1179032487684351,1.2906309751434033,0.3571176887035768,0.1648221550470157,0.0851238487582457,1
13453,Santiago Giménez,16,905,0,3.7894718274474144,1,0.5480921231210232,27,4,2,0,F S,AC Milan,0,3.7894718274474144,4.311729162931442,1.1985082384198904,Serie_A,attack,0.0,0.0994475138121547,0.3768535519008478,2.685082872928177,0.0545063989844111,0.3977900552486188,0.4287907454848948,0.1191886645942432,0.1403508084239783,0
12850,Esteban Lepaul,34,2761,21,15.734724316745996,5,3.3852440919727087,87,23,3,0,F S,"Angers,Rennes",18,12.694475065916777,17.0145684145391,4.0013463869690895,Ligue_1,attack,0.6845345889170591,0.1629844259326331,0.4138003462269141,2.835929011227816,0.1103484129944019,0.7497283592901123,0.5546219331070332,0.1304314287675545,0.1459135065047905,3
7490,Mason Greenwood,32,2503,16,14.337145529687405,7,7.642338250763714,116,56,3,0,F M S,Marseille,10,8.256384439766407,23.296432835049927,12.582058395259082,Ligue_1,attack,0.575309628445865,0.2516979624450659,0.2968735915217645,4.170994806232521,0.2747944237190308,2.0135836995605274,0.8376663824029139,0.4524112087787924,0.0711757279290207,2
12413,Joaquín Panichelli,27,2202,16,14.715991329401731,1,2.9524750281125307,58,21,3,0,F M S,Strasbourg,11,10.155420538038015,14.645621437579392,3.873768337070942,Ligue_1,attack,0.6539509536784741,0.0408719346049046,0.4150716841159952,2.370572207084469,0.1206733662716293,0.8583106267029973,0.5985948816449342,0.1583284061473137,0.1750934575523795,3
9690,Folarin Balogun,30,2281,13,14.09382818453014,4,4.190360508859158,77,24,4,1,F S,Monaco,10,11.813542751595378,15.975783936679363,1.964771009981632,Ligue_1,attack,0.512932924156072,0.1578255151249452,0.4661196175552757,3.038141166155195,0.165336451467481,0.9469530907496712,0.6303465823328114,0.0775227491882274,0.1534226331376023,3
3697,Odsonne Edouard,29,1879,12,13.342069167643784,3,2.0989868957549334,60,20,1,0,F S,Lens,11,12.581974048167467,15.112782396376131,3.2517467588186264,Ligue_1,attack,0.5747738158594997,0.1436934539648749,0.6026491028925344,2.8738690792974984,0.100536892292679,0.9579563597658328,0.7238693005182819,0.1557515743979118,0.2096995674694577,3
10815,Lassine Sinayoko,32,2811,12,13.613020814955236,4,4.946237799711525,93,40,8,0,F M,Auxerre,9,10.57264032587409,15.242396891117096,3.0789404874667525,Ligue_1,attack,0.384204909284952,0.128068303094984,0.3385050264420733,2.977588046958378,0.1583640704283306,1.28068303094984,0.4880169762364065,0.0985786708900774,0.1136843045792913,0
3603,Corentin Tolisso,30,2319,11,10.556918144226074,4,4.521071578375995,54,33,4,0,F M S,Lyon,9,8.27663278579712,19.739002807065845,10.05990707874298,Ligue_1,attack,0.426908150064683,0.1552393272962484,0.3212147264863047,2.095730918499353,0.1754620276213193,1.2807244501940491,0.766067379316915,0.3904233018917068,0.1532709775147614,2
7967,Anssumane Fati,25,1058,11,11.288535937666891,0,1.9022937566041944,43,15,1,0,F M S,Monaco,8,8.248155388981104,12.93921096622944,4.0356128960847855,Ligue_1,attack,0.9357277882797732,0.0,0.7016389272290164,3.657844990548204,0.1618208299568785,1.275992438563327,1.1006890235922964,0.3432941026915224,0.191817567185607,3
10016,Bradley Barcola,29,1778,11,11.655976854264736,1,4.783318970352411,66,38,2,0,F S,Paris Saint Germain,11,11.655976854264736,20.67596305720508,7.601958399638534,Ligue_1,attack,0.5568053993250843,0.0506186726659167,0.5900100769875288,3.340832395950506,0.2421252572169387,1.923509561304837,1.0465898060452514,0.3848010438512194,0.176605709913102,3
318,Pierre-Emerick Aubameyang,30,2074,10,15.525875067338347,5,5.136944656725973,60,27,1,0,F M S,Marseille,10,15.525875067338347,20.571721328422427,3.708862965926528,Ligue_1,attack,0.4339440694310511,0.2169720347155255,0.6737361408198898,2.6036644165863065,0.2229146668781762,1.171648987463838,0.8926976468457176,0.1609439088396275,0.2587645844556391,3
3226,Ousmane Dembélé,22,1050,10,6.604901619255543,7,5.207486420869827,45,41,0,0,F S,Paris Saint Germain,8,4.324616186320782,10.21094974130392,4.470038652420044,Ligue_1,attack,0.8571428571428572,0.6000000000000001,0.3706813873989241,3.857142857142857,0.4463559789316995,3.5142857142857142,0.875224263540336,0.3831461702074323,0.0961025819182395,2
9345,Ahmadou Bamba Dieng,22,1239,10,9.474379494786264,1,1.150337222032249,45,11,2,0,F S,Lorient,9,7.954189226031303,7.221809398382902,1.4927732981741428,Ligue_1,attack,0.7263922518159805,0.072639225181598,0.577786142326729,3.2687651331719128,0.0835596045059745,0.7990314769975787,0.5245866391077169,0.1084338957511483,0.1767597605784734,3
10347,Pablo Pagis,28,1799,10,7.786515640094876,5,4.751152578741312,59,43,1,0,F M S,Lorient,8,6.266325371339917,10.172008087858558,2.895855251699686,Ligue_1,attack,0.500277932184547,0.2501389660922735,0.3134904299169497,2.9516397998888277,0.2376896787585981,2.151195108393552,0.5088831172358367,0.1448732477226079,0.1062089045989816,2
13735,Pavel Sulc,27,1562,10,8.200931411236525,3,3.44930923357606,44,22,3,0,F M S,Lyon,10,8.200931411236525,14.770196340978146,5.432968702167273,Ligue_1,attack,0.5761843790012804,0.1728553137003841,0.4725248572415411,2.535211267605634,0.1987438098731404,1.267605633802817,0.8510356406453476,0.3130391697791642,0.1863848048008301,3
3721,Romain Del Castillo,32,2686,9,8.386032570153475,3,6.569920150563121,34,55,2,1,F M,Brest,3,2.3052715435624123,12.779396329075098,6.169922332279384,Ligue_1,attack,0.3015636634400596,0.1005212211466865,0.0772429035445335,1.139240506329114,0.2201387987902758,1.8428890543559195,0.4282001748387039,0.2067360424069786,0.0678021042224238,1
5356,Breel Embolo,31,1870,9,9.035452591255307,3,1.4657922452315688,41,15,2,0,F S,Rennes,9,9.035452591255307,11.81740845553577,3.815189575776458,Ligue_1,attack,0.4331550802139037,0.1443850267379679,0.4348613546593463,1.9732620320855616,0.070546150840022,0.7219251336898397,0.5687522786086734,0.1836187496363001,0.2203768924696416,3
9656,Ilan Kebbal,29,2247,9,6.201891345903277,4,5.013933707028627,50,60,7,0,F M S,Paris FC,6,3.161576475948096,13.746420331299303,7.55346611700952,Ligue_1,attack,0.3604806408544727,0.1602136181575434,0.1266319015733549,2.0026702269692924,0.2008251151012801,2.403204272363151,0.5505909344979695,0.3025420340591263,0.0632315295189619,1
5727,Gauthier Hein,29,2355,8,7.256195746362209,7,4.457953127101064,44,58,1,1,F M S,Metz,3,3.4557200483977795,9.394331835210323,4.18543278798461,Ligue_1,attack,0.3057324840764331,0.267515923566879,0.1320657343336731,1.681528662420382,0.1703676354306139,2.21656050955414,0.3590190510271461,0.1599528454006857,0.0785390920090404,1
6401,Amine Gouiri,22,1318,8,7.237069595605135,3,3.988559890538454,38,33,1,0,F M S,Marseille,8,7.237069595605135,11.248107068240644,2.8222608156502247,Ligue_1,attack,0.5462822458270107,0.2048558421851289,0.4941853289866935,2.5948406676783,0.2723599318273603,2.2534142640364188,0.7680801488176464,0.1927188720853719,0.1904491998843456,3
6846,Sofiane Diop,33,2191,8,8.183862524107099,2,3.579524790868163,54,36,5,0,F M S,Nice,6,6.663672225549817,13.850084845907986,5.422367064282298,Ligue_1,attack,0.3286170698311273,0.0821542674577818,0.273724555134406,2.2181652213601097,0.1470366185203718,1.478776814240073,0.5689217873718478,0.2227352970266576,0.1234013375101818,0
6874,Yann Gboho,32,2709,8,5.64604014903307,4,4.147567499428988,58,57,1,1,F M S,Toulouse,8,5.64604014903307,13.230931421741843,5.129378456622362,Ligue_1,attack,0.2657807308970099,0.1328903654485049,0.187576084685484,1.9269102990033224,0.137792940180365,1.893687707641196,0.4395658279648453,0.1704112444060585,0.097345519810915,1
6905,Ludovic Ajorque,32,2834,8,9.856391444802284,9,3.817546840757132,55,41,9,1,F,Brest,8,9.856391444802284,16.418825870379806,5.105777461081743,Ligue_1,attack,0.2540578687367678,0.2858151023288638,0.3130117254877225,1.746647847565279,0.1212347267706922,1.302046577275935,0.5214164884736,0.1621453675008316,0.1792071171782233,0
7453,Khvicha Kvaratskhelia,28,1477,8,7.978250507265329,4,5.74300504103303,65,34,1,0,F S,Paris Saint Germain,7,7.218155387789011,17.08897763863206,8.842163369059563,Ligue_1,attack,0.4874746106973595,0.2437373053486797,0.439833435951937,3.960731211916046,0.3499461433263187,2.0717670954637777,1.0413053402010055,0.5387912682568454,0.1110485444275232,2
11757,Hákon Haraldsson,32,2517,8,8.196693381294608,2,4.53067035600543,50,53,6,0,F M S,Lille,8,8.196693381294608,18.88669960573316,9.129945868626235,Ligue_1,attack,0.2860548271752086,0.0715137067938021,0.2930879635743006,1.7878426698450536,0.1620025157093717,1.8951132300357567,0.6753289489535099,0.3264581359461109,0.1639338676258921,2
11792,Issa Soumaré,34,2942,8,14.245313878171146,5,4.380414232611656,77,29,3,0,F M S,Le Havre,7,11.965028430335224,16.239788457751274,3.462058510631323,Ligue_1,attack,0.2447314751869476,0.1529571719918422,0.3660273823012134,2.355540448674371,0.1340031546346189,0.8871515975526852,0.4967984232486794,0.1059093358112913,0.1553899796147431,0
13051,Matias Fernandez-Pardo,29,2408,8,11.11183587089181,5,4.855040938593447,68,36,5,0,F M S,Lille,6,9.591645512729883,16.976635068655014,6.166970239020884,Ligue_1,attack,0.2990033222591362,0.1868770764119601,0.3584917342797714,2.5415282392026577,0.1814591712929444,1.345514950166113,0.634508785788601,0.2304930737175579,0.1410536104813218,0
502,Olivier Giroud,30,1610,7,8.869264025241137,1,1.851565897464752,41,18,2,0,F S,Lille,4,5.828883409500122,9.002260066568851,2.159651977941394,Ligue_1,attack,0.391304347826087,0.0559006211180124,0.3258382030155348,2.291925465838509,0.1035036837092097,1.0062111801242235,0.5032319291870786,0.1207258869656679,0.1421678880365883,0
10431,Désiré Doué,23,1372,7,8.188008099794388,4,3.852620448917152,55,29,0,0,F M S,Paris Saint Germain,7,7.427912965416908,15.078180879354475,6.510691784322262,Ligue_1,attack,0.4591836734693877,0.2623906705539358,0.4872537659530041,3.607871720116618,0.2527229157452941,1.9023323615160348,0.9890934979168388,0.4270861957645799,0.1350529630075801,2
14082,Emersonn,28,1607,7,7.415036683902144,2,1.878817074000836,51,19,5,1,F S,Toulouse,7,7.415036683902144,8.169102063402534,1.4885814795270562,Ligue_1,attack,0.3920348475420038,0.1120099564405724,0.4152789679845632,2.8562538892345986,0.1052231093093187,1.0640945861854387,0.4575103831401543,0.0833679733400342,0.145392876154944,0
9490,Matthis Abline,33,2591,6,8.401815695688128,4,4.085846895352006,85,30,6,0,F M S,Nantes,6,7.641720516607165,12.297505926340818,3.86945753544569,Ligue_1,attack,0.2084137398687765,0.138942493245851,0.2654399253163431,2.952527981474334,0.1419244386652568,1.0420686993438826,0.4271615335278555,0.1344080193709425,0.0899025943130254,0
10058,Maghnes Akliouche,31,2430,6,6.614660864695907,6,5.355240166187286,48,44,3,0,F M S,Monaco,6,6.614660864695907,18.967163242399693,8.312718050554395,Ligue_1,attack,0.2222222222222222,0.2222222222222222,0.2449874394331817,1.7777777777777777,0.1983422283773069,1.6296296296296295,0.7024875274962848,0.3078784463168294,0.1378054346811647,1
11767,Gonçalo Ramos,30,1293,6,9.366714945062997,1,1.5339764999225736,58,17,2,1,F S,Paris Saint Germain,5,7.846524586901069,7.911083575338125,3.1021426245570183,Ligue_1,attack,0.4176334106728538,0.0696055684454756,0.5461618041926498,4.037122969837587,0.1067733062591118,1.183294663573086,0.550655469281076,0.2159264007812309,0.135284906670708,3
11782,Mousa Al Tamari,33,2265,6,4.307022389955819,6,4.362868030555546,64,34,4,0,D F M S,Rennes,6,4.307022389955819,13.49890786781907,5.7597999684512615,Ligue_1,attack,0.23841059602649,0.23841059602649,0.1711399625148007,2.543046357615894,0.1733589945916111,1.3509933774834435,0.5363804450789035,0.2288662239119706,0.0672972248430596,1
3475,Ludovic Blas,32,1521,5,4.744255687110126,4,6.979083426296711,47,48,1,0,D F M S,Rennes,3,3.224065418355167,13.111039499752223,6.562168078497052,Ligue_1,attack,0.2958579881656805,0.2366863905325444,0.1907731016778205,2.7810650887573964,0.4129635163489178,2.840236686390533,0.7758011538314925,0.3882939691418374,0.0685971365607482,2
6332,Willem Geubbels,24,1013,5,5.863018184900284,0,0.5414527244865894,30,7,0,0,F S,Paris FC,4,5.102923050522804,5.953760713338852,0.914133483543992,Ligue_1,attack,0.4442250740375123,0.0,0.4533692739852442,2.665350444225074,0.0481053753245735,0.6219151036525173,0.5289619587369168,0.0812162028814997,0.1700974350174268,0
7562,Eric Junior Dina Ebimbe,27,1161,5,4.377322880551219,0,1.1943688429892063,27,8,3,0,D F M S,Brest,5,4.377322880551219,5.206158727407456,1.4347593672573566,Ligue_1,attack,0.3875968992248062,0.0,0.3393273550814898,2.0930232558139537,0.0925867320146671,0.6201550387596899,0.4035781959230586,0.1112216563765392,0.1621230696500451,0
9182,Sepe Elye Wahi,14,937,5,4.234686259180307,1,0.7982091940939426,23,8,5,0,F S,Nice,4,3.474591109901666,4.848278559744358,1.0522057861089706,Ligue_1,attack,0.48025613660619,0.096051227321238,0.3337387405455175,2.2091782283884736,0.0766689727518194,0.768409818569904,0.4656831060586896,0.1010656571502746,0.1510691786913768,0
10100,Kamory Doumbia,24,1805,5,4.997975110076368,4,4.44614515081048,43,27,6,0,F M S,Brest,5,4.997975110076368,12.94832083582878,4.904536673799157,Ligue_1,attack,0.2493074792243767,0.1994459833795014,0.2492065151838632,2.14404432132964,0.2216914479628494,1.3462603878116344,0.6456226455537896,0.2445475349816754,0.1162319793041015,1
10193,Frank Magri,17,1297,5,4.1963038221001625,1,0.8383028265088797,33,14,3,0,F M S,Toulouse,5,3.436208687722683,3.482685424387455,1.0790665484964848,Ligue_1,attack,0.3469545104086353,0.069390902081727,0.2384416205821445,2.2898997686969933,0.0581705893491127,0.9714726291441788,0.2416666832651279,0.0748774012063867,0.1041275359915964,0
11065,Remy Labeau Lascary,27,1177,5,5.339445449411869,1,2.657169260084629,34,13,2,0,F M S,Brest,5,5.339445449411869,8.572859641164541,1.6721731591969728,Ligue_1,attack,0.3823279524214104,0.076465590484282,0.4082838491478914,2.59983007646559,0.203182016489054,0.9940526762956668,0.6555287746005172,0.1278637080099639,0.1570425132179961,3
12049,Aiyegun Tosin,27,1068,5,6.6367923226207495,0,1.0361506454646587,30,11,1,0,F M S,Lorient,5,5.876697203144431,6.243498589843512,0.4303169213235378,Ligue_1,attack,0.4213483146067416,0.0,0.4952272923998115,2.528089887640449,0.0873160656290442,0.9269662921348314,0.5261375216160263,0.0362626619092869,0.195889906771481,3
12884,Endrick,16,1248,5,6.475340409204364,7,4.547948397696018,49,30,4,1,F M S,Lyon,4,5.7152452897280455,11.143983148038387,2.17605359852314,Ligue_1,attack,0.360576923076923,0.5048076923076923,0.4121571122400033,3.5336538461538463,0.3279770479107705,2.1634615384615388,0.8036526308681529,0.156926942201188,0.1166376589740417,2
13604,Prosper Peter,29,1257,5,6.074337815865874,0,0.8983762171119452,23,11,0,0,F S,Angers,5,6.074337815865874,7.393127646297216,0.566795882768929,Ligue_1,attack,0.3579952267303102,0.0,0.4349167887254803,1.6467780429594274,0.0643228795068218,0.7875894988066825,0.5293408815964594,0.0405820441123338,0.2641016441680815,0
13801,Alimami Gory,24,959,5,3.891201537102461,1,0.6714342199265957,19,5,3,0,D F M S,Paris FC,5,3.891201537102461,4.999185955151916,1.0015269126743078,Ligue_1,attack,0.4692387904066736,0.0938477580813347,0.3651805404997096,1.7831074035453598,0.0630125962392008,0.4692387904066736,0.4691623941227033,0.0939910554126045,0.2048000809001295,0
3536,Jean-Victor Makengo,31,1842,4,3.3909959215670824,2,1.9122456898912787,39,26,2,0,F M S,Lorient,4,3.3909959215670824,6.606918966397643,3.9485616013407694,Ligue_1,attack,0.1954397394136807,0.0977198697068403,0.1656838398159812,1.905537459283388,0.0934321998318214,1.270358306188925,0.3228136302800151,0.1929264626062265,0.0869486133735149,1
5769,Habib Diallo,25,1908,4,5.928135938942432,1,0.7432543095201254,38,12,0,0,F S,Metz,4,5.168040789663792,6.45493212621659,1.7053034035488963,Ligue_1,attack,0.1886792452830188,0.0471698113207547,0.2437755089464052,1.7924528301886793,0.0350591655434021,0.5660377358490566,0.3044779304819146,0.0804388397900422,0.136001073412205,0
7908,Marshall Munetsi,15,985,4,4.142309173941612,1,0.841992974281311,19,7,0,0,F M S,Paris FC,4,4.142309173941612,4.212618008255959,1.621576115489006,Ligue_1,attack,0.3654822335025381,0.0913705583756345,0.3784851021875585,1.736040609137056,0.0769333682084446,0.6395939086294417,0.3849092596376002,0.1481643151208229,0.2180162723127164,0
8685,Mohamed Ali-Cho,24,1717,4,4.278947148472071,3,3.5190721238031983,32,23,1,0,F M S,Nice,4,4.278947148472071,9.6834735609591,4.643952438607812,Ligue_1,attack,0.209668025626092,0.157251019219569,0.2242896000946339,1.6773442050087362,0.1844592260584087,1.2055911473500291,0.5075786956821894,0.2434220847260938,0.1337170983897522,1
9961,Nuno Mendes,20,1251,4,3.810142569243908,5,5.055273981764913,30,29,1,0,D F S,Paris Saint Germain,3,3.0500474497675896,11.64341450855136,9.271545879542828,Ligue_1,attack,0.2877697841726618,0.3597122302158273,0.2194278740839992,2.158273381294964,0.3636887756665405,2.0863309352517985,0.8376557200396662,0.667017689175743,0.1016682483255863,2
10831,Mostafa Mohamed,24,1152,4,3.018826650455594,0,1.1388814579695463,34,9,1,0,F S,Nantes,4,3.018826650455594,2.9717396833002567,0.2210416812449693,Ligue_1,attack,0.3125,0.0,0.2358458320668433,2.65625,0.0889751139038708,0.703125,0.2321671627578325,0.0172688813472632,0.0887890191310468,0
11790,Rassoul Ndiaye,33,2600,4,3.080671327188611,4,2.7814114429056644,34,29,2,0,F M S,Le Havre,4,3.080671327188611,9.35743105225265,4.941063133999705,Ligue_1,attack,0.1384615384615384,0.1384615384615384,0.1066386228642211,1.176923076923077,0.0962796268698114,1.0038461538461538,0.3239110748856686,0.1710368007922975,0.0906079802114297,1
12045,Aron Dønnum,28,2438,4,4.60387984290719,4,6.289067713543773,40,63,8,1,D F M,Toulouse,1,2.323594458401203,11.223862638697028,5.957076565362513,Ligue_1,attack,0.14766201804758,0.14766201804758,0.0857766617129238,1.4766201804758,0.2321641075549382,2.3256767842493846,0.4143345518797098,0.2199084868263438,0.05808986146003,1
12345,Senny Mayulu,26,1704,4,4.818055000156164,4,4.020334480330348,35,39,2,0,D F M S,Paris Saint Germain,4,4.818055000156164,11.622840972617269,5.123189397156239,Ligue_1,attack,0.2112676056338028,0.2112676056338028,0.2544747359237411,1.8485915492957747,0.2123416098766029,2.059859154929577,0.6138824457368276,0.270590989286421,0.1376587142901761,1
12847,Sidiki Chérif,19,1187,4,2.8283863738179207,0,0.6020375601947308,28,5,3,0,F M S,Angers,4,2.8283863738179207,5.694960653781891,2.5473209153860807,Ligue_1,attack,0.3032855939342881,0.0,0.2144522103147539,2.122999157540017,0.0456473297536021,0.3791069924178601,0.4317998810786606,0.1931414341910255,0.1010137990649257,0
13739,Afonso Moreira,27,1695,4,3.1612205244600773,7,5.9273083889856935,40,32,3,0,D F M S,Lyon,4,3.1612205244600773,13.23570010252297,5.611478790640831,Ligue_1,attack,0.2123893805309734,0.3716814159292035,0.1678524172279687,2.1238938053097343,0.3147243392381784,1.6991150442477876,0.7027805364171489,0.2979546260517255,0.0790305131115019,2
13756,Santiago Hidalgo,29,1387,4,4.3010341711342335,6,2.72281704004854,34,13,4,0,F M S,Toulouse,4,4.3010341711342335,6.958296973258257,2.094240222126245,Ligue_1,attack,0.2595529920692141,0.3893294881038212,0.2790865720274557,2.20620043258832,0.1766788274004099,0.8435472242249459,0.4515116997788342,0.1358915789411406,0.1265010050333598,0
2082,Youssef El-Arabi,25,943,3,4.204976715147495,0,0.5688040424138308,15,9,0,0,F S,Nantes,3,3.444881595671177,2.720785405486822,0.5000742729753256,Ligue_1,attack,0.2863202545068929,0.0,0.3287797917395609,1.4316012725344642,0.0542867060628258,0.8589607635206787,0.2596719899192089,0.0477271310368815,0.2296587730447451,0
5661,Jonathan Ikone,23,1107,3,3.6328962482512,1,2.535602707415819,25,14,2,0,F M S,Paris FC,3,3.6328962482512,7.337351243942976,2.210764056071639,Ligue_1,attack,0.2439024390243902,0.08130081300813,0.2953574185570081,2.032520325203252,0.2061465615785218,1.1382113821138211,0.5965326214587785,0.1797369151277755,0.145315849930048,0
6238,Ignatius Ganago,14,934,3,3.503245037049055,1,0.8179156705737114,23,7,1,0,F M S,Nantes,2,2.7431498877704144,3.946759879589081,1.6002203933894634,Ligue_1,attack,0.2890792291220557,0.0963597430406852,0.2643292183076416,2.21627408993576,0.0788141438454325,0.6745182012847966,0.3803087678404895,0.1541968259154729,0.1192673864248006,0
7169,Moses Simon,29,2062,3,2.882196793332696,3,4.325151562690735,34,33,1,0,F M S,Paris FC,3,2.882196793332696,9.658759605139494,4.0332848858088255,Ligue_1,attack,0.1309408341416101,0.1309408341416101,0.1257990840930856,1.483996120271581,0.188779651135871,1.440349175557711,0.4215753464900846,0.1760405624261854,0.0847704939215498,1
7313,Lee Kang-In,27,1527,3,3.1583685893565416,4,6.6062276884913445,37,58,3,0,F M S,Paris Saint Germain,3,3.1583685893565416,13.055885864421723,7.922523466870189,Ligue_1,attack,0.1768172888015717,0.2357563850687623,0.186151390335356,2.180746561886051,0.3893650896949712,3.418467583497053,0.7695021138166046,0.4669463732929384,0.0853613132258524,2
8239,Takumi Minamino,15,976,3,3.37246372550726,2,2.100285714492202,21,9,4,0,F M S,Monaco,3,3.37246372550726,6.809733860194683,1.606742171570659,Ligue_1,attack,0.2766393442622951,0.1844262295081967,0.310985384524235,1.9364754098360653,0.1936738876068628,0.8299180327868853,0.6279467698950015,0.1481627002472943,0.1605935107384409,0
8684,Fodé Doucouré,26,1271,3,2.584720955230296,1,2.5097016375511885,20,18,2,0,F M S,Le Havre,3,2.584720955230296,7.345032512210309,2.81273215636611,Ligue_1,attack,0.2124311565696302,0.07081038552321,0.183025087309777,1.4162077104642017,0.1777129405032312,1.2745869394177811,0.5201045838701241,0.1991706483658142,0.1292360477615148,1
8970,Sékou Mara,27,1231,3,3.05426874384284,2,1.0970151722431185,33,9,0,0,F S,Auxerre,3,3.05426874384284,5.127975841984153,1.3498488226905463,Ligue_1,attack,0.2193338748984565,0.1462225832656377,0.2233015328560971,2.412672623883022,0.0802041961834936,0.6580016246953696,0.3749129372693532,0.0986891909359457,0.0925535982982678,0
11058,Julio Enciso,27,1918,3,7.675233259797096,6,4.41795701906085,61,26,2,0,F M S,Strasbourg,2,6.915138140320778,15.821536289528012,5.9863391406834126,Ligue_1,attack,0.140771637122002,0.2815432742440041,0.3244851056459176,2.862356621480709,0.2073076807692787,1.2200208550573517,0.7424078550873415,0.280902253733841,0.1133629203331275,2
11318,Abner,26,2182,3,2.2416549902409315,2,3.11980695836246,17,21,4,1,D F M S,Lyon,3,2.2416549902409315,13.472650602459908,9.003189485520124,Ligue_1,attack,0.1237396883593033,0.0824931255728689,0.0924605633004967,0.7011915673693858,0.1286813135896523,0.8661778185151238,0.5557005289740566,0.3713506203926724,0.1318620582494665,1
11515,Tom Louchet,27,1344,3,3.120163287036121,2,3.325116191059351,21,20,1,1,D F M S,Nice,3,3.120163287036121,7.88985560555011,3.209448383189738,Ligue_1,attack,0.2008928571428571,0.1339285714285714,0.2089395058283116,1.40625,0.2226640306512958,1.3392857142857142,0.5283385450145163,0.2149184185171699,0.1485792041445771,1
12285,Mamadou Coulibaly,25,1402,3,1.987246561795473,3,1.762764260172844,13,12,6,1,F M S,Monaco,3,1.987246561795473,7.969235442578793,5.6005539782345295,Ligue_1,attack,0.1925820256776034,0.1925820256776034,0.1275693227971416,0.834522111269615,0.1131589040053894,0.7703281027104137,0.5115771682111921,0.3595220100150554,0.1528651201381133,1
12733,Ibrahim Mbaye,24,973,3,3.4287336245179176,2,2.3628985602408648,24,20,0,0,F M S,Paris Saint Germain,3,3.4287336245179176,8.629046227782965,3.1470533721148968,Ligue_1,attack,0.277492291880781,0.184994861253854,0.3171490505720581,2.2199383350462485,0.2185620456543451,1.8499486125385405,0.7981646048309011,0.2910943509664344,0.1428639010215799,2
13809,Giorgi Tsitaishvili,33,2475,3,1.53672016505152,2,4.272120799869299,31,44,3,0,D F M S,Metz,3,1.53672016505152,8.109842337667942,3.1248387955129147,Ligue_1,attack,0.109090909090909,0.0727272727272727,0.0558807332746007,1.1272727272727274,0.1553498472679745,1.6,0.2949033577333797,0.113630501655015,0.0495716182274683,1
13888,Danny Namaso,30,2544,3,7.317179087549448,3,3.9502968033775687,61,32,9,0,F M S,Auxerre,3,7.317179087549448,11.781863667070866,4.277199324220419,Ligue_1,attack,0.1061320754716981,0.1061320754716981,0.2588624677199097,2.1580188679245285,0.1397510661572253,1.1320754716981132,0.416811214636941,0.1513160138285525,0.1199537555335975,0
14131,Amine Sbaï,25,1865,3,4.347094478085637,1,2.760798776522279,34,27,1,1,F M S,Angers,3,3.5869993288069963,8.644016150385141,3.04599804058671,Ligue_1,attack,0.1447721179624664,0.0482573726541555,0.1730991633204448,1.6407506702412868,0.1332288953817721,1.3029490616621984,0.4171375085976744,0.1469918625484203,0.1054999802590293,1
5197,Achraf Hakimi,18,1382,2,2.801814373582601,2,1.457746408879757,27,21,3,1,D F S,Paris Saint Germain,2,2.801814373582601,9.875811459496616,7.461580440402031,Ligue_1,attack,0.130246020260492,0.130246020260492,0.1824625858338886,1.7583212735166425,0.0949328341528061,1.3675832127351666,0.6431425697211979,0.4859205786079471,0.1037709027252815,1
8287,Mbwana Samatta,27,1550,2,5.862232429906726,1,1.9108041394501925,42,18,4,0,F S,Le Havre,2,5.862232429906726,7.997209070250392,1.7263006046414375,Ligue_1,attack,0.1161290322580645,0.0580645161290322,0.340387689478455,2.438709677419354,0.1109499177745273,1.0451612903225806,0.464354075046797,0.1002368093017608,0.1395769626168268,0
8690,Jean-Phillipe Krasso,25,1082,2,4.304056554101408,2,3.1578205032274127,27,23,0,0,F S,Paris FC,1,3.5439614383503795,7.954925827682018,1.9078789902850983,Ligue_1,attack,0.166358595194085,0.166358595194085,0.2947842231529891,2.245841035120148,0.2626652913959955,1.9131238447319776,0.6616851427831623,0.1586960343120692,0.131257831050014,1
10349,Mika Biereth,32,1051,2,3.207695998251438,2,2.307873759418726,19,18,0,0,F M S,Monaco,2,3.207695998251438,7.502748765051365,2.434636209160089,Ligue_1,attack,0.1712654614652712,0.1712654614652712,0.2746837676904181,1.6270218839200763,0.1976295322052191,1.5413891531874404,0.6424808647522576,0.2084845469309305,0.1688261051711283,1
11294,Lilian Raolisoa,32,1975,2,1.03963359631598,4,3.5283372923731804,16,22,3,0,D F M S,Angers,2,1.03963359631598,8.350225617177784,4.537761720828712,Ligue_1,attack,0.0911392405063291,0.1822784810126582,0.0473757081865509,0.7291139240506329,0.1607849905385246,1.0025316455696205,0.3805166104030383,0.2067840784175109,0.0649770997697487,1
11795,Yassine Kechta,30,1343,2,1.540558686479926,1,1.839314803481102,21,15,3,0,F M S,Le Havre,2,1.540558686479926,5.696476763114333,2.616341471672058,Ligue_1,attack,0.1340282948622487,0.0670141474311243,0.103239226942065,1.4072970960536113,0.123260113412732,1.0052122114668651,0.3817445336413179,0.1753318931127961,0.073359937451425,1
1734,Sofiane Boufal,17,1050,1,1.5026695374399424,4,3.634537594392896,19,27,2,0,F M S,Le Havre,1,0.7425743956118822,5.128283802419901,1.9721620082855225,Ligue_1,attack,0.0857142857142857,0.3428571428571428,0.0636492339095899,1.6285714285714286,0.3115317938051054,2.314285714285714,0.4395671830645629,0.1690424578530447,0.0390828629269411,1
11789,Josué Casimir,31,1509,1,2.738457161933184,0,1.4077786430716517,22,10,4,1,D F M S,Auxerre,1,1.9783619977533813,5.288893414661288,2.5423824563622475,Ligue_1,attack,0.0596421471172962,0.0,0.1179937573212752,1.312127236580517,0.0839629409386671,0.5964214711729622,0.3154409591249277,0.1516331484907901,0.0899255453524264,1
12387,Dehmaine Assoumani,27,1261,1,1.7984376410022378,0,2.039490785449744,29,20,4,1,D F M S,Nantes,1,1.7984376410022378,3.9870292702689767,1.7710418915376067,Ligue_1,attack,0.0713719270420301,0.0,0.1283579601032525,2.069785884218874,0.1455623875420118,1.4274385408406025,0.284561962192076,0.1264026726712011,0.0620150910690426,1
13795,Dermane Karim,30,1371,1,1.3594817034900188,2,2.476931821554899,16,16,3,0,F M S,Lorient,1,1.3594817034900188,6.1817604545503855,3.060548465698957,Ligue_1,attack,0.0656455142231947,0.1312910284463894,0.089243875502627,1.050328227571116,0.1625994631217658,1.050328227571116,0.4058048438435701,0.2009112778358177,0.0849676064681261,1
8686,Cheick Tidiane Sabaly,14,972,0,1.4295627772808075,2,1.8838837835937736,8,10,2,0,F M S,Metz,0,1.4295627772808075,3.6454500779509535,0.5496342591941357,Ligue_1,attack,0.0,0.1851851851851852,0.132366923822297,0.7407407407407408,0.1744336836660901,0.925925925925926,0.3375416738843476,0.050892061036494,0.1786953471601009,0
10702,Johann Lepenant,28,2265,0,0.8502923585474491,1,2.2118827141821384,22,33,4,0,F M S,Nantes,0,0.8502923585474491,5.685858994722366,4.117297636345029,Ligue_1,attack,0.0,0.0397350993377483,0.0337864513330112,0.8741721854304636,0.0878893793714757,1.3112582781456954,0.2259281719757231,0.1636012305832462,0.0386496526612476,1
13736,Khalis Merah,22,1187,0,1.3525805659592152,1,1.5075017232447865,6,12,2,0,F M S,Lyon,0,1.3525805659592152,6.724210884422064,5.000600062310696,Ligue_1,attack,0.0,0.075821398483572,0.102554550072729,0.4549283909014321,0.1143008888728144,0.9098567818028644,0.5098390729553376,0.3791524899814344,0.2254300943265358,1
