Player,Nation,Pos,Squad,Comp,Age,Born,MP,Starts,Min,90s,Gls,Ast,G+A,G-PK,PK,PKatt,xG,npxG,xAG,npxG+xAG,xG+xAG,Sh,SoT,SoT%,Sh/90,SoT/90,G/Sh,G/SoT,npxG/Sh,Cmp,Att,Cmp%,TotDist,PrgDist,xA,KP,1/3,PPA,CrsPA,Crs,CK,TB,Sw,PrgP,SCA,SCA90,GCA,GCA90,Tkl,TklW,Def 3rd,Mid 3rd,Att 3rd,Tkl%,Int,Tkl+Int,Clr,Blocks,Err,Touches,Def Pen,Att Pen,Succ,Succ%,Carries,PrgC,CPA,Mis,Dis,Rec,PrgR,CrdY,CrdR,2CrdY,Fls,Fld,PKwon,PKcon,OG,Recov,Won,Won%,Gls_p90,Ast_p90,G+A_p90,G-PK_p90,xG_p90,npxG_p90,xAG_p90,npxG+xAG_p90,xG+xAG_p90,Sh_p90,SoT_p90,Cmp_p90,Att_p90,TotDist_p90,PrgDist_p90,xA_p90,KP_p90,1/3_p90,PPA_p90,CrsPA_p90,Crs_p90,CK_p90,TB_p90,Sw_p90,PrgP_p90,Tkl_p90,TklW_p90,Def 3rd_p90,Mid 3rd_p90,Att 3rd_p90,Int_p90,Tkl+Int_p90,Clr_p90,Blocks_p90,Touches_p90,Def Pen_p90,Att Pen_p90,Succ_p90,Carries_p90,PrgC_p90,CPA_p90,Mis_p90,Dis_p90,Rec_p90,PrgR_p90,CrdY_p90,CrdR_p90,Fls_p90,Fld_p90,PKwon_p90,PKcon_p90,OG_p90,Recov_p90,Won_p90,PrimaryPos,SecondaryPos,Group,Cluster
Himad Abdelli,dz ALG,"MF,FW",Angers,fr Ligue 1,24.0,1999.0,32,32,2842,31.6,6,1,7,3,3,4,6.4,3.2,3.2,6.4,0.3,35,8,22.9,1.11,0.25,0.09,0.38,0.09,1373,1672,82.1,21646,6031,3.7,39,171,38,3,44,10,23,13,207,94,2.98,5,0.16,48,32,13,20,15,31.3,26,74,28,31,2,1993,38,49,57,47.1,1183,107,17,55,51,1446,111,4,0,0,48,3,0,0,0,193,13,39.4,0.1900070372976777,0.0316678395496129,0.2216748768472906,0.0950035186488388,0.2026741731175229,0.1013370865587614,0.1013370865587614,0.2026741731175229,0.0095003518648838,1.1083743842364533,0.2533427163969036,43.47994370161858,52.94862772695285,685.4820548909219,190.9887403237157,0.1171710063335679,1.235045742434905,5.415200562983814,1.203377902885292,0.0950035186488388,1.3933849401829697,0.3166783954961295,0.7283603096410978,0.4116819141449683,6.555242786769881,1.5200562983814216,1.0133708655876144,0.4116819141449683,0.633356790992259,0.4750175932441942,0.8233638282899367,2.3434201266713584,0.8866995073891626,0.9817030260380016,63.11400422237861,1.203377902885292,1.5517241379310345,1.805066854327938,37.463054187192114,3.388458831808585,0.5383532723434201,1.7417311752287123,1.6150598170302606,45.79169598874033,3.5151301900070373,0.1266713581984518,0.0,1.5200562983814216,0.0950035186488388,0.0,0.0,0.0,6.111893033075299,0.4116819141449683,MF,FW,midfield,3
Zakaria Aboukhlal,ma MAR,"MF,FW",Toulouse,fr Ligue 1,24.0,2000.0,26,22,1901,21.1,7,2,9,6,1,2,10.2,8.6,1.6,10.2,0.56,62,26,41.9,2.94,1.23,0.1,0.23,0.14,221,349,63.3,2789,753,2.0,12,16,10,4,33,3,0,0,22,34,1.61,7,0.33,22,13,7,8,7,17.4,6,28,9,14,0,613,6,113,16,30.2,375,34,19,64,26,450,164,4,0,0,35,4,2,0,0,61,22,36.7,0.3314045239347711,0.094687006838506,0.4260915307732772,0.2840610205155181,0.4829037348763808,0.407154129405576,0.0757496054708048,0.4829037348763808,0.0265123619147816,2.9352972119936878,1.230931088900579,10.46291425565492,16.522882693319307,132.0410310362967,35.64965807469753,0.094687006838506,0.5681220410310363,0.7574960547080484,0.4734350341925302,0.1893740136770121,1.5623356128353498,0.142030510257759,0.0,0.0,1.0415570752235666,1.0415570752235666,0.6154655444502893,0.3314045239347711,0.3787480273540242,0.3314045239347711,0.2840610205155181,1.3256180957390846,0.4260915307732772,0.6628090478695423,29.021567596002104,0.2840610205155181,5.349815886375592,0.7574960547080484,17.753813782219886,1.6096791162546027,0.8995265649658074,3.029984218832193,1.230931088900579,21.304576538663863,7.764334560757495,0.1893740136770121,0.0,1.6570226196738558,0.1893740136770121,0.094687006838506,0.0,0.0,2.8879537085744347,1.0415570752235666,MF,FW,midfield,4
Tyler Adams,us USA,MF,Bournemouth,eng Premier League,25.0,1999.0,28,21,1965,21.8,0,3,3,0,0,0,1.6,1.6,1.0,2.6,0.12,9,2,22.2,0.41,0.09,0.0,0.0,0.18,902,1069,84.4,14322,3525,0.8,18,67,4,1,3,0,2,1,76,41,1.88,4,0.18,83,50,26,49,8,54.2,32,115,42,14,0,1337,62,18,4,22.2,663,14,1,28,12,757,10,7,0,0,45,1,0,1,0,114,31,63.3,0.0,0.1374045801526717,0.1374045801526717,0.0,0.0732824427480916,0.0732824427480916,0.0458015267175572,0.1190839694656488,0.0054961832061068,0.4122137404580153,0.0916030534351145,41.31297709923664,48.96183206106871,655.9694656488549,161.45038167938932,0.0366412213740458,0.8244274809160306,3.068702290076336,0.183206106870229,0.0458015267175572,0.1374045801526717,0.0,0.0916030534351145,0.0458015267175572,3.480916030534351,3.801526717557252,2.2900763358778624,1.1908396946564883,2.2442748091603053,0.366412213740458,1.465648854961832,5.2671755725190845,1.923664122137405,0.6412213740458016,61.23664122137405,2.839694656488549,0.8244274809160306,0.183206106870229,30.36641221374046,0.6412213740458016,0.0458015267175572,1.2824427480916032,0.549618320610687,34.67175572519084,0.4580152671755725,0.3206106870229008,0.0,2.0610687022900764,0.0458015267175572,0.0,0.0458015267175572,0.0,5.221374045801527,1.4198473282442747,MF,,midfield,1
Yacine Adli,fr FRA,MF,Fiorentina,it Serie A,24.0,2000.0,25,14,1219,13.5,4,6,10,4,0,0,1.0,1.0,2.4,3.4,0.25,14,5,35.7,1.03,0.37,0.29,0.8,0.07,718,890,80.7,14050,4602,2.2,23,84,16,4,63,39,3,14,103,50,3.64,10,0.73,32,19,11,16,5,43.6,6,38,19,12,0,1021,31,11,12,37.5,618,24,3,19,8,690,30,3,1,1,9,1,0,0,0,77,5,23.8,0.29532403609516,0.4429860541427399,0.7383100902379,0.29532403609516,0.07383100902379,0.07383100902379,0.1771944216570959,0.2510254306808859,0.0184577522559475,1.03363412633306,0.36915504511895,53.010664479081214,65.70959803117309,1037.3256767842497,339.7703035274816,0.162428219852338,1.6981132075471697,6.201804757998359,1.18129614438064,0.29532403609516,4.651353568498769,2.879409351927809,0.2214930270713699,1.03363412633306,7.604593929450369,2.36259228876128,1.40278917145201,0.81214109926169,1.18129614438064,0.36915504511895,0.4429860541427399,2.80557834290402,1.40278917145201,0.8859721082854799,75.38146021328957,2.2887612797374897,0.81214109926169,0.8859721082854799,45.627563576702215,1.7719442165709598,0.2214930270713699,1.40278917145201,0.59064807219032,50.943396226415096,2.2149302707137,0.2214930270713699,0.07383100902379,0.6644790812141099,0.07383100902379,0.0,0.0,0.0,5.684987694831829,0.36915504511895,MF,,midfield,3
Lucien Agoume,fr FRA,MF,Sevilla,es La Liga,22.0,2002.0,35,24,2114,23.5,1,3,4,1,0,0,0.9,0.9,2.5,3.3,0.14,10,2,20.0,0.43,0.09,0.1,0.5,0.09,1007,1236,81.5,15958,5460,1.6,27,126,19,3,18,0,6,9,135,60,2.55,5,0.21,70,32,23,37,10,69.2,41,111,42,16,0,1481,65,19,22,73.3,689,29,2,26,13,928,23,5,1,0,49,0,0,1,0,136,42,51.2,0.042573320719016,0.1277199621570482,0.1702932828760643,0.042573320719016,0.0383159886471144,0.0383159886471144,0.1064333017975402,0.140491958372753,0.0059602649006622,0.4257332071901608,0.0851466414380321,42.8713339640492,52.62062440870388,679.3850520340587,232.4503311258278,0.0681173131504257,1.1494796594134342,5.364238410596027,0.8088930936613056,0.1277199621570482,0.7663197729422896,0.0,0.2554399243140965,0.3831598864711448,5.747398297067171,2.980132450331126,1.3623462630085146,0.9791863765373698,1.575212866603595,0.4257332071901608,1.7455061494796595,4.725638599810785,1.7880794701986755,0.6811731315042573,63.05108798486282,2.7672658467360454,0.8088930936613056,0.936613055818354,29.333017975402083,1.2346263008514664,0.0851466414380321,1.1069063386944182,0.5534531693472091,39.508041627246925,0.9791863765373698,0.2128666035950804,0.042573320719016,2.0860927152317883,0.0,0.0,0.042573320719016,0.0,5.789971617786188,1.7880794701986755,MF,,midfield,1
Jean-Eudes Aholou,ci CIV,MF,Angers,fr Ligue 1,30.0,1994.0,26,26,1959,21.8,2,0,2,2,0,0,1.8,1.8,1.0,2.8,0.13,27,7,25.9,1.24,0.32,0.07,0.29,0.07,644,764,84.3,10183,2687,0.7,10,46,7,0,2,0,2,2,68,33,1.52,1,0.05,56,36,26,20,10,45.8,33,89,32,9,0,1032,45,34,12,42.9,495,15,2,32,15,615,16,7,0,0,50,3,0,0,0,100,38,62.3,0.0918836140888208,0.0,0.0918836140888208,0.0918836140888208,0.0826952526799387,0.0826952526799387,0.0459418070444104,0.1286370597243491,0.0059724349157733,1.2404287901990811,0.3215926493108729,29.586523736600306,35.09954058192955,467.82542113323126,123.44563552833078,0.0321592649310872,0.4594180704441041,2.113323124042879,0.3215926493108729,0.0,0.0918836140888208,0.0,0.0918836140888208,0.0918836140888208,3.124042879019908,2.572741194486983,1.653905053598775,1.1944869831546707,0.9188361408882082,0.4594180704441041,1.5160796324655437,4.088820826952527,1.4701378254211332,0.4134762633996937,47.41194486983154,2.0673813169984685,1.562021439509954,0.5513016845329249,22.741194486983154,0.6891271056661562,0.0918836140888208,1.4701378254211332,0.6891271056661562,28.254211332312405,0.7350689127105666,0.3215926493108729,0.0,2.2970903522205206,0.1378254211332312,0.0,0.0,0.0,4.594180704441041,1.7457886676875956,MF,,midfield,1
Jean-Daniel Akpa-Akpro,ci CIV,MF,Monza,it Serie A,31.0,1992.0,14,12,966,10.7,0,0,0,0,0,0,0.3,0.3,0.2,0.6,0.05,4,2,50.0,0.37,0.19,0.0,0.0,0.08,275,346,79.5,4054,1322,0.2,3,19,2,1,6,0,0,1,19,12,1.12,1,0.09,30,18,15,14,1,42.9,13,43,16,13,1,505,29,7,12,31.6,306,21,2,24,2,290,22,4,0,0,24,1,0,0,0,54,11,42.3,0.0,0.0,0.0,0.0,0.0279503105590062,0.0279503105590062,0.0186335403726708,0.0559006211180124,0.0046583850931677,0.3726708074534162,0.1863354037267081,25.62111801242236,32.2360248447205,377.7018633540373,123.16770186335404,0.0186335403726708,0.2795031055900621,1.7701863354037268,0.1863354037267081,0.093167701863354,0.5590062111801242,0.0,0.0,0.093167701863354,1.7701863354037268,2.7950310559006213,1.6770186335403727,1.3975155279503106,1.3043478260869563,0.093167701863354,1.2111801242236024,4.006211180124224,1.4906832298136647,1.2111801242236024,47.04968944099379,2.701863354037267,0.6521739130434783,1.1180124223602483,28.50931677018633,1.9565217391304348,0.1863354037267081,2.2360248447204967,0.1863354037267081,27.01863354037267,2.049689440993789,0.3726708074534162,0.0,2.2360248447204967,0.093167701863354,0.0,0.0,0.0,5.031055900621118,1.0248447204968945,MF,,midfield,1
Carles Aleñá,es ESP,"MF,FW",Alavés,es La Liga,26.0,1998.0,14,13,1090,12.1,0,2,2,0,0,0,0.7,0.7,1.3,2.0,0.17,15,4,26.7,1.24,0.33,0.0,0.0,0.05,359,472,76.1,5385,1500,1.3,19,35,14,2,31,11,6,0,58,44,3.64,4,0.33,19,12,6,7,6,41.2,2,21,4,21,0,590,2,22,12,50.0,330,18,2,23,14,409,43,1,0,0,11,4,0,0,0,47,9,60.0,0.0,0.1651376146788991,0.1651376146788991,0.0,0.0577981651376146,0.0577981651376146,0.1073394495412844,0.1651376146788991,0.0140366972477064,1.2385321100917432,0.3302752293577982,29.642201834862384,38.972477064220186,444.6330275229358,123.8532110091743,0.1073394495412844,1.5688073394495414,2.889908256880734,1.1559633027522938,0.1651376146788991,2.559633027522936,0.9082568807339452,0.4954128440366973,0.0,4.7889908256880735,1.5688073394495414,0.9908256880733946,0.4954128440366973,0.5779816513761469,0.4954128440366973,0.1651376146788991,1.7339449541284404,0.3302752293577982,1.7339449541284404,48.715596330275226,0.1651376146788991,1.81651376146789,0.9908256880733946,27.24770642201835,1.4862385321100915,0.1651376146788991,1.89908256880734,1.1559633027522938,33.77064220183486,3.5504587155963305,0.0825688073394495,0.0,0.9082568807339452,0.3302752293577982,0.0,0.0,0.0,3.880733944954129,0.7431192660550459,MF,FW,midfield,4
Thiago Almada,ar ARG,"MF,FW",Lyon,fr Ligue 1,23.0,2001.0,16,9,951,10.6,1,4,5,1,0,0,2.0,2.0,2.6,4.6,0.44,23,5,21.7,2.18,0.47,0.04,0.2,0.09,635,748,84.9,10034,2735,2.4,22,58,20,2,47,35,5,8,97,52,4.92,11,1.04,14,8,7,5,2,33.3,7,21,6,6,3,831,19,31,8,57.1,568,38,10,17,9,652,50,3,0,0,10,1,1,0,0,56,1,33.3,0.0946372239747634,0.3785488958990536,0.473186119873817,0.0946372239747634,0.1892744479495268,0.1892744479495268,0.2460567823343848,0.4353312302839116,0.0416403785488959,2.176656151419558,0.473186119873817,60.09463722397476,70.78864353312302,949.589905362776,258.83280757097793,0.2271293375394321,2.082018927444795,5.488958990536278,1.892744479495268,0.1892744479495268,4.44794952681388,3.312302839116719,0.473186119873817,0.7570977917981072,9.17981072555205,1.3249211356466877,0.7570977917981072,0.6624605678233438,0.473186119873817,0.1892744479495268,0.6624605678233438,1.987381703470032,0.5678233438485805,0.5678233438485805,78.64353312302839,1.7981072555205049,2.9337539432176656,0.7570977917981072,53.75394321766561,3.5962145110410098,0.946372239747634,1.608832807570978,0.8517350157728707,61.70347003154573,4.73186119873817,0.2839116719242902,0.0,0.946372239747634,0.0946372239747634,0.0946372239747634,0.0,0.0,5.299684542586751,0.0946372239747634,MF,FW,midfield,0
Domingos André Ribeiro Almeida,pt POR,"MF,FW",Valencia,es La Liga,24.0,2000.0,34,24,1977,22.0,0,4,4,0,0,0,1.2,1.2,3.2,4.4,0.2,18,5,27.8,0.82,0.23,0.0,0.0,0.07,798,947,84.3,13067,3738,4.9,43,96,24,5,67,34,7,7,142,86,3.92,6,0.27,48,32,18,21,9,35.9,8,56,14,17,1,1162,15,43,22,40.7,676,45,11,37,38,836,77,2,0,0,28,9,0,0,0,89,5,25.0,0.0,0.1820940819423369,0.1820940819423369,0.0,0.054628224582701,0.054628224582701,0.1456752655538695,0.2003034901365706,0.0091047040971168,0.8194233687405159,0.2276176024279211,36.32776934749621,43.110773899848255,594.855842185129,170.1669195751138,0.2230652503793627,1.9575113808801208,4.3702579666160855,1.0925644916540214,0.2276176024279211,3.0500758725341424,1.5477996965098637,0.3186646433990895,0.3186646433990895,6.464339908952959,2.1851289833080427,1.4567526555386952,0.8194233687405159,0.9559939301972686,0.4097116843702579,0.3641881638846738,2.5493171471927165,0.6373292867981791,0.7738998482549317,52.898330804248864,0.6828528072837633,1.9575113808801208,1.0015174506828528,30.77389984825493,2.04855842185129,0.5007587253414264,1.684370257966616,1.7298937784522004,38.05766312594841,3.505311077389985,0.0910470409711684,0.0,1.2746585735963585,0.4097116843702579,0.0,0.0,0.0,4.051593323216996,0.2276176024279211,MF,FW,midfield,0
Sergi Altimira,es ESP,MF,Betis,es La Liga,22.0,2001.0,32,22,1972,21.9,0,1,1,0,0,0,1.7,1.6,1.7,3.3,0.16,21,4,19.0,0.96,0.18,0.0,0.0,0.08,1123,1258,89.3,18063,4176,1.2,22,91,13,0,5,0,4,16,99,52,2.37,1,0.05,61,37,17,38,6,60.0,24,85,43,17,3,1521,53,18,16,66.7,908,25,1,27,21,1064,30,4,0,0,35,1,1,0,0,117,11,33.3,0.0,0.0456389452332657,0.0456389452332657,0.0,0.0775862068965517,0.0730223123732251,0.0775862068965517,0.1506085192697768,0.0073022312373225,0.95841784989858,0.1825557809330628,51.25253549695741,57.41379310344828,824.3762677484788,190.58823529411765,0.0547667342799188,1.0040567951318458,4.153144016227181,0.5933062880324543,0.0,0.2281947261663286,0.0,0.1825557809330628,0.7302231237322515,4.5182555780933065,2.783975659229209,1.6886409736308317,0.7758620689655172,1.7342799188640974,0.2738336713995943,1.0953346855983772,3.8793103448275854,1.962474645030426,0.7758620689655172,69.41683569979716,2.418864097363083,0.821501014198783,0.7302231237322515,41.44016227180527,1.140973630831643,0.0456389452332657,1.2322515212981744,0.95841784989858,48.55983772819473,1.3691683569979716,0.1825557809330628,0.0,1.5973630831643002,0.0456389452332657,0.0456389452332657,0.0,0.0,5.3397565922920895,0.5020283975659229,MF,,midfield,1
Edson Álvarez,mx MEX,MF,West Ham,eng Premier League,26.0,1997.0,28,20,1772,19.7,0,1,1,0,0,0,0.4,0.4,0.8,1.2,0.06,12,1,8.3,0.61,0.05,0.0,0.0,0.03,861,1003,85.8,14393,4200,0.9,12,92,12,3,6,0,3,12,85,28,1.42,2,0.1,50,27,27,15,8,48.6,18,68,46,10,1,1239,67,12,14,42.4,687,24,2,27,15,830,18,9,1,1,42,1,0,0,0,88,30,56.6,0.0,0.0507900677200902,0.0507900677200902,0.0,0.0203160270880361,0.0203160270880361,0.0406320541760722,0.0609480812641083,0.0030474040632054,0.6094808126410836,0.0507900677200902,43.730248306997744,50.94243792325056,731.0214446952596,213.3182844243792,0.0457110609480812,0.6094808126410836,4.672686230248307,0.6094808126410836,0.1523702031602709,0.3047404063205418,0.0,0.1523702031602709,0.6094808126410836,4.317155756207675,2.539503386004515,1.371331828442438,1.371331828442438,0.7618510158013545,0.4063205417607223,0.9142212189616252,3.45372460496614,2.3363431151241536,0.5079006772009029,62.92889390519187,3.4029345372460496,0.6094808126410836,0.7110609480812642,34.89277652370203,1.2189616252821671,0.1015801354401805,1.371331828442438,0.7618510158013545,42.15575620767495,0.9142212189616252,0.4571106094808126,0.0507900677200902,2.1331828442437923,0.0507900677200902,0.0,0.0,0.0,4.469525959367946,1.523702031602709,MF,,midfield,1
Hugo Álvarez,es ESP,"MF,DF",Celta Vigo,es La Liga,21.0,2003.0,26,16,1572,17.5,4,3,7,4,0,0,2.5,2.5,1.1,3.6,0.21,25,9,36.0,1.43,0.52,0.16,0.44,0.1,799,1013,78.9,12210,3255,2.1,17,35,15,3,31,10,0,2,60,46,2.63,9,0.52,26,9,12,10,4,52.6,8,34,29,33,1,1214,26,82,32,44.4,726,74,41,33,12,817,171,6,0,0,25,0,0,1,0,78,6,33.3,0.2290076335877862,0.1717557251908396,0.4007633587786259,0.2290076335877862,0.1431297709923664,0.1431297709923664,0.0629770992366412,0.2061068702290076,0.0120229007633587,1.431297709923664,0.5152671755725191,45.7442748091603,57.99618320610687,699.0458015267176,186.35496183206104,0.1202290076335877,0.9732824427480916,2.00381679389313,0.8587786259541985,0.1717557251908396,1.7748091603053435,0.5725190839694656,0.0,0.1145038167938931,3.435114503816794,1.4885496183206106,0.5152671755725191,0.6870229007633587,0.5725190839694656,0.2290076335877862,0.4580152671755725,1.946564885496183,1.6603053435114503,1.8893129770992367,69.50381679389314,1.4885496183206106,4.694656488549619,1.8320610687022905,41.56488549618321,4.236641221374046,2.3473282442748094,1.8893129770992367,0.6870229007633587,46.77480916030534,9.790076335877863,0.3435114503816793,0.0,1.431297709923664,0.0,0.0,0.0572519083969465,0.0,4.465648854961832,0.3435114503816793,MF,DF,midfield,4
Selim Amallah,ma MAR,MF,Valladolid,es La Liga,27.0,1996.0,24,18,1376,15.3,3,1,4,2,1,1,3.5,2.7,1.1,3.8,0.3,21,7,33.3,1.37,0.46,0.1,0.29,0.13,318,406,78.3,5560,1659,1.1,13,42,11,0,31,18,3,7,57,32,2.09,1,0.07,30,18,10,18,2,55.6,14,44,5,9,1,607,7,18,33,48.5,308,24,6,35,25,353,27,6,0,0,32,0,0,0,0,73,5,23.8,0.1962209302325581,0.065406976744186,0.2616279069767442,0.1308139534883721,0.2289244186046511,0.1765988372093023,0.0719476744186046,0.2485465116279069,0.0196220930232558,1.3735465116279069,0.4578488372093023,20.79941860465116,26.555232558139537,363.6627906976744,108.51017441860466,0.0719476744186046,0.8502906976744186,2.7470930232558137,0.7194767441860466,0.0,2.0276162790697674,1.177325581395349,0.1962209302325581,0.4578488372093023,3.728197674418604,1.9622093023255816,1.177325581395349,0.6540697674418604,1.177325581395349,0.1308139534883721,0.9156976744186048,2.8779069767441863,0.3270348837209302,0.5886627906976745,39.70203488372093,0.4578488372093023,1.177325581395349,2.1584302325581395,20.145348837209305,1.569767441860465,0.3924418604651162,2.289244186046512,1.6351744186046513,23.08866279069768,1.7659883720930232,0.3924418604651162,0.0,2.0930232558139537,0.0,0.0,0.0,0.0,4.774709302325581,0.3270348837209302,MF,,midfield,2
Nadiem Amiri,de GER,MF,Mainz 05,de Bundesliga,27.0,1996.0,30,30,2473,27.5,7,5,12,5,2,2,5.5,3.9,6.6,10.5,0.44,60,24,40.0,2.18,0.87,0.08,0.21,0.07,1371,1781,77.0,25127,9676,9.2,63,173,57,9,166,113,10,14,204,119,4.33,15,0.55,50,23,13,28,9,41.3,16,66,30,36,2,2093,45,49,32,47.8,1134,50,14,42,27,1307,64,9,2,1,44,3,0,0,0,207,16,48.5,0.2547513141932875,0.1819652244237768,0.4367165386170643,0.1819652244237768,0.2001617468661544,0.1419328750505459,0.2401940962393853,0.3821269712899313,0.0160129397492923,2.183582693085321,0.8734330772341286,49.8948645369996,64.8160129397493,914.4480388192478,352.13910230489284,0.3348160129397493,2.292761827739588,6.295996765062676,2.0744035584310554,0.3275374039627982,6.04124545086939,4.112414071977356,0.3639304488475536,0.509502628386575,7.424181156490093,1.819652244237768,0.8370400323493732,0.4731095835018197,1.01900525677315,0.3275374039627982,0.5822887181560857,2.4019409623938537,1.0917913465426607,1.310149615851193,76.17064294379296,1.6376870198139912,1.7832591993530125,1.1645774363121717,41.26971289931257,1.819652244237768,0.509502628386575,1.5285078851597251,0.9826122118883944,47.565709664375255,2.329154872624343,0.3275374039627982,0.0727860897695107,1.6012939749292356,0.109179134654266,0.0,0.0,0.0,7.5333602911443585,0.5822887181560857,MF,,midfield,0
Elliot Anderson,eng ENG,MF,Nott'ham Forest,eng Premier League,21.0,2002.0,37,33,2728,30.3,2,6,8,2,0,0,2.1,2.1,3.3,5.4,0.18,40,7,17.5,1.32,0.23,0.05,0.29,0.05,1085,1386,78.3,17458,5922,3.6,37,121,19,2,86,48,7,4,143,87,2.87,10,0.33,92,56,54,29,9,43.2,31,123,76,35,4,1831,102,72,36,48.0,932,52,21,60,49,1088,94,10,0,0,49,4,0,0,0,207,56,65.1,0.0659824046920821,0.1979472140762463,0.2639296187683284,0.0659824046920821,0.0692815249266862,0.0692815249266862,0.1088709677419354,0.1781524926686217,0.0059384164222873,1.3196480938416424,0.2309384164222873,35.79545454545455,45.7258064516129,575.9604105571848,195.37390029325516,0.1187683284457478,1.220674486803519,3.991935483870968,0.6268328445747801,0.0659824046920821,2.837243401759531,1.5835777126099708,0.2309384164222873,0.1319648093841642,4.717741935483871,3.035190615835777,1.847507331378299,1.781524926686217,0.9567448680351904,0.2969208211143695,1.0227272727272727,4.05791788856305,2.50733137829912,1.154692082111437,60.40689149560117,3.365102639296188,2.375366568914956,1.187683284457478,30.747800586510262,1.715542521994135,0.6928152492668622,1.9794721407624636,1.6165689149560118,35.894428152492665,3.101173020527859,0.3299120234604106,0.0,1.6165689149560118,0.1319648093841642,0.0,0.0,0.0,6.8291788856304985,1.847507331378299,MF,,midfield,1
André,br BRA,MF,Wolves,eng Premier League,23.0,2001.0,33,31,2472,27.5,0,0,0,0,0,0,0.4,0.4,0.8,1.3,0.05,10,1,10.0,0.36,0.04,0.0,0.0,0.04,1247,1342,92.9,19660,5471,0.7,18,111,5,0,0,0,5,15,109,49,1.78,3,0.11,91,55,41,41,9,58.7,37,128,30,14,1,1623,89,3,16,50.0,912,10,0,30,21,1093,11,7,0,0,36,0,0,1,0,194,2,25.0,0.0,0.0,0.0,0.0,0.0145631067961165,0.0145631067961165,0.029126213592233,0.0473300970873786,0.0018203883495145,0.3640776699029125,0.0364077669902912,45.400485436893206,48.85922330097088,715.7766990291262,199.1868932038835,0.0254854368932038,0.6553398058252428,4.04126213592233,0.1820388349514562,0.0,0.0,0.0,0.1820388349514562,0.5461165048543689,3.9684466019417473,3.313106796116505,2.0024271844660197,1.492718446601942,1.492718446601942,0.3276699029126214,1.3470873786407769,4.660194174757282,1.0922330097087378,0.5097087378640777,59.08980582524272,3.240291262135923,0.1092233009708737,0.5825242718446603,33.20388349514563,0.3640776699029125,0.0,1.0922330097087378,0.7645631067961165,39.79368932038835,0.4004854368932038,0.2548543689320388,0.0,1.3106796116504855,0.0,0.0,0.0364077669902912,0.0,7.063106796116505,0.0728155339805825,MF,,midfield,1
Benjamin André,fr FRA,MF,Lille,fr Ligue 1,33.0,1990.0,30,30,2692,29.9,0,3,3,0,0,0,1.4,1.4,1.9,3.3,0.11,16,4,25.0,0.53,0.13,0.0,0.0,0.09,1586,1911,83.0,26597,7159,2.7,21,207,18,3,16,0,1,20,209,53,1.77,9,0.3,103,57,31,60,12,56.3,48,151,56,31,0,2267,72,45,9,40.9,1153,29,1,45,33,1556,72,12,0,0,50,4,1,0,0,189,94,53.4,0.0,0.100297176820208,0.100297176820208,0.0,0.0468053491827637,0.0468053491827637,0.063521545319465,0.1103268945022288,0.0036775631500742,0.5349182763744428,0.1337295690936107,53.02377414561664,63.88930163447252,889.2013372956909,239.3424962852897,0.0902674591381872,0.7020802377414561,6.920505200594354,0.6017830609212481,0.100297176820208,0.5349182763744428,0.0,0.0334323922734026,0.6686478454680534,6.987369985141159,3.443536404160476,1.9056463595839528,1.036404160475483,2.0059435364041605,0.401188707280832,1.6047548291233282,5.048291233283804,1.8722139673105496,1.036404160475483,75.79123328380386,2.4071322436849925,1.5044576523031203,0.300891530460624,38.54754829123328,0.9695393759286776,0.0334323922734026,1.5044576523031203,1.1032689450222883,52.02080237741456,2.4071322436849925,0.401188707280832,0.0,1.6716196136701338,0.1337295690936107,0.0334323922734026,0.0,0.0,6.318722139673105,3.142644873699852,MF,,midfield,1
Robert Andrich,de GER,"MF,DF",Leverkusen,de Bundesliga,29.0,1994.0,23,19,1598,17.8,2,2,4,2,0,0,1.3,1.3,0.3,1.6,0.09,21,5,23.8,1.18,0.28,0.1,0.4,0.06,865,978,88.4,13929,3332,1.0,9,65,8,0,12,0,2,7,65,33,1.86,4,0.23,24,12,8,14,2,50.0,29,53,23,6,0,1114,45,20,2,40.0,526,8,1,7,1,792,17,7,0,0,29,1,0,1,0,73,21,63.6,0.1126408010012515,0.1126408010012515,0.2252816020025031,0.1126408010012515,0.0732165206508135,0.0732165206508135,0.0168961201501877,0.0901126408010012,0.0050688360450563,1.1827284105131413,0.2816020025031289,48.7171464330413,55.08135168961202,784.4868585732164,187.6595744680851,0.0563204005006257,0.506883604505632,3.660826032540676,0.4505632040050062,0.0,0.6758448060075094,0.0,0.1126408010012515,0.3942428035043804,3.660826032540676,1.3516896120150188,0.6758448060075094,0.4505632040050062,0.7884856070087609,0.1126408010012515,1.6332916145181475,2.9849812265331668,1.295369211514393,0.3379224030037547,62.740926157697125,2.5344180225281603,1.1264080100125156,0.1126408010012515,29.62453066332916,0.4505632040050062,0.0563204005006257,0.3942428035043804,0.0563204005006257,44.60575719649562,0.9574468085106382,0.3942428035043804,0.0,1.6332916145181475,0.0563204005006257,0.0,0.0563204005006257,0.0,4.111389236545682,1.1827284105131413,MF,DF,midfield,2
Faustino Anjorin,eng ENG,MF,Empoli,it Serie A,22.0,2001.0,22,14,1114,12.4,2,3,5,2,0,0,0.9,0.9,1.7,2.5,0.21,23,7,30.4,1.86,0.57,0.09,0.29,0.04,355,441,80.5,6247,2157,1.1,17,44,13,1,17,8,2,4,55,32,2.59,5,0.4,29,13,9,14,6,50.0,13,42,20,8,0,628,25,17,16,39.0,327,28,6,25,11,385,35,3,0,0,24,2,0,1,0,65,9,37.5,0.1615798922800718,0.2423698384201077,0.4039497307001795,0.1615798922800718,0.0727109515260323,0.0727109515260323,0.137342908438061,0.2019748653500897,0.0169658886894075,1.858168761220826,0.5655296229802513,28.68043087971275,35.628366247755835,504.6947935368043,174.26391382405745,0.0888689407540395,1.3734290843806105,3.55475763016158,1.0502692998204668,0.0807899461400359,1.3734290843806105,0.6463195691202873,0.1615798922800718,0.3231597845601436,4.443447037701975,2.342908438061041,1.0502692998204668,0.7271095152603231,1.131059245960503,0.4847396768402154,1.0502692998204668,3.393177737881508,1.615798922800718,0.6463195691202873,50.73608617594255,2.0197486535008977,1.3734290843806105,1.2926391382405746,26.418312387791744,2.2621184919210053,0.4847396768402154,2.0197486535008977,0.8886894075403949,31.104129263913823,2.8276481149012564,0.2423698384201077,0.0,1.9389587073608616,0.1615798922800718,0.0,0.0807899461400359,0.0,5.251346499102334,0.7271095152603231,MF,,midfield,1
Anuar,ma MAR,"MF,FW",Valladolid,es La Liga,29.0,1995.0,26,21,1720,19.1,2,0,2,2,0,0,1.7,1.7,1.2,2.9,0.15,11,5,45.5,0.58,0.26,0.18,0.4,0.15,411,505,81.4,6137,1132,0.7,7,19,3,2,22,1,1,0,30,25,1.31,4,0.21,38,27,21,12,5,53.6,18,56,26,6,1,705,31,28,7,29.2,359,24,6,25,14,430,68,7,0,0,30,5,1,0,0,71,23,39.7,0.1046511627906976,0.0,0.1046511627906976,0.1046511627906976,0.088953488372093,0.088953488372093,0.0627906976744186,0.1517441860465116,0.0078488372093023,0.5755813953488372,0.2616279069767442,21.50581395348837,26.42441860465117,321.1220930232558,59.23255813953488,0.0366279069767441,0.3662790697674418,0.994186046511628,0.1569767441860465,0.1046511627906976,1.1511627906976745,0.0523255813953488,0.0523255813953488,0.0,1.569767441860465,1.988372093023256,1.412790697674419,1.0988372093023255,0.627906976744186,0.2616279069767442,0.9418604651162792,2.9302325581395348,1.3604651162790695,0.313953488372093,36.88953488372093,1.6220930232558142,1.4651162790697674,0.3662790697674418,18.78488372093023,1.255813953488372,0.313953488372093,1.3081395348837208,0.7325581395348837,22.5,3.558139534883721,0.3662790697674418,0.0,1.569767441860465,0.2616279069767442,0.0523255813953488,0.0,0.0,3.715116279069768,1.2034883720930232,MF,FW,midfield,2
Mauro Arambarri,uy URU,MF,Getafe,es La Liga,28.0,1995.0,35,31,2661,29.6,10,0,10,7,3,3,8.2,5.8,0.6,6.5,0.3,53,16,30.2,1.79,0.54,0.13,0.44,0.11,586,800,73.3,10098,2457,0.6,17,74,4,1,14,1,2,9,75,54,1.83,3,0.1,48,29,10,33,5,45.8,15,63,46,14,0,1146,45,72,18,52.9,534,17,3,60,29,622,55,10,0,0,51,9,0,0,0,137,59,52.2,0.3382187147688839,0.0,0.3382187147688839,0.2367531003382187,0.2773393461104847,0.1961668545659526,0.020293122886133,0.2198421645997745,0.0101465614430665,1.7925591882750844,0.5411499436302142,19.819616685456594,27.05749718151071,341.53325817361895,83.10033821871477,0.020293122886133,0.5749718151071026,2.5028184892897407,0.1352874859075535,0.0338218714768883,0.4735062006764374,0.0338218714768883,0.0676437429537767,0.3043968432919954,2.536640360766629,1.6234498308906424,0.9808342728297632,0.3382187147688839,1.116121758737317,0.1691093573844419,0.5073280721533258,2.130777903043968,1.5558060879368658,0.4735062006764374,38.759864712514094,1.5219842164599773,2.435174746335964,0.6087936865839909,18.0608793686584,0.5749718151071026,0.1014656144306651,2.029312288613303,0.9808342728297632,21.037204058624575,1.8602029312288613,0.3382187147688839,0.0,1.7249154453213078,0.3043968432919954,0.0,0.0,0.0,4.633596392333709,1.9954904171364147,MF,,midfield,2
Joe Aribo,ng NGA,"MF,DF",Southampton,eng Premier League,28.0,1996.0,32,21,2013,22.4,3,0,3,3,0,0,2.7,2.7,1.6,4.3,0.19,17,7,41.2,0.76,0.31,0.18,0.43,0.16,929,1046,88.8,13689,2630,1.3,16,51,4,1,10,0,2,1,75,37,1.66,1,0.04,47,33,17,24,6,48.6,20,67,32,15,3,1271,52,44,21,42.9,745,36,12,27,19,925,65,1,0,0,20,2,0,1,0,112,25,51.0,0.1341281669150521,0.0,0.1341281669150521,0.1341281669150521,0.1207153502235469,0.1207153502235469,0.0715350223546944,0.1922503725782414,0.0084947839046199,0.760059612518629,0.3129657228017883,41.53502235469449,46.76602086438152,612.026825633383,117.58569299552906,0.0581222056631892,0.7153502235469449,2.2801788375558867,0.1788375558867362,0.044709388971684,0.4470938897168405,0.0,0.0894187779433681,0.044709388971684,3.353204172876304,2.1013412816691504,1.475409836065574,0.760059612518629,1.073025335320417,0.2682563338301043,0.8941877794336811,2.995529061102832,1.4307004470938898,0.6706408345752608,56.82563338301043,2.324888226527571,1.9672131147540983,0.9388971684053652,33.30849478390462,1.609538002980626,0.5365126676602087,1.2071535022354696,0.8494783904619971,41.35618479880775,2.9061102831594634,0.044709388971684,0.0,0.8941877794336811,0.0894187779433681,0.0,0.044709388971684,0.0,5.007451564828614,1.1177347242921014,MF,DF,midfield,2
Hákon Arnar Haraldsson,is ISL,"MF,FW",Lille,fr Ligue 1,21.0,2003.0,25,21,1755,19.5,5,3,8,5,0,0,3.8,3.8,2.8,6.6,0.34,35,13,37.1,1.79,0.67,0.14,0.38,0.11,751,946,79.4,12052,2948,3.2,35,64,42,5,59,35,5,4,102,70,3.59,7,0.36,36,16,9,17,10,48.5,8,44,6,22,0,1136,15,77,27,55.1,715,52,11,42,13,872,143,3,0,0,19,3,1,0,0,71,2,12.5,0.2564102564102564,0.1538461538461538,0.4102564102564102,0.2564102564102564,0.1948717948717948,0.1948717948717948,0.1435897435897435,0.3384615384615385,0.0174358974358974,1.794871794871795,0.6666666666666667,38.51282051282051,48.51282051282051,618.0512820512821,151.17948717948718,0.1641025641025641,1.794871794871795,3.282051282051282,2.153846153846154,0.2564102564102564,3.025641025641026,1.794871794871795,0.2564102564102564,0.2051282051282051,5.230769230769231,1.8461538461538465,0.8205128205128205,0.4615384615384615,0.8717948717948718,0.5128205128205129,0.4102564102564102,2.2564102564102564,0.3076923076923077,1.1282051282051282,58.256410256410255,0.7692307692307693,3.948717948717949,1.3846153846153846,36.66666666666666,2.666666666666667,0.5641025641025641,2.153846153846154,0.6666666666666667,44.71794871794872,7.333333333333334,0.1538461538461538,0.0,0.9743589743589745,0.1538461538461538,0.0512820512820512,0.0,0.0,3.641025641025641,0.1025641025641025,MF,FW,midfield,0
Maximilian Arnold,de GER,MF,Wolfsburg,de Bundesliga,30.0,1994.0,28,27,2356,26.2,3,5,8,3,0,0,0.9,0.9,3.5,4.3,0.17,27,12,44.4,1.03,0.46,0.11,0.25,0.03,1049,1358,77.2,21225,6991,4.4,45,132,19,8,152,84,3,17,128,83,3.17,10,0.38,34,20,13,18,3,45.5,24,58,70,18,2,1576,86,7,1,16.7,787,9,0,18,11,885,16,7,1,0,30,3,0,0,0,154,14,37.8,0.1146010186757215,0.1910016977928692,0.3056027164685908,0.1146010186757215,0.0343803056027164,0.0343803056027164,0.1337011884550084,0.1642614601018675,0.0064940577249575,1.031409168081494,0.4584040747028863,40.07215619694397,51.8760611205433,810.80220713073,267.0585738539898,0.1680814940577249,1.7190152801358234,5.042444821731749,0.7258064516129032,0.3056027164685908,5.806451612903226,3.208828522920204,0.1146010186757215,0.6494057724957555,4.889643463497453,1.298811544991511,0.7640067911714771,0.4966044142614601,0.6876061120543294,0.1146010186757215,0.9168081494057726,2.2156196943972835,2.67402376910017,0.6876061120543294,60.20373514431239,3.285229202037351,0.2674023769100169,0.0382003395585738,30.063667232597624,0.3438030560271647,0.0,0.6876061120543294,0.4202037351443123,33.807300509337864,0.6112054329371817,0.2674023769100169,0.0382003395585738,1.1460101867572157,0.1146010186757215,0.0,0.0,0.0,5.882852292020374,0.5348047538200339,MF,,midfield,4
Kristjan Asllani,al ALB,MF,Inter,it Serie A,22.0,2002.0,21,10,980,10.9,2,2,4,0,2,2,2.5,0.9,1.9,2.8,0.39,14,3,21.4,1.29,0.28,0.0,0.0,0.06,868,973,89.2,16269,4554,1.9,15,74,18,8,43,29,6,8,55,31,2.82,3,0.27,14,3,8,4,2,36.4,9,23,13,3,1,1061,25,9,1,16.7,700,7,1,5,2,859,20,4,0,0,8,1,0,0,0,49,4,57.1,0.1836734693877551,0.1836734693877551,0.3673469387755102,0.0,0.2295918367346938,0.0826530612244898,0.1744897959183673,0.2571428571428571,0.0358163265306122,1.2857142857142856,0.2755102040816326,79.71428571428571,89.35714285714286,1494.091836734694,418.2244897959184,0.1744897959183673,1.3775510204081631,6.795918367346939,1.653061224489796,0.7346938775510204,3.948979591836735,2.663265306122449,0.5510204081632653,0.7346938775510204,5.051020408163265,1.2857142857142856,0.2755102040816326,0.7346938775510204,0.3673469387755102,0.1836734693877551,0.826530612244898,2.112244897959184,1.193877551020408,0.2755102040816326,97.43877551020408,2.295918367346939,0.826530612244898,0.0918367346938775,64.28571428571429,0.6428571428571428,0.0918367346938775,0.4591836734693877,0.1836734693877551,78.88775510204081,1.8367346938775508,0.3673469387755102,0.0,0.7346938775510204,0.0918367346938775,0.0,0.0,0.0,4.5,0.3673469387755102,MF,,midfield,3
Valentin Atangana Edoa,fr FRA,MF,Reims,fr Ligue 1,18.0,2005.0,34,33,2854,31.7,1,0,1,1,0,0,2.5,2.5,1.1,3.6,0.11,33,6,18.2,1.04,0.19,0.03,0.17,0.08,908,1056,86.0,13649,3710,0.7,12,66,8,1,17,0,2,0,93,49,1.55,1,0.03,69,50,32,30,7,73.7,37,106,64,14,0,1433,115,54,14,29.2,735,41,8,57,23,889,38,7,0,0,57,4,0,0,0,117,47,58.0,0.0315346881569726,0.0,0.0315346881569726,0.0315346881569726,0.0788367203924316,0.0788367203924316,0.0346881569726699,0.1135248773651016,0.0034688156972669,1.040644709180098,0.189208128941836,28.633496846531184,33.30063069376314,430.41695865452,116.9936930623686,0.0220742817098808,0.378416257883672,2.081289418360196,0.2522775052557813,0.0315346881569726,0.5360896986685354,0.0,0.0630693763139453,0.0,2.9327259985984586,2.175893482831114,1.5767344078486334,1.0091100210231254,0.94604064470918,0.2207428170988087,1.1667834618079886,3.342676944639104,2.018220042046251,0.4414856341976174,45.18920812894184,3.626489138051858,1.7028731604765242,0.4414856341976174,23.177995795374912,1.2929222144358794,0.2522775052557813,1.7974772249474422,0.7252978276103714,28.034337771548703,1.1983181499649616,0.2207428170988087,0.0,1.7974772249474422,0.1261387526278906,0.0,0.0,0.0,3.6895585143658014,1.4821303433777155,MF,,midfield,2
Arthur Atta,fr FRA,"MF,FW",Udinese,it Serie A,21.0,2003.0,27,12,1251,13.9,0,1,1,0,0,0,1.3,1.3,1.4,2.8,0.2,26,7,26.9,1.87,0.5,0.0,0.0,0.05,509,633,80.4,7890,1920,1.4,18,42,8,2,24,3,1,5,57,46,3.31,2,0.14,20,12,9,10,1,66.7,7,27,15,22,1,813,21,39,27,44.3,515,31,10,34,22,593,77,5,0,0,16,1,0,0,0,57,14,41.2,0.0,0.0719424460431654,0.0719424460431654,0.0,0.0935251798561151,0.0935251798561151,0.1007194244604316,0.2014388489208633,0.014388489208633,1.8705035971223023,0.5035971223021583,36.618705035971225,45.53956834532374,567.6258992805755,138.1294964028777,0.1007194244604316,1.2949640287769786,3.021582733812949,0.5755395683453237,0.1438848920863309,1.7266187050359711,0.2158273381294964,0.0719424460431654,0.3597122302158273,4.100719424460432,1.4388489208633093,0.8633093525179856,0.6474820143884893,0.7194244604316546,0.0719424460431654,0.5035971223021583,1.942446043165468,1.079136690647482,1.5827338129496402,58.48920863309352,1.5107913669064748,2.805755395683453,1.942446043165468,37.05035971223021,2.2302158273381294,0.7194244604316546,2.446043165467626,1.5827338129496402,42.66187050359712,5.539568345323741,0.3597122302158273,0.0,1.1510791366906474,0.0719424460431654,0.0,0.0,0.0,4.100719424460432,1.0071942446043165,MF,FW,midfield,4
Yasin Ayari,se SWE,MF,Brighton,eng Premier League,20.0,2003.0,34,22,1965,21.8,2,1,3,2,0,0,2.4,2.4,2.3,4.8,0.22,28,8,28.6,1.28,0.37,0.07,0.25,0.09,793,973,81.5,11915,3328,2.6,30,55,18,4,69,37,10,1,75,61,2.79,6,0.27,59,32,15,31,13,46.4,20,79,26,14,0,1233,58,45,18,40.0,655,30,6,38,22,801,61,3,0,0,37,4,0,1,0,118,16,44.4,0.0916030534351145,0.0458015267175572,0.1374045801526717,0.0916030534351145,0.1099236641221374,0.1099236641221374,0.1053435114503816,0.2198473282442748,0.0100763358778625,1.2824427480916032,0.366412213740458,36.3206106870229,44.5648854961832,545.7251908396946,152.42748091603053,0.1190839694656488,1.3740458015267174,2.519083969465649,0.8244274809160306,0.183206106870229,3.1603053435114505,1.6946564885496185,0.4580152671755725,0.0458015267175572,3.435114503816794,2.702290076335878,1.465648854961832,0.6870229007633587,1.4198473282442747,0.5954198473282443,0.9160305343511452,3.618320610687023,1.1908396946564883,0.6412213740458016,56.47328244274809,2.6564885496183206,2.0610687022900764,0.8244274809160306,30.0,1.3740458015267174,0.2748091603053435,1.7404580152671756,1.0076335877862594,36.68702290076336,2.7938931297709924,0.1374045801526717,0.0,1.6946564885496185,0.183206106870229,0.0,0.0458015267175572,0.0,5.404580152671756,0.732824427480916,MF,,midfield,1
Neil El Aynaoui,fr FRA,MF,Lens,fr Ligue 1,23.0,2001.0,24,17,1588,17.6,8,1,9,5,3,3,4.0,1.6,2.0,3.6,0.34,16,7,43.8,0.91,0.4,0.31,0.71,0.1,816,966,84.5,12776,3533,2.4,22,76,7,2,65,54,4,7,75,42,2.38,2,0.11,39,21,18,15,6,35.3,30,69,29,17,0,1196,54,25,5,23.8,582,11,2,25,21,761,29,4,0,0,34,1,0,0,0,90,24,61.5,0.4534005037783375,0.0566750629722921,0.5100755667506297,0.2833753148614609,0.2267002518891687,0.0906801007556675,0.1133501259445843,0.2040302267002519,0.0192695214105793,0.906801007556675,0.3967254408060453,46.24685138539043,54.74811083123425,724.0806045340049,200.23299748110836,0.1360201511335012,1.2468513853904282,4.307304785894207,0.3967254408060453,0.1133501259445843,3.683879093198992,3.0604534005037785,0.2267002518891687,0.3967254408060453,4.250629722921914,2.2103274559193955,1.190176322418136,1.0201511335012594,0.850125944584383,0.3400503778337531,1.700251889168766,3.9105793450881614,1.6435768261964734,0.9634760705289672,67.78337531486146,3.0604534005037785,1.4168765743073048,0.2833753148614609,32.984886649874056,0.6234256926952141,0.1133501259445843,1.4168765743073048,1.190176322418136,43.12972292191436,1.6435768261964734,0.2267002518891687,0.0,1.9269521410579349,0.0566750629722921,0.0,0.0,0.0,5.100755667506297,1.3602015113350123,MF,,midfield,1
Shavy Babicka,ga GAB,"MF,FW",Toulouse,fr Ligue 1,24.0,2000.0,30,11,1186,13.2,4,2,6,4,0,0,3.9,3.9,1.6,5.5,0.42,20,9,45.0,1.52,0.68,0.2,0.44,0.2,196,292,67.1,2616,643,1.9,13,8,13,5,39,0,1,3,21,29,2.2,5,0.38,21,12,6,11,4,47.6,3,24,4,12,3,428,4,53,11,29.7,273,36,14,28,18,300,122,2,0,0,16,3,0,0,0,54,7,29.2,0.3035413153456998,0.1517706576728499,0.4553119730185497,0.3035413153456998,0.2959527824620573,0.2959527824620573,0.1214165261382799,0.4173693086003373,0.0318718381112984,1.5177065767284992,0.6829679595278246,14.873524451939293,22.15851602023609,198.51602023608768,48.79426644182125,0.1441821247892074,0.9865092748735244,0.6070826306913997,0.9865092748735244,0.3794266441821248,2.959527824620573,0.0,0.0758853288364249,0.2276559865092748,1.5935919055649244,1.5935919055649244,0.9106239460370994,0.4553119730185497,0.8347386172006745,0.3035413153456998,0.2276559865092748,1.8212478920741988,0.3035413153456998,0.9106239460370994,32.47892074198988,0.3035413153456998,4.021922428330523,0.8347386172006745,20.716694772344013,2.7318718381112985,1.0623946037099494,2.124789207419899,1.3659359190556493,22.765598650927487,9.258010118043844,0.1517706576728499,0.0,1.2141652613827991,0.2276559865092748,0.0,0.0,0.0,4.097807757166947,0.5311973018549747,MF,FW,midfield,4
Milan Badelj,hr CRO,MF,Genoa,it Serie A,35.0,1989.0,23,21,1472,16.4,1,0,1,1,0,0,1.0,1.0,1.1,2.1,0.13,14,2,14.3,0.86,0.12,0.07,0.5,0.07,681,836,81.5,11772,3955,0.9,12,73,10,0,5,2,4,7,83,26,1.59,1,0.06,29,16,14,10,5,42.9,20,49,43,10,0,1014,58,13,9,45.0,499,8,2,19,11,658,14,2,0,0,18,2,0,0,0,74,10,62.5,0.061141304347826,0.0,0.061141304347826,0.061141304347826,0.061141304347826,0.061141304347826,0.0672554347826087,0.1283967391304347,0.0079483695652173,0.8559782608695653,0.1222826086956521,41.63722826086957,51.11413043478261,719.7554347826087,241.8138586956522,0.0550271739130434,0.733695652173913,4.463315217391304,0.6114130434782609,0.0,0.3057065217391304,0.1222826086956521,0.2445652173913043,0.4279891304347826,5.074728260869565,1.7730978260869563,0.9782608695652174,0.8559782608695653,0.6114130434782609,0.3057065217391304,1.2228260869565215,2.9959239130434785,2.629076086956522,0.6114130434782609,61.997282608695656,3.546195652173913,0.794836956521739,0.5502717391304348,30.50951086956521,0.4891304347826087,0.1222826086956521,1.1616847826086956,0.672554347826087,40.23097826086957,0.8559782608695653,0.1222826086956521,0.0,1.1005434782608696,0.1222826086956521,0.0,0.0,0.0,4.524456521739131,0.6114130434782609,MF,,midfield,2
Alex Baena,es ESP,"MF,FW",Villarreal,es La Liga,23.0,2001.0,32,30,2595,28.8,7,9,16,7,0,1,7.1,6.3,11.7,18.1,0.65,69,17,24.6,2.39,0.59,0.1,0.41,0.09,857,1287,66.6,17433,6579,12.6,95,95,72,19,207,107,22,20,189,169,5.86,21,0.73,28,15,6,14,8,25.6,22,50,22,41,2,1569,23,89,21,37.5,895,91,15,42,32,1044,154,9,0,0,43,4,0,0,0,140,16,45.7,0.2427745664739884,0.3121387283236994,0.5549132947976879,0.2427745664739884,0.2462427745664739,0.2184971098265896,0.4057803468208092,0.6277456647398845,0.022543352601156,2.393063583815029,0.5895953757225433,29.72254335260116,44.63583815028902,604.6127167630058,228.1734104046243,0.4369942196531792,3.294797687861272,3.294797687861272,2.4971098265895955,0.6589595375722543,7.179190751445087,3.710982658959537,0.7630057803468208,0.6936416184971098,6.5549132947976885,0.9710982658959538,0.5202312138728323,0.2080924855491329,0.4855491329479769,0.2774566473988439,0.7630057803468208,1.7341040462427744,0.7630057803468208,1.4219653179190752,54.41618497109826,0.7976878612716763,3.086705202312139,0.7283236994219653,31.040462427745663,3.1560693641618496,0.5202312138728323,1.4566473988439306,1.1098265895953758,36.20809248554914,5.341040462427745,0.3121387283236994,0.0,1.4913294797687862,0.1387283236994219,0.0,0.0,0.0,4.855491329479769,0.5549132947976879,MF,FW,midfield,0
Stefan Bajcetic,es ESP,"MF,DF",Las Palmas,es La Liga,19.0,2004.0,14,12,969,10.8,1,0,1,1,0,0,0.3,0.3,0.2,0.5,0.05,5,2,40.0,0.46,0.19,0.2,0.5,0.05,300,418,71.8,5892,1599,0.3,7,28,8,0,4,1,0,9,39,14,1.3,1,0.09,29,14,13,13,3,42.9,15,44,26,8,1,570,33,6,11,45.8,238,8,0,21,6,293,9,4,0,0,21,2,0,1,0,61,17,56.7,0.0928792569659442,0.0,0.0928792569659442,0.0928792569659442,0.0278637770897832,0.0278637770897832,0.0185758513931888,0.0464396284829721,0.0046439628482972,0.4643962848297213,0.1857585139318885,27.863777089783284,38.82352941176471,547.2445820433437,148.51393188854487,0.0278637770897832,0.6501547987616099,2.6006191950464395,0.7430340557275541,0.0,0.371517027863777,0.0928792569659442,0.0,0.8359133126934984,3.6222910216718263,2.693498452012384,1.3003095975232195,1.2074303405572755,1.2074303405572755,0.2786377708978328,1.3931888544891642,4.086687306501548,2.414860681114551,0.7430340557275541,52.94117647058824,3.065015479876161,0.5572755417956656,1.021671826625387,22.105263157894736,0.7430340557275541,0.0,1.9504643962848296,0.5572755417956656,27.21362229102167,0.8359133126934984,0.371517027863777,0.0,1.9504643962848296,0.1857585139318885,0.0,0.0928792569659442,0.0,5.6656346749226,1.5789473684210529,MF,DF,midfield,1
Dilane Bakwa,fr FRA,"MF,DF",Strasbourg,fr Ligue 1,21.0,2002.0,30,29,2497,27.7,6,8,14,6,0,0,4.7,4.7,6.6,11.3,0.41,52,22,42.3,1.87,0.79,0.12,0.27,0.09,808,1109,72.9,13642,4130,6.0,47,67,40,10,153,62,11,15,129,110,3.97,16,0.58,26,14,11,8,7,50.0,15,41,27,23,0,1420,21,79,50,39.4,890,107,42,60,34,1046,249,4,0,0,29,7,0,0,0,92,11,57.9,0.2162595114136964,0.2883460152182619,0.5046055266319583,0.2162595114136964,0.1694032839407288,0.1694032839407288,0.237885462555066,0.407288746495795,0.0147777332799359,1.8742490989187024,0.7929515418502203,29.122947537044453,39.97196635963156,491.7020424509411,148.8586303564277,0.2162595114136964,1.6940328394072888,2.4148978774529435,1.4417300760913097,0.3604325190228274,5.514617541049259,2.2346816179415296,0.3964757709251101,0.5406487785342411,4.649579495394473,0.9371245494593512,0.5046055266319583,0.3964757709251101,0.2883460152182619,0.2523027633159792,0.5406487785342411,1.4777733279935923,0.973167801361634,0.828994793752503,51.18141770124149,0.7569082899479376,2.8474169002803364,1.802162595114137,32.07849419303164,3.856627953544253,1.5138165798958751,2.1625951141369644,1.2254705646776132,37.70124148978775,8.974769723668402,0.1441730076091309,0.0,1.0452543051661995,0.2523027633159792,0.0,0.0,0.0,3.315979175010012,0.3964757709251101,MF,DF,midfield,0
Carlos Baleba,cm CMR,MF,Brighton,eng Premier League,20.0,2004.0,34,31,2661,29.6,3,1,4,3,0,0,3.1,3.1,1.3,4.4,0.15,44,11,25.0,1.49,0.37,0.07,0.27,0.07,1149,1314,87.4,19305,4741,1.2,21,109,23,3,9,0,7,3,118,66,2.23,4,0.14,79,46,26,37,16,60.0,46,125,44,14,1,1697,94,12,33,57.9,971,43,3,39,42,1035,29,8,1,1,40,1,0,2,0,197,39,60.0,0.1014656144306651,0.0338218714768883,0.1352874859075535,0.1014656144306651,0.104847801578354,0.104847801578354,0.0439684329199549,0.1488162344983089,0.0050732807215332,1.488162344983089,0.3720405862457722,38.86133032694476,44.44193912063134,652.9312288613303,160.34949267192786,0.040586245772266,0.7102593010146561,3.6865839909808336,0.7779030439684329,0.1014656144306651,0.3043968432919954,0.0,0.2367531003382187,0.1014656144306651,3.9909808342728295,2.6719278466741825,1.5558060879368658,0.8793686583990981,1.2514092446448704,0.5411499436302142,1.5558060879368658,4.227733934611049,1.488162344983089,0.4735062006764374,57.3957158962796,3.179255918827508,0.4058624577226606,1.116121758737317,32.84103720405862,1.4543404735062009,0.1014656144306651,1.319052987598647,1.420518602029312,35.00563697857948,0.9808342728297632,0.2705749718151071,0.0338218714768883,1.3528748590755355,0.0338218714768883,0.0,0.0676437429537767,0.0,6.662908680947012,1.319052987598647,MF,,midfield,1
Valentín Barco,ar ARG,"MF,DF",Strasbourg,fr Ligue 1,20.0,2004.0,14,14,1157,12.9,0,2,2,0,0,0,0.5,0.5,1.5,2.0,0.15,10,1,10.0,0.78,0.08,0.0,0.0,0.05,644,777,82.9,10174,2666,1.5,8,54,9,2,31,2,2,4,64,20,1.56,6,0.47,36,22,24,10,2,73.3,13,49,28,16,1,928,48,15,9,45.0,513,20,2,22,10,632,55,2,0,0,17,1,0,1,0,79,7,50.0,0.0,0.1555747623163353,0.1555747623163353,0.0,0.0388936905790838,0.0388936905790838,0.1166810717372515,0.1555747623163353,0.0116681071737251,0.7778738115816768,0.0777873811581676,50.09507346585998,60.44079515989628,791.4088159031979,207.38115816767504,0.1166810717372515,0.6222990492653414,4.200518582541054,0.700086430423509,0.1555747623163353,2.411408815903198,0.1555747623163353,0.1555747623163353,0.3111495246326707,4.978392394122731,2.800345721694036,1.7113223854796886,1.866897147796024,0.7778738115816768,0.1555747623163353,1.0112359550561798,3.811581676750216,2.178046672428695,1.2445980985306828,72.1866897147796,3.733794295592048,1.166810717372515,0.700086430423509,39.90492653414002,1.5557476231633536,0.1555747623163353,1.7113223854796886,0.7778738115816768,49.16162489196197,4.278305963699222,0.1555747623163353,0.0,1.3223854796888506,0.0777873811581676,0.0,0.0777873811581676,0.0,6.1452031114952455,0.5445116681071738,MF,DF,midfield,1
Nicolò Barella,it ITA,MF,Inter,it Serie A,27.0,1997.0,32,28,2456,27.3,3,6,9,3,0,0,2.2,2.2,4.5,6.7,0.24,42,9,21.4,1.54,0.33,0.07,0.33,0.05,1484,1808,82.1,26231,7745,5.1,55,172,54,12,68,10,18,23,235,112,4.07,15,0.54,50,31,19,20,11,44.1,12,62,16,28,1,2064,43,42,23,40.4,1393,63,8,29,42,1612,133,4,0,0,25,4,0,0,0,165,26,51.0,0.1099348534201954,0.2198697068403908,0.3298045602605863,0.1099348534201954,0.0806188925081433,0.0806188925081433,0.1649022801302931,0.2455211726384365,0.0087947882736156,1.5390879478827362,0.3298045602605863,54.38110749185668,66.25407166123779,961.2337133550488,283.81514657980455,0.1868892508143322,2.015472312703583,6.302931596091206,1.978827361563518,0.4397394136807817,2.4918566775244297,0.3664495114006514,0.6596091205211726,0.8428338762214984,8.61156351791531,1.8322475570032573,1.1359934853420195,0.6962540716612378,0.7328990228013029,0.4030944625407166,0.4397394136807817,2.271986970684039,0.5863192182410424,1.026058631921824,75.63517915309447,1.5757328990228014,1.5390879478827362,0.8428338762214984,51.046416938110745,2.3086319218241043,0.2931596091205212,1.0627035830618892,1.5390879478827362,59.071661237785015,4.8737785016286646,0.1465798045602606,0.0,0.9161237785016286,0.1465798045602606,0.0,0.0,0.0,6.04641693811075,0.9527687296416938,MF,,midfield,3
Enzo Barrenechea,ar ARG,MF,Valencia,es La Liga,23.0,2001.0,30,26,2191,24.3,1,2,3,1,0,0,1.3,1.3,0.9,2.3,0.09,16,3,18.8,0.66,0.12,0.06,0.33,0.08,1170,1352,86.5,20141,5421,1.1,15,143,7,0,3,0,3,22,126,44,1.81,8,0.33,57,30,22,29,6,69.6,28,85,48,11,1,1601,68,14,11,35.5,762,21,0,23,18,1068,16,6,0,0,25,3,1,0,0,117,37,60.7,0.0410771337288909,0.0821542674577818,0.1232314011866727,0.0410771337288909,0.0534002738475581,0.0534002738475581,0.0369694203560018,0.0944774075764491,0.0036969420356001,0.6572341396622546,0.1232314011866727,48.06024646280237,55.536284801460525,827.3345504335921,222.67914194431768,0.04518484710178,0.6161570059333638,5.8740301232314005,0.2875399361022364,0.0,0.1232314011866727,0.0,0.1232314011866727,0.9036969420356002,5.175718849840256,2.341396622546782,1.2323140118667275,0.9036969420356002,1.1912368781378366,0.2464628023733455,1.1501597444089455,3.491556366955728,1.971702418986764,0.4518484710178001,65.76449109995436,2.7932450935645825,0.5750798722044728,0.4518484710178001,31.30077590141488,0.8626198083067093,0.0,0.9447740757644912,0.7393884071200365,43.8703788224555,0.6572341396622546,0.2464628023733455,0.0,1.0269283432222729,0.1232314011866727,0.0410771337288909,0.0,0.0,4.806024646280237,1.519853947968964,MF,,midfield,1
Ander Barrenetxea,es ESP,"MF,FW",Real Sociedad,es La Liga,22.0,2001.0,30,14,1263,14.0,1,3,4,1,0,0,1.6,1.6,1.9,3.6,0.26,25,8,32.0,1.78,0.57,0.04,0.13,0.07,375,529,70.9,6235,1409,2.5,16,23,22,4,54,7,1,11,48,42,2.99,6,0.43,26,19,7,14,5,26.1,11,37,16,27,1,751,11,63,26,37.7,470,43,19,47,26,522,152,6,0,0,33,1,0,1,0,88,7,33.3,0.0712589073634204,0.2137767220902613,0.2850356294536817,0.0712589073634204,0.1140142517814726,0.1140142517814726,0.1353919239904988,0.2565320665083135,0.0185273159144893,1.7814726840855106,0.5700712589073634,26.72209026128266,37.695961995249405,444.2992874109264,100.40380047505938,0.178147268408551,1.1401425178147269,1.6389548693586695,1.5676959619952495,0.2850356294536817,3.847980997624703,0.498812351543943,0.0712589073634204,0.7838479809976248,3.420427553444181,1.852731591448931,1.3539192399049882,0.498812351543943,0.997624703087886,0.3562945368171021,0.7838479809976248,2.636579572446556,1.1401425178147269,1.9239904988123515,53.51543942992874,0.7838479809976248,4.489311163895487,1.852731591448931,33.4916864608076,3.0641330166270784,1.3539192399049882,3.34916864608076,1.852731591448931,37.197149643705465,10.831353919239906,0.4275534441805226,0.0,2.351543942992874,0.0712589073634204,0.0,0.0712589073634204,0.0,6.270783847980998,0.498812351543943,MF,FW,midfield,4
Pablo Barrios,es ESP,MF,Atlético Madrid,es La Liga,21.0,2003.0,31,28,2330,25.9,1,4,5,1,0,0,1.3,1.3,2.4,3.7,0.14,29,8,27.6,1.12,0.31,0.03,0.13,0.05,1299,1511,86.0,20821,5648,2.0,26,148,24,5,26,0,5,11,142,66,2.55,11,0.43,46,26,23,20,3,48.9,34,80,33,28,9,1784,51,29,25,59.5,1119,29,6,49,23,1308,69,4,1,0,28,1,0,0,0,131,35,62.5,0.03862660944206,0.1545064377682403,0.1931330472103004,0.03862660944206,0.0502145922746781,0.0502145922746781,0.0927038626609441,0.1429184549356223,0.0054077253218884,1.1201716738197425,0.3090128755364806,50.175965665236056,58.36480686695279,804.244635193133,218.16309012875536,0.0772532188841201,1.004291845493562,5.716738197424893,0.927038626609442,0.1931330472103004,1.004291845493562,0.0,0.1931330472103004,0.4248927038626609,5.484978540772532,1.776824034334764,1.004291845493562,0.888412017167382,0.7725321888412017,0.1158798283261802,1.313304721030043,3.0901287553648067,1.2746781115879828,1.0815450643776825,68.9098712446352,1.9699570815450644,1.1201716738197425,0.965665236051502,43.22317596566524,1.1201716738197425,0.2317596566523605,1.8927038626609445,0.888412017167382,50.52360515021459,2.665236051502146,0.1545064377682403,0.03862660944206,1.0815450643776825,0.03862660944206,0.0,0.0,0.0,5.060085836909871,1.351931330472103,MF,,midfield,3
Christoph Baumgartner,at AUT,MF,RB Leipzig,de Bundesliga,24.0,1999.0,31,18,1610,17.9,2,1,3,2,0,0,4.5,4.5,1.3,5.8,0.33,39,15,38.5,2.18,0.84,0.05,0.13,0.12,421,617,68.2,6330,1808,1.7,20,40,16,1,14,1,10,1,53,42,2.35,6,0.34,44,28,13,19,12,40.5,12,56,24,29,2,910,49,65,17,40.5,438,37,7,47,31,575,95,5,0,0,44,1,0,0,0,86,41,51.3,0.1118012422360248,0.0559006211180124,0.1677018633540372,0.1118012422360248,0.2515527950310559,0.2515527950310559,0.0726708074534161,0.324223602484472,0.0184472049689441,2.1801242236024843,0.8385093167701864,23.534161490683232,34.49068322981367,353.85093167701865,101.06832298136646,0.0950310559006211,1.1180124223602483,2.2360248447204967,0.8944099378881988,0.0559006211180124,0.782608695652174,0.0559006211180124,0.5590062111801242,0.0559006211180124,2.962732919254658,2.4596273291925463,1.565217391304348,0.7267080745341615,1.062111801242236,0.670807453416149,0.670807453416149,3.130434782608696,1.341614906832298,1.62111801242236,50.8695652173913,2.739130434782609,3.633540372670808,0.9503105590062112,24.48447204968944,2.0683229813664594,0.391304347826087,2.627329192546584,1.732919254658385,32.142857142857146,5.3105590062111805,0.2795031055900621,0.0,2.4596273291925463,0.0559006211180124,0.0,0.0,0.0,4.807453416149069,2.291925465838509,MF,,midfield,4
Adrian Beck,de GER,"MF,FW",Heidenheim,de Bundesliga,27.0,1997.0,32,18,1598,17.8,4,1,5,4,0,0,3.3,3.3,1.2,4.5,0.25,39,13,33.3,2.2,0.73,0.1,0.31,0.08,581,725,80.1,9901,2258,1.9,21,53,18,4,32,17,0,4,69,56,3.16,4,0.23,36,17,18,12,6,34.3,9,45,17,19,0,962,23,53,40,53.3,553,37,11,42,26,584,83,1,0,0,16,1,0,0,0,131,29,59.2,0.2252816020025031,0.0563204005006257,0.2816020025031289,0.2252816020025031,0.185857321652065,0.185857321652065,0.0675844806007509,0.253441802252816,0.0140801001251564,2.1964956195244056,0.7321652065081352,32.72215269086358,40.83229036295369,557.6282853566959,127.171464330413,0.1070087609511889,1.1827284105131413,2.9849812265331668,1.013767209011264,0.2252816020025031,1.802252816020025,0.9574468085106382,0.0,0.2252816020025031,3.8861076345431793,2.027534418022528,0.9574468085106382,1.013767209011264,0.6758448060075094,0.3379224030037547,0.506883604505632,2.5344180225281603,0.9574468085106382,1.07008760951189,54.180225281602,1.295369211514393,2.9849812265331668,2.252816020025031,31.14518147684605,2.0838548185231542,0.6195244055068836,2.3654568210262825,1.4643304130162704,32.89111389236545,4.67459324155194,0.0563204005006257,0.0,0.9011264080100124,0.0563204005006257,0.0,0.0,0.0,7.377972465581978,1.6332916145181475,MF,FW,midfield,4
Donny van de Beek,nl NED,MF,Girona,es La Liga,27.0,1997.0,26,16,1421,15.8,2,2,4,2,0,0,1.5,1.5,3.2,4.7,0.3,18,5,27.8,1.14,0.32,0.11,0.4,0.08,365,447,81.7,5265,1056,3.6,18,21,11,0,11,0,2,2,45,28,1.77,2,0.13,29,18,17,7,5,50.0,10,39,12,13,0,580,14,61,6,46.2,281,17,2,13,15,387,85,5,0,0,22,0,0,0,0,48,10,52.6,0.1266713581984518,0.1266713581984518,0.2533427163969036,0.1266713581984518,0.0950035186488388,0.0950035186488388,0.2026741731175229,0.2976776917663617,0.0190007037297677,1.140042223786066,0.3166783954961295,23.117522871217453,28.311048557353978,333.46235045742435,66.88247712878255,0.2280084447572132,1.140042223786066,1.3300492610837438,0.6966924700914848,0.0,0.6966924700914848,0.0,0.1266713581984518,0.1266713581984518,2.8501055594651654,1.8367346938775508,1.140042223786066,1.0767065446868402,0.4433497536945813,0.3166783954961295,0.633356790992259,2.47009148486981,0.7600281491907108,0.8233638282899367,36.734693877551024,0.8866995073891626,3.86347642505278,0.3800140745953554,17.797325826882478,1.0767065446868402,0.1266713581984518,0.8233638282899367,0.9500351864883884,24.510907811400426,5.383532723434201,0.3166783954961295,0.0,1.3933849401829697,0.0,0.0,0.0,0.0,3.0401125967628437,0.633356790992259,MF,,midfield,4
Reda Belahyane,ma MAR,MF,Hellas Verona,it Serie A,20.0,2004.0,22,17,1658,18.4,0,2,2,0,0,0,0.2,0.2,1.0,1.3,0.07,6,2,33.3,0.33,0.11,0.0,0.0,0.04,587,701,83.7,8987,2976,0.6,16,71,10,0,3,0,1,3,73,41,2.23,3,0.16,36,26,16,13,7,76.5,10,46,22,9,1,884,49,8,33,63.5,551,22,5,34,21,591,13,6,1,1,31,1,0,0,0,109,5,25.0,0.0,0.1085645355850422,0.1085645355850422,0.0,0.0108564535585042,0.0108564535585042,0.0542822677925211,0.0705669481302774,0.0037997587454764,0.3256936067551266,0.1085645355850422,31.86369119420989,38.0518697225573,487.8347406513872,161.5440289505428,0.0325693606755126,0.8685162846803377,3.854041013268999,0.5428226779252111,0.0,0.1628468033775633,0.0,0.0542822677925211,0.1628468033775633,3.962605548854041,1.95416164053076,1.4113389626055488,0.8685162846803377,0.7056694813027744,0.3799758745476477,0.5428226779252111,2.496984318455971,1.1942098914354644,0.48854041013269,47.98552472858866,2.6598311218335344,0.4342581423401688,1.7913148371531966,29.909529553679132,1.1942098914354644,0.2714113389626055,1.8455971049457176,1.1399276236429434,32.08082026537998,0.7056694813027744,0.3256936067551266,0.0542822677925211,1.6827503015681546,0.0542822677925211,0.0,0.0,0.0,5.916767189384801,0.2714113389626055,MF,,midfield,2
Haris Belkebla,dz ALG,MF,Angers,fr Ligue 1,30.0,1994.0,22,21,1792,19.9,0,1,1,0,0,0,0.1,0.1,0.9,1.0,0.05,3,0,0.0,0.15,0.0,0.0,,0.03,727,830,87.6,11935,3432,0.3,5,68,3,0,3,0,0,3,69,14,0.7,4,0.2,56,38,38,15,3,57.8,35,91,46,14,1,1064,67,6,9,40.9,558,8,1,27,10,686,15,1,0,0,18,0,0,0,0,90,8,27.6,0.0,0.0502232142857142,0.0502232142857142,0.0,0.0050223214285714,0.0050223214285714,0.0452008928571428,0.0502232142857142,0.0025111607142857,0.1506696428571428,0.0,36.512276785714285,41.68526785714285,599.4140625,172.36607142857142,0.0150669642857142,0.2511160714285714,3.415178571428571,0.1506696428571428,0.0,0.1506696428571428,0.0,0.0,0.1506696428571428,3.465401785714286,2.8125,1.908482142857143,1.908482142857143,0.7533482142857143,0.1506696428571428,1.7578125,4.5703125,2.310267857142857,0.703125,53.4375,3.364955357142857,0.3013392857142857,0.4520089285714286,28.02455357142857,0.4017857142857142,0.0502232142857142,1.3560267857142858,0.5022321428571429,34.453125,0.7533482142857143,0.0502232142857142,0.0,0.9040178571428572,0.0,0.0,0.0,0.0,4.520089285714286,0.4017857142857142,MF,,midfield,1
Yassin Belkhdim,fr FRA,MF,Angers,fr Ligue 1,22.0,2002.0,29,16,1523,16.9,1,1,2,1,0,0,0.8,0.8,0.6,1.4,0.08,9,5,55.6,0.53,0.3,0.11,0.2,0.09,394,487,80.9,5963,1404,0.5,5,27,3,1,16,0,1,4,37,12,0.71,1,0.06,53,27,26,21,6,46.6,21,74,41,17,1,702,46,18,2,13.3,343,17,2,31,14,403,31,4,0,0,28,0,0,0,0,74,5,25.0,0.0590938936309914,0.0590938936309914,0.1181877872619829,0.0590938936309914,0.0472751149047931,0.0472751149047931,0.0354563361785948,0.082731451083388,0.0047275114904793,0.5318450426789232,0.2954694681549573,23.28299409061064,28.77872619829284,352.3768877216021,82.96782665791201,0.0295469468154957,0.2954694681549573,1.5955351280367696,0.1772816808929743,0.0590938936309914,0.9455022980958634,0.0,0.0590938936309914,0.2363755745239658,2.186474064346684,3.131976362442548,1.5955351280367696,1.5364412344057785,1.2409717662508208,0.3545633617859487,1.2409717662508208,4.372948128693368,2.42284963887065,1.0045961917268549,41.48391332895601,2.718319107025607,1.0636900853578464,0.1181877872619829,20.269205515430077,1.0045961917268549,0.1181877872619829,1.8319107025607355,0.8273145108338805,23.81483913328956,1.8319107025607355,0.2363755745239658,0.0,1.654629021667761,0.0,0.0,0.0,0.0,4.372948128693368,0.2954694681549573,MF,,midfield,1
Jean-Ricner Bellegarde,fr FRA,"MF,FW",Wolves,eng Premier League,26.0,1998.0,35,20,1677,18.6,2,7,9,2,0,0,1.5,1.5,3.8,5.3,0.29,22,5,22.7,1.18,0.27,0.09,0.4,0.07,475,599,79.3,7404,1436,2.8,27,30,18,8,44,5,5,4,43,57,3.06,11,0.59,39,24,17,19,3,70.0,10,49,18,21,1,843,24,48,14,23.0,528,52,11,42,29,592,89,3,0,0,31,7,0,0,0,62,10,34.5,0.1073345259391771,0.3756708407871198,0.4830053667262969,0.1073345259391771,0.0805008944543828,0.0805008944543828,0.2039355992844365,0.2844364937388193,0.0155635062611806,1.180679785330948,0.2683363148479428,25.49194991055456,32.146690518783544,397.3524150268336,77.06618962432916,0.1502683363148479,1.449016100178891,1.6100178890876564,0.9660107334525938,0.4293381037567084,2.361359570661896,0.2683363148479428,0.2683363148479428,0.2146690518783542,2.3076923076923075,2.0930232558139537,1.2880143112701252,0.9123434704830052,1.0196779964221825,0.1610017889087656,0.5366726296958856,2.629695885509839,0.9660107334525938,1.1270125223613596,45.24150268336314,1.2880143112701252,2.5760286225402504,0.7513416815742396,28.33631484794276,2.7906976744186047,0.590339892665474,2.2540250447227197,1.5563506261180682,31.77101967799642,4.7763864042933815,0.1610017889087656,0.0,1.663685152057245,0.3756708407871198,0.0,0.0,0.0,3.32737030411449,0.5366726296958856,MF,FW,midfield,4
Jude Bellingham,eng ENG,MF,Real Madrid,es La Liga,21.0,2003.0,31,29,2488,27.6,9,8,17,8,1,2,11.4,9.9,3.9,13.7,0.55,60,22,36.7,2.17,0.8,0.13,0.36,0.17,1333,1548,86.1,21413,4654,4.5,42,130,31,0,18,1,22,19,199,105,3.8,13,0.47,61,33,20,27,14,66.7,28,89,23,27,1,1881,32,110,41,54.7,1229,74,14,54,43,1542,143,5,1,0,33,3,1,0,0,97,30,49.2,0.3255627009646302,0.2893890675241157,0.614951768488746,0.2893890675241157,0.412379421221865,0.3581189710610932,0.1410771704180064,0.4955787781350482,0.0198954983922829,2.170418006430868,0.7958199356913184,48.21945337620578,55.9967845659164,774.5860128617363,168.35209003215434,0.1627813504823151,1.5192926045016075,4.702572347266881,1.1213826366559485,0.0,0.6511254019292604,0.0361736334405144,0.7958199356913184,0.6872990353697749,7.19855305466238,2.206591639871383,1.1937299035369775,0.7234726688102894,0.9766881028938909,0.5064308681672026,1.0128617363344052,3.219453376205788,0.8319935691318328,0.9766881028938909,68.04260450160771,1.157556270096463,3.979099678456592,1.483118971061093,44.45739549839228,2.676848874598071,0.5064308681672026,1.9533762057877813,1.5554662379421222,55.77974276527331,5.172829581993569,0.1808681672025723,0.0361736334405144,1.1937299035369775,0.1085209003215434,0.0361736334405144,0.0,0.0,3.5088424437299035,1.085209003215434,MF,,midfield,3
Fran Beltrán,es ESP,MF,Celta Vigo,es La Liga,25.0,1999.0,34,29,2421,26.9,2,1,3,2,0,0,1.0,1.0,1.8,2.8,0.1,23,4,17.4,0.86,0.15,0.09,0.5,0.04,1313,1482,88.6,23296,6476,1.8,15,132,14,1,5,1,7,14,152,43,1.6,4,0.15,50,35,24,21,5,42.9,26,76,34,16,4,1711,58,14,10,52.6,951,28,2,23,22,1209,29,3,0,0,34,0,0,1,0,119,19,41.3,0.0743494423791821,0.037174721189591,0.1115241635687732,0.0743494423791821,0.037174721189591,0.037174721189591,0.0669144981412639,0.104089219330855,0.0037174721189591,0.8550185873605948,0.1486988847583643,48.81040892193308,55.09293680297398,866.0223048327138,240.74349442379184,0.0669144981412639,0.5576208178438662,4.907063197026022,0.5204460966542751,0.037174721189591,0.1858736059479553,0.037174721189591,0.2602230483271375,0.5204460966542751,5.650557620817844,1.8587360594795537,1.3011152416356877,0.8921933085501859,0.7806691449814127,0.1858736059479553,0.966542750929368,2.825278810408922,1.2639405204460965,0.5947955390334573,63.605947955390334,2.1561338289962824,0.5204460966542751,0.3717472118959107,35.353159851301115,1.0408921933085502,0.0743494423791821,0.8550185873605948,0.8178438661710037,44.94423791821561,1.0780669144981412,0.1115241635687732,0.0,1.2639405204460965,0.0,0.0,0.037174721189591,0.0,4.423791821561338,0.7063197026022305,MF,,midfield,2
Eliesse Ben Seghir,ma MAR,"MF,FW",Monaco,fr Ligue 1,19.0,2005.0,33,19,1750,19.4,6,3,9,4,2,2,5.5,4.1,5.2,9.3,0.55,58,19,32.8,2.98,0.98,0.07,0.21,0.07,754,951,79.3,10638,3042,4.6,33,71,45,4,52,34,14,3,122,77,3.96,7,0.36,31,22,12,12,7,56.3,13,44,4,18,0,1244,3,63,35,36.5,843,85,25,59,35,988,170,0,0,0,25,4,0,0,0,86,13,37.1,0.3085714285714285,0.1542857142857142,0.4628571428571428,0.2057142857142857,0.2828571428571428,0.2108571428571428,0.2674285714285714,0.4782857142857143,0.0282857142857142,2.9828571428571427,0.9771428571428572,38.77714285714286,48.90857142857144,547.0971428571429,156.44571428571427,0.2365714285714285,1.697142857142857,3.6514285714285712,2.314285714285714,0.2057142857142857,2.6742857142857144,1.7485714285714284,0.72,0.1542857142857142,6.274285714285714,1.5942857142857143,1.1314285714285717,0.6171428571428571,0.6171428571428571,0.36,0.6685714285714286,2.262857142857143,0.2057142857142857,0.9257142857142856,63.97714285714286,0.1542857142857142,3.24,1.8,43.35428571428572,4.371428571428571,1.2857142857142856,3.0342857142857147,1.8,50.81142857142858,8.742857142857142,0.0,0.0,1.2857142857142856,0.2057142857142857,0.0,0.0,0.0,4.422857142857143,0.6685714285714286,MF,FW,midfield,0
Rodrigo Bentancur,uy URU,MF,Tottenham,eng Premier League,27.0,1997.0,26,21,1645,18.3,2,0,2,2,0,0,1.3,1.3,0.4,1.7,0.1,22,5,22.7,1.2,0.27,0.09,0.4,0.06,946,1076,87.9,15392,3700,1.0,10,109,13,2,4,0,4,2,100,45,2.46,3,0.16,40,22,19,17,4,47.5,40,80,38,19,1,1302,76,24,9,47.4,764,28,5,19,20,848,34,9,0,0,34,1,0,0,0,121,36,54.5,0.1094224924012158,0.0,0.1094224924012158,0.1094224924012158,0.0711246200607902,0.0711246200607902,0.0218844984802431,0.0930091185410334,0.0054711246200607,1.203647416413374,0.2735562310030395,51.75683890577507,58.8693009118541,842.1155015197569,202.43161094224925,0.0547112462006079,0.547112462006079,5.963525835866262,0.7112462006079028,0.1094224924012158,0.2188449848024316,0.0,0.2188449848024316,0.1094224924012158,5.471124620060791,2.188449848024316,1.203647416413374,1.03951367781155,0.9300911854103344,0.2188449848024316,2.188449848024316,4.376899696048632,2.0790273556231003,1.03951367781155,71.23404255319149,4.1580547112462005,1.3130699088145896,0.4924012158054711,41.79939209726444,1.5319148936170213,0.2735562310030395,1.03951367781155,1.094224924012158,46.3951367781155,1.8601823708206688,0.4924012158054711,0.0,1.8601823708206688,0.0547112462006079,0.0,0.0,0.0,6.620060790273556,1.9696048632218843,MF,,midfield,1
Sander Berge,no NOR,MF,Fulham,eng Premier League,26.0,1998.0,31,26,2224,24.7,0,0,0,0,0,0,0.4,0.4,0.6,1.0,0.04,3,1,33.3,0.12,0.04,0.0,0.0,0.12,1091,1193,91.5,19377,4626,0.6,18,116,5,0,3,0,3,7,124,48,1.94,2,0.08,50,30,23,23,4,69.2,21,71,38,8,1,1384,81,14,11,55.0,804,29,2,15,16,892,9,6,0,0,31,0,0,0,0,126,28,56.0,0.0,0.0,0.0,0.0,0.0161870503597122,0.0161870503597122,0.0242805755395683,0.0404676258992805,0.0016187050359712,0.1214028776978417,0.0404676258992805,44.15017985611511,48.27787769784173,784.1411870503597,187.20323741007195,0.0242805755395683,0.7284172661870504,4.694244604316547,0.2023381294964028,0.0,0.1214028776978417,0.0,0.1214028776978417,0.283273381294964,5.017985611510792,2.023381294964029,1.2140287769784173,0.9307553956834532,0.9307553956834532,0.1618705035971223,0.8498201438848921,2.873201438848921,1.537769784172662,0.3237410071942446,56.00719424460432,3.277877697841727,0.5665467625899281,0.4451438848920863,32.53597122302158,1.1735611510791368,0.0809352517985611,0.6070143884892086,0.6474820143884893,36.09712230215828,0.3642086330935252,0.2428057553956834,0.0,1.254496402877698,0.0,0.0,0.0,0.0,5.098920863309353,1.1330935251798562,MF,,midfield,2
Lucas Bergvall,se SWE,MF,Tottenham,eng Premier League,18.0,2006.0,27,11,1212,13.5,0,1,1,0,0,0,0.7,0.7,0.6,1.3,0.09,12,2,16.7,0.89,0.15,0.0,0.0,0.06,629,720,87.4,10567,2202,0.8,11,53,7,3,21,8,0,8,49,22,1.63,4,0.3,39,19,14,20,5,53.1,24,63,22,11,3,885,36,22,21,46.7,531,33,4,20,19,586,31,3,0,0,20,0,0,0,0,73,9,52.9,0.0,0.0742574257425742,0.0742574257425742,0.0,0.0519801980198019,0.0519801980198019,0.0445544554455445,0.0965346534653465,0.0066831683168316,0.8910891089108911,0.1485148514851485,46.70792079207921,53.46534653465346,784.6782178217821,163.5148514851485,0.0594059405940594,0.8168316831683169,3.935643564356436,0.5198019801980198,0.2227722772277227,1.5594059405940597,0.594059405940594,0.0,0.594059405940594,3.6386138613861374,2.896039603960396,1.4108910891089108,1.0396039603960396,1.485148514851485,0.3712871287128712,1.7821782178217822,4.678217821782178,1.6336633663366338,0.8168316831683169,65.71782178217822,2.673267326732673,1.6336633663366338,1.5594059405940597,39.43069306930693,2.4504950495049505,0.297029702970297,1.485148514851485,1.4108910891089108,43.51485148514852,2.3019801980198022,0.2227722772277227,0.0,1.485148514851485,0.0,0.0,0.0,0.0,5.420792079207921,0.6683168316831682,MF,,midfield,1
Adrian Bernabe,es ESP,MF,Parma,it Serie A,23.0,2001.0,21,18,1453,16.1,1,1,2,1,0,0,1.3,1.3,1.1,2.4,0.15,27,5,18.5,1.67,0.31,0.04,0.2,0.05,823,984,83.6,15635,5378,1.5,22,103,17,4,29,22,5,14,115,58,3.59,4,0.25,29,18,16,9,4,43.8,7,36,26,18,1,1140,40,8,15,45.5,738,37,3,12,14,818,20,1,0,0,9,4,0,0,0,72,4,50.0,0.0619408121128699,0.0619408121128699,0.1238816242257398,0.0619408121128699,0.0805230557467309,0.0805230557467309,0.0681348933241569,0.1486579490708878,0.0092911218169304,1.672401927047488,0.3097040605643496,50.97728836889194,60.949759119064005,968.4445973847212,333.1176875430145,0.0929112181693049,1.3626978664831384,6.379903647625603,1.0529938059187889,0.2477632484514796,1.796283551273228,1.3626978664831384,0.3097040605643496,0.8671713695801789,7.123193392980042,1.796283551273228,1.1149346180316586,0.9910529938059188,0.5574673090158293,0.2477632484514796,0.4335856847900894,2.229869236063317,1.6104611149346182,1.1149346180316586,70.61252580867172,2.477632484514797,0.4955264969029593,0.9291121816930488,45.712319339298006,2.2918100481761874,0.1858224363386098,0.7432897453544391,0.8671713695801789,50.6675843083276,1.2388162422573985,0.0619408121128699,0.0,0.5574673090158293,0.2477632484514796,0.0,0.0,0.0,4.459738472126634,0.2477632484514796,MF,,midfield,3
Matúš Bero,sk SVK,MF,Bochum,de Bundesliga,28.0,1995.0,30,29,2565,28.5,5,2,7,5,0,1,4.0,3.0,3.7,6.7,0.27,31,12,38.7,1.09,0.42,0.16,0.42,0.1,894,1317,67.9,16045,6032,3.8,54,104,35,4,124,68,7,4,143,120,4.21,7,0.25,65,35,33,21,11,48.3,17,82,35,37,1,1619,58,56,19,34.5,736,29,9,46,23,833,111,11,0,0,50,3,0,0,0,164,22,33.8,0.175438596491228,0.0701754385964912,0.2456140350877193,0.175438596491228,0.1403508771929824,0.1052631578947368,0.1298245614035088,0.2350877192982456,0.0094736842105263,1.087719298245614,0.4210526315789474,31.36842105263158,46.21052631578947,562.9824561403509,211.64912280701756,0.1333333333333333,1.894736842105263,3.649122807017544,1.2280701754385963,0.1403508771929824,4.350877192982456,2.3859649122807016,0.2456140350877193,0.1403508771929824,5.017543859649122,2.280701754385965,1.2280701754385963,1.1578947368421053,0.736842105263158,0.3859649122807017,0.5964912280701754,2.87719298245614,1.2280701754385963,1.2982456140350878,56.80701754385965,2.0350877192982457,1.9649122807017545,0.6666666666666667,25.82456140350877,1.0175438596491229,0.3157894736842105,1.6140350877192982,0.8070175438596491,29.2280701754386,3.8947368421052633,0.3859649122807017,0.0,1.7543859649122806,0.1052631578947368,0.0,0.0,0.0,5.75438596491228,0.7719298245614035,MF,,midfield,0
Alessandro Bianco,it ITA,MF,Monza,it Serie A,21.0,2002.0,34,29,2600,28.9,1,0,1,1,0,0,1.3,1.3,1.2,2.5,0.09,26,6,23.1,0.9,0.21,0.04,0.17,0.05,1314,1525,86.2,25818,6439,1.3,18,139,16,3,23,0,4,13,125,38,1.32,0,0.0,51,28,26,17,8,65.9,22,73,53,23,4,1818,97,14,17,41.5,1186,35,4,40,24,1289,24,9,0,0,43,0,0,1,0,122,16,36.4,0.0346153846153846,0.0,0.0346153846153846,0.0346153846153846,0.045,0.045,0.0415384615384615,0.0865384615384615,0.0031153846153846,0.9,0.2076923076923077,45.48461538461539,52.78846153846154,893.6999999999999,222.8884615384615,0.045,0.6230769230769231,4.811538461538461,0.5538461538461539,0.1038461538461538,0.7961538461538461,0.0,0.1384615384615384,0.45,4.3269230769230775,1.765384615384615,0.9692307692307692,0.9,0.5884615384615385,0.2769230769230769,0.7615384615384615,2.526923076923077,1.8346153846153843,0.7961538461538461,62.93076923076923,3.3576923076923078,0.4846153846153846,0.5884615384615385,41.05384615384615,1.2115384615384617,0.1384615384615384,1.3846153846153846,0.8307692307692308,44.619230769230775,0.8307692307692308,0.3115384615384615,0.0,1.4884615384615385,0.0,0.0,0.0346153846153846,0.0,4.223076923076923,0.5538461538461539,MF,,midfield,2
Tom Bischof,de GER,"MF,FW",Hoffenheim,de Bundesliga,19.0,2005.0,31,30,2559,28.4,5,2,7,5,0,0,2.2,2.2,3.6,5.9,0.21,51,18,35.3,1.79,0.63,0.1,0.28,0.04,1210,1537,78.7,20642,6105,4.8,50,110,39,10,145,97,3,6,138,117,4.12,7,0.25,95,53,36,45,14,51.9,30,125,53,54,1,1951,76,46,29,45.3,962,47,9,41,38,1146,102,5,0,0,45,4,0,0,0,156,14,42.4,0.1758499413833528,0.0703399765533411,0.246189917936694,0.1758499413833528,0.0773739742086752,0.0773739742086752,0.126611957796014,0.2075029308323564,0.0073856975381008,1.793669402110199,0.6330597889800704,42.555685814771394,54.05627198124267,725.978898007034,214.71277842907384,0.1688159437280187,1.7584994138335288,3.868698710433763,1.3716295427901524,0.3516998827667057,5.0996483001172335,3.4114888628370457,0.1055099648300117,0.2110199296600234,4.85345838218054,3.341148886283704,1.8640093786635403,1.2661195779601409,1.5826494724501758,0.492379835873388,1.0550996483001172,4.396248534583822,1.8640093786635403,1.899179366940211,68.61664712778429,2.672919109026964,1.6178194607268463,1.0199296600234466,33.83352872215709,1.6529894490035169,0.3165298944900352,1.4419695193434934,1.336459554513482,40.30480656506448,3.587338804220398,0.1758499413833528,0.0,1.5826494724501758,0.1406799531066823,0.0,0.0,0.0,5.4865181711606095,0.492379835873388,MF,FW,midfield,1
Yves Bissouma,ml MLI,MF,Tottenham,eng Premier League,27.0,1996.0,28,16,1408,15.6,2,0,2,2,0,0,0.6,0.6,0.3,0.9,0.06,11,4,36.4,0.7,0.26,0.18,0.5,0.06,755,852,88.6,11376,2858,0.6,6,61,10,1,2,0,2,2,75,16,1.02,0,0.0,49,31,20,25,4,55.9,18,67,40,10,4,1039,71,5,7,31.8,610,15,0,25,15,704,3,7,0,0,28,0,0,2,0,85,7,50.0,0.1278409090909091,0.0,0.1278409090909091,0.1278409090909091,0.0383522727272727,0.0383522727272727,0.0191761363636363,0.057528409090909,0.0038352272727272,0.703125,0.2556818181818182,48.25994318181819,54.46022727272727,727.159090909091,182.6846590909091,0.0383522727272727,0.3835227272727272,3.899147727272728,0.6392045454545454,0.0639204545454545,0.1278409090909091,0.0,0.1278409090909091,0.1278409090909091,4.794034090909091,3.1321022727272725,1.981534090909091,1.2784090909090908,1.5980113636363638,0.2556818181818182,1.150568181818182,4.282670454545454,2.5568181818181817,0.6392045454545454,66.41335227272727,4.5383522727272725,0.3196022727272727,0.4474431818181818,38.99147727272727,0.958806818181818,0.0,1.5980113636363638,0.958806818181818,45.0,0.1917613636363636,0.4474431818181818,0.0,1.7897727272727273,0.0,0.0,0.1278409090909091,0.0,5.433238636363637,0.4474431818181818,MF,,midfield,1
Leonardo Bittencourt,de GER,MF,Werder Bremen,de Bundesliga,30.0,1993.0,27,10,982,10.9,2,1,3,2,0,0,1.6,1.6,1.6,3.2,0.29,27,9,33.3,2.47,0.82,0.07,0.22,0.06,571,680,84.0,8963,2057,1.9,14,56,14,2,22,7,2,3,64,39,3.57,5,0.46,25,9,15,7,3,33.3,15,40,11,10,0,801,8,20,1,20.0,530,19,2,12,2,583,38,3,0,0,15,4,0,0,0,44,5,25.0,0.1832993890020366,0.0916496945010183,0.2749490835030549,0.1832993890020366,0.1466395112016293,0.1466395112016293,0.1466395112016293,0.2932790224032586,0.0265784114052953,2.474541751527495,0.824847250509165,52.33197556008146,62.32179226069246,821.4562118126273,188.52342158859472,0.1741344195519348,1.2830957230142568,5.132382892057027,1.2830957230142568,0.1832993890020366,2.016293279022403,0.6415478615071284,0.1832993890020366,0.2749490835030549,5.865580448065173,2.2912423625254585,0.824847250509165,1.374745417515275,0.6415478615071284,0.2749490835030549,1.374745417515275,3.665987780040733,1.0081466395112015,0.9164969450101832,73.41140529531569,0.7331975560081466,1.8329938900203664,0.0916496945010183,48.57433808553972,1.741344195519348,0.1832993890020366,1.09979633401222,0.1832993890020366,53.43177189409369,3.482688391038696,0.2749490835030549,0.0,1.374745417515275,0.3665987780040733,0.0,0.0,0.0,4.032586558044806,0.4582484725050916,MF,,midfield,3
Antonio Blanco,es ESP,MF,Alavés,es La Liga,24.0,2000.0,35,32,2727,30.3,0,1,1,0,0,0,0.8,0.8,1.6,2.4,0.08,25,3,12.0,0.83,0.1,0.0,0.0,0.03,1013,1278,79.3,18498,6593,1.8,15,142,19,9,29,0,5,23,146,45,1.49,1,0.03,67,40,23,37,7,38.6,42,109,48,24,1,1543,63,6,15,71.4,762,13,0,29,26,889,19,11,1,1,66,1,0,0,0,164,28,44.4,0.0,0.033003300330033,0.033003300330033,0.0,0.0264026402640264,0.0264026402640264,0.0528052805280528,0.0792079207920792,0.0026402640264026,0.825082508250825,0.099009900990099,33.43234323432343,42.17821782178218,610.4950495049505,217.5907590759076,0.0594059405940594,0.4950495049504951,4.686468646864686,0.627062706270627,0.297029702970297,0.957095709570957,0.0,0.165016501650165,0.759075907590759,4.818481848184819,2.211221122112211,1.32013201320132,0.759075907590759,1.221122112211221,0.231023102310231,1.386138613861386,3.5973597359735976,1.584158415841584,0.792079207920792,50.92409240924092,2.0792079207920797,0.198019801980198,0.4950495049504951,25.148514851485142,0.4290429042904291,0.0,0.957095709570957,0.8580858085808581,29.33993399339934,0.627062706270627,0.363036303630363,0.033003300330033,2.178217821782178,0.033003300330033,0.0,0.0,0.0,5.412541254125412,0.924092409240924,MF,,midfield,1
Ludovic Blas,fr FRA,"MF,FW",Rennes,fr Ligue 1,26.0,1997.0,29,26,2293,25.5,6,8,14,6,0,0,5.0,5.0,4.6,9.6,0.38,57,26,45.6,2.24,1.02,0.11,0.23,0.09,693,938,73.9,12028,3413,5.4,47,76,33,9,124,64,8,21,116,107,4.2,16,0.63,38,25,9,12,17,54.8,13,51,11,20,0,1262,11,105,44,37.9,781,83,31,71,46,919,184,6,0,0,31,4,1,0,0,88,11,22.9,0.2354993458351504,0.3139991277802006,0.5494984736153511,0.2354993458351504,0.1962494548626253,0.1962494548626253,0.1805494984736153,0.3767989533362407,0.0149149585695595,2.2372437854339293,1.020497165285652,27.20017444395988,36.81639773222852,472.0976886175316,133.9598778892281,0.2119494112516354,1.8447448757086788,2.9829917139119058,1.2952464020933274,0.3532490187527257,4.866986480593109,2.511993022241605,0.3139991277802006,0.8242477104230266,4.552987352812909,1.4914958569559529,0.9812472743131267,0.3532490187527257,0.4709986916703009,0.6672481465329263,0.510248582642826,2.001744439598779,0.4317488006977759,0.7849978194505015,49.53336240732665,0.4317488006977759,4.121238552115133,1.7269952027911035,30.654164849542084,3.257740950719581,1.2167466201482773,2.7867422590492805,1.8054949847361532,36.07064980375054,7.221979938944614,0.2354993458351504,0.0,1.2167466201482773,0.1569995638901003,0.039249890972525,0.0,0.0,3.453990405582207,0.4317488006977759,MF,FW,midfield,0
Jeremie Boga,ci CIV,"MF,FW",Nice,fr Ligue 1,27.0,1997.0,21,12,1054,11.7,1,2,3,1,0,0,2.3,2.3,2.8,5.1,0.44,30,16,53.3,2.56,1.37,0.03,0.06,0.08,329,398,82.7,4487,1003,3.2,24,11,18,4,21,10,0,2,39,51,4.36,3,0.26,10,5,2,5,3,50.0,3,13,2,13,1,529,5,57,25,39.1,338,64,24,18,17,408,75,0,0,0,1,4,0,0,0,44,3,42.9,0.0853889943074003,0.1707779886148007,0.2561669829222011,0.0853889943074003,0.1963946869070208,0.1963946869070208,0.239089184060721,0.4354838709677419,0.0375711574952561,2.5616698292220117,1.366223908918406,28.09297912713473,33.98481973434535,383.1404174573055,85.64516129032259,0.2732447817836812,2.049335863377609,0.9392789373814042,1.537001897533207,0.3415559772296015,1.793168880455408,0.8538899430740038,0.0,0.1707779886148007,3.3301707779886147,0.8538899430740038,0.4269449715370019,0.1707779886148007,0.4269449715370019,0.2561669829222011,0.2561669829222011,1.110056925996205,0.1707779886148007,1.110056925996205,45.1707779886148,0.4269449715370019,4.867172675521822,2.134724857685009,28.861480075901326,5.464895635673624,2.049335863377609,1.537001897533207,1.4516129032258065,34.83870967741935,6.404174573055028,0.0,0.0,0.0853889943074003,0.3415559772296015,0.0,0.0,0.0,3.757115749525617,0.2561669829222011,MF,FW,midfield,0
Warren Bondo,fr FRA,MF,Monza,it Serie A,20.0,2003.0,20,19,1618,18.0,0,0,0,0,0,0,0.4,0.4,0.3,0.7,0.04,13,1,7.7,0.72,0.06,0.0,0.0,0.03,547,615,88.9,8867,1641,0.5,5,35,7,2,7,0,0,4,39,26,1.45,1,0.06,35,24,19,12,4,68.4,5,40,8,9,4,741,27,7,20,50.0,511,25,2,20,30,521,21,5,1,1,31,4,0,0,0,91,5,38.5,0.0,0.0,0.0,0.0,0.0222496909765142,0.0222496909765142,0.0166872682323856,0.0389369592088998,0.0022249690976514,0.723114956736712,0.0556242274412855,30.426452410383188,34.2088998763906,493.2200247218789,91.27935723114956,0.0278121137206427,0.2781211372064276,1.946847960444994,0.3893695920889987,0.111248454882571,0.3893695920889987,0.0,0.0,0.2224969097651421,2.169344870210136,1.946847960444994,1.334981458590853,1.0568603213844252,0.6674907292954265,0.2224969097651421,0.2781211372064276,2.2249690976514214,0.4449938195302843,0.5006180469715699,41.21755253399258,1.5018541409147097,0.3893695920889987,1.112484548825711,28.423980222496912,1.3906056860321383,0.111248454882571,1.112484548825711,1.668726823238566,28.980222496909768,1.1681087762669962,0.2781211372064276,0.0556242274412855,1.7243510506798516,0.2224969097651421,0.0,0.0,0.0,5.061804697156984,0.2781211372064276,MF,,midfield,2
Ayyoub Bouaddi,fr FRA,MF,Lille,fr Ligue 1,16.0,2007.0,24,11,1151,12.8,0,1,1,0,0,0,0.1,0.1,1.0,1.1,0.08,3,1,33.3,0.23,0.08,0.0,0.0,0.04,487,555,87.7,8241,1609,1.2,5,36,1,0,3,0,1,2,37,14,1.1,2,0.16,50,31,21,21,8,59.4,10,60,12,13,1,703,30,14,14,48.3,383,11,3,34,15,474,26,2,0,0,18,1,0,0,0,62,9,50.0,0.0,0.0781928757602085,0.0781928757602085,0.0,0.0078192875760208,0.0078192875760208,0.0781928757602085,0.0860121633362293,0.0062554300608166,0.2345786272806255,0.0781928757602085,38.07993049522155,43.397046046915726,644.3874891398784,125.81233709817548,0.0938314509122502,0.3909643788010426,2.8149435273675065,0.0781928757602085,0.0,0.2345786272806255,0.0,0.0781928757602085,0.156385751520417,2.893136403127715,3.909643788010426,2.423979148566464,1.6420503909643789,1.6420503909643789,0.6255430060816681,0.7819287576020852,4.691572545612511,0.9383145091225022,1.0165073848827109,54.96959165942658,2.3457862728062557,1.0947002606429193,1.0947002606429193,29.947871416159863,0.8601216333622937,0.2345786272806255,2.6585577758470893,1.1728931364031276,37.06342311033884,2.0330147697654217,0.156385751520417,0.0,1.4074717636837533,0.0781928757602085,0.0,0.0,0.0,4.847958297132928,0.7037358818418766,MF,,midfield,1
Badredine Bouanani,dz ALG,"MF,FW",Nice,fr Ligue 1,19.0,2004.0,26,11,1099,12.2,3,3,6,2,1,1,2.7,1.9,2.4,4.3,0.42,30,14,46.7,2.46,1.15,0.07,0.14,0.06,330,430,76.7,4881,1113,2.2,20,19,14,2,33,8,7,1,44,47,3.85,9,0.74,11,4,4,4,3,33.3,11,22,4,11,0,571,4,43,14,38.9,362,47,15,24,18,425,93,2,0,0,13,2,0,0,0,44,2,11.1,0.2456778889899909,0.2456778889899909,0.4913557779799818,0.1637852593266606,0.2211101000909918,0.1555959963603275,0.1965423111919927,0.3521383075523203,0.0343949044585987,2.456778889899909,1.1464968152866242,27.024567788899,35.21383075523203,399.7179253867152,91.14649681528662,0.1801637852593266,1.637852593266606,1.5559599636032757,1.1464968152866242,0.1637852593266606,2.7024567788899,0.6551410373066424,0.5732484076433121,0.0818926296633303,3.603275705186533,0.9008189262966332,0.3275705186533212,0.3275705186533212,0.3275705186533212,0.2456778889899909,0.9008189262966332,1.8016378525932664,0.3275705186533212,0.9008189262966332,46.7606915377616,0.3275705186533212,3.521383075523203,1.1464968152866242,29.64513193812557,3.848953594176524,1.2283894449499544,1.9654231119199272,1.4740673339399455,34.80436760691538,7.616014558689717,0.1637852593266606,0.0,1.064604185623294,0.1637852593266606,0.0,0.0,0.0,3.603275705186533,0.1637852593266606,MF,FW,midfield,4
Benjamin Bouchouari,ma MAR,MF,Saint-Étienne,fr Ligue 1,22.0,2001.0,25,20,1772,19.7,1,0,1,1,0,0,0.6,0.6,0.9,1.5,0.08,16,3,18.8,0.81,0.15,0.06,0.33,0.04,902,1040,86.7,12685,4370,1.4,16,123,24,1,9,1,6,3,133,52,2.71,3,0.16,33,27,15,13,5,34.8,17,50,15,15,2,1233,26,14,27,50.9,733,48,6,34,26,953,54,6,0,0,15,2,0,1,0,119,6,26.1,0.0507900677200902,0.0,0.0507900677200902,0.0507900677200902,0.0304740406320541,0.0304740406320541,0.0457110609480812,0.0761851015801354,0.0040632054176072,0.8126410835214446,0.1523702031602709,45.81264108352144,52.82167042889391,644.2720090293454,221.95259593679455,0.0711060948081264,0.8126410835214446,6.247178329571105,1.2189616252821671,0.0507900677200902,0.4571106094808126,0.0507900677200902,0.3047404063205418,0.1523702031602709,6.755079006772008,1.6760722347629795,1.371331828442438,0.7618510158013545,0.6602708803611739,0.2539503386004514,0.8634311512415349,2.539503386004515,0.7618510158013545,0.7618510158013545,62.62415349887134,1.3205417607223475,0.7110609480812642,1.371331828442438,37.22911963882618,2.4379232505643342,0.3047404063205418,1.7268623024830698,1.3205417607223475,48.40293453724605,2.742663656884876,0.3047404063205418,0.0,0.7618510158013545,0.1015801354401805,0.0,0.0507900677200902,0.0,6.044018058690745,0.3047404063205418,MF,,midfield,3
Hicham Boudaoui,dz ALG,MF,Nice,fr Ligue 1,24.0,1999.0,29,27,2435,27.1,2,3,5,2,0,0,2.7,2.7,3.0,5.8,0.21,39,18,46.2,1.44,0.67,0.05,0.11,0.07,943,1134,83.2,14602,4144,2.8,22,76,32,3,17,0,12,5,124,65,2.4,7,0.26,76,52,28,37,11,58.5,22,98,45,27,1,1467,75,45,25,38.5,770,54,7,38,26,943,75,9,0,0,41,3,1,0,0,175,16,32.0,0.0739219712525667,0.1108829568788501,0.1848049281314168,0.0739219712525667,0.0997946611909651,0.0997946611909651,0.1108829568788501,0.2143737166324435,0.0077618069815195,1.4414784394250513,0.6652977412731006,34.85420944558521,41.91375770020534,539.7043121149898,153.16632443531827,0.1034907597535934,0.813141683778234,2.809034907597536,1.1827515400410678,0.1108829568788501,0.6283367556468172,0.0,0.4435318275154004,0.1848049281314168,4.583162217659138,2.809034907597536,1.9219712525667352,1.0349075975359343,1.3675564681724848,0.406570841889117,0.813141683778234,3.6221765913757697,1.6632443531827514,0.997946611909651,54.2217659137577,2.7720739219712525,1.6632443531827514,0.924024640657084,28.459958932238195,1.995893223819302,0.2587268993839836,1.404517453798768,0.9609856262833676,34.85420944558521,2.7720739219712525,0.3326488706365503,0.0,1.5154004106776182,0.1108829568788501,0.0369609856262833,0.0,0.0,6.468172484599589,0.5913757700205339,MF,,midfield,1
Carlo Boukhalfa,ma MAR,MF,St. Pauli,de Bundesliga,25.0,1999.0,25,19,1646,18.3,2,0,2,2,0,0,1.5,1.5,1.1,2.6,0.14,21,4,19.0,1.15,0.22,0.1,0.5,0.07,333,467,71.3,4368,1306,1.1,11,27,7,2,10,0,2,1,41,36,1.97,2,0.11,26,11,7,17,2,36.8,12,38,25,15,1,651,28,29,12,42.9,290,10,3,31,20,393,44,1,0,0,18,3,0,0,0,60,23,35.4,0.1093560145808019,0.0,0.1093560145808019,0.1093560145808019,0.0820170109356014,0.0820170109356014,0.060145808019441,0.1421628189550425,0.0076549210206561,1.1482381530984205,0.2187120291616038,18.207776427703525,25.53462940461725,238.83353584447144,71.40947752126367,0.060145808019441,0.6014580801944107,1.4763061968408264,0.3827460510328068,0.1093560145808019,0.5467800729040098,0.0,0.1093560145808019,0.0546780072904009,2.24179829890644,1.4216281895504252,0.6014580801944107,0.3827460510328068,0.9295261239368166,0.1093560145808019,0.6561360874848117,2.077764277035237,1.3669501822600243,0.8201701093560145,35.59538274605104,1.5309842041312272,1.5856622114216283,0.6561360874848117,15.85662211421628,0.5467800729040098,0.1640340218712029,1.6950182260024302,1.0935601458080195,21.48845686512758,2.405832320777643,0.0546780072904009,0.0,0.9842041312272176,0.1640340218712029,0.0,0.0,0.0,3.280680437424058,1.2575941676792224,MF,,midfield,4
Julian Brandt,de GER,MF,Dortmund,de Bundesliga,28.0,1996.0,30,28,2303,25.6,5,10,15,5,0,0,4.8,4.8,8.5,13.2,0.52,45,15,33.3,1.76,0.59,0.11,0.33,0.11,953,1209,78.8,14633,3911,6.6,61,94,48,6,71,20,18,3,149,102,3.99,14,0.55,26,11,13,8,5,34.9,14,40,13,30,1,1455,13,81,19,35.2,869,61,17,48,36,1097,199,1,0,0,8,0,0,0,0,119,11,27.5,0.1953973078593139,0.3907946157186279,0.5861919235779418,0.1953973078593139,0.1875814155449413,0.1875814155449413,0.3321754233608336,0.5158488927485888,0.0203213200173686,1.7585757707338254,0.5861919235779418,37.242726877985234,47.24706904038212,571.8497611810682,152.83977420755537,0.2579244463742944,2.38384715588363,3.6734693877551017,1.8758141554494137,0.2344767694311767,2.774641771602258,0.7815892314372558,0.7034303082935301,0.1172383847155883,5.822839774207556,1.0160660008684326,0.4298740772904906,0.5080330004342163,0.3126356925749023,0.1953973078593139,0.547112462006079,1.5631784628745116,0.5080330004342163,1.1723838471558836,56.86061658706036,0.5080330004342163,3.1654363873208857,0.742509769865393,33.96005210594876,2.38384715588363,0.6643508467216673,1.8758141554494137,1.4068606165870603,42.87016934433348,7.776812852800695,0.0390794615718627,0.0,0.3126356925749023,0.0,0.0,0.0,0.0,4.650455927051672,0.4298740772904906,MF,,midfield,0
Darko Brašanac,rs SRB,MF,Leganés,es La Liga,32.0,1992.0,30,15,1617,18.0,1,2,3,1,0,0,1.8,1.8,0.4,2.2,0.12,12,3,25.0,0.67,0.17,0.08,0.33,0.15,380,502,75.7,5339,1356,0.5,9,28,2,0,11,0,1,1,43,34,1.89,2,0.11,26,11,5,15,6,52.9,16,42,34,20,0,672,49,28,2,28.6,268,6,1,16,9,356,53,4,0,0,38,2,1,0,0,61,20,34.5,0.0556586270871985,0.111317254174397,0.1669758812615955,0.0556586270871985,0.1001855287569573,0.1001855287569573,0.0222634508348794,0.1224489795918367,0.0066790352504638,0.6679035250463822,0.1669758812615955,21.15027829313544,27.940630797773657,297.1614100185529,75.47309833024119,0.0278293135435992,0.5009276437847866,1.5584415584415583,0.111317254174397,0.0,0.6122448979591837,0.0,0.0556586270871985,0.0556586270871985,2.393320964749536,1.447124304267161,0.6122448979591837,0.2782931354359926,0.8348794063079777,0.3339517625231911,0.8905380333951763,2.337662337662338,1.8923933209647492,1.1131725417439704,37.40259740259741,2.7272727272727275,1.5584415584415583,0.111317254174397,14.916512059369202,0.3339517625231911,0.0556586270871985,0.8905380333951763,0.5009276437847866,19.81447124304267,2.949907235621521,0.222634508348794,0.0,2.115027829313544,0.111317254174397,0.0556586270871985,0.0,0.0,3.3951762523191094,1.1131725417439704,MF,,midfield,2
Marco Brescianini,it ITA,MF,Atalanta,it Serie A,24.0,2000.0,29,9,991,11.0,4,2,6,4,0,0,3.1,3.1,1.0,4.1,0.37,20,8,40.0,1.82,0.73,0.2,0.5,0.16,334,420,79.5,4756,1060,0.7,7,27,9,2,18,2,4,2,36,26,2.37,6,0.55,18,11,5,9,4,80.0,2,20,6,14,0,547,8,38,8,30.8,355,46,13,28,19,417,69,1,0,0,22,0,0,0,0,50,12,54.5,0.3632694248234107,0.1816347124117053,0.544904137235116,0.3632694248234107,0.2815338042381433,0.2815338042381433,0.0908173562058526,0.3723511604439959,0.0336024217961654,1.8163471241170537,0.7265388496468214,30.332996972754792,38.143289606458126,431.9273461150353,96.26639757820384,0.0635721493440968,0.6357214934409687,2.452068617558022,0.8173562058526741,0.1816347124117053,1.6347124117053482,0.1816347124117053,0.3632694248234107,0.1816347124117053,3.2694248234106964,1.6347124117053482,0.9989909182643796,0.4540867810292634,0.8173562058526741,0.3632694248234107,0.1816347124117053,1.8163471241170537,0.544904137235116,1.2714429868819377,49.677093844601416,0.7265388496468214,3.451059535822401,0.7265388496468214,32.2401614530777,4.177598385469223,1.1806256306760847,2.542885973763875,1.7255297679112007,37.870837537840565,6.266397578203835,0.0908173562058526,0.0,1.997981836528759,0.0,0.0,0.0,0.0,4.540867810292633,1.089808274470232,MF,,midfield,4
Gianluca Busio,us USA,MF,Venezia,it Serie A,22.0,2002.0,33,28,2518,28.0,2,0,2,2,0,0,2.4,2.4,1.6,4.0,0.14,36,7,19.4,1.29,0.25,0.06,0.29,0.07,696,917,75.9,10896,2655,1.8,28,46,25,4,29,1,3,8,95,65,2.33,2,0.07,46,31,24,12,10,42.6,19,65,52,39,0,1250,58,56,15,31.3,747,60,5,54,32,842,135,4,0,0,26,5,1,0,0,107,32,48.5,0.0714853057982525,0.0,0.0714853057982525,0.0714853057982525,0.085782366957903,0.085782366957903,0.057188244638602,0.1429706115965051,0.0050039714058776,1.2867355043685464,0.250198570293884,24.8768864177919,32.776012708498804,389.4519459888801,94.8967434471803,0.0643367752184273,1.000794281175536,1.6441620333598093,0.8935663224781573,0.1429706115965051,1.0365369340746624,0.0357426528991262,0.1072279586973788,0.2859412231930103,3.3955520254169973,1.6441620333598093,1.108022239872915,0.857823669579031,0.4289118347895155,0.3574265289912628,0.6791104050833996,2.323272438443209,1.858617950754567,1.3939634630659254,44.67831612390786,2.073073868149325,2.0015885623510723,0.5361397934868943,26.699761715647337,2.1445591739475773,0.1787132644956314,1.93010325655282,1.1437648927720412,30.09531374106433,4.825258141382049,0.1429706115965051,0.0,0.9293089753772836,0.1787132644956314,0.0357426528991262,0.0,0.0,3.824463860206513,1.1437648927720412,MF,,midfield,4
Liberato Cacace,nz NZL,"MF,DF",Empoli,it Serie A,23.0,2000.0,33,24,2230,24.8,2,4,6,2,0,0,2.6,2.6,1.7,4.3,0.17,29,9,31.0,1.17,0.36,0.07,0.22,0.09,619,912,67.9,10590,4309,1.5,25,54,18,6,102,54,1,5,70,54,2.18,4,0.16,37,25,20,13,4,71.0,22,59,59,32,0,1187,81,56,14,27.5,542,53,7,40,21,635,97,6,0,0,27,1,0,0,0,98,41,44.6,0.0807174887892376,0.1614349775784753,0.242152466367713,0.0807174887892376,0.1049327354260089,0.1049327354260089,0.068609865470852,0.173542600896861,0.0068609865470852,1.1704035874439462,0.3632286995515695,24.982062780269057,36.80717488789237,427.3991031390135,173.90582959641256,0.0605381165919282,1.0089686098654709,2.179372197309417,0.726457399103139,0.242152466367713,4.116591928251121,2.179372197309417,0.0403587443946188,0.2017937219730941,2.8251121076233185,1.493273542600897,1.0089686098654709,0.8071748878923767,0.5246636771300448,0.1614349775784753,0.8878923766816142,2.381165919282511,2.381165919282511,1.2914798206278026,47.90582959641255,3.269058295964125,2.2600896860986546,0.5650224215246636,21.87443946188341,2.1390134529147984,0.2825112107623318,1.6143497757847534,0.8475336322869955,25.62780269058296,3.914798206278027,0.242152466367713,0.0,1.0896860986547086,0.0403587443946188,0.0,0.0,0.0,3.955156950672646,1.6547085201793723,MF,DF,midfield,4
Moisés Caicedo,ec ECU,"MF,DF",Chelsea,eng Premier League,22.0,2001.0,38,38,3351,37.2,1,2,3,1,0,0,0.8,0.8,3.0,3.8,0.1,20,3,15.0,0.54,0.08,0.05,0.33,0.04,1967,2194,89.7,33834,8949,2.8,30,235,34,2,10,0,12,13,215,98,2.63,9,0.24,114,73,44,54,16,62.8,49,163,60,20,1,2579,95,15,29,45.3,1409,43,2,37,25,1780,37,11,0,0,70,3,2,1,0,229,35,68.6,0.0268576544315129,0.0537153088630259,0.0805729632945389,0.0268576544315129,0.0214861235452103,0.0214861235452103,0.0805729632945389,0.1020590868397493,0.0026857654431512,0.5371530886302596,0.0805729632945389,52.82900626678603,58.92569382273948,908.7018800358102,240.3491495076097,0.0752014324082363,0.8057296329453894,6.31154879140555,0.9131602506714414,0.0537153088630259,0.2685765443151298,0.0,0.3222918531781558,0.3491495076096688,5.774395702775291,3.06177260519248,1.960608773500448,1.1817367949865711,1.4503133393017011,0.4297224709042077,1.316025067144136,4.377797672336616,1.6114592658907787,0.5371530886302596,69.26589077887198,2.551477170993733,0.4028648164726947,0.7788719785138765,37.84243509400179,1.1548791405550582,0.0537153088630259,0.9937332139659804,0.6714413607878245,47.80662488809311,0.9937332139659804,0.2954341987466428,0.0,1.8800358102059085,0.0805729632945389,0.0537153088630259,0.0268576544315129,0.0,6.150402864816472,0.9400179051029542,MF,DF,midfield,1
Jens Cajuste,se SWE,MF,Ipswich Town,eng Premier League,24.0,1999.0,30,25,1959,21.8,1,1,2,1,0,0,0.7,0.7,0.8,1.5,0.07,12,1,8.3,0.55,0.05,0.08,1.0,0.05,647,783,82.6,10596,2229,0.7,13,51,6,1,10,0,1,5,59,36,1.65,2,0.09,44,22,19,23,2,42.9,28,72,33,12,2,1017,61,15,28,52.8,481,26,3,23,17,594,20,2,0,0,24,1,0,0,0,107,13,37.1,0.0459418070444104,0.0459418070444104,0.0918836140888208,0.0459418070444104,0.0321592649310872,0.0321592649310872,0.0367534456355283,0.0689127105666156,0.0032159264931087,0.5513016845329249,0.0459418070444104,29.72434915773354,35.97243491577336,486.7993874425727,102.4042879019908,0.0321592649310872,0.5972434915773354,2.343032159264931,0.2756508422664624,0.0459418070444104,0.4594180704441041,0.0,0.0459418070444104,0.229709035222052,2.7105666156202144,2.021439509954058,1.010719754977029,0.8728943338437978,1.0566615620214397,0.0918836140888208,1.2863705972434916,3.30781010719755,1.5160796324655437,0.5513016845329249,46.72281776416539,2.8024502297090352,0.6891271056661562,1.2863705972434916,22.09800918836141,1.1944869831546707,0.1378254211332312,1.0566615620214397,0.781010719754977,27.289433384379787,0.9188361408882082,0.0918836140888208,0.0,1.10260336906585,0.0459418070444104,0.0,0.0,0.0,4.915773353751914,0.5972434915773354,MF,,midfield,2
Hakan Çalhanoğlu,tr TUR,MF,Inter,it Serie A,30.0,1994.0,28,25,1879,20.9,5,6,11,2,3,4,4.4,1.3,5.6,6.9,0.46,41,12,29.3,1.96,0.57,0.05,0.17,0.03,1464,1690,86.6,27437,8326,5.6,49,144,28,11,112,88,7,17,173,99,4.58,14,0.65,43,22,7,23,13,58.3,17,60,24,12,0,1881,45,23,3,42.9,1150,52,6,21,9,1353,51,5,0,0,20,0,0,1,0,110,16,47.1,0.2394890899414582,0.2873869079297498,0.5268759978712081,0.0957956359765832,0.2107503991484832,0.0622671633847791,0.2682277807344332,0.3304949441192124,0.0220329962746141,1.9638105375199573,0.5747738158594997,70.12240553485897,80.94731240021288,1314.172432144758,398.79723257051626,0.2682277807344332,2.3469930814262905,6.897285790313997,1.341138903672166,0.5268759978712081,5.364555614688664,4.215007982969665,0.3352847259180415,0.814262905800958,8.286322511974454,2.0596061734965407,1.0537519957424162,0.3352847259180415,1.1016498137307078,0.6226716338477913,0.814262905800958,2.8738690792974984,1.1495476317189994,0.5747738158594997,90.0957956359766,2.155401809473124,1.1016498137307078,0.1436934539648749,55.082490686535394,2.4906865353911654,0.2873869079297498,1.0058541777541246,0.4310803618946248,64.80574773815859,2.4427887174028737,0.2394890899414582,0.0,0.9579563597658328,0.0,0.0,0.0478978179882916,0.0,5.268759978712081,0.7663650878126662,MF,,midfield,3
Lamine Camara,sn SEN,MF,Monaco,fr Ligue 1,20.0,2004.0,29,25,2054,22.8,2,7,9,2,0,0,2.3,2.3,4.4,6.7,0.29,26,9,34.6,1.14,0.39,0.08,0.22,0.09,1224,1479,82.8,22283,6556,5.0,44,133,26,4,118,87,5,11,141,82,3.59,13,0.57,66,41,22,34,10,54.2,31,97,32,20,1,1743,33,16,12,48.0,967,25,3,41,23,1170,46,10,1,1,45,2,0,0,0,153,21,50.0,0.0876338851022395,0.3067185978578384,0.3943524829600779,0.0876338851022395,0.1007789678675754,0.1007789678675754,0.192794547224927,0.2935735150925024,0.0127069133398247,1.139240506329114,0.3943524829600779,53.6319376825706,64.80525803310613,976.3729308666018,287.2638753651412,0.2190847127555988,1.9279454722492693,5.827653359298929,1.139240506329114,0.175267770204479,5.170399221032133,3.81207400194742,0.2190847127555988,0.4819863680623173,6.178188899707886,2.891918208373905,1.7964946445959102,0.9639727361246349,1.489776046738072,0.4381694255111977,1.3583252190847128,4.250243427458617,1.4021421616358325,0.8763388510223954,76.37293086660175,1.4459591041869524,0.7010710808179162,0.5258033106134372,42.37098344693282,1.095423563777994,0.1314508276533593,1.7964946445959102,1.0077896786757548,51.26582278481013,2.015579357351509,0.4381694255111977,0.0438169425511197,1.9717624148003892,0.0876338851022395,0.0,0.0,0.0,6.703992210321325,0.9201557935735152,MF,,midfield,3
Mahdi Camara,fr FRA,"MF,FW",Brest,fr Ligue 1,26.0,1998.0,34,31,2659,29.5,5,3,8,5,0,0,4.1,4.1,2.0,6.2,0.21,49,19,38.8,1.66,0.64,0.1,0.26,0.08,1021,1190,85.8,15953,3369,2.6,26,79,17,10,46,0,3,0,111,71,2.4,7,0.24,71,40,16,38,17,52.2,33,104,29,24,0,1530,36,78,29,44.6,828,58,14,38,28,999,112,5,0,0,41,8,1,0,0,98,17,35.4,0.1692365550959007,0.1015419330575404,0.2707784881534411,0.1692365550959007,0.1387739751786385,0.1387739751786385,0.0676946220383602,0.2098533283189169,0.0071079353140278,1.658518239939827,0.6430989093644227,34.558104550582925,40.278300112824375,539.9661526889809,114.0315908236179,0.0880030086498683,0.8800300864986836,2.6739375705152315,0.5754042873260624,0.3384731101918014,1.5569763068822866,0.0,0.1015419330575404,0.0,3.757051523128996,2.40315908236179,1.3538924407672055,0.5415569763068823,1.2861978187288454,0.5754042873260624,1.116961263632945,3.5201203459947346,0.9815720195562242,0.8123354644603235,51.786385859345614,1.2185031966904851,2.640090259496051,0.9815720195562242,28.02557352388116,1.9631440391124484,0.473862354268522,1.2861978187288454,0.947724708537044,33.81346370816096,3.790898834148176,0.1692365550959007,0.0,1.387739751786386,0.2707784881534411,0.0338473110191801,0.0,0.0,3.317036479879654,0.5754042873260624,MF,FW,midfield,1
Eduardo Camavinga,fr FRA,"MF,DF",Real Madrid,es La Liga,21.0,2002.0,19,11,1102,12.2,1,2,3,1,0,0,0.4,0.4,0.8,1.2,0.1,8,2,25.0,0.65,0.16,0.13,0.5,0.05,700,793,88.3,11361,3012,0.7,11,61,5,0,2,0,4,4,61,31,2.54,2,0.16,42,26,23,16,3,57.6,18,60,23,11,0,957,49,15,15,48.4,565,26,7,7,11,643,31,2,0,0,21,3,0,1,0,90,20,52.6,0.0816696914700544,0.1633393829401088,0.2450090744101633,0.0816696914700544,0.0326678765880217,0.0326678765880217,0.0653357531760435,0.0980036297640653,0.0081669691470054,0.6533575317604355,0.1633393829401088,57.16878402903811,64.76406533575317,927.8493647912884,245.989110707804,0.0571687840290381,0.8983666061705989,4.981851179673321,0.4083484573502722,0.0,0.1633393829401088,0.0,0.3266787658802177,0.3266787658802177,4.981851179673321,3.4301270417422867,2.123411978221416,1.8784029038112524,1.306715063520871,0.2450090744101633,1.47005444646098,4.900181488203267,1.8784029038112524,0.8983666061705989,78.15789473684211,4.001814882032668,1.2250453720508168,1.2250453720508168,46.14337568058076,2.123411978221416,0.5716878402903811,0.5716878402903811,0.8983666061705989,52.51361161524501,2.531760435571688,0.1633393829401088,0.0,1.715063520871143,0.2450090744101633,0.0,0.0816696914700544,0.0,7.3502722323049,1.633393829401089,MF,DF,midfield,1
José Campaña,es ESP,MF,Las Palmas,es La Liga,31.0,1993.0,25,15,1189,13.2,0,3,3,0,0,0,0.1,0.1,0.9,1.1,0.08,5,3,60.0,0.38,0.23,0.0,0.0,0.02,703,834,84.3,12424,4339,1.0,14,72,12,4,34,23,4,12,87,39,2.95,4,0.3,21,16,8,11,2,55.0,19,40,19,8,2,946,40,5,8,44.4,478,11,1,17,15,605,15,5,0,0,7,0,0,1,0,84,15,78.9,0.0,0.2270815811606392,0.2270815811606392,0.0,0.0075693860386879,0.0075693860386879,0.0681244743481917,0.0832632464255677,0.0060555088309503,0.3784693019343986,0.2270815811606392,53.21278385197645,63.128679562657695,940.4205214465936,328.4356602186712,0.0756938603868797,1.0597140454163163,5.44995794785534,0.9083263246425568,0.3027754415475189,2.573591253153911,1.740958788898234,0.3027754415475189,0.9083263246425568,6.585365853658536,1.5895710681244744,1.2111017661900756,0.6055508830950378,0.8326324642556769,0.1513877207737594,1.4381833473507148,3.027754415475189,1.4381833473507148,0.6055508830950378,71.60639192598822,3.027754415475189,0.3784693019343986,0.6055508830950378,36.18166526492851,0.8326324642556769,0.0756938603868797,1.2867956265769556,1.135407905803196,45.79478553406224,1.135407905803196,0.3784693019343986,0.0,0.5298570227081582,0.0,0.0,0.0756938603868797,0.0,6.358284272497897,1.135407905803196,MF,,midfield,3
Gianluca Caprari,it ITA,"MF,FW",Monza,it Serie A,31.0,1993.0,34,18,1651,18.3,3,2,5,1,2,2,4.2,2.6,2.4,5.0,0.36,28,9,32.1,1.53,0.49,0.04,0.11,0.09,579,732,79.1,9227,2016,2.1,30,39,21,2,80,42,8,4,81,63,3.43,5,0.27,19,11,8,8,3,50.0,8,27,2,18,1,912,3,39,10,25.0,629,43,12,38,31,686,104,3,0,0,18,1,0,0,0,57,4,22.2,0.1635372501514234,0.1090248334342822,0.2725620835857056,0.0545124167171411,0.2289521502119927,0.1417322834645669,0.1308298001211387,0.2725620835857056,0.0196244700181708,1.5263476680799517,0.4906117504542702,31.562689279224717,39.90308903694731,502.98606904906114,109.89703210175652,0.1144760751059963,1.6353725015142335,2.125984251968504,1.1447607510599638,0.1090248334342822,4.360993337371291,2.289521502119928,0.436099333737129,0.2180496668685645,4.415505754088431,1.0357359176256813,0.5996365838885523,0.436099333737129,0.436099333737129,0.1635372501514234,0.436099333737129,1.4718352513628103,0.1090248334342822,0.9812235009085404,49.71532404603271,0.1635372501514234,2.125984251968504,0.5451241671714113,34.288310115081764,2.344033918837068,0.6541490006056936,2.0714718352513626,1.6898849182313749,37.395517867958816,5.669291338582677,0.1635372501514234,0.0,0.9812235009085404,0.0545124167171411,0.0,0.0,0.0,3.1072077528770445,0.2180496668685645,MF,FW,midfield,4
Maxence Caqueret,fr FRA,MF,Como,it Serie A,24.0,2000.0,18,15,1087,12.1,2,3,5,2,0,0,0.8,0.8,1.5,2.4,0.2,8,3,37.5,0.66,0.25,0.25,0.67,0.1,472,568,83.1,7456,2619,1.1,19,67,17,1,16,3,1,2,76,41,3.4,8,0.66,36,21,14,18,4,52.6,7,43,4,15,1,698,9,24,14,42.4,455,15,1,29,17,512,46,4,0,0,17,1,0,0,0,69,3,23.1,0.1655933762649494,0.2483900643974241,0.4139834406623734,0.1655933762649494,0.0662373505059797,0.0662373505059797,0.124195032198712,0.1987120515179392,0.0165593376264949,0.6623735050597976,0.2483900643974241,39.08003679852806,47.02851885924564,617.3321067157314,216.84452621895127,0.0910763569457221,1.5731370745170197,5.547378104875805,1.40754369825207,0.0827966881324747,1.3247470101195953,0.2483900643974241,0.0827966881324747,0.1655933762649494,6.292548298068078,2.980680772769089,1.7387304507819688,1.1591536338546458,1.4903403863845446,0.3311867525298988,0.5795768169273229,3.560257589696412,0.3311867525298988,1.2419503219871206,57.79208831646734,0.7451701931922723,1.987120515179393,1.1591536338546458,37.67249310027599,1.2419503219871206,0.0827966881324747,2.401103955841766,1.40754369825207,42.39190432382705,3.808647654093836,0.3311867525298988,0.0,1.40754369825207,0.0827966881324747,0.0,0.0,0.0,5.712971481140754,0.2483900643974241,MF,,midfield,3
Johnny Cardoso,us USA,MF,Betis,es La Liga,22.0,2001.0,28,24,2144,23.8,3,1,4,3,0,0,2.0,2.0,0.9,3.0,0.12,19,7,36.8,0.8,0.29,0.16,0.43,0.11,950,1109,85.7,14556,3689,0.8,9,63,4,0,3,0,2,10,71,35,1.47,1,0.04,55,31,12,35,8,38.5,48,103,64,21,1,1427,91,26,26,61.9,752,19,1,36,23,890,28,4,0,0,38,0,0,0,0,138,29,61.7,0.1259328358208955,0.0419776119402985,0.167910447761194,0.1259328358208955,0.083955223880597,0.083955223880597,0.0377798507462686,0.1259328358208955,0.0050373134328358,0.7975746268656716,0.2938432835820895,39.87873134328358,46.55317164179104,611.026119402985,154.8554104477612,0.0335820895522388,0.3777985074626865,2.644589552238806,0.167910447761194,0.0,0.1259328358208955,0.0,0.083955223880597,0.419776119402985,2.980410447761194,2.308768656716418,1.3013059701492538,0.503731343283582,1.4692164179104477,0.335820895522388,2.014925373134328,4.3236940298507465,2.686567164179104,0.8815298507462687,59.90205223880597,3.819962686567164,1.0914179104477613,1.0914179104477613,31.56716417910448,0.7975746268656716,0.0419776119402985,1.5111940298507462,0.9654850746268656,37.36007462686567,1.1753731343283582,0.167910447761194,0.0,1.5951492537313432,0.0,0.0,0.0,0.0,5.792910447761194,1.2173507462686566,MF,,midfield,1
Sergio Carreira,es ESP,"MF,DF",Celta Vigo,es La Liga,23.0,2000.0,23,19,1656,18.4,0,4,4,0,0,0,0.6,0.6,3.1,3.7,0.2,13,3,23.1,0.71,0.16,0.0,0.0,0.05,681,895,76.1,11545,3606,2.4,16,35,24,8,41,1,2,4,53,36,1.96,4,0.22,28,16,16,6,6,53.8,17,45,37,30,0,1057,36,52,14,46.7,571,39,16,16,14,672,140,1,0,0,19,0,0,0,0,66,3,17.6,0.0,0.217391304347826,0.217391304347826,0.0,0.0326086956521739,0.0326086956521739,0.1684782608695652,0.2010869565217391,0.0108695652173913,0.7065217391304348,0.1630434782608695,37.01086956521739,48.641304347826086,627.4456521739131,195.9782608695652,0.1304347826086956,0.8695652173913043,1.9021739130434785,1.3043478260869563,0.4347826086956521,2.2282608695652173,0.0543478260869565,0.108695652173913,0.217391304347826,2.880434782608696,1.5217391304347825,0.8695652173913043,0.8695652173913043,0.3260869565217391,0.3260869565217391,0.9239130434782608,2.4456521739130435,2.010869565217391,1.6304347826086958,57.44565217391304,1.9565217391304348,2.8260869565217392,0.7608695652173912,31.03260869565217,2.119565217391304,0.8695652173913043,0.8695652173913043,0.7608695652173912,36.52173913043478,7.608695652173913,0.0543478260869565,0.0,1.032608695652174,0.0,0.0,0.0,0.0,3.58695652173913,0.1630434782608695,MF,DF,midfield,4
Cesare Casadei,it ITA,MF,Torino,it Serie A,21.0,2003.0,15,13,1017,11.3,1,1,2,1,0,0,1.2,1.2,0.4,1.5,0.14,14,7,50.0,1.24,0.62,0.07,0.14,0.08,323,406,79.6,5338,1082,0.4,7,35,6,1,2,0,0,3,36,19,1.68,2,0.18,12,5,4,8,0,50.0,5,17,26,5,0,508,30,22,7,70.0,259,14,0,20,9,352,12,1,0,0,16,1,0,1,0,41,64,71.9,0.0884955752212389,0.0884955752212389,0.1769911504424778,0.0884955752212389,0.1061946902654867,0.1061946902654867,0.0353982300884955,0.1327433628318584,0.0123893805309734,1.238938053097345,0.6194690265486725,28.58407079646018,35.92920353982301,472.3893805309734,95.75221238938052,0.0353982300884955,0.6194690265486725,3.097345132743363,0.5309734513274336,0.0884955752212389,0.1769911504424778,0.0,0.0,0.2654867256637168,3.185840707964602,1.0619469026548671,0.4424778761061946,0.3539823008849557,0.7079646017699115,0.0,0.4424778761061946,1.5044247787610618,2.3008849557522124,0.4424778761061946,44.955752212389385,2.6548672566371683,1.9469026548672568,0.6194690265486725,22.920353982300885,1.238938053097345,0.0,1.7699115044247786,0.7964601769911505,31.15044247787611,1.0619469026548671,0.0884955752212389,0.0,1.415929203539823,0.0884955752212389,0.0,0.0884955752212389,0.0,3.6283185840707968,5.663716814159292,MF,,midfield,2
Marc Casado,es ESP,MF,Barcelona,es La Liga,20.0,2003.0,23,20,1611,17.9,1,3,4,1,0,0,1.1,1.1,1.4,2.4,0.13,14,1,7.1,0.78,0.06,0.07,1.0,0.08,1221,1367,89.3,18725,4279,1.8,9,138,6,0,9,0,4,7,107,45,2.51,6,0.34,44,25,7,30,7,48.8,22,66,22,17,1,1536,25,9,4,44.4,870,12,0,17,9,1172,24,4,1,1,26,2,0,0,0,90,8,25.8,0.0558659217877094,0.1675977653631284,0.2234636871508379,0.0558659217877094,0.0614525139664804,0.0614525139664804,0.0782122905027933,0.1340782122905028,0.0072625698324022,0.7821229050279329,0.0558659217877094,68.2122905027933,76.36871508379889,1046.0893854748604,239.0502793296089,0.1005586592178771,0.5027932960893855,7.709497206703912,0.3351955307262569,0.0,0.5027932960893855,0.0,0.2234636871508379,0.3910614525139664,5.977653631284916,2.458100558659218,1.3966480446927374,0.3910614525139664,1.675977653631285,0.3910614525139664,1.229050279329609,3.6871508379888263,1.229050279329609,0.9497206703910612,85.81005586592178,1.3966480446927374,0.5027932960893855,0.2234636871508379,48.60335195530726,0.6703910614525139,0.0,0.9497206703910612,0.5027932960893855,65.47486033519553,1.340782122905028,0.2234636871508379,0.0558659217877094,1.452513966480447,0.1117318435754189,0.0,0.0,0.0,5.027932960893854,0.4469273743016759,MF,,midfield,3
Casemiro,br BRA,MF,Manchester Utd,eng Premier League,32.0,1992.0,24,18,1494,16.6,1,0,1,1,0,0,1.9,1.9,2.3,4.2,0.25,32,10,31.3,1.93,0.6,0.03,0.1,0.06,780,990,78.8,13010,4069,2.0,22,81,23,6,20,0,9,9,84,53,3.19,4,0.24,83,50,50,23,10,60.8,14,97,51,22,3,1250,75,43,3,50.0,660,4,0,12,10,800,28,5,0,0,20,0,0,0,0,103,36,65.5,0.0602409638554216,0.0,0.0602409638554216,0.0602409638554216,0.1144578313253012,0.1144578313253012,0.1385542168674698,0.2530120481927711,0.0150602409638554,1.927710843373494,0.6024096385542168,46.98795180722892,59.63855421686747,783.7349397590361,245.12048192771084,0.1204819277108433,1.325301204819277,4.879518072289157,1.385542168674699,0.36144578313253,1.2048192771084336,0.0,0.5421686746987953,0.5421686746987953,5.0602409638554215,5.0,3.0120481927710845,3.0120481927710845,1.385542168674699,0.6024096385542168,0.8433734939759037,5.843373493975903,3.072289156626506,1.325301204819277,75.3012048192771,4.518072289156627,2.5903614457831328,0.180722891566265,39.75903614457831,0.2409638554216867,0.0,0.7228915662650601,0.6024096385542168,48.19277108433735,1.686746987951807,0.3012048192771084,0.0,1.2048192771084336,0.0,0.0,0.0,0.0,6.204819277108434,2.168674698795181,MF,,midfield,1
Cristian Cásseres Jr.,ve VEN,MF,Toulouse,fr Ligue 1,24.0,2000.0,32,31,2696,30.0,1,3,4,1,0,0,1.0,1.0,2.6,3.6,0.12,17,5,29.4,0.57,0.17,0.06,0.2,0.06,1120,1421,78.8,19695,5429,3.6,27,89,23,7,80,46,5,9,128,77,2.57,5,0.17,96,61,41,43,12,52.3,42,138,36,26,1,1727,75,18,22,57.9,873,31,4,39,12,1009,46,11,0,0,53,5,0,0,0,172,24,58.5,0.0333827893175074,0.1001483679525222,0.1335311572700296,0.0333827893175074,0.0333827893175074,0.0333827893175074,0.0867952522255192,0.1201780415430267,0.0040059347181008,0.5675074183976261,0.1669139465875371,37.38872403560831,47.43694362017804,657.4740356083086,181.23516320474775,0.1201780415430267,0.9013353115727004,2.9710682492581606,0.7678041543026706,0.2336795252225519,2.6706231454005938,1.5356083086053411,0.1669139465875371,0.3004451038575667,4.27299703264095,3.204747774480712,2.0363501483679527,1.368694362017804,1.435459940652819,0.400593471810089,1.4020771513353116,4.606824925816023,1.201780415430267,0.8679525222551929,57.65207715133531,2.5037091988130564,0.6008902077151335,0.7344213649851633,29.143175074183976,1.03486646884273,0.1335311572700296,1.3019287833827893,0.400593471810089,33.683234421364986,1.5356083086053411,0.3672106824925816,0.0,1.769287833827893,0.1669139465875371,0.0,0.0,0.0,5.741839762611276,0.8011869436201781,MF,,midfield,1
Danilo Cataldi,it ITA,MF,Fiorentina,it Serie A,29.0,1994.0,24,22,1712,19.0,3,0,3,3,0,0,1.1,1.1,0.8,1.9,0.1,13,5,38.5,0.68,0.26,0.23,0.6,0.09,845,1000,84.5,14213,4507,0.8,15,83,10,3,21,9,2,3,90,32,1.68,1,0.05,25,16,13,10,2,51.9,22,47,35,11,0,1147,55,7,3,30.0,657,18,1,13,7,764,16,1,0,0,15,1,0,0,0,114,6,54.5,0.1577102803738317,0.0,0.1577102803738317,0.1577102803738317,0.0578271028037383,0.0578271028037383,0.0420560747663551,0.0998831775700934,0.0052570093457943,0.6834112149532711,0.2628504672897196,44.421728971962615,52.570093457943926,747.1787383177569,236.93341121495328,0.0420560747663551,0.7885514018691588,4.363317757009345,0.5257009345794392,0.1577102803738317,1.1039719626168225,0.4731308411214953,0.1051401869158878,0.1577102803738317,4.731308411214953,1.314252336448598,0.8411214953271028,0.6834112149532711,0.5257009345794392,0.1051401869158878,1.1565420560747663,2.4707943925233646,1.8399532710280373,0.5782710280373832,60.29789719626168,2.891355140186916,0.3679906542056074,0.1577102803738317,34.538551401869164,0.9462616822429906,0.0525700934579439,0.6834112149532711,0.3679906542056074,40.16355140186917,0.8411214953271028,0.0525700934579439,0.0,0.7885514018691588,0.0525700934579439,0.0,0.0,0.0,5.992990654205607,0.3154205607476635,MF,,midfield,2
Dani Ceballos,es ESP,MF,Real Madrid,es La Liga,27.0,1996.0,23,15,1215,13.5,0,0,0,0,0,0,0.4,0.4,1.6,2.0,0.15,7,2,28.6,0.52,0.15,0.0,0.0,0.05,1284,1361,94.3,20805,5972,2.0,22,156,10,0,14,7,4,7,150,57,4.22,5,0.37,41,21,17,18,6,50.0,14,55,10,13,2,1473,35,9,8,53.3,999,42,2,11,7,1206,17,4,0,0,13,1,0,0,0,87,2,66.7,0.0,0.0,0.0,0.0,0.0296296296296296,0.0296296296296296,0.1185185185185185,0.1481481481481481,0.0111111111111111,0.5185185185185186,0.1481481481481481,95.1111111111111,100.81481481481482,1541.111111111111,442.3703703703703,0.1481481481481481,1.6296296296296295,11.555555555555555,0.7407407407407408,0.0,1.0370370370370372,0.5185185185185186,0.2962962962962963,0.5185185185185186,11.11111111111111,3.037037037037037,1.5555555555555554,1.2592592592592593,1.3333333333333337,0.4444444444444444,1.0370370370370372,4.074074074074074,0.7407407407407408,0.962962962962963,109.11111111111111,2.592592592592593,0.6666666666666667,0.5925925925925926,74.0,3.1111111111111107,0.1481481481481481,0.8148148148148148,0.5185185185185186,89.33333333333333,1.2592592592592593,0.2962962962962963,0.0,0.962962962962963,0.074074074074074,0.0,0.0,0.0,6.444444444444445,0.1481481481481481,MF,,midfield,3
Fares Chaïbi,dz ALG,"MF,FW",Eint Frankfurt,de Bundesliga,21.0,2002.0,26,10,1013,11.3,1,3,4,1,0,0,2.6,2.6,2.9,5.5,0.49,25,6,24.0,2.22,0.53,0.04,0.17,0.1,304,462,65.8,5146,1801,2.9,24,31,18,6,72,38,4,4,52,50,4.43,7,0.62,13,9,4,5,4,35.0,10,23,32,12,1,588,30,34,7,58.3,288,20,4,19,7,361,73,2,0,0,5,1,0,0,0,30,16,43.2,0.0888450148075024,0.2665350444225074,0.3553800592300098,0.0888450148075024,0.2309970384995064,0.2309970384995064,0.2576505429417571,0.4886475814412636,0.0435340572556762,2.2211253701875617,0.5330700888450148,27.00888450148075,41.04639684106614,457.1964461994077,160.00987166831194,0.2576505429417571,2.1322803553800598,2.754195459032577,1.5992102665350445,0.5330700888450148,6.396841066140177,3.376110562685094,0.3553800592300098,0.3553800592300098,4.619940769990128,1.154985192497532,0.7996051332675221,0.3553800592300098,0.4442250740375123,0.3553800592300098,0.8884501480750246,2.043435340572557,2.843040473840079,1.0661401776900297,52.240868706811455,2.665350444225074,3.020730503455084,0.6219151036525173,25.58736426456071,1.7769002961500493,0.3553800592300098,1.688055281342547,0.6219151036525173,32.07305034550839,6.48568608094768,0.1776900296150049,0.0,0.4442250740375123,0.0888450148075024,0.0,0.0,0.0,2.665350444225074,1.4215202369200397,MF,FW,midfield,0
Pedro Chirivella,es ESP,MF,Nantes,fr Ligue 1,27.0,1997.0,30,28,2348,26.1,0,2,2,0,0,0,0.5,0.5,1.8,2.2,0.09,8,2,25.0,0.31,0.08,0.0,0.0,0.06,1336,1570,85.1,24242,7844,2.1,19,169,24,4,19,7,4,14,170,55,2.11,6,0.23,44,29,23,16,5,45.2,19,63,45,16,0,1740,48,3,3,42.9,946,16,1,15,7,1244,25,6,0,0,25,0,0,0,0,116,10,41.7,0.0,0.0766609880749574,0.0766609880749574,0.0,0.0191652470187393,0.0191652470187393,0.0689948892674616,0.0843270868824531,0.003449744463373,0.3066439522998296,0.0766609880749574,51.20954003407155,60.17887563884157,929.2078364565588,300.664395229983,0.0804940374787052,0.7282793867120954,6.477853492333901,0.9199318568994888,0.1533219761499148,0.7282793867120954,0.2683134582623509,0.1533219761499148,0.5366269165247018,6.51618398637138,1.686541737649063,1.1115843270868824,0.8816013628620103,0.6132879045996593,0.1916524701873935,0.7282793867120954,2.4148211243611586,1.724872231686542,0.6132879045996593,66.69505962521295,1.8398637137989775,0.1149914821124361,0.1149914821124361,36.26064735945485,0.6132879045996593,0.0383304940374787,0.5749574105621805,0.2683134582623509,47.68313458262351,0.9582623509369677,0.2299829642248722,0.0,0.9582623509369677,0.0,0.0,0.0,0.0,4.4463373083475295,0.383304940374787,MF,,midfield,3
Joris Chotard,fr FRA,MF,Montpellier,fr Ligue 1,22.0,2001.0,26,23,1892,21.0,1,0,1,1,0,0,1.3,1.3,0.5,1.7,0.09,19,3,15.8,0.9,0.14,0.05,0.33,0.07,672,822,81.8,12368,3796,1.0,7,80,11,4,30,1,5,14,80,24,1.2,0,0.0,39,27,17,20,2,43.5,19,58,52,14,1,1012,79,9,8,50.0,489,20,0,15,11,579,35,5,0,0,16,0,0,1,0,90,16,59.3,0.047568710359408,0.0,0.047568710359408,0.047568710359408,0.0618393234672304,0.0618393234672304,0.023784355179704,0.0808668076109936,0.0042811839323467,0.9038054968287526,0.1427061310782241,31.9661733615222,39.1014799154334,588.3298097251586,180.57082452431288,0.047568710359408,0.3329809725158562,3.8054968287526423,0.5232558139534884,0.1902748414376321,1.427061310782241,0.047568710359408,0.2378435517970401,0.6659619450317125,3.8054968287526423,1.8551797040169131,1.284355179704017,0.8086680761099365,0.9513742071881608,0.095137420718816,0.9038054968287526,2.758985200845666,2.473572938689218,0.6659619450317125,48.13953488372093,3.757928118393235,0.4281183932346723,0.3805496828752643,23.26109936575053,0.9513742071881608,0.0,0.7135306553911205,0.5232558139534884,27.542283298097253,1.6649048625792813,0.2378435517970401,0.0,0.7610993657505286,0.0,0.0,0.047568710359408,0.0,4.281183932346723,0.7610993657505286,MF,,midfield,2
Ryan Christie,sct SCO,MF,Bournemouth,eng Premier League,29.0,1995.0,29,27,2117,23.5,2,3,5,2,0,0,1.8,1.8,3.5,5.4,0.23,33,12,36.4,1.4,0.51,0.06,0.17,0.06,837,1056,79.3,14882,4269,3.0,41,118,33,5,48,26,8,9,137,85,3.62,9,0.38,54,33,19,27,8,42.2,30,84,51,19,3,1376,74,46,23,47.9,726,34,8,44,25,777,44,9,0,0,43,2,0,0,0,182,20,41.7,0.0850259801606046,0.1275389702409069,0.2125649504015115,0.0850259801606046,0.0765233821445441,0.0765233821445441,0.1487954652810581,0.2295701464336325,0.0097779877184695,1.4029286726499763,0.5101558809636279,35.58337269721304,44.89371752479924,632.6783183750591,181.4879546528106,0.1275389702409069,1.743032593292395,5.016532829475674,1.4029286726499763,0.2125649504015115,2.0406235238545114,1.10533774208786,0.3401039206424185,0.3826169107227208,5.824279641001417,2.295701464336325,1.4029286726499763,0.807746811525744,1.1478507321681626,0.3401039206424185,1.2753897024090697,3.571091166745395,2.168162494095418,0.807746811525744,58.49787435049599,3.1459612659423715,1.9555975436939064,0.9777987718469532,30.86443079829948,1.4454416627302786,0.3401039206424185,1.8705715635333016,1.0628247520075578,33.0325932923949,1.8705715635333016,0.3826169107227208,0.0,1.828058573453,0.0850259801606046,0.0,0.0,0.0,7.737364194615021,0.8502598016060463,MF,,midfield,1
Pathé Ciss,sn SEN,"MF,DF",Rayo Vallecano,es La Liga,30.0,1994.0,33,25,2140,23.8,4,1,5,4,0,0,1.8,1.7,1.1,2.8,0.12,21,6,28.6,0.88,0.25,0.19,0.67,0.09,999,1179,84.7,17666,5785,0.8,16,102,8,0,4,0,5,8,128,47,1.98,2,0.08,49,24,26,22,1,48.8,40,89,61,14,3,1449,106,18,14,60.9,749,19,1,16,20,877,12,12,0,0,45,2,0,2,0,148,48,61.5,0.1682242990654205,0.0420560747663551,0.2102803738317757,0.1682242990654205,0.0757009345794392,0.0714953271028037,0.0462616822429906,0.1177570093457943,0.0050467289719626,0.8831775700934579,0.2523364485981308,42.01401869158878,49.58411214953271,742.9626168224299,243.29439252336448,0.0336448598130841,0.6728971962616823,4.289719626168225,0.3364485981308411,0.0,0.1682242990654205,0.0,0.2102803738317757,0.3364485981308411,5.3831775700934585,2.060747663551402,1.0093457943925233,1.0934579439252337,0.9252336448598132,0.0420560747663551,1.6822429906542056,3.7429906542056073,2.5654205607476634,0.588785046728972,60.9392523364486,4.457943925233645,0.7570093457943925,0.588785046728972,31.5,0.7990654205607477,0.0420560747663551,0.6728971962616823,0.8411214953271028,36.88317757009346,0.5046728971962616,0.5046728971962616,0.0,1.892523364485981,0.0841121495327102,0.0,0.0841121495327102,0.0,6.224299065420561,2.0186915887850465,MF,DF,midfield,1
Djaoui Cissé,fr FRA,MF,Rennes,fr Ligue 1,20.0,2004.0,14,14,1121,12.5,1,0,1,1,0,0,0.4,0.4,0.2,0.7,0.05,15,7,46.7,1.2,0.56,0.07,0.14,0.03,547,625,87.5,10406,2824,0.8,6,66,11,0,3,0,1,14,84,27,2.17,1,0.08,33,18,12,15,6,61.5,13,46,11,16,1,755,22,3,13,72.2,447,16,0,14,13,537,14,4,0,0,25,1,0,0,0,78,4,23.5,0.0802854594112399,0.0,0.0802854594112399,0.0802854594112399,0.0321141837644959,0.0321141837644959,0.0160570918822479,0.0561998215878679,0.0040142729705619,1.2042818911685995,0.5619982158786797,43.91614629794826,50.178412132024974,835.4504906333631,226.72613737734167,0.0642283675289919,0.4817127564674398,5.298840321141838,0.8831400535236397,0.0,0.2408563782337199,0.0,0.0802854594112399,1.1239964317573594,6.743978590544157,2.649420160570919,1.4451382694023194,0.9634255129348795,1.2042818911685995,0.4817127564674398,1.0437109723461195,3.6931311329170384,0.8831400535236397,1.2845673505798394,60.61552185548617,1.7662801070472791,0.2408563782337199,1.0437109723461195,35.887600356824265,1.2845673505798394,0.0,1.1239964317573594,1.0437109723461195,43.11329170383586,1.1239964317573594,0.3211418376449598,0.0,2.007136485280999,0.0802854594112399,0.0,0.0,0.0,6.262265834076716,0.3211418376449598,MF,,midfield,1
Seydouba Cissé,gn GUI,MF,Leganés,es La Liga,23.0,2001.0,34,31,2435,27.1,3,1,4,3,0,0,3.0,3.0,1.0,4.0,0.15,24,5,20.8,0.89,0.18,0.13,0.6,0.13,972,1149,84.6,16137,3288,0.9,17,86,15,1,10,3,2,10,110,47,1.74,5,0.18,59,37,18,27,14,46.0,12,71,45,13,1,1409,47,28,30,66.7,787,26,3,32,33,920,42,3,1,0,39,5,1,1,0,154,25,39.7,0.1108829568788501,0.0369609856262833,0.1478439425051334,0.1108829568788501,0.1108829568788501,0.1108829568788501,0.0369609856262833,0.1478439425051334,0.0055441478439425,0.8870636550308009,0.1848049281314168,35.92607802874743,42.468172484599584,596.4394250513348,121.52772073921972,0.033264887063655,0.6283367556468172,3.178644763860369,0.5544147843942505,0.0369609856262833,0.3696098562628337,0.1108829568788501,0.0739219712525667,0.3696098562628337,4.0657084188911705,2.1806981519507187,1.3675564681724848,0.6652977412731006,0.997946611909651,0.5174537987679672,0.4435318275154004,2.624229979466119,1.6632443531827514,0.4804928131416838,52.07802874743326,1.7371663244353184,1.0349075975359343,1.108829568788501,29.08829568788501,0.9609856262833676,0.1108829568788501,1.1827515400410678,1.219712525667351,34.0041067761807,1.5523613963039016,0.1108829568788501,0.0369609856262833,1.4414784394250513,0.1848049281314168,0.0369609856262833,0.0369609856262833,0.0,5.691991786447638,0.924024640657084,MF,,midfield,2
Patrick Ciurria,it ITA,"MF,DF",Monza,it Serie A,29.0,1995.0,21,12,1111,12.3,1,1,2,1,0,0,0.8,0.8,2.3,3.1,0.25,11,2,18.2,0.89,0.16,0.09,0.5,0.08,313,433,72.3,5274,1449,1.6,13,19,8,5,61,25,1,2,27,26,2.11,2,0.16,22,14,11,7,4,36.4,6,28,22,13,0,542,22,17,5,41.7,306,19,3,18,14,327,52,1,0,0,17,0,0,0,0,32,5,25.0,0.081008100810081,0.081008100810081,0.162016201620162,0.081008100810081,0.0648064806480648,0.0648064806480648,0.1863186318631862,0.2511251125112511,0.0202520252025202,0.8910891089108911,0.162016201620162,25.35553555355536,35.07650765076508,427.2367236723673,117.3807380738074,0.1296129612961296,1.053105310531053,1.5391539153915392,0.648064806480648,0.405040504050405,4.941494149414941,2.025202520252025,0.081008100810081,0.162016201620162,2.187218721872187,1.7821782178217822,1.1341134113411342,0.8910891089108911,0.5670567056705671,0.324032403240324,0.486048604860486,2.2682268226822684,1.7821782178217822,1.053105310531053,43.90639063906391,1.7821782178217822,1.3771377137713772,0.405040504050405,24.78847884788479,1.5391539153915392,0.243024302430243,1.4581458145814583,1.1341134113411342,26.48964896489649,4.212421242124212,0.081008100810081,0.0,1.3771377137713772,0.0,0.0,0.0,0.0,2.592259225922592,0.405040504050405,MF,DF,midfield,4
Alexis Claude-Maurice,fr FRA,"MF,FW",Augsburg,de Bundesliga,26.0,1998.0,28,25,2109,23.4,9,2,11,9,0,0,4.7,4.7,1.2,5.9,0.25,59,22,37.3,2.52,0.94,0.15,0.41,0.08,543,655,82.9,8213,1411,1.9,21,38,21,5,21,0,3,3,61,77,3.29,6,0.26,41,26,12,15,14,50.0,15,56,8,16,1,994,13,64,42,46.7,619,59,9,85,50,727,102,4,0,0,26,11,1,0,0,72,14,37.8,0.3840682788051209,0.0853485064011379,0.4694167852062589,0.3840682788051209,0.2005689900426742,0.2005689900426742,0.0512091038406827,0.251778093883357,0.0106685633001422,2.5177809388335706,0.9388335704125178,23.17211948790896,27.95163584637269,350.4836415362731,60.213371266002845,0.081081081081081,0.8961593172119487,1.6216216216216215,0.8961593172119487,0.2133712660028449,0.8961593172119487,0.0,0.1280227596017069,0.1280227596017069,2.6031294452347087,1.7496443812233284,1.1095305832147937,0.5120910384068279,0.6401137980085349,0.5974395448079659,0.6401137980085349,2.389758179231864,0.3413940256045519,0.6827880512091038,42.41820768136557,0.5547652916073968,2.731152204836415,1.7923186344238975,26.415362731152204,2.5177809388335706,0.3840682788051209,3.627311522048364,2.1337126600284493,31.02418207681365,4.352773826458037,0.1706970128022759,0.0,1.1095305832147937,0.4694167852062589,0.0426742532005689,0.0,0.0,3.072546230440968,0.5974395448079659,MF,FW,midfield,4
Santi Comesaña,es ESP,MF,Villarreal,es La Liga,27.0,1996.0,35,30,2560,28.4,4,2,6,4,0,0,4.6,4.6,2.0,6.6,0.23,39,8,20.5,1.37,0.28,0.1,0.5,0.12,1163,1374,84.6,19630,6350,2.6,27,143,30,3,14,0,7,10,154,78,2.74,11,0.39,85,49,44,32,9,55.3,19,104,56,22,1,1734,110,64,18,52.9,903,39,6,35,44,1149,58,7,0,0,37,0,0,0,0,160,32,39.5,0.140625,0.0703125,0.2109375,0.140625,0.16171875,0.16171875,0.0703125,0.2320312499999999,0.0080859375,1.37109375,0.28125,40.88671875,48.3046875,690.1171875,223.2421875,0.09140625,0.94921875,5.02734375,1.0546875,0.10546875,0.4921874999999999,0.0,0.2460937499999999,0.3515625,5.4140625,2.98828125,1.7226562500000002,1.5468750000000002,1.125,0.31640625,0.66796875,3.65625,1.96875,0.7734375000000001,60.9609375,3.8671875,2.25,0.6328125,31.74609375,1.37109375,0.2109375,1.23046875,1.5468750000000002,40.39453125,2.0390625,0.2460937499999999,0.0,1.30078125,0.0,0.0,0.0,0.0,5.625,1.125,MF,,midfield,1
Lewis Cook,eng ENG,"MF,DF",Bournemouth,eng Premier League,27.0,1997.0,36,32,2978,33.1,1,3,4,1,0,0,0.9,0.9,4.1,5.1,0.15,14,4,28.6,0.42,0.12,0.07,0.25,0.07,1224,1585,77.2,21139,7153,3.8,48,157,26,11,132,77,3,2,158,89,2.69,5,0.15,81,42,41,36,4,55.2,41,122,70,26,0,1900,87,20,13,65.0,825,33,4,31,18,965,52,8,1,0,49,0,0,1,0,187,41,54.7,0.0302216252518468,0.0906648757555406,0.1208865010073875,0.0302216252518468,0.0271994627266621,0.0271994627266621,0.1239086635325721,0.154130288784419,0.004533243787777,0.4231027535258563,0.1208865010073875,36.99126930826058,47.90127602417731,638.854936198791,216.17528542646076,0.1148421759570181,1.45063801208865,4.74479516453996,0.7857622565480189,0.3324378777703156,3.989254533243788,2.327065144392209,0.0906648757555406,0.0604432505036937,4.775016789791806,2.447951645399597,1.269308260577569,1.239086635325722,1.0879785090664875,0.1208865010073875,1.239086635325722,3.687038280725319,2.115513767629281,0.7857622565480189,57.42108797850906,2.6292813969106783,0.6044325050369376,0.3928811282740094,24.93284083277367,0.9973136333109468,0.1208865010073875,0.9368703828072532,0.5439892545332438,29.16386836803224,1.5715245130960378,0.241773002014775,0.0302216252518468,1.480859637340497,0.0,0.0,0.0302216252518468,0.0,5.651443922095367,1.239086635325722,MF,DF,midfield,1
Coba da Costa,es ESP,"MF,FW",Getafe,es La Liga,22.0,2002.0,19,12,1006,11.2,1,1,2,1,0,0,1.1,1.1,1.4,2.6,0.23,23,8,34.8,2.06,0.72,0.04,0.13,0.05,195,303,64.4,2952,707,1.5,9,14,10,7,41,1,3,0,16,37,3.31,4,0.36,29,13,9,16,4,50.0,8,37,10,12,0,504,10,47,19,33.9,261,46,25,26,23,294,83,4,0,0,10,1,0,0,0,35,19,50.0,0.0894632206759443,0.0894632206759443,0.1789264413518886,0.0894632206759443,0.0984095427435387,0.0984095427435387,0.125248508946322,0.2326043737574552,0.0205765407554671,2.05765407554672,0.7157057654075546,17.445328031809147,27.107355864811133,264.0954274353877,63.25049701789265,0.1341948310139165,0.805168986083499,1.252485089463221,0.8946322067594433,0.6262425447316103,3.667992047713718,0.0894632206759443,0.268389662027833,0.0,1.4314115308151092,2.594433399602386,1.1630218687872764,0.805168986083499,1.4314115308151092,0.3578528827037773,0.7157057654075546,3.3101391650099403,0.8946322067594433,1.073558648111332,45.08946322067594,0.8946322067594433,4.204771371769383,1.6998011928429422,23.34990059642147,4.11530815109344,2.2365805168986084,2.326043737574553,2.05765407554672,26.302186878727635,7.42544731610338,0.3578528827037773,0.0,0.8946322067594433,0.0894632206759443,0.0,0.0,0.0,3.131212723658052,1.6998011928429422,MF,FW,midfield,4
Samu Costa,pt POR,MF,Mallorca,es La Liga,23.0,2000.0,32,31,2649,29.4,0,2,2,0,0,0,1.8,1.8,1.2,3.0,0.1,30,8,26.7,1.02,0.27,0.0,0.0,0.06,1164,1442,80.7,20678,5773,1.9,15,117,14,5,20,0,4,19,116,56,1.9,6,0.2,90,44,45,42,3,44.3,32,122,85,36,1,1834,100,34,13,39.4,1029,24,1,42,35,1235,69,10,1,1,62,4,0,0,0,129,68,63.0,0.0,0.0679501698754246,0.0679501698754246,0.0,0.0611551528878822,0.0611551528878822,0.0407701019252548,0.101925254813137,0.0033975084937712,1.0192525481313703,0.2718006795016987,39.54699886749717,48.9920724801812,702.5368063420159,196.13816534541337,0.0645526613816534,0.5096262740656852,3.975084937712344,0.4756511891279728,0.1698754246885617,0.6795016987542469,0.0,0.1359003397508493,0.6455266138165345,3.941109852774632,3.0577576443941106,1.4949037372593432,1.5288788221970553,1.4269535673839184,0.101925254813137,1.087202718006795,4.144960362400906,2.8878822197055496,1.2231030577576445,62.31030577576444,3.3975084937712343,1.1551528878822197,0.4416761041902605,34.960362400906,0.8154020385050963,0.0339750849377123,1.4269535673839184,1.1891279728199322,41.959229898074746,2.344280860702152,0.3397508493771234,0.0339750849377123,2.106455266138165,0.1359003397508493,0.0,0.0,0.0,4.382785956964892,2.3103057757644394,MF,,midfield,1
Lassana Coulibaly,ml MLI,MF,Lecce,it Serie A,28.0,1996.0,38,30,2667,29.6,1,0,1,1,0,0,0.8,0.8,0.9,1.7,0.06,9,3,33.3,0.3,0.1,0.11,0.33,0.09,775,955,81.2,13647,3359,0.6,12,68,7,0,13,0,5,4,93,46,1.55,2,0.07,48,29,16,28,4,39.3,18,66,46,23,1,1229,86,19,18,47.4,623,21,3,33,19,714,49,3,0,0,39,7,1,1,0,146,31,43.1,0.0337457817772778,0.0,0.0337457817772778,0.0337457817772778,0.0269966254218222,0.0269966254218222,0.03037120359955,0.0573678290213723,0.0020247469066366,0.3037120359955005,0.1012373453318335,26.152980877390323,32.227221597300336,460.5286839145107,113.35208098987628,0.0202474690663667,0.4049493813273341,2.294713160854893,0.2362204724409448,0.0,0.4386951631046119,0.0,0.1687289088863892,0.1349831271091113,3.138357705286839,1.6197975253093364,0.9786276715410572,0.5399325084364455,0.9448818897637796,0.1349831271091113,0.6074240719910011,2.2272215973003373,1.5523059617547803,0.7761529808773903,41.47356580427447,2.9021372328458943,0.641169853768279,0.6074240719910011,21.023622047244096,0.7086614173228346,0.1012373453318335,1.1136107986501689,0.641169853768279,24.09448818897638,1.653543307086614,0.1012373453318335,0.0,1.3160854893138358,0.2362204724409448,0.0337457817772778,0.0337457817772778,0.0,4.926884139482564,1.0461192350956132,MF,,midfield,2
Bryan Cristante,it ITA,MF,Roma,it Serie A,29.0,1995.0,30,23,2045,22.7,4,2,6,4,0,0,2.1,2.1,1.4,3.5,0.15,30,7,23.3,1.32,0.31,0.13,0.57,0.07,1067,1296,82.3,18848,5259,1.3,18,143,17,0,15,0,5,9,145,51,2.24,5,0.22,48,29,18,24,6,57.7,19,67,36,19,1,1497,57,41,6,42.9,833,25,2,23,13,1057,41,8,0,0,37,1,0,0,0,109,61,51.3,0.1760391198044009,0.0880195599022004,0.2640586797066014,0.1760391198044009,0.0924205378973105,0.0924205378973105,0.0616136919315403,0.1540342298288508,0.006601466992665,1.3202933985330074,0.3080684596577017,46.95843520782395,57.03667481662591,829.4963325183373,231.4474327628362,0.0572127139364303,0.7921760391198044,6.293398533007335,0.7481662591687042,0.0,0.6601466992665037,0.0,0.2200488997555012,0.3960880195599022,6.381418092909535,2.112469437652812,1.276283618581907,0.7921760391198044,1.0562347188264058,0.2640586797066014,0.8361858190709046,2.9486552567237165,1.5843520782396088,0.8361858190709046,65.88264058679707,2.508557457212714,1.80440097799511,0.2640586797066014,36.660146699266505,1.1002444987775062,0.0880195599022004,1.0122249388753055,0.5721271393643031,46.51833740831296,1.80440097799511,0.3520782396088019,0.0,1.6283618581907089,0.0440097799511002,0.0,0.0,0.0,4.797066014669927,2.684596577017115,MF,,midfield,3
Matheus Cunha,br BRA,"MF,FW",Wolves,eng Premier League,25.0,1999.0,33,29,2597,28.9,15,6,21,15,0,0,8.6,8.6,7.7,16.4,0.57,110,44,40.0,3.81,1.52,0.14,0.34,0.08,811,1133,71.6,12850,4384,5.3,56,92,58,10,142,73,14,15,144,132,4.57,16,0.55,38,22,17,16,5,33.3,17,55,23,34,0,1561,23,133,61,44.5,904,112,41,80,55,1056,161,4,0,0,42,12,0,1,0,125,13,31.0,0.5198305737389295,0.2079322294955718,0.7277628032345014,0.5198305737389295,0.2980361956103196,0.2980361956103196,0.2668463611859838,0.5683480939545629,0.0197535618020793,3.812090874085484,1.5248363496341932,28.10550635348479,39.26453600308048,445.3215248363496,151.9291490180978,0.183673469387755,1.940700808625337,3.188294185598768,2.0100115517905275,0.346553715825953,4.921062764728533,2.529842125529457,0.4851752021563342,0.5198305737389295,4.990373507893724,1.3169041201386216,0.7624181748170966,0.5891413169041201,0.5544859453215248,0.1732768579129765,0.5891413169041201,1.9060454370427415,0.797073546399692,1.1782826338082402,54.09703504043127,0.797073546399692,4.609164420485175,2.1139776665383136,31.328455910666158,3.881401617250674,1.4208702348864075,2.772429726607624,1.9060454370427415,36.59607239122064,5.579514824797844,0.1386214863303812,0.0,1.4555256064690028,0.4158644589911436,0.0,0.0346553715825953,0.0,4.331921447824413,0.4505198305737389,MF,FW,midfield,0
Lucas Da Cunha,fr FRA,MF,Como,it Serie A,23.0,2001.0,36,30,2613,29.0,3,2,5,3,0,0,2.0,2.0,3.8,5.8,0.2,37,14,37.8,1.27,0.48,0.08,0.21,0.05,1439,1702,84.5,23414,6615,4.7,55,140,29,9,102,60,3,12,154,110,3.79,7,0.24,45,25,17,19,9,51.3,17,62,30,30,1,1929,54,40,12,40.0,1200,63,13,20,16,1382,85,4,0,0,21,4,0,0,0,157,16,39.0,0.1033295063145809,0.0688863375430539,0.1722158438576349,0.1033295063145809,0.0688863375430539,0.0688863375430539,0.1308840413318025,0.1997703788748565,0.0068886337543053,1.2743972445464984,0.4822043628013777,49.56371986222732,58.62227324913892,806.4523536165328,227.841561423651,0.1618828932261768,1.894374282433984,4.822043628013778,0.9988518943742823,0.3099885189437428,3.513203214695752,2.066590126291619,0.1033295063145809,0.4133180252583238,5.3042479908151545,1.549942594718714,0.8610792192881744,0.5855338691159586,0.6544202066590127,0.3099885189437428,0.5855338691159586,2.1354764638346726,1.0332950631458095,1.0332950631458095,66.44087256027554,1.859931113662457,1.377726750861079,0.4133180252583238,41.33180252583238,2.1699196326062,0.4477611940298507,0.6888633754305397,0.5510907003444317,47.60045924225029,2.927669345579793,0.1377726750861079,0.0,0.7233065442020666,0.1377726750861079,0.0,0.0,0.0,5.407577497129736,0.5510907003444317,MF,,midfield,0
Mikkel Damsgaard,dk DEN,"MF,FW",Brentford,eng Premier League,24.0,2000.0,38,34,2911,32.3,2,10,12,2,0,0,2.8,2.8,8.4,11.2,0.35,35,7,20.0,1.08,0.22,0.06,0.29,0.08,1107,1529,72.4,19063,7512,7.0,63,167,73,17,144,60,27,5,234,120,3.71,21,0.65,83,44,27,29,27,38.3,27,110,31,36,2,1883,36,76,50,51.5,1076,73,9,63,47,1239,137,2,0,0,18,1,0,0,0,179,12,30.8,0.061834421161113,0.3091721058055651,0.3710065269666781,0.061834421161113,0.0865681896255582,0.0865681896255582,0.2597045688766747,0.3462727585022329,0.0108210237031947,1.082102370319478,0.2164204740638955,34.225352112676056,47.272414977670906,589.3747852971487,232.2500858811405,0.2164204740638955,1.94778426657506,5.163174166952937,2.256956372380625,0.5255925798694606,4.452078323600137,1.8550326348333908,0.8347646856750257,0.1545860529027825,7.234627275850223,2.56612847818619,1.3603572655444864,0.8347646856750257,0.8965991068361387,0.8347646856750257,0.8347646856750257,3.400893163861216,0.9584335279972518,1.1130195809000345,58.21710752318791,1.1130195809000345,2.349708004122294,1.5458605290278256,33.266918584678805,2.256956372380625,0.2782548952250085,1.94778426657506,1.453108897286156,38.30642390930952,4.235657849536242,0.061834421161113,0.0,0.5565097904500171,0.0309172105805565,0.0,0.0,0.0,5.534180693919615,0.3710065269666781,MF,FW,midfield,0
Kévin Danois,fr FRA,MF,Auxerre,fr Ligue 1,20.0,2004.0,22,16,1460,16.2,0,0,0,0,0,0,1.5,1.5,2.2,3.7,0.23,17,3,17.6,1.05,0.18,0.0,0.0,0.09,585,718,81.5,9757,2615,2.0,25,62,11,2,14,0,3,11,95,54,3.33,6,0.37,49,30,20,22,7,43.5,20,69,20,14,0,912,35,37,21,51.2,570,19,5,25,24,597,50,1,0,0,22,1,0,0,0,102,14,43.8,0.0,0.0,0.0,0.0,0.0924657534246575,0.0924657534246575,0.1356164383561643,0.2280821917808219,0.0141780821917808,1.047945205479452,0.184931506849315,36.06164383561644,44.26027397260274,601.4589041095891,161.1986301369863,0.1232876712328767,1.5410958904109588,3.821917808219178,0.678082191780822,0.1232876712328767,0.863013698630137,0.0,0.184931506849315,0.678082191780822,5.856164383561644,3.02054794520548,1.8493150684931503,1.2328767123287672,1.356164383561644,0.4315068493150685,1.2328767123287672,4.253424657534247,1.2328767123287672,0.863013698630137,56.21917808219178,2.1575342465753424,2.280821917808219,1.2945205479452055,35.136986301369866,1.1712328767123288,0.3082191780821918,1.5410958904109588,1.4794520547945205,36.8013698630137,3.0821917808219177,0.0616438356164383,0.0,1.356164383561644,0.0616438356164383,0.0,0.0,0.0,6.287671232876713,0.863013698630137,MF,,midfield,1
Bence Dárdai,hu HUN,MF,Wolfsburg,de Bundesliga,18.0,2006.0,21,16,1304,14.5,1,1,2,1,0,0,1.0,1.0,1.0,2.1,0.14,11,1,9.1,0.76,0.07,0.09,1.0,0.1,357,445,80.2,5317,1399,1.0,11,35,9,2,10,1,1,1,39,24,1.66,2,0.14,24,14,9,13,2,53.3,12,36,28,13,1,595,25,18,3,25.0,287,5,0,18,11,337,24,0,0,0,9,3,1,0,0,52,10,40.0,0.0690184049079754,0.0690184049079754,0.1380368098159509,0.0690184049079754,0.0690184049079754,0.0690184049079754,0.0690184049079754,0.1449386503067484,0.0096625766871165,0.75920245398773,0.0690184049079754,24.63957055214724,30.71319018404908,366.97085889570553,96.55674846625767,0.0690184049079754,0.75920245398773,2.415644171779141,0.6211656441717791,0.1380368098159509,0.6901840490797546,0.0690184049079754,0.0690184049079754,0.0690184049079754,2.691717791411043,1.6564417177914113,0.9662576687116564,0.6211656441717791,0.8972392638036809,0.1380368098159509,0.8282208588957056,2.4846625766871164,1.932515337423313,0.8972392638036809,41.0659509202454,1.7254601226993866,1.2423312883435582,0.2070552147239264,19.80828220858896,0.3450920245398773,0.0,1.2423312883435582,0.75920245398773,23.25920245398773,1.6564417177914113,0.0,0.0,0.6211656441717791,0.2070552147239264,0.0690184049079754,0.0,0.0,3.588957055214724,0.6901840490797546,MF,,midfield,2
Sergi Darder,es ESP,"MF,FW",Mallorca,es La Liga,30.0,1993.0,38,34,2744,30.5,2,6,8,2,0,0,2.1,2.1,3.7,5.8,0.19,36,9,25.0,1.18,0.3,0.06,0.22,0.06,981,1302,75.3,18512,5664,5.3,54,122,33,15,163,71,8,23,142,96,3.15,7,0.23,40,26,15,16,9,37.0,16,56,23,25,1,1558,19,29,34,45.9,911,37,7,36,30,1030,83,4,0,0,21,0,0,0,0,122,13,56.5,0.0655976676384839,0.1967930029154519,0.2623906705539358,0.0655976676384839,0.0688775510204081,0.0688775510204081,0.1213556851311953,0.1902332361516035,0.0062317784256559,1.1807580174927117,0.2951895043731778,32.17565597667639,42.704081632653065,607.1720116618076,185.7725947521866,0.1738338192419825,1.771137026239067,4.001457725947522,1.082361516034985,0.4919825072886297,5.346209912536443,2.3287172011661808,0.2623906705539358,0.7543731778425656,4.6574344023323615,1.3119533527696792,0.8527696793002916,0.4919825072886297,0.5247813411078717,0.2951895043731778,0.5247813411078717,1.8367346938775508,0.7543731778425656,0.8199708454810496,51.10058309037901,0.6231778425655977,0.9511661807580174,1.1151603498542275,29.87973760932945,1.2135568513119537,0.2295918367346938,1.1807580174927117,0.9839650145772594,33.78279883381924,2.7223032069970845,0.1311953352769679,0.0,0.6887755102040816,0.0,0.0,0.0,0.0,4.001457725947522,0.4263848396501458,MF,FW,midfield,4
Kevin De Bruyne,be BEL,"MF,FW",Manchester City,eng Premier League,33.0,1991.0,28,19,1702,18.9,4,7,11,4,0,0,5.1,5.1,8.0,13.1,0.69,57,15,26.3,3.01,0.79,0.07,0.27,0.09,908,1196,75.9,15487,4454,6.7,57,88,59,13,145,94,15,10,157,113,5.97,11,0.58,17,9,7,5,5,21.7,7,24,10,28,1,1368,10,79,13,38.2,812,51,20,26,28,1021,150,2,0,0,17,3,0,0,0,64,5,23.8,0.2115158636897767,0.3701527614571093,0.581668625146886,0.2115158636897767,0.2696827262044653,0.2696827262044653,0.4230317273795534,0.6927144535840188,0.0364864864864864,3.0141010575793183,0.7931844888366627,48.01410105757932,63.24324324324325,818.9365452408931,235.5229142185664,0.354289071680376,3.0141010575793183,4.653349001175088,3.119858989424207,0.6874265569917744,7.667450058754406,4.970622796709753,0.7931844888366627,0.5287896592244419,8.301997649823736,0.8989424206815511,0.4759106933019977,0.3701527614571093,0.2643948296122209,0.2643948296122209,0.3701527614571093,1.2690951821386605,0.5287896592244419,1.4806110458284372,72.33842538190365,0.5287896592244419,4.177438307873091,0.6874265569917744,42.93772032902468,2.6968272620446534,1.0575793184488838,1.3748531139835487,1.4806110458284372,53.98942420681552,7.931844888366627,0.1057579318448883,0.0,0.8989424206815511,0.1586368977673325,0.0,0.0,0.0,3.384253819036428,0.2643948296122209,MF,FW,midfield,0
Charles De Ketelaere,be BEL,"MF,FW",Atalanta,it Serie A,23.0,2001.0,36,25,2070,23.0,7,7,14,7,0,0,7.3,7.3,6.0,13.2,0.57,48,20,41.7,2.09,0.87,0.15,0.35,0.15,754,995,75.8,11207,3089,4.8,39,81,53,9,56,2,14,5,140,88,3.83,14,0.61,13,9,2,9,2,26.7,3,16,9,26,1,1238,10,135,43,45.3,832,108,41,52,50,1008,211,1,0,0,22,3,0,0,0,78,36,48.6,0.3043478260869565,0.3043478260869565,0.6086956521739131,0.3043478260869565,0.3173913043478261,0.3173913043478261,0.2608695652173913,0.5739130434782609,0.0247826086956521,2.0869565217391304,0.8695652173913043,32.78260869565217,43.26086956521739,487.2608695652174,134.30434782608694,0.208695652173913,1.6956521739130437,3.5217391304347827,2.3043478260869565,0.391304347826087,2.4347826086956523,0.0869565217391304,0.6086956521739131,0.217391304347826,6.08695652173913,0.5652173913043478,0.391304347826087,0.0869565217391304,0.391304347826087,0.0869565217391304,0.1304347826086956,0.6956521739130435,0.391304347826087,1.1304347826086956,53.82608695652174,0.4347826086956521,5.869565217391304,1.8695652173913044,36.17391304347826,4.695652173913043,1.782608695652174,2.260869565217391,2.1739130434782608,43.82608695652174,9.17391304347826,0.0434782608695652,0.0,0.9565217391304348,0.1304347826086956,0.0,0.0,0.0,3.391304347826088,1.565217391304348,MF,FW,midfield,0
Rodrigo De Paul,ar ARG,MF,Atlético Madrid,es La Liga,30.0,1994.0,34,23,2106,23.4,3,5,8,3,0,0,1.3,1.3,5.6,6.9,0.29,19,4,21.1,0.81,0.17,0.16,0.75,0.07,1449,1773,81.7,24390,7515,5.8,42,180,58,13,59,12,27,14,231,90,3.84,13,0.56,33,26,12,16,5,42.4,6,39,15,28,3,1950,27,20,14,40.0,1373,85,3,33,24,1544,64,7,0,0,19,2,0,0,0,128,4,36.4,0.1282051282051282,0.2136752136752136,0.3418803418803419,0.1282051282051282,0.0555555555555555,0.0555555555555555,0.2393162393162393,0.2948717948717949,0.0123931623931623,0.8119658119658119,0.1709401709401709,61.92307692307692,75.76923076923077,1042.3076923076924,321.1538461538462,0.2478632478632478,1.794871794871795,7.6923076923076925,2.4786324786324787,0.5555555555555556,2.5213675213675213,0.5128205128205129,1.1538461538461535,0.5982905982905983,9.871794871794872,1.4102564102564104,1.1111111111111112,0.5128205128205129,0.6837606837606838,0.2136752136752136,0.2564102564102564,1.6666666666666663,0.6410256410256411,1.1965811965811963,83.33333333333333,1.1538461538461535,0.8547008547008547,0.5982905982905983,58.67521367521367,3.632478632478633,0.1282051282051282,1.4102564102564104,1.0256410256410258,65.98290598290599,2.735042735042735,0.2991452991452991,0.0,0.8119658119658119,0.0854700854700854,0.0,0.0,0.0,5.47008547008547,0.1709401709401709,MF,,midfield,0
Alessandro Deiola,it ITA,MF,Cagliari,it Serie A,28.0,1995.0,29,16,1432,15.9,2,1,3,2,0,0,1.7,1.7,0.6,2.4,0.15,18,5,27.8,1.13,0.31,0.11,0.4,0.1,384,523,73.4,6550,1881,0.7,6,45,8,1,14,0,2,7,40,26,1.63,3,0.19,31,20,11,17,3,31.3,13,44,38,20,0,686,49,20,3,75.0,332,11,1,15,11,398,36,6,0,0,32,2,0,0,0,68,37,56.1,0.1256983240223463,0.0628491620111731,0.1885474860335195,0.1256983240223463,0.1068435754189944,0.1068435754189944,0.0377094972067039,0.1508379888268156,0.0094273743016759,1.1312849162011174,0.3142458100558659,24.134078212290504,32.87011173184358,411.6620111731844,118.21927374301676,0.0439944134078212,0.3770949720670391,2.828212290502793,0.5027932960893855,0.0628491620111731,0.8798882681564246,0.0,0.1256983240223463,0.4399441340782123,2.513966480446927,1.948324022346369,1.2569832402234635,0.691340782122905,1.068435754189944,0.1885474860335195,0.8170391061452514,2.76536312849162,2.388268156424581,1.2569832402234635,43.1145251396648,3.079608938547486,1.2569832402234635,0.1885474860335195,20.865921787709496,0.691340782122905,0.0628491620111731,0.9427374301675976,0.691340782122905,25.01396648044693,2.2625698324022347,0.3770949720670391,0.0,2.011173184357542,0.1256983240223463,0.0,0.0,0.0,4.273743016759776,2.325418994413408,MF,,midfield,2
Fisayo Dele-Bashiru,ng NGA,"MF,FW",Lazio,it Serie A,23.0,2001.0,20,12,947,10.5,3,1,4,3,0,0,1.1,1.1,0.8,1.9,0.18,16,5,31.3,1.52,0.48,0.19,0.6,0.07,315,359,87.7,4445,711,0.8,10,23,4,1,7,0,0,0,26,24,2.28,1,0.09,10,6,3,3,4,33.3,4,14,5,7,0,436,12,29,14,63.6,257,23,11,16,17,335,57,0,0,0,8,0,0,0,0,48,3,18.8,0.2851108764519535,0.0950369588173178,0.3801478352692714,0.2851108764519535,0.1045406546990496,0.1045406546990496,0.0760295670538542,0.1805702217529039,0.0171066525871172,1.5205913410770855,0.4751847940865892,29.936642027455125,34.11826821541711,422.43928194297786,67.571277719113,0.0760295670538542,0.9503695881731784,2.1858500527983105,0.3801478352692714,0.0950369588173178,0.6652587117212249,0.0,0.0,0.0,2.470960929250264,0.9503695881731784,0.5702217529039071,0.2851108764519535,0.2851108764519535,0.3801478352692714,0.3801478352692714,1.3305174234424495,0.4751847940865892,0.6652587117212249,41.43611404435058,1.1404435058078142,2.7560718057022173,1.3305174234424495,24.424498416050685,2.1858500527983105,1.0454065469904965,1.5205913410770855,1.6156282998944034,31.83738120380148,5.417106652587117,0.0,0.0,0.7602956705385427,0.0,0.0,0.0,0.0,4.561774023231257,0.2851108764519535,MF,FW,midfield,4
Boulaye Dia,sn SEN,"MF,FW",Lazio,it Serie A,27.0,1996.0,35,27,2177,24.2,9,3,12,9,0,0,7.1,7.1,4.2,11.3,0.47,39,19,48.7,1.61,0.79,0.23,0.47,0.18,494,591,83.6,7767,1110,1.5,26,37,7,0,2,0,7,5,51,55,2.27,8,0.33,22,10,5,12,5,43.8,6,28,16,13,1,802,19,94,17,40.5,452,23,9,33,34,618,114,2,0,0,23,2,1,0,0,55,21,27.3,0.3720716582452917,0.1240238860817638,0.4960955443270555,0.3720716582452917,0.2935231970601745,0.2935231970601745,0.1736334405144694,0.467156637574644,0.0194304088194763,1.6123105190629308,0.7854846118511714,20.42259990813045,24.43270555810749,321.09784106568674,45.88883785025264,0.0620119430408819,1.074873679375287,1.5296279283417549,0.2893890675241157,0.0,0.0826825907211759,0.0,0.2893890675241157,0.2067064768029398,2.108406063389986,0.9095084979329352,0.4134129536058796,0.2067064768029398,0.4960955443270555,0.2067064768029398,0.2480477721635277,1.157556270096463,0.6614607257694074,0.5374368396876436,33.15571887919155,0.7854846118511714,3.886081763895269,0.7028020211299953,18.68626550298576,0.9508497932935231,0.3720716582452917,1.3642627468994029,1.4056040422599907,25.54892053284336,4.712907671107028,0.0826825907211759,0.0,0.9508497932935231,0.0826825907211759,0.0413412953605879,0.0,0.0,2.273771244832338,0.8681672025723474,MF,FW,midfield,4
Amad Diallo,ci CIV,"MF,FW",Manchester Utd,eng Premier League,22.0,2002.0,26,20,1901,21.1,8,6,14,8,0,0,4.7,4.7,4.9,9.6,0.45,47,17,36.2,2.23,0.8,0.17,0.47,0.1,795,949,83.8,11030,2193,4.2,49,27,35,7,42,32,3,1,60,97,4.59,18,0.85,38,31,9,20,9,59.4,11,49,19,20,1,1207,16,131,41,46.6,782,109,66,42,35,854,200,5,0,0,21,6,2,0,0,109,10,40.0,0.3787480273540242,0.2840610205155181,0.6628090478695423,0.3787480273540242,0.2225144660704892,0.2225144660704892,0.2319831667543398,0.454497632824829,0.0213045765386638,2.225144660704892,0.8048395581273013,37.63808521830615,44.92898474487112,522.1988427143608,103.82430299842189,0.1988427143608627,2.319831667543398,1.2782745923198315,1.6570226196738558,0.3314045239347711,1.988427143608627,1.5149921094160967,0.142030510257759,0.047343503419253,2.8406102051551816,1.7990531299316148,1.4676486059968437,0.4260915307732772,0.9468700683850604,0.4260915307732772,0.5207785376117833,2.319831667543398,0.8995265649658074,0.9468700683850604,57.1436086270384,0.7574960547080484,6.201998947922146,1.9410836401893736,37.02261967385586,5.16044187269858,3.1246712256707,1.988427143608627,1.6570226196738558,40.43135192004208,9.468700683850605,0.2367175170962651,0.0,0.9942135718043136,0.2840610205155181,0.094687006838506,0.0,0.0,5.16044187269858,0.4734350341925302,MF,FW,midfield,0
Habib Diarra,sn SEN,"MF,FW",Strasbourg,fr Ligue 1,20.0,2004.0,30,27,2352,26.1,4,5,9,2,2,2,3.3,1.8,4.5,6.3,0.3,25,10,40.0,0.96,0.38,0.08,0.2,0.07,812,978,83.0,13413,2876,4.3,27,64,27,12,54,0,6,5,116,57,2.18,8,0.31,22,13,6,13,3,40.0,13,35,46,25,3,1214,50,42,13,26.5,709,61,12,30,22,885,114,6,0,0,26,6,1,0,0,90,12,42.9,0.1530612244897959,0.1913265306122449,0.3443877551020408,0.0765306122448979,0.1262755102040816,0.0688775510204081,0.1721938775510204,0.2410714285714285,0.0114795918367346,0.9566326530612244,0.3826530612244898,31.07142857142857,37.4234693877551,513.2525510204082,110.05102040816328,0.1645408163265306,1.0331632653061225,2.4489795918367347,1.0331632653061225,0.4591836734693877,2.066326530612245,0.0,0.2295918367346938,0.1913265306122449,4.438775510204081,0.8418367346938775,0.4974489795918367,0.2295918367346938,0.4974489795918367,0.1147959183673469,0.4974489795918367,1.3392857142857142,1.7602040816326532,0.9566326530612244,46.45408163265306,1.913265306122449,1.607142857142857,0.4974489795918367,27.13010204081633,2.334183673469388,0.4591836734693877,1.1479591836734695,0.8418367346938775,33.86479591836735,4.362244897959184,0.2295918367346938,0.0,0.9948979591836736,0.2295918367346938,0.0382653061224489,0.0,0.0,3.443877551020408,0.4591836734693877,MF,FW,midfield,4
Pedro Díaz,es ESP,MF,Rayo Vallecano,es La Liga,26.0,1998.0,26,12,1211,13.5,3,0,3,3,0,1,2.4,1.6,2.1,3.7,0.33,31,7,22.6,2.3,0.52,0.1,0.43,0.05,446,566,78.8,6612,1964,2.1,26,45,17,2,42,23,2,8,62,50,3.72,5,0.37,23,15,7,14,2,34.1,7,30,7,10,1,707,7,19,20,58.8,390,27,2,24,8,459,49,2,0,0,7,0,0,0,0,80,5,38.5,0.2229562345169281,0.0,0.2229562345169281,0.2229562345169281,0.1783649876135425,0.1189099917423616,0.1560693641618497,0.2749793559042114,0.0245251857968621,2.303881090008258,0.5202312138728323,33.14616019818332,42.06440957886045,491.3955408753096,145.96201486374898,0.1560693641618497,1.9322873658133772,3.3443435177539222,1.263418662262593,0.1486374896779521,3.1213872832369938,1.7093311312964492,0.1486374896779521,0.5945499587118084,4.607762180016516,1.7093311312964492,1.1147811725846408,0.5202312138728323,1.0404624277456649,0.1486374896779521,0.5202312138728323,2.2295623451692816,0.5202312138728323,0.7431874483897605,52.54335260115607,0.5202312138728323,1.412056151940545,1.486374896779521,28.984310487200663,2.0066061106523536,0.1486374896779521,1.7836498761354251,0.5945499587118084,34.11230388109001,3.6416184971098255,0.1486374896779521,0.0,0.5202312138728323,0.0,0.0,0.0,0.0,5.945499587118084,0.3715937241948802,MF,,midfield,0
Eren Dinkçi,de GER,"MF,FW",Freiburg,de Bundesliga,22.0,2001.0,23,13,1196,13.3,0,3,3,0,0,0,1.1,1.1,2.2,3.3,0.25,14,3,21.4,1.05,0.23,0.0,0.0,0.08,297,394,75.4,4230,1090,1.2,23,24,11,3,15,1,1,1,35,43,3.23,5,0.38,21,13,8,8,5,30.4,7,28,7,17,0,552,6,36,16,41.0,269,33,9,31,12,347,71,1,0,0,9,2,1,0,0,55,6,30.0,0.0,0.225752508361204,0.225752508361204,0.0,0.0827759197324414,0.0827759197324414,0.1655518394648829,0.2483277591973244,0.0188127090301003,1.0535117056856187,0.225752508361204,22.3494983277592,29.648829431438127,318.3110367892977,82.02341137123746,0.0903010033444816,1.7307692307692308,1.806020066889632,0.8277591973244148,0.225752508361204,1.12876254180602,0.0752508361204013,0.0752508361204013,0.0752508361204013,2.6337792642140467,1.580267558528428,0.9782608695652174,0.6020066889632107,0.6020066889632107,0.3762541806020066,0.5267558528428093,2.1070234113712374,0.5267558528428093,1.279264214046823,41.53846153846154,0.451505016722408,2.709030100334448,1.2040133779264215,20.24247491638796,2.483277591973244,0.677257525083612,2.3327759197324416,0.903010033444816,26.11204013377926,5.342809364548495,0.0752508361204013,0.0,0.677257525083612,0.1505016722408027,0.0752508361204013,0.0,0.0,4.138795986622073,0.451505016722408,MF,FW,midfield,4
Sofiane Diop,fr FRA,"MF,FW",Nice,fr Ligue 1,24.0,2000.0,28,8,1064,11.8,6,4,10,6,0,0,6.0,6.0,2.9,8.9,0.75,22,11,50.0,1.86,0.93,0.27,0.55,0.27,436,565,77.2,6822,2216,2.8,24,47,19,1,33,22,16,7,64,47,3.98,9,0.76,23,16,16,3,4,40.9,17,40,7,12,1,714,17,35,10,32.3,399,26,4,20,18,508,70,3,0,0,17,4,0,0,0,73,3,27.3,0.5075187969924811,0.3383458646616541,0.8458646616541353,0.5075187969924811,0.5075187969924811,0.5075187969924811,0.2453007518796992,0.7528195488721805,0.0634398496240601,1.8609022556390975,0.9304511278195488,36.8796992481203,47.79135338345864,577.0488721804512,187.4436090225564,0.2368421052631578,2.0300751879699246,3.975563909774436,1.607142857142857,0.0845864661654135,2.7913533834586466,1.8609022556390975,1.3533834586466165,0.5921052631578947,5.413533834586466,1.9454887218045112,1.3533834586466165,1.3533834586466165,0.2537593984962406,0.3383458646616541,1.43796992481203,3.3834586466165413,0.5921052631578947,1.0150375939849623,60.39473684210526,1.43796992481203,2.960526315789473,0.8458646616541353,33.75,2.199248120300752,0.3383458646616541,1.6917293233082706,1.5225563909774436,42.96992481203007,5.921052631578947,0.2537593984962406,0.0,1.43796992481203,0.3383458646616541,0.0,0.0,0.0,6.174812030075188,0.2537593984962406,MF,FW,midfield,0
Andy Diouf,fr FRA,MF,Lens,fr Ligue 1,21.0,2003.0,34,27,2225,24.7,1,2,3,1,0,0,2.9,2.9,2.8,5.7,0.23,40,5,12.5,1.62,0.2,0.03,0.2,0.07,849,1068,79.5,11438,2865,3.3,33,60,31,3,30,11,13,2,116,85,3.44,3,0.12,37,26,10,22,5,40.0,15,52,18,30,2,1367,23,51,43,49.4,751,82,10,75,42,966,94,2,0,0,43,2,0,1,0,154,18,36.7,0.0404494382022471,0.0808988764044943,0.1213483146067415,0.0404494382022471,0.1173033707865168,0.1173033707865168,0.1132584269662921,0.230561797752809,0.0093033707865168,1.6179775280898878,0.2022471910112359,34.34157303370787,43.2,462.6606741573034,115.8876404494382,0.1334831460674157,1.3348314606741574,2.426966292134832,1.253932584269663,0.1213483146067415,1.2134831460674158,0.444943820224719,0.5258426966292135,0.0808988764044943,4.692134831460674,1.4966292134831465,1.051685393258427,0.4044943820224719,0.8898876404494381,0.2022471910112359,0.6067415730337079,2.103370786516854,0.7280898876404495,1.2134831460674158,55.29438202247191,0.9303370786516854,2.0629213483146067,1.7393258426966292,30.37752808988764,3.31685393258427,0.4044943820224719,3.033707865168539,1.6988764044943818,39.07415730337078,3.802247191011236,0.0808988764044943,0.0,1.7393258426966292,0.0808988764044943,0.0,0.0404494382022471,0.0,6.229213483146068,0.7280898876404495,MF,,midfield,4
Nicolás Domínguez,ar ARG,"MF,FW",Nott'ham Forest,eng Premier League,26.0,1998.0,34,23,1963,21.8,0,1,1,0,0,0,1.5,1.5,1.3,2.8,0.13,21,9,42.9,0.96,0.41,0.0,0.0,0.07,821,947,86.7,11995,3387,1.6,13,81,11,1,7,0,7,0,83,38,1.74,0,0.0,86,45,40,35,11,47.4,29,115,54,11,1,1218,78,33,3,33.3,471,16,2,23,12,676,33,9,0,0,33,3,0,0,0,114,27,54.0,0.0,0.0458481915435557,0.0458481915435557,0.0,0.0687722873153336,0.0687722873153336,0.0596026490066225,0.1283749363219561,0.0059602649006622,0.9628120224146716,0.412633723892002,37.6413652572593,43.418237391747326,549.9490575649517,155.28782475802342,0.0733571064696892,0.5960264900662252,3.713703515028018,0.5043301069791136,0.0458481915435557,0.3209373408048904,0.0,0.3209373408048904,0.0,3.80539989811513,3.942944472745797,2.06316861946001,1.8339276617422315,1.6046867040244523,0.5043301069791136,1.3295975547631178,5.272542027508915,2.4758023433520124,0.5043301069791136,55.843097300050935,3.576158940397351,1.5129903209373408,0.1375445746306673,21.59449821701477,0.7335710646968925,0.0916963830871115,1.054508405501783,0.5501782985226694,30.99337748344371,1.5129903209373408,0.412633723892002,0.0,1.5129903209373408,0.1375445746306673,0.0,0.0,0.0,5.226693835965359,1.2379011716760062,MF,FW,midfield,1
Niklas Dorsch,de GER,MF,Heidenheim,de Bundesliga,26.0,1998.0,22,19,1335,14.8,2,2,4,2,0,0,1.0,1.0,1.1,2.1,0.14,9,3,33.3,0.61,0.2,0.22,0.67,0.11,573,687,83.4,10988,3060,2.0,13,46,16,8,37,28,0,18,57,35,2.36,2,0.13,27,16,12,15,0,59.1,17,44,17,3,2,798,32,8,7,50.0,459,13,1,16,13,489,21,5,1,0,15,1,0,0,0,74,7,43.8,0.1348314606741573,0.1348314606741573,0.2696629213483146,0.1348314606741573,0.0674157303370786,0.0674157303370786,0.0741573033707865,0.1415730337078651,0.009438202247191,0.6067415730337079,0.2022471910112359,38.62921348314607,46.31460674157303,740.7640449438202,206.29213483146063,0.1348314606741573,0.8764044943820225,3.101123595505618,1.0786516853932584,0.5393258426966292,2.49438202247191,1.8876404494382024,0.0,1.2134831460674158,3.842696629213483,1.8202247191011236,1.0786516853932584,0.8089887640449439,1.0112359550561798,0.0,1.146067415730337,2.966292134831461,1.146067415730337,0.2022471910112359,53.79775280898876,2.157303370786517,0.5393258426966292,0.4719101123595506,30.9438202247191,0.8764044943820225,0.0674157303370786,1.0786516853932584,0.8764044943820225,32.96629213483146,1.4157303370786518,0.3370786516853932,0.0674157303370786,1.0112359550561798,0.0674157303370786,0.0,0.0,0.0,4.98876404494382,0.4719101123595506,MF,,midfield,2
Abdoulaye Doucouré,ml MLI,MF,Everton,eng Premier League,31.0,1993.0,33,31,2564,28.5,3,2,5,3,0,0,4.1,4.1,2.4,6.6,0.23,31,9,29.0,1.09,0.32,0.1,0.33,0.13,725,903,80.3,10909,2254,1.4,28,44,15,0,23,0,0,2,82,58,2.04,3,0.11,48,28,21,20,7,32.6,10,58,20,27,1,1161,32,65,24,53.3,604,42,8,38,38,750,96,5,1,1,49,0,0,0,0,150,30,40.5,0.1053042121684867,0.0702028081123244,0.1755070202808112,0.1053042121684867,0.1439157566302652,0.1439157566302652,0.0842433697347893,0.2316692667706708,0.0080733229329173,1.0881435257410297,0.3159126365054602,25.44851794071763,31.69656786271451,382.921216848674,79.11856474258971,0.0491419656786271,0.982839313572543,1.544461778471139,0.5265210608424337,0.0,0.8073322932917317,0.0,0.0,0.0702028081123244,2.878315132605304,1.684867394695788,0.982839313572543,0.7371294851794072,0.702028081123245,0.2457098283931357,0.3510140405616225,2.0358814352574104,0.702028081123245,0.9477379095163808,40.75273010920437,1.1232449297971918,2.281591263650546,0.842433697347894,21.201248049922,1.4742589703588145,0.2808112324492979,1.3338533541341655,1.3338533541341655,26.32605304212169,3.369734789391576,0.1755070202808112,0.0351014040561622,1.71996879875195,0.0,0.0,0.0,0.0,5.265210608424336,1.053042121684867,MF,,midfield,4
Douglas,br BRA,MF,Nantes,fr Ligue 1,27.0,1997.0,28,28,2307,25.6,4,2,6,4,0,0,3.4,3.4,1.5,4.9,0.19,36,14,38.9,1.4,0.55,0.11,0.29,0.1,1029,1190,86.5,17476,5382,1.2,15,108,12,1,10,3,2,3,125,34,1.33,3,0.12,69,42,29,31,9,59.1,32,101,47,17,0,1478,69,44,12,60.0,715,14,1,18,14,941,34,8,0,0,42,1,0,1,0,111,23,39.7,0.1560468140442132,0.0780234070221066,0.2340702210663199,0.1560468140442132,0.1326397919375812,0.1326397919375812,0.0585175552665799,0.1911573472041612,0.0074122236671001,1.4044213263979195,0.5461638491547465,40.14304291287386,46.42392717815344,681.7685305591677,209.96098829648892,0.0468140442132639,0.5851755526657997,4.213263979193759,0.4681404421326398,0.0390117035110533,0.3901170351105331,0.1170351105331599,0.0780234070221066,0.1170351105331599,4.876462938881665,2.6918075422626786,1.6384915474642392,1.131339401820546,1.209362808842653,0.3511053315994799,1.248374512353706,3.940182054616385,1.8335500650195056,0.6631989596879063,57.6592977893368,2.6918075422626786,1.7165149544863458,0.4681404421326398,27.89336801040312,0.5461638491547465,0.0390117035110533,0.7022106631989598,0.5461638491547465,36.71001300390117,1.3263979193758126,0.3120936280884265,0.0,1.6384915474642392,0.0390117035110533,0.0,0.0390117035110533,0.0,4.330299089726919,0.8972691807542262,MF,,midfield,1
Issa Doumbia,it ITA,MF,Venezia,it Serie A,20.0,2003.0,24,10,939,10.4,0,0,0,0,0,0,1.0,1.0,0.1,1.2,0.11,16,5,31.3,1.53,0.48,0.0,0.0,0.06,203,271,74.9,2702,656,0.2,3,17,1,0,10,0,0,0,22,17,1.63,2,0.19,14,8,6,7,1,41.2,9,23,14,7,1,401,15,16,11,68.8,219,12,3,25,18,242,29,0,0,0,18,0,0,0,0,45,18,46.2,0.0,0.0,0.0,0.0,0.0958466453674121,0.0958466453674121,0.0095846645367412,0.1150159744408945,0.0105431309904153,1.5335463258785944,0.4792332268370607,19.456869009584665,25.97444089456869,258.9776357827476,62.87539936102237,0.0191693290734824,0.2875399361022364,1.6293929712460065,0.0958466453674121,0.0,0.9584664536741214,0.0,0.0,0.0,2.1086261980830674,1.34185303514377,0.7667731629392972,0.5750798722044728,0.670926517571885,0.0958466453674121,0.8626198083067093,2.2044728434504792,1.34185303514377,0.670926517571885,38.43450479233227,1.437699680511182,1.5335463258785944,1.0543130990415337,20.990415335463258,1.1501597444089455,0.2875399361022364,2.396166134185304,1.7252396166134183,23.194888178913736,2.779552715654952,0.0,0.0,1.7252396166134183,0.0,0.0,0.0,0.0,4.313099041533546,1.7252396166134183,MF,,midfield,2
Kamory Doumbia,ml MLI,"MF,FW",Brest,fr Ligue 1,21.0,2003.0,30,13,1322,14.7,3,2,5,3,0,0,2.7,2.7,1.2,3.9,0.27,22,10,45.5,1.5,0.68,0.14,0.3,0.13,561,697,80.5,9267,2216,1.8,26,56,9,1,48,27,7,2,72,58,3.95,7,0.48,41,29,17,17,7,45.2,28,69,13,10,1,895,18,34,19,54.3,467,17,3,42,24,567,54,1,0,0,17,4,0,0,0,87,10,31.3,0.2042360060514372,0.1361573373676248,0.340393343419062,0.2042360060514372,0.1838124054462935,0.1838124054462935,0.0816944024205748,0.2655068078668683,0.0183812405446293,1.497730711043873,0.680786686838124,38.19213313161876,47.45083207261725,630.8850226928895,150.8623298033283,0.1225416036308623,1.7700453857791227,3.812405446293495,0.6127080181543116,0.0680786686838124,3.2677760968229954,1.8381240544629347,0.4765506807866868,0.1361573373676248,4.901664145234493,2.791225416036309,1.97428139183056,1.1573373676248109,1.1573373676248109,0.4765506807866868,1.9062027231467475,4.697428139183057,0.8850226928895614,0.680786686838124,60.9304084720121,1.2254160363086233,2.3146747352496218,1.2934947049924357,31.792738275340398,1.1573373676248109,0.2042360060514372,2.859304084720121,1.6338880484114977,38.60060514372164,3.676248108925869,0.0680786686838124,0.0,1.1573373676248109,0.2723146747352496,0.0,0.0,0.0,5.922844175491679,0.680786686838124,MF,FW,midfield,1
Flynn Downes,eng ENG,MF,Southampton,eng Premier League,25.0,1999.0,27,25,2151,23.9,1,0,1,1,0,0,0.6,0.6,1.1,1.7,0.07,10,3,30.0,0.42,0.13,0.1,0.33,0.06,1003,1109,90.4,14646,2893,1.4,15,62,12,0,4,0,7,1,66,31,1.3,2,0.08,49,25,23,21,5,41.7,32,81,51,13,4,1339,99,21,8,40.0,641,29,4,15,17,945,29,12,0,0,50,0,0,0,0,83,17,50.0,0.0418410041841004,0.0,0.0418410041841004,0.0418410041841004,0.0251046025104602,0.0251046025104602,0.0460251046025104,0.0711297071129707,0.002928870292887,0.4184100418410042,0.1255230125523012,41.96652719665272,46.40167364016737,612.8033472803347,121.0460251046025,0.0585774058577405,0.6276150627615062,2.594142259414226,0.502092050209205,0.0,0.1673640167364016,0.0,0.2928870292887029,0.0418410041841004,2.7615062761506275,2.050209205020921,1.0460251046025104,0.9623430962343096,0.8786610878661087,0.2092050209205021,1.338912133891213,3.389121338912134,2.133891213389121,0.5439330543933054,56.02510460251046,4.142259414225942,0.8786610878661087,0.3347280334728033,26.820083682008367,1.213389121338912,0.1673640167364016,0.6276150627615062,0.7112970711297072,39.53974895397489,1.213389121338912,0.502092050209205,0.0,2.092050209205021,0.0,0.0,0.0,0.0,3.4728033472803346,0.7112970711297072,MF,,midfield,2
Ondrej Duda,sk SVK,MF,Hellas Verona,it Serie A,29.0,1994.0,28,27,2395,26.6,1,3,4,1,0,0,1.0,1.0,3.2,4.2,0.16,25,5,20.0,0.94,0.19,0.04,0.2,0.04,943,1204,78.3,16680,5438,2.6,32,101,24,7,89,66,3,15,117,73,2.74,7,0.26,46,27,21,22,3,45.3,31,77,30,13,4,1467,73,5,25,59.5,711,23,2,53,22,789,26,12,1,1,51,4,0,0,0,188,14,48.3,0.0375782881002087,0.1127348643006263,0.1503131524008351,0.0375782881002087,0.0375782881002087,0.0375782881002087,0.120250521920668,0.1578288100208768,0.0060125260960334,0.9394572025052192,0.1878914405010438,35.43632567849687,45.24425887265136,626.8058455114823,204.3507306889353,0.0977035490605428,1.2025052192066807,3.795407098121086,0.9018789144050104,0.2630480167014614,3.3444676409185803,2.4801670146137784,0.1127348643006263,0.5636743215031316,4.396659707724425,1.7286012526096033,1.0146137787056368,0.789144050104384,0.8267223382045928,0.1127348643006263,1.1649269311064718,2.893528183716075,1.1273486430062631,0.4885177453027139,55.127348643006265,2.74321503131524,0.1878914405010438,0.9394572025052192,26.71816283924844,0.8643006263048016,0.0751565762004175,1.9916492693110648,0.8267223382045928,29.64926931106472,0.977035490605428,0.4509394572025052,0.0375782881002087,1.9164926931106472,0.1503131524008351,0.0,0.0,0.0,7.064718162839248,0.5260960334029228,MF,,midfield,2
Alfred Duncan,gh GHA,MF,Venezia,it Serie A,31.0,1993.0,16,12,957,10.6,0,0,0,0,0,0,0.8,0.8,1.1,1.9,0.18,15,4,26.7,1.41,0.38,0.0,0.0,0.05,404,498,81.1,6776,1898,1.0,11,37,19,4,17,11,4,6,53,32,3.01,2,0.19,17,8,4,11,2,35.7,8,25,8,7,0,587,15,6,13,59.1,311,11,0,14,14,381,12,2,0,0,22,0,0,0,0,52,10,55.6,0.0,0.0,0.0,0.0,0.0752351097178683,0.0752351097178683,0.1034482758620689,0.1786833855799373,0.0169278996865203,1.4106583072100312,0.3761755485893417,37.99373040752352,46.83385579937305,637.2413793103449,178.49529780564265,0.0940438871473354,1.0344827586206895,3.4796238244514104,1.786833855799373,0.3761755485893417,1.5987460815047023,1.0344827586206895,0.3761755485893417,0.5642633228840125,4.984326018808777,1.5987460815047023,0.7523510971786834,0.3761755485893417,1.0344827586206895,0.1880877742946708,0.7523510971786834,2.3510971786833856,0.7523510971786834,0.658307210031348,55.20376175548589,1.4106583072100312,0.5642633228840125,1.2225705329153604,29.24764890282132,1.0344827586206895,0.0,1.316614420062696,1.316614420062696,35.8307210031348,1.128526645768025,0.1880877742946708,0.0,2.0689655172413794,0.0,0.0,0.0,0.0,4.890282131661442,0.9404388714733544,MF,,midfield,2
Éderson,br BRA,MF,Atalanta,it Serie A,25.0,1999.0,37,32,2881,32.0,4,1,5,4,0,0,4.1,4.1,4.3,8.4,0.26,39,12,30.8,1.22,0.37,0.1,0.33,0.1,1700,1966,86.5,31285,8498,4.8,37,193,41,5,23,2,6,30,216,98,3.06,10,0.31,52,32,19,28,5,64.7,35,87,36,28,1,2308,63,56,23,44.2,1490,40,12,44,41,1702,79,5,1,1,31,2,0,0,0,186,53,59.6,0.1249566122874002,0.03123915307185,0.1561957653592502,0.1249566122874002,0.1280805275945852,0.1280805275945852,0.1343283582089552,0.2624088858035404,0.008122179798681,1.2183269698021522,0.3748698368622006,53.10656022214509,61.4161749392572,977.3169038528288,265.4703228045817,0.1499479347448802,1.155848663658452,6.02915654286706,1.280805275945852,0.1561957653592502,0.7185005206525512,0.0624783061437001,0.1874349184311003,0.9371745921555016,6.747657063519611,1.6244359597362028,0.9996528982992016,0.5935439083651509,0.8746962860118015,0.1561957653592502,1.0933703575147518,2.717806317250955,1.124609510586602,0.8746962860118015,72.09996528982992,1.9680666435265528,1.749392572023603,0.7185005206525512,46.546338077056575,1.249566122874002,0.3748698368622006,1.3745227351614024,1.280805275945852,53.16903852828879,2.467893092676154,0.1561957653592502,0.03123915307185,0.9684137452273516,0.0624783061437001,0.0,0.0,0.0,5.81048247136411,1.655675112808053,MF,,midfield,3
Maximilian Eggestein,de GER,MF,Freiburg,de Bundesliga,27.0,1996.0,33,33,2845,31.6,2,0,2,2,0,0,2.0,2.0,1.5,3.5,0.11,36,10,27.8,1.14,0.32,0.06,0.2,0.05,1213,1452,83.5,18800,5136,2.5,19,131,16,3,9,0,2,0,141,51,1.61,5,0.16,57,32,21,26,10,55.8,39,96,54,32,1,1757,66,50,11,45.8,813,34,3,28,19,1093,41,4,0,0,22,4,0,0,0,154,60,51.7,0.0632688927943761,0.0,0.0632688927943761,0.0632688927943761,0.0632688927943761,0.0632688927943761,0.047451669595782,0.1107205623901581,0.0034797891036906,1.1388400702987698,0.3163444639718805,38.37258347978911,45.933216168717045,594.7275922671354,162.47451669595782,0.0790861159929701,0.6010544815465729,4.1441124780316345,0.5061511423550088,0.0949033391915641,0.2847100175746924,0.0,0.0632688927943761,0.0,4.460456942003515,1.803163444639719,1.0123022847100176,0.664323374340949,0.8224956063268892,0.3163444639718805,1.233743409490334,3.036906854130053,1.7082601054481543,1.0123022847100176,55.5817223198594,2.0878734622144117,1.5817223198594026,0.3479789103690685,25.71880492091389,1.0755711775043937,0.0949033391915641,0.8857644991212653,0.6010544815465729,34.57644991212654,1.29701230228471,0.1265377855887522,0.0,0.6959578207381371,0.1265377855887522,0.0,0.0,0.0,4.87170474516696,1.898066783831283,MF,,midfield,2
Jurgen Ekkelenkamp,nl NED,MF,Udinese,it Serie A,24.0,2000.0,34,20,1892,21.0,3,2,5,3,0,0,2.8,2.8,1.3,4.1,0.19,27,9,33.3,1.28,0.43,0.11,0.33,0.1,550,690,79.7,8583,2061,1.2,15,42,11,2,12,4,2,5,72,38,1.81,6,0.29,36,25,10,22,4,51.4,12,48,26,17,0,868,29,39,10,33.3,457,34,5,23,7,560,86,2,0,0,29,1,0,0,0,82,18,58.1,0.1427061310782241,0.095137420718816,0.2378435517970401,0.1427061310782241,0.1331923890063424,0.1331923890063424,0.0618393234672304,0.1950317124735729,0.0090380549682875,1.284355179704017,0.4281183932346723,26.16279069767442,32.82241014799155,408.2822410147992,98.03911205073996,0.0570824524312896,0.7135306553911205,1.9978858350951376,0.5232558139534884,0.095137420718816,0.5708245243128964,0.1902748414376321,0.095137420718816,0.2378435517970401,3.4249471458773786,1.7124735729386893,1.1892177589852009,0.4756871035940803,1.0465116279069768,0.1902748414376321,0.5708245243128964,2.2832980972515857,1.236786469344609,0.8086680761099365,41.28964059196617,1.379492600422833,1.8551797040169131,0.4756871035940803,21.73890063424947,1.617336152219873,0.2378435517970401,1.0940803382663848,0.3329809725158562,26.6384778012685,4.090909090909091,0.095137420718816,0.0,1.379492600422833,0.047568710359408,0.0,0.0,0.0,3.9006342494714583,0.8562367864693446,MF,,midfield,4
Pierre Ekwah Elimby,fr FRA,MF,Saint-Étienne,fr Ligue 1,22.0,2002.0,29,29,2575,28.6,1,0,1,1,0,0,0.7,0.7,1.0,1.7,0.06,25,6,24.0,0.87,0.21,0.04,0.17,0.03,1405,1593,88.2,23713,7436,1.6,16,144,19,0,5,1,3,12,146,40,1.45,4,0.14,54,33,18,30,6,60.7,47,101,72,16,1,1885,123,7,18,56.3,907,20,1,29,17,1307,21,3,0,0,42,1,0,0,0,154,30,69.8,0.0349514563106796,0.0,0.0349514563106796,0.0349514563106796,0.0244660194174757,0.0244660194174757,0.0349514563106796,0.0594174757281553,0.0020970873786407,0.8737864077669902,0.2097087378640776,49.10679611650485,55.67766990291263,828.8038834951457,259.8990291262136,0.0559223300970873,0.5592233009708738,5.033009708737864,0.6640776699029126,0.0,0.174757281553398,0.0349514563106796,0.1048543689320388,0.4194174757281553,5.102912621359224,1.887378640776699,1.153398058252427,0.629126213592233,1.0485436893203883,0.2097087378640776,1.6427184466019418,3.530097087378641,2.516504854368932,0.5592233009708738,65.88349514563106,4.2990291262135925,0.2446601941747573,0.629126213592233,31.70097087378641,0.6990291262135923,0.0349514563106796,1.013592233009709,0.5941747572815533,45.681553398058256,0.7339805825242718,0.1048543689320388,0.0,1.4679611650485436,0.0349514563106796,0.0,0.0,0.0,5.382524271844661,1.0485436893203883,MF,,midfield,1
Yannik Engelhardt,de GER,"MF,DF",Como,it Serie A,23.0,2001.0,26,11,1164,12.9,1,1,2,1,0,0,0.6,0.6,1.5,2.0,0.16,8,2,25.0,0.62,0.15,0.13,0.5,0.07,622,701,88.7,9648,2399,1.4,12,39,2,0,1,0,1,3,54,24,1.86,2,0.15,30,12,13,13,4,59.3,11,41,27,11,0,836,42,16,9,60.0,525,18,2,22,7,553,18,4,0,0,21,1,0,0,0,62,11,55.0,0.0773195876288659,0.0773195876288659,0.1546391752577319,0.0773195876288659,0.0463917525773195,0.0463917525773195,0.1159793814432989,0.1546391752577319,0.0123711340206185,0.6185567010309279,0.1546391752577319,48.09278350515464,54.20103092783505,745.9793814432991,185.48969072164945,0.1082474226804123,0.9278350515463918,3.015463917525773,0.1546391752577319,0.0,0.0773195876288659,0.0,0.0773195876288659,0.2319587628865979,4.175257731958763,2.319587628865979,0.9278350515463918,1.0051546391752575,1.0051546391752575,0.3092783505154639,0.8505154639175257,3.170103092783505,2.0876288659793816,0.8505154639175257,64.63917525773196,3.2474226804123707,1.2371134020618555,0.6958762886597938,40.59278350515464,1.3917525773195876,0.1546391752577319,1.7010309278350515,0.5412371134020619,42.75773195876288,1.3917525773195876,0.3092783505154639,0.0,1.6237113402061851,0.0773195876288659,0.0,0.0,0.0,4.793814432989691,0.8505154639175257,MF,DF,midfield,2
Christian Eriksen,dk DEN,MF,Manchester Utd,eng Premier League,32.0,1992.0,23,11,1061,11.8,1,2,3,0,1,1,1.4,0.6,3.2,3.8,0.39,14,1,7.1,1.19,0.08,0.0,0.0,0.04,590,749,78.8,9936,3131,2.6,31,54,13,6,85,62,8,8,55,56,4.74,7,0.59,19,9,4,12,3,40.7,7,26,8,6,0,850,26,17,0,0.0,473,13,1,13,5,566,29,4,0,0,8,0,0,0,0,62,2,25.0,0.0848256361922714,0.1696512723845429,0.2544769085768143,0.0,0.11875589066918,0.0508953817153628,0.2714420358152686,0.3223374175306314,0.0330819981149858,1.1875589066918002,0.0848256361922714,50.04712535344015,63.53440150801131,842.8275212064091,265.5890669180019,0.2205466540999057,2.629594721960415,4.580584354382657,1.1027332704995287,0.5089538171536286,7.210179076343072,5.25918944392083,0.6786050895381716,0.6786050895381716,4.665409990574929,1.6116870876531575,0.7634307257304429,0.3393025447690858,1.0179076343072573,0.2544769085768143,0.5937794533459001,2.205466540999057,0.6786050895381716,0.5089538171536286,72.10179076343073,2.205466540999057,1.4420358152686146,0.0,40.12252591894439,1.1027332704995287,0.0848256361922714,1.1027332704995287,0.4241281809613572,48.01131008482564,2.459943449575872,0.3393025447690858,0.0,0.6786050895381716,0.0,0.0,0.0,0.0,5.25918944392083,0.1696512723845429,MF,,midfield,0
Dario Essugo,pt POR,MF,Las Palmas,es La Liga,19.0,2005.0,27,25,1938,21.5,1,0,1,1,0,0,0.7,0.7,0.4,1.0,0.05,23,4,17.4,1.07,0.19,0.04,0.25,0.03,812,951,85.4,13995,3936,0.7,13,73,8,0,1,0,4,10,76,36,1.67,1,0.05,59,45,28,26,5,60.9,42,101,47,7,7,1228,75,10,12,66.7,582,18,2,35,21,763,8,11,2,2,37,3,0,1,0,118,30,48.4,0.0464396284829721,0.0,0.0464396284829721,0.0464396284829721,0.0325077399380804,0.0325077399380804,0.0185758513931888,0.0464396284829721,0.0023219814241486,1.0681114551083593,0.1857585139318885,37.70897832817337,44.1640866873065,649.9226006191951,182.7863777089783,0.0325077399380804,0.6037151702786377,3.390092879256966,0.371517027863777,0.0,0.0464396284829721,0.0,0.1857585139318885,0.4643962848297213,3.5294117647058822,2.739938080495356,2.0897832817337463,1.3003095975232195,1.2074303405572755,0.2321981424148606,1.9504643962848296,4.690402476780186,2.1826625386996907,0.3250773993808049,57.02786377708978,3.4829721362229105,0.4643962848297213,0.5572755417956656,27.027863777089784,0.8359133126934984,0.0928792569659442,1.6253869969040249,0.9752321981424148,35.43343653250774,0.371517027863777,0.5108359133126935,0.0928792569659442,1.718266253869969,0.1393188854489164,0.0,0.0464396284829721,0.0,5.479876160990712,1.3931888544891642,MF,,midfield,1
Edu Expósito,es ESP,MF,Espanyol,es La Liga,27.0,1996.0,19,12,1045,11.6,0,2,2,0,0,0,1.0,1.0,3.2,4.2,0.36,18,6,33.3,1.55,0.52,0.0,0.0,0.06,318,485,65.6,5990,2287,2.4,28,36,14,4,66,33,13,5,64,44,3.79,2,0.17,23,13,9,13,1,39.1,15,38,21,8,2,630,22,26,15,53.6,340,23,4,29,18,382,41,3,0,0,14,3,0,0,0,63,11,50.0,0.0,0.1722488038277512,0.1722488038277512,0.0,0.0861244019138756,0.0861244019138756,0.2755980861244019,0.3617224880382775,0.0310047846889952,1.5502392344497606,0.5167464114832536,27.38755980861244,41.77033492822967,515.8851674641148,196.9665071770335,0.2066985645933014,2.411483253588517,3.1004784688995213,1.2057416267942584,0.3444976076555024,5.684210526315789,2.8421052631578947,1.1196172248803828,0.4306220095693779,5.511961722488039,1.9808612440191389,1.1196172248803828,0.7751196172248803,1.1196172248803828,0.0861244019138756,1.291866028708134,3.2727272727272725,1.8086124401913877,0.6889952153110048,54.25837320574163,1.894736842105263,2.2392344497607657,1.291866028708134,29.2822966507177,1.9808612440191389,0.3444976076555024,2.4976076555023923,1.5502392344497606,32.89952153110048,3.5311004784688995,0.2583732057416268,0.0,1.2057416267942584,0.2583732057416268,0.0,0.0,0.0,5.425837320574162,0.9473684210526316,MF,,midfield,0
Eberechi Eze,eng ENG,"MF,FW",Crystal Palace,eng Premier League,26.0,1998.0,34,31,2588,28.8,8,8,16,7,1,2,10.5,8.9,6.2,15.1,0.58,100,27,27.0,3.48,0.94,0.07,0.26,0.09,777,1047,74.2,13226,3540,4.7,58,49,39,4,112,62,11,6,97,135,4.69,10,0.35,39,22,14,16,9,47.2,11,50,10,17,3,1414,17,95,67,48.6,840,69,22,55,45,907,153,1,0,0,13,9,0,0,0,146,7,15.9,0.2782071097372488,0.2782071097372488,0.5564142194744977,0.2434312210200927,0.3651468315301391,0.3095054095826893,0.2156105100463678,0.5251159196290571,0.0201700154559505,3.4775888717156103,0.9389489953632147,27.02086553323029,36.41035548686244,459.9459041731066,123.1066460587326,0.1634466769706337,2.017001545595054,1.7040185471406493,1.356259659969088,0.1391035548686244,3.894899536321484,2.1561051004636784,0.3825347758887171,0.2086553323029366,3.3732612055641424,1.356259659969088,0.7650695517774343,0.4868624420401855,0.5564142194744977,0.3129829984544049,0.3825347758887171,1.7387944358578051,0.347758887171561,0.5911901081916539,49.173106646058734,0.5911901081916539,3.30370942812983,2.329984544049459,29.21174652241113,2.399536321483771,0.7650695517774343,1.9126738794435856,1.564914992272025,31.541731066460585,5.320710973724884,0.0347758887171561,0.0,0.4520865533230294,0.3129829984544049,0.0,0.0,0.0,5.077279752704791,0.2434312210200927,MF,FW,midfield,0
Giovanni Fabbian,it ITA,MF,Bologna,it Serie A,21.0,2003.0,30,9,1023,11.4,3,1,4,3,0,0,2.3,2.3,1.3,3.7,0.32,21,5,23.8,1.85,0.44,0.14,0.6,0.11,151,210,71.9,2182,369,0.6,9,15,5,1,9,0,2,1,17,19,1.67,0,0.0,10,6,1,3,6,53.8,2,12,4,9,0,328,5,47,2,12.5,198,14,5,30,18,236,43,2,0,0,21,1,0,0,0,31,19,35.2,0.2639296187683284,0.0879765395894428,0.3519061583577713,0.2639296187683284,0.2023460410557184,0.2023460410557184,0.1143695014662756,0.3255131964809384,0.0281524926686217,1.847507331378299,0.4398826979472141,13.284457478005866,18.475073313782996,191.9648093841642,32.4633431085044,0.0527859237536656,0.7917888563049854,1.3196480938416424,0.4398826979472141,0.0879765395894428,0.7917888563049854,0.0,0.1759530791788856,0.0879765395894428,1.495601173020528,0.8797653958944281,0.5278592375366569,0.0879765395894428,0.2639296187683284,0.5278592375366569,0.1759530791788856,1.0557184750733135,0.3519061583577713,0.7917888563049854,28.856304985337243,0.4398826979472141,4.134897360703812,0.1759530791788856,17.419354838709676,1.2316715542521994,0.4398826979472141,2.6392961876832848,1.5835777126099708,20.762463343108504,3.782991202346041,0.1759530791788856,0.0,1.847507331378299,0.0879765395894428,0.0,0.0,0.0,2.7272727272727275,1.6715542521994136,MF,,midfield,4
Nicolò Fagioli,it ITA,MF,Fiorentina,it Serie A,23.0,2001.0,15,10,962,10.7,1,2,3,1,0,0,0.5,0.5,3.0,3.5,0.32,10,4,40.0,0.94,0.37,0.1,0.25,0.05,519,617,84.1,8944,2503,2.0,23,45,12,2,27,7,1,7,50,43,4.02,4,0.37,19,10,8,9,2,40.9,5,24,12,10,2,713,22,8,10,45.5,480,15,0,17,12,527,19,0,0,0,8,1,0,0,0,46,1,20.0,0.0935550935550935,0.1871101871101871,0.2806652806652807,0.0935550935550935,0.0467775467775467,0.0467775467775467,0.2806652806652807,0.3274428274428275,0.0299376299376299,0.9355509355509356,0.3742203742203742,48.55509355509355,57.723492723492726,836.7567567567567,234.1683991683992,0.1871101871101871,2.151767151767152,4.209979209979211,1.1226611226611227,0.1871101871101871,2.525987525987526,0.654885654885655,0.0935550935550935,0.654885654885655,4.677754677754678,1.7775467775467777,0.9355509355509356,0.7484407484407485,0.841995841995842,0.1871101871101871,0.4677754677754678,2.245322245322245,1.1226611226611227,0.9355509355509356,66.70478170478171,2.0582120582120584,0.7484407484407485,0.9355509355509356,44.90644490644491,1.4033264033264037,0.0,1.5904365904365905,1.1226611226611227,49.3035343035343,1.7775467775467777,0.0,0.0,0.7484407484407485,0.0935550935550935,0.0,0.0,0.0,4.303534303534303,0.0935550935550935,MF,,midfield,0
Khalil Fayad,fr FRA,"MF,FW",Montpellier,fr Ligue 1,20.0,2004.0,20,10,1028,11.4,0,0,0,0,0,0,1.3,1.3,0.3,1.5,0.13,17,3,17.6,1.49,0.26,0.0,0.0,0.07,426,514,82.9,7173,1757,0.6,7,35,5,2,20,7,2,4,50,19,1.66,1,0.09,31,16,12,17,2,53.6,10,41,15,12,1,663,19,17,17,44.7,340,25,7,18,13,426,42,5,0,0,21,2,0,0,1,74,9,60.0,0.0,0.0,0.0,0.0,0.1138132295719844,0.1138132295719844,0.0262645914396887,0.1313229571984435,0.0113813229571984,1.4883268482490273,0.2626459143968871,37.295719844357976,45.0,627.9863813229572,153.82295719844356,0.0525291828793774,0.6128404669260701,3.06420233463035,0.4377431906614786,0.1750972762645914,1.7509727626459144,0.6128404669260701,0.1750972762645914,0.3501945525291828,4.377431906614786,2.7140077821011674,1.4007782101167314,1.050583657587549,1.4883268482490273,0.1750972762645914,0.8754863813229572,3.589494163424124,1.3132295719844358,1.050583657587549,58.04474708171207,1.6634241245136188,1.4883268482490273,1.4883268482490273,29.766536964980546,2.188715953307393,0.6128404669260701,1.575875486381323,1.1381322957198443,37.295719844357976,3.677042801556421,0.4377431906614786,0.0,1.8385214007782105,0.1750972762645914,0.0,0.0,0.0875486381322957,6.4785992217898825,0.7879377431906615,MF,FW,midfield,1
Jacopo Fazzini,it ITA,MF,Empoli,it Serie A,21.0,2003.0,20,16,1383,15.4,4,1,5,4,0,0,3.1,3.1,0.5,3.6,0.23,27,9,33.3,1.76,0.59,0.15,0.44,0.11,305,426,71.6,4559,1281,0.7,12,27,10,0,32,14,4,0,49,49,3.19,7,0.46,32,19,11,16,5,56.5,6,38,24,19,0,639,14,43,23,47.9,364,34,15,39,33,426,88,1,1,0,23,7,0,0,0,70,19,44.2,0.2603036876355748,0.0650759219088937,0.3253796095444685,0.2603036876355748,0.2017353579175705,0.2017353579175705,0.0325379609544468,0.2342733188720173,0.0149674620390455,1.7570498915401302,0.5856832971800434,19.84815618221258,27.72234273318872,296.6811279826464,83.36225596529285,0.0455531453362255,0.7809110629067245,1.7570498915401302,0.6507592190889371,0.0,2.0824295010845986,0.911062906724512,0.2603036876355748,0.0,3.1887201735357915,2.0824295010845986,1.2364425162689805,0.7158351409978309,1.0412147505422993,0.3253796095444685,0.3904555314533622,2.472885032537961,1.561822125813449,1.2364425162689805,41.58351409978308,0.911062906724512,2.798264642082429,1.4967462039045554,23.687635574837312,2.212581344902386,0.9761388286334056,2.5379609544468544,2.1475054229934925,27.72234273318872,5.726681127982647,0.0650759219088937,0.0650759219088937,1.4967462039045554,0.455531453362256,0.0,0.0,0.0,4.55531453362256,1.2364425162689805,MF,,midfield,4
Mattia Felici,it ITA,"MF,FW",Cagliari,it Serie A,23.0,2001.0,20,9,925,10.3,0,3,3,0,0,0,0.6,0.6,1.0,1.6,0.16,10,6,60.0,0.97,0.58,0.0,0.0,0.06,188,277,67.9,2525,863,0.7,10,12,3,0,25,12,0,2,19,31,3.02,4,0.39,17,12,8,7,2,36.4,7,24,7,14,1,422,13,37,19,33.3,259,39,19,26,10,280,75,1,0,0,18,1,0,1,0,51,7,41.2,0.0,0.2918918918918918,0.2918918918918918,0.0,0.0583783783783783,0.0583783783783783,0.0972972972972973,0.1556756756756757,0.0155675675675675,0.972972972972973,0.5837837837837837,18.291891891891893,26.951351351351352,245.67567567567568,83.96756756756757,0.0681081081081081,0.972972972972973,1.1675675675675674,0.2918918918918918,0.0,2.4324324324324325,1.1675675675675674,0.0,0.1945945945945946,1.8486486486486484,1.654054054054054,1.1675675675675674,0.7783783783783784,0.6810810810810811,0.1945945945945946,0.6810810810810811,2.335135135135135,0.6810810810810811,1.3621621621621622,41.05945945945946,1.2648648648648648,3.6,1.8486486486486484,25.200000000000003,3.7945945945945945,1.8486486486486484,2.5297297297297296,0.972972972972973,27.24324324324325,7.297297297297297,0.0972972972972973,0.0,1.7513513513513512,0.0972972972972973,0.0,0.0972972972972973,0.0,4.962162162162162,0.6810810810810811,MF,FW,midfield,4
Lewis Ferguson,sct SCO,MF,Bologna,it Serie A,24.0,1999.0,16,10,983,10.9,1,1,2,0,1,1,1.0,0.2,1.1,1.3,0.19,5,1,20.0,0.46,0.09,0.0,0.0,0.03,569,658,86.5,9928,2246,0.8,14,57,8,0,18,14,1,4,53,32,2.93,1,0.09,24,13,4,14,6,56.3,5,29,9,8,0,748,13,18,5,55.6,471,20,2,13,10,527,26,0,0,0,27,0,0,0,0,28,16,53.3,0.091556459816887,0.091556459816887,0.1831129196337741,0.0,0.091556459816887,0.0183112919633774,0.1007121057985758,0.1190233977619532,0.0173957273652085,0.4577822990844354,0.091556459816887,52.09562563580874,60.244150559511695,908.9725330620548,205.6358087487284,0.0732451678535096,1.281790437436419,5.218718209562564,0.7324516785350966,0.0,1.6480162767039674,1.281790437436419,0.091556459816887,0.3662258392675483,4.852492370295016,2.1973550356052898,1.190233977619532,0.3662258392675483,1.281790437436419,0.5493387589013224,0.4577822990844354,2.655137334689725,0.8240081383519837,0.7324516785350966,68.48423194303153,1.190233977619532,1.6480162767039674,0.4577822990844354,43.123092573753816,1.8311291963377416,0.1831129196337741,1.190233977619532,0.9155645981688708,48.25025432349949,2.380467955239064,0.0,0.0,2.472024415055951,0.0,0.0,0.0,0.0,2.563580874872838,1.4649033570701933,MF,,midfield,3
Bruno Fernandes,pt POR,MF,Manchester Utd,eng Premier League,29.0,1994.0,36,35,3018,33.5,8,10,18,5,3,3,9.9,7.6,8.5,16.1,0.55,93,26,28.0,2.77,0.78,0.05,0.19,0.08,1707,2242,76.1,30541,10698,8.0,91,214,85,11,186,91,31,22,325,193,5.76,13,0.39,84,50,27,38,19,40.0,26,110,35,55,3,2649,62,80,28,41.8,1542,77,14,43,43,1853,129,5,2,1,32,7,0,0,0,213,22,44.0,0.2385685884691848,0.2982107355864811,0.536779324055666,0.1491053677932405,0.2952286282306163,0.2266401590457256,0.2534791252485089,0.4801192842942346,0.0164015904572564,2.7733598409542743,0.7753479125248509,50.90457256461232,66.85884691848906,910.765407554672,319.0258449304175,0.2385685884691848,2.713717693836978,6.381709741550696,2.534791252485089,0.3280318091451292,5.546719681908549,2.713717693836978,0.9244532803180914,0.6560636182902585,9.691848906560637,2.5049701789264414,1.4910536779324055,0.805168986083499,1.1332007952286285,0.5666003976143141,0.7753479125248509,3.280318091451292,1.043737574552684,1.640159045725646,78.99602385685886,1.8489065606361827,2.3856858846918487,0.8349900596421471,45.984095427435385,2.2962226640159047,0.4174950298210735,1.2823061630218688,1.2823061630218688,55.25844930417495,3.8469184890656063,0.1491053677932405,0.0596421471172962,0.9542743538767396,0.2087475149105367,0.0,0.0,0.0,6.351888667992047,0.6560636182902585,MF,,midfield,0
Edimilson Fernandes,ch SUI,"MF,DF",Brest,fr Ligue 1,28.0,1996.0,19,12,1105,12.3,0,1,1,0,0,0,0.4,0.4,0.6,1.0,0.08,10,2,20.0,0.81,0.16,0.0,0.0,0.04,486,572,85.0,8960,2318,0.6,8,40,3,0,7,0,2,5,40,16,1.3,1,0.08,9,7,3,6,0,53.8,20,29,38,5,1,684,61,7,3,75.0,399,7,0,17,9,458,3,1,0,0,7,2,0,1,0,69,15,55.6,0.0,0.0814479638009049,0.0814479638009049,0.0,0.0325791855203619,0.0325791855203619,0.0488687782805429,0.0814479638009049,0.0065158371040723,0.8144796380090499,0.1628959276018099,39.58371040723982,46.58823529411765,729.7737556561085,188.7963800904977,0.0488687782805429,0.6515837104072398,3.2579185520361995,0.2443438914027149,0.0,0.5701357466063348,0.0,0.1628959276018099,0.4072398190045249,3.2579185520361995,0.7330316742081449,0.5701357466063348,0.2443438914027149,0.4886877828054298,0.0,1.6289592760180998,2.3619909502262444,3.095022624434389,0.4072398190045249,55.710407239819006,4.968325791855204,0.5701357466063348,0.2443438914027149,32.497737556561084,0.5701357466063348,0.0,1.3846153846153846,0.7330316742081449,37.30316742081448,0.2443438914027149,0.0814479638009049,0.0,0.5701357466063348,0.1628959276018099,0.0,0.0814479638009049,0.0,5.619909502262443,1.2217194570135748,MF,DF,midfield,2
Mateus Fernandes,pt POR,MF,Southampton,eng Premier League,20.0,2004.0,36,34,2909,32.3,2,4,6,2,0,0,4.0,4.0,3.0,7.0,0.22,42,14,33.3,1.3,0.43,0.05,0.14,0.1,1087,1361,79.9,18406,4369,3.6,34,98,27,6,113,54,9,10,145,78,2.41,7,0.22,89,48,45,28,16,45.8,28,117,35,36,7,1760,72,49,49,45.0,897,76,9,58,36,1077,108,8,0,0,46,6,0,0,0,179,15,62.5,0.0618769336541766,0.1237538673083533,0.18563080096253,0.0618769336541766,0.1237538673083533,0.1237538673083533,0.092815400481265,0.2165692677896184,0.0068064627019594,1.2994156067377105,0.4331385355792368,33.63011344104503,42.10725335166724,569.4534204193881,135.170161567549,0.111378480577518,1.0519078721210038,3.031969749054658,0.8353386043313854,0.18563080096253,3.4960467514609834,1.6706772086627708,0.2784462014437951,0.3093846682708834,4.48607768992781,2.753523547610863,1.4850464077002403,1.3922310072189756,0.8662770711584736,0.4950154692334135,0.8662770711584736,3.619800618769336,1.082846338948092,1.1137848057751805,54.451701615675496,2.227569611550361,1.515984874527329,1.515984874527329,27.751804743898248,2.3513234788587143,0.2784462014437951,1.7944310759711242,1.1137848057751805,33.320728772774146,3.3413544173255416,0.2475077346167067,0.0,1.423169474046064,0.18563080096253,0.0,0.0,0.0,5.537985562048814,0.4640770024063252,MF,,midfield,1
Enzo Fernández,ar ARG,MF,Chelsea,eng Premier League,23.0,2001.0,36,32,2947,32.7,6,7,13,6,0,0,6.1,6.1,6.8,12.9,0.39,53,20,37.7,1.62,0.61,0.11,0.3,0.11,1518,1900,79.9,26776,7512,6.2,77,167,41,7,109,74,14,26,212,147,4.49,16,0.49,65,33,17,30,18,36.9,13,78,23,46,4,2210,37,81,26,47.3,1211,60,9,29,28,1622,126,8,0,0,52,4,0,0,0,156,14,32.6,0.1832371903630811,0.2137767220902613,0.3970139124533423,0.1832371903630811,0.1862911435357991,0.1862911435357991,0.2076688157448252,0.3939599592806243,0.0119104173736002,1.6185951815405497,0.6107906345436036,46.35900916185952,58.02511028164235,817.7265015269766,229.41296233457757,0.1893450967085171,2.351543942992874,5.10010179843909,1.2521208008143874,0.2137767220902613,3.32880895826264,2.259925347811333,0.4275534441805226,0.7940278249066847,6.474380726162198,1.985069562266712,1.007804546996946,0.5191720393620631,0.9161859518154056,0.5497115710892433,0.3970139124533423,2.382083474720054,0.7024092297251442,1.4048184594502884,67.4923651170682,1.1299626739056667,2.4737020699015946,0.7940278249066847,36.9833729216152,1.832371903630811,0.2748557855446216,0.8856464200882254,0.8551068883610452,49.53512046148626,3.847980997624703,0.2443162538174415,0.0,1.588055649813369,0.1221581269087207,0.0,0.0,0.0,4.764166949440108,0.4275534441805226,MF,,midfield,0
Jordan Ferri,fr FRA,MF,Montpellier,fr Ligue 1,32.0,1992.0,25,21,1773,19.7,0,2,2,0,0,0,0.4,0.4,0.9,1.3,0.07,14,3,21.4,0.71,0.15,0.0,0.0,0.03,1119,1267,88.3,19942,5049,1.3,13,119,11,4,25,0,2,7,137,47,2.39,5,0.25,42,23,18,22,2,40.9,9,51,20,10,0,1433,35,13,9,32.1,802,19,2,16,27,1066,42,6,1,0,35,4,0,3,0,132,13,46.4,0.0,0.1015228426395939,0.1015228426395939,0.0,0.0203045685279187,0.0203045685279187,0.0456852791878172,0.065989847715736,0.0035532994923857,0.7106598984771574,0.1522842639593908,56.80203045685279,64.31472081218274,1012.2842639593908,256.29441624365484,0.065989847715736,0.6598984771573604,6.040609137055838,0.5583756345177665,0.2030456852791878,1.269035532994924,0.0,0.1015228426395939,0.3553299492385787,6.954314720812183,2.1319796954314723,1.16751269035533,0.9137055837563453,1.116751269035533,0.1015228426395939,0.4568527918781725,2.5888324873096447,1.015228426395939,0.5076142131979695,72.74111675126903,1.7766497461928934,0.6598984771573604,0.4568527918781725,40.710659898477154,0.964467005076142,0.1015228426395939,0.8121827411167514,1.370558375634518,54.11167512690356,2.1319796954314723,0.3045685279187817,0.0507614213197969,1.7766497461928934,0.2030456852791878,0.0,0.1522842639593908,0.0,6.700507614213198,0.6598984771573604,MF,,midfield,3
Phil Foden,eng ENG,"MF,FW",Manchester City,eng Premier League,24.0,2000.0,28,20,1777,19.7,7,2,9,7,0,0,5.2,5.2,4.8,9.9,0.5,54,16,29.6,2.73,0.81,0.13,0.44,0.1,791,941,84.1,12385,2615,5.3,43,41,39,6,80,46,7,2,103,88,4.46,9,0.46,13,5,5,4,4,38.9,9,22,7,26,1,1139,13,83,14,32.6,722,50,17,36,31,894,128,2,0,0,5,3,0,0,0,61,3,25.0,0.3545301069217782,0.1012943162633652,0.4558244231851435,0.3545301069217782,0.2633652222847495,0.2633652222847495,0.2431063590320765,0.5014068655036579,0.0253235790658413,2.734946539110861,0.8103545301069218,40.06190208216095,47.65897580191334,627.2650534608891,132.44231851435003,0.2684299380979178,2.1778277996623525,2.076533483398987,1.975239167135622,0.3038829487900956,4.051772650534609,2.3297692740574,0.3545301069217782,0.1012943162633652,5.216657287563309,0.6584130557118739,0.253235790658413,0.253235790658413,0.2025886325267304,0.2025886325267304,0.4558244231851435,1.1142374788970175,0.3545301069217782,1.3168261114237478,57.6871131119865,0.6584130557118739,4.203714124929657,0.7090602138435564,36.56724817107485,2.53235790658413,0.8610016882386043,1.823297692740574,1.570061902082161,45.278559369724256,6.482836240855375,0.1012943162633652,0.0,0.253235790658413,0.1519414743950478,0.0,0.0,0.0,3.0894766460326397,0.1519414743950478,MF,FW,midfield,0
Youssouf Fofana,fr FRA,MF,Milan,it Serie A,25.0,1999.0,35,29,2504,27.8,1,6,7,1,0,0,1.3,1.3,3.4,4.7,0.17,36,5,13.9,1.29,0.18,0.03,0.2,0.04,1237,1444,85.7,21531,7225,2.6,23,140,23,2,10,0,13,7,176,62,2.23,6,0.22,56,34,20,31,5,50.0,19,75,24,7,3,1655,35,21,14,45.2,986,44,5,30,20,1221,32,5,0,0,28,0,0,0,0,151,11,34.4,0.0359424920127795,0.2156549520766773,0.2515974440894568,0.0359424920127795,0.0467252396166134,0.0467252396166134,0.1222044728434504,0.1689297124600638,0.0061102236421725,1.293929712460064,0.1797124600638977,44.46086261980831,51.90095846645367,773.8777955271565,259.68450479233223,0.0934504792332268,0.8266773162939297,5.031948881789138,0.8266773162939297,0.0718849840255591,0.3594249201277955,0.0,0.4672523961661342,0.2515974440894568,6.325878594249201,2.0127795527156547,1.2220447284345048,0.7188498402555911,1.114217252396166,0.1797124600638977,0.6829073482428115,2.6956869009584663,0.8626198083067093,0.2515974440894568,59.48482428115016,1.2579872204472844,0.7547923322683706,0.5031948881789137,35.439297124600635,1.5814696485623003,0.1797124600638977,1.0782747603833864,0.7188498402555911,43.88578274760384,1.1501597444089455,0.1797124600638977,0.0,1.0063897763578271,0.0,0.0,0.0,0.0,5.427316293929713,0.3953674121405751,MF,,midfield,3
Pablo Fornals,es ESP,"MF,FW",Betis,es La Liga,28.0,1996.0,26,22,1827,20.3,2,0,2,2,0,0,1.8,1.8,3.3,5.1,0.25,23,4,17.4,1.13,0.2,0.09,0.5,0.08,887,1109,80.0,14428,4985,2.9,36,93,33,8,54,23,10,10,146,88,4.33,9,0.44,21,13,12,6,3,33.3,23,44,15,26,1,1272,20,36,8,28.6,777,32,7,24,16,911,85,2,0,0,12,0,0,0,0,114,18,46.2,0.0985221674876847,0.0,0.0985221674876847,0.0985221674876847,0.0886699507389162,0.0886699507389162,0.1625615763546798,0.251231527093596,0.0123152709359605,1.1330049261083743,0.1970443349753694,43.69458128078818,54.63054187192118,710.7389162561576,245.5665024630542,0.1428571428571428,1.7733990147783252,4.58128078817734,1.6256157635467978,0.3940886699507389,2.6600985221674875,1.1330049261083743,0.4926108374384236,0.4926108374384236,7.192118226600986,1.0344827586206895,0.6403940886699507,0.5911330049261083,0.2955665024630541,0.147783251231527,1.1330049261083743,2.167487684729064,0.7389162561576355,1.2807881773399017,62.66009852216749,0.9852216748768472,1.7733990147783252,0.3940886699507389,38.27586206896552,1.5763546798029555,0.3448275862068965,1.1822660098522166,0.7881773399014779,44.8768472906404,4.187192118226601,0.0985221674876847,0.0,0.5911330049261083,0.0,0.0,0.0,0.0,5.615763546798029,0.8866995073891626,MF,FW,midfield,0
Davide Frattesi,it ITA,MF,Inter,it Serie A,24.0,1999.0,27,9,1158,12.9,5,1,6,5,0,0,4.0,4.0,0.8,4.8,0.35,26,7,26.9,2.02,0.54,0.19,0.71,0.14,297,360,82.5,4304,880,0.8,7,20,5,1,8,0,5,0,31,19,1.4,2,0.15,17,8,6,10,1,55.6,5,22,14,10,1,499,20,44,7,38.9,296,23,7,20,4,345,50,1,0,0,11,2,1,0,0,48,10,43.5,0.38860103626943,0.077720207253886,0.466321243523316,0.38860103626943,0.310880829015544,0.310880829015544,0.0621761658031088,0.3730569948186528,0.0272020725388601,2.0207253886010363,0.5440414507772021,23.082901554404145,27.979274611398964,334.5077720207254,68.39378238341969,0.0621761658031088,0.5440414507772021,1.5544041450777202,0.38860103626943,0.077720207253886,0.6217616580310881,0.0,0.38860103626943,0.0,2.4093264248704664,1.3212435233160622,0.6217616580310881,0.466321243523316,0.7772020725388601,0.077720207253886,0.38860103626943,1.7098445595854923,1.0880829015544042,0.7772020725388601,38.78238341968912,1.5544041450777202,3.4196891191709846,0.5440414507772021,23.00518134715026,1.787564766839378,0.5440414507772021,1.5544041450777202,0.310880829015544,26.813471502590676,3.886010362694301,0.077720207253886,0.0,0.8549222797927462,0.155440414507772,0.077720207253886,0.0,0.0,3.730569948186528,0.7772020725388601,MF,,midfield,4
Morten Frendrup,dk DEN,MF,Genoa,it Serie A,23.0,2001.0,35,35,3103,34.5,2,0,2,2,0,0,1.6,1.6,0.9,2.5,0.07,30,9,30.0,0.87,0.26,0.07,0.22,0.05,1067,1250,85.4,16062,3294,0.8,14,79,11,0,3,0,3,3,106,53,1.54,4,0.12,102,61,23,52,27,43.6,47,149,57,23,0,1647,84,22,10,41.7,737,24,5,41,24,876,29,5,0,0,51,3,0,0,1,184,30,44.8,0.058008378988076,0.0,0.058008378988076,0.058008378988076,0.0464067031904608,0.0464067031904608,0.0261037705446342,0.072510473735095,0.0020302932645826,0.8701256848211408,0.2610377054463422,30.947470190138574,36.25523686754754,465.8652916532388,95.53980019336127,0.0232033515952304,0.4060586529165324,2.291330970029004,0.3190460844344183,0.0,0.087012568482114,0.0,0.087012568482114,0.087012568482114,3.0744440863680307,2.9584273283918785,1.7692555591363197,0.6670963583628746,1.5082178536899773,0.7831131163390268,1.3631969062197873,4.321624234611666,1.6532388011601675,0.6670963583628746,47.76990009668064,2.4363519174991946,0.6380921688688366,0.2900418949403803,21.376087657106027,0.6961005478569127,0.1450209474701901,1.1891717692555592,0.6961005478569127,25.40766999677731,0.8411214953271028,0.1450209474701901,0.0,1.4792136641959392,0.087012568482114,0.0,0.0,0.029004189494038,5.336770866902997,0.8701256848211408,MF,,midfield,1
Remo Freuler,ch SUI,MF,Bologna,it Serie A,32.0,1992.0,37,37,3204,35.6,1,2,3,1,0,0,1.3,1.3,1.5,2.7,0.08,17,4,23.5,0.48,0.11,0.06,0.25,0.07,1704,1944,87.7,28701,7341,1.6,36,204,24,4,19,0,3,5,208,74,2.08,3,0.08,79,40,28,40,11,41.8,38,117,57,16,1,2245,67,32,5,38.5,1216,39,1,32,14,1506,56,6,0,0,47,1,0,0,0,146,28,50.0,0.0280898876404494,0.0561797752808988,0.0842696629213483,0.0280898876404494,0.0365168539325842,0.0365168539325842,0.0421348314606741,0.0758426966292134,0.0022471910112359,0.4775280898876404,0.1123595505617977,47.86516853932584,54.60674157303371,806.2078651685393,206.2078651685393,0.0449438202247191,1.0112359550561798,5.730337078651686,0.6741573033707865,0.1123595505617977,0.5337078651685393,0.0,0.0842696629213483,0.1404494382022471,5.842696629213484,2.2191011235955056,1.1235955056179774,0.7865168539325843,1.1235955056179774,0.3089887640449438,1.0674157303370786,3.286516853932584,1.6011235955056178,0.449438202247191,63.061797752808985,1.882022471910112,0.898876404494382,0.1404494382022471,34.157303370786515,1.0955056179775282,0.0280898876404494,0.898876404494382,0.3932584269662921,42.30337078651685,1.5730337078651686,0.1685393258426966,0.0,1.3202247191011236,0.0280898876404494,0.0,0.0,0.0,4.101123595505618,0.7865168539325843,MF,,midfield,1
Chris Führich,de GER,"MF,FW",Stuttgart,de Bundesliga,26.0,1998.0,33,23,1981,22.0,2,3,5,2,0,0,2.9,2.9,3.7,6.6,0.3,36,12,33.3,1.64,0.55,0.06,0.17,0.08,807,1003,80.5,11366,3268,6.0,32,39,51,13,82,45,8,1,95,85,3.86,8,0.36,15,10,5,5,5,48.1,6,21,19,20,0,1220,20,115,40,47.1,782,114,54,37,26,905,202,1,0,0,9,0,0,0,0,64,5,38.5,0.0908632004038364,0.1362948006057546,0.2271580010095911,0.0908632004038364,0.1317516405855628,0.1317516405855628,0.1680969207470974,0.2998485613326602,0.0136294800605754,1.635537607269056,0.5451792024230186,36.663301362948005,45.56789500252398,516.3755678950025,148.47046945986875,0.2725896012115093,1.453811206461383,1.7718324078748109,2.317011610297829,0.5906108026249369,3.725391216557294,2.04442200908632,0.3634528016153457,0.0454316002019182,4.316002019182231,0.6814740030287734,0.4543160020191822,0.2271580010095911,0.2271580010095911,0.2271580010095911,0.2725896012115093,0.9540636042402828,0.8632004038364463,0.9086320040383644,55.42655224634024,0.9086320040383644,5.224634023220595,1.8172640080767288,35.527511357900046,5.179202423018677,2.453306410903584,1.680969207470974,1.181221605249874,41.115598182736,9.17718324078748,0.0454316002019182,0.0,0.408884401817264,0.0,0.0,0.0,0.0,2.907622412922766,0.2271580010095911,MF,FW,midfield,0
Angelo Fulgini,fr FRA,"MF,FW",Lens,fr Ligue 1,27.0,1996.0,23,11,1045,11.6,1,1,2,1,0,0,2.4,2.4,3.8,6.2,0.53,26,9,34.6,2.24,0.78,0.04,0.11,0.09,509,652,78.1,7393,1993,3.8,28,31,27,8,44,13,7,5,69,54,4.65,2,0.17,14,10,6,4,4,37.5,2,16,3,15,0,801,8,50,11,28.9,494,29,8,28,24,613,113,3,0,0,16,1,0,0,0,52,9,37.5,0.0861244019138756,0.0861244019138756,0.1722488038277512,0.0861244019138756,0.2066985645933014,0.2066985645933014,0.3272727272727272,0.5339712918660288,0.045645933014354,2.2392344497607657,0.7751196172248803,43.83732057416268,56.15311004784689,636.7177033492823,171.64593301435406,0.3272727272727272,2.411483253588517,2.6698564593301435,2.325358851674641,0.6889952153110048,3.789473684210526,1.1196172248803828,0.6028708133971292,0.4306220095693779,5.942583732057416,1.2057416267942584,0.8612440191387559,0.5167464114832536,0.3444976076555024,0.3444976076555024,0.1722488038277512,1.3779904306220097,0.2583732057416268,1.291866028708134,68.98564593301435,0.6889952153110048,4.30622009569378,0.9473684210526316,42.54545454545455,2.4976076555023923,0.6889952153110048,2.411483253588517,2.0669856459330145,52.79425837320574,9.732057416267942,0.2583732057416268,0.0,1.3779904306220097,0.0861244019138756,0.0,0.0,0.0,4.478468899521531,0.7751196172248803,MF,FW,midfield,0
Gianluca Gaetano,it ITA,"MF,FW",Cagliari,it Serie A,24.0,2000.0,28,8,1009,11.2,2,4,6,2,0,0,4.9,4.9,2.2,7.1,0.63,30,6,20.0,2.68,0.54,0.07,0.33,0.16,258,357,72.3,4219,1182,2.3,22,27,13,0,24,10,3,5,41,48,4.28,5,0.45,11,8,4,6,1,33.3,6,17,8,11,0,490,10,43,14,51.9,297,11,7,31,16,356,82,0,0,0,16,3,0,0,0,34,10,33.3,0.1783944499504459,0.3567888999008919,0.535183349851338,0.1783944499504459,0.4370664023785927,0.4370664023785927,0.1962338949454906,0.6333002973240832,0.0561942517343904,2.675916749256689,0.535183349851338,23.01288404360753,31.84340931615461,376.3230921704658,105.43111992071356,0.2051536174430129,1.9623389494549055,2.408325074331021,1.1595639246778988,0.0,2.140733399405352,0.8919722497522299,0.267591674925669,0.4459861248761149,3.657086223984143,0.9811694747274528,0.7135777998017839,0.3567888999008919,0.535183349851338,0.0891972249752229,0.535183349851338,1.516352824578791,0.7135777998017839,0.9811694747274528,43.70664023785926,0.8919722497522299,3.8354806739345886,1.248761149653122,26.49157581764123,0.9811694747274528,0.624380574826561,2.765113974231913,1.427155599603568,31.754212091179387,7.314172447968286,0.0,0.0,1.427155599603568,0.267591674925669,0.0,0.0,0.0,3.032705649157582,0.8919722497522299,MF,FW,midfield,4
Iñigo Ruiz de Galarreta,es ESP,MF,Athletic Club,es La Liga,30.0,1993.0,26,18,1477,16.4,0,4,4,0,0,0,0.5,0.5,2.9,3.4,0.21,11,1,9.1,0.67,0.06,0.0,0.0,0.05,683,844,80.9,12772,3749,2.7,28,101,25,3,29,6,6,8,137,50,3.04,6,0.37,36,22,11,17,8,64.5,16,52,14,18,2,978,21,8,16,69.6,524,27,3,17,16,672,39,5,0,0,43,0,0,0,0,120,8,40.0,0.0,0.2437373053486797,0.2437373053486797,0.0,0.0304671631685849,0.0304671631685849,0.1767095463777928,0.2071767095463778,0.0127962085308056,0.6702775897088693,0.0609343263371699,41.61814488828707,51.42857142857142,778.2532159783345,228.44278943805008,0.1645226811103588,1.7061611374407584,6.154366960054165,1.5233581584292484,0.1828029790115098,1.767095463777928,0.3656059580230196,0.3656059580230196,0.4874746106973595,8.348002708192281,2.1936357481381177,1.3405551794177386,0.6702775897088693,1.0358835477318888,0.4874746106973595,0.974949221394719,3.168584969532837,0.8530805687203792,1.0968178740690588,59.5937711577522,1.2796208530805686,0.4874746106973595,0.974949221394719,31.92958700067705,1.6452268111035884,0.1828029790115098,1.0358835477318888,0.974949221394719,40.9478672985782,2.3764387271496275,0.3046716316858497,0.0,2.6201760324983074,0.0,0.0,0.0,0.0,7.312119160460393,0.4874746106973595,MF,,midfield,3
Conor Gallagher,eng ENG,MF,Atlético Madrid,es La Liga,24.0,2000.0,32,19,1633,18.1,3,3,6,3,0,0,2.8,2.8,1.2,3.9,0.22,22,4,18.2,1.21,0.22,0.14,0.75,0.13,714,840,85.0,9884,2176,1.1,12,47,14,1,13,1,3,1,64,32,1.76,8,0.44,45,32,16,19,10,44.9,20,65,23,18,0,1062,35,38,17,40.5,674,24,7,25,23,755,64,2,0,0,32,3,1,0,0,107,9,30.0,0.1653398652786283,0.1653398652786283,0.3306797305572566,0.1653398652786283,0.1543172075933864,0.1543172075933864,0.0661359461114513,0.2149418248622167,0.012124923453766,1.2124923453766074,0.2204531537048377,39.35088793631353,46.29516227801592,544.7397428046539,119.92651561543173,0.0606246172688303,0.6613594611145132,2.590324556031843,0.771586037966932,0.0551132884262094,0.7164727495407227,0.0551132884262094,0.1653398652786283,0.0551132884262094,3.527250459277404,2.4800979791794244,1.7636252296387018,0.8818126148193509,1.0471524800979792,0.5511328842620943,1.1022657685241886,3.5823637477036128,1.267605633802817,0.9920391916717696,58.530312308634414,1.92896509491733,2.0943049601959585,0.9369259032455604,37.14635639926516,1.3227189222290263,0.385793018983466,1.3778322106552356,1.267605633802817,41.61053276178812,3.527250459277404,0.1102265768524188,0.0,1.7636252296387018,0.1653398652786283,0.0551132884262094,0.0,0.0,5.897121861604409,0.4960195958358848,MF,,midfield,1
Idrissa Gana Gueye,sn SEN,MF,Everton,eng Premier League,34.0,1989.0,37,35,3063,34.0,0,3,3,0,0,0,1.1,1.1,1.7,2.8,0.08,27,5,18.5,0.79,0.15,0.0,0.0,0.04,1230,1422,86.5,20779,5681,2.0,19,154,10,3,7,0,2,7,145,60,1.76,4,0.12,133,80,61,55,17,58.6,48,181,36,22,1,1801,72,21,18,46.2,861,27,4,32,38,1048,27,9,0,0,55,3,0,0,0,194,24,61.5,0.0,0.0881488736532811,0.0881488736532811,0.0,0.0323212536728697,0.0323212536728697,0.0499510284035259,0.0822722820763956,0.0023506366307541,0.79333986287953,0.1469147894221351,36.14103819784525,41.78256611165524,610.5484818805094,166.92458374142996,0.058765915768854,0.5582761998041136,4.5249755142017625,0.2938295788442703,0.0881488736532811,0.2056807051909892,0.0,0.058765915768854,0.2056807051909892,4.260528893241919,3.907933398628795,2.3506366307541624,1.792360430950049,1.6160626836434866,0.4995102840352595,1.4103819784524976,5.318315377081293,1.0577864838393731,0.6464250734573947,52.91870714985309,2.1155729676787463,0.6170421155729677,0.5288932419196866,25.29872673849168,0.79333986287953,0.1175318315377081,0.940254652301665,1.1165523996082272,30.79333986287953,0.79333986287953,0.2644466209598433,0.0,1.6160626836434866,0.0881488736532811,0.0,0.0,0.0,5.700293829578845,0.7051909892262488,MF,,midfield,1
Aleix García,es ESP,MF,Leverkusen,de Bundesliga,27.0,1997.0,28,17,1455,16.2,3,4,7,3,0,0,1.0,1.0,4.9,5.9,0.36,15,5,33.3,0.93,0.31,0.2,0.6,0.06,1212,1390,87.2,21055,6014,3.8,32,135,12,4,92,58,2,33,120,60,3.71,10,0.62,13,7,4,6,3,46.7,11,24,24,16,1,1503,45,11,4,80.0,787,27,1,10,5,1169,47,3,0,0,8,0,0,0,0,69,3,27.3,0.1855670103092783,0.2474226804123711,0.4329896907216495,0.1855670103092783,0.0618556701030927,0.0618556701030927,0.3030927835051547,0.3649484536082474,0.0222680412371134,0.9278350515463918,0.3092783505154639,74.96907216494846,85.97938144329898,1302.3711340206185,372.00000000000006,0.2350515463917525,1.9793814432989687,8.350515463917526,0.7422680412371134,0.2474226804123711,5.690721649484535,3.587628865979381,0.1237113402061855,2.0412371134020617,7.422680412371134,0.8041237113402061,0.4329896907216495,0.2474226804123711,0.3711340206185567,0.1855670103092783,0.6804123711340206,1.4845360824742269,1.4845360824742269,0.9896907216494846,92.96907216494846,2.783505154639175,0.6804123711340206,0.2474226804123711,48.68041237113402,1.6701030927835052,0.0618556701030927,0.6185567010309279,0.3092783505154639,72.30927835051547,2.907216494845361,0.1855670103092783,0.0,0.4948453608247423,0.0,0.0,0.0,0.0,4.268041237113402,0.1855670103092783,MF,,midfield,3
Alejandro Garnacho,ar ARG,"MF,FW",Manchester Utd,eng Premier League,20.0,2004.0,36,23,2199,24.4,6,2,8,6,0,0,7.3,7.3,4.5,11.8,0.48,84,29,34.5,3.44,1.19,0.07,0.21,0.09,649,823,78.9,9138,1181,2.8,37,22,25,5,56,2,2,9,56,83,3.4,6,0.25,30,18,11,6,13,32.4,13,43,11,54,2,1159,13,176,26,29.2,840,141,67,64,48,888,290,3,0,0,12,6,0,0,0,108,3,11.1,0.2455661664392905,0.0818553888130968,0.3274215552523874,0.2455661664392905,0.2987721691678035,0.2987721691678035,0.1841746248294679,0.4829467939972715,0.0196452933151432,3.437926330150068,1.1869031377899044,26.562073669849934,33.68349249658936,373.9972714870396,48.3356070941337,0.1145975443383355,1.5143246930422918,0.9004092769440655,1.0231923601637107,0.2046384720327421,2.291950886766712,0.0818553888130968,0.0818553888130968,0.3683492496589358,2.291950886766712,1.227830832196453,0.7366984993178717,0.4502046384720327,0.2455661664392905,0.5320600272851297,0.5320600272851297,1.7598908594815823,0.4502046384720327,2.210095497953615,47.43519781718963,0.5320600272851297,7.203274215552524,1.0641200545702594,34.37926330150068,5.770804911323329,2.742155525238745,2.6193724420191,1.9645293315143249,36.343792633015006,11.869031377899043,0.1227830832196452,0.0,0.4911323328785811,0.2455661664392905,0.0,0.0,0.0,4.42019099590723,0.1227830832196452,MF,FW,midfield,4
James Garner,eng ENG,"MF,DF",Everton,eng Premier League,23.0,2001.0,21,17,1594,17.7,0,1,1,0,0,0,0.7,0.7,1.4,2.1,0.12,12,4,33.3,0.68,0.23,0.0,0.0,0.06,611,803,76.1,10658,3158,1.4,13,60,7,4,57,23,2,2,50,39,2.2,5,0.28,47,31,25,20,2,58.5,23,70,37,23,0,977,40,15,7,36.8,478,15,2,16,9,550,30,5,0,0,20,0,0,0,0,73,11,45.8,0.0,0.0564617314930991,0.0564617314930991,0.0,0.0395232120451693,0.0395232120451693,0.0790464240903387,0.1185696361355081,0.0067754077791718,0.6775407779171895,0.2258469259723964,34.498117942283564,45.338770388958594,601.7691342534505,178.30614805520702,0.0790464240903387,0.7340025094102886,3.3877038895859477,0.3952321204516938,0.2258469259723964,3.21831869510665,1.29861982434128,0.1129234629861982,0.1129234629861982,2.8230865746549565,2.653701380175659,1.7503136762860727,1.4115432873274782,1.1292346298619824,0.1129234629861982,1.29861982434128,3.9523212045169385,2.089084065244668,1.29861982434128,55.16311166875784,2.258469259723965,0.8469259723964868,0.3952321204516938,26.988707653701383,0.8469259723964868,0.1129234629861982,0.903387703889586,0.5081555834378921,31.05395232120452,1.6938519447929736,0.2823086574654956,0.0,1.1292346298619824,0.0,0.0,0.0,0.0,4.121706398996236,0.6210790464240903,MF,DF,midfield,1
Gavi,es ESP,"MF,FW",Barcelona,es La Liga,19.0,2004.0,26,14,1085,12.1,1,1,2,1,0,0,0.9,0.9,1.6,2.4,0.2,11,1,9.1,0.91,0.08,0.09,1.0,0.08,733,814,90.0,10848,2687,1.5,14,92,11,1,9,1,1,5,77,39,3.24,4,0.33,30,21,10,15,5,57.7,10,40,7,7,0,943,10,34,9,50.0,557,13,1,19,9,712,42,4,0,0,38,0,0,0,0,61,21,44.7,0.0829493087557603,0.0829493087557603,0.1658986175115207,0.0829493087557603,0.0746543778801843,0.0746543778801843,0.1327188940092166,0.1990783410138248,0.016589861751152,0.912442396313364,0.0829493087557603,60.80184331797236,67.52073732718894,899.8341013824885,222.88479262672809,0.1244239631336405,1.1612903225806452,7.631336405529954,0.912442396313364,0.0829493087557603,0.7465437788018434,0.0829493087557603,0.0829493087557603,0.4147465437788018,6.387096774193548,2.4884792626728114,1.7419354838709675,0.8294930875576036,1.2442396313364057,0.4147465437788018,0.8294930875576036,3.3179723502304146,0.5806451612903226,0.5806451612903226,78.22119815668202,0.8294930875576036,2.8202764976958528,0.7465437788018434,46.20276497695853,1.0783410138248848,0.0829493087557603,1.5760368663594468,0.7465437788018434,59.05990783410138,3.4838709677419355,0.3317972350230415,0.0,3.1520737327188937,0.0,0.0,0.0,0.0,5.059907834101383,1.7419354838709675,MF,FW,midfield,3
Yann Gboho,fr FRA,"MF,FW",Toulouse,fr Ligue 1,23.0,2001.0,31,27,2333,25.9,5,4,9,5,0,0,5.4,5.4,3.5,8.9,0.35,50,26,52.0,1.93,1.0,0.1,0.19,0.11,478,644,74.2,6718,2050,4.1,30,53,28,0,26,0,7,1,103,87,3.36,7,0.27,31,18,7,15,9,40.0,6,37,4,33,1,953,5,124,50,41.0,690,116,37,66,50,709,189,2,0,0,16,6,1,0,0,107,5,15.6,0.1928846978139734,0.1543077582511787,0.3471924560651521,0.1928846978139734,0.2083154736390913,0.2083154736390913,0.1350192884697814,0.3433347621088727,0.0135019288469781,1.9288469781397344,1.003000428632662,18.439777111015857,24.84354907843978,259.1598799828547,79.0827261037291,0.1581654522074582,1.1573081868838404,2.0445777968281185,1.0801543077582512,0.0,1.003000428632662,0.0,0.2700385769395628,0.0385769395627946,3.973424774967852,1.1958851264466352,0.6943849121303043,0.2700385769395628,0.5786540934419202,0.3471924560651521,0.2314616373767681,1.4273467638234032,0.1543077582511787,1.2730390055722245,36.76382340334333,0.1928846978139734,4.783540505786541,1.9288469781397344,26.61808829832833,4.474924989284183,1.4273467638234032,2.546078011144449,1.9288469781397344,27.351050150021432,7.291041577368195,0.0771538791255893,0.0,0.6172310330047149,0.2314616373767681,0.0385769395627946,0.0,0.0,4.127732533219032,0.1928846978139734,MF,FW,midfield,4
Yannick Gerhardt,de GER,"MF,DF",Wolfsburg,de Bundesliga,30.0,1994.0,29,15,1518,16.9,1,1,2,1,0,0,1.2,1.2,0.2,1.4,0.08,15,4,26.7,0.89,0.24,0.07,0.25,0.08,513,667,76.9,7872,2653,1.1,4,44,11,4,24,1,1,1,57,29,1.72,2,0.12,28,16,13,14,1,36.7,17,45,47,19,0,854,49,32,1,12.5,438,27,5,19,3,519,63,5,1,0,20,4,0,0,0,49,21,42.0,0.0592885375494071,0.0592885375494071,0.1185770750988142,0.0592885375494071,0.0711462450592885,0.0711462450592885,0.0118577075098814,0.0830039525691699,0.0047430830039525,0.8893280632411067,0.2371541501976284,30.415019762845848,39.54545454545455,466.7193675889328,157.2924901185771,0.0652173913043478,0.2371541501976284,2.608695652173913,0.6521739130434783,0.2371541501976284,1.4229249011857708,0.0592885375494071,0.0592885375494071,0.0592885375494071,3.3794466403162056,1.6600790513833992,0.948616600790514,0.7707509881422925,0.8300395256916996,0.0592885375494071,1.007905138339921,2.66798418972332,2.7865612648221343,1.1264822134387351,50.63241106719368,2.9051383399209487,1.897233201581028,0.0592885375494071,25.96837944664032,1.6007905138339922,0.2964426877470356,1.1264822134387351,0.1778656126482213,30.770750988142296,3.735177865612648,0.2964426877470356,0.0592885375494071,1.1857707509881423,0.2371541501976284,0.0,0.0,0.0,2.9051383399209487,1.245059288537549,MF,DF,midfield,2
Morgan Gibbs-White,eng ENG,MF,Nott'ham Forest,eng Premier League,24.0,2000.0,34,34,2803,31.1,7,8,15,7,0,0,6.3,6.3,5.0,11.2,0.36,61,21,34.4,1.96,0.67,0.11,0.33,0.1,993,1269,78.3,15389,4754,4.7,51,128,41,10,45,1,19,12,164,115,3.69,19,0.61,43,22,14,23,6,51.5,23,66,29,27,1,1627,35,92,31,40.3,923,69,13,70,44,1227,137,11,1,1,38,5,1,0,0,127,40,42.1,0.2247591865858009,0.2568676418123439,0.4816268283981448,0.2247591865858009,0.2022832679272208,0.2022832679272208,0.1605422761327149,0.3596146985372815,0.0115590438815554,1.958615768819122,0.6742775597574028,31.88369603995719,40.745629682483056,494.11701748127007,152.64359614698537,0.150909739564752,1.6375312165536926,4.109882268997502,1.3164466642882626,0.3210845522654298,1.4448804851944343,0.0321084552265429,0.6100606493043168,0.3853014627185158,5.2657866571530505,1.3806635747413487,0.7063860149839458,0.4495183731716018,0.7384944702104888,0.1926507313592579,0.7384944702104888,2.119158044951837,0.9311452015697468,0.8669282911166607,52.24045665358545,1.1237959329290048,2.953977880841955,0.9953621120228326,29.636104174099177,2.2154834106314665,0.4174099179450588,2.2475918658580096,1.4127720299678916,39.39707456296825,4.398858366036389,0.3531930074919729,0.0321084552265429,1.2201212986086336,0.1605422761327149,0.0321084552265429,0.0,0.0,4.07777381377096,1.2843382090617197,MF,,midfield,0
Armin Gigovic,ba BIH,MF,Holstein Kiel,de Bundesliga,22.0,2002.0,31,23,1895,21.1,5,1,6,5,0,0,1.9,1.9,2.1,3.9,0.19,26,10,38.5,1.23,0.47,0.19,0.5,0.07,524,674,77.7,8461,2077,1.7,16,44,7,0,14,1,5,4,50,39,1.85,7,0.33,25,13,14,8,3,23.8,21,46,33,13,0,935,56,38,20,36.4,476,37,7,45,23,536,45,5,0,0,22,6,1,1,0,117,18,48.6,0.2374670184696569,0.0474934036939313,0.2849604221635883,0.2374670184696569,0.0902374670184696,0.0902374670184696,0.0997361477572559,0.1852242744063324,0.0090237467018469,1.2348284960422162,0.4749340369393139,24.88654353562005,32.010554089709764,401.8416886543536,98.64379947229553,0.0807387862796833,0.7598944591029023,2.089709762532981,0.3324538258575197,0.0,0.6649076517150395,0.0474934036939313,0.2374670184696569,0.1899736147757255,2.37467018469657,1.187335092348285,0.6174142480211081,0.6649076517150395,0.3799472295514511,0.1424802110817941,0.9973614775725594,2.1846965699208445,1.567282321899736,0.6174142480211081,44.40633245382586,2.659630606860158,1.8047493403693933,0.949868073878628,22.60686015831135,1.7572559366754616,0.3324538258575197,2.1372031662269126,1.0923482849604222,25.45646437994723,2.1372031662269126,0.2374670184696569,0.0,1.0448548812664906,0.2849604221635883,0.0474934036939313,0.0474934036939313,0.0,5.556728232189974,0.8548812664907651,MF,,midfield,4
Billy Gilmour,sct SCO,MF,Napoli,it Serie A,23.0,2001.0,26,13,1177,13.1,0,1,1,0,0,0,0.5,0.5,1.8,2.3,0.18,9,1,11.1,0.69,0.08,0.0,0.0,0.06,804,908,88.5,14176,3784,1.9,21,65,12,2,18,10,3,3,67,40,3.06,4,0.31,24,16,10,9,5,60.0,9,33,23,5,0,1006,43,5,5,50.0,540,11,0,11,5,782,18,0,0,0,14,2,0,0,0,64,9,47.4,0.0,0.076465590484282,0.076465590484282,0.0,0.038232795242141,0.038232795242141,0.1376380628717077,0.1758708581138487,0.0137638062871707,0.6881903143585387,0.076465590484282,61.47833474936279,69.43075615972813,1083.976210705183,289.3457943925234,0.1452846219201359,1.6057774001699234,4.970263381478334,0.9175870858113848,0.1529311809685641,1.3763806287170774,0.7646559048428208,0.2293967714528462,0.2293967714528462,5.123194562446899,1.8351741716227696,1.2234494477485132,0.7646559048428208,0.6881903143585387,0.3823279524214104,0.6881903143585387,2.5233644859813085,1.7587085811384875,0.3823279524214104,76.92438402718777,3.288020390824129,0.3823279524214104,0.3823279524214104,41.29141886151232,0.8411214953271028,0.0,0.8411214953271028,0.3823279524214104,59.79609175870858,1.3763806287170774,0.0,0.0,1.070518266779949,0.1529311809685641,0.0,0.0,0.0,4.893797790994053,0.6881903143585387,MF,,midfield,3
Gvidas Gineitis,lt LTU,MF,Torino,it Serie A,20.0,2004.0,30,15,1430,15.9,3,1,4,3,0,0,1.3,1.3,2.0,3.3,0.21,29,8,27.6,1.83,0.5,0.1,0.38,0.04,399,534,74.7,6511,1895,2.2,21,38,7,2,51,25,2,0,36,39,2.45,2,0.13,25,15,8,10,7,52.0,18,43,32,26,0,715,36,24,8,47.1,388,15,4,25,10,427,43,5,0,0,23,2,0,0,0,57,14,43.8,0.1888111888111888,0.0629370629370629,0.2517482517482518,0.1888111888111888,0.0818181818181818,0.0818181818181818,0.1258741258741259,0.2076923076923076,0.0132167832167832,1.8251748251748248,0.5034965034965035,25.11188811188811,33.60839160839161,409.7832167832168,119.26573426573428,0.1384615384615384,1.3216783216783217,2.391608391608392,0.4405594405594406,0.1258741258741259,3.2097902097902096,1.5734265734265735,0.1258741258741259,0.0,2.265734265734266,1.5734265734265735,0.944055944055944,0.5034965034965035,0.6293706293706294,0.4405594405594406,1.132867132867133,2.7062937062937062,2.013986013986014,1.6363636363636362,45.0,2.265734265734266,1.5104895104895104,0.5034965034965035,24.41958041958042,0.944055944055944,0.2517482517482518,1.5734265734265735,0.6293706293706294,26.87412587412588,2.7062937062937062,0.3146853146853147,0.0,1.4475524475524475,0.1258741258741259,0.0,0.0,0.0,3.587412587412587,0.8811188811188811,MF,,midfield,4
Aleksandr Golovin,ru RUS,"MF,FW",Monaco,fr Ligue 1,28.0,1996.0,19,13,1153,12.8,3,0,3,3,0,0,2.3,2.3,2.4,4.7,0.37,24,9,37.5,1.87,0.7,0.13,0.33,0.1,523,678,77.1,8301,3070,3.2,24,77,31,3,23,7,9,4,112,48,3.74,1,0.08,38,24,9,20,9,43.6,12,50,7,13,0,840,7,31,22,59.5,504,39,9,27,18,563,72,1,0,0,25,1,0,0,0,101,9,40.9,0.2341717259323504,0.0,0.2341717259323504,0.2341717259323504,0.1795316565481353,0.1795316565481353,0.1873373807458803,0.3668690372940156,0.0288811795316565,1.873373807458803,0.7025151777970512,40.82393755420642,52.92281006071119,647.9531656548135,239.6357328707719,0.2497831743278404,1.873373807458803,6.010407632263661,2.419774501300954,0.2341717259323504,1.795316565481353,0.546400693842151,0.7025151777970512,0.3122289679098005,8.742411101474415,2.966175195143105,1.873373807458803,0.7025151777970512,1.5611448395490024,0.7025151777970512,0.9366869037294016,3.9028620988725065,0.546400693842151,1.0147441457068516,65.5680832610581,0.546400693842151,2.419774501300954,1.717259323503903,39.34084995663486,3.044232437120555,0.7025151777970512,2.107545533391153,1.4050303555941024,43.94622723330442,5.6201214223764095,0.0780572419774501,0.0,1.9514310494362528,0.0780572419774501,0.0,0.0,0.0,7.883781439722464,0.7025151777970512,MF,FW,midfield,3
André Gomes,pt POR,MF,Lille,fr Ligue 1,31.0,1993.0,20,16,1276,14.2,0,0,0,0,0,0,0.5,0.5,0.7,1.3,0.09,11,3,27.3,0.78,0.21,0.0,0.0,0.05,861,963,89.4,14106,3490,1.7,10,96,15,1,11,0,5,11,101,26,1.83,1,0.07,27,13,9,11,7,35.5,6,33,11,11,2,1086,28,13,10,41.7,632,18,0,25,19,862,28,3,0,0,24,0,0,0,0,92,9,56.3,0.0,0.0,0.0,0.0,0.0352664576802507,0.0352664576802507,0.049373040752351,0.091692789968652,0.0063479623824451,0.7758620689655172,0.2115987460815047,60.728840125391855,67.92319749216301,994.937304075235,246.1598746081505,0.1199059561128526,0.7053291536050156,6.771159874608151,1.0579937304075235,0.0705329153605015,0.7758620689655172,0.0,0.3526645768025078,0.7758620689655172,7.123824451410658,1.9043887147335423,0.9169278996865204,0.6347962382445141,0.7758620689655172,0.493730407523511,0.4231974921630094,2.327586206896552,0.7758620689655172,0.7758620689655172,76.5987460815047,1.974921630094044,0.9169278996865204,0.7053291536050156,44.57680250783699,1.2695924764890285,0.0,1.7633228840125392,1.3401253918495295,60.79937304075236,1.974921630094044,0.2115987460815047,0.0,1.6927899686520378,0.0,0.0,0.0,0.0,6.4890282131661445,0.6347962382445141,MF,,midfield,3
João Gomes,br BRA,MF,Wolves,eng Premier League,23.0,2001.0,36,35,2974,33.0,3,1,4,3,0,0,2.9,2.9,1.2,4.1,0.12,35,7,20.0,1.06,0.21,0.09,0.43,0.08,1380,1623,85.0,19707,4911,1.9,23,122,24,1,29,1,5,9,165,67,2.03,4,0.12,116,71,55,53,8,43.6,25,141,33,24,0,1998,62,45,30,46.2,1059,59,6,43,51,1335,76,11,1,1,70,2,0,0,0,200,11,29.7,0.0907868190988567,0.0302622730329522,0.121049092131809,0.0907868190988567,0.0877605917955615,0.0877605917955615,0.0363147276395427,0.1240753194351042,0.0036314727639542,1.0591795561533288,0.2118359112306657,41.76193678547411,49.1156691324815,596.3786146603901,148.6180228648285,0.0574983187626092,0.6960322797579018,3.691997310020175,0.7262945527908541,0.0302622730329522,0.8776059179556153,0.0302622730329522,0.1513113651647612,0.2723604572965702,4.993275050437122,3.510423671822461,2.14862138533961,1.664425016812374,1.6039004707464692,0.242098184263618,0.7565568258238063,4.266980497646268,0.9986550100874244,0.7262945527908541,60.4640215198386,1.87626092804304,1.3618022864828514,0.9078681909885676,32.04774714189644,1.7854741089441828,0.1815736381977135,1.3012777404169469,1.543375924680565,40.40013449899126,2.299932750504371,0.3328850033624748,0.0302622730329522,2.1183591123066576,0.0605245460659045,0.0,0.0,0.0,6.052454606590451,0.3328850033624748,MF,,midfield,1
Sergio Gómez,es ESP,"MF,DF",Real Sociedad,es La Liga,23.0,2000.0,37,31,2738,30.4,2,5,7,2,0,0,1.9,1.9,8.9,10.8,0.35,18,10,55.6,0.59,0.33,0.11,0.2,0.11,1076,1439,74.8,17323,4647,7.5,56,77,23,11,231,133,1,9,93,102,3.35,10,0.33,71,39,30,29,12,53.6,19,90,30,47,2,1724,38,52,22,43.1,843,43,6,45,16,1025,154,4,0,0,29,2,0,1,0,146,20,47.6,0.0657414170927684,0.1643535427319211,0.2300949598246895,0.0657414170927684,0.06245434623813,0.06245434623813,0.2925493060628196,0.3550036523009496,0.0115047479912344,0.591672753834916,0.3287070854638422,35.368882395909424,47.300949598246895,569.4192841490138,152.7501826150475,0.2465303140978816,1.8407596785975169,2.531044558071585,0.7560262965668372,0.3615777940102264,7.593133674214755,4.371804236669101,0.0328707085463842,0.295836376917458,3.056975894813733,2.33382030679328,1.2819576333089846,0.9861212563915266,0.9532505478451424,0.3944485025566107,0.6245434623813002,2.95836376917458,0.9861212563915266,1.5449233016800583,56.669101533966405,1.2490869247626004,1.7092768444119797,0.7231555880204528,27.7100073046019,1.4134404674945216,0.1972242512783053,1.47918188458729,0.5259313367421475,33.692476260043826,5.06208911614317,0.1314828341855368,0.0,0.9532505478451424,0.0657414170927684,0.0,0.0328707085463842,0.0,4.7991234477720965,0.6574141709276845,MF,DF,midfield,0
Unai Gómez,es ESP,"MF,FW",Athletic Club,es La Liga,21.0,2003.0,32,14,1284,14.3,1,3,4,1,0,0,1.9,1.9,0.8,2.7,0.19,19,4,21.1,1.33,0.28,0.05,0.25,0.1,223,305,73.1,3424,683,0.9,10,20,1,0,23,12,2,0,23,23,1.61,3,0.21,12,8,3,7,2,57.1,2,14,15,6,1,439,20,21,12,41.4,235,19,3,23,21,271,49,1,0,0,12,1,0,0,0,42,29,48.3,0.0700934579439252,0.2102803738317757,0.2803738317757009,0.0700934579439252,0.1331775700934579,0.1331775700934579,0.0560747663551401,0.1892523364485981,0.0133177570093457,1.3317757009345794,0.2803738317757009,15.630841121495326,21.3785046728972,240.0,47.873831775700936,0.0630841121495327,0.7009345794392523,1.4018691588785046,0.0700934579439252,0.0,1.6121495327102802,0.8411214953271028,0.1401869158878504,0.0,1.6121495327102802,0.8411214953271028,0.5607476635514018,0.2102803738317757,0.4906542056074766,0.1401869158878504,0.1401869158878504,0.9813084112149532,1.0514018691588785,0.4205607476635514,30.77102803738318,1.4018691588785046,1.4719626168224298,0.8411214953271028,16.47196261682243,1.3317757009345794,0.2102803738317757,1.6121495327102802,1.4719626168224298,18.99532710280374,3.434579439252336,0.0700934579439252,0.0,0.8411214953271028,0.0700934579439252,0.0,0.0,0.0,2.94392523364486,2.0327102803738315,MF,FW,midfield,4
Urko González,es ESP,MF,Espanyol,es La Liga,23.0,2001.0,17,16,1374,15.3,0,2,2,0,0,0,0.5,0.5,0.7,1.3,0.08,4,2,50.0,0.26,0.13,0.0,0.0,0.14,335,432,77.5,5763,1784,0.8,10,37,5,0,3,1,2,1,62,23,1.51,5,0.33,46,28,24,21,1,63.6,8,54,39,14,1,610,65,11,6,35.3,306,18,3,18,12,316,8,2,0,0,15,1,0,1,0,71,20,57.1,0.0,0.131004366812227,0.131004366812227,0.0,0.0327510917030567,0.0327510917030567,0.0458515283842794,0.0851528384279476,0.005240174672489,0.2620087336244541,0.131004366812227,21.943231441048034,28.29694323144105,377.48908296943233,116.85589519650657,0.0524017467248908,0.6550218340611353,2.423580786026201,0.3275109170305676,0.0,0.1965065502183406,0.0655021834061135,0.131004366812227,0.0655021834061135,4.06113537117904,3.013100436681223,1.834061135371179,1.5720524017467248,1.3755458515283845,0.0655021834061135,0.5240174672489083,3.537117903930131,2.554585152838428,0.9170305676855895,39.956331877729255,4.25764192139738,0.7205240174672489,0.3930131004366812,20.04366812227074,1.1790393013100435,0.1965065502183406,1.1790393013100435,0.7860262008733624,20.69868995633188,0.5240174672489083,0.131004366812227,0.0,0.982532751091703,0.0655021834061135,0.0,0.0655021834061135,0.0,4.650655021834061,1.310043668122271,MF,,midfield,1
Leon Goretzka,de GER,"MF,DF",Bayern Munich,de Bundesliga,29.0,1995.0,26,13,1325,14.7,4,1,5,4,0,0,2.8,2.8,1.7,4.4,0.3,32,11,34.4,2.17,0.75,0.13,0.36,0.09,1101,1225,89.9,17307,4696,2.4,12,147,15,0,5,0,5,8,127,28,1.9,2,0.14,21,11,5,12,4,50.0,20,41,25,12,1,1373,47,27,7,87.5,794,35,3,4,4,1051,28,2,0,0,12,1,0,0,0,77,31,54.4,0.2716981132075471,0.0679245283018867,0.3396226415094339,0.2716981132075471,0.190188679245283,0.190188679245283,0.1154716981132075,0.2988679245283019,0.020377358490566,2.1735849056603773,0.7471698113207548,74.78490566037736,83.20754716981132,1175.5698113207548,318.9735849056604,0.1630188679245283,0.8150943396226416,9.98490566037736,1.018867924528302,0.0,0.3396226415094339,0.0,0.3396226415094339,0.5433962264150943,8.626415094339624,1.4264150943396223,0.7471698113207548,0.3396226415094339,0.8150943396226416,0.2716981132075471,1.3584905660377358,2.7849056603773583,1.6981132075471697,0.8150943396226416,93.26037735849056,3.1924528301886794,1.8339622641509437,0.4754716981132076,53.93207547169811,2.3773584905660377,0.2037735849056604,0.2716981132075471,0.2716981132075471,71.38867924528302,1.9018867924528304,0.1358490566037735,0.0,0.8150943396226416,0.0679245283018867,0.0,0.0,0.0,5.230188679245283,2.1056603773584905,MF,DF,midfield,3
Mario Götze,de GER,"MF,FW",Eint Frankfurt,de Bundesliga,32.0,1992.0,24,18,1542,17.1,3,2,5,3,0,0,2.9,2.9,3.1,6.0,0.35,8,5,62.5,0.47,0.29,0.38,0.6,0.37,656,846,77.5,9147,2783,1.9,34,56,19,1,39,17,3,2,88,58,3.39,3,0.18,41,28,18,20,3,41.7,7,48,8,26,0,986,12,43,9,39.1,617,29,6,26,27,706,96,1,0,0,15,1,0,0,0,104,3,23.1,0.1750972762645914,0.1167315175097276,0.2918287937743191,0.1750972762645914,0.169260700389105,0.169260700389105,0.1809338521400778,0.3501945525291828,0.0204280155642023,0.4669260700389105,0.2918287937743191,38.28793774319066,49.37743190661479,533.8715953307393,162.431906614786,0.1108949416342412,1.9844357976653697,3.268482490272374,1.1089494163424125,0.0583657587548638,2.2762645914396886,0.9922178988326849,0.1750972762645914,0.1167315175097276,5.136186770428015,2.3929961089494163,1.634241245136187,1.050583657587549,1.1673151750972763,0.1750972762645914,0.4085603112840467,2.801556420233463,0.4669260700389105,1.517509727626459,57.548638132295714,0.7003891050583657,2.509727626459144,0.5252918287937743,36.011673151750976,1.6926070038910506,0.3501945525291828,1.517509727626459,1.575875486381323,41.20622568093385,5.603112840466926,0.0583657587548638,0.0,0.8754863813229572,0.0583657587548638,0.0,0.0,0.0,6.070038910505836,0.1750972762645914,MF,FW,midfield,0
Amine Gouiri,dz ALG,"MF,FW",Rennes,fr Ligue 1,24.0,2000.0,19,11,1037,11.5,3,2,5,3,0,0,3.5,3.5,0.4,3.9,0.34,31,16,51.6,2.69,1.39,0.1,0.19,0.11,277,354,78.2,3878,899,0.8,8,21,9,0,12,7,3,0,46,29,2.52,4,0.35,9,6,4,4,1,25.0,2,11,5,16,0,474,5,47,15,45.5,266,22,11,20,21,354,63,2,0,0,18,0,0,0,0,40,8,34.8,0.2603664416586307,0.1735776277724204,0.4339440694310511,0.2603664416586307,0.3037608486017357,0.3037608486017357,0.034715525554484,0.3384763741562198,0.0295081967213114,2.690453230472517,1.3886210221793636,24.04050144648023,30.72324011571842,336.5670202507232,78.02314368370298,0.0694310511089681,0.6943105110896818,1.8225650916104144,0.781099324975892,0.0,1.0414657666345228,0.6075216972034715,0.2603664416586307,0.0,3.9922854387656703,0.781099324975892,0.5207328833172614,0.3471552555448409,0.3471552555448409,0.0867888138862102,0.1735776277724204,0.9546769527483124,0.4339440694310511,1.3886210221793636,41.137897782063646,0.4339440694310511,4.07907425265188,1.3018322082931533,23.08582449373192,1.9093539054966249,0.9546769527483124,1.7357762777242045,1.8225650916104144,30.72324011571842,5.467695274831244,0.1735776277724204,0.0,1.562198649951784,0.0,0.0,0.0,0.0,3.471552555448409,0.6943105110896818,MF,FW,midfield,4
Alberto Grassi,it ITA,MF,Empoli,it Serie A,29.0,1995.0,28,27,2203,24.5,1,0,1,1,0,0,1.0,1.0,0.8,1.9,0.08,11,4,36.4,0.45,0.16,0.09,0.25,0.09,634,850,74.6,10794,3479,0.7,7,65,7,0,10,0,2,1,74,27,1.1,2,0.08,39,21,16,18,5,63.6,33,72,43,14,1,1058,67,26,5,41.7,441,18,1,26,18,542,24,8,0,0,28,3,1,0,0,124,29,58.0,0.0408533817521561,0.0,0.0408533817521561,0.0408533817521561,0.0408533817521561,0.0408533817521561,0.0326827054017249,0.0776214253290966,0.0032682705401724,0.4493871992737177,0.1634135270086246,25.901044030867,34.72537448933273,440.9714026327735,142.12891511575123,0.0285973672265093,0.285973672265093,2.65546981389015,0.285973672265093,0.0,0.4085338175215615,0.0,0.0817067635043123,0.0408533817521561,3.0231502496595555,1.59328188833409,0.8579210167952792,0.6536541080344984,0.7353608715388108,0.2042669087607807,1.348161597821153,2.941443486155243,1.7566954153427146,0.571947344530186,43.22287789378121,2.7371765773944623,1.0621879255560598,0.2042669087607807,18.016341352700863,0.7353608715388108,0.0408533817521561,1.0621879255560598,0.7353608715388108,22.142532909668635,0.9804811620517476,0.3268270540172492,0.0,1.143894689060372,0.1225601452564684,0.0408533817521561,0.0,0.0,5.065819337267363,1.1847480708125284,MF,,midfield,2
Ryan Gravenberch,nl NED,MF,Liverpool,eng Premier League,22.0,2002.0,37,37,3160,35.1,0,4,4,0,0,0,1.1,1.1,3.1,4.2,0.12,20,5,25.0,0.57,0.14,0.0,0.0,0.06,1718,1927,89.2,25904,6528,3.5,26,151,35,2,7,0,8,7,181,68,1.94,6,0.17,69,35,27,29,13,57.1,60,129,59,15,2,2343,117,26,37,45.7,1396,70,10,55,26,1669,55,6,1,0,47,0,0,0,0,193,26,65.0,0.0,0.1139240506329113,0.1139240506329113,0.0,0.0313291139240506,0.0313291139240506,0.0882911392405063,0.1196202531645569,0.0034177215189873,0.569620253164557,0.1424050632911392,48.93037974683544,54.88291139240506,737.7721518987341,185.9240506329114,0.0996835443037974,0.7405063291139241,4.3006329113924044,0.9968354430379748,0.0569620253164556,0.1993670886075949,0.0,0.2278481012658227,0.1993670886075949,5.155063291139241,1.9651898734177211,0.9968354430379748,0.7689873417721519,0.8259493670886077,0.370253164556962,1.7088607594936709,3.674050632911392,1.680379746835443,0.4272151898734177,66.73101265822784,3.3322784810126587,0.7405063291139241,1.0537974683544304,39.75949367088608,1.9936708860759491,0.2848101265822785,1.5664556962025316,0.7405063291139241,47.53481012658228,1.5664556962025316,0.170886075949367,0.0284810126582278,1.3386075949367089,0.0,0.0,0.0,0.0,5.496835443037974,0.7405063291139241,MF,,midfield,1
Pascal Groß,de GER,"MF,DF",Dortmund,de Bundesliga,33.0,1991.0,30,28,2327,25.9,0,9,9,0,0,0,2.4,2.4,5.1,7.5,0.29,27,7,25.9,1.04,0.27,0.0,0.0,0.09,1589,1970,80.7,27293,8030,6.4,57,120,44,15,174,98,3,12,178,96,3.71,17,0.66,44,28,11,26,7,29.4,9,53,30,33,1,2178,60,50,3,33.3,1149,41,5,22,9,1510,122,5,1,0,18,1,0,1,0,96,24,42.9,0.0,0.3480876665234207,0.3480876665234207,0.0,0.0928233777395788,0.0928233777395788,0.197249677696605,0.2900730554361839,0.0112161581435324,1.044262999570262,0.2707348517404383,61.4568113450795,76.19252256123765,1055.595186935969,310.5715513536743,0.2475290073055436,2.204555221314998,4.641168886978943,1.7017619252256122,0.5801461108723679,6.729694886119468,3.7902879243661367,0.1160292221744735,0.4641168886978942,6.884400515685432,1.7017619252256122,1.0829394069617533,0.425440481306403,1.005586592178771,0.2707348517404383,0.3480876665234207,2.049849591749033,1.1602922217447358,1.2763214439192092,84.2372152986678,2.320584443489472,1.9338203695745595,0.1160292221744735,44.43919209282338,1.5857327030511388,0.1933820369574559,0.8508809626128061,0.3480876665234207,58.4013751611517,4.718521701761925,0.1933820369574559,0.0386764073914911,0.6961753330468414,0.0386764073914911,0.0,0.0386764073914911,0.0,3.712935109583154,0.9282337773957884,MF,DF,midfield,0
Nemanja Gudelj,rs SRB,"MF,DF",Sevilla,es La Liga,32.0,1991.0,31,27,2493,27.7,1,1,2,0,1,1,1.6,0.8,0.6,1.5,0.08,22,5,22.7,0.79,0.18,0.0,0.0,0.04,1192,1371,86.9,20321,6020,1.0,14,72,7,0,31,23,1,9,64,34,1.23,2,0.07,42,24,16,22,4,60.0,27,69,94,6,1,1635,143,5,6,66.7,736,14,0,19,3,1007,5,6,0,0,26,1,0,0,0,74,46,63.9,0.0361010830324909,0.0361010830324909,0.0722021660649819,0.0,0.0577617328519855,0.0288808664259927,0.0216606498194945,0.0541516245487364,0.0028880866425992,0.7942238267148014,0.1805054151624548,43.03249097472924,49.494584837545126,733.610108303249,217.3285198555957,0.0361010830324909,0.5054151624548736,2.5992779783393503,0.2527075812274368,0.0,1.1191335740072204,0.8303249097472925,0.0361010830324909,0.3249097472924188,2.3104693140794224,1.5162454873646207,0.8664259927797834,0.5776173285198556,0.7942238267148014,0.1444043321299639,0.9747292418772564,2.490974729241877,3.393501805054152,0.2166064981949458,59.02527075812274,5.16245487364621,0.1805054151624548,0.2166064981949458,26.57039711191336,0.5054151624548736,0.0,0.6859205776173285,0.1083032490974729,36.35379061371841,0.1805054151624548,0.2166064981949458,0.0,0.9386281588447652,0.0361010830324909,0.0,0.0,0.0,2.6714801444043323,1.660649819494585,MF,DF,midfield,2
Gonçalo Guedes,pt POR,"MF,FW",Wolves,eng Premier League,27.0,1996.0,29,10,995,11.1,2,4,6,2,0,0,3.2,3.2,1.3,4.5,0.4,27,8,29.6,2.44,0.72,0.07,0.25,0.12,259,349,74.2,4193,1060,0.9,14,18,17,5,22,1,1,5,40,30,2.71,8,0.72,16,5,2,6,8,25.0,5,21,4,10,0,484,6,40,9,32.1,304,41,8,38,18,337,79,1,0,0,15,1,0,0,0,36,5,27.8,0.1809045226130653,0.3618090452261306,0.542713567839196,0.1809045226130653,0.2894472361809045,0.2894472361809045,0.1175879396984924,0.4070351758793969,0.036180904522613,2.4422110552763816,0.7236180904522613,23.42713567839196,31.5678391959799,379.26633165829145,95.87939698492464,0.0814070351758794,1.2663316582914574,1.628140703517588,1.5376884422110553,0.4522613065326633,1.9899497487437188,0.0904522613065326,0.0904522613065326,0.4522613065326633,3.618090452261306,1.4472361809045229,0.4522613065326633,0.1809045226130653,0.542713567839196,0.7236180904522613,0.4522613065326633,1.899497487437186,0.3618090452261306,0.9045226130653268,43.778894472361806,0.542713567839196,3.618090452261306,0.8140703517587939,27.49748743718593,3.708542713567839,0.7236180904522613,3.437185929648241,1.628140703517588,30.48241206030151,7.1457286432160805,0.0904522613065326,0.0,1.3567839195979898,0.0904522613065326,0.0,0.0,0.0,3.256281407035176,0.4522613065326633,MF,FW,midfield,4
Mattéo Guendouzi,fr FRA,MF,Lazio,it Serie A,25.0,1999.0,37,37,3270,36.3,1,3,4,1,0,0,1.4,1.4,3.2,4.6,0.13,27,8,29.6,0.74,0.22,0.04,0.13,0.05,1961,2183,89.8,36189,9790,2.8,43,287,33,3,21,9,6,25,316,118,3.25,7,0.19,37,21,13,19,5,42.6,32,69,50,23,2,2437,70,39,15,60.0,1549,89,9,28,18,1836,64,7,0,0,28,1,0,1,0,173,18,45.0,0.0275229357798165,0.0825688073394495,0.110091743119266,0.0275229357798165,0.0385321100917431,0.0385321100917431,0.0880733944954128,0.1266055045871559,0.0035779816513761,0.7431192660550459,0.2201834862385321,53.97247706422018,60.082568807339456,996.02752293578,269.44954128440367,0.0770642201834862,1.18348623853211,7.89908256880734,0.9082568807339452,0.0825688073394495,0.5779816513761469,0.2477064220183486,0.1651376146788991,0.6880733944954128,8.697247706422019,1.0183486238532111,0.5779816513761469,0.3577981651376146,0.5229357798165137,0.1376146788990825,0.8807339449541284,1.89908256880734,1.3761467889908257,0.6330275229357798,67.07339449541284,1.926605504587156,1.073394495412844,0.4128440366972477,42.63302752293578,2.44954128440367,0.2477064220183486,0.7706422018348624,0.4954128440366973,50.53211009174312,1.7614678899082568,0.1926605504587156,0.0,0.7706422018348624,0.0275229357798165,0.0,0.0275229357798165,0.0,4.761467889908257,0.4954128440366973,MF,,midfield,3
Javier Guerra,es ESP,MF,Valencia,es La Liga,21.0,2003.0,36,31,2581,28.7,3,3,6,3,0,0,2.2,2.2,3.2,5.4,0.19,47,10,21.3,1.64,0.35,0.06,0.3,0.05,1023,1314,77.9,17160,5349,3.2,23,119,23,4,45,15,8,11,137,74,2.58,6,0.21,50,27,18,21,11,46.4,20,70,49,40,3,1669,65,49,29,37.2,927,50,13,50,54,1136,84,5,0,0,34,3,0,0,0,168,17,48.6,0.1046106160402944,0.1046106160402944,0.2092212320805889,0.1046106160402944,0.0767144517628826,0.0767144517628826,0.1115846571096474,0.18829910887253,0.0066253390158853,1.6388996512979466,0.3487020534676482,35.67222006974041,45.81944982564897,598.3727237504843,186.52072839984504,0.1115846571096474,0.8020147229755908,4.149554436265014,0.8020147229755908,0.1394808213870592,1.5691592406044168,0.5230530802014723,0.2789616427741185,0.383572258814413,4.77721813250678,1.743510267338241,0.94149554436265,0.6276636962417668,0.7322743122820612,0.383572258814413,0.6974041069352964,2.4409143742735373,1.7086400619914763,1.3948082138705928,58.19837272375049,2.2665633475397136,1.7086400619914763,1.0112359550561798,32.32468035645099,1.743510267338241,0.4533126695079427,1.743510267338241,1.8829910887253,39.61255327392483,2.9290972491282448,0.1743510267338241,0.0,1.185586981790004,0.1046106160402944,0.0,0.0,0.0,5.8581944982564895,0.592793490895002,MF,,midfield,4
Ander Guevara,es ESP,MF,Alavés,es La Liga,27.0,1997.0,33,20,1947,21.6,0,1,1,0,0,0,0.9,0.9,0.6,1.5,0.07,12,3,25.0,0.55,0.14,0.0,0.0,0.07,762,995,76.6,13455,3959,0.6,12,95,11,1,5,0,0,6,112,41,1.89,5,0.23,49,30,19,29,1,41.7,14,63,43,19,1,1208,58,12,9,60.0,512,14,0,22,19,655,19,3,0,0,39,0,0,0,0,120,30,43.5,0.0,0.0462249614791987,0.0462249614791987,0.0,0.0416024653312788,0.0416024653312788,0.0277349768875192,0.0693374422187981,0.0032357473035439,0.5546995377503853,0.1386748844375963,35.22342064714946,45.99383667180277,621.9568567026193,183.00462249614796,0.0277349768875192,0.5546995377503853,4.391371340523883,0.5084745762711864,0.0462249614791987,0.2311248073959938,0.0,0.0,0.2773497688751926,5.177195685670262,2.26502311248074,1.386748844375963,0.8782742681047766,1.3405238828967645,0.0462249614791987,0.6471494607087828,2.912172573189522,1.9876733436055471,0.8782742681047766,55.83975346687211,2.6810477657935285,0.5546995377503853,0.4160246533127889,23.667180277349768,0.6471494607087828,0.0,1.0169491525423728,0.8782742681047766,30.277349768875197,0.8782742681047766,0.1386748844375963,0.0,1.802773497688752,0.0,0.0,0.0,0.0,5.546995377503852,1.386748844375963,MF,,midfield,2
Pape Gueye,sn SEN,MF,Villarreal,es La Liga,25.0,1999.0,34,26,2224,24.7,4,0,4,4,0,0,3.4,3.4,1.1,4.5,0.18,55,17,30.9,2.23,0.69,0.07,0.24,0.06,911,1144,79.6,16801,5556,2.1,17,118,23,2,20,2,8,20,156,49,1.98,9,0.36,54,26,23,23,8,69.0,27,81,53,21,2,1456,72,65,11,33.3,853,36,7,33,19,1030,69,6,2,1,31,1,0,1,0,126,31,57.4,0.1618705035971223,0.0,0.1618705035971223,0.1618705035971223,0.1375899280575539,0.1375899280575539,0.0445143884892086,0.1821043165467626,0.0072841726618705,2.2257194244604315,0.6879496402877698,36.8660071942446,46.29496402877698,679.896582733813,224.83812949640287,0.0849820143884892,0.6879496402877698,4.775179856115108,0.9307553956834532,0.0809352517985611,0.8093525179856115,0.0809352517985611,0.3237410071942446,0.8093525179856115,6.312949640287769,2.185251798561151,1.052158273381295,0.9307553956834532,0.9307553956834532,0.3237410071942446,1.0926258992805755,3.277877697841727,2.1447841726618706,0.8498201438848921,58.92086330935252,2.913669064748201,2.630395683453237,0.4451438848920863,34.518884892086334,1.4568345323741008,0.283273381294964,1.335431654676259,0.768884892086331,41.681654676258994,2.79226618705036,0.2428057553956834,0.0809352517985611,1.254496402877698,0.0404676258992805,0.0,0.0404676258992805,0.0,5.098920863309353,1.254496402877698,MF,,midfield,1
Bruno Guimarães,br BRA,MF,Newcastle Utd,eng Premier League,26.0,1997.0,38,38,3271,36.3,5,6,11,5,0,0,4.3,4.3,6.1,10.4,0.29,45,13,28.9,1.24,0.36,0.11,0.38,0.1,1481,1798,82.4,24436,7860,5.4,52,180,77,6,28,5,22,14,271,133,3.66,18,0.5,83,47,41,30,12,47.8,29,112,44,38,5,2213,83,85,34,43.6,1400,64,15,56,76,1652,96,7,0,0,65,4,0,0,0,188,18,48.6,0.1375726077652094,0.1650871293182512,0.3026597370834607,0.1375726077652094,0.1183124426780801,0.1183124426780801,0.1678385814735555,0.2861510241516356,0.0079792112503821,1.2381534698868848,0.3576887801895445,40.74900642005503,49.47110975236931,672.3448486701315,216.2641394069092,0.1485784163864262,1.430755120758178,4.952613879547539,2.118618159584225,0.1650871293182512,0.7704066034851728,0.1375726077652094,0.6053194741669214,0.3852033017425864,7.456435340874351,2.2837052889024765,1.2931825129929686,1.1280953836747172,0.8254356465912566,0.3301742586365025,0.7979211250382147,3.081626413940691,1.210638948333843,1.0455518190155917,60.88963619688169,2.2837052889024765,2.33873433200856,0.935493732803424,38.52033017425864,1.7609293793946803,0.4127178232956283,1.5408132069703455,2.091103638031183,45.4539896056252,2.641394069092021,0.1926016508712932,0.0,1.7884439009477224,0.1100580862121675,0.0,0.0,0.0,5.172730051971874,0.4952613879547539,MF,,midfield,3
Arda Güler,tr TUR,"MF,FW",Real Madrid,es La Liga,19.0,2005.0,28,14,1250,13.9,3,4,7,3,0,0,3.3,3.3,4.5,7.7,0.56,39,16,41.0,2.81,1.15,0.08,0.19,0.08,763,886,86.1,12391,3189,4.4,40,82,31,5,57,47,10,8,93,79,5.69,11,0.79,30,16,11,8,11,40.9,7,37,8,13,0,1058,14,50,20,44.4,696,34,10,23,9,808,86,1,0,0,15,1,1,0,0,56,7,38.9,0.2159999999999999,0.288,0.504,0.2159999999999999,0.2376,0.2376,0.324,0.5544,0.04032,2.808,1.152,54.93600000000001,63.792,892.152,229.608,0.3168,2.88,5.904000000000001,2.232,0.36,4.104,3.3840000000000003,0.72,0.5760000000000001,6.696,2.16,1.152,0.792,0.5760000000000001,0.792,0.504,2.664,0.5760000000000001,0.936,76.176,1.008,3.6,1.44,50.112,2.448,0.72,1.656,0.648,58.176,6.192,0.072,0.0,1.08,0.072,0.072,0.0,0.0,4.032,0.504,MF,FW,midfield,0
İlkay Gündoğan,de GER,MF,Manchester City,eng Premier League,33.0,1990.0,33,25,2223,24.7,1,6,7,1,0,0,3.2,3.2,3.5,6.7,0.27,27,7,25.9,1.09,0.28,0.04,0.14,0.12,1525,1703,89.5,23600,4511,4.4,44,108,23,2,60,46,7,3,127,88,3.56,13,0.53,25,13,5,15,5,41.7,13,38,23,21,0,1892,45,67,17,41.5,1118,64,11,29,25,1480,96,1,0,0,15,1,1,0,0,116,14,56.0,0.0404858299595141,0.242914979757085,0.2834008097165991,0.0404858299595141,0.1295546558704453,0.1295546558704453,0.1417004048582995,0.2712550607287449,0.0109311740890688,1.0931174089068827,0.2834008097165991,61.74089068825912,68.94736842105263,955.4655870445343,182.6315789473684,0.1781376518218623,1.7813765182186234,4.372469635627531,0.931174089068826,0.0809716599190283,2.4291497975708505,1.862348178137652,0.2834008097165991,0.1214574898785425,5.141700404858299,1.0121457489878545,0.5263157894736842,0.2024291497975708,0.6072874493927126,0.2024291497975708,0.5263157894736842,1.5384615384615383,0.931174089068826,0.8502024291497976,76.59919028340082,1.8218623481781375,2.712550607287449,0.688259109311741,45.26315789473684,2.591093117408907,0.4453441295546558,1.174089068825911,1.0121457489878545,59.91902834008097,3.88663967611336,0.0404858299595141,0.0,0.6072874493927126,0.0404858299595141,0.0404858299595141,0.0,0.0,4.696356275303644,0.5668016194331983,MF,,midfield,0
Jon Guridi,es ESP,"MF,FW",Alavés,es La Liga,29.0,1995.0,33,27,2080,23.1,3,1,4,2,1,1,4.2,3.4,1.2,4.6,0.23,23,11,47.8,1.0,0.48,0.09,0.18,0.15,547,737,74.2,8208,2011,1.1,17,55,11,3,17,5,2,0,79,48,2.08,8,0.35,40,22,7,26,7,40.9,14,54,16,18,0,940,23,60,8,30.8,471,27,4,38,17,587,90,6,0,0,35,1,0,1,0,86,47,41.6,0.1298076923076923,0.0432692307692307,0.173076923076923,0.0865384615384615,0.1817307692307692,0.1471153846153846,0.0519230769230769,0.1990384615384615,0.009951923076923,0.9951923076923076,0.4759615384615385,23.66826923076923,31.88942307692308,355.1538461538462,87.01442307692308,0.0475961538461538,0.7355769230769231,2.379807692307692,0.4759615384615385,0.1298076923076923,0.7355769230769231,0.2163461538461538,0.0865384615384615,0.0,3.4182692307692304,1.7307692307692308,0.951923076923077,0.3028846153846154,1.125,0.3028846153846154,0.6057692307692308,2.3365384615384617,0.6923076923076923,0.7788461538461539,40.67307692307693,0.9951923076923076,2.5961538461538463,0.3461538461538461,20.379807692307693,1.1682692307692308,0.173076923076923,1.6442307692307694,0.7355769230769231,25.39903846153846,3.894230769230769,0.2596153846153846,0.0,1.5144230769230769,0.0432692307692307,0.0,0.0432692307692307,0.0,3.7211538461538463,2.0336538461538463,MF,FW,midfield,4
Janik Haberer,de GER,"MF,DF",Union Berlin,de Bundesliga,30.0,1994.0,28,21,1696,18.8,0,0,0,0,0,0,0.7,0.7,0.8,1.6,0.08,15,3,20.0,0.8,0.16,0.0,0.0,0.05,570,740,77.0,9150,2503,1.9,7,41,10,2,15,0,1,1,59,34,1.8,1,0.05,39,29,16,21,2,59.1,17,56,37,23,0,911,41,17,2,33.3,444,13,0,13,11,507,22,1,0,0,22,3,0,0,0,83,15,34.1,0.0,0.0,0.0,0.0,0.0371462264150943,0.0371462264150943,0.0424528301886792,0.0849056603773584,0.0042452830188679,0.7959905660377359,0.1591981132075471,30.24764150943396,39.2688679245283,485.5542452830189,132.82429245283018,0.1008254716981132,0.3714622641509434,2.1757075471698117,0.5306603773584906,0.1061320754716981,0.7959905660377359,0.0,0.053066037735849,0.053066037735849,3.130896226415094,2.069575471698113,1.5389150943396226,0.8490566037735848,1.1143867924528303,0.1061320754716981,0.902122641509434,2.9716981132075477,1.963443396226415,1.2205188679245282,48.343160377358494,2.1757075471698117,0.902122641509434,0.1061320754716981,23.561320754716984,0.6898584905660378,0.0,0.6898584905660378,0.5837264150943396,26.90448113207547,1.1674528301886793,0.053066037735849,0.0,1.1674528301886793,0.1591981132075471,0.0,0.0,0.0,4.404481132075472,0.7959905660377359,MF,DF,midfield,2
Amadou Haidara,ml MLI,MF,RB Leipzig,de Bundesliga,26.0,1998.0,28,16,1320,14.7,0,1,1,0,0,0,1.4,1.4,0.9,2.2,0.15,18,1,5.6,1.23,0.07,0.0,0.0,0.08,723,902,80.2,11273,3363,1.2,5,65,13,2,12,0,8,1,65,29,1.98,3,0.2,30,17,12,16,2,41.4,18,48,56,11,1,1100,62,14,7,58.3,505,7,0,6,7,691,24,7,0,0,23,1,0,0,0,88,30,51.7,0.0,0.0681818181818181,0.0681818181818181,0.0,0.0954545454545454,0.0954545454545454,0.0613636363636363,0.15,0.0102272727272727,1.2272727272727273,0.0681818181818181,49.29545454545455,61.5,768.6136363636365,229.29545454545456,0.0818181818181818,0.3409090909090909,4.431818181818182,0.8863636363636362,0.1363636363636363,0.8181818181818181,0.0,0.5454545454545454,0.0681818181818181,4.431818181818182,2.0454545454545454,1.1590909090909092,0.8181818181818181,1.0909090909090908,0.1363636363636363,1.2272727272727273,3.2727272727272725,3.8181818181818175,0.75,75.0,4.227272727272727,0.9545454545454546,0.4772727272727273,34.43181818181818,0.4772727272727273,0.0,0.409090909090909,0.4772727272727273,47.11363636363636,1.6363636363636362,0.4772727272727273,0.0,1.5681818181818183,0.0681818181818181,0.0,0.0,0.0,6.0,2.0454545454545454,MF,,midfield,2
Liam Henderson,sct SCO,MF,Empoli,it Serie A,28.0,1996.0,36,27,2337,26.0,0,4,4,0,0,0,0.7,0.7,3.9,4.5,0.17,22,3,13.6,0.85,0.12,0.0,0.0,0.03,730,1002,72.9,13025,4242,3.0,33,93,22,11,98,48,5,5,108,59,2.27,5,0.19,42,22,17,22,3,41.5,15,57,42,9,0,1197,43,16,6,54.5,490,18,4,22,9,671,54,10,0,0,83,1,0,0,0,89,13,39.4,0.0,0.1540436456996149,0.1540436456996149,0.0,0.0269576379974326,0.0269576379974326,0.1501925545571245,0.1732991014120667,0.0065468549422336,0.8472400513478819,0.1155327342747111,28.11296534017972,38.58793324775353,501.604621309371,163.3632862644416,0.1155327342747111,1.2708600770218228,3.5815147625160466,0.8472400513478819,0.4236200256739409,3.774069319640565,1.8485237483953785,0.1925545571245186,0.1925545571245186,4.159178433889602,1.6174582798459565,0.8472400513478819,0.6546854942233633,0.8472400513478819,0.1155327342747111,0.5776636713735559,2.1951219512195124,1.6174582798459565,0.3465982028241335,46.09756097560976,1.6559691912708598,0.6161745827984596,0.2310654685494223,18.870346598202826,0.693196405648267,0.1540436456996149,0.8472400513478819,0.3465982028241335,25.8408215661104,2.079589216944801,0.3851091142490372,0.0,3.1964056482670093,0.0385109114249037,0.0,0.0,0.0,3.427471116816431,0.5006418485237484,MF,,midfield,4
Hernani,br BRA,MF,Parma,it Serie A,30.0,1994.0,25,15,1327,14.7,3,3,6,0,3,3,2.8,0.5,1.5,2.0,0.3,17,3,17.6,1.15,0.2,0.0,0.0,0.03,463,615,75.3,8295,2603,1.3,25,45,14,2,33,18,2,8,78,43,2.92,5,0.34,47,26,25,18,4,54.0,19,66,12,20,1,782,30,16,8,33.3,419,29,3,23,12,477,40,7,0,0,33,2,0,0,0,68,18,48.6,0.2034664657121326,0.2034664657121326,0.4069329314242653,0.0,0.1899020346646571,0.0339110776186887,0.1017332328560663,0.1356443104747551,0.0203466465712132,1.152976639035418,0.2034664657121326,31.4016578749058,41.71062547098719,562.5847776940468,176.54107008289375,0.0881688018085908,1.6955538809344388,3.0519969856819893,0.9495101733232856,0.1356443104747551,2.238131122833459,1.2207987942727958,0.1356443104747551,0.5425772418990203,5.290128108515448,3.1876412961567446,1.763376036171816,1.6955538809344388,1.2207987942727958,0.2712886209495102,1.2886209495101737,4.476262245666918,0.8138658628485306,1.356443104747551,53.03692539562924,2.0346646571213265,1.0851544837980407,0.5425772418990203,28.41748304446119,1.9668425018839488,0.2034664657121326,1.5599095704596837,0.8138658628485306,32.35116804822909,2.712886209495102,0.4747550866616428,0.0,2.238131122833459,0.1356443104747551,0.0,0.0,0.0,4.6119065561416726,1.2207987942727958,MF,,midfield,1
Yangel Herrera,ve VEN,MF,Girona,es La Liga,26.0,1998.0,29,27,2257,25.1,4,3,7,4,0,0,3.6,3.6,1.5,5.1,0.2,39,14,35.9,1.56,0.56,0.1,0.29,0.09,868,1068,81.3,14298,3657,1.3,17,97,13,3,44,0,2,10,110,50,1.99,6,0.24,66,39,31,27,8,50.8,31,97,50,22,2,1405,75,60,19,40.4,812,31,3,54,35,968,99,10,1,0,72,4,1,0,0,106,50,52.6,0.1595037660611431,0.1196278245458573,0.2791315906070004,0.1595037660611431,0.1435533894550288,0.1435533894550288,0.0598139122729286,0.2033673017279574,0.0079751883030571,1.555161719096145,0.5582631812140009,34.61231723526806,42.58750553832521,570.146211785556,145.82631812140008,0.0518387239698715,0.6778910057598582,3.86796632698272,0.5183872396987151,0.1196278245458573,1.754541426672574,0.0,0.0797518830305715,0.3987594151528577,4.386353566681436,2.631812140008861,1.555161719096145,1.236154186973859,1.076650420912716,0.3190075321222862,1.236154186973859,3.86796632698272,1.9937970757642889,0.877270713336287,56.02569782897652,2.9906956136464338,2.392556490917147,0.7576428887904297,32.37926451041205,1.236154186973859,0.1196278245458573,2.153300841825432,1.3956579530350022,38.59991138679664,3.947718210013292,0.3987594151528577,0.0398759415152857,2.871067789100576,0.1595037660611431,0.0398759415152857,0.0,0.0,4.226849800620292,1.9937970757642889,MF,,midfield,1
Jack Hinshelwood,eng ENG,"MF,DF",Brighton,eng Premier League,19.0,2005.0,26,22,1842,20.5,5,2,7,5,0,0,2.7,2.7,1.5,4.2,0.21,18,10,55.6,0.88,0.49,0.28,0.5,0.15,870,1046,83.2,13114,3047,1.5,17,36,9,2,27,8,0,8,68,35,1.71,3,0.15,27,19,8,10,9,40.7,16,43,37,11,1,1199,50,35,2,18.2,590,19,2,18,3,762,54,5,0,0,18,1,0,0,0,63,20,55.6,0.2442996742671009,0.0977198697068403,0.3420195439739413,0.2442996742671009,0.1319218241042345,0.1319218241042345,0.0732899022801303,0.2052117263843648,0.0102605863192182,0.8794788273615635,0.4885993485342019,42.50814332247557,51.10749185667753,640.7491856677525,148.87622149837134,0.0732899022801303,0.8306188925081434,1.758957654723127,0.4397394136807817,0.0977198697068403,1.3192182410423452,0.3908794788273615,0.0,0.3908794788273615,3.322475570032573,1.3192182410423452,0.9283387622149836,0.3908794788273615,0.4885993485342019,0.4397394136807817,0.7817589576547231,2.1009771986970684,1.8078175895765471,0.5374592833876222,58.58306188925081,2.44299674267101,1.710097719869707,0.0977198697068403,28.827361563517915,0.9283387622149836,0.0977198697068403,0.8794788273615635,0.1465798045602606,37.23127035830619,2.6384364820846904,0.2442996742671009,0.0,0.8794788273615635,0.0488599348534201,0.0,0.0,0.0,3.0781758957654723,0.977198697068404,MF,DF,midfield,2
Lewis Holtby,de GER,MF,Holstein Kiel,de Bundesliga,33.0,1990.0,25,13,1238,13.8,0,1,1,0,0,0,0.5,0.5,1.5,2.1,0.15,7,0,0.0,0.51,0.0,0.0,,0.08,540,706,76.5,8993,2690,1.8,21,29,5,1,46,26,2,2,47,37,2.69,3,0.22,34,20,19,10,5,42.9,21,55,26,17,3,847,43,14,7,46.7,372,14,1,15,8,485,34,1,1,0,13,3,2,1,0,72,8,40.0,0.0,0.0726978998384491,0.0726978998384491,0.0,0.0363489499192245,0.0363489499192245,0.1090468497576736,0.1526655896607431,0.0109046849757673,0.5088852988691438,0.0,39.25686591276252,51.32471728594507,653.7722132471728,195.55735056542807,0.1308562197092084,1.5266558966074315,2.108239095315024,0.3634894991922455,0.0726978998384491,3.344103392568659,1.890145395799677,0.1453957996768982,0.1453957996768982,3.4168012924071083,2.47172859450727,1.4539579967689822,1.381260096930533,0.7269789983844911,0.3634894991922455,1.5266558966074315,3.998384491114701,1.890145395799677,1.235864297253635,61.57512116316639,3.126009693053312,1.0177705977382876,0.5088852988691438,27.04361873990307,1.0177705977382876,0.0726978998384491,1.0904684975767367,0.5815831987075929,35.25848142164782,2.47172859450727,0.0726978998384491,0.0726978998384491,0.9450726978998384,0.2180936995153473,0.1453957996768982,0.0726978998384491,0.0,5.234248788368336,0.5815831987075929,MF,,midfield,1
Will Hughes,eng ENG,MF,Crystal Palace,eng Premier League,29.0,1995.0,33,24,2108,23.4,0,3,3,0,0,0,1.1,1.1,3.1,4.2,0.18,22,1,4.5,0.94,0.04,0.0,0.0,0.05,737,970,76.0,11688,4132,2.6,33,76,15,3,71,54,1,2,87,67,2.86,6,0.26,66,36,20,33,13,45.2,22,88,28,11,3,1203,48,17,5,31.3,532,20,1,21,30,659,27,11,0,0,65,5,0,1,0,121,19,51.4,0.0,0.1280834914611005,0.1280834914611005,0.0,0.0469639468690702,0.0469639468690702,0.1323529411764706,0.1793168880455408,0.007685009487666,0.9392789373814042,0.0426944971537001,31.46584440227704,41.413662239089184,499.0132827324479,176.41366223908918,0.1110056925996205,1.4089184060721065,3.2447817836812147,0.6404174573055028,0.1280834914611005,3.031309297912714,2.30550284629981,0.0426944971537001,0.0853889943074003,3.714421252371917,2.817836812144213,1.537001897533207,0.8538899430740038,1.4089184060721065,0.5550284629981025,0.9392789373814042,3.757115749525617,1.1954459203036054,0.4696394686907021,51.361480075901326,2.049335863377609,0.7258064516129032,0.2134724857685009,22.713472485768506,0.8538899430740038,0.0426944971537001,0.896584440227704,1.2808349146110056,28.135673624288422,1.152751423149905,0.4696394686907021,0.0,2.775142314990512,0.2134724857685009,0.0,0.0426944971537001,0.0,5.166034155597723,0.8111954459203037,MF,,midfield,1
Omari Hutchinson,eng ENG,"MF,FW",Ipswich Town,eng Premier League,20.0,2003.0,31,30,2583,28.7,3,2,5,3,0,0,2.9,2.9,3.5,6.4,0.22,45,18,40.0,1.57,0.63,0.07,0.17,0.06,690,885,78.0,10875,2022,2.5,31,45,27,15,81,5,4,2,75,81,2.82,6,0.21,32,13,14,10,8,27.1,11,43,15,39,1,1259,17,92,51,37.2,779,97,37,80,58,893,159,5,0,0,30,5,0,0,0,110,6,18.8,0.1045296167247386,0.0696864111498257,0.1742160278745644,0.1045296167247386,0.1010452961672473,0.1010452961672473,0.1219512195121951,0.2229965156794425,0.0076655052264808,1.56794425087108,0.627177700348432,24.041811846689896,30.83623693379791,378.91986062717774,70.45296167247386,0.0871080139372822,1.0801393728222997,1.56794425087108,0.940766550522648,0.5226480836236934,2.822299651567944,0.1742160278745644,0.1393728222996515,0.0696864111498257,2.613240418118467,1.1149825783972125,0.4529616724738676,0.4878048780487805,0.3484320557491289,0.2787456445993031,0.3832752613240418,1.4982578397212545,0.5226480836236934,1.358885017421603,43.86759581881533,0.5923344947735192,3.2055749128919864,1.7770034843205575,27.142857142857142,3.3797909407665503,1.289198606271777,2.787456445993032,2.020905923344948,31.11498257839721,5.54006968641115,0.1742160278745644,0.0,1.0452961672473868,0.1742160278745644,0.0,0.0,0.0,3.832752613240418,0.2090592334494773,MF,FW,midfield,4
Pierre Højbjerg,dk DEN,MF,Marseille,fr Ligue 1,28.0,1995.0,30,30,2664,29.6,2,4,6,2,0,0,3.3,3.3,3.9,7.1,0.24,33,8,24.2,1.11,0.27,0.06,0.25,0.1,2674,2895,92.4,41468,12509,4.4,43,231,29,0,19,13,10,13,263,100,3.38,10,0.34,64,45,25,32,7,53.6,42,106,33,20,2,3174,80,49,7,29.2,1950,36,6,33,25,2594,43,5,0,0,30,2,0,0,0,171,21,53.8,0.0675675675675675,0.1351351351351351,0.2027027027027027,0.0675675675675675,0.1114864864864864,0.1114864864864864,0.1317567567567567,0.2398648648648648,0.0081081081081081,1.114864864864865,0.2702702702702703,90.33783783783784,97.80405405405406,1400.9459459459458,422.60135135135135,0.1486486486486486,1.4527027027027029,7.804054054054054,0.9797297297297296,0.0,0.6418918918918919,0.4391891891891892,0.3378378378378378,0.4391891891891892,8.885135135135135,2.1621621621621623,1.5202702702702704,0.8445945945945946,1.0810810810810811,0.2364864864864865,1.4189189189189189,3.581081081081081,1.114864864864865,0.6756756756756757,107.22972972972973,2.702702702702702,1.6554054054054053,0.2364864864864865,65.87837837837837,1.2162162162162162,0.2027027027027027,1.114864864864865,0.8445945945945946,87.63513513513513,1.4527027027027029,0.1689189189189189,0.0,1.0135135135135134,0.0675675675675675,0.0,0.0,0.0,5.777027027027026,0.7094594594594594,MF,,midfield,3
Pablo Ibáñez,es ESP,MF,Osasuna,es La Liga,25.0,1998.0,28,13,1294,14.4,1,1,2,1,0,0,1.6,1.6,1.6,3.2,0.22,20,5,25.0,1.39,0.35,0.05,0.2,0.08,384,513,74.9,6247,1346,0.4,6,35,4,2,13,1,2,5,51,20,1.39,4,0.28,20,10,7,12,1,25.0,18,38,21,14,0,673,20,31,13,48.1,368,21,3,20,16,423,31,4,0,0,28,3,0,0,0,56,19,44.2,0.0695517774343122,0.0695517774343122,0.1391035548686244,0.0695517774343122,0.1112828438948995,0.1112828438948995,0.1112828438948995,0.222565687789799,0.0153013910355486,1.3910355486862442,0.347758887171561,26.707882534775887,35.68006182380216,434.48995363214834,93.61669242658424,0.0278207109737248,0.4173106646058732,2.434312210200927,0.2782071097372488,0.1391035548686244,0.9041731066460588,0.0695517774343122,0.1391035548686244,0.347758887171561,3.5471406491499224,1.3910355486862442,0.6955177743431221,0.4868624420401855,0.8346213292117465,0.0695517774343122,1.25193199381762,2.642967542503864,1.4605873261205564,0.973724884080371,46.80834621329212,1.3910355486862442,2.1561051004636784,0.9041731066460588,25.595054095826896,1.4605873261205564,0.2086553323029366,1.3910355486862442,1.1128284389489953,29.420401854714065,2.1561051004636784,0.2782071097372488,0.0,1.947449768160742,0.2086553323029366,0.0,0.0,0.0,3.894899536321484,1.3214837712519318,MF,,midfield,2
Ivan Ilić,rs SRB,MF,Torino,it Serie A,23.0,2001.0,19,9,920,10.2,1,0,1,1,0,0,0.9,0.9,1.1,2.1,0.2,11,4,36.4,1.08,0.39,0.09,0.25,0.09,451,541,83.4,7640,1954,0.9,9,39,16,3,27,11,2,3,45,31,3.03,6,0.59,5,2,0,4,1,25.0,5,10,10,11,0,619,12,11,6,40.0,412,24,1,19,9,477,41,4,0,0,11,3,0,0,0,28,4,22.2,0.0978260869565217,0.0,0.0978260869565217,0.0978260869565217,0.0880434782608695,0.0880434782608695,0.1076086956521739,0.2054347826086956,0.0195652173913043,1.0760869565217392,0.391304347826087,44.119565217391305,52.92391304347826,747.3913043478261,191.1521739130435,0.0880434782608695,0.8804347826086957,3.815217391304348,1.565217391304348,0.2934782608695652,2.641304347826087,1.0760869565217392,0.1956521739130435,0.2934782608695652,4.402173913043479,0.4891304347826087,0.1956521739130435,0.0,0.391304347826087,0.0978260869565217,0.4891304347826087,0.9782608695652174,0.9782608695652174,1.0760869565217392,60.55434782608695,1.1739130434782608,1.0760869565217392,0.5869565217391304,40.30434782608696,2.347826086956521,0.0978260869565217,1.8586956521739129,0.8804347826086957,46.66304347826087,4.010869565217392,0.391304347826087,0.0,1.0760869565217392,0.2934782608695652,0.0,0.0,0.0,2.739130434782609,0.391304347826087,MF,,midfield,4
Jackson Irvine,au AUS,MF,St. Pauli,de Bundesliga,31.0,1993.0,29,29,2610,29.0,0,6,6,0,0,0,3.2,3.0,3.9,7.0,0.25,41,12,29.3,1.41,0.41,0.0,0.0,0.07,684,969,70.6,10496,3807,2.5,32,93,12,2,18,0,6,4,117,56,1.93,5,0.17,56,28,24,26,6,55.6,36,92,63,17,2,1286,77,75,9,39.1,464,19,5,42,13,710,58,2,0,0,38,1,0,1,0,125,85,56.7,0.0,0.2068965517241379,0.2068965517241379,0.0,0.1103448275862069,0.1034482758620689,0.1344827586206896,0.2413793103448275,0.0086206896551724,1.4137931034482758,0.4137931034482758,23.58620689655173,33.41379310344828,361.9310344827586,131.27586206896552,0.0862068965517241,1.103448275862069,3.206896551724138,0.4137931034482758,0.0689655172413793,0.6206896551724138,0.0,0.2068965517241379,0.1379310344827586,4.0344827586206895,1.9310344827586208,0.9655172413793104,0.8275862068965517,0.896551724137931,0.2068965517241379,1.2413793103448276,3.1724137931034484,2.1724137931034484,0.5862068965517241,44.3448275862069,2.655172413793103,2.586206896551724,0.3103448275862069,16.0,0.6551724137931034,0.1724137931034482,1.4482758620689655,0.4482758620689655,24.48275862068966,2.0,0.0689655172413793,0.0,1.3103448275862069,0.0344827586206896,0.0,0.0344827586206896,0.0,4.310344827586207,2.931034482758621,MF,,midfield,2
Isco,es ESP,MF,Betis,es La Liga,32.0,1992.0,22,17,1547,17.2,9,8,17,4,5,6,8.6,3.9,4.4,8.2,0.76,38,9,23.7,2.21,0.52,0.11,0.44,0.1,957,1173,81.6,16027,4614,3.9,61,120,31,5,92,72,6,27,152,111,6.46,14,0.81,20,13,3,13,4,25.0,11,31,7,24,0,1381,9,68,27,45.8,893,38,5,54,27,1059,112,5,0,0,23,3,0,0,0,71,13,38.2,0.5235940530058177,0.4654169360051713,0.989010989010989,0.2327084680025856,0.5003232062055591,0.226890756302521,0.2559793148028442,0.4770523594053005,0.0442146089204912,2.210730446024564,0.5235940530058177,55.67550096961862,68.24175824175823,932.40465416936,268.4292178409826,0.226890756302521,3.548804137039431,6.98125404007757,1.803490627020039,0.290885585003232,5.35229476405947,4.188752424046542,0.3490627020038784,1.570782159017453,8.842921784098255,1.163542340012928,0.7563025210084033,0.1745313510019392,0.7563025210084033,0.2327084680025856,0.6399482870071105,1.803490627020039,0.4072398190045249,1.3962508080155138,80.3425985778927,0.5235940530058177,3.956043956043956,1.570782159017453,51.95216548157724,2.210730446024564,0.290885585003232,3.141564318034906,1.570782159017453,61.60956690368455,6.515837104072399,0.290885585003232,0.0,1.3380736910148674,0.1745313510019392,0.0,0.0,0.0,4.130575307045895,0.7563025210084033,MF,,midfield,0
Lee Jae-sung,kr KOR,MF,Mainz 05,de Bundesliga,31.0,1992.0,33,31,2650,29.4,7,6,13,7,0,0,5.3,5.3,5.0,10.3,0.35,40,15,37.5,1.36,0.51,0.18,0.47,0.13,813,1049,77.5,11608,2904,4.7,34,56,22,3,31,0,4,4,105,73,2.48,14,0.48,42,21,16,19,7,38.5,35,77,38,38,0,1385,43,124,11,36.7,699,28,10,73,27,938,165,4,0,0,23,5,2,1,0,119,50,41.0,0.2377358490566038,0.2037735849056604,0.4415094339622641,0.2377358490566038,0.18,0.18,0.1698113207547169,0.349811320754717,0.0118867924528301,1.3584905660377358,0.5094339622641509,27.61132075471698,35.62641509433962,394.233962264151,98.62641509433962,0.1596226415094339,1.1547169811320754,1.9018867924528304,0.7471698113207548,0.1018867924528302,1.0528301886792453,0.0,0.1358490566037735,0.1358490566037735,3.5660377358490565,1.4264150943396223,0.7132075471698113,0.5433962264150943,0.6452830188679245,0.2377358490566038,1.1886792452830188,2.6150943396226416,1.290566037735849,1.290566037735849,47.0377358490566,1.4603773584905662,4.211320754716981,0.3735849056603774,23.739622641509435,0.9509433962264152,0.3396226415094339,2.479245283018868,0.9169811320754716,31.856603773584904,5.60377358490566,0.1358490566037735,0.0,0.781132075471698,0.1698113207547169,0.0679245283018867,0.0339622641509433,0.0,4.041509433962264,1.6981132075471697,MF,,midfield,4
Kristijan Jakić,hr CRO,MF,Augsburg,de Bundesliga,27.0,1997.0,31,27,2306,25.6,0,1,1,0,0,0,0.8,0.8,1.2,2.0,0.08,18,4,22.2,0.7,0.16,0.0,0.0,0.04,900,1085,82.9,15354,4552,1.8,16,95,11,0,13,0,4,11,106,42,1.64,7,0.27,46,23,20,19,7,51.2,28,74,50,29,1,1361,74,34,14,48.3,703,24,3,39,21,828,49,2,0,0,23,1,0,0,0,133,35,53.8,0.0,0.039028620988725,0.039028620988725,0.0,0.03122289679098,0.03122289679098,0.04683434518647,0.0780572419774501,0.003122289679098,0.7025151777970512,0.1561144839549002,35.12575888985256,42.346053772766695,599.2454466608847,177.6582827406765,0.0702515177797051,0.6244579358196011,3.707718993928881,0.4293148308759758,0.0,0.5073720728534258,0.0,0.1561144839549002,0.4293148308759758,4.137033824804857,1.795316565481353,0.8976582827406765,0.7805724197745012,0.7415437987857763,0.2732003469210755,1.092801387684302,2.8881179531656547,1.9514310494362528,1.1318300086730269,53.11795316565481,2.8881179531656547,1.3269731136166525,0.546400693842151,27.43712055507372,0.9366869037294016,0.1170858629661752,1.5221162185602777,0.8196010407632263,32.31569817866436,1.9124024284475285,0.0780572419774501,0.0,0.8976582827406765,0.039028620988725,0.0,0.0,0.0,5.190806591500434,1.3660017346053772,MF,,midfield,2
Jordan James,wls WAL,MF,Rennes,fr Ligue 1,20.0,2004.0,23,14,1178,13.1,0,1,1,0,0,0,0.9,0.9,1.9,2.8,0.21,17,3,17.6,1.3,0.23,0.0,0.0,0.05,483,574,84.1,8380,2504,1.7,24,55,12,2,34,29,1,9,67,44,3.36,6,0.46,30,19,8,18,4,53.3,14,44,17,8,1,704,17,19,9,42.9,336,21,6,13,11,474,15,4,0,0,26,1,0,0,0,54,10,58.8,0.0,0.0764006791171477,0.0764006791171477,0.0,0.0687606112054329,0.0687606112054329,0.1451612903225806,0.2139219015280135,0.016044142614601,1.298811544991511,0.2292020373514431,36.90152801358234,43.853989813242784,640.2376910016977,191.30730050933784,0.1298811544991511,1.8336162988115448,4.202037351443124,0.9168081494057726,0.1528013582342954,2.597623089983022,2.2156196943972835,0.0764006791171477,0.6876061120543294,5.118845500848897,2.2920203735144318,1.4516129032258065,0.6112054329371817,1.3752122241086588,0.3056027164685908,1.0696095076400678,3.361629881154499,1.298811544991511,0.6112054329371817,53.78607809847198,1.298811544991511,1.4516129032258065,0.6876061120543294,25.670628183361632,1.604414261460102,0.4584040747028863,0.9932088285229204,0.8404074702886247,36.21392190152802,1.1460101867572157,0.3056027164685908,0.0,1.9864176570458405,0.0764006791171477,0.0,0.0,0.0,4.125636672325976,0.7640067911714771,MF,,midfield,1
Vitaly Janelt,de GER,MF,Brentford,eng Premier League,26.0,1998.0,32,27,2254,25.0,1,3,4,1,0,0,0.8,0.8,2.2,3.0,0.12,14,4,28.6,0.56,0.16,0.07,0.25,0.06,872,1057,82.5,14466,4279,2.4,14,78,23,7,30,0,3,6,80,32,1.28,3,0.12,38,22,14,13,11,58.3,27,65,53,16,1,1289,118,32,3,25.0,651,17,3,16,10,814,38,3,0,0,24,0,0,0,2,107,19,63.3,0.0399290150842945,0.1197870452528837,0.1597160603371783,0.0399290150842945,0.0319432120674356,0.0319432120674356,0.0878438331854481,0.1197870452528837,0.0047914818101153,0.5590062111801242,0.1597160603371783,34.81810115350488,42.20496894409938,577.6131322094054,170.85625554569654,0.095829636202307,0.5590062111801242,3.114463176574977,0.9183673469387754,0.2795031055900621,1.1978704525288375,0.0,0.1197870452528837,0.2395740905057675,3.194321206743567,1.5173025732031942,0.878438331854481,0.5590062111801242,0.5190771960958297,0.4392191659272405,1.078083407275954,2.5953859804791484,2.1162377994676134,0.6388642413487134,51.46850044365572,4.711623779946761,1.277728482697427,0.1197870452528837,25.99378881987577,0.6787932564330079,0.1197870452528837,0.6388642413487134,0.3992901508429459,32.50221827861579,1.5173025732031942,0.1197870452528837,0.0,0.95829636202307,0.0,0.0,0.0,0.0798580301685891,4.27240461401952,0.7586512866015971,MF,,midfield,2
Mikel Jauregizar,es ESP,MF,Athletic Club,es La Liga,20.0,2003.0,34,25,2244,24.9,2,1,3,2,0,0,1.1,1.1,1.4,2.5,0.1,21,8,38.1,0.84,0.32,0.1,0.25,0.05,904,1121,80.6,16776,4632,1.2,23,106,11,1,27,18,5,13,118,73,2.93,9,0.36,84,48,25,45,14,49.4,29,113,36,13,2,1418,43,12,20,47.6,706,14,1,35,23,848,31,4,1,0,46,3,1,0,0,144,34,49.3,0.0802139037433155,0.0401069518716577,0.1203208556149732,0.0802139037433155,0.0441176470588235,0.0441176470588235,0.0561497326203208,0.1002673796791443,0.0040106951871657,0.8422459893048128,0.320855614973262,36.25668449197861,44.95989304812834,672.8342245989304,185.7754010695187,0.0481283422459893,0.9224598930481284,4.251336898395722,0.4411764705882353,0.0401069518716577,1.0828877005347592,0.7219251336898397,0.2005347593582887,0.5213903743315508,4.732620320855615,3.368983957219251,1.925133689839572,1.002673796791444,1.804812834224599,0.5614973262032086,1.1631016042780749,4.532085561497326,1.4438502673796794,0.5213903743315508,56.8716577540107,1.7245989304812834,0.481283422459893,0.8021390374331551,28.31550802139037,0.5614973262032086,0.0401069518716577,1.4037433155080212,0.9224598930481284,34.01069518716577,1.2433155080213905,0.160427807486631,0.0401069518716577,1.8449197860962567,0.1203208556149732,0.0401069518716577,0.0,0.0,5.7754010695187175,1.3636363636363638,MF,,midfield,1
Joelinton,br BRA,"MF,FW",Newcastle Utd,eng Premier League,27.0,1996.0,29,29,2393,26.6,4,3,7,4,0,0,3.9,3.9,2.5,6.4,0.24,45,13,28.9,1.69,0.49,0.09,0.31,0.09,863,1043,82.7,12199,3384,2.3,23,80,17,2,16,0,7,2,116,61,2.29,9,0.34,57,35,23,23,11,56.8,23,80,47,23,2,1360,67,83,15,32.6,729,40,9,39,53,934,110,10,0,0,58,1,0,0,0,149,59,56.2,0.1504387797743418,0.1128290848307563,0.2632678646050982,0.1504387797743418,0.1466778102799832,0.1466778102799832,0.0940242373589636,0.2407020476389469,0.0090263267864605,1.6924362724613458,0.4889260342666109,32.45716673631425,39.22691182615963,458.800668616799,127.2712076890932,0.0865022983702465,0.8650229837024656,3.0087755954868367,0.6393648140409528,0.0752193898871709,0.6017551190973673,0.0,0.2632678646050982,0.0752193898871709,4.362724613455913,2.143752611784371,1.316339323025491,0.8650229837024656,0.8650229837024656,0.41370664437944,0.8650229837024656,3.0087755954868367,1.7676556623485165,0.8650229837024656,51.14918512327623,2.5198495612202256,3.1216046803175934,0.5641454241537819,27.4174676138738,1.5043877977434184,0.3384872544922691,1.466778102799833,1.9933138320100288,35.12745507730882,4.1370664437944,0.3760969494358546,0.0,2.1813623067279564,0.0376096949435854,0.0,0.0,0.0,5.6038445465942335,2.218972001671542,MF,FW,midfield,2
Jofre,es ESP,"MF,FW",Espanyol,es La Liga,23.0,2001.0,37,26,2165,24.1,3,3,6,3,0,0,2.5,2.5,2.5,5.0,0.21,40,10,25.0,1.66,0.42,0.08,0.3,0.06,352,525,67.0,5352,1421,1.9,24,17,15,9,54,2,2,2,48,56,2.33,5,0.21,22,16,14,5,3,56.5,15,37,29,26,0,839,23,71,39,34.8,535,65,27,64,40,576,156,5,0,0,28,7,0,0,0,105,5,22.7,0.1247113163972286,0.1247113163972286,0.2494226327944572,0.1247113163972286,0.1039260969976905,0.1039260969976905,0.1039260969976905,0.207852193995381,0.008729792147806,1.6628175519630484,0.4157043879907621,14.632794457274828,21.82448036951501,222.48498845265587,59.071593533487295,0.0789838337182448,0.9976905311778292,0.7066974595842956,0.6235565819861432,0.3741339491916859,2.244803695150116,0.0831408775981524,0.0831408775981524,0.0831408775981524,1.9953810623556585,0.9145496535796768,0.6651270207852193,0.581986143187067,0.207852193995381,0.1247113163972286,0.6235565819861432,1.5381062355658195,1.2055427251732105,1.0808314087759816,34.87759815242494,0.9561200923787528,2.9515011547344114,1.6212471131639723,22.240184757505777,2.7020785219399537,1.1224018475750577,2.6605080831408774,1.6628175519630484,23.944572748267905,6.484988452655889,0.207852193995381,0.0,1.163972286374134,0.2909930715935335,0.0,0.0,0.0,4.364896073903003,0.207852193995381,MF,FW,midfield,4
Þórir Jóhann Helgason,is ISL,MF,Lecce,it Serie A,23.0,2000.0,21,13,1156,12.8,0,4,4,0,0,0,1.2,1.2,1.1,2.3,0.18,16,5,31.3,1.25,0.39,0.0,0.0,0.08,255,395,64.6,4973,1486,0.9,22,23,13,4,71,52,0,3,38,39,3.04,7,0.55,10,7,3,6,1,53.8,6,16,11,10,2,491,13,24,8,57.1,230,20,2,26,10,282,58,0,0,0,10,3,0,0,0,46,17,50.0,0.0,0.3114186851211072,0.3114186851211072,0.0,0.0934256055363321,0.0934256055363321,0.0856401384083045,0.1790657439446366,0.0140138408304498,1.245674740484429,0.3892733564013841,19.852941176470587,30.752595155709344,387.1712802768166,115.69204152249137,0.0700692041522491,1.71280276816609,1.7906574394463668,1.0121107266435987,0.3114186851211072,5.5276816608996535,4.048442906574395,0.0,0.2335640138408304,2.958477508650519,0.7785467128027682,0.5449826989619377,0.2335640138408304,0.4671280276816609,0.0778546712802768,0.4671280276816609,1.245674740484429,0.856401384083045,0.7785467128027682,38.22664359861592,1.0121107266435987,1.868512110726644,0.6228373702422145,17.906574394463668,1.5570934256055364,0.1557093425605536,2.0242214532871974,0.7785467128027682,21.955017301038065,4.515570934256055,0.0,0.0,0.7785467128027682,0.2335640138408304,0.0,0.0,0.0,3.5813148788927336,1.3235294117647058,MF,,midfield,4
Curtis Jones,eng ENG,"MF,DF",Liverpool,eng Premier League,23.0,2001.0,33,19,1712,19.0,3,3,6,3,0,0,4.3,4.3,1.1,5.4,0.29,34,13,38.2,1.79,0.68,0.09,0.23,0.13,1021,1097,93.1,15072,3158,1.6,22,84,19,1,8,1,2,2,117,52,2.74,8,0.42,39,22,6,23,10,63.0,7,46,10,10,3,1288,41,58,12,54.5,789,30,8,26,36,967,79,3,1,1,18,2,1,0,0,97,14,51.9,0.1577102803738317,0.1577102803738317,0.3154205607476635,0.1577102803738317,0.2260514018691588,0.2260514018691588,0.0578271028037383,0.2838785046728972,0.0152453271028037,1.7873831775700932,0.6834112149532711,53.67406542056075,57.669392523364486,792.3364485981308,166.0163551401869,0.0841121495327102,1.1565420560747663,4.415887850467289,0.9988317757009344,0.0525700934579439,0.4205607476635514,0.0525700934579439,0.1051401869158878,0.1051401869158878,6.150700934579439,2.050233644859813,1.1565420560747663,0.3154205607476635,1.2091121495327102,0.5257009345794392,0.3679906542056074,2.4182242990654204,0.5257009345794392,0.5257009345794392,67.71028037383178,2.1553738317757007,3.0490654205607477,0.6308411214953271,41.47780373831776,1.5771028037383177,0.4205607476635514,1.366822429906542,1.892523364485981,50.83528037383178,4.15303738317757,0.1577102803738317,0.0525700934579439,0.9462616822429906,0.1051401869158878,0.0525700934579439,0.0,0.0,5.099299065420561,0.7359813084112149,MF,DF,midfield,3
Frenkie de Jong,nl NED,MF,Barcelona,es La Liga,27.0,1997.0,26,9,1143,12.7,2,2,4,2,0,0,0.7,0.7,2.0,2.6,0.21,5,3,60.0,0.39,0.24,0.4,0.67,0.13,1084,1148,94.4,16878,4702,2.0,21,140,12,0,6,0,4,2,120,43,3.39,11,0.87,19,11,5,8,6,50.0,12,31,7,11,1,1226,15,13,5,62.5,815,36,1,5,7,993,24,3,0,0,14,0,0,1,0,57,10,58.8,0.1574803149606299,0.1574803149606299,0.3149606299212598,0.1574803149606299,0.0551181102362204,0.0551181102362204,0.1574803149606299,0.2047244094488189,0.0165354330708661,0.3937007874015748,0.2362204724409448,85.35433070866141,90.39370078740156,1328.976377952756,370.23622047244095,0.1574803149606299,1.653543307086614,11.023622047244094,0.9448818897637796,0.0,0.4724409448818897,0.0,0.3149606299212598,0.1574803149606299,9.448818897637794,1.496062992125984,0.8661417322834645,0.3937007874015748,0.6299212598425197,0.4724409448818897,0.9448818897637796,2.4409448818897634,0.5511811023622047,0.8661417322834645,96.53543307086612,1.1811023622047243,1.0236220472440944,0.3937007874015748,64.1732283464567,2.8346456692913384,0.0787401574803149,0.3937007874015748,0.5511811023622047,78.18897637795276,1.889763779527559,0.2362204724409448,0.0,1.1023622047244095,0.0,0.0,0.0787401574803149,0.0,4.488188976377953,0.7874015748031497,MF,,midfield,3
Joan Jordán,es ESP,MF,Alavés,es La Liga,30.0,1994.0,25,15,1414,15.7,5,2,7,2,3,4,4.8,1.6,2.3,4.0,0.45,13,4,30.8,0.83,0.25,0.15,0.5,0.13,685,915,74.9,13015,4116,2.6,31,102,15,5,106,63,0,18,104,55,3.5,3,0.19,32,18,11,17,4,56.7,9,41,21,16,0,1038,26,11,6,85.7,481,7,1,16,7,620,35,4,0,0,28,2,0,0,0,61,16,55.2,0.3182461103253182,0.1272984441301273,0.4455445544554455,0.1272984441301273,0.3055162659123055,0.1018387553041018,0.1463932107496464,0.2545968882602546,0.0286421499292786,0.8274398868458275,0.2545968882602546,43.5997171145686,58.23903818953324,828.3946251768034,261.98019801980195,0.1654879773691654,1.9731258840169728,6.492220650636493,0.9547383309759548,0.3182461103253182,6.746817538896746,4.00990099009901,0.0,1.1456859971711455,6.61951909476662,2.036775106082037,1.1456859971711455,0.7001414427157001,1.082036775106082,0.2545968882602546,0.5728429985855729,2.609618104667609,1.3366336633663365,1.0183875530410185,66.06789250353607,1.654879773691655,0.7001414427157001,0.3818953323903818,30.61527581329561,0.4455445544554455,0.0636492220650636,1.0183875530410185,0.4455445544554455,39.46251768033946,2.227722772277228,0.2545968882602546,0.0,1.7821782178217822,0.1272984441301273,0.0,0.0,0.0,3.8826025459688815,1.0183875530410185,MF,,midfield,3
Antoine Joujou,fr FRA,"MF,FW",Le Havre,fr Ligue 1,21.0,2003.0,26,9,943,10.5,0,2,2,0,0,0,0.6,0.6,3.0,3.7,0.35,11,2,18.2,1.05,0.19,0.0,0.0,0.06,169,261,64.8,2486,687,2.9,15,8,15,10,37,1,1,1,18,37,3.53,3,0.29,16,11,10,4,2,60.0,9,25,19,14,0,417,15,39,30,49.2,249,44,17,32,17,253,85,1,0,0,7,2,0,0,0,59,5,21.7,0.0,0.1908801696712619,0.1908801696712619,0.0,0.0572640509013785,0.0572640509013785,0.2863202545068929,0.3531283138918346,0.0334040296924708,1.0498409331919407,0.1908801696712619,16.129374337221634,24.90986214209968,237.26405090137857,65.56733828207848,0.2767762460233298,1.4316012725344642,0.7635206786850478,1.4316012725344642,0.9544008483563096,3.531283138918345,0.0954400848356309,0.0954400848356309,0.0954400848356309,1.7179215270413577,1.5270413573700956,1.0498409331919407,0.9544008483563096,0.3817603393425239,0.1908801696712619,0.8589607635206787,2.3860021208907742,1.8133616118769884,1.3361611876988335,39.79851537645811,1.4316012725344642,3.722163308589608,2.8632025450689285,23.76458112407211,4.199363732767763,1.6224814422057263,3.054082714740191,1.6224814422057263,24.14634146341464,8.112407211028632,0.0954400848356309,0.0,0.6680805938494168,0.1908801696712619,0.0,0.0,0.0,5.630965005302227,0.4772004241781548,MF,FW,midfield,4
Hamed Junior Traorè,ci CIV,MF,Auxerre,fr Ligue 1,24.0,2000.0,26,26,2093,23.3,10,2,12,10,0,0,7.9,7.9,2.7,10.6,0.46,68,27,39.7,2.92,1.16,0.15,0.37,0.12,474,640,74.1,7145,2293,2.8,27,53,27,5,42,11,9,7,99,71,3.05,7,0.3,41,20,11,17,13,29.6,8,49,11,16,0,971,9,87,34,34.7,615,66,19,70,53,675,146,5,0,0,30,6,1,0,0,100,12,37.5,0.4300047778308648,0.0860009555661729,0.5160057333970378,0.4300047778308648,0.3397037744863832,0.3397037744863832,0.1161012900143334,0.4558050645007167,0.0197802197802197,2.924032489249881,1.161012900143335,20.38222646918299,27.52030578117535,307.23841376015287,98.6000955566173,0.1204013377926421,1.161012900143335,2.2790253225035837,1.161012900143335,0.2150023889154324,1.806020066889632,0.4730052556139512,0.3870043000477783,0.3010033444816054,4.257047300525562,1.7630195891065457,0.8600095556617297,0.4730052556139512,0.7310081223124703,0.5590062111801242,0.3440038222646918,2.1070234113712374,0.4730052556139512,0.6880076445293837,41.75346392737697,0.3870043000477783,3.741041567128524,1.4620162446249405,26.445293836598182,2.838031533683708,0.8170090778786431,3.0100334448160533,2.2790253225035837,29.02532250358337,6.278069756330626,0.2150023889154324,0.0,1.2900143334925944,0.2580028666985189,0.0430004777830864,0.0,0.0,4.300047778308648,0.5160057333970378,MF,,midfield,4
Stanko Jurić,hr CRO,MF,Valladolid,es La Liga,27.0,1996.0,26,19,1729,19.2,0,0,0,0,0,0,0.8,0.8,0.5,1.3,0.07,8,2,25.0,0.42,0.1,0.0,0.0,0.1,636,755,84.2,10454,2996,0.3,4,40,4,0,0,0,1,1,57,9,0.47,2,0.1,48,24,26,19,3,39.6,24,72,52,14,0,981,90,10,6,60.0,388,5,2,21,14,544,8,7,1,1,38,0,0,0,0,92,50,69.4,0.0,0.0,0.0,0.0,0.0416425679583574,0.0416425679583574,0.0260266049739733,0.0676691729323308,0.0036437246963562,0.4164256795835743,0.1041064198958935,33.10584152689416,39.30017351069983,544.1642567958357,155.95141700404858,0.015615962984384,0.2082128397917871,2.0821283979178715,0.2082128397917871,0.0,0.0,0.0,0.0520532099479467,0.0520532099479467,2.967032967032967,2.498554077501446,1.249277038750723,1.3533834586466165,0.989010989010989,0.1561596298438403,1.249277038750723,3.747831116252169,2.706766917293233,0.728744939271255,51.064198958935805,4.684788895315211,0.5205320994794679,0.3123192596876807,20.196645459803356,0.2602660497397339,0.1041064198958935,1.0931174089068827,0.728744939271255,28.316946211683053,0.4164256795835743,0.3643724696356275,0.0520532099479467,1.978021978021978,0.0,0.0,0.0,0.0,4.7888953152111045,2.6026604973973395,MF,,midfield,2
Daichi Kamada,jp JPN,MF,Crystal Palace,eng Premier League,27.0,1996.0,34,15,1564,17.4,0,0,0,0,0,0,1.1,1.1,1.9,3.0,0.17,20,4,20.0,1.15,0.23,0.0,0.0,0.05,603,752,80.2,9772,2644,1.6,20,48,14,3,31,16,4,5,89,52,2.99,3,0.17,47,29,19,24,4,34.1,18,65,14,18,0,937,19,32,7,36.8,485,25,6,16,20,600,56,4,1,0,28,2,0,0,0,89,4,23.5,0.0,0.0,0.0,0.0,0.0632992327365729,0.0632992327365729,0.1093350383631713,0.1726342710997442,0.0097826086956521,1.1508951406649617,0.2301790281329923,34.69948849104859,43.27365728900256,562.3273657289003,152.14833759590792,0.0920716112531969,1.1508951406649617,2.762148337595908,0.8056265984654731,0.1726342710997442,1.7838874680306906,0.9207161125319694,0.2301790281329923,0.2877237851662404,5.121483375959079,2.70460358056266,1.6687979539641944,1.0933503836317136,1.381074168797954,0.2301790281329923,1.0358056265984654,3.740409207161125,0.8056265984654731,1.0358056265984654,53.91943734015345,1.0933503836317136,1.8414322250639388,0.4028132992327365,27.90920716112532,1.438618925831202,0.3452685421994885,0.9207161125319694,1.1508951406649617,34.52685421994885,3.2225063938618925,0.2301790281329923,0.057544757033248,1.6112531969309465,0.1150895140664961,0.0,0.0,0.0,5.121483375959079,0.2301790281329923,MF,,midfield,1
Boubacar Kamara,fr FRA,MF,Aston Villa,eng Premier League,24.0,1999.0,26,20,1726,19.2,1,0,1,1,0,0,0.8,0.8,0.9,1.7,0.09,10,3,30.0,0.52,0.16,0.1,0.33,0.08,825,931,88.6,13054,4037,0.8,11,91,10,0,1,0,5,0,85,27,1.41,2,0.1,50,21,28,18,4,51.8,19,69,51,8,3,1113,95,12,9,33.3,591,19,2,12,17,754,7,2,0,0,30,1,0,0,0,87,21,44.7,0.0521436848203939,0.0,0.0521436848203939,0.0521436848203939,0.0417149478563151,0.0417149478563151,0.0469293163383545,0.0886442641946697,0.0046929316338354,0.5214368482039398,0.1564310544611819,43.01853997682503,48.54577056778679,680.683661645423,210.50405561993043,0.0417149478563151,0.5735805330243336,4.745075318655852,0.5214368482039398,0.0,0.0521436848203939,0.0,0.2607184241019699,0.0,4.432213209733487,2.607184241019699,1.0950173812282735,1.4600231749710313,0.9385863267670916,0.2085747392815758,0.9907300115874856,3.5979142526071843,2.659327925840093,0.4171494785631517,58.0359212050985,4.953650057937428,0.6257242178447276,0.4692931633835457,30.81691772885284,0.9907300115874856,0.1042873696407879,0.6257242178447276,0.8864426419466975,39.316338354577056,0.3650057937427578,0.1042873696407879,0.0,1.5643105446118193,0.0521436848203939,0.0,0.0,0.0,4.536500579374276,1.0950173812282735,MF,,midfield,1
Kevin Kampl,si SVN,MF,RB Leipzig,de Bundesliga,33.0,1990.0,26,18,1593,17.7,1,0,1,1,0,0,0.8,0.8,1.4,2.2,0.13,7,2,28.6,0.4,0.11,0.14,0.5,0.12,1046,1175,89.0,15992,4680,2.7,16,81,24,4,29,17,4,1,106,44,2.49,5,0.28,27,18,11,10,6,61.5,24,51,25,19,0,1316,37,13,13,68.4,793,21,3,13,12,957,32,5,0,0,20,0,0,0,0,100,3,18.8,0.0564971751412429,0.0,0.0564971751412429,0.0564971751412429,0.0451977401129943,0.0451977401129943,0.0790960451977401,0.1242937853107344,0.0073446327683615,0.3954802259887005,0.1129943502824858,59.09604519774011,66.38418079096046,903.5028248587572,264.40677966101697,0.1525423728813559,0.9039548022598872,4.576271186440678,1.3559322033898304,0.2259887005649717,1.6384180790960452,0.96045197740113,0.2259887005649717,0.0564971751412429,5.988700564971752,1.5254237288135593,1.0169491525423728,0.6214689265536724,0.5649717514124294,0.3389830508474576,1.3559322033898304,2.88135593220339,1.4124293785310735,1.0734463276836157,74.35028248587571,2.0903954802259888,0.7344632768361582,0.7344632768361582,44.80225988700565,1.1864406779661016,0.1694915254237288,0.7344632768361582,0.6779661016949152,54.067796610169495,1.8079096045197744,0.2824858757062147,0.0,1.1299435028248588,0.0,0.0,0.0,0.0,5.649717514124294,0.1694915254237288,MF,,midfield,3
Yann Karamoh,fr FRA,"MF,FW",Torino,it Serie A,26.0,1998.0,29,10,1046,11.6,0,1,1,0,0,0,1.2,1.2,0.9,2.2,0.18,25,6,24.0,2.15,0.52,0.0,0.0,0.05,189,282,67.0,2731,585,1.0,9,8,9,1,23,0,2,1,28,24,2.06,2,0.17,5,2,2,1,2,44.4,3,8,5,18,0,412,8,49,12,31.6,292,37,21,26,26,328,80,2,0,0,12,0,0,0,0,42,5,35.7,0.0,0.0860420650095602,0.0860420650095602,0.0,0.1032504780114722,0.1032504780114722,0.0774378585086042,0.1892925430210325,0.0154875717017208,2.1510516252390057,0.5162523900573613,16.261950286806883,24.263862332695982,234.98087954110895,50.33460803059274,0.0860420650095602,0.7743785850860421,0.6883365200764818,0.7743785850860421,0.0860420650095602,1.9789674952198848,0.0,0.1720841300191204,0.0860420650095602,2.409177820267687,0.4302103250478011,0.1720841300191204,0.1720841300191204,0.0860420650095602,0.1720841300191204,0.2581261950286806,0.6883365200764818,0.4302103250478011,1.548757170172084,35.44933078393881,0.6883365200764818,4.216061185468451,1.032504780114723,25.124282982791588,3.183556405353728,1.8068833652007648,2.237093690248566,2.237093690248566,28.221797323135757,6.8833652007648185,0.1720841300191204,0.0,1.032504780114723,0.0,0.0,0.0,0.0,3.6137667304015295,0.4302103250478011,MF,FW,midfield,4
Atakan Karazor,,MF,Stuttgart,de Bundesliga,27.0,1996.0,32,31,2618,29.1,2,4,6,2,0,0,2.3,2.0,2.6,4.6,0.17,14,7,50.0,0.48,0.24,0.14,0.29,0.15,1608,1857,86.6,24010,7326,2.5,15,150,18,0,4,0,6,5,140,43,1.48,7,0.24,59,29,19,28,12,50.9,32,91,51,24,1,2124,86,27,12,57.1,1112,19,1,30,16,1426,33,10,1,1,38,3,0,0,0,171,57,56.4,0.0687547746371275,0.1375095492742551,0.2062643239113827,0.0687547746371275,0.0790679908326967,0.0687547746371275,0.0893812070282658,0.1581359816653934,0.0058441558441558,0.481283422459893,0.2406417112299465,55.278838808250576,63.83880825057296,825.4010695187167,251.8487394957983,0.0859434682964094,0.5156608097784569,5.156608097784568,0.6187929717341483,0.0,0.1375095492742551,0.0,0.2062643239113827,0.1718869365928189,4.81283422459893,2.0282658517952634,0.9969442322383498,0.6531703590527119,0.962566844919786,0.4125286478227655,1.1000763941940412,3.128342245989305,1.7532467532467533,0.825057295645531,73.01757066462949,2.956455309396486,0.9281894576012224,0.4125286478227655,38.22765469824293,0.6531703590527119,0.0343773873185637,1.0313216195569137,0.5500381970970206,49.02215431627196,1.134453781512605,0.3437738731856379,0.0343773873185637,1.3063407181054238,0.1031321619556913,0.0,0.0,0.0,5.878533231474408,1.959511077158136,MF,,midfield,2
Jesper Karlström,se SWE,MF,Udinese,it Serie A,29.0,1995.0,37,36,3186,35.4,0,3,3,0,0,0,0.7,0.7,1.1,1.8,0.05,13,2,15.4,0.37,0.06,0.0,0.0,0.06,1331,1600,83.2,23418,7576,1.4,21,139,21,4,15,0,0,5,135,59,1.67,3,0.08,61,34,32,21,8,49.0,35,96,82,20,5,1882,101,24,6,40.0,1002,23,4,34,18,1199,46,9,0,0,42,2,0,0,0,146,31,50.0,0.0,0.0847457627118644,0.0847457627118644,0.0,0.019774011299435,0.019774011299435,0.0310734463276836,0.0508474576271186,0.001412429378531,0.3672316384180791,0.0564971751412429,37.59887005649717,45.19774011299435,661.5254237288135,214.01129943502823,0.03954802259887,0.5932203389830508,3.926553672316384,0.5932203389830508,0.1129943502824858,0.423728813559322,0.0,0.0,0.1412429378531073,3.813559322033898,1.7231638418079094,0.96045197740113,0.9039548022598872,0.5932203389830508,0.2259887005649717,0.9887005649717514,2.711864406779661,2.3163841807909606,0.5649717514124294,53.1638418079096,2.853107344632768,0.6779661016949152,0.1694915254237288,28.305084745762716,0.6497175141242938,0.1129943502824858,0.96045197740113,0.5084745762711864,33.87005649717514,1.2994350282485876,0.2542372881355932,0.0,1.1864406779661016,0.0564971751412429,0.0,0.0,0.0,4.124293785310734,0.8757062146892655,MF,,midfield,2
Yassine Kechta,ma MAR,"MF,FW",Le Havre,fr Ligue 1,22.0,2002.0,31,25,2096,23.3,2,0,2,2,0,0,2.5,2.5,1.2,3.7,0.16,29,9,31.0,1.25,0.39,0.07,0.22,0.09,599,756,79.2,10281,3000,1.4,15,60,18,5,36,11,2,8,97,48,2.06,4,0.17,60,36,32,21,7,42.3,26,86,32,15,2,1014,29,27,13,37.1,533,44,4,35,24,627,85,4,0,0,42,10,1,0,0,113,10,27.0,0.0858778625954198,0.0,0.0858778625954198,0.0858778625954198,0.1073473282442748,0.1073473282442748,0.0515267175572519,0.1588740458015267,0.0068702290076335,1.245229007633588,0.3864503816793893,25.720419847328245,32.461832061068705,441.4551526717557,128.81679389312978,0.0601145038167938,0.6440839694656488,2.5763358778625958,0.7729007633587787,0.2146946564885496,1.545801526717557,0.4723282442748092,0.0858778625954198,0.3435114503816793,4.165076335877862,2.5763358778625958,1.545801526717557,1.3740458015267174,0.9017175572519084,0.3005725190839695,1.116412213740458,3.6927480916030535,1.3740458015267174,0.6440839694656488,43.54007633587786,1.245229007633588,1.159351145038168,0.558206106870229,22.88645038167939,1.8893129770992367,0.1717557251908396,1.5028625954198471,1.0305343511450382,26.92270992366412,3.649809160305344,0.1717557251908396,0.0,1.8034351145038168,0.4293893129770992,0.0429389312977099,0.0,0.0,4.852099236641221,0.4293893129770992,MF,FW,midfield,1
Mandela Keita,be BEL,MF,Parma,it Serie A,22.0,2002.0,30,24,1826,20.3,0,2,2,0,0,0,0.1,0.1,1.0,1.2,0.06,5,4,80.0,0.25,0.2,0.0,0.0,0.03,660,729,90.5,11055,2730,0.8,15,55,3,0,0,0,2,2,50,33,1.63,4,0.2,44,25,13,25,6,51.4,21,65,29,6,2,907,48,0,17,54.8,558,13,0,30,18,579,5,6,1,1,28,2,0,1,0,94,14,50.0,0.0,0.0985761226725082,0.0985761226725082,0.0,0.0049288061336254,0.0049288061336254,0.0492880613362541,0.0591456736035049,0.0029572836801752,0.2464403066812705,0.1971522453450164,32.53012048192771,35.93099671412924,544.8795180722891,134.5564074479737,0.0394304490690032,0.7393209200438117,2.710843373493976,0.1478641840087623,0.0,0.0,0.0,0.0985761226725082,0.0985761226725082,2.464403066812705,2.168674698795181,1.2322015334063523,0.6407447973713034,1.2322015334063523,0.2957283680175246,1.0350492880613362,3.203723986856517,1.4293537787513693,0.2957283680175246,44.70427163198248,2.365826944140197,0.0,0.8378970427163198,27.50273822562979,0.6407447973713034,0.0,1.4786418400876231,0.887185104052574,28.53778751369113,0.2464403066812705,0.2957283680175246,0.0492880613362541,1.380065717415115,0.0985761226725082,0.0,0.0492880613362541,0.0,4.633077765607886,0.6900328587075575,MF,,midfield,2
Aljoscha Kemlein,de GER,MF,Union Berlin,de Bundesliga,19.0,2004.0,15,11,922,10.2,1,0,1,1,0,0,0.9,0.9,0.6,1.5,0.15,11,3,27.3,1.07,0.29,0.09,0.33,0.09,351,465,75.5,5960,1692,0.7,10,28,6,1,5,3,0,4,42,21,2.05,2,0.2,10,4,4,5,1,35.7,6,16,15,8,0,549,16,18,6,66.7,260,5,1,11,1,329,19,3,0,0,15,0,0,1,0,58,19,57.6,0.0976138828633405,0.0,0.0976138828633405,0.0976138828633405,0.0878524945770065,0.0878524945770065,0.0585683297180043,0.1464208242950108,0.014642082429501,1.0737527114967462,0.2928416485900217,34.26247288503254,45.39045553145336,581.7787418655097,165.16268980477224,0.0683297180043383,0.9761388286334056,2.733188720173536,0.5856832971800434,0.0976138828633405,0.4880694143167028,0.2928416485900217,0.0,0.3904555314533622,4.099783080260304,0.9761388286334056,0.3904555314533622,0.3904555314533622,0.4880694143167028,0.0976138828633405,0.5856832971800434,1.561822125813449,1.4642082429501084,0.7809110629067245,53.590021691973966,1.561822125813449,1.7570498915401302,0.5856832971800434,25.379609544468547,0.4880694143167028,0.0976138828633405,1.0737527114967462,0.0976138828633405,32.11496746203905,1.8546637744034709,0.2928416485900217,0.0,1.4642082429501084,0.0,0.0,0.0976138828633405,0.0,5.661605206073753,1.8546637744034709,MF,,midfield,2
Bilal El Khannouss,ma MAR,"MF,FW",Leicester City,eng Premier League,20.0,2004.0,32,27,2182,24.2,2,3,5,2,0,0,1.3,1.3,4.6,5.8,0.24,30,7,23.3,1.24,0.29,0.07,0.29,0.04,798,1063,75.1,14413,4123,3.1,42,89,31,6,89,36,11,8,128,78,3.22,7,0.29,50,30,16,29,5,53.1,6,56,10,26,3,1268,18,35,34,56.7,732,73,12,38,38,851,89,4,0,0,30,3,0,0,0,92,19,44.2,0.0824931255728689,0.1237396883593033,0.2062328139321723,0.0824931255728689,0.0536205316223648,0.0536205316223648,0.1897341888175985,0.2392300641613199,0.0098991750687442,1.2373968835930338,0.2887259395050413,32.9147571035747,43.84509624197983,594.48670944088,170.0595783684693,0.1278643446379468,1.7323556370302475,3.6709440879926674,1.2786434463794685,0.2474793767186067,3.6709440879926674,1.4848762603116406,0.4537121906507791,0.3299725022914757,5.279560036663612,2.062328139321723,1.2373968835930338,0.6599450045829515,1.196150320806599,0.2062328139321723,0.2474793767186067,2.30980751604033,0.4124656278643446,1.0724106324472962,52.300641613198906,0.7424381301558203,1.4436296975252063,1.4023831347387716,30.192483959670025,3.010999083409716,0.4949587534372135,1.5673693858845097,1.5673693858845097,35.10082493125573,3.6709440879926674,0.1649862511457378,0.0,1.2373968835930338,0.1237396883593033,0.0,0.0,0.0,3.7946837763519694,0.7836846929422547,MF,FW,midfield,0
Rani Khedira,de GER,MF,Union Berlin,de Bundesliga,30.0,1994.0,32,31,2723,30.3,1,1,2,1,0,0,1.4,1.4,0.6,2.1,0.07,14,1,7.1,0.46,0.03,0.07,1.0,0.1,700,950,73.7,9960,3196,1.0,12,66,10,3,22,0,1,1,80,33,1.09,2,0.07,68,40,30,35,3,63.2,44,112,55,23,0,1246,81,30,5,45.5,506,12,2,24,10,617,34,7,0,0,45,0,0,1,0,108,42,50.0,0.0330517811237605,0.0330517811237605,0.0661035622475211,0.0330517811237605,0.0462724935732647,0.0462724935732647,0.0198310686742563,0.0694087403598971,0.0023136246786632,0.4627249357326478,0.0330517811237605,23.13624678663239,31.39919206757253,329.19573999265515,105.63349247153874,0.0330517811237605,0.3966213734851267,2.181417554168197,0.3305178112376056,0.0991553433712816,0.7271391847227323,0.0,0.0330517811237605,0.0330517811237605,2.6441424899008448,2.247521116415718,1.3220712449504224,0.9915534337128168,1.1568123393316196,0.0991553433712816,1.4542783694454646,3.7017994858611822,1.8178479618068304,0.7601909658464928,41.18251928020566,2.677194271024605,0.9915534337128168,0.1652589056188028,16.72420124862284,0.3966213734851267,0.0661035622475211,0.7932427469702534,0.3305178112376056,20.392948953360264,1.123760558207859,0.2313624678663239,0.0,1.4873301505692251,0.0,0.0,0.0330517811237605,0.0,3.56959236136614,1.3881748071979434,MF,,midfield,2
Joshua Kimmich,de GER,MF,Bayern Munich,de Bundesliga,29.0,1995.0,33,32,2847,31.6,3,7,10,3,0,0,1.8,1.8,7.4,9.2,0.29,34,10,29.4,1.07,0.32,0.09,0.3,0.05,3269,3652,89.5,58907,17234,10.5,83,437,53,10,176,117,21,42,362,159,5.03,18,0.57,47,29,11,29,7,60.0,25,72,34,30,3,3867,72,19,12,54.5,2399,51,1,21,7,3047,77,4,0,0,15,1,0,0,0,190,12,57.1,0.0948366701791359,0.2212855637513171,0.3161222339304531,0.0948366701791359,0.0569020021074815,0.0569020021074815,0.2339304531085353,0.2908324552160168,0.0091675447839831,1.0748155953635403,0.3161222339304531,103.34035827186511,115.44783983140148,1862.18124341412,544.8050579557429,0.3319283456269757,2.6238145416227607,13.8145416227608,1.6754478398314017,0.3161222339304531,5.563751317175975,3.698630136986301,0.6638566912539515,1.327713382507903,11.443624868282402,1.4857744994731297,0.916754478398314,0.3477344573234984,0.916754478398314,0.2212855637513171,0.7903055848261328,2.2760800842992626,1.0748155953635403,0.9483667017913592,122.24446786090624,2.2760800842992626,0.6006322444678609,0.3793466807165437,75.8377239199157,1.612223393045311,0.0316122233930453,0.6638566912539515,0.2212855637513171,96.32244467860906,2.434141201264489,0.1264488935721812,0.0,0.4741833508956796,0.0316122233930453,0.0,0.0,0.0,6.006322444678609,0.3793466807165437,MF,,midfield,3
Justin Kluivert,nl NED,MF,Bournemouth,eng Premier League,25.0,1999.0,34,29,2340,26.0,12,6,18,6,6,6,10.3,5.6,4.8,10.5,0.58,57,23,40.4,2.19,0.88,0.11,0.26,0.1,582,782,74.4,8844,2330,3.7,45,45,35,6,85,35,5,6,105,101,3.88,12,0.46,23,11,4,11,8,18.2,14,37,24,18,1,1086,24,134,36,41.4,646,81,38,55,27,710,173,8,0,0,47,5,1,0,0,78,8,22.2,0.4615384615384615,0.2307692307692307,0.6923076923076923,0.2307692307692307,0.3961538461538462,0.2153846153846154,0.1846153846153846,0.4038461538461538,0.0223076923076923,2.1923076923076925,0.8846153846153846,22.384615384615387,30.07692307692308,340.15384615384613,89.61538461538461,0.1423076923076923,1.7307692307692308,1.7307692307692308,1.3461538461538465,0.2307692307692307,3.2692307692307696,1.3461538461538465,0.1923076923076923,0.2307692307692307,4.038461538461538,0.8846153846153846,0.4230769230769231,0.1538461538461538,0.4230769230769231,0.3076923076923077,0.5384615384615385,1.423076923076923,0.9230769230769232,0.6923076923076923,41.76923076923077,0.9230769230769232,5.153846153846153,1.3846153846153846,24.846153846153847,3.1153846153846154,1.4615384615384617,2.1153846153846154,1.0384615384615383,27.307692307692307,6.653846153846154,0.3076923076923077,0.0,1.807692307692308,0.1923076923076923,0.0384615384615384,0.0,0.0,3.0,0.3076923076923077,MF,,midfield,4
Ansgar Knauff,de GER,"MF,DF",Eint Frankfurt,de Bundesliga,22.0,2002.0,30,18,1597,17.7,4,5,9,4,0,0,4.9,4.9,5.2,10.0,0.57,30,9,30.0,1.69,0.51,0.13,0.44,0.16,363,544,66.7,5092,1811,4.5,27,17,24,6,32,0,4,0,58,62,3.5,10,0.56,41,22,18,16,7,46.2,12,53,24,21,0,775,20,75,26,46.4,435,53,19,47,17,477,146,3,0,0,27,6,0,0,0,76,19,41.3,0.2254226675015654,0.2817783343769567,0.5072010018785222,0.2254226675015654,0.2761427676894177,0.2761427676894177,0.293049467752035,0.5635566687539135,0.032122730118973,1.6906700062617406,0.5072010018785222,20.457107075767063,30.6574827802129,286.9630557294928,102.06011271133376,0.2536005009392611,1.5216030056355667,0.9580463368816532,1.3525360050093926,0.3381340012523481,1.8033813400125236,0.0,0.2254226675015654,0.0,3.268628678772699,2.310582341891046,1.2398246712586098,1.0144020037570445,0.9016906700062616,0.3944896681277395,0.6762680025046963,2.9868503443957417,1.3525360050093926,1.1834690043832186,43.675641828428304,1.127113337507827,4.226675015654352,1.4652473387601752,24.51471509079524,2.9868503443957417,1.0707576706324358,2.648716343143393,0.9580463368816532,26.88165309956168,8.227927363807138,0.169067000626174,0.0,1.5216030056355667,0.3381340012523481,0.0,0.0,0.0,4.283030682529743,1.0707576706324358,MF,DF,midfield,4
Magnus Knudsen,no NOR,MF,Holstein Kiel,de Bundesliga,23.0,2001.0,31,22,1850,20.6,0,1,1,0,0,0,0.7,0.7,1.3,2.0,0.1,12,4,33.3,0.58,0.19,0.0,0.0,0.06,656,781,84.0,11194,3078,2.0,8,39,11,2,8,1,1,1,54,32,1.56,4,0.19,48,29,21,21,6,56.8,12,60,44,13,0,987,60,9,9,56.3,488,16,2,26,10,613,25,7,0,0,28,4,0,0,0,79,10,26.3,0.0,0.0486486486486486,0.0486486486486486,0.0,0.034054054054054,0.034054054054054,0.0632432432432432,0.0972972972972973,0.0048648648648648,0.5837837837837837,0.1945945945945946,31.91351351351351,37.9945945945946,544.5729729729729,149.74054054054054,0.0972972972972973,0.3891891891891892,1.8972972972972968,0.5351351351351351,0.0972972972972973,0.3891891891891892,0.0486486486486486,0.0486486486486486,0.0486486486486486,2.627027027027027,2.335135135135135,1.4108108108108108,1.0216216216216216,1.0216216216216216,0.2918918918918918,0.5837837837837837,2.9189189189189197,2.1405405405405404,0.6324324324324324,48.016216216216215,2.9189189189189197,0.4378378378378378,0.4378378378378378,23.740540540540543,0.7783783783783784,0.0972972972972973,1.2648648648648648,0.4864864864864865,29.82162162162162,1.2162162162162162,0.3405405405405405,0.0,1.3621621621621622,0.1945945945945946,0.0,0.0,0.0,3.843243243243244,0.4864864864864865,MF,,midfield,2
Koke,es ESP,MF,Atlético Madrid,es La Liga,32.0,1992.0,32,20,1926,21.4,1,1,2,1,0,0,1.1,1.1,1.4,2.5,0.12,11,4,36.4,0.51,0.19,0.09,0.25,0.1,1444,1640,88.0,22797,7027,2.2,16,134,22,6,22,12,3,6,132,51,2.38,5,0.23,46,23,18,22,6,48.8,20,66,29,16,2,1829,52,10,9,40.9,1138,22,0,15,8,1339,18,4,0,0,23,0,0,0,1,122,8,47.1,0.0467289719626168,0.0467289719626168,0.0934579439252336,0.0467289719626168,0.0514018691588785,0.0514018691588785,0.0654205607476635,0.116822429906542,0.005607476635514,0.5140186915887851,0.1869158878504672,67.4766355140187,76.63551401869158,1065.2803738317757,328.3644859813084,0.102803738317757,0.7476635514018691,6.261682242990654,1.0280373831775702,0.2803738317757009,1.0280373831775702,0.5607476635514018,0.1401869158878504,0.2803738317757009,6.16822429906542,2.149532710280374,1.074766355140187,0.8411214953271028,1.0280373831775702,0.2803738317757009,0.9345794392523366,3.08411214953271,1.355140186915888,0.7476635514018691,85.46728971962617,2.4299065420560746,0.4672897196261683,0.4205607476635514,53.177570093457945,1.0280373831775702,0.0,0.7009345794392523,0.3738317757009345,62.57009345794392,0.8411214953271028,0.1869158878504672,0.0,1.074766355140187,0.0,0.0,0.0,0.0467289719626168,5.700934579439252,0.3738317757009345,MF,,midfield,3
Amadou Koné,ml MLI,MF,Reims,fr Ligue 1,19.0,2005.0,24,17,1293,14.4,0,0,0,0,0,0,0.5,0.5,0.3,0.9,0.06,14,4,28.6,0.97,0.28,0.0,0.0,0.04,518,602,86.0,8977,2485,0.5,8,53,8,0,3,0,3,3,68,28,1.95,2,0.14,49,32,32,16,1,62.9,19,68,38,3,2,788,61,3,15,60.0,469,19,0,19,12,526,12,3,1,0,19,1,0,1,0,79,22,50.0,0.0,0.0,0.0,0.0,0.0348027842227378,0.0348027842227378,0.0208816705336426,0.062645011600928,0.0041763341067285,0.974477958236659,0.2784222737819025,36.05568445475638,41.90255220417633,624.8491879350348,172.96983758700696,0.0348027842227378,0.5568445475638051,3.689095127610209,0.5568445475638051,0.0,0.2088167053364269,0.0,0.2088167053364269,0.2088167053364269,4.733178654292344,3.410672853828306,2.2273781902552203,2.2273781902552203,1.1136890951276102,0.0696055684454756,1.322505800464037,4.733178654292344,2.645011600928074,0.2088167053364269,54.8491879350348,4.245939675174014,0.2088167053364269,1.0440835266821344,32.64501160092807,1.322505800464037,0.0,1.322505800464037,0.8352668213457076,36.61252900232018,0.8352668213457076,0.2088167053364269,0.0696055684454756,1.322505800464037,0.0696055684454756,0.0,0.0696055684454756,0.0,5.498839907192576,1.531322505800464,MF,,midfield,1
Manu Koné,fr FRA,MF,Roma,it Serie A,23.0,2001.0,34,31,2572,28.6,2,1,3,2,0,0,3.4,3.4,1.7,5.0,0.18,34,8,23.5,1.19,0.28,0.06,0.25,0.1,1160,1273,91.1,18915,4440,1.6,19,113,15,1,2,0,4,5,144,67,2.34,6,0.21,41,26,17,17,7,47.5,24,65,28,14,0,1555,34,40,30,41.7,1006,70,13,54,45,1181,50,6,0,0,28,6,0,1,0,131,20,37.7,0.0699844479004665,0.0349922239502332,0.1049766718506998,0.0699844479004665,0.1189735614307931,0.1189735614307931,0.0594867807153965,0.1749611197511664,0.0062986003110419,1.1897356143079316,0.2799377916018662,40.59097978227061,44.545101088646966,661.8779160186625,155.3654743390358,0.0559875583203732,0.6648522550544324,3.954121306376361,0.5248833592534993,0.0349922239502332,0.0699844479004665,0.0,0.1399688958009331,0.1749611197511664,5.038880248833593,1.4346811819595646,0.9097978227060654,0.5948678071539658,0.5948678071539658,0.2449455676516329,0.8398133748055988,2.274494556765163,0.979782270606532,0.4898911353032659,54.41290824261276,1.1897356143079316,1.3996889580093312,1.0497667185069983,35.20217729393468,2.44945567651633,0.4548989113530327,1.8895800933125968,1.5746500777604977,41.3258164852255,1.7496111975116642,0.2099533437013997,0.0,0.979782270606532,0.2099533437013997,0.0,0.0349922239502332,0.0,4.58398133748056,0.6998444790046656,MF,,midfield,2
Teun Koopmeiners,nl NED,"MF,FW",Juventus,it Serie A,26.0,1998.0,28,23,1994,22.2,3,3,6,3,0,0,3.9,3.9,2.9,6.8,0.31,42,10,23.8,1.9,0.45,0.07,0.3,0.09,761,953,79.9,12045,3133,3.8,38,63,18,3,113,74,4,3,89,63,2.84,3,0.14,32,16,6,19,7,33.3,8,40,26,12,2,1170,38,50,10,45.5,591,32,5,40,16,790,127,3,0,0,32,2,0,0,0,51,22,50.0,0.1354062186559678,0.1354062186559678,0.2708124373119357,0.1354062186559678,0.1760280842527582,0.1760280842527582,0.1308926780341023,0.3069207622868605,0.0139919759277833,1.8956870611835508,0.4513540621865596,34.34804413239719,43.01404212637914,543.6559679037111,141.40922768304915,0.1715145436308926,1.715145436308927,2.843530591775326,0.8124373119358075,0.1354062186559678,5.100300902708124,3.340020060180541,0.1805416248746238,0.1354062186559678,4.017051153460381,1.444332998996991,0.7221664994984955,0.2708124373119357,0.8575727181544635,0.3159478435305918,0.3610832497492477,1.8054162487462384,1.1735205616850553,0.5416248746238715,52.80842527582749,1.715145436308927,2.2567703109327986,0.4513540621865596,26.67502507522568,1.444332998996991,0.2256770310932798,1.8054162487462384,0.7221664994984955,35.65697091273822,5.732196589769307,0.1354062186559678,0.0,1.444332998996991,0.0902708124373119,0.0,0.0,0.0,2.3019057171514543,0.9929789368104314,MF,FW,midfield,4
Mateo Kovačić,hr CRO,MF,Manchester City,eng Premier League,30.0,1994.0,31,25,2198,24.4,6,2,8,6,0,0,1.9,1.9,3.6,5.5,0.23,45,12,26.7,1.84,0.49,0.13,0.5,0.04,1742,1882,92.6,27279,7278,3.2,33,206,30,0,0,0,15,8,164,73,2.99,8,0.33,69,38,23,38,8,47.7,24,93,21,14,1,2123,53,17,22,53.7,1445,56,3,19,29,1729,16,5,1,0,24,4,0,0,0,114,10,52.6,0.2456778889899909,0.0818926296633303,0.3275705186533212,0.2456778889899909,0.0777979981801637,0.0777979981801637,0.1474067333939945,0.2252047315741583,0.0094176524112829,1.842584167424932,0.4913557779799818,71.3284804367607,77.06096451319381,1116.9745222929937,298.00727934485894,0.1310282074613284,1.35122838944495,8.43494085532302,1.2283894449499544,0.0,0.0,0.0,0.6141947224749772,0.3275705186533212,6.715195632393084,2.825295723384896,1.5559599636032757,0.9417652411282984,1.5559599636032757,0.3275705186533212,0.9827115559599636,3.8080072793448583,0.8598726114649681,0.5732484076433121,86.92902638762511,2.170154686078253,0.6960873521383075,0.9008189262966332,59.16742493175614,2.2929936305732483,0.1228389444949954,0.7779799818016379,1.1874431301182893,70.79617834394905,0.6551410373066424,0.2047315741583257,0.0409463148316651,0.9827115559599636,0.1637852593266606,0.0,0.0,0.0,4.667879890809828,0.4094631483166515,MF,,midfield,3
Alex Král,cz CZE,MF,Espanyol,es La Liga,26.0,1998.0,37,29,2714,30.2,0,1,1,0,0,0,1.5,1.5,1.5,3.0,0.1,21,2,9.5,0.7,0.07,0.0,0.0,0.07,602,837,71.9,10136,2618,1.6,12,74,12,4,38,4,6,6,78,42,1.39,1,0.03,55,37,28,24,3,53.3,28,83,51,30,2,1155,84,45,29,52.7,618,49,7,52,29,684,79,1,0,0,31,4,0,0,0,127,38,57.6,0.0,0.0331613854089904,0.0331613854089904,0.0,0.0497420781134856,0.0497420781134856,0.0497420781134856,0.0994841562269712,0.003316138540899,0.6963890935887989,0.0663227708179808,19.963154016212236,27.75607958732498,336.1238025055269,86.81650700073692,0.0530582166543846,0.397936624907885,2.453942520265291,0.397936624907885,0.1326455416359616,1.260132645541636,0.1326455416359616,0.1989683124539425,0.1989683124539425,2.586588061901253,1.823876197494473,1.2269712601326457,0.9285187914517316,0.7958732498157701,0.0994841562269712,0.9285187914517316,2.752394988946205,1.6912306558585115,0.9948415622697124,38.30140014738394,2.7855563743551954,1.492262343404569,0.9616801768607222,20.49373618275608,1.6249078850405307,0.2321296978629329,1.724392041267502,0.9616801768607222,22.682387619749445,2.619749447310243,0.0331613854089904,0.0,1.028002947678703,0.1326455416359616,0.0,0.0,0.0,4.211495946941783,1.260132645541636,MF,,midfield,2
Andrej Kramarić,hr CRO,"MF,FW",Hoffenheim,de Bundesliga,33.0,1991.0,32,32,2767,30.7,11,8,19,8,3,3,11.8,9.5,4.3,13.7,0.52,66,23,34.8,2.15,0.75,0.12,0.35,0.15,1021,1314,77.7,15494,4102,5.7,49,101,38,15,116,44,5,5,143,102,3.32,14,0.46,15,8,5,8,2,54.5,7,22,11,34,1,1554,11,131,20,42.6,938,75,22,46,38,1153,202,4,0,0,12,2,0,0,0,136,8,25.8,0.3577882182869534,0.2602096132996024,0.6179978315865559,0.2602096132996024,0.3838091796169137,0.3089989157932779,0.1398626671485363,0.4456089627755692,0.0169136248644741,2.1467293097217204,0.748102638236357,33.20925189736176,42.73942898445971,503.96096855800505,133.42247921937116,0.1853993494759667,1.593783881460065,3.285146367907481,1.2359956631731115,0.4878930249367546,3.773039392844236,1.4311528731478136,0.1626310083122515,0.1626310083122515,4.651246837730394,0.4878930249367546,0.2602096132996024,0.1626310083122515,0.2602096132996024,0.0650524033249006,0.2276834116371521,0.7155764365739068,0.3577882182869534,1.1058908565233103,50.54571738344778,0.3577882182869534,4.260932417780991,0.6505240332490061,30.50957715937839,2.439465124683773,0.7155764365739068,1.496205276472714,1.2359956631731115,37.50271051680521,6.570292735814962,0.1301048066498012,0.0,0.3903144199494037,0.0650524033249006,0.0,0.0,0.0,4.423563426093242,0.2602096132996024,MF,FW,midfield,4
Tom Krauß,de GER,MF,Bochum,de Bundesliga,23.0,2001.0,14,13,1077,12.0,0,0,0,0,0,0,0.4,0.4,0.7,1.1,0.09,11,2,18.2,0.92,0.17,0.0,0.0,0.03,492,615,80.0,8962,2811,1.0,12,76,9,0,10,1,1,3,84,40,3.34,1,0.08,35,18,20,13,2,50.0,11,46,19,13,1,768,23,8,12,52.2,430,16,1,23,7,461,20,2,0,0,14,5,0,0,0,78,9,52.9,0.0,0.0,0.0,0.0,0.0334261838440111,0.0334261838440111,0.0584958217270194,0.0919220055710306,0.0075208913649025,0.9192200557103064,0.1671309192200557,41.1142061281337,51.392757660167135,748.9136490250696,234.9025069637883,0.0835654596100278,1.0027855153203342,6.350974930362117,0.7520891364902508,0.0,0.8356545961002785,0.0835654596100278,0.0835654596100278,0.2506963788300835,7.01949860724234,2.9247910863509747,1.5041782729805016,1.671309192200557,1.086350974930362,0.1671309192200557,0.9192200557103064,3.8440111420612815,1.5877437325905293,1.086350974930362,64.17827298050139,1.9220055710306407,0.6685236768802229,1.0027855153203342,35.93314763231198,1.3370473537604457,0.0835654596100278,1.9220055710306407,0.5849582172701949,38.52367688022285,1.671309192200557,0.1671309192200557,0.0,1.1699164345403898,0.4178272980501392,0.0,0.0,0.0,6.518105849582173,0.7520891364902508,MF,,midfield,3
Takefusa Kubo,jp JPN,"MF,FW",Real Sociedad,es La Liga,23.0,2001.0,36,27,2372,26.4,5,0,5,5,0,0,3.6,3.6,4.5,8.0,0.31,43,14,32.6,1.63,0.53,0.12,0.36,0.08,694,962,72.1,9938,2961,3.8,45,59,45,11,85,28,7,2,110,114,4.33,8,0.3,31,20,11,11,9,40.0,17,48,13,43,1,1341,10,118,75,47.8,878,133,57,89,48,988,218,5,0,0,21,9,1,0,0,118,11,36.7,0.1897133220910624,0.0,0.1897133220910624,0.1897133220910624,0.1365935919055649,0.1365935919055649,0.1707419898819561,0.3035413153456998,0.0117622259696458,1.6315345699831367,0.5311973018549747,26.332209106239457,36.5008431703204,377.0741989881956,112.34822934232716,0.1441821247892074,1.7074198988195617,2.238617200674536,1.7074198988195617,0.4173693086003373,3.225126475548061,1.0623946037099494,0.2655986509274873,0.0758853288364249,4.1736930860033725,1.1762225969645868,0.7588532883642496,0.4173693086003373,0.4173693086003373,0.3414839797639123,0.6450252951096122,1.8212478920741988,0.4932546374367622,1.6315345699831367,50.88111298482293,0.3794266441821248,4.477234401349072,2.845699831365936,33.31365935919056,5.04637436762226,2.162731871838111,3.376897133220911,1.8212478920741988,37.487352445193935,8.27150084317032,0.1897133220910624,0.0,0.7967959527824622,0.3414839797639123,0.0379426644182124,0.0,0.0,4.477234401349072,0.4173693086003373,MF,FW,midfield,0
Dejan Kulusevski,se SWE,"MF,FW",Tottenham,eng Premier League,24.0,2000.0,32,27,2389,26.5,7,4,11,7,0,0,4.2,4.2,6.2,10.4,0.39,47,17,36.2,1.77,0.64,0.15,0.41,0.09,658,893,73.7,9216,2920,3.9,65,62,52,6,89,62,11,1,124,128,4.82,9,0.34,45,23,17,13,15,37.3,13,58,10,42,1,1276,24,158,38,32.5,823,120,40,77,74,895,210,3,0,0,48,3,0,0,0,121,10,40.0,0.2637086647132691,0.1506906655504395,0.4143993302637087,0.2637086647132691,0.1582251988279615,0.1582251988279615,0.2335705316031812,0.3917957304311428,0.0146923398911678,1.7706153202176642,0.6404353285893679,24.7886144830473,33.64169108413562,347.19129342821265,110.00418585182084,0.1469233989116785,2.448723315194642,2.335705316031812,1.958978652155713,0.2260359983256592,3.3528673084972795,2.335705316031812,0.4143993302637087,0.0376726663876098,4.671410632063624,1.6952699874424444,0.8664713269150272,0.6404353285893679,0.4897446630389284,0.5650899958141482,0.4897446630389284,2.185014650481373,0.3767266638760987,1.5822519882796149,48.07032231059021,0.9041439933026372,5.952281289242362,1.4315613227291757,31.00460443700293,4.520719966513186,1.506906655504395,2.9007953118459606,2.787777312683131,33.717036416910844,7.911259941398074,0.1130179991628296,0.0,1.808287986605274,0.1130179991628296,0.0,0.0,0.0,4.558392632900795,0.3767266638760987,MF,FW,midfield,0
Hugo Larsson,se SWE,MF,Eint Frankfurt,de Bundesliga,20.0,2004.0,33,28,2393,26.6,3,1,4,3,0,0,3.1,3.1,2.1,5.2,0.19,21,10,47.6,0.79,0.38,0.14,0.3,0.15,1080,1243,86.9,16893,4921,1.9,21,89,19,3,8,0,2,5,121,57,2.14,5,0.19,47,27,17,25,5,50.0,30,77,35,17,1,1478,79,26,12,63.2,803,16,4,23,11,1006,33,2,0,0,21,1,0,1,0,121,13,48.1,0.1128290848307563,0.0376096949435854,0.1504387797743418,0.1128290848307563,0.1165900543251149,0.1165900543251149,0.0789803593815294,0.1955704137066443,0.0071458420392812,0.7898035938152945,0.3760969494358546,40.6184705390723,46.748850814876725,635.3405766819892,185.077308817384,0.0714584203928123,0.7898035938152945,3.347262849979105,0.7145842039281236,0.1128290848307563,0.3008775595486836,0.0,0.0752193898871709,0.1880484747179273,4.55077308817384,1.7676556623485165,1.0154617634768075,0.6393648140409528,0.9402423735896364,0.1880484747179273,1.1282908483075638,2.89594651065608,1.316339323025491,0.6393648140409528,55.58712912661931,2.971165900543251,0.9778520685332218,0.4513163393230254,30.20058503969912,0.6017551190973673,0.1504387797743418,0.8650229837024656,0.41370664437944,37.835353113246974,1.24111993313832,0.0752193898871709,0.0,0.7898035938152945,0.0376096949435854,0.0,0.0376096949435854,0.0,4.55077308817384,0.4889260342666109,MF,,midfield,2
Pierre Lees-Melou,fr FRA,MF,Brest,fr Ligue 1,31.0,1993.0,20,17,1526,17.0,2,2,4,2,0,0,1.3,1.3,2.8,4.0,0.24,22,8,36.4,1.3,0.47,0.09,0.25,0.06,902,1057,85.3,17471,5270,2.2,19,110,13,4,22,2,8,21,105,52,3.07,4,0.24,48,33,20,19,9,46.3,12,60,23,19,0,1228,53,22,12,57.1,697,23,5,25,8,855,36,7,0,0,32,3,0,0,0,125,4,36.4,0.1179554390563564,0.1179554390563564,0.2359108781127129,0.1179554390563564,0.0766710353866317,0.0766710353866317,0.165137614678899,0.2359108781127129,0.0141546526867627,1.2975098296199217,0.4718217562254259,53.19790301441677,62.3394495412844,1030.399737876802,310.81258191349934,0.1297509829619921,1.1205766710353866,6.487549148099606,0.7667103538663173,0.2359108781127129,1.2975098296199217,0.1179554390563564,0.4718217562254259,1.2385321100917432,6.192660550458716,2.8309305373525557,1.9462647444298824,1.1795543905635648,1.1205766710353866,0.5307994757536042,0.7077326343381388,3.5386631716906947,1.3564875491480997,1.1205766710353866,72.42463958060289,3.125819134993447,1.2975098296199217,0.7077326343381388,41.10747051114024,1.3564875491480997,0.2948885976408912,1.474442988204456,0.4718217562254259,50.4259501965924,2.123197903014417,0.4128440366972477,0.0,1.887287024901704,0.1769331585845347,0.0,0.0,0.0,7.372214941022281,0.2359108781127129,MF,,midfield,3
Félix Lemaréchal,fr FRA,"MF,FW",Strasbourg,fr Ligue 1,20.0,2003.0,27,20,1779,19.8,4,3,7,4,0,0,3.5,3.5,2.9,6.4,0.32,25,9,36.0,1.26,0.46,0.16,0.44,0.14,551,694,79.4,8118,1519,2.0,29,35,10,4,26,9,7,0,58,56,2.83,6,0.3,35,24,13,17,5,48.3,14,49,19,20,0,935,25,56,24,50.0,466,35,8,53,22,627,90,2,0,0,30,0,0,0,0,62,14,35.9,0.2023608768971332,0.1517706576728499,0.3541315345699831,0.2023608768971332,0.1770657672849915,0.1770657672849915,0.1467116357504215,0.3237774030354131,0.0161888701517706,1.2647554806070826,0.4553119730185497,27.875210792580106,35.10961214165261,410.6913996627319,76.84654300168634,0.1011804384485666,1.4671163575042157,1.7706576728499157,0.5059021922428331,0.2023608768971332,1.315345699831366,0.4553119730185497,0.3541315345699831,0.0,2.9342327150084317,1.7706576728499157,1.2141652613827991,0.657672849915683,0.8600337268128162,0.2529510961214165,0.7082630691399663,2.478920741989882,0.9612141652613828,1.011804384485666,47.30185497470489,1.2647554806070826,2.833052276559865,1.2141652613827991,23.57504215851602,1.7706576728499157,0.4047217537942664,2.681281618887015,1.1129848229342327,31.72006745362563,4.5531197301854975,0.1011804384485666,0.0,1.5177065767284992,0.0,0.0,0.0,0.0,3.136593591905565,0.7082630691399663,MF,FW,midfield,4
Mario Lemina,ga GAB,"MF,DF",Wolves,eng Premier League,30.0,1993.0,17,15,1364,15.2,1,3,4,1,0,0,1.4,1.4,1.1,2.5,0.17,18,5,27.8,1.19,0.33,0.06,0.2,0.08,493,613,80.4,9479,2966,1.2,10,43,13,4,10,0,6,4,48,26,1.71,5,0.33,51,31,27,19,5,69.0,27,78,50,7,3,809,92,18,10,62.5,382,8,2,21,11,482,21,4,0,0,17,0,0,1,0,73,25,61.0,0.0659824046920821,0.1979472140762463,0.2639296187683284,0.0659824046920821,0.0923753665689149,0.0923753665689149,0.0725806451612903,0.1649560117302053,0.0112170087976539,1.187683284457478,0.3299120234604106,32.52932551319648,40.44721407624633,625.4472140762463,195.70381231671556,0.0791788856304985,0.6598240469208212,2.837243401759531,0.8577712609970675,0.2639296187683284,0.6598240469208212,0.0,0.3958944281524927,0.2639296187683284,3.1671554252199416,3.365102639296188,2.0454545454545454,1.781524926686217,1.25366568914956,0.3299120234604106,1.781524926686217,5.146627565982405,3.2991202346041058,0.4618768328445747,53.37976539589443,6.070381231671554,1.187683284457478,0.6598240469208212,25.205278592375365,0.5278592375366569,0.1319648093841642,1.3856304985337244,0.7258064516129032,31.80351906158358,1.3856304985337244,0.2639296187683284,0.0,1.1217008797653958,0.0,0.0,0.0659824046920821,0.0,4.816715542521994,1.6495601173020529,MF,DF,midfield,1
Johann Lepenant,fr FRA,MF,Nantes,fr Ligue 1,21.0,2002.0,29,23,2048,22.8,2,1,3,2,0,0,1.4,1.4,0.9,2.3,0.1,20,5,25.0,0.88,0.22,0.1,0.4,0.07,582,725,80.3,8940,2329,1.8,8,70,12,1,16,1,2,0,89,37,1.63,6,0.26,68,33,30,27,11,45.1,18,86,25,30,0,992,32,36,18,50.0,502,25,3,46,21,596,62,3,0,0,51,1,0,0,0,89,20,52.6,0.087890625,0.0439453125,0.1318359375,0.087890625,0.0615234374999999,0.0615234374999999,0.03955078125,0.1010742187499999,0.00439453125,0.87890625,0.2197265625,25.576171875,31.8603515625,392.87109375,102.3486328125,0.0791015625,0.3515625,3.076171875,0.52734375,0.0439453125,0.703125,0.0439453125,0.087890625,0.0,3.9111328125,2.98828125,1.4501953125,1.318359375,1.1865234375,0.4833984375,0.791015625,3.779296875,1.0986328125,1.318359375,43.59375,1.40625,1.58203125,0.791015625,22.060546875,1.0986328125,0.1318359375,2.021484375,0.9228515625,26.19140625,2.724609375,0.1318359375,0.0,2.2412109375,0.0439453125,0.0,0.0,0.0,3.9111328125,0.87890625,MF,,midfield,1
Jefferson Lerma,co COL,"MF,DF",Crystal Palace,eng Premier League,29.0,1994.0,33,26,2274,25.3,0,1,1,0,0,0,1.1,1.1,1.6,2.7,0.11,26,8,30.8,1.03,0.32,0.0,0.0,0.04,844,1121,75.3,14709,5135,1.7,10,87,18,2,12,0,9,8,97,47,1.86,3,0.12,35,17,15,16,4,52.8,42,77,80,22,1,1406,124,29,7,53.8,649,13,0,15,18,803,26,9,0,0,35,0,0,0,0,154,41,51.3,0.0,0.0395778364116095,0.0395778364116095,0.0,0.0435356200527704,0.0435356200527704,0.0633245382585752,0.1068601583113456,0.004353562005277,1.029023746701847,0.316622691292876,33.403693931398415,44.36675461741425,582.1503957783641,203.2321899736148,0.0672823218997361,0.395778364116095,3.4432717678100264,0.712401055408971,0.079155672823219,0.4749340369393139,0.0,0.3562005277044855,0.316622691292876,3.839050131926121,1.3852242744063326,0.6728232189973614,0.5936675461741425,0.633245382585752,0.158311345646438,1.662269129287599,3.0474934036939314,3.16622691292876,0.8707124010554089,55.64643799472295,4.907651715039577,1.147757255936675,0.2770448548812665,25.68601583113457,0.5145118733509235,0.0,0.5936675461741425,0.712401055408971,31.781002638522427,1.029023746701847,0.3562005277044855,0.0,1.3852242744063326,0.0,0.0,0.0,0.0,6.094986807387863,1.6226912928759896,MF,DF,midfield,2
Jamie Leweling,de GER,"MF,FW",Stuttgart,de Bundesliga,23.0,2001.0,27,22,1663,18.5,2,2,4,2,0,0,1.6,1.6,3.8,5.4,0.29,29,16,55.2,1.57,0.87,0.07,0.13,0.05,409,580,70.5,5858,1400,3.3,25,25,26,9,58,0,2,1,51,52,2.82,9,0.49,16,6,6,3,7,44.0,11,27,17,31,1,801,18,67,41,50.0,540,55,17,42,38,598,164,4,0,0,17,4,2,0,0,73,6,60.0,0.1082381238725195,0.1082381238725195,0.2164762477450391,0.1082381238725195,0.0865904990980156,0.0865904990980156,0.2056524353577871,0.2922429344558028,0.0156945279615153,1.5694527961515334,0.8659049909801564,22.134696331930247,31.389055923030668,317.0294648226097,75.76668671076368,0.1785929043896572,1.3529765484064944,1.3529765484064944,1.407095610342754,0.4870715574263379,3.138905592303067,0.0,0.1082381238725195,0.0541190619362597,2.7600721587492485,0.8659049909801564,0.3247143716175587,0.3247143716175587,0.1623571858087793,0.3788334335538184,0.5953096812988575,1.4612146722790138,0.9200240529164162,1.677690920024053,43.34936861094408,0.974143114852676,3.6259771497294047,2.2188815393866506,29.22429344558028,2.976548406494288,0.9200240529164162,2.2730006013229107,2.0565243535778714,32.36319903788334,8.875526157546602,0.2164762477450391,0.0,0.9200240529164162,0.2164762477450391,0.1082381238725195,0.0,0.0,3.9506915213469633,0.3247143716175587,MF,FW,midfield,4
Karol Linetty,pl POL,MF,Torino,it Serie A,29.0,1995.0,28,18,1540,17.1,1,0,1,1,0,0,1.1,1.1,0.9,2.0,0.12,17,4,23.5,0.99,0.23,0.06,0.25,0.06,478,565,84.6,8244,2067,0.9,10,45,10,1,4,2,1,3,47,24,1.4,2,0.12,39,23,17,19,3,48.8,12,51,31,9,1,732,48,13,7,33.3,397,18,2,17,9,450,19,6,0,0,39,0,0,0,0,63,8,36.4,0.0584415584415584,0.0,0.0584415584415584,0.0584415584415584,0.0642857142857143,0.0642857142857143,0.0525974025974025,0.1168831168831168,0.007012987012987,0.9935064935064936,0.2337662337662337,27.935064935064933,33.01948051948052,481.7922077922078,120.7987012987013,0.0525974025974025,0.5844155844155845,2.6298701298701297,0.5844155844155845,0.0584415584415584,0.2337662337662337,0.1168831168831168,0.0584415584415584,0.1753246753246753,2.7467532467532467,2.2792207792207795,1.344155844155844,0.9935064935064936,1.1103896103896105,0.1753246753246753,0.7012987012987013,2.9805194805194803,1.811688311688312,0.525974025974026,42.77922077922078,2.805194805194805,0.7597402597402597,0.409090909090909,23.2012987012987,1.051948051948052,0.1168831168831168,0.9935064935064936,0.525974025974026,26.298701298701296,1.1103896103896105,0.3506493506493506,0.0,2.2792207792207795,0.0,0.0,0.0,0.0,3.6818181818181817,0.4675324675324675,MF,,midfield,2
Samuel Lino,br BRA,"MF,DF",Atlético Madrid,es La Liga,24.0,1999.0,31,21,1552,17.2,3,4,7,3,0,0,6.0,6.0,2.9,8.9,0.52,45,18,40.0,2.61,1.04,0.07,0.17,0.13,652,821,79.4,9905,2363,2.2,22,41,24,6,41,2,1,3,73,49,2.84,6,0.35,33,17,25,4,4,42.3,8,41,13,31,0,1038,21,75,27,48.2,678,72,25,31,18,772,179,3,0,0,15,3,1,0,0,85,13,52.0,0.1739690721649484,0.2319587628865979,0.4059278350515463,0.1739690721649484,0.3479381443298969,0.3479381443298969,0.1681701030927835,0.5161082474226805,0.0301546391752577,2.609536082474227,1.0438144329896908,37.80927835051546,47.60953608247423,574.3878865979382,137.02963917525773,0.1275773195876288,1.2757731958762886,2.377577319587629,1.3917525773195876,0.3479381443298969,2.377577319587629,0.1159793814432989,0.0579896907216494,0.1739690721649484,4.233247422680412,1.913659793814433,0.9858247422680412,1.4497422680412368,0.2319587628865979,0.2319587628865979,0.4639175257731959,2.377577319587629,0.7538659793814433,1.797680412371134,60.19329896907216,1.2177835051546393,4.349226804123711,1.565721649484536,39.31701030927835,4.175257731958763,1.4497422680412368,1.797680412371134,1.0438144329896908,44.7680412371134,10.380154639175258,0.1739690721649484,0.0,0.8698453608247423,0.1739690721649484,0.0579896907216494,0.0,0.0,4.929123711340206,0.7538659793814433,MF,DF,midfield,4
Giovani Lo Celso,ar ARG,"MF,FW",Betis,es La Liga,28.0,1996.0,25,15,1457,16.2,8,3,11,6,2,3,4.8,2.4,4.9,7.3,0.59,31,16,51.6,1.91,0.99,0.19,0.38,0.08,766,970,79.0,12440,4308,5.2,43,89,41,1,95,67,15,8,132,93,5.74,9,0.56,34,22,8,17,9,68.0,5,39,3,21,1,1167,7,53,21,38.2,702,26,9,38,31,832,66,4,0,0,13,4,0,0,0,76,5,31.3,0.4941660947151681,0.185312285518188,0.6794783802333562,0.3706245710363761,0.2964996568291009,0.1482498284145504,0.3026767330130405,0.4509265614275909,0.0364447494852436,1.9148936170212765,0.9883321894303364,47.31640356897735,59.91763898421414,768.4282772820865,266.10844200411805,0.3212079615648593,2.656142759094029,5.497597803706246,2.5326012354152367,0.061770761839396,5.868222374742622,4.1386410432395335,0.9265614275909404,0.4941660947151681,8.153740562800275,2.1002059025394644,1.3589567604667123,0.4941660947151681,1.0501029512697322,0.5559368565545642,0.3088538091969801,2.409059711736445,0.185312285518188,1.2971859986273164,72.08647906657515,0.4323953328757721,3.273850377487989,1.2971859986273164,43.363074811256006,1.6060398078242966,0.5559368565545642,2.347288949897049,1.9148936170212765,51.39327385037749,4.076870281400137,0.247083047357584,0.0,0.8030199039121483,0.247083047357584,0.0,0.0,0.0,4.694577899794098,0.3088538091969801,MF,FW,midfield,0
Stanislav Lobotka,sk SVK,MF,Napoli,it Serie A,29.0,1994.0,32,31,2636,29.3,0,1,1,0,0,0,0.3,0.3,1.2,1.5,0.05,7,0,0.0,0.24,0.0,0.0,,0.05,1600,1762,90.8,28161,6745,1.9,17,110,20,1,2,0,3,10,118,54,1.84,6,0.2,47,30,16,21,10,61.3,21,68,57,10,1,1967,105,9,8,72.7,1123,30,2,13,12,1459,32,3,0,0,24,0,0,1,0,166,6,50.0,0.0,0.0341426403641881,0.0341426403641881,0.0,0.0102427921092564,0.0102427921092564,0.0409711684370257,0.0512139605462822,0.0017071320182094,0.2389984825493171,0.0,54.62822458270106,60.15933232169955,961.4908952959028,230.2921092564492,0.0648710166919575,0.5804248861911988,3.755690440060698,0.6828528072837633,0.0341426403641881,0.0682852807283763,0.0,0.1024279210925644,0.3414264036418816,4.028831562974204,1.6047040971168438,1.024279210925645,0.5462822458270107,0.7169954476479514,0.3414264036418816,0.7169954476479514,2.3216995447647952,1.9461305007587253,0.3414264036418816,67.15857359635812,3.584977238239757,0.3072837632776934,0.2731411229135053,38.34218512898331,1.024279210925645,0.0682852807283763,0.4438543247344461,0.4097116843702579,49.81411229135053,1.0925644916540214,0.1024279210925644,0.0,0.8194233687405159,0.0,0.0,0.0341426403641881,0.0,5.667678300455235,0.2048558421851289,MF,,midfield,2
Manuel Locatelli,it ITA,MF,Juventus,it Serie A,26.0,1998.0,36,34,2822,31.4,2,2,4,1,1,1,1.8,1.0,2.5,3.5,0.14,24,7,29.2,0.77,0.22,0.04,0.14,0.04,2134,2431,87.8,40150,14489,2.7,29,327,31,2,24,8,3,33,294,98,3.13,8,0.26,72,49,29,35,8,57.1,23,95,77,14,0,2752,155,18,8,36.4,1559,33,1,25,8,2032,33,9,0,0,46,2,0,1,0,141,35,61.4,0.0637845499645641,0.0637845499645641,0.1275690999291283,0.031892274982282,0.0574060949681077,0.031892274982282,0.0797306874557051,0.1116229624379872,0.0044649184975194,0.7654145995747696,0.2232459248759744,68.05811481218993,77.53012048192771,1280.4748405386251,462.0871722182849,0.0861091424521616,0.92487597448618,10.428773919206236,0.988660524450744,0.0637845499645641,0.7654145995747696,0.2551381998582566,0.0956768249468462,1.0524450744153084,9.376328844790928,2.296243798724309,1.5627214741318214,0.92487597448618,1.1162296243798724,0.2551381998582566,0.7335223245924876,3.0297661233167967,2.455705173635719,0.4464918497519489,87.76754075124026,4.943302622253721,0.5740609496810772,0.2551381998582566,49.72005669737775,1.0524450744153084,0.031892274982282,0.7973068745570517,0.2551381998582566,64.80510276399716,1.0524450744153084,0.2870304748405386,0.0,1.4670446491849751,0.0637845499645641,0.0,0.031892274982282,0.0,4.496810772501772,1.1162296243798724,MF,,midfield,3
Ruben Loftus-Cheek,eng ENG,MF,Milan,it Serie A,28.0,1996.0,19,10,1037,11.5,0,0,0,0,0,0,0.7,0.7,1.9,2.6,0.22,9,2,22.2,0.78,0.17,0.0,0.0,0.08,435,485,89.7,6891,1390,0.9,16,40,7,2,7,0,1,2,51,34,2.95,2,0.17,19,8,6,9,4,50.0,3,22,20,4,0,593,21,25,11,47.8,362,27,9,20,7,464,32,3,0,0,23,3,0,0,0,48,18,62.1,0.0,0.0,0.0,0.0,0.0607521697203471,0.0607521697203471,0.1648987463837994,0.2256509161041466,0.0190935390549662,0.781099324975892,0.1735776277724204,37.75313404050145,42.092574734811954,598.0617164898747,120.6364513018322,0.0781099324975892,1.3886210221793636,3.471552555448409,0.6075216972034715,0.1735776277724204,0.6075216972034715,0.0,0.0867888138862102,0.1735776277724204,4.426229508196721,1.6489874638379944,0.6943105110896818,0.5207328833172614,0.781099324975892,0.3471552555448409,0.2603664416586307,1.9093539054966249,1.7357762777242045,0.3471552555448409,51.46576663452266,1.8225650916104144,2.1697203471552555,0.9546769527483124,31.417550626808097,2.343297974927676,0.781099324975892,1.7357762777242045,0.6075216972034715,40.27000964320155,2.777242044358727,0.2603664416586307,0.0,1.9961427193828352,0.2603664416586307,0.0,0.0,0.0,4.165863066538091,1.562198649951784,MF,,midfield,4
Ademola Lookman,ng NGA,"MF,FW",Atalanta,it Serie A,26.0,1997.0,31,28,2247,25.0,15,5,20,14,1,1,10.3,9.5,7.1,16.7,0.7,81,32,39.5,3.24,1.28,0.17,0.44,0.12,684,944,72.5,9662,2659,7.9,61,29,43,13,124,84,3,1,73,135,5.41,15,0.6,32,15,9,15,8,57.9,3,35,5,35,1,1274,1,199,37,35.6,827,142,81,72,51,974,316,4,0,0,31,2,0,0,0,69,17,56.7,0.6008010680907877,0.2002670226969292,0.8010680907877169,0.5607476635514018,0.4125500667556743,0.3805073431241655,0.2843791722296395,0.6688918558077436,0.02803738317757,3.244325767690254,1.2817089452603472,27.39652870493992,37.81041388518024,386.99599465954606,106.50200267022696,0.3164218958611482,2.4432576769025367,1.1615487316421895,1.7222963951935917,0.520694259012016,4.966622162883845,3.364485981308411,0.1201602136181575,0.0400534045393858,2.923898531375167,1.2817089452603472,0.6008010680907877,0.3604806408544727,0.6008010680907877,0.3204272363150868,0.1201602136181575,1.4018691588785046,0.2002670226969292,1.4018691588785046,51.02803738317757,0.0400534045393858,7.970627503337783,1.4819759679572764,33.1241655540721,5.68758344459279,3.244325767690254,2.883845126835781,2.0427236315086783,39.012016021361816,12.656875834445929,0.1602136181575434,0.0,1.2416555407209613,0.0801068090787717,0.0,0.0,0.0,2.7636849132176238,0.6809078771695595,MF,FW,midfield,0
Diego López,es ESP,"MF,FW",Valencia,es La Liga,22.0,2002.0,38,35,2737,30.4,8,5,13,8,0,0,6.6,6.6,5.0,11.6,0.38,44,14,31.8,1.45,0.46,0.18,0.57,0.15,680,943,72.1,10541,2502,4.7,38,43,34,9,67,0,5,3,85,69,2.27,9,0.3,31,18,11,16,4,34.0,16,47,15,47,0,1257,11,100,23,29.9,715,76,24,71,27,881,219,3,0,0,21,3,1,1,0,105,14,20.3,0.2630617464377055,0.1644135915235659,0.4274753379612714,0.2630617464377055,0.217025940811107,0.217025940811107,0.1644135915235659,0.381439532334673,0.012495432955791,1.4468396054073804,0.4603580562659847,22.36024844720497,31.008403361344534,346.6167336499817,82.2725611983924,0.154548776032152,1.2495432955791013,1.413956887102667,1.1180124223602483,0.2959444647424187,2.203142126415784,0.0,0.1644135915235659,0.0986481549141395,2.7950310559006213,1.019364267446109,0.5918889294848374,0.3617099013518451,0.526123492875411,0.1315308732188527,0.526123492875411,1.54548776032152,0.4932407745706978,1.54548776032152,41.33357690902448,0.3617099013518451,3.288271830471319,0.7563025210084033,23.51114358786993,2.4990865911582025,0.7891852393131166,2.3346729996346363,0.8878333942272562,28.969674826452323,7.201315308732188,0.0986481549141395,0.0,0.690537084398977,0.0986481549141395,0.0328827183047131,0.0328827183047131,0.0,3.452685421994885,0.4603580562659847,MF,FW,midfield,4
Fermin López,es ESP,"MF,FW",Barcelona,es La Liga,21.0,2003.0,28,12,1252,13.9,6,5,11,6,0,0,5.6,5.6,3.9,9.5,0.69,41,15,36.6,2.95,1.08,0.15,0.4,0.14,552,675,81.8,8398,2128,4.3,29,65,20,6,47,28,8,5,79,57,4.1,7,0.5,19,15,3,9,7,25.0,5,24,3,12,0,858,5,59,25,45.5,490,31,12,36,16,649,108,4,1,0,27,1,0,0,0,66,9,33.3,0.4313099041533546,0.3594249201277955,0.7907348242811502,0.4313099041533546,0.4025559105431309,0.4025559105431309,0.2803514376996805,0.6829073482428115,0.0496006389776357,2.947284345047924,1.0782747603833864,39.680511182108624,48.5223642172524,603.6900958466454,152.97124600638978,0.3091054313099041,2.0846645367412138,4.672523961661342,1.437699680511182,0.4313099041533546,3.378594249201278,2.0127795527156547,0.5750798722044728,0.3594249201277955,5.678913738019169,1.365814696485623,1.0782747603833864,0.2156549520766773,0.646964856230032,0.5031948881789137,0.3594249201277955,1.7252396166134183,0.2156549520766773,0.8626198083067093,61.67731629392971,0.3594249201277955,4.241214057507987,1.7971246006389776,35.22364217252396,2.228434504792332,0.8626198083067093,2.587859424920128,1.1501597444089455,46.65335463258786,7.763578274760383,0.2875399361022364,0.0718849840255591,1.940894568690096,0.0718849840255591,0.0,0.0,0.0,4.744408945686901,0.646964856230032,MF,FW,midfield,0
Unai López,es ESP,MF,Rayo Vallecano,es La Liga,28.0,1995.0,32,23,1707,19.0,3,1,4,3,0,0,1.6,1.6,1.0,2.6,0.14,26,11,42.3,1.37,0.58,0.12,0.27,0.06,1041,1236,84.2,17637,4425,1.3,19,106,11,2,33,19,5,8,112,53,2.79,2,0.11,31,21,14,12,5,47.2,21,52,20,19,0,1410,41,20,15,65.2,828,22,3,24,19,1036,40,9,1,0,18,1,0,0,0,117,10,35.7,0.1581722319859402,0.0527240773286467,0.210896309314587,0.1581722319859402,0.0843585237258348,0.0843585237258348,0.0527240773286467,0.1370826010544815,0.0073813708260105,1.3708260105448151,0.5799648506151143,54.88576449912127,65.16695957820738,929.8945518453428,233.30404217926184,0.0685413005272407,1.001757469244288,5.588752196836555,0.5799648506151143,0.1054481546572935,1.7398945518453426,1.001757469244288,0.2636203866432337,0.421792618629174,5.905096660808436,1.6344463971880492,1.1072056239015815,0.7381370826010545,0.632688927943761,0.2636203866432337,1.1072056239015815,2.7416520210896307,1.054481546572935,1.001757469244288,74.34094903339192,2.161687170474517,1.054481546572935,0.7908611599297013,43.65553602811951,1.1599297012302283,0.1581722319859402,1.265377855887522,1.001757469244288,54.622144112478026,2.10896309314587,0.4745166959578207,0.0527240773286467,0.9490333919156416,0.0527240773286467,0.0,0.0,0.0,6.16871704745167,0.5272407732864675,MF,,midfield,3
Anthony Losilla,fr FRA,MF,Bochum,de Bundesliga,38.0,1986.0,21,13,1137,12.6,0,0,0,0,0,0,0.1,0.1,0.4,0.5,0.04,5,0,0.0,0.4,0.0,0.0,,0.03,321,419,76.6,5128,1937,0.7,7,23,9,3,4,0,0,1,45,19,1.5,2,0.16,30,16,15,12,3,51.5,18,48,27,8,1,547,37,2,1,20.0,223,3,1,10,7,284,11,1,0,0,18,1,0,0,0,45,29,55.8,0.0,0.0,0.0,0.0,0.0079155672823219,0.0079155672823219,0.0316622691292876,0.0395778364116095,0.0031662269129287,0.395778364116095,0.0,25.408970976253297,33.16622691292876,405.910290237467,153.3245382585752,0.0554089709762532,0.554089709762533,1.820580474934037,0.712401055408971,0.2374670184696569,0.316622691292876,0.0,0.0,0.079155672823219,3.562005277044855,2.37467018469657,1.266490765171504,1.187335092348285,0.949868073878628,0.2374670184696569,1.424802110817942,3.799472295514512,2.1372031662269126,0.633245382585752,43.2981530343008,2.928759894459103,0.158311345646438,0.079155672823219,17.651715039577837,0.2374670184696569,0.079155672823219,0.79155672823219,0.554089709762533,22.480211081794195,0.8707124010554089,0.079155672823219,0.0,1.424802110817942,0.079155672823219,0.0,0.0,0.0,3.562005277044855,2.29551451187335,MF,,midfield,1
Sandi Lovrić,si SVN,MF,Udinese,it Serie A,26.0,1998.0,36,31,2308,25.6,2,3,5,2,0,0,2.6,2.6,3.4,6.0,0.24,49,12,24.5,1.91,0.47,0.04,0.17,0.05,749,952,78.7,13335,3733,2.4,32,81,21,4,90,49,3,6,120,81,3.16,10,0.39,46,29,25,17,4,50.0,22,68,27,17,1,1258,39,38,21,43.8,670,60,7,53,28,786,71,5,0,0,54,4,1,0,0,118,1,5.6,0.0779896013864818,0.1169844020797227,0.1949740034662045,0.0779896013864818,0.1013864818024263,0.1013864818024263,0.132582322357019,0.2339688041594454,0.0093587521663778,1.910745233968804,0.4679376083188908,29.207105719237436,37.12305025996534,519.9956672443674,145.56759098786827,0.0935875216637781,1.2478336221837087,3.158578856152513,0.8188908145580589,0.1559792027729636,3.509532062391681,1.910745233968804,0.1169844020797227,0.2339688041594454,4.679376083188908,1.7937608318890814,1.130849220103986,0.9748700173310226,0.6629116117850954,0.1559792027729636,0.8578856152512998,2.6516464471403816,1.0528596187175043,0.6629116117850954,49.055459272097046,1.5207972270363952,1.4818024263431542,0.8188908145580589,26.126516464471404,2.339688041594454,0.2729636048526863,2.066724436741768,1.0918544194107451,30.64991334488735,2.768630849220104,0.1949740034662045,0.0,2.1057192374350087,0.1559792027729636,0.0389948006932409,0.0,0.0,4.601386481802426,0.0389948006932409,MF,,midfield,4
Pol Lozano,es ESP,MF,Espanyol,es La Liga,24.0,1999.0,30,27,1943,21.6,0,1,1,0,0,0,0.2,0.2,0.8,1.0,0.05,8,2,25.0,0.37,0.09,0.0,0.0,0.02,694,828,83.8,12350,4139,1.0,17,95,11,4,19,10,4,8,115,40,1.84,2,0.09,53,34,23,25,5,43.1,22,75,31,14,0,1026,61,1,5,26.3,506,18,0,18,15,596,12,12,0,0,56,0,0,0,0,86,10,38.5,0.0,0.0463201235203293,0.0463201235203293,0.0,0.0092640247040658,0.0092640247040658,0.0370560988162635,0.0463201235203293,0.0023160061760164,0.3705609881626351,0.0926402470406587,32.146165723108595,38.35306227483274,572.053525476068,191.7189912506433,0.0463201235203293,0.7874420998455995,4.400411734431292,0.5095213587236233,0.1852804940813175,0.8800823468862584,0.4632012352032938,0.1852804940813175,0.3705609881626351,5.32681420483788,2.4549665465774577,1.574884199691199,1.065362840967576,1.1580030880082348,0.2316006176016469,1.0190427174472465,3.474009264024704,1.435923829130211,0.6484817292846115,47.52444673185796,2.8255275347400928,0.0463201235203293,0.2316006176016469,23.437982501286672,0.833762223365929,0.0,0.833762223365929,0.6948018528049408,27.60679361811632,0.5558414822439527,0.5558414822439527,0.0,2.593926917138446,0.0,0.0,0.0,0.0,3.983530622748327,0.4632012352032938,MF,,midfield,1
Saša Lukić,rs SRB,MF,Fulham,eng Premier League,27.0,1996.0,30,28,2344,26.0,0,2,2,0,0,0,1.2,1.2,2.7,3.9,0.15,18,2,11.1,0.69,0.08,0.0,0.0,0.06,1100,1260,87.3,18730,4635,1.4,26,104,17,7,62,42,1,4,98,55,2.11,4,0.15,68,39,22,40,6,41.8,28,96,35,23,1,1493,57,21,8,47.1,825,39,4,23,8,963,33,12,0,0,66,1,0,1,0,109,19,43.2,0.0,0.0767918088737201,0.0767918088737201,0.0,0.046075085324232,0.046075085324232,0.1036689419795221,0.1497440273037542,0.005759385665529,0.6911262798634812,0.0767918088737201,42.23549488054607,48.37883959044369,719.155290102389,177.96501706484642,0.053754266211604,0.9982935153583616,3.993174061433447,0.6527303754266212,0.2687713310580205,2.3805460750853245,1.6126279863481228,0.03839590443686,0.1535836177474402,3.7627986348122864,2.6109215017064846,1.497440273037543,0.8447098976109215,1.5358361774744027,0.2303754266211604,1.075085324232082,3.6860068259385663,1.3438566552901023,0.8831058020477816,57.32508532423208,2.188566552901024,0.8063139931740614,0.3071672354948805,31.67662116040956,1.497440273037543,0.1535836177474402,0.8831058020477816,0.3071672354948805,36.975255972696246,1.2670648464163825,0.4607508532423208,0.0,2.534129692832765,0.03839590443686,0.0,0.03839590443686,0.0,4.185153583617748,0.7295221843003412,MF,,midfield,1
Senne Lynen,be BEL,MF,Werder Bremen,de Bundesliga,25.0,1999.0,32,32,2733,30.4,0,1,1,0,0,0,1.1,1.1,0.6,1.7,0.06,24,3,12.5,0.79,0.1,0.0,0.0,0.05,1099,1326,82.9,17538,5076,1.1,8,81,15,1,5,0,2,4,91,32,1.05,6,0.2,72,39,36,30,6,56.5,65,137,75,16,5,1717,122,13,12,42.9,849,9,3,35,15,959,28,9,0,0,38,0,0,0,0,191,25,47.2,0.0,0.0329308452250274,0.0329308452250274,0.0,0.0362239297475301,0.0362239297475301,0.0197585071350164,0.0559824368825466,0.0019758507135016,0.7903402854006586,0.0987925356750823,36.19099890230516,43.66630076838639,577.5411635565313,167.1569703622393,0.0362239297475301,0.2634467618002195,2.6673984632272227,0.4939626783754117,0.0329308452250274,0.1646542261251372,0.0,0.0658616904500548,0.1317233809001097,2.996706915477497,2.371020856201976,1.2843029637760703,1.1855104281009878,0.9879253567508234,0.1975850713501646,2.140504939626784,4.511525795828759,2.469813391877058,0.5268935236004391,56.54226125137212,4.017563117453348,0.4281009879253568,0.3951701427003293,27.958287596048297,0.2963776070252469,0.0987925356750823,1.1525795828759606,0.4939626783754117,31.58068057080132,0.9220636663007684,0.2963776070252469,0.0,1.2513721185510427,0.0,0.0,0.0,0.0,6.2897914379802415,0.823271130625686,MF,,midfield,1
Alexis Mac Allister,ar ARG,MF,Liverpool,eng Premier League,25.0,1998.0,35,30,2599,28.9,5,5,10,5,0,0,2.8,2.8,4.7,7.5,0.26,38,13,34.2,1.32,0.45,0.13,0.38,0.07,1273,1524,83.5,20344,5748,5.6,45,122,35,2,86,71,6,3,177,120,4.15,15,0.52,95,58,28,51,16,52.9,22,117,29,31,1,1860,56,60,16,38.1,914,36,5,31,22,1227,80,6,0,0,62,2,0,0,0,148,19,35.8,0.1731435167372066,0.1731435167372066,0.3462870334744132,0.1731435167372066,0.0969603693728357,0.0969603693728357,0.1627549057329742,0.2597152751058099,0.0090034628703347,1.3158907272027704,0.4501731435167372,44.0823393612928,52.77414390150057,704.4863409003464,199.0457868410927,0.1939207387456714,1.5582916506348594,4.224701808387842,1.2120046171604464,0.0692574066948826,2.9780684878799537,2.458637937668334,0.2077722200846479,0.1038861100423239,6.129280492497115,3.2897268180069257,2.008464794151597,0.969603693728357,1.7660638707195075,0.5540592535590612,0.7618314736437091,4.051558291650635,1.0042323970757985,1.073489803770681,64.40938822624086,1.939207387456714,2.0777222008464795,0.5540592535590612,31.650634859561368,1.2466333205078877,0.1731435167372066,1.073489803770681,0.7618314736437091,42.4894190073105,2.770296267795306,0.2077722200846479,0.0,2.146979607541362,0.0692574066948826,0.0,0.0,0.0,5.125048095421316,0.6579453636013852,MF,,midfield,1
James Maddison,eng ENG,MF,Tottenham,eng Premier League,27.0,1996.0,31,21,1809,20.1,9,7,16,9,0,0,5.8,5.8,4.2,10.0,0.5,39,17,43.6,1.94,0.85,0.23,0.53,0.15,1021,1256,81.3,16664,5028,5.9,41,123,32,5,98,59,12,5,164,95,4.73,18,0.9,31,19,8,16,7,31.0,12,43,19,15,1,1464,26,77,33,42.9,1026,45,20,23,25,1125,95,6,0,0,32,6,0,0,0,76,5,41.7,0.4477611940298507,0.3482587064676617,0.7960199004975124,0.4477611940298507,0.2885572139303483,0.2885572139303483,0.208955223880597,0.4975124378109453,0.0248756218905472,1.9402985074626864,0.845771144278607,50.79601990049751,62.48756218905472,829.0547263681592,250.1492537313433,0.2935323383084577,2.039800995024876,6.119402985074626,1.5920398009950247,0.2487562189054726,4.875621890547264,2.935323383084577,0.5970149253731344,0.2487562189054726,8.159203980099504,1.5422885572139302,0.945273631840796,0.3980099502487562,0.7960199004975124,0.3482587064676617,0.5970149253731344,2.1393034825870645,0.945273631840796,0.746268656716418,72.83582089552239,1.2935323383084578,3.830845771144279,1.6417910447761197,51.04477611940298,2.238805970149254,0.9950248756218906,1.144278606965174,1.243781094527363,55.970149253731336,4.72636815920398,0.2985074626865672,0.0,1.5920398009950247,0.2985074626865672,0.0,0.0,0.0,3.781094527363184,0.2487562189054726,MF,,midfield,0
Soungoutou Magassa,fr FRA,MF,Monaco,fr Ligue 1,20.0,2003.0,21,12,1025,11.4,0,1,1,0,0,0,0.5,0.5,0.9,1.4,0.12,8,3,37.5,0.7,0.26,0.0,0.0,0.06,540,638,84.6,9268,2731,0.7,7,67,10,2,7,0,4,7,63,19,1.67,1,0.09,47,25,14,27,6,54.3,21,68,19,9,1,781,29,8,15,65.2,386,6,1,12,13,500,11,5,1,0,28,0,0,0,0,90,13,38.2,0.0,0.0878048780487804,0.0878048780487804,0.0,0.0439024390243902,0.0439024390243902,0.0790243902439024,0.1229268292682926,0.0105365853658536,0.7024390243902439,0.2634146341463415,47.41463414634146,56.01951219512195,813.7756097560975,239.79512195121956,0.0614634146341463,0.6146341463414634,5.882926829268293,0.8780487804878049,0.1756097560975609,0.6146341463414634,0.0,0.3512195121951219,0.6146341463414634,5.53170731707317,4.126829268292683,2.1951219512195124,1.2292682926829268,2.370731707317073,0.526829268292683,1.8439024390243903,5.970731707317073,1.6682926829268292,0.7902439024390244,68.57560975609756,2.546341463414634,0.7024390243902439,1.3170731707317074,33.892682926829266,0.526829268292683,0.0878048780487804,1.053658536585366,1.1414634146341465,43.90243902439024,0.9658536585365854,0.4390243902439024,0.0878048780487804,2.4585365853658536,0.0,0.0,0.0,0.0,7.902439024390244,1.1414634146341465,MF,,midfield,1
Hugo Magnetti,fr FRA,MF,Brest,fr Ligue 1,26.0,1998.0,32,27,2323,25.8,1,0,1,1,0,0,0.8,0.8,0.4,1.2,0.05,19,6,31.6,0.74,0.23,0.05,0.17,0.04,920,1083,84.9,14889,3635,0.7,6,70,6,1,18,0,0,8,80,28,1.08,4,0.15,52,32,21,27,4,45.1,18,70,37,17,0,1315,44,13,9,37.5,694,21,5,23,23,869,20,5,0,0,29,1,0,0,0,111,10,50.0,0.0387430047352561,0.0,0.0387430047352561,0.0387430047352561,0.0309944037882049,0.0309944037882049,0.0154972018941024,0.0464916056823073,0.0019371502367628,0.7361170899698666,0.2324580284115368,35.64356435643565,41.95867412828239,576.8445975032287,140.83082221265605,0.0271201033146792,0.2324580284115368,2.7120103314679294,0.2324580284115368,0.0387430047352561,0.6973740852346104,0.0,0.0,0.309944037882049,3.099440378820491,2.014636246233319,1.2397761515281962,0.8136030994403788,1.0460611278519156,0.1549720189410245,0.6973740852346104,2.7120103314679294,1.4334911752044768,0.6586310804993543,50.94705122686182,1.70469220835127,0.5036590615583297,0.3486870426173052,26.88764528626776,0.8136030994403788,0.1937150236762806,0.8910891089108911,0.8910891089108911,33.667671114937576,0.7748600947051227,0.1937150236762806,0.0,1.123547137322428,0.0387430047352561,0.0,0.0,0.0,4.300473525613431,0.3874300473525613,MF,,midfield,2
Arne Maier,de GER,MF,Augsburg,de Bundesliga,25.0,1999.0,28,7,938,10.4,0,0,0,0,0,0,1.5,1.5,1.5,3.0,0.29,18,6,33.3,1.73,0.58,0.0,0.0,0.08,450,588,76.5,7914,2094,2.6,25,40,10,3,67,46,2,3,44,44,4.23,4,0.38,13,7,4,8,1,53.8,6,19,14,17,1,699,16,21,7,43.8,390,19,5,21,9,451,56,0,1,0,9,0,0,0,0,72,4,36.4,0.0,0.0,0.0,0.0,0.1439232409381663,0.1439232409381663,0.1439232409381663,0.2878464818763326,0.0278251599147121,1.727078891257996,0.5756929637526652,43.17697228144989,56.4179104477612,759.3390191897654,200.9168443496802,0.2494669509594883,2.398720682302772,3.837953091684435,0.9594882729211088,0.2878464818763326,6.428571428571428,4.4136460554371,0.1918976545842217,0.2878464818763326,4.221748400852879,1.2473347547974414,0.6716417910447761,0.3837953091684435,0.767590618336887,0.0959488272921108,0.5756929637526652,1.8230277185501067,1.343283582089552,1.6311300639658848,67.06823027718549,1.535181236673774,2.014925373134328,0.6716417910447761,37.42004264392324,1.8230277185501067,0.4797441364605543,2.014925373134328,0.863539445628998,43.272921108742,5.3731343283582085,0.0,0.0959488272921108,0.863539445628998,0.0,0.0,0.0,0.0,6.908315565031984,0.3837953091684435,MF,,midfield,0
Kobbie Mainoo,eng ENG,MF,Manchester Utd,eng Premier League,19.0,2005.0,25,19,1651,18.3,0,0,0,0,0,0,0.7,0.7,1.6,2.3,0.12,15,2,13.3,0.82,0.11,0.0,0.0,0.05,723,836,86.5,9649,2346,1.8,14,50,12,1,7,0,2,4,65,34,1.85,3,0.16,46,29,18,14,14,60.0,19,65,14,17,1,1061,25,36,23,46.0,652,22,10,36,36,760,47,5,0,0,27,1,0,0,0,88,19,38.0,0.0,0.0,0.0,0.0,0.0381586917019987,0.0381586917019987,0.0872198667474258,0.1253785584494245,0.0065414900060569,0.8176862507571169,0.1090248334342822,39.41247728649304,45.57238037552998,525.9903089036948,127.88612961841308,0.098122350090854,0.7631738340399759,2.725620835857056,0.6541490006056936,0.0545124167171411,0.3815869170199879,0.0,0.1090248334342822,0.2180496668685645,3.543307086614173,2.507571168988492,1.5808600847970928,0.9812235009085404,0.7631738340399759,0.7631738340399759,1.0357359176256813,3.543307086614173,0.7631738340399759,0.9267110841913992,57.83767413688674,1.362810417928528,1.9624470018170808,1.2537855844942458,35.54209569957601,1.199273167777105,0.5451241671714113,1.9624470018170808,1.9624470018170808,41.42943670502726,2.5620835857056328,0.2725620835857056,0.0,1.4718352513628103,0.0545124167171411,0.0,0.0,0.0,4.797092671108419,1.0357359176256813,MF,,midfield,1
Antoine Makoumbou,cg CGO,MF,Cagliari,it Serie A,26.0,1998.0,33,27,2150,23.9,0,3,3,0,0,0,0.3,0.3,0.9,1.3,0.05,7,0,0.0,0.29,0.0,0.0,,0.04,1051,1183,88.8,16948,4056,1.0,8,70,14,3,7,0,3,2,92,38,1.59,5,0.21,42,23,28,11,3,76.0,17,59,28,11,0,1367,59,4,10,52.6,818,11,0,17,24,957,14,4,1,1,27,1,0,1,0,109,4,18.2,0.0,0.1255813953488372,0.1255813953488372,0.0,0.0125581395348837,0.0125581395348837,0.0376744186046511,0.0544186046511627,0.0020930232558139,0.2930232558139535,0.0,43.995348837209306,49.520930232558136,709.4511627906977,169.7860465116279,0.041860465116279,0.3348837209302325,2.9302325581395348,0.586046511627907,0.1255813953488372,0.2930232558139535,0.0,0.1255813953488372,0.0837209302325581,3.8511627906976735,1.7581395348837208,0.9627906976744186,1.172093023255814,0.4604651162790697,0.1255813953488372,0.7116279069767442,2.469767441860465,1.172093023255814,0.4604651162790697,57.22325581395349,2.469767441860465,0.1674418604651162,0.4186046511627906,34.241860465116275,0.4604651162790697,0.0,0.7116279069767442,1.0046511627906978,40.06046511627907,0.586046511627907,0.1674418604651162,0.041860465116279,1.130232558139535,0.041860465116279,0.0,0.041860465116279,0.0,4.562790697674418,0.1674418604651162,MF,,midfield,2
Daniel Maldini,it ITA,"MF,FW",Monza,it Serie A,22.0,2001.0,20,16,1306,14.5,3,0,3,3,0,0,4.8,4.8,0.9,5.7,0.39,39,13,33.3,2.69,0.9,0.08,0.23,0.13,261,382,68.3,4254,837,1.1,12,14,8,2,38,11,1,4,34,40,2.75,5,0.34,14,6,5,9,0,46.2,4,18,12,14,2,584,13,41,30,41.7,388,41,10,36,31,426,66,5,0,0,15,4,0,0,0,52,22,44.9,0.2067381316998468,0.0,0.2067381316998468,0.2067381316998468,0.3307810107197549,0.3307810107197549,0.062021439509954,0.392802450229709,0.02687595712098,2.6875957120980094,0.895865237366003,17.986217457886678,26.32465543644717,293.1546707503828,57.67993874425728,0.0758039816232771,0.8269525267993875,0.9647779479326186,0.5513016845329249,0.1378254211332312,2.6186830015313936,0.7580398162327718,0.0689127105666156,0.2756508422664624,2.343032159264931,0.9647779479326186,0.4134762633996937,0.3445635528330781,0.6202143950995406,0.0,0.2756508422664624,1.2404287901990811,0.8269525267993875,0.9647779479326186,40.24502297090352,0.895865237366003,2.82542113323124,2.0673813169984685,26.73813169984686,2.82542113323124,0.6891271056661562,2.4808575803981623,2.1362940275650844,29.35681470137825,4.548238897396631,0.3445635528330781,0.0,1.0336906584992342,0.2756508422664624,0.0,0.0,0.0,3.583460949464012,1.5160796324655437,MF,FW,midfield,4
Youssef Maleh,ma MAR,MF,Empoli,it Serie A,25.0,1998.0,22,17,1510,16.8,0,1,1,0,0,0,0.9,0.9,0.9,1.8,0.1,17,3,17.6,1.01,0.18,0.0,0.0,0.05,398,560,71.1,6528,2261,0.4,12,62,11,2,16,0,1,1,72,30,1.79,2,0.12,45,23,17,23,5,50.0,16,61,25,12,0,744,18,15,4,30.8,299,10,1,25,10,419,37,5,1,1,32,2,0,0,0,96,9,33.3,0.0,0.0596026490066225,0.0596026490066225,0.0,0.0536423841059602,0.0536423841059602,0.0536423841059602,0.1072847682119205,0.0059602649006622,1.0132450331125828,0.1788079470198675,23.72185430463576,33.37748344370861,389.0860927152318,134.7615894039735,0.023841059602649,0.7152317880794702,3.695364238410596,0.6556291390728477,0.119205298013245,0.9536423841059604,0.0,0.0596026490066225,0.0596026490066225,4.291390728476822,2.6821192052980134,1.370860927152318,1.0132450331125828,1.370860927152318,0.2980132450331126,0.9536423841059604,3.6357615894039736,1.490066225165563,0.7152317880794702,44.34437086092715,1.0728476821192054,0.8940397350993378,0.23841059602649,17.82119205298013,0.5960264900662252,0.0596026490066225,1.490066225165563,0.5960264900662252,24.973509933774835,2.205298013245033,0.2980132450331126,0.0596026490066225,1.9072847682119205,0.119205298013245,0.0,0.0,0.0,5.7218543046357615,0.5364238410596027,MF,,midfield,1
Rolando Mandragora,it ITA,MF,Fiorentina,it Serie A,27.0,1997.0,28,22,1856,20.6,4,2,6,3,1,1,2.7,1.9,4.8,6.6,0.35,37,14,37.8,1.79,0.68,0.08,0.21,0.05,724,931,77.8,13418,4153,2.7,31,69,16,7,39,31,4,6,92,56,2.61,5,0.23,23,13,9,12,2,45.2,15,38,54,17,1,1119,63,24,7,50.0,580,11,0,11,4,732,34,7,0,0,18,3,0,0,0,61,14,46.7,0.1939655172413793,0.0969827586206896,0.2909482758620689,0.1454741379310344,0.130926724137931,0.0921336206896551,0.2327586206896551,0.3200431034482758,0.0169719827586206,1.794181034482759,0.6788793103448276,35.10775862068965,45.14547413793104,650.6573275862069,201.3846982758621,0.130926724137931,1.5032327586206895,3.345905172413793,0.7758620689655172,0.3394396551724138,1.8911637931034484,1.5032327586206895,0.1939655172413793,0.2909482758620689,4.461206896551724,1.115301724137931,0.6303879310344828,0.4364224137931035,0.5818965517241379,0.0969827586206896,0.7273706896551725,1.8426724137931036,2.618534482758621,0.824353448275862,54.26185344827586,3.054956896551724,1.1637931034482758,0.3394396551724138,28.125,0.533405172413793,0.0,0.533405172413793,0.1939655172413793,35.49568965517241,1.648706896551724,0.3394396551724138,0.0,0.872844827586207,0.1454741379310344,0.0,0.0,0.0,2.9579741379310343,0.6788793103448276,MF,,midfield,4
Orel Mangala,be BEL,MF,Everton,eng Premier League,26.0,1998.0,19,14,1261,14.0,1,0,1,1,0,0,1.1,1.1,0.6,1.8,0.13,16,6,37.5,1.14,0.43,0.06,0.17,0.07,437,490,89.2,6998,1567,0.6,8,50,8,1,6,0,0,1,34,24,1.72,1,0.07,16,8,3,11,2,62.5,21,37,24,10,1,621,22,13,14,58.3,298,6,3,12,12,406,19,2,0,0,24,1,0,0,0,49,6,42.9,0.0713719270420301,0.0,0.0713719270420301,0.0713719270420301,0.0785091197462331,0.0785091197462331,0.042823156225218,0.1284694686756542,0.0092783505154639,1.141950832672482,0.4282315622521808,31.18953211736717,34.97224425059477,499.46074544012686,111.83980967486124,0.042823156225218,0.570975416336241,3.5685963521015065,0.570975416336241,0.0713719270420301,0.4282315622521808,0.0,0.0,0.0713719270420301,2.426645519429025,1.141950832672482,0.570975416336241,0.2141157811260904,0.7850911974623315,0.1427438540840602,1.4988104678826328,2.640761300555115,1.7129262490087231,0.7137192704203013,44.32196669310072,1.570182394924663,0.9278350515463918,0.999206978588422,21.26883425852498,0.4282315622521808,0.2141157811260904,0.8564631245043616,0.8564631245043616,28.97700237906424,1.3560666137985726,0.1427438540840602,0.0,1.7129262490087231,0.0713719270420301,0.0,0.0,0.0,3.4972244250594766,0.4282315622521808,MF,,midfield,2
Pablo Marín,es ESP,MF,Real Sociedad,es La Liga,21.0,2003.0,23,14,1239,13.8,1,2,3,1,0,0,1.4,1.4,1.0,2.4,0.17,21,7,33.3,1.53,0.51,0.05,0.14,0.07,374,467,80.1,5952,1090,0.8,14,38,9,2,12,0,2,0,45,26,1.89,2,0.15,25,17,6,13,6,52.6,5,30,14,11,0,641,20,24,20,57.1,349,20,6,40,17,419,47,3,0,0,19,2,0,1,0,62,18,40.9,0.072639225181598,0.1452784503631961,0.2179176755447942,0.072639225181598,0.1016949152542372,0.1016949152542372,0.072639225181598,0.1743341404358353,0.0123486682808716,1.5254237288135593,0.5084745762711864,27.16707021791768,33.922518159806295,432.3486682808717,79.17675544794189,0.0581113801452784,1.0169491525423728,2.7602905569007263,0.6537530266343826,0.1452784503631961,0.8716707021791767,0.0,0.1452784503631961,0.0,3.2687651331719128,1.8159806295399517,1.234866828087167,0.4358353510895884,0.9443099273607748,0.4358353510895884,0.3631961259079903,2.179176755447942,1.0169491525423728,0.7990314769975787,46.56174334140435,1.452784503631961,1.7433414043583535,1.452784503631961,25.351089588377725,1.452784503631961,0.4358353510895884,2.905569007263922,1.234866828087167,30.435835351089587,3.414043583535109,0.2179176755447942,0.0,1.3801452784503632,0.1452784503631961,0.0,0.072639225181598,0.0,4.50363196125908,1.3075060532687652,MF,,midfield,2
Răzvan Marin,ro ROU,MF,Cagliari,it Serie A,28.0,1996.0,33,13,1406,15.6,3,2,5,1,2,2,2.4,0.8,3.6,4.5,0.39,21,8,38.1,1.34,0.51,0.05,0.13,0.04,564,741,76.1,10324,3201,3.5,34,56,20,2,77,44,5,4,84,62,3.97,2,0.13,22,13,8,11,3,52.0,2,24,20,17,2,860,20,22,13,54.2,471,22,4,18,16,544,29,4,0,0,25,1,0,0,0,70,9,34.6,0.1920341394025604,0.1280227596017069,0.3200568990042674,0.0640113798008534,0.1536273115220483,0.0512091038406827,0.2304409672830725,0.2880512091038407,0.0249644381223328,1.3442389758179232,0.5120910384068279,36.10241820768137,47.43243243243243,660.8534850640114,204.900426742532,0.2240398293029872,2.1763869132290186,3.584637268847795,1.2802275960170697,0.1280227596017069,4.928876244665719,2.8165007112375533,0.3200568990042674,0.2560455192034139,5.376955903271693,1.4082503556187769,0.8321479374110954,0.5120910384068279,0.7041251778093883,0.1920341394025604,0.1280227596017069,1.5362731152204838,1.2802275960170697,1.0881934566145093,55.049786628734,1.2802275960170697,1.4082503556187769,0.8321479374110954,30.14935988620199,1.4082503556187769,0.2560455192034139,1.1522048364153628,1.0241820768136558,34.8221906116643,1.856330014224751,0.2560455192034139,0.0,1.6002844950213373,0.0640113798008534,0.0,0.0,0.0,4.480796586059744,0.5761024182076814,MF,,midfield,0
Iván Martín,es ESP,MF,Girona,es La Liga,25.0,1999.0,32,24,2039,22.7,1,1,2,1,0,0,1.8,1.8,1.9,3.6,0.16,11,3,27.3,0.49,0.13,0.09,0.33,0.16,1251,1387,90.2,19711,3825,2.1,22,101,15,3,21,0,1,1,131,56,2.47,4,0.18,32,19,14,14,4,44.1,11,43,15,17,1,1577,35,18,25,53.2,1044,57,1,43,27,1264,76,1,0,0,21,1,0,0,0,110,4,18.2,0.0441392839627268,0.0441392839627268,0.0882785679254536,0.0441392839627268,0.0794507111329082,0.0794507111329082,0.0838646395291809,0.1589014222658165,0.0070622854340362,0.4855321235899951,0.1324178518881804,55.21824423737126,61.22118685630211,870.0294261893085,168.83276115743013,0.0926924963217263,0.9710642471799902,4.45806768023541,0.6620892594409025,0.1324178518881804,0.9269249632172633,0.0,0.0441392839627268,0.0441392839627268,5.782246199117214,1.4124570868072586,0.8386463952918097,0.6179499754781755,0.6179499754781755,0.1765571358509073,0.4855321235899951,1.897989210397253,0.6620892594409025,0.7503678273663561,69.6076508092202,1.544874938695439,0.7945071113290828,1.1034820990681706,46.08141245708681,2.515939185875429,0.0441392839627268,1.897989210397253,1.1917606669936245,55.79205492888671,3.354585581167239,0.0441392839627268,0.0,0.9269249632172633,0.0441392839627268,0.0,0.0,0.0,4.855321235899951,0.1765571358509073,MF,,midfield,3
Mario Martín,es ESP,MF,Valladolid,es La Liga,20.0,2004.0,30,20,1748,19.4,0,1,1,0,0,0,1.8,1.8,1.4,3.2,0.16,28,13,46.4,1.44,0.67,0.0,0.0,0.06,677,801,84.5,11986,2955,1.2,12,52,3,1,11,1,2,4,66,33,1.7,1,0.05,62,32,31,27,4,42.9,21,83,46,14,7,1083,80,25,19,50.0,558,18,2,37,23,673,22,8,3,1,50,6,0,1,0,83,31,47.7,0.0,0.051487414187643,0.051487414187643,0.0,0.0926773455377574,0.0926773455377574,0.0720823798627002,0.1647597254004576,0.0082379862700228,1.4416475972540046,0.6693363844393593,34.85697940503432,41.24141876430206,617.1281464530892,152.14530892448514,0.0617848970251716,0.6178489702517163,2.677345537757437,0.154462242562929,0.051487414187643,0.5663615560640732,0.051487414187643,0.102974828375286,0.205949656750572,3.39816933638444,3.192219679633867,1.647597254004577,1.5961098398169336,1.3901601830663617,0.205949656750572,1.0812356979405031,4.273455377574371,2.3684210526315788,0.7208237986270023,55.76086956521739,4.118993135011442,1.2871853546910756,0.9782608695652174,28.72997711670481,0.9267734553775744,0.102974828375286,1.905034324942792,1.1842105263157894,34.651029748283754,1.1327231121281465,0.4118993135011441,0.154462242562929,2.5743707093821517,0.3089244851258581,0.0,0.051487414187643,0.0,4.273455377574371,1.5961098398169336,MF,,midfield,1
Omar Mascarell,gq EQG,MF,Mallorca,es La Liga,31.0,1993.0,32,21,1992,22.1,1,0,1,1,0,0,0.5,0.5,0.2,0.7,0.03,9,2,22.2,0.41,0.09,0.11,0.5,0.05,809,963,84.0,14242,3936,0.3,3,72,3,0,5,0,1,9,75,15,0.68,0,0.0,27,13,13,13,1,40.0,49,76,59,10,3,1189,98,10,10,66.7,589,10,1,11,9,727,12,5,1,0,30,1,0,0,0,90,44,63.8,0.0451807228915662,0.0,0.0451807228915662,0.0451807228915662,0.0225903614457831,0.0225903614457831,0.0090361445783132,0.0316265060240963,0.0013554216867469,0.4066265060240964,0.0903614457831325,36.55120481927711,43.50903614457832,643.4638554216867,177.8313253012048,0.0135542168674698,0.1355421686746988,3.253012048192771,0.1355421686746988,0.0,0.2259036144578313,0.0,0.0451807228915662,0.4066265060240964,3.3885542168674703,1.2198795180722892,0.5873493975903614,0.5873493975903614,0.5873493975903614,0.0451807228915662,2.213855421686747,3.433734939759036,2.665662650602409,0.4518072289156626,53.71987951807229,4.427710843373494,0.4518072289156626,0.4518072289156626,26.61144578313253,0.4518072289156626,0.0451807228915662,0.4969879518072289,0.4066265060240964,32.84638554216868,0.5421686746987953,0.2259036144578313,0.0451807228915662,1.355421686746988,0.0451807228915662,0.0,0.0,0.0,4.066265060240964,1.987951807228916,MF,,midfield,2
Patrizio Masini,it ITA,MF,Genoa,it Serie A,23.0,2001.0,26,16,1538,17.1,1,0,1,1,0,0,0.4,0.4,0.2,0.6,0.04,8,1,12.5,0.47,0.06,0.13,1.0,0.05,499,649,76.9,7915,1746,0.4,6,29,4,3,26,0,2,4,44,24,1.4,3,0.18,54,29,18,26,10,47.5,15,69,37,24,0,878,44,22,10,40.0,391,16,1,25,12,459,27,3,0,0,36,5,0,0,0,87,28,53.8,0.0585175552665799,0.0,0.0585175552665799,0.0585175552665799,0.0234070221066319,0.0234070221066319,0.0117035110533159,0.0351105331599479,0.0023407022106631,0.4681404421326398,0.0585175552665799,29.200260078023405,37.9778933680104,463.1664499349805,102.17165149544864,0.0234070221066319,0.3511053315994799,1.6970091027308192,0.2340702210663199,0.1755526657997399,1.5214564369310797,0.0,0.1170351105331599,0.2340702210663199,2.574772431729518,3.1599479843953184,1.6970091027308192,1.0533159947984396,1.5214564369310797,0.5851755526657997,0.8777633289986997,4.037711313394018,2.1651495448634592,1.4044213263979195,51.378413524057216,2.574772431729518,1.287386215864759,0.5851755526657997,22.88036410923277,0.9362808842652796,0.0585175552665799,1.4629388816644997,0.7022106631989598,26.85955786736021,1.5799739921976592,0.1755526657997399,0.0,2.1066319895968797,0.2925877763328998,0.0,0.0,0.0,5.091027308192458,1.6384915474642392,MF,,midfield,1
Han-Noah Massengo,fr FRA,MF,Auxerre,fr Ligue 1,23.0,2001.0,17,11,1046,11.6,0,0,0,0,0,0,0.4,0.4,0.4,0.8,0.07,6,3,50.0,0.52,0.26,0.0,0.0,0.07,375,443,84.7,5808,1487,0.6,3,23,3,2,9,0,0,5,28,12,1.03,1,0.09,17,11,5,8,4,66.7,17,34,10,5,2,548,21,7,10,34.5,345,13,2,11,11,378,13,5,0,0,17,2,0,0,0,57,7,38.9,0.0,0.0,0.0,0.0,0.034416826003824,0.034416826003824,0.034416826003824,0.0688336520076481,0.0060229445506692,0.5162523900573613,0.2581261950286806,32.265774378585085,38.11663479923519,499.7323135755258,127.94455066921608,0.0516252390057361,0.2581261950286806,1.9789674952198848,0.2581261950286806,0.1720841300191204,0.7743785850860421,0.0,0.0,0.4302103250478011,2.409177820267687,1.462715105162524,0.9464627151051626,0.4302103250478011,0.6883365200764818,0.3441682600382409,1.462715105162524,2.925430210325048,0.8604206500956023,0.4302103250478011,47.151051625239006,1.8068833652007648,0.6022944550669217,0.8604206500956023,29.68451242829828,1.118546845124283,0.1720841300191204,0.9464627151051626,0.9464627151051626,32.523900573613766,1.118546845124283,0.4302103250478011,0.0,1.462715105162524,0.1720841300191204,0.0,0.0,0.0,4.904397705544933,0.6022944550669217,MF,,midfield,2
Pape Matar Sarr,sn SEN,MF,Tottenham,eng Premier League,21.0,2002.0,36,22,1913,21.3,3,2,5,3,0,0,3.7,3.7,1.6,5.3,0.25,34,13,38.2,1.6,0.61,0.09,0.23,0.11,889,1029,86.4,13609,3128,0.8,15,85,12,2,14,0,1,3,88,45,2.12,7,0.33,49,36,19,23,7,48.0,30,79,25,20,1,1253,47,28,11,36.7,772,33,5,29,22,872,53,6,0,0,34,0,0,1,0,115,34,43.0,0.1411395713538944,0.0940930475692629,0.2352326189231573,0.1411395713538944,0.1740721380031364,0.1740721380031364,0.0752744380554103,0.2493465760585468,0.0117616309461578,1.59958180867747,0.6116048092002091,41.82435964453738,48.410872974385775,640.2561421850497,147.16152639832725,0.0376372190277051,0.7056978567694719,3.998954521693675,0.5645582854155776,0.0940930475692629,0.6586513329848406,0.0,0.0470465237846314,0.1411395713538944,4.140094093047569,2.305279665446942,1.693674856246733,0.8938839519079979,1.082070047046524,0.3293256664924203,1.411395713538944,3.7166753789858857,1.1761630946157866,0.9409304756926292,58.94929430214323,2.211186617877679,1.3173026659696812,0.5175117616309461,36.31991636173549,1.5525352848928389,0.2352326189231573,1.3643491897543123,1.0350235232618925,41.024568740198646,2.493465760585468,0.2822791427077888,0.0,1.59958180867747,0.0,0.0,0.0470465237846314,0.0,5.410350235232619,1.59958180867747,MF,,midfield,1
Nemanja Matić,rs SRB,MF,Lyon,fr Ligue 1,35.0,1988.0,29,25,2010,22.3,0,1,1,0,0,0,0.1,0.1,1.3,1.3,0.06,2,1,50.0,0.09,0.04,0.0,0.0,0.03,1230,1415,86.9,20931,6355,2.0,17,164,16,1,9,0,4,12,150,49,2.2,4,0.18,42,29,15,21,6,56.1,18,60,31,18,1,1569,70,32,8,61.5,979,35,8,13,21,1165,15,1,0,0,13,0,0,0,0,125,15,53.6,0.0,0.044776119402985,0.044776119402985,0.0,0.0044776119402985,0.0044776119402985,0.0582089552238805,0.0582089552238805,0.0026865671641791,0.0895522388059701,0.044776119402985,55.07462686567164,63.35820895522388,937.2089552238806,284.55223880597015,0.0895522388059701,0.7611940298507462,7.343283582089552,0.7164179104477612,0.044776119402985,0.4029850746268656,0.0,0.1791044776119403,0.5373134328358209,6.716417910447761,1.8805970149253728,1.2985074626865671,0.6716417910447761,0.9402985074626866,0.2686567164179104,0.8059701492537313,2.686567164179104,1.388059701492537,0.8059701492537313,70.25373134328359,3.1343283582089554,1.4328358208955223,0.3582089552238806,43.83582089552239,1.5671641791044777,0.3582089552238806,0.582089552238806,0.9402985074626866,52.16417910447761,0.6716417910447761,0.044776119402985,0.0,0.582089552238806,0.0,0.0,0.0,0.0,5.597014925373134,0.6716417910447761,MF,,midfield,3
Jean Mattéo Bahoya,fr FRA,"MF,FW",Eint Frankfurt,de Bundesliga,19.0,2005.0,24,10,921,10.2,2,3,5,2,0,0,1.9,1.9,1.7,3.6,0.35,10,3,30.0,0.98,0.29,0.2,0.67,0.19,260,350,74.3,3692,1155,2.3,18,15,11,4,31,8,1,1,28,41,4.01,6,0.59,29,18,11,13,5,61.5,4,33,10,12,1,475,8,33,17,56.7,267,24,10,19,17,293,93,3,0,0,9,2,0,0,0,51,13,65.0,0.1954397394136807,0.2931596091205212,0.4885993485342019,0.1954397394136807,0.1856677524429967,0.1856677524429967,0.1661237785016286,0.3517915309446254,0.0342019543973941,0.977198697068404,0.2931596091205212,25.407166123778502,34.20195439739414,360.78175895765474,112.86644951140065,0.2247557003257329,1.758957654723127,1.4657980456026058,1.0749185667752443,0.3908794788273615,3.029315960912052,0.7817589576547231,0.0977198697068403,0.0977198697068403,2.736156351791531,2.8338762214983717,1.758957654723127,1.0749185667752443,1.270358306188925,0.4885993485342019,0.3908794788273615,3.224755700325733,0.977198697068404,1.1726384364820848,46.41693811074919,0.7817589576547231,3.224755700325733,1.6612377850162867,26.091205211726383,2.345276872964169,0.977198697068404,1.8566775244299676,1.6612377850162867,28.631921824104232,9.087947882736156,0.2931596091205212,0.0,0.8794788273615635,0.1954397394136807,0.0,0.0,0.0,4.98371335504886,1.270358306188925,MF,FW,midfield,4
Azor Matusiwa,nl NED,MF,Rennes,fr Ligue 1,26.0,1998.0,29,23,2078,23.1,1,3,4,1,0,0,1.2,1.2,1.8,3.1,0.13,11,2,18.2,0.48,0.09,0.09,0.5,0.11,975,1119,87.1,16247,4831,1.6,17,109,18,1,1,0,4,7,134,46,1.99,6,0.26,64,39,32,30,2,74.4,34,98,52,13,0,1358,74,15,17,77.3,619,19,3,22,17,818,26,3,0,0,29,2,0,1,0,134,28,60.9,0.0433108758421559,0.1299326275264677,0.1732435033686236,0.0433108758421559,0.0519730510105871,0.0519730510105871,0.0779595765158806,0.1342637151106833,0.0056304138594802,0.4764196342637151,0.0866217516843118,42.22810394610202,48.46487006737247,703.6717998075072,209.23484119345525,0.0692974013474494,0.7362848893166506,4.720885466794996,0.7795957651588065,0.0433108758421559,0.0433108758421559,0.0,0.1732435033686236,0.3031761308950914,5.803657362848893,2.771896053897979,1.689124157844081,1.3859480269489894,1.2993262752646777,0.0866217516843118,1.4725697786333012,4.24446583253128,2.2521655437921075,0.5630413859480269,58.81616939364774,3.205004812319538,0.6496631376323387,0.7362848893166506,26.809432146294515,0.8229066410009624,0.1299326275264677,0.9528392685274302,0.7362848893166506,35.42829643888354,1.1260827718960538,0.1299326275264677,0.0,1.2560153994225216,0.0866217516843118,0.0,0.0433108758421559,0.0,5.803657362848893,1.2127045235803655,MF,,midfield,1
John McGinn,sct SCO,"MF,FW",Aston Villa,eng Premier League,29.0,1994.0,34,27,2223,24.7,1,4,5,1,0,0,3.1,2.8,3.5,6.3,0.27,31,5,16.1,1.26,0.2,0.03,0.2,0.09,699,854,81.9,11807,3243,2.7,31,70,29,8,60,22,9,2,103,76,3.08,8,0.32,33,24,10,14,9,41.9,14,47,18,17,3,1072,31,58,20,42.6,581,32,7,37,29,744,87,7,0,0,43,5,1,0,0,100,17,58.6,0.0404858299595141,0.1619433198380566,0.2024291497975708,0.0404858299595141,0.1255060728744939,0.1133603238866396,0.1417004048582995,0.2550607287449392,0.0109311740890688,1.2550607287449391,0.2024291497975708,28.299595141700408,34.574898785425106,478.0161943319838,131.29554655870444,0.1093117408906882,1.2550607287449391,2.834008097165992,1.174089068825911,0.3238866396761133,2.4291497975708505,0.8906882591093117,0.3643724696356275,0.0809716599190283,4.17004048582996,1.3360323886639676,0.97165991902834,0.4048582995951417,0.5668016194331983,0.3643724696356275,0.5668016194331983,1.9028340080971655,0.728744939271255,0.688259109311741,43.40080971659919,1.2550607287449391,2.348178137651822,0.8097165991902834,23.522267206477736,1.2955465587044537,0.2834008097165991,1.4979757085020244,1.174089068825911,30.12145748987854,3.522267206477733,0.2834008097165991,0.0,1.740890688259109,0.2024291497975708,0.0404858299595141,0.0,0.0,4.048582995951417,0.688259109311741,MF,FW,midfield,4
Weston McKennie,us USA,"MF,DF",Juventus,it Serie A,25.0,1998.0,32,27,2310,25.7,2,4,6,2,0,0,2.9,2.9,3.6,6.5,0.25,22,8,36.4,0.86,0.31,0.09,0.25,0.13,928,1117,83.1,14100,3768,3.5,32,70,22,2,19,0,6,4,101,60,2.34,9,0.35,33,12,18,11,4,59.1,14,47,37,19,0,1350,51,57,20,58.8,719,28,7,41,26,911,153,3,0,0,32,3,0,1,0,104,35,53.8,0.0779220779220779,0.1558441558441558,0.2337662337662337,0.0779220779220779,0.1129870129870129,0.1129870129870129,0.1402597402597402,0.2532467532467533,0.0097402597402597,0.8571428571428572,0.3116883116883117,36.15584415584416,43.51948051948053,549.3506493506494,146.80519480519482,0.1363636363636363,1.2467532467532467,2.7272727272727275,0.8571428571428572,0.0779220779220779,0.7402597402597403,0.0,0.2337662337662337,0.1558441558441558,3.935064935064936,1.2857142857142856,0.4675324675324675,0.7012987012987013,0.4285714285714286,0.1558441558441558,0.5454545454545454,1.831168831168831,1.4415584415584417,0.7402597402597403,52.59740259740259,1.9870129870129871,2.220779220779221,0.7792207792207793,28.01298701298701,1.0909090909090908,0.2727272727272727,1.5974025974025976,1.012987012987013,35.493506493506494,5.961038961038961,0.1168831168831168,0.0,1.2467532467532467,0.1168831168831168,0.0,0.0389610389610389,0.0,4.051948051948052,1.3636363636363638,MF,DF,midfield,2
Dwight McNeil,eng ENG,"MF,FW",Everton,eng Premier League,24.0,1999.0,21,15,1371,15.2,4,6,10,4,0,0,1.1,1.1,5.2,6.3,0.41,25,10,40.0,1.64,0.66,0.16,0.4,0.04,461,619,74.5,8501,2790,4.3,37,40,36,10,105,45,8,5,69,72,4.73,10,0.66,13,8,6,5,2,42.9,6,19,2,16,1,748,6,25,24,53.3,443,38,5,26,33,510,80,1,0,0,6,2,0,0,0,76,3,15.0,0.2625820568927789,0.3938730853391685,0.6564551422319476,0.2625820568927789,0.0722100656455142,0.0722100656455142,0.3413566739606127,0.4135667396061269,0.0269146608315098,1.6411378555798688,0.6564551422319476,30.26258205689278,40.63457330415755,558.0525164113785,183.15098468271333,0.2822757111597374,2.428884026258205,2.6258205689277903,2.363238512035011,0.6564551422319476,6.892778993435448,2.9540481400437635,0.5251641137855579,0.3282275711159738,4.529540481400438,0.8533916849015317,0.5251641137855579,0.3938730853391685,0.3282275711159738,0.1312910284463894,0.3938730853391685,1.2472647702407005,0.1312910284463894,1.050328227571116,49.10284463894968,0.3938730853391685,1.6411378555798688,1.575492341356674,29.080962800875277,2.4945295404814005,0.3282275711159738,1.7067833698030634,2.166301969365427,33.479212253829324,5.2516411378555805,0.0656455142231947,0.0,0.3938730853391685,0.1312910284463894,0.0,0.0,0.0,4.989059080962801,0.1969365426695842,MF,FW,midfield,0
Scott McTominay,sct SCO,MF,Napoli,it Serie A,27.0,1996.0,34,33,2938,32.6,12,4,16,12,0,0,7.4,7.4,2.7,10.1,0.31,76,33,43.4,2.33,1.01,0.16,0.36,0.1,777,924,84.1,12625,2930,1.7,26,72,22,1,11,0,9,8,112,69,2.11,10,0.31,43,25,12,27,4,50.0,24,67,51,20,0,1314,52,106,39,44.3,726,56,15,68,48,944,131,3,0,0,45,5,1,0,0,143,66,56.9,0.3675970047651463,0.1225323349217154,0.4901293396868618,0.3675970047651463,0.2266848196051736,0.2266848196051736,0.0827093260721579,0.3093941456773315,0.0094962559564329,2.3281143635125936,1.0108917631041523,23.801906058543228,28.30496936691627,386.7426820966644,89.75493533015657,0.052076242341729,0.7964601769911505,2.2055820285908783,0.673927842069435,0.0306330837304288,0.3369639210347175,0.0,0.2756977535738598,0.2450646698434309,3.430905377808033,1.317222600408441,0.7658270932607216,0.3675970047651463,0.8270932607215792,0.1225323349217154,0.7351940095302927,2.0524166099387338,1.562287270251872,0.6126616746085772,40.25187202178353,1.592920353982301,3.24710687542546,1.1946902654867255,22.23961878829136,1.7154526889040165,0.4594962559564329,2.0830496936691625,1.4703880190605854,28.91763104152485,4.012933968686181,0.0918992511912865,0.0,1.3784887678692987,0.1531654186521443,0.0306330837304288,0.0,0.0,4.380530973451328,2.021783526208305,MF,,midfield,2
Arthur Melo,br BRA,MF,Girona,es La Liga,27.0,1996.0,15,10,941,10.5,0,0,0,0,0,0,0.2,0.2,0.2,0.4,0.04,6,1,16.7,0.57,0.1,0.0,0.0,0.03,668,723,92.4,12132,2545,0.6,5,70,4,1,7,1,0,0,70,15,1.43,1,0.1,25,11,8,12,5,51.9,8,33,12,7,1,806,31,2,8,57.1,539,24,0,10,9,625,17,2,0,0,16,0,0,0,0,49,0,0.0,0.0,0.0,0.0,0.0,0.0191285866099893,0.0191285866099893,0.0191285866099893,0.0382571732199787,0.0038257173219978,0.5738575982996812,0.0956429330499468,63.88947927736451,69.14984059511158,1160.3400637619554,243.4112646121148,0.0573857598299681,0.4782146652497343,6.695005313496281,0.3825717321997874,0.0956429330499468,0.6695005313496281,0.0956429330499468,0.0,0.0,6.695005313496281,2.391073326248672,1.0520722635494155,0.7651434643995749,1.1477151965993624,0.4782146652497343,0.7651434643995749,3.1562167906482466,1.1477151965993624,0.6695005313496281,77.08820403825717,2.9649309245483524,0.1912858660998937,0.7651434643995749,51.55154091392136,2.2954303931987248,0.0,0.9564293304994688,0.8607863974495219,59.7768331562168,1.6259298618490967,0.1912858660998937,0.0,1.5302869287991498,0.0,0.0,0.0,0.0,4.686503719447396,0.0,MF,,midfield,3
Brais Méndez,es ESP,MF,Real Sociedad,es La Liga,27.0,1997.0,27,19,1531,17.0,3,2,5,3,0,0,3.5,3.5,2.0,5.5,0.33,28,9,32.1,1.65,0.53,0.11,0.33,0.13,631,810,77.9,9572,2725,2.3,23,68,13,3,52,29,3,12,91,43,2.53,2,0.12,24,13,6,14,4,37.5,7,31,16,22,1,1020,17,58,14,28.0,554,32,8,37,34,744,86,4,0,0,41,2,0,0,0,76,18,40.0,0.1763553233180927,0.1175702155453951,0.2939255388634879,0.1763553233180927,0.2057478772044415,0.2057478772044415,0.1175702155453951,0.3233180927498367,0.0193990855649902,1.6459830176355323,0.5290659699542782,37.093403004572174,47.61593729588504,562.6910516002613,160.1894186806009,0.1352057478772044,1.3520574787720443,3.997387328543436,0.7642064010450687,0.1763553233180927,3.0568256041802746,1.70476812540823,0.1763553233180927,0.705421293272371,5.34944480731548,1.410842586544742,0.7642064010450687,0.3527106466361855,0.8229915088177662,0.2351404310907903,0.4114957544088831,1.822338340953625,0.9405617243631612,1.2932723709993468,59.960809928151534,0.999346832135859,3.40953625081646,0.8229915088177662,32.56694970607446,1.8811234487263224,0.4702808621815806,2.1750489875898107,1.998693664271718,43.736120182887,5.055519268451992,0.2351404310907903,0.0,2.410189418680601,0.1175702155453951,0.0,0.0,0.0,4.467668190725016,1.0581319399085565,MF,,midfield,4
Mikel Merino,es ESP,"MF,FW",Arsenal,eng Premier League,28.0,1996.0,28,17,1586,17.6,7,2,9,7,0,0,5.9,5.9,2.0,7.9,0.45,38,13,34.2,2.16,0.74,0.18,0.54,0.16,451,577,78.2,6182,1776,1.2,17,40,24,4,13,0,5,1,69,43,2.44,4,0.23,46,28,7,26,13,55.6,15,61,26,12,2,783,37,79,9,39.1,388,11,4,24,27,504,94,4,1,1,41,2,0,0,0,86,59,51.8,0.3972257250945776,0.1134930643127364,0.5107187894073141,0.3972257250945776,0.3348045397225725,0.3348045397225725,0.1134930643127364,0.448297604035309,0.0255359394703657,2.1563682219419924,0.7377049180327869,25.592686002522072,32.74274905422446,350.80706179066834,100.78184110970996,0.0680958385876418,0.9646910466582598,2.269861286254729,1.361916771752837,0.2269861286254728,0.7377049180327869,0.0,0.2837326607818411,0.0567465321563682,3.915510718789408,2.610340479192938,1.5889029003783104,0.3972257250945776,1.475409836065574,0.7377049180327869,0.8511979823455232,3.4615384615384617,1.475409836065574,0.6809583858764187,44.43253467843632,2.099621689785624,4.48297604035309,0.5107187894073141,22.01765447667087,0.6242118537200505,0.2269861286254728,1.361916771752837,1.532156368221942,28.600252206809586,5.334174022698613,0.2269861286254728,0.0567465321563682,2.326607818411097,0.1134930643127364,0.0,0.0,0.0,4.880201765447668,3.348045397225725,MF,FW,midfield,1
Luis Milla,es ESP,MF,Getafe,es La Liga,29.0,1994.0,33,32,2875,31.9,1,4,5,0,1,1,1.8,1.0,3.9,4.9,0.18,31,7,22.6,0.97,0.22,0.0,0.0,0.03,1129,1536,73.5,20495,6152,4.9,70,149,26,10,201,113,4,23,152,130,4.07,6,0.19,61,40,28,25,8,48.6,24,85,28,17,3,1802,43,20,21,53.8,799,32,4,46,17,890,30,6,0,0,38,5,0,1,0,168,31,47.0,0.0313043478260869,0.1252173913043478,0.1565217391304348,0.0,0.0563478260869565,0.0313043478260869,0.1220869565217391,0.153391304347826,0.0056347826086956,0.9704347826086956,0.2191304347826086,35.342608695652174,48.08347826086956,641.5826086956521,192.58434782608697,0.153391304347826,2.1913043478260867,4.664347826086956,0.8139130434782608,0.3130434782608696,6.292173913043478,3.5373913043478264,0.1252173913043478,0.72,4.758260869565218,1.9095652173913045,1.2521739130434784,0.8765217391304347,0.782608695652174,0.2504347826086956,0.7513043478260869,2.6608695652173915,0.8765217391304347,0.5321739130434783,56.4104347826087,1.346086956521739,0.6260869565217392,0.6573913043478261,25.01217391304348,1.001739130434783,0.1252173913043478,1.44,0.5321739130434783,27.86086956521739,0.9391304347826088,0.1878260869565217,0.0,1.1895652173913045,0.1565217391304348,0.0,0.0313043478260869,0.0,5.259130434782609,0.9704347826086956,MF,,midfield,0
Enzo Millot,fr FRA,"MF,FW",Stuttgart,de Bundesliga,22.0,2002.0,29,22,1843,20.5,6,5,11,6,0,1,7.6,6.7,3.1,9.8,0.52,43,17,39.5,2.1,0.83,0.14,0.35,0.16,967,1140,84.8,13665,3306,3.5,23,89,30,3,41,20,5,6,118,66,3.22,10,0.49,30,13,10,15,5,34.3,13,43,6,26,1,1397,9,75,31,46.3,848,44,12,46,36,1067,123,9,0,0,25,3,0,1,0,99,8,29.6,0.2930005425935973,0.2441671188279978,0.5371676614215952,0.2930005425935973,0.3711340206185567,0.3271839392295171,0.1513836136733586,0.4785675529028758,0.0253933803581117,2.0998372219207813,0.8301682040151926,47.22192078133478,55.67010309278351,667.308735756918,161.44329896907217,0.1709169831795985,1.12316874660879,4.346174715138361,1.465002712967987,0.1465002712967986,2.002170374389582,0.9766684753119912,0.2441671188279978,0.2930005425935973,5.762344004340749,1.465002712967987,0.6348345089527944,0.4883342376559956,0.7325013564839935,0.2441671188279978,0.6348345089527944,2.0998372219207813,0.2930005425935973,1.2696690179055887,68.22029300054258,0.4395008138903961,3.662506782419968,1.5138361367335866,41.41074335322843,2.148670645686381,0.5860010851871947,2.24633749321758,1.7580032555615843,52.10526315789474,6.006511123168746,0.4395008138903961,0.0,1.220835594139989,0.1465002712967986,0.0,0.0488334237655995,0.0,4.834508952794357,0.3906673901247965,MF,FW,midfield,3
Takumi Minamino,jp JPN,"MF,FW",Monaco,fr Ligue 1,29.0,1995.0,31,27,2231,24.8,6,3,9,6,0,0,8.9,8.9,6.6,15.5,0.62,57,20,35.1,2.3,0.81,0.11,0.3,0.16,520,736,70.7,7341,2545,4.8,40,66,33,0,23,0,15,2,114,80,3.23,7,0.28,33,19,7,14,12,35.7,10,43,20,30,0,1016,24,135,12,30.0,567,51,27,56,23,709,193,4,0,0,31,0,0,0,0,88,19,38.8,0.242043926490363,0.1210219632451815,0.3630658897355446,0.242043926490363,0.3590318242940385,0.3590318242940385,0.2662483191393993,0.625280143433438,0.0250112057373375,2.299417301658449,0.8068130883012102,20.977140295831468,29.690721649484537,296.1407440609592,102.666965486329,0.1936351411922904,1.6136261766024205,2.662483191393994,1.331241595696997,0.0,0.9278350515463918,0.0,0.6051098162259076,0.080681308830121,4.598834603316898,1.331241595696997,0.7664724338861497,0.2823845809054235,0.5647691618108471,0.4840878529807261,0.4034065441506051,1.734648139847602,0.8068130883012102,1.2102196324518153,40.98610488570148,0.9681757059614522,5.445988346033169,0.4840878529807261,22.873151053339303,2.057373375168086,1.089197669206634,2.2590766472433885,0.9278350515463918,28.601523980277904,7.785746302106679,0.161362617660242,0.0,1.250560286866876,0.0,0.0,0.0,0.0,3.549977588525325,0.7664724338861497,MF,FW,midfield,4
Óscar Mingueza,es ESP,"MF,DF",Celta Vigo,es La Liga,25.0,1999.0,34,31,2729,30.3,4,6,10,4,0,0,1.5,1.5,5.6,7.1,0.23,33,10,30.3,1.09,0.33,0.12,0.4,0.04,1692,2197,77.0,29803,11814,6.4,35,176,69,11,139,35,15,14,200,97,3.2,14,0.46,38,24,21,12,5,37.7,22,60,46,40,7,2460,63,42,25,41.7,1386,69,12,41,14,1692,194,6,1,0,24,3,1,0,0,138,11,50.0,0.131916452913155,0.1978746793697325,0.3297911322828875,0.131916452913155,0.0494686698424331,0.0494686698424331,0.184683034078417,0.2341517039208501,0.0075851960425064,1.0883107365335287,0.3297911322828875,55.800659582264565,72.45511176255039,982.8765115426896,389.6152436790033,0.211066324661048,1.1542689629901062,5.80432392817882,2.275558812751924,0.3627702455111762,4.5840967387321365,1.1542689629901062,0.4946866984243312,0.4617075851960425,6.5958226456577504,1.2532063026749725,0.7914987174789301,0.6925613777940638,0.395749358739465,0.1648955661414437,0.7255404910223525,1.9787467936973249,1.5170392085012825,1.31916452913155,81.12861854159033,2.077684133382191,1.3851227555881276,0.8244778307072188,45.70905093440821,2.275558812751924,0.395749358739465,1.3521436423598387,0.4617075851960425,55.800659582264565,6.397947966288018,0.1978746793697325,0.0329791132282887,0.7914987174789301,0.0989373396848662,0.0329791132282887,0.0,0.0,4.551117625503848,0.3627702455111762,MF,DF,midfield,3
Fabio Miretti,it ITA,"MF,FW",Genoa,it Serie A,20.0,2003.0,25,22,1677,18.6,3,3,6,3,0,0,3.1,3.1,2.0,5.1,0.27,24,6,25.0,1.29,0.32,0.13,0.5,0.13,422,567,74.4,7280,2006,2.1,22,24,13,2,61,33,5,8,54,53,2.84,6,0.32,28,15,6,14,8,54.5,7,35,13,14,2,847,15,56,25,34.2,461,33,14,63,36,549,100,2,0,0,23,4,0,0,0,85,11,32.4,0.1610017889087656,0.1610017889087656,0.3220035778175313,0.1610017889087656,0.1663685152057245,0.1663685152057245,0.1073345259391771,0.2737030411449015,0.0144901610017889,1.2880143112701252,0.3220035778175313,22.64758497316637,30.42933810375671,390.6976744186046,107.65652951699464,0.1127012522361359,1.180679785330948,1.2880143112701252,0.6976744186046512,0.1073345259391771,3.273703041144901,1.7710196779964222,0.2683363148479428,0.4293381037567084,2.898032200357782,1.5026833631484793,0.8050089445438282,0.3220035778175313,0.7513416815742396,0.4293381037567084,0.3756708407871198,1.8783542039355996,0.6976744186046512,0.7513416815742396,45.456171735241504,0.8050089445438282,3.0053667262969586,1.3416815742397137,24.74060822898032,1.7710196779964222,0.7513416815742396,3.381037567084079,1.932021466905188,29.463327370304118,5.366726296958855,0.1073345259391771,0.0,1.2343470483005368,0.2146690518783542,0.0,0.0,0.0,4.561717352415027,0.590339892665474,MF,FW,midfield,4
Henrikh Mkhitaryan,am ARM,MF,Inter,it Serie A,35.0,1989.0,31,29,2328,25.9,1,4,5,1,0,0,1.5,1.5,2.7,4.2,0.16,23,2,8.7,0.89,0.08,0.04,0.5,0.07,1326,1518,87.4,21510,5499,4.1,29,156,53,5,22,5,5,11,199,101,3.8,12,0.45,43,24,17,16,10,44.4,16,59,41,26,0,1747,45,44,7,26.9,1036,72,13,27,15,1301,93,4,0,0,33,1,0,0,0,131,23,63.9,0.0386597938144329,0.1546391752577319,0.1932989690721649,0.0386597938144329,0.0579896907216494,0.0579896907216494,0.104381443298969,0.1623711340206185,0.0061855670103092,0.8891752577319587,0.0773195876288659,51.26288659793814,58.68556701030928,831.5721649484536,212.590206185567,0.1585051546391752,1.1211340206185567,6.030927835051546,2.0489690721649483,0.1932989690721649,0.8505154639175257,0.1932989690721649,0.1932989690721649,0.4252577319587629,7.693298969072165,1.6623711340206186,0.9278350515463918,0.6572164948453608,0.6185567010309279,0.3865979381443299,0.6185567010309279,2.2809278350515463,1.5850515463917525,1.0051546391752575,67.53865979381443,1.7396907216494846,1.7010309278350515,0.2706185567010309,40.051546391752574,2.783505154639175,0.5025773195876289,1.0438144329896908,0.5798969072164948,50.29639175257732,3.595360824742268,0.1546391752577319,0.0,1.2757731958762886,0.0386597938144329,0.0,0.0,0.0,5.064432989690721,0.8891752577319587,MF,,midfield,3
Luka Modrić,hr CRO,MF,Real Madrid,es La Liga,38.0,1985.0,35,17,1827,20.3,2,6,8,2,0,0,1.6,1.6,7.0,8.5,0.42,22,6,27.3,1.08,0.3,0.09,0.33,0.07,1724,1969,87.6,29739,9647,6.3,66,225,34,2,112,98,11,24,208,122,6.01,15,0.74,31,20,16,13,2,43.8,27,58,17,15,0,2124,39,26,14,58.3,1419,62,13,23,13,1649,63,7,0,0,23,0,0,0,0,105,6,31.6,0.0985221674876847,0.2955665024630541,0.3940886699507389,0.0985221674876847,0.0788177339901477,0.0788177339901477,0.3448275862068965,0.4187192118226601,0.0206896551724137,1.083743842364532,0.2955665024630541,84.92610837438424,96.99507389162562,1464.9753694581282,475.22167487684726,0.3103448275862069,3.251231527093596,11.083743842364532,1.6748768472906403,0.0985221674876847,5.517241379310344,4.827586206896552,0.541871921182266,1.1822660098522166,10.246305418719212,1.5270935960591132,0.9852216748768472,0.7881773399014779,0.6403940886699507,0.0985221674876847,1.3300492610837438,2.8571428571428568,0.8374384236453202,0.7389162561576355,104.63054187192115,1.9211822660098523,1.2807881773399017,0.689655172413793,69.90147783251231,3.0541871921182264,0.6403940886699507,1.1330049261083743,0.6403940886699507,81.23152709359606,3.103448275862069,0.3448275862068965,0.0,1.1330049261083743,0.0,0.0,0.0,0.0,5.172413793103448,0.2955665024630541,MF,,midfield,3
Jon Moncayola,es ESP,MF,Osasuna,es La Liga,26.0,1998.0,32,26,2099,23.3,0,0,0,0,0,0,1.6,1.6,3.7,5.3,0.23,21,9,42.9,0.9,0.39,0.0,0.0,0.08,738,992,74.4,13615,4472,4.6,33,76,25,13,107,47,1,9,107,67,2.87,4,0.17,70,41,29,33,8,51.7,11,81,20,21,0,1198,37,33,4,33.3,571,25,6,24,8,727,51,8,0,0,34,0,0,0,0,91,15,48.4,0.0,0.0,0.0,0.0,0.0686040971891376,0.0686040971891376,0.1586469747498809,0.2272510719390185,0.0098618389709385,0.9004287756074322,0.3858980466888994,31.64363982848976,42.53454025726537,583.7779895188185,191.74845164363984,0.1972367794187708,1.4149595045259649,3.25869461648404,1.0719390185802764,0.5574082896617437,4.587898999523582,2.0152453549309195,0.042877560743211,0.3858980466888994,4.587898999523582,3.0014292520247734,1.757979990471653,1.2434492615531203,1.4149595045259649,0.3430204859456884,0.4716531681753215,3.4730824202000954,0.857551214864221,0.9004287756074322,51.367317770366846,1.586469747498809,1.4149595045259649,0.1715102429728442,24.483087184373517,1.0719390185802764,0.2572653644592663,1.0290614578370652,0.3430204859456884,31.171986660314435,2.186755597903764,0.3430204859456884,0.0,1.457837065269176,0.0,0.0,0.0,0.0,3.9018580276322057,0.6431634111481658,MF,,midfield,1
Ilaix Moriba,gn GUI,MF,Celta Vigo,es La Liga,21.0,2003.0,33,22,2132,23.7,1,1,2,1,0,0,1.7,1.7,1.5,3.2,0.14,34,11,32.4,1.44,0.46,0.03,0.09,0.05,843,984,85.7,13441,3569,2.4,20,107,19,2,6,0,3,11,119,55,2.32,5,0.21,68,42,24,30,14,56.1,14,82,33,7,1,1305,36,39,15,30.6,769,34,9,51,25,905,64,9,1,1,32,4,1,0,0,108,24,49.0,0.0422138836772983,0.0422138836772983,0.0844277673545966,0.0422138836772983,0.0717636022514071,0.0717636022514071,0.0633208255159474,0.1350844277673546,0.0059099437148217,1.4352720450281424,0.4643527204502814,35.58630393996248,41.53846153846154,567.3968105065666,150.66135084427768,0.1013133208255159,0.8442776735459663,4.516885553470919,0.8020637898686679,0.0844277673545966,0.2532833020637898,0.0,0.1266416510318949,0.4643527204502814,5.023452157598499,2.870544090056285,1.7729831144465291,1.0131332082551594,1.2664165103189493,0.5909943714821764,0.5909943714821764,3.4615384615384617,1.393058161350844,0.2954971857410882,55.089118198874296,1.5196998123827392,1.646341463414634,0.6332082551594747,32.4624765478424,1.4352720450281424,0.3799249530956848,2.152908067542214,1.0553470919324577,38.20356472795497,2.701688555347092,0.3799249530956848,0.0422138836772983,1.350844277673546,0.1688555347091932,0.0422138836772983,0.0,0.0,4.559099437148218,1.0131332082551594,MF,,midfield,1
Manu Morlanes,es ESP,MF,Mallorca,es La Liga,25.0,1999.0,23,15,1338,14.9,0,0,0,0,0,0,0.6,0.6,0.3,0.9,0.06,11,1,9.1,0.74,0.07,0.0,0.0,0.05,630,709,88.9,10235,3100,0.7,10,84,10,3,8,1,2,5,88,35,2.35,0,0.0,43,27,18,20,5,60.0,24,67,16,3,0,845,32,8,3,37.5,459,16,0,8,10,534,39,7,0,0,15,0,0,0,0,79,10,38.5,0.0,0.0,0.0,0.0,0.0403587443946188,0.0403587443946188,0.0201793721973094,0.0605381165919282,0.0040358744394618,0.7399103139013453,0.0672645739910313,42.37668161434978,47.69058295964125,688.4529147982063,208.52017937219733,0.0470852017937219,0.6726457399103138,5.650224215246637,0.6726457399103138,0.2017937219730941,0.5381165919282511,0.0672645739910313,0.1345291479820627,0.3363228699551569,5.9192825112107625,2.892376681614349,1.8161434977578477,1.2107623318385652,1.3452914798206277,0.3363228699551569,1.6143497757847534,4.506726457399103,1.0762331838565022,0.2017937219730941,56.83856502242153,2.1524663677130045,0.5381165919282511,0.2017937219730941,30.87443946188341,1.0762331838565022,0.0,0.5381165919282511,0.6726457399103138,35.91928251121076,2.6233183856502245,0.4708520179372197,0.0,1.0089686098654709,0.0,0.0,0.0,0.0,5.313901345291479,0.6726457399103138,MF,,midfield,1
Nikola Moro,hr CRO,MF,Bologna,it Serie A,26.0,1998.0,22,15,1208,13.4,0,2,2,0,0,0,0.5,0.5,0.8,1.3,0.1,14,2,14.3,1.04,0.15,0.0,0.0,0.03,646,805,80.2,12659,3406,1.0,20,98,10,2,33,19,1,9,93,48,3.56,6,0.44,35,27,7,21,7,66.7,13,48,18,11,0,923,19,3,7,58.3,486,17,0,11,4,592,21,1,0,0,22,0,0,0,0,73,17,51.5,0.0,0.1490066225165563,0.1490066225165563,0.0,0.037251655629139,0.037251655629139,0.0596026490066225,0.0968543046357615,0.0074503311258278,1.043046357615894,0.1490066225165563,48.129139072847686,59.97516556291391,943.1374172185432,253.75827814569536,0.0745033112582781,1.490066225165563,7.301324503311258,0.7450331125827815,0.1490066225165563,2.458609271523179,1.4155629139072847,0.0745033112582781,0.6705298013245033,6.928807947019868,2.607615894039735,2.01158940397351,0.5215231788079471,1.564569536423841,0.5215231788079471,0.968543046357616,3.576158940397351,1.3410596026490067,0.8195364238410596,68.76655629139073,1.4155629139072847,0.2235099337748344,0.5215231788079471,36.20860927152318,1.2665562913907285,0.0,0.8195364238410596,0.2980132450331126,44.10596026490066,1.564569536423841,0.0745033112582781,0.0,1.6390728476821192,0.0,0.0,0.0,0.0,5.438741721854305,1.2665562913907285,MF,,midfield,3
Raúl Moro,es ESP,"MF,FW",Valladolid,es La Liga,21.0,2002.0,33,26,2341,26.0,4,5,9,4,0,0,4.1,4.1,5.7,9.8,0.38,46,16,34.8,1.77,0.62,0.09,0.25,0.09,517,797,64.9,10214,3063,5.5,44,41,38,22,149,51,7,14,81,94,3.61,9,0.35,22,13,15,4,3,40.6,10,32,20,32,1,1050,17,108,57,43.2,607,112,60,47,11,713,190,2,0,0,4,3,0,0,0,85,8,33.3,0.1537804357112345,0.1922255446390431,0.3460059803502777,0.1537804357112345,0.1576249466040153,0.1576249466040153,0.2191371208885091,0.3767620674925246,0.0146091413925672,1.7684750106791969,0.615121742844938,19.87612131567706,30.64075181546348,392.6783425886373,117.75736864587785,0.2114480991029474,1.6915847928235797,1.5762494660401538,1.4609141392567278,0.8457923964117898,5.728321230243486,1.96070055531824,0.2691157624946604,0.5382315249893208,3.1140538231524992,0.8457923964117898,0.4997864160615121,0.5766766339171294,0.1537804357112345,0.1153353267834259,0.3844510892780863,1.230243485689876,0.7689021785561726,1.230243485689876,40.36736437419906,0.6535668517727466,4.152071764203332,2.191371208885092,23.33618111917984,4.305852199914567,2.3067065356685177,1.8069201196070055,0.4228961982058949,27.41136266552755,7.30457069628364,0.0768902178556172,0.0,0.1537804357112345,0.1153353267834259,0.0,0.0,0.0,3.2678342588637337,0.307560871422469,MF,FW,midfield,4
Sam Morsy,eg EGY,MF,Ipswich Town,eng Premier League,32.0,1991.0,33,31,2751,30.6,1,1,2,1,0,0,0.4,0.4,1.2,1.6,0.05,13,3,23.1,0.43,0.1,0.08,0.33,0.03,1249,1445,86.4,20142,5579,1.5,24,149,17,4,15,0,2,5,120,51,1.67,2,0.07,68,41,40,24,4,43.5,29,97,47,22,5,1683,97,6,17,58.6,852,22,3,17,13,1137,13,10,0,0,48,1,0,1,1,157,18,42.9,0.0327153762268266,0.0327153762268266,0.0654307524536532,0.0327153762268266,0.0130861504907306,0.0130861504907306,0.0392584514721919,0.0523446019629225,0.0016357688113413,0.4252998909487459,0.0981461286804798,40.86150490730643,47.27371864776445,658.9531079607416,182.51908396946567,0.0490730643402399,0.7851690294438386,4.874591057797165,0.5561613958560524,0.1308615049073064,0.4907306434023991,0.0,0.0654307524536532,0.163576881134133,3.925845147219193,2.2246455834242096,1.341330425299891,1.3086150490730644,0.7851690294438386,0.1308615049073064,0.9487459105779716,3.173391494002181,1.5376226826608506,0.7197382769901853,55.05997818974918,3.173391494002181,0.1962922573609596,0.5561613958560524,27.87350054525627,0.7197382769901853,0.0981461286804798,0.5561613958560524,0.4252998909487459,37.19738276990186,0.4252998909487459,0.3271537622682661,0.0,1.5703380588876772,0.0327153762268266,0.0,0.0327153762268266,0.0327153762268266,5.136314067611778,0.5888767720828789,MF,,midfield,2
Aimen Moueffek,fr FRA,MF,Saint-Étienne,fr Ligue 1,23.0,2001.0,22,13,1039,11.5,0,1,1,0,0,0,1.1,1.1,1.1,2.2,0.19,10,2,20.0,0.87,0.17,0.0,0.0,0.11,336,396,84.8,4817,1133,1.0,10,39,8,1,4,0,2,0,43,21,1.82,3,0.26,20,12,3,11,6,43.5,5,25,26,7,1,554,35,25,11,45.8,302,20,4,34,13,350,31,2,0,0,20,0,0,0,0,59,9,34.6,0.0,0.0866217516843118,0.0866217516843118,0.0,0.095283926852743,0.095283926852743,0.095283926852743,0.190567853705486,0.0164581328200192,0.8662175168431183,0.1732435033686236,29.104908565928778,34.302213666987484,417.2569778633301,98.1424446583253,0.0866217516843118,0.8662175168431183,3.378248315688162,0.6929740134744947,0.0866217516843118,0.3464870067372473,0.0,0.1732435033686236,0.0,3.724735322425409,1.7324350336862366,1.039461020211742,0.2598652550529355,0.9528392685274302,0.519730510105871,0.4331087584215591,2.165543792107796,2.2521655437921075,0.6063522617901829,47.98845043310876,3.0317613089509146,2.165543792107796,0.9528392685274302,26.15976900866217,1.7324350336862366,0.3464870067372473,2.9451395572666024,1.1260827718960538,30.31761308950914,2.685274302213667,0.1732435033686236,0.0,1.7324350336862366,0.0,0.0,0.0,0.0,5.110683349374399,0.7795957651588065,MF,,midfield,2
Louis Mouton,fr FRA,MF,Saint-Étienne,fr Ligue 1,22.0,2002.0,24,12,1045,11.6,0,1,1,0,0,0,1.3,1.3,1.3,2.6,0.22,19,3,15.8,1.64,0.26,0.0,0.0,0.07,442,551,80.2,7284,2076,1.3,16,42,13,1,21,13,5,4,54,28,2.41,2,0.17,49,25,14,25,10,59.5,10,59,19,14,0,703,20,24,12,50.0,366,18,2,14,13,456,51,2,0,0,24,0,0,0,0,63,5,31.3,0.0,0.0861244019138756,0.0861244019138756,0.0,0.1119617224880382,0.1119617224880382,0.1119617224880382,0.2239234449760765,0.0189473684210526,1.6363636363636362,0.2583732057416268,38.066985645933016,47.45454545454545,627.3301435406698,178.79425837320574,0.1119617224880382,1.3779904306220097,3.617224880382775,1.1196172248803828,0.0861244019138756,1.8086124401913877,1.1196172248803828,0.4306220095693779,0.3444976076555024,4.650717703349282,4.220095693779904,2.15311004784689,1.2057416267942584,2.15311004784689,0.8612440191387559,0.8612440191387559,5.08133971291866,1.6363636363636362,1.2057416267942584,60.54545454545455,1.7224880382775118,2.0669856459330145,1.0334928229665072,31.521531100478462,1.5502392344497606,0.1722488038277512,1.2057416267942584,1.1196172248803828,39.27272727272727,4.392344497607655,0.1722488038277512,0.0,2.0669856459330145,0.0,0.0,0.0,0.0,5.425837320574162,0.4306220095693779,MF,,midfield,1
Ngal'Ayel Mukau,cd COD,MF,Lille,fr Ligue 1,19.0,2004.0,22,14,1190,13.2,0,1,1,0,0,0,0.8,0.8,0.7,1.5,0.11,11,2,18.2,0.83,0.15,0.0,0.0,0.07,575,645,89.1,9354,1964,0.7,12,52,8,1,5,0,1,2,57,20,1.51,1,0.08,33,18,9,22,2,58.6,15,48,22,17,0,778,19,16,9,52.9,426,19,3,18,8,570,43,4,0,0,19,0,0,0,0,63,14,50.0,0.0,0.0756302521008403,0.0756302521008403,0.0,0.0605042016806722,0.0605042016806722,0.0529411764705882,0.1134453781512605,0.0083193277310924,0.8319327731092437,0.1512605042016807,43.48739495798319,48.78151260504201,707.4453781512605,148.53781512605042,0.0529411764705882,0.907563025210084,3.932773109243697,0.6050420168067228,0.0756302521008403,0.3781512605042016,0.0,0.0756302521008403,0.1512605042016807,4.3109243697479,2.495798319327731,1.361344537815126,0.680672268907563,1.6638655462184877,0.1512605042016807,1.134453781512605,3.630252100840337,1.6638655462184877,1.2857142857142856,58.840336134453786,1.4369747899159662,1.2100840336134455,0.680672268907563,32.21848739495798,1.4369747899159662,0.226890756302521,1.361344537815126,0.6050420168067228,43.109243697479,3.252100840336135,0.3025210084033614,0.0,1.4369747899159662,0.0,0.0,0.0,0.0,4.764705882352941,1.0588235294117647,MF,,midfield,1
Thomas Müller,de GER,"MF,FW",Bayern Munich,de Bundesliga,34.0,1989.0,30,12,1225,13.6,1,4,5,1,0,0,3.8,3.8,2.9,6.7,0.49,30,11,36.7,2.2,0.81,0.03,0.09,0.13,473,631,75.0,6759,1456,4.1,35,24,24,12,46,0,8,3,50,73,5.36,9,0.66,8,5,2,3,3,25.0,2,10,14,16,0,763,13,103,8,47.1,386,24,7,24,20,619,143,3,0,0,14,0,0,0,0,24,19,39.6,0.073469387755102,0.2938775510204082,0.3673469387755102,0.073469387755102,0.2791836734693877,0.2791836734693877,0.2130612244897959,0.4922448979591837,0.036,2.204081632653061,0.8081632653061225,34.75102040816327,46.35918367346938,496.5795918367347,106.97142857142858,0.3012244897959183,2.571428571428571,1.7632653061224488,1.7632653061224488,0.8816326530612244,3.379591836734694,0.0,0.5877551020408164,0.2204081632653061,3.6734693877551017,0.5877551020408164,0.3673469387755102,0.1469387755102041,0.2204081632653061,0.2204081632653061,0.1469387755102041,0.7346938775510204,1.0285714285714285,1.1755102040816328,56.05714285714286,0.9551020408163264,7.567346938775509,0.5877551020408164,28.35918367346939,1.7632653061224488,0.5142857142857142,1.7632653061224488,1.469387755102041,45.47755102040816,10.50612244897959,0.2204081632653061,0.0,1.0285714285714285,0.0,0.0,0.0,0.0,1.7632653061224488,1.3959183673469389,MF,FW,midfield,0
Marshall Munetsi,zw ZIM,"MF,FW",Wolves,eng Premier League,28.0,1996.0,14,12,1078,12.0,2,1,3,2,0,0,3.3,3.3,1.8,5.1,0.42,22,7,31.8,1.84,0.58,0.09,0.29,0.15,152,212,71.7,1898,390,1.1,9,7,3,2,10,0,1,0,10,21,1.75,1,0.08,24,10,7,11,6,56.5,6,30,18,5,0,364,21,36,3,27.3,148,9,4,32,12,182,35,0,0,0,19,2,0,0,0,35,29,55.8,0.1669758812615955,0.0834879406307977,0.2504638218923933,0.1669758812615955,0.2755102040816326,0.2755102040816326,0.150278293135436,0.4257884972170686,0.035064935064935,1.8367346938775508,0.5844155844155845,12.69016697588126,17.699443413729128,158.46011131725416,32.56029684601113,0.0918367346938775,0.75139146567718,0.5844155844155845,0.2504638218923933,0.1669758812615955,0.8348794063079777,0.0,0.0834879406307977,0.0,0.8348794063079777,2.0037105751391464,0.8348794063079777,0.5844155844155845,0.9183673469387754,0.5009276437847866,0.5009276437847866,2.504638218923933,1.50278293135436,0.4174397031539889,30.38961038961039,1.7532467532467533,3.00556586270872,0.2504638218923933,12.356215213358071,0.75139146567718,0.3339517625231911,2.6716141001855287,1.0018552875695732,15.194805194805197,2.922077922077922,0.0,0.0,1.5862708719851577,0.1669758812615955,0.0,0.0,0.0,2.922077922077922,2.421150278293136,MF,FW,midfield,4
Marshall Munetsi,zw ZIM,MF,Reims,fr Ligue 1,28.0,1996.0,19,19,1692,18.8,4,2,6,4,0,0,4.0,4.0,2.0,5.9,0.32,32,10,31.3,1.7,0.53,0.13,0.4,0.12,263,384,68.5,3758,1197,1.8,19,14,5,2,11,0,2,0,26,41,2.18,4,0.21,36,18,22,9,5,57.9,17,53,35,11,0,594,40,60,6,50.0,206,8,2,26,5,294,48,5,0,0,28,4,0,0,0,72,41,46.1,0.2127659574468085,0.1063829787234042,0.3191489361702128,0.2127659574468085,0.2127659574468085,0.2127659574468085,0.1063829787234042,0.3138297872340426,0.0170212765957446,1.702127659574468,0.5319148936170213,13.98936170212766,20.425531914893615,199.89361702127655,63.67021276595745,0.0957446808510638,1.0106382978723405,0.7446808510638298,0.2659574468085106,0.1063829787234042,0.5851063829787234,0.0,0.1063829787234042,0.0,1.3829787234042552,1.9148936170212765,0.9574468085106382,1.1702127659574468,0.4787234042553191,0.2659574468085106,0.9042553191489362,2.8191489361702127,1.8617021276595744,0.5851063829787234,31.595744680851062,2.127659574468085,3.191489361702128,0.3191489361702128,10.957446808510635,0.425531914893617,0.1063829787234042,1.3829787234042552,0.2659574468085106,15.638297872340424,2.5531914893617023,0.2659574468085106,0.0,1.4893617021276595,0.2127659574468085,0.0,0.0,0.0,3.829787234042553,2.1808510638297878,MF,,midfield,4
Javier Muñoz,es ESP,"MF,DF",Las Palmas,es La Liga,29.0,1995.0,35,28,2588,28.8,1,3,4,1,0,0,1.3,1.3,2.5,3.7,0.13,25,6,24.0,0.87,0.21,0.04,0.17,0.05,918,1178,77.9,15854,4646,2.3,29,115,32,13,51,3,3,18,108,58,2.02,8,0.28,45,35,18,17,10,34.8,31,76,39,29,3,1411,44,32,21,58.3,700,36,7,29,15,939,91,5,0,0,30,3,0,0,0,112,15,36.6,0.0347758887171561,0.1043276661514683,0.1391035548686244,0.0347758887171561,0.0452086553323029,0.0452086553323029,0.0869397217928902,0.1286707882534776,0.0045208655332302,0.8693972179289026,0.2086553323029366,31.924265842349307,40.96599690880989,551.3369397217929,161.56877897990728,0.079984544049459,1.008500772797527,3.999227202472952,1.1128284389489953,0.4520865533230294,1.7735703245749612,0.1043276661514683,0.1043276661514683,0.6259659969088099,3.755795981452859,1.564914992272025,1.2171561051004636,0.6259659969088099,0.5911901081916539,0.347758887171561,1.0780525502318392,2.642967542503864,1.356259659969088,1.008500772797527,49.06877897990726,1.5301391035548686,1.1128284389489953,0.7302936630602782,24.34312210200927,1.25193199381762,0.2434312210200927,1.008500772797527,0.5216383307573416,32.65455950540958,3.164605873261205,0.1738794435857805,0.0,1.0432766615146831,0.1043276661514683,0.0,0.0,0.0,3.894899536321484,0.5216383307573416,MF,DF,midfield,2
Yunus Musah,us USA,"MF,FW",Milan,it Serie A,21.0,2002.0,29,19,1571,17.5,0,2,2,0,0,0,1.9,1.9,1.8,3.8,0.22,22,5,22.7,1.26,0.29,0.0,0.0,0.09,631,724,87.2,10809,2425,1.5,23,60,17,7,24,1,3,2,84,45,2.58,4,0.23,27,19,13,9,5,70.6,7,34,9,11,3,888,19,37,21,56.8,581,51,12,46,13,671,74,5,0,0,36,1,0,0,0,60,8,36.4,0.0,0.1145767027371101,0.1145767027371101,0.0,0.1088478676002546,0.1088478676002546,0.1031190324633991,0.2176957352005092,0.0126034373010821,1.2603437301082114,0.2864417568427753,36.148949713558245,41.476766390833866,619.2297899427117,138.92425206874603,0.0859325270528326,1.3176320814767664,3.4373010821133034,0.973901973265436,0.4010184595798854,1.3749204328453215,0.057288351368555,0.1718650541056652,0.1145767027371101,4.812221514958625,1.5467854869509867,1.088478676002546,0.7447485677912157,0.5155951623169955,0.2864417568427753,0.4010184595798854,1.947803946530872,0.5155951623169955,0.6301718650541057,50.8720560152769,1.088478676002546,2.119669000636537,1.2030553787396563,33.28453214513049,2.921705919796308,0.6874602164226608,2.6352641629535327,0.7447485677912157,38.440483768300446,4.239338001273074,0.2864417568427753,0.0,2.062380649267982,0.057288351368555,0.0,0.0,0.0,3.4373010821133034,0.4583068109484404,MF,FW,midfield,4
Jamal Musiala,de GER,MF,Bayern Munich,de Bundesliga,21.0,2003.0,25,21,1798,20.0,12,2,14,12,0,0,9.3,9.3,4.5,13.8,0.69,68,31,45.6,3.4,1.55,0.18,0.39,0.14,778,942,82.6,10803,2645,5.9,41,75,24,0,8,7,14,2,107,111,5.56,9,0.45,36,21,7,16,13,41.4,8,44,5,33,1,1278,7,163,72,51.1,792,71,36,67,33,1031,156,3,0,0,20,9,1,0,0,75,7,33.3,0.6006674082313682,0.100111234705228,0.7007786429365962,0.6006674082313682,0.4655172413793104,0.4655172413793104,0.225250278086763,0.6907675194660734,0.0345383759733036,3.403781979977753,1.5517241379310345,38.9432703003337,47.152391546162406,540.7508342602893,132.39710789766409,0.2953281423804227,2.052280311457175,3.7541713014460503,1.2013348164627364,0.0,0.4004449388209121,0.3503893214682981,0.7007786429365962,0.100111234705228,5.355951056729699,1.8020022246941043,1.0511679644048944,0.3503893214682981,0.8008898776418243,0.6507230255839822,0.4004449388209121,2.202447163515017,0.25027808676307,1.6518353726362625,63.97107897664071,0.3503893214682981,8.159065628476085,3.604004449388209,39.6440489432703,3.5539488320355948,1.8020022246941043,3.353726362625139,1.6518353726362625,51.60734149054505,7.808676307007786,0.150166852057842,0.0,1.0011123470522802,0.4505005561735261,0.050055617352614,0.0,0.0,3.7541713014460503,0.3503893214682981,MF,,midfield,0
Junior Mwanga,fr FRA,MF,Le Havre,fr Ligue 1,21.0,2003.0,11,11,952,10.6,1,2,3,1,0,0,1.3,1.3,1.0,2.3,0.22,16,3,18.8,1.51,0.28,0.06,0.33,0.08,366,445,82.2,7166,2289,1.4,7,37,4,2,21,10,1,4,42,24,2.27,5,0.47,26,16,10,13,3,57.9,8,34,18,3,2,555,27,12,7,43.8,315,15,2,9,15,342,15,1,1,0,19,0,0,0,0,61,9,56.3,0.0945378151260504,0.1890756302521008,0.2836134453781512,0.0945378151260504,0.1228991596638655,0.1228991596638655,0.0945378151260504,0.2174369747899159,0.020798319327731,1.512605042016807,0.2836134453781512,34.60084033613445,42.06932773109244,677.4579831932773,216.3970588235294,0.1323529411764706,0.6617647058823529,3.4978991596638656,0.3781512605042016,0.1890756302521008,1.9852941176470589,0.9453781512605044,0.0945378151260504,0.3781512605042016,3.9705882352941178,2.457983193277311,1.512605042016807,0.9453781512605044,1.2289915966386555,0.2836134453781512,0.7563025210084033,3.214285714285714,1.7016806722689075,0.2836134453781512,52.46848739495799,2.552521008403361,1.134453781512605,0.6617647058823529,29.77941176470588,1.418067226890756,0.1890756302521008,0.8508403361344538,1.418067226890756,32.331932773109244,1.418067226890756,0.0945378151260504,0.0945378151260504,1.7962184873949578,0.0,0.0,0.0,0.0,5.766806722689076,0.8508403361344538,MF,,midfield,2
Sebastian Nanasi,se SWE,"MF,FW",Strasbourg,fr Ligue 1,22.0,2002.0,31,26,2107,23.4,6,4,10,6,0,0,6.5,6.5,4.9,11.4,0.49,28,12,42.9,1.2,0.51,0.21,0.5,0.23,643,812,79.2,9577,2783,4.7,37,74,39,2,66,55,10,1,126,85,3.63,17,0.73,20,13,6,12,2,36.4,7,27,18,13,0,992,22,73,19,47.5,557,53,15,20,15,690,127,1,0,0,9,1,0,0,0,71,3,21.4,0.2562885619364025,0.170859041290935,0.4271476032273374,0.2562885619364025,0.2776459420977693,0.2776459420977693,0.2093023255813953,0.4869482676791647,0.0209302325581395,1.196013289036545,0.512577123872805,27.4655908875178,34.6843853820598,409.0792596108211,118.87517797816804,0.2007593735168486,1.5804461319411487,3.1608922638822974,1.665875652586616,0.0854295206454675,2.819174181300427,2.349311817750356,0.4271476032273374,0.0427147603227337,5.382059800664452,0.8542952064546748,0.5552918841955387,0.2562885619364025,0.512577123872805,0.0854295206454675,0.2990033222591362,1.153298528713811,0.7688656858092074,0.5552918841955387,42.37304224015188,0.9397247271001424,3.118177503559563,0.8115804461319411,23.792121499762697,2.2638822971048884,0.6407214048410061,0.8542952064546748,0.6407214048410061,29.473184622686283,5.424774560987186,0.0427147603227337,0.0,0.3844328429046037,0.0427147603227337,0.0,0.0,0.0,3.0327479829140955,0.1281442809682012,MF,FW,midfield,0
Roberto Navarro,es ESP,"MF,FW",Mallorca,es La Liga,22.0,2002.0,23,15,1278,14.2,1,0,1,1,0,0,2.0,2.0,1.9,3.9,0.28,18,6,33.3,1.27,0.42,0.06,0.17,0.11,357,473,75.5,5122,1424,1.5,13,27,14,3,29,7,5,0,51,44,3.1,2,0.14,29,22,14,11,4,47.4,19,48,12,13,0,683,16,42,35,52.2,425,45,10,47,34,441,85,3,0,0,14,2,0,0,0,94,5,35.7,0.0704225352112676,0.0,0.0704225352112676,0.0704225352112676,0.1408450704225352,0.1408450704225352,0.1338028169014084,0.2746478873239437,0.0197183098591549,1.267605633802817,0.4225352112676056,25.14084507042253,33.309859154929576,360.7042253521127,100.28169014084509,0.1056338028169014,0.9154929577464788,1.9014084507042253,0.9859154929577464,0.2112676056338028,2.0422535211267605,0.4929577464788732,0.352112676056338,0.0,3.591549295774648,2.0422535211267605,1.5492957746478873,0.9859154929577464,0.7746478873239436,0.2816901408450704,1.3380281690140845,3.380281690140845,0.8450704225352113,0.9154929577464788,48.098591549295776,1.1267605633802815,2.9577464788732395,2.464788732394366,29.929577464788736,3.1690140845070425,0.7042253521126761,3.309859154929578,2.3943661971830985,31.05633802816901,5.985915492957747,0.2112676056338028,0.0,0.9859154929577464,0.1408450704225352,0.0,0.0,0.0,6.619718309859156,0.352112676056338,MF,FW,midfield,4
Michel Ndary Adopo,fr FRA,MF,Cagliari,it Serie A,24.0,2000.0,35,27,2409,26.8,1,1,2,1,0,0,1.1,1.1,2.3,3.4,0.13,20,4,20.0,0.75,0.15,0.05,0.25,0.06,813,979,83.0,12961,3819,1.3,19,90,14,3,8,0,2,2,106,50,1.87,5,0.19,55,32,16,31,8,51.7,27,82,25,14,0,1222,51,32,19,45.2,656,20,1,39,26,783,61,5,1,1,29,0,0,0,0,135,29,54.7,0.037359900373599,0.037359900373599,0.074719800747198,0.037359900373599,0.0410958904109589,0.0410958904109589,0.0859277708592777,0.1270236612702366,0.0048567870485678,0.7471980074719802,0.149439601494396,30.37359900373599,36.57534246575342,484.2216687422167,142.67745952677458,0.0485678704856787,0.709838107098381,3.36239103362391,0.523038605230386,0.112079701120797,0.298879202988792,0.0,0.074719800747198,0.074719800747198,3.9601494396014942,2.054794520547945,1.195516811955168,0.597758405977584,1.158156911581569,0.298879202988792,1.0087173100871731,3.0635118306351186,0.933997509339975,0.523038605230386,45.65379825653798,1.9053549190535493,1.195516811955168,0.709838107098381,24.50809464508095,0.7471980074719802,0.037359900373599,1.457036114570361,0.971357409713574,29.25280199252802,2.278953922789539,0.186799501867995,0.037359900373599,1.0834371108343712,0.0,0.0,0.0,0.0,5.043586550435865,1.0834371108343712,MF,,midfield,2
Rassoul Ndiaye,sn SEN,MF,Le Havre,fr Ligue 1,22.0,2001.0,27,11,1061,11.8,1,0,1,1,0,0,1.7,1.7,0.6,2.4,0.2,18,5,27.8,1.53,0.42,0.06,0.2,0.1,325,441,73.7,5176,1445,0.9,10,30,9,3,32,11,1,2,46,22,1.87,2,0.17,35,25,19,12,4,44.0,12,47,24,13,0,578,34,22,3,25.0,261,6,0,15,4,324,30,2,0,0,12,1,1,0,0,66,13,38.2,0.0848256361922714,0.0,0.0848256361922714,0.0848256361922714,0.1442035815268614,0.1442035815268614,0.0508953817153628,0.2035815268614514,0.0169651272384542,1.5268614514608858,0.4241281809613572,27.56833176248822,37.4081055607917,439.057492931197,122.57304429783224,0.0763430725730443,0.8482563619227144,2.5447690857681438,0.7634307257304429,0.2544769085768143,2.7144203581526862,0.933081998114986,0.0848256361922714,0.1696512723845429,3.901979264844486,2.9688972667295004,2.120640904806786,1.6116870876531575,1.0179076343072573,0.3393025447690858,1.0179076343072573,3.986804901036757,2.0358152686145146,1.1027332704995287,49.0292177191329,2.884071630537229,1.866163996229972,0.2544769085768143,22.139491046182847,0.5089538171536286,0.0,1.2723845428840717,0.3393025447690858,27.48350612629595,2.5447690857681438,0.1696512723845429,0.0,1.0179076343072573,0.0848256361922714,0.0848256361922714,0.0,0.0,5.598491988689915,1.1027332704995287,MF,,midfield,1
Wilfred Ndidi,ng NGA,MF,Leicester City,eng Premier League,27.0,1996.0,28,28,2324,25.8,0,5,5,0,0,0,2.0,2.0,1.9,3.9,0.15,22,8,36.4,0.85,0.31,0.0,0.0,0.09,839,1045,80.3,12034,3031,1.5,17,68,11,3,30,0,4,4,70,31,1.2,4,0.15,85,51,45,32,8,49.2,31,116,80,26,0,1400,119,61,13,39.4,670,18,2,37,33,834,75,8,0,0,39,0,0,0,1,127,61,50.8,0.0,0.1936316695352839,0.1936316695352839,0.0,0.0774526678141136,0.0774526678141136,0.0735800344234079,0.1510327022375215,0.0058089500860585,0.8519793459552496,0.3098106712564544,32.49139414802065,40.46901893287436,466.0327022375215,117.37951807228916,0.0580895008605852,0.6583476764199656,2.6333907056798624,0.4259896729776248,0.1161790017211704,1.161790017211704,0.0,0.1549053356282272,0.1549053356282272,2.710843373493976,3.291738382099828,1.9750430292598968,1.742685025817556,1.2392426850258176,0.3098106712564544,1.2005163511187609,4.492254733218588,3.0981067125645434,1.0068846815834769,54.21686746987952,4.608433734939759,2.3623063683304646,0.5034423407917383,25.94664371772805,0.6970740103270224,0.0774526678141136,1.4328743545611016,1.2779690189328743,32.29776247848537,2.90447504302926,0.3098106712564544,0.0,1.5103270223752152,0.0,0.0,0.0,0.0387263339070568,4.918244406196213,2.3623063683304646,MF,,midfield,1
Tanguy Ndombele,fr FRA,MF,Nice,fr Ligue 1,27.0,1996.0,18,12,1131,12.6,1,2,3,1,0,0,2.4,2.4,2.4,4.8,0.38,11,2,18.2,0.88,0.16,0.09,0.5,0.21,415,476,87.2,6290,1904,1.3,18,41,8,0,3,0,6,0,61,31,2.46,4,0.32,35,23,10,21,4,60.0,14,49,9,3,0,611,17,25,25,53.2,366,22,6,28,21,436,36,2,0,0,10,2,0,0,0,67,3,23.1,0.0795755968169761,0.1591511936339522,0.2387267904509283,0.0795755968169761,0.1909814323607427,0.1909814323607427,0.1909814323607427,0.3819628647214854,0.0302387267904509,0.8753315649867375,0.1591511936339522,33.02387267904509,37.87798408488064,500.5305039787799,151.51193633952255,0.1034482758620689,1.4323607427055702,3.262599469496021,0.636604774535809,0.0,0.2387267904509283,0.0,0.4774535809018567,0.0,4.854111405835544,2.7851458885941645,1.830238726790451,0.7957559681697614,1.6710875331564987,0.3183023872679045,1.1140583554376655,3.8992042440318304,0.7161803713527851,0.2387267904509283,48.62068965517241,1.3527851458885942,1.9893899204244032,1.9893899204244032,29.124668435013263,1.750663129973475,0.4774535809018567,2.2281167108753315,1.6710875331564987,34.69496021220159,2.8647214854111405,0.1591511936339522,0.0,0.7957559681697614,0.1591511936339522,0.0,0.0,0.0,5.3315649867374,0.2387267904509283,MF,,midfield,1
Paul Nebel,de GER,MF,Mainz 05,de Bundesliga,21.0,2002.0,31,26,2345,26.1,10,4,14,10,0,0,5.8,5.8,4.1,9.8,0.38,44,18,40.9,1.69,0.69,0.23,0.56,0.13,853,1167,73.1,13018,2789,5.6,35,38,41,19,111,17,12,4,91,84,3.23,6,0.23,38,24,11,18,9,31.4,13,51,30,62,2,1516,29,73,25,39.1,894,67,19,67,43,1079,219,5,1,1,37,9,0,0,0,124,17,22.7,0.3837953091684435,0.1535181236673773,0.5373134328358209,0.3837953091684435,0.2226012793176972,0.2226012793176972,0.1573560767590618,0.3761194029850747,0.0145842217484008,1.688699360341151,0.6908315565031983,32.73773987206823,44.78891257995736,499.6247334754797,107.0405117270789,0.2149253731343283,1.343283582089552,1.4584221748400852,1.5735607675906182,0.7292110874200426,4.2601279317697225,0.652452025586354,0.4605543710021322,0.1535181236673773,3.492537313432836,1.4584221748400852,0.9211087420042644,0.4221748400852878,0.6908315565031983,0.3454157782515991,0.4989339019189766,1.9573560767590616,1.1513859275053304,2.3795309168443497,58.18336886993603,1.1130063965884862,2.8017057569296373,0.9594882729211088,34.31130063965885,2.571428571428571,0.7292110874200426,2.571428571428571,1.650319829424307,41.411513859275054,8.405117270788914,0.1918976545842217,0.0383795309168443,1.420042643923241,0.3454157782515991,0.0,0.0,0.0,4.759061833688699,0.652452025586354,MF,,midfield,4
João Neves,pt POR,"MF,DF",Paris S-G,fr Ligue 1,19.0,2004.0,29,22,1844,20.5,3,8,11,3,0,0,3.0,3.0,4.0,7.0,0.34,28,11,39.3,1.37,0.54,0.11,0.27,0.11,1491,1634,91.2,23851,5397,3.9,33,128,22,2,15,0,11,17,144,68,3.32,14,0.68,63,31,20,26,17,60.0,23,86,22,13,1,1851,46,55,16,53.3,1018,35,3,26,16,1397,80,1,0,0,17,3,0,0,0,123,21,63.6,0.1464208242950108,0.3904555314533622,0.5368763557483731,0.1464208242950108,0.1464208242950108,0.1464208242950108,0.1952277657266811,0.3416485900216919,0.0165943600867678,1.3665943600867678,0.5368763557483731,72.77114967462039,79.75054229934925,1164.094360086768,263.4110629067245,0.1903470715835141,1.6106290672451191,6.247288503253796,1.0737527114967462,0.0976138828633405,0.7321041214750542,0.0,0.5368763557483731,0.8297180043383947,7.028199566160521,3.0748373101952278,1.5130151843817787,0.9761388286334056,1.2689804772234272,0.8297180043383947,1.1225596529284163,4.197396963123644,1.0737527114967462,0.6344902386117136,90.34164859002168,2.245119305856833,2.684381778741866,0.7809110629067245,49.68546637744034,1.7082429501084595,0.1464208242950108,1.2689804772234272,0.7809110629067245,68.18329718004338,3.9045553145336234,0.0488069414316702,0.0,0.8297180043383947,0.1464208242950108,0.0,0.0,0.0,6.003253796095445,1.024945770065076,MF,DF,midfield,3
Yvan Neyou,cm CMR,MF,Leganés,es La Liga,27.0,1997.0,30,27,2312,25.7,1,1,2,1,0,0,0.6,0.6,0.6,1.3,0.05,16,3,18.8,0.62,0.12,0.06,0.33,0.04,974,1127,86.4,15217,3867,1.1,13,86,10,1,15,0,2,9,96,30,1.17,2,0.08,53,33,21,26,6,46.8,26,79,38,13,1,1379,45,9,19,45.2,806,24,1,28,21,934,30,14,0,0,33,3,0,0,0,121,22,53.7,0.0389273356401384,0.0389273356401384,0.0778546712802768,0.0389273356401384,0.023356401384083,0.023356401384083,0.023356401384083,0.0506055363321799,0.0019463667820069,0.6228373702422145,0.1167820069204152,37.91522491349481,43.87110726643599,592.3572664359862,150.53200692041523,0.0428200692041522,0.5060553633217993,3.347750865051903,0.3892733564013841,0.0389273356401384,0.5839100346020761,0.0,0.0778546712802768,0.3503460207612456,3.737024221453287,2.063148788927336,1.2846020761245676,0.8174740484429066,1.0121107266435987,0.2335640138408304,1.0121107266435987,3.0752595155709344,1.4792387543252594,0.5060553633217993,53.68079584775086,1.7517301038062283,0.3503460207612456,0.7396193771626297,31.37543252595156,0.9342560553633218,0.0389273356401384,1.0899653979238757,0.8174740484429066,36.35813148788928,1.1678200692041525,0.5449826989619377,0.0,1.2846020761245676,0.1167820069204152,0.0,0.0,0.0,4.710207612456747,0.856401384083045,MF,,midfield,2
Hans Nicolussi Caviglia,it ITA,MF,Venezia,it Serie A,24.0,2000.0,35,33,2861,31.8,4,2,6,4,0,0,2.4,2.4,2.1,4.5,0.14,53,20,37.7,1.67,0.63,0.08,0.2,0.04,1119,1411,79.3,19770,6616,2.3,29,123,15,1,72,51,5,24,140,66,2.08,4,0.13,47,28,17,22,8,45.3,28,75,55,28,2,1739,85,11,17,34.0,901,20,1,40,37,1027,22,7,1,1,50,0,0,1,0,147,27,54.0,0.1258301293254106,0.0629150646627053,0.188745193988116,0.1258301293254106,0.0754980775952464,0.0754980775952464,0.0660608178958406,0.141558895491087,0.0044040545263893,1.667249213561692,0.6291506466270534,35.20097867878364,44.38657811953862,621.9154141908424,208.1230339042293,0.0723523243621111,0.9122684376092276,3.869276476756379,0.4718629849702901,0.0314575323313526,2.2649423278573924,1.6043341488989864,0.1572876616567633,0.7549807759524643,4.404054526389374,1.478504019573576,0.8808109052778749,0.5347780496329955,0.6920657112897588,0.2516602586508213,0.8808109052778749,2.3593149248514504,1.7301642782243971,0.8808109052778749,54.7046487242223,2.6738902481649776,0.3460328556448794,0.5347780496329955,28.34323663054876,0.6291506466270534,0.0314575323313526,1.258301293254107,1.163928696260049,32.3068857042992,0.6920657112897588,0.2202027263194687,0.0314575323313526,1.5728766165676338,0.0,0.0,0.0314575323313526,0.0,4.624257252708842,0.8493533729465222,MF,,midfield,2
Saúl Ñíguez,es ESP,MF,Sevilla,es La Liga,29.0,1994.0,24,17,1553,17.3,1,6,7,1,0,0,2.8,2.8,2.5,5.3,0.31,42,9,21.4,2.43,0.52,0.02,0.11,0.07,516,659,78.3,8573,2296,2.3,22,51,8,2,19,1,3,4,66,50,2.9,8,0.46,47,32,16,24,7,38.7,22,69,34,15,0,904,35,49,12,42.9,386,13,3,26,13,536,39,8,1,0,44,1,0,1,0,86,40,54.8,0.0579523502897617,0.3477141017385705,0.4056664520283322,0.0579523502897617,0.1622665808113328,0.1622665808113328,0.1448808757244043,0.3071474565357373,0.0179652285898261,2.433998712169993,0.5215711526078557,29.903412749517063,38.190598840952994,496.8254990341275,133.05859626529298,0.133290405666452,1.2749517063747586,2.955569864777849,0.463618802318094,0.1159047005795235,1.1010946555054733,0.0579523502897617,0.1738570508692852,0.231809401159047,3.824855119124276,2.7237604636188024,1.854475209272376,0.927237604636188,1.390856406954282,0.4056664520283322,1.2749517063747586,3.998712169993561,1.9703799098519,0.8692852543464263,52.38892466194462,2.0283322601416613,2.8396651641983257,0.6954282034771411,22.36960721184804,0.7533805537669027,0.1738570508692852,1.5067611075338054,0.7533805537669027,31.062459755312297,2.2601416613007084,0.463618802318094,0.0579523502897617,2.5499034127495173,0.0579523502897617,0.0,0.0579523502897617,0.0,4.983902124919511,2.31809401159047,MF,,midfield,1
Felix Nmecha,de GER,MF,Dortmund,de Bundesliga,23.0,2000.0,26,19,1509,16.8,4,1,5,4,0,0,1.3,1.3,1.1,2.4,0.15,18,6,33.3,1.07,0.36,0.22,0.67,0.07,794,903,87.9,14123,3259,1.1,14,91,12,0,6,0,4,9,85,32,1.91,6,0.36,34,22,6,19,9,54.5,23,57,30,12,1,1083,54,19,17,65.4,632,21,4,19,14,782,27,3,0,0,22,2,1,1,0,85,23,53.5,0.2385685884691848,0.0596421471172962,0.2982107355864811,0.2385685884691848,0.0775347912524851,0.0775347912524851,0.0656063618290258,0.1431411530815109,0.0089463220675944,1.073558648111332,0.3578528827037773,47.3558648111332,53.856858846918485,842.3260437375747,194.3737574552684,0.0656063618290258,0.8349900596421471,5.427435387673956,0.7157057654075546,0.0,0.3578528827037773,0.0,0.2385685884691848,0.536779324055666,5.069582504970179,2.027833001988072,1.312127236580517,0.3578528827037773,1.1332007952286285,0.536779324055666,1.371769383697813,3.3996023856858844,1.7892644135188869,0.7157057654075546,64.5924453280318,3.220675944333996,1.1332007952286285,1.013916500994036,37.693836978131216,1.252485089463221,0.2385685884691848,1.1332007952286285,0.8349900596421471,46.64015904572564,1.610337972166998,0.1789264413518886,0.0,1.312127236580517,0.1192842942345924,0.0596421471172962,0.0596421471172962,0.0,5.069582504970179,1.371769383697813,MF,,midfield,1
Antonio Nusa,no NOR,"MF,DF",RB Leipzig,de Bundesliga,19.0,2005.0,25,16,1558,17.3,3,3,6,3,0,0,1.6,1.6,2.8,4.4,0.26,24,7,29.2,1.39,0.4,0.13,0.43,0.07,420,566,74.2,5993,1905,2.6,20,31,20,6,35,1,8,1,52,41,2.37,5,0.29,30,17,16,9,5,50.0,8,38,11,16,0,802,19,54,39,45.3,480,57,26,38,31,557,123,0,0,0,14,4,0,1,0,78,6,28.6,0.1732991014120667,0.1732991014120667,0.3465982028241335,0.1732991014120667,0.0924261874197689,0.0924261874197689,0.1617458279845956,0.2541720154043646,0.0150192554557124,1.386392811296534,0.4043645699614891,24.261874197689345,32.69576379974326,346.193838254172,110.04492939666238,0.1501925545571245,1.1553273427471118,1.7907573812580233,1.1553273427471118,0.3465982028241335,2.021822849807445,0.0577663671373555,0.4621309370988446,0.0577663671373555,3.0038510911424905,1.7329910141206677,0.9820282413350448,0.9242618741976892,0.5198973042362003,0.2888318356867779,0.4621309370988446,2.1951219512195124,0.6354300385109114,0.9242618741976892,46.328626444159184,1.0975609756097562,3.1193838254172017,2.252888318356868,27.727856225930683,3.292682926829268,1.5019255455712452,2.1951219512195124,1.7907573812580233,32.17586649550706,7.105263157894736,0.0,0.0,0.8087291399229782,0.2310654685494223,0.0,0.0577663671373555,0.0,4.505776636713736,0.3465982028241335,MF,DF,midfield,4
Rabby Nzingoula,cg CGO,MF,Montpellier,fr Ligue 1,18.0,2005.0,27,20,1689,18.8,1,0,1,1,0,0,1.0,1.0,1.6,2.6,0.14,19,6,31.6,1.01,0.32,0.05,0.17,0.06,454,592,76.7,7468,1487,1.2,8,32,6,0,16,2,7,2,40,35,1.92,0,0.0,64,42,26,31,7,46.6,29,93,23,27,0,850,38,23,25,48.1,454,25,6,33,23,503,38,11,0,0,37,6,0,0,0,99,17,45.9,0.0532859680284191,0.0,0.0532859680284191,0.0532859680284191,0.0532859680284191,0.0532859680284191,0.0852575488454707,0.1385435168738898,0.0074600355239786,1.0124333925399644,0.3197158081705151,24.191829484902307,31.54529307282416,397.9396092362345,79.23623445825932,0.063943161634103,0.4262877442273534,1.7051509769094138,0.3197158081705151,0.0,0.8525754884547069,0.1065719360568383,0.3730017761989342,0.1065719360568383,2.131438721136768,3.4103019538188275,2.238010657193606,1.3854351687388988,1.6518650088809943,0.3730017761989342,1.5452930728241565,4.9555950266429845,1.2255772646536414,1.4387211367673178,45.29307282415631,2.024866785079929,1.2255772646536414,1.3321492007104796,24.191829484902307,1.3321492007104796,0.3197158081705151,1.7584369449378332,1.2255772646536414,26.802841918294853,2.024866785079929,0.586145648312611,0.0,1.97158081705151,0.3197158081705151,0.0,0.0,0.0,5.275310834813499,0.9058614564831262,MF,,midfield,1
Christian Nørgaard,dk DEN,MF,Brentford,eng Premier League,30.0,1994.0,34,34,2819,31.3,5,4,9,5,0,0,4.3,4.3,1.3,5.6,0.18,39,15,38.5,1.25,0.48,0.13,0.33,0.11,1164,1427,81.6,19339,6409,1.4,18,137,27,4,17,0,4,5,154,58,1.85,13,0.42,79,49,37,35,7,59.3,49,128,70,25,1,1802,176,57,7,50.0,826,14,4,34,20,1075,42,8,1,0,44,2,0,0,0,193,49,62.0,0.1596310748492373,0.1277048598793898,0.2873359347286272,0.1596310748492373,0.137282724370344,0.137282724370344,0.0415040794608017,0.1787868038311457,0.0057467186945725,1.245122383824051,0.478893224547712,37.162114224902446,45.55870876197233,617.42107130188,204.6151117417524,0.0446967009577864,0.5746718694572543,4.373891450869103,0.8620078041858815,0.1277048598793898,0.5427456544874069,0.0,0.1277048598793898,0.1596310748492373,4.91663710535651,2.5221709826179497,1.5643845335225257,1.1812699538843563,1.117417523944661,0.2234835047889322,1.5643845335225257,4.086555516140475,2.234835047889322,0.7981553742461865,57.53103937566513,5.6190138346931535,1.8197942532813056,0.2234835047889322,26.371053565094005,0.4469670095778645,0.1277048598793898,1.0854913089748135,0.6385242993969492,34.32068109258602,1.3409010287335934,0.2554097197587797,0.0319262149698474,1.4047534586732884,0.0638524299396949,0.0,0.0,0.0,6.161759489180561,1.5643845335225257,MF,,midfield,1
Matt O'Riley,dk DEN,MF,Brighton,eng Premier League,23.0,2000.0,21,11,938,10.4,2,2,4,1,1,1,2.8,2.0,2.4,4.4,0.5,21,6,28.6,2.01,0.58,0.05,0.17,0.1,316,413,76.5,5018,1362,2.0,21,30,8,1,51,36,2,2,38,40,3.84,5,0.48,16,9,4,8,4,30.8,13,29,9,15,1,525,20,47,8,61.5,275,22,8,19,4,307,52,1,0,0,16,1,1,0,1,29,5,38.5,0.1918976545842217,0.1918976545842217,0.3837953091684435,0.0959488272921108,0.2686567164179104,0.1918976545842217,0.230277185501066,0.4221748400852879,0.0479744136460554,2.014925373134328,0.5756929637526652,30.319829424307034,39.62686567164179,481.4712153518124,130.682302771855,0.1918976545842217,2.014925373134328,2.878464818763326,0.767590618336887,0.0959488272921108,4.893390191897655,3.454157782515992,0.1918976545842217,0.1918976545842217,3.646055437100213,1.535181236673774,0.863539445628998,0.3837953091684435,0.767590618336887,0.3837953091684435,1.2473347547974414,2.7825159914712154,0.863539445628998,1.439232409381663,50.373134328358205,1.9189765458422172,4.509594882729211,0.767590618336887,26.385927505330493,2.11087420042644,0.767590618336887,1.8230277185501067,0.3837953091684435,29.45628997867804,4.9893390191897655,0.0959488272921108,0.0,1.535181236673774,0.0959488272921108,0.0959488272921108,0.0,0.0959488272921108,2.7825159914712154,0.4797441364605543,MF,,midfield,0
Jens Odgaard,dk DEN,"MF,FW",Bologna,it Serie A,25.0,1999.0,29,24,1952,21.7,6,1,7,6,0,0,3.6,3.6,1.8,5.4,0.25,49,22,44.9,2.26,1.01,0.12,0.27,0.07,374,500,74.8,5524,1386,1.4,16,34,15,3,24,5,2,2,50,45,2.08,6,0.28,20,14,3,12,5,28.6,9,29,12,22,1,759,11,68,15,28.3,454,35,12,56,33,548,99,1,0,0,42,4,0,0,0,70,43,41.0,0.2766393442622951,0.0461065573770491,0.3227459016393442,0.2766393442622951,0.165983606557377,0.165983606557377,0.0829918032786885,0.2489754098360656,0.0115266393442622,2.25922131147541,1.014344262295082,17.243852459016395,23.05327868852459,254.69262295081967,63.903688524590166,0.0645491803278688,0.7377049180327869,1.567622950819672,0.6915983606557377,0.1383196721311475,1.1065573770491803,0.2305327868852459,0.0922131147540983,0.0922131147540983,2.305327868852459,0.9221311475409836,0.6454918032786885,0.1383196721311475,0.5532786885245902,0.2305327868852459,0.4149590163934426,1.337090163934426,0.5532786885245902,1.014344262295082,34.994877049180324,0.507172131147541,3.135245901639344,0.6915983606557377,20.932377049180328,1.6137295081967211,0.5532786885245902,2.581967213114754,1.521516393442623,25.266393442622952,4.564549180327869,0.0461065573770491,0.0,1.9364754098360653,0.1844262295081967,0.0,0.0,0.0,3.2274590163934427,1.9825819672131149,MF,FW,midfield,4
Dani Olmo,es ESP,"MF,FW",Barcelona,es La Liga,26.0,1998.0,25,13,1212,13.5,10,3,13,8,2,2,6.5,4.9,3.0,7.9,0.7,40,15,37.5,2.97,1.11,0.2,0.53,0.12,520,641,81.1,7634,2216,3.7,26,49,29,1,21,11,11,6,81,66,4.9,12,0.89,16,11,8,5,3,28.6,3,19,11,18,1,797,18,77,23,51.1,505,33,7,35,26,662,97,1,0,0,21,5,3,0,0,46,9,50.0,0.7425742574257425,0.2227722772277227,0.9653465346534652,0.594059405940594,0.4826732673267326,0.3638613861386139,0.2227722772277227,0.5866336633663367,0.0519801980198019,2.97029702970297,1.113861386138614,38.61386138613861,47.5990099009901,566.8811881188119,164.55445544554453,0.2747524752475248,1.9306930693069304,3.6386138613861374,2.1534653465346536,0.0742574257425742,1.5594059405940597,0.8168316831683169,0.8168316831683169,0.4455445544554455,6.014851485148515,1.188118811881188,0.8168316831683169,0.594059405940594,0.3712871287128712,0.2227722772277227,0.2227722772277227,1.4108910891089108,0.8168316831683169,1.3366336633663365,59.18316831683168,1.3366336633663365,5.717821782178218,1.707920792079208,37.5,2.4504950495049505,0.5198019801980198,2.599009900990099,1.9306930693069304,49.15841584158416,7.202970297029703,0.0742574257425742,0.0,1.5594059405940597,0.3712871287128712,0.2227722772277227,0.0,0.0,3.415841584158416,0.6683168316831682,MF,FW,midfield,0
Ado Onaiwu,jp JPN,"MF,FW",Auxerre,fr Ligue 1,28.0,1995.0,31,9,957,10.6,4,1,5,4,0,0,4.0,4.0,1.1,5.1,0.47,23,14,60.9,2.16,1.32,0.17,0.29,0.18,241,329,73.3,3189,813,1.1,10,21,9,4,7,0,1,0,33,28,2.63,1,0.09,11,7,2,6,3,28.6,3,14,12,14,0,458,9,30,11,44.0,268,17,4,29,22,346,74,1,1,0,9,2,0,0,0,45,37,58.7,0.3761755485893417,0.0940438871473354,0.4702194357366771,0.3761755485893417,0.3761755485893417,0.3761755485893417,0.1034482758620689,0.4796238244514106,0.0442006269592476,2.1630094043887147,1.316614420062696,22.66457680250784,30.940438871473354,299.90595611285266,76.4576802507837,0.1034482758620689,0.9404388714733544,1.974921630094044,0.8463949843260189,0.3761755485893417,0.658307210031348,0.0,0.0940438871473354,0.0,3.103448275862069,1.0344827586206895,0.658307210031348,0.1880877742946708,0.5642633228840125,0.2821316614420062,0.2821316614420062,1.316614420062696,1.128526645768025,1.316614420062696,43.07210031347962,0.8463949843260189,2.8213166144200623,1.0344827586206895,25.203761755485893,1.5987460815047023,0.3761755485893417,2.7272727272727275,2.0689655172413794,32.53918495297806,6.959247648902821,0.0940438871473354,0.0940438871473354,0.8463949843260189,0.1880877742946708,0.0,0.0,0.0,4.231974921630094,3.4796238244514104,MF,FW,midfield,4
Amadou Onana,be BEL,MF,Aston Villa,eng Premier League,22.0,2001.0,26,20,1617,18.0,3,0,3,3,0,0,2.1,2.1,0.7,2.8,0.16,17,6,35.3,0.95,0.33,0.18,0.5,0.12,703,802,87.7,11058,2897,0.8,10,69,12,2,2,0,3,0,75,32,1.78,4,0.22,55,30,23,26,6,55.2,26,81,41,11,3,998,71,23,14,70.0,553,29,1,11,9,671,16,4,0,0,32,0,0,0,0,72,32,60.4,0.1669758812615955,0.0,0.1669758812615955,0.1669758812615955,0.1168831168831168,0.1168831168831168,0.0389610389610389,0.1558441558441558,0.0089053803339517,0.9461966604823748,0.3339517625231911,39.12801484230055,44.63821892393321,615.4730983302412,161.2430426716141,0.0445269016697588,0.5565862708719852,3.8404452690166977,0.6679035250463822,0.111317254174397,0.111317254174397,0.0,0.1669758812615955,0.0,4.174397031539888,3.0612244897959187,1.6697588126159555,1.2801484230055655,1.447124304267161,0.3339517625231911,1.447124304267161,4.50834879406308,2.282003710575139,0.6122448979591837,55.54730983302412,3.951762523191095,1.2801484230055655,0.7792207792207793,30.779220779220783,1.614100185528757,0.0556586270871985,0.6122448979591837,0.5009276437847866,37.3469387755102,0.8905380333951763,0.222634508348794,0.0,1.781076066790353,0.0,0.0,0.0,0.0,4.007421150278293,1.781076066790353,MF,,midfield,1
Frank Onyeka,ng NGA,MF,Augsburg,de Bundesliga,26.0,1998.0,31,30,2586,28.7,0,1,1,0,0,0,1.4,1.4,1.3,2.7,0.09,24,6,25.0,0.84,0.21,0.0,0.0,0.06,852,1019,83.6,13719,3131,2.0,17,70,12,5,20,2,2,1,106,50,1.74,4,0.14,58,45,22,28,8,55.0,36,94,36,25,2,1339,60,37,18,33.3,754,46,8,49,34,815,71,8,0,0,47,5,0,0,0,147,16,43.2,0.0,0.0348027842227378,0.0348027842227378,0.0,0.0487238979118329,0.0487238979118329,0.0452436194895591,0.0939675174013921,0.0031322505800464,0.8352668213457076,0.2088167053364269,29.651972157772622,35.464037122969835,477.45939675174014,108.9675174013921,0.0696055684454756,0.5916473317865429,2.4361948955916475,0.4176334106728538,0.1740139211136891,0.6960556844547564,0.0696055684454756,0.0696055684454756,0.0348027842227378,3.689095127610209,2.0185614849187936,1.566125290023202,0.765661252900232,0.974477958236659,0.2784222737819025,1.2529002320185614,3.271461716937355,1.2529002320185614,0.8700696055684455,46.60092807424594,2.088167053364269,1.2877030162412992,0.6264501160092807,26.24129930394432,1.6009280742459395,0.2784222737819025,1.705336426914153,1.183294663573086,28.364269141531324,2.4709976798143853,0.2784222737819025,0.0,1.6357308584686776,0.1740139211136891,0.0,0.0,0.0,5.11600928074246,0.5568445475638051,MF,,midfield,2
Aimar Oroz,es ESP,MF,Osasuna,es La Liga,22.0,2001.0,37,35,2966,33.0,5,4,9,4,1,1,4.2,3.5,2.9,6.5,0.22,47,15,31.9,1.43,0.46,0.09,0.27,0.08,924,1128,81.9,14880,3661,3.5,41,91,36,5,29,5,9,7,163,92,2.79,8,0.24,35,19,16,13,6,30.4,20,55,10,30,0,1432,13,73,49,48.5,913,74,17,58,55,1038,142,8,0,0,28,4,0,0,0,164,18,45.0,0.1517194875252865,0.1213755900202292,0.2730950775455158,0.1213755900202292,0.1274443695212407,0.1062036412677006,0.0879973027646662,0.1972353337828725,0.0066756574511126,1.4261631827376935,0.4551584625758598,28.03776129467296,34.22791638570465,451.5171948752528,111.08900876601484,0.1062036412677006,1.24409979770735,2.7612946729602155,1.0923803101820633,0.1517194875252865,0.8799730276466622,0.1517194875252865,0.2730950775455158,0.2124072825354012,4.946055293324342,1.062036412677006,0.576534052596089,0.4855023600809171,0.394470667565745,0.1820633850303439,0.6068779501011463,1.6689143627781522,0.3034389750505731,0.9103169251517196,43.45246122724208,0.394470667565745,2.215104517869184,1.4868509777478085,27.70397842211733,2.2454484153742413,0.5158462575859744,1.7599460552933244,1.6689143627781522,31.496965610249497,4.308833445718139,0.2427511800404585,0.0,0.8496291301416049,0.1213755900202292,0.0,0.0,0.0,4.9763991908294,0.5461901550910316,MF,,midfield,4
Patrick Osterhage,de GER,MF,Freiburg,de Bundesliga,24.0,2000.0,30,27,2267,25.2,1,0,1,1,0,0,1.7,1.7,1.4,3.1,0.12,21,3,14.3,0.83,0.12,0.05,0.33,0.08,858,1025,83.7,12951,2657,2.1,16,71,13,1,20,0,0,4,73,41,1.63,4,0.16,45,29,16,27,2,46.7,18,63,37,24,0,1259,45,35,11,40.7,636,26,4,26,20,800,50,6,1,1,25,4,0,0,0,106,31,46.3,0.0397000441111601,0.0,0.0397000441111601,0.0397000441111601,0.0674900749889722,0.0674900749889722,0.0555800617556241,0.1230701367445963,0.0047640052933392,0.8337009263343627,0.1191001323334803,34.06263784737539,40.69254521393913,514.1552712836348,105.48301720335246,0.0833700926334362,0.6352007057785619,2.8187031318923688,0.5161005734450816,0.0397000441111601,0.7940008822232025,0.0,0.0,0.1588001764446404,2.898103220114689,1.7865019850022057,1.1513012792236437,0.6352007057785619,1.0719011910013234,0.0794000882223202,0.7146007940008822,2.501102779003088,1.468901632112925,0.952801058667843,49.9823555359506,1.7865019850022057,1.3895015438906042,0.4367004852227613,25.24922805469784,1.0322011468901633,0.1588001764446404,1.0322011468901633,0.7940008822232025,31.760035288928098,1.985002205558006,0.2382002646669607,0.0397000441111601,0.992501102779003,0.1588001764446404,0.0,0.0,0.0,4.208204675782973,1.2307013674459637,MF,,midfield,2
Elisha Owusu,gh GHA,MF,Auxerre,fr Ligue 1,26.0,1997.0,28,28,2344,26.0,1,3,4,1,0,0,0.4,0.4,1.0,1.4,0.05,7,3,42.9,0.27,0.12,0.14,0.33,0.05,693,847,81.8,11213,2794,0.6,14,53,6,1,8,0,0,10,78,33,1.27,5,0.19,73,41,29,39,5,64.6,42,115,35,13,1,1097,46,5,9,39.1,521,8,2,26,24,566,33,7,0,0,49,0,0,1,1,154,16,38.1,0.03839590443686,0.1151877133105802,0.1535836177474402,0.03839590443686,0.015358361774744,0.015358361774744,0.03839590443686,0.053754266211604,0.001919795221843,0.2687713310580205,0.1151877133105802,26.608361774744026,32.52133105802048,430.533276450512,107.27815699658704,0.023037542662116,0.537542662116041,2.034982935153584,0.2303754266211604,0.03839590443686,0.3071672354948805,0.0,0.0,0.3839590443686007,2.9948805460750854,2.8029010238907848,1.5742320819112627,1.113481228668942,1.497440273037543,0.1919795221843003,1.6126279863481228,4.415529010238908,1.3438566552901023,0.4991467576791809,42.120307167235495,1.766211604095563,0.1919795221843003,0.3455631399317406,20.004266211604097,0.3071672354948805,0.0767918088737201,0.9982935153583616,0.9215017064846416,21.7320819112628,1.2670648464163825,0.2687713310580205,0.0,1.8813993174061432,0.0,0.0,0.03839590443686,0.03839590443686,5.912969283276451,0.6143344709897611,MF,,midfield,1
Exequiel Palacios,ar ARG,MF,Leverkusen,de Bundesliga,25.0,1998.0,24,11,1155,12.8,1,6,7,1,0,0,1.5,1.5,2.3,3.8,0.3,13,8,61.5,1.01,0.62,0.08,0.13,0.12,922,1023,90.1,13196,3782,2.4,28,97,19,2,4,1,11,2,97,47,3.67,9,0.7,22,15,8,10,4,55.6,13,35,15,15,1,1144,19,12,8,66.7,660,15,1,17,20,901,40,2,0,0,9,0,0,0,0,76,1,11.1,0.0779220779220779,0.4675324675324675,0.5454545454545454,0.0779220779220779,0.1168831168831168,0.1168831168831168,0.1792207792207792,0.2961038961038961,0.0233766233766233,1.012987012987013,0.6233766233766234,71.84415584415584,79.71428571428571,1028.2597402597405,294.7012987012987,0.187012987012987,2.1818181818181817,7.558441558441558,1.4805194805194806,0.1558441558441558,0.3116883116883117,0.0779220779220779,0.8571428571428572,0.1558441558441558,7.558441558441558,1.7142857142857144,1.168831168831169,0.6233766233766234,0.7792207792207793,0.3116883116883117,1.012987012987013,2.7272727272727275,1.168831168831169,1.168831168831169,89.14285714285714,1.4805194805194806,0.935064935064935,0.6233766233766234,51.42857142857142,1.168831168831169,0.0779220779220779,1.324675324675325,1.5584415584415583,70.20779220779221,3.116883116883117,0.1558441558441558,0.0,0.7012987012987013,0.0,0.0,0.0,0.0,5.922077922077922,0.0779220779220779,MF,,midfield,3
Isaac Palazón Camacho,es ESP,"MF,FW",Rayo Vallecano,es La Liga,29.0,1994.0,35,25,2162,24.0,4,4,8,4,0,0,4.7,4.7,4.4,9.2,0.38,61,18,29.5,2.54,0.75,0.07,0.22,0.08,783,1015,77.1,13214,3942,4.7,48,77,19,4,111,92,13,6,117,110,4.57,5,0.21,22,17,10,6,6,23.5,8,30,13,23,1,1285,12,43,25,37.9,716,30,7,54,43,913,123,5,0,0,39,9,0,0,0,102,18,31.0,0.1665124884366327,0.1665124884366327,0.3330249768732655,0.1665124884366327,0.1956521739130435,0.1956521739130435,0.183163737280296,0.3829787234042553,0.0158186864014801,2.5393154486586496,0.7493061979648474,32.59481961147086,42.25254394079556,550.0740055504162,164.09805735430157,0.1956521739130435,1.998149861239593,3.2053654024051803,0.7909343200740055,0.1665124884366327,4.620721554116559,3.829787234042553,0.5411655874190564,0.2497687326549491,4.870490286771508,0.91581868640148,0.7076780758556892,0.4162812210915819,0.2497687326549491,0.2497687326549491,0.3330249768732655,1.2488436632747455,0.5411655874190564,0.9574468085106382,53.49213691026827,0.4995374653098982,1.790009250693802,1.0407030527289547,29.805735430157263,1.2488436632747455,0.2913968547641073,2.247918593894542,1.790009250693802,38.00647548566143,5.120259019426457,0.2081406105457909,0.0,1.6234967622571692,0.3746530989824237,0.0,0.0,0.0,4.246068455134135,0.7493061979648474,MF,FW,midfield,0
Cole Palmer,eng ENG,"MF,FW",Chelsea,eng Premier League,22.0,2002.0,37,36,3191,35.5,15,8,23,11,4,5,17.3,13.3,10.9,24.2,0.79,121,44,36.4,3.41,1.24,0.09,0.25,0.11,1140,1480,77.0,21582,5611,9.1,87,163,64,17,144,75,22,14,214,202,5.7,15,0.42,34,20,12,10,12,44.4,11,45,20,48,1,1851,23,144,51,45.1,1173,120,41,71,37,1366,187,7,0,0,15,8,1,0,0,106,2,22.2,0.4230648699467251,0.22563459730492,0.6486994672516453,0.3102475712942651,0.4879348166718897,0.3751175180194297,0.3074271388279536,0.6825446568473833,0.0222814164838608,3.4127232842369164,1.2409902851770604,32.152930115951115,41.742400501410216,608.7057348793481,158.25446568473834,0.2566593544343466,2.4537762456910057,4.597304920087747,1.8050767784393609,0.4794735192729552,4.0614227514885615,2.115324349733626,0.6204951425885302,0.3948605452836101,6.035725477906612,0.9589470385459103,0.5640864932623002,0.3384518959573801,0.2820432466311501,0.3384518959573801,0.3102475712942651,1.2691946098401754,0.5640864932623002,1.3538075838295205,52.20620495142589,0.6486994672516453,4.0614227514885615,1.4384205578188656,33.08367282983391,3.384518959573801,1.1563773111877154,2.0025070510811656,1.043560012535255,38.5271074898151,5.2742087120025065,0.197430272641805,0.0,0.4230648699467251,0.22563459730492,0.028204324663115,0.0,0.0,2.989658414290191,0.05640864932623,MF,FW,midfield,0
Lucas Paquetá,br BRA,"MF,FW",West Ham,eng Premier League,26.0,1997.0,33,27,2380,26.4,4,0,4,2,2,2,5.3,3.7,3.1,6.8,0.32,39,3,7.7,1.47,0.11,0.05,0.67,0.1,1126,1456,77.3,18683,6014,3.3,36,132,44,4,29,4,18,12,155,82,3.1,6,0.23,66,37,25,30,11,49.1,18,84,37,26,6,1796,62,59,21,44.7,921,26,2,54,51,1268,85,10,0,0,53,5,0,1,0,149,48,45.7,0.1512605042016807,0.0,0.1512605042016807,0.0756302521008403,0.2004201680672269,0.1399159663865546,0.1172268907563025,0.2571428571428571,0.0121008403361344,1.4747899159663866,0.1134453781512605,42.57983193277311,55.05882352941177,706.5,227.42016806722688,0.1247899159663865,1.361344537815126,4.991596638655462,1.6638655462184877,0.1512605042016807,1.096638655462185,0.1512605042016807,0.680672268907563,0.453781512605042,5.861344537815127,2.495798319327731,1.399159663865546,0.9453781512605044,1.134453781512605,0.4159663865546218,0.680672268907563,3.176470588235294,1.399159663865546,0.9831932773109244,67.91596638655462,2.3445378151260505,2.23109243697479,0.7941176470588235,34.82773109243698,0.9831932773109244,0.0756302521008403,2.042016806722689,1.9285714285714288,47.94957983193277,3.214285714285714,0.3781512605042016,0.0,2.004201680672269,0.1890756302521008,0.0,0.0378151260504201,0.0,5.634453781512605,1.8151260504201685,MF,FW,midfield,3
Leandro Paredes,ar ARG,MF,Roma,it Serie A,30.0,1994.0,22,15,1373,15.3,3,1,4,1,2,2,2.3,0.7,1.5,2.2,0.25,24,7,29.2,1.57,0.46,0.04,0.14,0.03,1105,1256,88.0,21192,6511,1.6,21,110,15,3,57,37,6,11,106,48,3.15,2,0.13,26,14,9,12,5,50.0,19,45,33,10,2,1381,78,5,3,100.0,826,17,0,6,1,996,14,4,0,0,15,0,0,1,0,83,9,81.8,0.1966496722505462,0.065549890750182,0.2621995630007283,0.065549890750182,0.1507647487254187,0.0458849235251274,0.0983248361252731,0.1442097596504006,0.0163874726875455,1.57319737800437,0.4588492352512745,72.4326292789512,82.33066278222869,1389.1332847778588,426.7953386744355,0.1048798252002913,1.3765477057538238,7.210487982520029,0.9832483612527312,0.1966496722505462,3.736343772760379,2.425345957756737,0.3932993445010925,0.721048798252003,6.948288419519301,1.7042971595047345,0.917698470502549,0.5899490167516388,0.786598689002185,0.3277494537509104,1.2454479242534595,2.9497450837581938,2.163146394756009,0.6554989075018208,90.52439912600148,5.112891478514202,0.3277494537509104,0.1966496722505462,54.1442097596504,1.1143481427530957,0.0,0.3932993445010925,0.065549890750182,65.28769118718135,0.917698470502549,0.2621995630007283,0.0,0.9832483612527312,0.0,0.0,0.065549890750182,0.0,5.440640932265112,0.5899490167516388,MF,,midfield,3
Daniel Parejo,es ESP,MF,Villarreal,es La Liga,35.0,1989.0,36,26,2273,25.3,3,3,6,2,1,2,2.5,0.8,1.8,2.7,0.17,12,2,16.7,0.48,0.08,0.17,1.0,0.07,1354,1548,87.5,25577,7819,1.9,23,176,17,3,37,35,3,14,176,77,3.05,12,0.48,52,40,27,20,5,53.7,24,76,40,12,1,1732,90,12,8,66.7,898,19,0,17,13,1200,26,8,0,0,20,1,0,0,0,142,24,72.7,0.1187857457105147,0.1187857457105147,0.2375714914210294,0.0791904971403431,0.0989881214254289,0.0316761988561372,0.0712714474263088,0.1069071711394632,0.0067311922569291,0.4751429828420589,0.0791904971403431,53.61196656401231,61.29344478662561,1012.7276726792784,309.5952485701716,0.075230972283326,0.9106907171139462,6.968763748350199,0.6731192256929168,0.1187857457105147,1.4650241970963485,1.3858336999560052,0.1187857457105147,0.5543334799824021,6.968763748350199,2.058952925648922,1.5838099428068633,1.0690717113946326,0.7919049714034316,0.1979762428508579,0.9502859656841178,3.00923889133304,1.5838099428068633,0.4751429828420589,68.57897052353718,3.5635723713154417,0.4751429828420589,0.3167619885613726,35.55653321601408,0.75230972283326,0.0,0.6731192256929168,0.5147382314122305,47.5142982842059,1.029476462824461,0.3167619885613726,0.0,0.7919049714034316,0.0395952485701715,0.0,0.0,0.0,5.622525296964365,0.9502859656841178,MF,,midfield,3
Thomas Partey,gh GHA,"MF,DF",Arsenal,eng Premier League,31.0,1993.0,35,31,2797,31.1,4,2,6,4,0,0,2.3,2.3,2.1,4.3,0.14,26,9,34.6,0.84,0.29,0.15,0.44,0.09,1678,1920,87.4,26697,7155,2.6,20,168,33,2,12,0,6,4,185,62,2.0,13,0.42,89,53,26,39,24,60.5,35,124,49,13,4,2193,74,33,24,68.6,1256,36,3,24,17,1561,48,4,0,0,45,1,0,0,0,138,28,50.9,0.1287093314265284,0.0643546657132642,0.1930639971397926,0.1287093314265284,0.0740078655702538,0.0740078655702538,0.0675723989989274,0.138362531283518,0.0045048265999284,0.8366106542724348,0.2895959957096889,53.99356453342868,61.78047908473364,859.0382552735074,230.22881658920272,0.0836610654272434,0.6435466571326421,5.4057919199141935,1.0618519842688594,0.0643546657132642,0.3861279942795853,0.0,0.1930639971397926,0.1287093314265284,5.95280657847694,2.8637826242402573,1.7053986414015017,0.8366106542724348,1.254915981408652,0.7722559885591705,1.1262066499821235,3.989989274222381,1.5766893099749733,0.4183053271362174,70.5648909545942,2.381122631390776,1.0618519842688594,0.7722559885591705,40.41473006792992,1.158383982838756,0.0965319985698963,0.7722559885591705,0.5470146585627458,50.22881658920272,1.544511977118341,0.1287093314265284,0.0,1.4479799785484448,0.0321773328566321,0.0,0.0,0.0,4.440471934215231,0.900965319985699,MF,DF,midfield,1
Mario Pašalić,hr CRO,MF,Atalanta,it Serie A,29.0,1995.0,34,23,1967,21.9,3,4,7,3,0,1,6.6,5.8,3.3,9.1,0.45,45,11,24.4,2.06,0.5,0.07,0.27,0.13,1198,1373,87.3,21236,6027,2.2,32,132,24,1,11,2,3,8,149,71,3.25,9,0.41,26,16,11,13,2,42.3,12,38,28,12,1,1580,46,70,5,27.8,1048,44,6,24,22,1212,68,1,0,0,19,0,0,0,0,112,30,50.8,0.1372648703609557,0.183019827147941,0.3202846975088967,0.1372648703609557,0.3019827147941027,0.2653787493645145,0.1509913573970513,0.4163701067615658,0.0205897305541433,2.0589730554143366,0.5033045246568378,54.814438230808335,62.82155566853076,971.6522623284188,275.7651245551601,0.1006609049313675,1.464158617183528,6.039654295882054,1.0981189628876462,0.0457549567869852,0.5033045246568378,0.0915099135739705,0.1372648703609557,0.366039654295882,6.817488561260802,1.1896288764616167,0.7320793085917641,0.5033045246568378,0.5948144382308084,0.0915099135739705,0.5490594814438231,1.7386883579054395,1.281138790035587,0.5490594814438231,72.2928317234367,2.104728012201322,3.2028469750889683,0.2287747839349262,47.95119471276056,2.013218098627352,0.2745297407219115,1.0981189628876462,1.0066090493136757,55.45500762582613,3.1113370615149973,0.0457549567869852,0.0,0.8693441789527199,0.0,0.0,0.0,0.0,5.124555160142348,1.3726487036095576,MF,,midfield,3
Aleksandar Pavlovic,de GER,MF,Bayern Munich,de Bundesliga,20.0,2004.0,21,18,1451,16.1,1,0,1,1,0,0,0.6,0.6,0.2,0.8,0.05,9,4,44.4,0.56,0.25,0.11,0.25,0.06,1437,1541,93.3,22476,5374,1.9,7,169,13,1,5,0,5,6,128,30,1.86,3,0.19,38,21,13,15,10,68.8,5,43,14,9,0,1648,17,11,5,100.0,1035,15,3,13,2,1401,33,2,0,0,17,0,0,0,0,72,12,54.5,0.062026188835286,0.0,0.062026188835286,0.062026188835286,0.0372157133011716,0.0372157133011716,0.0124052377670572,0.0496209510682288,0.0031013094417643,0.5582356995175741,0.248104755341144,89.131633356306,95.58235699517574,1394.1006202618885,333.328738800827,0.1178497587870434,0.434183321847002,10.482425913163336,0.8063404548587182,0.062026188835286,0.31013094417643,0.0,0.31013094417643,0.372157133011716,7.939352170916609,2.356995175740868,1.3025499655410062,0.8063404548587182,0.9303928325292902,0.6202618883528601,0.31013094417643,2.6671261199172984,0.8683666436940041,0.5582356995175741,102.21915920055132,1.0544452101998625,0.6822880771881461,0.31013094417643,64.19710544452101,0.9303928325292902,0.186078566505858,0.8063404548587182,0.124052377670572,86.8986905582357,2.046864231564438,0.124052377670572,0.0,1.0544452101998625,0.0,0.0,0.0,0.0,4.465885596140593,0.7443142660234321,MF,,midfield,3
Martín Payero,ar ARG,MF,Udinese,it Serie A,25.0,1998.0,25,16,1381,15.3,1,1,2,1,0,0,1.2,1.2,1.3,2.5,0.16,31,5,16.1,2.02,0.33,0.03,0.2,0.04,353,454,77.8,6081,1375,1.1,15,46,8,6,39,17,2,5,51,51,3.32,5,0.33,24,16,4,14,6,50.0,13,37,13,12,0,649,12,26,30,42.9,368,33,6,27,13,390,44,5,0,0,35,10,1,2,0,75,21,51.2,0.0651701665459811,0.0651701665459811,0.1303403330919623,0.0651701665459811,0.0782041998551774,0.0782041998551774,0.0847212165097755,0.1629254163649529,0.0104272266473569,2.0202751629254165,0.3258508327299058,23.005068790731357,29.58725561187545,396.2997827661116,89.6089790007241,0.0716871832005792,0.9775524981897176,2.9978276611151338,0.5213613323678493,0.391020999275887,2.541636495293265,1.10789283128168,0.1303403330919623,0.3258508327299058,3.32367849384504,1.5640839971035485,1.0427226647356986,0.2606806661839246,0.9123823316437364,0.391020999275887,0.8472121650977553,2.411296162201304,0.8472121650977553,0.7820419985517741,42.29543808834178,0.7820419985517741,1.6944243301955106,1.9551049963794356,23.98262128892107,2.1506154960173784,0.391020999275887,1.7595944967414916,0.8472121650977553,25.416364952932657,2.8674873280231714,0.3258508327299058,0.0,2.280955829109341,0.6517016654598117,0.0651701665459811,0.1303403330919623,0.0,4.887762490948588,1.3685734974656047,MF,,midfield,4
Nicolás Paz,ar ARG,"MF,FW",Como,it Serie A,19.0,2004.0,35,30,2687,29.9,6,8,14,6,0,1,9.3,8.5,6.0,14.5,0.51,109,37,33.9,3.65,1.24,0.06,0.16,0.08,992,1231,80.6,13933,3946,3.9,54,116,38,2,41,22,15,3,163,144,4.82,16,0.54,51,33,18,26,7,47.1,21,72,16,29,0,1683,21,85,69,51.1,1093,77,16,101,45,1265,171,6,0,0,47,6,0,1,0,118,31,57.4,0.200967621883141,0.2679568291775214,0.4689244510606624,0.200967621883141,0.3114998139188686,0.2847041310011164,0.200967621883141,0.4856717528842575,0.0170822478600669,3.6509117975437286,1.2393003349460363,33.226646818012654,41.231857089691104,466.6803126163007,132.16970599181244,0.1306289542240417,1.8087085969482692,3.885374023074061,1.272794938593227,0.0669892072943803,1.3732787495347971,0.7368812802381839,0.5024190547078526,0.1004838109415705,5.459620394491998,1.708224786006699,1.1053219203572755,0.6029028656494231,0.8708596948269445,0.2344622255303312,0.7033866765909937,2.4116114625976923,0.5359136583550428,0.9713435057685152,56.371417938221065,0.7033866765909937,2.8470413100111647,2.3111276516561223,36.60960178637886,2.5790844808336435,0.5359136583550428,3.382954968366208,1.507257164123558,42.37067361369557,5.72757722366952,0.200967621883141,0.0,1.5742463714179382,0.200967621883141,0.0,0.0334946036471901,0.0,3.95236323036844,1.0383327130628954,MF,FW,midfield,0
Pedri,es ESP,MF,Barcelona,es La Liga,21.0,2002.0,37,35,2879,32.0,4,5,9,4,0,0,2.2,2.2,7.4,9.6,0.3,25,11,44.0,0.78,0.34,0.16,0.36,0.09,2404,2749,87.4,40804,10163,9.0,70,331,79,4,58,41,27,16,360,165,5.16,17,0.53,61,34,14,38,9,34.3,26,87,21,43,1,3060,37,50,40,65.6,2012,92,8,48,35,2389,136,3,0,0,10,4,0,0,0,254,7,53.8,0.1250434178534213,0.1563042723167766,0.2813476901701979,0.1250434178534213,0.0687738798193817,0.0687738798193817,0.2313303230288294,0.3001042028482112,0.0093782563390066,0.7815213615838833,0.3438693990969086,75.15109412990621,85.9360889197638,1275.5679055227508,317.70406391108025,0.2813476901701979,2.1882598124348736,10.347342827370616,2.4696075026050712,0.1250434178534213,1.8131295588746088,1.2816950329975685,0.844043070510594,0.5001736714136853,11.25390760680792,1.9069121222646752,1.0628690517540813,0.4376519624869746,1.1879124696075023,0.2813476901701979,0.8127822160472387,2.7196943383119137,0.656477943730462,1.3442167419242792,95.65821465786732,1.1566516151441473,1.5630427231677666,1.2504341785342132,62.89683918027093,2.8759986106286903,0.2500868357068426,1.500521014241056,1.0941299062174368,74.68218131295589,4.251476207016325,0.0937825633900659,0.0,0.3126085446335533,0.1250434178534213,0.0,0.0,0.0,7.940257033692255,0.2188259812434873,MF,,midfield,3
Lorenzo Pellegrini,it ITA,MF,Roma,it Serie A,28.0,1996.0,25,20,1626,18.1,2,1,3,1,1,1,4.7,3.9,2.5,6.4,0.4,41,13,31.7,2.27,0.72,0.02,0.08,0.1,519,653,79.5,8369,1865,2.7,27,35,19,0,49,36,5,0,61,60,3.32,5,0.28,24,16,5,13,6,42.1,6,30,22,13,0,825,21,53,11,40.7,463,27,5,26,16,589,82,4,0,0,26,2,0,0,0,61,10,33.3,0.1107011070110701,0.055350553505535,0.1660516605166051,0.055350553505535,0.2601476014760148,0.2158671586715867,0.1383763837638376,0.3542435424354244,0.022140221402214,2.269372693726937,0.7195571955719556,28.72693726937269,36.14391143911439,463.22878228782287,103.22878228782288,0.1494464944649446,1.4944649446494465,1.937269372693727,1.051660516605166,0.0,2.7121771217712176,1.9926199261992616,0.2767527675276753,0.0,3.376383763837638,1.328413284132841,0.8856088560885609,0.2767527675276753,0.7195571955719556,0.3321033210332103,0.3321033210332103,1.6605166051660516,1.2177121771217714,0.7195571955719556,45.664206642066425,1.1623616236162362,2.9335793357933584,0.6088560885608857,25.62730627306273,1.4944649446494465,0.2767527675276753,1.4391143911439113,0.8856088560885609,32.601476014760145,4.538745387453874,0.2214022140221402,0.0,1.4391143911439113,0.1107011070110701,0.0,0.0,0.0,3.376383763837638,0.5535055350553506,MF,,midfield,4
Peque,es ESP,"MF,FW",Sevilla,es La Liga,21.0,2002.0,26,14,1134,12.6,1,1,2,1,0,0,2.5,2.5,1.2,3.7,0.29,19,4,21.1,1.51,0.32,0.05,0.25,0.13,279,349,79.9,4138,852,0.9,12,25,6,1,10,4,5,0,35,32,2.54,3,0.24,16,5,4,10,2,41.2,8,24,5,13,0,485,3,35,11,42.3,266,14,1,23,26,346,44,1,0,0,22,3,0,1,0,41,8,23.5,0.0793650793650793,0.0793650793650793,0.1587301587301587,0.0793650793650793,0.1984126984126984,0.1984126984126984,0.0952380952380952,0.2936507936507936,0.023015873015873,1.507936507936508,0.3174603174603174,22.142857142857142,27.6984126984127,328.41269841269843,67.61904761904762,0.0714285714285714,0.9523809523809524,1.984126984126984,0.4761904761904761,0.0793650793650793,0.7936507936507936,0.3174603174603174,0.3968253968253968,0.0,2.7777777777777777,1.2698412698412698,0.3968253968253968,0.3174603174603174,0.7936507936507936,0.1587301587301587,0.6349206349206349,1.9047619047619049,0.3968253968253968,1.0317460317460316,38.49206349206349,0.238095238095238,2.7777777777777777,0.873015873015873,21.11111111111111,1.1111111111111112,0.0793650793650793,1.8253968253968251,2.0634920634920637,27.46031746031746,3.492063492063492,0.0793650793650793,0.0,1.746031746031746,0.238095238095238,0.0,0.0793650793650793,0.0,3.253968253968254,0.6349206349206349,MF,FW,midfield,4
Andreas Pereira,br BRA,MF,Fulham,eng Premier League,28.0,1996.0,33,25,2013,22.4,2,4,6,2,0,1,3.8,3.0,4.6,7.6,0.38,38,8,21.1,1.7,0.36,0.05,0.25,0.08,670,970,69.1,12139,3902,4.6,57,67,19,4,171,109,5,8,104,104,4.65,8,0.36,24,13,8,11,5,23.8,8,32,17,26,3,1148,22,46,14,46.7,578,29,9,29,22,676,81,7,0,0,28,4,1,0,0,100,13,36.1,0.0894187779433681,0.1788375558867362,0.2682563338301043,0.0894187779433681,0.1698956780923994,0.1341281669150521,0.2056631892697466,0.3397913561847988,0.0169895678092399,1.6989567809239945,0.3576751117734724,29.955290611028317,43.36810730253353,542.7272727272727,174.4560357675112,0.2056631892697466,2.548435171385991,2.995529061102832,0.8494783904619971,0.1788375558867362,7.645305514157973,4.873323397913562,0.2235469448584202,0.3576751117734724,4.649776453055142,1.073025335320417,0.5812220566318927,0.3576751117734724,0.4918032786885246,0.2235469448584202,0.3576751117734724,1.4307004470938898,0.760059612518629,1.1624441132637855,51.3263785394933,0.9836065573770492,2.0566318926974665,0.6259314456035767,25.842026825633383,1.2965722801788375,0.4023845007451564,1.2965722801788375,0.9836065573770492,30.22354694485842,3.621460506706408,0.3129657228017883,0.0,1.2518628912071534,0.1788375558867362,0.044709388971684,0.0,0.0,4.470938897168406,0.5812220566318927,MF,,midfield,0
Carles Pérez,es ESP,"MF,FW",Getafe,es La Liga,26.0,1998.0,27,15,1431,15.9,3,0,3,3,0,0,2.4,2.4,1.5,3.9,0.24,34,9,26.5,2.14,0.57,0.09,0.33,0.07,226,336,67.3,3455,818,1.3,17,17,14,8,42,7,2,0,20,40,2.52,1,0.06,33,23,11,14,8,43.8,6,39,22,11,0,551,16,44,21,42.0,298,31,9,37,20,327,77,2,0,0,44,3,0,0,0,50,13,32.5,0.1886792452830188,0.0,0.1886792452830188,0.1886792452830188,0.1509433962264151,0.1509433962264151,0.0943396226415094,0.2452830188679245,0.0150943396226415,2.138364779874214,0.5660377358490566,14.21383647798742,21.13207547169812,217.29559748427675,51.44654088050315,0.0817610062893081,1.069182389937107,1.069182389937107,0.8805031446540881,0.5031446540880503,2.6415094339622645,0.440251572327044,0.1257861635220125,0.0,1.2578616352201255,2.0754716981132075,1.4465408805031448,0.6918238993710691,0.8805031446540881,0.5031446540880503,0.3773584905660377,2.452830188679245,1.3836477987421385,0.6918238993710691,34.65408805031446,1.0062893081761006,2.767295597484277,1.3207547169811322,18.74213836477988,1.9496855345911948,0.5660377358490566,2.3270440251572326,1.2578616352201255,20.56603773584905,4.8427672955974845,0.1257861635220125,0.0,2.767295597484277,0.1886792452830188,0.0,0.0,0.0,3.1446540880503147,0.8176100628930817,MF,FW,midfield,4
Kike Pérez,es ESP,MF,Venezia,it Serie A,27.0,1997.0,16,13,1114,12.4,1,0,1,1,0,0,0.9,0.9,1.2,2.1,0.17,13,7,53.8,1.05,0.57,0.08,0.14,0.07,475,635,74.8,8317,3029,1.5,16,61,13,3,49,30,2,5,60,31,2.5,2,0.16,41,25,18,12,11,40.9,10,51,15,15,0,793,29,10,13,46.4,443,18,2,24,22,474,31,4,0,0,31,0,0,0,0,71,14,46.7,0.0807899461400359,0.0,0.0807899461400359,0.0807899461400359,0.0727109515260323,0.0727109515260323,0.096947935368043,0.1696588868940754,0.0137342908438061,1.0502692998204668,0.5655296229802513,38.37522441651706,51.3016157989228,671.9299820466787,244.71274685816877,0.1211849192100538,1.2926391382405746,4.92818671454219,1.0502692998204668,0.2423698384201077,3.95870736086176,2.423698384201077,0.1615798922800718,0.4039497307001795,4.847396768402154,3.312387791741472,2.0197486535008977,1.4542190305206462,0.9694793536804308,0.8886894075403949,0.8078994614003591,4.120287253141831,1.2118491921005383,1.2118491921005383,64.06642728904848,2.342908438061041,0.8078994614003591,1.0502692998204668,35.78994614003591,1.4542190305206462,0.1615798922800718,1.9389587073608616,1.77737881508079,38.29443447037702,2.504488330341113,0.3231597845601436,0.0,2.504488330341113,0.0,0.0,0.0,0.0,5.73608617594255,1.131059245960503,MF,,midfield,1
Kike Pérez,es ESP,MF,Valladolid,es La Liga,27.0,1997.0,19,14,1191,13.2,2,0,2,2,0,0,2.1,2.1,1.0,3.1,0.24,20,4,20.0,1.51,0.3,0.1,0.5,0.11,440,564,78.0,8065,2480,1.1,17,47,5,0,33,18,2,13,67,36,2.72,1,0.08,37,26,15,19,3,57.7,7,44,18,7,0,723,19,18,8,36.4,344,19,4,25,13,441,28,6,0,0,32,2,0,0,0,60,12,44.4,0.1511335012594458,0.0,0.1511335012594458,0.1511335012594458,0.1586901763224181,0.1586901763224181,0.0755667506297229,0.234256926952141,0.0181360201511335,1.5113350125944585,0.3022670025188916,33.249370277078086,42.61964735516373,609.4458438287153,187.40554156171285,0.0831234256926952,1.2846347607052897,3.551637279596977,0.3778337531486146,0.0,2.4937027707808563,1.3602015113350123,0.1511335012594458,0.982367758186398,5.062972292191436,2.795969773299748,1.964735516372796,1.1335012594458438,1.4357682619647354,0.2267002518891687,0.5289672544080605,3.3249370277078087,1.3602015113350123,0.5289672544080605,54.63476070528967,1.4357682619647354,1.3602015113350123,0.6045340050377833,25.994962216624685,1.4357682619647354,0.3022670025188916,1.889168765743073,0.982367758186398,33.324937027707804,2.115869017632242,0.4534005037783375,0.0,2.4181360201511333,0.1511335012594458,0.0,0.0,0.0,4.534005037783375,0.906801007556675,MF,,midfield,1
Gaëtan Perrin,fr FRA,"MF,FW",Auxerre,fr Ligue 1,28.0,1996.0,34,31,2691,29.9,10,11,21,10,0,0,6.1,6.1,7.8,13.9,0.47,59,26,44.1,1.97,0.87,0.17,0.38,0.1,728,1031,70.6,13238,4768,4.7,73,87,34,7,162,110,9,12,142,125,4.18,18,0.6,49,26,22,12,15,43.8,12,61,4,43,1,1327,6,98,60,47.2,798,83,37,46,63,888,125,2,0,0,24,3,0,0,0,124,3,18.8,0.334448160535117,0.3678929765886288,0.7023411371237458,0.334448160535117,0.2040133779264213,0.2040133779264213,0.2608695652173913,0.4648829431438127,0.0157190635451505,1.9732441471571904,0.8695652173913043,24.34782608695652,34.48160535117057,442.742474916388,159.4648829431438,0.157190635451505,2.441471571906354,2.9096989966555187,1.137123745819398,0.2341137123745819,5.418060200668896,3.678929765886288,0.3010033444816054,0.4013377926421405,4.749163879598663,1.6387959866220734,0.8695652173913043,0.7357859531772576,0.4013377926421405,0.5016722408026756,0.4013377926421405,2.040133779264214,0.1337792642140468,1.4381270903010035,44.381270903010034,0.2006688963210702,3.2775919732441468,2.0066889632107023,26.68896321070234,2.7759197324414715,1.2374581939799332,1.5384615384615383,2.1070234113712374,29.698996655518396,4.180602006688963,0.0668896321070234,0.0,0.802675585284281,0.1003344481605351,0.0,0.0,0.0,4.147157190635451,0.1003344481605351,MF,FW,midfield,0
Máximo Perrone,ar ARG,MF,Como,it Serie A,21.0,2003.0,26,20,1857,20.6,0,3,3,0,0,0,0.9,0.9,2.2,3.1,0.15,10,2,20.0,0.48,0.1,0.0,0.0,0.09,1214,1343,90.4,19177,6168,1.7,30,97,16,0,4,1,7,6,98,49,2.37,4,0.19,38,27,19,14,5,34.2,20,58,43,14,0,1502,62,15,3,37.5,934,16,1,20,16,1165,19,6,0,0,26,1,0,0,0,96,11,44.0,0.0,0.1453957996768982,0.1453957996768982,0.0,0.0436187399030694,0.0436187399030694,0.1066235864297253,0.1502423263327948,0.0072697899838449,0.4846526655896607,0.0969305331179321,58.83683360258482,65.08885298869144,929.4184168012924,298.93376413570275,0.0823909531502423,1.4539579967689822,4.701130856219709,0.7754442649434572,0.0,0.1938610662358643,0.048465266558966,0.3392568659127625,0.2907915993537964,4.749596122778676,1.8416801292407108,1.308562197092084,0.9208400646203554,0.6785137318255251,0.2423263327948303,0.9693053311793216,2.8109854604200324,2.0840064620355414,0.6785137318255251,72.79483037156704,3.0048465266558964,0.7269789983844911,0.1453957996768982,45.26655896607432,0.7754442649434572,0.048465266558966,0.9693053311793216,0.7754442649434572,56.46203554119548,0.9208400646203554,0.2907915993537964,0.0,1.260096930533118,0.048465266558966,0.0,0.0,0.0,4.652665589660743,0.5331179321486268,MF,,midfield,3
Kalvin Phillips,eng ENG,MF,Ipswich Town,eng Premier League,28.0,1995.0,19,14,1237,13.7,0,0,0,0,0,0,0.4,0.4,0.2,0.7,0.05,11,2,18.2,0.8,0.15,0.0,0.0,0.04,436,551,79.1,8581,2474,0.5,5,49,6,1,20,11,1,6,51,17,1.24,3,0.22,35,19,8,20,7,38.5,19,54,37,9,2,739,61,5,5,41.7,310,4,0,25,10,394,4,6,1,1,28,0,0,0,0,68,7,24.1,0.0,0.0,0.0,0.0,0.0291026677445432,0.0291026677445432,0.0145513338722716,0.0509296685529506,0.0036378334680679,0.8003233629749394,0.1455133387227162,31.72190784155214,40.08892481810833,624.324979789814,180.0,0.036378334680679,0.3637833468067906,3.565076798706548,0.4365400161681488,0.0727566693613581,1.4551333872271626,0.8003233629749394,0.0727566693613581,0.4365400161681488,3.7105901374292647,2.5464834276475345,1.3823767178658044,0.582053354890865,1.4551333872271626,0.5092966855295068,1.3823767178658044,3.9288601455133385,2.691996766370251,0.6548100242522231,53.76717865804365,4.438156831042845,0.3637833468067906,0.3637833468067906,22.55456750202102,0.2910266774454325,0.0,1.8189167340339527,0.7275666936135813,28.6661277283751,0.2910266774454325,0.4365400161681488,0.0727566693613581,2.037186742118027,0.0,0.0,0.0,0.0,4.947453516572352,0.5092966855295068,MF,,midfield,1
Balthazar Pierret,fr FRA,MF,Lecce,it Serie A,24.0,2000.0,30,21,1723,19.1,0,0,0,0,0,0,0.2,0.2,0.4,0.6,0.03,6,0,0.0,0.31,0.0,0.0,,0.03,696,833,83.6,10978,3431,0.6,10,80,5,1,9,4,0,7,82,39,2.04,0,0.0,51,31,25,23,3,43.3,19,70,31,6,1,1020,61,13,13,54.2,512,13,1,25,10,635,13,2,0,0,34,2,0,1,0,93,27,45.0,0.0,0.0,0.0,0.0,0.0104468949506674,0.0104468949506674,0.0208937899013348,0.0313406848520023,0.0015670342426001,0.3134068485200232,0.0,36.35519442832269,43.51131746952989,573.4300638421358,179.21648287869994,0.0313406848520023,0.522344747533372,4.178757980266976,0.261172373766686,0.0522344747533372,0.4701102727800348,0.2089378990133488,0.0,0.3656413232733604,4.28322692977365,2.663958212420197,1.6192687173534537,1.30586186883343,1.2013929193267556,0.1567034242600116,0.9924550203134068,3.656413232733605,1.6192687173534537,0.3134068485200232,53.27916424840395,3.186302959953569,0.6790481717933836,0.6790481717933836,26.744051073708647,0.6790481717933836,0.0522344747533372,1.30586186883343,0.522344747533372,33.168891468369125,0.6790481717933836,0.1044689495066744,0.0,1.7759721416134648,0.1044689495066744,0.0,0.0522344747533372,0.0,4.85780615206036,1.4103308183401049,MF,,midfield,1
Yeremi Pino,es ESP,"MF,FW",Villarreal,es La Liga,21.0,2002.0,34,25,1934,21.5,4,7,11,4,0,0,3.9,3.9,5.3,9.2,0.43,29,8,27.6,1.35,0.37,0.14,0.5,0.13,523,708,73.9,7895,2225,3.8,37,35,32,8,47,1,6,1,66,67,3.12,11,0.51,60,32,20,32,8,49.2,8,68,18,43,0,986,30,104,25,43.1,565,42,21,52,23,668,213,11,0,0,49,3,1,0,0,93,12,42.9,0.1861427094105481,0.3257497414684591,0.5118924508790073,0.1861427094105481,0.1814891416752843,0.1814891416752843,0.2466390899689762,0.4281282316442605,0.0200103412616339,1.3495346432264737,0.3722854188210962,24.338159255429165,32.94725956566701,367.3991726990693,103.54188210961738,0.1768355739400207,1.72182006204757,1.6287487073422957,1.489141675284385,0.3722854188210962,2.1871768355739403,0.046535677352637,0.2792140641158221,0.046535677352637,3.071354705274043,2.792140641158221,1.489141675284385,0.9307135470527405,1.489141675284385,0.3722854188210962,0.3722854188210962,3.1644260599793173,0.8376421923474664,2.001034126163392,45.8841778697001,1.3960703205791107,4.8397104446742505,1.1633919338159255,26.29265770423992,1.954498448810755,0.9772492244053776,2.419855222337125,1.0703205791106516,31.08583247156153,9.912099276111686,0.5118924508790073,0.0,2.280248190279214,0.139607032057911,0.046535677352637,0.0,0.0,4.327817993795243,0.5584281282316442,MF,FW,midfield,4
Niccolò Pisilli,it ITA,MF,Roma,it Serie A,19.0,2004.0,28,11,1227,13.6,2,1,3,2,0,0,2.7,2.7,0.7,3.4,0.25,27,7,25.9,1.98,0.51,0.07,0.29,0.1,471,564,83.5,7869,1905,1.0,10,67,8,2,10,1,3,3,63,35,2.57,5,0.37,24,11,11,8,5,54.5,11,35,16,7,0,718,19,34,5,35.7,389,22,6,27,15,507,44,7,0,0,19,3,0,0,0,58,3,12.5,0.1466992665036674,0.0733496332518337,0.2200488997555012,0.1466992665036674,0.1980440097799511,0.1980440097799511,0.0513447432762836,0.2493887530562347,0.0183374083129584,1.9804400977995111,0.5134474327628362,34.54767726161369,41.36919315403423,577.1882640586797,139.73105134474326,0.0733496332518337,0.7334963325183373,4.914425427872861,0.5867970660146699,0.1466992665036674,0.7334963325183373,0.0733496332518337,0.2200488997555012,0.2200488997555012,4.621026894865525,1.7603911980440097,0.8068459657701711,0.8068459657701711,0.5867970660146699,0.3667481662591687,0.8068459657701711,2.567237163814181,1.1735941320293397,0.5134474327628362,52.66503667481663,1.3936430317848412,2.493887530562347,0.3667481662591687,28.53300733496333,1.6136919315403422,0.4400977995110024,1.9804400977995111,1.1002444987775062,37.18826405867971,3.2273838630806844,0.5134474327628362,0.0,1.3936430317848412,0.2200488997555012,0.0,0.0,0.0,4.254278728606357,0.2200488997555012,MF,,midfield,2
Alassane Pléa,fr FRA,"MF,FW",Gladbach,de Bundesliga,31.0,1993.0,30,24,1902,21.1,11,4,15,10,1,1,7.4,6.6,3.1,9.8,0.5,41,12,29.3,1.94,0.57,0.24,0.83,0.16,573,795,72.1,9118,3029,3.3,25,80,35,8,45,1,15,8,116,72,3.41,14,0.66,7,3,0,2,5,30.8,2,9,7,40,1,979,3,77,17,39.5,601,51,14,40,22,773,141,3,0,0,17,5,1,0,0,66,15,31.9,0.5205047318611987,0.1892744479495268,0.7097791798107255,0.473186119873817,0.3501577287066246,0.3123028391167192,0.1466876971608832,0.4637223974763407,0.0236593059936908,1.94006309148265,0.5678233438485805,27.11356466876972,37.61829652996845,431.4511041009464,143.3280757097792,0.1561514195583596,1.1829652996845426,3.785488958990536,1.6561514195583595,0.3785488958990536,2.1293375394321767,0.0473186119873817,0.7097791798107255,0.3785488958990536,5.488958990536278,0.3312302839116719,0.1419558359621451,0.0,0.0946372239747634,0.2365930599369085,0.0946372239747634,0.4258675078864353,0.3312302839116719,1.892744479495268,46.32492113564669,0.1419558359621451,3.643533123028391,0.804416403785489,28.4384858044164,2.413249211356467,0.6624605678233438,1.892744479495268,1.0410094637223974,36.57728706624606,6.67192429022082,0.1419558359621451,0.0,0.804416403785489,0.2365930599369085,0.0473186119873817,0.0,0.0,3.123028391167193,0.7097791798107255,MF,FW,midfield,4
Tommaso Pobega,it ITA,MF,Bologna,it Serie A,25.0,1999.0,21,13,1178,13.1,2,2,4,2,0,0,2.1,2.0,1.4,3.4,0.27,24,8,33.3,1.83,0.61,0.08,0.25,0.08,384,468,82.1,6373,1664,0.8,12,51,5,3,8,0,1,4,42,27,2.06,4,0.31,33,19,12,15,6,73.3,14,47,16,4,0,608,24,20,3,37.5,293,12,2,13,6,358,23,6,2,1,33,2,1,0,0,45,14,46.7,0.1528013582342954,0.1528013582342954,0.3056027164685908,0.1528013582342954,0.1604414261460102,0.1528013582342954,0.1069609507640067,0.2597623089983022,0.0206281833616298,1.8336162988115448,0.6112054329371817,29.337860780984723,35.75551782682513,486.9015280135823,127.1307300509338,0.0611205432937181,0.9168081494057726,3.896434634974533,0.3820033955857385,0.2292020373514431,0.6112054329371817,0.0,0.0764006791171477,0.3056027164685908,3.208828522920204,2.5212224108658745,1.4516129032258065,0.9168081494057726,1.1460101867572157,0.4584040747028863,1.0696095076400678,3.5908319185059425,1.222410865874363,0.3056027164685908,46.45161290322581,1.8336162988115448,1.528013582342954,0.2292020373514431,22.38539898132428,0.9168081494057726,0.1528013582342954,0.9932088285229204,0.4584040747028863,27.35144312393888,1.757215619694397,0.4584040747028863,0.1528013582342954,2.5212224108658745,0.1528013582342954,0.0764006791171477,0.0,0.0,3.4380305602716468,1.0696095076400678,MF,,midfield,1
Beñat Prados,es ESP,MF,Athletic Club,es La Liga,23.0,2001.0,30,21,1715,19.1,1,0,1,1,0,0,1.0,1.0,1.1,2.1,0.11,16,5,31.3,0.84,0.26,0.06,0.2,0.06,647,789,82.0,10848,2659,1.3,11,70,6,1,9,0,4,3,78,21,1.1,3,0.16,55,36,20,27,8,47.2,28,83,26,10,0,991,33,24,15,50.0,480,20,1,25,20,604,32,7,0,0,40,0,0,0,0,91,29,56.9,0.0524781341107871,0.0,0.0524781341107871,0.0524781341107871,0.0524781341107871,0.0524781341107871,0.0577259475218659,0.110204081632653,0.0057725947521865,0.8396501457725948,0.2623906705539358,33.9533527696793,41.40524781341107,569.2827988338192,139.53935860058309,0.0682215743440233,0.577259475218659,3.6734693877551017,0.314868804664723,0.0524781341107871,0.4723032069970845,0.0,0.2099125364431487,0.1574344023323615,4.093294460641399,2.8862973760932946,1.8892128279883385,1.0495626822157431,1.4169096209912535,0.4198250728862974,1.469387755102041,4.355685131195336,1.3644314868804666,0.5247813411078717,52.00583090379009,1.7317784256559765,1.259475218658892,0.7871720116618076,25.189504373177844,1.0495626822157431,0.0524781341107871,1.3119533527696792,1.0495626822157431,31.69679300291545,1.6793002915451896,0.3673469387755102,0.0,2.0991253644314867,0.0,0.0,0.0,0.0,4.775510204081632,1.521865889212828,MF,,midfield,1
Adrien Rabiot,fr FRA,MF,Marseille,fr Ligue 1,29.0,1995.0,29,27,2485,27.6,9,4,13,9,0,0,7.3,7.3,3.8,11.1,0.4,48,22,45.8,1.74,0.8,0.19,0.41,0.15,1309,1543,84.8,18021,4031,3.8,28,147,24,5,40,0,6,0,168,66,2.39,11,0.4,49,31,17,21,11,59.4,21,70,32,38,0,1822,36,100,26,52.0,1096,79,16,52,31,1445,174,4,0,0,53,2,0,1,0,124,34,56.7,0.3259557344064386,0.1448692152917505,0.4708249496981891,0.3259557344064386,0.2643863179074446,0.2643863179074446,0.1376257545271629,0.4020120724346076,0.014486921529175,1.738430583501006,0.7967806841046277,47.40845070422535,55.88329979879276,652.672032193159,145.99195171026156,0.1376257545271629,1.0140845070422535,5.323943661971831,0.869215291750503,0.1810865191146881,1.4486921529175052,0.0,0.2173038229376257,0.0,6.08450704225352,1.7746478873239435,1.1227364185110664,0.6156941649899397,0.76056338028169,0.3983903420523138,0.76056338028169,2.535211267605634,1.158953722334004,1.3762575452716297,65.98792756539235,1.3038229376257546,3.6217303822937623,0.9416498993963784,39.69416498993964,2.8611670020120723,0.579476861167002,1.8832997987927569,1.1227364185110664,52.33400402414488,6.301810865191147,0.1448692152917505,0.0,1.919517102615694,0.0724346076458752,0.0,0.0362173038229376,0.0,4.490945674044266,1.2313883299798791,MF,,midfield,3
Hamza Rafia,tn TUN,MF,Lecce,it Serie A,25.0,1999.0,18,14,1058,11.8,0,0,0,0,0,0,0.5,0.5,1.4,1.9,0.16,10,2,20.0,0.85,0.17,0.0,0.0,0.05,409,527,77.6,6442,2203,1.3,16,47,15,6,45,25,2,1,51,36,3.06,0,0.0,44,27,14,25,5,46.9,4,48,18,11,1,651,16,12,10,45.5,317,13,2,21,20,411,32,4,0,0,26,1,0,0,0,62,5,27.8,0.0,0.0,0.0,0.0,0.0425330812854442,0.0425330812854442,0.1190926275992438,0.161625708884688,0.0136105860113421,0.8506616257088847,0.1701323251417769,34.79206049149339,44.82986767485822,547.9962192816635,187.40075614366728,0.110586011342155,1.3610586011342156,3.9981096408317582,1.275992438563327,0.5103969754253308,3.827977315689981,2.126654064272212,0.1701323251417769,0.0850661625708884,4.338374291115312,3.742911153119093,2.2967863894139886,1.1909262759924386,2.126654064272212,0.4253308128544423,0.3402646502835539,4.083175803402646,1.5311909262759924,0.9357277882797732,55.37807183364839,1.3610586011342156,1.0207939508506616,0.8506616257088847,26.96597353497164,1.10586011342155,0.1701323251417769,1.7863894139886578,1.7013232514177694,34.96219281663516,2.7221172022684312,0.3402646502835539,0.0,2.2117202268431,0.0850661625708884,0.0,0.0,0.0,5.274102079395085,0.4253308128544423,MF,,midfield,1
Ylber Ramadani,al ALB,MF,Lecce,it Serie A,28.0,1996.0,29,21,1807,20.1,1,1,2,1,0,0,0.6,0.6,1.1,1.7,0.09,17,6,35.3,0.85,0.3,0.06,0.17,0.04,696,848,82.1,12407,3503,0.4,16,52,4,0,6,1,2,4,60,35,1.74,4,0.2,51,28,24,27,0,63.5,24,75,26,10,3,1038,64,8,13,54.2,537,9,2,21,22,651,7,4,0,0,18,0,0,0,0,117,15,37.5,0.0498063087991145,0.0498063087991145,0.0996126175982291,0.0498063087991145,0.0298837852794687,0.0298837852794687,0.054786939679026,0.0846707249584947,0.0044825677919203,0.8467072495849475,0.2988378527946873,34.66519092418373,42.23574986164914,617.9468732706143,174.47149972329828,0.0199225235196458,0.7969009407858328,2.589928057553957,0.1992252351964582,0.0,0.2988378527946873,0.0498063087991145,0.0996126175982291,0.1992252351964582,2.9883785279468733,2.540121748754842,1.3945766463752076,1.195351411178749,1.3447703375760929,0.0,1.195351411178749,3.735473159933592,1.2949640287769786,0.4980630879911455,51.6989485334809,3.1876037631433314,0.3984504703929164,0.6474820143884893,26.74598782512452,0.4482567791920309,0.0996126175982291,1.0459324847814055,1.09573879358052,32.423907028223574,0.3486441615938019,0.1992252351964582,0.0,0.8965135583840619,0.0,0.0,0.0,0.0,5.827338129496403,0.7470946319867183,MF,,midfield,1
Tijjani Reijnders,nl NED,MF,Milan,it Serie A,26.0,1998.0,37,36,3128,34.8,10,4,14,10,0,0,7.5,7.5,3.5,11.0,0.32,77,28,36.4,2.22,0.81,0.13,0.36,0.1,1355,1549,87.5,22565,6476,3.6,47,135,56,2,46,31,14,3,230,117,3.37,10,0.29,26,13,6,14,6,38.5,38,64,28,16,2,1863,41,82,36,50.7,1214,111,29,36,32,1390,121,2,1,0,28,3,1,0,0,125,5,25.0,0.2877237851662404,0.1150895140664961,0.4028132992327365,0.2877237851662404,0.2157928388746803,0.2157928388746803,0.1007033248081841,0.3164961636828644,0.0092071611253196,2.2154731457800514,0.8056265984654731,38.98657289002557,44.56841432225064,649.2487212276216,186.3299232736573,0.1035805626598465,1.35230179028133,3.884271099744245,1.6112531969309465,0.057544757033248,1.3235294117647058,0.8919437340153453,0.4028132992327365,0.0863171355498721,6.61764705882353,0.7480818414322251,0.3740409207161125,0.1726342710997442,0.4028132992327365,0.1726342710997442,1.0933503836317136,1.8414322250639388,0.8056265984654731,0.4603580562659847,53.60294117647059,1.1796675191815855,2.3593350383631715,1.0358056265984654,34.929667519181585,3.1937340153452687,0.8343989769820972,1.0358056265984654,0.9207161125319694,39.99360613810742,3.481457800511509,0.057544757033248,0.028772378516624,0.8056265984654731,0.0863171355498721,0.028772378516624,0.0,0.0,3.596547314578005,0.1438618925831202,MF,,midfield,3
Rocco Reitz,de GER,MF,Gladbach,de Bundesliga,22.0,2002.0,27,21,1830,20.3,2,1,3,2,0,0,1.7,1.7,2.1,3.8,0.19,23,7,30.4,1.13,0.34,0.09,0.29,0.07,684,878,77.9,11785,4189,2.2,16,69,16,4,22,0,10,3,91,45,2.21,5,0.25,52,24,24,24,4,55.8,53,105,59,22,2,1199,75,37,17,47.2,614,18,1,25,23,726,30,1,0,0,20,2,0,0,0,94,18,52.9,0.0983606557377049,0.0491803278688524,0.1475409836065573,0.0983606557377049,0.0836065573770491,0.0836065573770491,0.1032786885245901,0.1868852459016393,0.0093442622950819,1.1311475409836067,0.3442622950819672,33.63934426229508,43.18032786885246,579.5901639344263,206.01639344262293,0.1081967213114754,0.7868852459016393,3.39344262295082,0.7868852459016393,0.1967213114754098,1.0819672131147542,0.0,0.4918032786885246,0.1475409836065573,4.475409836065573,2.557377049180328,1.180327868852459,1.180327868852459,1.180327868852459,0.1967213114754098,2.6065573770491803,5.163934426229508,2.901639344262295,1.0819672131147542,58.967213114754095,3.6885245901639343,1.819672131147541,0.8360655737704917,30.196721311475407,0.8852459016393444,0.0491803278688524,1.2295081967213115,1.1311475409836067,35.704918032786885,1.475409836065574,0.0491803278688524,0.0,0.9836065573770492,0.0983606557377049,0.0,0.0,0.0,4.6229508196721305,0.8852459016393444,MF,,midfield,1
Nicolai Remberg,de GER,MF,Holstein Kiel,de Bundesliga,24.0,2000.0,32,26,2417,26.9,0,1,1,0,0,0,1.5,1.5,0.8,2.3,0.09,24,2,8.3,0.89,0.07,0.0,0.0,0.06,756,970,77.9,14270,3495,1.1,9,73,10,3,8,0,2,9,80,30,1.12,3,0.11,45,25,24,17,4,46.3,29,74,100,16,0,1316,121,26,7,28.0,552,25,0,22,18,743,31,11,0,0,43,3,0,0,2,101,86,62.3,0.0,0.0372362432767894,0.0372362432767894,0.0,0.0558543649151841,0.0558543649151841,0.0297889946214315,0.0856433595366156,0.003351261894911,0.8936698386429459,0.0744724865535788,28.150599917252794,36.11915597848572,531.3611915597849,130.14067025237898,0.0409598676044683,0.3351261894911047,2.718245759205627,0.372362432767894,0.1117087298303682,0.2978899462143152,0.0,0.0744724865535788,0.3351261894911047,2.9788994621431524,1.675630947455523,0.9309060819197352,0.8936698386429459,0.6330161357054199,0.1489449731071576,1.079851055026893,2.7554820024824163,3.723624327678941,0.5957798924286305,49.00289615225486,4.505585436491518,0.9681423251965244,0.2606537029375259,20.554406288787757,0.9309060819197352,0.0,0.819197352089367,0.6702523789822094,27.66652875465453,1.1543235415804718,0.4095986760446835,0.0,1.6011584609019445,0.1117087298303682,0.0,0.0,0.0744724865535788,3.7608605709557295,3.202316921803889,MF,,midfield,2
Elvis Rexhbeçaj,xk KVX,MF,Augsburg,de Bundesliga,26.0,1997.0,27,22,1785,19.8,1,1,2,1,0,0,1.4,1.4,1.1,2.5,0.13,29,5,17.2,1.46,0.25,0.03,0.2,0.05,469,670,70.0,7805,2278,2.0,16,39,23,2,71,29,5,5,94,56,2.82,5,0.25,27,19,9,14,4,42.9,16,43,22,37,1,887,36,31,10,31.3,463,31,8,31,25,539,82,8,0,0,13,3,0,0,0,85,10,34.5,0.0504201680672268,0.0504201680672268,0.1008403361344537,0.0504201680672268,0.0705882352941176,0.0705882352941176,0.0554621848739495,0.1260504201680672,0.0065546218487394,1.46218487394958,0.2521008403361344,23.647058823529413,33.78151260504202,393.52941176470586,114.85714285714285,0.1008403361344537,0.8067226890756302,1.9663865546218489,1.1596638655462184,0.1008403361344537,3.579831932773109,1.46218487394958,0.2521008403361344,0.2521008403361344,4.739495798319328,1.361344537815126,0.957983193277311,0.453781512605042,0.7058823529411764,0.2016806722689075,0.8067226890756302,2.1680672268907566,1.1092436974789917,1.865546218487395,44.72268907563026,1.8151260504201685,1.5630252100840336,0.5042016806722689,23.344537815126053,1.5630252100840336,0.4033613445378151,1.5630252100840336,1.2605042016806722,27.176470588235293,4.1344537815126055,0.4033613445378151,0.0,0.6554621848739496,0.1512605042016807,0.0,0.0,0.0,4.285714285714286,0.5042016806722689,MF,,midfield,4
Samuele Ricci,it ITA,MF,Torino,it Serie A,22.0,2001.0,34,34,2825,31.4,1,1,2,1,0,0,1.3,1.3,0.6,1.8,0.06,22,7,31.8,0.7,0.22,0.05,0.14,0.06,1177,1338,88.0,20766,4393,1.2,15,102,13,0,30,9,3,6,116,48,1.53,4,0.13,35,21,15,14,6,64.3,25,60,51,16,2,1589,78,19,6,27.3,960,43,6,35,18,1073,30,8,1,0,38,2,0,0,0,130,14,48.3,0.031858407079646,0.031858407079646,0.063716814159292,0.031858407079646,0.0414159292035398,0.0414159292035398,0.0191150442477876,0.0573451327433628,0.0019115044247787,0.7008849557522124,0.2230088495575221,37.49734513274336,42.62654867256637,661.5716814159292,139.95398230088497,0.0382300884955752,0.4778761061946902,3.2495575221238937,0.4141592920353982,0.0,0.9557522123893804,0.2867256637168142,0.095575221238938,0.1911504424778761,3.695575221238938,1.1150442477876106,0.6690265486725664,0.4778761061946902,0.4460176991150442,0.1911504424778761,0.7964601769911505,1.911504424778761,1.6247787610619469,0.5097345132743363,50.62300884955752,2.484955752212389,0.6053097345132743,0.1911504424778761,30.58407079646017,1.3699115044247787,0.1911504424778761,1.1150442477876106,0.5734513274336284,34.184070796460176,0.9557522123893804,0.2548672566371681,0.031858407079646,1.2106194690265486,0.063716814159292,0.0,0.0,0.0,4.141592920353983,0.4460176991150442,MF,,midfield,2
Declan Rice,eng ENG,MF,Arsenal,eng Premier League,25.0,1999.0,35,33,2825,31.4,4,7,11,4,0,0,3.5,3.5,6.6,10.1,0.32,48,14,29.2,1.53,0.45,0.08,0.29,0.07,1376,1650,83.4,23402,6234,5.6,59,137,35,5,164,108,5,17,192,111,3.54,10,0.32,53,25,22,25,6,41.5,25,78,51,15,0,1948,82,81,14,48.3,1031,90,16,36,32,1266,94,7,1,1,21,5,0,0,0,156,37,59.7,0.127433628318584,0.2230088495575221,0.3504424778761062,0.127433628318584,0.111504424778761,0.111504424778761,0.2102654867256637,0.3217699115044247,0.0101946902654867,1.529203539823009,0.4460176991150442,43.83716814159292,52.56637168141593,745.5504424778761,198.60530973451327,0.1784070796460176,1.879646017699115,4.364601769911504,1.1150442477876106,0.1592920353982301,5.224778761061947,3.44070796460177,0.1592920353982301,0.5415929203539823,6.116814159292036,1.688495575221239,0.7964601769911505,0.7008849557522124,0.7964601769911505,0.1911504424778761,0.7964601769911505,2.484955752212389,1.6247787610619469,0.4778761061946902,62.06017699115044,2.6123893805309737,2.5805309734513275,0.4460176991150442,32.846017699115045,2.8672566371681416,0.5097345132743363,1.1469026548672567,1.0194690265486726,40.332743362831856,2.9946902654867253,0.2230088495575221,0.031858407079646,0.6690265486725664,0.1592920353982301,0.0,0.0,0.0,4.969911504424779,1.1787610619469029,MF,,midfield,0
Amir Richardson,ma MAR,MF,Fiorentina,it Serie A,22.0,2002.0,26,10,1024,11.4,1,1,2,1,0,0,0.9,0.9,0.6,1.5,0.12,11,5,45.5,0.97,0.44,0.09,0.2,0.08,539,615,87.6,8473,1942,0.7,8,46,6,1,5,0,1,2,47,19,1.56,4,0.33,30,13,13,15,2,42.9,6,36,29,8,1,748,35,18,11,57.9,451,19,2,19,10,524,31,6,0,0,30,1,0,0,0,51,19,54.3,0.087890625,0.087890625,0.17578125,0.087890625,0.0791015625,0.0791015625,0.052734375,0.1318359375,0.0105468749999999,0.966796875,0.439453125,47.373046875,54.052734375,744.697265625,170.68359375,0.0615234374999999,0.703125,4.04296875,0.52734375,0.087890625,0.439453125,0.0,0.087890625,0.17578125,4.130859375,2.63671875,1.142578125,1.142578125,1.318359375,0.17578125,0.52734375,3.1640625,2.548828125,0.703125,65.7421875,3.076171875,1.58203125,0.966796875,39.638671875,1.669921875,0.17578125,1.669921875,0.87890625,46.0546875,2.724609375,0.52734375,0.0,2.63671875,0.087890625,0.0,0.0,0.0,4.482421875,1.669921875,MF,,midfield,2
Luis Rioja,es ESP,"MF,FW",Valencia,es La Liga,30.0,1993.0,36,33,2831,31.5,5,3,8,3,2,2,3.3,1.7,4.5,6.2,0.25,28,12,42.9,0.89,0.38,0.11,0.25,0.06,821,1212,67.7,13662,3934,5.5,35,42,60,25,203,56,6,14,103,82,2.61,10,0.32,33,21,14,12,7,33.3,22,55,44,61,1,1505,39,59,43,47.3,816,93,28,42,40,1031,228,6,0,0,18,2,0,0,0,111,15,40.5,0.158954433062522,0.0953726598375132,0.2543270929000353,0.0953726598375132,0.1049099258212645,0.0540445072412575,0.1430589897562698,0.1971034969975273,0.0079477216531261,0.8901448251501237,0.381490639350053,26.100317908866124,38.53055457435535,434.3270929000353,125.06534793359238,0.1748498763687742,1.1126810314376545,1.3352172377251854,1.907453196750265,0.7947721653126104,6.453549982338396,1.7802896503002474,0.1907453196750265,0.4450724125750618,3.2744613210879545,1.0490992582126455,0.6676086188625927,0.4450724125750618,0.381490639350053,0.2225362062875309,0.6993995054750971,1.748498763687743,1.3987990109501942,1.939244083362769,47.845284351819146,1.2398445778876723,1.8756623101377603,1.3670081243376897,25.9413634758036,2.9565524549629107,0.8901448251501237,1.3352172377251854,1.2716354645001766,32.776404097492055,7.248322147651006,0.1907453196750265,0.0,0.5722359590250795,0.0635817732250088,0.0,0.0,0.0,3.52878841398799,0.4768632991875662,MF,FW,midfield,4
Marc Roca,es ESP,MF,Betis,es La Liga,27.0,1996.0,14,11,906,10.1,2,2,4,2,0,0,1.1,1.1,1.0,2.1,0.21,12,4,33.3,1.19,0.4,0.17,0.5,0.09,465,538,86.4,7964,2303,0.5,12,51,6,2,10,1,0,4,59,24,2.38,1,0.1,20,14,10,9,1,52.9,14,34,14,10,2,632,27,19,4,80.0,385,11,0,9,7,427,13,4,0,0,16,0,0,0,0,51,5,27.8,0.1986754966887417,0.1986754966887417,0.3973509933774834,0.1986754966887417,0.1092715231788079,0.1092715231788079,0.0993377483443708,0.2086092715231788,0.0208609271523178,1.1920529801324504,0.3973509933774834,46.192052980132445,53.443708609271525,791.1258278145696,228.7748344370861,0.0496688741721854,1.1920529801324504,5.066225165562914,0.5960264900662252,0.1986754966887417,0.9933774834437088,0.0993377483443708,0.0,0.3973509933774834,5.860927152317881,1.9867549668874172,1.390728476821192,0.9933774834437088,0.8940397350993378,0.0993377483443708,1.390728476821192,3.377483443708609,1.390728476821192,0.9933774834437088,62.78145695364238,2.6821192052980134,1.8874172185430464,0.3973509933774834,38.24503311258278,1.0927152317880795,0.0,0.8940397350993378,0.695364238410596,42.41721854304636,1.2913907284768211,0.3973509933774834,0.0,1.5894039735099337,0.0,0.0,0.0,0.0,5.066225165562914,0.4966887417218543,MF,,midfield,3
Óscar Rodríguez Arnaiz,es ESP,"MF,FW",Leganés,es La Liga,26.0,1998.0,29,12,1330,14.8,1,4,5,1,0,0,2.1,2.1,2.2,4.3,0.29,33,6,18.2,2.23,0.41,0.03,0.17,0.06,400,555,72.1,6923,2124,1.7,19,31,21,7,55,29,4,13,60,48,3.25,9,0.61,32,17,10,16,6,43.8,20,52,20,13,0,749,19,21,21,40.4,381,24,8,34,14,491,66,6,1,0,19,2,1,1,0,56,12,33.3,0.0676691729323308,0.2706766917293233,0.3383458646616541,0.0676691729323308,0.1421052631578947,0.1421052631578947,0.1488721804511278,0.2909774436090225,0.0196240601503759,2.233082706766917,0.406015037593985,27.06766917293233,37.55639097744361,468.4736842105263,143.72932330827066,0.1150375939849624,1.2857142857142856,2.097744360902256,1.4210526315789471,0.4736842105263157,3.721804511278195,1.9624060150375944,0.2706766917293233,0.8796992481203008,4.060150375939849,2.165413533834587,1.150375939849624,0.6766917293233082,1.0827067669172934,0.406015037593985,1.3533834586466165,3.518796992481203,1.3533834586466165,0.8796992481203008,50.68421052631579,1.2857142857142856,1.4210526315789471,1.4210526315789471,25.78195488721804,1.62406015037594,0.5413533834586467,2.300751879699248,0.9473684210526316,33.22556390977444,4.466165413533835,0.406015037593985,0.0676691729323308,1.2857142857142856,0.1353383458646616,0.0676691729323308,0.0676691729323308,0.0,3.789473684210526,0.81203007518797,MF,FW,midfield,1
Damián Rodríguez,es ESP,MF,Celta Vigo,es La Liga,21.0,2003.0,17,10,927,10.3,0,0,0,0,0,0,0.1,0.1,0.8,0.9,0.09,4,0,0.0,0.39,0.0,0.0,,0.03,726,814,89.2,12535,3486,1.4,17,85,4,0,30,31,2,6,71,26,2.52,2,0.19,14,9,3,10,1,37.5,7,21,13,10,0,876,15,4,0,0.0,529,8,0,4,6,680,12,3,0,0,13,0,0,0,0,49,0,0.0,0.0,0.0,0.0,0.0,0.0097087378640776,0.0097087378640776,0.0776699029126213,0.087378640776699,0.0087378640776699,0.3883495145631067,0.0,70.48543689320388,79.02912621359224,1216.990291262136,338.4466019417476,0.1359223300970873,1.6504854368932038,8.25242718446602,0.3883495145631067,0.0,2.912621359223301,3.0097087378640777,0.1941747572815533,0.5825242718446603,6.893203883495145,1.3592233009708738,0.8737864077669902,0.2912621359223301,0.9708737864077672,0.0970873786407766,0.6796116504854369,2.0388349514563107,1.2621359223300972,0.9708737864077672,85.04854368932038,1.4563106796116505,0.3883495145631067,0.0,51.35922330097088,0.7766990291262135,0.0,0.3883495145631067,0.5825242718446603,66.01941747572816,1.1650485436893203,0.2912621359223301,0.0,1.2621359223300972,0.0,0.0,0.0,0.0,4.757281553398058,0.0,MF,,midfield,3
Dani Rodríguez,es ESP,"MF,FW",Mallorca,es La Liga,36.0,1988.0,37,26,2162,24.0,4,7,11,4,0,0,2.8,2.8,3.1,6.0,0.25,31,10,32.3,1.29,0.42,0.13,0.4,0.09,498,715,69.7,8276,2537,3.4,33,42,17,6,116,57,8,8,78,62,2.58,12,0.5,49,29,18,21,10,51.9,12,61,30,17,0,971,27,54,16,47.1,512,37,5,50,46,611,108,5,0,0,51,3,0,0,0,70,27,42.2,0.1665124884366327,0.2913968547641073,0.45790934320074,0.1665124884366327,0.1165587419056429,0.1165587419056429,0.1290471785383903,0.2497687326549491,0.0104070305272895,1.2904717853839038,0.4162812210915819,20.730804810360777,29.764107308048104,344.51433857539314,105.61054579093432,0.1415356151711378,1.3737280296022203,1.7483811285846438,0.7076780758556892,0.2497687326549491,4.8288621646623495,2.3728029602220166,0.3330249768732655,0.3330249768732655,3.2469935245143384,2.0397779833487517,1.2072155411655874,0.7493061979648474,0.8741905642923219,0.4162812210915819,0.4995374653098982,2.5393154486586496,1.2488436632747455,0.7076780758556892,40.4209065679926,1.123959296947271,2.247918593894542,0.666049953746531,21.31359851988899,1.540240518038853,0.2081406105457909,2.0814061054579094,1.9148936170212765,25.43478260869565,4.495837187789084,0.2081406105457909,0.0,2.1230342275670675,0.1248843663274745,0.0,0.0,0.0,2.913968547641073,1.123959296947271,MF,FW,midfield,4
Guido Rodríguez,ar ARG,MF,West Ham,eng Premier League,30.0,1994.0,23,16,1149,12.8,0,1,1,0,0,0,0.2,0.2,0.2,0.4,0.03,8,1,12.5,0.63,0.08,0.0,0.0,0.03,480,569,84.4,8091,2164,0.2,4,37,1,0,5,0,1,5,33,12,0.94,1,0.08,36,19,21,15,0,51.5,13,49,35,13,1,709,54,5,3,50.0,327,4,2,4,7,408,7,6,0,0,18,0,0,0,0,53,11,61.1,0.0,0.0783289817232376,0.0783289817232376,0.0,0.0156657963446475,0.0156657963446475,0.0156657963446475,0.031331592689295,0.0023498694516971,0.6266318537859008,0.0783289817232376,37.59791122715404,44.56919060052219,633.7597911227155,169.50391644908615,0.0156657963446475,0.3133159268929504,2.898172323759791,0.0783289817232376,0.0,0.3916449086161879,0.0,0.0783289817232376,0.3916449086161879,2.584856396866841,2.8198433420365534,1.4882506527415145,1.6449086161879896,1.1749347258485638,0.0,1.0182767624020888,3.8381201044386426,2.741514360313316,1.0182767624020888,55.53524804177546,4.229765013054831,0.3916449086161879,0.2349869451697128,25.61357702349869,0.3133159268929504,0.1566579634464752,0.3133159268929504,0.5483028720626633,31.958224543080934,0.5483028720626633,0.4699738903394256,0.0,1.4099216710182767,0.0,0.0,0.0,0.0,4.151436031331593,0.8616187989556136,MF,,midfield,1
Kirian Rodríguez,es ESP,MF,Las Palmas,es La Liga,28.0,1996.0,21,21,1758,19.5,0,3,3,0,0,0,1.6,1.6,1.5,3.0,0.16,21,8,38.1,1.08,0.41,0.0,0.0,0.08,1026,1204,85.2,16191,4876,1.4,16,106,14,1,18,6,8,4,128,49,2.51,7,0.36,33,17,12,18,3,51.2,10,43,21,15,0,1357,47,15,11,68.8,763,25,0,20,14,1027,39,2,0,0,9,2,0,0,0,100,13,43.3,0.0,0.1535836177474402,0.1535836177474402,0.0,0.0819112627986348,0.0819112627986348,0.0767918088737201,0.1535836177474402,0.0081911262798634,1.075085324232082,0.409556313993174,52.525597269624576,61.6382252559727,828.8907849829352,249.6245733788396,0.0716723549488054,0.8191126279863481,5.426621160409557,0.7167235494880545,0.0511945392491467,0.9215017064846416,0.3071672354948805,0.409556313993174,0.204778156996587,6.552901023890785,1.689419795221843,0.870307167235495,0.6143344709897611,0.9215017064846416,0.1535836177474402,0.5119453924914675,2.2013651877133107,1.075085324232082,0.7679180887372014,69.47098976109216,2.4061433447098977,0.7679180887372014,0.5631399317406144,39.06143344709898,1.2798634812286689,0.0,1.023890784982935,0.7167235494880545,52.57679180887372,1.9965870307167235,0.1023890784982935,0.0,0.4607508532423208,0.1023890784982935,0.0,0.0,0.0,5.119453924914676,0.6655290102389079,MF,,midfield,3
Merlin Röhl,de GER,"MF,FW",Freiburg,de Bundesliga,22.0,2002.0,19,11,965,10.7,0,1,1,0,0,0,0.8,0.8,1.7,2.5,0.23,12,3,25.0,1.12,0.28,0.0,0.0,0.06,190,250,76.0,2824,560,1.1,9,17,4,3,12,0,0,0,22,25,2.33,3,0.28,16,10,4,10,2,81.8,6,22,2,12,0,403,6,28,12,30.0,217,20,9,45,22,256,60,2,0,0,21,2,0,0,0,49,14,29.2,0.0,0.0932642487046632,0.0932642487046632,0.0,0.0746113989637305,0.0746113989637305,0.1585492227979274,0.233160621761658,0.0214507772020725,1.1191709844559583,0.2797927461139896,17.72020725388601,23.3160621761658,263.3782383419689,52.22797927461139,0.1025906735751295,0.8393782383419688,1.5854922279792745,0.3730569948186528,0.2797927461139896,1.1191709844559583,0.0,0.0,0.0,2.051813471502591,1.4922279792746114,0.932642487046632,0.3730569948186528,0.932642487046632,0.1865284974093264,0.5595854922279793,2.051813471502591,0.1865284974093264,1.1191709844559583,37.58549222797927,0.5595854922279793,2.61139896373057,1.1191709844559583,20.23834196891192,1.865284974093264,0.8393782383419688,4.196891191709844,2.051813471502591,23.875647668393785,5.595854922279793,0.1865284974093264,0.0,1.9585492227979275,0.1865284974093264,0.0,0.0,0.0,4.569948186528497,1.305699481865285,MF,FW,midfield,4
Oriol Romeu,es ESP,MF,Girona,es La Liga,32.0,1991.0,25,17,1356,15.1,0,0,0,0,0,0,0.1,0.1,0.3,0.4,0.03,5,1,20.0,0.33,0.07,0.0,0.0,0.03,798,883,90.4,13866,3011,0.7,8,81,2,1,8,0,2,7,73,20,1.33,1,0.07,38,25,14,19,5,53.8,12,50,20,11,4,1032,48,4,4,50.0,600,22,1,13,13,782,8,5,0,0,28,0,0,1,0,71,13,41.9,0.0,0.0,0.0,0.0,0.0066371681415929,0.0066371681415929,0.0199115044247787,0.0265486725663716,0.0019911504424778,0.331858407079646,0.0663716814159292,52.9646017699115,58.60619469026549,920.3097345132744,199.84513274336285,0.0464601769911504,0.5309734513274336,5.376106194690266,0.1327433628318584,0.0663716814159292,0.5309734513274336,0.0,0.1327433628318584,0.4646017699115044,4.845132743362832,2.52212389380531,1.65929203539823,0.9292035398230089,1.261061946902655,0.331858407079646,0.7964601769911505,3.31858407079646,1.327433628318584,0.7300884955752213,68.49557522123894,3.185840707964602,0.2654867256637168,0.2654867256637168,39.823008849557525,1.4601769911504423,0.0663716814159292,0.8628318584070797,0.8628318584070797,51.90265486725664,0.5309734513274336,0.331858407079646,0.0,1.8584070796460177,0.0,0.0,0.0663716814159292,0.0,4.712389380530974,0.8628318584070797,MF,,midfield,1
Valentin Rongier,fr FRA,"MF,DF",Marseille,fr Ligue 1,29.0,1994.0,25,17,1562,17.4,3,1,4,3,0,0,1.0,1.0,1.1,2.1,0.12,14,7,50.0,0.81,0.4,0.21,0.43,0.07,1271,1408,90.3,18466,4560,1.5,11,110,7,0,7,0,1,3,110,35,2.02,6,0.35,50,28,14,31,5,62.8,33,83,28,25,5,1602,51,13,11,68.8,896,25,4,19,17,1226,28,5,0,0,37,1,0,1,0,86,13,54.2,0.1728553137003841,0.057618437900128,0.2304737516005121,0.1728553137003841,0.057618437900128,0.057618437900128,0.0633802816901408,0.1209987195902689,0.0069142125480153,0.8066581306017926,0.4033290653008963,73.23303457106275,81.12676056338029,1063.9820742637644,262.74007682458387,0.086427656850192,0.6338028169014085,6.338028169014085,0.4033290653008963,0.0,0.4033290653008963,0.0,0.057618437900128,0.1728553137003841,6.338028169014085,2.880921895006402,1.6133162612035852,0.8066581306017926,1.7861715749039693,0.2880921895006402,1.9014084507042253,4.782330345710627,1.6133162612035852,1.440460947503201,92.30473751600512,2.93854033290653,0.7490396927016646,0.6338028169014085,51.626120358514726,1.440460947503201,0.2304737516005121,1.094750320102433,0.9795134443021768,70.64020486555698,1.6133162612035852,0.2880921895006402,0.0,2.131882202304737,0.057618437900128,0.0,0.057618437900128,0.0,4.955185659411011,0.7490396927016646,MF,DF,midfield,1
Marten de Roon,nl NED,"MF,DF",Atalanta,it Serie A,33.0,1991.0,36,34,3058,34.0,4,4,8,4,0,0,0.9,0.9,2.3,3.2,0.09,14,4,28.6,0.41,0.12,0.29,1.0,0.06,1950,2258,86.4,36232,11018,2.9,25,236,27,3,28,0,1,17,242,73,2.15,14,0.41,74,48,32,38,4,45.5,47,121,67,17,1,2538,89,19,6,46.2,1475,37,1,24,9,1754,32,5,0,0,48,1,0,0,0,140,46,61.3,0.1177240026160889,0.1177240026160889,0.2354480052321779,0.1177240026160889,0.02648790058862,0.02648790058862,0.0676913015042511,0.0941792020928711,0.002648790058862,0.4120340091563113,0.1177240026160889,57.39045127534336,66.45519947678221,1066.3440156965337,324.270765206017,0.0853499018966644,0.7357750163505559,6.945716154349247,0.7946370176586004,0.0882930019620667,0.8240680183126226,0.0,0.0294310006540222,0.5003270111183781,7.1223021582733805,2.1778940483976457,1.4126880313930674,0.9417920209287116,1.118378024852845,0.1177240026160889,1.383257030739045,3.5611510791366903,1.97187704381949,0.5003270111183781,74.69587965990844,2.619359058207979,0.5591890124264225,0.1765860039241334,43.4107259646828,1.0889470241988228,0.0294310006540222,0.7063440156965337,0.2648790058862001,51.621975147155005,0.9417920209287116,0.1471550032701112,0.0,1.4126880313930674,0.0294310006540222,0.0,0.0,0.0,4.120340091563113,1.353826030085023,MF,DF,midfield,3
Pablo Rosario,do DOM,"MF,DF",Nice,fr Ligue 1,27.0,1997.0,29,21,1775,19.7,3,1,4,2,1,1,3.8,3.0,0.6,3.5,0.22,16,7,43.8,0.81,0.35,0.13,0.29,0.19,641,754,85.0,10685,3770,0.9,16,63,14,1,3,0,3,2,89,35,1.78,2,0.1,30,20,6,19,5,55.0,31,61,43,11,2,950,78,19,9,52.9,473,17,2,20,15,653,25,6,1,0,24,0,0,0,0,60,24,60.0,0.152112676056338,0.0507042253521126,0.2028169014084507,0.1014084507042253,0.1926760563380281,0.152112676056338,0.0304225352112676,0.1774647887323943,0.0111549295774647,0.8112676056338028,0.3549295774647887,32.501408450704226,38.23098591549296,541.774647887324,191.1549295774648,0.0456338028169014,0.8112676056338028,3.1943661971830983,0.7098591549295774,0.0507042253521126,0.152112676056338,0.0,0.152112676056338,0.1014084507042253,4.512676056338028,1.52112676056338,1.0140845070422535,0.3042253521126761,0.9633802816901408,0.2535211267605634,1.5718309859154929,3.0929577464788736,2.1802816901408453,0.5577464788732395,48.16901408450704,3.954929577464789,0.9633802816901408,0.4563380281690141,23.983098591549297,0.8619718309859155,0.1014084507042253,1.0140845070422535,0.76056338028169,33.10985915492958,1.267605633802817,0.3042253521126761,0.0507042253521126,1.2169014084507044,0.0,0.0,0.0,0.0,3.04225352112676,1.2169014084507044,MF,DF,midfield,2
Nicolò Rovella,it ITA,MF,Lazio,it Serie A,22.0,2001.0,33,31,2718,30.2,0,3,3,0,0,0,1.5,1.5,2.2,3.7,0.12,28,8,28.6,0.93,0.26,0.0,0.0,0.06,1862,2078,89.6,34282,8459,2.1,31,174,24,3,37,16,9,16,159,71,2.35,3,0.1,84,50,39,38,7,51.9,47,131,46,11,3,2354,91,16,18,72.0,1451,45,2,22,14,1749,42,13,0,0,43,3,0,0,0,154,11,36.7,0.0,0.0993377483443708,0.0993377483443708,0.0,0.0496688741721854,0.0496688741721854,0.0728476821192053,0.1225165562913907,0.0039735099337748,0.9271523178807948,0.2649006622516556,61.65562913907284,68.80794701986754,1135.1655629139073,280.0993377483444,0.0695364238410596,1.0264900662251657,5.76158940397351,0.7947019867549668,0.0993377483443708,1.225165562913907,0.5298013245033113,0.2980132450331126,0.5298013245033113,5.264900662251656,2.781456953642384,1.6556291390728477,1.2913907284768211,1.2582781456953642,0.2317880794701986,1.5562913907284768,4.337748344370861,1.52317880794702,0.3642384105960265,77.94701986754967,3.013245033112583,0.5298013245033113,0.5960264900662252,48.04635761589404,1.490066225165563,0.0662251655629139,0.728476821192053,0.4635761589403973,57.91390728476821,1.390728476821192,0.4304635761589404,0.0,1.423841059602649,0.0993377483443708,0.0,0.0,0.0,5.099337748344371,0.3642384105960265,MF,,midfield,1
Fabián Ruiz Peña,es ESP,MF,Paris S-G,fr Ligue 1,28.0,1996.0,30,21,1923,21.4,4,5,9,4,0,0,4.3,4.3,4.7,9.0,0.42,43,12,27.9,2.01,0.56,0.09,0.33,0.1,1458,1627,89.6,23743,6285,5.1,36,155,36,3,27,3,7,15,205,89,4.16,14,0.65,37,24,13,15,9,44.7,16,53,27,27,1,1807,47,62,14,70.0,1037,47,8,24,16,1430,92,1,0,0,6,0,0,0,0,135,5,38.5,0.187207488299532,0.2340093603744149,0.421216848673947,0.187207488299532,0.2012480499219968,0.2012480499219968,0.21996879875195,0.421216848673947,0.0196567862714508,2.012480499219969,0.5616224648985959,68.23712948517941,76.14664586583463,1111.216848673947,294.1497659906396,0.2386895475819032,1.684867394695788,7.254290171606864,1.684867394695788,0.1404056162246489,1.263650546021841,0.1404056162246489,0.3276131045241809,0.702028081123245,9.594383775351014,1.7316692667706708,1.1232449297971918,0.608424336973479,0.702028081123245,0.421216848673947,0.748829953198128,2.4804992199687987,1.263650546021841,1.263650546021841,84.57098283931357,2.199687987519501,2.9017160686427457,0.6552262090483619,48.53354134165367,2.199687987519501,0.374414976599064,1.1232449297971918,0.748829953198128,66.9266770670827,4.305772230889236,0.046801872074883,0.0,0.2808112324492979,0.0,0.0,0.0,0.0,6.318252730109204,0.2340093603744149,MF,,midfield,3
Georginio Rutter,fr FRA,"MF,FW",Brighton,eng Premier League,22.0,2002.0,28,19,1656,18.4,5,3,8,5,0,0,4.6,4.6,2.5,7.1,0.39,50,12,24.0,2.72,0.65,0.1,0.42,0.09,237,355,66.8,3344,1174,1.7,19,30,16,1,9,0,12,0,67,64,3.47,8,0.43,39,15,13,18,8,38.9,10,49,13,14,2,641,20,79,27,38.0,361,42,16,45,37,411,79,2,0,0,34,9,0,1,0,66,25,35.2,0.2717391304347826,0.1630434782608695,0.4347826086956521,0.2717391304347826,0.2499999999999999,0.2499999999999999,0.1358695652173913,0.3858695652173912,0.021195652173913,2.717391304347826,0.6521739130434783,12.880434782608695,19.293478260869566,181.73913043478265,63.80434782608696,0.0923913043478261,1.032608695652174,1.6304347826086958,0.8695652173913043,0.0543478260869565,0.4891304347826087,0.0,0.6521739130434783,0.0,3.641304347826087,2.119565217391304,0.8152173913043479,0.7065217391304348,0.9782608695652174,0.4347826086956521,0.5434782608695652,2.6630434782608696,0.7065217391304348,0.7608695652173912,34.83695652173913,1.0869565217391304,4.2934782608695645,1.467391304347826,19.619565217391305,2.282608695652174,0.8695652173913043,2.4456521739130435,2.010869565217391,22.33695652173913,4.2934782608695645,0.108695652173913,0.0,1.8478260869565215,0.4891304347826087,0.0,0.0543478260869565,0.0,3.58695652173913,1.358695652173913,MF,FW,midfield,4
Marcel Sabitzer,at AUT,MF,Dortmund,de Bundesliga,30.0,1994.0,26,18,1616,18.0,1,0,1,1,0,0,1.8,1.8,1.6,3.3,0.19,21,8,38.1,1.17,0.45,0.05,0.13,0.08,728,858,84.8,10980,2905,1.6,12,75,12,2,23,0,4,3,97,42,2.34,6,0.33,29,19,7,15,7,59.3,10,39,29,15,1,1028,37,31,6,40.0,577,24,3,22,12,717,70,3,0,0,12,1,0,0,0,58,17,56.7,0.0556930693069306,0.0,0.0556930693069306,0.0556930693069306,0.1002475247524752,0.1002475247524752,0.0891089108910891,0.1837871287128712,0.0105816831683168,1.1695544554455446,0.4455445544554455,40.54455445544554,47.78465346534654,611.509900990099,161.78836633663366,0.0891089108910891,0.6683168316831682,4.176980198019802,0.6683168316831682,0.1113861386138613,1.280940594059406,0.0,0.2227722772277227,0.167079207920792,5.4022277227722775,1.61509900990099,1.058168316831683,0.3898514851485148,0.8353960396039604,0.3898514851485148,0.556930693069307,2.1720297029702973,1.61509900990099,0.8353960396039604,57.25247524752476,2.060643564356436,1.7264851485148514,0.3341584158415841,32.134900990099005,1.3366336633663365,0.167079207920792,1.2252475247524752,0.6683168316831682,39.931930693069305,3.898514851485148,0.167079207920792,0.0,0.6683168316831682,0.0556930693069306,0.0,0.0,0.0,3.23019801980198,0.9467821782178218,MF,,midfield,2
Manolis Saliakas,gr GRE,"MF,DF",St. Pauli,de Bundesliga,27.0,1996.0,30,26,2314,25.7,2,1,3,2,0,0,1.5,1.5,2.6,4.1,0.16,29,6,20.7,1.13,0.23,0.07,0.33,0.05,958,1334,71.8,17972,7070,2.9,26,77,31,14,82,7,2,15,93,59,2.29,5,0.19,46,22,24,18,4,51.0,20,66,62,29,0,1560,73,30,3,33.3,653,28,2,6,6,876,80,4,0,0,16,3,1,0,0,84,14,56.0,0.0777873811581676,0.0388936905790838,0.1166810717372515,0.0777873811581676,0.0583405358686257,0.0583405358686257,0.1011235955056179,0.1594641313742437,0.0062229904926534,1.1279170267934313,0.233362143474503,37.26015557476232,51.88418323249784,698.9974070872947,274.9783923941227,0.1127917026793431,1.0112359550561798,2.994814174589456,1.205704407951599,0.5445116681071738,3.1892826274848747,0.2722558340535869,0.0777873811581676,0.5834053586862575,3.617113223854797,1.7891097666378564,0.8556611927398443,0.933448573898012,0.700086430423509,0.1555747623163353,0.7778738115816768,2.566983578219533,2.411408815903198,1.1279170267934313,60.674157303370784,2.83923941227312,1.166810717372515,0.1166810717372515,25.397579948141743,1.0890233362143475,0.0777873811581676,0.233362143474503,0.233362143474503,34.070872947277444,3.111495246326707,0.1555747623163353,0.0,0.6222990492653414,0.1166810717372515,0.0388936905790838,0.0,0.0,3.267070008643042,0.5445116681071738,MF,DF,midfield,4
Lazar Samardzic,rs SRB,MF,Atalanta,it Serie A,22.0,2002.0,31,7,1169,13.0,2,1,3,2,0,0,2.0,2.0,2.9,4.9,0.37,33,12,36.4,2.54,0.92,0.06,0.17,0.06,539,692,77.9,9402,2297,4.0,35,60,30,3,60,37,6,15,92,77,5.93,6,0.46,21,15,5,7,9,48.0,2,23,6,8,0,867,6,54,27,45.0,573,54,21,36,19,658,99,3,0,0,19,0,0,0,0,50,4,14.8,0.1539777587681779,0.0769888793840889,0.2309666381522669,0.1539777587681779,0.1539777587681779,0.1539777587681779,0.2232677502138579,0.3772455089820359,0.0284858853721129,2.540633019674936,0.9238665526090676,41.49700598802396,53.27630453378957,723.8494439692045,176.84345594525234,0.3079555175363558,2.694610778443114,4.619332763045338,2.309666381522669,0.2309666381522669,4.619332763045338,2.848588537211292,0.4619332763045338,1.1548331907613345,7.082976903336185,1.616766467065868,1.1548331907613345,0.3849443969204448,0.5389221556886228,0.6928999144568007,0.1539777587681779,1.7707442258340462,0.4619332763045338,0.6159110350727117,66.74935842600513,0.4619332763045338,4.157399486740804,2.078699743370402,44.114627887082975,4.157399486740804,1.616766467065868,2.771599657827202,1.4627887082976905,50.65868263473054,7.621899059024807,0.2309666381522669,0.0,1.4627887082976905,0.0,0.0,0.0,0.0,3.849443969204448,0.3079555175363558,MF,,midfield,0
Albert Sambi Lokonga,be BEL,MF,Sevilla,es La Liga,24.0,1999.0,22,16,1471,16.3,0,2,2,0,0,0,0.9,0.9,1.0,1.9,0.12,13,5,38.5,0.8,0.31,0.0,0.0,0.07,799,894,89.4,13113,3894,0.9,19,81,8,0,2,0,5,10,93,35,2.14,3,0.18,22,15,10,9,3,71.4,9,31,24,5,3,1018,42,17,4,40.0,533,24,1,19,13,746,20,4,0,0,22,0,0,0,0,69,28,66.7,0.0,0.1223657375934738,0.1223657375934738,0.0,0.0550645819170632,0.0550645819170632,0.0611828687967369,0.1162474507138001,0.0073419442556084,0.7953772943575799,0.3059143439836845,48.8851121685928,54.6974847042828,802.2909585316112,238.24609109449355,0.0550645819170632,1.1624745071380014,4.95581237253569,0.4894629503738952,0.0,0.1223657375934738,0.0,0.3059143439836845,0.6118286879673691,5.690006798096533,1.346023113528212,0.9177430319510536,0.6118286879673691,0.5506458191706322,0.1835486063902107,0.5506458191706322,1.896668932698844,1.468388851121686,0.3059143439836845,62.28416043507817,2.56968048946295,1.0401087695445277,0.2447314751869476,32.61046906866078,1.468388851121686,0.0611828687967369,1.1624745071380014,0.7953772943575799,45.642420122365735,1.2236573759347382,0.2447314751869476,0.0,1.346023113528212,0.0,0.0,0.0,0.0,4.221617946974847,1.7131203263086336,MF,,midfield,3
Oihan Sancet,es ESP,MF,Athletic Club,es La Liga,24.0,2000.0,29,19,1620,18.0,15,1,16,12,3,3,9.7,7.3,1.9,9.2,0.64,47,17,36.2,2.61,0.94,0.26,0.71,0.16,461,569,81.0,6927,1632,1.5,21,66,15,1,18,0,5,4,90,50,2.77,8,0.44,13,8,6,6,1,35.7,5,18,6,14,0,767,9,68,24,48.0,464,52,8,56,45,610,115,2,0,0,16,3,0,0,0,77,12,48.0,0.8333333333333333,0.0555555555555555,0.8888888888888888,0.6666666666666667,0.5388888888888889,0.4055555555555555,0.1055555555555555,0.5111111111111111,0.0355555555555555,2.611111111111111,0.9444444444444444,25.611111111111107,31.611111111111114,384.83333333333337,90.66666666666666,0.0833333333333333,1.1666666666666667,3.666666666666667,0.8333333333333333,0.0555555555555555,1.0,0.0,0.2777777777777778,0.2222222222222222,5.0,0.7222222222222223,0.4444444444444444,0.3333333333333333,0.3333333333333333,0.0555555555555555,0.2777777777777778,1.0,0.3333333333333333,0.7777777777777777,42.61111111111112,0.5,3.7777777777777777,1.3333333333333337,25.77777777777778,2.8888888888888893,0.4444444444444444,3.1111111111111107,2.5,33.88888888888889,6.388888888888888,0.1111111111111111,0.0,0.8888888888888888,0.1666666666666666,0.0,0.0,0.0,4.277777777777778,0.6666666666666667,MF,,midfield,4
Antonio Sánchez,es ESP,"MF,DF",Mallorca,es La Liga,27.0,1997.0,33,12,1395,15.5,0,0,0,0,0,0,1.1,1.1,0.6,1.7,0.11,17,2,11.8,1.1,0.13,0.0,0.0,0.06,391,537,72.8,6493,1870,1.0,5,36,8,4,33,3,1,2,38,18,1.16,0,0.0,28,16,16,8,4,38.9,18,46,36,13,1,729,35,20,14,56.0,367,18,7,26,7,404,53,3,0,0,24,1,0,0,0,77,6,27.3,0.0,0.0,0.0,0.0,0.0709677419354838,0.0709677419354838,0.0387096774193548,0.1096774193548387,0.0070967741935483,1.0967741935483872,0.1290322580645161,25.225806451612904,34.645161290322584,418.9032258064517,120.64516129032258,0.064516129032258,0.3225806451612903,2.3225806451612905,0.5161290322580645,0.2580645161290322,2.129032258064516,0.1935483870967742,0.064516129032258,0.1290322580645161,2.4516129032258065,1.8064516129032255,1.032258064516129,1.032258064516129,0.5161290322580645,0.2580645161290322,1.1612903225806452,2.967741935483871,2.3225806451612905,0.8387096774193549,47.03225806451613,2.2580645161290325,1.2903225806451613,0.9032258064516128,23.67741935483871,1.1612903225806452,0.4516129032258064,1.6774193548387095,0.4516129032258064,26.06451612903226,3.419354838709677,0.1935483870967742,0.0,1.5483870967741935,0.064516129032258,0.0,0.0,0.0,4.967741935483871,0.3870967741935484,MF,DF,midfield,2
Iván Sánchez,es ESP,"MF,FW",Valladolid,es La Liga,31.0,1992.0,32,11,1404,15.6,2,1,3,2,0,0,0.7,0.7,2.9,3.5,0.23,15,5,33.3,0.96,0.32,0.13,0.4,0.04,422,591,71.4,7754,2475,2.9,24,52,23,15,114,25,2,13,77,64,4.11,5,0.32,37,20,18,10,9,44.4,14,51,10,15,0,755,12,22,28,57.1,467,60,11,24,21,520,93,4,0,0,15,5,0,0,0,59,11,50.0,0.1282051282051282,0.0641025641025641,0.1923076923076923,0.1282051282051282,0.0448717948717948,0.0448717948717948,0.1858974358974358,0.2243589743589743,0.0147435897435897,0.9615384615384616,0.3205128205128205,27.05128205128205,37.88461538461539,497.0512820512821,158.65384615384616,0.1858974358974358,1.5384615384615383,3.333333333333333,1.4743589743589742,0.9615384615384616,7.307692307692308,1.6025641025641026,0.1282051282051282,0.8333333333333333,4.935897435897436,2.371794871794872,1.2820512820512822,1.1538461538461535,0.6410256410256411,0.5769230769230769,0.8974358974358975,3.2692307692307696,0.6410256410256411,0.9615384615384616,48.3974358974359,0.7692307692307693,1.4102564102564104,1.794871794871795,29.93589743589744,3.8461538461538463,0.7051282051282052,1.5384615384615383,1.3461538461538465,33.33333333333333,5.961538461538462,0.2564102564102564,0.0,0.9615384615384616,0.3205128205128205,0.0,0.0,0.0,3.782051282051282,0.7051282051282052,MF,FW,midfield,0
Juanlu Sánchez,es ESP,"MF,DF",Sevilla,es La Liga,20.0,2003.0,32,18,1722,19.1,4,4,8,4,0,0,2.1,2.1,2.8,5.0,0.26,13,6,46.2,0.68,0.31,0.31,0.67,0.17,568,697,81.5,8314,2421,1.7,24,51,14,5,40,0,0,2,68,40,2.09,5,0.26,50,34,28,15,7,59.3,17,67,19,31,0,884,22,31,11,39.3,427,44,8,24,12,558,83,6,1,1,18,0,0,0,0,66,19,50.0,0.2090592334494773,0.2090592334494773,0.4181184668989547,0.2090592334494773,0.1097560975609756,0.1097560975609756,0.1463414634146341,0.2613240418118467,0.013588850174216,0.6794425087108015,0.313588850174216,29.686411149825783,36.42857142857143,434.5296167247386,126.53310104529618,0.0888501742160278,1.254355400696864,2.6655052264808363,0.7317073170731708,0.2613240418118467,2.0905923344947737,0.0,0.0,0.1045296167247386,3.554006968641115,2.613240418118467,1.7770034843205575,1.4634146341463417,0.7839721254355401,0.3658536585365854,0.8885017421602788,3.501742160278745,0.9930313588850174,1.6202090592334497,46.20209059233449,1.1498257839721255,1.6202090592334497,0.5749128919860628,22.317073170731707,2.299651567944251,0.4181184668989547,1.254355400696864,0.627177700348432,29.16376306620209,4.337979094076655,0.313588850174216,0.0522648083623693,0.940766550522648,0.0,0.0,0.0,0.0,3.449477351916376,0.9930313588850174,MF,DF,midfield,1
Philipp Sander,de GER,MF,Gladbach,de Bundesliga,26.0,1998.0,27,16,1400,15.6,1,0,1,1,0,0,1.2,1.2,0.6,1.8,0.12,18,7,38.9,1.16,0.45,0.06,0.14,0.07,610,754,80.9,9432,2395,1.0,13,50,7,4,22,7,4,2,60,28,1.8,1,0.06,33,17,16,15,2,43.5,23,56,44,15,3,921,53,17,11,61.1,473,16,5,16,7,575,29,2,0,0,16,0,0,0,0,82,32,62.7,0.0642857142857142,0.0,0.0642857142857142,0.0642857142857142,0.0771428571428571,0.0771428571428571,0.0385714285714285,0.1157142857142857,0.0077142857142857,1.157142857142857,0.45,39.21428571428572,48.471428571428575,606.3428571428572,153.9642857142857,0.0642857142857142,0.8357142857142857,3.214285714285714,0.45,0.2571428571428571,1.4142857142857144,0.45,0.2571428571428571,0.1285714285714285,3.857142857142857,2.1214285714285714,1.0928571428571427,1.0285714285714285,0.9642857142857144,0.1285714285714285,1.4785714285714284,3.6,2.8285714285714287,0.9642857142857144,59.207142857142856,3.407142857142857,1.0928571428571427,0.7071428571428572,30.40714285714286,1.0285714285714285,0.3214285714285714,1.0285714285714285,0.45,36.96428571428572,1.864285714285714,0.1285714285714285,0.0,1.0285714285714285,0.0,0.0,0.0,0.0,5.271428571428571,2.057142857142857,MF,,midfield,1
Kaishu Sano,jp JPN,MF,Mainz 05,de Bundesliga,23.0,2000.0,34,34,3043,33.8,0,0,0,0,0,0,0.9,0.9,1.2,2.1,0.06,20,2,10.0,0.59,0.06,0.0,0.0,0.04,1153,1439,80.1,18623,5611,2.0,19,133,19,1,11,0,0,7,159,62,1.83,5,0.15,61,36,22,31,8,48.1,65,126,56,26,1,1814,68,39,32,62.7,894,53,9,39,31,1027,46,3,0,0,16,4,0,0,0,190,83,52.9,0.0,0.0,0.0,0.0,0.0266184686164968,0.0266184686164968,0.0354912914886625,0.0621097601051593,0.0017745645744331,0.5915215248110417,0.0591521524811041,34.101215905356554,42.55997371015445,550.7952678278015,165.95136378573775,0.0591521524811041,0.5619454485704897,3.933618139993428,0.5619454485704897,0.029576076240552,0.3253368386460729,0.0,0.0,0.2070325336838646,4.7025961222477815,1.8041406506736768,1.064738744659875,0.6506736772921459,0.9168583634571148,0.2366086099244167,1.9224449556358856,3.726585606309563,1.6562602694709168,0.7689779822543543,53.65100230036148,2.011173184357542,1.1534669733815317,0.9464344396976668,26.441012159053567,1.5675320407492608,0.2661846861649687,1.1534669733815317,0.9168583634571148,30.37463029904699,1.360499507065396,0.0887282287216562,0.0,0.4732172198488334,0.1183043049622083,0.0,0.0,0.0,5.619454485704897,2.454814327965823,MF,,midfield,1
Baptiste Santamaria,fr FRA,MF,Nice,fr Ligue 1,29.0,1995.0,13,11,927,10.3,0,0,0,0,0,0,0.9,0.9,1.0,1.9,0.18,16,3,18.8,1.55,0.29,0.0,0.0,0.06,389,471,82.6,6339,1799,0.3,9,40,4,0,3,1,3,4,45,21,2.04,1,0.1,20,10,10,7,3,59.1,18,38,19,9,1,589,25,14,8,61.5,277,10,0,15,7,394,11,1,0,0,16,1,0,1,0,49,24,64.9,0.0,0.0,0.0,0.0,0.087378640776699,0.087378640776699,0.0970873786407766,0.1844660194174757,0.0174757281553398,1.553398058252427,0.2912621359223301,37.76699029126213,45.728155339805824,615.4368932038835,174.6601941747573,0.029126213592233,0.8737864077669902,3.883495145631069,0.3883495145631067,0.0,0.2912621359223301,0.0970873786407766,0.2912621359223301,0.3883495145631067,4.368932038834951,1.9417475728155345,0.9708737864077672,0.9708737864077672,0.6796116504854369,0.2912621359223301,1.7475728155339805,3.6893203883495143,1.8446601941747571,0.8737864077669902,57.18446601941748,2.4271844660194177,1.3592233009708738,0.7766990291262135,26.893203883495143,0.9708737864077672,0.0,1.4563106796116505,0.6796116504854369,38.252427184466015,1.0679611650485437,0.0970873786407766,0.0,1.553398058252427,0.0970873786407766,0.0,0.0970873786407766,0.0,4.757281553398058,2.330097087378641,MF,,midfield,1
Andrey Santos,br BRA,MF,Strasbourg,fr Ligue 1,20.0,2004.0,32,32,2855,31.7,10,3,13,10,0,0,5.1,5.1,3.3,8.4,0.27,46,16,34.8,1.45,0.5,0.22,0.63,0.11,1401,1588,88.2,23008,7859,2.0,27,141,15,0,0,0,8,1,149,56,1.77,6,0.19,110,74,47,51,12,58.6,32,142,67,23,1,1983,108,36,18,48.6,1015,29,3,44,11,1276,26,8,0,0,29,2,1,1,0,188,37,60.7,0.3152364273204904,0.0945709281961471,0.4098073555166374,0.3152364273204904,0.1607705779334501,0.1607705779334501,0.1040280210157618,0.2647985989492119,0.0085113835376532,1.4500875656742556,0.5043782837127846,44.1646234676007,50.05954465849388,725.2959719789842,247.7443082311734,0.063047285464098,0.851138353765324,4.444833625218915,0.4728546409807355,0.0,0.0,0.0,0.2521891418563923,0.031523642732049,4.697022767075306,3.467600700525394,2.332749562171629,1.481611208406305,1.6077057793345009,0.3782837127845885,1.0087565674255692,4.476357267950963,2.112084063047285,0.7250437828371278,62.51138353765324,3.404553415061296,1.1348511383537652,0.5674255691768826,31.99649737302977,0.914185639229422,0.0945709281961471,1.3870402802101578,0.3467600700525394,40.224168126094575,0.8196147110332749,0.2521891418563923,0.0,0.914185639229422,0.063047285464098,0.031523642732049,0.031523642732049,0.0,5.926444833625219,1.1663747810858145,MF,,midfield,1
Ismaila Sarr,sn SEN,MF,Crystal Palace,eng Premier League,26.0,1998.0,38,30,2711,30.1,8,6,14,8,0,0,10.7,10.7,8.5,19.2,0.64,59,29,49.2,1.96,0.96,0.14,0.28,0.19,490,742,66.0,7257,2202,6.7,44,28,42,9,55,0,13,1,85,110,3.65,12,0.4,22,10,10,9,3,32.0,9,31,40,26,0,1091,48,135,17,27.9,607,75,28,70,43,739,183,4,0,0,14,14,1,0,0,113,37,41.6,0.2655846551088159,0.1991884913316119,0.4647731464404278,0.2655846551088159,0.3552194762080413,0.3552194762080413,0.2821836960531169,0.6374031722611583,0.0212467724087052,1.9586868314275172,0.9627443747694576,16.267060125414975,24.632976761342675,240.91848026558463,73.1021763187016,0.2224271486536333,1.4607156030984878,0.9295462928808556,1.3943194393212837,0.2987827369974179,1.8258945038731096,0.0,0.4315750645518259,0.0331980818886019,2.821836960531169,0.7303578015492439,0.3319808188860199,0.3319808188860199,0.2987827369974179,0.0995942456658059,0.2987827369974179,1.029140538546662,1.3279232755440795,0.8631501291036519,36.21910734046477,1.5935079306528954,4.481741054961269,0.5643673921062339,20.15123570638141,2.489856141645149,0.9295462928808556,2.3238657322021394,1.4275175212098856,24.533382515676877,6.075248985614164,0.1327923275544079,0.0,0.4647731464404278,0.4647731464404278,0.0331980818886019,0.0,0.0,3.751383253412025,1.2283290298782736,MF,,midfield,4
Téji Savanier,fr FRA,MF,Montpellier,fr Ligue 1,32.0,1991.0,31,27,2363,26.3,2,5,7,0,2,2,3.8,2.3,6.9,9.1,0.42,45,14,31.1,1.71,0.53,0.0,0.0,0.05,1031,1481,69.6,22715,7412,7.2,67,165,31,12,199,112,13,49,183,122,4.83,7,0.28,29,25,7,16,6,41.9,15,44,21,27,4,1748,23,35,27,40.3,909,26,4,46,31,1131,108,4,1,0,22,7,0,0,0,117,18,43.9,0.0761743546339399,0.1904358865848497,0.2666102412187897,0.0,0.1447312738044858,0.0876005078290308,0.2628015234870927,0.3465933135844266,0.0159966144731273,1.7139229792636477,0.5332204824375794,39.26787981379602,56.4071096064325,865.1502327549725,282.3021582733813,0.2742276766821837,2.5518408802369867,6.284384257300042,1.1807024968260684,0.4570461278036394,7.579348286077021,4.265763859500635,0.4951333051206094,1.866271688531528,6.9699534490055015,1.1045281421921287,0.9521794329242488,0.2666102412187897,0.6093948370715193,0.2285230639018197,0.5713076597545493,1.675835801946678,0.799830723656369,1.0283537875581887,66.57638595006348,0.8760050782903089,1.3330512060939483,1.0283537875581887,34.62124418112569,0.9902666102412188,0.1523487092678798,1.752010156580618,1.1807024968260684,43.076597545493016,4.113415150232755,0.1523487092678798,0.0380871773169699,0.837917900973339,0.2666102412187897,0.0,0.0,0.0,4.456199746085484,0.6855691917054592,MF,,midfield,0
András Schäfer,hu HUN,MF,Union Berlin,de Bundesliga,25.0,1999.0,26,17,1534,17.0,1,1,2,1,0,0,0.6,0.6,0.9,1.5,0.09,12,1,8.3,0.7,0.06,0.08,1.0,0.05,414,563,73.5,5736,1421,1.3,10,30,12,2,17,3,0,1,55,29,1.7,3,0.18,52,26,23,24,5,61.0,22,74,36,19,0,799,39,20,13,44.8,362,23,4,27,9,400,42,3,0,0,27,5,0,0,0,72,28,59.6,0.0586701434159061,0.0586701434159061,0.1173402868318122,0.0586701434159061,0.0352020860495436,0.0352020860495436,0.0528031290743155,0.0880052151238592,0.0052803129074315,0.7040417209908736,0.0586701434159061,24.289439374185136,33.031290743155154,336.5319426336375,83.37027379400261,0.0762711864406779,0.5867014341590613,1.760104302477184,0.7040417209908736,0.1173402868318122,0.9973924380704042,0.1760104302477184,0.0,0.0586701434159061,3.2268578878748366,3.0508474576271185,1.5254237288135593,1.349413298565841,1.4080834419817472,0.2933507170795306,1.2907431551499349,4.341590612777053,2.1121251629726205,1.1147327249022163,46.87744458930899,2.288135593220339,1.1734028683181226,0.7627118644067796,21.23859191655802,1.349413298565841,0.2346805736636245,1.5840938722294653,0.5280312907431551,23.46805736636245,2.464146023468057,0.1760104302477184,0.0,1.5840938722294653,0.2933507170795306,0.0,0.0,0.0,4.224250325945241,1.6427640156453716,MF,,midfield,1
Romano Schmid,at AUT,MF,Werder Bremen,de Bundesliga,24.0,2000.0,32,32,2834,31.5,5,4,9,4,1,1,4.3,3.5,6.2,9.7,0.33,47,13,27.7,1.49,0.41,0.09,0.31,0.07,1239,1663,74.5,20032,7214,8.8,68,170,90,24,145,40,20,7,279,151,4.8,13,0.41,43,25,10,22,11,47.1,11,54,9,39,2,1988,25,104,45,47.4,1315,107,28,75,55,1502,201,4,0,0,28,7,1,0,0,167,23,45.1,0.1587861679604799,0.1270289343683839,0.2858151023288638,0.1270289343683839,0.1365561044460126,0.1111503175723359,0.196894848270995,0.3080451658433309,0.0104798870853916,1.492589978828511,0.4128440366972477,39.34721242060692,52.81227946365561,636.1609033168667,229.0966831333804,0.2794636556104446,2.1594918842625264,5.398729710656316,2.858151023288638,0.7621736062103035,4.604798870853917,1.2702893436838392,0.6351446718419196,0.2223006351446718,8.860268172194779,1.3655610444601272,0.7939308398023994,0.3175723359209598,0.6986591390261115,0.3493295695130557,0.3493295695130557,1.714890613973183,0.2858151023288638,1.2385321100917432,63.13338038108681,0.7939308398023994,3.302752293577982,1.429075511644319,41.76076217360621,3.39802399435427,0.8892025405786874,2.3817925194071985,1.746647847565279,47.69936485532816,6.383203952011292,0.1270289343683839,0.0,0.8892025405786874,0.2223006351446718,0.0317572335920959,0.0,0.0,5.303458009880028,0.7304163726182076,MF,,midfield,0
Jan Schöppner,de GER,MF,Heidenheim,de Bundesliga,25.0,1999.0,33,32,2681,29.8,4,3,7,4,0,0,3.9,3.9,3.4,7.3,0.25,41,13,31.7,1.38,0.44,0.1,0.31,0.09,778,1042,74.7,13993,3872,2.1,25,67,19,3,12,0,3,9,107,56,1.88,4,0.13,56,30,19,27,10,34.5,43,99,95,26,1,1440,103,64,14,43.8,704,35,5,40,24,801,48,8,0,0,32,1,0,0,0,130,57,48.7,0.134278254382693,0.1007086907870197,0.2349869451697128,0.134278254382693,0.1309212980231257,0.1309212980231257,0.114136516225289,0.2450578142484147,0.0083923908989183,1.3763521074226035,0.4364043267437523,26.117120477433797,34.97948526669153,469.73890339425583,129.9813502424469,0.0704960835509138,0.8392390898918314,2.249160760910108,0.6378217083177918,0.1007086907870197,0.402834763148079,0.0,0.1007086907870197,0.3021260723610593,3.5919433047370384,1.8798955613577024,1.0070869078701978,0.6378217083177918,0.906378217083178,0.3356956359567326,1.44349123461395,3.3233867959716523,3.189108541588959,0.8728086534875047,48.34017157776949,3.457665050354345,2.1484520701230885,0.4699738903394256,23.63297277135397,1.1749347258485638,0.1678478179783663,1.3427825438269303,0.8056695262961581,26.88922044013428,1.611339052592316,0.268556508765386,0.0,1.0742260350615442,0.0335695635956732,0.0,0.0,0.0,4.364043267437523,1.9134651249533756,MF,,midfield,2
Nicolas Seiwald,at AUT,"MF,DF",RB Leipzig,de Bundesliga,23.0,2001.0,30,20,2084,23.2,0,0,0,0,0,0,0.2,0.2,1.7,2.0,0.08,5,0,0.0,0.22,0.0,0.0,,0.04,1115,1348,82.7,18798,6983,2.7,20,123,27,3,46,26,8,3,140,49,2.12,3,0.13,53,31,19,29,5,50.0,31,84,76,21,2,1607,107,8,4,40.0,760,17,2,9,8,1025,30,2,0,0,27,0,0,0,0,125,24,41.4,0.0,0.0,0.0,0.0,0.0086372360844529,0.0086372360844529,0.0734165067178502,0.0863723608445297,0.0034548944337811,0.2159309021113243,0.0,48.15259117082534,58.21497120921305,811.8138195777351,301.5690978886756,0.1166026871401151,0.8637236084452974,5.311900191938579,1.1660268714011517,0.1295585412667946,1.986564299424184,1.1228406909788866,0.345489443378119,0.1295585412667946,6.046065259117083,2.2888675623800387,1.338771593090211,0.8205374280230326,1.2523992322456814,0.2159309021113243,1.338771593090211,3.62763915547025,3.2821497120921306,0.9069097888675623,69.40019193857965,4.620921305182342,0.345489443378119,0.1727447216890595,32.82149712092131,0.7341650671785028,0.0863723608445297,0.3886756238003839,0.345489443378119,44.2658349328215,1.2955854126679462,0.0863723608445297,0.0,1.1660268714011517,0.0,0.0,0.0,0.0,5.3982725527831095,1.0364683301343571,MF,DF,midfield,1
Suat Serdar,de GER,MF,Hellas Verona,it Serie A,27.0,1997.0,22,16,1376,15.3,2,1,3,2,0,0,1.9,1.9,1.0,2.9,0.19,30,8,26.7,1.96,0.52,0.07,0.25,0.06,357,477,74.8,5878,1693,0.5,10,47,5,1,9,2,3,5,56,29,1.9,1,0.07,35,22,12,19,4,38.5,8,43,21,19,0,660,31,30,19,51.4,370,18,3,24,15,395,35,4,1,1,33,4,0,0,0,74,14,50.0,0.1308139534883721,0.065406976744186,0.1962209302325581,0.1308139534883721,0.1242732558139534,0.1242732558139534,0.065406976744186,0.1896802325581395,0.0124273255813953,1.9622093023255816,0.5232558139534884,23.35029069767442,31.199127906976745,384.4622093023256,110.73401162790698,0.032703488372093,0.6540697674418604,3.074127906976744,0.3270348837209302,0.065406976744186,0.5886627906976745,0.1308139534883721,0.1962209302325581,0.3270348837209302,3.662790697674419,2.289244186046512,1.4389534883720931,0.7848837209302325,1.242732558139535,0.2616279069767442,0.5232558139534884,2.8125,1.3735465116279069,1.242732558139535,43.1686046511628,2.0276162790697674,1.9622093023255816,1.242732558139535,24.200581395348834,1.177325581395349,0.1962209302325581,1.569767441860465,0.9811046511627908,25.83575581395349,2.289244186046512,0.2616279069767442,0.065406976744186,2.1584302325581395,0.2616279069767442,0.0,0.0,0.0,4.840116279069767,0.9156976744186048,MF,,midfield,2
Vincent Sierro,ch SUI,MF,Toulouse,fr Ligue 1,28.0,1995.0,29,27,2402,26.7,5,1,6,3,2,2,4.2,2.7,3.6,6.3,0.29,30,7,23.3,1.12,0.26,0.1,0.43,0.09,1076,1372,78.4,19073,5824,3.6,30,102,26,1,64,38,6,14,147,63,2.36,4,0.15,44,27,15,23,6,48.2,16,60,44,18,1,1646,68,37,12,42.9,914,15,5,47,18,1074,27,4,0,0,34,2,0,0,0,125,31,47.0,0.1873438800999167,0.0374687760199833,0.2248126561199001,0.11240632805995,0.15736885928393,0.101165695253955,0.13488759367194,0.2360532889258951,0.0108659450457951,1.1240632805995003,0.2622814321398834,40.31640299750208,51.40716069941715,714.6419650291424,218.21815154038305,0.13488759367194,1.1240632805995003,3.8218151540383016,0.9741881765195672,0.0374687760199833,2.3980016652789344,1.4238134887593674,0.2248126561199001,0.5245628642797668,5.507910074937552,1.6486261448792674,1.0116569525395502,0.5620316402997502,0.8617818484596169,0.2248126561199001,0.5995004163197336,2.2481265611990007,1.6486261448792674,0.6744379683597003,61.673605328892585,2.547876769358868,1.3863447127393838,0.4496253122398002,34.246461282264775,0.5620316402997502,0.1873438800999167,1.7610324729392173,0.6744379683597003,40.24146544546212,1.0116569525395502,0.1498751040799334,0.0,1.273938384679434,0.0749375520399667,0.0,0.0,0.0,4.683597002497918,1.1615320566194838,MF,,midfield,2
Bernardo Silva,pt POR,"MF,FW",Manchester City,eng Premier League,29.0,1994.0,33,29,2670,29.7,4,4,8,4,0,0,3.9,3.9,5.1,9.0,0.3,32,11,34.4,1.08,0.37,0.13,0.36,0.12,1547,1783,86.8,23646,4501,4.5,53,87,40,7,60,16,4,6,134,92,3.1,8,0.27,56,37,17,30,9,44.6,23,79,32,35,3,2054,50,141,28,45.9,1288,101,32,25,34,1518,200,7,0,0,27,3,0,0,0,107,5,33.3,0.1348314606741573,0.1348314606741573,0.2696629213483146,0.1348314606741573,0.1314606741573033,0.1314606741573033,0.1719101123595505,0.3033707865168539,0.0101123595505617,1.0786516853932584,0.3707865168539326,52.14606741573034,60.10112359550562,797.0561797752808,151.71910112359552,0.1516853932584269,1.7865168539325842,2.932584269662921,1.348314606741573,0.2359550561797753,2.02247191011236,0.5393258426966292,0.1348314606741573,0.2022471910112359,4.51685393258427,1.8876404494382024,1.247191011235955,0.5730337078651685,1.0112359550561798,0.3033707865168539,0.7752808988764045,2.662921348314607,1.0786516853932584,1.1797752808988764,69.23595505617978,1.6853932584269664,4.752808988764045,0.9438202247191012,43.41573033707865,3.404494382022472,1.0786516853932584,0.8426966292134832,1.146067415730337,51.16853932584269,6.741573033707866,0.2359550561797753,0.0,0.9101123595505616,0.1011235955056179,0.0,0.0,0.0,3.606741573033708,0.1685393258426966,MF,FW,midfield,0
Giuliano Simeone,ar ARG,MF,Atlético Madrid,es La Liga,21.0,2002.0,33,26,1926,21.4,2,6,8,2,0,0,2.2,2.2,5.2,7.4,0.35,22,7,31.8,1.03,0.33,0.09,0.29,0.1,600,795,75.5,7159,2076,4.7,24,30,27,10,49,1,2,0,49,50,2.34,9,0.42,27,13,6,11,10,50.0,14,41,22,40,1,1034,20,87,30,44.1,652,69,24,55,20,748,189,4,0,0,23,3,1,0,0,72,11,32.4,0.0934579439252336,0.2803738317757009,0.3738317757009345,0.0934579439252336,0.102803738317757,0.102803738317757,0.2429906542056075,0.3457943925233645,0.0163551401869158,1.0280373831775702,0.3271028037383178,28.03738317757009,37.149532710280376,334.5327102803738,97.00934579439252,0.2196261682242991,1.1214953271028036,1.4018691588785046,1.2616822429906542,0.4672897196261683,2.2897196261682247,0.0467289719626168,0.0934579439252336,0.0,2.2897196261682247,1.2616822429906542,0.6074766355140186,0.2803738317757009,0.5140186915887851,0.4672897196261683,0.6542056074766356,1.9158878504672896,1.0280373831775702,1.869158878504673,48.3177570093458,0.9345794392523366,4.065420560747663,1.4018691588785046,30.46728971962617,3.2242990654205603,1.1214953271028036,2.570093457943925,0.9345794392523366,34.953271028037385,8.831775700934578,0.1869158878504672,0.0,1.074766355140187,0.1401869158878504,0.0467289719626168,0.0,0.0,3.364485981308411,0.5140186915887851,MF,,midfield,4
Xavi Simons,nl NED,MF,RB Leipzig,de Bundesliga,21.0,2003.0,25,25,2150,23.9,10,6,16,10,0,0,5.1,5.1,6.3,11.4,0.48,50,23,46.0,2.09,0.96,0.2,0.43,0.1,944,1201,78.6,14792,3997,6.0,51,79,60,4,79,58,23,4,140,108,4.52,12,0.5,28,21,5,15,8,46.2,12,40,19,25,1,1557,13,82,33,33.0,869,85,22,73,55,1112,185,5,0,0,24,11,0,0,0,128,19,42.2,0.4186046511627906,0.2511627906976744,0.6697674418604651,0.4186046511627906,0.2134883720930232,0.2134883720930232,0.2637209302325581,0.4772093023255814,0.0200930232558139,2.0930232558139537,0.9627906976744186,39.51627906976744,50.27441860465116,619.2,167.31627906976743,0.2511627906976744,2.1348837209302327,3.3069767441860463,2.511627906976744,0.1674418604651162,3.3069767441860463,2.427906976744186,0.9627906976744186,0.1674418604651162,5.8604651162790695,1.172093023255814,0.8790697674418604,0.2093023255813953,0.627906976744186,0.3348837209302325,0.5023255813953489,1.6744186046511629,0.7953488372093024,1.0465116279069768,65.1767441860465,0.5441860465116278,3.432558139534884,1.3813953488372093,36.37674418604652,3.558139534883721,0.9209302325581394,3.055813953488372,2.302325581395349,46.54883720930233,7.744186046511628,0.2093023255813953,0.0,1.0046511627906978,0.4604651162790697,0.0,0.0,0.0,5.358139534883721,0.7953488372093024,MF,,midfield,0
Ibrahima Sissoko,ml MLI,MF,Bochum,de Bundesliga,26.0,1997.0,32,30,2610,29.0,2,1,3,2,0,0,1.7,1.7,1.6,3.3,0.11,25,8,32.0,0.86,0.28,0.08,0.25,0.07,804,1072,75.0,13473,4262,2.7,27,77,16,5,21,0,4,3,105,65,2.24,3,0.1,66,44,30,31,5,53.3,36,102,61,28,0,1429,80,51,32,52.5,691,35,3,40,32,792,69,11,1,1,75,4,1,1,0,154,76,58.5,0.0689655172413793,0.0344827586206896,0.1034482758620689,0.0689655172413793,0.0586206896551724,0.0586206896551724,0.0551724137931034,0.1137931034482758,0.0037931034482758,0.8620689655172413,0.2758620689655172,27.724137931034484,36.96551724137931,464.5862068965517,146.9655172413793,0.093103448275862,0.9310344827586208,2.655172413793103,0.5517241379310345,0.1724137931034482,0.7241379310344828,0.0,0.1379310344827586,0.1034482758620689,3.6206896551724137,2.2758620689655173,1.5172413793103448,1.0344827586206895,1.0689655172413792,0.1724137931034482,1.2413793103448276,3.5172413793103448,2.103448275862069,0.9655172413793104,49.27586206896552,2.758620689655172,1.7586206896551724,1.103448275862069,23.82758620689655,1.206896551724138,0.1034482758620689,1.379310344827586,1.103448275862069,27.310344827586206,2.3793103448275863,0.3793103448275862,0.0344827586206896,2.586206896551724,0.1379310344827586,0.0344827586206896,0.0344827586206896,0.0,5.310344827586206,2.6206896551724137,MF,,midfield,1
Ellyes Skhiri,tn TUN,MF,Eint Frankfurt,de Bundesliga,29.0,1995.0,30,26,2231,24.8,1,2,3,1,0,0,1.4,1.4,1.4,2.8,0.11,13,2,15.4,0.52,0.08,0.08,0.5,0.11,1153,1303,88.5,17520,4942,2.0,22,82,18,0,3,0,2,1,105,49,1.98,5,0.2,40,22,15,21,4,40.9,31,71,45,20,4,1544,86,21,11,73.3,823,17,3,25,7,1047,27,6,0,0,22,1,0,0,0,105,19,50.0,0.0403406544150605,0.080681308830121,0.1210219632451815,0.0403406544150605,0.0564769161810847,0.0564769161810847,0.0564769161810847,0.1129538323621694,0.0044374719856566,0.5244285073957866,0.080681308830121,46.51277454056477,52.56387270282384,706.7682653518601,199.36351411922905,0.080681308830121,0.8874943971313313,3.3079336620349618,0.7261317794710892,0.0,0.1210219632451815,0.0,0.080681308830121,0.0403406544150605,4.235768713581353,1.6136261766024205,0.8874943971313313,0.6051098162259076,0.8471537427162708,0.161362617660242,1.250560286866876,2.8641864634692964,1.815329448677723,0.8068130883012102,62.28597041685343,3.469296279695204,0.8471537427162708,0.4437471985656656,33.2003585835948,0.6857911250560287,0.1210219632451815,1.0085163603765128,0.2823845809054235,42.23666517256835,1.089197669206634,0.242043926490363,0.0,0.8874943971313313,0.0403406544150605,0.0,0.0,0.0,4.235768713581353,0.7664724338861497,MF,,midfield,2
Oliver Skipp,eng ENG,MF,Leicester City,eng Premier League,23.0,2000.0,24,10,1129,12.5,0,0,0,0,0,0,0.4,0.4,0.3,0.6,0.05,5,1,20.0,0.4,0.08,0.0,0.0,0.07,419,502,83.5,6399,1568,0.3,9,32,4,0,5,0,2,0,35,15,1.2,0,0.0,21,4,6,12,3,60.0,11,32,11,12,2,612,29,9,7,58.3,347,16,3,12,7,419,19,8,0,0,21,1,0,0,0,46,12,66.7,0.0,0.0,0.0,0.0,0.0318866253321523,0.0318866253321523,0.0239149689991142,0.0478299379982285,0.003985828166519,0.3985828166519043,0.0797165633303808,33.40124003542959,40.0177147918512,510.1062887511072,124.9955713020372,0.0239149689991142,0.7174490699734278,2.550930026572188,0.3188662533215234,0.0,0.3985828166519043,0.0,0.1594331266607617,0.0,2.7900797165633304,1.6740478299379982,0.3188662533215234,0.4782993799822851,0.9565987599645704,0.2391496899911425,0.8768821966341894,2.550930026572188,0.8768821966341894,0.9565987599645704,48.78653675819309,2.311780336581045,0.7174490699734278,0.5580159433126661,27.66164747564216,1.275465013286094,0.2391496899911425,0.9565987599645704,0.5580159433126661,33.40124003542959,1.5146147032772364,0.6377325066430469,0.0,1.6740478299379982,0.0797165633303808,0.0,0.0,0.0,3.66696191319752,0.9565987599645704,MF,,midfield,2
Steven Skrzybski,de GER,"MF,FW",Holstein Kiel,de Bundesliga,31.0,1992.0,24,15,1323,14.7,6,3,9,5,1,1,3.5,2.7,2.9,5.6,0.44,32,12,37.5,2.18,0.82,0.16,0.42,0.09,312,446,70.0,5441,1645,3.3,22,36,16,7,31,7,5,2,64,51,3.47,5,0.34,19,6,7,6,6,29.2,11,30,11,13,0,619,9,45,13,59.1,313,17,6,40,22,398,71,0,0,0,16,4,0,0,0,58,6,24.0,0.4081632653061224,0.2040816326530612,0.6122448979591837,0.3401360544217687,0.238095238095238,0.1836734693877551,0.1972789115646258,0.3809523809523809,0.0299319727891156,2.17687074829932,0.8163265306122449,21.22448979591837,30.34013605442177,370.1360544217687,111.90476190476193,0.2244897959183673,1.4965986394557822,2.4489795918367347,1.08843537414966,0.4761904761904761,2.108843537414966,0.4761904761904761,0.3401360544217687,0.1360544217687075,4.35374149659864,1.2925170068027212,0.4081632653061224,0.4761904761904761,0.4081632653061224,0.4081632653061224,0.7482993197278911,2.0408163265306123,0.7482993197278911,0.8843537414965987,42.10884353741497,0.6122448979591837,3.0612244897959187,0.8843537414965987,21.29251700680272,1.1564625850340138,0.4081632653061224,2.7210884353741496,1.4965986394557822,27.07482993197279,4.829931972789116,0.0,0.0,1.08843537414966,0.272108843537415,0.0,0.0,0.0,3.945578231292517,0.4081632653061224,MF,FW,midfield,4
Emile Smith Rowe,eng ENG,MF,Fulham,eng Premier League,24.0,2000.0,34,25,2043,22.7,6,3,9,6,0,0,4.5,4.5,1.4,6.0,0.26,37,11,29.7,1.63,0.48,0.16,0.55,0.12,922,1023,90.1,13141,2429,2.0,24,80,15,1,16,1,2,2,126,73,3.22,12,0.53,31,18,7,14,10,33.3,11,42,16,18,0,1223,20,60,16,45.7,779,53,12,36,18,940,127,3,0,0,19,2,0,0,0,75,6,23.1,0.2643171806167401,0.13215859030837,0.3964757709251101,0.2643171806167401,0.198237885462555,0.198237885462555,0.0616740088105726,0.2643171806167401,0.011453744493392,1.629955947136564,0.4845814977973568,40.61674008810573,45.06607929515418,578.8986784140969,107.0044052863436,0.0881057268722467,1.0572687224669604,3.524229074889868,0.6607929515418502,0.0440528634361233,0.7048458149779736,0.0440528634361233,0.0881057268722467,0.0881057268722467,5.5506607929515415,1.3656387665198235,0.7929515418502203,0.3083700440528634,0.6167400881057269,0.4405286343612334,0.4845814977973568,1.8502202643171808,0.7048458149779736,0.7929515418502203,53.87665198237885,0.8810572687224669,2.643171806167401,0.7048458149779736,34.31718061674009,2.3348017621145374,0.5286343612334802,1.5859030837004406,0.7929515418502203,41.40969162995595,5.594713656387666,0.13215859030837,0.0,0.8370044052863436,0.0881057268722467,0.0,0.0,0.0,3.303964757709251,0.2643171806167401,MF,,midfield,2
Simon Sohm,ch SUI,MF,Parma,it Serie A,23.0,2001.0,37,36,2989,33.2,4,0,4,4,0,0,3.1,3.1,2.1,5.2,0.16,34,13,38.2,1.02,0.39,0.12,0.31,0.09,1050,1233,85.2,16773,4583,2.1,20,122,24,3,15,6,9,2,140,78,2.35,3,0.09,28,17,11,13,4,45.7,26,54,36,14,0,1467,45,45,15,42.9,876,69,12,33,23,1042,67,6,0,0,19,3,0,0,0,127,29,50.0,0.120441619270659,0.0,0.120441619270659,0.120441619270659,0.0933422549347607,0.0933422549347607,0.063231850117096,0.1565741050518568,0.0048176647708263,1.0237537638006022,0.391435262629642,31.615925058548008,37.126129140180666,505.0418200066912,137.99598527935763,0.063231850117096,0.6022080963532954,3.6734693877551017,0.7226497156239545,0.0903312144529943,0.4516560722649716,0.1806624289059886,0.2709936433589829,0.0602208096353295,4.215456674473068,0.8430913348946136,0.5118768819003011,0.3312144529943125,0.391435262629642,0.120441619270659,0.782870525259284,1.6259618601538977,1.0839745734359316,0.4215456674473068,44.171963867514215,1.3549682167949146,1.3549682167949146,0.4516560722649716,26.37671462027434,2.0776179324188693,0.3613248578119772,0.9936433589829374,0.6925393108062897,31.37504182000669,2.01739712278354,0.1806624289059886,0.0,0.5720976915356306,0.0903312144529943,0.0,0.0,0.0,3.8240214118434257,0.8732017397122784,MF,,midfield,2
Alex Sola,es ESP,"MF,FW",Getafe,es La Liga,25.0,1999.0,19,13,1029,11.4,0,1,1,0,0,0,1.0,1.0,0.7,1.6,0.14,15,2,13.3,1.31,0.17,0.0,0.0,0.06,155,242,64.0,2177,529,0.8,9,12,2,1,18,0,0,2,23,26,2.28,2,0.18,21,14,9,12,0,36.0,7,28,11,10,1,446,8,35,21,34.4,265,24,10,54,21,302,61,4,0,0,24,3,0,0,0,47,18,39.1,0.0,0.0874635568513119,0.0874635568513119,0.0,0.0874635568513119,0.0874635568513119,0.0612244897959183,0.1399416909620991,0.0122448979591836,1.3119533527696792,0.1749271137026239,13.556851311953354,21.166180758017493,190.4081632653061,46.268221574344025,0.0699708454810495,0.7871720116618076,1.0495626822157431,0.1749271137026239,0.0874635568513119,1.5743440233236152,0.0,0.0,0.1749271137026239,2.011661807580175,1.8367346938775508,1.2244897959183674,0.7871720116618076,1.0495626822157431,0.0,0.6122448979591837,2.4489795918367347,0.9620991253644317,0.8746355685131195,39.008746355685126,0.6997084548104956,3.0612244897959187,1.8367346938775508,23.177842565597665,2.0991253644314867,0.8746355685131195,4.723032069970846,1.8367346938775508,26.413994169096213,5.33527696793003,0.3498542274052478,0.0,2.0991253644314867,0.2623906705539358,0.0,0.0,0.0,4.110787172011662,1.5743440233236152,MF,FW,midfield,4
Carlos Soler,es ESP,"MF,FW",West Ham,eng Premier League,27.0,1997.0,31,14,1409,15.7,1,1,2,1,0,0,1.8,1.8,1.4,3.2,0.21,25,8,32.0,1.6,0.51,0.04,0.13,0.07,570,669,85.2,8890,2414,1.9,18,43,13,0,34,21,4,6,56,51,3.26,2,0.13,16,11,9,6,1,30.4,8,24,21,10,2,794,27,26,8,44.4,367,17,4,14,14,539,37,6,0,0,26,3,0,0,0,64,10,45.5,0.063875088715401,0.063875088715401,0.127750177430802,0.063875088715401,0.1149751596877217,0.1149751596877217,0.0894251242015613,0.2044002838892832,0.0134137686302342,1.5968772178850248,0.511000709723208,36.40880056777856,42.73243435060326,567.8495386799149,154.194464158978,0.1213626685592618,1.1497515968772178,2.7466288147622424,0.830376153300213,0.0,2.171753016323634,1.3413768630234209,0.255500354861604,0.3832505322924059,3.577004968062456,1.022001419446416,0.7026259758694109,0.5748757984386089,0.3832505322924059,0.063875088715401,0.511000709723208,1.533002129169624,1.3413768630234209,0.6387508871540098,50.71682044002839,1.7246273953158269,1.660752306600426,0.511000709723208,23.442157558552168,1.085876508161817,0.255500354861604,0.8942512420156139,0.8942512420156139,34.42867281760113,2.363378282469837,0.3832505322924059,0.0,1.660752306600426,0.1916252661462029,0.0,0.0,0.0,4.088005677785664,0.6387508871540098,MF,FW,midfield,4
Hugo Sotelo,es ESP,MF,Celta Vigo,es La Liga,20.0,2003.0,24,15,1254,13.9,0,0,0,0,0,0,0.2,0.2,1.7,1.8,0.13,4,0,0.0,0.29,0.0,0.0,,0.05,873,1018,85.8,16257,4277,1.8,19,100,12,3,50,39,3,19,83,40,2.87,0,0.0,28,17,8,10,10,41.9,5,33,9,10,1,1097,17,10,8,40.0,656,21,2,11,12,860,38,5,0,0,19,0,0,0,0,71,2,16.7,0.0,0.0,0.0,0.0,0.0143540669856459,0.0143540669856459,0.1220095693779904,0.1291866028708134,0.0093301435406698,0.2870813397129186,0.0,62.6555023923445,73.0622009569378,1166.7703349282297,306.9617224880383,0.1291866028708134,1.3636363636363638,7.177033492822967,0.8612440191387559,0.2153110047846889,3.5885167464114835,2.799043062200957,0.2153110047846889,1.3636363636363638,5.956937799043062,2.0095693779904304,1.2200956937799043,0.5741626794258373,0.7177033492822966,0.7177033492822966,0.3588516746411483,2.3684210526315788,0.645933014354067,0.7177033492822966,78.73205741626793,1.2200956937799043,0.7177033492822966,0.5741626794258373,47.08133971291866,1.507177033492823,0.1435406698564593,0.7894736842105263,0.8612440191387559,61.722488038277504,2.7272727272727275,0.3588516746411483,0.0,1.3636363636363638,0.0,0.0,0.0,0.0,5.095693779904306,0.1435406698564593,MF,,midfield,3
Tomáš Souček,cz CZE,MF,West Ham,eng Premier League,29.0,1995.0,35,30,2567,28.5,9,1,10,9,0,0,6.7,6.7,1.0,7.8,0.27,55,17,30.9,1.93,0.6,0.16,0.53,0.13,715,969,73.8,11811,3221,1.3,14,62,8,1,14,0,0,11,74,44,1.54,3,0.11,46,21,20,23,3,59.1,20,66,85,26,1,1280,128,102,6,50.0,506,9,3,20,15,764,68,8,0,0,47,2,1,0,0,63,99,57.6,0.3155434359174133,0.0350603817686014,0.3506038176860148,0.3155434359174133,0.2349045578496299,0.2349045578496299,0.0350603817686014,0.2734709777950915,0.0094663030775224,1.9283209972730813,0.5960264900662252,25.068172964550055,33.973509933774835,414.0981690689521,112.92948967666536,0.0455784962991819,0.4908453447604207,2.173743669653292,0.2804830541488118,0.0350603817686014,0.4908453447604207,0.0,0.0,0.3856641994546163,2.5944682508765093,1.6127775613556683,0.7362680171406312,0.7012076353720296,0.8063887806778341,0.1051811453058044,0.7012076353720296,2.313985196727698,2.980132450331126,0.9115699259836384,44.87728866380989,4.48772886638099,3.576158940397351,0.2103622906116088,17.74055317491235,0.3155434359174133,0.1051811453058044,0.7012076353720296,0.5259057265290222,26.78613167121153,2.384105960264901,0.2804830541488118,0.0,1.6478379431242696,0.0701207635372029,0.0350603817686014,0.0,0.0,2.208804051421893,3.470977795091547,MF,,midfield,2
Matìas Soulé,ar ARG,"MF,DF",Roma,it Serie A,21.0,2003.0,27,22,1781,19.8,5,5,10,5,0,0,3.0,3.0,5.2,8.3,0.42,42,13,31.0,2.12,0.66,0.12,0.38,0.07,785,955,82.2,11957,2869,3.4,51,53,34,12,88,38,5,2,89,90,4.55,8,0.4,26,16,12,7,7,43.5,9,35,25,15,0,1271,24,73,35,32.4,794,84,32,56,32,915,191,3,0,0,12,2,0,0,0,105,10,37.0,0.2526670409882088,0.2526670409882088,0.5053340819764177,0.2526670409882088,0.1516002245929253,0.1516002245929253,0.2627737226277372,0.4194272880404267,0.0212240314430095,2.1224031443009546,0.656934306569343,39.6687254351488,48.25940482874789,604.2279618192026,144.98034811903426,0.171813587871982,2.5772038180797305,2.6782706344750142,1.7181358787198204,0.6064008983717013,4.4469399213924765,1.9202695115103876,0.2526670409882088,0.1010668163952835,4.497473329590117,1.313868613138686,0.8085345311622685,0.6064008983717013,0.3537338573834924,0.3537338573834924,0.454800673778776,1.768669286917462,1.2633352049410442,0.7580011229646265,64.22796181920269,1.2128017967434026,3.68893879842785,1.768669286917462,40.12352610892757,4.244806288601909,1.617069062324537,2.829870859067939,1.617069062324537,46.23806850084223,9.651880965749578,0.1516002245929253,0.0,0.6064008983717013,0.1010668163952835,0.0,0.0,0.0,5.306007860752386,0.5053340819764177,MF,DF,midfield,0
Boubakary Soumaré,fr FRA,MF,Leicester City,eng Premier League,25.0,1999.0,31,25,2171,24.1,0,0,0,0,0,0,0.3,0.3,0.4,0.7,0.03,7,0,0.0,0.29,0.0,0.0,,0.04,1073,1234,87.0,16191,4336,1.0,11,95,16,3,10,0,3,1,105,35,1.45,3,0.12,37,20,24,12,1,63.6,27,64,34,15,4,1441,73,18,27,60.0,847,34,4,24,22,1013,23,8,0,0,24,2,0,0,0,140,21,65.6,0.0,0.0,0.0,0.0,0.0124366651312759,0.0124366651312759,0.0165822201750345,0.0290188853063104,0.0012436665131275,0.2901888530631045,0.0,44.48180561953017,51.15614923998157,671.2068171349608,179.75126669737446,0.0414555504375863,0.45601105481345,3.9382772915707047,0.6632888070013818,0.1243666513127591,0.4145555043758636,0.0,0.1243666513127591,0.0414555504375863,4.3528327959465685,1.5338553661906955,0.8291110087517273,0.9949332105020728,0.4974666052510364,0.0414555504375863,1.119299861814832,2.6531552280055277,1.4094887148779365,0.6218332565637955,59.73744818056196,3.026255181943805,0.7461999078765547,1.119299861814832,35.112851220635655,1.4094887148779365,0.1658222017503454,0.9949332105020728,0.9120221096269,41.99447259327499,0.9534776600644864,0.3316444035006909,0.0,0.9949332105020728,0.0829111008751727,0.0,0.0,0.0,5.803777061262091,0.8705665591893137,MF,,midfield,2
Djibril Sow,ch SUI,MF,Sevilla,es La Liga,27.0,1997.0,30,24,2062,22.9,2,1,3,2,0,0,2.4,2.4,1.6,4.0,0.18,22,6,27.3,0.96,0.26,0.09,0.33,0.11,883,994,88.8,14168,3459,1.0,21,87,10,1,9,2,0,5,100,64,2.79,4,0.17,25,14,13,10,2,47.1,28,53,26,11,1,1197,35,32,10,40.0,604,23,3,36,9,827,50,5,0,0,23,3,0,0,0,110,24,51.1,0.08729388942774,0.04364694471387,0.1309408341416101,0.08729388942774,0.104752667313288,0.104752667313288,0.069835111542192,0.1745877788554801,0.0078564500484966,0.9602327837051406,0.2618816682832202,38.54025218234724,43.3850630455868,618.3899127061105,150.97478176527642,0.04364694471387,0.9165858389912706,3.797284190106693,0.4364694471387003,0.04364694471387,0.3928225024248302,0.08729388942774,0.0,0.2182347235693501,4.364694471387002,1.0911736178467506,0.6110572259941804,0.5674102812803103,0.4364694471387003,0.08729388942774,1.2221144519883609,2.3132880698351115,1.1348205625606207,0.4801163918525703,52.24539282250242,1.527643064985451,1.396702230843841,0.4364694471387003,26.362754607177497,1.0038797284190106,0.1309408341416101,1.571290009699321,0.3928225024248302,36.09602327837051,2.182347235693501,0.2182347235693501,0.0,1.0038797284190106,0.1309408341416101,0.0,0.0,0.0,4.801163918525703,1.0475266731328807,MF,,midfield,2
Anton Stach,de GER,"MF,DF",Hoffenheim,de Bundesliga,25.0,1998.0,30,29,2585,28.7,1,2,3,1,0,0,2.0,2.0,2.2,4.2,0.15,35,10,28.6,1.22,0.35,0.03,0.1,0.06,1270,1537,82.6,22480,8033,3.2,26,120,33,10,24,1,4,9,152,63,2.19,5,0.17,66,46,25,37,4,68.1,46,112,101,26,2,1925,141,32,15,42.9,1002,33,5,23,10,1136,36,8,0,0,38,3,0,0,0,171,53,56.4,0.034816247582205,0.06963249516441,0.104448742746615,0.034816247582205,0.06963249516441,0.06963249516441,0.076595744680851,0.1462282398452611,0.0052224371373307,1.218568665377176,0.3481624758220503,44.21663442940039,53.51257253384913,782.6692456479691,279.678916827853,0.1114119922630561,0.9052224371373307,4.177949709864604,1.1489361702127658,0.3481624758220503,0.8355899419729207,0.034816247582205,0.1392649903288201,0.3133462282398452,5.292069632495164,2.297872340425532,1.601547388781431,0.8704061895551258,1.288201160541586,0.1392649903288201,1.601547388781431,3.8994197292069632,3.516441005802708,0.9052224371373307,67.02127659574468,4.909090909090909,1.114119922630561,0.5222437137330754,34.88588007736944,1.1489361702127658,0.1740812379110251,0.8007736943907157,0.3481624758220503,39.55125725338491,1.253384912959381,0.2785299806576402,0.0,1.323017408123791,0.104448742746615,0.0,0.0,0.0,5.95357833655706,1.8452611218568664,MF,DF,midfield,1
Jens Stage,dk DEN,MF,Werder Bremen,de Bundesliga,27.0,1996.0,28,26,2204,24.5,10,5,15,10,0,0,7.2,7.2,2.8,10.0,0.41,44,15,34.1,1.8,0.61,0.23,0.67,0.16,768,998,77.0,12751,3913,3.9,23,67,26,4,23,0,7,10,104,63,2.57,15,0.61,49,30,22,24,3,54.3,18,67,42,22,2,1271,43,83,8,47.1,668,28,6,27,10,834,89,10,0,0,38,4,0,0,0,114,34,56.7,0.4083484573502722,0.2041742286751361,0.6125226860254084,0.4083484573502722,0.294010889292196,0.294010889292196,0.1143375680580762,0.4083484573502722,0.0167422867513611,1.796733212341198,0.6125226860254084,31.361161524500908,40.75317604355717,520.6851179673322,159.78675136116152,0.1592558983666061,0.9392014519056262,2.735934664246824,1.061705989110708,0.1633393829401088,0.9392014519056262,0.0,0.2858439201451905,0.4083484573502722,4.246823956442832,2.000907441016334,1.2250453720508168,0.8983666061705989,0.9800362976406534,0.1225045372050816,0.73502722323049,2.735934664246824,1.715063520871143,0.8983666061705989,51.9010889292196,1.7558983666061707,3.3892921960072595,0.3266787658802177,27.27767695099819,1.1433756805807622,0.2450090744101633,1.102540834845735,0.4083484573502722,34.0562613430127,3.634301270417423,0.4083484573502722,0.0,1.5517241379310345,0.1633393829401088,0.0,0.0,0.0,4.655172413793103,1.3883847549909256,MF,,midfield,2
Angelo Stiller,de GER,MF,Stuttgart,de Bundesliga,23.0,2001.0,32,31,2741,30.5,1,8,9,1,0,0,1.8,1.8,7.2,9.0,0.29,21,4,19.0,0.69,0.13,0.05,0.25,0.08,2219,2540,87.4,37222,12647,8.6,59,271,50,10,95,48,15,6,289,111,3.64,10,0.33,49,27,18,25,6,46.7,26,75,50,15,4,2781,75,35,20,66.7,1588,39,3,21,25,2112,69,6,0,0,21,3,1,0,1,140,18,39.1,0.0328347318496898,0.2626778547975191,0.295512586647209,0.0328347318496898,0.0591025173294418,0.0591025173294418,0.2364100693177672,0.295512586647209,0.00952207223641,0.6895293688434878,0.1313389273987595,72.86026997446187,83.40021889821233,1222.1743889091572,415.2608537030281,0.282378693907333,1.937249179131704,8.898212331265961,1.6417365924844949,0.3283473184968989,3.1192995257205403,1.576067128785115,0.4925209777453483,0.1970083910981393,9.48923750456038,1.608901860634805,0.8865377599416272,0.5910251732944181,0.8208682962422473,0.1970083910981393,0.8537030280919372,2.462604888726742,1.6417365924844949,0.4925209777453483,91.3133892739876,2.462604888726742,1.1492156147391464,0.6566946369937979,52.14155417730756,1.280554542137906,0.0985041955490696,0.6895293688434878,0.8208682962422473,69.34695366654506,2.2655964976286027,0.1970083910981393,0.0,0.6895293688434878,0.0985041955490696,0.0328347318496898,0.0,0.0328347318496898,4.596862458956585,0.5910251732944181,MF,,midfield,3
Kevin Stöger,at AUT,MF,Gladbach,de Bundesliga,30.0,1993.0,31,16,1551,17.2,3,3,6,1,2,2,3.9,2.3,5.3,7.6,0.53,24,9,37.5,1.39,0.52,0.04,0.11,0.1,847,1117,75.8,14479,4517,4.2,54,90,39,8,116,67,13,12,121,106,6.15,8,0.46,37,21,23,10,4,41.0,16,53,26,23,3,1318,31,34,17,47.2,699,40,5,29,25,911,95,3,0,0,22,9,0,0,0,75,5,25.0,0.1740812379110251,0.1740812379110251,0.3481624758220503,0.058027079303675,0.2263056092843327,0.1334622823984526,0.3075435203094777,0.4410058027079303,0.0307543520309477,1.3926499032882012,0.5222437137330754,49.14893617021277,64.81624758220504,840.1740812379111,262.1083172147002,0.2437137330754352,3.133462282398453,5.222437137330754,2.263056092843327,0.4642166344294003,6.731141199226305,3.8878143133462286,0.7543520309477757,0.6963249516441006,7.0212765957446805,2.147001934235977,1.218568665377176,1.334622823984526,0.5802707930367504,0.2321083172147001,0.9284332688588008,3.075435203094777,1.5087040618955514,1.334622823984526,76.47969052224371,1.798839458413927,1.9729206963249517,0.9864603481624756,40.56092843326886,2.3210831721470018,0.2901353965183752,1.6827852998065762,1.4506769825918764,52.862669245647965,5.512572533849129,0.1740812379110251,0.0,1.2765957446808511,0.5222437137330754,0.0,0.0,0.0,4.352030947775629,0.2901353965183752,MF,,midfield,0
Luka Sučić,hr CRO,MF,Real Sociedad,es La Liga,21.0,2002.0,29,21,1792,19.9,1,1,2,1,0,0,3.3,3.3,2.6,5.9,0.3,43,11,25.6,2.16,0.55,0.02,0.09,0.08,727,882,82.4,11561,2321,2.2,25,52,13,2,18,1,5,7,79,55,2.76,5,0.25,25,18,8,12,5,38.5,15,40,16,15,1,1094,20,32,25,47.2,666,30,5,33,16,779,56,4,0,0,11,2,0,0,0,109,26,51.0,0.0502232142857142,0.0502232142857142,0.1004464285714285,0.0502232142857142,0.1657366071428571,0.1657366071428571,0.1305803571428571,0.2963169642857143,0.0150669642857142,2.1595982142857144,0.5524553571428571,36.512276785714285,44.296875,580.6305803571429,116.56808035714285,0.1104910714285714,1.2555803571428572,2.611607142857143,0.6529017857142857,0.1004464285714285,0.9040178571428572,0.0502232142857142,0.2511160714285714,0.3515625,3.967633928571429,1.2555803571428572,0.9040178571428572,0.4017857142857142,0.6026785714285714,0.2511160714285714,0.7533482142857143,2.008928571428572,0.8035714285714285,0.7533482142857143,54.94419642857142,1.0044642857142858,1.607142857142857,1.2555803571428572,33.448660714285715,1.5066964285714286,0.2511160714285714,1.6573660714285714,0.8035714285714285,39.12388392857143,2.8125,0.2008928571428571,0.0,0.5524553571428571,0.1004464285714285,0.0,0.0,0.0,5.474330357142857,1.3058035714285714,MF,,midfield,4
Tomáš Suslov,sk SVK,"MF,FW",Hellas Verona,it Serie A,22.0,2002.0,31,27,2080,23.1,0,1,1,0,0,0,1.6,1.6,1.9,3.5,0.15,32,7,21.9,1.38,0.3,0.0,0.0,0.05,387,529,73.2,7405,2018,1.7,27,40,22,2,49,20,2,9,82,74,3.2,4,0.17,54,38,23,24,7,31.9,18,72,17,20,1,811,18,28,36,46.8,462,39,10,54,34,466,77,7,1,1,54,6,0,0,0,88,5,16.7,0.0,0.0432692307692307,0.0432692307692307,0.0,0.0692307692307692,0.0692307692307692,0.0822115384615384,0.1514423076923077,0.0064903846153846,1.3846153846153846,0.3028846153846154,16.745192307692307,22.88942307692308,320.4086538461538,87.3173076923077,0.0735576923076923,1.1682692307692308,1.7307692307692308,0.951923076923077,0.0865384615384615,2.1201923076923075,0.8653846153846154,0.0865384615384615,0.3894230769230769,3.548076923076923,2.3365384615384617,1.6442307692307694,0.9951923076923076,1.0384615384615383,0.3028846153846154,0.7788461538461539,3.1153846153846154,0.7355769230769231,0.8653846153846154,35.09134615384615,0.7788461538461539,1.2115384615384617,1.5576923076923077,19.990384615384613,1.6875,0.4326923076923077,2.3365384615384617,1.4711538461538465,20.16346153846154,3.331730769230769,0.3028846153846154,0.0432692307692307,2.3365384615384617,0.2596153846153846,0.0,0.0,0.0,3.807692307692308,0.2163461538461538,MF,FW,midfield,4
Mattias Svanberg,se SWE,MF,Wolfsburg,de Bundesliga,25.0,1999.0,20,14,1219,13.5,3,1,4,3,0,0,3.6,3.6,1.7,5.4,0.4,21,7,33.3,1.55,0.52,0.14,0.43,0.17,259,377,68.7,3931,1508,1.6,13,36,4,1,35,14,0,0,36,29,2.14,5,0.37,20,10,6,11,3,47.4,15,35,26,12,0,520,27,25,10,40.0,235,11,1,19,10,279,39,4,0,0,16,4,0,0,0,48,12,37.5,0.2214930270713699,0.07383100902379,0.29532403609516,0.2214930270713699,0.2657916324856439,0.2657916324856439,0.1255127153404429,0.398687448728466,0.0295324036095159,1.5504511894995898,0.51681706316653,19.122231337161608,27.83429040196883,290.22969647251847,111.33716160787532,0.1181296144380639,0.9598031173092698,2.65791632485644,0.29532403609516,0.07383100902379,2.5840853158326498,1.03363412633306,0.0,0.0,2.65791632485644,1.4766201804758,0.7383100902379,0.4429860541427399,0.81214109926169,0.2214930270713699,1.10746513535685,2.5840853158326498,1.91960623461854,0.8859721082854799,38.39212469237079,1.9934372436423295,1.84577522559475,0.7383100902379,17.350287120590647,0.81214109926169,0.07383100902379,1.40278917145201,0.7383100902379,20.59885151763741,2.879409351927809,0.29532403609516,0.0,1.18129614438064,0.29532403609516,0.0,0.0,0.0,3.54388843314192,0.8859721082854799,MF,,midfield,4
Dominik Szoboszlai,hu HUN,MF,Liverpool,eng Premier League,23.0,2000.0,36,29,2491,27.7,6,6,12,6,0,0,7.3,7.3,7.4,14.7,0.53,67,22,32.8,2.42,0.79,0.09,0.27,0.11,1114,1322,84.3,17528,3641,5.9,56,88,33,5,41,17,5,14,131,119,4.3,16,0.58,38,20,14,19,5,37.8,9,47,19,27,2,1584,32,104,21,51.2,805,72,18,37,23,1073,127,6,0,0,44,3,0,0,0,133,19,45.2,0.2167804094741068,0.2167804094741068,0.4335608189482136,0.2167804094741068,0.2637494981934966,0.2637494981934966,0.267362505018065,0.5311120032115616,0.0191489361702127,2.4207145724608594,0.7948615014050582,40.24889602569249,47.76395022079486,633.2878362103573,131.54957848253713,0.2131674026495383,2.02328382175833,3.1794460056202327,1.1922922521075872,0.1806503412284223,1.4813327980730628,0.6142111601766359,0.1806503412284223,0.5058209554395825,4.733038940184665,1.3729425933360098,0.7226013649136893,0.5058209554395825,0.6864712966680049,0.1806503412284223,0.3251706142111601,1.6981132075471697,0.6864712966680049,0.9755118426334805,57.230028101164194,1.156162183861903,3.757527097551185,0.7587314331593739,29.084704937776,2.6013649136892814,0.6503412284223203,1.336812525090325,0.8309915696507427,38.76756322761943,4.588518667201927,0.2167804094741068,0.0,1.5897230028101164,0.1083902047370534,0.0,0.0,0.0,4.805299076676034,0.6864712966680049,MF,,midfield,0
Renato Tapia,pe PER,"MF,DF",Leganés,es La Liga,29.0,1995.0,34,28,2424,26.9,1,0,1,1,0,0,0.6,0.6,0.4,1.0,0.04,14,6,42.9,0.52,0.22,0.07,0.17,0.05,838,1070,78.3,14894,4774,0.8,8,80,9,0,12,0,4,20,83,24,0.89,4,0.15,61,35,30,27,4,48.0,27,88,86,25,2,1397,134,13,19,51.4,663,17,3,33,15,779,20,8,0,0,38,1,0,0,0,155,32,57.1,0.0371287128712871,0.0,0.0371287128712871,0.0371287128712871,0.0222772277227722,0.0222772277227722,0.0148514851485148,0.0371287128712871,0.0014851485148514,0.5198019801980198,0.2227722772277227,31.113861386138613,39.727722772277225,552.9950495049504,177.25247524752476,0.0297029702970297,0.297029702970297,2.97029702970297,0.3341584158415841,0.0,0.4455445544554455,0.0,0.1485148514851485,0.7425742574257425,3.0816831683168315,2.264851485148515,1.2995049504950495,1.113861386138614,1.0024752475247525,0.1485148514851485,1.0024752475247525,3.267326732673268,3.193069306930693,0.9282178217821782,51.86881188118812,4.975247524752476,0.4826732673267326,0.7054455445544554,24.61633663366337,0.6311881188118812,0.1113861386138613,1.2252475247524752,0.556930693069307,28.923267326732677,0.7425742574257425,0.297029702970297,0.0,1.4108910891089108,0.0371287128712871,0.0,0.0,0.0,5.7549504950495045,1.188118811881188,MF,DF,midfield,2
Florian Tardieu,fr FRA,MF,Saint-Étienne,fr Ligue 1,32.0,1992.0,24,13,1252,13.9,2,4,6,2,0,0,0.6,0.6,1.3,1.9,0.15,16,3,18.8,1.15,0.22,0.13,0.67,0.04,869,1013,85.8,13919,5229,1.6,19,127,24,0,24,16,4,6,139,45,3.48,5,0.39,18,14,6,9,3,35.3,15,33,21,7,0,1141,42,16,3,23.1,598,11,0,15,9,846,44,0,0,0,10,2,0,1,0,83,14,63.6,0.1437699680511182,0.2875399361022364,0.4313099041533546,0.1437699680511182,0.0431309904153354,0.0431309904153354,0.0934504792332268,0.1365814696485623,0.0107827476038338,1.1501597444089455,0.2156549520766773,62.46805111821086,72.81948881789138,1000.5670926517572,375.8865814696486,0.1150159744408945,1.365814696485623,9.129392971246006,1.7252396166134183,0.0,1.7252396166134183,1.1501597444089455,0.2875399361022364,0.4313099041533546,9.992012779552716,1.293929712460064,1.0063897763578271,0.4313099041533546,0.646964856230032,0.2156549520766773,1.0782747603833864,2.3722044728434506,1.5095846645367412,0.5031948881789137,82.02076677316295,3.0191693290734825,1.1501597444089455,0.2156549520766773,42.98722044728434,0.7907348242811502,0.0,1.0782747603833864,0.646964856230032,60.814696485623,3.1629392971246006,0.0,0.0,0.7188498402555911,0.1437699680511182,0.0,0.0718849840255591,0.0,5.966453674121405,1.0063897763578271,MF,,midfield,3
Oussama Targhalline,ma MAR,MF,Le Havre,fr Ligue 1,22.0,2002.0,14,12,990,11.0,0,0,0,0,0,0,0.1,0.1,0.7,0.9,0.08,5,0,0.0,0.45,0.0,0.0,,0.03,348,437,79.6,5782,1714,1.2,6,50,13,2,16,2,5,5,66,20,1.82,2,0.18,19,14,12,3,4,41.7,19,38,14,10,2,551,25,11,5,38.5,330,25,1,17,21,385,34,0,0,0,11,0,0,0,0,43,8,57.1,0.0,0.0,0.0,0.0,0.009090909090909,0.009090909090909,0.0636363636363636,0.0818181818181818,0.0072727272727272,0.4545454545454546,0.0,31.63636363636364,39.72727272727273,525.6363636363636,155.8181818181818,0.109090909090909,0.5454545454545454,4.545454545454545,1.181818181818182,0.1818181818181818,1.4545454545454546,0.1818181818181818,0.4545454545454546,0.4545454545454546,6.0,1.727272727272727,1.2727272727272727,1.0909090909090908,0.2727272727272727,0.3636363636363636,1.727272727272727,3.454545454545454,1.2727272727272727,0.9090909090909092,50.09090909090909,2.2727272727272725,1.0,0.4545454545454546,30.0,2.2727272727272725,0.0909090909090909,1.5454545454545454,1.9090909090909087,35.0,3.090909090909091,0.0,0.0,1.0,0.0,0.0,0.0,0.0,3.909090909090909,0.7272727272727273,MF,,midfield,1
Álvaro Tejero,es ESP,"MF,DF",Espanyol,es La Liga,28.0,1996.0,28,13,1238,13.8,1,4,5,1,0,0,0.6,0.6,2.9,3.5,0.26,17,4,23.5,1.24,0.29,0.06,0.25,0.04,453,626,72.4,8414,3082,3.6,33,26,21,12,113,53,1,4,46,55,4.0,9,0.65,14,4,7,6,1,30.4,13,27,34,15,1,757,33,13,3,21.4,336,27,2,17,6,394,72,2,0,0,14,1,0,0,0,64,10,45.5,0.0726978998384491,0.2907915993537964,0.3634894991922455,0.0726978998384491,0.0436187399030694,0.0436187399030694,0.2108239095315024,0.2544426494345719,0.0189014539579967,1.235864297253635,0.2907915993537964,32.932148626817444,45.508885298869146,611.6801292407108,224.0549273021001,0.2617124394184168,2.3990306946688205,1.890145395799677,1.5266558966074315,0.8723747980613893,8.21486268174475,3.852988691437803,0.0726978998384491,0.2907915993537964,3.344103392568659,1.0177705977382876,0.2907915993537964,0.5088852988691438,0.4361873990306946,0.0726978998384491,0.9450726978998384,1.962843295638126,2.47172859450727,1.0904684975767367,55.03231017770597,2.3990306946688205,0.9450726978998384,0.2180936995153473,24.426494345718904,1.962843295638126,0.1453957996768982,1.235864297253635,0.4361873990306946,28.64297253634895,5.234248788368336,0.1453957996768982,0.0,1.0177705977382876,0.0726978998384491,0.0,0.0,0.0,4.652665589660743,0.7269789983844911,MF,DF,midfield,0
Nathan Tella,ng NGA,"MF,FW",Leverkusen,de Bundesliga,25.0,1999.0,27,17,1359,15.1,2,4,6,2,0,0,3.1,3.1,1.5,4.6,0.31,28,10,35.7,1.85,0.66,0.07,0.2,0.11,256,343,74.6,3452,603,1.6,18,15,10,2,25,0,2,1,22,32,2.12,7,0.46,16,11,4,7,5,38.5,4,20,10,20,0,529,8,67,19,37.3,308,38,17,39,16,389,130,1,0,0,22,2,0,0,0,37,11,30.6,0.1324503311258278,0.2649006622516556,0.3973509933774834,0.1324503311258278,0.2052980132450331,0.2052980132450331,0.0993377483443708,0.3046357615894039,0.0205298013245033,1.854304635761589,0.6622516556291391,16.95364238410596,22.71523178807947,228.6092715231788,39.93377483443709,0.1059602649006622,1.1920529801324504,0.9933774834437088,0.6622516556291391,0.1324503311258278,1.6556291390728477,0.0,0.1324503311258278,0.0662251655629139,1.456953642384106,1.0596026490066226,0.728476821192053,0.2649006622516556,0.4635761589403973,0.3311258278145695,0.2649006622516556,1.3245033112582782,0.6622516556291391,1.3245033112582782,35.033112582781456,0.5298013245033113,4.437086092715232,1.2582781456953642,20.397350993377483,2.5165562913907285,1.1258278145695364,2.5827814569536423,1.0596026490066226,25.76158940397351,8.609271523178808,0.0662251655629139,0.0,1.456953642384106,0.1324503311258278,0.0,0.0,0.0,2.450331125827814,0.728476821192053,MF,FW,midfield,4
Ramón Terrats,es ESP,"MF,FW",Getafe,es La Liga,23.0,2000.0,15,15,1219,13.5,4,1,5,4,0,0,2.2,2.2,2.5,4.7,0.35,19,8,42.1,1.4,0.59,0.21,0.5,0.11,228,352,64.8,3750,1171,1.1,16,29,9,3,35,12,5,3,36,32,2.36,2,0.15,20,10,7,8,5,28.6,8,28,16,11,0,493,15,23,25,50.0,256,8,4,33,12,291,37,1,0,0,13,2,0,0,0,53,14,51.9,0.29532403609516,0.07383100902379,0.36915504511895,0.29532403609516,0.162428219852338,0.162428219852338,0.184577522559475,0.347005742411813,0.0258408531583264,1.40278917145201,0.59064807219032,16.83347005742412,25.98851517637408,276.8662838392125,86.45611156685807,0.081214109926169,1.18129614438064,2.14109926168991,0.6644790812141099,0.2214930270713699,2.5840853158326498,0.8859721082854799,0.36915504511895,0.2214930270713699,2.65791632485644,1.4766201804758,0.7383100902379,0.51681706316653,0.59064807219032,0.36915504511895,0.59064807219032,2.06726825266612,1.18129614438064,0.81214109926169,36.39868744872847,1.10746513535685,1.6981132075471697,1.84577522559475,18.90073831009024,0.59064807219032,0.29532403609516,2.436423297785069,0.8859721082854799,21.48482362592289,2.7317473338802296,0.07383100902379,0.0,0.9598031173092698,0.14766201804758,0.0,0.0,0.0,3.9130434782608696,1.03363412633306,MF,FW,midfield,4
Tanner Tessmann,us USA,MF,Lyon,fr Ligue 1,22.0,2001.0,25,13,1234,13.7,1,0,1,1,0,0,1.0,1.0,0.6,1.6,0.11,18,10,55.6,1.31,0.73,0.06,0.1,0.05,685,766,89.4,11703,2664,0.8,7,64,3,0,14,5,1,16,56,18,1.31,1,0.07,25,15,11,10,4,48.0,19,44,29,7,1,915,49,20,10,50.0,575,11,1,12,11,679,27,3,0,0,14,2,0,0,0,63,4,17.4,0.072933549432739,0.0,0.072933549432739,0.072933549432739,0.072933549432739,0.072933549432739,0.0437601296596434,0.1166936790923825,0.0080226904376012,1.312803889789303,0.7293354943273905,49.95948136142625,55.86709886547812,853.5413290113452,194.2949756888169,0.0583468395461912,0.5105348460291734,4.667747163695299,0.2188006482982172,0.0,1.0210696920583469,0.3646677471636952,0.072933549432739,1.1669367909238249,4.084278768233387,1.8233387358184765,1.094003241491086,0.8022690437601296,0.7293354943273905,0.2917341977309562,1.385737439222042,3.2090761750405186,2.1150729335494325,0.5105348460291734,66.73419773095624,3.5737439222042138,1.458670988654781,0.7293354943273905,41.93679092382496,0.8022690437601296,0.072933549432739,0.8752025931928687,0.8022690437601296,49.52188006482982,1.9692058346839547,0.2188006482982172,0.0,1.0210696920583469,0.1458670988654781,0.0,0.0,0.0,4.594813614262561,0.2917341977309562,MF,,midfield,2
Adrien Thomasson,fr FRA,MF,Lens,fr Ligue 1,30.0,1993.0,33,31,2615,29.1,3,7,10,3,0,0,5.9,5.9,6.0,11.9,0.41,41,11,26.8,1.41,0.38,0.07,0.27,0.15,1318,1612,81.8,20594,5103,5.2,56,99,29,7,58,24,4,9,149,109,3.75,11,0.38,90,47,42,25,23,54.7,19,109,28,33,2,1995,52,112,26,43.3,1056,30,9,67,41,1361,138,7,0,0,51,3,0,1,0,206,17,27.4,0.1032504780114722,0.2409177820267686,0.3441682600382409,0.1032504780114722,0.2030592734225621,0.2030592734225621,0.2065009560229445,0.4095602294455067,0.0141108986615678,1.411089866156788,0.378585086042065,45.36137667304016,55.47992351816443,708.7801147227533,175.62906309751435,0.1789674952198852,1.927342256214149,3.407265774378585,0.9980879541108988,0.2409177820267686,1.9961759082217971,0.8260038240917782,0.1376673040152963,0.3097514340344168,5.128107074569789,3.0975143403441683,1.6175908221797322,1.4455066921606117,0.8604206500956023,0.7915869980879542,0.6539196940726577,3.7514340344168255,0.9636711281070744,1.135755258126195,68.66156787762907,1.7896749521988526,3.854684512428298,0.8948374760994263,36.34416826003824,1.032504780114723,0.3097514340344168,2.305927342256214,1.411089866156788,46.84130019120458,4.749521988527725,0.2409177820267686,0.0,1.7552581261950289,0.1032504780114722,0.0,0.034416826003824,0.0,7.089866156787763,0.5850860420650096,MF,,midfield,1
Morten Thorsby,no NOR,"MF,FW",Genoa,it Serie A,28.0,1996.0,30,22,1898,21.1,0,1,1,0,0,0,2.8,2.8,2.1,4.9,0.23,15,6,40.0,0.71,0.28,0.0,0.0,0.19,353,530,66.6,4602,1701,1.2,27,45,10,1,9,0,3,0,58,55,2.61,2,0.09,49,30,19,20,10,58.6,5,54,28,20,1,753,29,66,9,40.9,295,24,6,45,28,470,76,6,0,0,53,2,0,2,1,51,107,51.9,0.0,0.0474183350895679,0.0474183350895679,0.0,0.1327713382507903,0.1327713382507903,0.0995785036880927,0.232349841938883,0.0109062170706006,0.7112750263435196,0.2845100105374078,16.738672286617494,25.13171759747102,218.21917808219175,80.65858798735512,0.0569020021074815,1.280295047418335,2.1338250790305584,0.4741833508956796,0.0474183350895679,0.4267650158061117,0.0,0.1422550052687039,0.0,2.750263435194942,2.32349841938883,1.4225500526870392,0.9009483667017912,0.9483667017913592,0.4741833508956796,0.2370916754478398,2.56059009483667,1.327713382507903,0.9483667017913592,35.70600632244468,1.375131717597471,3.1296101159114857,0.4267650158061117,13.988408851422548,1.1380400421496313,0.2845100105374078,2.1338250790305584,1.327713382507903,22.286617492096944,3.603793466807165,0.2845100105374078,0.0,2.513171759747102,0.0948366701791359,0.0,0.0948366701791359,0.0474183350895679,2.4183350895679663,5.073761854583772,MF,FW,midfield,4
Khéphren Thuram,fr FRA,MF,Juventus,it Serie A,23.0,2001.0,35,26,2326,25.8,4,5,9,4,0,0,3.5,3.5,3.6,7.1,0.28,36,10,27.8,1.39,0.39,0.11,0.4,0.1,1228,1389,88.4,18876,4695,1.8,25,124,19,0,13,0,6,1,123,56,2.17,10,0.39,44,21,16,24,4,56.3,14,58,39,17,2,1661,73,44,39,55.7,1067,74,12,28,23,1258,52,5,0,0,36,2,0,0,0,110,28,49.1,0.1547721410146173,0.1934651762682717,0.348237317282889,0.1547721410146173,0.1354256233877901,0.1354256233877901,0.1392949269131556,0.2747205503009458,0.0108340498710232,1.392949269131556,0.3869303525365434,47.515047291487534,53.74462596732588,730.3697334479793,181.6638005159072,0.0696474634565778,0.9673258813413586,4.797936371453138,0.7351676698194325,0.0,0.5030094582975064,0.0,0.232158211521926,0.0386930352536543,4.759243336199484,1.702493551160791,0.8125537403267412,0.6190885640584695,0.9286328460877042,0.1547721410146173,0.5417024935511607,2.244196044711952,1.5090283748925193,0.6577815993121238,64.26913155631986,2.824591573516767,1.702493551160791,1.5090283748925193,41.28546861564918,2.863284608770422,0.4643164230438521,1.0834049871023217,0.8899398108340498,48.67583834909716,2.0120378331900257,0.1934651762682717,0.0,1.392949269131556,0.0773860705073086,0.0,0.0,0.0,4.256233877901978,1.0834049871023217,MF,,midfield,3
Youri Tielemans,be BEL,MF,Aston Villa,eng Premier League,27.0,1997.0,36,35,3026,33.6,3,7,10,3,0,1,3.3,2.5,7.0,9.5,0.31,40,12,30.0,1.19,0.36,0.08,0.25,0.06,1694,2061,82.2,29049,10244,5.7,60,229,38,4,119,85,24,8,235,122,3.63,12,0.36,84,58,32,44,8,54.8,23,107,47,37,4,2385,103,45,31,50.8,1288,39,9,31,29,1667,48,4,0,0,41,2,0,0,0,145,22,55.0,0.0892267019167217,0.2081956378056841,0.2974223397224058,0.0892267019167217,0.0981493721083939,0.0743555849306014,0.2081956378056841,0.2825512227362855,0.0092200925313945,1.1896893588896231,0.356906807666887,50.38334434897555,61.298744216787846,863.9821546596166,304.6794448116325,0.1695307336417713,1.7845340383344348,6.810971579643093,1.130204890945142,0.1189689358889623,3.539325842696629,2.528089887640449,0.713813615333774,0.2379378717779246,6.989424983476537,2.4983476536682088,1.7250495703899535,0.9517514871116984,1.3086582947785856,0.2379378717779246,0.6840713813615334,3.182419035029742,1.3978849966953073,1.1004626569729017,70.93522802379378,3.06345009914078,1.3384005287508265,0.922009253139458,38.30799735624587,1.1599471249173827,0.2676801057501652,0.922009253139458,0.8625247851949768,49.580304031725056,1.427627230667548,0.1189689358889623,0.0,1.219431592861864,0.0594844679444811,0.0,0.0,0.0,4.312623925974884,0.6543291473892928,MF,,midfield,3
Corentin Tolisso,fr FRA,MF,Lyon,fr Ligue 1,29.0,1994.0,32,27,2329,25.9,7,4,11,7,0,0,5.3,5.3,4.9,10.2,0.4,51,18,35.3,1.97,0.7,0.14,0.39,0.1,1359,1602,84.8,20673,6018,4.9,31,147,35,4,32,1,5,13,166,81,3.13,15,0.58,57,25,21,26,10,52.3,22,79,41,41,1,1917,79,88,11,52.4,1073,31,3,31,20,1409,133,4,0,0,44,1,0,1,0,128,54,48.2,0.270502361528553,0.154572778016316,0.425075139544869,0.270502361528553,0.2048089308716187,0.2048089308716187,0.1893516530699871,0.3941605839416058,0.0154572778016316,1.9708029197080288,0.6955775010734221,52.516101331043366,61.90639759553457,798.8707599828253,232.55474452554745,0.1893516530699871,1.1979390296264492,5.680549592099613,1.3525118076427651,0.154572778016316,1.2365822241305282,0.038643194504079,0.193215972520395,0.5023615285530271,6.414770287677115,2.202662086732503,0.9660798626019752,0.8115070845856591,1.004723057106054,0.38643194504079,0.8501502790897381,3.052812365822241,1.5843709746672392,1.5843709746672392,74.07900386431945,3.052812365822241,3.400601116358952,0.425075139544869,41.46414770287677,1.1979390296264492,0.115929583512237,1.1979390296264492,0.7728638900815801,54.44826105624731,5.139544869042508,0.154572778016316,0.0,1.700300558179476,0.038643194504079,0.0,0.038643194504079,0.0,4.946328896522113,2.0867325032202664,MF,,midfield,3
Sandro Tonali,it ITA,MF,Newcastle Utd,eng Premier League,24.0,2000.0,36,28,2630,29.2,4,2,6,4,0,0,4.4,4.4,2.2,6.6,0.22,35,12,34.3,1.2,0.41,0.11,0.33,0.13,1285,1535,83.7,20569,5348,2.8,28,104,30,5,54,19,7,7,128,78,2.67,9,0.31,51,32,22,23,6,49.0,34,85,33,27,2,1818,64,45,20,54.1,979,37,6,30,23,1257,53,5,0,0,37,6,1,0,0,177,12,50.0,0.1368821292775665,0.0684410646387832,0.2053231939163498,0.1368821292775665,0.1505703422053232,0.1505703422053232,0.0752851711026616,0.2258555133079847,0.0075285171102661,1.1977186311787071,0.4106463878326996,43.97338403041825,52.528517110266165,703.8821292775666,183.0114068441065,0.0958174904942965,0.9581749049429658,3.55893536121673,1.0266159695817492,0.1711026615969581,1.8479087452471483,0.6501901140684411,0.2395437262357414,0.2395437262357414,4.380228136882129,1.7452471482889735,1.0950570342205324,0.752851711026616,0.7870722433460077,0.2053231939163498,1.1634980988593155,2.908745247148289,1.129277566539924,0.9239543726235742,62.21292775665399,2.1901140684410647,1.5399239543726235,0.6844106463878327,33.50190114068441,1.2661596958174903,0.2053231939163498,1.0266159695817492,0.7870722433460077,43.01520912547529,1.8136882129277565,0.1711026615969581,0.0,1.2661596958174903,0.2053231939163498,0.0342205323193916,0.0,0.0,6.057034220532319,0.4106463878326996,MF,,midfield,2
Lucas Torró,es ESP,MF,Osasuna,es La Liga,30.0,1994.0,35,35,2957,32.9,3,0,3,3,0,0,2.3,2.3,1.2,3.5,0.11,31,7,22.6,0.94,0.21,0.1,0.43,0.07,1026,1363,75.3,17419,5017,1.7,10,114,5,0,1,0,1,27,109,38,1.16,3,0.09,74,41,34,35,5,56.3,45,119,70,10,3,1706,105,55,6,66.7,736,10,0,42,23,981,30,10,0,0,75,1,0,2,0,172,159,70.4,0.0913087588772404,0.0,0.0913087588772404,0.0913087588772404,0.0700033818058843,0.0700033818058843,0.0365235035508961,0.1065268853567805,0.0033479878254988,0.9435238417314846,0.213053770713561,31.227595536016235,41.48461278322625,530.1690902942171,152.6986810957051,0.0517416300304362,0.3043625295908014,3.469732837335137,0.1521812647954007,0.0,0.0304362529590801,0.0,0.0304362529590801,0.821778829895164,3.317551572539736,2.252282718971931,1.247886371322286,1.034832600608725,1.0652688535678052,0.1521812647954007,1.3696313831586069,3.6219141021305377,2.1305377071356104,0.3043625295908014,51.924247548190735,3.1958065607034154,1.673993912749408,0.1826175177544808,22.40108217788299,0.3043625295908014,0.0,1.2783226242813663,0.7000338180588435,29.857964152857623,0.9130875887724044,0.3043625295908014,0.0,2.282718971931011,0.0304362529590801,0.0,0.0608725059181603,0.0,5.2350355089617855,4.839364220493743,MF,,midfield,2
Abdoulaye Touré,gn GUI,MF,Le Havre,fr Ligue 1,30.0,1994.0,28,26,2324,25.8,10,1,11,2,8,9,9.4,2.2,0.4,2.6,0.38,38,6,15.8,1.47,0.23,0.05,0.33,0.06,868,1059,82.0,16170,4315,1.1,7,90,10,5,11,0,3,12,109,49,1.9,5,0.19,61,34,31,21,9,55.9,34,95,42,8,5,1354,78,28,17,51.5,714,17,0,29,30,832,28,5,0,0,30,7,1,0,0,160,30,61.2,0.3872633390705679,0.0387263339070568,0.4259896729776248,0.0774526678141136,0.3640275387263339,0.0851979345955249,0.0154905335628227,0.1006884681583476,0.0147160068846815,1.4716006884681585,0.2323580034423408,33.614457831325296,41.01118760757315,626.2048192771084,167.1041308089501,0.0425989672977624,0.2710843373493976,3.485370051635112,0.3872633390705679,0.1936316695352839,0.4259896729776248,0.0,0.1161790017211704,0.4647160068846816,4.221170395869192,2.3623063683304646,1.3166953528399312,1.2005163511187609,0.8132530120481928,0.3485370051635112,1.3166953528399312,3.679001721170396,1.6265060240963856,0.3098106712564544,52.4354561101549,3.0206540447504304,1.0843373493975903,0.6583476764199656,27.65060240963855,0.6583476764199656,0.0,1.123063683304647,1.161790017211704,32.22030981067125,1.0843373493975903,0.1936316695352839,0.0,1.161790017211704,0.2710843373493976,0.0387263339070568,0.0,0.0,6.196213425129087,1.161790017211704,MF,,midfield,1
Philipp Treu,de GER,"MF,DF",St. Pauli,de Bundesliga,23.0,2000.0,33,33,2881,32.0,0,2,2,0,0,0,1.2,1.2,2.5,3.7,0.12,19,4,21.1,0.59,0.12,0.0,0.0,0.07,1225,1532,80.0,18854,5713,2.8,22,62,19,8,60,0,1,1,105,69,2.16,5,0.16,61,42,35,17,9,57.4,19,80,87,45,2,1867,94,46,13,33.3,825,58,11,34,12,979,117,2,0,0,20,4,0,0,1,147,21,36.8,0.0,0.0624783061437001,0.0624783061437001,0.0,0.03748698368622,0.03748698368622,0.0780978826796251,0.1155848663658452,0.003748698368622,0.5935439083651509,0.1249566122874002,38.26796251301632,47.858382506074285,588.9829920166609,178.46928149947934,0.0874696286011801,0.6872613675807012,1.9368274904547036,0.5935439083651509,0.2499132245748004,1.874349184311003,0.0,0.03123915307185,0.03123915307185,3.2801110725442557,1.9055883373828533,1.3120444290177022,1.0933703575147518,0.5310656022214509,0.2811523776466504,0.5935439083651509,2.499132245748004,2.717806317250955,1.4057618882332523,58.32349878514405,2.9364803887539046,1.4370010413051024,0.4061089899340507,25.772301284276296,1.811870878167303,0.3436306837903506,1.062131204442902,0.3748698368622006,30.5831308573412,3.654980909406456,0.0624783061437001,0.0,0.624783061437001,0.1249566122874002,0.0,0.0,0.03123915307185,4.592155501561958,0.6560222145088511,MF,DF,midfield,2
Beñat Turrientes,es ESP,MF,Real Sociedad,es La Liga,22.0,2002.0,21,11,942,10.5,0,0,0,0,0,0,0.6,0.6,0.2,0.7,0.07,7,1,14.3,0.67,0.1,0.0,0.0,0.08,405,452,89.6,6925,1458,0.4,3,40,2,1,19,10,0,6,42,12,1.15,0,0.0,15,6,4,10,1,26.7,5,20,14,2,1,561,27,8,13,54.2,317,18,1,20,11,392,28,4,0,0,13,0,0,0,0,45,10,35.7,0.0,0.0,0.0,0.0,0.0573248407643312,0.0573248407643312,0.019108280254777,0.0668789808917197,0.0066878980891719,0.6687898089171974,0.0955414012738853,38.69426751592357,43.18471337579618,661.624203821656,139.29936305732485,0.0382165605095541,0.286624203821656,3.8216560509554136,0.1910828025477706,0.0955414012738853,1.8152866242038213,0.9554140127388534,0.0,0.5732484076433121,4.012738853503184,1.4331210191082802,0.5732484076433121,0.3821656050955413,0.9554140127388534,0.0955414012738853,0.4777070063694267,1.9108280254777068,1.3375796178343948,0.1910828025477706,53.59872611464968,2.579617834394905,0.7643312101910827,1.2420382165605095,30.286624203821653,1.719745222929936,0.0955414012738853,1.9108280254777068,1.0509554140127388,37.45222929936306,2.6751592356687897,0.3821656050955413,0.0,1.2420382165605095,0.0,0.0,0.0,0.0,4.299363057324841,0.9554140127388534,MF,,midfield,2
Manuel Ugarte Ribeiro,uy URU,MF,Manchester Utd,eng Premier League,23.0,2001.0,29,22,1785,19.8,1,2,3,1,0,0,1.0,1.0,1.1,2.1,0.11,19,4,21.1,0.96,0.2,0.05,0.25,0.05,800,910,87.9,13018,2801,0.7,10,59,9,3,7,0,2,5,61,31,1.56,4,0.2,77,49,34,34,9,44.1,27,104,17,12,2,1161,46,16,18,56.3,668,16,1,32,25,728,20,11,0,0,41,2,0,0,1,122,18,50.0,0.0504201680672268,0.1008403361344537,0.1512605042016807,0.0504201680672268,0.0504201680672268,0.0504201680672268,0.0554621848739495,0.1058823529411764,0.0055462184873949,0.957983193277311,0.2016806722689075,40.33613445378151,45.882352941176464,656.3697478991596,141.2268907563025,0.0352941176470588,0.5042016806722689,2.974789915966386,0.453781512605042,0.1512605042016807,0.3529411764705882,0.0,0.1008403361344537,0.2521008403361344,3.07563025210084,3.882352941176471,2.4705882352941178,1.7142857142857144,1.7142857142857144,0.453781512605042,1.361344537815126,5.243697478991597,0.8571428571428572,0.6050420168067228,58.537815126050425,2.3193277310924367,0.8067226890756302,0.907563025210084,33.680672268907564,0.8067226890756302,0.0504201680672268,1.6134453781512603,1.2605042016806722,36.70588235294117,1.0084033613445378,0.5546218487394958,0.0,2.0672268907563027,0.1008403361344537,0.0,0.0,0.0504201680672268,6.15126050420168,0.907563025210084,MF,,midfield,1
Lesley Ugochukwu,fr FRA,MF,Southampton,eng Premier League,20.0,2004.0,26,18,1655,18.4,1,1,2,1,0,0,0.9,0.9,1.0,1.9,0.1,10,1,10.0,0.54,0.05,0.1,1.0,0.09,600,706,85.0,9335,2081,0.6,14,54,7,1,6,0,2,0,49,24,1.3,1,0.05,50,24,16,30,4,50.0,14,64,23,11,2,879,50,24,19,67.9,479,29,6,12,13,600,20,7,0,0,31,2,0,1,0,67,20,52.6,0.0543806646525679,0.0543806646525679,0.1087613293051359,0.0543806646525679,0.0489425981873111,0.0489425981873111,0.0543806646525679,0.1033232628398791,0.0054380664652567,0.5438066465256798,0.0543806646525679,32.62839879154078,38.392749244713,507.6435045317221,113.16616314199396,0.0326283987915407,0.7613293051359517,2.9365558912386707,0.3806646525679758,0.0543806646525679,0.3262839879154078,0.0,0.1087613293051359,0.0,2.6646525679758306,2.719033232628399,1.3051359516616314,0.8700906344410876,1.6314199395770397,0.2175226586102719,0.7613293051359517,3.4803625377643503,1.2507552870090637,0.5981873111782477,47.800604229607245,2.719033232628399,1.3051359516616314,1.0332326283987916,26.048338368580065,1.5770392749244713,0.3262839879154078,0.6525679758308157,0.7069486404833838,32.62839879154078,1.0876132930513596,0.3806646525679758,0.0,1.6858006042296074,0.1087613293051359,0.0,0.0543806646525679,0.0,3.643504531722054,1.0876132930513596,MF,,midfield,2
Óscar Valentín,es ESP,MF,Rayo Vallecano,es La Liga,29.0,1994.0,34,18,1835,20.4,0,0,0,0,0,0,0.4,0.4,0.9,1.3,0.06,5,1,20.0,0.25,0.05,0.0,0.0,0.09,688,830,82.9,10843,3821,1.1,13,74,6,1,2,0,0,4,86,44,2.16,3,0.15,55,41,21,20,14,43.4,21,76,51,19,2,1068,79,14,5,45.5,509,13,1,18,8,571,8,5,0,0,57,3,0,0,0,109,33,45.8,0.0,0.0,0.0,0.0,0.0196185286103542,0.0196185286103542,0.044141689373297,0.0637602179836512,0.0029427792915531,0.2452316076294277,0.0490463215258855,33.74386920980926,40.70844686648501,531.8092643051771,187.40599455040876,0.0539509536784741,0.6376021798365122,3.629427792915531,0.2942779291553133,0.0490463215258855,0.0980926430517711,0.0,0.0,0.1961852861035422,4.217983651226158,2.6975476839237054,2.010899182561308,1.0299727520435968,0.9809264305177112,0.6866485013623979,1.0299727520435968,3.7275204359673024,2.501362397820164,0.9318801089918256,52.38147138964578,3.874659400544959,0.6866485013623979,0.2452316076294277,24.964577656675747,0.6376021798365122,0.0490463215258855,0.8828337874659401,0.3923705722070845,28.00544959128065,0.3923705722070845,0.2452316076294277,0.0,2.795640326975477,0.1471389645776566,0.0,0.0,0.0,5.346049046321526,1.6185286103542234,MF,,midfield,1
Federico Valverde,uy URU,"MF,DF",Real Madrid,es La Liga,26.0,1998.0,36,34,3032,33.7,6,4,10,6,0,0,2.7,2.7,3.1,5.8,0.17,57,22,38.6,1.69,0.65,0.11,0.27,0.05,2010,2237,89.9,34974,10229,3.2,39,232,31,2,26,3,3,50,226,87,2.58,13,0.39,50,30,22,23,5,67.4,55,105,52,23,1,2543,98,43,16,57.1,1525,66,5,35,1,1905,76,4,0,0,12,0,0,0,0,174,27,64.3,0.1781002638522427,0.1187335092348284,0.2968337730870712,0.1781002638522427,0.0801451187335092,0.0801451187335092,0.092018469656992,0.1721635883905013,0.0050461741424802,1.691952506596306,0.6530343007915568,59.66358839050132,66.40171503957784,1038.1464379947229,303.63126649076514,0.0949868073878627,1.1576517150395778,6.886543535620053,0.9201846965699207,0.0593667546174142,0.7717678100263852,0.0890501319261213,0.0890501319261213,1.4841688654353562,6.70844327176781,1.4841688654353562,0.8905013192612138,0.6530343007915568,0.6827176781002638,0.1484168865435356,1.6325857519788918,3.1167546174142484,1.5435356200527703,0.6827176781002638,75.48482849604221,2.908970976253298,1.2763852242744065,0.4749340369393139,45.26715039577836,1.9591029023746704,0.1484168865435356,1.0389182058047493,0.0296833773087071,56.54683377308707,2.2559366754617414,0.1187335092348284,0.0,0.3562005277044855,0.0,0.0,0.0,0.0,5.16490765171504,0.8014511873350925,MF,DF,midfield,3
José Luis García Vayá,es ESP,MF,Valencia,es La Liga,25.0,1998.0,34,18,1742,19.4,2,2,4,0,2,2,2.1,0.5,2.1,2.6,0.22,12,4,33.3,0.62,0.21,0.0,0.0,0.04,970,1237,78.4,18326,6217,2.6,32,163,6,3,109,72,4,25,142,53,2.74,3,0.15,43,25,24,13,6,57.6,19,62,42,12,0,1406,61,12,8,61.5,645,13,1,16,11,857,19,8,1,0,26,1,0,0,0,99,23,52.3,0.1033295063145809,0.1033295063145809,0.2066590126291619,0.0,0.1084959816303099,0.0258323765786452,0.1084959816303099,0.1343283582089552,0.0113662456946039,0.6199770378874856,0.2066590126291619,50.11481056257176,63.90929965556831,946.8082663605052,321.19977037887486,0.1343283582089552,1.6532721010332951,8.421354764638346,0.3099885189437428,0.1549942594718714,5.631458094144662,3.719862227324914,0.2066590126291619,1.291618828932262,7.336394948335247,2.22158438576349,1.291618828932262,1.2399540757749712,0.6716417910447761,0.3099885189437428,0.981630309988519,3.2032146957520093,2.1699196326062,0.6199770378874856,72.6406429391504,3.151549942594719,0.6199770378874856,0.4133180252583238,33.32376578645236,0.6716417910447761,0.0516647531572904,0.8266360505166476,0.5683122847301951,44.27669345579793,0.981630309988519,0.4133180252583238,0.0516647531572904,1.343283582089552,0.0516647531572904,0.0,0.0,0.0,5.114810562571757,1.188289322617681,MF,,midfield,3
Jordan Veretout,fr FRA,MF,Lyon,fr Ligue 1,31.0,1993.0,27,19,1553,17.3,2,0,2,2,0,0,1.9,1.9,0.6,2.5,0.14,21,9,42.9,1.22,0.52,0.1,0.22,0.09,792,944,83.9,13258,3471,0.9,13,86,12,0,26,8,1,6,99,36,2.09,1,0.06,30,14,14,14,2,42.5,5,35,23,14,1,1085,32,28,5,55.6,597,35,6,22,7,770,60,3,0,0,23,0,0,0,0,88,12,44.4,0.1159047005795235,0.0,0.1159047005795235,0.1159047005795235,0.1101094655505473,0.1101094655505473,0.034771410173857,0.1448808757244043,0.0081133290405666,1.2169993560849968,0.5215711526078557,45.8982614294913,54.70701867353509,768.3322601416612,201.15260785576305,0.0521571152607855,0.7533805537669027,4.983902124919511,0.6954282034771411,0.0,1.5067611075338054,0.463618802318094,0.0579523502897617,0.3477141017385705,5.737282678686412,1.738570508692853,0.8113329040566645,0.8113329040566645,0.8113329040566645,0.1159047005795235,0.2897617514488087,2.0283322601416613,1.3329040566645205,0.8113329040566645,62.8783000643915,1.854475209272376,1.622665808113329,0.2897617514488087,34.59755312298776,2.0283322601416613,0.3477141017385705,1.2749517063747586,0.4056664520283322,44.62330972311655,3.4771410173857054,0.1738570508692852,0.0,1.3329040566645205,0.0,0.0,0.0,0.0,5.0998068254990345,0.6954282034771411,MF,,midfield,2
Arthur Vermeeren,be BEL,MF,RB Leipzig,de Bundesliga,19.0,2005.0,28,18,1572,17.5,0,2,2,0,0,0,0.4,0.4,0.9,1.3,0.07,4,1,25.0,0.23,0.06,0.0,0.0,0.09,821,953,86.1,12663,3480,1.3,12,71,6,0,3,0,2,1,77,28,1.6,2,0.11,32,19,14,13,5,29.8,23,55,25,18,2,1109,46,6,6,40.0,536,14,1,19,12,753,20,7,0,0,22,0,0,0,0,94,8,28.6,0.0,0.1145038167938931,0.1145038167938931,0.0,0.0229007633587786,0.0229007633587786,0.0515267175572519,0.0744274809160305,0.0040076335877862,0.2290076335877862,0.0572519083969465,47.00381679389314,54.56106870229007,724.9809160305343,199.23664122137404,0.0744274809160305,0.6870229007633587,4.064885496183206,0.3435114503816793,0.0,0.1717557251908396,0.0,0.1145038167938931,0.0572519083969465,4.408396946564886,1.8320610687022905,1.0877862595419847,0.8015267175572519,0.7442748091603053,0.2862595419847328,1.3167938931297711,3.148854961832061,1.431297709923664,1.0305343511450382,63.49236641221374,2.6335877862595423,0.3435114503816793,0.3435114503816793,30.68702290076336,0.8015267175572519,0.0572519083969465,1.0877862595419847,0.6870229007633587,43.11068702290076,1.1450381679389312,0.4007633587786259,0.0,1.2595419847328244,0.0,0.0,0.0,0.0,5.3816793893129775,0.4580152671755725,MF,,midfield,2
Mikel Vesga,es ESP,MF,Athletic Club,es La Liga,31.0,1993.0,25,10,988,11.0,0,0,0,0,0,1,1.2,0.4,1.0,1.4,0.2,5,2,40.0,0.46,0.18,0.0,0.0,0.08,429,539,79.6,7559,2180,0.7,12,51,5,0,8,0,3,4,64,21,1.91,1,0.09,22,15,7,13,2,42.9,15,37,26,4,0,653,30,11,7,58.3,291,10,3,11,9,400,22,1,0,0,14,0,0,0,0,66,25,61.0,0.0,0.0,0.0,0.0,0.1093117408906882,0.0364372469635627,0.0910931174089068,0.1275303643724696,0.0182186234817813,0.4554655870445344,0.1821862348178137,39.078947368421055,49.09919028340081,688.5728744939271,198.58299595141705,0.0637651821862348,1.0931174089068827,4.645748987854251,0.4554655870445344,0.0,0.728744939271255,0.0,0.2732793522267207,0.3643724696356275,5.82995951417004,2.004048582995951,1.3663967611336032,0.6376518218623481,1.1842105263157894,0.1821862348178137,1.3663967611336032,3.3704453441295548,2.3684210526315788,0.3643724696356275,59.4838056680162,2.7327935222672064,1.0020242914979756,0.6376518218623481,26.508097165991902,0.9109311740890688,0.2732793522267207,1.0020242914979756,0.8198380566801619,36.43724696356275,2.004048582995951,0.0910931174089068,0.0,1.2753036437246963,0.0,0.0,0.0,0.0,6.012145748987855,2.277327935222672,MF,,midfield,1
Vitinha,pt POR,MF,Paris S-G,fr Ligue 1,24.0,2000.0,29,20,2042,22.7,5,1,6,3,2,2,3.4,1.8,2.6,4.4,0.27,25,12,48.0,1.1,0.53,0.12,0.25,0.07,2236,2403,93.1,39605,9228,3.8,27,257,37,3,21,6,13,22,224,73,3.22,4,0.18,43,23,13,27,3,52.1,14,57,19,19,2,2581,58,32,27,67.5,1756,53,9,30,19,2160,57,1,0,0,9,0,0,0,0,144,1,16.7,0.2203721841332027,0.0440744368266405,0.2644466209598433,0.1322233104799216,0.1498530852105778,0.0793339862879529,0.1145935357492654,0.1939275220372184,0.0119000979431929,1.1018609206660137,0.5288932419196866,98.55044074436826,105.91087169441724,1745.568070519099,406.718903036239,0.167482859941234,1.1900097943192949,11.32713026444662,1.6307541625857005,0.1322233104799216,0.9255631733594516,0.2644466209598433,0.5729676787463271,0.969637610186092,9.872673849167484,1.895200783545544,1.0137120470127323,0.5729676787463271,1.1900097943192949,0.1322233104799216,0.6170421155729677,2.5122428991185117,0.8374142997061704,0.8374142997061704,113.75612144955926,2.556317335945152,1.4103819784524976,1.1900097943192949,77.3947110675808,2.3359451518119494,0.396669931439765,1.3222331047992164,0.8374142997061704,95.2007835455436,2.5122428991185117,0.0440744368266405,0.0,0.396669931439765,0.0,0.0,0.0,0.0,6.34671890303624,0.0440744368266405,MF,,midfield,3
Nikola Vlašić,hr CRO,"MF,FW",Torino,it Serie A,26.0,1997.0,30,23,2117,23.5,5,4,9,3,2,2,3.4,1.8,2.4,4.2,0.25,30,10,33.3,1.28,0.43,0.1,0.3,0.06,613,768,79.8,8813,2258,2.0,32,57,24,4,26,1,3,4,94,70,2.98,8,0.34,37,19,11,17,9,40.0,9,46,15,19,0,983,15,59,24,50.0,607,53,12,44,42,713,110,0,0,0,28,3,0,0,0,93,27,48.2,0.2125649504015115,0.1700519603212092,0.3826169107227208,0.1275389702409069,0.1445441662730278,0.0765233821445441,0.1020311761927255,0.1785545583372697,0.0106282475200755,1.2753897024090697,0.4251299008030231,26.06046291922532,32.64997638167218,374.6669815777043,95.9943316013226,0.0850259801606046,1.360415682569674,2.423240434577232,1.0203117619272557,0.1700519603212092,1.10533774208786,0.0425129900803023,0.1275389702409069,0.1700519603212092,3.996221067548417,1.5729806329711855,0.807746811525744,0.4676428908833254,0.7227208313651393,0.3826169107227208,0.3826169107227208,1.9555975436939064,0.6376948512045347,0.807746811525744,41.79026924893717,0.6376948512045347,2.508266414737837,1.0203117619272557,25.805384978743504,2.253188474256022,0.5101558809636279,1.8705715635333016,1.7855455833726974,30.31176192725555,4.676428908833255,0.0,0.0,1.1903637222484649,0.1275389702409069,0.0,0.0,0.0,3.9537080774681153,1.1478507321681626,MF,FW,midfield,4
Paul Wanner,de GER,"MF,FW",Heidenheim,de Bundesliga,18.0,2005.0,29,20,1771,19.7,3,2,5,2,1,1,3.7,2.9,1.3,4.1,0.25,24,5,20.8,1.22,0.25,0.08,0.4,0.12,518,709,73.1,7975,2039,1.8,20,43,13,3,52,25,4,2,64,51,2.59,7,0.36,40,27,16,21,3,46.9,4,44,20,19,0,935,19,41,25,42.4,496,28,6,45,37,575,65,2,0,0,23,5,0,0,0,90,12,40.0,0.1524562394127611,0.1016374929418407,0.2540937323546019,0.1016374929418407,0.1880293619424054,0.1473743647656691,0.0660643704121965,0.2083568605307735,0.01270468661773,1.2196499153020892,0.2540937323546019,26.32411067193676,36.03049124788255,405.2795031055901,103.61942405420666,0.0914737436476566,1.0163749294184077,2.1852060982495765,0.660643704121965,0.1524562394127611,2.64257481648786,1.2704686617730097,0.2032749858836815,0.1016374929418407,3.252399774138905,2.032749858836816,1.3721061547148503,0.8130999435347261,1.067193675889328,0.1524562394127611,0.2032749858836815,2.2360248447204967,1.0163749294184077,0.9655561829474872,47.51552795031056,0.9655561829474872,2.083568605307736,1.2704686617730097,25.20609824957651,1.4229249011857708,0.3049124788255223,2.2868435911914173,1.8802936194240545,29.22077922077922,3.303218520609825,0.1016374929418407,0.0,1.168831168831169,0.2540937323546019,0.0,0.0,0.0,4.573687182382835,0.6098249576510446,MF,FW,midfield,4
James Ward-Prowse,eng ENG,MF,West Ham,eng Premier League,29.0,1994.0,15,12,1039,11.5,1,1,2,1,0,0,1.6,1.6,1.9,3.6,0.31,13,5,38.5,1.13,0.43,0.08,0.2,0.13,677,768,88.2,11241,3140,1.8,20,76,5,2,49,34,0,9,54,34,2.95,1,0.09,20,14,8,8,4,36.8,8,28,15,4,0,849,30,11,2,40.0,427,11,0,3,6,593,9,2,0,0,10,0,0,0,0,52,10,66.7,0.0866217516843118,0.0866217516843118,0.1732435033686236,0.0866217516843118,0.1385948026948989,0.1385948026948989,0.1645813282001924,0.3118383060635226,0.0268527430221366,1.1260827718960538,0.4331087584215591,58.64292589027912,66.52550529355149,973.7151106833494,271.9923002887392,0.1559191530317613,1.7324350336862366,6.5832531280077,0.4331087584215591,0.1732435033686236,4.24446583253128,2.9451395572666024,0.0,0.7795957651588065,4.677574590952839,1.7324350336862366,1.2127045235803655,0.6929740134744947,0.6929740134744947,0.3464870067372473,0.6929740134744947,2.4254090471607315,1.2993262752646777,0.3464870067372473,73.54186717998076,2.598652550529355,0.9528392685274302,0.1732435033686236,36.98748796920116,0.9528392685274302,0.0,0.2598652550529355,0.519730510105871,51.36669874879692,0.7795957651588065,0.1732435033686236,0.0,0.8662175168431183,0.0,0.0,0.0,0.0,4.504331087584215,0.8662175168431183,MF,,midfield,3
Julian Weigl,de GER,MF,Gladbach,de Bundesliga,28.0,1995.0,33,33,2881,32.0,0,2,2,0,0,0,0.7,0.7,1.1,1.9,0.06,19,6,31.6,0.59,0.19,0.0,0.0,0.04,1557,1763,88.3,28131,8594,1.9,11,121,18,1,11,1,5,6,122,51,1.59,6,0.19,53,25,24,24,5,60.9,48,101,86,23,3,2075,122,9,7,87.5,1061,11,1,13,10,1416,9,8,0,0,23,1,0,3,0,133,39,67.2,0.0,0.0624783061437001,0.0624783061437001,0.0,0.021867407150295,0.021867407150295,0.034363068379035,0.059354390836515,0.001874349184311,0.5935439083651509,0.1874349184311003,48.639361332870536,55.07462686567164,878.7886150642138,268.46928149947934,0.059354390836515,0.3436306837903506,3.779937521693856,0.5623047552933009,0.03123915307185,0.3436306837903506,0.03123915307185,0.1561957653592502,0.1874349184311003,3.8111766747657065,1.655675112808053,0.7809788267962512,0.7497396737244012,0.7497396737244012,0.1561957653592502,1.4994793474488024,3.1551544602568558,2.686567164179104,0.7185005206525512,64.82124262408885,3.8111766747657065,0.2811523776466504,0.2186740715029503,33.14474140923291,0.3436306837903506,0.03123915307185,0.4061089899340507,0.3123915307185005,44.23464074973968,0.2811523776466504,0.2499132245748004,0.0,0.7185005206525512,0.03123915307185,0.0,0.0937174592155501,0.0,4.154807358556057,1.2183269698021522,MF,,midfield,2
Adam Wharton,eng ENG,MF,Crystal Palace,eng Premier League,20.0,2004.0,20,16,1318,14.6,0,2,2,0,0,0,0.4,0.4,3.0,3.4,0.23,13,5,38.5,0.89,0.34,0.0,0.0,0.03,548,725,75.6,10271,3780,2.2,26,78,18,5,39,26,5,1,107,59,4.03,6,0.41,34,14,14,16,4,38.6,20,54,27,12,0,872,30,11,2,20.0,430,14,2,17,13,533,11,2,0,0,12,0,0,0,0,102,7,30.4,0.0,0.1365705614567526,0.1365705614567526,0.0,0.0273141122913505,0.0273141122913505,0.2048558421851289,0.2321699544764795,0.0157056145675265,0.8877086494688922,0.3414264036418816,37.420333839150224,49.506828528072845,701.3581183611533,258.1183611532625,0.1502276176024279,1.7754172989377843,5.326251896813353,1.229135053110774,0.3414264036418816,2.6631259484066767,1.7754172989377843,0.3414264036418816,0.0682852807283763,7.306525037936266,2.3216995447647952,0.9559939301972686,0.9559939301972686,1.0925644916540214,0.2731411229135053,1.3657056145675266,3.687405159332322,1.843702579666161,0.8194233687405159,59.54476479514416,2.04855842185129,0.7511380880121395,0.1365705614567526,29.362670713201823,0.9559939301972686,0.1365705614567526,1.1608497723823976,0.8877086494688922,36.39605462822458,0.7511380880121395,0.1365705614567526,0.0,0.8194233687405159,0.0,0.0,0.0,0.0,6.965098634294385,0.4779969650986343,MF,,midfield,3
Joe Willock,eng ENG,"MF,FW",Newcastle Utd,eng Premier League,24.0,1999.0,32,11,1086,12.1,0,2,2,0,0,0,1.6,1.6,2.1,3.8,0.31,18,3,16.7,1.49,0.25,0.0,0.0,0.09,300,363,82.6,4282,903,0.9,22,28,8,0,18,0,0,2,41,45,3.73,4,0.33,30,17,15,12,3,58.1,6,36,7,8,0,533,12,55,12,34.3,325,38,16,37,23,372,86,4,0,0,23,1,0,0,0,40,5,26.3,0.0,0.1657458563535911,0.1657458563535911,0.0,0.1325966850828729,0.1325966850828729,0.1740331491712707,0.3149171270718232,0.0256906077348066,1.4917127071823204,0.2486187845303867,24.861878453038678,30.082872928176798,354.8618784530387,74.83425414364642,0.074585635359116,1.8232044198895028,2.320441988950276,0.6629834254143646,0.0,1.4917127071823204,0.0,0.0,0.1657458563535911,3.3977900552486187,2.4861878453038675,1.408839779005525,1.2430939226519335,0.9944751381215468,0.2486187845303867,0.4972375690607734,2.983425414364641,0.580110497237569,0.6629834254143646,44.17127071823205,0.9944751381215468,4.558011049723757,0.9944751381215468,26.933701657458563,3.149171270718232,1.3259668508287292,3.0662983425414367,1.9060773480662985,30.82872928176796,7.12707182320442,0.3314917127071823,0.0,1.9060773480662985,0.0828729281767955,0.0,0.0,0.0,3.314917127071824,0.4143646408839779,MF,FW,midfield,4
Patrick Wimmer,at AUT,"MF,FW",Wolfsburg,de Bundesliga,23.0,2001.0,29,22,1770,19.7,3,4,7,3,0,0,3.7,3.7,2.9,6.7,0.34,41,10,24.4,2.08,0.51,0.07,0.3,0.09,427,650,65.7,7363,2757,3.4,24,55,23,4,42,21,7,4,91,71,3.61,12,0.61,47,35,19,21,7,32.6,32,79,15,39,2,920,20,63,37,53.6,504,46,13,43,27,532,75,5,1,0,36,5,0,0,0,92,36,42.4,0.1525423728813559,0.2033898305084746,0.3559322033898305,0.1525423728813559,0.188135593220339,0.188135593220339,0.147457627118644,0.3406779661016949,0.0172881355932203,2.0847457627118646,0.5084745762711864,21.71186440677966,33.05084745762712,374.3898305084746,140.1864406779661,0.1728813559322033,1.220338983050847,2.796610169491525,1.1694915254237288,0.2033898305084746,2.135593220338983,1.0677966101694916,0.3559322033898305,0.2033898305084746,4.627118644067797,2.389830508474576,1.779661016949153,0.9661016949152542,1.0677966101694916,0.3559322033898305,1.6271186440677967,4.016949152542373,0.7627118644067796,1.9830508474576272,46.77966101694915,1.0169491525423728,3.2033898305084745,1.8813559322033897,25.6271186440678,2.3389830508474576,0.6610169491525424,2.1864406779661016,1.3728813559322035,27.05084745762712,3.813559322033898,0.2542372881355932,0.0508474576271186,1.830508474576271,0.2542372881355932,0.0,0.0,0.0,4.677966101694915,1.830508474576271,MF,FW,midfield,1
Harry Winks,eng ENG,MF,Leicester City,eng Premier League,28.0,1996.0,22,17,1538,17.1,0,2,2,0,0,0,0.2,0.2,1.2,1.5,0.09,10,4,40.0,0.59,0.23,0.0,0.0,0.02,910,1045,87.1,14101,5048,1.5,17,110,7,5,34,16,4,2,101,39,2.28,3,0.18,24,11,12,10,2,43.3,9,33,20,11,0,1158,49,1,3,25.0,696,19,0,13,8,827,11,4,0,0,9,1,0,0,0,106,8,57.1,0.0,0.1170351105331599,0.1170351105331599,0.0,0.0117035110533159,0.0117035110533159,0.0702210663198959,0.0877763328998699,0.0052665799739921,0.5851755526657997,0.2340702210663199,53.25097529258778,61.15084525357607,825.1560468140442,295.39661898569574,0.0877763328998699,0.9947984395318596,6.436931079323798,0.4096228868660598,0.2925877763328998,1.989596879063719,0.9362808842652796,0.2340702210663199,0.1170351105331599,5.910273081924577,1.4044213263979195,0.6436931079323797,0.7022106631989598,0.5851755526657997,0.1170351105331599,0.5266579973992198,1.931079323797139,1.1703511053315994,0.6436931079323797,67.7633289986996,2.8673602080624185,0.0585175552665799,0.1755526657997399,40.72821846553966,1.1118335500650196,0.0,0.7607282184655397,0.4681404421326398,48.39401820546164,0.6436931079323797,0.2340702210663199,0.0,0.5266579973992198,0.0585175552665799,0.0,0.0,0.0,6.202860858257477,0.4681404421326398,MF,,midfield,3
Florian Wirtz,de GER,"MF,FW",Leverkusen,de Bundesliga,21.0,2003.0,31,25,2351,26.1,10,12,22,8,2,4,9.4,6.1,7.0,13.1,0.63,74,35,47.3,2.83,1.34,0.11,0.23,0.08,1370,1749,78.3,18566,5171,9.4,57,96,65,8,101,42,26,8,176,148,5.66,26,0.99,32,20,10,12,10,40.9,10,42,6,40,1,2096,10,137,82,49.1,1217,131,53,58,47,1638,309,3,0,0,22,4,1,0,0,113,9,20.0,0.3828158230540195,0.4593789876648235,0.842194810718843,0.3062526584432156,0.3598468736707784,0.2335176520629519,0.2679710761378137,0.5014887282007656,0.0241173968524032,2.8328370905997446,1.3398553806890685,52.44576775840068,66.95448745214803,710.7358570820927,197.95406210123352,0.3598468736707784,2.182050191407912,3.675031901318588,2.4883028498511277,0.3062526584432156,3.8664398128455977,1.6078264568268823,0.9953211399404508,0.3062526584432156,6.737558485750744,1.2250106337728626,0.7656316461080391,0.3828158230540195,0.4593789876648235,0.3828158230540195,0.3828158230540195,1.6078264568268823,0.2296894938324117,1.5312632922160785,80.2381965121225,0.3828158230540195,5.244576775840068,3.139089749042961,46.58868566567418,5.014887282007656,2.0289238621863035,2.2203317737133137,1.799234368353892,62.70523181624841,11.829008932369206,0.1148447469162058,0.0,0.842194810718843,0.1531263292216078,0.0382815823054019,0.0,0.0,4.325818800510421,0.3445342407486176,MF,FW,midfield,0
Dani de Wit,nl NED,"MF,FW",Bochum,de Bundesliga,26.0,1998.0,28,11,1153,12.8,2,1,3,2,0,0,2.1,2.1,0.5,2.7,0.21,20,7,35.0,1.56,0.55,0.1,0.29,0.11,296,411,72.0,4084,1104,0.5,10,24,5,2,8,0,1,0,33,22,1.72,2,0.16,29,17,11,15,3,58.1,12,41,23,8,1,558,27,37,1,12.5,244,5,0,11,3,311,37,1,0,0,24,2,2,0,0,36,41,46.1,0.1561144839549002,0.0780572419774501,0.2341717259323504,0.1561144839549002,0.1639202081526453,0.1639202081526453,0.039028620988725,0.2107545533391153,0.0163920208152645,1.5611448395490024,0.546400693842151,23.10494362532524,32.08152645273201,318.7857762359063,86.17519514310494,0.039028620988725,0.7805724197745012,1.873373807458803,0.3902862098872506,0.1561144839549002,0.6244579358196011,0.0,0.0780572419774501,0.0,2.575888985255854,2.2636600173460537,1.3269731136166525,0.8586296617519515,1.170858629661752,0.2341717259323504,0.9366869037294016,3.200346921075455,1.795316565481353,0.6244579358196011,43.55594102341717,2.107545533391153,2.8881179531656547,0.0780572419774501,19.045967042497832,0.3902862098872506,0.0,0.8586296617519515,0.2341717259323504,24.27580225498699,2.8881179531656547,0.0780572419774501,0.0,1.873373807458803,0.1561144839549002,0.1561144839549002,0.0,0.0,2.8100607111882048,3.200346921075455,MF,FW,midfield,2
Jeong Woo-yeong,kr KOR,"MF,FW",Union Berlin,de Bundesliga,24.0,1999.0,23,17,1263,14.0,3,2,5,3,0,0,2.8,2.8,1.7,4.4,0.31,25,6,24.0,1.78,0.43,0.12,0.5,0.11,381,506,75.3,4914,1386,2.1,18,30,20,5,36,8,2,0,63,49,3.49,5,0.36,10,7,5,5,0,27.3,11,21,11,25,0,621,12,34,12,57.1,386,32,6,23,16,423,93,2,0,0,16,1,0,0,0,68,14,34.1,0.2137767220902613,0.1425178147268408,0.3562945368171021,0.2137767220902613,0.1995249406175772,0.1995249406175772,0.1211401425178147,0.3135391923990499,0.0220902612826603,1.7814726840855106,0.4275534441805226,27.149643705463184,36.057007125890735,350.166270783848,98.76484560570071,0.1496437054631829,1.2826603325415675,2.137767220902613,1.4251781472684084,0.3562945368171021,2.5653206650831355,0.5700712589073634,0.1425178147268408,0.0,4.489311163895487,0.7125890736342042,0.498812351543943,0.3562945368171021,0.3562945368171021,0.0,0.7838479809976248,1.496437054631829,0.7838479809976248,1.7814726840855106,44.25178147268408,0.8551068883610452,2.422802850356294,0.8551068883610452,27.505938242280283,2.2802850356294537,0.4275534441805226,1.6389548693586695,1.1401425178147269,30.14251781472684,6.627078384798099,0.1425178147268408,0.0,1.1401425178147269,0.0712589073634204,0.0,0.0,0.0,4.845605700712588,0.997624703087886,MF,FW,midfield,4
Granit Xhaka,ch SUI,MF,Leverkusen,de Bundesliga,31.0,1992.0,33,33,2888,32.1,2,7,9,2,0,0,0.9,0.9,4.4,5.3,0.17,21,3,14.3,0.65,0.09,0.1,0.67,0.04,2528,2818,89.7,42166,11905,5.1,50,372,40,6,30,1,8,22,318,120,3.74,18,0.56,48,26,15,27,6,57.1,12,60,52,26,6,3052,85,15,7,43.8,1611,42,0,18,14,2368,72,3,0,0,33,2,0,0,1,179,41,61.2,0.0623268698060941,0.2181440443213296,0.2804709141274238,0.0623268698060941,0.0280470914127423,0.0280470914127423,0.1371191135734072,0.1651662049861496,0.005297783933518,0.6544321329639889,0.0934903047091412,78.78116343490305,87.8185595567867,1314.0373961218836,371.00069252077566,0.1589335180055401,1.558171745152355,11.592797783933516,1.2465373961218835,0.1869806094182825,0.9349030470914128,0.031163434903047,0.2493074792243767,0.685595567867036,9.909972299168976,1.4958448753462603,0.8102493074792244,0.4674515235457063,0.8414127423822714,0.1869806094182825,0.3739612188365651,1.8698060941828252,1.6204986149584488,0.8102493074792244,95.11080332409972,2.648891966759003,0.4674515235457063,0.2181440443213296,50.20429362880887,1.308864265927978,0.0,0.5609418282548477,0.4362880886426593,73.79501385041551,2.243767313019391,0.0934903047091412,0.0,1.028393351800554,0.0623268698060941,0.0,0.0,0.031163434903047,5.578254847645429,1.2777008310249307,MF,,midfield,3
Yehor Yarmoliuk,ua UKR,MF,Brentford,eng Premier League,20.0,2004.0,31,15,1450,16.1,0,0,0,0,0,0,0.6,0.6,0.9,1.5,0.09,9,2,22.2,0.56,0.12,0.0,0.0,0.07,661,760,87.0,11716,2679,0.9,9,71,8,4,16,0,4,9,63,26,1.62,2,0.12,49,28,21,21,7,50.9,13,62,33,12,0,960,61,15,13,48.1,520,15,3,26,21,599,47,6,0,0,19,1,0,0,0,113,8,44.4,0.0,0.0,0.0,0.0,0.0372413793103448,0.0372413793103448,0.0558620689655172,0.093103448275862,0.0055862068965517,0.5586206896551724,0.1241379310344827,41.02758620689655,47.17241379310345,727.2,166.28275862068963,0.0558620689655172,0.5586206896551724,4.406896551724138,0.4965517241379309,0.2482758620689654,0.993103448275862,0.0,0.2482758620689654,0.5586206896551724,3.910344827586207,3.0413793103448272,1.7379310344827588,1.3034482758620691,1.3034482758620691,0.4344827586206897,0.8068965517241379,3.848275862068965,2.048275862068966,0.7448275862068966,59.58620689655172,3.786206896551725,0.9310344827586208,0.8068965517241379,32.27586206896552,0.9310344827586208,0.1862068965517241,1.6137931034482758,1.3034482758620691,37.17931034482759,2.9172413793103447,0.3724137931034483,0.0,1.1793103448275863,0.0620689655172413,0.0,0.0,0.0,7.0137931034482754,0.4965517241379309,MF,,midfield,1
Ryan Yates,eng ENG,MF,Nott'ham Forest,eng Premier League,26.0,1997.0,35,18,1915,21.3,2,1,3,2,0,0,2.3,2.3,1.2,3.5,0.16,33,9,27.3,1.55,0.42,0.06,0.22,0.07,618,758,81.5,9172,2063,0.5,18,48,4,0,8,2,0,0,53,38,1.78,3,0.14,42,21,24,14,4,45.9,26,68,61,19,1,1041,80,41,9,50.0,425,18,1,24,18,545,16,10,0,0,53,2,0,0,0,104,45,60.0,0.0939947780678851,0.0469973890339425,0.1409921671018277,0.0939947780678851,0.1080939947780678,0.1080939947780678,0.056396866840731,0.1644908616187989,0.0075195822454308,1.5509138381201044,0.4229765013054831,29.0443864229765,35.624020887728456,431.0600522193212,96.95561357702348,0.0234986945169712,0.8459530026109662,2.255874673629243,0.1879895561357702,0.0,0.3759791122715404,0.0939947780678851,0.0,0.0,2.490861618798956,1.973890339425588,0.9869451697127938,1.1279373368146215,0.6579634464751958,0.1879895561357702,1.2219321148825064,3.195822454308094,2.866840731070496,0.8929503916449086,48.9242819843342,3.759791122715405,1.926892950391645,0.4229765013054831,19.973890339425587,0.8459530026109662,0.0469973890339425,1.1279373368146215,0.8459530026109662,25.61357702349869,0.7519582245430809,0.4699738903394256,0.0,2.490861618798956,0.0939947780678851,0.0,0.0,0.0,4.887728459530026,2.1148825065274157,MF,,midfield,2
Warren Zaïre-Emery,fr FRA,"MF,DF",Paris S-G,fr Ligue 1,18.0,2006.0,29,23,2050,22.8,1,2,3,1,0,0,1.7,1.7,1.4,3.1,0.14,17,7,41.2,0.75,0.31,0.06,0.14,0.1,1557,1677,92.8,22787,4864,1.4,18,116,9,1,9,0,2,18,135,52,2.28,4,0.18,51,26,17,21,13,51.1,23,74,20,22,2,1908,49,32,20,54.1,1211,49,6,39,32,1506,92,3,0,0,25,0,0,0,0,136,9,39.1,0.0439024390243902,0.0878048780487804,0.1317073170731707,0.0439024390243902,0.0746341463414634,0.0746341463414634,0.0614634146341463,0.1360975609756097,0.0061463414634146,0.7463414634146341,0.3073170731707317,68.35609756097561,73.62439024390244,1000.4048780487803,213.5414634146341,0.0614634146341463,0.7902439024390244,5.092682926829268,0.3951219512195122,0.0439024390243902,0.3951219512195122,0.0,0.0878048780487804,0.7902439024390244,5.926829268292683,2.2390243902439027,1.1414634146341465,0.7463414634146341,0.9219512195121952,0.5707317073170732,1.0097560975609756,3.248780487804878,0.8780487804878049,0.9658536585365854,83.76585365853659,2.151219512195122,1.4048780487804875,0.8780487804878049,53.16585365853658,2.151219512195122,0.2634146341463415,1.7121951219512197,1.4048780487804875,66.1170731707317,4.039024390243903,0.1317073170731707,0.0,1.0975609756097562,0.0,0.0,0.0,0.0,5.970731707317073,0.3951219512195122,MF,DF,midfield,3
Denis Zakaria,ch SUI,MF,Monaco,fr Ligue 1,27.0,1996.0,26,24,2144,23.8,6,4,10,4,2,2,5.2,3.6,1.4,5.0,0.28,29,9,31.0,1.22,0.38,0.14,0.44,0.12,1062,1175,90.4,15671,4921,2.0,16,91,23,2,7,0,4,2,113,52,2.18,10,0.42,41,26,15,19,7,72.7,34,75,39,8,1,1425,60,40,21,58.3,823,27,8,35,23,972,36,5,0,0,32,1,0,2,0,165,18,60.0,0.251865671641791,0.167910447761194,0.419776119402985,0.167910447761194,0.2182835820895522,0.1511194029850746,0.0587686567164179,0.2098880597014925,0.0117537313432835,1.2173507462686566,0.3777985074626865,44.58022388059701,49.32369402985074,657.8311567164179,206.57182835820896,0.083955223880597,0.6716417910447761,3.819962686567164,0.9654850746268656,0.083955223880597,0.2938432835820895,0.0,0.167910447761194,0.083955223880597,4.7434701492537314,1.7210820895522387,1.0914179104477613,0.6296641791044776,0.7975746268656716,0.2938432835820895,1.4272388059701493,3.148320895522388,1.6371268656716418,0.335820895522388,59.81809701492538,2.5186567164179103,1.67910447761194,0.8815298507462687,34.54757462686567,1.1333955223880596,0.335820895522388,1.4692164179104477,0.9654850746268656,40.80223880597015,1.5111940298507462,0.2098880597014925,0.0,1.343283582089552,0.0419776119402985,0.0,0.083955223880597,0.0,6.9263059701492535,0.7555970149253731,MF,,midfield,2
Andre-Frank Zambo Anguissa,cm CMR,MF,Napoli,it Serie A,28.0,1995.0,35,32,2852,31.7,6,4,10,6,0,0,4.4,4.4,2.4,6.8,0.22,44,12,27.3,1.39,0.38,0.14,0.5,0.1,1275,1509,84.5,19289,4960,2.6,26,128,21,2,23,0,1,6,144,75,2.37,9,0.28,42,26,8,28,6,44.1,35,77,40,25,1,1825,59,73,25,53.2,915,24,8,48,35,1325,119,5,0,0,39,1,1,1,0,150,67,57.3,0.1893408134642356,0.126227208976157,0.3155680224403927,0.1893408134642356,0.1388499298737728,0.1388499298737728,0.0757363253856942,0.214586255259467,0.0069424964936886,1.3884992987377278,0.3786816269284712,40.23492286115007,47.61921458625525,608.6991584852735,156.52173913043478,0.0820476858345021,0.820476858345021,4.0392706872370265,0.6626928471248247,0.0631136044880785,0.7258064516129032,0.0,0.0315568022440392,0.1893408134642356,4.544179523141655,1.3253856942496494,0.820476858345021,0.2524544179523141,0.8835904628330995,0.1893408134642356,1.1044880785413744,2.429873772791024,1.262272089761571,0.7889200561009817,57.59116409537168,1.861851332398317,2.303646563814867,0.7889200561009817,28.87447405329593,0.7573632538569425,0.2524544179523141,1.514726507713885,1.1044880785413744,41.81276297335204,3.755259467040673,0.1577840112201963,0.0,1.2307152875175316,0.0315568022440392,0.0315568022440392,0.0315568022440392,0.0,4.73352033660589,2.1143057503506317,MF,,midfield,2
Piotr Zieliński,pl POL,MF,Inter,it Serie A,30.0,1994.0,26,8,980,10.9,2,2,4,0,2,2,2.6,1.1,0.9,2.0,0.32,15,4,26.7,1.38,0.37,0.0,0.0,0.07,636,711,89.5,9848,3091,1.0,14,77,6,0,28,16,2,4,65,40,3.67,7,0.64,14,10,6,7,1,46.2,6,20,13,6,1,803,27,14,6,33.3,510,26,1,8,6,588,24,0,0,0,9,0,0,0,0,58,9,75.0,0.1836734693877551,0.1836734693877551,0.3673469387755102,0.0,0.2387755102040816,0.1010204081632653,0.0826530612244898,0.1836734693877551,0.0293877551020408,1.3775510204081631,0.3673469387755102,58.40816326530612,65.29591836734694,904.408163265306,283.8673469387755,0.0918367346938775,1.2857142857142856,7.071428571428571,0.5510204081632653,0.0,2.571428571428571,1.469387755102041,0.1836734693877551,0.3673469387755102,5.969387755102042,1.2857142857142856,0.9183673469387754,0.5510204081632653,0.6428571428571428,0.0918367346938775,0.5510204081632653,1.8367346938775508,1.193877551020408,0.5510204081632653,73.74489795918367,2.479591836734694,1.2857142857142856,0.5510204081632653,46.83673469387755,2.387755102040816,0.0918367346938775,0.7346938775510204,0.5510204081632653,54.0,2.204081632653061,0.0,0.0,0.826530612244898,0.0,0.0,0.0,0.0,5.326530612244898,0.826530612244898,MF,,midfield,3
Martín Zubimendi,es ESP,MF,Real Sociedad,es La Liga,25.0,1999.0,36,33,2962,32.9,2,1,3,2,0,0,2.6,2.6,1.1,3.7,0.11,24,6,25.0,0.73,0.18,0.08,0.33,0.11,1482,1772,83.6,25341,7363,1.3,19,172,23,1,12,1,2,11,195,46,1.4,6,0.18,73,37,31,29,13,63.6,44,117,79,24,3,2131,122,59,19,67.9,1074,38,5,39,17,1412,43,6,0,0,44,1,1,0,0,140,53,62.4,0.0607697501688048,0.0303848750844024,0.0911546252532072,0.0607697501688048,0.0790006752194463,0.0790006752194463,0.0334233625928426,0.112424037812289,0.0033423362592842,0.7292370020256583,0.1823092505064145,45.0303848750844,53.84199864956111,769.983119513842,223.7238352464551,0.0395003376097231,0.5773126266036462,5.226198514517218,0.6988521269412559,0.0303848750844024,0.3646185010128291,0.0303848750844024,0.0607697501688048,0.3342336259284267,5.925050641458474,2.2180958811613776,1.12424037812289,0.9419311276164752,0.8811613774476704,0.3950033760972316,1.336934503713707,3.555030384875084,2.400405131667792,0.7292370020256583,64.75016880486157,3.706954760297097,1.792707629979743,0.5773126266036462,32.63335584064821,1.1546252532072925,0.1519243754220121,1.185010128291695,0.5165428764348413,42.90344361917624,1.3065496286293046,0.1823092505064145,0.0,1.336934503713707,0.0303848750844024,0.0303848750844024,0.0,0.0,4.25388251181634,1.6103983794733288,MF,,midfield,1
Martin Ødegaard,no NOR,MF,Arsenal,eng Premier League,25.0,1998.0,30,26,2325,25.8,3,8,11,2,1,1,4.8,4.0,5.4,9.5,0.4,48,15,31.3,1.86,0.58,0.04,0.13,0.08,1237,1499,82.5,19237,5460,6.7,63,132,86,5,86,37,25,3,258,124,4.8,18,0.7,19,11,9,7,3,16.0,6,25,6,27,1,1694,9,115,25,42.4,1174,92,26,38,40,1336,154,4,0,0,12,2,0,0,0,97,8,53.3,0.1161290322580645,0.3096774193548387,0.4258064516129032,0.0774193548387096,0.1858064516129032,0.1548387096774193,0.2090322580645161,0.367741935483871,0.0154838709677419,1.8580645161290323,0.5806451612903226,47.88387096774193,58.02580645161291,744.658064516129,211.3548387096774,0.2593548387096774,2.438709677419354,5.109677419354839,3.329032258064516,0.1935483870967742,3.329032258064516,1.4322580645161291,0.967741935483871,0.1161290322580645,9.987096774193548,0.735483870967742,0.4258064516129032,0.3483870967741935,0.2709677419354839,0.1161290322580645,0.232258064516129,0.967741935483871,0.232258064516129,1.0451612903225806,65.5741935483871,0.3483870967741935,4.451612903225806,0.967741935483871,45.44516129032259,3.5612903225806454,1.0064516129032255,1.470967741935484,1.5483870967741935,51.71612903225806,5.961290322580646,0.1548387096774193,0.0,0.4645161290322581,0.0774193548387096,0.0,0.0,0.0,3.754838709677419,0.3096774193548387,MF,,midfield,0
