Player,Nation,Pos,Squad,Comp,Age,Born,MP,Starts,Min,90s,Gls,Ast,G+A,G-PK,PK,PKatt,xG,npxG,xAG,npxG+xAG,xG+xAG,Sh,SoT,SoT%,Sh/90,SoT/90,G/Sh,G/SoT,npxG/Sh,Cmp,Att,Cmp%,TotDist,PrgDist,xA,KP,1/3,PPA,CrsPA,Crs,CK,TB,Sw,PrgP,SCA,SCA90,GCA,GCA90,Tkl,TklW,Def 3rd,Mid 3rd,Att 3rd,Tkl%,Int,Tkl+Int,Clr,Blocks,Err,Touches,Def Pen,Att Pen,Succ,Succ%,Carries,PrgC,CPA,Mis,Dis,Rec,PrgR,CrdY,CrdR,2CrdY,Fls,Fld,PKwon,PKcon,OG,Recov,Won,Won%,Gls_p90,Ast_p90,G+A_p90,G-PK_p90,xG_p90,npxG_p90,xAG_p90,npxG+xAG_p90,xG+xAG_p90,Sh_p90,SoT_p90,Cmp_p90,Att_p90,TotDist_p90,PrgDist_p90,xA_p90,KP_p90,1/3_p90,PPA_p90,CrsPA_p90,Crs_p90,CK_p90,TB_p90,Sw_p90,PrgP_p90,Tkl_p90,TklW_p90,Def 3rd_p90,Mid 3rd_p90,Att 3rd_p90,Int_p90,Tkl+Int_p90,Clr_p90,Blocks_p90,Touches_p90,Def Pen_p90,Att Pen_p90,Succ_p90,Carries_p90,PrgC_p90,CPA_p90,Mis_p90,Dis_p90,Rec_p90,PrgR_p90,CrdY_p90,CrdR_p90,Fls_p90,Fld_p90,PKwon_p90,PKcon_p90,OG_p90,Recov_p90,Won_p90,PrimaryPos,SecondaryPos,Group,Cluster
Yunis Abdelhamid,ma MAR,DF,Saint-Étienne,fr Ligue 1,36.0,1987.0,16,11,1033,11.5,0,0,0,0,0,0,0.2,0.2,0.1,0.4,0.03,2,1,50.0,0.17,0.09,0.0,0.0,0.12,438,505,86.7,7952,2404,0.3,2,28,0,0,0,0,0,0,22,6,0.55,0,0.0,17,11,15,2,0,62.5,14,31,57,1,1,641,127,7,3,42.9,322,4,0,8,3,393,3,2,0,0,16,0,0,0,0,42,19,65.5,0.0,0.0,0.0,0.0,0.0174249757986447,0.0174249757986447,0.0087124878993223,0.0348499515972894,0.0026137463697967,0.1742497579864472,0.0871248789932236,38.16069699903194,43.99806389157793,692.8170377541143,209.4482090997096,0.026137463697967,0.1742497579864472,2.439496611810261,0.0,0.0,0.0,0.0,0.0,0.0,1.91674733785092,1.4811229428848014,0.9583736689254598,1.3068731848983544,0.1742497579864472,0.0,1.2197483059051306,2.700871248789932,4.966118102613746,0.0871248789932236,55.84704743465634,11.0648596321394,0.6098741529525653,0.2613746369796709,28.054211035818007,0.3484995159728944,0.0,0.6969990319457889,0.2613746369796709,34.24007744433688,0.2613746369796709,0.1742497579864472,0.0,1.393998063891578,0.0,0.0,0.0,0.0,3.659244917715392,1.6553727008712489,DF,,defense,0
Ali Abdi,tn TUN,"DF,MF",Nice,fr Ligue 1,30.0,1993.0,25,17,1393,15.5,5,2,7,5,0,0,4.3,4.3,1.9,6.2,0.4,29,11,37.9,1.87,0.71,0.17,0.45,0.17,502,678,74.0,7914,2701,1.7,20,19,21,7,51,0,0,2,42,45,2.91,3,0.19,43,25,18,14,11,65.1,20,63,37,22,0,886,51,50,12,41.4,391,35,9,32,14,481,101,2,0,0,27,0,0,0,0,72,22,61.1,0.3230437903804737,0.1292175161521895,0.4522613065326633,0.3230437903804737,0.2778176597272074,0.2778176597272074,0.12275664034458,0.4005743000717875,0.0258435032304379,1.873653984206748,0.7106963388370423,32.43359655419957,43.804737975592246,511.3137114142139,174.50825556353195,0.109834888729361,1.292175161521895,1.2275664034458005,1.3567839195979898,0.4522613065326633,3.295046661880833,0.0,0.0,0.1292175161521895,2.71356783919598,2.7781765972720747,1.615218951902369,1.1629576453697057,0.9045226130653268,0.7106963388370423,1.292175161521895,4.07035175879397,2.3905240488155064,1.4213926776740846,57.24335965541996,3.295046661880833,3.230437903804738,0.7753050969131371,25.262024407753053,2.261306532663317,0.5814788226848528,2.067480258435032,0.9045226130653268,31.076812634601577,6.525484565685571,0.1292175161521895,0.0,1.7444364680545583,0.0,0.0,0.0,0.0,4.651830581478823,1.4213926776740846,DF,MF,defense,3
Abel,es ESP,DF,Osasuna,es La Liga,23.0,2000.0,35,20,2074,23.0,2,0,2,2,0,0,0.5,0.5,1.0,1.6,0.07,12,4,33.3,0.52,0.17,0.17,0.5,0.04,776,1071,72.5,12899,5046,1.5,16,57,18,13,85,0,3,2,77,39,1.69,4,0.17,61,37,28,25,8,61.9,18,79,64,47,2,1322,65,19,18,51.4,605,50,7,27,18,683,92,3,0,0,25,1,0,1,0,106,20,54.1,0.0867888138862102,0.0,0.0867888138862102,0.0867888138862102,0.0216972034715525,0.0216972034715525,0.0433944069431051,0.0694310511089681,0.0030376084860173,0.5207328833172614,0.1735776277724204,33.674059787849565,46.47540983606557,559.7444551591128,218.9681774349084,0.0650916104146576,0.6943105110896818,2.473481195756991,0.781099324975892,0.5641272902603665,3.6885245901639343,0.0,0.1301832208293153,0.0867888138862102,3.3413693346190936,2.647058823529412,1.605593056894889,1.215043394406943,1.0848601735776278,0.3471552555448409,0.781099324975892,3.428158148505304,2.777242044358727,2.03953712632594,57.36740597878495,2.820636451301832,0.8244937319189972,0.781099324975892,26.253616200578595,2.1697203471552555,0.3037608486017357,1.171648987463838,0.781099324975892,29.638379942140787,3.9922854387656703,0.1301832208293153,0.0,1.0848601735776278,0.0433944069431051,0.0,0.0433944069431051,0.0,4.599807135969142,0.8678881388621023,DF,,defense,3
Abner,br BRA,DF,Lyon,fr Ligue 1,24.0,2000.0,19,12,1090,12.1,1,1,2,1,0,0,0.6,0.6,1.1,1.7,0.14,7,3,42.9,0.58,0.25,0.14,0.33,0.08,568,675,84.1,8355,3494,2.3,11,45,11,2,31,6,1,5,66,25,2.06,1,0.08,29,20,12,10,7,65.6,5,34,41,19,0,791,40,22,6,50.0,426,31,5,14,8,513,55,1,0,0,16,0,0,0,0,45,7,43.8,0.0825688073394495,0.0825688073394495,0.1651376146788991,0.0825688073394495,0.0495412844036697,0.0495412844036697,0.0908256880733945,0.1403669724770642,0.0115596330275229,0.5779816513761469,0.2477064220183486,46.899082568807344,55.73394495412843,689.862385321101,288.4954128440367,0.1899082568807339,0.9082568807339452,3.7155963302752295,0.9082568807339452,0.1651376146788991,2.559633027522936,0.4954128440366973,0.0825688073394495,0.4128440366972477,5.44954128440367,2.3944954128440368,1.651376146788991,0.9908256880733946,0.8256880733944955,0.5779816513761469,0.4128440366972477,2.8073394495412844,3.3853211009174315,1.5688073394495414,65.31192660550458,3.302752293577982,1.81651376146789,0.4954128440366973,35.174311926605505,2.559633027522936,0.4128440366972477,1.1559633027522938,0.6605504587155964,42.357798165137616,4.541284403669725,0.0825688073394495,0.0,1.3211009174311927,0.0,0.0,0.0,0.0,3.7155963302752295,0.5779816513761469,DF,,defense,3
Abdel Abqar,ma MAR,DF,Alavés,es La Liga,25.0,1999.0,29,29,2463,27.4,0,1,1,0,0,0,0.9,0.9,0.3,1.2,0.04,12,1,8.3,0.44,0.04,0.0,0.0,0.08,719,939,76.6,16039,5771,0.4,8,67,10,2,5,0,1,17,79,25,0.91,3,0.11,36,23,24,11,1,58.8,39,75,146,6,1,1251,160,25,3,75.0,632,16,0,18,3,650,4,13,0,0,47,1,1,2,0,87,40,53.3,0.0,0.0365408038976857,0.0365408038976857,0.0,0.0328867235079171,0.0328867235079171,0.0109622411693057,0.0438489646772228,0.0014616321559074,0.4384896467722289,0.0365408038976857,26.272838002436053,34.31181485992692,586.0779537149817,210.87697929354445,0.0146163215590743,0.292326431181486,2.448233861144945,0.3654080389768575,0.0730816077953715,0.1827040194884287,0.0,0.0365408038976857,0.6211936662606578,2.8867235079171745,1.3154689403166868,0.8404384896467721,0.8769792935444579,0.4019488428745432,0.0365408038976857,1.425091352009744,2.7405602923264314,5.33495736906212,0.2192448233861144,45.71254567600487,5.84652862362972,0.9135200974421436,0.1096224116930572,23.0937880633374,0.584652862362972,0.0,0.6577344701583434,0.1096224116930572,23.75152253349573,0.146163215590743,0.4750304506699147,0.0,1.7174177831912305,0.0365408038976857,0.0365408038976857,0.0730816077953715,0.0,3.17904993909866,1.46163215590743,DF,,defense,0
Francesco Acerbi,it ITA,DF,Inter,it Serie A,36.0,1988.0,23,20,1710,19.0,0,1,1,0,0,0,0.4,0.4,0.6,1.0,0.05,5,1,20.0,0.26,0.05,0.0,0.0,0.08,1200,1297,92.5,22280,6158,1.4,9,59,8,5,10,0,0,2,62,20,1.05,1,0.05,23,19,16,7,0,64.7,26,49,81,5,0,1484,139,20,3,75.0,915,19,1,7,2,1101,22,0,0,0,11,0,0,0,0,62,61,67.0,0.0,0.0526315789473684,0.0526315789473684,0.0,0.0210526315789473,0.0210526315789473,0.031578947368421,0.0526315789473684,0.0026315789473684,0.2631578947368421,0.0526315789473684,63.1578947368421,68.26315789473684,1172.6315789473686,324.10526315789474,0.0736842105263157,0.4736842105263157,3.1052631578947367,0.4210526315789474,0.2631578947368421,0.5263157894736842,0.0,0.0,0.1052631578947368,3.263157894736842,1.2105263157894737,1.0,0.8421052631578948,0.368421052631579,0.0,1.368421052631579,2.5789473684210527,4.2631578947368425,0.2631578947368421,78.10526315789474,7.315789473684211,1.0526315789473684,0.1578947368421052,48.1578947368421,1.0,0.0526315789473684,0.368421052631579,0.1052631578947368,57.94736842105263,1.1578947368421053,0.0,0.0,0.5789473684210527,0.0,0.0,0.0,0.0,3.263157894736842,3.210526315789474,DF,,defense,0
Tosin Adarabioyo,eng ENG,DF,Chelsea,eng Premier League,26.0,1997.0,22,15,1409,15.7,1,1,2,1,0,0,0.9,0.9,0.2,1.2,0.07,13,2,15.4,0.83,0.13,0.08,0.5,0.07,1079,1184,91.1,19805,7144,0.2,1,62,1,0,0,0,2,3,42,15,0.96,1,0.06,17,13,11,6,0,66.7,11,28,80,3,0,1330,175,14,4,66.7,777,5,0,4,0,1000,1,4,0,0,8,0,0,0,0,41,42,60.0,0.063875088715401,0.063875088715401,0.127750177430802,0.063875088715401,0.0574875798438608,0.0574875798438608,0.0127750177430802,0.0766501064584812,0.004471256210078,0.830376153300213,0.127750177430802,68.92122072391767,75.62810503903478,1265.046132008517,456.3236337828248,0.0127750177430802,0.063875088715401,3.9602555003548616,0.063875088715401,0.0,0.0,0.0,0.127750177430802,0.1916252661462029,2.6827537260468417,1.085876508161817,0.830376153300213,0.7026259758694109,0.3832505322924059,0.0,0.7026259758694109,1.7885024840312278,5.110007097232079,0.1916252661462029,84.95386799148332,11.178140525195175,0.8942512420156139,0.255500354861604,49.630943931866575,0.3193754435770049,0.0,0.255500354861604,0.0,63.875088715401,0.063875088715401,0.255500354861604,0.0,0.511000709723208,0.0,0.0,0.0,0.0,2.618878637331441,2.6827537260468417,DF,,defense,0
Emmanuel Agbadou,ci CIV,DF,Wolves,eng Premier League,27.0,1997.0,16,16,1410,15.7,1,0,1,1,0,0,0.8,0.8,0.2,1.1,0.07,7,2,28.6,0.45,0.13,0.14,0.5,0.12,855,1001,85.4,17344,6203,0.3,4,40,1,0,2,0,1,11,31,17,1.09,3,0.19,30,19,21,9,0,65.0,12,42,90,5,0,1172,190,7,10,76.9,758,6,0,6,4,796,2,3,0,0,7,0,0,0,0,83,26,56.5,0.0638297872340425,0.0,0.0638297872340425,0.0638297872340425,0.051063829787234,0.051063829787234,0.0127659574468085,0.0702127659574468,0.0044680851063829,0.4468085106382979,0.1276595744680851,54.57446808510639,63.89361702127659,1107.063829787234,395.936170212766,0.0191489361702127,0.2553191489361702,2.5531914893617023,0.0638297872340425,0.0,0.1276595744680851,0.0,0.0638297872340425,0.7021276595744681,1.9787234042553192,1.9148936170212765,1.2127659574468086,1.3404255319148937,0.5744680851063829,0.0,0.7659574468085106,2.6808510638297878,5.744680851063829,0.3191489361702128,74.80851063829788,12.127659574468083,0.4468085106382979,0.6382978723404256,48.38297872340426,0.3829787234042553,0.0,0.3829787234042553,0.2553191489361702,50.80851063829788,0.1276595744680851,0.1914893617021276,0.0,0.4468085106382979,0.0,0.0,0.0,0.0,5.297872340425532,1.6595744680851063,DF,,defense,0
Emmanuel Agbadou,ci CIV,DF,Reims,fr Ligue 1,27.0,1997.0,14,14,1260,14.0,0,0,0,0,0,0,0.5,0.5,0.3,0.8,0.06,15,3,20.0,1.07,0.21,0.0,0.0,0.04,810,922,87.9,16521,6962,0.3,8,71,4,1,1,0,3,22,77,21,1.5,1,0.07,25,17,19,3,3,73.1,19,44,64,4,1,1080,178,4,9,75.0,621,10,0,9,6,701,0,3,0,0,13,0,0,0,0,85,18,62.1,0.0,0.0,0.0,0.0,0.0357142857142857,0.0357142857142857,0.0214285714285714,0.0571428571428571,0.0042857142857142,1.0714285714285714,0.2142857142857143,57.85714285714286,65.85714285714285,1180.071428571429,497.2857142857143,0.0214285714285714,0.5714285714285714,5.071428571428571,0.2857142857142857,0.0714285714285714,0.0714285714285714,0.0,0.2142857142857143,1.5714285714285714,5.5,1.7857142857142856,1.2142857142857144,1.3571428571428572,0.2142857142857143,0.2142857142857143,1.3571428571428572,3.142857142857143,4.571428571428571,0.2857142857142857,77.14285714285714,12.714285714285714,0.2857142857142857,0.6428571428571428,44.35714285714286,0.7142857142857142,0.0,0.6428571428571428,0.4285714285714286,50.07142857142858,0.0,0.2142857142857143,0.0,0.9285714285714286,0.0,0.0,0.0,0.0,6.071428571428571,1.2857142857142856,DF,,defense,2
Felix Agu,ng NGA,DF,Werder Bremen,de Bundesliga,24.0,1999.0,22,21,1751,19.5,3,0,3,3,0,0,1.4,1.4,1.8,3.2,0.17,9,4,44.4,0.46,0.21,0.33,0.75,0.15,655,822,79.7,10350,3456,2.5,20,36,22,12,49,0,0,3,43,35,1.8,1,0.05,30,14,12,14,4,52.2,21,51,48,26,0,1045,48,37,9,25.7,545,33,8,33,12,605,105,1,0,0,11,2,0,0,1,67,21,41.2,0.1541976013706453,0.0,0.1541976013706453,0.1541976013706453,0.0719588806396344,0.0719588806396344,0.0925185608223872,0.1644774414620217,0.0087378640776699,0.462592804111936,0.2055968018275271,33.66647629925757,42.25014277555682,531.9817247287265,177.63563677898344,0.1284980011422044,1.0279840091376355,1.850371216447744,1.1307824100513992,0.6167904054825813,2.518560822387207,0.0,0.0,0.1541976013706453,2.2101656196459163,1.541976013706453,0.7195888063963449,0.6167904054825813,0.7195888063963449,0.2055968018275271,1.0793832095945175,2.621359223300971,2.4671616219303254,1.3363792118789264,53.71216447744147,2.4671616219303254,1.901770416904626,0.462592804111936,28.01256424900057,1.696173615077099,0.4111936036550542,1.696173615077099,0.6167904054825813,31.09651627641348,5.396916047972587,0.0513992004568817,0.0,0.5653912050256996,0.1027984009137635,0.0,0.0,0.0513992004568817,3.443746430611079,1.0793832095945175,DF,,defense,1
Nayef Aguerd,ma MAR,DF,Real Sociedad,es La Liga,28.0,1996.0,21,21,1760,19.6,0,0,0,0,0,0,2.4,2.4,0.1,2.5,0.13,15,5,33.3,0.77,0.26,0.0,0.0,0.16,1213,1389,87.3,23636,8366,0.3,5,87,3,1,2,0,0,34,75,16,0.82,1,0.05,30,24,17,12,1,66.7,13,43,91,10,0,1594,132,16,5,50.0,1019,26,0,7,3,1138,1,5,0,0,11,0,0,1,0,73,61,65.6,0.0,0.0,0.0,0.0,0.1227272727272727,0.1227272727272727,0.0051136363636363,0.1278409090909091,0.0066477272727272,0.7670454545454545,0.2556818181818182,62.02840909090909,71.0284090909091,1208.659090909091,427.8068181818181,0.015340909090909,0.2556818181818182,4.448863636363637,0.1534090909090909,0.0511363636363636,0.1022727272727272,0.0,0.0,1.7386363636363635,3.835227272727273,1.534090909090909,1.2272727272727273,0.8693181818181818,0.6136363636363636,0.0511363636363636,0.6647727272727273,2.1988636363636367,4.653409090909091,0.5113636363636364,81.51136363636363,6.75,0.8181818181818181,0.2556818181818182,52.10795454545455,1.3295454545454546,0.0,0.3579545454545454,0.1534090909090909,58.19318181818182,0.0511363636363636,0.2556818181818182,0.0,0.5625,0.0,0.0,0.0511363636363636,0.0,3.732954545454546,3.119318181818182,DF,,defense,2
Ruben Aguilar,fr FRA,"DF,MF",Lens,fr Ligue 1,31.0,1993.0,16,13,1124,12.5,1,2,3,1,0,0,0.8,0.8,1.9,2.7,0.21,11,3,27.3,0.88,0.24,0.09,0.33,0.07,677,843,80.3,9523,4115,1.4,11,44,21,6,47,0,2,4,74,26,2.08,5,0.4,34,18,17,12,5,61.5,13,47,23,29,0,996,27,30,9,42.9,518,32,5,19,6,612,101,4,0,0,14,0,0,0,0,79,10,38.5,0.0800711743772241,0.1601423487544483,0.2402135231316726,0.0800711743772241,0.0640569395017793,0.0640569395017793,0.1521352313167259,0.2161921708185053,0.016814946619217,0.8807829181494662,0.2402135231316726,54.20818505338078,67.5,762.5177935943061,329.4928825622776,0.1120996441281138,0.8807829181494662,3.5231316725978647,1.6814946619217082,0.4804270462633452,3.763345195729537,0.0,0.1601423487544483,0.3202846975088967,5.92526690391459,2.7224199288256226,1.4412811387900355,1.3612099644128113,0.9608540925266904,0.400355871886121,1.0409252669039146,3.763345195729537,1.8416370106761568,2.3220640569395017,79.7508896797153,2.161921708185053,2.402135231316726,0.7206405693950179,41.47686832740214,2.562277580071174,0.400355871886121,1.52135231316726,0.4804270462633452,49.003558718861214,8.087188612099645,0.3202846975088967,0.0,1.1209964412811388,0.0,0.0,0.0,0.0,6.325622775800712,0.8007117437722421,DF,MF,defense,3
Ola Aina,ng NGA,DF,Nott'ham Forest,eng Premier League,27.0,1996.0,35,35,2995,33.3,2,1,3,2,0,0,0.6,0.6,1.4,2.1,0.06,11,2,18.2,0.33,0.06,0.18,1.0,0.06,994,1352,73.5,15371,6297,2.2,16,85,23,11,59,0,0,4,107,62,1.86,4,0.12,55,42,39,15,1,56.3,33,88,115,46,4,1708,156,22,33,45.8,749,67,10,44,22,822,67,5,0,0,23,3,0,1,0,190,13,40.6,0.0601001669449081,0.030050083472454,0.0901502504173622,0.0601001669449081,0.0180300500834724,0.0180300500834724,0.0420701168614357,0.0631051752921535,0.0018030050083472,0.330550918196995,0.0601001669449081,29.869782971619365,40.62771285475793,461.8998330550918,189.2253756260434,0.066110183639399,0.4808013355592654,2.5542570951585977,0.6911519198664441,0.330550918196995,1.7729549248747911,0.0,0.0,0.1202003338898163,3.215358931552588,1.652754590984975,1.2621035058430718,1.1719532554257095,0.4507512520868113,0.030050083472454,0.991652754590985,2.64440734557596,3.4557595993322203,1.3823038397328882,51.32554257095158,4.687813021702838,0.66110183639399,0.991652754590985,22.50751252086811,2.013355592654424,0.3005008347245409,1.32220367278798,0.66110183639399,24.70116861435726,2.013355592654424,0.1502504173622704,0.0,0.6911519198664441,0.0901502504173622,0.0,0.030050083472454,0.0,5.7095158597662765,0.3906510851419031,DF,,defense,1
Rayan Aït-Nouri,dz ALG,DF,Wolves,eng Premier League,23.0,2001.0,37,37,3109,34.5,4,7,11,4,0,0,2.7,2.7,5.5,8.2,0.24,36,10,27.8,1.04,0.29,0.11,0.4,0.08,1449,1721,84.2,19837,5926,4.0,46,77,30,10,94,30,3,4,108,91,2.63,12,0.35,89,57,52,28,9,61.4,26,115,75,42,2,2148,96,96,63,46.0,1129,89,28,52,47,1321,176,7,1,1,30,4,0,0,0,145,22,42.3,0.1157928594403345,0.2026375040205854,0.3184303634609199,0.1157928594403345,0.0781601801222258,0.0781601801222258,0.1592151817304599,0.2373753618526857,0.00694757156642,1.0421357349630107,0.2894821486008362,41.94596333226118,49.81987777420393,574.245738179479,171.54712126085556,0.1157928594403345,1.331617883563847,2.2290125442264395,0.8684464458025088,0.2894821486008362,2.721132196847861,0.8684464458025088,0.0868446445802508,0.1157928594403345,3.1264072048890315,2.576391122547443,1.6500482470247668,1.5053071727243486,0.8105500160823417,0.2605339337407527,0.7526535863621743,3.3290447089096173,2.171116114506272,1.2158250241235122,62.180765519459634,2.7790286265680284,2.7790286265680284,1.8237375361852688,32.68253457703442,2.576391122547443,0.8105500160823417,1.5053071727243486,1.3605660984239305,38.24059183017047,5.094885815374719,0.2026375040205854,0.0289482148600836,0.8684464458025088,0.1157928594403345,0.0,0.0,0.0,4.197491154712126,0.6368607269218398,DF,,defense,3
Kristoffer Ajer,no NOR,DF,Brentford,eng Premier League,26.0,1998.0,24,17,1438,16.0,0,0,0,0,0,0,1.0,1.0,1.2,2.2,0.14,9,3,33.3,0.56,0.19,0.0,0.0,0.11,504,644,78.3,7868,2831,0.5,8,44,7,4,14,0,0,3,56,18,1.13,2,0.13,26,18,14,11,1,51.9,12,38,50,18,0,795,53,38,7,43.8,387,27,2,15,12,491,44,5,0,0,13,0,0,0,0,42,27,54.0,0.0,0.0,0.0,0.0,0.062586926286509,0.062586926286509,0.0751043115438108,0.1376912378303199,0.0087621696801112,0.5632823365785813,0.1877607788595271,31.54381084840056,40.305980528511824,492.43393602225314,177.1835883171071,0.0312934631432545,0.5006954102920723,2.753824756606398,0.4381084840055633,0.2503477051460361,0.8762169680111266,0.0,0.0,0.1877607788595271,3.5048678720445063,1.6272600834492352,1.1265646731571626,0.8762169680111266,0.6884561891515995,0.062586926286509,0.7510431154381085,2.3783031988873438,3.129346314325452,1.1265646731571626,49.75660639777469,3.317107093184979,2.3783031988873438,0.4381084840055633,24.221140472879,1.689847009735744,0.125173852573018,0.9388038942976356,0.7510431154381085,30.73018080667594,2.753824756606398,0.3129346314325452,0.0,0.8136300417246176,0.0,0.0,0.0,0.0,2.62865090403338,1.689847009735744,DF,,defense,1
Manuel Akanji,ch SUI,DF,Manchester City,eng Premier League,29.0,1995.0,26,23,2014,22.4,0,0,0,0,0,0,1.6,1.6,0.4,1.9,0.09,15,2,13.3,0.67,0.09,0.0,0.0,0.1,1632,1744,93.6,27046,7578,1.3,9,177,11,2,11,0,4,10,158,37,1.65,3,0.13,19,12,12,4,3,64.7,9,28,64,6,3,1881,119,19,2,100.0,1254,46,0,5,5,1483,7,3,0,0,17,0,0,0,0,103,30,47.6,0.0,0.0,0.0,0.0,0.0714995034756703,0.0714995034756703,0.0178748758689175,0.0849056603773584,0.0040218470705064,0.6703078450844091,0.0893743793445878,72.92949354518372,77.93445878848064,1208.609731876862,338.6395233366435,0.0580933465739821,0.4021847070506455,7.909632571996028,0.4915590863952333,0.0893743793445878,0.4915590863952333,0.0,0.1787487586891757,0.4468718967229394,7.060575968222444,0.8490566037735848,0.5362462760675273,0.5362462760675273,0.1787487586891757,0.1340615690168818,0.4021847070506455,1.2512413108242304,2.859980139026812,0.2681231380337636,84.05660377358491,5.317775571002979,0.8490566037735848,0.0893743793445878,56.0377358490566,2.055610724925521,0.0,0.2234359483614697,0.2234359483614697,66.27110228401192,0.3128103277060576,0.1340615690168818,0.0,0.759682224428997,0.0,0.0,0.0,0.0,4.602780536246276,1.3406156901688182,DF,,defense,2
Sergio Akieme,es ESP,DF,Reims,fr Ligue 1,26.0,1997.0,30,29,2523,28.0,2,3,5,2,0,0,1.5,1.5,2.5,4.0,0.14,26,7,26.9,0.93,0.25,0.08,0.29,0.06,929,1147,81.0,13641,4062,2.5,21,42,20,12,94,11,0,1,86,37,1.32,3,0.11,34,23,30,3,1,61.1,17,51,97,19,4,1436,100,34,13,41.9,710,55,5,31,19,817,97,5,0,0,25,2,0,0,0,109,19,42.2,0.0713436385255648,0.1070154577883472,0.178359096313912,0.0713436385255648,0.0535077288941736,0.0535077288941736,0.089179548156956,0.1426872770511296,0.0049940546967895,0.9274673008323424,0.2497027348394768,33.13912009512485,40.91557669441141,486.5992865636147,144.89892984542212,0.089179548156956,0.7491082045184304,1.4982164090368608,0.713436385255648,0.4280618311533888,3.353151010701546,0.3923900118906064,0.0,0.0356718192627824,3.0677764565992867,1.2128418549346016,0.8204518430439952,1.070154577883472,0.1070154577883472,0.0356718192627824,0.6064209274673008,1.8192627824019023,3.460166468489893,0.6777645659928656,51.22473246135552,3.56718192627824,1.2128418549346016,0.4637336504161712,25.326991676575503,1.961950059453032,0.178359096313912,1.1058263971462543,0.6777645659928656,29.14387633769322,3.460166468489893,0.178359096313912,0.0,0.89179548156956,0.0713436385255648,0.0,0.0,0.0,3.8882282996432815,0.6777645659928656,DF,,defense,1
Clément Akpa,ci CIV,DF,Auxerre,fr Ligue 1,22.0,2001.0,31,29,2486,27.6,0,1,1,0,0,0,0.3,0.3,0.9,1.2,0.04,6,1,16.7,0.22,0.04,0.0,0.0,0.05,998,1209,82.5,19673,7381,0.9,8,74,10,5,25,2,0,40,74,22,0.8,4,0.14,55,34,36,12,7,67.4,42,97,141,20,2,1532,171,10,8,34.8,895,27,1,9,4,929,24,7,0,0,15,2,0,1,0,116,38,55.1,0.0,0.0362027353177795,0.0362027353177795,0.0,0.0108608205953338,0.0108608205953338,0.0325824617860016,0.0434432823813354,0.0014481094127111,0.2172164119066773,0.0362027353177795,36.130329847144,43.76910699919549,712.2164119066774,267.21238938053096,0.0325824617860016,0.2896218825422365,2.679002413515688,0.3620273531777956,0.1810136765888978,0.9050683829444892,0.0724054706355591,0.0,1.4481094127111829,2.679002413515688,1.991150442477876,1.2308930008045054,1.3032984714400644,0.4344328238133547,0.2534191472244569,1.5205148833467417,3.5116653258246178,5.104585679806919,0.7240547063555913,55.46259050683829,6.190667739340306,0.3620273531777956,0.2896218825422365,32.40144810941271,0.9774738535800482,0.0362027353177795,0.3258246178600161,0.1448109412711182,33.63234111021722,0.8688656476267095,0.2534191472244569,0.0,0.5430410297666934,0.0724054706355591,0.0,0.0362027353177795,0.0,4.19951729686243,1.3757039420756234,DF,,defense,0
Kevin Akpoguma,ng NGA,DF,Hoffenheim,de Bundesliga,29.0,1995.0,32,23,2220,24.7,0,0,0,0,0,0,0.1,0.1,0.3,0.4,0.02,5,1,20.0,0.2,0.04,0.0,0.0,0.02,1193,1369,87.1,21274,7664,0.6,7,101,10,0,12,0,1,5,98,27,1.09,1,0.04,54,27,36,12,6,65.2,29,83,115,10,1,1692,227,5,8,53.3,892,14,0,11,9,1025,16,3,0,0,25,1,0,4,0,107,48,50.5,0.0,0.0,0.0,0.0,0.004054054054054,0.004054054054054,0.0121621621621621,0.0162162162162162,0.0008108108108108,0.2027027027027027,0.0405405405405405,48.36486486486486,55.5,862.4594594594595,310.7027027027027,0.0243243243243243,0.2837837837837837,4.094594594594595,0.4054054054054054,0.0,0.4864864864864865,0.0,0.0405405405405405,0.2027027027027027,3.972972972972973,2.189189189189189,1.0945945945945947,1.4594594594594597,0.4864864864864865,0.2432432432432432,1.1756756756756757,3.364864864864865,4.662162162162162,0.4054054054054054,68.5945945945946,9.202702702702702,0.2027027027027027,0.3243243243243243,36.16216216216216,0.5675675675675675,0.0,0.4459459459459459,0.3648648648648649,41.554054054054056,0.6486486486486487,0.1216216216216216,0.0,1.0135135135135134,0.0405405405405405,0.0,0.1621621621621621,0.0,4.337837837837838,1.945945945945946,DF,,defense,2
Raúl Albiol,es ESP,DF,Villarreal,es La Liga,38.0,1985.0,15,14,1188,13.2,0,0,0,0,0,0,0.1,0.1,0.0,0.1,0.01,2,0,0.0,0.15,0.0,0.0,,0.05,727,813,89.4,14582,6006,0.1,0,26,1,0,0,0,1,4,34,5,0.38,3,0.23,10,9,9,1,0,60.0,6,16,69,3,1,915,157,3,0,,514,3,0,3,1,652,0,5,0,0,11,0,0,2,1,44,29,67.4,0.0,0.0,0.0,0.0,0.0075757575757575,0.0075757575757575,0.0,0.0075757575757575,0.0007575757575757,0.1515151515151515,0.0,55.07575757575757,61.59090909090909,1104.6969696969695,455.0,0.0075757575757575,0.0,1.9696969696969695,0.0757575757575757,0.0,0.0,0.0,0.0757575757575757,0.303030303030303,2.575757575757576,0.7575757575757576,0.6818181818181819,0.6818181818181819,0.0757575757575757,0.0,0.4545454545454546,1.2121212121212122,5.227272727272728,0.2272727272727273,69.31818181818181,11.893939393939394,0.2272727272727273,0.0,38.93939393939394,0.2272727272727273,0.0,0.2272727272727273,0.0757575757575757,49.3939393939394,0.0,0.3787878787878788,0.0,0.8333333333333333,0.0,0.0,0.1515151515151515,0.0757575757575757,3.333333333333333,2.196969696969697,DF,,defense,0
Omar Alderete,py PAR,DF,Getafe,es La Liga,27.0,1996.0,34,34,2971,33.0,1,0,1,1,0,0,1.7,1.7,0.9,2.6,0.08,38,10,26.3,1.15,0.3,0.03,0.1,0.04,724,1106,65.5,16992,7859,0.9,11,132,15,2,6,0,3,29,112,37,1.12,4,0.12,43,29,30,11,2,66.7,40,83,241,14,1,1585,192,39,18,64.3,633,25,2,30,9,658,7,8,0,0,33,1,1,4,0,115,101,66.4,0.0302928306967351,0.0,0.0302928306967351,0.0302928306967351,0.0514978121844496,0.0514978121844496,0.0272635476270615,0.0787613598115112,0.0024234264557388,1.151127566475934,0.302928306967351,21.932009424436217,33.50387075058903,514.735779198923,238.0713564456412,0.0272635476270615,0.3332211376640862,3.9986536519690334,0.4543924604510266,0.0605856613934702,0.1817569841804106,0.0,0.0908784920902053,0.8784920902053182,3.392797038034332,1.3025917199596095,0.8784920902053182,0.9087849209020532,0.3332211376640862,0.0605856613934702,1.2117132278694045,2.514304947829014,7.30057219791316,0.4240996297542915,48.01413665432515,5.8162234937731405,1.1814203971726691,0.5452709525412319,19.17536183103332,0.7573207674183777,0.0605856613934702,0.9087849209020532,0.2726354762706159,19.9326825984517,0.2120498148771457,0.2423426455738808,0.0,0.9996634129922586,0.0302928306967351,0.0302928306967351,0.1211713227869404,0.0,3.483675530124537,3.0595759003702456,DF,,defense,0
Trent Alexander-Arnold,eng ENG,DF,Liverpool,eng Premier League,25.0,1998.0,33,28,2365,26.3,3,6,9,3,0,0,1.9,1.9,7.3,9.2,0.35,45,8,17.8,1.71,0.3,0.07,0.38,0.04,1448,1971,73.5,27901,11363,7.4,52,207,65,20,153,55,12,32,232,98,3.73,10,0.38,72,50,44,19,9,46.7,31,103,55,36,4,2252,88,44,17,45.9,1183,51,9,19,15,1436,94,5,0,0,11,0,0,0,0,132,3,18.8,0.1141649048625792,0.2283298097251585,0.3424947145877378,0.1141649048625792,0.0723044397463002,0.0723044397463002,0.2778012684989429,0.3501057082452431,0.0133192389006342,1.7124735729386893,0.3044397463002114,55.10359408033826,75.00634249471459,1061.7716701902748,432.4186046511628,0.2816067653276956,1.9788583509513744,7.87737843551797,2.473572938689218,0.7610993657505286,5.822410147991544,2.0930232558139537,0.4566596194503171,1.2177589852008457,8.828752642706132,2.7399577167019027,1.9027484143763211,1.6744186046511629,0.7230443974630021,0.3424947145877378,1.1797040169133193,3.919661733615222,2.0930232558139537,1.3699788583509511,85.69978858350952,3.3488372093023253,1.6744186046511629,0.6469344608879493,45.01902748414376,1.940803382663848,0.3424947145877378,0.7230443974630021,0.5708245243128964,54.64693446088796,3.577167019027484,0.1902748414376321,0.0,0.4186046511627906,0.0,0.0,0.0,0.0,5.023255813953488,0.1141649048625792,DF,,defense,3
Marcos Alonso,es ESP,DF,Celta Vigo,es La Liga,33.0,1990.0,31,29,2647,29.4,3,0,3,0,3,3,4.0,1.6,1.3,2.9,0.18,31,10,32.3,1.05,0.34,0.0,0.0,0.05,2139,2397,89.2,38937,14018,2.0,21,226,21,6,42,15,2,25,215,46,1.56,6,0.2,35,21,19,13,3,56.8,34,69,126,24,4,2683,211,35,16,64.0,1733,64,2,20,9,1901,49,10,2,1,31,0,0,1,0,176,70,62.5,0.1020022667170381,0.0,0.1020022667170381,0.0,0.1360030222893842,0.0544012089157536,0.0442009822440498,0.0986021911598035,0.0061201360030222,1.0540234227427276,0.3400075557234605,72.72761616924821,81.49981110691348,1323.8874197204382,476.6225916131469,0.0680015111446921,0.7140158670192671,7.684170759350208,0.7140158670192671,0.2040045334340763,1.4280317340385342,0.5100113335851908,0.0680015111446921,0.8500188893086513,7.310162448054401,1.190026445032112,0.7140158670192671,0.646014355874575,0.4420098224404987,0.1020022667170381,1.1560256894597658,2.346052134491877,4.284095202115602,0.8160181337363053,91.22402720060444,7.1741594257650165,1.190026445032112,0.5440120891575368,58.9233094068757,2.1760483566301474,0.0680015111446921,0.6800151114469211,0.3060068001511145,64.63543634302984,1.6660370230449566,0.3400075557234605,0.0680015111446921,1.0540234227427276,0.0,0.0,0.034000755572346,0.0,5.984132980732905,2.380052890064224,DF,,defense,2
Adrià Altimira,es ESP,"DF,FW",Leganés,es La Liga,23.0,2001.0,22,19,1630,18.1,0,0,0,0,0,0,0.3,0.3,0.5,0.8,0.04,7,2,28.6,0.39,0.11,0.0,0.0,0.04,483,615,78.5,7731,2148,0.7,11,34,10,2,28,0,2,3,42,21,1.16,1,0.06,41,24,26,12,3,60.0,15,56,54,11,2,826,57,8,10,32.3,370,23,4,28,7,432,69,6,0,0,27,5,0,1,0,71,12,38.7,0.0,0.0,0.0,0.0,0.0165644171779141,0.0165644171779141,0.0276073619631901,0.0441717791411042,0.0022085889570552,0.3865030674846626,0.1104294478527607,26.66871165644172,33.95705521472392,426.86503067484665,118.60122699386504,0.0386503067484662,0.6073619631901841,1.8773006134969328,0.5521472392638037,0.1104294478527607,1.5460122699386505,0.0,0.1104294478527607,0.1656441717791411,2.3190184049079754,2.263803680981596,1.3251533742331287,1.4355828220858895,0.6625766871165644,0.1656441717791411,0.8282208588957056,3.092024539877301,2.98159509202454,0.6073619631901841,45.60736196319018,3.147239263803681,0.4417177914110429,0.5521472392638037,20.42944785276073,1.2699386503067485,0.2208588957055214,1.5460122699386505,0.3865030674846626,23.85276073619632,3.809815950920245,0.3312883435582822,0.0,1.49079754601227,0.2760736196319018,0.0,0.0552147239263803,0.0,3.920245398773006,0.6625766871165644,DF,FW,defense,3
Yeray Álvarez,es ESP,DF,Athletic Club,es La Liga,29.0,1995.0,21,20,1781,19.8,1,0,1,1,0,0,0.5,0.5,0.2,0.7,0.04,9,2,22.2,0.45,0.1,0.11,0.5,0.05,994,1182,84.1,20211,7016,0.4,4,80,3,2,3,0,1,16,105,18,0.91,2,0.1,25,13,14,9,2,68.2,34,59,129,13,1,1425,100,14,6,66.7,792,19,0,11,7,903,0,4,0,0,15,0,0,0,0,83,49,53.8,0.0505334081976417,0.0,0.0505334081976417,0.0505334081976417,0.0252667040988208,0.0252667040988208,0.0101066816395283,0.0353733857383492,0.0020213363279056,0.454800673778776,0.1010668163952835,50.230207748455925,59.730488489612576,1021.330713082538,354.5423919146548,0.0202133632790567,0.2021336327905671,4.042672655811342,0.1516002245929253,0.1010668163952835,0.1516002245929253,0.0,0.0505334081976417,0.8085345311622685,5.306007860752386,1.2633352049410442,0.656934306569343,0.7074677147669848,0.454800673778776,0.1010668163952835,1.7181358787198204,2.981471083660865,6.518809657495789,0.656934306569343,72.01010668163953,5.053340819764177,0.7074677147669848,0.3032004491858506,40.02245929253228,0.9601347557551936,0.0,0.5558674901740596,0.3537338573834924,45.63166760247052,0.0,0.2021336327905671,0.0,0.7580011229646265,0.0,0.0,0.0,0.0,4.194272880404268,2.4761370016844477,DF,,defense,0
Kelvin Amian,fr FRA,DF,Nantes,fr Ligue 1,26.0,1998.0,30,23,2165,24.1,1,0,1,1,0,0,1.0,1.0,0.8,1.8,0.08,7,4,57.1,0.29,0.17,0.14,0.25,0.14,738,921,80.1,11821,5145,1.8,13,60,24,12,37,0,4,1,73,38,1.58,1,0.04,55,31,40,14,1,82.9,13,68,85,24,0,1153,81,21,13,59.1,544,32,1,20,12,637,77,5,0,0,23,2,0,0,0,54,21,50.0,0.0415704387990762,0.0,0.0415704387990762,0.0415704387990762,0.0415704387990762,0.0415704387990762,0.0332563510392609,0.0748267898383371,0.003325635103926,0.2909930715935335,0.1662817551963048,30.678983833718245,38.28637413394919,491.40415704387993,213.87990762124716,0.0748267898383371,0.5404157043879908,2.4942263279445727,0.9976905311778292,0.4988452655889145,1.5381062355658195,0.0,0.1662817551963048,0.0415704387990762,3.034642032332564,2.286374133949192,1.2886836027713626,1.6628175519630484,0.581986143187067,0.0415704387990762,0.5404157043879908,2.8267898383371826,3.533487297921478,0.9976905311778292,47.93071593533488,3.367205542725173,0.8729792147806005,0.5404157043879908,22.61431870669746,1.3302540415704387,0.0415704387990762,0.8314087759815242,0.4988452655889145,26.48036951501155,3.2009237875288683,0.207852193995381,0.0,0.9561200923787528,0.0831408775981524,0.0,0.0,0.0,2.244803695150116,0.8729792147806005,DF,,defense,3
Michael Amir Murillo,pa PAN,DF,Marseille,fr Ligue 1,28.0,1996.0,30,27,2437,27.1,1,3,4,1,0,0,1.5,1.5,3.3,4.8,0.18,13,4,30.8,0.48,0.15,0.08,0.25,0.12,1665,1902,87.5,26059,8235,2.9,24,142,19,4,37,0,1,0,140,47,1.74,6,0.22,49,31,30,13,6,69.6,18,67,70,32,4,2135,83,33,14,51.9,1169,43,8,28,10,1458,100,3,0,0,29,0,0,1,0,138,42,71.2,0.0369306524415264,0.1107919573245794,0.1477226097661058,0.0369306524415264,0.0553959786622897,0.0553959786622897,0.1218711530570373,0.177267131719327,0.0066475174394747,0.480098481739844,0.1477226097661058,61.48953631514157,70.24210094378334,962.3758719737384,304.1239228559704,0.1070988920804267,0.8863356585966352,5.244152646696758,0.7016823963890029,0.1477226097661058,1.3664341403364793,0.0,0.0369306524415264,0.0,5.170291341813705,1.809601969634797,1.1448502256873203,1.107919573245794,0.480098481739844,0.2215839146491588,0.6647517439474764,2.474353713582273,2.5851456709068525,1.1817808781288468,78.846942962659,3.065244152646697,1.2187115305703733,0.5170291341813705,43.17193270414444,1.5880180549856382,0.2954452195322117,1.034058268362741,0.3693065244152647,53.8448912597456,3.693065244152647,0.1107919573245794,0.0,1.0709889208042676,0.0,0.0,0.0369306524415264,0.0,5.096430036930653,1.5510874025441117,DF,,defense,2
Joachim Andersen,dk DEN,DF,Fulham,eng Premier League,28.0,1996.0,29,29,2583,28.7,0,0,0,0,0,0,1.0,1.0,0.5,1.5,0.05,19,4,21.1,0.66,0.14,0.0,0.0,0.05,1654,2000,82.7,36471,14436,0.5,4,196,6,3,12,0,0,35,112,35,1.23,2,0.07,27,18,20,6,1,62.5,34,61,188,8,1,2336,340,22,4,66.7,1350,16,1,6,3,1621,2,6,1,0,18,0,0,1,1,122,70,64.2,0.0,0.0,0.0,0.0,0.0348432055749128,0.0348432055749128,0.0174216027874564,0.0522648083623693,0.0017421602787456,0.662020905923345,0.1393728222996515,57.63066202090592,69.68641114982579,1270.7665505226482,502.99651567944255,0.0174216027874564,0.1393728222996515,6.829268292682927,0.2090592334494773,0.1045296167247386,0.4181184668989547,0.0,0.0,1.2195121951219512,3.902439024390244,0.940766550522648,0.627177700348432,0.6968641114982579,0.2090592334494773,0.0348432055749128,1.1846689895470384,2.1254355400696863,6.550522648083624,0.2787456445993031,81.39372822299651,11.846689895470384,0.7665505226480837,0.1393728222996515,47.038327526132406,0.5574912891986062,0.0348432055749128,0.2090592334494773,0.1045296167247386,56.4808362369338,0.0696864111498257,0.2090592334494773,0.0348432055749128,0.627177700348432,0.0,0.0,0.0348432055749128,0.0348432055749128,4.2508710801393725,2.4390243902439024,DF,,defense,0
Angeliño,es ESP,DF,Roma,it Serie A,27.0,1997.0,38,36,3177,35.3,2,1,3,2,0,0,1.4,1.4,3.7,5.1,0.15,24,6,25.0,0.68,0.17,0.08,0.33,0.06,1544,1969,78.4,28294,9958,4.0,50,135,58,22,116,11,3,18,172,89,2.52,7,0.2,46,24,20,24,2,50.0,28,74,98,25,0,2266,102,47,11,40.7,1202,66,11,27,9,1476,172,1,0,0,32,4,1,0,0,101,30,52.6,0.0566572237960339,0.0283286118980169,0.0849858356940509,0.0566572237960339,0.0396600566572237,0.0396600566572237,0.1048158640226629,0.1444759206798866,0.0042492917847025,0.6798866855524079,0.1699716713881019,43.73937677053824,55.77903682719546,801.5297450424929,282.09631728045326,0.1133144475920679,1.41643059490085,3.824362606232295,1.6430594900849858,0.623229461756374,3.2861189801699715,0.311614730878187,0.0849858356940509,0.509915014164306,4.872521246458923,1.303116147308782,0.6798866855524079,0.56657223796034,0.6798866855524079,0.0566572237960339,0.7932011331444758,2.096317280453258,2.776203966005665,0.708215297450425,64.19263456090651,2.889518413597734,1.3314447592067988,0.311614730878187,34.05099150141643,1.8696883852691215,0.311614730878187,0.764872521246459,0.254957507082153,41.81303116147309,4.872521246458923,0.0283286118980169,0.0,0.906515580736544,0.1133144475920679,0.0283286118980169,0.0,0.0,2.861189801699717,0.8498583569405099,DF,,defense,1
Waldemar Anton,de GER,DF,Dortmund,de Bundesliga,28.0,1996.0,26,22,1949,21.7,2,2,4,2,0,0,1.7,1.7,0.8,2.5,0.11,19,3,15.8,0.88,0.14,0.11,0.67,0.09,1664,1841,90.4,30553,9607,1.8,6,124,6,3,24,0,2,6,117,41,1.9,5,0.23,34,21,18,10,6,73.9,30,64,112,18,1,2126,189,32,20,83.3,1386,32,0,21,9,1542,28,4,0,0,20,0,0,0,1,122,46,63.0,0.0923550538737814,0.0923550538737814,0.1847101077475628,0.0923550538737814,0.0785017957927142,0.0785017957927142,0.0369420215495125,0.1154438173422267,0.0050795279630579,0.8773730118009235,0.1385325808106721,76.83940482298614,85.0128270908158,1410.8619805028218,443.6275012827091,0.0831195484864033,0.2770651616213442,5.726013340174449,0.2770651616213442,0.1385325808106721,1.108260646485377,0.0,0.0923550538737814,0.2770651616213442,5.402770651616214,1.5700359158542845,0.969728065674705,0.8311954848640329,0.4617752693689071,0.2770651616213442,1.3853258081067217,2.9553617239610053,5.17188301693176,0.8311954848640329,98.17342226782964,8.727552591072344,1.4776808619805026,0.9235505387378142,64.00205233453052,1.4776808619805026,0.0,0.969728065674705,0.4155977424320164,71.20574653668548,1.29297075423294,0.1847101077475628,0.0,0.9235505387378142,0.0,0.0,0.0,0.0461775269368907,5.633658286300667,2.1241662390969727,DF,,defense,2
Dennis Appiah,fr FRA,DF,Saint-Étienne,fr Ligue 1,32.0,1992.0,29,22,2128,23.6,0,1,1,0,0,0,0.2,0.2,2.1,2.3,0.1,5,2,40.0,0.21,0.08,0.0,0.0,0.04,903,1179,76.6,14432,6487,2.2,13,81,25,7,52,0,3,2,108,38,1.61,3,0.13,71,43,42,22,7,57.7,29,100,89,43,2,1486,92,27,20,46.5,630,51,6,34,18,824,110,2,0,0,37,0,0,2,0,90,27,46.6,0.0,0.0422932330827067,0.0422932330827067,0.0,0.0084586466165413,0.0084586466165413,0.0888157894736842,0.0972744360902255,0.0042293233082706,0.2114661654135338,0.0845864661654135,38.19078947368421,49.86372180451127,610.375939849624,274.3562030075188,0.0930451127819549,0.549812030075188,3.425751879699248,1.0573308270676691,0.2960526315789473,2.199248120300752,0.0,0.1268796992481203,0.0845864661654135,4.56766917293233,3.0028195488721807,1.818609022556391,1.776315789473684,0.9304511278195488,0.2960526315789473,1.2265037593984962,4.2293233082706765,3.7640977443609023,1.818609022556391,62.84774436090226,3.8909774436090223,1.1419172932330826,0.8458646616541353,26.64473684210526,2.156954887218045,0.2537593984962406,1.43796992481203,0.7612781954887218,34.849624060150376,4.652255639097744,0.0845864661654135,0.0,1.5648496240601504,0.0,0.0,0.0845864661654135,0.0,3.8063909774436087,1.1419172932330826,DF,,defense,3
Jon Aramburu,ve VEN,DF,Real Sociedad,es La Liga,22.0,2002.0,35,28,2460,27.3,1,1,2,1,0,0,0.4,0.4,1.1,1.6,0.06,11,3,27.3,0.4,0.11,0.09,0.33,0.04,1190,1518,78.4,17685,7225,1.4,15,82,11,6,45,0,0,3,97,33,1.21,2,0.07,102,70,61,30,11,66.0,30,132,98,37,0,1887,105,20,8,21.6,847,26,0,34,12,979,53,8,0,0,50,1,0,1,0,127,40,54.8,0.0365853658536585,0.0365853658536585,0.073170731707317,0.0365853658536585,0.0146341463414634,0.0146341463414634,0.0402439024390244,0.0585365853658536,0.0021951219512195,0.4024390243902439,0.1097560975609756,43.53658536585366,55.53658536585366,647.0121951219512,264.3292682926829,0.0512195121951219,0.5487804878048781,3.0,0.4024390243902439,0.2195121951219512,1.646341463414634,0.0,0.0,0.1097560975609756,3.548780487804878,3.731707317073171,2.5609756097560976,2.2317073170731705,1.0975609756097562,0.4024390243902439,1.0975609756097562,4.829268292682927,3.5853658536585367,1.353658536585366,69.03658536585365,3.841463414634146,0.7317073170731708,0.2926829268292683,30.98780487804878,0.951219512195122,0.0,1.2439024390243902,0.4390243902439024,35.8170731707317,1.9390243902439024,0.2926829268292683,0.0,1.829268292682927,0.0365853658536585,0.0,0.0365853658536585,0.0,4.646341463414634,1.4634146341463417,DF,,defense,3
Carlens Arcus,ht HAI,DF,Angers,fr Ligue 1,28.0,1996.0,28,25,2047,22.7,0,1,1,0,0,0,0.0,0.0,1.4,1.4,0.06,3,0,0.0,0.13,0.0,0.0,,0.01,810,1020,79.4,13534,4817,1.4,17,58,20,10,55,1,2,3,70,37,1.63,3,0.13,52,35,32,15,5,60.7,27,79,83,20,3,1249,85,11,8,44.4,566,39,2,18,14,686,79,3,0,0,38,1,0,0,0,81,31,55.4,0.0,0.0439667806546165,0.0439667806546165,0.0,0.0,0.0,0.0615534929164631,0.0615534929164631,0.0026380068392769,0.1319003419638495,0.0,35.613092330239375,44.84611626770885,595.0464093795798,211.7879824132877,0.0615534929164631,0.7474352711284806,2.550073277967757,0.8793356130923302,0.4396678065461651,2.418172936003908,0.0439667806546165,0.087933561309233,0.1319003419638495,3.077674645823156,2.2862725940400583,1.538837322911578,1.4069369809477283,0.6595017098192477,0.2198339032730825,1.1871030776746458,3.473375671714704,3.6492427943331696,0.8793356130923302,54.91450903761602,3.7371763556424034,0.4836345872007816,0.3517342452369321,24.885197850512945,1.714704445530044,0.087933561309233,0.7914020517830972,0.6155349291646312,30.161211529066925,3.473375671714704,0.1319003419638495,0.0,1.6707376648754275,0.0439667806546165,0.0,0.0,0.0,3.561309233023937,1.362970200293112,DF,,defense,3
Jesús Areso,es ESP,DF,Osasuna,es La Liga,25.0,1999.0,36,35,3079,34.2,0,3,3,0,0,0,0.2,0.2,3.5,3.7,0.11,8,0,0.0,0.23,0.0,0.0,,0.03,1139,1573,72.4,19266,8143,3.1,30,96,50,30,169,1,0,4,106,73,2.13,9,0.26,53,38,31,14,8,69.6,8,61,92,63,0,1902,104,23,24,37.5,904,101,9,62,29,1075,203,9,0,0,31,3,0,0,0,118,27,58.7,0.0,0.0876908087041247,0.0876908087041247,0.0,0.0058460539136083,0.0058460539136083,0.1023059434881454,0.1081519974017538,0.0032153296524845,0.2338421565443325,0.0,33.29327703799935,45.97921403052939,563.150373497889,238.0220850925625,0.0906138356609288,0.8769080870412471,2.806105878531991,1.4615134784020785,0.8769080870412471,4.939915556999026,0.0292302695680415,0.0,0.1169210782721662,3.0984085742124066,1.5492042871062033,1.1107502435855798,0.9061383566092888,0.4092237739525819,0.2338421565443325,0.2338421565443325,1.7830464436505358,2.6891848002598246,1.8415069827866195,55.59597271841507,3.039948035076324,0.6722962000649562,0.7015264696329977,26.42416368950958,2.9522572263721987,0.2630724261123741,1.8122767132185773,0.8476778174732056,31.422539785644688,5.933744722312438,0.2630724261123741,0.0,0.9061383566092888,0.0876908087041247,0.0,0.0,0.0,3.449171809028906,0.7892172783371224,DF,,defense,1
Raúl Asencio,es ESP,DF,Real Madrid,es La Liga,21.0,2003.0,23,18,1670,18.6,0,1,1,0,0,0,0.1,0.1,0.6,0.7,0.04,3,1,33.3,0.16,0.05,0.0,0.0,0.04,927,988,93.8,15881,5389,0.4,6,47,3,0,0,0,1,8,27,12,0.65,1,0.05,22,16,18,4,0,76.9,16,38,88,2,2,1149,156,11,6,66.7,720,5,1,5,6,807,4,3,0,0,12,0,0,0,0,75,30,66.7,0.0,0.0538922155688622,0.0538922155688622,0.0,0.0053892215568862,0.0053892215568862,0.0323353293413173,0.0377245508982035,0.0021556886227544,0.1616766467065868,0.0538922155688622,49.95808383233533,53.24550898203593,855.8622754491018,290.4251497005988,0.0215568862275449,0.3233532934131736,2.532934131736527,0.1616766467065868,0.0,0.0,0.0,0.0538922155688622,0.4311377245508982,1.4550898203592817,1.18562874251497,0.8622754491017964,0.9700598802395208,0.2155688622754491,0.0,0.8622754491017964,2.0479041916167664,4.74251497005988,0.1077844311377245,61.92215568862275,8.407185628742514,0.592814371257485,0.3233532934131736,38.80239520958084,0.2694610778443114,0.0538922155688622,0.2694610778443114,0.3233532934131736,43.49101796407186,0.2155688622754491,0.1616766467065868,0.0,0.6467065868263473,0.0,0.0,0.0,0.0,4.041916167664671,1.616766467065868,DF,,defense,0
Lorenz Assignon,tg TOG,"DF,MF",Rennes,fr Ligue 1,24.0,2000.0,32,27,2357,26.2,3,4,7,3,0,0,2.2,2.2,3.5,5.7,0.22,22,5,22.7,0.84,0.19,0.14,0.6,0.1,1015,1301,78.0,15872,5411,3.7,29,70,28,12,70,1,3,5,116,67,2.56,10,0.38,49,27,25,22,2,44.2,25,74,74,38,0,1638,66,80,28,36.4,807,98,26,56,34,1006,206,9,0,0,52,1,0,1,0,110,38,63.3,0.1145523971149766,0.1527365294866355,0.2672889266016122,0.1145523971149766,0.0840050912176495,0.0840050912176495,0.1336444633008061,0.2176495545184556,0.0084005091217649,0.8400509121764955,0.1909206618582944,38.756894357233776,49.67755621552821,606.0585490029699,206.61434026304624,0.1412812897751378,1.1073398387781077,2.672889266016122,1.069155706406449,0.4582095884599066,2.672889266016122,0.0381841323716588,0.1145523971149766,0.1909206618582944,4.429359355112431,1.8710224862112852,1.03097157403479,0.954603309291472,0.8400509121764955,0.0763682647433177,0.954603309291472,2.825625795502758,2.825625795502758,1.4509970301230375,62.54560882477725,2.5201527365294867,3.0547305897327117,1.069155706406449,30.81459482392872,3.742044972422571,0.9927874416631312,2.138311412812898,1.298260500636402,38.41323716588884,7.865931268561731,0.34365719134493,0.0,1.9855748833262623,0.0381841323716588,0.0,0.0381841323716588,0.0,4.2002545608824775,1.4509970301230375,DF,MF,defense,1
Tommaso Augello,it ITA,DF,Cagliari,it Serie A,29.0,1994.0,38,30,2713,30.1,0,7,7,0,0,0,0.3,0.3,4.6,4.9,0.16,8,0,0.0,0.27,0.0,0.0,,0.03,1179,1640,71.9,20383,8524,4.8,39,79,38,26,207,57,0,6,118,73,2.42,11,0.36,49,28,28,17,4,69.8,16,65,109,50,2,1902,103,12,24,55.8,882,58,3,27,18,1020,113,3,0,0,15,0,0,0,0,135,49,69.0,0.0,0.2322152598599336,0.2322152598599336,0.0,0.0099520825654257,0.0099520825654257,0.1525985993365278,0.1625506819019535,0.005307777368227,0.2653888684113527,0.0,39.11168448212311,54.40471802432731,676.1776631035754,282.7718392922964,0.1592333210468116,1.2937707335053448,2.6207150755621083,1.2605971249539256,0.8625138223368964,6.866936970143753,1.890895687430888,0.0,0.1990416513085146,3.914485809067453,1.6255068190195356,0.9288610394397346,0.9288610394397346,0.5639513453741246,0.1326944342056763,0.5307777368227055,2.156284555842241,3.6159233321046815,1.6586804275709546,63.09620346479912,3.416881680796166,0.3980833026170292,0.7961666052340584,29.259122742351643,1.924069295982308,0.0995208256542573,0.8956874308883155,0.5971249539255437,33.837080722447475,3.748617766310357,0.0995208256542573,0.0,0.4976041282712863,0.0,0.0,0.0,0.0,4.478437154441577,1.6255068190195356,DF,,defense,1
Carlos Augusto,br BRA,DF,Inter,it Serie A,25.0,1999.0,28,15,1625,18.1,3,2,5,3,0,0,2.8,2.8,1.6,4.4,0.23,24,6,25.0,1.33,0.33,0.13,0.5,0.12,1083,1227,88.3,17582,4524,1.5,9,61,12,3,19,0,2,2,80,24,1.28,3,0.16,29,14,12,11,6,63.2,9,38,50,19,0,1413,88,43,7,58.3,837,31,4,18,13,997,83,1,0,0,9,2,0,0,0,70,57,62.0,0.1661538461538461,0.1107692307692307,0.2769230769230769,0.1661538461538461,0.155076923076923,0.155076923076923,0.0886153846153846,0.2436923076923077,0.0127384615384615,1.3292307692307692,0.3323076923076923,59.98153846153846,67.95692307692308,973.7723076923075,250.56,0.083076923076923,0.4984615384615384,3.378461538461538,0.6646153846153846,0.1661538461538461,1.0523076923076924,0.0,0.1107692307692307,0.1107692307692307,4.430769230769231,1.606153846153846,0.7753846153846153,0.6646153846153846,0.6092307692307692,0.3323076923076923,0.4984615384615384,2.1046153846153848,2.769230769230769,1.0523076923076924,78.25846153846155,4.873846153846154,2.3815384615384616,0.3876923076923076,46.35692307692308,1.716923076923077,0.2215384615384615,0.9969230769230768,0.72,55.21846153846154,4.596923076923077,0.0553846153846153,0.0,0.4984615384615384,0.1107692307692307,0.0,0.0,0.0,3.876923076923077,3.1569230769230767,DF,,defense,2
Yann Aurel Bisseck,de GER,DF,Inter,it Serie A,23.0,2000.0,26,16,1553,17.3,3,2,5,3,0,0,2.6,2.6,0.9,3.4,0.19,21,5,23.8,1.22,0.29,0.14,0.6,0.12,1179,1284,91.8,19786,5328,1.2,7,77,7,1,8,0,2,1,93,20,1.1,4,0.22,17,11,11,4,2,68.8,17,34,64,16,1,1465,122,43,3,20.0,998,32,3,16,7,1136,44,4,0,0,15,1,0,2,0,66,47,75.8,0.1738570508692852,0.1159047005795235,0.2897617514488087,0.1738570508692852,0.1506761107533805,0.1506761107533805,0.0521571152607855,0.1970379909851899,0.0110109465550547,1.2169993560849968,0.2897617514488087,68.32582099162912,74.41081777205409,1146.645202833226,308.77012234385063,0.0695428203477141,0.4056664520283322,4.462330972311655,0.4056664520283322,0.0579523502897617,0.463618802318094,0.0,0.1159047005795235,0.0579523502897617,5.389568576947843,0.98518995492595,0.6374758531873793,0.6374758531873793,0.231809401159047,0.1159047005795235,0.98518995492595,1.9703799098519,3.708950418544752,0.927237604636188,84.90019317450097,7.070186735350934,2.4919510624597554,0.1738570508692852,57.83644558918223,1.854475209272376,0.1738570508692852,0.927237604636188,0.4056664520283322,65.83386992916935,2.5499034127495173,0.231809401159047,0.0,0.8692852543464263,0.0579523502897617,0.0,0.1159047005795235,0.0,3.824855119124276,2.7237604636188024,DF,,defense,2
Loïc Bade,fr FRA,DF,Sevilla,es La Liga,24.0,2000.0,32,31,2686,29.8,1,1,2,1,0,0,0.6,0.6,0.7,1.3,0.04,13,4,30.8,0.44,0.13,0.08,0.25,0.05,1562,1822,85.7,31207,11821,0.2,4,94,3,0,8,0,1,18,62,23,0.77,2,0.07,47,27,37,10,0,74.2,29,76,162,9,2,2135,284,20,17,77.3,1173,11,1,17,8,1463,6,7,1,0,26,0,0,1,0,138,65,68.4,0.0335070737155621,0.0335070737155621,0.0670141474311243,0.0335070737155621,0.0201042442293373,0.0201042442293373,0.0234549516008935,0.0435591958302308,0.0013402829486224,0.4355919583023082,0.1340282948622487,52.33804914370811,61.04988830975428,1045.655249441549,396.08711839166045,0.0067014147431124,0.1340282948622487,3.1496649292628445,0.1005212211466865,0.0,0.2680565897244974,0.0,0.0335070737155621,0.6031273268801192,2.077438570364855,1.5748324646314222,0.9046909903201786,1.2397617274758004,0.3350707371556217,0.0,0.9717051377513032,2.5465376023827253,5.4281459419210725,0.3015636634400596,71.53760238272524,9.516008935219658,0.6701414743112435,0.569620253164557,39.30379746835443,0.3685778108711839,0.0335070737155621,0.569620253164557,0.2680565897244974,49.02084884586746,0.201042442293373,0.2345495160089352,0.0335070737155621,0.8711839166046165,0.0,0.0,0.0335070737155621,0.0,4.6239761727475805,2.177959791511541,DF,,defense,0
Ridle Baku,de GER,"DF,MF",RB Leipzig,de Bundesliga,26.0,1998.0,19,15,1275,14.2,2,3,5,2,0,0,1.4,1.4,1.5,2.9,0.2,17,5,29.4,1.2,0.35,0.12,0.4,0.08,480,638,75.2,7553,2361,1.7,14,34,17,4,34,0,5,3,41,30,2.12,6,0.42,24,19,9,13,2,39.1,9,33,45,22,0,796,32,32,16,66.7,383,21,3,26,14,503,97,1,0,0,13,0,0,0,0,45,10,37.0,0.1411764705882353,0.2117647058823529,0.3529411764705882,0.1411764705882353,0.0988235294117647,0.0988235294117647,0.1058823529411764,0.2047058823529411,0.0141176470588235,1.2000000000000002,0.3529411764705882,33.88235294117647,45.035294117647055,533.1529411764706,166.65882352941176,0.12,0.9882352941176472,2.4000000000000004,1.2000000000000002,0.2823529411764706,2.4000000000000004,0.0,0.3529411764705882,0.2117647058823529,2.8941176470588235,1.6941176470588233,1.3411764705882354,0.6352941176470589,0.9176470588235296,0.1411764705882353,0.6352941176470589,2.3294117647058825,3.176470588235294,1.552941176470588,56.188235294117646,2.2588235294117647,2.2588235294117647,1.1294117647058823,27.035294117647062,1.4823529411764709,0.2117647058823529,1.835294117647059,0.9882352941176472,35.50588235294118,6.847058823529412,0.0705882352941176,0.0,0.9176470588235296,0.0,0.0,0.0,0.0,3.176470588235294,0.7058823529411764,DF,MF,defense,1
Alejandro Balde,es ESP,DF,Barcelona,es La Liga,20.0,2003.0,32,26,2284,25.4,0,4,4,0,0,0,0.5,0.5,3.4,3.9,0.15,12,3,25.0,0.47,0.12,0.0,0.0,0.04,1306,1484,88.0,19158,3986,2.8,26,51,39,11,67,0,3,2,93,76,2.99,12,0.47,18,10,10,5,3,64.7,5,23,27,28,0,1721,38,47,46,41.8,1075,107,16,44,27,1245,246,2,0,0,16,7,0,0,0,122,16,64.0,0.0,0.1576182136602452,0.1576182136602452,0.0,0.0197022767075306,0.0197022767075306,0.1339754816112084,0.153677758318739,0.0059106830122591,0.4728546409807355,0.1182136602451838,51.462346760070055,58.476357267950966,754.9124343257442,157.0665499124343,0.1103327495621716,1.0245183887915936,2.009632224168126,1.5367775831873904,0.4334500875656742,2.6401050788091065,0.0,0.1182136602451838,0.0788091068301226,3.664623467600701,0.7092819614711033,0.3940455341506129,0.3940455341506129,0.1970227670753064,0.1182136602451838,0.1970227670753064,0.90630472854641,1.063922942206655,1.1033274956217165,67.81523642732049,1.4973730297723291,1.8520140105078808,1.81260945709282,42.35989492119089,4.216287215411558,0.6304728546409808,1.733800350262697,1.063922942206655,49.05866900175131,9.69352014010508,0.0788091068301226,0.0,0.6304728546409808,0.275831873905429,0.0,0.0,0.0,4.807355516637478,0.6304728546409808,DF,,defense,1
Leonardo Balerdi,ar ARG,DF,Marseille,fr Ligue 1,25.0,1999.0,27,27,2273,25.3,0,0,0,0,0,0,0.9,0.9,0.7,1.7,0.07,15,1,6.7,0.59,0.04,0.0,0.0,0.06,2360,2516,93.8,39477,14824,0.8,8,150,6,0,2,0,3,8,105,27,1.07,3,0.12,54,39,32,17,5,57.4,38,92,72,12,4,2767,209,21,22,68.8,1752,13,2,20,13,2183,5,9,1,1,28,0,0,0,1,161,39,65.0,0.0,0.0,0.0,0.0,0.0356357237131544,0.0356357237131544,0.0277166739991201,0.0673119225692916,0.002771667399912,0.5939287285525737,0.0395952485701715,93.44478662560492,99.6216454025517,1563.1016278046632,586.9599648042235,0.0316761988561372,0.3167619885613726,5.9392872855257375,0.2375714914210294,0.0,0.0791904971403431,0.0,0.1187857457105147,0.3167619885613726,4.157501099868016,2.1381434227892653,1.5442146942366917,1.2670479542454909,0.6731192256929168,0.1979762428508579,1.50461944566652,3.642762868455785,2.8508578970523537,0.4751429828420589,109.56005279366477,8.27540695116586,0.8315002199736032,0.8710954685437748,69.3708754949406,0.5147382314122305,0.0791904971403431,0.7919049714034316,0.5147382314122305,86.43642762868456,0.1979762428508579,0.3563572371315442,0.0395952485701715,1.1086669599648042,0.0,0.0,0.0,0.0395952485701715,6.374835019797624,1.5442146942366917,DF,,defense,2
Iván Balliu,al ALB,DF,Rayo Vallecano,es La Liga,32.0,1992.0,25,12,1200,13.3,0,0,0,0,0,0,0.0,0.0,0.5,0.5,0.04,1,0,0.0,0.07,0.0,0.0,,0.01,492,649,75.8,8082,3338,0.4,7,38,6,4,19,0,0,1,46,19,1.43,1,0.08,17,14,8,5,4,33.3,13,30,39,20,0,762,42,10,3,50.0,326,8,2,12,2,379,21,3,0,0,19,1,0,0,0,39,14,35.0,0.0,0.0,0.0,0.0,0.0,0.0,0.0375,0.0375,0.003,0.075,0.0,36.9,48.675,606.15,250.35,0.03,0.525,2.85,0.45,0.3,1.425,0.0,0.0,0.075,3.45,1.275,1.05,0.6000000000000001,0.375,0.3,0.975,2.25,2.9250000000000003,1.5,57.15,3.1500000000000004,0.75,0.225,24.45,0.6000000000000001,0.15,0.9,0.15,28.425,1.5750000000000002,0.225,0.0,1.425,0.075,0.0,0.0,0.0,2.9250000000000003,1.05,DF,,defense,1
Botond Balogh,hu HUN,DF,Parma,it Serie A,22.0,2002.0,29,23,2053,22.8,0,1,1,0,0,0,0.4,0.4,0.1,0.5,0.02,3,0,0.0,0.13,0.0,0.0,,0.14,861,964,89.3,16914,4970,0.3,2,24,0,0,1,0,0,1,37,8,0.35,2,0.09,36,16,22,13,1,71.4,25,61,141,8,2,1228,250,8,0,,621,7,0,9,1,725,1,5,0,0,17,0,0,2,0,64,34,54.0,0.0,0.0438382854359473,0.0438382854359473,0.0,0.0175353141743789,0.0175353141743789,0.0043838285435947,0.0219191427179736,0.0008767657087189,0.1315148563078421,0.0,37.74476376035071,42.26010716025328,741.4807598636143,217.87627861665857,0.0131514856307842,0.0876765708718947,1.0521188504627377,0.0,0.0,0.0438382854359473,0.0,0.0,0.0438382854359473,1.6220165611300534,1.5781782756941063,0.7014125669751583,0.9644422795908426,0.5698977106673161,0.0438382854359473,1.0959571358986848,2.674135411592791,6.181198246468583,0.3507062834875791,53.83341451534341,10.959571358986848,0.3507062834875791,0.0,27.223575255723333,0.3068679980516317,0.0,0.3945445689235266,0.0438382854359473,31.782756941061866,0.0438382854359473,0.2191914271797369,0.0,0.7452508524111057,0.0,0.0,0.0876765708718947,0.0,2.805650267900633,1.4905017048222111,DF,,defense,0
Abdoulaye Bamba,ci CIV,DF,Angers,fr Ligue 1,34.0,1990.0,19,16,1510,16.8,0,0,0,0,0,0,0.1,0.1,0.3,0.4,0.02,1,0,0.0,0.06,0.0,0.0,,0.09,518,585,88.5,10459,3330,0.3,6,19,4,3,5,0,1,1,16,10,0.6,0,0.0,22,12,17,4,1,73.7,19,41,79,4,0,743,90,3,2,100.0,408,1,0,3,4,468,3,2,0,0,10,0,0,0,0,47,11,39.3,0.0,0.0,0.0,0.0,0.0059602649006622,0.0059602649006622,0.0178807947019867,0.023841059602649,0.0011920529801324,0.0596026490066225,0.0,30.874172185430464,34.86754966887417,623.3841059602648,198.47682119205297,0.0178807947019867,0.3576158940397351,1.1324503311258278,0.23841059602649,0.1788079470198675,0.2980132450331126,0.0,0.0596026490066225,0.0596026490066225,0.9536423841059604,1.3112582781456954,0.7152317880794702,1.0132450331125828,0.23841059602649,0.0596026490066225,1.1324503311258278,2.4437086092715234,4.708609271523179,0.23841059602649,44.28476821192053,5.364238410596027,0.1788079470198675,0.119205298013245,24.31788079470199,0.0596026490066225,0.0,0.1788079470198675,0.23841059602649,27.894039735099337,0.1788079470198675,0.119205298013245,0.0,0.5960264900662252,0.0,0.0,0.0,0.0,2.801324503311258,0.6556291390728477,DF,,defense,0
Mattia Bani,it ITA,DF,Genoa,it Serie A,30.0,1993.0,20,19,1507,16.7,0,0,0,0,0,0,1.2,1.2,0.2,1.4,0.08,8,3,37.5,0.48,0.18,0.0,0.0,0.15,768,879,87.4,15516,5490,0.2,2,18,2,1,4,0,0,3,25,7,0.42,2,0.12,19,10,11,6,2,63.6,22,41,85,5,2,1048,180,10,2,40.0,558,6,0,4,3,699,3,3,0,0,7,0,0,0,0,60,22,48.9,0.0,0.0,0.0,0.0,0.0716655607166556,0.0716655607166556,0.0119442601194426,0.0836098208360982,0.004777704047777,0.477770404777704,0.179163901791639,45.8659588586596,52.49502322495023,926.635700066357,327.8699402786994,0.0119442601194426,0.119442601194426,1.0749834107498342,0.119442601194426,0.059721300597213,0.238885202388852,0.0,0.0,0.179163901791639,1.4930325149303252,1.1347047113470472,0.5972130059721301,0.656934306569343,0.3583278035832781,0.119442601194426,1.313868613138686,2.448573324485733,5.076310550763106,0.298606502986065,62.58792302587923,10.74983410749834,0.5972130059721301,0.119442601194426,33.324485733244856,0.3583278035832781,0.0,0.238885202388852,0.179163901791639,41.74518911745189,0.179163901791639,0.179163901791639,0.0,0.418049104180491,0.0,0.0,0.0,0.0,3.5832780358327807,1.313868613138686,DF,,defense,0
Melvin Bard,fr FRA,"DF,MF",Nice,fr Ligue 1,23.0,2000.0,24,22,1938,21.5,2,1,3,2,0,0,2.2,2.2,1.9,4.1,0.19,23,8,34.8,1.07,0.37,0.09,0.25,0.1,903,1166,77.4,15233,5399,2.5,15,76,26,13,60,1,4,0,88,49,2.28,4,0.19,53,36,35,13,5,57.1,29,82,60,29,3,1436,88,36,22,44.9,778,53,10,28,15,858,95,4,2,1,17,1,0,0,0,124,24,54.5,0.0928792569659442,0.0464396284829721,0.1393188854489164,0.0928792569659442,0.1021671826625387,0.1021671826625387,0.088235294117647,0.1904024767801857,0.0088235294117647,1.0681114551083593,0.371517027863777,41.93498452012384,54.14860681114551,707.4148606811145,250.72755417956657,0.1160990712074303,0.6965944272445821,3.5294117647058822,1.2074303405572755,0.6037151702786377,2.7863777089783284,0.0464396284829721,0.1857585139318885,0.0,4.086687306501548,2.461300309597523,1.671826625386997,1.6253869969040249,0.6037151702786377,0.2321981424148606,1.346749226006192,3.808049535603715,2.7863777089783284,1.346749226006192,66.687306501548,4.086687306501548,1.671826625386997,1.021671826625387,36.13003095975232,2.461300309597523,0.4643962848297213,1.3003095975232195,0.6965944272445821,39.845201238390096,4.411764705882353,0.1857585139318885,0.0928792569659442,0.7894736842105263,0.0464396284829721,0.0,0.0,0.0,5.758513931888545,1.1145510835913313,DF,MF,defense,3
Marc Bartra,es ESP,DF,Betis,es La Liga,33.0,1991.0,25,23,2099,23.3,2,1,3,2,0,0,1.2,1.2,0.2,1.4,0.06,18,5,27.8,0.77,0.21,0.11,0.4,0.07,945,1163,81.3,19271,6573,0.3,4,64,5,1,1,0,3,19,68,13,0.56,3,0.13,33,19,20,13,0,57.7,33,66,148,8,0,1483,219,18,7,46.7,804,7,1,12,5,903,1,2,0,0,15,0,0,1,0,88,50,54.3,0.0857551214864221,0.042877560743211,0.1286326822296331,0.0857551214864221,0.0514530728918532,0.0514530728918532,0.0085755121486422,0.0600285850404954,0.0025726536445926,0.7717960933777989,0.2143878037160552,40.51929490233445,49.86660314435446,826.2934730824202,281.8342067651262,0.0128632682229633,0.1715102429728442,2.744163887565507,0.2143878037160552,0.042877560743211,0.042877560743211,0.0,0.1286326822296331,0.81467365412101,2.915674130538352,1.4149595045259649,0.81467365412101,0.857551214864221,0.5574082896617437,0.0,1.4149595045259649,2.8299190090519297,6.345878989995236,0.3430204859456884,63.58742258218199,9.39018580276322,0.7717960933777989,0.3001429252024774,34.47355883754169,0.3001429252024774,0.042877560743211,0.5145307289185326,0.2143878037160552,38.71843735111958,0.042877560743211,0.0857551214864221,0.0,0.6431634111481658,0.0,0.0,0.042877560743211,0.0,3.773225345402573,2.143878037160553,DF,,defense,0
Federico Baschirotto,it ITA,DF,Lecce,it Serie A,27.0,1996.0,38,38,3420,38.0,2,0,2,2,0,0,1.2,1.2,0.2,1.4,0.04,22,8,36.4,0.58,0.21,0.09,0.25,0.06,1409,1635,86.2,28512,9707,0.5,4,51,5,0,5,0,0,15,71,17,0.45,1,0.03,37,25,30,5,2,78.6,23,60,237,5,2,2043,370,36,4,80.0,940,13,0,13,1,1157,5,3,0,0,31,0,0,3,0,93,104,65.4,0.0526315789473684,0.0,0.0526315789473684,0.0526315789473684,0.031578947368421,0.031578947368421,0.0052631578947368,0.0368421052631578,0.0010526315789473,0.5789473684210527,0.2105263157894737,37.078947368421055,43.026315789473685,750.3157894736842,255.44736842105263,0.0131578947368421,0.1052631578947368,1.3421052631578947,0.131578947368421,0.0,0.131578947368421,0.0,0.0,0.3947368421052631,1.868421052631579,0.9736842105263158,0.6578947368421052,0.7894736842105263,0.131578947368421,0.0526315789473684,0.6052631578947368,1.5789473684210529,6.2368421052631575,0.131578947368421,53.76315789473684,9.736842105263158,0.9473684210526316,0.1052631578947368,24.73684210526316,0.3421052631578947,0.0,0.3421052631578947,0.0263157894736842,30.44736842105263,0.131578947368421,0.0789473684210526,0.0,0.8157894736842105,0.0,0.0,0.0789473684210526,0.0,2.447368421052632,2.736842105263158,DF,,defense,0
Calvin Bassey,ng NGA,DF,Fulham,eng Premier League,24.0,1999.0,35,34,3074,34.2,1,0,1,1,0,0,1.0,1.0,0.1,1.2,0.03,14,4,28.6,0.41,0.12,0.07,0.25,0.07,1934,2155,89.7,34171,11961,0.4,3,152,3,0,8,0,0,10,116,23,0.67,3,0.09,54,34,35,19,0,71.0,20,74,118,17,8,2463,324,19,15,45.5,1571,39,5,34,8,1716,15,7,0,0,26,0,0,0,0,168,43,56.6,0.029277813923227,0.0,0.029277813923227,0.029277813923227,0.029277813923227,0.029277813923227,0.0029277813923227,0.0351333767078724,0.0008783344176968,0.4098893949251789,0.1171112556929082,56.62329212752115,63.09368900455433,1000.452179570592,350.1919323357189,0.0117111255692908,0.0878334417696811,4.450227716330514,0.0878334417696811,0.0,0.2342225113858165,0.0,0.0,0.2927781392322706,3.3962264150943398,1.5810019518542615,0.99544567338972,1.0247234873129474,0.5562784645413142,0.0,0.5855562784645413,2.166558230318803,3.4547820429407934,0.49772283669486,72.11125569290826,9.486011711125569,0.5562784645413142,0.439167208848406,45.99544567338972,1.1418347430058555,0.1463890696161353,0.99544567338972,0.2342225113858165,50.24072869225764,0.439167208848406,0.2049446974625894,0.0,0.7612231620039037,0.0,0.0,0.0,0.0,4.9186727391021465,1.258945998698764,DF,,defense,2
Alessandro Bastoni,it ITA,DF,Inter,it Serie A,25.0,1999.0,32,30,2333,25.9,1,5,6,1,0,0,0.8,0.8,2.3,3.2,0.12,12,2,16.7,0.46,0.08,0.08,0.5,0.06,1966,2225,88.4,36493,11275,2.8,27,128,49,24,61,0,3,22,162,71,2.66,11,0.41,46,23,26,14,6,66.7,21,67,52,18,1,2446,196,28,7,43.8,1633,62,5,26,5,1815,83,6,1,1,43,3,0,0,0,96,44,64.7,0.0385769395627946,0.1928846978139734,0.2314616373767681,0.0385769395627946,0.0308615516502357,0.0308615516502357,0.0887269609944277,0.1234462066009429,0.0046292327475353,0.4629232747535362,0.0771538791255893,75.84226318045435,85.83369052721818,1407.7882554650664,434.9549935705101,0.1080154307758251,1.0415773681954563,4.93784826403772,1.8902700385769395,0.9258465495070723,2.353193313330476,0.0,0.115730818688384,0.8486926703814831,6.249464209172739,1.7745392198885557,0.8872696099442778,1.003000428632662,0.5400771538791256,0.2314616373767681,0.8101157308186884,2.584654950707244,2.006000857265324,0.6943849121303043,94.3591941705958,7.561080154307758,1.0801543077582512,0.2700385769395628,62.99614230604372,2.3917702528932705,0.1928846978139734,1.003000428632662,0.1928846978139734,70.01714530647236,3.2018859837119598,0.2314616373767681,0.0385769395627946,1.6588084012001714,0.115730818688384,0.0,0.0,0.0,3.70338619802829,1.6973853407629662,DF,,defense,3
Dylan Batubinsika,cd COD,DF,Saint-Étienne,fr Ligue 1,28.0,1996.0,25,22,2016,22.4,1,0,1,1,0,0,0.8,0.8,0.2,1.0,0.04,7,2,28.6,0.31,0.09,0.14,0.5,0.12,1112,1217,91.4,20308,6434,0.4,4,47,3,1,1,0,1,0,51,9,0.4,0,0.0,26,13,19,6,1,59.1,39,65,140,4,3,1476,198,9,6,66.7,790,11,0,6,2,974,1,3,1,0,24,0,0,3,1,76,45,72.6,0.0446428571428571,0.0,0.0446428571428571,0.0446428571428571,0.0357142857142857,0.0357142857142857,0.0089285714285714,0.0446428571428571,0.0017857142857142,0.3125,0.0892857142857142,49.642857142857146,54.33035714285714,906.6071428571428,287.23214285714283,0.0178571428571428,0.1785714285714285,2.0982142857142856,0.1339285714285714,0.0446428571428571,0.0446428571428571,0.0,0.0446428571428571,0.0,2.2767857142857144,1.1607142857142856,0.5803571428571428,0.8482142857142857,0.2678571428571428,0.0446428571428571,1.7410714285714286,2.9017857142857144,6.25,0.1785714285714285,65.89285714285714,8.839285714285714,0.4017857142857142,0.2678571428571428,35.267857142857146,0.4910714285714285,0.0,0.2678571428571428,0.0892857142857142,43.48214285714285,0.0446428571428571,0.1339285714285714,0.0446428571428571,1.0714285714285714,0.0,0.0,0.1339285714285714,0.0446428571428571,3.392857142857143,2.008928571428572,DF,,defense,0
Timo Becker,de GER,DF,Holstein Kiel,de Bundesliga,27.0,1997.0,30,28,2445,27.2,0,2,2,0,0,0,1.4,1.4,0.8,2.2,0.08,17,4,23.5,0.63,0.15,0.0,0.0,0.09,794,1026,77.4,15287,5840,1.0,6,38,9,4,22,0,1,14,57,30,1.1,8,0.29,53,33,39,9,5,73.9,17,70,110,26,1,1325,135,28,12,46.2,588,28,1,28,10,684,38,2,0,0,9,0,0,0,0,98,31,44.9,0.0,0.0736196319018405,0.0736196319018405,0.0,0.0515337423312883,0.0515337423312883,0.0294478527607362,0.0809815950920245,0.0029447852760736,0.6257668711656442,0.147239263803681,29.22699386503067,37.766871165644176,562.7116564417178,214.96932515337423,0.0368098159509202,0.2208588957055214,1.3987730061349692,0.3312883435582822,0.147239263803681,0.8098159509202455,0.0,0.0368098159509202,0.5153374233128835,2.098159509202454,1.950920245398773,1.2147239263803682,1.4355828220858895,0.3312883435582822,0.1840490797546012,0.6257668711656442,2.5766871165644174,4.049079754601227,0.9570552147239264,48.77300613496933,4.969325153374233,1.030674846625767,0.4417177914110429,21.644171779141104,1.030674846625767,0.0368098159509202,1.030674846625767,0.3680981595092025,25.177914110429448,1.3987730061349692,0.0736196319018405,0.0,0.3312883435582822,0.0,0.0,0.0,0.0,3.607361963190184,1.1411042944785277,DF,,defense,3
Jan Bednarek,pl POL,DF,Southampton,eng Premier League,28.0,1996.0,30,30,2531,28.1,2,0,2,2,0,0,0.7,0.7,0.5,1.2,0.04,5,2,40.0,0.18,0.07,0.4,1.0,0.13,1564,1687,92.7,27781,8925,0.9,5,72,1,0,1,0,0,7,60,16,0.57,0,0.0,36,19,23,13,0,51.6,56,92,190,4,5,2049,386,15,3,100.0,1046,5,1,9,3,1307,2,7,0,0,31,0,0,1,0,106,71,65.7,0.0711181351244567,0.0,0.0711181351244567,0.0711181351244567,0.0248913472935598,0.0248913472935598,0.0177795337811141,0.042670881074674,0.0014223627024891,0.1777953378111418,0.0711181351244567,55.61438166732516,59.98814697747925,987.8664559462662,317.3646779928882,0.0320031608060055,0.1777953378111418,2.5602528644804425,0.0355590675622283,0.0,0.0355590675622283,0.0,0.0,0.2489134729355985,2.133544053733702,1.2801264322402213,0.675622283682339,0.8178585539312525,0.4622678783089687,0.0,1.9913077834847883,3.27143421572501,6.75622283682339,0.1422362702489134,72.86052943500593,13.72580007902015,0.5333860134334255,0.1066772026866851,37.19478467009088,0.1777953378111418,0.0355590675622283,0.3200316080600553,0.1066772026866851,46.47570130383248,0.0711181351244567,0.2489134729355985,0.0,1.1023310944290794,0.0,0.0,0.0355590675622283,0.0,3.769261161596207,2.524693796918214,DF,,defense,0
Stefan Bell,de GER,DF,Mainz 05,de Bundesliga,32.0,1991.0,18,15,1436,16.0,0,1,1,0,0,0,0.8,0.8,1.0,1.8,0.11,12,3,25.0,0.75,0.19,0.0,0.0,0.06,565,719,78.6,10937,4707,0.7,5,36,0,0,0,0,0,2,38,10,0.63,3,0.19,22,12,16,6,0,64.3,28,50,107,4,1,952,129,30,2,33.3,415,8,1,13,4,484,5,4,0,0,24,0,0,0,0,65,83,69.2,0.0,0.0626740947075208,0.0626740947075208,0.0,0.0501392757660167,0.0501392757660167,0.0626740947075208,0.1128133704735376,0.0068941504178272,0.7520891364902508,0.1880222841225627,35.410863509749305,45.06267409470752,685.466573816156,295.0069637883008,0.0438718662952646,0.3133704735376044,2.256267409470752,0.0,0.0,0.0,0.0,0.0,0.1253481894150417,2.381615598885794,1.3788300835654597,0.7520891364902508,1.0027855153203342,0.3760445682451254,0.0,1.754874651810585,3.1337047353760448,6.706128133704735,0.2506963788300835,59.66573816155989,8.084958217270195,1.8802228412256268,0.1253481894150417,26.00974930362117,0.5013927576601671,0.0626740947075208,0.8147632311977716,0.2506963788300835,30.334261838440117,0.3133704735376044,0.2506963788300835,0.0,1.5041782729805016,0.0,0.0,0.0,0.0,4.073816155988857,5.201949860724234,DF,,defense,0
Raoul Bellanova,it ITA,DF,Atalanta,it Serie A,24.0,2000.0,34,27,2402,26.7,0,9,9,0,0,0,1.1,1.1,4.7,5.8,0.22,18,5,27.8,0.67,0.19,0.0,0.0,0.06,977,1264,77.3,15685,4507,5.1,34,45,28,22,156,22,0,3,87,56,2.1,11,0.41,24,14,8,13,3,61.9,18,42,45,37,0,1469,46,48,21,43.8,822,83,8,29,11,940,191,3,0,0,15,1,0,0,0,117,23,50.0,0.0,0.3372189841798501,0.3372189841798501,0.0,0.0412156536219816,0.0412156536219816,0.1761032472939217,0.2173189009159034,0.0082431307243963,0.6744379683597003,0.1873438800999167,36.60699417152373,47.36053288925896,587.6977518734388,168.87177352206496,0.191090757701915,1.273938384679434,1.6860949208992508,1.0491257285595337,0.8243130724396337,5.845129059117402,0.8243130724396337,0.0,0.11240632805995,3.259783513738551,0.8992506244796004,0.5245628642797668,0.2997502081598668,0.4870940882597835,0.11240632805995,0.6744379683597003,1.5736885928393003,1.6860949208992508,1.3863447127393838,55.04163197335554,1.7235636969192338,1.7985012489592007,0.7868442964196503,30.799333888426307,3.109908409658618,0.2997502081598668,1.0865945045795171,0.4121565362198168,35.220649458784344,7.15653621981682,0.11240632805995,0.0,0.5620316402997502,0.0374687760199833,0.0,0.0,0.0,4.383846794338052,0.8617818484596169,DF,,defense,1
Ramy Bensebaini,dz ALG,DF,Dortmund,de Bundesliga,29.0,1995.0,31,23,2022,22.5,1,6,7,1,0,0,1.3,1.3,3.2,4.5,0.2,20,2,10.0,0.89,0.09,0.05,0.5,0.06,1273,1478,86.1,21519,6758,2.3,15,116,19,5,36,14,4,5,128,39,1.74,10,0.45,51,25,25,18,8,64.7,33,84,86,18,1,1766,110,36,5,27.8,941,26,2,16,6,1094,58,6,0,0,28,0,0,0,0,100,41,62.1,0.0445103857566765,0.2670623145400593,0.3115727002967359,0.0445103857566765,0.0578635014836795,0.0578635014836795,0.142433234421365,0.2002967359050445,0.0089020771513353,0.890207715133531,0.0890207715133531,56.66172106824926,65.78635014836796,957.8189910979228,300.80118694362017,0.102373887240356,0.6676557863501484,5.163204747774481,0.8456973293768546,0.2225519287833827,1.602373887240356,0.6231454005934718,0.1780415430267062,0.2225519287833827,5.697329376854599,2.2700296735905043,1.112759643916914,1.112759643916914,0.8011869436201781,0.3560830860534124,1.4688427299703266,3.738872403560831,3.827893175074184,0.8011869436201781,78.6053412462908,4.896142433234422,1.602373887240356,0.2225519287833827,41.88427299703264,1.1572700296735905,0.0890207715133531,0.7121661721068249,0.2670623145400593,48.69436201780415,2.5816023738872405,0.2670623145400593,0.0,1.2462908011869436,0.0,0.0,0.0,0.0,4.451038575667656,1.824925816023739,DF,,defense,3
Lucas Beraldo,br BRA,DF,Paris S-G,fr Ligue 1,20.0,2003.0,25,22,2011,22.3,1,0,1,1,0,0,0.9,0.9,0.4,1.2,0.06,12,4,33.3,0.54,0.18,0.08,0.25,0.07,2013,2132,94.4,35552,12625,0.9,8,168,13,2,3,0,1,9,131,22,0.98,3,0.13,38,31,30,8,0,62.2,21,59,63,6,3,2314,223,15,1,100.0,1395,9,0,10,2,1847,0,6,0,0,22,0,0,1,0,115,45,68.2,0.0447538538040775,0.0,0.0447538538040775,0.0447538538040775,0.0402784684236698,0.0402784684236698,0.017901541521631,0.053704624564893,0.0026852312282446,0.5370462456489309,0.1790154152163103,90.08950770760816,95.41521631029336,1591.089010442566,565.0174042764794,0.0402784684236698,0.3580308304326206,7.518647439085032,0.5818000994530084,0.0895077076081551,0.1342615614122327,0.0,0.0447538538040775,0.4027846842366981,5.862754848334162,1.7006464445549478,1.3873694679264048,1.342615614122327,0.3580308304326206,0.0,0.939830929885629,2.640477374440577,2.819492789656887,0.2685231228244654,103.5604177026355,9.9801093983093,0.6713078070611636,0.0447538538040775,62.431626056688216,0.4027846842366981,0.0,0.4475385380407757,0.0895077076081551,82.66036797613128,0.0,0.2685231228244654,0.0,0.9845847836897068,0.0,0.0,0.0447538538040775,0.0,5.146693187468921,2.013923421183491,DF,,defense,2
Yuri Berchiche,es ESP,DF,Athletic Club,es La Liga,34.0,1990.0,30,22,2044,22.7,0,2,2,0,0,0,0.6,0.6,2.2,2.8,0.12,16,4,25.0,0.7,0.18,0.0,0.0,0.04,1174,1398,84.0,20944,7612,2.2,18,129,15,8,42,0,0,19,161,40,1.76,2,0.09,33,21,19,11,3,57.6,27,60,72,19,3,1631,74,16,6,37.5,775,43,3,18,2,926,66,5,0,0,18,1,0,1,0,121,28,58.3,0.0,0.0880626223091976,0.0880626223091976,0.0,0.0264187866927592,0.0264187866927592,0.0968688845401174,0.1232876712328767,0.0052837573385518,0.7045009784735812,0.1761252446183953,51.69275929549902,61.55577299412916,922.191780821918,335.16634050880623,0.0968688845401174,0.7925636007827788,5.680039138943248,0.6604696673189824,0.3522504892367906,1.8493150684931503,0.0,0.0,0.8365949119373777,7.08904109589041,1.4530332681017613,0.9246575342465752,0.8365949119373777,0.4843444227005871,0.1320939334637964,1.1888454011741685,2.641878669275929,3.170254403131115,0.8365949119373777,71.81506849315068,3.258317025440313,0.7045009784735812,0.2641878669275929,34.12426614481409,1.8933463796477492,0.1320939334637964,0.7925636007827788,0.0880626223091976,40.77299412915851,2.9060665362035225,0.2201565557729941,0.0,0.7925636007827788,0.0440313111545988,0.0,0.0440313111545988,0.0,5.3277886497064575,1.2328767123287672,DF,,defense,2
Bernardo,br BRA,DF,Bochum,de Bundesliga,29.0,1995.0,21,19,1782,19.8,0,0,0,0,0,0,0.7,0.7,0.7,1.4,0.07,8,2,25.0,0.4,0.1,0.0,0.0,0.09,730,991,73.7,15635,7118,1.7,4,99,11,1,14,0,0,2,100,22,1.11,0,0.0,46,28,32,13,1,73.0,26,72,103,30,4,1249,118,28,3,60.0,630,14,1,11,8,693,14,5,0,0,24,0,0,0,0,83,90,67.7,0.0,0.0,0.0,0.0,0.0353535353535353,0.0353535353535353,0.0353535353535353,0.0707070707070707,0.0035353535353535,0.4040404040404041,0.101010101010101,36.86868686868687,50.050505050505045,789.6464646464647,359.4949494949495,0.0858585858585858,0.202020202020202,5.0,0.5555555555555556,0.0505050505050505,0.7070707070707072,0.0,0.0,0.101010101010101,5.050505050505051,2.323232323232323,1.4141414141414144,1.6161616161616164,0.6565656565656566,0.0505050505050505,1.3131313131313131,3.6363636363636367,5.202020202020202,1.5151515151515151,63.08080808080808,5.95959595959596,1.4141414141414144,0.1515151515151515,31.818181818181817,0.7070707070707072,0.0505050505050505,0.5555555555555556,0.4040404040404041,35.0,0.7070707070707072,0.2525252525252525,0.0,1.2121212121212122,0.0,0.0,0.0,0.0,4.191919191919192,4.545454545454545,DF,,defense,3
Victor Bernth Kristiansen,dk DEN,DF,Leicester City,eng Premier League,21.0,2002.0,30,29,2482,27.6,0,1,1,0,0,0,0.3,0.3,1.4,1.7,0.06,3,0,0.0,0.11,0.0,0.0,,0.11,1023,1321,77.4,16420,5859,1.7,18,76,23,18,97,17,1,2,70,42,1.52,3,0.11,87,51,56,26,5,53.8,42,129,75,24,3,1614,115,17,8,44.4,816,40,5,15,13,887,78,1,0,0,19,2,0,1,1,99,22,34.4,0.0,0.0362610797743755,0.0362610797743755,0.0,0.0108783239323126,0.0108783239323126,0.0507655116841257,0.0616438356164383,0.0021756647864625,0.1087832393231265,0.0,37.09508460918614,47.900886381950045,595.4069298952458,212.45366639806608,0.0616438356164383,0.6526994359387591,2.755842062852538,0.8340048348106366,0.6526994359387591,3.517324738114424,0.6164383561643836,0.0362610797743755,0.072522159548751,2.5382755842062856,3.154713940370669,1.8493150684931503,2.0306204673650283,0.9427880741337632,0.1813053988718775,1.5229653505237712,4.67767929089444,2.7195809830781625,0.8702659145850121,58.52538275584207,4.170024174053183,0.6164383561643836,0.290088638195004,29.58904109589041,1.45044319097502,0.1813053988718775,0.5439161966156325,0.4713940370668815,32.16357775987107,2.828364222401289,0.0362610797743755,0.0,0.6889605157131345,0.072522159548751,0.0,0.0362610797743755,0.0362610797743755,3.589846897663175,0.7977437550362612,DF,,defense,3
Juan Berrocal,es ESP,DF,Getafe,es La Liga,25.0,1999.0,19,11,1063,11.8,0,0,0,0,0,0,0.4,0.4,0.0,0.4,0.03,4,0,0.0,0.34,0.0,0.0,,0.09,287,377,76.1,5950,2289,0.1,1,21,2,0,0,0,0,3,25,6,0.51,1,0.08,14,7,10,4,0,71.4,15,29,59,1,0,498,51,8,0,,196,1,0,3,0,201,1,8,1,1,17,0,0,1,0,35,30,63.8,0.0,0.0,0.0,0.0,0.0338664158043273,0.0338664158043273,0.0,0.0338664158043273,0.0025399811853245,0.3386641580432737,0.0,24.29915333960489,31.91909689557855,503.7629350893697,193.8005644402634,0.0084666039510818,0.0846660395108184,1.7779868297271872,0.1693320790216368,0.0,0.0,0.0,0.0,0.2539981185324553,2.116650987770461,1.1853245531514582,0.5926622765757291,0.8466603951081844,0.3386641580432737,0.0,1.2699905926622763,2.4553151458137346,4.995296331138287,0.0846660395108184,42.16368767638758,4.31796801505174,0.6773283160865475,0.0,16.594543744120415,0.0846660395108184,0.0,0.2539981185324553,0.0,17.017873941674505,0.0846660395108184,0.6773283160865475,0.0846660395108184,1.4393226716839136,0.0,0.0,0.0846660395108184,0.0,2.9633113828786453,2.539981185324553,DF,,defense,0
Sam Beukema,nl NED,DF,Bologna,it Serie A,25.0,1998.0,35,33,3012,33.5,0,1,1,0,0,0,1.5,1.5,0.9,2.4,0.07,15,4,26.7,0.45,0.12,0.0,0.0,0.1,1826,2114,86.4,36806,11130,1.0,10,169,11,3,8,0,3,19,153,36,1.08,6,0.18,54,29,27,24,3,53.7,30,84,111,12,0,2419,158,32,1,50.0,1519,27,1,12,8,1625,9,1,0,0,28,0,0,1,0,135,93,56.7,0.0,0.0298804780876494,0.0298804780876494,0.0,0.0448207171314741,0.0448207171314741,0.0268924302788844,0.0717131474103585,0.0020916334661354,0.448207171314741,0.1195219123505976,54.56175298804781,63.16733067729084,1099.780876494024,332.56972111553785,0.0298804780876494,0.298804780876494,5.0498007968127485,0.3286852589641434,0.0896414342629482,0.2390438247011952,0.0,0.0896414342629482,0.5677290836653386,4.571713147410359,1.613545816733068,0.8665338645418327,0.8067729083665339,0.7171314741035857,0.0896414342629482,0.896414342629482,2.50996015936255,3.316733067729084,0.3585657370517928,72.2808764940239,4.721115537848606,0.9561752988047808,0.0298804780876494,45.38844621513944,0.8067729083665339,0.0298804780876494,0.3585657370517928,0.2390438247011952,48.55577689243027,0.2689243027888446,0.0298804780876494,0.0,0.8366533864541833,0.0,0.0,0.0298804780876494,0.0,4.03386454183267,2.7788844621513946,DF,,defense,2
Jaka Bijol,si SVN,DF,Udinese,it Serie A,25.0,1999.0,34,34,2963,32.9,1,0,1,1,0,0,2.0,2.0,0.6,2.6,0.08,19,6,31.6,0.58,0.18,0.05,0.17,0.1,1432,1712,83.6,30455,10665,0.7,12,109,8,2,3,0,2,12,98,30,0.91,1,0.03,43,25,32,10,1,52.5,38,81,182,6,1,2083,264,49,2,66.7,1211,22,1,17,2,1339,10,13,1,1,49,0,0,1,1,101,109,67.7,0.030374620317246,0.0,0.030374620317246,0.030374620317246,0.060749240634492,0.060749240634492,0.0182247721903476,0.0789740128248396,0.0024299696253796,0.5771177860276746,0.1822477219034762,43.49645629429632,52.00134998312521,925.059061761728,323.94532568342896,0.0212622342220722,0.3644954438069524,3.310833614579818,0.2429969625379682,0.060749240634492,0.0911238609517381,0.0,0.060749240634492,0.3644954438069524,2.976712791090111,1.3061086736415797,0.7593655079311509,0.9719878501518732,0.3037462031724603,0.030374620317246,1.1542355720553492,2.4603442456969287,5.528180897738778,0.1822477219034762,63.270334120823485,8.018899763752954,1.4883563955450556,0.060749240634492,36.78366520418495,0.6682416469794128,0.030374620317246,0.5163685453931826,0.060749240634492,40.67161660479244,0.3037462031724603,0.3948700641241984,0.030374620317246,1.4883563955450556,0.0,0.0,0.030374620317246,0.030374620317246,3.0678366520418496,3.310833614579818,DF,,defense,0
Cristiano Biraghi,it ITA,DF,Torino,it Serie A,31.0,1992.0,15,13,1158,12.9,0,0,0,0,0,0,0.5,0.5,2.7,3.1,0.24,10,1,10.0,0.78,0.08,0.0,0.0,0.05,513,717,71.5,9175,3789,2.2,25,45,19,12,107,40,0,5,36,41,3.19,0,0.0,16,10,9,3,4,61.1,8,24,44,17,0,832,48,12,1,12.5,390,24,1,11,2,462,49,0,0,0,9,1,0,0,1,39,8,42.1,0.0,0.0,0.0,0.0,0.038860103626943,0.038860103626943,0.2098445595854922,0.2409326424870466,0.0186528497409326,0.7772020725388601,0.077720207253886,39.870466321243526,55.725388601036265,713.0829015544042,294.4818652849741,0.1709844559585492,1.9430051813471505,3.4974093264248705,1.4766839378238343,0.932642487046632,8.316062176165802,3.1088082901554404,0.0,0.38860103626943,2.7979274611398965,1.243523316062176,0.7772020725388601,0.6994818652849741,0.233160621761658,0.310880829015544,0.6217616580310881,1.865284974093264,3.4196891191709846,1.3212435233160622,64.66321243523316,3.730569948186528,0.932642487046632,0.077720207253886,30.31088082901554,1.865284974093264,0.077720207253886,0.8549222797927462,0.155440414507772,35.90673575129534,3.808290155440415,0.0,0.0,0.6994818652849741,0.077720207253886,0.0,0.0,0.077720207253886,3.0310880829015545,0.6217616580310881,DF,,defense,1
Samuele Birindelli,it ITA,"DF,MF",Monza,it Serie A,25.0,1999.0,21,18,1468,16.3,3,0,3,3,0,0,2.1,2.1,1.4,3.5,0.22,16,10,62.5,0.98,0.61,0.19,0.3,0.13,470,621,75.7,7630,1959,1.1,18,24,21,11,64,0,0,1,35,35,2.15,2,0.12,22,15,13,4,5,42.9,10,32,34,17,2,757,35,29,5,50.0,457,40,13,28,13,494,100,2,0,0,16,1,0,0,0,47,5,25.0,0.1839237057220708,0.0,0.1839237057220708,0.1839237057220708,0.1287465940054496,0.1287465940054496,0.0858310626702997,0.2145776566757493,0.0134877384196185,0.9809264305177112,0.6130790190735694,28.814713896457768,38.072207084468666,467.7792915531335,120.10217983651226,0.0674386920980926,1.103542234332425,1.4713896457765667,1.287465940054496,0.6743869209809263,3.923705722070845,0.0,0.0,0.0613079019073569,2.145776566757493,1.348773841961853,0.9196185286103542,0.7970027247956404,0.2452316076294277,0.3065395095367847,0.6130790190735694,1.9618528610354224,2.084468664850136,1.042234332425068,46.410081743869206,2.145776566757493,1.7779291553133516,0.3065395095367847,28.01771117166213,2.4523160762942777,0.7970027247956404,1.7166212534059946,0.7970027247956404,30.28610354223433,6.130790190735695,0.1226158038147138,0.0,0.9809264305177112,0.0613079019073569,0.0,0.0,0.0,2.8814713896457764,0.3065395095367847,DF,MF,defense,1
Emmanuel Biumla,fr FRA,DF,Angers,fr Ligue 1,19.0,2005.0,17,15,1336,14.8,1,0,1,1,0,0,0.7,0.7,0.0,0.8,0.05,4,2,50.0,0.27,0.13,0.25,0.5,0.18,440,499,88.2,8842,2637,0.1,1,13,1,0,0,0,0,1,16,4,0.27,0,0.0,19,12,14,5,0,66.7,8,27,84,2,1,654,118,8,7,58.3,380,3,0,10,4,420,0,2,0,0,7,0,0,1,0,37,16,57.1,0.0673652694610778,0.0,0.0673652694610778,0.0673652694610778,0.0471556886227544,0.0471556886227544,0.0,0.0538922155688622,0.0033682634730538,0.2694610778443114,0.1347305389221557,29.64071856287425,33.615269461077844,595.6437125748503,177.64221556886227,0.0067365269461077,0.0673652694610778,0.875748502994012,0.0673652694610778,0.0,0.0,0.0,0.0,0.0673652694610778,1.0778443113772456,1.279940119760479,0.8083832335329341,0.9431137724550898,0.3368263473053892,0.0,0.5389221556886228,1.8188622754491015,5.658682634730539,0.1347305389221557,44.05688622754491,7.949101796407186,0.5389221556886228,0.4715568862275449,25.59880239520958,0.2020958083832335,0.0,0.6736526946107785,0.2694610778443114,28.29341317365269,0.0,0.1347305389221557,0.0,0.4715568862275449,0.0,0.0,0.0673652694610778,0.0,2.4925149700598803,1.0778443113772456,DF,,defense,0
Daley Blind,nl NED,DF,Girona,es La Liga,34.0,1990.0,34,31,2780,30.9,0,2,2,0,0,0,0.5,0.5,1.6,2.1,0.07,10,4,40.0,0.32,0.13,0.0,0.0,0.05,2318,2610,88.8,42632,14890,2.5,19,310,26,8,42,1,4,32,272,47,1.52,7,0.23,49,27,26,19,4,64.6,32,81,94,29,2,2860,172,21,15,53.6,1862,71,3,16,12,2151,61,2,0,0,19,0,0,0,0,116,17,41.5,0.0,0.0647482014388489,0.0647482014388489,0.0,0.0161870503597122,0.0161870503597122,0.0517985611510791,0.0679856115107913,0.0022661870503597,0.3237410071942446,0.1294964028776978,75.0431654676259,84.49640287769785,1380.1726618705036,482.0503597122302,0.0809352517985611,0.6151079136690647,10.035971223021583,0.841726618705036,0.2589928057553957,1.359712230215827,0.0323741007194244,0.1294964028776978,1.0359712230215827,8.805755395683454,1.5863309352517985,0.8741007194244603,0.841726618705036,0.6151079136690647,0.1294964028776978,1.0359712230215827,2.622302158273381,3.043165467625899,0.9388489208633094,92.58992805755396,5.568345323741007,0.6798561151079137,0.4856115107913669,60.280575539568346,2.2985611510791366,0.0971223021582733,0.5179856115107914,0.3884892086330935,69.63669064748201,1.974820143884892,0.0647482014388489,0.0,0.6151079136690647,0.0,0.0,0.0,0.0,3.7553956834532376,0.5503597122302158,DF,,defense,2
Adama Boiro,es ESP,"DF,FW",Athletic Club,es La Liga,22.0,2002.0,18,13,1101,12.2,0,0,0,0,0,0,0.3,0.3,0.5,0.7,0.06,5,0,0.0,0.41,0.0,0.0,,0.05,401,502,79.9,6196,1937,0.6,5,44,8,4,31,0,0,0,46,16,1.31,0,0.0,20,11,11,7,2,66.7,12,32,27,10,1,627,25,14,8,30.8,288,25,5,23,15,332,36,3,0,0,13,1,0,0,0,45,16,64.0,0.0,0.0,0.0,0.0,0.0245231607629427,0.0245231607629427,0.0408719346049046,0.0572207084468664,0.0049046321525885,0.4087193460490463,0.0,32.77929155313351,41.03542234332425,506.4850136239782,158.33787465940054,0.0490463215258855,0.4087193460490463,3.5967302452316074,0.6539509536784741,0.326975476839237,2.534059945504087,0.0,0.0,0.0,3.760217983651226,1.6348773841961854,0.8991825613079019,0.8991825613079019,0.5722070844686649,0.1634877384196185,0.9809264305177112,2.6158038147138964,2.20708446866485,0.8174386920980927,51.253405994550405,2.043596730245232,1.1444141689373295,0.6539509536784741,23.542234332425068,2.043596730245232,0.4087193460490463,1.880108991825613,1.2261580381471389,27.13896457765668,2.942779291553133,0.2452316076294277,0.0,1.0626702997275204,0.0817438692098092,0.0,0.0,0.0,3.678474114441417,1.3079019073569482,DF,FW,defense,3
Moïse Bombito,ca CAN,DF,Nice,fr Ligue 1,24.0,2000.0,27,25,2192,24.4,0,0,0,0,0,0,0.7,0.7,0.2,1.0,0.04,8,1,12.5,0.33,0.04,0.0,0.0,0.09,1266,1404,90.2,23123,8931,0.6,2,78,5,0,2,0,3,7,97,18,0.74,4,0.16,37,25,22,12,3,68.6,18,55,121,8,7,1673,214,9,12,70.6,906,27,1,16,3,1109,10,3,1,1,28,0,0,1,1,97,48,48.0,0.0,0.0,0.0,0.0,0.0287408759124087,0.0287408759124087,0.0082116788321167,0.0410583941605839,0.0016423357664233,0.3284671532846715,0.0410583941605839,51.97992700729927,57.64598540145985,949.3932481751824,366.6925182481752,0.0246350364963503,0.0821167883211678,3.202554744525547,0.2052919708029197,0.0,0.0821167883211678,0.0,0.1231751824817518,0.2874087591240876,3.9826642335766422,1.5191605839416058,1.0264598540145986,0.9032846715328468,0.4927007299270073,0.1231751824817518,0.739051094890511,2.258211678832117,4.968065693430657,0.3284671532846715,68.69069343065694,8.786496350364963,0.3695255474452555,0.4927007299270073,37.19890510948905,1.1085766423357666,0.0410583941605839,0.656934306569343,0.1231751824817518,45.5337591240876,0.4105839416058394,0.1231751824817518,0.0410583941605839,1.1496350364963503,0.0,0.0,0.0410583941605839,0.0410583941605839,3.9826642335766422,1.9708029197080288,DF,,defense,2
Enzo Boyomo,cm CMR,DF,Osasuna,es La Liga,22.0,2001.0,34,33,2987,33.2,2,0,2,2,0,0,1.5,1.5,0.9,2.4,0.07,12,3,25.0,0.36,0.09,0.17,0.67,0.12,1220,1402,87.0,23483,9044,0.7,4,86,6,0,2,0,4,6,111,13,0.39,1,0.03,68,43,46,18,4,76.9,44,112,137,9,3,1723,192,21,9,56.3,965,16,1,19,10,1064,7,5,0,0,43,0,0,0,0,121,29,45.3,0.0602611315701372,0.0,0.0602611315701372,0.0602611315701372,0.0451958486776029,0.0451958486776029,0.0271175092065617,0.0723133578841647,0.0021091396049548,0.3615667894208235,0.0903916973552058,36.75929025778373,42.24305323066622,707.5560763307667,272.5008369601607,0.021091396049548,0.1205222631402745,2.5912286575159023,0.1807833947104117,0.0,0.0602611315701372,0.0,0.1205222631402745,0.1807833947104117,3.344492802142618,2.0488784733846668,1.2956143287579511,1.386006026113157,0.5423501841312354,0.1205222631402745,1.3257448945430197,3.3746233679276862,4.127887512554403,0.2711750920656177,51.91496484767325,5.785068630733177,0.6327418814864413,0.2711750920656177,29.07599598259123,0.4820890525610981,0.0301305657850686,0.572480749916304,0.3013056578506863,32.05892199531302,0.2109139604954804,0.1506528289253431,0.0,1.2956143287579511,0.0,0.0,0.0,0.0,3.645798459993304,0.8737864077669902,DF,,defense,0
Domagoj Bradarić,hr CRO,DF,Hellas Verona,it Serie A,24.0,1999.0,28,24,1933,21.5,1,0,1,1,0,0,0.8,0.8,2.2,3.0,0.14,9,4,44.4,0.42,0.19,0.11,0.25,0.08,565,780,72.4,9528,3093,2.1,25,28,16,10,78,25,0,5,46,47,2.19,1,0.05,36,28,21,11,4,62.1,15,51,49,25,1,988,39,23,15,40.5,426,30,3,30,11,459,83,6,0,0,21,1,0,0,0,80,16,43.2,0.0465597516813243,0.0,0.0465597516813243,0.0465597516813243,0.0372478013450595,0.0372478013450595,0.1024314536989136,0.1396792550439731,0.0065183652353854,0.4190377651319192,0.1862390067252974,26.306259699948264,36.316606311433006,443.62131401965854,144.00931195033627,0.0977754785307811,1.1639937920331092,1.3036730470770823,0.7449560269011899,0.4655975168132436,3.631660631143301,1.1639937920331092,0.0,0.2327987584066218,2.1417485773409206,1.676151060527677,1.3036730470770823,0.9777547853078116,0.512157268494568,0.1862390067252974,0.6983962752198655,2.374547335747543,2.281427832384894,1.1639937920331092,46.00103466114847,1.8158303155716504,1.0708742886704603,0.6983962752198655,19.83445421624418,1.396792550439731,0.1396792550439731,1.396792550439731,0.512157268494568,21.37092602172789,3.864459389549922,0.2793585100879462,0.0,0.9777547853078116,0.0465597516813243,0.0,0.0,0.0,3.724780134505949,0.7449560269011899,DF,,defense,1
Jarrad Branthwaite,eng ENG,DF,Everton,eng Premier League,22.0,2002.0,30,28,2511,27.9,0,1,1,0,0,0,1.2,1.2,0.7,1.9,0.07,10,3,30.0,0.36,0.11,0.0,0.0,0.12,984,1198,82.1,19285,7699,0.6,3,86,3,0,5,0,1,17,66,13,0.47,2,0.07,36,20,26,10,0,71.4,27,63,191,7,4,1520,211,28,3,50.0,747,10,2,8,4,894,2,4,0,0,12,1,0,0,0,93,61,59.2,0.0,0.03584229390681,0.03584229390681,0.0,0.043010752688172,0.043010752688172,0.025089605734767,0.068100358422939,0.0025089605734767,0.3584229390681003,0.1075268817204301,35.26881720430108,42.939068100358426,691.2186379928315,275.9498207885305,0.021505376344086,0.1075268817204301,3.0824372759856637,0.1075268817204301,0.0,0.1792114695340501,0.0,0.03584229390681,0.6093189964157707,2.3655913978494625,1.2903225806451613,0.7168458781362006,0.931899641577061,0.3584229390681003,0.0,0.967741935483871,2.2580645161290325,6.845878136200716,0.2508960573476702,54.48028673835126,7.562724014336917,1.003584229390681,0.1075268817204301,26.774193548387096,0.3584229390681003,0.07168458781362,0.2867383512544803,0.1433691756272401,32.043010752688176,0.07168458781362,0.1433691756272401,0.0,0.4301075268817204,0.03584229390681,0.0,0.0,0.0,3.333333333333333,2.186379928315412,DF,,defense,0
Lilian Brassier,fr FRA,DF,Rennes,fr Ligue 1,24.0,1999.0,14,14,1234,13.7,1,1,2,1,0,0,1.5,1.5,0.3,1.8,0.13,14,1,7.1,1.02,0.07,0.07,1.0,0.11,787,919,85.6,14802,5588,0.4,6,85,6,1,9,0,1,8,75,22,1.6,1,0.07,15,12,11,4,0,81.8,22,37,62,8,1,1058,98,16,2,50.0,630,21,1,6,1,778,11,1,0,0,9,2,0,1,0,59,30,78.9,0.072933549432739,0.072933549432739,0.1458670988654781,0.072933549432739,0.1094003241491086,0.1094003241491086,0.0218800648298217,0.1312803889789303,0.009481361426256,1.0210696920583469,0.072933549432739,57.39870340356564,67.0259319286872,1079.5623987034037,407.5526742301459,0.0291734197730956,0.4376012965964344,6.19935170178282,0.4376012965964344,0.072933549432739,0.6564019448946515,0.0,0.072933549432739,0.5834683954619124,5.47001620745543,1.094003241491086,0.8752025931928687,0.8022690437601296,0.2917341977309562,0.0,1.6045380875202593,2.6985413290113454,4.521880064829822,0.5834683954619124,77.16369529983793,7.147487844408428,1.1669367909238249,0.1458670988654781,45.94813614262561,1.53160453808752,0.072933549432739,0.4376012965964344,0.072933549432739,56.742301458670994,0.8022690437601296,0.072933549432739,0.0,0.6564019448946515,0.1458670988654781,0.0,0.072933549432739,0.0,4.303079416531604,2.188006482982172,DF,,defense,2
James Bree,eng ENG,DF,Southampton,eng Premier League,26.0,1997.0,17,13,1075,11.9,0,1,1,0,0,0,0.1,0.1,0.9,1.0,0.08,4,1,25.0,0.33,0.08,0.0,0.0,0.03,500,599,83.5,7922,2204,0.7,10,29,7,6,29,3,0,0,34,16,1.34,1,0.08,19,14,8,10,1,40.0,9,28,29,9,0,694,49,11,4,50.0,363,13,1,9,5,443,43,0,0,0,4,0,0,0,0,65,12,63.2,0.0,0.0837209302325581,0.0837209302325581,0.0,0.0083720930232558,0.0083720930232558,0.0753488372093023,0.0837209302325581,0.0066976744186046,0.3348837209302325,0.0837209302325581,41.860465116279066,50.14883720930233,663.2372093023256,184.52093023255813,0.0586046511627906,0.8372093023255813,2.427906976744186,0.586046511627907,0.5023255813953489,2.427906976744186,0.2511627906976744,0.0,0.0,2.8465116279069766,1.5906976744186048,1.172093023255814,0.6697674418604651,0.8372093023255813,0.0837209302325581,0.7534883720930233,2.344186046511628,2.427906976744186,0.7534883720930233,58.10232558139535,4.102325581395348,0.9209302325581394,0.3348837209302325,30.390697674418604,1.0883720930232557,0.0837209302325581,0.7534883720930233,0.4186046511627906,37.08837209302325,3.6,0.0,0.0,0.3348837209302325,0.0,0.0,0.0,0.0,5.441860465116279,1.0046511627906978,DF,,defense,1
Nathaniel Brown,de GER,"DF,MF",Eint Frankfurt,de Bundesliga,21.0,2003.0,26,22,1947,21.6,3,6,9,3,0,0,2.2,2.2,5.1,7.3,0.34,13,5,38.5,0.6,0.23,0.23,0.6,0.17,727,901,80.7,10728,3251,4.6,39,35,22,7,92,48,2,3,63,64,2.96,11,0.51,71,42,39,18,14,80.0,15,86,55,28,1,1174,43,50,11,33.3,600,45,6,30,12,658,119,2,0,0,15,2,0,0,0,81,5,21.7,0.1386748844375963,0.2773497688751926,0.4160246533127889,0.1386748844375963,0.1016949152542373,0.1016949152542373,0.2357473035439137,0.337442218798151,0.0157164869029275,0.6009244992295839,0.2311248073959938,33.6055469953775,41.64869029275809,495.9013867488444,150.27734976887518,0.2126348228043143,1.802773497688752,1.6178736517719567,1.0169491525423728,0.3235747303543914,4.252696456086286,2.218798151001541,0.0924499229583975,0.1386748844375963,2.912172573189522,3.2819722650231125,1.9414483821263484,1.802773497688752,0.8320493066255779,0.6471494607087828,0.6933744221879815,3.9753466872110943,2.542372881355932,1.2942989214175655,54.26810477657936,1.9876733436055471,2.311248073959938,0.5084745762711864,27.73497688751926,2.0801232665639446,0.2773497688751926,1.386748844375963,0.5546995377503853,30.416024653312785,5.500770416024653,0.0924499229583975,0.0,0.6933744221879815,0.0924499229583975,0.0,0.0,0.0,3.744221879815101,0.2311248073959938,DF,MF,defense,3
Santiago Bueno,uy URU,DF,Wolves,eng Premier League,25.0,1998.0,29,18,1687,18.7,0,0,0,0,0,0,0.4,0.4,0.0,0.4,0.02,6,3,50.0,0.32,0.16,0.0,0.0,0.07,741,842,88.0,13598,4177,0.1,0,24,2,0,0,0,1,3,28,12,0.64,4,0.21,41,21,22,18,1,77.3,15,56,70,9,0,1025,170,6,0,0.0,555,1,0,2,2,660,1,2,0,0,26,0,0,0,0,43,35,53.0,0.0,0.0,0.0,0.0,0.0213396561944279,0.0213396561944279,0.0,0.0213396561944279,0.0010669828097213,0.3200948429164196,0.1600474214582098,39.53171310017783,44.91997628927089,725.4416123295791,222.83935981031416,0.0053349140486069,0.0,1.2803793716656786,0.1066982809721398,0.0,0.0,0.0,0.0533491404860699,0.1600474214582098,1.4937759336099583,2.187314759928868,1.120331950207469,1.1736810906935389,0.9602845287492592,0.0533491404860699,0.8002371072910491,2.987551867219917,3.734439834024896,0.4801422643746295,54.68286899822169,9.06935388263189,0.3200948429164196,0.0,29.608772969768825,0.0533491404860699,0.0,0.1066982809721398,0.1066982809721398,35.21043272080617,0.0533491404860699,0.1066982809721398,0.0,1.3870776526378186,0.0,0.0,0.0,0.0,2.2940130409010075,1.867219917012448,DF,,defense,0
Alessandro Buongiorno,it ITA,DF,Napoli,it Serie A,25.0,1999.0,22,22,1924,21.4,1,0,1,1,0,0,0.8,0.8,0.6,1.4,0.07,8,4,50.0,0.37,0.19,0.13,0.25,0.1,1161,1279,90.8,20369,6363,0.6,5,67,3,0,1,0,0,2,82,19,0.89,2,0.09,39,23,26,12,1,75.0,35,74,73,8,2,1489,125,15,1,14.3,902,27,1,13,8,1059,8,2,0,0,17,0,0,0,0,84,43,67.2,0.0467775467775467,0.0,0.0467775467775467,0.0467775467775467,0.0374220374220374,0.0374220374220374,0.028066528066528,0.0654885654885654,0.0032744282744282,0.3742203742203742,0.1871101871101871,54.30873180873181,59.82848232848233,952.8118503118504,297.64553014553013,0.028066528066528,0.2338877338877339,3.134095634095634,0.1403326403326403,0.0,0.0467775467775467,0.0,0.0,0.0935550935550935,3.835758835758836,1.8243243243243243,1.075883575883576,1.2162162162162162,0.5613305613305614,0.0467775467775467,1.637214137214137,3.4615384615384617,3.414760914760915,0.3742203742203742,69.65176715176716,5.847193347193348,0.7016632016632017,0.0467775467775467,42.19334719334719,1.262993762993763,0.0467775467775467,0.6081081081081081,0.3742203742203742,49.53742203742203,0.3742203742203742,0.0935550935550935,0.0,0.7952182952182952,0.0,0.0,0.0,0.0,3.9293139293139294,2.011434511434512,DF,,defense,2
Cameron Burgess,au AUS,DF,Ipswich Town,eng Premier League,28.0,1995.0,18,16,1541,17.1,0,2,2,0,0,0,1.1,1.1,0.5,1.6,0.09,10,2,20.0,0.58,0.12,0.0,0.0,0.11,626,774,80.9,11461,5485,0.4,7,47,4,0,0,0,1,1,42,14,0.82,3,0.18,17,12,14,3,0,81.8,14,31,128,7,3,982,248,24,0,,430,2,0,3,0,573,4,0,0,0,6,0,0,0,0,44,44,66.7,0.0,0.1168072680077871,0.1168072680077871,0.0,0.0642439974042829,0.0642439974042829,0.0292018170019467,0.0934458144062297,0.0052563270603504,0.5840363400389358,0.1168072680077871,36.560674886437376,45.20441271901363,669.3640493186242,320.34393251135623,0.0233614536015574,0.4088254380272551,2.744970798182998,0.2336145360155742,0.0,0.0,0.0,0.0584036340038935,0.0584036340038935,2.45295262816353,0.9928617780661908,0.700843608046723,0.8176508760545101,0.1752109020116807,0.0,0.8176508760545101,1.8105126541207008,7.475665152498377,0.4088254380272551,57.35236859182349,14.484101232965608,1.401687216093446,0.0,25.11356262167424,0.1168072680077871,0.0,0.1752109020116807,0.0,33.465282284231016,0.2336145360155742,0.0,0.0,0.3504218040233615,0.0,0.0,0.0,0.0,2.569759896171317,2.569759896171317,DF,,defense,0
Dan Burn,eng ENG,DF,Newcastle Utd,eng Premier League,32.0,1992.0,37,37,3330,37.0,1,1,2,1,0,0,2.0,2.0,0.9,2.8,0.08,23,7,30.4,0.62,0.19,0.04,0.14,0.09,1774,2006,88.4,32347,11375,1.1,9,50,9,0,3,0,0,12,75,27,0.73,4,0.11,39,24,22,15,2,55.6,27,66,197,16,4,2386,366,52,3,75.0,1346,12,1,24,3,1615,14,11,0,0,34,1,0,0,2,103,146,66.1,0.027027027027027,0.027027027027027,0.054054054054054,0.027027027027027,0.054054054054054,0.054054054054054,0.0243243243243243,0.0756756756756756,0.0021621621621621,0.6216216216216216,0.1891891891891892,47.94594594594594,54.21621621621622,874.2432432432433,307.43243243243245,0.0297297297297297,0.2432432432432432,1.351351351351351,0.2432432432432432,0.0,0.081081081081081,0.0,0.0,0.3243243243243243,2.0270270270270268,1.0540540540540542,0.6486486486486487,0.5945945945945945,0.4054054054054054,0.054054054054054,0.7297297297297298,1.7837837837837838,5.324324324324325,0.4324324324324324,64.48648648648648,9.891891891891891,1.4054054054054053,0.081081081081081,36.37837837837838,0.3243243243243243,0.027027027027027,0.6486486486486487,0.081081081081081,43.648648648648646,0.3783783783783784,0.2972972972972972,0.0,0.9189189189189187,0.027027027027027,0.0,0.0,0.054054054054054,2.783783783783784,3.9459459459459456,DF,,defense,0
Marnon Busch,de GER,"DF,MF",Heidenheim,de Bundesliga,29.0,1994.0,23,15,1396,15.5,0,1,1,0,0,0,0.4,0.4,1.1,1.5,0.1,13,3,23.1,0.84,0.19,0.0,0.0,0.03,614,845,72.7,13121,4710,1.8,12,59,17,10,52,1,1,13,63,27,1.74,1,0.06,26,17,19,7,0,71.9,13,39,65,16,5,1030,79,9,3,37.5,495,22,1,13,1,553,43,1,0,0,8,0,0,1,0,62,13,46.4,0.0,0.0644699140401146,0.0644699140401146,0.0,0.0257879656160458,0.0257879656160458,0.070916905444126,0.0967048710601719,0.0064469914040114,0.83810888252149,0.1934097421203438,39.58452722063037,54.477077363896846,845.9097421203439,303.6532951289398,0.1160458452722063,0.7736389684813754,3.803724928366762,1.0959885386819483,0.6446991404011462,3.35243553008596,0.0644699140401146,0.0644699140401146,0.83810888252149,4.06160458452722,1.67621776504298,1.0959885386819483,1.2249283667621778,0.4512893982808023,0.0,0.83810888252149,2.51432664756447,4.19054441260745,1.0315186246418335,66.40401146131805,5.093123209169054,0.5802292263610316,0.1934097421203438,31.912607449856736,1.4183381088825215,0.0644699140401146,0.83810888252149,0.0644699140401146,35.65186246418338,2.7722063037249285,0.0644699140401146,0.0,0.5157593123209169,0.0,0.0,0.0644699140401146,0.0,3.997134670487106,0.83810888252149,DF,MF,defense,1
Aurélio Buta,pt POR,DF,Reims,fr Ligue 1,27.0,1997.0,27,24,1970,21.9,0,1,1,0,0,0,0.3,0.3,0.8,1.1,0.05,8,1,12.5,0.37,0.05,0.0,0.0,0.03,819,991,82.6,12195,4195,1.4,10,56,12,4,32,0,0,0,83,31,1.42,4,0.18,37,24,22,11,4,50.0,22,59,59,18,0,1195,69,14,9,40.9,546,28,4,28,7,672,64,5,0,0,32,0,0,1,0,69,12,44.4,0.0,0.0456852791878172,0.0456852791878172,0.0,0.0137055837563451,0.0137055837563451,0.0365482233502538,0.0502538071065989,0.0022842639593908,0.3654822335025381,0.0456852791878172,37.41624365482233,45.2741116751269,557.1319796954315,191.64974619289345,0.0639593908629441,0.4568527918781725,2.5583756345177666,0.5482233502538071,0.182741116751269,1.4619289340101524,0.0,0.0,0.0,3.791878172588832,1.6903553299492386,1.0964467005076142,1.0050761421319796,0.5025380710659898,0.182741116751269,1.0050761421319796,2.6954314720812182,2.6954314720812182,0.8223350253807107,54.59390862944162,3.152284263959391,0.6395939086294417,0.4111675126903553,24.944162436548226,1.2791878172588833,0.182741116751269,1.2791878172588833,0.3197969543147208,30.7005076142132,2.923857868020305,0.2284263959390862,0.0,1.4619289340101524,0.0,0.0,0.0456852791878172,0.0,3.152284263959391,0.5482233502538071,DF,,defense,2
Leandro Cabrera,uy URU,DF,Espanyol,es La Liga,33.0,1991.0,33,32,2869,31.9,4,2,6,4,0,0,1.1,1.1,0.9,2.1,0.06,19,6,31.6,0.6,0.19,0.21,0.67,0.06,1084,1442,75.2,22270,10095,0.7,9,90,15,3,17,0,1,16,69,21,0.66,7,0.22,40,23,29,8,3,57.6,30,70,199,13,2,1796,332,33,1,50.0,833,9,0,9,1,1009,6,4,1,0,24,1,1,1,0,83,77,64.7,0.1254792610665737,0.0627396305332868,0.1882188915998605,0.1254792610665737,0.0345067967933077,0.0345067967933077,0.028232833739979,0.0658766120599512,0.0018821889159986,0.5960264900662252,0.1882188915998605,34.00487974904148,45.23527361449983,698.6057859881491,316.67828511676544,0.0219588706866503,0.2823283373997908,2.823283373997909,0.4705472289996514,0.0941094457999302,0.5332868595329383,0.0,0.0313698152666434,0.5019170442662949,2.1645172533983965,1.2547926106657372,0.7215057511327989,0.9097246427326596,0.2509585221331474,0.0941094457999302,0.9410944579993028,2.19588706866504,6.242593238062042,0.4078075984663646,56.340188218891605,10.41477866852562,1.035203903799233,0.0313698152666434,26.131056117113975,0.2823283373997908,0.0,0.2823283373997908,0.0313698152666434,31.65214360404322,0.1882188915998605,0.1254792610665737,0.0313698152666434,0.7528755663994423,0.0313698152666434,0.0313698152666434,0.0313698152666434,0.0,2.6036946671314047,2.415475775531544,DF,,defense,0
Anthony Caci,fr FRA,DF,Mainz 05,de Bundesliga,27.0,1997.0,33,33,2684,29.8,1,7,8,1,0,0,3.1,3.1,6.6,9.7,0.32,32,12,37.5,1.07,0.4,0.03,0.08,0.1,1188,1655,71.8,19409,8082,7.9,50,96,46,21,133,20,6,11,133,95,3.18,11,0.37,60,40,23,25,12,63.6,27,87,47,61,2,1973,70,62,29,45.3,960,45,13,44,24,1161,152,6,0,0,37,0,0,0,0,131,35,51.5,0.033532041728763,0.2347242921013413,0.2682563338301043,0.033532041728763,0.1039493293591654,0.1039493293591654,0.221311475409836,0.3252608047690015,0.0107302533532041,1.073025335320417,0.4023845007451564,39.83606557377049,55.49552906110283,650.8233979135618,271.0059612518629,0.264903129657228,1.676602086438152,3.219076005961252,1.5424739195231,0.7041728763040239,4.459761549925484,0.6706408345752608,0.2011922503725782,0.3688524590163934,4.459761549925484,2.011922503725782,1.3412816691505216,0.7712369597615499,0.838301043219076,0.4023845007451564,0.905365126676602,2.9172876304023845,1.5760059612518629,2.0454545454545454,66.15871833084947,2.3472429210134127,2.0789865871833086,0.9724292101341282,32.19076005961252,1.5089418777943369,0.4359165424739195,1.475409836065574,0.8047690014903129,38.93070044709389,5.096870342771982,0.2011922503725782,0.0,1.2406855439642326,0.0,0.0,0.0,0.0,4.392697466467959,1.1736214605067063,DF,,defense,3
Riccardo Calafiori,it ITA,DF,Arsenal,eng Premier League,22.0,2002.0,19,11,983,10.9,2,1,3,2,0,0,0.9,0.9,0.3,1.1,0.11,10,6,60.0,0.92,0.55,0.2,0.33,0.09,470,549,85.6,6903,1705,0.7,6,41,9,1,11,0,0,2,54,13,1.19,2,0.18,27,19,15,10,2,62.1,9,36,25,11,0,653,30,30,9,69.2,308,22,3,12,5,394,29,4,0,0,16,0,0,0,0,35,22,61.1,0.1831129196337741,0.091556459816887,0.2746693794506612,0.1831129196337741,0.0824008138351983,0.0824008138351983,0.0274669379450661,0.1007121057985758,0.0100712105798575,0.9155645981688708,0.5493387589013224,43.03153611393693,50.264496439471,632.0142421159716,156.10376398779246,0.0640895218718209,0.5493387589013224,3.75381485249237,0.8240081383519837,0.091556459816887,1.007121057985758,0.0,0.0,0.1831129196337741,4.944048830111902,2.472024415055951,1.7395727365208544,1.3733468972533065,0.9155645981688708,0.1831129196337741,0.8240081383519837,3.296032553407935,2.288911495422177,1.007121057985758,59.78636826042727,2.746693794506613,2.746693794506613,0.8240081383519837,28.199389623601224,2.014242115971516,0.2746693794506612,1.0986775178026449,0.4577822990844354,36.07324516785351,2.655137334689725,0.3662258392675483,0.0,1.4649033570701933,0.0,0.0,0.0,0.0,3.2044760935910475,2.014242115971516,DF,,defense,3
Duje Ćaleta-Car,hr CRO,DF,Lyon,fr Ligue 1,27.0,1996.0,19,17,1584,17.6,1,0,1,1,0,0,2.1,2.1,0.1,2.2,0.13,11,1,9.1,0.62,0.06,0.09,1.0,0.19,896,985,91.0,16876,5583,0.9,2,50,0,0,1,0,1,3,46,5,0.28,0,0.0,20,12,11,9,0,52.6,17,37,97,5,2,1178,205,21,1,50.0,672,4,0,7,2,783,0,8,0,0,27,0,0,0,0,65,39,76.5,0.0568181818181818,0.0,0.0568181818181818,0.0568181818181818,0.1193181818181818,0.1193181818181818,0.0056818181818181,0.125,0.0073863636363636,0.625,0.0568181818181818,50.90909090909091,55.96590909090909,958.8636363636364,317.21590909090907,0.0511363636363636,0.1136363636363636,2.8409090909090917,0.0,0.0,0.0568181818181818,0.0,0.0568181818181818,0.1704545454545454,2.613636363636364,1.1363636363636362,0.6818181818181819,0.625,0.5113636363636364,0.0,0.9659090909090908,2.1022727272727275,5.511363636363637,0.284090909090909,66.93181818181819,11.647727272727272,1.193181818181818,0.0568181818181818,38.18181818181818,0.2272727272727273,0.0,0.3977272727272727,0.1136363636363636,44.48863636363637,0.0,0.4545454545454546,0.0,1.534090909090909,0.0,0.0,0.0,0.0,3.6931818181818175,2.215909090909091,DF,,defense,0
Andrea Cambiaso,it ITA,"DF,FW",Juventus,it Serie A,24.0,2000.0,33,25,2221,24.7,2,3,5,2,0,0,0.7,0.7,2.6,3.3,0.13,17,6,35.3,0.69,0.24,0.12,0.33,0.04,1476,1667,88.5,24469,5281,2.1,34,82,31,9,66,14,2,12,111,85,3.45,9,0.36,46,30,27,13,6,61.4,16,62,34,39,5,1911,55,42,27,54.0,1195,78,13,45,21,1364,122,4,0,0,28,2,0,0,0,116,6,35.3,0.0810445745159837,0.1215668617739756,0.2026114362899594,0.0810445745159837,0.0283656010805943,0.0283656010805943,0.1053579468707789,0.1337235479513732,0.0052678973435389,0.6888788833858622,0.2431337235479513,59.81089599279604,67.55065285907249,991.5398469158037,213.9981990094552,0.085096803241783,1.3777577667717245,3.322827555155336,1.2561909049977489,0.364700585321927,2.674470959027465,0.5673120216118865,0.0810445745159837,0.4862674470959027,4.4979738856371005,1.8640252138676272,1.2156686177397569,1.0941017559657813,0.5267897343538946,0.2431337235479513,0.6483565961278703,2.5123818099954978,1.3777577667717245,1.5803692030616838,77.43809095002251,2.2287257991895544,1.7019360648356596,1.0941017559657813,48.42413327330031,3.160738406123368,0.5267897343538946,1.8235029266096352,0.8509680324178298,55.27239981990095,4.943719045475011,0.1620891490319675,0.0,1.134624043223773,0.0810445745159837,0.0,0.0,0.0,4.70058532192706,0.2431337235479513,DF,FW,defense,1
Emre Can,de GER,"DF,MF",Dortmund,de Bundesliga,30.0,1994.0,31,23,2105,23.4,3,0,3,1,2,2,2.0,0.4,0.7,1.1,0.11,7,1,14.3,0.3,0.04,0.14,1.0,0.06,1705,1905,89.5,31186,10528,1.4,8,119,5,0,11,0,3,7,116,32,1.37,2,0.09,50,28,30,16,4,50.0,20,70,89,10,3,2156,150,12,15,57.7,1405,20,2,18,10,1582,12,4,1,0,25,1,0,0,0,113,45,64.3,0.1282660332541567,0.0,0.1282660332541567,0.0427553444180522,0.0855106888361045,0.0171021377672209,0.0299287410926365,0.0470308788598574,0.0047030878859857,0.2992874109263658,0.0427553444180522,72.8978622327791,81.44893111638955,1333.3681710213775,450.1282660332542,0.0598574821852731,0.342042755344418,5.087885985748218,0.2137767220902613,0.0,0.4703087885985748,0.0,0.1282660332541567,0.2992874109263658,4.959619952494061,2.137767220902613,1.1971496437054632,1.2826603325415675,0.684085510688836,0.171021377672209,0.8551068883610452,2.992874109263658,3.80522565320665,0.4275534441805226,92.18052256532069,6.413301662707839,0.5130641330166271,0.6413301662707839,60.07125890736342,0.8551068883610452,0.0855106888361045,0.7695961995249405,0.4275534441805226,67.63895486935867,0.5130641330166271,0.171021377672209,0.0427553444180522,1.0688836104513064,0.0427553444180522,0.0,0.0,0.0,4.831353919239905,1.9239904988123515,DF,MF,defense,2
Fali Candé,gw GNB,DF,Venezia,it Serie A,26.0,1998.0,17,17,1530,17.0,1,1,2,1,0,0,1.1,1.1,0.6,1.7,0.1,5,2,40.0,0.29,0.12,0.2,0.5,0.23,761,939,81.0,13092,5240,0.2,4,59,3,1,7,0,0,7,47,14,0.82,3,0.18,25,19,14,10,1,69.6,15,40,90,11,2,1131,164,8,9,90.0,557,5,0,12,8,572,3,4,0,0,24,1,0,0,0,79,37,47.4,0.0588235294117647,0.0588235294117647,0.1176470588235294,0.0588235294117647,0.0647058823529411,0.0647058823529411,0.0352941176470588,0.1,0.0058823529411764,0.2941176470588235,0.1176470588235294,44.76470588235294,55.235294117647065,770.1176470588235,308.235294117647,0.0117647058823529,0.2352941176470588,3.4705882352941178,0.1764705882352941,0.0588235294117647,0.411764705882353,0.0,0.0,0.411764705882353,2.764705882352941,1.4705882352941178,1.1176470588235294,0.823529411764706,0.5882352941176471,0.0588235294117647,0.8823529411764706,2.3529411764705883,5.294117647058823,0.6470588235294117,66.52941176470588,9.647058823529411,0.4705882352941176,0.5294117647058824,32.76470588235294,0.2941176470588235,0.0,0.7058823529411764,0.4705882352941176,33.64705882352941,0.1764705882352941,0.2352941176470588,0.0,1.4117647058823528,0.0588235294117647,0.0,0.0,0.0,4.647058823529411,2.1764705882352944,DF,,defense,0
Antonio Candela,it ITA,DF,Venezia,it Serie A,24.0,2000.0,14,12,1008,11.2,0,1,1,0,0,0,0.3,0.3,0.8,1.2,0.11,5,0,0.0,0.45,0.0,0.0,,0.07,299,403,74.2,4708,1990,0.5,9,26,6,6,22,0,0,1,27,17,1.52,1,0.09,31,21,13,11,7,69.2,8,39,22,5,2,505,38,13,6,50.0,250,12,2,17,10,285,25,2,0,0,14,0,0,2,1,38,14,51.9,0.0,0.0892857142857142,0.0892857142857142,0.0,0.0267857142857142,0.0267857142857142,0.0714285714285714,0.1071428571428571,0.0098214285714285,0.4464285714285714,0.0,26.696428571428573,35.98214285714286,420.3571428571429,177.67857142857144,0.0446428571428571,0.8035714285714285,2.321428571428571,0.5357142857142857,0.5357142857142857,1.9642857142857144,0.0,0.0,0.0892857142857142,2.4107142857142856,2.767857142857143,1.875,1.1607142857142856,0.9821428571428572,0.625,0.7142857142857142,3.482142857142857,1.9642857142857144,0.4464285714285714,45.08928571428572,3.392857142857143,1.1607142857142856,0.5357142857142857,22.321428571428573,1.0714285714285714,0.1785714285714285,1.5178571428571428,0.8928571428571428,25.44642857142857,2.232142857142857,0.1785714285714285,0.0,1.25,0.0,0.0,0.1785714285714285,0.0892857142857142,3.392857142857143,1.25,DF,,defense,3
Antonio Candela,it ITA,DF,Valladolid,es La Liga,24.0,2000.0,12,12,906,10.1,0,0,0,0,0,0,0.0,0.0,0.8,0.9,0.08,1,0,0.0,0.1,0.0,0.0,,0.04,342,443,77.2,5886,1919,0.7,6,17,6,6,20,0,1,2,22,8,0.79,0,0.0,9,6,6,2,1,36.4,6,15,33,6,0,528,39,7,6,40.0,261,16,1,8,5,332,29,1,0,0,5,0,0,0,0,23,3,27.3,0.0,0.0,0.0,0.0,0.0,0.0,0.0794701986754966,0.0894039735099337,0.0079470198675496,0.0993377483443708,0.0,33.973509933774835,44.00662251655629,584.7019867549669,190.6291390728477,0.0695364238410596,0.5960264900662252,1.6887417218543046,0.5960264900662252,0.5960264900662252,1.9867549668874172,0.0,0.0993377483443708,0.1986754966887417,2.185430463576159,0.8940397350993378,0.5960264900662252,0.5960264900662252,0.1986754966887417,0.0993377483443708,0.5960264900662252,1.490066225165563,3.2781456953642385,0.5960264900662252,52.450331125827816,3.874172185430464,0.695364238410596,0.5960264900662252,25.927152317880797,1.5894039735099337,0.0993377483443708,0.7947019867549668,0.4966887417218543,32.980132450331126,2.880794701986755,0.0993377483443708,0.0,0.4966887417218543,0.0,0.0,0.0,0.0,2.2847682119205297,0.2980132450331126,DF,,defense,1
Jaydee Canvot,fr FRA,"DF,MF",Toulouse,fr Ligue 1,18.0,2006.0,18,12,1106,12.3,0,0,0,0,0,0,0.2,0.2,0.7,0.9,0.08,5,1,20.0,0.41,0.08,0.0,0.0,0.04,462,536,86.2,8029,2340,0.3,4,42,6,2,6,0,2,5,41,14,1.14,2,0.16,23,11,16,5,2,66.7,11,34,54,11,1,666,68,8,7,70.0,384,9,1,6,8,431,0,2,0,0,18,1,0,0,0,50,16,55.2,0.0,0.0,0.0,0.0,0.0162748643761302,0.0162748643761302,0.0569620253164556,0.0732368896925858,0.006509945750452,0.406871609403255,0.081374321880651,37.59493670886076,43.61663652802893,653.3544303797468,190.4159132007233,0.0244122965641952,0.325497287522604,3.4177215189873418,0.488245931283906,0.162748643761302,0.488245931283906,0.0,0.162748643761302,0.406871609403255,3.336347197106691,1.8716094032549728,0.895117540687161,1.301989150090416,0.406871609403255,0.162748643761302,0.895117540687161,2.7667269439421336,4.394213381555153,0.895117540687161,54.19529837251356,5.533453887884267,0.650994575045208,0.569620253164557,31.247739602169982,0.732368896925859,0.081374321880651,0.488245931283906,0.650994575045208,35.072332730560575,0.0,0.162748643761302,0.0,1.464737793851718,0.081374321880651,0.0,0.0,0.0,4.06871609403255,1.301989150090416,DF,MF,defense,2
Andrea Carboni,it ITA,DF,Monza,it Serie A,23.0,2001.0,26,25,2191,24.3,0,1,1,0,0,0,0.3,0.3,0.3,0.6,0.03,8,1,12.5,0.33,0.04,0.0,0.0,0.04,989,1157,85.5,16502,4918,0.2,4,51,3,3,15,0,0,8,51,11,0.45,2,0.08,60,35,39,17,4,66.0,27,87,106,16,4,1412,155,18,5,55.6,822,9,0,15,5,925,32,5,0,0,29,0,0,1,0,62,38,47.5,0.0,0.0410771337288909,0.0410771337288909,0.0,0.0123231401186672,0.0123231401186672,0.0123231401186672,0.0246462802373345,0.0012323140118667,0.3286170698311273,0.0410771337288909,40.62528525787312,47.52624372432679,677.854860794158,202.01734367868556,0.0082154267457781,0.1643085349155636,2.094933820173437,0.1232314011866727,0.1232314011866727,0.6161570059333638,0.0,0.0,0.3286170698311273,2.094933820173437,2.464628023733455,1.437699680511182,1.6020082154267457,0.6983112733911456,0.1643085349155636,1.1090826106800549,3.57371063441351,4.354176175262437,0.6572341396622546,58.00091282519398,6.366955727978093,0.7393884071200365,0.2053856686444546,33.765403925148334,0.3696942035600182,0.0,0.6161570059333638,0.2053856686444546,37.9963486992241,1.3144682793245093,0.2053856686444546,0.0,1.1912368781378366,0.0,0.0,0.0410771337288909,0.0,2.546782291191237,1.5609310816978548,DF,,defense,0
Sergi Cardona,es ESP,DF,Villarreal,es La Liga,25.0,1999.0,35,34,2945,32.7,1,7,8,1,0,0,2.4,2.4,5.8,8.2,0.25,20,6,30.0,0.61,0.18,0.05,0.17,0.12,1126,1457,77.3,18658,6599,4.6,45,62,46,26,111,1,2,2,77,79,2.41,13,0.4,71,48,44,20,7,62.0,40,111,122,39,1,1842,131,63,10,33.3,813,52,10,24,11,952,198,11,0,0,38,0,0,1,0,131,41,60.3,0.030560271646859,0.2139219015280135,0.2444821731748726,0.030560271646859,0.0733446519524618,0.0733446519524618,0.1772495755517826,0.2505942275042445,0.0076400679117147,0.6112054329371817,0.1833616298811544,34.410865874363324,44.526315789473685,570.1935483870968,201.6672325976231,0.1405772495755517,1.3752122241086588,1.894736842105263,1.4057724957555178,0.7945670628183361,3.392190152801358,0.030560271646859,0.0611205432937181,0.0611205432937181,2.353140916808149,2.169779286926995,1.4668930390492358,1.3446519524617997,0.6112054329371817,0.2139219015280135,1.222410865874363,3.392190152801358,3.728353140916808,1.1918505942275044,56.29202037351443,4.00339558573854,1.9252971137521224,0.3056027164685908,24.845500848896435,1.5891341256366722,0.3056027164685908,0.7334465195246179,0.3361629881154499,29.093378607809846,6.050933786078099,0.3361629881154499,0.0,1.1612903225806452,0.0,0.0,0.030560271646859,0.0,4.00339558573854,1.2529711375212225,DF,,defense,3
Carmona,es ESP,DF,Sevilla,es La Liga,22.0,2002.0,35,35,2942,32.7,0,0,0,0,0,0,0.5,0.5,2.0,2.5,0.08,19,4,21.1,0.58,0.12,0.0,0.0,0.03,1448,1798,80.5,23524,8789,0.9,19,99,14,6,41,0,1,14,109,54,1.65,1,0.03,83,59,53,21,9,53.2,68,151,92,37,3,2192,111,20,19,38.0,894,45,8,37,18,1138,57,11,0,0,49,3,0,0,0,164,33,62.3,0.0,0.0,0.0,0.0,0.0152957171991842,0.0152957171991842,0.0611828687967369,0.0764785859959211,0.0024473147518694,0.5812372535690007,0.1223657375934738,44.29639700883752,55.00339904826649,719.6329027872196,268.8681169272604,0.0275322909585316,0.5812372535690007,3.0285520054384776,0.4282800815771584,0.1835486063902107,1.2542488103331066,0.0,0.0305914343983684,0.4282800815771584,3.334466349422162,2.539089055064582,1.804894629503739,1.6213460231135284,0.6424201223657375,0.2753229095853161,2.080217539089055,4.619306594153636,2.8144119646498984,1.1318830727396327,67.05642420122366,3.395649218218898,0.6118286879673691,0.5812372535690007,27.3487423521414,1.3766145479265806,0.2447314751869476,1.1318830727396327,0.5506458191706322,34.8130523453433,1.743711760707002,0.336505778382053,0.0,1.4989802855200542,0.0917743031951053,0.0,0.0,0.0,5.016995241332427,1.009517335146159,DF,,defense,3
Nicolò Casale,it ITA,DF,Bologna,it Serie A,26.0,1998.0,15,9,900,10.0,0,1,1,0,0,0,0.5,0.5,0.5,0.9,0.09,4,1,25.0,0.4,0.1,0.0,0.0,0.12,448,512,87.5,8803,3003,0.5,3,22,2,0,0,0,3,4,29,12,1.2,2,0.2,11,5,4,6,1,50.0,17,28,43,7,3,615,62,9,3,100.0,328,3,0,9,1,353,2,1,0,0,23,0,0,0,1,43,32,58.2,0.0,0.1,0.1,0.0,0.05,0.05,0.05,0.09,0.009,0.4,0.1,44.8,51.2,880.3,300.29999999999995,0.05,0.3,2.2,0.2,0.0,0.0,0.0,0.3,0.4,2.9,1.1,0.5,0.4,0.6000000000000001,0.1,1.7,2.8,4.3,0.7,61.5,6.2,0.9,0.3,32.800000000000004,0.3,0.0,0.9,0.1,35.300000000000004,0.2,0.1,0.0,2.3000000000000003,0.0,0.0,0.0,0.1,4.3,3.2,DF,,defense,0
Matty Cash,pl POL,DF,Aston Villa,eng Premier League,26.0,1997.0,27,24,2070,23.0,1,1,2,1,0,0,0.5,0.5,1.1,1.6,0.07,13,6,46.2,0.57,0.26,0.08,0.17,0.04,732,945,77.5,12171,3259,1.3,10,39,10,5,40,0,0,1,42,25,1.09,4,0.17,56,32,29,21,6,72.1,23,79,70,21,2,1186,90,42,19,47.5,595,48,4,20,10,654,90,7,0,0,27,0,0,2,0,81,20,50.0,0.0434782608695652,0.0434782608695652,0.0869565217391304,0.0434782608695652,0.0217391304347826,0.0217391304347826,0.0478260869565217,0.0695652173913043,0.0030434782608695,0.5652173913043478,0.2608695652173913,31.82608695652174,41.086956521739125,529.1739130434783,141.69565217391306,0.0565217391304347,0.4347826086956521,1.6956521739130437,0.4347826086956521,0.217391304347826,1.7391304347826086,0.0,0.0,0.0434782608695652,1.826086956521739,2.4347826086956523,1.391304347826087,1.2608695652173914,0.9130434782608696,0.2608695652173913,1.0,3.4347826086956523,3.043478260869565,0.9130434782608696,51.56521739130435,3.9130434782608696,1.826086956521739,0.8260869565217391,25.869565217391305,2.0869565217391304,0.1739130434782608,0.8695652173913043,0.4347826086956521,28.434782608695656,3.9130434782608696,0.3043478260869565,0.0,1.1739130434782608,0.0,0.0,0.0869565217391304,0.0,3.5217391304347827,0.8695652173913043,DF,,defense,3
Timothy Castagne,be BEL,DF,Fulham,eng Premier League,28.0,1995.0,24,17,1649,18.3,0,1,1,0,0,0,0.4,0.4,1.2,1.6,0.09,8,3,37.5,0.44,0.16,0.0,0.0,0.05,780,953,81.8,12441,3910,0.6,9,51,5,3,37,0,0,1,62,25,1.36,3,0.16,46,29,28,15,3,57.8,22,68,83,26,0,1164,92,32,5,41.7,547,17,2,15,5,665,67,1,0,0,15,1,0,1,0,57,34,49.3,0.0,0.0545785324439054,0.0545785324439054,0.0,0.0218314129775621,0.0218314129775621,0.0654942389326864,0.0873256519102486,0.0049120679199514,0.4366282595512432,0.1637355973317162,42.57125530624621,52.01334141904184,679.0115221346271,213.4020618556701,0.0327471194663432,0.4912067919951485,2.783505154639175,0.272892662219527,0.1637355973317162,2.0194057004245,0.0,0.0,0.0545785324439054,3.3838690115221346,2.510612492419648,1.5827774408732564,1.528198908429351,0.818677986658581,0.1637355973317162,1.2007277137659187,3.711340206185567,4.530018192844148,1.4190418435415402,63.52941176470589,5.0212249848392965,1.7465130382049727,0.272892662219527,29.854457246816253,0.9278350515463918,0.1091570648878108,0.818677986658581,0.272892662219527,36.29472407519709,3.656761673741662,0.0545785324439054,0.0,0.818677986658581,0.0545785324439054,0.0,0.0545785324439054,0.0,3.110976349302608,1.855670103092784,DF,,defense,3
Jean-Charles Castelletto,cm CMR,"DF,MF",Nantes,fr Ligue 1,29.0,1995.0,30,30,2620,29.1,0,0,0,0,0,0,1.8,1.8,0.1,1.9,0.06,17,5,29.4,0.58,0.17,0.0,0.0,0.13,1233,1391,88.6,21696,7885,0.4,2,80,5,1,9,0,0,4,87,20,0.69,2,0.07,34,17,17,15,2,63.0,25,59,151,8,0,1682,183,21,3,100.0,948,21,2,16,4,1116,19,5,1,0,34,1,0,3,1,91,51,65.4,0.0,0.0,0.0,0.0,0.0618320610687022,0.0618320610687022,0.0034351145038167,0.065267175572519,0.00206106870229,0.583969465648855,0.1717557251908396,42.35496183206107,47.7824427480916,745.2824427480916,270.85877862595424,0.0137404580152671,0.0687022900763358,2.748091603053435,0.1717557251908396,0.0343511450381679,0.3091603053435114,0.0,0.0,0.1374045801526717,2.9885496183206106,1.16793893129771,0.583969465648855,0.583969465648855,0.5152671755725191,0.0687022900763358,0.8587786259541985,2.0267175572519083,5.187022900763359,0.2748091603053435,57.77862595419848,6.286259541984733,0.7213740458015268,0.1030534351145038,32.56488549618321,0.7213740458015268,0.0687022900763358,0.549618320610687,0.1374045801526717,38.33587786259542,0.6526717557251909,0.1717557251908396,0.0343511450381679,1.16793893129771,0.0343511450381679,0.0,0.1030534351145038,0.0343511450381679,3.1259541984732824,1.751908396946565,DF,MF,defense,0
Catena,es ESP,DF,Osasuna,es La Liga,29.0,1994.0,35,35,3074,34.2,1,3,4,1,0,0,2.2,2.2,2.3,4.5,0.13,20,5,25.0,0.59,0.15,0.05,0.2,0.11,1274,1521,83.8,27748,11023,1.9,10,68,5,1,2,0,1,18,89,29,0.85,6,0.18,46,28,34,10,2,61.4,35,81,221,7,2,1905,287,40,8,72.7,984,9,0,11,1,1101,4,11,0,0,36,2,1,1,0,108,67,65.7,0.029277813923227,0.0878334417696811,0.1171112556929082,0.029277813923227,0.0644111906310995,0.0644111906310995,0.0673389720234222,0.1317501626545217,0.0038061158100195,0.5855562784645413,0.1463890696161353,37.29993493819128,44.53155497722837,812.4007807417046,322.729342875732,0.0556278464541314,0.2927781392322706,1.99089134677944,0.1463890696161353,0.029277813923227,0.0585556278464541,0.0,0.029277813923227,0.5270006506180871,2.605725439167209,1.346779440468445,0.8197787898503579,0.99544567338972,0.2927781392322706,0.0585556278464541,1.0247234873129474,2.371502927781392,6.470396877033181,0.2049446974625894,55.77423552374756,8.402732595966167,1.1711125569290826,0.2342225113858165,28.809368900455432,0.2635003253090435,0.0,0.3220559531554977,0.029277813923227,32.234873129472994,0.1171112556929082,0.3220559531554977,0.0,1.0540013012361742,0.0585556278464541,0.029277813923227,0.029277813923227,0.0,3.162003903708523,1.9616135328562132,DF,,defense,0
Zeki Çelik,tr TUR,DF,Roma,it Serie A,27.0,1997.0,31,27,2256,25.1,0,2,2,0,0,0,0.6,0.6,1.6,2.2,0.09,13,4,30.8,0.52,0.16,0.0,0.0,0.04,1121,1364,82.2,18553,6491,1.0,19,110,15,9,42,0,0,5,106,38,1.51,4,0.16,62,37,21,31,10,53.5,15,77,84,32,3,1627,98,40,8,57.1,836,28,1,20,8,1011,93,5,0,0,31,0,0,1,0,75,30,53.6,0.0,0.0797872340425532,0.0797872340425532,0.0,0.0239361702127659,0.0239361702127659,0.0638297872340425,0.0877659574468085,0.0035904255319148,0.5186170212765957,0.1595744680851064,44.72074468085106,54.41489361702127,740.1462765957447,258.9494680851064,0.0398936170212766,0.7579787234042553,4.388297872340425,0.598404255319149,0.3590425531914893,1.675531914893617,0.0,0.0,0.199468085106383,4.22872340425532,2.473404255319149,1.476063829787234,0.8377659574468085,1.2367021276595744,0.398936170212766,0.598404255319149,3.0718085106382977,3.351063829787234,1.2765957446808511,64.90691489361701,3.9095744680851054,1.595744680851064,0.3191489361702128,33.35106382978724,1.1170212765957448,0.0398936170212766,0.797872340425532,0.3191489361702128,40.33244680851064,3.710106382978723,0.199468085106383,0.0,1.2367021276595744,0.0,0.0,0.0398936170212766,0.0,2.992021276595745,1.196808510638298,DF,,defense,3
Julian Chabot,de GER,DF,Stuttgart,de Bundesliga,26.0,1998.0,31,27,2269,25.2,3,1,4,3,0,0,2.0,1.8,0.5,2.4,0.1,19,3,15.8,0.75,0.12,0.16,1.0,0.1,1749,1946,89.9,30560,11888,0.8,6,133,5,0,2,0,0,15,108,24,0.95,2,0.08,37,24,19,15,3,46.9,38,75,135,6,0,2239,269,31,3,60.0,1354,7,2,13,3,1535,5,11,1,1,35,0,0,0,0,98,78,65.0,0.1189951520493609,0.0396650506831203,0.1586602027324812,0.1189951520493609,0.0793301013662406,0.0713970912296165,0.0198325253415601,0.0951961216394887,0.003966505068312,0.7536359629792861,0.1189951520493609,69.37417364477743,77.18818862935214,1212.1639488761568,471.5381225209344,0.0317320405464962,0.2379903040987219,5.275451740855002,0.1983252534156016,0.0,0.0793301013662406,0.0,0.0,0.5949757602468048,4.283825473776995,1.467606875275452,0.9519612163948876,0.7536359629792861,0.5949757602468048,0.1189951520493609,1.5072719259585723,2.974878801234024,5.354781842221243,0.2379903040987219,88.81004847950639,10.669898633759368,1.2296165711767295,0.1189951520493609,53.70647862494491,0.2776553547818422,0.0793301013662406,0.5156456588805641,0.1189951520493609,60.88585279858968,0.1983252534156016,0.4363155575143235,0.0396650506831203,1.388276773909211,0.0,0.0,0.0,0.0,3.887174966945791,3.0938739532833845,DF,,defense,0
El Chadaille Bitshiabu,fr FRA,DF,RB Leipzig,de Bundesliga,19.0,2005.0,21,13,1130,12.6,0,0,0,0,0,0,0.3,0.3,0.4,0.7,0.05,5,3,60.0,0.4,0.24,0.0,0.0,0.06,731,866,84.4,13891,6501,0.6,5,69,4,0,4,0,1,4,69,14,1.11,1,0.08,27,18,17,9,1,52.6,13,40,97,7,2,1058,149,12,2,66.7,516,4,1,11,1,674,2,2,1,0,8,0,0,0,0,55,22,55.0,0.0,0.0,0.0,0.0,0.0238938053097345,0.0238938053097345,0.031858407079646,0.0557522123893805,0.0039823008849557,0.3982300884955752,0.2389380530973451,58.2212389380531,68.97345132743362,1106.3628318584072,517.7787610619469,0.047787610619469,0.3982300884955752,5.495575221238938,0.3185840707964602,0.0,0.3185840707964602,0.0,0.079646017699115,0.3185840707964602,5.495575221238938,2.150442477876106,1.4336283185840708,1.3539823008849556,0.7168141592920354,0.079646017699115,1.0353982300884956,3.185840707964602,7.72566371681416,0.5575221238938053,84.2654867256637,11.867256637168142,0.9557522123893804,0.1592920353982301,41.09734513274336,0.3185840707964602,0.079646017699115,0.8761061946902655,0.079646017699115,53.68141592920354,0.1592920353982301,0.1592920353982301,0.079646017699115,0.6371681415929203,0.0,0.0,0.0,0.0,4.380530973451328,1.752212389380531,DF,,defense,0
Trevoh Chalobah,eng ENG,DF,Crystal Palace,eng Premier League,25.0,1999.0,12,12,1060,11.8,3,0,3,3,0,0,1.2,1.2,0.4,1.6,0.14,11,4,36.4,0.93,0.34,0.27,0.75,0.11,349,442,79.0,6831,2195,0.3,4,27,2,1,7,0,1,2,34,11,0.93,0,0.0,20,16,7,12,1,52.2,19,39,57,7,3,594,66,14,6,60.0,278,11,1,4,7,317,6,1,0,0,10,0,0,0,0,56,22,53.7,0.2547169811320754,0.0,0.2547169811320754,0.2547169811320754,0.1018867924528302,0.1018867924528302,0.0339622641509434,0.1358490566037736,0.0118867924528301,0.9339622641509432,0.3396226415094339,29.632075471698112,37.528301886792455,579.9905660377358,186.3679245283019,0.0254716981132075,0.3396226415094339,2.2924528301886795,0.1698113207547169,0.0849056603773584,0.5943396226415094,0.0,0.0849056603773584,0.1698113207547169,2.8867924528301887,1.6981132075471697,1.3584905660377358,0.5943396226415094,1.018867924528302,0.0849056603773584,1.6132075471698113,3.311320754716981,4.839622641509434,0.5943396226415094,50.43396226415094,5.60377358490566,1.1886792452830188,0.5094339622641509,23.60377358490566,0.9339622641509432,0.0849056603773584,0.3396226415094339,0.5943396226415094,26.91509433962264,0.5094339622641509,0.0849056603773584,0.0,0.8490566037735848,0.0,0.0,0.0,0.0,4.754716981132075,1.8679245283018864,DF,,defense,0
Trevoh Chalobah,eng ENG,DF,Chelsea,eng Premier League,25.0,1999.0,13,11,910,10.1,0,1,1,0,0,0,0.8,0.8,1.2,2.0,0.19,7,2,28.6,0.69,0.2,0.0,0.0,0.11,609,677,90.0,10527,3326,0.3,3,42,3,0,3,0,1,2,37,13,1.29,3,0.3,11,7,5,6,0,87.5,10,21,48,3,1,774,73,12,2,40.0,426,4,1,3,2,574,2,2,0,0,9,0,0,0,0,29,23,65.7,0.0,0.0989010989010989,0.0989010989010989,0.0,0.0791208791208791,0.0791208791208791,0.1186813186813186,0.1978021978021978,0.0187912087912087,0.6923076923076923,0.1978021978021978,60.230769230769226,66.95604395604396,1041.131868131868,328.9450549450549,0.0296703296703296,0.2967032967032967,4.153846153846154,0.2967032967032967,0.0,0.2967032967032967,0.0,0.0989010989010989,0.1978021978021978,3.65934065934066,1.087912087912088,0.6923076923076923,0.4945054945054945,0.5934065934065934,0.0,0.989010989010989,2.076923076923077,4.747252747252747,0.2967032967032967,76.54945054945054,7.219780219780221,1.1868131868131868,0.1978021978021978,42.13186813186813,0.3956043956043956,0.0989010989010989,0.2967032967032967,0.1978021978021978,56.76923076923077,0.1978021978021978,0.1978021978021978,0.0,0.8901098901098901,0.0,0.0,0.0,0.0,2.868131868131868,2.274725274725274,DF,,defense,0
Brendan Chardonnet,fr FRA,DF,Brest,fr Ligue 1,29.0,1994.0,27,27,2416,26.8,1,0,1,1,0,0,0.8,0.8,1.2,2.0,0.07,14,1,7.1,0.52,0.04,0.07,1.0,0.06,993,1210,82.1,20771,7790,1.1,8,67,3,1,3,0,2,14,51,24,0.89,4,0.15,45,33,28,14,3,62.5,29,74,169,7,2,1521,219,25,0,,810,7,1,7,0,948,5,6,0,0,36,1,0,0,1,91,58,60.4,0.037251655629139,0.0,0.037251655629139,0.037251655629139,0.0298013245033112,0.0298013245033112,0.0447019867549668,0.0745033112582781,0.0026076158940397,0.5215231788079471,0.037251655629139,36.990894039735096,45.07450331125828,773.7541390728478,290.1903973509933,0.0409768211920529,0.2980132450331126,2.495860927152318,0.1117549668874172,0.037251655629139,0.1117549668874172,0.0,0.0745033112582781,0.5215231788079471,1.899834437086093,1.6763245033112584,1.2293046357615895,1.043046357615894,0.5215231788079471,0.1117549668874172,1.0802980132450333,2.756622516556291,6.295529801324503,0.2607615894039735,56.65976821192053,8.158112582781458,0.9312913907284768,0.0,30.17384105960265,0.2607615894039735,0.037251655629139,0.2607615894039735,0.0,35.31456953642384,0.1862582781456953,0.2235099337748344,0.0,1.3410596026490067,0.037251655629139,0.0,0.0,0.037251655629139,3.389900662251656,2.1605960264900665,DF,,defense,0
Pep Chavarría,es ESP,"DF,FW",Rayo Vallecano,es La Liga,26.0,1998.0,34,28,2585,28.7,0,1,1,0,0,0,1.2,1.2,1.9,3.1,0.11,11,3,27.3,0.38,0.1,0.0,0.0,0.11,1244,1561,79.7,19853,6873,1.9,24,75,27,10,79,0,0,9,114,61,2.12,2,0.07,46,36,30,14,2,62.2,30,76,108,39,1,1884,93,31,10,31.3,887,59,6,39,6,1053,133,3,0,0,31,2,0,1,0,114,23,43.4,0.0,0.034816247582205,0.034816247582205,0.0,0.041779497098646,0.041779497098646,0.0661508704061895,0.1079303675048356,0.0038297872340425,0.3829787234042553,0.104448742746615,43.311411992263054,54.34816247582204,691.2069632495164,239.2920696324952,0.0661508704061895,0.8355899419729207,2.611218568665377,0.9400386847195358,0.3481624758220503,2.750483558994197,0.0,0.0,0.3133462282398452,3.969052224371373,1.601547388781431,1.253384912959381,1.0444874274661509,0.4874274661508704,0.06963249516441,1.0444874274661509,2.646034816247582,3.760154738878143,1.3578336557059962,65.59381044487428,3.237911025145068,1.079303675048356,0.3481624758220503,30.882011605415855,2.054158607350097,0.2088974854932301,1.3578336557059962,0.2088974854932301,36.661508704061895,4.630560928433269,0.104448742746615,0.0,1.079303675048356,0.06963249516441,0.0,0.034816247582205,0.0,3.969052224371373,0.8007736943907157,DF,FW,defense,1
Arthur Chaves,br BRA,DF,Hoffenheim,de Bundesliga,23.0,2001.0,26,24,2185,24.3,1,0,1,1,0,0,0.8,0.8,0.1,0.9,0.04,10,2,20.0,0.41,0.08,0.1,0.5,0.08,966,1177,82.1,16519,5535,0.4,5,66,1,0,8,0,0,4,57,23,0.95,1,0.04,51,36,28,19,4,50.0,37,88,136,22,3,1513,174,22,3,30.0,740,10,0,11,11,919,13,8,0,0,38,1,0,0,0,93,67,51.9,0.0411899313501144,0.0,0.0411899313501144,0.0411899313501144,0.0329519450800915,0.0329519450800915,0.0041189931350114,0.0370709382151029,0.0016475972540045,0.4118993135011441,0.0823798627002288,39.78947368421053,48.48054919908466,680.41647597254,227.9862700228833,0.0164759725400457,0.205949656750572,2.718535469107552,0.0411899313501144,0.0,0.3295194508009153,0.0,0.0,0.1647597254004576,2.347826086956521,2.100686498855836,1.482837528604119,1.1533180778032035,0.782608695652174,0.1647597254004576,1.5240274599542334,3.624713958810069,5.601830663615561,0.9061784897025172,62.32036613272311,7.167048054919908,0.9061784897025172,0.1235697940503432,30.48054919908467,0.4118993135011441,0.0,0.4530892448512585,0.4530892448512585,37.85354691075515,0.5354691075514874,0.3295194508009153,0.0,1.565217391304348,0.0411899313501144,0.0,0.0,0.0,3.8306636155606406,2.759725400457666,DF,,defense,0
Jonathan Clauss,fr FRA,"DF,MF",Nice,fr Ligue 1,31.0,1992.0,28,27,2303,25.6,3,8,11,3,0,0,2.2,2.2,7.7,9.9,0.39,26,8,30.8,1.02,0.31,0.12,0.38,0.09,1006,1399,71.9,16414,6656,6.8,55,70,47,14,190,108,4,3,105,99,3.87,15,0.59,52,35,27,19,6,50.0,48,100,68,36,3,1675,78,68,11,39.3,747,53,9,36,8,899,160,7,0,0,26,2,1,0,0,114,16,59.3,0.1172383847155883,0.3126356925749023,0.4298740772904906,0.1172383847155883,0.0859748154580981,0.0859748154580981,0.3009118541033435,0.3868866695614416,0.0152409900130264,1.0160660008684326,0.3126356925749023,39.31393834129396,54.67216673903605,641.4502822405558,260.11289622231874,0.265740338688667,2.1493703864524534,2.7355623100303954,1.8367346938775508,0.547112462006079,7.425097698653929,4.220581849761181,0.1563178462874511,0.1172383847155883,4.103343465045593,2.032132001736865,1.3677811550151977,1.0551454624402952,0.742509769865393,0.2344767694311767,1.8758141554494137,3.907946157186279,2.6574033868866693,1.4068606165870603,65.45809813287018,3.048198002605297,2.6574033868866693,0.4298740772904906,29.192357794181504,2.071211463308728,0.3517151541467651,1.4068606165870603,0.3126356925749023,35.13243595310465,6.252713851498046,0.2735562310030395,0.0,1.0160660008684326,0.0781589231437255,0.0390794615718627,0.0,0.0,4.455058619192358,0.6252713851498046,DF,MF,defense,3
Conor Coady,eng ENG,DF,Leicester City,eng Premier League,31.0,1993.0,22,19,1714,19.0,1,0,1,1,0,0,0.4,0.4,0.1,0.5,0.03,2,2,100.0,0.11,0.11,0.5,0.5,0.21,977,1072,91.1,17121,6371,0.5,1,34,2,0,0,0,2,3,32,6,0.32,0,0.0,13,9,6,6,1,50.0,13,26,71,4,2,1210,234,8,1,50.0,789,3,1,4,3,878,0,3,0,0,8,0,0,2,0,62,13,37.1,0.0525087514585764,0.0,0.0525087514585764,0.0525087514585764,0.0210035005834305,0.0210035005834305,0.0052508751458576,0.0262543757292882,0.0015752625437572,0.1050175029171528,0.1050175029171528,51.301050175029175,56.289381563593935,899.0023337222871,334.53325554259044,0.0262543757292882,0.0525087514585764,1.7852975495915988,0.1050175029171528,0.0,0.0,0.0,0.1050175029171528,0.1575262543757292,1.6802800466744456,0.6826137689614936,0.4725787631271879,0.3150525087514585,0.3150525087514585,0.0525087514585764,0.6826137689614936,1.3652275379229872,3.728121353558927,0.2100350058343057,63.53558926487748,12.287047841306885,0.4200700116686114,0.0525087514585764,41.4294049008168,0.1575262543757292,0.0525087514585764,0.2100350058343057,0.1575262543757292,46.1026837806301,0.0,0.1575262543757292,0.0,0.4200700116686114,0.0,0.0,0.1050175029171528,0.0,3.2555425904317383,0.6826137689614936,DF,,defense,0
Marcus Coco,fr FRA,DF,Nantes,fr Ligue 1,28.0,1996.0,20,10,951,10.6,0,1,1,0,0,0,0.1,0.1,1.2,1.3,0.12,2,0,0.0,0.19,0.0,0.0,,0.03,384,483,79.5,6475,2447,1.1,10,31,10,6,28,0,0,0,34,20,1.89,1,0.09,27,21,15,9,3,51.6,11,38,46,6,0,608,47,4,3,30.0,297,12,1,11,6,345,40,3,2,0,30,0,0,0,0,42,17,56.7,0.0,0.0946372239747634,0.0946372239747634,0.0,0.0094637223974763,0.0094637223974763,0.113564668769716,0.1230283911671924,0.0113564668769716,0.1892744479495268,0.0,36.34069400630915,45.70977917981072,612.7760252365931,231.57728706624604,0.1041009463722397,0.946372239747634,2.9337539432176656,0.946372239747634,0.5678233438485805,2.649842271293376,0.0,0.0,0.0,3.217665615141956,2.555205047318612,1.987381703470032,1.419558359621451,0.8517350157728707,0.2839116719242902,1.0410094637223974,3.5962145110410098,4.353312302839116,0.5678233438485805,57.53943217665616,4.44794952681388,0.3785488958990536,0.2839116719242902,28.107255520504733,1.135646687697161,0.0946372239747634,1.0410094637223974,0.5678233438485805,32.64984227129338,3.785488958990536,0.2839116719242902,0.1892744479495268,2.839116719242902,0.0,0.0,0.0,0.0,3.9747634069400632,1.608832807570978,DF,,defense,3
Saúl Coco,gq EQG,DF,Torino,it Serie A,25.0,1999.0,32,32,2845,31.6,2,0,2,2,0,0,1.2,1.2,0.0,1.2,0.04,20,5,25.0,0.63,0.16,0.1,0.4,0.06,1350,1529,88.3,24764,7402,0.2,1,74,2,1,2,0,0,12,70,16,0.51,1,0.03,46,26,31,14,1,63.3,38,84,157,12,4,1879,241,17,7,77.8,1135,17,0,13,2,1227,3,10,0,0,53,1,0,0,1,87,62,51.7,0.0632688927943761,0.0,0.0632688927943761,0.0632688927943761,0.0379613356766256,0.0379613356766256,0.0,0.0379613356766256,0.0012653778558875,0.632688927943761,0.1581722319859402,42.706502636203865,48.36906854130052,783.3954305799648,234.158172231986,0.0063268892794376,0.031634446397188,2.340949033391916,0.0632688927943761,0.031634446397188,0.0632688927943761,0.0,0.0,0.3796133567662566,2.2144112478031635,1.4551845342706504,0.8224956063268892,0.9806678383128296,0.4428822495606326,0.031634446397188,1.202108963093146,2.657293497363796,4.966608084358524,0.3796133567662566,59.44112478031634,7.62390158172232,0.5377855887521968,0.2214411247803163,35.90509666080844,0.5377855887521968,0.0,0.4112478031634446,0.0632688927943761,38.81546572934973,0.0949033391915641,0.3163444639718805,0.0,1.6766256590509665,0.031634446397188,0.0,0.0,0.031634446397188,2.75219683655536,1.961335676625659,DF,,defense,0
Nathan Collins,ie IRL,DF,Brentford,eng Premier League,23.0,2001.0,38,38,3420,38.0,2,3,5,2,0,0,2.5,2.5,1.8,4.3,0.11,17,6,35.3,0.45,0.16,0.12,0.33,0.15,1705,1985,85.9,32826,10799,1.6,10,111,7,2,8,0,3,6,127,30,0.79,8,0.21,40,24,23,12,5,61.1,34,74,226,8,3,2435,385,69,6,50.0,1289,32,1,20,8,1490,18,5,0,0,29,2,2,0,0,162,117,62.9,0.0526315789473684,0.0789473684210526,0.131578947368421,0.0526315789473684,0.0657894736842105,0.0657894736842105,0.0473684210526315,0.1131578947368421,0.0028947368421052,0.4473684210526316,0.1578947368421052,44.86842105263158,52.23684210526315,863.8421052631579,284.1842105263158,0.0421052631578947,0.2631578947368421,2.921052631578947,0.1842105263157895,0.0526315789473684,0.2105263157894737,0.0,0.0789473684210526,0.1578947368421052,3.342105263157895,1.0526315789473684,0.631578947368421,0.6052631578947368,0.3157894736842105,0.131578947368421,0.8947368421052633,1.947368421052632,5.947368421052632,0.2105263157894737,64.07894736842105,10.13157894736842,1.8157894736842104,0.1578947368421052,33.921052631578945,0.8421052631578948,0.0263157894736842,0.5263157894736842,0.2105263157894737,39.21052631578947,0.4736842105263157,0.131578947368421,0.0,0.763157894736842,0.0526315789473684,0.0526315789473684,0.0,0.0,4.2631578947368425,3.0789473684210527,DF,,defense,0
Nnamdi Collins,de GER,DF,Eint Frankfurt,de Bundesliga,20.0,2004.0,24,15,1489,16.5,1,1,2,1,0,0,0.8,0.8,1.0,1.8,0.11,5,2,40.0,0.3,0.12,0.2,0.5,0.16,766,888,86.3,12523,3617,1.2,2,53,12,2,17,0,0,2,63,9,0.54,3,0.18,33,24,24,7,2,77.3,16,49,74,7,3,1107,85,19,12,35.3,623,30,6,17,11,690,42,4,0,0,26,0,0,0,0,78,13,50.0,0.0604432505036937,0.0604432505036937,0.1208865010073875,0.0604432505036937,0.048354600402955,0.048354600402955,0.0604432505036937,0.1087978509066487,0.0066487575554063,0.3022162525184688,0.1208865010073875,46.299529885829415,53.67360644728006,756.9308260577568,218.6232370718603,0.0725319006044325,0.1208865010073875,3.2034922766957687,0.725319006044325,0.1208865010073875,1.0275352585627937,0.0,0.0,0.1208865010073875,3.8079247817327055,1.9946272666218936,1.45063801208865,1.45063801208865,0.4231027535258563,0.1208865010073875,0.9670920080591,2.961719274680994,4.472800537273338,0.4231027535258563,66.910678307589,5.1376762928139685,1.148421759570181,0.725319006044325,37.65614506380121,1.8132975151108128,0.3626595030221625,1.0275352585627937,0.6648757555406313,41.70584284754869,2.538616521155138,0.241773002014775,0.0,1.5715245130960378,0.0,0.0,0.0,0.0,4.7145735392881125,0.7857622565480189,DF,,defense,2
Levi Colwill,eng ENG,DF,Chelsea,eng Premier League,21.0,2003.0,35,35,3149,35.0,2,1,3,2,0,0,1.9,1.9,1.1,3.0,0.09,17,4,23.5,0.49,0.11,0.12,0.5,0.11,2338,2619,89.3,42476,14955,1.2,14,148,7,3,13,0,3,7,131,38,1.09,3,0.09,47,34,25,19,3,66.7,33,80,118,21,4,2904,383,36,6,50.0,1621,14,1,14,8,2092,12,9,0,0,45,0,0,1,0,121,82,60.7,0.0571610034931724,0.0285805017465862,0.0857415052397586,0.0571610034931724,0.0543029533185138,0.0543029533185138,0.0314385519212448,0.0857415052397586,0.0025722451571927,0.4858685296919657,0.1143220069863448,66.82121308351857,74.85233407430931,1213.9853921879962,427.4214036201969,0.0342966020959034,0.4001270244522071,4.229914258494761,0.2000635122261035,0.0857415052397586,0.3715465227056208,0.0,0.0857415052397586,0.2000635122261035,3.7440457288027935,1.343283582089552,0.9717370593839314,0.7145125436646554,0.5430295331851381,0.0857415052397586,0.9431565576373452,2.2864401397268974,3.372499206097174,0.6001905366783106,82.99777707208638,10.94633216894252,1.0288980628771038,0.1714830104795173,46.32899333121626,0.4001270244522071,0.0285805017465862,0.4001270244522071,0.2286440139726897,59.79040965385836,0.3429660209590346,0.2572245157192759,0.0,1.28612257859638,0.0,0.0,0.0285805017465862,0.0,3.4582407113369324,2.34360114322007,DF,,defense,2
Eray Cömert,ch SUI,"DF,MF",Valladolid,es La Liga,26.0,1998.0,25,21,1779,19.8,0,0,0,0,0,0,0.9,0.9,0.0,0.9,0.04,9,1,11.1,0.46,0.05,0.0,0.0,0.1,805,918,87.7,16323,5359,0.1,0,47,1,0,0,0,0,13,48,12,0.61,0,0.0,24,14,15,9,0,57.1,24,48,75,6,2,1114,132,7,4,100.0,599,9,0,16,2,728,5,6,0,0,18,0,0,0,0,51,18,45.0,0.0,0.0,0.0,0.0,0.0455311973018549,0.0455311973018549,0.0,0.0455311973018549,0.0020236087689713,0.4553119730185497,0.0505902192242833,40.72512647554806,46.44182124789208,825.7841483979764,271.1129848229342,0.0050590219224283,0.0,2.3777403035413154,0.0505902192242833,0.0,0.0,0.0,0.0,0.657672849915683,2.4283305227655987,1.2141652613827991,0.7082630691399663,0.7588532883642496,0.4553119730185497,0.0,1.2141652613827991,2.4283305227655987,3.794266441821248,0.3035413153456998,56.357504215851606,6.677908937605396,0.3541315345699831,0.2023608768971332,30.303541315345697,0.4553119730185497,0.0,0.8094435075885329,0.1011804384485666,36.82967959527824,0.2529510961214165,0.3035413153456998,0.0,0.9106239460370994,0.0,0.0,0.0,0.0,2.5801011804384486,0.9106239460370994,DF,MF,defense,0
Pietro Comuzzo,it ITA,DF,Fiorentina,it Serie A,19.0,2005.0,32,23,2110,23.4,1,0,1,1,0,0,0.5,0.5,0.6,1.1,0.05,5,2,40.0,0.21,0.09,0.2,0.5,0.1,1085,1266,85.7,22161,6285,0.2,7,69,4,0,3,0,0,3,75,20,0.82,1,0.04,43,21,29,11,3,79.3,29,72,113,10,4,1533,170,9,0,0.0,892,14,1,15,4,982,12,5,0,0,24,0,0,0,0,86,63,59.4,0.0426540284360189,0.0,0.0426540284360189,0.0426540284360189,0.0213270142180094,0.0213270142180094,0.0255924170616113,0.0469194312796208,0.0021327014218009,0.2132701421800948,0.0853080568720379,46.27962085308057,54.0,945.255924170616,268.0805687203792,0.0085308056872037,0.2985781990521327,2.943127962085308,0.1706161137440758,0.0,0.1279620853080568,0.0,0.0,0.1279620853080568,3.199052132701422,1.8341232227488151,0.8957345971563981,1.2369668246445498,0.4691943127962085,0.1279620853080568,1.2369668246445498,3.0710900473933647,4.819905213270142,0.4265402843601896,65.38862559241706,7.251184834123222,0.3838862559241706,0.0,38.04739336492891,0.5971563981042654,0.0426540284360189,0.6398104265402843,0.1706161137440758,41.88625592417061,0.5118483412322274,0.2132701421800948,0.0,1.0236966824644549,0.0,0.0,0.0,0.0,3.6682464454976302,2.6872037914691944,DF,,defense,0
Copete,es ESP,DF,Mallorca,es La Liga,24.0,1999.0,25,16,1528,17.0,0,0,0,0,0,0,0.5,0.5,0.0,0.5,0.03,6,2,33.3,0.35,0.12,0.0,0.0,0.08,639,767,83.3,12173,4725,0.1,0,35,4,0,7,0,2,0,47,10,0.59,1,0.06,29,17,18,10,1,91.7,17,46,123,5,2,987,167,12,4,80.0,518,10,0,7,2,590,2,6,0,0,27,0,0,0,0,46,27,62.8,0.0,0.0,0.0,0.0,0.0294502617801047,0.0294502617801047,0.0,0.0294502617801047,0.0017670157068062,0.3534031413612565,0.1178010471204188,37.63743455497382,45.17670157068062,716.9960732984293,278.3049738219895,0.0058900523560209,0.0,2.06151832460733,0.2356020942408377,0.0,0.4123036649214659,0.0,0.1178010471204188,0.0,2.768324607329843,1.7081151832460733,1.0013089005235605,1.0602094240837696,0.5890052356020943,0.0589005235602094,1.0013089005235605,2.7094240837696337,7.244764397905759,0.2945026178010471,58.13481675392671,9.836387434554974,0.706806282722513,0.2356020942408377,30.51047120418848,0.5890052356020943,0.0,0.4123036649214659,0.1178010471204188,34.75130890052356,0.1178010471204188,0.3534031413612565,0.0,1.5903141361256543,0.0,0.0,0.0,0.0,2.7094240837696337,1.5903141361256543,DF,,defense,0
Diego Coppola,it ITA,DF,Hellas Verona,it Serie A,20.0,2003.0,34,33,2927,32.5,2,0,2,2,0,0,0.7,0.7,0.1,0.8,0.02,10,4,40.0,0.31,0.12,0.2,0.5,0.07,920,1135,81.1,18186,6486,0.2,3,32,0,0,0,0,1,5,48,10,0.31,1,0.03,66,36,48,14,4,70.0,72,138,194,6,2,1576,185,23,1,20.0,749,4,0,10,5,793,3,10,0,0,44,0,0,0,0,89,133,64.9,0.0614964127092586,0.0,0.0614964127092586,0.0614964127092586,0.0215237444482405,0.0215237444482405,0.0030748206354629,0.0245985650837034,0.0006149641270925,0.3074820635462931,0.1229928254185172,28.288349846258967,34.89921421250427,559.1868807652886,199.43286641612573,0.0061496412709258,0.0922446190638879,0.983942603348138,0.0,0.0,0.0,0.0,0.0307482063546293,0.1537410317731465,1.4759139050222072,2.0293816194055347,1.1069354287666553,1.4759139050222072,0.4304748889648104,0.1229928254185172,2.2138708575333106,4.243252476938845,5.965152032798087,0.1844892381277759,48.4591732148958,5.688418175606423,0.7072087461564742,0.0307482063546293,23.03040655961736,0.1229928254185172,0.0,0.3074820635462931,0.1537410317731465,24.383327639221044,0.0922446190638879,0.3074820635462931,0.0,1.35292107960369,0.0,0.0,0.0,0.0,2.736590365562009,4.089511445165698,DF,,defense,0
Derek Cornelius,ca CAN,DF,Marseille,fr Ligue 1,26.0,1997.0,21,17,1420,15.8,0,0,0,0,0,0,0.9,0.9,0.1,1.0,0.06,9,1,11.1,0.57,0.06,0.0,0.0,0.1,1267,1357,93.4,20539,6734,0.4,4,93,0,0,4,0,1,1,68,9,0.57,0,0.0,24,17,15,8,1,77.3,14,38,51,9,0,1493,107,14,0,0.0,1012,10,0,8,2,1163,11,9,2,2,25,0,0,1,0,67,32,71.1,0.0,0.0,0.0,0.0,0.0570422535211267,0.0570422535211267,0.006338028169014,0.0633802816901408,0.0038028169014084,0.5704225352112676,0.0633802816901408,80.30281690140845,86.00704225352112,1301.7676056338028,426.8028169014085,0.0253521126760563,0.2535211267605634,5.894366197183098,0.0,0.0,0.2535211267605634,0.0,0.0633802816901408,0.0633802816901408,4.309859154929577,1.52112676056338,1.0774647887323945,0.9507042253521126,0.5070422535211268,0.0633802816901408,0.8873239436619719,2.408450704225352,3.232394366197183,0.5704225352112676,94.62676056338027,6.78169014084507,0.8873239436619719,0.0,64.14084507042254,0.6338028169014085,0.0,0.5070422535211268,0.1267605633802817,73.71126760563381,0.6971830985915493,0.5704225352112676,0.1267605633802817,1.5845070422535212,0.0,0.0,0.0633802816901408,0.0,4.246478873239437,2.028169014084507,DF,,defense,2
Danny da Costa,de GER,DF,Mainz 05,de Bundesliga,31.0,1993.0,25,25,2006,22.3,0,1,1,0,0,0,0.1,0.1,0.6,0.7,0.03,5,1,20.0,0.22,0.04,0.0,0.0,0.02,942,1201,78.4,17146,7046,1.3,10,123,17,6,22,0,0,4,109,31,1.39,3,0.13,42,23,23,15,4,63.0,27,69,95,21,3,1451,98,2,8,47.1,813,21,2,22,7,886,22,0,0,0,19,0,0,0,0,98,33,46.5,0.0,0.044865403788634,0.044865403788634,0.0,0.0044865403788634,0.0044865403788634,0.0269192422731804,0.0314057826520438,0.001345962113659,0.2243270189431705,0.044865403788634,42.26321036889332,53.88334995014955,769.2622133599202,316.1216350947158,0.0583250249252243,0.448654037886341,5.518444666001994,0.7627118644067796,0.2691924227318046,0.9870388833499502,0.0,0.0,0.1794616151545363,4.890329012961116,1.8843469591226325,1.0319042871385842,1.0319042871385842,0.6729810568295115,0.1794616151545363,1.2113659022931205,3.0957128614157527,4.262213359920239,0.942173479561316,65.09970089730808,4.396809571286141,0.0897308075772681,0.3589232303090727,36.47557328015952,0.942173479561316,0.0897308075772681,0.9870388833499502,0.3140578265204387,39.75074775672981,0.9870388833499502,0.0,0.0,0.8524426719840478,0.0,0.0,0.0,0.0,4.396809571286141,1.4805583250249252,DF,,defense,3
Logan Costa,cv CPV,DF,Villarreal,es La Liga,23.0,2001.0,32,28,2587,28.7,2,1,3,2,0,0,0.7,0.7,0.6,1.3,0.05,12,5,41.7,0.42,0.17,0.17,0.4,0.05,1354,1544,87.7,26242,9795,0.5,4,107,6,0,5,0,1,18,116,22,0.76,2,0.07,38,21,25,12,1,82.8,21,59,115,8,2,1785,295,12,0,0.0,1037,25,0,7,0,1209,10,3,0,0,19,1,1,2,0,104,46,55.4,0.0695786625434866,0.0347893312717433,0.10436799381523,0.0695786625434866,0.0243525318902203,0.0243525318902203,0.0208735987630459,0.0452261306532663,0.0017394665635871,0.41747197526092,0.1739466563587166,47.10475454194047,53.71472748357171,912.9416312330884,340.761499806726,0.0173946656358716,0.1391573250869733,3.7224584460765366,0.20873598763046,0.0,0.1739466563587166,0.0,0.0347893312717433,0.6262079628913799,4.035562427522226,1.3219945883262467,0.73057595670661,0.8697332817935832,0.41747197526092,0.0347893312717433,0.73057595670661,2.0525705450328564,4.000773096250484,0.2783146501739466,62.09895632006185,10.262852725164285,0.41747197526092,0.0,36.07653652879784,0.8697332817935832,0.0,0.2435253189022033,0.0,42.06030150753769,0.3478933127174333,0.10436799381523,0.0,0.6609972941631234,0.0347893312717433,0.0347893312717433,0.0695786625434866,0.0,3.618090452261306,1.6003092385001934,DF,,defense,2
Vladimír Coufal,cz CZE,DF,West Ham,eng Premier League,31.0,1992.0,22,11,1067,11.9,0,0,0,0,0,0,0.3,0.3,0.7,1.0,0.08,7,2,28.6,0.59,0.17,0.0,0.0,0.04,470,598,78.6,7419,2842,1.0,8,44,13,8,28,0,0,0,39,18,1.52,1,0.08,22,15,13,7,2,45.5,8,30,39,11,1,736,61,14,5,33.3,298,26,2,12,8,400,33,5,0,0,22,0,0,0,1,39,23,59.0,0.0,0.0,0.0,0.0,0.0253045923149015,0.0253045923149015,0.0590440487347703,0.0843486410496719,0.0067478912839737,0.5904404873477038,0.1686972820993439,39.64386129334583,50.44048734770384,625.7825679475164,239.71883786316772,0.0843486410496719,0.6747891283973758,3.711340206185567,1.0965323336457358,0.6747891283973758,2.3617619493908157,0.0,0.0,0.0,3.289597000937207,1.855670103092784,1.2652296157450795,1.0965323336457358,0.5904404873477038,0.1686972820993439,0.6747891283973758,2.5304592314901595,3.289597000937207,0.9278350515463918,62.080599812558575,5.14526710402999,1.1808809746954076,0.4217432052483598,25.13589503280225,2.1930646672914715,0.1686972820993439,1.0121836925960637,0.6747891283973758,33.739456419868795,2.783505154639175,0.4217432052483598,0.0,1.855670103092784,0.0,0.0,0.0,0.0843486410496719,3.289597000937207,1.9400187441424557,DF,,defense,1
Woyo Coulibaly,ml MLI,DF,Parma,it Serie A,25.0,1999.0,14,12,1084,12.0,0,1,1,0,0,0,0.1,0.1,0.9,1.1,0.09,3,0,0.0,0.25,0.0,0.0,,0.05,514,593,86.7,7911,3030,0.8,8,44,4,0,5,1,2,2,41,19,1.58,3,0.25,13,10,9,2,2,45.5,8,21,25,7,0,706,34,12,8,47.1,404,36,9,19,11,439,23,1,1,0,12,1,1,0,1,60,9,50.0,0.0,0.0830258302583025,0.0830258302583025,0.0,0.0083025830258302,0.0083025830258302,0.0747232472324723,0.0913284132841328,0.0074723247232472,0.2490774907749077,0.0,42.67527675276753,49.23431734317343,656.8173431734317,251.56826568265683,0.066420664206642,0.6642066420664207,3.6531365313653135,0.3321033210332103,0.0,0.4151291512915129,0.0830258302583025,0.1660516605166051,0.1660516605166051,3.404059040590406,1.0793357933579335,0.8302583025830258,0.7472324723247232,0.1660516605166051,0.1660516605166051,0.6642066420664207,1.7435424354243545,2.0756457564575648,0.5811808118081181,58.616236162361616,2.822878228782288,0.9963099630996308,0.6642066420664207,33.542435424354245,2.988929889298893,0.7472324723247232,1.577490774907749,0.9132841328413284,36.44833948339483,1.9095940959409596,0.0830258302583025,0.0830258302583025,0.9963099630996308,0.0830258302583025,0.0830258302583025,0.0,0.0830258302583025,4.981549815498155,0.7472324723247232,DF,,defense,2
Nicolas Cozza,fr FRA,"DF,MF",Nantes,fr Ligue 1,25.0,1999.0,27,23,2051,22.8,1,0,1,1,0,0,1.4,1.4,1.4,2.8,0.12,17,6,35.3,0.75,0.26,0.06,0.17,0.08,608,782,77.7,9858,3920,1.1,7,41,10,4,27,0,1,1,64,20,0.88,2,0.09,59,41,35,18,6,66.0,25,84,69,21,0,1044,75,30,5,25.0,400,25,1,30,6,463,56,3,1,0,14,1,1,0,0,62,15,48.4,0.0438810336421257,0.0,0.0438810336421257,0.0438810336421257,0.0614334470989761,0.0614334470989761,0.0614334470989761,0.1228668941979522,0.005265724037055,0.7459775719161386,0.2632862018527547,26.67966845441248,34.31496830814237,432.5792296440761,172.0136518771331,0.0482691370063383,0.3071672354948805,1.7991223793271574,0.4388103364212579,0.1755241345685031,1.1847879083373964,0.0,0.0438810336421257,0.0438810336421257,2.8083861530960506,2.588980984885421,1.7991223793271574,1.5358361774744027,0.7898586055582643,0.2632862018527547,1.0970258410531448,3.6860068259385663,3.02779132130668,0.9215017064846416,45.81179912237933,3.291077523159434,1.3164310092637737,0.2194051682106289,17.552413456850317,1.0970258410531448,0.0438810336421257,1.3164310092637737,0.2632862018527547,20.316918576304243,2.4573378839590445,0.1316431009263773,0.0438810336421257,0.6143344709897611,0.0438810336421257,0.0438810336421257,0.0,0.0,2.720624085811799,0.6582155046318868,DF,MF,defense,3
Charlie Cresswell,eng ENG,DF,Toulouse,fr Ligue 1,21.0,2002.0,31,29,2592,28.8,3,1,4,3,0,0,3.3,3.3,1.7,5.0,0.17,32,13,40.6,1.11,0.45,0.09,0.23,0.1,1287,1551,83.0,23854,8198,1.1,5,61,4,1,4,0,0,8,69,24,0.83,3,0.1,35,23,19,15,1,60.9,28,63,191,7,3,1920,324,56,3,27.3,1033,8,1,20,3,1193,13,5,0,0,28,1,0,0,1,103,98,69.0,0.1041666666666666,0.0347222222222222,0.1388888888888889,0.1041666666666666,0.1145833333333333,0.1145833333333333,0.0590277777777777,0.1736111111111111,0.0059027777777777,1.1111111111111112,0.4513888888888888,44.6875,53.85416666666667,828.2638888888889,284.65277777777777,0.0381944444444444,0.1736111111111111,2.118055555555556,0.1388888888888889,0.0347222222222222,0.1388888888888889,0.0,0.0,0.2777777777777778,2.395833333333333,1.2152777777777777,0.798611111111111,0.6597222222222222,0.5208333333333333,0.0347222222222222,0.9722222222222222,2.1875,6.631944444444444,0.2430555555555555,66.66666666666666,11.25,1.9444444444444444,0.1041666666666666,35.86805555555556,0.2777777777777778,0.0347222222222222,0.6944444444444444,0.1041666666666666,41.42361111111112,0.4513888888888888,0.1736111111111111,0.0,0.9722222222222222,0.0347222222222222,0.0,0.0,0.0347222222222222,3.5763888888888893,3.4027777777777777,DF,,defense,0
Juan Cruz Armada,es ESP,DF,Osasuna,es La Liga,32.0,1992.0,25,19,1492,16.6,0,0,0,0,0,0,0.1,0.1,0.0,0.2,0.01,4,0,0.0,0.24,0.0,0.0,,0.03,525,673,78.0,8519,3966,0.2,2,54,2,0,11,0,0,2,53,14,0.84,1,0.06,26,14,11,13,2,62.5,9,35,68,11,0,819,83,4,1,25.0,337,9,2,10,3,391,12,4,0,0,16,0,0,1,0,46,9,47.4,0.0,0.0,0.0,0.0,0.0060321715817694,0.0060321715817694,0.0,0.0120643431635388,0.0006032171581769,0.2412868632707774,0.0,31.668900804289542,40.59651474530831,513.8806970509384,239.23592493297585,0.0120643431635388,0.1206434316353887,3.257372654155496,0.1206434316353887,0.0,0.6635388739946381,0.0,0.0,0.1206434316353887,3.197050938337802,1.5683646112600538,0.8445040214477211,0.6635388739946381,0.7841823056300269,0.1206434316353887,0.5428954423592492,2.111260053619303,4.101876675603218,0.6635388739946381,49.40348525469169,5.006702412868633,0.2412868632707774,0.0603217158176943,20.328418230563003,0.5428954423592492,0.1206434316353887,0.6032171581769437,0.1809651474530831,23.5857908847185,0.7238605898123325,0.2412868632707774,0.0,0.96514745308311,0.0,0.0,0.0603217158176943,0.0,2.774798927613941,0.5428954423592492,DF,,defense,2
Pau Cubarsí,es ESP,DF,Barcelona,es La Liga,17.0,2007.0,35,29,2618,29.1,0,3,3,0,0,0,0.8,0.8,1.6,2.5,0.08,8,0,0.0,0.28,0.0,0.0,,0.1,2434,2604,93.5,45654,16006,1.0,9,210,4,1,2,0,4,7,191,35,1.2,6,0.21,34,23,21,10,3,63.3,16,50,86,6,1,2805,194,17,6,75.0,1823,26,0,7,1,2193,6,3,0,0,24,0,0,1,0,102,62,58.5,0.0,0.1031321619556913,0.1031321619556913,0.0,0.027501909854851,0.027501909854851,0.055003819709702,0.0859434682964094,0.0027501909854851,0.2750190985485103,0.0,83.67456073338425,89.5187165775401,1569.4652406417113,550.244461420932,0.0343773873185637,0.3093964858670741,7.219251336898396,0.1375095492742551,0.0343773873185637,0.0687547746371275,0.0,0.1375095492742551,0.2406417112299465,6.566080977845684,1.168831168831169,0.7906799083269672,0.7219251336898397,0.3437738731856379,0.1031321619556913,0.5500381970970206,1.7188693659281893,2.956455309396486,0.2062643239113827,96.42857142857144,6.669213139801376,0.5844155844155845,0.2062643239113827,62.66997708174179,0.8938120702826585,0.0,0.2406417112299465,0.0343773873185637,75.3896103896104,0.2062643239113827,0.1031321619556913,0.0,0.825057295645531,0.0,0.0,0.0343773873185637,0.0,3.5064935064935066,2.131398013750955,DF,,defense,2
Marc Cucurella,es ESP,DF,Chelsea,eng Premier League,26.0,1998.0,36,33,2988,33.2,5,1,6,5,0,0,2.8,2.8,2.1,4.9,0.15,24,11,45.8,0.72,0.33,0.21,0.45,0.12,1680,1916,87.7,26450,7598,2.4,19,121,12,3,31,2,2,1,118,51,1.54,5,0.15,67,45,31,31,5,52.5,28,95,95,23,3,2244,119,75,4,26.7,944,35,2,28,7,1385,117,10,1,1,37,1,0,0,0,130,32,36.0,0.1506024096385542,0.0301204819277108,0.180722891566265,0.1506024096385542,0.0843373493975903,0.0843373493975903,0.0632530120481927,0.1475903614457831,0.0045180722891566,0.7228915662650601,0.3313253012048192,50.60240963855421,57.71084337349397,796.6867469879519,228.855421686747,0.072289156626506,0.572289156626506,3.644578313253012,0.36144578313253,0.0903614457831325,0.9337349397590362,0.0602409638554216,0.0602409638554216,0.0301204819277108,3.5542168674698797,2.0180722891566267,1.355421686746988,0.9337349397590362,0.9337349397590362,0.1506024096385542,0.8433734939759037,2.86144578313253,2.86144578313253,0.6927710843373495,67.59036144578313,3.5843373493975905,2.2590361445783134,0.1204819277108433,28.433734939759034,1.0542168674698795,0.0602409638554216,0.8433734939759037,0.2108433734939759,41.71686746987952,3.524096385542169,0.3012048192771084,0.0301204819277108,1.114457831325301,0.0301204819277108,0.0,0.0,0.0,3.9156626506024095,0.963855421686747,DF,,defense,2
Danilo D'Ambrosio,it ITA,DF,Monza,it Serie A,35.0,1988.0,20,12,1095,12.2,0,1,1,0,0,0,0.5,0.5,0.4,0.9,0.08,9,4,44.4,0.74,0.33,0.0,0.0,0.06,566,652,86.8,9736,3415,0.3,5,26,6,2,9,0,1,2,34,8,0.66,1,0.08,28,15,17,10,1,60.9,15,43,36,4,2,776,126,19,2,28.6,443,10,1,15,1,476,16,2,1,0,18,0,0,0,0,46,16,41.0,0.0,0.0821917808219178,0.0821917808219178,0.0,0.0410958904109589,0.0410958904109589,0.0328767123287671,0.073972602739726,0.0065753424657534,0.7397260273972602,0.3287671232876712,46.52054794520547,53.589041095890416,800.2191780821918,280.6849315068493,0.0246575342465753,0.410958904109589,2.136986301369863,0.4931506849315069,0.1643835616438356,0.7397260273972602,0.0,0.0821917808219178,0.1643835616438356,2.794520547945205,2.301369863013699,1.2328767123287672,1.3972602739726028,0.821917808219178,0.0821917808219178,1.2328767123287672,3.5342465753424657,2.958904109589041,0.3287671232876712,63.78082191780823,10.356164383561644,1.5616438356164384,0.1643835616438356,36.41095890410959,0.821917808219178,0.0821917808219178,1.2328767123287672,0.0821917808219178,39.12328767123288,1.3150684931506849,0.1643835616438356,0.0821917808219178,1.4794520547945205,0.0,0.0,0.0,0.0,3.78082191780822,1.3150684931506849,DF,,defense,2
Diogo Dalot,pt POR,DF,Manchester Utd,eng Premier League,25.0,1999.0,33,31,2814,31.3,0,3,3,0,0,0,2.0,2.0,2.0,4.1,0.13,25,5,20.0,0.8,0.16,0.0,0.0,0.08,1347,1673,80.5,21723,6617,2.5,26,61,25,8,66,0,4,8,103,74,2.37,5,0.16,68,40,40,22,6,65.4,37,105,72,36,0,1983,113,68,27,50.9,1126,62,16,38,21,1200,168,5,0,0,40,0,0,1,0,167,38,64.4,0.0,0.0959488272921108,0.0959488272921108,0.0,0.0639658848614072,0.0639658848614072,0.0639658848614072,0.1311300639658848,0.0041577825159914,0.7995735607675907,0.1599147121535181,43.08102345415779,53.507462686567166,694.7654584221749,211.6311300639659,0.079957356076759,0.8315565031982942,1.950959488272921,0.7995735607675907,0.255863539445629,2.11087420042644,0.0,0.1279317697228145,0.255863539445629,3.294243070362473,2.1748400852878462,1.279317697228145,1.279317697228145,0.7036247334754797,0.1918976545842217,1.183368869936034,3.3582089552238803,2.302771855010661,1.1513859275053304,63.42217484008529,3.614072494669509,2.1748400852878462,0.863539445628998,36.01279317697228,1.9829424307036247,0.511727078891258,1.2153518123667375,0.6716417910447761,38.379530916844345,5.3731343283582085,0.1599147121535181,0.0,1.279317697228145,0.0,0.0,0.0319829424307036,0.0,5.341151385927505,1.2153518123667375,DF,,defense,3
Flavius Daniliuc,at AUT,DF,Hellas Verona,it Serie A,23.0,2001.0,18,9,1004,11.2,0,0,0,0,0,0,0.1,0.1,0.1,0.2,0.02,3,1,33.3,0.27,0.09,0.0,0.0,0.04,375,449,83.5,5931,2777,0.1,2,28,3,1,6,0,1,0,38,11,0.98,0,0.0,26,21,14,9,3,62.5,7,33,27,7,0,538,36,10,4,57.1,285,8,0,7,4,306,8,0,0,0,12,1,0,0,0,44,18,51.4,0.0,0.0,0.0,0.0,0.0089641434262948,0.0089641434262948,0.0089641434262948,0.0179282868525896,0.0017928286852589,0.2689243027888446,0.0896414342629482,33.61553784860558,40.24900398406374,531.6633466135459,248.9342629482072,0.0089641434262948,0.1792828685258964,2.50996015936255,0.2689243027888446,0.0896414342629482,0.5378486055776892,0.0,0.0896414342629482,0.0,3.406374501992032,2.330677290836653,1.882470119521912,1.254980079681275,0.8067729083665339,0.2689243027888446,0.6274900398406374,2.958167330677291,2.4203187250996017,0.6274900398406374,48.22709163346613,3.227091633466136,0.896414342629482,0.3585657370517928,25.547808764940243,0.7171314741035857,0.0,0.6274900398406374,0.3585657370517928,27.43027888446215,0.7171314741035857,0.0,0.0,1.0756972111553784,0.0896414342629482,0.0,0.0,0.0,3.944223107569721,1.613545816733068,DF,,defense,2
Kevin Danso,at AUT,DF,Lens,fr Ligue 1,25.0,1998.0,12,12,1080,12.0,0,0,0,0,0,0,0.5,0.5,1.0,1.5,0.13,10,2,20.0,0.83,0.17,0.0,0.0,0.05,659,770,85.6,12021,4233,0.4,6,58,4,0,0,0,1,1,52,12,1.0,1,0.08,19,7,12,5,2,75.0,20,39,62,6,1,946,108,17,1,16.7,489,9,0,12,6,551,1,3,0,0,27,0,0,1,0,59,41,66.1,0.0,0.0,0.0,0.0,0.0416666666666666,0.0416666666666666,0.0833333333333333,0.125,0.0108333333333333,0.8333333333333333,0.1666666666666666,54.91666666666666,64.16666666666666,1001.75,352.75,0.0333333333333333,0.5,4.833333333333333,0.3333333333333333,0.0,0.0,0.0,0.0833333333333333,0.0833333333333333,4.333333333333333,1.5833333333333337,0.5833333333333334,1.0,0.4166666666666666,0.1666666666666666,1.6666666666666663,3.25,5.166666666666667,0.5,78.83333333333333,9.0,1.4166666666666663,0.0833333333333333,40.75,0.75,0.0,1.0,0.5,45.91666666666666,0.0833333333333333,0.25,0.0,2.25,0.0,0.0,0.0833333333333333,0.0,4.916666666666667,3.4166666666666665,DF,,defense,0
Dante,br BRA,DF,Nice,fr Ligue 1,40.0,1983.0,25,21,1964,21.8,0,0,0,0,0,0,0.5,0.5,0.2,0.6,0.03,9,2,22.2,0.41,0.09,0.0,0.0,0.05,1267,1432,88.5,21977,9017,0.5,4,90,8,0,2,0,5,8,96,21,0.96,0,0.0,32,15,17,13,2,51.7,34,66,74,11,1,1651,171,19,6,40.0,949,18,1,16,5,1138,8,5,1,0,19,0,0,0,0,112,41,66.1,0.0,0.0,0.0,0.0,0.0229124236252545,0.0229124236252545,0.0091649694501018,0.0274949083503054,0.0013747454175152,0.4124236252545825,0.0916496945010183,58.060081466395104,65.62118126272912,1007.09266802444,413.2026476578411,0.0229124236252545,0.1832993890020366,4.124236252545825,0.3665987780040733,0.0,0.0916496945010183,0.0,0.2291242362525458,0.3665987780040733,4.39918533604888,1.4663951120162932,0.6873727087576375,0.7790224032586558,0.5957230142566191,0.0916496945010183,1.5580448065173116,3.024439918533605,3.391038696537678,0.5040733197556008,75.65682281059064,7.836048879837067,0.870672097759674,0.2749490835030549,43.4877800407332,0.824847250509165,0.0458248472505091,0.7331975560081466,0.2291242362525458,52.14867617107943,0.3665987780040733,0.2291242362525458,0.0458248472505091,0.870672097759674,0.0,0.0,0.0,0.0,5.132382892057027,1.878818737270876,DF,,defense,2
Matteo Darmian,it ITA,DF,Inter,it Serie A,34.0,1989.0,29,20,1781,19.8,3,2,5,3,0,0,1.9,1.9,1.5,3.5,0.18,11,3,27.3,0.56,0.15,0.27,1.0,0.18,844,1007,83.8,14714,3784,1.3,15,39,15,7,32,0,3,2,45,34,1.72,4,0.2,28,17,12,12,4,56.0,10,38,39,23,0,1144,53,33,4,44.4,593,14,9,15,6,787,102,3,0,0,26,2,0,1,1,39,13,46.4,0.1516002245929253,0.1010668163952835,0.2526670409882088,0.1516002245929253,0.0960134755755193,0.0960134755755193,0.0758001122964626,0.1768669286917462,0.0090960134755755,0.5558674901740596,0.1516002245929253,42.65019651880966,50.88714205502527,743.5485682201011,191.21841661987648,0.0656934306569343,0.7580011229646265,1.9708029197080288,0.7580011229646265,0.3537338573834924,1.617069062324537,0.0,0.1516002245929253,0.1010668163952835,2.27400336889388,1.4149354295339696,0.8590679393599102,0.6064008983717013,0.6064008983717013,0.2021336327905671,0.5053340819764177,1.9202695115103876,1.9708029197080288,1.1622683885457608,57.81021897810219,2.6782706344750142,1.6676024705221786,0.2021336327905671,29.966311061201573,0.7074677147669848,0.454800673778776,0.7580011229646265,0.3032004491858506,39.76979225154408,5.154407636159461,0.1516002245929253,0.0,1.313868613138686,0.1010668163952835,0.0,0.0505334081976417,0.0505334081976417,1.9708029197080288,0.656934306569343,DF,,defense,1
Alphonso Davies,ca CAN,DF,Bayern Munich,de Bundesliga,23.0,2000.0,19,17,1560,17.3,1,2,3,1,0,0,1.2,1.2,1.6,2.8,0.16,17,3,17.6,0.98,0.17,0.06,0.33,0.07,1141,1272,89.7,16222,3977,2.2,27,95,16,2,22,0,6,1,120,61,3.52,8,0.46,30,17,7,17,6,65.4,13,43,22,20,2,1463,33,49,31,45.6,895,81,21,33,19,1057,140,0,0,0,8,2,0,0,0,115,9,52.9,0.0576923076923076,0.1153846153846153,0.173076923076923,0.0576923076923076,0.0692307692307692,0.0692307692307692,0.0923076923076923,0.1615384615384615,0.0092307692307692,0.9807692307692308,0.173076923076923,65.82692307692307,73.38461538461539,935.8846153846154,229.44230769230768,0.1269230769230769,1.5576923076923077,5.480769230769231,0.9230769230769232,0.1153846153846153,1.2692307692307692,0.0,0.3461538461538461,0.0576923076923076,6.923076923076923,1.7307692307692308,0.9807692307692308,0.4038461538461538,0.9807692307692308,0.3461538461538461,0.75,2.480769230769231,1.2692307692307692,1.1538461538461535,84.40384615384616,1.903846153846154,2.8269230769230766,1.7884615384615383,51.63461538461538,4.673076923076923,1.2115384615384617,1.903846153846154,1.0961538461538465,60.98076923076923,8.076923076923077,0.0,0.0,0.4615384615384615,0.1153846153846153,0.0,0.0,0.0,6.634615384615385,0.5192307692307693,DF,,defense,3
Ben Davies,wls WAL,DF,Tottenham,eng Premier League,31.0,1993.0,17,14,1331,14.8,0,0,0,0,0,0,0.3,0.3,0.2,0.5,0.03,5,1,20.0,0.34,0.07,0.0,0.0,0.06,896,1023,87.6,16735,6614,0.5,2,47,2,0,4,0,1,5,52,8,0.54,0,0.0,17,11,8,8,1,52.9,12,29,81,8,1,1186,215,13,1,100.0,664,14,0,5,0,781,6,5,0,0,17,0,0,0,0,41,52,54.2,0.0,0.0,0.0,0.0,0.0202854996243425,0.0202854996243425,0.0135236664162284,0.033809166040571,0.0020285499624342,0.33809166040571,0.067618332081142,60.58602554470323,69.17355371900827,1131.5927873779117,447.2276483846732,0.033809166040571,0.135236664162284,3.1780616078136736,0.135236664162284,0.0,0.270473328324568,0.0,0.067618332081142,0.33809166040571,3.516153268219384,1.149511645379414,0.743801652892562,0.540946656649136,0.540946656649136,0.067618332081142,0.8114199849737039,1.960931630353118,5.477084898572501,0.540946656649136,80.19534184823442,14.537941397445527,0.879038317054846,0.067618332081142,44.89857250187829,0.946656649135988,0.0,0.33809166040571,0.0,52.80991735537191,0.4057099924868519,0.33809166040571,0.0,1.149511645379414,0.0,0.0,0.0,0.0,2.772351615326822,3.516153268219384,DF,,defense,0
Leif Davis,eng ENG,DF,Ipswich Town,eng Premier League,24.0,2000.0,33,32,2743,30.5,1,2,3,1,0,0,1.0,1.0,4.9,5.8,0.19,16,2,12.5,0.52,0.07,0.06,0.5,0.06,919,1284,71.6,15858,6353,4.7,61,33,28,12,161,80,3,5,59,93,3.05,4,0.13,46,27,33,9,4,62.5,25,71,77,23,3,1562,117,42,13,34.2,708,52,11,37,16,835,137,5,1,0,27,1,0,2,0,113,34,59.6,0.0328107911046299,0.0656215822092599,0.0984323733138899,0.0328107911046299,0.0328107911046299,0.0328107911046299,0.1607728764126868,0.1903025884068538,0.0062340503098796,0.5249726576740794,0.0656215822092599,30.153117025154938,42.12905577834488,520.313525337222,208.44695588771413,0.1542107181917608,2.001458257382428,1.082756106452789,0.918702150929639,0.3937294932555596,5.282537367845425,2.6248632883703973,0.0984323733138899,0.1640539555231498,1.935836675173168,1.5092963908129786,0.8858913598250091,1.082756106452789,0.2952971199416697,0.1312431644185198,0.8202697776157492,2.329566168428728,2.5264309150565074,0.7546481954064893,51.25045570543201,3.8388625592417065,1.3780532263944585,0.4265402843601896,23.23004010207801,1.7061611374407584,0.3609187021509296,1.2139992708713088,0.5249726576740794,27.397010572366025,4.495078381334306,0.1640539555231498,0.0328107911046299,0.8858913598250091,0.0328107911046299,0.0,0.0656215822092599,0.0,3.707619394823186,1.115566897557419,DF,,defense,1
Paweł Dawidowicz,pl POL,"DF,MF",Hellas Verona,it Serie A,29.0,1995.0,26,24,1845,20.5,0,0,0,0,0,0,0.3,0.3,0.0,0.3,0.01,4,0,0.0,0.2,0.0,0.0,,0.08,653,797,81.9,11772,3968,0.2,0,52,1,0,1,0,1,5,39,8,0.39,1,0.05,45,24,20,22,3,66.7,20,65,70,7,2,982,93,10,2,50.0,457,10,0,7,3,547,3,7,1,0,36,0,0,1,0,54,33,55.0,0.0,0.0,0.0,0.0,0.0146341463414634,0.0146341463414634,0.0,0.0146341463414634,0.0004878048780487,0.1951219512195122,0.0,31.853658536585364,38.8780487804878,574.2439024390244,193.5609756097561,0.0097560975609756,0.0,2.5365853658536586,0.048780487804878,0.0,0.048780487804878,0.0,0.048780487804878,0.2439024390243902,1.902439024390244,2.1951219512195124,1.170731707317073,0.975609756097561,1.0731707317073171,0.1463414634146341,0.975609756097561,3.170731707317073,3.414634146341464,0.3414634146341463,47.90243902439025,4.536585365853659,0.4878048780487805,0.0975609756097561,22.29268292682927,0.4878048780487805,0.0,0.3414634146341463,0.1463414634146341,26.682926829268293,0.1463414634146341,0.3414634146341463,0.048780487804878,1.7560975609756098,0.0,0.0,0.048780487804878,0.0,2.6341463414634148,1.6097560975609757,DF,MF,defense,0
Craig Dawson,eng ENG,DF,Wolves,eng Premier League,34.0,1990.0,15,10,971,10.8,0,0,0,0,0,0,0.5,0.5,0.0,0.5,0.05,5,1,20.0,0.46,0.09,0.0,0.0,0.1,484,559,86.6,9745,3180,0.1,2,22,1,0,0,0,1,11,20,7,0.65,2,0.19,15,3,8,6,1,80.0,9,24,52,0,1,671,130,14,1,20.0,390,6,0,2,0,443,5,2,0,0,6,0,0,0,2,35,21,65.6,0.0,0.0,0.0,0.0,0.0463439752832131,0.0463439752832131,0.0,0.0463439752832131,0.0046343975283213,0.4634397528321318,0.0926879505664263,44.86096807415036,51.81256436663234,903.2440782698249,294.74768280123584,0.0092687950566426,0.1853759011328527,2.03913491246138,0.0926879505664263,0.0,0.0,0.0,0.0926879505664263,1.01956745623069,1.8537590113285276,1.3903192584963957,0.2780638516992791,0.7415036045314108,0.5561277033985582,0.0926879505664263,0.8341915550978373,2.224510813594233,4.8197734294541705,0.0,62.193614830072086,12.049433573635428,1.297631307929969,0.0926879505664263,36.148300720906285,0.5561277033985582,0.0,0.1853759011328527,0.0,41.06076210092688,0.4634397528321318,0.1853759011328527,0.0,0.5561277033985582,0.0,0.0,0.0,0.1853759011328527,3.244078269824923,1.9464469618949536,DF,,defense,0
Lorenzo De Silvestri,it ITA,DF,Bologna,it Serie A,36.0,1988.0,18,13,1060,11.8,1,0,1,1,0,0,0.8,0.8,0.3,1.1,0.09,9,4,44.4,0.76,0.34,0.11,0.25,0.09,446,564,79.1,7881,3173,0.4,5,40,6,5,23,0,0,2,46,14,1.19,2,0.17,11,6,7,1,3,43.8,10,21,32,9,0,657,31,11,1,20.0,313,4,0,7,2,380,30,1,0,0,17,0,0,0,0,26,12,42.9,0.0849056603773584,0.0,0.0849056603773584,0.0849056603773584,0.0679245283018868,0.0679245283018868,0.0254716981132075,0.0933962264150943,0.0076415094339622,0.7641509433962264,0.3396226415094339,37.86792452830189,47.886792452830186,669.1415094339623,269.4056603773585,0.0339622641509434,0.4245283018867924,3.3962264150943398,0.5094339622641509,0.4245283018867924,1.9528301886792447,0.0,0.0,0.1698113207547169,3.9056603773584895,0.9339622641509432,0.5094339622641509,0.5943396226415094,0.0849056603773584,0.2547169811320754,0.8490566037735848,1.7830188679245282,2.7169811320754715,0.7641509433962264,55.78301886792453,2.6320754716981134,0.9339622641509432,0.0849056603773584,26.575471698113205,0.3396226415094339,0.0,0.5943396226415094,0.1698113207547169,32.264150943396224,2.547169811320755,0.0849056603773584,0.0,1.4433962264150944,0.0,0.0,0.0,0.0,2.207547169811321,1.018867924528302,DF,,defense,1
Koni De Winter,be BEL,DF,Genoa,it Serie A,22.0,2002.0,25,23,2135,23.7,3,0,3,3,0,0,2.1,2.1,0.2,2.3,0.1,13,7,53.8,0.55,0.3,0.23,0.43,0.16,1116,1289,86.6,20309,6901,0.2,3,42,3,2,4,0,0,3,56,15,0.63,1,0.04,33,19,21,8,4,68.0,25,58,118,10,3,1551,161,34,6,35.3,807,10,0,17,8,938,10,6,0,0,43,1,0,2,0,114,74,68.5,0.126463700234192,0.0,0.126463700234192,0.126463700234192,0.0885245901639344,0.0885245901639344,0.0084309133489461,0.0969555035128805,0.004215456674473,0.5480093676814989,0.2950819672131147,47.04449648711944,54.33723653395785,856.1170960187354,290.90866510538643,0.0084309133489461,0.126463700234192,1.7704918032786887,0.126463700234192,0.0843091334894613,0.1686182669789227,0.0,0.0,0.126463700234192,2.360655737704918,1.3911007025761124,0.800936768149883,0.8852459016393444,0.3372365339578454,0.1686182669789227,1.053864168618267,2.4449648711943794,4.97423887587822,0.4215456674473068,65.38173302107728,6.78688524590164,1.4332552693208434,0.2529274004683841,34.01873536299766,0.4215456674473068,0.0,0.7166276346604217,0.3372365339578454,39.540983606557376,0.4215456674473068,0.2529274004683841,0.0,1.8126463700234192,0.0421545667447306,0.0,0.0843091334894613,0.0,4.805620608899297,3.11943793911007,DF,,defense,0
Enrico Del Prato,it ITA,DF,Parma,it Serie A,24.0,1999.0,34,32,2947,32.7,4,0,4,4,0,0,2.0,2.0,1.2,3.2,0.1,12,5,41.7,0.37,0.15,0.33,0.8,0.17,1288,1534,84.0,23028,8120,0.9,14,68,9,2,16,0,0,3,81,32,0.98,1,0.03,33,17,24,8,1,73.1,19,52,132,15,2,1830,228,32,2,50.0,1006,8,3,12,3,1078,31,8,0,0,20,1,0,0,0,120,38,46.9,0.1221581269087207,0.0,0.1221581269087207,0.1221581269087207,0.0610790634543603,0.0610790634543603,0.0366474380726162,0.0977265015269766,0.003053953172718,0.3664743807261622,0.1526976586359009,39.33491686460808,46.8476416694944,703.2643366135053,247.98099762470304,0.0274855785544621,0.4275534441805226,2.0766881574482525,0.2748557855446216,0.0610790634543603,0.488632507634883,0.0,0.0,0.0916185951815405,2.4737020699015946,1.007804546996946,0.5191720393620631,0.7329487614523245,0.2443162538174415,0.0305395317271801,0.5802511028164234,1.588055649813369,4.031218187987784,0.4580929759077027,55.88734306073974,6.963013233797082,0.977265015269766,0.0610790634543603,30.722768917543263,0.2443162538174415,0.0916185951815405,0.3664743807261622,0.0916185951815405,32.92161520190024,0.9467254835425856,0.2443162538174415,0.0,0.6107906345436036,0.0305395317271801,0.0,0.0,0.0,3.664743807261622,1.160502205632847,DF,,defense,0
Sepp van den Berg,nl NED,DF,Brentford,eng Premier League,22.0,2001.0,31,29,2586,28.7,0,0,0,0,0,0,2.0,2.0,0.8,2.8,0.1,20,6,30.0,0.7,0.21,0.0,0.0,0.1,1092,1278,85.4,19151,6135,0.5,6,64,3,1,7,0,0,2,79,22,0.77,2,0.07,39,24,25,10,4,65.5,21,60,134,7,3,1605,282,48,4,57.1,737,12,1,15,7,917,28,3,0,0,23,1,1,0,0,97,94,55.0,0.0,0.0,0.0,0.0,0.0696055684454756,0.0696055684454756,0.0278422273781902,0.0974477958236658,0.0034802784222737,0.6960556844547564,0.2088167053364269,38.0046403712297,44.477958236658935,666.5081206496519,213.5150812064965,0.0174013921113689,0.2088167053364269,2.2273781902552203,0.1044083526682134,0.0348027842227378,0.2436194895591647,0.0,0.0,0.0696055684454756,2.749419953596288,1.357308584686775,0.8352668213457076,0.8700696055684455,0.3480278422273782,0.1392111368909512,0.7308584686774942,2.088167053364269,4.663573085846868,0.2436194895591647,55.8584686774942,9.814385150812065,1.6705336426914152,0.1392111368909512,25.649651972157773,0.4176334106728538,0.0348027842227378,0.5220417633410672,0.2436194895591647,31.914153132250583,0.974477958236659,0.1044083526682134,0.0,0.8004640371229699,0.0348027842227378,0.0348027842227378,0.0,0.0,3.3758700696055683,3.271461716937355,DF,,defense,0
Giovanni Di Lorenzo,it ITA,DF,Napoli,it Serie A,30.0,1993.0,37,37,3330,37.0,3,2,5,3,0,0,2.8,2.8,3.9,6.7,0.18,21,6,28.6,0.57,0.16,0.14,0.5,0.15,1870,2236,83.6,29372,9836,3.9,37,170,54,8,63,0,2,7,224,80,2.16,8,0.22,66,44,35,25,6,64.6,31,97,85,48,1,2541,116,67,4,12.9,1202,50,6,28,14,1701,163,6,0,0,46,1,0,0,0,94,45,49.5,0.081081081081081,0.054054054054054,0.1351351351351351,0.081081081081081,0.0756756756756756,0.0756756756756756,0.1054054054054054,0.1810810810810811,0.0048648648648648,0.5675675675675675,0.1621621621621621,50.54054054054054,60.43243243243243,793.8378378378378,265.83783783783787,0.1054054054054054,1.0,4.594594594594595,1.4594594594594597,0.2162162162162162,1.7027027027027029,0.0,0.054054054054054,0.1891891891891892,6.054054054054054,1.7837837837837838,1.189189189189189,0.945945945945946,0.6756756756756757,0.1621621621621621,0.8378378378378378,2.621621621621621,2.2972972972972974,1.2972972972972974,68.67567567567568,3.135135135135135,1.8108108108108107,0.1081081081081081,32.486486486486484,1.351351351351351,0.1621621621621621,0.7567567567567568,0.3783783783783784,45.972972972972975,4.405405405405405,0.1621621621621621,0.0,1.2432432432432432,0.027027027027027,0.0,0.0,0.0,2.540540540540541,1.2162162162162162,DF,,defense,2
Bafodé Diakité,fr FRA,DF,Lille,fr Ligue 1,23.0,2001.0,31,31,2766,30.7,4,1,5,4,0,0,2.3,2.3,0.2,2.5,0.08,16,7,43.8,0.52,0.23,0.25,0.57,0.15,2086,2239,93.2,38535,12423,0.8,3,141,0,0,4,0,2,5,90,19,0.62,3,0.1,31,18,17,11,3,69.2,27,58,99,19,5,2475,199,21,9,100.0,1606,15,0,13,6,1891,3,8,1,1,44,1,0,1,0,139,61,72.6,0.1301518438177874,0.0325379609544468,0.1626898047722342,0.1301518438177874,0.0748373101952277,0.0748373101952277,0.0065075921908893,0.0813449023861171,0.0026030368763557,0.5206073752711496,0.227765726681128,67.87418655097613,72.85249457700651,1253.8503253796096,404.21908893709326,0.0260303687635574,0.0976138828633405,4.587852494577006,0.0,0.0,0.1301518438177874,0.0,0.0650759219088937,0.1626898047722342,2.928416485900217,1.0086767895878526,0.5856832971800434,0.5531453362255965,0.3579175704989154,0.0976138828633405,0.8785249457700651,1.8872017353579176,3.2212581344902387,0.6182212581344902,80.53145336225596,6.4750542299349245,0.6832971800433839,0.2928416485900217,52.25596529284165,0.4880694143167028,0.0,0.4229934924078091,0.1952277657266811,61.52928416485901,0.0976138828633405,0.2603036876355748,0.0325379609544468,1.4316702819956617,0.0325379609544468,0.0,0.0325379609544468,0.0,4.522776572668112,1.9848156182212584,DF,,defense,2
Moussa Diarra,ml MLI,DF,Alavés,es La Liga,23.0,2000.0,26,20,1866,20.7,0,0,0,0,0,0,0.0,0.0,0.1,0.2,0.01,1,0,0.0,0.05,0.0,0.0,,0.03,670,835,80.2,12112,5342,0.4,3,44,8,3,23,0,0,6,70,18,0.87,4,0.19,40,24,19,18,3,58.6,21,61,46,14,1,1012,56,9,7,50.0,499,12,2,17,15,584,31,6,0,0,28,4,1,1,0,76,31,51.7,0.0,0.0,0.0,0.0,0.0,0.0,0.0048231511254019,0.0096463022508038,0.0004823151125401,0.0482315112540192,0.0,32.31511254019293,40.27331189710611,584.1800643086816,257.65273311897107,0.0192926045016077,0.1446945337620578,2.122186495176849,0.3858520900321543,0.1446945337620578,1.1093247588424435,0.0,0.0,0.2893890675241157,3.3762057877813505,1.929260450160772,1.157556270096463,0.9163987138263664,0.8681672025723474,0.1446945337620578,1.0128617363344052,2.942122186495177,2.2186495176848875,0.6752411575562701,48.81028938906752,2.7009646302250805,0.4340836012861737,0.337620578778135,24.067524115755624,0.5787781350482315,0.0964630225080385,0.819935691318328,0.7234726688102894,28.167202572347268,1.495176848874598,0.2893890675241157,0.0,1.3504823151125402,0.1929260450160771,0.0482315112540192,0.0482315112540192,0.0,3.665594855305466,1.495176848874598,DF,,defense,2
Rúben Dias,pt POR,DF,Manchester City,eng Premier League,27.0,1997.0,27,25,2271,25.2,0,0,0,0,0,0,1.5,1.5,0.3,1.8,0.07,21,7,33.3,0.83,0.28,0.0,0.0,0.07,2167,2317,93.5,37644,12143,1.2,5,222,12,0,3,0,0,10,160,26,1.03,1,0.04,17,11,7,9,1,53.8,20,37,71,14,4,2499,216,26,2,66.7,1775,43,1,8,1,2016,8,4,0,0,12,0,0,1,1,78,37,52.1,0.0,0.0,0.0,0.0,0.059445178335535,0.059445178335535,0.011889035667107,0.071334214002642,0.0027741083223249,0.8322324966974901,0.2774108322324967,85.8784676354029,91.8229854689564,1491.8361955085866,481.2285336856011,0.047556142668428,0.1981505944517833,8.797886393659182,0.47556142668428,0.0,0.11889035667107,0.0,0.0,0.3963011889035667,6.340819022457068,0.6737120211360634,0.4359313077939233,0.2774108322324967,0.35667107001321,0.0396301188903566,0.7926023778071335,1.4663143989431968,2.813738441215324,0.5548216644649934,99.03566710700132,8.56010568031704,1.0303830911492735,0.0792602377807133,70.3434610303831,1.7040951122853367,0.0396301188903566,0.3170409511228533,0.0396301188903566,79.89431968295905,0.3170409511228533,0.1585204755614266,0.0,0.47556142668428,0.0,0.0,0.0396301188903566,0.0396301188903566,3.0911492734478205,1.4663143989431968,DF,,defense,2
Eric Dier,eng ENG,DF,Bayern Munich,de Bundesliga,30.0,1994.0,21,16,1463,16.3,2,1,3,2,0,0,1.1,1.1,0.1,1.2,0.08,9,5,55.6,0.55,0.31,0.22,0.4,0.12,1324,1412,93.8,23560,8112,1.2,3,133,5,0,2,0,2,7,73,13,0.8,2,0.12,19,11,8,9,2,65.0,20,39,77,6,1,1591,127,19,2,66.7,944,12,0,7,2,1157,1,1,0,0,16,0,0,0,0,80,52,54.7,0.1230348598769651,0.0615174299384825,0.1845522898154477,0.1230348598769651,0.0676691729323308,0.0676691729323308,0.0061517429938482,0.073820915926179,0.0049213943950786,0.5536568694463432,0.3075871496924128,81.44907723855093,86.86261107313739,1449.3506493506495,499.02939166097065,0.073820915926179,0.1845522898154477,8.181818181818182,0.3075871496924128,0.0,0.1230348598769651,0.0,0.1230348598769651,0.4306220095693779,4.490772385509228,1.168831168831169,0.6766917293233082,0.4921394395078606,0.5536568694463432,0.1230348598769651,1.2303485987696514,2.39917976760082,4.7368421052631575,0.3691045796308954,97.87423103212578,7.812713602187286,1.168831168831169,0.1230348598769651,58.07245386192755,0.7382091592617909,0.0,0.4306220095693779,0.1230348598769651,71.17566643882434,0.0615174299384825,0.0615174299384825,0.0,0.9842788790157212,0.0,0.0,0.0,0.0,4.921394395078606,3.198906356801094,DF,,defense,2
Lucas Digne,fr FRA,DF,Aston Villa,eng Premier League,31.0,1993.0,32,28,2351,26.1,0,4,4,0,0,0,0.8,0.8,4.7,5.5,0.21,13,3,23.1,0.5,0.11,0.0,0.0,0.06,956,1277,74.9,15607,5137,4.0,36,44,30,19,140,57,2,4,57,66,2.53,5,0.19,65,38,40,16,9,66.7,25,90,89,41,1,1527,97,28,9,47.4,683,23,4,17,16,820,142,4,0,0,21,0,0,0,0,104,37,56.9,0.0,0.1531263292216078,0.1531263292216078,0.0,0.0306252658443215,0.0306252658443215,0.1799234368353892,0.2105487026797107,0.0080391322841344,0.4976605699702254,0.1148447469162058,36.59719268396427,48.8855806039983,597.4606550404084,196.65248830284983,0.1531263292216078,1.3781369629944704,1.684389621437686,1.1484474691620588,0.7273500638026371,5.359421522756274,2.182050191407912,0.0765631646108039,0.1531263292216078,2.182050191407912,2.4883028498511277,1.4547001276052742,1.5312632922160785,0.6125053168864313,0.3445342407486176,0.957039557635049,3.445342407486176,3.4070608251807744,1.5695448745214804,58.45597618034879,3.7133134836239896,1.0718843045512547,0.3445342407486176,26.14632071458953,0.880476393024245,0.1531263292216078,0.6507868991918332,0.6125053168864313,31.390897490429605,5.435984687367078,0.1531263292216078,0.0,0.8039132284134411,0.0,0.0,0.0,0.0,3.981284559761803,1.4164185452998723,DF,,defense,3
Federico Dimarco,it ITA,"DF,FW",Inter,it Serie A,26.0,1997.0,32,28,2140,23.8,4,7,11,4,0,0,3.3,3.3,6.1,9.5,0.39,55,20,36.4,2.31,0.84,0.07,0.2,0.06,973,1275,76.3,16613,4805,5.1,48,47,40,19,188,73,3,13,83,96,4.0,14,0.58,25,14,10,12,3,52.6,14,39,33,29,2,1475,34,90,4,40.0,789,47,13,18,10,1007,232,3,0,0,18,2,0,0,0,76,7,35.0,0.1682242990654205,0.294392523364486,0.4626168224299065,0.1682242990654205,0.1387850467289719,0.1387850467289719,0.2565420560747663,0.3995327102803738,0.0164018691588785,2.3130841121495327,0.8411214953271028,40.92056074766355,53.62149532710281,698.6775700934579,202.07943925233647,0.2144859813084112,2.0186915887850465,1.9766355140186915,1.6822429906542056,0.7990654205607477,7.906542056074766,3.0700934579439254,0.1261682242990654,0.5467289719626168,3.4906542056074765,1.0514018691588785,0.588785046728972,0.4205607476635514,0.5046728971962616,0.1261682242990654,0.588785046728972,1.6401869158878504,1.3878504672897196,1.219626168224299,62.03271028037384,1.4299065420560748,3.785046728971962,0.1682242990654205,33.1822429906542,1.9766355140186915,0.5467289719626168,0.7570093457943925,0.4205607476635514,42.35046728971962,9.757009345794392,0.1261682242990654,0.0,0.7570093457943925,0.0841121495327102,0.0,0.0,0.0,3.196261682242991,0.294392523364486,DF,FW,defense,1
Sinaly Diomande,ci CIV,DF,Auxerre,fr Ligue 1,23.0,2001.0,23,22,1945,21.6,3,2,5,3,0,0,1.1,1.1,0.6,1.7,0.08,9,4,44.4,0.42,0.19,0.33,0.75,0.13,813,961,84.6,15073,6116,0.3,4,52,1,0,1,0,0,14,72,21,0.97,5,0.23,39,19,20,18,1,70.0,30,69,100,10,2,1223,150,12,8,57.1,698,8,0,12,6,756,8,6,0,0,24,0,0,1,1,86,28,56.0,0.1388174807197943,0.0925449871465295,0.2313624678663239,0.1388174807197943,0.0508997429305912,0.0508997429305912,0.0277634961439588,0.0786632390745501,0.0037017994858611,0.416452442159383,0.1850899742930591,37.61953727506427,44.46786632390746,697.46529562982,283.0025706940874,0.0138817480719794,0.1850899742930591,2.4061696658097684,0.0462724935732647,0.0,0.0462724935732647,0.0,0.0,0.647814910025707,3.3316195372750643,1.8046272493573263,0.8791773778920309,0.9254498714652956,0.8329048843187661,0.0462724935732647,1.3881748071979434,3.19280205655527,4.627249357326479,0.4627249357326478,56.59125964010283,6.940874035989717,0.5552699228791774,0.3701799485861182,32.29820051413882,0.3701799485861182,0.0,0.5552699228791774,0.2776349614395887,34.98200514138817,0.3701799485861182,0.2776349614395887,0.0,1.1105398457583548,0.0,0.0,0.0462724935732647,0.0462724935732647,3.979434447300771,1.295629820051414,DF,,defense,0
Issa Diop,fr FRA,DF,Fulham,eng Premier League,27.0,1997.0,21,15,1339,14.9,0,0,0,0,0,0,0.5,0.5,0.1,0.6,0.04,5,2,40.0,0.34,0.13,0.0,0.0,0.11,663,758,87.5,12350,4179,0.1,3,43,1,0,1,0,0,1,25,6,0.4,0,0.0,26,12,18,8,0,72.2,9,35,72,2,2,903,125,13,1,50.0,533,6,0,9,2,617,3,2,0,0,10,0,0,0,1,45,20,62.5,0.0,0.0,0.0,0.0,0.0336071695294996,0.0336071695294996,0.0067214339058999,0.0403286034353995,0.0026885735623599,0.3360716952949962,0.1344286781179985,44.56310679611651,50.94846900672144,830.0970873786408,280.88872292755786,0.0067214339058999,0.2016430171769977,2.890216579536968,0.0672143390589992,0.0,0.0672143390589992,0.0,0.0,0.0672143390589992,1.6803584764749813,1.7475728155339805,0.806572068707991,1.2098581030619866,0.5377147124719941,0.0,0.6049290515309933,2.3525018670649738,4.839432412247946,0.1344286781179985,60.69454817027633,8.401792382374907,0.8737864077669902,0.0672143390589992,35.8252427184466,0.4032860343539955,0.0,0.6049290515309933,0.1344286781179985,41.47124719940254,0.2016430171769977,0.1344286781179985,0.0,0.6721433905899925,0.0,0.0,0.0,0.0672143390589992,3.0246452576549663,1.344286781179985,DF,,defense,0
Djené,tg TOG,"DF,MF",Getafe,es La Liga,32.0,1991.0,31,31,2548,28.3,0,0,0,0,0,0,0.3,0.3,0.6,0.9,0.03,6,0,0.0,0.21,0.0,0.0,,0.05,694,918,75.6,12668,5016,0.8,9,78,13,6,32,0,0,4,74,21,0.74,1,0.04,25,13,12,11,2,37.5,21,46,107,8,3,1164,88,17,7,41.2,514,18,1,23,17,527,21,10,1,0,40,1,0,0,0,102,43,58.9,0.0,0.0,0.0,0.0,0.010596546310832,0.010596546310832,0.021193092621664,0.031789638932496,0.0010596546310832,0.2119309262166404,0.0,24.513343799058084,32.425431711146,447.4568288854003,177.17425431711146,0.0282574568288854,0.3178963893249608,2.7551020408163263,0.4591836734693877,0.2119309262166404,1.130298273155416,0.0,0.0,0.141287284144427,2.6138147566718994,0.8830455259026687,0.4591836734693877,0.4238618524332809,0.3885400313971742,0.0706436420722135,0.7417582417582418,1.6248037676609106,3.779434850863422,0.282574568288854,41.11459968602826,3.108320251177394,0.6004709576138147,0.2472527472527472,18.15541601255887,0.6357927786499216,0.0353218210361067,0.8124018838304553,0.6004709576138147,18.614599686028257,0.7417582417582418,0.3532182103610675,0.0353218210361067,1.41287284144427,0.0353218210361067,0.0,0.0,0.0,3.6028257456828885,1.5188383045525902,DF,MF,defense,0
Berat Djimsiti,al ALB,DF,Atalanta,it Serie A,31.0,1993.0,34,32,2640,29.3,1,2,3,1,0,0,2.7,2.7,1.3,3.9,0.13,20,4,20.0,0.68,0.14,0.05,0.25,0.13,1483,1691,87.7,26133,7354,0.7,11,84,12,3,11,0,1,6,109,30,1.02,7,0.24,53,33,29,23,1,72.5,40,93,141,15,2,2023,143,45,1,25.0,1097,32,2,10,1,1323,42,6,0,0,23,0,0,1,1,102,90,60.8,0.034090909090909,0.0681818181818181,0.1022727272727272,0.034090909090909,0.0920454545454545,0.0920454545454545,0.0443181818181818,0.1329545454545454,0.0044318181818181,0.6818181818181819,0.1363636363636363,50.55681818181819,57.64772727272727,890.8977272727273,250.70454545454547,0.0238636363636363,0.375,2.8636363636363638,0.409090909090909,0.1022727272727272,0.375,0.0,0.034090909090909,0.2045454545454545,3.7159090909090913,1.8068181818181817,1.125,0.9886363636363636,0.7840909090909092,0.034090909090909,1.3636363636363638,3.1704545454545454,4.806818181818182,0.5113636363636364,68.9659090909091,4.875,1.534090909090909,0.034090909090909,37.39772727272727,1.0909090909090908,0.0681818181818181,0.3409090909090909,0.034090909090909,45.10227272727273,1.4318181818181817,0.2045454545454545,0.0,0.7840909090909092,0.0,0.0,0.034090909090909,0.034090909090909,3.477272727272727,3.068181818181818,DF,,defense,0
Dodô,br BRA,DF,Fiorentina,it Serie A,25.0,1998.0,34,34,3025,33.6,0,4,4,0,0,0,1.4,1.4,4.2,5.6,0.16,25,5,20.0,0.74,0.15,0.0,0.0,0.05,1341,1728,77.6,24063,7341,4.3,36,80,40,22,142,1,2,10,128,75,2.17,11,0.32,44,29,25,11,8,51.0,34,78,58,45,2,2083,74,66,52,46.0,1278,143,34,73,26,1311,193,8,0,0,24,8,2,0,0,183,12,42.9,0.0,0.1190082644628099,0.1190082644628099,0.0,0.0416528925619834,0.0416528925619834,0.1249586776859504,0.1666115702479338,0.0047603305785123,0.743801652892562,0.1487603305785124,39.897520661157024,51.41157024793389,715.9239669421487,218.4099173553719,0.1279338842975206,1.071074380165289,2.3801652892561984,1.1900826446280992,0.6545454545454545,4.224793388429752,0.0297520661157024,0.0595041322314049,0.2975206611570248,3.808264462809918,1.309090909090909,0.8628099173553719,0.743801652892562,0.3272727272727272,0.2380165289256198,1.0115702479338842,2.320661157024793,1.725619834710744,1.3388429752066116,61.973553719008265,2.201652892561983,1.963636363636364,1.547107438016529,38.02314049586777,4.254545454545455,1.0115702479338842,2.171900826446281,0.7735537190082645,39.00495867768595,5.742148760330578,0.2380165289256198,0.0,0.7140495867768595,0.2380165289256198,0.0595041322314049,0.0,0.0,5.444628099173554,0.3570247933884297,DF,,defense,1
Danilho Doekhi,nl NED,DF,Union Berlin,de Bundesliga,26.0,1998.0,34,34,3060,34.0,1,1,2,1,0,0,2.6,2.6,1.4,4.0,0.12,32,4,12.5,0.94,0.12,0.03,0.25,0.08,995,1270,78.3,17773,6058,0.9,13,81,6,3,10,0,1,1,96,32,0.94,4,0.12,37,24,18,16,3,56.5,44,81,169,20,1,1654,182,64,3,60.0,883,13,0,13,6,1000,14,4,0,0,36,2,0,1,0,97,93,55.4,0.0294117647058823,0.0294117647058823,0.0588235294117647,0.0294117647058823,0.0764705882352941,0.0764705882352941,0.0411764705882352,0.1176470588235294,0.0035294117647058,0.9411764705882352,0.1176470588235294,29.264705882352946,37.35294117647059,522.7352941176471,178.1764705882353,0.0264705882352941,0.3823529411764705,2.3823529411764706,0.1764705882352941,0.088235294117647,0.2941176470588235,0.0,0.0294117647058823,0.0294117647058823,2.8235294117647056,1.0882352941176472,0.7058823529411764,0.5294117647058824,0.4705882352941176,0.088235294117647,1.2941176470588234,2.3823529411764706,4.970588235294118,0.5882352941176471,48.647058823529406,5.352941176470588,1.8823529411764703,0.088235294117647,25.97058823529412,0.3823529411764705,0.0,0.3823529411764705,0.1764705882352941,29.411764705882355,0.411764705882353,0.1176470588235294,0.0,1.0588235294117647,0.0588235294117647,0.0,0.0294117647058823,0.0,2.852941176470588,2.735294117647059,DF,,defense,0
Matt Doherty,ie IRL,DF,Wolves,eng Premier League,32.0,1992.0,30,25,2109,23.4,2,1,3,2,0,0,1.0,1.0,1.5,2.6,0.11,10,3,30.0,0.43,0.13,0.2,0.67,0.1,1078,1302,82.8,20102,6585,1.2,12,94,15,1,22,0,2,22,79,25,1.07,3,0.13,38,21,25,13,0,68.0,22,60,102,14,3,1534,126,26,11,52.4,825,29,4,11,5,982,41,6,0,0,18,1,0,0,1,106,56,72.7,0.0853485064011379,0.0426742532005689,0.1280227596017069,0.0853485064011379,0.0426742532005689,0.0426742532005689,0.0640113798008534,0.1109530583214793,0.0046941678520625,0.4267425320056899,0.1280227596017069,46.002844950213365,55.56187766714083,857.8378378378378,281.0099573257468,0.0512091038406827,0.5120910384068279,4.011379800853485,0.6401137980085349,0.0426742532005689,0.9388335704125178,0.0,0.0853485064011379,0.9388335704125178,3.37126600284495,1.6216216216216215,0.8961593172119487,1.0668563300142246,0.5547652916073968,0.0,0.9388335704125178,2.5604551920341394,4.352773826458037,0.5974395448079659,65.46230440967283,5.376955903271693,1.1095305832147937,0.4694167852062589,35.20625889046942,1.2375533428165006,0.1706970128022759,0.4694167852062589,0.2133712660028449,41.90611664295874,1.7496443812233284,0.2560455192034139,0.0,0.7681365576102419,0.0426742532005689,0.0,0.0,0.0426742532005689,4.523470839260313,2.389758179231864,DF,,defense,0
Carlos Dominguez,es ESP,DF,Celta Vigo,es La Liga,23.0,2001.0,19,13,1181,13.1,0,0,0,0,0,0,0.2,0.2,0.1,0.3,0.02,3,1,33.3,0.23,0.08,0.0,0.0,0.07,856,967,88.5,15954,5531,0.2,2,64,0,0,0,0,0,6,66,6,0.46,0,0.0,23,11,14,9,0,71.4,13,36,80,5,1,1116,109,7,2,66.7,683,15,0,5,0,802,4,1,0,0,8,0,0,0,1,45,28,65.1,0.0,0.0,0.0,0.0,0.0152413209144792,0.0152413209144792,0.0076206604572396,0.0228619813717188,0.0015241320914479,0.2286198137171888,0.0762066045723962,65.23285351397121,73.69178662150719,1215.80016934801,421.49872988992377,0.0152413209144792,0.1524132091447925,4.877222692633361,0.0,0.0,0.0,0.0,0.0,0.4572396274343776,5.029635901778154,1.7527519051651144,0.838272650296359,1.0668924640135478,0.6858594411515665,0.0,0.9906858594411516,2.743437764606266,6.096528365791702,0.3810330228619814,85.04657070279424,8.306519898391194,0.5334462320067739,0.1524132091447925,52.04911092294665,1.143099068585944,0.0,0.3810330228619814,0.0,61.11769686706182,0.304826418289585,0.0762066045723962,0.0,0.6096528365791701,0.0,0.0,0.0,0.0762066045723962,3.4292972057578326,2.1337849280270955,DF,,defense,2
Patrick Dorgu,dk DEN,"DF,FW",Lecce,it Serie A,19.0,2004.0,21,21,1840,20.4,3,1,4,3,0,0,3.3,3.3,1.5,4.8,0.23,36,10,27.8,1.76,0.49,0.08,0.3,0.09,580,748,77.5,9714,2661,1.0,19,42,21,8,40,1,3,7,54,58,2.84,7,0.34,45,27,21,19,5,51.1,18,63,42,24,2,1011,56,50,13,29.5,557,68,20,37,37,658,117,2,1,0,24,9,1,0,1,99,31,59.6,0.1467391304347826,0.0489130434782608,0.1956521739130435,0.1467391304347826,0.1614130434782608,0.1614130434782608,0.0733695652173913,0.2347826086956521,0.01125,1.7608695652173914,0.4891304347826087,28.369565217391305,36.586956521739125,475.1413043478261,130.15760869565216,0.0489130434782608,0.9293478260869564,2.0543478260869565,1.0271739130434785,0.391304347826087,1.9565217391304348,0.0489130434782608,0.1467391304347826,0.3423913043478261,2.641304347826087,2.2010869565217392,1.3206521739130437,1.0271739130434785,0.9293478260869564,0.2445652173913043,0.8804347826086957,3.0815217391304346,2.0543478260869565,1.1739130434782608,49.451086956521735,2.739130434782609,2.4456521739130435,0.6358695652173914,27.244565217391305,3.3260869565217392,0.9782608695652174,1.809782608695652,1.809782608695652,32.18478260869565,5.7228260869565215,0.0978260869565217,0.0489130434782608,1.1739130434782608,0.4402173913043478,0.0489130434782608,0.0,0.0489130434782608,4.842391304347826,1.516304347826087,DF,FW,defense,1
Alberto Dossena,it ITA,DF,Como,it Serie A,25.0,1998.0,23,20,1825,20.3,0,2,2,0,0,0,0.8,0.8,0.7,1.5,0.07,12,3,25.0,0.59,0.15,0.0,0.0,0.07,894,1020,87.6,16693,5441,0.4,5,33,1,0,1,0,0,3,36,11,0.54,2,0.1,33,20,23,8,2,57.1,22,55,89,8,1,1220,173,20,4,66.7,693,4,0,8,3,776,1,1,1,0,22,0,0,2,0,68,59,71.1,0.0,0.0986301369863013,0.0986301369863013,0.0,0.0394520547945205,0.0394520547945205,0.0345205479452054,0.073972602739726,0.0034520547945205,0.5917808219178082,0.147945205479452,44.08767123287671,50.3013698630137,823.2164383561644,268.3232876712329,0.0197260273972602,0.2465753424657534,1.6273972602739726,0.0493150684931506,0.0,0.0493150684931506,0.0,0.0,0.147945205479452,1.7753424657534247,1.6273972602739726,0.9863013698630138,1.1342465753424658,0.3945205479452054,0.0986301369863013,1.084931506849315,2.712328767123288,4.389041095890411,0.3945205479452054,60.16438356164384,8.531506849315068,0.9863013698630138,0.1972602739726027,34.175342465753424,0.1972602739726027,0.0,0.3945205479452054,0.147945205479452,38.26849315068493,0.0493150684931506,0.0493150684931506,0.0493150684931506,1.084931506849315,0.0,0.0,0.0986301369863013,0.0,3.3534246575342466,2.9095890410958907,DF,,defense,0
Guela Doué,ci CIV,DF,Strasbourg,fr Ligue 1,21.0,2002.0,32,30,2717,30.2,1,2,3,1,0,0,0.8,0.8,0.7,1.5,0.05,18,6,33.3,0.6,0.2,0.06,0.17,0.05,1688,2023,83.4,29943,12563,1.1,11,153,14,6,46,0,1,3,173,44,1.46,5,0.17,65,45,40,15,10,68.5,34,99,154,26,1,2421,155,31,27,65.9,1184,51,4,43,13,1505,54,7,0,0,41,1,0,1,0,162,58,61.1,0.0331247699668752,0.0662495399337504,0.0993743099006256,0.0331247699668752,0.0264998159735001,0.0264998159735001,0.0231873389768126,0.0496871549503128,0.0016562384983437,0.5962458594037541,0.1987486198012513,55.9146117040854,67.0114096429886,991.854987118145,416.1464850938535,0.0364372469635627,0.3643724696356275,5.06808980493191,0.4637467795362532,0.1987486198012513,1.5237394184762607,0.0,0.0331247699668752,0.0993743099006256,5.730585204269415,2.15311004784689,1.4906146485093854,1.3249907986750094,0.4968715495031284,0.3312476996687523,1.1262421788737578,3.2793522267206474,5.101214574898785,0.8612440191387559,80.19506808980493,5.134339344865661,1.026867868973132,0.8943687891056312,39.21972764078027,1.6893632683106363,0.1324990798675009,1.4243651085756348,0.4306220095693779,49.85277880014722,1.7887375782112624,0.2318733897681266,0.0,1.3581155686418844,0.0331247699668752,0.0,0.0331247699668752,0.0,5.366212734633788,1.9212366580787636,DF,,defense,3
Ismaël Doukouré,fr FRA,"DF,MF",Strasbourg,fr Ligue 1,21.0,2003.0,31,31,2639,29.3,1,1,2,1,0,0,0.6,0.6,1.1,1.6,0.06,3,1,33.3,0.1,0.03,0.33,1.0,0.19,1494,1685,88.7,25372,7657,0.5,11,101,1,0,1,0,2,2,116,22,0.75,4,0.14,40,22,19,18,3,68.0,25,65,102,13,3,1944,202,7,13,76.5,1149,20,0,21,18,1385,9,7,0,0,30,1,0,0,1,103,26,61.9,0.0341038272072754,0.0341038272072754,0.0682076544145509,0.0341038272072754,0.0204622963243652,0.0204622963243652,0.037514209928003,0.0545661235316407,0.0020462296324365,0.1023114816218264,0.0341038272072754,50.95111784766957,57.46494884425919,865.2823039029936,261.1330049261084,0.0170519136036377,0.3751420992800303,3.444486547934824,0.0341038272072754,0.0,0.0341038272072754,0.0,0.0682076544145509,0.0682076544145509,3.956043956043956,1.3641530882910191,0.7502841985600606,0.6479727169382342,0.6138688897309587,0.1023114816218264,0.8525956801818871,2.2167487684729066,3.4785903751420992,0.4433497536945813,66.29784009094354,6.888973095869647,0.2387267904509283,0.4433497536945813,39.18529746115953,0.6820765441455097,0.0,0.7161803713527851,0.6138688897309587,47.23380068207654,0.3069344448654793,0.2387267904509283,0.0,1.0231148162182646,0.0341038272072754,0.0,0.0,0.0341038272072754,3.512694202349375,0.8866995073891626,DF,MF,defense,2
Radu Drăgușin,ro ROU,DF,Tottenham,eng Premier League,22.0,2002.0,16,14,1252,13.9,0,0,0,0,0,0,0.1,0.1,0.4,0.5,0.04,5,1,20.0,0.36,0.07,0.0,0.0,0.02,716,840,85.2,13638,5250,0.2,4,52,2,1,1,0,1,3,37,8,0.58,1,0.07,10,6,8,2,0,50.0,15,25,49,5,4,961,148,12,0,0.0,623,7,0,8,2,669,2,1,0,0,6,0,0,0,0,48,33,60.0,0.0,0.0,0.0,0.0,0.0071884984025559,0.0071884984025559,0.0287539936102236,0.0359424920127795,0.0028753993610223,0.3594249201277955,0.0718849840255591,51.46964856230032,60.38338658146965,980.3674121405752,377.3961661341853,0.0143769968051118,0.2875399361022364,3.7380191693290734,0.1437699680511182,0.0718849840255591,0.0718849840255591,0.0,0.0718849840255591,0.2156549520766773,2.659744408945687,0.7188498402555911,0.4313099041533546,0.5750798722044728,0.1437699680511182,0.0,1.0782747603833864,1.7971246006389776,3.522364217252396,0.3594249201277955,69.08146964856229,10.638977635782748,0.8626198083067093,0.0,44.78434504792333,0.5031948881789137,0.0,0.5750798722044728,0.1437699680511182,48.09105431309904,0.1437699680511182,0.0718849840255591,0.0,0.4313099041533546,0.0,0.0,0.0,0.0,3.450479233226837,2.3722044728434506,DF,,defense,0
Domingos Duarte,pt POR,DF,Getafe,es La Liga,29.0,1995.0,22,21,1859,20.7,1,0,1,1,0,0,0.2,0.2,0.1,0.3,0.01,3,1,33.3,0.15,0.05,0.33,1.0,0.07,497,633,78.5,11101,3730,0.1,2,42,0,0,0,0,1,6,47,9,0.44,0,0.0,28,15,22,4,2,81.0,18,46,152,1,1,878,110,9,0,,373,3,0,2,2,394,3,4,2,1,24,0,0,2,0,63,28,60.9,0.0484131253362022,0.0,0.0484131253362022,0.0484131253362022,0.0096826250672404,0.0096826250672404,0.0048413125336202,0.0145239376008606,0.000484131253362,0.1452393760086067,0.0484131253362022,24.06132329209252,30.64550833781603,537.4341043571812,180.5809575040344,0.0048413125336202,0.0968262506724045,2.033351264120495,0.0,0.0,0.0,0.0,0.0484131253362022,0.2904787520172135,2.275416890801506,1.3555675094136632,0.7261968800430338,1.0650887573964496,0.193652501344809,0.0968262506724045,0.8714362560516407,2.227003765465304,7.358795051102743,0.0484131253362022,42.50672404518559,5.325443786982248,0.4357181280258203,0.0,18.05809575040344,0.1452393760086067,0.0,0.0968262506724045,0.0968262506724045,19.07477138246369,0.1452393760086067,0.193652501344809,0.0968262506724045,1.1619150080688545,0.0,0.0,0.0968262506724045,0.0,3.0500268961807424,1.3555675094136632,DF,,defense,0
Denzel Dumfries,nl NED,"DF,FW",Inter,it Serie A,28.0,1996.0,28,19,1865,20.7,7,2,9,7,0,0,5.4,5.4,3.2,8.6,0.4,36,19,52.8,1.74,0.92,0.19,0.37,0.15,603,831,72.6,9776,2992,2.8,21,22,21,9,54,0,2,3,51,55,2.53,4,0.18,25,15,12,9,4,51.9,6,31,26,27,1,1047,35,95,13,28.9,534,55,15,27,14,665,173,4,0,0,53,4,2,0,0,65,57,76.0,0.3378016085790885,0.096514745308311,0.4343163538873995,0.3378016085790885,0.2605898123324396,0.2605898123324396,0.1544235924932976,0.4150134048257372,0.0193029490616622,1.737265415549598,0.9168900804289544,29.099195710455763,40.101876675603215,471.76407506702407,144.38605898123325,0.1351206434316353,1.0134048257372654,1.061662198391421,1.0134048257372654,0.4343163538873995,2.6058981233243967,0.0,0.096514745308311,0.1447721179624664,2.46112600536193,1.206434316353887,0.7238605898123325,0.5790884718498659,0.4343163538873995,0.193029490616622,0.2895442359249329,1.4959785522788205,1.2546916890080428,1.3029490616621984,50.525469168900806,1.6890080428954422,4.584450402144772,0.6273458445040214,25.769436997319037,2.6541554959785523,0.7238605898123325,1.3029490616621984,0.675603217158177,32.09115281501341,8.3485254691689,0.193029490616622,0.0,2.557640750670241,0.193029490616622,0.096514745308311,0.0,0.0,3.136729222520108,2.7506702412868638,DF,FW,defense,1
Lewis Dunk,eng ENG,DF,Brighton,eng Premier League,32.0,1991.0,25,23,2083,23.1,0,0,0,0,0,0,0.8,0.8,0.5,1.3,0.06,12,3,25.0,0.52,0.13,0.0,0.0,0.07,1778,1953,91.0,32940,10612,1.0,6,157,6,0,5,0,2,10,142,19,0.82,3,0.13,17,10,8,7,2,57.9,13,30,79,7,2,2127,258,21,0,0.0,1341,20,0,9,3,1556,3,5,0,0,7,0,0,0,1,104,51,62.2,0.0,0.0,0.0,0.0,0.0345655304848775,0.0345655304848775,0.0216034565530484,0.056168987037926,0.0025924147863658,0.5184829572731637,0.1296207393182909,76.82189150264043,84.3831012962074,1423.2357177148344,458.5117618819011,0.0432069131060969,0.2592414786365818,6.7834853576572245,0.2592414786365818,0.0,0.2160345655304849,0.0,0.0864138262121939,0.4320691310609698,6.13538166106577,0.7345175228036487,0.4320691310609698,0.3456553048487757,0.3024483917426788,0.0864138262121939,0.5616898703792607,1.2962073931829092,3.4133461353816608,0.3024483917426788,91.90110417666828,11.14738358137302,0.9073451752280364,0.0,57.94047047527605,0.8641382621219396,0.0,0.3888622179548727,0.1296207393182909,67.2299567930869,0.1296207393182909,0.2160345655304849,0.0,0.3024483917426788,0.0,0.0,0.0,0.0432069131060969,4.493518963034085,2.2035525684109456,DF,,defense,2
Aron Dønnum,no NOR,"DF,MF",Toulouse,fr Ligue 1,26.0,1998.0,32,31,2689,29.9,2,2,4,2,0,0,2.1,2.1,4.6,6.7,0.22,31,5,16.1,1.04,0.17,0.06,0.4,0.07,880,1213,72.5,16244,5509,5.6,45,73,50,14,117,32,7,26,126,92,3.08,11,0.37,56,35,25,24,7,56.4,28,84,37,42,1,1542,58,72,47,45.2,862,94,26,44,38,913,142,6,0,0,38,3,0,0,0,171,12,41.4,0.0669393826701375,0.0669393826701375,0.1338787653402751,0.0669393826701375,0.0702863518036444,0.0702863518036444,0.1539605801413164,0.2242469319449609,0.0073633320937151,1.0375604313871327,0.1673484566753439,29.453328374860543,40.598735589438455,543.6816660468576,184.384529564894,0.1874302714763852,1.506136110078096,2.4432874674600225,1.67348456675344,0.4685756786909631,3.9159538862030496,1.0710301227222014,0.2342878393454815,0.8702119747117888,4.217181108218669,1.874302714763853,1.171439196727408,0.83674228337672,0.8032725920416511,0.2342878393454815,0.9371513573819265,2.811454072145779,1.2383785793975457,1.4057270360728895,51.61026403867609,1.94124209743399,2.409817776124953,1.5730754927482336,28.8508739308293,3.146150985496467,0.8702119747117888,1.4726664187430272,1.2718482707326144,30.557828188917817,4.752696169579769,0.2008181480104127,0.0,1.2718482707326144,0.1004090740052063,0.0,0.0,0.0,5.723317218296764,0.4016362960208255,DF,MF,defense,1
Kingsley Ehizibue,nl NED,DF,Udinese,it Serie A,29.0,1995.0,33,30,2498,27.8,0,1,1,0,0,0,1.2,1.2,2.2,3.5,0.12,14,4,28.6,0.5,0.14,0.0,0.0,0.09,753,982,76.7,12800,4096,1.8,22,29,21,16,61,0,1,1,55,51,1.84,2,0.07,55,35,31,18,6,61.0,23,78,70,22,5,1272,81,35,12,40.0,576,54,9,29,21,629,116,5,0,0,33,3,0,0,0,110,29,46.8,0.0,0.0360288230584467,0.0360288230584467,0.0,0.0432345876701361,0.0432345876701361,0.0792634107285828,0.1261008807045636,0.0043234587670136,0.5044035228182546,0.144115292233787,27.129703763010408,35.38030424339471,461.16893514811846,147.5740592473979,0.0648518815052041,0.7926341072858287,1.044835868694956,0.7566052842273819,0.5764611689351481,2.197758206565252,0.0,0.0360288230584467,0.0360288230584467,1.981585268214572,1.981585268214572,1.2610088070456364,1.1168935148118495,0.6485188150520417,0.2161729383506805,0.8286629303442755,2.810248198558847,2.522017614091273,0.7926341072858287,45.82866293034428,2.918334667734187,1.2610088070456364,0.432345876701361,20.752602081665334,1.945556445156125,0.3242594075260208,1.044835868694956,0.7566052842273819,22.66212970376301,4.179343474779824,0.1801441152922338,0.0,1.1889511609287429,0.1080864691753402,0.0,0.0,0.0,3.963170536429143,1.044835868694956,DF,,defense,1
Mikael Ellertsson,is ISL,"DF,MF",Venezia,it Serie A,22.0,2002.0,36,29,2470,27.4,2,2,4,2,0,0,1.1,1.1,1.6,2.7,0.1,21,4,19.0,0.77,0.15,0.1,0.5,0.05,431,607,71.0,6351,2076,1.8,20,23,8,1,28,0,2,2,36,46,1.68,5,0.18,58,26,37,14,7,54.1,17,75,79,20,0,938,59,51,16,38.1,460,33,10,48,19,518,92,2,0,0,22,5,0,0,0,74,16,50.0,0.0728744939271255,0.0728744939271255,0.145748987854251,0.0728744939271255,0.040080971659919,0.040080971659919,0.0582995951417004,0.0983805668016194,0.0036437246963562,0.7651821862348178,0.145748987854251,15.704453441295549,22.11740890688259,231.41295546558703,75.64372469635627,0.0655870445344129,0.728744939271255,0.8380566801619433,0.291497975708502,0.0364372469635627,1.0202429149797572,0.0,0.0728744939271255,0.0728744939271255,1.311740890688259,2.11336032388664,0.9473684210526316,1.3481781376518218,0.5101214574898786,0.2550607287449393,0.6194331983805669,2.7327935222672064,2.878542510121457,0.728744939271255,34.178137651821864,2.1497975708502026,1.8582995951417005,0.582995951417004,16.761133603238868,1.202429149797571,0.3643724696356275,1.7489878542510122,0.6923076923076923,18.874493927125503,3.3522267206477734,0.0728744939271255,0.0,0.8016194331983805,0.1821862348178137,0.0,0.0,0.0,2.696356275303644,0.582995951417004,DF,MF,defense,1
Aritz Elustondo,es ESP,DF,Real Sociedad,es La Liga,30.0,1994.0,22,16,1457,16.2,0,0,0,0,0,0,0.4,0.4,0.2,0.6,0.04,4,0,0.0,0.25,0.0,0.0,,0.11,775,907,85.4,14645,4879,0.4,4,58,2,0,4,0,3,5,51,11,0.68,1,0.06,20,11,15,3,2,57.9,11,31,96,9,0,1092,100,12,3,37.5,624,17,1,14,6,709,4,2,1,0,25,0,0,0,0,53,29,53.7,0.0,0.0,0.0,0.0,0.0247083047357584,0.0247083047357584,0.0123541523678792,0.0370624571036376,0.0024708304735758,0.247083047357584,0.0,47.87234042553192,56.02608098833219,904.6328071379548,301.3795470144132,0.0247083047357584,0.247083047357584,3.582704186684969,0.123541523678792,0.0,0.247083047357584,0.0,0.185312285518188,0.3088538091969801,3.150308853809197,1.2354152367879203,0.6794783802333562,0.9265614275909404,0.185312285518188,0.123541523678792,0.6794783802333562,1.9148936170212765,5.929993136582018,0.5559368565545642,67.45367192862045,6.177076183939603,0.7412491420727523,0.185312285518188,38.54495538778312,1.0501029512697322,0.061770761839396,0.8647906657515443,0.3706245710363761,43.79547014413178,0.247083047357584,0.123541523678792,0.061770761839396,1.544269045984901,0.0,0.0,0.0,0.0,3.273850377487989,1.7913520933424845,DF,,defense,0
Nico Elvedi,ch SUI,DF,Gladbach,de Bundesliga,27.0,1996.0,25,25,2135,23.7,1,1,2,1,0,0,2.0,2.0,0.4,2.5,0.1,12,3,25.0,0.51,0.13,0.08,0.33,0.18,1400,1522,92.0,22765,6356,0.3,5,52,2,0,1,0,3,1,55,16,0.67,4,0.17,38,23,28,6,4,73.9,30,68,163,9,0,1827,352,17,0,,953,20,0,6,1,1152,5,1,0,0,9,0,0,0,1,89,46,51.1,0.0421545667447306,0.0421545667447306,0.0843091334894613,0.0421545667447306,0.0843091334894613,0.0843091334894613,0.0168618266978922,0.1053864168618267,0.004215456674473,0.5058548009367682,0.126463700234192,59.01639344262295,64.1592505854801,959.6487119437938,267.9344262295082,0.0126463700234192,0.2107728337236534,2.1920374707259955,0.0843091334894613,0.0,0.0421545667447306,0.0,0.126463700234192,0.0421545667447306,2.3185011709601877,1.601873536299766,0.9695550351288056,1.180327868852459,0.2529274004683841,0.1686182669789227,1.2646370023419204,2.8665105386416867,6.871194379391101,0.3793911007025761,77.01639344262296,14.8384074941452,0.7166276346604217,0.0,40.17330210772833,0.8430913348946136,0.0,0.2529274004683841,0.0421545667447306,48.56206088992974,0.2107728337236534,0.0421545667447306,0.0,0.3793911007025761,0.0,0.0,0.0,0.0421545667447306,3.75175644028103,1.9391100702576116,DF,,defense,0
Emerson,br BRA,DF,Milan,it Serie A,25.0,1999.0,17,16,1377,15.3,0,0,0,0,0,0,0.4,0.4,0.7,1.1,0.07,10,2,20.0,0.65,0.13,0.0,0.0,0.04,784,909,86.2,12560,3198,1.1,15,44,14,5,45,0,0,3,68,33,2.16,1,0.07,45,28,24,16,5,47.1,14,59,56,23,0,1102,56,22,7,38.9,584,23,3,18,10,710,71,5,0,0,34,2,0,0,0,59,24,63.2,0.0,0.0,0.0,0.0,0.0261437908496732,0.0261437908496732,0.0457516339869281,0.0718954248366013,0.0045751633986928,0.6535947712418301,0.130718954248366,51.24183006535947,59.41176470588236,820.9150326797386,209.01960784313724,0.0718954248366013,0.9803921568627452,2.8758169934640523,0.915032679738562,0.326797385620915,2.9411764705882355,0.0,0.0,0.196078431372549,4.444444444444445,2.9411764705882355,1.830065359477124,1.5686274509803924,1.0457516339869282,0.326797385620915,0.915032679738562,3.8562091503267975,3.660130718954248,1.5032679738562091,72.02614379084967,3.660130718954248,1.437908496732026,0.457516339869281,38.16993464052288,1.5032679738562091,0.196078431372549,1.1764705882352942,0.6535947712418301,46.40522875816994,4.640522875816993,0.326797385620915,0.0,2.2222222222222223,0.130718954248366,0.0,0.0,0.0,3.8562091503267975,1.5686274509803924,DF,,defense,3
Pervis Estupiñán,ec ECU,DF,Brighton,eng Premier League,26.0,1998.0,30,26,2402,26.7,1,1,2,1,0,0,1.2,1.2,2.1,3.3,0.12,28,9,32.1,1.05,0.34,0.04,0.11,0.04,1338,1610,83.1,20347,6261,2.5,26,105,34,18,119,37,0,5,132,58,2.17,4,0.15,65,43,33,25,7,66.7,37,102,65,28,2,1915,89,35,19,55.9,1023,59,9,34,27,1144,112,5,0,0,36,4,0,0,0,147,46,63.9,0.0374687760199833,0.0374687760199833,0.0749375520399667,0.0374687760199833,0.04496253122398,0.04496253122398,0.078684429641965,0.123646960865945,0.004496253122398,1.0491257285595337,0.3372189841798501,50.13322231473772,60.32472939217319,762.3771856786011,234.59200666111576,0.0936719400499583,0.9741881765195672,3.934221482098252,1.273938384679434,0.6744379683597003,4.458784346378018,1.3863447127393838,0.0,0.1873438800999167,4.945878434637802,2.435470441298918,1.611157368859284,1.2364696086594504,0.9367194004995836,0.2622814321398834,1.3863447127393838,3.8218151540383016,2.435470441298918,1.0491257285595337,71.7527060782681,3.334721065778518,1.311407160699417,0.7119067443796837,38.330557868442966,2.2106577851790177,0.3372189841798501,1.273938384679434,1.0116569525395502,42.86427976686095,4.196502914238135,0.1873438800999167,0.0,1.3488759367194003,0.1498751040799334,0.0,0.0,0.0,5.507910074937552,1.7235636969192338,DF,,defense,3
Wout Faes,be BEL,DF,Leicester City,eng Premier League,26.0,1998.0,34,30,2815,31.3,1,0,1,1,0,0,1.5,1.5,0.1,1.6,0.05,12,1,8.3,0.38,0.03,0.08,1.0,0.13,1376,1564,88.0,25369,9014,0.4,4,83,6,0,5,0,2,7,86,17,0.54,0,0.0,42,26,26,14,2,52.1,26,68,185,7,4,1906,318,27,5,83.3,1107,12,2,17,6,1268,1,4,0,0,23,0,0,0,0,90,45,55.6,0.0319715808170515,0.0,0.0319715808170515,0.0319715808170515,0.0479573712255772,0.0479573712255772,0.0031971580817051,0.0511545293072824,0.0015985790408525,0.3836589698046181,0.0319715808170515,43.99289520426288,50.00355239786856,811.0870337477797,288.1918294849023,0.0127886323268206,0.127886323268206,2.653641207815276,0.191829484902309,0.0,0.1598579040852575,0.0,0.063943161634103,0.2238010657193605,2.74955595026643,1.3428063943161634,0.8312611012433393,0.8312611012433393,0.4476021314387211,0.063943161634103,0.8312611012433393,2.1740674955595027,5.91474245115453,0.2238010657193605,60.93783303730018,10.16696269982238,0.8632326820603908,0.1598579040852575,35.39253996447602,0.3836589698046181,0.063943161634103,0.5435168738898757,0.191829484902309,40.53996447602132,0.0319715808170515,0.127886323268206,0.0,0.7353463587921848,0.0,0.0,0.0,0.0,2.877442273534636,1.4387211367673178,DF,,defense,0
Kiko Femenía,es ESP,DF,Villarreal,es La Liga,33.0,1991.0,28,27,2227,24.7,0,1,1,0,0,0,0.4,0.4,1.3,1.7,0.07,3,0,0.0,0.12,0.0,0.0,,0.12,1339,1506,88.9,22076,7230,2.1,16,108,24,14,47,0,1,8,112,43,1.74,5,0.2,50,34,34,14,2,57.9,40,90,62,14,3,1710,95,9,17,70.8,902,52,0,22,10,1036,44,7,0,0,21,0,0,0,0,102,5,29.4,0.0,0.0404131118096093,0.0404131118096093,0.0,0.0161652447238437,0.0161652447238437,0.0525370453524921,0.0687022900763358,0.0028289178266726,0.121239335428828,0.0,54.1131567130669,60.862146385271664,892.1598563089358,292.1867983834755,0.0848675348001796,0.6466097889537494,4.364616075437809,0.9699146834306244,0.5657835653345307,1.899416255051639,0.0,0.0404131118096093,0.3233048944768747,4.526268522676245,2.0206555904804677,1.3740458015267174,1.3740458015267174,0.5657835653345307,0.0808262236192186,1.6165244723843737,3.6371800628648407,2.505612932195779,0.5657835653345307,69.10642119443197,3.839245621912887,0.3637180062864841,0.6870229007633587,36.45262685226762,2.1014818140996856,0.0,0.8890884598114055,0.4041311180960934,41.86798383475528,1.778176919622811,0.2828917826672653,0.0,0.8486753480017962,0.0,0.0,0.0,0.0,4.122137404580153,0.2020655590480467,DF,,defense,3
Kilian Fischer,de GER,DF,Wolfsburg,de Bundesliga,23.0,2000.0,32,29,2297,25.5,1,0,1,1,0,0,0.3,0.3,0.5,0.8,0.03,6,1,16.7,0.24,0.04,0.17,1.0,0.05,976,1241,78.6,17089,5575,1.0,12,73,20,3,39,0,0,4,110,39,1.53,2,0.08,64,44,48,12,4,52.8,19,83,98,27,2,1529,87,20,10,43.5,704,51,5,31,9,794,89,7,0,0,34,0,0,0,0,84,21,36.8,0.0391815411406182,0.0,0.0391815411406182,0.0391815411406182,0.0117544623421854,0.0117544623421854,0.0195907705703091,0.0313452329124945,0.0011754462342185,0.2350892468437092,0.0391815411406182,38.24118415324336,48.62429255550718,669.5733565520244,218.43709185894647,0.0391815411406182,0.4701784936874184,2.8602525032651283,0.783630822812364,0.1175446234218546,1.5280801044841097,0.0,0.0,0.1567261645624728,4.309969525468001,2.5076186329995647,1.7239878101872008,1.8807139747496733,0.4701784936874184,0.1567261645624728,0.7444492816717457,3.25206791467131,3.839791031780584,1.0579016107966912,59.90857640400522,3.408794079233783,0.783630822812364,0.391815411406182,27.583804962995213,1.998258598171528,0.195907705703091,1.214627775359164,0.3526338702655638,31.110143665650845,3.4871571615150194,0.2742707879843273,0.0,1.3321723987810186,0.0,0.0,0.0,0.0,3.2912494558119287,0.8228123639529822,DF,,defense,3
Wesley Fofana,fr FRA,DF,Chelsea,eng Premier League,23.0,2000.0,14,14,1172,13.0,0,0,0,0,0,0,0.4,0.4,0.4,0.8,0.07,3,0,0.0,0.23,0.0,0.0,,0.13,724,803,90.2,12262,3415,0.2,6,54,1,0,1,0,0,0,32,15,1.15,0,0.0,13,12,6,7,0,42.9,14,27,55,4,2,933,81,10,8,53.3,557,19,1,16,5,665,4,7,0,0,24,0,0,0,0,54,27,69.2,0.0,0.0,0.0,0.0,0.030716723549488,0.030716723549488,0.030716723549488,0.0614334470989761,0.0053754266211604,0.2303754266211604,0.0,55.59726962457338,61.66382252559728,941.6211604095564,262.2440273037543,0.015358361774744,0.4607508532423208,4.146757679180888,0.0767918088737201,0.0,0.0767918088737201,0.0,0.0,0.0,2.4573378839590445,0.9982935153583616,0.9215017064846416,0.4607508532423208,0.537542662116041,0.0,1.075085324232082,2.073378839590444,4.223549488054608,0.3071672354948805,71.6467576791809,6.220136518771331,0.7679180887372014,0.6143344709897611,42.77303754266212,1.4590443686006824,0.0767918088737201,1.2286689419795225,0.3839590443686007,51.06655290102388,0.3071672354948805,0.537542662116041,0.0,1.8430034129692832,0.0,0.0,0.0,0.0,4.146757679180888,2.073378839590444,DF,,defense,0
Jonas Föhrenbach,de GER,DF,Heidenheim,de Bundesliga,28.0,1996.0,27,22,1832,20.4,0,1,1,0,0,0,0.3,0.3,1.3,1.6,0.08,8,1,12.5,0.39,0.05,0.0,0.0,0.03,659,909,72.5,12027,5263,2.1,14,62,15,11,59,0,0,2,59,34,1.67,4,0.2,45,24,25,15,5,62.9,16,61,57,37,0,1112,72,17,7,41.2,521,36,4,16,3,584,50,3,0,0,14,1,0,0,0,67,14,45.2,0.0,0.0491266375545851,0.0491266375545851,0.0,0.0147379912663755,0.0147379912663755,0.0638646288209607,0.0786026200873362,0.0039301310043668,0.3930131004366812,0.0491266375545851,32.37445414847162,44.6561135371179,590.8460698689956,258.5534934497817,0.1031659388646288,0.6877729257641921,3.04585152838428,0.7368995633187773,0.5403930131004366,2.898471615720524,0.0,0.0,0.0982532751091703,2.898471615720524,2.210698689956332,1.1790393013100435,1.2281659388646289,0.7368995633187773,0.2456331877729257,0.7860262008733624,2.9967248908296944,2.800218340611354,1.8176855895196504,54.62882096069869,3.537117903930131,0.8351528384279476,0.343886462882096,25.594978165938866,1.7685589519650655,0.1965065502183406,0.7860262008733624,0.1473799126637554,28.68995633187773,2.4563318777292578,0.1473799126637554,0.0,0.6877729257641921,0.0491266375545851,0.0,0.0,0.0,3.2914847161572056,0.6877729257641921,DF,,defense,1
Dimitri Foulquier,fr FRA,DF,Valencia,es La Liga,31.0,1993.0,32,25,2299,25.5,0,1,1,0,0,0,0.4,0.4,1.4,1.8,0.07,13,2,15.4,0.51,0.08,0.0,0.0,0.03,1007,1276,78.9,15790,5913,2.0,10,77,15,6,57,0,2,4,97,36,1.41,4,0.16,48,31,29,13,6,66.7,16,64,86,43,1,1530,64,26,8,24.2,749,48,7,30,16,882,66,6,0,0,24,0,0,0,0,97,13,39.4,0.0,0.039147455415398,0.039147455415398,0.0,0.0156589821661592,0.0156589821661592,0.0548064375815572,0.0704654197477164,0.0027403218790778,0.508916920400174,0.078294910830796,39.421487603305785,49.952153110047846,618.1383210091344,231.47890387124835,0.078294910830796,0.39147455415398,3.014354066985646,0.58721183123097,0.234884732492388,2.231404958677686,0.0,0.078294910830796,0.156589821661592,3.797303175293606,1.879077859939104,1.2135711178773378,1.135276207046542,0.508916920400174,0.234884732492388,0.626359286646368,2.505437146585472,3.366681165724228,1.683340582862114,59.89560678555894,2.505437146585472,1.017833840800348,0.313179643323184,29.3214441061331,1.879077859939104,0.274032187907786,1.17442366246194,0.626359286646368,34.52805567638104,2.583732057416268,0.234884732492388,0.0,0.939538929969552,0.0,0.0,0.0,0.0,3.797303175293606,0.508916920400174,DF,,defense,1
Juan Foyth,ar ARG,DF,Villarreal,es La Liga,26.0,1998.0,19,17,1517,16.9,1,0,1,1,0,0,2.4,2.4,0.3,2.8,0.16,17,5,29.4,1.01,0.3,0.06,0.2,0.14,838,963,87.0,15860,6523,0.9,7,53,8,2,4,0,3,6,65,20,1.19,1,0.06,25,15,15,6,4,68.8,19,44,119,8,3,1190,199,21,4,44.4,607,13,0,11,2,727,11,4,0,0,16,0,0,0,0,61,41,59.4,0.05932762030323,0.0,0.05932762030323,0.05932762030323,0.1423862887277521,0.1423862887277521,0.017798286090969,0.1661173368490441,0.0094924192485168,1.008569545154911,0.2966381015161503,49.7165458141068,57.13249835201055,940.9360580092286,386.9940672379697,0.053394858272907,0.4152933421226104,3.1443638760711936,0.4746209624258404,0.1186552406064601,0.2373104812129202,0.0,0.1779828609096901,0.3559657218193803,3.856295319709954,1.4831905075807514,0.889914304548451,0.889914304548451,0.3559657218193803,0.2373104812129202,1.127224785761371,2.6104152933421227,7.059986816084376,0.4746209624258404,70.59986816084377,11.806196440342784,1.2458800263678314,0.2373104812129202,36.011865524060646,0.7712590639419908,0.0,0.6526038233355307,0.1186552406064601,43.13117996044826,0.6526038233355307,0.2373104812129202,0.0,0.9492419248516808,0.0,0.0,0.0,0.0,3.618984838497033,2.4324324324324325,DF,,defense,0
Alejandro Francés,es ESP,DF,Girona,es La Liga,21.0,2002.0,18,13,1173,13.0,0,0,0,0,0,0,0.2,0.2,0.3,0.6,0.04,6,0,0.0,0.46,0.0,0.0,,0.03,685,813,84.3,12756,3792,0.5,4,69,6,3,25,0,1,10,63,16,1.23,1,0.08,36,24,22,13,1,70.0,17,53,52,21,0,969,66,7,7,50.0,496,18,1,8,1,632,21,2,0,0,20,0,0,0,0,37,6,31.6,0.0,0.0,0.0,0.0,0.0153452685421994,0.0153452685421994,0.0230179028132992,0.0460358056265984,0.0030690537084398,0.4603580562659847,0.0,52.55754475703325,62.37851662404093,978.7212276214832,290.94629156010234,0.0383631713554987,0.3069053708439898,5.294117647058823,0.4603580562659847,0.2301790281329923,1.918158567774936,0.0,0.0767263427109974,0.7672634271099744,4.833759590792839,2.762148337595908,1.8414322250639388,1.687979539641944,0.9974424552429668,0.0767263427109974,1.3043478260869563,4.0664961636828645,3.989769820971867,1.6112531969309465,74.34782608695652,5.063938618925831,0.5370843989769821,0.5370843989769821,38.056265984654736,1.381074168797954,0.0767263427109974,0.6138107416879796,0.0767263427109974,48.49104859335039,1.6112531969309465,0.1534526854219949,0.0,1.5345268542199488,0.0,0.0,0.0,0.0,2.838874680306905,0.4603580562659847,DF,,defense,3
Przemysław Frankowski,pl POL,DF,Lens,fr Ligue 1,29.0,1995.0,18,16,1387,15.4,4,2,6,2,2,2,2.3,0.7,2.5,3.2,0.31,14,5,35.7,0.91,0.32,0.14,0.4,0.05,875,1092,80.1,13489,5466,2.9,20,90,36,10,78,13,4,2,117,46,2.99,5,0.32,32,21,17,10,5,63.3,19,51,28,31,0,1230,42,38,6,37.5,637,33,2,16,8,800,95,3,0,0,18,1,0,0,0,61,8,57.1,0.2595529920692141,0.129776496034607,0.3893294881038212,0.129776496034607,0.1492429704397981,0.0454217736121124,0.1622206200432588,0.2076423936553713,0.020115356885364,0.9084354722422494,0.3244412400865176,56.77721701514059,70.85796683489545,875.2775775054074,354.6791636625811,0.1881759192501802,1.2977649603460706,5.839942321557317,2.335976928622927,0.6488824801730353,5.061283345349676,0.8435472242249459,0.2595529920692141,0.129776496034607,7.591925018024513,2.076423936553713,1.362653208363374,1.10310021629416,0.6488824801730353,0.3244412400865176,1.2328767123287672,3.30930064888248,1.8168709444844988,2.011535688536409,79.81254506128334,2.725306416726748,2.4657534246575343,0.3893294881038212,41.333813987022346,2.1413121845710164,0.129776496034607,1.0382119682768565,0.5191059841384282,51.91059841384282,6.164383561643835,0.1946647440519106,0.0,1.1679884643114635,0.0648882480173035,0.0,0.0,0.0,3.958183129055515,0.5191059841384282,DF,,defense,3
Marco Friedl,at AUT,DF,Werder Bremen,de Bundesliga,26.0,1998.0,26,25,2161,24.0,0,0,0,0,0,0,0.5,0.5,0.2,0.7,0.03,4,3,75.0,0.17,0.12,0.0,0.0,0.11,1324,1468,90.2,27567,9623,0.4,3,63,5,1,2,0,0,4,69,13,0.54,0,0.0,62,42,35,26,1,57.6,34,96,130,6,1,1769,251,5,6,75.0,1069,4,0,12,7,1101,1,10,2,1,26,0,0,0,2,141,46,51.7,0.0,0.0,0.0,0.0,0.0208236927348449,0.0208236927348449,0.0083294770939379,0.0291531698287829,0.0012494215640906,0.1665895418787598,0.1249421564090698,55.1411383618695,61.13836186950486,1148.093475242943,400.7727903748265,0.0166589541878759,0.1249421564090698,2.6237852845904674,0.2082369273484497,0.0416473854696899,0.0832947709393799,0.0,0.0,0.1665895418787598,2.8736695974086066,2.5821378991207773,1.7491901897269784,1.4576584914391486,1.082832022211939,0.0416473854696899,1.416011105969459,3.998149005090236,5.414160111059695,0.2498843128181397,73.67422489588154,10.45349375289218,0.2082369273484497,0.2498843128181397,44.521055067098565,0.1665895418787598,0.0,0.4997686256362795,0.2915316982878297,45.85377140212864,0.0416473854696899,0.4164738546968995,0.0832947709393799,1.082832022211939,0.0,0.0,0.0,0.0832947709393799,5.872281351226284,1.915779731605738,DF,,defense,0
Marvin Friedrich,de GER,DF,Gladbach,de Bundesliga,28.0,1995.0,22,9,989,11.0,0,1,1,0,0,0,0.4,0.4,0.6,1.1,0.1,7,2,28.6,0.64,0.18,0.0,0.0,0.06,624,706,88.4,10906,3760,0.5,3,23,1,0,0,0,0,0,36,9,0.82,1,0.09,15,9,12,3,0,56.3,5,20,57,6,0,822,90,17,2,100.0,502,11,0,5,3,583,3,0,0,0,5,0,0,0,0,42,34,64.2,0.0,0.0910010111223458,0.0910010111223458,0.0,0.0364004044489383,0.0364004044489383,0.0546006066734074,0.1001011122345803,0.0091001011122345,0.6370070778564206,0.1820020222446916,56.78463094034378,64.24671385237613,992.4570273003034,342.16380182002024,0.0455005055611729,0.2730030333670374,2.0930232558139537,0.0910010111223458,0.0,0.0,0.0,0.0,0.0,3.276036400404449,1.365015166835187,0.8190091001011123,1.0920121334681496,0.2730030333670374,0.0,0.455005055611729,1.820020222446916,5.18705763397371,0.5460060667340748,74.80283114256825,8.190091001011123,1.5470171890798785,0.1820020222446916,45.68250758341759,1.0010111223458038,0.0,0.455005055611729,0.2730030333670374,53.0535894843276,0.2730030333670374,0.0,0.0,0.455005055611729,0.0,0.0,0.0,0.0,3.822042467138524,3.094034378159757,DF,,defense,0
Jeremie Frimpong,nl NED,"DF,MF",Leverkusen,de Bundesliga,23.0,2000.0,33,25,2314,25.7,5,5,10,5,0,0,4.1,4.1,4.2,8.3,0.32,34,16,47.1,1.32,0.62,0.15,0.31,0.12,715,940,76.1,10545,2224,4.7,30,28,29,18,116,0,0,2,55,66,2.57,11,0.43,33,25,14,12,7,55.2,8,41,22,29,1,1205,20,112,25,32.1,673,100,32,45,26,827,272,4,0,0,20,3,0,1,0,84,13,33.3,0.1944684528954192,0.1944684528954192,0.3889369057908384,0.1944684528954192,0.1594641313742437,0.1594641313742437,0.1633535004321521,0.3228176318063959,0.0124459809853068,1.3223854796888506,0.6222990492653414,27.80898876404494,36.56006914433881,410.1339671564391,86.49956784788245,0.182800345721694,1.166810717372515,1.0890233362143475,1.1279170267934313,0.700086430423509,4.511668107173725,0.0,0.0,0.0777873811581676,2.139152981849611,1.2834917891097666,0.972342264477096,0.5445116681071738,0.466724286949006,0.2722558340535869,0.3111495246326707,1.5946413137424371,0.8556611927398443,1.1279170267934313,46.86689714779602,0.7778738115816768,4.35609334485739,0.972342264477096,26.17545375972342,3.889369057908384,1.2445980985306828,1.7502160760587726,1.0112359550561798,32.16508210890233,10.579083837510804,0.1555747623163353,0.0,0.7778738115816768,0.1166810717372515,0.0,0.0388936905790838,0.0,3.267070008643042,0.5056179775280899,DF,MF,defense,1
Matteo Gabbia,it ITA,DF,Milan,it Serie A,24.0,1999.0,26,24,2152,23.9,2,0,2,2,0,0,1.1,1.1,0.2,1.3,0.05,14,4,28.6,0.59,0.17,0.14,0.5,0.08,1316,1443,91.2,26811,7732,0.2,2,82,3,1,2,0,0,11,74,22,0.92,3,0.13,21,15,13,7,1,80.0,15,36,103,6,1,1635,188,21,1,100.0,1023,13,0,5,1,1214,2,4,0,0,20,1,1,0,0,69,47,56.6,0.0836431226765799,0.0,0.0836431226765799,0.0836431226765799,0.0460037174721189,0.0460037174721189,0.0083643122676579,0.0543680297397769,0.0020910780669144,0.5855018587360595,0.1672862453531598,55.0371747211896,60.34851301115242,1121.2778810408922,323.364312267658,0.0083643122676579,0.0836431226765799,3.4293680297397766,0.1254646840148698,0.0418215613382899,0.0836431226765799,0.0,0.0,0.4600371747211896,3.0947955390334574,0.8782527881040892,0.6273234200743494,0.5436802973977696,0.2927509293680297,0.0418215613382899,0.6273234200743494,1.5055762081784383,4.307620817843866,0.2509293680297397,68.37825278810409,7.862453531598513,0.8782527881040892,0.0418215613382899,42.78345724907063,0.5436802973977696,0.0,0.2091078066914498,0.0418215613382899,50.77137546468401,0.0836431226765799,0.1672862453531598,0.0,0.8364312267657993,0.0418215613382899,0.0418215613382899,0.0,0.0,2.885687732342008,1.9656133828996285,DF,,defense,0
Javi Galán,es ESP,DF,Atlético Madrid,es La Liga,29.0,1994.0,25,21,1784,19.8,0,3,3,0,0,0,0.2,0.2,3.9,4.1,0.2,9,0,0.0,0.45,0.0,0.0,,0.02,852,1028,82.9,12612,3739,3.1,15,44,22,14,57,0,1,2,54,33,1.66,6,0.3,51,31,31,15,5,51.0,12,63,47,24,0,1270,51,16,28,35.9,739,52,6,22,15,779,107,8,0,0,38,1,0,1,0,71,25,50.0,0.0,0.1513452914798206,0.1513452914798206,0.0,0.0100896860986547,0.0100896860986547,0.1967488789237668,0.2068385650224214,0.0100896860986547,0.4540358744394618,0.0,42.98206278026906,51.8609865470852,636.2556053811659,188.62668161434976,0.156390134529148,0.7567264573991032,2.219730941704036,1.109865470852018,0.7062780269058296,2.8755605381165923,0.0,0.0504484304932735,0.100896860986547,2.7242152466367715,2.5728699551569507,1.56390134529148,1.56390134529148,0.7567264573991032,0.2522421524663677,0.6053811659192826,3.178251121076233,2.3710762331838566,1.2107623318385652,64.0695067264574,2.5728699551569507,0.8071748878923767,1.4125560538116593,37.28139013452915,2.6233183856502245,0.3026905829596413,1.109865470852018,0.7567264573991032,39.29932735426009,5.397982062780269,0.4035874439461883,0.0,1.9170403587443945,0.0504484304932735,0.0,0.0504484304932735,0.0,3.581838565022421,1.2612107623318387,DF,,defense,1
Antonino Gallo,it ITA,DF,Lecce,it Serie A,24.0,2000.0,31,31,2609,29.0,0,2,2,0,0,0,0.3,0.3,2.7,3.0,0.1,9,3,33.3,0.31,0.1,0.0,0.0,0.03,822,1241,66.2,15643,6924,2.7,44,78,28,22,116,21,1,4,107,72,2.48,3,0.1,65,42,46,15,4,54.8,20,85,133,32,0,1587,116,15,13,44.8,662,57,5,37,14,735,110,3,1,0,12,1,0,0,2,116,26,41.3,0.0,0.0689919509390571,0.0689919509390571,0.0,0.0103487926408585,0.0103487926408585,0.0931391337677271,0.1034879264085856,0.0034495975469528,0.3104637792257569,0.1034879264085856,28.355691835952477,42.809505557684936,539.6205442698351,238.8501341510157,0.0931391337677271,1.5178229206592564,2.690686086623227,0.9658873131467997,0.7589114603296282,4.001533154465313,0.7244154848600995,0.0344959754695285,0.1379839018781142,3.691069375239556,2.2422384055193563,1.448830969720199,1.5868148715983137,0.5174396320429283,0.1379839018781142,0.6899195093905711,2.932157914909927,4.587964737447297,1.103871215024914,54.74511307014181,4.001533154465313,0.5174396320429283,0.4484476811038712,22.836335760827904,1.966270601763128,0.1724798773476427,1.2763510923725565,0.4829436565733997,25.354541970103487,3.794557301648141,0.1034879264085856,0.0344959754695285,0.4139517056343426,0.0344959754695285,0.0,0.0,0.0689919509390571,4.001533154465313,0.8968953622077425,DF,,defense,1
Eric García,es ESP,"DF,MF",Barcelona,es La Liga,23.0,2001.0,29,14,1566,17.4,2,3,5,2,0,0,2.3,2.3,0.8,3.1,0.18,14,8,57.1,0.8,0.46,0.14,0.25,0.17,1234,1340,92.1,20485,7124,1.6,7,142,14,3,7,0,4,3,109,32,1.84,7,0.4,38,21,11,24,3,69.0,14,52,41,12,0,1517,66,25,5,41.7,852,18,1,17,5,1125,22,4,0,0,20,0,0,0,0,54,27,51.9,0.1149425287356322,0.1724137931034482,0.2873563218390805,0.1149425287356322,0.132183908045977,0.132183908045977,0.0459770114942528,0.1781609195402299,0.0103448275862068,0.8045977011494253,0.4597701149425288,70.91954022988506,77.01149425287356,1177.2988505747126,409.4252873563218,0.0919540229885057,0.4022988505747126,8.160919540229886,0.8045977011494253,0.1724137931034482,0.4022988505747126,0.0,0.2298850574712644,0.1724137931034482,6.264367816091953,2.1839080459770117,1.206896551724138,0.632183908045977,1.379310344827586,0.1724137931034482,0.8045977011494253,2.9885057471264367,2.35632183908046,0.689655172413793,87.183908045977,3.793103448275862,1.4367816091954024,0.2873563218390805,48.96551724137932,1.0344827586206895,0.0574712643678161,0.9770114942528736,0.2873563218390805,64.6551724137931,1.264367816091954,0.2298850574712644,0.0,1.149425287356322,0.0,0.0,0.0,0.0,3.103448275862069,1.5517241379310345,DF,MF,defense,2
Fran Garcia,es ESP,DF,Real Madrid,es La Liga,24.0,1999.0,31,24,2171,24.1,0,2,2,0,0,0,0.9,0.9,1.8,2.7,0.11,14,3,21.4,0.58,0.12,0.0,0.0,0.06,1344,1551,86.7,19116,5223,2.3,24,87,23,9,66,0,1,5,119,56,2.32,3,0.12,51,36,29,16,6,54.9,28,79,67,38,1,1792,71,33,8,34.8,1001,78,15,20,10,1162,177,0,0,0,13,0,0,0,0,106,17,44.7,0.0,0.0829111008751727,0.0829111008751727,0.0,0.0373099953938277,0.0373099953938277,0.0746199907876554,0.1119299861814832,0.0045601105481345,0.5803777061262091,0.1243666513127591,55.71625978811608,64.29755872869644,792.464302164901,216.5223399355136,0.0953477660064486,0.9949332105020728,3.606632888070014,0.9534776600644864,0.3730999539382773,2.7360663288807,0.0,0.0414555504375863,0.2072777521879318,4.933210502072778,2.1142330723169045,1.492399815753109,1.2022109626900046,0.6632888070013818,0.2487333026255182,1.1607554122524182,3.274988484569323,2.7775218793182863,1.575310916628282,74.28834638415476,2.9433440810686324,1.36803316444035,0.3316444035006909,41.49700598802396,3.2335329341317363,0.6218332565637955,0.8291110087517273,0.4145555043758636,48.17134960847536,7.337632427452786,0.0,0.0,0.5389221556886228,0.0,0.0,0.0,0.0,4.394288346384155,0.7047443574389681,DF,,defense,3
Ulisses Garcia,ch SUI,DF,Marseille,fr Ligue 1,28.0,1996.0,20,10,930,10.3,2,2,4,2,0,0,1.5,1.5,1.4,2.9,0.28,8,2,25.0,0.77,0.19,0.25,1.0,0.19,535,632,84.7,8376,2370,1.2,8,40,10,5,35,0,0,2,53,20,1.93,7,0.68,14,11,7,5,2,28.6,8,22,18,15,0,712,24,21,7,38.9,386,23,1,15,11,480,87,2,0,0,8,2,1,0,0,48,17,73.9,0.1935483870967742,0.1935483870967742,0.3870967741935484,0.1935483870967742,0.1451612903225806,0.1451612903225806,0.1354838709677419,0.2806451612903226,0.0270967741935483,0.7741935483870968,0.1935483870967742,51.7741935483871,61.16129032258065,810.5806451612902,229.3548387096774,0.1161290322580645,0.7741935483870968,3.870967741935484,0.967741935483871,0.4838709677419355,3.3870967741935485,0.0,0.0,0.1935483870967742,5.129032258064516,1.3548387096774197,1.064516129032258,0.6774193548387097,0.4838709677419355,0.1935483870967742,0.7741935483870968,2.129032258064516,1.7419354838709675,1.4516129032258065,68.90322580645162,2.3225806451612905,2.032258064516129,0.6774193548387097,37.354838709677416,2.225806451612903,0.0967741935483871,1.4516129032258065,1.064516129032258,46.45161290322581,8.419354838709678,0.1935483870967742,0.0,0.7741935483870968,0.1935483870967742,0.0967741935483871,0.0,0.0,4.645161290322581,1.6451612903225807,DF,,defense,1
Yarek Gasiorowski,es ESP,DF,Valencia,es La Liga,19.0,2005.0,15,9,947,10.5,0,0,0,0,0,0,1.1,1.1,0.1,1.2,0.12,3,0,0.0,0.29,0.0,0.0,,0.38,387,482,80.3,7508,2627,0.3,3,43,3,1,3,0,1,1,38,7,0.67,0,0.0,19,16,16,3,0,69.2,26,45,60,7,0,620,73,6,0,,276,9,0,1,0,337,0,1,0,0,5,1,0,0,0,40,24,64.9,0.0,0.0,0.0,0.0,0.1045406546990496,0.1045406546990496,0.0095036958817317,0.1140443505807814,0.0114044350580781,0.2851108764519535,0.0,36.779303062302006,45.8078141499472,713.5374868004224,249.662090813094,0.0285110876451953,0.2851108764519535,4.086589229144667,0.2851108764519535,0.0950369588173178,0.2851108764519535,0.0,0.0950369588173178,0.0950369588173178,3.6114044350580783,1.8057022175290391,1.5205913410770855,1.5205913410770855,0.2851108764519535,0.0,2.470960929250264,4.276663146779303,5.70221752903907,0.6652587117212249,58.92291446673706,6.9376979936642025,0.5702217529039071,0.0,26.230200633579727,0.8553326293558606,0.0,0.0950369588173178,0.0,32.02745512143612,0.0,0.0950369588173178,0.0,0.4751847940865892,0.0950369588173178,0.0,0.0,0.0,3.801478352692714,2.2808870116156283,DF,,defense,0
Federico Gatti,it ITA,DF,Juventus,it Serie A,26.0,1998.0,30,26,2195,24.4,1,0,1,1,0,0,2.5,2.5,0.5,2.9,0.12,25,9,36.0,1.03,0.37,0.04,0.11,0.1,1387,1460,95.0,25073,7810,0.3,6,58,3,0,1,0,0,1,73,26,1.07,2,0.08,28,23,18,8,2,58.3,18,46,76,6,2,1687,170,27,7,53.8,1165,24,1,12,8,1290,6,2,0,0,20,1,1,0,0,110,37,58.7,0.041002277904328,0.0,0.041002277904328,0.041002277904328,0.10250569476082,0.10250569476082,0.020501138952164,0.1189066059225512,0.0049202733485193,1.0250569476082003,0.3690205011389522,56.87015945330295,59.863325740318906,1028.0501138952163,320.22779043280184,0.0123006833712984,0.2460136674259681,2.378132118451025,0.123006833712984,0.0,0.041002277904328,0.0,0.0,0.041002277904328,2.993166287015945,1.1480637813211845,0.9430523917995444,0.7380410022779044,0.3280182232346241,0.082004555808656,0.7380410022779044,1.886104783599089,3.116173120728929,0.2460136674259681,69.17084282460137,6.970387243735764,1.1070615034168565,0.2870159453302961,47.76765375854215,0.9840546697038725,0.041002277904328,0.4920273348519362,0.3280182232346241,52.89293849658314,0.2460136674259681,0.082004555808656,0.0,0.8200455580865603,0.041002277904328,0.041002277904328,0.0,0.0,4.5102505694760815,1.5170842824601365,DF,,defense,2
Mory Gbane,ci CIV,"DF,MF",Reims,fr Ligue 1,23.0,2000.0,13,13,1125,12.5,0,1,1,0,0,0,0.2,0.2,0.6,0.8,0.06,4,2,50.0,0.32,0.16,0.0,0.0,0.04,447,524,85.3,7917,2675,0.8,7,37,2,0,2,0,3,8,35,18,1.44,1,0.08,20,11,16,4,0,54.2,18,38,90,6,1,694,108,7,5,71.4,363,3,0,8,4,410,9,2,0,0,12,1,0,0,0,49,15,62.5,0.0,0.08,0.08,0.0,0.016,0.016,0.048,0.064,0.0048,0.32,0.16,35.76,41.92,633.36,214.0,0.064,0.5599999999999999,2.9600000000000004,0.16,0.0,0.16,0.0,0.24,0.64,2.8,1.6,0.88,1.28,0.32,0.0,1.44,3.04,7.2,0.48,55.52,8.64,0.5599999999999999,0.4,29.04,0.24,0.0,0.64,0.32,32.800000000000004,0.72,0.16,0.0,0.96,0.08,0.0,0.0,0.0,3.92,1.2000000000000002,DF,MF,defense,0
Lutsharel Geertruida,nl NED,DF,RB Leipzig,de Bundesliga,24.0,2000.0,24,17,1557,17.3,1,0,1,1,0,0,1.1,1.1,1.0,2.0,0.12,8,1,12.5,0.46,0.06,0.13,1.0,0.14,961,1109,86.7,16254,5823,1.6,10,94,17,4,13,0,1,3,93,25,1.45,1,0.06,35,24,24,11,0,48.4,16,51,59,12,4,1266,61,19,7,50.0,642,21,3,14,4,839,34,2,0,0,17,0,0,1,0,83,12,66.7,0.0578034682080924,0.0,0.0578034682080924,0.0578034682080924,0.0635838150289017,0.0635838150289017,0.0578034682080924,0.1156069364161849,0.006936416184971,0.4624277456647399,0.0578034682080924,55.54913294797688,64.10404624277456,939.5375722543351,336.5895953757225,0.0924855491329479,0.5780346820809248,5.433526011560693,0.9826589595375722,0.2312138728323699,0.7514450867052024,0.0,0.0578034682080924,0.1734104046242774,5.375722543352602,2.0231213872832368,1.3872832369942196,1.3872832369942196,0.6358381502890174,0.0,0.9248554913294798,2.947976878612717,3.4104046242774566,0.6936416184971098,73.17919075144508,3.5260115606936417,1.0982658959537572,0.4046242774566473,37.10982658959537,1.213872832369942,0.1734104046242774,0.8092485549132947,0.2312138728323699,48.49710982658959,1.9653179190751444,0.1156069364161849,0.0,0.9826589595375722,0.0,0.0,0.0578034682080924,0.0,4.797687861271677,0.6936416184971098,DF,,defense,2
Valentin Gendrey,fr FRA,DF,Hoffenheim,de Bundesliga,24.0,2000.0,22,14,1414,15.7,1,1,2,1,0,0,1.1,1.1,1.8,2.9,0.19,10,5,50.0,0.64,0.32,0.1,0.2,0.11,482,690,69.9,7957,3749,2.7,16,37,15,10,51,0,0,2,49,37,2.36,4,0.25,30,12,19,9,2,61.1,15,45,53,17,0,874,61,28,3,27.3,363,24,7,24,11,425,86,1,0,0,12,2,0,0,0,52,26,52.0,0.0636492220650636,0.0636492220650636,0.1272984441301273,0.0636492220650636,0.07001414427157,0.07001414427157,0.1145685997171145,0.1845827439886845,0.012093352192362,0.6364922206506365,0.3182461103253182,30.67892503536068,43.91796322489392,506.4568599717114,238.62093352192363,0.1718528995756718,1.0183875530410185,2.355021216407355,0.9547383309759548,0.6364922206506365,3.2461103253182464,0.0,0.0,0.1272984441301273,3.118811881188119,1.9094766619519092,0.7637906647807637,1.2093352192362097,0.5728429985855729,0.1272984441301273,0.9547383309759548,2.8642149929278644,3.373408769448373,1.082036775106082,55.62942008486563,3.8826025459688815,1.7821782178217822,0.1909476661951909,23.104667609618105,1.5275813295615277,0.4455445544554455,1.5275813295615277,0.7001414427157001,27.05091937765205,5.473833097595474,0.0636492220650636,0.0,0.7637906647807637,0.1272984441301273,0.0,0.0,0.0,3.30975954738331,1.654879773691655,DF,,defense,1
Max Geschwill,de GER,DF,Holstein Kiel,de Bundesliga,23.0,2001.0,19,13,1282,14.2,1,2,3,1,0,0,0.9,0.9,0.8,1.6,0.12,9,2,22.2,0.63,0.14,0.11,0.5,0.1,496,668,74.3,9477,4117,0.9,10,40,7,2,10,0,0,2,58,24,1.68,2,0.14,26,21,13,12,1,73.7,30,56,53,18,1,827,80,13,2,40.0,379,6,0,5,2,478,16,2,0,0,13,0,0,0,1,53,14,40.0,0.0702028081123244,0.1404056162246489,0.2106084243369735,0.0702028081123244,0.063182527301092,0.063182527301092,0.0561622464898595,0.1123244929797191,0.0084243369734789,0.6318252730109205,0.1404056162246489,34.82059282371295,46.89547581903276,665.3120124804992,289.02496099843995,0.063182527301092,0.702028081123245,2.80811232449298,0.4914196567862715,0.1404056162246489,0.702028081123245,0.0,0.0,0.1404056162246489,4.071762870514821,1.825273010920437,1.4742589703588145,0.9126365054602184,0.842433697347894,0.0702028081123244,2.1060842433697347,3.931357254290172,3.720748829953198,1.263650546021841,58.05772230889236,5.61622464898596,0.9126365054602184,0.1404056162246489,26.60686427457098,0.421216848673947,0.0,0.3510140405616225,0.1404056162246489,33.55694227769111,1.1232449297971918,0.1404056162246489,0.0,0.9126365054602184,0.0,0.0,0.0,0.0702028081123244,3.720748829953198,0.982839313572543,DF,,defense,3
Daniele Ghilardi,it ITA,DF,Hellas Verona,it Serie A,21.0,2003.0,24,21,2029,22.5,0,0,0,0,0,0,0.6,0.6,0.2,0.8,0.04,12,4,33.3,0.53,0.18,0.0,0.0,0.05,633,807,78.4,12335,4429,0.4,6,59,3,3,10,0,1,10,57,16,0.71,1,0.04,44,29,27,17,0,61.0,30,74,106,10,0,1070,118,18,2,22.2,529,16,1,9,2,606,7,7,1,0,33,4,0,0,0,55,41,50.0,0.0,0.0,0.0,0.0,0.0266140956136027,0.0266140956136027,0.0088713652045342,0.035485460818137,0.0017742730409068,0.5322819122720552,0.177427304090685,28.077870872350918,35.79595860029571,547.14144898965,196.45638245441103,0.0177427304090685,0.2661409561360276,2.6170527353376047,0.1330704780680138,0.1330704780680138,0.4435682602267126,0.0,0.0443568260226712,0.4435682602267126,2.5283390832922623,1.951700344997536,1.2863479546574668,1.197634302612124,0.7540660423854115,0.0,1.330704780680138,3.282405125677674,4.701823558403154,0.4435682602267126,47.461803844258256,5.2341054706752095,0.7984228684080827,0.0887136520453425,23.4647609659931,0.7097092163627403,0.0443568260226712,0.3992114342040413,0.0887136520453425,26.880236569738784,0.3104977821586989,0.3104977821586989,0.0443568260226712,1.4637752587481518,0.177427304090685,0.0,0.0,0.0,2.43962543124692,1.8186298669295216,DF,,defense,0
Dimitris Giannoulis,gr GRE,DF,Augsburg,de Bundesliga,28.0,1995.0,31,31,2650,29.4,1,4,5,1,0,0,1.1,1.1,4.2,5.3,0.18,13,4,30.8,0.44,0.14,0.08,0.25,0.09,1076,1440,74.7,17973,7355,5.4,42,71,55,23,120,13,2,2,104,76,2.58,6,0.2,47,32,27,16,4,59.1,47,94,75,54,0,1802,81,48,29,35.4,845,60,12,49,13,968,164,8,0,0,17,1,1,0,0,136,9,28.1,0.0339622641509433,0.1358490566037735,0.1698113207547169,0.0339622641509433,0.0373584905660377,0.0373584905660377,0.1426415094339622,0.18,0.0061132075471698,0.4415094339622641,0.1358490566037735,36.5433962264151,48.90566037735849,610.4037735849056,249.7924528301887,0.1833962264150943,1.4264150943396223,2.4113207547169813,1.8679245283018864,0.781132075471698,4.075471698113208,0.4415094339622641,0.0679245283018867,0.0679245283018867,3.5320754716981133,1.5962264150943395,1.0867924528301889,0.9169811320754716,0.5433962264150943,0.1358490566037735,1.5962264150943395,3.1924528301886794,2.547169811320755,1.8339622641509437,61.2,2.750943396226415,1.630188679245283,0.9849056603773584,28.69811320754717,2.037735849056604,0.4075471698113208,1.6641509433962265,0.4415094339622641,32.87547169811321,5.569811320754717,0.2716981132075471,0.0,0.5773584905660377,0.0339622641509433,0.0339622641509433,0.0,0.0,4.618867924528302,0.3056603773584905,DF,,defense,1
Mario Gila,es ESP,DF,Lazio,it Serie A,23.0,2000.0,32,31,2741,30.5,1,0,1,1,0,0,1.1,1.1,0.6,1.7,0.05,15,4,26.7,0.49,0.13,0.07,0.25,0.07,1877,2049,91.6,36948,12033,1.0,15,161,9,1,6,0,4,20,157,38,1.25,1,0.03,55,37,35,18,2,66.1,28,83,115,11,4,2339,241,28,4,26.7,1477,48,0,17,7,1673,12,8,0,0,32,0,0,0,1,153,66,51.6,0.0328347318496898,0.0,0.0328347318496898,0.0328347318496898,0.0361182050346588,0.0361182050346588,0.0197008391098139,0.0558190441444728,0.0016417365924844,0.4925209777453483,0.1313389273987595,61.63079168186793,67.27836556001459,1213.1776723823425,395.1003283473185,0.0328347318496898,0.4925209777453483,5.286391827800073,0.295512586647209,0.0328347318496898,0.1970083910981393,0.0,0.1313389273987595,0.6566946369937979,5.155052900401314,1.805910251732944,1.214885078438526,1.1492156147391464,0.5910251732944181,0.0656694636993797,0.9193724917913172,2.7252827435242613,3.775994162714338,0.3611820503465888,76.80043779642466,7.913170375775264,0.9193724917913172,0.1313389273987595,48.49689894199198,1.576067128785115,0.0,0.5581904414447282,0.2298431229478292,54.9325063845312,0.3940167821962787,0.2626778547975191,0.0,1.0507114191900766,0.0,0.0,0.0,0.0328347318496898,5.023713973002554,2.167092302079533,DF,,defense,2
Benedikt Gimber,de GER,DF,Heidenheim,de Bundesliga,27.0,1997.0,32,32,2671,29.7,0,0,0,0,0,0,0.7,0.7,0.3,1.0,0.03,14,1,7.1,0.47,0.03,0.0,0.0,0.05,1058,1282,82.5,21955,7019,0.5,3,47,2,0,3,0,0,6,46,15,0.51,1,0.03,72,46,48,23,1,60.3,31,103,131,16,1,1643,199,22,8,50.0,865,7,0,25,7,965,8,9,0,0,61,1,0,2,0,98,66,55.9,0.0,0.0,0.0,0.0,0.0235866716585548,0.0235866716585548,0.010108573567952,0.0336952452265069,0.0010108573567952,0.4717334331710969,0.0336952452265069,35.64956944964433,43.19730438038188,739.7791089479596,236.50692624485208,0.0168476226132534,0.1010857356795207,1.5836765256458254,0.0673904904530138,0.0,0.1010857356795207,0.0,0.0,0.2021714713590415,1.5499812804193185,2.426057656308499,1.5499812804193185,1.6173717708723323,0.7749906402096592,0.0336952452265069,1.0445526020217148,3.4706102583302134,4.414077124672407,0.5391239236241109,55.36128790715088,6.705353800074878,0.7412953949831524,0.2695619618120554,29.14638712092849,0.2358667165855484,0.0,0.8423811306626732,0.2358667165855484,32.51591164357919,0.2695619618120554,0.3032572070385623,0.0,2.0554099588169223,0.0336952452265069,0.0,0.0673904904530138,0.0,3.302134032197679,2.223886184949457,DF,,defense,0
Matthias Ginter,de GER,DF,Freiburg,de Bundesliga,30.0,1994.0,32,28,2561,28.5,2,1,3,2,0,0,2.8,2.8,0.7,3.5,0.12,24,4,16.7,0.84,0.14,0.08,0.5,0.12,1256,1521,82.6,24307,9697,1.5,9,97,8,1,13,0,2,9,113,27,0.95,4,0.14,30,17,15,11,4,53.6,19,49,146,10,5,1816,198,56,4,66.7,991,11,1,10,0,1205,16,5,0,0,13,2,1,0,0,93,98,61.6,0.0702850449043342,0.0351425224521671,0.1054275673565013,0.0702850449043342,0.0983990628660679,0.0983990628660679,0.0245997657165169,0.1229988285825849,0.00421710269426,0.8434205388520108,0.1405700898086685,44.1390081999219,53.45177664974619,854.2092932448262,340.7770402186646,0.0527137836782506,0.3162827020695041,3.4088246778602107,0.281140179617337,0.0351425224521671,0.4568527918781725,0.0,0.0702850449043342,0.3162827020695041,3.971105037094885,1.0542756735650136,0.5974228816868411,0.5271378367825068,0.3865677469738383,0.1405700898086685,0.6677079265911753,1.721983600156189,5.130808278016399,0.3514252245216712,63.8188207731355,6.958219445529091,1.9679812573213589,0.1405700898086685,34.82623975009762,0.3865677469738383,0.0351425224521671,0.3514252245216712,0.0,42.34673955486138,0.562280359234674,0.1757126122608356,0.0,0.4568527918781725,0.0702850449043342,0.0351425224521671,0.0,0.0,3.2682545880515423,3.443967200312378,DF,,defense,0
Saba Goglichidze,ge GEO,DF,Empoli,it Serie A,20.0,2004.0,33,29,2539,28.2,0,1,1,0,0,0,0.3,0.3,0.3,0.6,0.02,6,0,0.0,0.21,0.0,0.0,,0.05,724,929,77.9,14820,5046,0.2,3,48,1,1,5,0,0,7,45,13,0.46,2,0.07,64,37,36,25,3,49.0,33,97,97,13,3,1200,108,13,4,40.0,564,12,2,19,5,663,9,3,1,0,26,0,0,0,0,108,28,34.1,0.0,0.0354470263883418,0.0354470263883418,0.0,0.0106341079165025,0.0106341079165025,0.0106341079165025,0.0212682158330051,0.0007089405277668,0.2126821583300512,0.0,25.66364710515951,32.9302875147696,525.3249310752265,178.86569515557306,0.0070894052776683,0.1063410791650256,1.7014572666404095,0.0354470263883418,0.0354470263883418,0.1772351319417093,0.0,0.0,0.248129184718393,1.595116187475384,2.26860968885388,1.311539976368649,1.276092949980307,0.8861756597085467,0.1063410791650256,1.1697518708152816,3.438361559669161,3.438361559669161,0.4608113430484442,42.536431666010245,3.8282788499409217,0.4608113430484442,0.1417881055533674,19.992122883024813,0.4253643166601024,0.0708940527766837,0.6734935013784955,0.1772351319417093,23.501378495470657,0.3190232374950768,0.1063410791650256,0.0354470263883418,0.9216226860968884,0.0,0.0,0.0,0.0,3.8282788499409217,0.9925167388735724,DF,,defense,0
Edoardo Goldaniga,it ITA,DF,Como,it Serie A,30.0,1993.0,32,28,2532,28.1,1,0,1,1,0,0,2.5,2.5,0.3,2.8,0.1,12,5,41.7,0.43,0.18,0.08,0.2,0.21,1310,1517,86.4,24165,9247,0.4,4,80,6,1,9,0,0,13,81,25,0.89,3,0.11,34,21,21,8,5,72.2,33,67,102,10,3,1757,154,25,3,42.9,1008,20,0,10,8,1189,8,12,1,1,44,0,0,0,0,74,52,59.8,0.0355450236966824,0.0,0.0355450236966824,0.0355450236966824,0.0888625592417061,0.0888625592417061,0.0106635071090047,0.0995260663507108,0.0035545023696682,0.4265402843601896,0.1777251184834123,46.56398104265403,53.9218009478673,858.9454976303317,328.68483412322274,0.0142180094786729,0.1421800947867298,2.8436018957345968,0.2132701421800948,0.0355450236966824,0.3199052132701421,0.0,0.0,0.462085308056872,2.8791469194312795,1.2085308056872035,0.7464454976303319,0.7464454976303319,0.2843601895734597,0.1777251184834123,1.1729857819905212,2.381516587677725,3.625592417061611,0.3554502369668246,62.45260663507109,5.4739336492891,0.8886255924170616,0.1066350710900474,35.829383886255926,0.7109004739336492,0.0,0.3554502369668246,0.2843601895734597,42.263033175355446,0.2843601895734597,0.4265402843601896,0.0355450236966824,1.5639810426540284,0.0,0.0,0.0,0.0,2.6303317535545023,1.848341232227488,DF,,defense,0
Toti Gomes,pt POR,DF,Wolves,eng Premier League,25.0,1999.0,31,30,2614,29.0,0,1,1,0,0,0,0.7,0.7,0.9,1.7,0.06,7,2,28.6,0.24,0.07,0.0,0.0,0.1,1473,1714,85.9,24482,8584,0.6,9,87,6,3,13,0,0,3,86,21,0.72,1,0.03,61,43,42,15,4,80.4,25,86,152,21,5,2027,217,17,20,62.5,1205,27,0,20,15,1387,18,7,0,0,24,0,0,1,0,116,53,67.1,0.0,0.0344299923488905,0.0344299923488905,0.0,0.0241009946442234,0.0241009946442234,0.0309869931140015,0.058530986993114,0.0020657995409334,0.2410099464422341,0.0688599846977811,50.71537872991584,59.01300688599847,842.9150726855394,295.5470543228768,0.0206579954093343,0.3098699311400152,2.9954093343534813,0.2065799540933435,0.1032899770466717,0.4475899005355776,0.0,0.0,0.1032899770466717,2.9609793420045905,2.100229533282326,1.4804896710022952,1.4460596786534046,0.5164498852333589,0.1377199693955623,0.8607498087222647,2.9609793420045905,5.2333588370313695,0.7230298393267023,69.78959449120123,7.471308339709259,0.58530986993114,0.6885998469778118,41.48814078041316,0.929609793420046,0.0,0.6885998469778118,0.5164498852333589,47.75439938791125,0.6197398622800305,0.2410099464422341,0.0,0.8263198163733741,0.0,0.0,0.0344299923488905,0.0,3.993879112471309,1.8247895944912007,DF,,defense,0
Andoni Gorosabel,es ESP,DF,Athletic Club,es La Liga,27.0,1996.0,20,17,1485,16.5,0,2,2,0,0,0,0.3,0.3,1.8,2.1,0.13,2,1,50.0,0.12,0.06,0.0,0.0,0.17,736,884,83.3,11163,3242,1.7,15,57,16,10,41,0,0,0,51,32,1.94,2,0.12,47,28,31,9,7,66.7,18,65,62,21,0,1084,43,13,7,50.0,432,17,3,18,14,554,59,5,0,0,24,0,0,0,0,56,20,41.7,0.0,0.1212121212121212,0.1212121212121212,0.0,0.0181818181818181,0.0181818181818181,0.109090909090909,0.1272727272727272,0.0078787878787878,0.1212121212121212,0.0606060606060606,44.60606060606061,53.57575757575758,676.5454545454545,196.4848484848485,0.103030303030303,0.9090909090909092,3.454545454545454,0.9696969696969696,0.6060606060606061,2.484848484848485,0.0,0.0,0.0,3.090909090909091,2.8484848484848486,1.6969696969696968,1.878787878787879,0.5454545454545454,0.4242424242424242,1.0909090909090908,3.939393939393939,3.757575757575758,1.2727272727272727,65.69696969696969,2.6060606060606064,0.7878787878787878,0.4242424242424242,26.18181818181818,1.0303030303030305,0.1818181818181818,1.0909090909090908,0.8484848484848484,33.57575757575757,3.5757575757575752,0.303030303030303,0.0,1.4545454545454546,0.0,0.0,0.0,0.0,3.3939393939393936,1.2121212121212122,DF,,defense,3
Robin Gosens,de GER,DF,Fiorentina,it Serie A,30.0,1994.0,31,28,2434,27.0,5,5,10,5,0,0,1.8,1.8,2.4,4.1,0.15,23,8,34.8,0.85,0.3,0.22,0.63,0.08,1020,1334,76.5,17177,6592,1.7,27,71,32,10,63,0,1,4,102,66,2.36,14,0.5,56,31,31,17,8,56.8,18,74,91,29,0,1606,85,56,4,40.0,781,31,1,31,5,962,91,6,0,0,24,1,0,0,0,69,71,62.3,0.1848808545603944,0.1848808545603944,0.3697617091207889,0.1848808545603944,0.0665571076417419,0.0665571076417419,0.0887428101889893,0.1516023007395234,0.0055464256368118,0.8504519309778144,0.295809367296631,37.71569433032046,49.326211996713226,635.1396877567789,243.746918652424,0.0628594905505341,0.9983566146261298,2.6253081347576006,1.1832374691865242,0.3697617091207889,2.329498767460969,0.0,0.0369761709120788,0.1479046836483155,3.7715694330320457,2.0706655710764177,1.1462612982744451,1.1462612982744451,0.628594905505341,0.295809367296631,0.6655710764174199,2.736236647493837,3.364831552999178,1.0723089564502877,59.38373048479868,3.142974527526705,2.0706655710764177,0.1479046836483155,28.878389482333606,1.1462612982744451,0.0369761709120788,1.1462612982744451,0.1848808545603944,35.57107641741989,3.364831552999178,0.2218570254724733,0.0,0.8874281018898932,0.0369761709120788,0.0,0.0,0.0,2.551355792933443,2.6253081347576006,DF,,defense,3
Jeffrey Gouweleeuw,nl NED,DF,Augsburg,de Bundesliga,33.0,1991.0,33,33,2944,32.7,1,4,5,1,0,1,1.7,0.9,2.2,3.1,0.12,17,4,23.5,0.52,0.12,0.06,0.25,0.05,1400,1694,82.6,29407,12623,3.0,14,151,22,2,17,0,3,2,142,34,1.04,5,0.15,50,28,25,21,4,67.5,35,85,183,10,0,2061,260,42,7,58.3,1169,24,1,19,6,1234,19,9,0,0,22,0,0,1,0,141,62,63.9,0.030570652173913,0.1222826086956521,0.1528532608695652,0.030570652173913,0.0519701086956521,0.0275135869565217,0.0672554347826087,0.0947690217391304,0.0036684782608695,0.5197010869565217,0.1222826086956521,42.79891304347826,51.7866847826087,898.9911684782608,385.8933423913044,0.0917119565217391,0.4279891304347826,4.616168478260869,0.672554347826087,0.061141304347826,0.5197010869565217,0.0,0.0917119565217391,0.061141304347826,4.341032608695652,1.528532608695652,0.8559782608695653,0.764266304347826,0.6419836956521738,0.1222826086956521,1.0699728260869563,2.598505434782609,5.594429347826087,0.3057065217391304,63.00611413043478,7.948369565217392,1.2839673913043477,0.2139945652173913,35.73709239130435,0.733695652173913,0.030570652173913,0.5808423913043478,0.1834239130434782,37.724184782608695,0.5808423913043478,0.2751358695652174,0.0,0.672554347826087,0.0,0.0,0.030570652173913,0.0,4.310461956521739,1.8953804347826089,DF,,defense,0
Jonathan Gradit,fr FRA,DF,Lens,fr Ligue 1,31.0,1992.0,25,24,2112,23.5,0,0,0,0,0,0,0.8,0.8,0.7,1.5,0.06,16,4,25.0,0.68,0.17,0.0,0.0,0.05,1133,1332,85.1,20473,8262,0.9,11,109,10,2,10,0,2,7,127,25,1.07,0,0.0,44,23,22,19,3,57.5,25,69,122,11,2,1594,159,22,3,33.3,865,18,0,11,3,1086,4,4,0,0,29,0,0,0,0,73,64,59.3,0.0,0.0,0.0,0.0,0.034090909090909,0.034090909090909,0.0298295454545454,0.0639204545454545,0.0025568181818181,0.6818181818181819,0.1704545454545454,48.28125,56.76136363636364,872.4289772727273,352.0738636363636,0.0383522727272727,0.46875,4.644886363636364,0.4261363636363636,0.0852272727272727,0.4261363636363636,0.0,0.0852272727272727,0.2982954545454545,5.411931818181818,1.875,0.9801136363636364,0.9375,0.8096590909090909,0.1278409090909091,1.0653409090909092,2.940340909090909,5.198863636363636,0.46875,67.92613636363636,6.775568181818182,0.9375,0.1278409090909091,36.86079545454545,0.7670454545454545,0.0,0.46875,0.1278409090909091,46.278409090909086,0.1704545454545454,0.1704545454545454,0.0,1.2357954545454546,0.0,0.0,0.0,0.0,3.110795454545454,2.7272727272727275,DF,,defense,2
Archie Gray,eng ENG,"DF,MF",Tottenham,eng Premier League,18.0,2006.0,28,19,1751,19.5,0,0,0,0,0,0,0.0,0.0,0.1,0.2,0.01,1,1,100.0,0.05,0.05,0.0,0.0,0.02,1001,1145,87.4,17440,5370,0.2,3,43,0,0,17,4,1,3,40,6,0.31,0,0.0,16,8,4,8,4,41.2,19,35,50,18,2,1286,150,3,7,53.8,878,7,0,12,11,941,17,1,0,0,17,0,0,0,1,69,11,50.0,0.0,0.0,0.0,0.0,0.0,0.0,0.0051399200456881,0.0102798400913763,0.0005139920045688,0.0513992004568817,0.0513992004568817,51.45059965733866,58.85208452312963,896.4020559680183,276.01370645345514,0.0102798400913763,0.1541976013706453,2.2101656196459163,0.0,0.0,0.8737864077669902,0.2055968018275271,0.0513992004568817,0.1541976013706453,2.055968018275271,0.8223872073101085,0.4111936036550542,0.2055968018275271,0.4111936036550542,0.2055968018275271,0.976584808680754,1.7989720159908622,2.5699600228440893,0.925185608223872,66.09937178754997,7.709880068532267,0.1541976013706453,0.3597944031981724,45.128498001142205,0.3597944031981724,0.0,0.6167904054825813,0.5653912050256996,48.36664762992576,0.8737864077669902,0.0513992004568817,0.0,0.8737864077669902,0.0,0.0,0.0,0.0513992004568817,3.546544831524843,0.5653912050256996,DF,MF,defense,2
Jacob Greaves,eng ENG,DF,Ipswich Town,eng Premier League,23.0,2000.0,25,25,2205,24.5,1,0,1,1,0,0,1.3,1.3,0.3,1.6,0.06,10,4,40.0,0.41,0.16,0.1,0.25,0.13,962,1121,85.8,15937,6129,0.2,5,75,2,0,1,0,0,0,69,20,0.82,1,0.04,40,21,20,17,3,62.9,21,61,148,4,3,1404,276,22,4,66.7,619,11,0,10,2,851,11,5,0,0,16,1,0,0,0,61,83,67.5,0.0408163265306122,0.0,0.0408163265306122,0.0408163265306122,0.0530612244897959,0.0530612244897959,0.0122448979591836,0.0653061224489796,0.0024489795918367,0.4081632653061224,0.163265306122449,39.265306122448976,45.755102040816325,650.4897959183673,250.16326530612244,0.0081632653061224,0.2040816326530612,3.0612244897959187,0.0816326530612245,0.0,0.0408163265306122,0.0,0.0,0.0,2.8163265306122454,1.6326530612244898,0.8571428571428572,0.8163265306122449,0.6938775510204082,0.1224489795918367,0.8571428571428572,2.489795918367347,6.040816326530613,0.163265306122449,57.30612244897959,11.26530612244898,0.8979591836734694,0.163265306122449,25.26530612244898,0.4489795918367347,0.0,0.4081632653061224,0.0816326530612245,34.73469387755102,0.4489795918367347,0.2040816326530612,0.0,0.653061224489796,0.0408163265306122,0.0,0.0,0.0,2.489795918367347,3.3877551020408165,DF,,defense,0
Álex Grimaldo,es ESP,DF,Leverkusen,de Bundesliga,28.0,1995.0,32,31,2636,29.3,2,7,9,2,0,0,2.5,2.5,8.1,10.6,0.36,44,13,29.5,1.5,0.44,0.05,0.15,0.06,1700,2094,81.2,25433,7214,8.6,73,108,50,21,217,105,4,10,160,129,4.4,11,0.38,24,14,13,7,4,38.1,16,40,43,59,3,2365,53,87,20,40.0,1310,86,20,53,13,1686,252,6,1,1,15,3,1,0,0,142,16,48.5,0.0682852807283763,0.2389984825493171,0.3072837632776934,0.0682852807283763,0.0853566009104704,0.0853566009104704,0.2765553869499241,0.3619119878603946,0.0122913505311077,1.502276176024279,0.4438543247344461,58.04248861911987,71.49468892261001,868.3497723823976,246.30500758725344,0.2936267071320181,2.492412746585736,3.687405159332322,1.707132018209408,0.7169954476479514,7.408952959028832,3.584977238239757,0.1365705614567526,0.3414264036418816,5.462822458270106,0.8194233687405159,0.4779969650986343,0.4438543247344461,0.2389984825493171,0.1365705614567526,0.5462822458270107,1.3657056145675266,1.468133535660091,2.0144157814871018,80.747344461305,1.8095599393019728,2.97040971168437,0.6828528072837633,44.72685887708649,2.936267071320182,0.6828528072837633,1.8095599393019728,0.4438543247344461,57.56449165402124,8.603945371775417,0.2048558421851289,0.0341426403641881,0.5121396054628224,0.1024279210925644,0.0341426403641881,0.0,0.0,4.848254931714719,0.5462822458270107,DF,,defense,1
Gabriel Gudmundsson,se SWE,DF,Lille,fr Ligue 1,25.0,1999.0,30,20,1785,19.8,2,0,2,2,0,0,0.7,0.7,1.4,2.1,0.11,18,5,27.8,0.91,0.25,0.11,0.4,0.04,866,1055,82.1,13909,3879,2.0,16,60,18,10,59,4,1,8,91,30,1.51,0,0.0,36,25,15,15,6,63.9,17,53,41,25,3,1267,69,38,20,39.2,728,71,9,20,19,837,115,3,0,0,30,2,0,0,0,83,12,60.0,0.1008403361344537,0.0,0.1008403361344537,0.1008403361344537,0.0352941176470588,0.0352941176470588,0.0705882352941176,0.1058823529411764,0.0055462184873949,0.907563025210084,0.2521008403361344,43.66386554621849,53.19327731092437,701.2941176470588,195.5798319327731,0.1008403361344537,0.8067226890756302,3.0252100840336134,0.907563025210084,0.5042016806722689,2.974789915966386,0.2016806722689075,0.0504201680672268,0.4033613445378151,4.588235294117647,1.8151260504201685,1.2605042016806722,0.7563025210084033,0.7563025210084033,0.3025210084033614,0.8571428571428572,2.672268907563025,2.0672268907563027,1.2605042016806722,63.88235294117647,3.4789915966386555,1.915966386554622,1.0084033613445378,36.70588235294117,3.579831932773109,0.453781512605042,1.0084033613445378,0.957983193277311,42.20168067226891,5.798319327731091,0.1512605042016807,0.0,1.512605042016807,0.1008403361344537,0.0,0.0,0.0,4.184873949579832,0.6050420168067228,DF,,defense,3
Marc Guéhi,eng ENG,DF,Crystal Palace,eng Premier League,24.0,2000.0,34,34,3059,34.0,3,2,5,3,0,0,2.0,2.0,1.8,3.7,0.11,15,7,46.7,0.44,0.21,0.2,0.43,0.13,1473,1765,83.5,28093,11512,2.0,16,133,11,3,13,0,7,14,134,44,1.29,5,0.15,61,34,36,23,2,66.0,28,89,163,9,2,2131,311,39,12,80.0,1142,22,1,16,18,1330,10,9,1,1,24,2,0,0,3,146,68,54.0,0.088264138607388,0.058842759071592,0.14710689767898,0.088264138607388,0.058842759071592,0.058842759071592,0.0529584831644328,0.1088591042824452,0.0032363517489375,0.4413206930369401,0.205949656750572,43.337692056227525,51.92873488067996,826.5348152991174,338.69892121608365,0.058842759071592,0.4707420725727362,3.9130434782608696,0.3236351748937561,0.088264138607388,0.3824779339653481,0.0,0.205949656750572,0.4118993135011441,3.942464857796666,1.794704151683557,1.0003269042170644,1.0591696632886565,0.6766917293233082,0.058842759071592,0.8237986270022883,2.618502778685845,4.79568486433475,0.2647924158221641,62.69695979078131,9.15004903563256,1.1474338018960444,0.3530565544295521,33.599215429879045,0.6472703497875123,0.029421379535796,0.4707420725727362,0.5295848316443282,39.130434782608695,0.2942137953579601,0.2647924158221641,0.029421379535796,0.7061131088591043,0.058842759071592,0.0,0.0,0.088264138607388,4.2955214122262175,2.0006538084341288,DF,,defense,0
Raphaël Guerreiro,pt POR,"DF,MF",Bayern Munich,de Bundesliga,30.0,1993.0,23,19,1572,17.5,4,4,8,4,0,0,2.9,2.9,2.9,5.8,0.33,21,11,52.4,1.2,0.63,0.19,0.36,0.14,1206,1359,88.7,16390,4055,4.7,27,77,25,2,27,5,8,2,85,54,3.09,10,0.57,19,12,9,7,3,75.0,10,29,19,26,1,1487,34,55,10,50.0,820,39,5,16,15,1117,126,2,0,0,9,0,0,0,0,94,8,38.1,0.2290076335877862,0.2290076335877862,0.4580152671755725,0.2290076335877862,0.166030534351145,0.166030534351145,0.166030534351145,0.3320610687022901,0.0188931297709923,1.202290076335878,0.6297709923664122,69.04580152671755,77.80534351145037,938.3587786259544,232.15648854961836,0.2690839694656489,1.545801526717557,4.408396946564886,1.431297709923664,0.1145038167938931,1.545801526717557,0.2862595419847328,0.4580152671755725,0.1145038167938931,4.866412213740458,1.0877862595419847,0.6870229007633587,0.5152671755725191,0.4007633587786259,0.1717557251908396,0.5725190839694656,1.6603053435114503,1.0877862595419847,1.4885496183206106,85.13358778625954,1.946564885496183,3.148854961832061,0.5725190839694656,46.94656488549619,2.232824427480916,0.2862595419847328,0.9160305343511452,0.8587786259541985,63.95038167938931,7.213740458015267,0.1145038167938931,0.0,0.5152671755725191,0.0,0.0,0.0,0.0,5.3816793893129775,0.4580152671755725,DF,MF,defense,2
Frederic Guilbert,fr FRA,DF,Lecce,it Serie A,29.0,1994.0,31,31,2435,27.1,0,1,1,0,0,0,0.3,0.3,1.8,2.1,0.08,11,0,0.0,0.41,0.0,0.0,,0.03,981,1278,76.8,18223,7869,2.1,19,81,23,15,54,1,4,2,88,45,1.66,2,0.07,65,36,30,29,6,65.5,47,112,113,27,3,1610,114,8,18,48.6,665,48,3,25,7,758,45,3,2,0,33,0,0,1,0,84,40,58.0,0.0,0.0369609856262833,0.0369609856262833,0.0,0.011088295687885,0.011088295687885,0.06652977412731,0.077618069815195,0.0029568788501026,0.406570841889117,0.0,36.25872689938398,47.23613963039014,673.5400410677618,290.84599589322386,0.077618069815195,0.702258726899384,2.993839835728953,0.8501026694045175,0.5544147843942505,1.995893223819302,0.0369609856262833,0.1478439425051334,0.0739219712525667,3.252566735112936,2.402464065708419,1.3305954825462012,1.108829568788501,1.0718685831622177,0.2217659137577002,1.7371663244353184,4.139630390143737,4.176591375770021,0.997946611909651,59.507186858316224,4.213552361396304,0.2956878850102669,0.6652977412731006,24.57905544147844,1.7741273100616015,0.1108829568788501,0.924024640657084,0.2587268993839836,28.016427104722798,1.6632443531827514,0.1108829568788501,0.0739219712525667,1.219712525667351,0.0,0.0,0.0369609856262833,0.0,3.104722792607803,1.4784394250513349,DF,,defense,3
Christian Günter,de GER,DF,Freiburg,de Bundesliga,31.0,1993.0,29,27,2314,25.7,2,2,4,2,0,0,0.8,0.6,2.5,3.2,0.13,21,6,28.6,0.82,0.23,0.1,0.33,0.03,851,1143,74.5,13929,4242,4.2,28,53,30,21,121,35,2,1,52,53,2.06,4,0.16,23,21,12,8,3,55.2,8,31,50,33,1,1304,63,27,3,33.3,559,19,7,15,4,764,109,0,0,0,14,2,0,0,1,61,7,31.8,0.0777873811581676,0.0777873811581676,0.1555747623163353,0.0777873811581676,0.031114952463267,0.0233362143474503,0.0972342264477096,0.1244598098530683,0.0050561797752808,0.8167675021607607,0.233362143474503,33.098530682800344,44.45548833189282,541.7502160760588,164.98703543647363,0.1633535004321521,1.0890233362143475,2.061365600691444,1.166810717372515,0.8167675021607607,4.706136560069144,1.3612791702679343,0.0777873811581676,0.0388936905790838,2.02247191011236,0.8945548833189282,0.8167675021607607,0.466724286949006,0.3111495246326707,0.1166810717372515,0.3111495246326707,1.205704407951599,1.944684528954192,1.2834917891097666,50.71737251512532,2.4503025064822817,1.0501296456352636,0.1166810717372515,21.741573033707866,0.7389801210025929,0.2722558340535869,0.5834053586862575,0.1555747623163353,29.71477960242005,4.239412273120138,0.0,0.0,0.5445116681071738,0.0777873811581676,0.0,0.0,0.0388936905790838,2.372515125324114,0.2722558340535869,DF,,defense,1
Malo Gusto,fr FRA,DF,Chelsea,eng Premier League,21.0,2003.0,32,19,1862,20.7,0,1,1,0,0,0,1.7,1.7,1.4,3.1,0.15,22,4,18.2,1.06,0.19,0.0,0.0,0.08,1198,1385,86.5,19538,4892,1.9,22,111,19,7,53,0,2,3,119,58,2.8,4,0.19,45,29,27,15,3,52.1,24,69,49,26,5,1595,64,43,4,25.0,882,50,8,18,17,1072,85,4,0,0,20,0,0,0,0,119,9,37.5,0.0,0.0483351235230934,0.0483351235230934,0.0,0.0821697099892588,0.0821697099892588,0.0676691729323308,0.1498388829215896,0.007250268528464,1.0633727175080558,0.1933404940923737,57.90547798066595,66.94414607948443,944.3716433941996,236.45542427497315,0.0918367346938775,1.0633727175080558,5.365198711063373,0.9183673469387754,0.3383458646616541,2.5617615467239525,0.0,0.0966702470461868,0.1450053705692803,5.75187969924812,2.175080558539205,1.40171858216971,1.3050483351235231,0.7250268528464018,0.1450053705692803,1.1600429645542427,3.3351235230934475,2.3684210526315788,1.2567132116004298,77.09452201933405,3.0934479054779804,2.0784103114930184,0.1933404940923737,42.63157894736842,2.4167561761546725,0.3866809881847475,0.8700322234156821,0.8216970998925887,51.81525241675618,4.108485499462943,0.1933404940923737,0.0,0.966702470461869,0.0,0.0,0.0,0.0,5.75187969924812,0.435016111707841,DF,,defense,3
Miguel Gutiérrez,es ESP,"DF,MF",Girona,es La Liga,23.0,2001.0,29,29,2458,27.3,1,5,6,1,0,0,1.6,1.6,4.1,5.8,0.21,28,9,32.1,1.03,0.33,0.04,0.11,0.06,1241,1502,82.6,20464,4847,4.6,41,59,51,27,153,22,4,11,103,74,2.71,8,0.29,37,24,18,16,3,45.9,16,53,34,41,3,1741,68,50,29,52.7,989,63,11,37,25,1146,199,4,0,0,29,1,0,1,0,144,4,20.0,0.0366151342554922,0.1830756712774613,0.2196908055329536,0.0366151342554922,0.0585842148087876,0.0585842148087876,0.1501220504475183,0.2123677786818552,0.0076891781936533,1.0252237591537836,0.3295362082994304,45.43938161106591,54.99593165174939,749.2921074043937,177.47355573637105,0.1684296175752644,1.5012205044751832,2.160292921074044,1.8673718470301055,0.9886086248982914,5.602115541090318,0.8055329536208299,0.146460537021969,0.4027664768104149,3.771358828315704,1.354759967453214,0.8787632221318145,0.6590724165988608,0.5858421480878763,0.1098454027664768,0.5858421480878763,1.9406021155410904,1.2449145646867372,1.5012205044751832,63.74694873881204,2.4898291293734744,1.8307567127746132,1.0618388934092755,36.21236777868186,2.306753458096013,0.4027664768104149,1.354759967453214,0.9153783563873068,41.96094385679414,7.286411716842961,0.146460537021969,0.0,1.0618388934092755,0.0366151342554922,0.0,0.0366151342554922,0.0,5.272579332790887,0.146460537021969,DF,MF,defense,1
Joško Gvardiol,hr CRO,DF,Manchester City,eng Premier League,22.0,2002.0,37,36,3277,36.4,5,0,5,5,0,0,4.6,4.3,2.1,6.3,0.18,40,12,30.0,1.1,0.33,0.13,0.42,0.11,2454,2721,90.2,39905,10760,2.9,26,247,20,1,22,0,6,11,264,76,2.09,7,0.19,58,39,25,21,12,52.5,44,102,122,33,8,3103,146,98,25,58.1,1997,91,15,29,16,2257,121,2,0,0,16,1,0,0,0,137,54,56.8,0.137320720170888,0.0,0.137320720170888,0.137320720170888,0.1263350625572169,0.1180958193469636,0.0576747024717729,0.1730241074153188,0.0049435459261519,1.098565761367104,0.3295697284101312,67.39700945987182,74.72993591699725,1095.9566676838572,295.514189807751,0.079646017699115,0.7140677448886177,6.783643576441867,0.549282880683552,0.0274641440341776,0.6042111687519072,0.0,0.1647848642050656,0.3021055843759536,7.250534025022887,1.592920353982301,1.0711016173329264,0.68660360085444,0.5767470247177297,0.3295697284101312,1.2084223375038143,2.8013426914861155,3.350625572169667,0.9063167531278608,85.2212389380531,4.009765028989929,2.691486115349405,0.68660360085444,54.84589563625267,2.4992371071101616,0.411962160512664,0.7964601769911505,0.4394263045468416,61.98657308513884,3.323161428135489,0.0549282880683552,0.0,0.4394263045468416,0.0274641440341776,0.0,0.0,0.0,3.762587732682331,1.4830637778455904,DF,,defense,2
Emmanuel Gyasi,gh GHA,"DF,FW",Empoli,it Serie A,30.0,1994.0,37,37,3217,35.7,2,1,3,2,0,0,3.9,3.9,0.7,4.6,0.13,22,8,36.4,0.62,0.22,0.09,0.25,0.18,836,1084,77.1,12882,4732,1.7,17,44,20,8,37,0,2,3,53,40,1.12,5,0.14,52,29,32,14,6,63.2,11,63,77,35,0,1390,87,51,20,57.1,570,22,9,54,24,676,108,5,0,0,56,1,0,0,1,135,43,38.7,0.055952751010258,0.027976375505129,0.083929126515387,0.055952751010258,0.1091078644700031,0.1091078644700031,0.0195834628535903,0.1286913273235934,0.0036369288156667,0.615480261112838,0.223811004041032,23.388249922287848,30.32639104755984,360.39166925707184,132.38420889027043,0.0475598383587193,0.475598383587193,1.230960522225676,0.5595275101025801,0.223811004041032,1.0351258936897731,0.0,0.055952751010258,0.083929126515387,1.4827479017718372,1.454771526266708,0.811314889648741,0.895244016164128,0.391669257071806,0.167858253030774,0.307740130556419,1.7625116568231272,2.1541809138949333,0.9791731426795152,38.88716195212931,2.433944668946223,1.4267951507615793,0.5595275101025801,15.946534037923533,0.615480261112838,0.251787379546161,1.510724277276966,0.671433012123096,18.91202984146721,3.021448554553932,0.139881877525645,0.0,1.566677028287224,0.027976375505129,0.0,0.0,0.027976375505129,3.7768106931924152,1.202984146720547,DF,FW,defense,1
Massadio Haïdara,ml MLI,DF,Brest,fr Ligue 1,31.0,1992.0,22,20,1678,18.6,0,0,0,0,0,0,0.3,0.3,0.5,0.8,0.04,10,1,10.0,0.54,0.05,0.0,0.0,0.03,693,882,78.6,10603,4219,0.8,8,53,11,4,49,0,1,3,77,31,1.66,1,0.05,27,16,16,9,2,44.8,26,53,73,22,0,1106,60,13,15,53.6,486,44,5,26,7,635,76,3,2,1,20,7,1,0,0,54,25,67.6,0.0,0.0,0.0,0.0,0.0160905840286054,0.0160905840286054,0.0268176400476758,0.0429082240762812,0.002145411203814,0.5363528009535161,0.0536352800953516,37.16924910607867,47.30631704410012,568.6948748510131,226.28724672228844,0.0429082240762812,0.4290822407628128,2.8426698450536354,0.5899880810488677,0.2145411203814064,2.628128724672229,0.0,0.0536352800953516,0.1609058402860548,4.1299165673420735,1.4481525625744935,0.8581644815256257,0.8581644815256257,0.4827175208581645,0.1072705601907032,1.394517282479142,2.8426698450536354,3.915375446960668,1.1799761620977354,59.32061978545888,3.2181168057210967,0.6972586412395709,0.8045292014302742,26.06674612634088,2.3599523241954707,0.268176400476758,1.394517282479142,0.3754469606674613,34.05840286054827,4.076281287246722,0.1609058402860548,0.1072705601907032,1.0727056019070322,0.3754469606674613,0.0536352800953516,0.0,0.0,2.896305125148987,1.3408820023837902,DF,,defense,1
Antoine Hainaut,fr FRA,"DF,FW",Parma,it Serie A,22.0,2002.0,25,10,1206,13.4,2,0,2,2,0,0,0.8,0.8,1.0,1.8,0.14,6,3,50.0,0.45,0.22,0.33,0.67,0.14,372,496,75.0,5978,2498,1.4,9,28,15,8,26,1,0,3,34,19,1.42,2,0.15,26,14,15,8,3,69.2,15,41,59,7,1,676,53,14,13,48.1,322,22,3,22,9,349,37,4,0,0,13,1,0,0,0,58,33,67.3,0.1492537313432836,0.0,0.1492537313432836,0.1492537313432836,0.0597014925373134,0.0597014925373134,0.0746268656716418,0.1343283582089552,0.0104477611940298,0.4477611940298507,0.2238805970149253,27.761194029850746,37.01492537313433,446.11940298507466,186.4179104477612,0.1044776119402985,0.6716417910447761,2.08955223880597,1.119402985074627,0.5970149253731344,1.9402985074626864,0.0746268656716418,0.0,0.2238805970149253,2.537313432835821,1.9402985074626864,1.044776119402985,1.119402985074627,0.5970149253731344,0.2238805970149253,1.119402985074627,3.059701492537313,4.402985074626866,0.5223880597014925,50.44776119402985,3.955223880597015,1.044776119402985,0.9701492537313432,24.029850746268657,1.6417910447761197,0.2238805970149253,1.6417910447761197,0.6716417910447761,26.044776119402982,2.761194029850746,0.2985074626865672,0.0,0.9701492537313432,0.0746268656716418,0.0,0.0,0.0,4.328358208955224,2.4626865671641798,DF,FW,defense,3
Achraf Hakimi,ma MAR,DF,Paris S-G,fr Ligue 1,25.0,1998.0,25,24,2066,23.0,4,6,10,4,0,0,2.9,2.9,6.2,9.1,0.4,32,12,37.5,1.39,0.52,0.13,0.33,0.09,1898,2140,88.7,26053,7482,5.3,50,138,37,9,80,4,2,8,183,104,4.53,11,0.48,48,36,18,20,10,49.1,31,79,18,32,3,2371,40,81,26,50.0,1384,93,21,38,15,1817,274,4,0,0,19,3,0,0,0,136,9,42.9,0.1742497579864472,0.2613746369796709,0.4356243949661181,0.1742497579864472,0.1263310745401742,0.1263310745401742,0.2700871248789932,0.3964181994191674,0.0174249757986447,1.393998063891578,0.5227492739593418,82.68151016456922,93.22362052274929,1134.9322362052276,325.9341723136496,0.2308809293320426,2.1781219748305904,6.01161665053243,1.611810261374637,0.3920619554695063,3.484995159728945,0.1742497579864472,0.0871248789932236,0.3484995159728944,7.9719264278799615,2.090997095837367,1.5682478218780254,0.7841239109390127,0.8712487899322362,0.4356243949661181,1.350435624394966,3.441432720232333,0.7841239109390127,1.393998063891578,103.2865440464666,1.7424975798644724,3.528557599225557,1.132623426911907,60.290416263310746,4.051306873184898,0.914811229428848,1.6553727008712489,0.6534365924491772,79.15295256534365,11.936108422071635,0.1742497579864472,0.0,0.8276863504356244,0.1306873184898354,0.0,0.0,0.0,5.924491771539206,0.3920619554695063,DF,,defense,3
Lewis Hall,eng ENG,DF,Newcastle Utd,eng Premier League,19.0,2004.0,27,24,2189,24.3,0,4,4,0,0,0,0.4,0.4,4.3,4.7,0.19,11,1,9.1,0.45,0.04,0.0,0.0,0.04,1300,1592,81.7,21999,8891,3.7,34,114,17,5,110,55,4,2,123,63,2.59,6,0.25,58,41,28,22,8,54.1,18,76,75,27,3,1820,95,47,11,52.4,950,41,13,33,20,1094,80,3,0,0,9,1,0,0,0,119,30,49.2,0.0,0.1644586569209684,0.1644586569209684,0.0,0.0164458656920968,0.0164458656920968,0.1767930561900411,0.1932389218821379,0.007811786203746,0.4522613065326633,0.0411146642302421,53.449063499314754,65.45454545454545,904.4814984010964,365.55047967108266,0.1521242576518958,1.397898583828232,4.687071722247602,0.698949291914116,0.2055733211512105,4.522613065326634,2.261306532663317,0.1644586569209684,0.0822293284604842,5.0571037003197805,2.384650525354043,1.6857012334399268,1.1512105984467793,0.9045226130653268,0.3289173138419369,0.7400639561443582,3.124714481498401,3.083599817268159,1.110095934216537,74.82868889904066,3.905893101873001,1.93238921882138,0.4522613065326633,39.058931018730014,1.6857012334399268,0.5344906349931475,1.3567839195979898,0.8222932846048423,44.97944266788488,3.289173138419369,0.1233439926907263,0.0,0.3700319780721791,0.0411146642302421,0.0,0.0,0.0,4.8926450433988125,1.2334399269072636,DF,,defense,3
Andreas Hanche-Olsen,no NOR,DF,Mainz 05,de Bundesliga,27.0,1997.0,22,12,1284,14.3,1,1,2,1,0,0,0.8,0.8,0.3,1.1,0.08,12,2,16.7,0.84,0.14,0.08,0.5,0.07,530,642,82.6,9209,3287,0.6,3,26,0,0,1,0,0,2,34,5,0.35,1,0.07,21,13,12,8,1,75.0,12,33,85,3,2,812,114,21,1,100.0,394,2,0,8,3,469,5,4,1,1,20,0,0,1,0,44,49,63.6,0.0700934579439252,0.0700934579439252,0.1401869158878504,0.0700934579439252,0.0560747663551401,0.0560747663551401,0.0210280373831775,0.0771028037383177,0.005607476635514,0.8411214953271028,0.1401869158878504,37.149532710280376,45.0,645.4906542056075,230.39719626168224,0.0420560747663551,0.2102803738317757,1.822429906542056,0.0,0.0,0.0700934579439252,0.0,0.0,0.1401869158878504,2.383177570093458,1.4719626168224298,0.911214953271028,0.8411214953271028,0.5607476635514018,0.0700934579439252,0.8411214953271028,2.3130841121495327,5.957943925233645,0.2102803738317757,56.915887850467286,7.990654205607476,1.4719626168224298,0.0700934579439252,27.61682242990654,0.1401869158878504,0.0,0.5607476635514018,0.2102803738317757,32.873831775700936,0.3504672897196261,0.2803738317757009,0.0700934579439252,1.4018691588785046,0.0,0.0,0.0700934579439252,0.0,3.08411214953271,3.434579439252336,DF,,defense,0
Florent Hanin,dz ALG,DF,Angers,fr Ligue 1,34.0,1990.0,33,31,2672,29.7,1,2,3,1,0,0,0.9,0.9,1.9,2.8,0.1,11,1,9.1,0.37,0.03,0.09,1.0,0.09,1282,1654,77.5,20970,8837,2.5,25,93,37,21,107,0,2,9,99,60,2.02,9,0.3,69,48,45,17,7,54.9,47,116,99,28,2,1965,115,18,11,47.8,904,48,3,27,7,1113,108,2,0,0,16,3,0,0,0,132,15,34.9,0.0336826347305389,0.0673652694610778,0.1010479041916167,0.0336826347305389,0.030314371257485,0.030314371257485,0.0639970059880239,0.0943113772455089,0.0033682634730538,0.3705089820359282,0.0336826347305389,43.1811377245509,55.711077844311376,706.3248502994012,297.6534431137725,0.0842065868263473,0.842065868263473,3.13248502994012,1.2462574850299402,0.7073353293413174,3.604041916167665,0.0,0.0673652694610778,0.3031437125748503,3.3345808383233533,2.3241017964071857,1.616766467065868,1.5157185628742516,0.5726047904191617,0.2357784431137724,1.5830838323353291,3.907185628742515,3.3345808383233533,0.9431137724550898,66.186377245509,3.873502994011976,0.6062874251497006,0.3705089820359282,30.449101796407184,1.616766467065868,0.1010479041916167,0.9094311377245508,0.2357784431137724,37.48877245508982,3.637724550898204,0.0673652694610778,0.0,0.5389221556886228,0.1010479041916167,0.0,0.0,0.0,4.446107784431137,0.5052395209580839,DF,,defense,3
Ridgeciano Haps,sr SUR,DF,Venezia,it Serie A,31.0,1993.0,25,14,1369,15.2,1,1,2,1,0,0,1.2,1.2,0.7,1.9,0.13,15,3,20.0,0.99,0.2,0.07,0.33,0.08,460,592,77.7,7888,2684,0.8,7,33,12,6,26,0,0,6,52,20,1.31,2,0.13,30,16,19,8,3,63.6,7,37,48,15,0,738,58,26,5,33.3,365,26,7,13,6,420,47,3,0,0,14,1,0,1,0,54,14,43.8,0.0657414170927684,0.0657414170927684,0.1314828341855368,0.0657414170927684,0.0788897005113221,0.0788897005113221,0.0460189919649379,0.12490869247626,0.0085463842220598,0.9861212563915266,0.1972242512783053,30.241051862673483,38.91891891891892,518.5682980277575,176.44996347699052,0.0525931336742147,0.4601899196493791,2.1694667640613585,0.7888970051132214,0.3944485025566107,1.7092768444119797,0.0,0.0,0.3944485025566107,3.4185536888239594,1.9722425127830527,1.051862673484295,1.2490869247626004,0.5259313367421475,0.1972242512783053,0.4601899196493791,2.4324324324324325,3.155588020452885,0.9861212563915266,48.51716581446311,3.81300219138057,1.7092768444119797,0.3287070854638422,23.99561723886048,1.7092768444119797,0.4601899196493791,0.8546384222059898,0.3944485025566107,27.61139517896275,3.0898466033601166,0.1972242512783053,0.0,0.9203798392987584,0.0657414170927684,0.0,0.0657414170927684,0.0,3.550036523009496,0.9203798392987584,DF,,defense,1
Taylor Harwood-Bellis,eng ENG,DF,Southampton,eng Premier League,22.0,2002.0,34,32,2825,31.4,1,0,1,1,0,0,1.8,1.8,1.0,2.8,0.09,20,8,40.0,0.64,0.25,0.05,0.13,0.09,1892,2164,87.4,35252,12592,0.7,14,178,10,1,10,0,3,9,125,37,1.18,2,0.06,28,20,13,12,3,54.3,30,58,141,11,6,2475,340,42,3,100.0,1433,29,0,16,5,1792,9,9,0,0,35,1,0,0,0,123,63,56.3,0.031858407079646,0.0,0.031858407079646,0.031858407079646,0.0573451327433628,0.0573451327433628,0.031858407079646,0.0892035398230088,0.0028672566371681,0.6371681415929203,0.2548672566371681,60.27610619469026,68.94159292035398,1123.0725663716814,401.1610619469027,0.0223008849557522,0.4460176991150442,5.670796460176991,0.3185840707964602,0.031858407079646,0.3185840707964602,0.0,0.095575221238938,0.2867256637168142,3.982300884955752,0.8920353982300885,0.6371681415929203,0.4141592920353982,0.3823008849557522,0.095575221238938,0.9557522123893804,1.847787610619469,4.4920353982300885,0.3504424778761062,78.8495575221239,10.831858407079643,1.3380530973451328,0.095575221238938,45.65309734513274,0.9238938053097344,0.0,0.5097345132743363,0.1592920353982301,57.09026548672566,0.2867256637168142,0.2867256637168142,0.0,1.1150442477876106,0.031858407079646,0.0,0.0,0.0,3.91858407079646,2.0070796460176994,DF,,defense,2
Hans Hateboer,nl NED,DF,Rennes,fr Ligue 1,30.0,1994.0,26,18,1684,18.7,0,0,0,0,0,0,0.4,0.4,1.5,1.9,0.1,8,0,0.0,0.43,0.0,0.0,,0.05,962,1128,85.3,16725,5848,1.4,15,75,12,6,33,0,0,7,92,30,1.6,2,0.11,31,16,14,12,5,50.0,29,60,64,21,2,1305,77,17,6,60.0,696,28,5,11,5,876,63,3,0,0,20,0,0,0,0,62,42,63.6,0.0,0.0,0.0,0.0,0.0213776722090261,0.0213776722090261,0.0801662707838479,0.1015439429928741,0.0053444180522565,0.4275534441805226,0.0,51.41330166270784,60.28503562945368,893.8539192399049,312.541567695962,0.0748218527315914,0.8016627078384798,4.008313539192399,0.6413301662707839,0.3206650831353919,1.7636579572446556,0.0,0.0,0.3741092636579572,4.9168646080760094,1.6567695961995248,0.8551068883610452,0.7482185273159145,0.6413301662707839,0.2672209026128266,1.5498812351543942,3.2066508313539197,3.420427553444181,1.1223277909738718,69.74465558194774,4.11520190023753,0.9085510688836104,0.3206650831353919,37.197149643705465,1.496437054631829,0.2672209026128266,0.5878859857482185,0.2672209026128266,46.817102137767215,3.366983372921615,0.1603325415676959,0.0,1.0688836104513064,0.0,0.0,0.0,0.0,3.3135391923990496,2.244655581947744,DF,,defense,3
Jan Paul van Hecke,nl NED,DF,Brighton,eng Premier League,24.0,2000.0,34,33,2958,32.9,1,1,2,1,0,0,1.3,1.3,1.5,2.8,0.09,17,5,29.4,0.52,0.15,0.06,0.2,0.08,2016,2286,88.2,39486,15217,1.4,15,226,17,4,11,0,4,19,228,52,1.58,3,0.09,45,29,24,19,2,56.1,24,69,142,7,2,2589,272,33,5,45.5,1715,55,0,12,7,1820,5,8,1,1,25,1,0,0,0,131,82,62.1,0.0304259634888438,0.0304259634888438,0.0608519269776876,0.0304259634888438,0.0395537525354969,0.0395537525354969,0.0456389452332657,0.0851926977687626,0.0027383367139959,0.5172413793103449,0.152129817444219,61.33874239350913,69.55375253549695,1201.3995943204868,462.9918864097363,0.0425963488843813,0.4563894523326572,6.876267748478702,0.5172413793103449,0.1217038539553752,0.3346855983772819,0.0,0.1217038539553752,0.5780933062880325,6.9371196754563895,1.3691683569979716,0.8823529411764706,0.7302231237322515,0.5780933062880325,0.0608519269776876,0.7302231237322515,2.099391480730223,4.320486815415822,0.2129817444219067,78.77281947261663,8.275862068965518,1.0040567951318458,0.152129817444219,52.18052738336714,1.6734279918864097,0.0,0.3651115618661257,0.2129817444219067,55.37525354969574,0.152129817444219,0.2434077079107505,0.0304259634888438,0.7606490872210954,0.0304259634888438,0.0,0.0,0.0,3.98580121703854,2.4949290060851927,DF,,defense,2
Ramon Hendriks,nl NED,DF,Stuttgart,de Bundesliga,23.0,2001.0,25,10,1154,12.8,0,1,1,0,0,0,0.6,0.6,1.0,1.6,0.12,5,1,20.0,0.39,0.08,0.0,0.0,0.11,576,688,83.7,9614,3599,1.5,6,43,5,2,12,0,0,1,36,13,1.01,2,0.16,20,9,11,7,2,69.2,19,39,63,9,0,839,67,11,5,55.6,418,8,2,6,4,499,22,3,0,0,12,0,0,0,0,40,29,60.4,0.0,0.0779896013864818,0.0779896013864818,0.0,0.046793760831889,0.046793760831889,0.0779896013864818,0.1247833622183708,0.0093587521663778,0.389948006932409,0.0779896013864818,44.92201039861352,53.65684575389948,749.792027729636,280.684575389948,0.1169844020797227,0.4679376083188908,3.353552859618717,0.389948006932409,0.1559792027729636,0.9358752166377816,0.0,0.0,0.0779896013864818,2.8076256499133447,1.559792027729636,0.7019064124783362,0.8578856152512998,0.5459272097053726,0.1559792027729636,1.4818024263431542,3.0415944540727904,4.913344887348353,0.7019064124783362,65.43327556325823,5.225303292894281,0.8578856152512998,0.389948006932409,32.599653379549395,0.6239168110918544,0.1559792027729636,0.4679376083188908,0.3119584055459272,38.91681109185442,1.7157712305025996,0.2339688041594454,0.0,0.9358752166377816,0.0,0.0,0.0,0.0,3.119584055459272,2.2616984402079723,DF,,defense,0
Benjamin Henrichs,de GER,DF,RB Leipzig,de Bundesliga,27.0,1997.0,15,10,935,10.4,0,2,2,0,0,0,0.5,0.4,1.4,1.8,0.18,11,1,9.1,1.06,0.1,0.0,0.0,0.04,360,476,75.6,5784,2051,2.0,11,33,10,3,19,0,1,3,29,20,1.93,4,0.39,32,16,18,10,4,51.9,15,47,33,13,0,606,42,8,9,69.2,290,9,0,9,6,345,55,3,0,0,13,0,0,0,0,60,8,61.5,0.0,0.1925133689839572,0.1925133689839572,0.0,0.0481283422459893,0.0385026737967914,0.13475935828877,0.1732620320855615,0.0173262032085561,1.0588235294117647,0.0962566844919786,34.652406417112296,45.81818181818181,556.7486631016043,197.4224598930481,0.1925133689839572,1.0588235294117647,3.176470588235294,0.962566844919786,0.2887700534759358,1.8288770053475936,0.0,0.0962566844919786,0.2887700534759358,2.79144385026738,3.0802139037433154,1.5401069518716577,1.732620320855615,0.962566844919786,0.3850267379679144,1.4438502673796794,4.524064171122995,3.176470588235294,1.251336898395722,58.33155080213904,4.042780748663102,0.7700534759358288,0.8663101604278075,27.9144385026738,0.8663101604278075,0.0,0.8663101604278075,0.5775401069518716,33.208556149732615,5.294117647058823,0.2887700534759358,0.0,1.251336898395722,0.0,0.0,0.0,0.0,5.7754010695187175,0.7700534759358288,DF,,defense,3
Luis Henrique,br BRA,"DF,FW",Marseille,fr Ligue 1,22.0,2001.0,33,29,2613,29.0,7,7,14,7,0,0,4.2,4.2,4.2,8.3,0.29,30,14,46.7,1.03,0.48,0.23,0.5,0.14,1156,1427,81.0,17828,5190,5.0,53,95,47,20,97,8,2,6,143,105,3.62,15,0.52,16,9,7,6,3,90.0,10,26,30,31,0,1643,32,79,51,56.0,1015,84,29,30,19,1282,280,0,0,0,8,0,0,0,0,116,0,0.0,0.2411021814006888,0.2411021814006888,0.4822043628013777,0.2411021814006888,0.1446613088404133,0.1446613088404133,0.1446613088404133,0.285878300803674,0.0099885189437428,1.0332950631458095,0.4822043628013777,39.81630309988519,49.150401836969,614.052812858783,178.76004592422504,0.1722158438576349,1.82548794489093,3.272101033295063,1.6188289322617682,0.6888633754305397,3.340987370838117,0.2755453501722159,0.0688863375430539,0.2066590126291619,4.925373134328359,0.5510907003444317,0.3099885189437428,0.2411021814006888,0.2066590126291619,0.1033295063145809,0.3444316877152698,0.8955223880597015,1.0332950631458095,1.0677382319173363,56.59012629161883,1.1021814006888635,2.721010332950632,1.7566016073478758,34.959816303099885,2.8932261768082665,0.9988518943742823,1.0332950631458095,0.6544202066590127,44.15614236509759,9.644087256027555,0.0,0.0,0.2755453501722159,0.0,0.0,0.0,0.0,3.99540757749713,0.0,DF,FW,defense,1
Javi Hernández,es ESP,DF,Leganés,es La Liga,26.0,1998.0,31,27,2389,26.5,2,1,3,2,0,0,0.8,0.8,1.5,2.2,0.08,17,6,35.3,0.64,0.23,0.12,0.33,0.04,797,1060,75.2,12398,4703,1.4,17,54,11,4,52,4,1,4,80,41,1.54,3,0.11,26,15,16,7,3,37.0,23,49,98,21,0,1323,115,27,16,55.2,603,40,5,27,26,675,90,6,0,0,49,2,0,0,0,112,21,47.7,0.0753453327752197,0.0376726663876098,0.1130179991628296,0.0753453327752197,0.0301381331100879,0.0301381331100879,0.0565089995814148,0.0828798660527417,0.0030138133110087,0.6404353285893679,0.2260359983256592,30.025115110925075,39.93302637086647,467.0657178735872,177.17455002092925,0.0527417329426538,0.6404353285893679,2.0343239849309334,0.4143993302637087,0.1506906655504395,1.958978652155713,0.1506906655504395,0.0376726663876098,0.1506906655504395,3.01381331100879,0.9794893260778568,0.5650899958141482,0.6027626622017581,0.2637086647132691,0.1130179991628296,0.8664713269150272,1.845960652992884,3.691921305985768,0.7911259941398074,49.84093763080787,4.332356634575136,1.017161992465467,0.6027626622017581,22.71661783172876,1.506906655504395,0.1883633319380493,1.017161992465467,0.9794893260778568,25.42904981163667,3.390539974884889,0.2260359983256592,0.0,1.845960652992884,0.0753453327752197,0.0,0.0,0.0,4.219338635412306,0.7911259941398074,DF,,defense,1
Aridane Hernández,es ESP,DF,Rayo Vallecano,es La Liga,35.0,1989.0,14,11,1025,11.4,0,0,0,0,0,0,0.9,0.9,0.0,1.0,0.08,8,2,25.0,0.7,0.18,0.0,0.0,0.11,463,527,87.9,8326,2714,0.1,2,18,0,0,0,0,0,5,38,9,0.79,0,0.0,13,11,9,4,0,75.0,6,19,99,2,2,680,148,12,3,50.0,328,2,0,4,1,362,0,1,0,0,5,0,0,0,1,48,40,67.8,0.0,0.0,0.0,0.0,0.0790243902439024,0.0790243902439024,0.0,0.0878048780487804,0.0070243902439024,0.7024390243902439,0.1756097560975609,40.65365853658537,46.27317073170732,731.0634146341464,238.30243902439025,0.008780487804878,0.1756097560975609,1.5804878048780489,0.0,0.0,0.0,0.0,0.0,0.4390243902439024,3.3365853658536584,1.1414634146341465,0.9658536585365854,0.7902439024390244,0.3512195121951219,0.0,0.526829268292683,1.6682926829268292,8.692682926829269,0.1756097560975609,59.707317073170735,12.995121951219511,1.053658536585366,0.2634146341463415,28.8,0.1756097560975609,0.0,0.3512195121951219,0.0878048780487804,31.785365853658536,0.0,0.0878048780487804,0.0,0.4390243902439024,0.0,0.0,0.0,0.0878048780487804,4.214634146341464,3.5121951219512195,DF,,defense,0
Theo Hernández,fr FRA,DF,Milan,it Serie A,26.0,1997.0,33,30,2696,30.0,4,3,7,4,0,1,2.7,1.9,4.7,6.6,0.25,43,14,32.6,1.44,0.47,0.09,0.29,0.04,1373,1639,83.8,21883,6748,4.1,47,96,32,12,111,75,4,10,132,107,3.57,12,0.4,36,28,23,10,3,53.8,17,53,75,37,3,1901,84,59,24,43.6,1046,93,25,32,20,1186,148,4,1,0,17,4,1,1,0,129,37,69.8,0.1335311572700296,0.1001483679525222,0.2336795252225519,0.1335311572700296,0.09013353115727,0.063427299703264,0.1568991097922848,0.2203264094955489,0.0083456973293768,1.435459940652819,0.4673590504451038,45.83456973293769,54.71439169139466,730.5155786350149,225.26706231454008,0.1368694362017804,1.5689910979228487,3.204747774480712,1.0682492581602374,0.400593471810089,3.7054896142433233,2.5037091988130564,0.1335311572700296,0.3338278931750742,4.406528189910979,1.201780415430267,0.9347181008902076,0.7678041543026706,0.3338278931750742,0.1001483679525222,0.5675074183976261,1.769287833827893,2.5037091988130564,1.2351632047477743,63.4606824925816,2.8041543026706237,1.9695845697329375,0.8011869436201781,34.91839762611276,3.1045994065281897,0.8345697329376854,1.0682492581602374,0.6676557863501484,39.5919881305638,4.940652818991098,0.1335311572700296,0.0333827893175074,0.5675074183976261,0.1335311572700296,0.0333827893175074,0.0333827893175074,0.0,4.306379821958457,1.2351632047477743,DF,,defense,1
Jorge Herrando,es ESP,DF,Osasuna,es La Liga,23.0,2001.0,18,15,1366,15.2,1,0,1,1,0,0,1.2,1.2,0.0,1.2,0.08,12,3,25.0,0.79,0.2,0.08,0.33,0.1,625,732,85.4,11580,4279,0.1,0,29,0,0,2,0,0,6,38,13,0.86,0,0.0,17,11,9,5,3,60.0,12,29,65,5,2,871,90,17,1,100.0,505,7,0,4,1,585,1,3,0,0,25,0,0,1,0,36,29,72.5,0.0658857979502196,0.0,0.0658857979502196,0.0658857979502196,0.0790629575402635,0.0790629575402635,0.0,0.0790629575402635,0.0052708638360175,0.7906295754026355,0.1976573938506588,41.17862371888727,48.22840409956076,762.9575402635431,281.92532942898976,0.0065885797950219,0.0,1.910688140556369,0.0,0.0,0.1317715959004392,0.0,0.0,0.3953147877013177,2.5036603221083458,1.1200585651537336,0.7247437774524158,0.5929721815519766,0.3294289897510981,0.1976573938506588,0.7906295754026355,1.910688140556369,4.282576866764275,0.3294289897510981,57.38653001464128,5.929721815519766,1.1200585651537336,0.0658857979502196,33.27232796486091,0.4612005856515373,0.0,0.2635431918008785,0.0658857979502196,38.54319180087848,0.0658857979502196,0.1976573938506588,0.0,1.6471449487554906,0.0,0.0,0.0658857979502196,0.0,2.3718887262079065,1.910688140556369,DF,,defense,0
Juan Herzog,es ESP,DF,Las Palmas,es La Liga,21.0,2003.0,19,15,1315,14.6,0,0,0,0,0,0,0.9,0.9,0.0,0.9,0.06,12,2,16.7,0.82,0.14,0.0,0.0,0.07,559,647,86.4,10419,3151,0.0,0,17,0,0,0,0,0,3,27,3,0.21,0,0.0,12,12,12,0,0,56.3,18,30,86,3,0,812,129,20,0,0.0,376,0,0,2,0,472,1,1,0,0,6,0,0,0,0,41,44,63.8,0.0,0.0,0.0,0.0,0.0615969581749049,0.0615969581749049,0.0,0.0615969581749049,0.0041064638783269,0.8212927756653993,0.1368821292775665,38.258555133079845,44.28136882129278,713.0874524714828,215.6577946768061,0.0,0.0,1.1634980988593155,0.0,0.0,0.0,0.0,0.0,0.2053231939163498,1.8479087452471483,0.8212927756653993,0.8212927756653993,0.8212927756653993,0.0,0.0,1.231939163498099,2.0532319391634983,5.885931558935362,0.2053231939163498,55.57414448669202,8.828897338403042,1.368821292775665,0.0,25.733840304182507,0.0,0.0,0.1368821292775665,0.0,32.3041825095057,0.0684410646387832,0.0684410646387832,0.0,0.4106463878326996,0.0,0.0,0.0,0.0,2.806083650190114,3.011406844106464,DF,,defense,0
Isak Hien,se SWE,DF,Atalanta,it Serie A,25.0,1999.0,30,27,2327,25.9,0,0,0,0,0,0,1.0,1.0,0.1,1.1,0.04,8,2,25.0,0.31,0.08,0.0,0.0,0.12,1146,1277,89.7,22379,7040,0.2,2,43,1,0,1,0,0,1,51,5,0.19,1,0.04,48,28,27,21,0,61.4,31,79,82,13,2,1546,164,15,6,54.5,845,7,1,23,9,923,3,10,0,0,36,0,0,1,0,141,68,54.8,0.0,0.0,0.0,0.0,0.0386764073914911,0.0386764073914911,0.0038676407391491,0.0425440481306403,0.0015470562956596,0.3094112591319295,0.0773528147829823,44.3231628706489,49.38977223893424,865.5393210141814,272.281908036098,0.0077352814782982,0.0773528147829823,1.6630855178341213,0.0386764073914911,0.0,0.0386764073914911,0.0,0.0,0.0386764073914911,1.9724967769660504,1.856467554791577,1.0829394069617533,1.044262999570262,0.812204555221315,0.0,1.198968629136227,3.055436183927804,3.1714654061022776,0.5027932960893855,59.793725827245375,6.342930812204555,0.5801461108723679,0.2320584443489471,32.68156424581006,0.2707348517404383,0.0386764073914911,0.8895573700042975,0.3480876665234207,35.69832402234637,0.1160292221744735,0.3867640739149119,0.0,1.3923506660936829,0.0,0.0,0.0386764073914911,0.0,5.453373442200258,2.6299957026214007,DF,,defense,0
Omar El Hilali,ma MAR,DF,Espanyol,es La Liga,20.0,2003.0,36,36,3153,35.0,0,2,2,0,0,0,0.0,0.0,0.8,0.9,0.02,2,0,0.0,0.06,0.0,0.0,,0.01,1245,1577,78.9,23391,8719,1.4,8,81,11,6,57,0,1,16,84,28,0.8,3,0.09,111,79,81,24,6,67.4,46,157,145,25,2,1992,160,5,17,58.6,888,35,2,21,7,981,61,11,0,0,52,1,0,2,0,132,36,54.5,0.0,0.0570884871550903,0.0570884871550903,0.0,0.0,0.0,0.0228353948620361,0.0256898192197906,0.0005708848715509,0.0570884871550903,0.0,35.53758325404377,45.01427212178877,667.6784015223596,248.87725975261657,0.0399619410085632,0.2283539486203615,2.3120837297811607,0.3139866793529972,0.1712654614652712,1.6270218839200763,0.0,0.0285442435775451,0.4567078972407231,2.3977164605137964,3.1684110371075165,2.2549952426260704,2.3120837297811607,0.6850618458610848,0.1712654614652712,1.313035204567079,4.481446241674596,4.138915318744053,0.7136060894386298,56.86013320647002,4.567078972407232,0.142721217887726,0.4852521408182683,25.34728829686013,0.9990485252140818,0.0570884871550903,0.5994291151284491,0.1998097050428163,28.00190294957184,1.741198858230257,0.3139866793529972,0.0,1.48430066603235,0.0285442435775451,0.0,0.0570884871550903,0.0,3.7678401522359657,1.027592768791627,DF,,defense,3
Piero Hincapié,ec ECU,DF,Leverkusen,de Bundesliga,22.0,2002.0,32,28,2670,29.7,2,2,4,2,0,0,2.9,2.9,3.2,6.1,0.21,22,3,13.6,0.74,0.1,0.09,0.67,0.13,1855,2110,87.9,30779,10852,3.5,16,160,16,7,37,0,2,7,152,35,1.18,3,0.1,52,40,27,15,10,61.0,32,84,114,21,1,2456,214,48,5,29.4,1366,52,6,19,5,1705,72,8,0,0,26,0,0,0,1,105,65,60.2,0.0674157303370786,0.0674157303370786,0.1348314606741573,0.0674157303370786,0.097752808988764,0.097752808988764,0.1078651685393258,0.2056179775280898,0.0070786516853932,0.7415730337078652,0.1011235955056179,62.528089887640455,71.12359550561798,1037.494382022472,365.7977528089888,0.1179775280898876,0.5393258426966292,5.393258426966292,0.5393258426966292,0.2359550561797753,1.247191011235955,0.0,0.0674157303370786,0.2359550561797753,5.123595505617978,1.752808988764045,1.348314606741573,0.9101123595505616,0.5056179775280899,0.3370786516853932,1.0786516853932584,2.831460674157304,3.842696629213483,0.7078651685393259,82.78651685393258,7.213483146067415,1.6179775280898878,0.1685393258426966,46.04494382022472,1.752808988764045,0.2022471910112359,0.6404494382022472,0.1685393258426966,57.47191011235955,2.426966292134832,0.2696629213483146,0.0,0.8764044943820225,0.0,0.0,0.0,0.0337078651685393,3.539325842696629,2.1910112359550564,DF,,defense,2
Ki-Jana Hoever,nl NED,DF,Auxerre,fr Ligue 1,22.0,2002.0,30,26,2124,23.6,1,2,3,1,0,0,0.5,0.5,2.7,3.2,0.13,10,5,50.0,0.42,0.21,0.1,0.2,0.05,768,1084,70.8,13172,5159,1.7,24,66,28,14,78,0,1,12,79,49,2.08,4,0.17,51,38,26,16,9,55.6,21,72,70,33,1,1349,75,29,9,25.7,656,59,12,32,12,756,128,4,1,1,22,1,0,0,0,91,24,55.8,0.0423728813559322,0.0847457627118644,0.1271186440677966,0.0423728813559322,0.0211864406779661,0.0211864406779661,0.1144067796610169,0.135593220338983,0.0055084745762711,0.423728813559322,0.211864406779661,32.54237288135593,45.932203389830505,558.1355932203389,218.60169491525423,0.0720338983050847,1.0169491525423728,2.796610169491525,1.1864406779661016,0.5932203389830508,3.305084745762712,0.0,0.0423728813559322,0.5084745762711864,3.347457627118644,2.1610169491525424,1.6101694915254237,1.1016949152542372,0.6779661016949152,0.3813559322033898,0.8898305084745763,3.0508474576271185,2.966101694915254,1.3983050847457628,57.16101694915255,3.1779661016949152,1.228813559322034,0.3813559322033898,27.79661016949153,2.5,0.5084745762711864,1.3559322033898304,0.5084745762711864,32.03389830508475,5.423728813559322,0.1694915254237288,0.0423728813559322,0.9322033898305084,0.0423728813559322,0.0,0.0,0.0,3.855932203389831,1.0169491525423728,DF,,defense,3
Emil Holm,se SWE,DF,Bologna,it Serie A,24.0,2000.0,21,12,1137,12.6,1,1,2,1,0,0,0.6,0.6,0.7,1.3,0.1,10,3,30.0,0.79,0.24,0.1,0.33,0.06,560,735,76.2,10735,3499,0.9,10,47,14,8,40,0,1,11,49,28,2.22,2,0.16,34,21,17,14,3,64.5,10,44,51,12,1,909,44,26,10,40.0,442,29,5,26,14,490,43,3,0,0,16,1,1,0,0,47,31,60.8,0.079155672823219,0.079155672823219,0.158311345646438,0.079155672823219,0.0474934036939313,0.0474934036939313,0.0554089709762532,0.1029023746701847,0.0079155672823219,0.79155672823219,0.2374670184696569,44.32717678100264,58.17941952506597,849.7361477572559,276.9656992084433,0.071240105540897,0.79155672823219,3.7203166226912927,1.108179419525066,0.633245382585752,3.16622691292876,0.0,0.079155672823219,0.8707124010554089,3.8786279683377303,2.6912928759894457,1.662269129287599,1.3456464379947228,1.108179419525066,0.2374670184696569,0.79155672823219,3.482849604221636,4.036939313984169,0.949868073878628,71.95250659630607,3.482849604221636,2.058047493403694,0.79155672823219,34.9868073878628,2.29551451187335,0.395778364116095,2.058047493403694,1.108179419525066,38.78627968337731,3.4036939313984167,0.2374670184696569,0.0,1.266490765171504,0.079155672823219,0.079155672823219,0.0,0.0,3.7203166226912927,2.4538258575197887,DF,,defense,3
Gerrit Holtmann,ph PHI,"DF,FW",Bochum,de Bundesliga,29.0,1995.0,23,12,1136,12.6,2,1,3,2,0,0,2.0,2.0,2.9,4.9,0.39,31,8,25.8,2.46,0.63,0.06,0.25,0.07,270,411,65.7,4724,1601,2.8,20,16,25,16,91,0,0,2,33,43,3.4,3,0.24,24,19,14,8,2,50.0,16,40,15,28,0,571,23,28,6,30.0,336,50,9,33,10,353,97,2,0,0,26,0,0,0,0,49,12,42.9,0.1584507042253521,0.079225352112676,0.2376760563380281,0.1584507042253521,0.1584507042253521,0.1584507042253521,0.2297535211267605,0.3882042253521127,0.0308978873239436,2.455985915492957,0.6338028169014085,21.390845070422536,32.561619718309856,374.26056338028167,126.83978873239435,0.2218309859154929,1.5845070422535212,1.267605633802817,1.9806338028169013,1.267605633802817,7.209507042253522,0.0,0.0,0.1584507042253521,2.61443661971831,1.9014084507042253,1.505281690140845,1.1091549295774648,0.6338028169014085,0.1584507042253521,1.267605633802817,3.1690140845070425,1.1883802816901408,2.218309859154929,45.23767605633802,1.8221830985915493,2.218309859154929,0.4753521126760563,26.61971830985916,3.9612676056338025,0.7130281690140845,2.61443661971831,0.7922535211267606,27.966549295774648,7.684859154929577,0.1584507042253521,0.0,2.059859154929577,0.0,0.0,0.0,0.0,3.8820422535211274,0.9507042253521126,DF,FW,defense,1
Dean Huijsen,es ESP,DF,Bournemouth,eng Premier League,19.0,2005.0,32,26,2427,27.0,3,2,5,3,0,0,1.9,1.9,2.0,3.9,0.14,18,3,16.7,0.67,0.11,0.17,1.0,0.1,1355,1625,83.4,27219,10928,1.6,15,180,7,2,12,0,2,15,132,43,1.59,3,0.11,36,26,19,16,1,62.1,51,87,198,12,4,2021,254,30,2,40.0,1118,41,0,20,1,1271,10,10,0,0,31,1,0,0,0,105,68,60.7,0.111248454882571,0.0741656365883807,0.1854140914709518,0.111248454882571,0.0704573547589616,0.0704573547589616,0.0741656365883807,0.1446229913473424,0.0051915945611866,0.6674907292954265,0.111248454882571,50.24721878862793,60.259579728059336,1009.3572311495676,405.2410383189123,0.0593325092707045,0.5562422744128553,6.6749072929542645,0.2595797280593325,0.0741656365883807,0.4449938195302843,0.0,0.0741656365883807,0.5562422744128553,4.894932014833128,1.334981458590853,0.9641532756489491,0.7045735475896168,0.5933250927070457,0.0370828182941903,1.8912237330037085,3.226205191594561,7.342398022249691,0.4449938195302843,74.94437577255871,9.419035846724352,1.112484548825711,0.0741656365883807,41.45859085290482,1.5203955500618045,0.0,0.7416563658838072,0.0370828182941903,47.13226205191594,0.3708281829419036,0.3708281829419036,0.0,1.1495673671199012,0.0370828182941903,0.0,0.0,0.0,3.893695920889988,2.521631644004944,DF,,defense,0
Mats Hummels,de GER,DF,Roma,it Serie A,35.0,1988.0,14,11,915,10.2,0,0,0,0,0,0,0.5,0.5,0.1,0.5,0.05,8,1,12.5,0.79,0.1,0.0,0.0,0.06,389,437,89.0,7200,2611,0.1,2,15,0,0,2,0,1,0,26,8,0.79,1,0.1,30,15,16,14,0,61.1,26,56,43,7,0,560,57,10,4,66.7,279,4,0,0,1,324,1,1,0,0,9,1,0,0,1,41,23,60.5,0.0,0.0,0.0,0.0,0.0491803278688524,0.0491803278688524,0.0098360655737704,0.0491803278688524,0.0049180327868852,0.7868852459016393,0.0983606557377049,38.26229508196722,42.98360655737705,708.1967213114754,256.8196721311476,0.0098360655737704,0.1967213114754098,1.475409836065574,0.0,0.0,0.1967213114754098,0.0,0.0983606557377049,0.0,2.557377049180328,2.950819672131148,1.475409836065574,1.5737704918032789,1.3770491803278688,0.0,2.557377049180328,5.508196721311475,4.229508196721311,0.6885245901639344,55.08196721311476,5.606557377049181,0.9836065573770492,0.3934426229508196,27.442622950819672,0.3934426229508196,0.0,0.0,0.0983606557377049,31.86885245901639,0.0983606557377049,0.0983606557377049,0.0,0.8852459016393444,0.0983606557377049,0.0,0.0,0.0983606557377049,4.032786885245902,2.2622950819672134,DF,,defense,0
Jay Idzes,id IDN,DF,Venezia,it Serie A,24.0,2000.0,35,35,3127,34.7,1,0,1,1,0,0,1.8,1.8,0.7,2.5,0.07,15,3,20.0,0.43,0.09,0.07,0.33,0.12,1457,1694,86.0,26675,9202,0.4,8,65,4,1,6,0,1,3,84,24,0.69,0,0.0,45,29,24,17,4,51.5,32,77,156,12,0,2078,274,33,1,14.3,1051,15,0,31,7,1166,15,5,0,0,50,1,0,3,0,113,57,41.3,0.028781579788935,0.0,0.028781579788935,0.028781579788935,0.0518068436200831,0.0518068436200831,0.0201471058522545,0.0719539494723377,0.0020147105852254,0.4317236968340262,0.0863447393668052,41.934761752478416,48.75599616245602,767.7486408698434,264.8480972177806,0.011512631915574,0.2302526383114806,1.8708026862807805,0.1151263191557403,0.028781579788935,0.1726894787336104,0.0,0.028781579788935,0.0863447393668052,2.417652702270547,1.2951710905020788,0.8346658138791174,0.6907579149344419,0.4892868564118963,0.1151263191557403,0.9210105532459226,2.2161816437480013,4.489926447073873,0.3453789574672209,59.8081228014071,7.886152862168212,0.9497921330348577,0.028781579788935,30.24944035817077,0.4317236968340262,0.0,0.8922289734569875,0.2014710585225455,33.559322033898304,0.4317236968340262,0.1439078989446754,0.0,1.4390789894467542,0.028781579788935,0.0,0.0863447393668052,0.0,3.252318516149664,1.6405500479692998,DF,,defense,0
Iglesias,es ESP,DF,Getafe,es La Liga,26.0,1998.0,37,32,2888,32.1,0,1,1,0,0,0,1.6,1.6,2.2,3.8,0.12,21,3,14.3,0.65,0.09,0.0,0.0,0.08,686,1202,57.1,13129,6832,1.8,20,84,24,14,84,0,0,14,84,59,1.84,5,0.16,81,47,42,33,6,51.1,50,131,133,42,1,1627,104,15,13,40.6,554,32,4,36,15,569,67,4,0,0,45,5,0,0,0,107,35,47.9,0.0,0.031163434903047,0.031163434903047,0.0,0.0498614958448753,0.0498614958448753,0.0685595567867036,0.1184210526315789,0.0037396121883656,0.6544321329639889,0.0934903047091412,21.378116343490305,37.458448753462605,409.1447368421053,212.9085872576177,0.0560941828254847,0.6232686980609418,2.617728531855956,0.7479224376731303,0.4362880886426593,2.617728531855956,0.0,0.0,0.4362880886426593,2.617728531855956,2.5242382271468142,1.4646814404432134,1.308864265927978,1.028393351800554,0.1869806094182825,1.558171745152355,4.0824099722991685,4.144736842105263,1.308864265927978,50.70290858725762,3.2409972299168976,0.4674515235457063,0.4051246537396122,17.264542936288088,0.997229916897507,0.1246537396121883,1.1218836565096957,0.4674515235457063,17.731994459833796,2.087950138504155,0.1246537396121883,0.0,1.4023545706371192,0.1558171745152354,0.0,0.0,0.0,3.3344875346260388,1.0907202216066485,DF,,defense,3
Igor,br BRA,DF,Brighton,eng Premier League,26.0,1998.0,13,10,961,10.7,0,0,0,0,0,0,0.0,0.0,0.2,0.2,0.02,1,0,0.0,0.09,0.0,0.0,,0.05,671,730,91.9,12145,3851,0.3,2,39,2,1,4,0,3,4,49,14,1.31,0,0.0,5,5,2,2,1,40.0,4,9,39,5,1,816,109,1,5,83.3,530,9,0,1,0,606,1,4,0,0,9,1,0,0,0,42,8,57.1,0.0,0.0,0.0,0.0,0.0,0.0,0.0187304890738813,0.0187304890738813,0.0018730489073881,0.0936524453694068,0.0,62.840790842872,68.36628511966701,1137.4089490114466,360.6555671175858,0.028095733610822,0.1873048907388137,3.652445369406868,0.1873048907388137,0.0936524453694068,0.3746097814776275,0.0,0.2809573361082206,0.3746097814776275,4.588969823100936,0.4682622268470343,0.4682622268470343,0.1873048907388137,0.1873048907388137,0.0936524453694068,0.3746097814776275,0.8428720083246618,3.652445369406868,0.4682622268470343,76.42039542143601,10.20811654526535,0.0936524453694068,0.4682622268470343,49.63579604578564,0.8428720083246618,0.0,0.0936524453694068,0.0,56.75338189386056,0.0936524453694068,0.3746097814776275,0.0,0.8428720083246618,0.0936524453694068,0.0,0.0,0.0,3.9334027055150886,0.749219562955255,DF,,defense,2
Ismaily,br BRA,DF,Lille,fr Ligue 1,34.0,1990.0,16,10,904,10.0,0,1,1,0,0,0,0.7,0.7,1.0,1.7,0.17,10,4,40.0,1.0,0.4,0.0,0.0,0.07,552,632,87.3,8555,2786,1.3,5,45,9,4,16,4,1,0,54,24,2.39,1,0.1,33,17,17,12,4,65.4,13,46,49,11,0,778,34,22,8,42.1,384,15,2,13,10,480,51,4,0,0,13,0,0,0,0,46,12,44.4,0.0,0.0995575221238938,0.0995575221238938,0.0,0.0696902654867256,0.0696902654867256,0.0995575221238938,0.1692477876106194,0.0169247787610619,0.995575221238938,0.3982300884955752,54.95575221238938,62.92035398230088,851.7146017699116,277.3672566371681,0.1294247787610619,0.497787610619469,4.480088495575221,0.8960176991150443,0.3982300884955752,1.592920353982301,0.3982300884955752,0.0995575221238938,0.0,5.376106194690266,3.285398230088496,1.692477876106195,1.692477876106195,1.1946902654867255,0.3982300884955752,1.2942477876106195,4.579646017699115,4.878318584070796,1.095132743362832,77.45575221238937,3.38495575221239,2.190265486725664,0.7964601769911505,38.23008849557522,1.4933628318584071,0.1991150442477876,1.2942477876106195,0.995575221238938,47.78761061946903,5.077433628318584,0.3982300884955752,0.0,1.2942477876106195,0.0,0.0,0.0,0.0,4.579646017699115,1.1946902654867255,DF,,defense,3
Ardian Ismajli,al ALB,DF,Empoli,it Serie A,27.0,1996.0,29,29,2508,27.9,0,0,0,0,0,0,0.3,0.3,0.0,0.4,0.01,5,0,0.0,0.18,0.0,0.0,,0.06,872,1005,86.8,17912,6132,0.1,2,12,0,0,0,0,0,2,38,8,0.29,1,0.04,30,23,21,9,0,80.0,56,86,249,4,3,1410,245,7,0,,592,3,0,8,3,668,1,3,0,0,21,0,0,0,0,83,77,58.8,0.0,0.0,0.0,0.0,0.0107655502392344,0.0107655502392344,0.0,0.0143540669856459,0.0003588516746411,0.1794258373205741,0.0,31.29186602870813,36.06459330143541,642.7751196172248,220.04784688995215,0.0035885167464114,0.0717703349282296,0.4306220095693779,0.0,0.0,0.0,0.0,0.0,0.0717703349282296,1.3636363636363638,1.076555023923445,0.8253588516746412,0.7535885167464115,0.3229665071770335,0.0,2.0095693779904304,3.086124401913876,8.935406698564593,0.1435406698564593,50.59808612440192,8.791866028708133,0.2511961722488038,0.0,21.24401913875598,0.1076555023923444,0.0,0.2870813397129186,0.1076555023923444,23.97129186602871,0.0358851674641148,0.1076555023923444,0.0,0.7535885167464115,0.0,0.0,0.0,0.0,2.978468899521531,2.763157894736842,DF,,defense,0
Ko Itakura,jp JPN,DF,Gladbach,de Bundesliga,27.0,1997.0,31,31,2790,31.0,3,0,3,3,0,0,1.6,1.6,0.8,2.5,0.08,21,7,33.3,0.68,0.23,0.14,0.43,0.08,1617,1817,89.0,29287,9848,1.5,7,60,8,4,9,0,1,3,69,25,0.81,1,0.03,40,29,23,16,1,61.8,28,68,171,11,0,2170,326,32,12,52.2,1326,23,0,9,8,1513,5,5,0,0,28,1,0,1,0,95,65,65.0,0.0967741935483871,0.0,0.0967741935483871,0.0967741935483871,0.0516129032258064,0.0516129032258064,0.0258064516129032,0.0806451612903225,0.0025806451612903,0.6774193548387097,0.2258064516129032,52.16129032258065,58.612903225806456,944.741935483871,317.6774193548387,0.0483870967741935,0.2258064516129032,1.935483870967742,0.2580645161290322,0.1290322580645161,0.2903225806451613,0.0,0.032258064516129,0.0967741935483871,2.225806451612903,1.2903225806451613,0.935483870967742,0.7419354838709677,0.5161290322580645,0.032258064516129,0.9032258064516128,2.1935483870967745,5.516129032258064,0.3548387096774194,70.0,10.516129032258064,1.032258064516129,0.3870967741935484,42.774193548387096,0.7419354838709677,0.0,0.2903225806451613,0.2580645161290322,48.80645161290323,0.1612903225806451,0.1612903225806451,0.0,0.9032258064516128,0.032258064516129,0.0,0.032258064516129,0.0,3.0645161290322585,2.096774193548387,DF,,defense,0
Marko Ivezić,rs SRB,DF,Holstein Kiel,de Bundesliga,22.0,2001.0,23,18,1657,18.4,0,0,0,0,0,0,0.6,0.6,0.2,0.8,0.04,7,0,0.0,0.38,0.0,0.0,,0.08,803,934,86.0,15522,5455,0.3,4,33,2,0,1,0,1,2,40,12,0.65,1,0.05,29,19,20,6,3,35.7,27,56,103,10,2,1176,175,14,4,57.1,596,3,0,17,7,746,9,5,0,0,27,1,0,0,0,71,34,53.1,0.0,0.0,0.0,0.0,0.0325890162945081,0.0325890162945081,0.0108630054315027,0.0434520217260108,0.0021726010863005,0.380205190102595,0.0,43.614966807483405,50.730235365117686,843.0778515389258,296.2884731442366,0.016294508147254,0.2172601086300543,1.792395896197948,0.1086300543150271,0.0,0.0543150271575135,0.0,0.0543150271575135,0.1086300543150271,2.172601086300543,1.5751357875678935,1.031985515992758,1.0863005431502717,0.3258901629450814,0.1629450814725407,1.4665057332528666,3.041641520820761,5.594447797223899,0.5431502715751357,63.87447193723597,9.505129752564876,0.7604103802051901,0.2172601086300543,32.37175618587809,0.1629450814725407,0.0,0.9233554616777307,0.380205190102595,40.51901025950513,0.4888352444176222,0.2715751357875678,0.0,1.4665057332528666,0.0543150271575135,0.0,0.0,0.0,3.856366928183464,1.8467109233554615,DF,,defense,0
Armando Izzo,it ITA,DF,Monza,it Serie A,32.0,1992.0,30,28,2435,27.1,1,1,2,1,0,0,0.4,0.4,0.8,1.2,0.05,6,2,33.3,0.22,0.07,0.17,0.5,0.07,1305,1485,87.9,24799,7620,0.3,11,55,6,1,8,0,2,7,72,20,0.74,2,0.07,40,15,30,9,1,50.0,45,85,101,12,0,1768,264,14,6,66.7,1009,12,0,21,6,1085,12,12,0,0,65,0,0,0,0,90,52,44.8,0.0369609856262833,0.0369609856262833,0.0739219712525667,0.0369609856262833,0.0147843942505133,0.0147843942505133,0.0295687885010266,0.04435318275154,0.0018480492813141,0.2217659137577002,0.0739219712525667,48.2340862422998,54.8870636550308,916.5954825462012,281.64271047227925,0.011088295687885,0.406570841889117,2.0328542094455853,0.2217659137577002,0.0369609856262833,0.2956878850102669,0.0,0.0739219712525667,0.2587268993839836,2.6611909650924024,1.4784394250513349,0.5544147843942505,1.108829568788501,0.3326488706365503,0.0369609856262833,1.6632443531827514,3.141683778234086,3.73305954825462,0.4435318275154004,65.347022587269,9.757700205338809,0.5174537987679672,0.2217659137577002,37.29363449691992,0.4435318275154004,0.0,0.7761806981519508,0.2217659137577002,40.10266940451746,0.4435318275154004,0.4435318275154004,0.0,2.402464065708419,0.0,0.0,0.0,0.0,3.326488706365503,1.9219712525667352,DF,,defense,0
Jérémy Jacquet,fr FRA,DF,Rennes,fr Ligue 1,19.0,2005.0,11,11,927,10.3,0,1,1,0,0,0,0.8,0.8,0.8,1.6,0.16,8,3,37.5,0.78,0.29,0.0,0.0,0.1,424,508,83.5,8419,3020,0.7,4,49,1,0,3,0,1,4,40,9,0.87,1,0.1,26,17,11,8,7,63.6,27,53,45,10,1,627,55,10,5,62.5,353,8,1,6,3,408,4,0,0,0,13,0,0,0,0,41,19,65.5,0.0,0.0970873786407766,0.0970873786407766,0.0,0.0776699029126213,0.0776699029126213,0.0776699029126213,0.1553398058252427,0.0155339805825242,0.7766990291262135,0.2912621359223301,41.16504854368932,49.32038834951456,817.378640776699,293.2038834951456,0.0679611650485436,0.3883495145631067,4.757281553398058,0.0970873786407766,0.0,0.2912621359223301,0.0,0.0970873786407766,0.3883495145631067,3.883495145631069,2.5242718446601944,1.6504854368932038,1.0679611650485437,0.7766990291262135,0.6796116504854369,2.621359223300971,5.1456310679611645,4.368932038834951,0.9708737864077672,60.873786407766985,5.339805825242719,0.9708737864077672,0.4854368932038835,34.271844660194176,0.7766990291262135,0.0970873786407766,0.5825242718446603,0.2912621359223301,39.61165048543689,0.3883495145631067,0.0,0.0,1.2621359223300972,0.0,0.0,0.0,0.0,3.9805825242718447,1.8446601941747571,DF,,defense,3
Reece James,eng ENG,"DF,MF",Chelsea,eng Premier League,24.0,1999.0,19,12,1063,11.8,1,1,2,1,0,0,0.4,0.4,0.7,1.1,0.1,11,3,27.3,0.93,0.25,0.09,0.33,0.04,717,854,84.0,12618,4375,1.2,11,80,5,1,43,19,4,2,64,18,1.52,3,0.25,10,9,6,3,1,33.3,13,23,23,10,4,952,43,7,7,41.2,486,7,1,7,9,607,12,1,0,0,8,0,0,0,0,66,23,71.9,0.0846660395108184,0.0846660395108184,0.1693320790216368,0.0846660395108184,0.0338664158043273,0.0338664158043273,0.0592662276575729,0.0931326434619002,0.0084666039510818,0.9313264346190028,0.2539981185324553,60.70555032925682,72.30479774223895,1068.3160865475072,370.4139228598307,0.1015992474129821,0.9313264346190028,6.773283160865475,0.4233301975540922,0.0846660395108184,3.640639698965193,1.6086547507055504,0.3386641580432737,0.1693320790216368,5.41862652869238,0.8466603951081844,0.7619943555973658,0.5079962370649107,0.2539981185324553,0.0846660395108184,1.1006585136406395,1.947318908748824,1.947318908748824,0.8466603951081844,80.60206961429915,3.640639698965193,0.5926622765757291,0.5926622765757291,41.14769520225776,0.5926622765757291,0.0846660395108184,0.5926622765757291,0.7619943555973658,51.3922859830668,1.0159924741298214,0.0846660395108184,0.0,0.6773283160865475,0.0,0.0,0.0,0.0,5.587958607714016,1.947318908748824,DF,MF,defense,2
Gaby Jean,fr FRA,DF,Lecce,it Serie A,24.0,2000.0,19,16,1388,15.4,0,0,0,0,0,0,0.1,0.1,0.1,0.2,0.01,1,1,100.0,0.06,0.06,0.0,0.0,0.09,727,862,84.3,12291,5135,0.1,1,33,1,1,1,0,0,4,42,4,0.26,0,0.0,14,7,8,5,1,54.5,9,23,71,10,1,992,136,3,2,66.7,500,8,0,5,5,618,3,0,0,0,15,0,0,1,0,55,41,63.1,0.0,0.0,0.0,0.0,0.0064841498559077,0.0064841498559077,0.0064841498559077,0.0129682997118155,0.0006484149855907,0.0648414985590778,0.0648414985590778,47.13976945244957,55.893371757925074,796.9668587896253,332.9610951008645,0.0064841498559077,0.0648414985590778,2.139769452449568,0.0648414985590778,0.0648414985590778,0.0648414985590778,0.0,0.0,0.2593659942363112,2.723342939481268,0.9077809798270894,0.4538904899135447,0.5187319884726225,0.324207492795389,0.0648414985590778,0.5835734870317003,1.4913544668587897,4.6037463976945245,0.648414985590778,64.32276657060518,8.818443804034581,0.1945244956772334,0.1296829971181556,32.4207492795389,0.5187319884726225,0.0,0.324207492795389,0.324207492795389,40.07204610951008,0.1945244956772334,0.0,0.0,0.9726224783861672,0.0,0.0,0.0648414985590778,0.0,3.56628242074928,2.65850144092219,DF,,defense,0
Moritz Jenz,de GER,DF,Mainz 05,de Bundesliga,25.0,1999.0,19,18,1600,17.8,0,0,0,0,0,0,1.6,1.6,0.3,1.8,0.1,10,4,40.0,0.56,0.23,0.0,0.0,0.16,712,845,84.3,12788,4551,0.4,3,37,2,0,0,0,0,1,47,11,0.62,2,0.11,36,20,18,18,0,76.2,30,66,128,1,2,1098,161,20,2,40.0,510,1,1,7,0,592,3,4,0,0,27,0,0,0,0,73,73,64.0,0.0,0.0,0.0,0.0,0.09,0.09,0.016875,0.10125,0.005625,0.5625,0.225,40.05,47.53124999999999,719.3249999999999,255.99375,0.0225,0.1687499999999999,2.08125,0.1125,0.0,0.0,0.0,0.0,0.05625,2.64375,2.025,1.125,1.0125,1.0125,0.0,1.6875,3.7125,7.2,0.05625,61.7625,9.05625,1.125,0.1125,28.6875,0.05625,0.05625,0.39375,0.0,33.3,0.1687499999999999,0.225,0.0,1.51875,0.0,0.0,0.0,0.0,4.10625,4.10625,DF,,defense,0
Juan Jesus,br BRA,DF,Napoli,it Serie A,33.0,1991.0,15,12,1074,11.9,0,1,1,0,0,0,0.3,0.3,0.0,0.4,0.03,3,0,0.0,0.25,0.0,0.0,,0.11,764,853,89.6,15673,4982,0.1,1,40,2,0,0,0,1,0,50,9,0.75,1,0.08,25,14,16,9,0,60.0,9,34,42,10,0,952,79,3,0,,589,3,0,4,1,712,2,2,0,0,14,0,0,0,0,30,24,60.0,0.0,0.0837988826815642,0.0837988826815642,0.0,0.0251396648044692,0.0251396648044692,0.0,0.0335195530726257,0.0025139664804469,0.2513966480446927,0.0,64.02234636871509,71.4804469273743,1313.3798882681565,417.4860335195531,0.0083798882681564,0.0837988826815642,3.35195530726257,0.1675977653631284,0.0,0.0,0.0,0.0837988826815642,0.0,4.189944134078212,2.094972067039106,1.1731843575418994,1.340782122905028,0.7541899441340782,0.0,0.7541899441340782,2.8491620111731844,3.5195530726256985,0.8379888268156425,79.77653631284916,6.620111731843576,0.2513966480446927,0.0,49.35754189944134,0.2513966480446927,0.0,0.3351955307262569,0.0837988826815642,59.66480446927374,0.1675977653631284,0.1675977653631284,0.0,1.1731843575418994,0.0,0.0,0.0,0.0,2.513966480446927,2.011173184357542,DF,,defense,2
Alejandro Jiménez,es ESP,"DF,FW",Milan,it Serie A,19.0,2005.0,22,14,1266,14.1,0,1,1,0,0,0,0.8,0.8,1.3,2.1,0.15,15,5,33.3,1.07,0.36,0.0,0.0,0.06,452,564,80.1,7535,1817,1.3,12,33,12,5,37,0,3,3,37,34,2.42,4,0.28,24,13,8,14,2,40.7,15,39,23,21,0,729,23,37,26,55.3,423,55,17,27,13,437,72,6,0,0,12,3,0,0,0,69,9,40.9,0.0,0.0710900473933649,0.0710900473933649,0.0,0.0568720379146919,0.0568720379146919,0.0924170616113744,0.1492890995260663,0.0106635071090047,1.066350710900474,0.3554502369668246,32.132701421800945,40.094786729857816,535.6635071090047,129.17061611374407,0.0924170616113744,0.8530805687203792,2.3459715639810423,0.8530805687203792,0.3554502369668246,2.6303317535545023,0.0,0.2132701421800948,0.2132701421800948,2.6303317535545023,1.7061611374407584,0.924170616113744,0.5687203791469194,0.9952606635071092,0.1421800947867298,1.066350710900474,2.772511848341232,1.6350710900473933,1.4928909952606635,51.82464454976304,1.6350710900473933,2.6303317535545023,1.848341232227488,30.07109004739337,3.909952606635071,1.2085308056872035,1.9194312796208528,0.924170616113744,31.066350710900476,5.118483412322274,0.4265402843601896,0.0,0.8530805687203792,0.2132701421800948,0.0,0.0,0.0,4.9052132701421804,0.6398104265402843,DF,FW,defense,1
Ben Johnson,eng ENG,"DF,FW",Ipswich Town,eng Premier League,24.0,2000.0,23,14,1354,15.0,1,2,3,1,0,0,1.1,1.1,1.3,2.3,0.16,7,3,42.9,0.47,0.2,0.14,0.33,0.15,298,416,71.6,4835,2045,0.9,12,22,3,2,37,13,2,4,27,24,1.6,5,0.33,38,22,23,12,3,48.8,13,51,54,23,1,626,60,12,8,33.3,259,16,3,23,17,292,33,5,1,1,27,2,0,0,0,57,19,51.4,0.0664697193500738,0.1329394387001477,0.1994091580502215,0.0664697193500738,0.0731166912850812,0.0731166912850812,0.086410635155096,0.1528803545051698,0.0106351550960118,0.465288035450517,0.1994091580502215,19.80797636632201,27.651403249630725,321.3810930576071,135.93057607090105,0.0598227474150664,0.7976366322008863,1.4623338257016247,0.1994091580502215,0.1329394387001477,2.4593796159527326,0.8641063515509602,0.1329394387001477,0.2658788774002954,1.7946824224519942,2.5258493353028064,1.4623338257016247,1.5288035450516988,0.7976366322008863,0.1994091580502215,0.8641063515509602,3.3899556868537664,3.5893648449039883,1.5288035450516988,41.61004431314623,3.988183161004431,0.7976366322008863,0.5317577548005908,17.21565731166913,1.0635155096011817,0.1994091580502215,1.5288035450516988,1.1299852289512555,19.409158050221567,2.193500738552437,0.3323485967503692,0.0664697193500738,1.7946824224519942,0.1329394387001477,0.0,0.0,0.0,3.78877400295421,1.2629246676514032,DF,FW,defense,3
Paul Joly,fr FRA,DF,Auxerre,fr Ligue 1,24.0,2000.0,26,10,1009,11.2,0,1,1,0,0,0,0.6,0.6,1.3,1.9,0.17,10,5,50.0,0.89,0.45,0.0,0.0,0.06,424,617,68.7,7496,2740,1.5,16,38,18,8,55,0,2,9,51,32,2.85,3,0.27,49,32,30,17,2,60.0,25,74,32,19,5,800,29,16,6,22.2,394,28,4,24,12,435,61,3,1,0,10,1,0,1,0,56,13,61.9,0.0,0.0891972249752229,0.0891972249752229,0.0,0.0535183349851337,0.0535183349851337,0.1159563924677899,0.1694747274529237,0.0151635282457879,0.8919722497522299,0.4459861248761149,37.81962338949455,55.03468780971258,668.6223984142715,244.40039643211105,0.1337958374628345,1.427155599603568,3.389494549058474,1.6055500495540138,0.7135777998017839,4.905847373637265,0.0,0.1783944499504459,0.8027750247770069,4.549058473736372,4.370664023785927,2.854311199207136,2.675916749256689,1.516352824578791,0.1783944499504459,2.2299306243805748,6.600594648166501,2.854311199207136,1.694747274529237,71.35777998017839,2.5867195242814667,1.427155599603568,0.535183349851338,35.14370664023786,2.497522299306244,0.3567888999008919,2.140733399405352,1.070366699702676,38.800792864222,5.441030723488603,0.267591674925669,0.0891972249752229,0.8919722497522299,0.0891972249752229,0.0,0.0891972249752229,0.0,4.995044598612488,1.1595639246778988,DF,,defense,3
Jubal,br BRA,DF,Auxerre,fr Ligue 1,30.0,1993.0,30,30,2640,29.3,6,0,6,3,3,4,5.2,2.0,0.9,2.9,0.21,26,7,26.9,0.89,0.24,0.12,0.43,0.08,918,1057,86.8,18586,5601,0.8,6,34,7,0,0,0,0,10,33,15,0.51,1,0.03,60,39,46,13,1,70.0,25,85,201,5,1,1458,274,38,3,75.0,698,1,0,7,2,797,3,7,0,0,27,1,1,2,1,90,72,69.2,0.2045454545454545,0.0,0.2045454545454545,0.1022727272727272,0.1772727272727272,0.0681818181818181,0.0306818181818181,0.0988636363636363,0.0071590909090909,0.8863636363636362,0.2386363636363636,31.295454545454543,36.03409090909091,633.6136363636364,190.9431818181818,0.0272727272727272,0.2045454545454545,1.1590909090909092,0.2386363636363636,0.0,0.0,0.0,0.0,0.3409090909090909,1.125,2.0454545454545454,1.3295454545454546,1.5681818181818183,0.4431818181818181,0.034090909090909,0.8522727272727273,2.8977272727272725,6.852272727272728,0.1704545454545454,49.70454545454545,9.340909090909092,1.2954545454545454,0.1022727272727272,23.795454545454547,0.034090909090909,0.0,0.2386363636363636,0.0681818181818181,27.170454545454543,0.1022727272727272,0.2386363636363636,0.0,0.9204545454545454,0.034090909090909,0.034090909090909,0.0681818181818181,0.034090909090909,3.068181818181818,2.4545454545454546,DF,,defense,0
Anthony Jung,de GER,DF,Werder Bremen,de Bundesliga,32.0,1991.0,28,20,1898,21.1,0,0,0,0,0,0,0.0,0.0,0.1,0.1,0.0,1,0,0.0,0.05,0.0,0.0,,0.04,1354,1512,89.6,24384,8795,0.5,2,100,6,1,4,0,0,0,121,14,0.66,1,0.05,34,22,22,11,1,64.7,25,59,77,11,1,1695,231,1,7,77.8,1044,20,0,13,2,1165,6,1,0,0,9,0,0,2,0,81,34,63.0,0.0,0.0,0.0,0.0,0.0,0.0,0.0047418335089567,0.0047418335089567,0.0,0.0474183350895679,0.0,64.20442571127502,71.69652265542678,1156.2486828240253,417.0442571127503,0.0237091675447839,0.0948366701791359,4.7418335089567965,0.2845100105374078,0.0474183350895679,0.1896733403582718,0.0,0.0,0.0,5.737618545837724,1.612223393045311,1.0432033719704954,1.0432033719704954,0.5216016859852477,0.0474183350895679,1.1854583772391991,2.79768177028451,3.651211801896733,0.5216016859852477,80.3740779768177,10.9536354056902,0.0474183350895679,0.3319283456269757,49.50474183350896,0.9483667017913592,0.0,0.6164383561643836,0.0948366701791359,55.242360379346685,0.2845100105374078,0.0474183350895679,0.0,0.4267650158061117,0.0,0.0,0.0948366701791359,0.0,3.840885142255005,1.612223393045311,DF,,defense,2
Josip Juranović,hr CRO,"DF,MF",Union Berlin,de Bundesliga,28.0,1995.0,17,13,1159,12.9,0,1,1,0,0,0,0.3,0.3,1.8,2.1,0.16,6,2,33.3,0.47,0.16,0.0,0.0,0.05,379,588,64.5,7589,3252,2.7,27,34,22,12,78,27,0,3,52,51,3.97,2,0.16,21,13,12,6,3,40.0,7,28,42,15,2,709,41,7,11,45.8,307,19,3,12,3,320,45,4,0,0,8,0,0,0,0,62,4,44.4,0.0,0.0776531492666091,0.0776531492666091,0.0,0.0232959447799827,0.0232959447799827,0.1397756686798964,0.1630716134598792,0.0124245038826574,0.4659188955996548,0.1553062985332183,29.430543572044865,45.66005176876618,589.3097497842969,252.52804141501292,0.2096635030198447,2.096635030198447,2.640207075064711,1.7083692838654012,0.9318377911993097,6.0569456427955135,2.096635030198447,0.0,0.2329594477998274,4.037963761863676,1.630716134598792,1.009490940465919,0.9318377911993097,0.4659188955996548,0.2329594477998274,0.543572044866264,2.174288179465056,3.261432269197584,1.1647972389991372,55.05608283002588,3.183779119930975,0.543572044866264,0.8541846419327006,23.839516824849007,1.475409836065574,0.2329594477998274,0.9318377911993097,0.2329594477998274,24.849007765314926,3.4943917169974115,0.3106125970664366,0.0,0.6212251941328732,0.0,0.0,0.0,0.0,4.814495254529767,0.3106125970664366,DF,MF,defense,1
James Justin,eng ENG,DF,Leicester City,eng Premier League,26.0,1998.0,36,34,2912,32.4,2,2,4,2,0,0,1.5,1.5,0.8,2.3,0.07,25,6,24.0,0.77,0.19,0.08,0.33,0.06,1205,1541,78.2,18606,5922,0.8,14,76,23,8,57,0,1,2,91,33,1.02,2,0.06,58,37,29,23,6,58.2,46,104,141,40,3,1948,151,38,9,30.0,866,39,4,31,15,1077,96,6,0,0,29,5,0,0,0,88,69,55.6,0.0618131868131868,0.0618131868131868,0.1236263736263736,0.0618131868131868,0.0463598901098901,0.0463598901098901,0.0247252747252747,0.0710851648351648,0.0021634615384615,0.7726648351648352,0.1854395604395604,37.24244505494505,47.62706043956044,575.0480769230769,183.02884615384616,0.0247252747252747,0.4326923076923077,2.348901098901099,0.7108516483516483,0.2472527472527472,1.761675824175824,0.0,0.0309065934065934,0.0618131868131868,2.8125,1.7925824175824174,1.143543956043956,0.8962912087912087,0.7108516483516483,0.1854395604395604,1.4217032967032963,3.214285714285714,4.357829670329671,1.2362637362637363,60.20604395604395,4.666895604395605,1.1744505494505495,0.2781593406593406,26.76510989010989,1.2053571428571428,0.1236263736263736,0.9581043956043956,0.4635989010989011,33.2864010989011,2.967032967032967,0.1854395604395604,0.0,0.8962912087912087,0.154532967032967,0.0,0.0,0.0,2.71978021978022,2.132554945054945,DF,,defense,3
Christian Kabasele,be BEL,DF,Udinese,it Serie A,33.0,1991.0,16,12,1161,12.9,2,0,2,2,0,0,1.5,1.5,0.4,1.9,0.14,15,4,26.7,1.16,0.31,0.13,0.5,0.1,481,564,85.3,9338,3292,0.5,6,44,1,0,2,0,0,5,44,12,0.93,0,0.0,17,9,10,7,0,78.6,14,31,75,3,1,715,101,23,1,100.0,393,9,0,9,3,438,7,0,0,0,20,0,0,2,0,33,35,63.6,0.1550387596899224,0.0,0.1550387596899224,0.1550387596899224,0.1162790697674418,0.1162790697674418,0.0310077519379845,0.1472868217054263,0.0108527131782945,1.1627906976744184,0.3100775193798449,37.28682170542636,43.72093023255814,723.8759689922481,255.1937984496124,0.0387596899224806,0.4651162790697674,3.4108527131782944,0.0775193798449612,0.0,0.1550387596899224,0.0,0.0,0.3875968992248062,3.4108527131782944,1.3178294573643412,0.6976744186046512,0.7751937984496124,0.5426356589147286,0.0,1.0852713178294573,2.4031007751937983,5.813953488372093,0.2325581395348837,55.42635658914729,7.829457364341085,1.7829457364341086,0.0775193798449612,30.46511627906977,0.6976744186046512,0.0,0.6976744186046512,0.2325581395348837,33.95348837209302,0.5426356589147286,0.0,0.0,1.550387596899225,0.0,0.0,0.1550387596899224,0.0,2.558139534883721,2.713178294573644,DF,,defense,0
Pavel Kadeřábek,cz CZE,DF,Hoffenheim,de Bundesliga,32.0,1992.0,24,18,1576,17.5,2,0,2,2,0,0,0.8,0.8,2.0,2.7,0.16,14,3,21.4,0.8,0.17,0.14,0.67,0.05,609,869,70.1,9600,3689,1.7,21,45,16,12,74,0,1,1,47,41,2.34,1,0.06,25,14,14,4,7,48.4,20,45,54,16,1,1016,52,31,5,62.5,456,15,1,6,3,605,86,6,0,0,21,0,0,0,0,25,57,56.4,0.1142131979695431,0.0,0.1142131979695431,0.1142131979695431,0.0456852791878172,0.0456852791878172,0.1142131979695431,0.1541878172588832,0.0091370558375634,0.799492385786802,0.1713197969543147,34.77791878172589,49.62563451776649,548.2233502538071,210.66624365482232,0.0970812182741116,1.1992385786802031,2.5697969543147208,0.9137055837563453,0.6852791878172589,4.225888324873097,0.0,0.0571065989847715,0.0571065989847715,2.684010152284264,1.427664974619289,0.799492385786802,0.799492385786802,0.2284263959390862,0.399746192893401,1.1421319796954317,2.5697969543147208,3.083756345177665,0.9137055837563453,58.02030456852792,2.969543147208122,1.7703045685279188,0.2855329949238578,26.040609137055835,0.8565989847715737,0.0571065989847715,0.3426395939086294,0.1713197969543147,34.5494923857868,4.911167512690355,0.3426395939086294,0.0,1.1992385786802031,0.0,0.0,0.0,0.0,1.427664974619289,3.25507614213198,DF,,defense,1
Pierre Kalulu,fr FRA,DF,Juventus,it Serie A,24.0,2000.0,29,25,2337,26.0,1,0,1,1,0,0,0.7,0.7,0.5,1.2,0.05,7,3,42.9,0.27,0.12,0.14,0.33,0.1,1932,2076,93.1,32032,9746,0.8,11,133,11,5,22,0,2,4,117,36,1.39,1,0.04,41,25,29,9,3,75.0,17,58,68,11,1,2275,182,17,4,36.4,1559,48,2,19,7,1752,24,2,1,0,26,3,0,1,0,95,27,36.5,0.0385109114249037,0.0,0.0385109114249037,0.0385109114249037,0.0269576379974326,0.0269576379974326,0.0192554557124518,0.0462130937098844,0.0019255455712451,0.269576379974326,0.1155327342747111,74.40308087291399,79.94865211810013,1233.581514762516,375.3273427471117,0.0308087291399229,0.4236200256739409,5.121951219512195,0.4236200256739409,0.1925545571245186,0.8472400513478819,0.0,0.0770218228498074,0.1540436456996149,4.505776636713736,1.5789473684210529,0.9627727856225932,1.116816431322208,0.3465982028241335,0.1155327342747111,0.6546854942233633,2.233632862644416,2.618741976893453,0.4236200256739409,87.61232349165597,7.008985879332478,0.6546854942233633,0.1540436456996149,60.0385109114249,1.8485237483953785,0.0770218228498074,0.7317073170731708,0.269576379974326,67.47111681643132,0.9242618741976892,0.0770218228498074,0.0385109114249037,1.0012836970474968,0.1155327342747111,0.0,0.0385109114249037,0.0,3.658536585365853,1.0397946084724006,DF,,defense,2
Waren Kamanzi,no NOR,"DF,MF",Toulouse,fr Ligue 1,23.0,2000.0,24,11,1022,11.4,1,1,2,1,0,0,1.3,1.3,1.0,2.2,0.2,7,2,28.6,0.62,0.18,0.14,0.5,0.18,399,481,83.0,5867,1419,0.5,12,27,8,0,16,0,1,0,33,23,2.02,3,0.26,29,13,12,12,5,50.0,9,38,25,20,0,613,22,27,16,55.2,332,29,9,15,15,349,62,3,0,0,16,2,0,0,0,56,7,87.5,0.0880626223091976,0.0880626223091976,0.1761252446183953,0.0880626223091976,0.1144814090019569,0.1144814090019569,0.0880626223091976,0.1937377690802348,0.0176125244618395,0.6164383561643836,0.1761252446183953,35.136986301369866,42.35812133072407,516.6634050880626,124.96086105675148,0.0440313111545988,1.0567514677103718,2.3776908023483365,0.7045009784735812,0.0,1.4090019569471623,0.0,0.0880626223091976,0.0,2.9060665362035225,2.553816046966732,1.1448140900195694,1.0567514677103718,1.0567514677103718,0.4403131115459882,0.7925636007827788,3.3463796477495107,2.2015655577299413,1.761252446183953,53.98238747553817,1.9373776908023483,2.3776908023483365,1.4090019569471623,29.236790606653617,2.553816046966732,0.7925636007827788,1.3209393346379648,1.3209393346379648,30.73385518590998,5.459882583170254,0.2641878669275929,0.0,1.4090019569471623,0.1761252446183953,0.0,0.0,0.0,4.931506849315069,0.6164383561643836,DF,MF,defense,3
Hassane Kamara,ci CIV,DF,Udinese,it Serie A,30.0,1994.0,30,25,2001,22.2,1,4,5,1,0,0,0.9,0.9,2.7,3.6,0.16,17,3,17.6,0.76,0.13,0.06,0.33,0.05,780,1031,75.7,13889,4252,2.3,24,48,28,22,106,15,0,6,61,44,1.98,6,0.27,35,25,20,11,4,57.1,26,61,49,29,1,1241,57,24,18,39.1,618,52,5,24,10,703,103,8,1,1,25,1,0,0,0,92,21,65.6,0.0449775112443778,0.1799100449775112,0.224887556221889,0.0449775112443778,0.04047976011994,0.04047976011994,0.1214392803598201,0.1619190404797601,0.0071964017991004,0.7646176911544228,0.1349325337331334,35.08245877061469,46.37181409295352,624.6926536731635,191.24437781109444,0.1034482758620689,1.0794602698650675,2.158920539730135,1.2593703148425788,0.9895052473763118,4.767616191904048,0.6746626686656672,0.0,0.2698650674662669,2.7436281859070464,1.5742128935532234,1.1244377811094453,0.8995502248875563,0.4947526236881559,0.1799100449775112,1.169415292353823,2.7436281859070464,2.2038980509745127,1.3043478260869563,55.81709145427286,2.5637181409295358,1.0794602698650675,0.8095952023988006,27.79610194902549,2.338830584707646,0.224887556221889,1.0794602698650675,0.4497751124437781,31.619190404797603,4.632683658170914,0.3598200899550224,0.0449775112443778,1.1244377811094453,0.0449775112443778,0.0,0.0,0.0,4.137931034482759,0.944527736131934,DF,,defense,1
Willy Kambwala,fr FRA,DF,Villarreal,es La Liga,19.0,2004.0,19,12,1117,12.4,0,0,0,0,0,0,0.3,0.3,0.1,0.5,0.04,4,1,25.0,0.32,0.08,0.0,0.0,0.08,521,594,87.7,9621,3410,0.1,1,9,1,0,0,0,0,2,16,5,0.4,0,0.0,17,12,14,2,1,83.3,10,27,56,5,1,706,118,6,5,100.0,367,2,1,9,5,463,0,1,1,0,5,0,0,0,0,30,16,47.1,0.0,0.0,0.0,0.0,0.0241718889883616,0.0241718889883616,0.0080572963294538,0.0402864816472694,0.0032229185317815,0.3222918531781558,0.0805729632945389,41.97851387645479,47.86034019695614,775.1924798567592,274.7538048343778,0.0080572963294538,0.0805729632945389,0.7251566696508506,0.0805729632945389,0.0,0.0,0.0,0.0,0.1611459265890779,1.2891674127126231,1.369740376007162,0.9668755595344674,1.1280214861235451,0.1611459265890779,0.0805729632945389,0.8057296329453894,2.1754700089525514,4.5120859444941805,0.4028648164726947,56.88451208594449,9.507609668755595,0.4834377797672337,0.4028648164726947,29.570277529095797,0.1611459265890779,0.0805729632945389,0.7251566696508506,0.4028648164726947,37.30528200537153,0.0,0.0805729632945389,0.0805729632945389,0.4028648164726947,0.0,0.0,0.0,0.0,2.417188898836168,1.2891674127126231,DF,,defense,0
Jakub Kamiński,pl POL,"DF,MF",Wolfsburg,de Bundesliga,22.0,2002.0,22,12,1130,12.6,0,2,2,0,0,0,0.9,0.9,3.3,4.2,0.34,15,3,20.0,1.19,0.24,0.0,0.0,0.06,328,466,70.4,5109,1624,3.6,24,20,13,4,50,20,0,2,40,43,3.42,5,0.4,17,8,8,3,6,40.9,13,30,23,17,1,603,31,36,8,36.4,301,41,16,20,11,311,69,2,0,0,10,1,1,0,1,52,7,26.9,0.0,0.1592920353982301,0.1592920353982301,0.0,0.0716814159292035,0.0716814159292035,0.2628318584070796,0.3345132743362832,0.0270796460176991,1.1946902654867255,0.2389380530973451,26.12389380530973,37.11504424778761,406.9115044247788,129.34513274336285,0.2867256637168142,1.911504424778761,1.592920353982301,1.0353982300884956,0.3185840707964602,3.982300884955752,1.592920353982301,0.0,0.1592920353982301,3.185840707964602,1.3539823008849556,0.6371681415929203,0.6371681415929203,0.2389380530973451,0.4778761061946902,1.0353982300884956,2.3893805309734515,1.831858407079646,1.3539823008849556,48.02654867256637,2.4690265486725664,2.8672566371681416,0.6371681415929203,23.97345132743363,3.265486725663717,1.2743362831858407,1.592920353982301,0.8761061946902655,24.76991150442478,5.495575221238938,0.1592920353982301,0.0,0.7964601769911505,0.079646017699115,0.079646017699115,0.0,0.079646017699115,4.141592920353983,0.5575221238938053,DF,MF,defense,1
Michael Keane,eng ENG,DF,Everton,eng Premier League,31.0,1993.0,14,11,1049,11.7,3,0,3,3,0,0,0.6,0.6,0.1,0.7,0.06,10,4,40.0,0.86,0.34,0.3,0.75,0.06,312,377,82.8,7049,2396,0.0,2,21,0,0,1,0,0,12,14,6,0.51,0,0.0,12,9,8,2,2,53.3,16,28,65,7,2,513,106,17,0,0.0,229,1,0,2,2,286,3,5,0,0,9,0,0,0,0,26,26,56.5,0.2573879885605338,0.0,0.2573879885605338,0.2573879885605338,0.0514775977121067,0.0514775977121067,0.0085795996186844,0.0600571973307912,0.0051477597712106,0.8579599618684461,0.3431839847473784,26.76835081029552,32.34509056244042,604.7759771210677,205.5672068636797,0.0,0.1715919923736892,1.801715919923737,0.0,0.0,0.0857959961868446,0.0,0.0,1.0295519542421354,1.201143946615825,1.0295519542421354,0.7721639656816015,0.6863679694947569,0.1715919923736892,0.1715919923736892,1.3727359389895135,2.4022878932316494,5.5767397521449,0.6005719733079123,44.013346043851286,9.094375595805529,1.4585319351763584,0.0,19.647283126787418,0.0857959961868446,0.0,0.1715919923736892,0.1715919923736892,24.53765490943756,0.2573879885605338,0.428979980934223,0.0,0.7721639656816015,0.0,0.0,0.0,0.0,2.23069590085796,2.23069590085796,DF,,defense,0
Thilo Kehrer,de GER,DF,Monaco,fr Ligue 1,27.0,1996.0,27,27,2383,26.5,4,0,4,4,0,0,1.5,1.5,0.3,1.8,0.07,12,8,66.7,0.45,0.3,0.33,0.5,0.12,1622,1804,89.9,29814,12429,0.5,5,125,1,0,2,0,1,7,139,26,0.98,3,0.11,37,23,26,11,0,57.9,36,73,113,7,1,2060,187,17,1,33.3,1193,16,0,6,2,1419,2,1,0,0,23,0,0,0,0,132,54,61.4,0.1510700797314309,0.0,0.1510700797314309,0.1510700797314309,0.0566512798992866,0.0566512798992866,0.0113302559798573,0.0679815358791439,0.0026437263953,0.4532102391942929,0.3021401594628619,61.25891733109526,68.13260595887537,1126.0008392782206,469.4125052454889,0.0188837599664288,0.1888375996642887,4.720939991607217,0.0377675199328577,0.0,0.0755350398657154,0.0,0.0377675199328577,0.2643726395300042,5.249685270667226,1.3973982375157363,0.868652958455728,0.9819555182543012,0.4154427192614351,0.0,1.3596307175828788,2.757028955098616,4.267729752412925,0.2643726395300042,77.80109106168695,7.062526227444398,0.6420478388585816,0.0377675199328577,45.056651279899285,0.6042803189257239,0.0,0.2266051195971464,0.0755350398657154,53.592110784725136,0.0755350398657154,0.0377675199328577,0.0,0.868652958455728,0.0,0.0,0.0,0.0,4.985312631137222,2.0394460763743183,DF,,defense,2
Lloyd Kelly,eng ENG,DF,Juventus,it Serie A,25.0,1998.0,12,11,1013,11.3,0,0,0,0,0,0,0.4,0.4,0.1,0.5,0.05,7,1,14.3,0.62,0.09,0.0,0.0,0.06,559,673,83.1,9185,2902,0.3,3,54,2,0,14,0,1,2,36,12,1.07,0,0.0,15,11,5,9,1,77.8,2,17,56,13,3,797,92,18,0,0.0,433,10,0,9,3,520,26,1,0,0,14,0,0,0,0,55,36,59.0,0.0,0.0,0.0,0.0,0.0355380059230009,0.0355380059230009,0.0088845014807502,0.0444225074037512,0.0044422507403751,0.6219151036525173,0.0888450148075024,49.66436327739388,59.79269496544916,816.0414610069101,257.82823297137213,0.0266535044422507,0.2665350444225074,4.797630799605133,0.1776900296150049,0.0,1.243830207305035,0.0,0.0888450148075024,0.1776900296150049,3.198420533070089,1.332675222112537,0.9772951628825272,0.4442250740375123,0.7996051332675221,0.0888450148075024,0.1776900296150049,1.510365251727542,4.975320829220139,1.154985192497532,70.80947680157946,8.173741362290228,1.5992102665350445,0.0,38.46989141164857,0.8884501480750246,0.0,0.7996051332675221,0.2665350444225074,46.19940769990128,2.309970384995064,0.0888450148075024,0.0,1.243830207305035,0.0,0.0,0.0,0.0,4.886475814412636,3.198420533070089,DF,,defense,2
Marc-Oliver Kempf,de GER,DF,Como,it Serie A,29.0,1995.0,31,30,2615,29.1,0,0,0,0,0,0,1.6,1.6,1.2,2.7,0.09,20,4,20.0,0.69,0.14,0.0,0.0,0.08,1498,1718,87.2,26411,9892,1.2,10,116,9,1,4,0,3,14,85,34,1.17,2,0.07,30,20,15,14,1,54.2,33,63,136,12,4,2010,305,26,4,80.0,1136,17,1,12,5,1313,4,6,1,1,21,0,0,0,0,106,108,73.5,0.0,0.0,0.0,0.0,0.0550669216061185,0.0550669216061185,0.0413001912045889,0.092925430210325,0.0030975143403441,0.6883365200764818,0.1376673040152963,51.556405353728486,59.12810707456979,908.982791586998,340.4512428298279,0.0413001912045889,0.3441682600382409,3.9923518164435943,0.3097514340344168,0.034416826003824,0.1376673040152963,0.0,0.1032504780114722,0.4818355640535372,2.925430210325048,1.032504780114723,0.6883365200764818,0.5162523900573613,0.4818355640535372,0.034416826003824,1.135755258126195,2.1682600382409176,4.680688336520077,0.4130019120458891,69.17782026768641,10.497131931166347,0.8948374760994263,0.1376673040152963,39.09751434034417,0.5850860420650096,0.034416826003824,0.4130019120458891,0.1720841300191204,45.18929254302104,0.1376673040152963,0.2065009560229445,0.034416826003824,0.7227533460803058,0.0,0.0,0.0,0.0,3.6481835564053537,3.7170172084130018,DF,,defense,0
Milos Kerkez,hu HUN,DF,Bournemouth,eng Premier League,20.0,2003.0,38,38,3336,37.1,2,5,7,2,0,0,0.6,0.5,3.9,4.4,0.12,19,5,26.3,0.51,0.13,0.11,0.4,0.03,1346,1776,75.8,20911,6878,2.6,35,87,41,27,142,7,2,3,159,83,2.24,9,0.24,52,26,25,20,7,63.2,45,97,106,55,4,2158,112,69,22,45.8,1094,106,16,49,22,1196,197,4,0,0,30,5,0,0,0,169,28,36.4,0.0539568345323741,0.1348920863309352,0.1888489208633093,0.0539568345323741,0.0161870503597122,0.0134892086330935,0.1052158273381295,0.118705035971223,0.0032374100719424,0.512589928057554,0.1348920863309352,36.31294964028777,47.913669064748206,564.1456834532374,185.5575539568345,0.0701438848920863,0.9442446043165468,2.3471223021582737,1.106115107913669,0.7284172661870504,3.830935251798561,0.1888489208633093,0.0539568345323741,0.0809352517985611,4.289568345323741,1.4028776978417266,0.7014388489208633,0.6744604316546763,0.539568345323741,0.1888489208633093,1.2140287769784173,2.616906474820144,2.859712230215827,1.483812949640288,58.21942446043165,3.021582733812949,1.8615107913669064,0.5935251798561151,29.514388489208635,2.859712230215827,0.4316546762589928,1.3219424460431657,0.5935251798561151,32.26618705035971,5.314748201438849,0.1079136690647482,0.0,0.8093525179856115,0.1348920863309352,0.0,0.0,0.0,4.559352517985611,0.7553956834532374,DF,,defense,1
Abdukodir Khusanov,uz UZB,DF,Lens,fr Ligue 1,20.0,2004.0,13,11,975,10.8,0,0,0,0,0,0,0.2,0.2,0.3,0.6,0.05,6,4,66.7,0.55,0.37,0.0,0.0,0.04,483,548,88.1,8942,3769,0.2,2,39,4,1,5,0,0,3,43,11,1.02,0,0.0,15,11,9,5,1,63.6,26,41,57,3,0,683,90,4,1,100.0,339,2,0,5,1,392,6,2,1,0,13,0,0,1,0,50,27,69.2,0.0,0.0,0.0,0.0,0.0184615384615384,0.0184615384615384,0.0276923076923076,0.0553846153846153,0.0046153846153846,0.5538461538461539,0.3692307692307692,44.58461538461538,50.58461538461539,825.4153846153847,347.90769230769234,0.0184615384615384,0.1846153846153846,3.6,0.3692307692307692,0.0923076923076923,0.4615384615384615,0.0,0.0,0.2769230769230769,3.969230769230769,1.3846153846153846,1.0153846153846156,0.8307692307692308,0.4615384615384615,0.0923076923076923,2.4000000000000004,3.784615384615385,5.2615384615384615,0.2769230769230769,63.04615384615384,8.307692307692308,0.3692307692307692,0.0923076923076923,31.29230769230769,0.1846153846153846,0.0,0.4615384615384615,0.0923076923076923,36.18461538461538,0.5538461538461539,0.1846153846153846,0.0923076923076923,1.2000000000000002,0.0,0.0,0.0923076923076923,0.0,4.615384615384615,2.4923076923076923,DF,,defense,0
Kialonda,ao ANG,DF,Lecce,it Serie A,26.0,1997.0,24,24,2144,23.8,0,1,1,0,0,0,1.1,1.1,0.4,1.6,0.07,16,0,0.0,0.67,0.0,0.0,,0.07,801,926,86.5,17161,5538,0.7,6,29,0,0,3,0,0,5,34,15,0.63,1,0.04,34,12,24,10,0,70.6,32,66,132,5,1,1229,206,32,8,80.0,572,4,1,14,1,719,5,3,0,0,9,0,0,1,0,58,90,67.2,0.0,0.0419776119402985,0.0419776119402985,0.0,0.0461753731343283,0.0461753731343283,0.0167910447761194,0.0671641791044776,0.0029384328358208,0.6716417910447761,0.0,33.6240671641791,38.87126865671642,720.3777985074627,232.47201492537312,0.0293843283582089,0.251865671641791,1.2173507462686566,0.0,0.0,0.1259328358208955,0.0,0.0,0.2098880597014925,1.4272388059701493,1.4272388059701493,0.503731343283582,1.007462686567164,0.419776119402985,0.0,1.343283582089552,2.7705223880597014,5.541044776119403,0.2098880597014925,51.59048507462686,8.647388059701493,1.343283582089552,0.335820895522388,24.01119402985075,0.167910447761194,0.0419776119402985,0.5876865671641791,0.0419776119402985,30.18190298507463,0.2098880597014925,0.1259328358208955,0.0,0.3777985074626865,0.0,0.0,0.0419776119402985,0.0,2.434701492537313,3.777985074626866,DF,,defense,0
Max Kilman,eng ENG,DF,West Ham,eng Premier League,27.0,1997.0,38,38,3348,37.2,0,1,1,0,0,0,1.6,1.6,1.2,2.8,0.08,13,2,15.4,0.35,0.05,0.0,0.0,0.13,1697,1958,86.7,32592,10820,1.2,16,109,4,0,4,0,0,12,113,32,0.86,5,0.13,39,24,16,20,3,85.2,38,77,212,9,6,2374,464,32,16,72.7,1270,31,2,17,4,1581,6,5,0,0,23,0,0,0,0,146,113,67.3,0.0,0.0268817204301075,0.0268817204301075,0.0,0.043010752688172,0.043010752688172,0.032258064516129,0.075268817204301,0.0021505376344086,0.3494623655913978,0.053763440860215,45.61827956989247,52.634408602150536,876.1290322580646,290.86021505376345,0.032258064516129,0.4301075268817204,2.93010752688172,0.1075268817204301,0.0,0.1075268817204301,0.0,0.0,0.3225806451612903,3.03763440860215,1.0483870967741935,0.6451612903225806,0.4301075268817204,0.5376344086021506,0.0806451612903225,1.021505376344086,2.0698924731182795,5.698924731182796,0.2419354838709677,63.81720430107527,12.473118279569892,0.8602150537634408,0.4301075268817204,34.13978494623656,0.8333333333333333,0.053763440860215,0.4569892473118279,0.1075268817204301,42.5,0.1612903225806451,0.1344086021505376,0.0,0.6182795698924731,0.0,0.0,0.0,0.0,3.924731182795699,3.03763440860215,DF,,defense,0
Cédric Kipré,ci CIV,DF,Reims,fr Ligue 1,27.0,1996.0,28,26,2190,24.3,0,1,1,0,0,0,0.6,0.6,1.3,2.0,0.08,9,1,11.1,0.37,0.04,0.0,0.0,0.07,1148,1292,88.9,21071,7534,1.4,10,86,10,4,12,0,3,5,77,31,1.27,3,0.12,42,30,30,11,1,74.4,32,74,162,2,2,1596,239,16,10,83.3,925,16,0,15,3,1063,3,4,2,0,24,0,0,1,0,73,41,63.1,0.0,0.0410958904109589,0.0410958904109589,0.0,0.0246575342465753,0.0246575342465753,0.0534246575342465,0.0821917808219178,0.0032876712328767,0.3698630136986301,0.0410958904109589,47.17808219178082,53.0958904109589,865.931506849315,309.6164383561644,0.0575342465753424,0.410958904109589,3.5342465753424657,0.410958904109589,0.1643835616438356,0.4931506849315069,0.0,0.1232876712328767,0.2054794520547945,3.1643835616438354,1.726027397260274,1.2328767123287672,1.2328767123287672,0.4520547945205479,0.0410958904109589,1.3150684931506849,3.041095890410959,6.657534246575342,0.0821917808219178,65.58904109589041,9.821917808219178,0.6575342465753424,0.410958904109589,38.013698630136986,0.6575342465753424,0.0,0.6164383561643836,0.1232876712328767,43.68493150684932,0.1232876712328767,0.1643835616438356,0.0821917808219178,0.9863013698630138,0.0,0.0,0.0410958904109589,0.0,3.0,1.684931506849315,DF,,defense,0
Jakub Kiwior,pl POL,DF,Arsenal,eng Premier League,24.0,2000.0,17,10,1122,12.5,1,0,1,1,0,0,0.2,0.2,0.3,0.5,0.04,3,1,33.3,0.24,0.08,0.33,1.0,0.06,673,736,91.4,11598,3392,0.3,5,65,3,0,2,0,3,1,48,8,0.64,0,0.0,22,8,13,7,2,73.3,6,28,58,1,3,846,100,5,3,60.0,492,5,1,3,2,615,1,1,0,0,10,0,0,0,0,31,11,45.8,0.0802139037433155,0.0,0.0802139037433155,0.0802139037433155,0.0160427807486631,0.0160427807486631,0.0240641711229946,0.0401069518716577,0.0032085561497326,0.2406417112299465,0.0802139037433155,53.98395721925134,59.037433155080215,930.3208556149732,272.0855614973262,0.0240641711229946,0.4010695187165775,5.213903743315508,0.2406417112299465,0.0,0.160427807486631,0.0,0.2406417112299465,0.0802139037433155,3.850267379679144,1.7647058823529411,0.6417112299465241,1.0427807486631016,0.5614973262032086,0.160427807486631,0.481283422459893,2.2459893048128343,4.652406417112299,0.0802139037433155,67.86096256684492,8.02139037433155,0.4010695187165775,0.2406417112299465,39.465240641711226,0.4010695187165775,0.0802139037433155,0.2406417112299465,0.160427807486631,49.33155080213904,0.0802139037433155,0.0802139037433155,0.0,0.8021390374331551,0.0,0.0,0.0,0.0,2.486631016042781,0.8823529411764706,DF,,defense,2
Lukas Klostermann,de GER,DF,RB Leipzig,de Bundesliga,28.0,1996.0,28,20,1838,20.4,1,0,1,1,0,0,0.3,0.3,0.1,0.4,0.02,4,2,50.0,0.2,0.1,0.25,0.5,0.08,1071,1211,88.4,18474,6021,0.7,2,80,7,1,11,0,0,1,83,17,0.83,2,0.1,27,14,18,7,2,58.3,24,51,143,18,3,1472,161,13,4,80.0,752,16,1,9,0,988,26,5,0,0,13,0,0,0,0,74,20,40.0,0.0489662676822633,0.0,0.0489662676822633,0.0489662676822633,0.0146898803046789,0.0146898803046789,0.0048966267682263,0.0195865070729053,0.0009793253536452,0.1958650707290533,0.0979325353645266,52.442872687704025,59.29815016322089,904.6028291621328,294.8258977149075,0.0342763873775843,0.0979325353645266,3.9173014145810665,0.3427638737758433,0.0489662676822633,0.5386289445048966,0.0,0.0,0.0489662676822633,4.064200217627856,1.32208922742111,0.6855277475516867,0.8813928182807399,0.3427638737758433,0.0979325353645266,1.17519042437432,2.49727965179543,7.002176278563655,0.8813928182807399,72.07834602829162,7.883569096844396,0.6365614798694232,0.1958650707290533,36.822633297062026,0.7834602829162133,0.0489662676822633,0.4406964091403699,0.0,48.37867247007617,1.2731229597388465,0.2448313384113166,0.0,0.6365614798694232,0.0,0.0,0.0,0.0,3.623503808487486,0.9793253536452666,DF,,defense,0
Robin Koch,de GER,DF,Eint Frankfurt,de Bundesliga,28.0,1996.0,30,30,2586,28.7,3,0,3,3,0,0,1.7,1.7,0.2,2.0,0.07,15,6,40.0,0.52,0.21,0.2,0.5,0.12,1631,1799,90.7,30310,10229,0.5,7,98,5,0,1,0,0,6,93,21,0.73,4,0.14,24,11,14,8,2,45.5,25,49,197,16,4,2148,399,29,1,33.3,1244,9,0,12,3,1397,4,3,0,0,24,0,0,1,0,112,102,68.0,0.1044083526682134,0.0,0.1044083526682134,0.1044083526682134,0.0591647331786542,0.0591647331786542,0.0069605568445475,0.0696055684454756,0.0024361948955916,0.5220417633410672,0.2088167053364269,56.76334106728539,62.61020881670534,1054.8723897911832,355.99767981438515,0.0174013921113689,0.2436194895591647,3.410672853828306,0.1740139211136891,0.0,0.0348027842227378,0.0,0.0,0.2088167053364269,3.236658932714617,0.8352668213457076,0.382830626450116,0.4872389791183295,0.2784222737819025,0.0696055684454756,0.8700696055684455,1.705336426914153,6.85614849187935,0.5568445475638051,74.75638051044083,13.88631090487239,1.0092807424593968,0.0348027842227378,43.29466357308585,0.3132250580046403,0.0,0.4176334106728538,0.1044083526682134,48.619489559164734,0.1392111368909512,0.1044083526682134,0.0,0.8352668213457076,0.0,0.0,0.0348027842227378,0.0,3.897911832946636,3.549883990719257,DF,,defense,0
Derrick Köhn,de GER,"DF,FW",Werder Bremen,de Bundesliga,25.0,1999.0,27,14,1343,14.9,2,2,4,2,0,0,0.7,0.7,1.6,2.4,0.16,13,4,30.8,0.87,0.27,0.15,0.5,0.06,581,733,79.3,8631,2102,2.0,16,22,16,6,58,5,1,2,39,38,2.55,4,0.27,20,10,7,10,3,71.4,10,30,26,28,0,908,34,31,15,36.6,549,36,7,23,12,587,122,2,0,0,14,3,0,0,0,57,8,38.1,0.1340282948622487,0.1340282948622487,0.2680565897244974,0.1340282948622487,0.046909903201787,0.046909903201787,0.1072226358897989,0.1608339538346984,0.0107222635889798,0.8711839166046165,0.2680565897244974,38.935219657483245,49.12137006701416,578.3991064780342,140.86373790022338,0.1340282948622487,1.0722263588979897,1.4743112434847356,1.0722263588979897,0.402084884586746,3.886820551005212,0.3350707371556217,0.0670141474311243,0.1340282948622487,2.61355174981385,1.340282948622487,0.6701414743112435,0.4690990320178704,0.6701414743112435,0.201042442293373,0.6701414743112435,2.0104244229337307,1.742367833209233,1.8763961280714816,60.84884586746091,2.278481012658228,2.077438570364855,1.0052122114668651,36.79076693968727,2.4125093075204767,0.4690990320178704,1.54132539091586,0.8041697691734921,39.33730454207,8.17572598659717,0.1340282948622487,0.0,0.9381980640357408,0.201042442293373,0.0,0.0,0.0,3.819806403574088,0.5361131794489948,DF,FW,defense,1
Dominik Kohr,de GER,"DF,MF",Mainz 05,de Bundesliga,30.0,1994.0,28,28,2295,25.5,2,0,2,2,0,0,1.6,1.6,0.6,2.1,0.08,13,5,38.5,0.51,0.2,0.15,0.4,0.14,1109,1368,81.1,20892,7386,1.7,11,76,13,3,16,0,5,11,101,29,1.14,2,0.08,62,46,34,21,7,63.6,42,104,127,21,0,1693,220,22,5,55.6,835,26,4,20,7,998,31,11,1,0,46,0,0,2,0,99,38,52.8,0.0784313725490196,0.0,0.0784313725490196,0.0784313725490196,0.0627450980392156,0.0627450980392156,0.0235294117647058,0.0823529411764706,0.0031372549019607,0.5098039215686274,0.196078431372549,43.490196078431374,53.64705882352941,819.2941176470588,289.64705882352945,0.0666666666666666,0.4313725490196078,2.9803921568627447,0.5098039215686274,0.1176470588235294,0.6274509803921569,0.0,0.196078431372549,0.4313725490196078,3.96078431372549,2.431372549019608,1.803921568627451,1.3333333333333337,0.823529411764706,0.2745098039215686,1.647058823529412,4.078431372549019,4.980392156862745,0.823529411764706,66.3921568627451,8.627450980392156,0.8627450980392157,0.196078431372549,32.745098039215684,1.0196078431372548,0.1568627450980392,0.7843137254901962,0.2745098039215686,39.13725490196078,1.2156862745098038,0.4313725490196078,0.0392156862745098,1.803921568627451,0.0,0.0,0.0784313725490196,0.0,3.882352941176471,1.4901960784313724,DF,MF,defense,3
Sead Kolašinac,ba BIH,DF,Atalanta,it Serie A,31.0,1993.0,23,23,1903,21.1,0,2,2,0,0,0,0.8,0.8,1.8,2.6,0.12,10,2,20.0,0.47,0.09,0.0,0.0,0.08,1115,1275,87.5,17226,6037,1.5,17,105,12,2,10,0,0,1,142,37,1.75,4,0.19,41,26,21,20,0,53.3,25,66,53,17,1,1458,71,27,3,20.0,878,52,2,17,16,1001,47,7,0,0,38,1,0,0,1,135,34,56.7,0.0,0.094587493431424,0.094587493431424,0.0,0.0378349973725696,0.0378349973725696,0.0851287440882816,0.1229637414608512,0.0056752496058854,0.4729374671571203,0.094587493431424,52.73252758801892,60.299527062532846,814.6820809248554,285.5123489227536,0.070940620073568,0.8039936941671046,4.965843405149764,0.5675249605885444,0.094587493431424,0.4729374671571203,0.0,0.0,0.047293746715712,6.715712033631109,1.9390436153441928,1.229637414608513,0.9931686810299528,0.9458749343142406,0.0,1.1823436678928008,3.1213872832369938,2.5065685759327376,0.8039936941671046,68.95428271150814,3.3578560168155547,1.276931161324225,0.1418812401471361,41.523909616395166,2.459274829217026,0.094587493431424,0.8039936941671046,0.7566999474513925,47.34104046242775,2.222806095638465,0.3310562270099842,0.0,1.7971623751970571,0.047293746715712,0.0,0.0,0.047293746715712,6.384655806621124,1.6079873883342093,DF,,defense,2
Marco Komenda,hr CRO,DF,Holstein Kiel,de Bundesliga,27.0,1996.0,19,17,1307,14.5,0,0,0,0,0,0,0.1,0.1,0.8,0.9,0.06,3,0,0.0,0.21,0.0,0.0,,0.03,592,751,78.8,11619,5591,0.8,9,66,9,5,16,0,1,2,53,23,1.58,1,0.07,26,17,12,13,1,73.3,6,32,68,6,0,905,109,11,1,100.0,440,13,1,3,0,596,16,3,0,0,16,0,0,0,0,37,15,32.6,0.0,0.0,0.0,0.0,0.0068859984697781,0.0068859984697781,0.0550879877582249,0.061973986228003,0.0041315990818668,0.2065799540933435,0.0,40.765110941086455,51.71384850803367,800.0841622035196,384.99617444529457,0.0550879877582249,0.6197398622800305,4.544758990053558,0.6197398622800305,0.3442999234889059,1.1017597551644989,0.0,0.0688599846977811,0.1377199693955623,3.6495791889824014,1.7903596021423105,1.17061973986228,0.8263198163733741,0.8951798010711552,0.0688599846977811,0.4131599081866871,2.2035195103289977,4.68247895944912,0.4131599081866871,62.31828615149197,7.505738332058148,0.7574598316755929,0.0688599846977811,30.29839326702372,0.8951798010711552,0.0688599846977811,0.2065799540933435,0.0,41.04055087987758,1.1017597551644989,0.2065799540933435,0.0,1.1017597551644989,0.0,0.0,0.0,0.0,2.5478194338179034,1.0328997704667178,DF,,defense,2
Ibrahima Konaté,fr FRA,DF,Liverpool,eng Premier League,25.0,1999.0,31,30,2560,28.4,1,2,3,1,0,0,1.7,1.7,1.0,2.7,0.1,19,3,15.8,0.67,0.11,0.05,0.33,0.09,1718,1905,90.2,31820,10824,0.9,10,143,9,0,0,0,1,5,115,31,1.09,7,0.25,40,26,25,13,2,71.4,17,57,133,9,3,2185,223,23,3,50.0,1290,25,0,8,2,1576,3,5,0,0,27,0,0,0,0,98,74,71.8,0.03515625,0.0703125,0.10546875,0.03515625,0.0597656249999999,0.0597656249999999,0.03515625,0.094921875,0.003515625,0.66796875,0.10546875,60.39843750000001,66.97265625,1118.671875,380.53125000000006,0.031640625,0.3515625,5.02734375,0.31640625,0.0,0.0,0.0,0.03515625,0.17578125,4.04296875,1.40625,0.9140625,0.87890625,0.45703125,0.0703125,0.59765625,2.00390625,4.67578125,0.31640625,76.81640625,7.83984375,0.8085937499999999,0.10546875,45.3515625,0.87890625,0.0,0.28125,0.0703125,55.40625,0.10546875,0.17578125,0.0,0.94921875,0.0,0.0,0.0,0.0,3.4453125000000004,2.6015625,DF,,defense,2
Geoffrey Kondogbia,cf CTA,"DF,MF",Marseille,fr Ligue 1,31.0,1993.0,25,22,2020,22.4,0,0,0,0,0,0,0.5,0.5,0.2,0.7,0.03,8,1,12.5,0.36,0.04,0.0,0.0,0.06,1668,1803,92.5,26671,8282,1.1,5,120,13,2,4,0,2,3,105,24,1.07,0,0.0,60,38,31,26,3,79.4,22,82,64,10,4,2013,155,15,10,66.7,1301,20,0,13,13,1550,11,1,0,0,19,0,0,0,0,108,27,64.3,0.0,0.0,0.0,0.0,0.0222772277227722,0.0222772277227722,0.0089108910891089,0.0311881188118811,0.0013366336633663,0.3564356435643564,0.0445544554455445,74.31683168316832,80.33168316831683,1188.3118811881188,369.0,0.049009900990099,0.2227722772277227,5.346534653465346,0.5792079207920792,0.0891089108910891,0.1782178217821782,0.0,0.0891089108910891,0.1336633663366336,4.678217821782178,2.673267326732673,1.693069306930693,1.381188118811881,1.1584158415841583,0.1336633663366336,0.9801980198019802,3.6534653465346536,2.851485148514852,0.4455445544554455,89.68811881188118,6.905940594059405,0.6683168316831682,0.4455445544554455,57.96534653465347,0.8910891089108911,0.0,0.5792079207920792,0.5792079207920792,69.05940594059406,0.4900990099009901,0.0445544554455445,0.0,0.8465346534653465,0.0,0.0,0.0,0.0,4.811881188118812,1.202970297029703,DF,MF,defense,2
Ezri Konsa,eng ENG,DF,Aston Villa,eng Premier League,26.0,1997.0,34,33,2936,32.6,2,0,2,2,0,0,1.3,1.3,0.4,1.7,0.05,11,5,45.5,0.34,0.15,0.18,0.4,0.12,1555,1673,92.9,26299,8781,0.6,6,106,2,0,5,0,6,0,90,24,0.74,3,0.09,34,18,20,10,4,80.0,24,58,114,21,4,1915,250,22,8,44.4,1132,24,2,17,10,1338,11,1,0,0,9,0,0,0,0,97,31,57.4,0.0613079019073569,0.0,0.0613079019073569,0.0613079019073569,0.039850136239782,0.039850136239782,0.0122615803814713,0.0521117166212534,0.0015326975476839,0.3371934604904631,0.1532697547683923,47.66689373297003,51.28405994550409,806.1682561307902,269.1723433242507,0.018392370572207,0.1839237057220708,3.249318801089918,0.0613079019073569,0.0,0.1532697547683923,0.0,0.1839237057220708,0.0,2.758855585831063,1.042234332425068,0.5517711171662125,0.6130790190735694,0.3065395095367847,0.1226158038147138,0.7356948228882834,1.7779291553133516,3.4945504087193457,0.6437329700272479,58.702316076294274,7.663487738419618,0.6743869209809263,0.2452316076294277,34.70027247956403,0.7356948228882834,0.0613079019073569,0.521117166212534,0.3065395095367847,41.0149863760218,0.3371934604904631,0.0306539509536784,0.0,0.2758855585831062,0.0,0.0,0.0,0.0,2.973433242506812,0.9502724795640328,DF,,defense,2
Odilon Kossounou,ci CIV,DF,Atalanta,it Serie A,23.0,2001.0,18,12,1125,12.5,0,0,0,0,0,0,0.5,0.5,0.0,0.6,0.04,6,4,66.7,0.48,0.32,0.0,0.0,0.09,599,679,88.2,10625,3587,0.2,1,53,2,0,3,0,1,3,46,7,0.56,0,0.0,16,11,8,6,2,46.2,13,29,25,6,1,790,49,15,5,41.7,456,13,4,12,3,532,14,1,0,0,15,0,0,0,0,62,23,57.5,0.0,0.0,0.0,0.0,0.04,0.04,0.0,0.048,0.0031999999999999,0.48,0.32,47.92,54.31999999999999,850.0,286.96,0.016,0.08,4.24,0.16,0.0,0.24,0.0,0.08,0.24,3.68,1.28,0.88,0.64,0.48,0.16,1.04,2.32,2.0,0.48,63.2,3.92,1.2000000000000002,0.4,36.48,1.04,0.32,0.96,0.24,42.56,1.12,0.08,0.0,1.2000000000000002,0.0,0.0,0.0,0.0,4.96,1.84,DF,,defense,2
Konstantinos Koulierakis,gr GRE,DF,Wolfsburg,de Bundesliga,20.0,2003.0,30,28,2468,27.4,0,2,2,0,0,0,1.0,1.0,1.0,1.9,0.07,22,3,13.6,0.8,0.11,0.0,0.0,0.04,1292,1557,83.0,26360,9632,0.8,10,103,12,4,13,0,1,30,104,31,1.13,4,0.15,40,20,25,13,2,62.5,33,73,147,9,2,1886,283,30,7,58.3,1049,20,0,18,2,1205,8,4,0,0,24,0,0,0,0,93,59,60.2,0.0,0.072933549432739,0.072933549432739,0.0,0.0364667747163695,0.0364667747163695,0.0364667747163695,0.0692868719611021,0.0025526742301458,0.8022690437601296,0.1094003241491086,47.11507293354944,56.77876823338735,961.2641815235008,351.2479740680713,0.0291734197730956,0.3646677471636952,3.756077795786062,0.4376012965964344,0.1458670988654781,0.4740680713128039,0.0,0.0364667747163695,1.094003241491086,3.792544570502431,1.458670988654781,0.7293354943273905,0.9116693679092382,0.4740680713128039,0.072933549432739,1.2034035656401945,2.662074554294976,5.360615883306321,0.3282009724473257,68.77633711507293,10.320097244732576,1.094003241491086,0.2552674230145867,38.25364667747164,0.7293354943273905,0.0,0.6564019448946515,0.072933549432739,43.94246353322528,0.2917341977309562,0.1458670988654781,0.0,0.8752025931928687,0.0,0.0,0.0,0.0,3.3914100486223666,2.151539708265802,DF,,defense,0
Jules Koundé,fr FRA,DF,Barcelona,es La Liga,25.0,1998.0,32,29,2605,28.9,2,3,5,2,0,0,1.8,1.8,3.9,5.7,0.2,18,6,33.3,0.62,0.21,0.11,0.33,0.11,1856,2140,86.7,28736,8279,3.8,32,154,29,8,63,0,6,13,165,59,2.04,7,0.24,63,43,29,23,11,66.7,20,83,68,25,2,2453,79,79,22,44.0,1287,44,7,41,13,1625,190,4,0,0,22,0,0,0,0,107,30,56.6,0.0690978886756238,0.1036468330134357,0.1727447216890595,0.0690978886756238,0.0621880998080614,0.0621880998080614,0.1347408829174664,0.1969289827255278,0.0069097888675623,0.6218809980806141,0.2072936660268714,64.12284069097889,73.93474088291747,992.7984644913628,286.0307101727447,0.1312859884836852,1.1055662188099808,5.320537428023033,1.0019193857965452,0.2763915547024952,2.1765834932821497,0.0,0.2072936660268714,0.4491362763915547,5.700575815738963,2.1765834932821497,1.4856046065259116,1.0019193857965452,0.7946257197696738,0.3800383877159309,0.690978886756238,2.867562380038388,2.349328214971209,0.8637236084452974,84.7485604606526,2.7293666026871404,2.7293666026871404,0.7600767754318618,44.46449136276392,1.5201535508637236,0.2418426103646833,1.416506717850288,0.4491362763915547,56.14203454894434,6.564299424184261,0.1381957773512476,0.0,0.7600767754318618,0.0,0.0,0.0,0.0,3.696737044145874,1.0364683301343571,DF,,defense,3
Frans Krätzig,de GER,"DF,MF",Heidenheim,de Bundesliga,21.0,2003.0,16,15,1217,13.5,1,2,3,1,0,0,0.6,0.6,1.8,2.5,0.18,9,3,33.3,0.67,0.22,0.11,0.33,0.07,419,552,75.9,6940,2169,1.8,28,28,14,5,38,24,1,1,37,45,3.33,2,0.15,32,18,14,12,6,57.1,17,49,15,12,0,676,23,26,9,45.0,372,25,6,21,8,403,57,1,0,0,7,0,0,1,0,60,3,42.9,0.0739523418241577,0.1479046836483155,0.2218570254724733,0.0739523418241577,0.0443714050944946,0.0443714050944946,0.1331142152834839,0.1848808545603944,0.0133114215283483,0.6655710764174199,0.2218570254724733,30.986031224322105,40.82169268693509,513.2292522596549,160.4026294165982,0.1331142152834839,2.0706655710764177,2.0706655710764177,1.0353327855382088,0.3697617091207889,2.810188989317995,1.7748562037797864,0.0739523418241577,0.0739523418241577,2.736236647493837,2.3664749383730483,1.3311421528348395,1.0353327855382088,0.8874281018898932,0.4437140509449466,1.257189811010682,3.623664749383731,1.1092851273623665,0.8874281018898932,49.991783073130655,1.7009038619556287,1.922760887428102,0.6655710764174199,27.510271158586686,1.8488085456039445,0.4437140509449466,1.552999178307313,0.5916187345932621,29.80279375513558,4.215283483976992,0.0739523418241577,0.0,0.5176663927691044,0.0,0.0,0.0739523418241577,0.0,4.437140509449466,0.2218570254724733,DF,MF,defense,3
Ladislav Krejčí,cz CZE,DF,Girona,es La Liga,25.0,1999.0,28,27,2440,27.1,2,0,2,2,0,0,1.7,1.7,0.3,2.0,0.07,18,5,27.8,0.66,0.18,0.11,0.4,0.09,1924,2135,90.1,35129,12417,0.8,8,150,12,2,11,0,3,8,144,29,1.07,4,0.15,23,16,19,4,0,53.8,34,57,93,7,5,2351,259,28,7,58.3,1523,29,1,15,8,1805,6,9,0,0,24,1,1,0,1,101,55,69.6,0.0737704918032786,0.0,0.0737704918032786,0.0737704918032786,0.0627049180327868,0.0627049180327868,0.0110655737704918,0.0737704918032786,0.0025819672131147,0.6639344262295083,0.1844262295081967,70.96721311475409,78.75,1295.7418032786886,458.0040983606557,0.0295081967213114,0.2950819672131147,5.532786885245901,0.4426229508196722,0.0737704918032786,0.4057377049180328,0.0,0.110655737704918,0.2950819672131147,5.311475409836066,0.848360655737705,0.5901639344262295,0.7008196721311476,0.1475409836065573,0.0,1.2540983606557377,2.1024590163934427,3.430327868852459,0.2581967213114754,86.7172131147541,9.55327868852459,1.0327868852459017,0.2581967213114754,56.17622950819672,1.069672131147541,0.0368852459016393,0.5532786885245902,0.2950819672131147,66.57786885245902,0.2213114754098361,0.3319672131147541,0.0,0.8852459016393444,0.0368852459016393,0.0368852459016393,0.0,0.0368852459016393,3.7254098360655736,2.028688524590164,DF,,defense,2
Rasmus Kristensen,dk DEN,DF,Eint Frankfurt,de Bundesliga,27.0,1997.0,30,28,2513,27.9,5,3,8,5,0,0,2.5,2.5,3.1,5.6,0.2,24,8,33.3,0.86,0.29,0.21,0.63,0.1,1263,1626,77.7,20684,8380,4.8,20,134,35,9,59,0,2,9,172,60,2.15,10,0.36,59,33,37,17,5,59.7,20,79,97,38,1,1955,125,61,22,44.9,1084,51,9,37,15,1218,162,4,0,0,24,2,0,0,0,121,44,59.5,0.1790688420214882,0.1074413052128929,0.2865101472343812,0.1790688420214882,0.0895344210107441,0.0895344210107441,0.1110226820533227,0.2005571030640668,0.0071627536808595,0.8595304417031436,0.2865101472343812,45.23278949462794,58.23318742538798,740.7719856744927,300.11937922801434,0.1719060883406287,0.716275368085953,4.799044966175885,1.2534818941504178,0.3223239156386788,2.1130123358535613,0.0,0.0716275368085953,0.3223239156386788,6.159968165539197,2.1130123358535613,1.1818543573418223,1.325109430959013,0.6088340628730601,0.1790688420214882,0.716275368085953,2.8292877039395146,3.473935535216872,1.3609231993633106,70.01591723040191,4.476721050537207,2.184639872662157,0.7879029048945484,38.822124950258655,1.8265021886191803,0.3223239156386788,1.325109430959013,0.5372065260644647,43.62116991643454,5.80183048149622,0.1432550736171906,0.0,0.8595304417031436,0.0716275368085953,0.0,0.0,0.0,4.333465976920016,1.5758058097890968,DF,,defense,3
Thomas Kristensen,dk DEN,DF,Udinese,it Serie A,22.0,2002.0,24,19,1754,19.5,1,0,1,1,0,0,0.9,0.9,0.3,1.2,0.06,4,1,25.0,0.21,0.05,0.25,1.0,0.23,757,947,79.9,14606,5161,0.6,4,66,7,2,10,0,1,3,76,17,0.87,1,0.05,31,21,16,11,4,62.5,21,52,80,17,2,1144,105,14,10,76.9,618,19,1,16,9,693,19,5,0,0,31,0,0,1,0,63,61,65.6,0.0513112884834663,0.0,0.0513112884834663,0.0513112884834663,0.0461801596351197,0.0461801596351197,0.0153933865450399,0.0615735461801596,0.0030786773090079,0.2052451539338654,0.0513112884834663,38.84264538198404,48.59179019384264,749.4526795895098,264.8175598631699,0.0307867730900798,0.2052451539338654,3.38654503990878,0.3591790193842645,0.1026225769669327,0.5131128848346637,0.0,0.0513112884834663,0.153933865450399,3.899657924743444,1.5906499429874572,1.0775370581527937,0.8209806157354618,0.56442417331813,0.2052451539338654,1.0775370581527937,2.668187001140251,4.104903078677309,0.8722919042189282,58.70011402508552,5.387685290763968,0.7183580387685291,0.5131128848346637,31.710376282782214,0.9749144811858608,0.0513112884834663,0.8209806157354618,0.4618015963511973,35.55872291904219,0.9749144811858608,0.2565564424173318,0.0,1.5906499429874572,0.0,0.0,0.0513112884834663,0.0,3.232611174458381,3.129988597491448,DF,,defense,2
Lukas Kübler,de GER,DF,Freiburg,de Bundesliga,31.0,1992.0,28,22,1842,20.5,5,1,6,5,0,0,2.7,2.7,0.8,3.5,0.17,18,10,55.6,0.88,0.49,0.28,0.5,0.15,800,1037,77.1,13701,4401,1.1,11,77,15,5,30,0,0,3,78,26,1.27,4,0.2,40,21,17,20,3,56.3,53,93,61,15,3,1268,75,26,0,0.0,519,24,3,12,7,681,49,5,0,0,25,0,0,0,0,73,42,65.6,0.2442996742671009,0.0488599348534201,0.2931596091205212,0.2442996742671009,0.1319218241042345,0.1319218241042345,0.0390879478827361,0.1710097719869706,0.0083061889250814,0.8794788273615635,0.4885993485342019,39.08794788273616,50.66775244299674,669.4299674267102,215.03257328990227,0.0537459283387622,0.5374592833876222,3.762214983713355,0.7328990228013029,0.2442996742671009,1.4657980456026058,0.0,0.0,0.1465798045602606,3.811074918566775,1.954397394136808,1.026058631921824,0.8306188925081434,0.977198697068404,0.1465798045602606,2.58957654723127,4.543973941368078,2.980456026058632,0.7328990228013029,61.954397394136805,3.6644951140065145,1.270358306188925,0.0,25.358306188925084,1.1726384364820848,0.1465798045602606,0.5863192182410424,0.3420195439739413,33.273615635179155,2.3941368078175898,0.2442996742671009,0.0,1.221498371335505,0.0,0.0,0.0,0.0,3.566775244299674,2.052117263843648,DF,,defense,3
Sael Kumbedi,fr FRA,DF,Lyon,fr Ligue 1,19.0,2005.0,14,12,951,10.6,0,0,0,0,0,0,0.3,0.3,0.3,0.6,0.06,4,2,50.0,0.38,0.19,0.0,0.0,0.08,436,509,85.7,6027,1630,0.8,5,19,14,2,14,0,1,0,37,15,1.42,4,0.38,28,14,11,13,4,70.0,8,36,32,11,1,629,28,20,9,40.9,324,23,6,10,11,419,71,2,0,0,17,1,0,0,0,32,3,30.0,0.0,0.0,0.0,0.0,0.028391167192429,0.028391167192429,0.028391167192429,0.056782334384858,0.0056782334384858,0.3785488958990536,0.1892744479495268,41.261829652996845,48.170347003154575,570.378548895899,154.25867507886434,0.0757097791798107,0.473186119873817,1.7981072555205049,1.3249211356466877,0.1892744479495268,1.3249211356466877,0.0,0.0946372239747634,0.0,3.501577287066246,2.649842271293376,1.3249211356466877,1.0410094637223974,1.2302839116719242,0.3785488958990536,0.7570977917981072,3.406940063091483,3.028391167192429,1.0410094637223974,59.52681388012618,2.649842271293376,1.892744479495268,0.8517350157728707,30.66246056782334,2.176656151419558,0.5678233438485805,0.946372239747634,1.0410094637223974,39.65299684542587,6.719242902208201,0.1892744479495268,0.0,1.608832807570978,0.0946372239747634,0.0,0.0,0.0,3.028391167192429,0.2839116719242902,DF,,defense,3
Marash Kumbulla,al ALB,DF,Espanyol,es La Liga,24.0,2000.0,35,34,2972,33.0,3,0,3,3,0,0,1.8,1.8,0.0,1.9,0.06,16,5,31.3,0.48,0.15,0.19,0.6,0.11,1189,1407,84.5,23425,8594,0.3,1,43,4,2,6,0,0,7,71,16,0.48,2,0.06,51,26,35,14,2,58.5,34,85,224,8,2,1845,331,24,4,50.0,998,11,0,14,1,1155,3,9,0,0,37,1,0,0,1,74,71,61.7,0.0908479138627187,0.0,0.0908479138627187,0.0908479138627187,0.0545087483176312,0.0545087483176312,0.0,0.0575370121130551,0.0018169582772543,0.4845222072678331,0.1514131897711978,36.00605652759085,42.607671601615074,709.370794078062,260.24899057873483,0.0090847913862718,0.0302826379542395,1.3021534320323014,0.1211305518169582,0.0605652759084791,0.1816958277254374,0.0,0.0,0.211978465679677,2.1500672947510098,1.544414535666218,0.7873485868102287,1.059892328398385,0.423956931359354,0.0605652759084791,1.0296096904441452,2.5740242261103634,6.783310901749664,0.2422611036339165,55.87146702557201,10.023553162853297,0.7267833109017496,0.1211305518169582,30.22207267833109,0.3331090174966352,0.0,0.423956931359354,0.0302826379542395,34.9764468371467,0.0908479138627187,0.2725437415881561,0.0,1.120457604306864,0.0302826379542395,0.0,0.0,0.0302826379542395,2.2409152086137283,2.1500672947510098,DF,,defense,0
Giorgos Kyriakopoulos,gr GRE,DF,Monza,it Serie A,28.0,1996.0,34,33,2845,31.6,2,4,6,2,0,0,0.9,0.9,3.3,4.2,0.13,27,9,33.3,0.85,0.28,0.07,0.22,0.03,1055,1411,74.8,17169,6200,2.6,41,75,25,15,170,45,3,2,97,70,2.21,6,0.19,43,26,20,18,5,49.2,23,66,79,39,0,1692,92,33,16,37.2,865,67,11,27,17,942,132,5,0,0,24,5,0,1,1,94,26,44.1,0.0632688927943761,0.1265377855887522,0.1898066783831283,0.0632688927943761,0.0284710017574692,0.0284710017574692,0.1043936731107205,0.1328646748681898,0.0041124780316344,0.8541300527240773,0.2847100175746924,33.37434094903339,44.63620386643234,543.1318101933216,196.1335676625659,0.0822495606326889,1.29701230228471,2.372583479789104,0.7908611599297013,0.4745166959578207,5.377855887521968,1.4235500878734622,0.0949033391915641,0.0632688927943761,3.068541300527241,1.360281195079086,0.8224956063268892,0.632688927943761,0.5694200351493849,0.1581722319859402,0.7275922671353252,2.0878734622144117,2.499121265377856,1.233743409490334,53.52548330404218,2.910369068541301,1.0439367311072056,0.5061511423550088,27.363796133567664,2.1195079086115998,0.3479789103690685,0.8541300527240773,0.5377855887521968,29.79964850615114,4.175746924428823,0.1581722319859402,0.0,0.7592267135325133,0.1581722319859402,0.0,0.031634446397188,0.031634446397188,2.973637961335677,0.8224956063268892,DF,,defense,1
Maxence Lacroix,fr FRA,DF,Crystal Palace,eng Premier League,24.0,2000.0,35,35,3116,34.6,1,1,2,1,0,0,3.4,3.4,1.0,4.4,0.13,30,5,16.7,0.87,0.14,0.03,0.2,0.11,1207,1477,81.7,24841,9717,1.0,8,71,4,2,7,0,3,7,65,28,0.81,4,0.12,68,41,52,15,1,68.1,54,122,207,12,2,1934,362,45,8,57.1,1030,8,0,21,6,1136,7,5,0,0,34,0,0,1,0,130,60,54.5,0.0288831835686777,0.0288831835686777,0.0577663671373555,0.0288831835686777,0.0982028241335045,0.0982028241335045,0.0288831835686777,0.1270860077021823,0.0037548138639281,0.8664955070603338,0.1444159178433889,34.86200256739409,42.6604621309371,717.487163029525,280.6578947368421,0.0288831835686777,0.2310654685494223,2.050706033376124,0.1155327342747111,0.0577663671373555,0.2021822849807445,0.0,0.0866495507060333,0.2021822849807445,1.8774069319640565,1.9640564826700897,1.1842105263157894,1.5019255455712452,0.4332477535301669,0.0288831835686777,1.5596919127086009,3.5237483953786906,5.978818998716302,0.3465982028241335,55.86007702182285,10.45571245186136,1.2997432605905006,0.2310654685494223,29.74967907573813,0.2310654685494223,0.0,0.6065468549422336,0.1732991014120667,32.81129653401798,0.2021822849807445,0.1444159178433889,0.0,0.9820282413350448,0.0,0.0,0.0288831835686777,0.0,3.754813863928113,1.7329910141206677,DF,,defense,0
Konrad Laimer,at AUT,DF,Bayern Munich,de Bundesliga,27.0,1997.0,29,19,1699,18.9,2,2,4,2,0,0,2.1,2.1,2.7,4.8,0.25,18,6,33.3,0.95,0.32,0.11,0.33,0.12,1075,1225,87.8,14939,3794,3.2,20,104,25,4,21,0,3,2,141,62,3.28,8,0.42,49,27,19,22,8,47.9,8,57,24,28,1,1421,39,66,17,56.7,816,87,18,35,23,1014,113,8,0,0,35,1,0,0,0,81,15,53.6,0.1059446733372572,0.1059446733372572,0.2118893466745144,0.1059446733372572,0.11124190700412,0.11124190700412,0.1430253090052972,0.2542672160094173,0.0132430841671571,0.9535020600353148,0.3178340200117716,56.94526191877576,64.89111241907004,791.3537374926427,200.9770453207769,0.1695114773396115,1.059446733372572,5.509123013537375,1.324308416715715,0.2118893466745144,1.1124190700412009,0.0,0.1589170100058858,0.1059446733372572,7.469099470276633,2.5956444967628016,1.4302530900529724,1.0064743967039431,1.1653914067098292,0.4237786933490288,0.4237786933490288,3.0194231901118305,1.2713360800470863,1.483225426721601,75.27369040612125,2.065921130076516,3.496174220129488,0.9005297233666862,43.22542672160094,4.608593290170689,0.9535020600353148,1.8540317834020013,1.2183637433784578,53.71394938198941,5.985874043555032,0.4237786933490288,0.0,1.8540317834020013,0.0529723366686286,0.0,0.0,0.0,4.290759270158917,0.794585050029429,DF,,defense,3
Kenny Lala,mg MAD,DF,Brest,fr Ligue 1,32.0,1991.0,30,29,2686,29.8,3,2,5,0,3,3,3.0,0.6,4.3,4.9,0.24,9,4,44.4,0.3,0.13,0.0,0.0,0.07,1367,1796,76.1,27268,10357,5.0,41,124,40,13,126,10,4,13,138,80,2.68,6,0.2,66,42,36,23,7,66.7,25,91,75,44,2,2043,110,7,15,62.5,1054,58,2,29,16,1229,91,5,0,0,18,0,0,1,0,154,8,38.1,0.1005212211466865,0.0670141474311243,0.1675353685778108,0.0,0.1005212211466865,0.0201042442293373,0.1440804169769173,0.1641846612062546,0.0080416976917349,0.3015636634400596,0.1340282948622487,45.80416976917349,60.17870439314967,913.6708860759494,347.0327624720775,0.1675353685778108,1.3737900223380493,4.15487714072971,1.340282948622487,0.4355919583023082,4.221891288160834,0.3350707371556217,0.1340282948622487,0.4355919583023082,4.6239761727475805,2.2114668652271035,1.4072970960536113,1.2062546537602383,0.77066269545793,0.2345495160089352,0.8376768428890543,3.0491437081161576,2.513030528667163,1.4743112434847356,68.45495160089352,3.685778108711839,0.2345495160089352,0.5026061057334327,35.31645569620253,1.943410275502606,0.0670141474311243,0.9717051377513032,0.5361131794489948,41.18019359642591,3.0491437081161576,0.1675353685778108,0.0,0.6031273268801192,0.0,0.0,0.0335070737155621,0.0,5.160089352196575,0.2680565897244974,DF,,defense,3
Valentino Lazaro,at AUT,"DF,FW",Torino,it Serie A,28.0,1996.0,33,26,2307,25.6,0,6,6,0,0,0,1.0,1.0,3.3,4.4,0.17,16,2,12.5,0.62,0.08,0.0,0.0,0.06,880,1172,75.1,14662,4254,3.4,33,57,23,15,145,57,0,1,76,52,2.03,8,0.31,26,12,10,12,4,50.0,11,37,38,27,1,1368,53,27,14,37.8,726,35,7,33,12,868,131,6,0,0,30,0,0,1,0,94,16,39.0,0.0,0.2340702210663199,0.2340702210663199,0.0,0.0390117035110533,0.0390117035110533,0.1287386215864759,0.1716514954486346,0.006631989596879,0.624187256176853,0.0780234070221066,34.33029908972692,45.72171651495449,571.9895968790637,165.9557867360208,0.1326397919375812,1.287386215864759,2.223667100130039,0.8972691807542262,0.5851755526657997,5.65669700910273,2.223667100130039,0.0,0.0390117035110533,2.964889466840052,1.0143042912873863,0.4681404421326398,0.3901170351105331,0.4681404421326398,0.1560468140442132,0.4291287386215864,1.4434330299089728,1.482444733420026,1.0533159947984396,53.36801040312094,2.067620286085825,1.0533159947984396,0.5461638491547465,28.322496749024705,1.3654096228868662,0.2730819245773732,1.287386215864759,0.4681404421326398,33.86215864759428,5.110533159947984,0.2340702210663199,0.0,1.1703511053315994,0.0,0.0,0.0390117035110533,0.0,3.667100130039012,0.624187256176853,DF,FW,defense,1
Darko Lazović,rs SRB,"DF,MF",Hellas Verona,it Serie A,33.0,1990.0,27,17,1459,16.2,2,3,5,1,1,1,2.5,1.7,3.4,5.1,0.36,19,3,15.8,1.17,0.19,0.05,0.33,0.09,315,505,62.4,5171,1949,1.8,18,21,15,7,70,12,2,0,40,23,1.42,4,0.25,21,10,5,14,2,39.3,11,32,39,23,0,659,47,29,7,31.8,318,22,7,13,10,385,88,0,0,0,9,1,1,0,0,59,9,40.9,0.1233721727210418,0.1850582590815627,0.3084304318026045,0.0616860863605209,0.1542152159013022,0.1048663468128855,0.2097326936257711,0.3145990404386566,0.0222069910897875,1.1720356408498973,0.1850582590815627,19.431117203564085,31.151473612063057,318.9787525702536,120.22618231665524,0.1110349554489376,1.1103495544893762,1.295407813570939,0.9252912954078136,0.4318026045236463,4.318026045236463,0.7402330363262508,0.1233721727210418,0.0,2.4674434544208363,1.295407813570939,0.6168608636052091,0.3084304318026045,0.8636052090472927,0.1233721727210418,0.67854694996573,1.973954763536669,2.4057573680603155,1.4187799862919808,40.65113091158327,2.8992460589444824,1.7888965044551062,0.4318026045236463,19.616175462645646,1.35709389993146,0.4318026045236463,0.8019191226867718,0.6168608636052091,23.74914324880055,5.42837559972584,0.0,0.0,0.5551747772446881,0.0616860863605209,0.0616860863605209,0.0,0.0,3.639479095270733,0.5551747772446881,DF,MF,defense,1
Manuel Lazzari,it ITA,DF,Lazio,it Serie A,30.0,1993.0,25,16,1406,15.6,0,1,1,0,0,0,0.1,0.1,1.3,1.4,0.09,6,2,33.3,0.38,0.13,0.0,0.0,0.02,609,770,79.1,9626,2660,1.6,20,36,22,14,97,0,1,3,66,36,2.3,2,0.13,26,16,13,11,2,58.3,10,36,19,23,0,896,24,17,15,62.5,518,72,6,27,7,577,96,3,0,0,12,1,0,1,0,50,5,27.8,0.0,0.0640113798008534,0.0640113798008534,0.0,0.0064011379800853,0.0064011379800853,0.0832147937411095,0.0896159317211948,0.0057610241820768,0.3840682788051209,0.1280227596017069,38.98293029871977,49.28876244665718,616.1735419630156,170.27027027027026,0.1024182076813655,1.2802275960170697,2.304409672830725,1.4082503556187769,0.8961593172119487,6.209103840682788,0.0,0.0640113798008534,0.1920341394025604,4.22475106685633,1.6642958748221908,1.0241820768136558,0.8321479374110954,0.7041251778093883,0.1280227596017069,0.6401137980085349,2.304409672830725,1.2162162162162162,1.47226173541963,57.35419630156472,1.5362731152204838,1.0881934566145093,0.9601706970128022,33.1578947368421,4.608819345661451,0.3840682788051209,1.728307254623044,0.4480796586059744,36.93456614509246,6.145092460881935,0.1920341394025604,0.0,0.7681365576102419,0.0640113798008534,0.0,0.0640113798008534,0.0,3.2005689900426746,0.3200568990042674,DF,,defense,1
Julien Le Cardinal,fr FRA,DF,Brest,fr Ligue 1,26.0,1997.0,16,15,1378,15.3,0,1,1,0,0,0,0.4,0.4,0.3,0.7,0.05,10,3,30.0,0.65,0.2,0.0,0.0,0.04,704,815,86.4,14529,5467,0.4,5,43,0,0,6,0,1,12,39,14,0.91,2,0.13,27,15,16,8,3,68.8,33,60,75,2,0,994,136,13,4,66.7,539,7,0,3,6,658,1,3,0,0,12,1,0,1,1,48,29,61.7,0.0,0.0653120464441219,0.0653120464441219,0.0,0.0261248185776487,0.0261248185776487,0.0195936139332365,0.0457184325108853,0.003265602322206,0.6531204644412192,0.1959361393323657,45.97968069666182,53.229317851959365,948.9187227866472,357.0609579100145,0.0261248185776487,0.3265602322206096,2.8084179970972425,0.0,0.0,0.3918722786647314,0.0,0.0653120464441219,0.7837445573294629,2.547169811320755,1.7634252539912916,0.9796806966618288,1.0449927431059507,0.5224963715529753,0.1959361393323657,2.1552975326560238,3.918722786647315,4.898403483309144,0.1306240928882438,64.92017416545718,8.882438316400581,0.8490566037735848,0.2612481857764877,35.20319303338171,0.4571843251088534,0.0,0.1959361393323657,0.3918722786647314,42.97532656023222,0.0653120464441219,0.1959361393323657,0.0,0.7837445573294629,0.0653120464441219,0.0,0.0653120464441219,0.0653120464441219,3.134978229317852,1.894049346879536,DF,,defense,0
Robin Le Normand,es ESP,DF,Atlético Madrid,es La Liga,27.0,1996.0,27,24,2151,23.9,1,0,1,1,0,0,1.5,1.5,0.5,1.9,0.08,11,3,27.3,0.46,0.13,0.09,0.33,0.13,1174,1298,90.4,20104,6230,1.0,3,41,2,0,1,0,0,5,55,7,0.29,1,0.04,27,18,23,4,0,60.0,10,37,120,3,1,1523,193,19,2,50.0,1001,11,0,14,6,1100,6,8,0,0,35,0,0,1,0,82,54,58.1,0.0418410041841004,0.0,0.0418410041841004,0.0418410041841004,0.0627615062761506,0.0627615062761506,0.0209205020920502,0.0794979079497907,0.003347280334728,0.4602510460251046,0.1255230125523012,49.12133891213389,54.30962343096234,841.1715481171549,260.6694560669456,0.0418410041841004,0.1255230125523012,1.715481171548117,0.0836820083682008,0.0,0.0418410041841004,0.0,0.0,0.2092050209205021,2.301255230125523,1.1297071129707112,0.7531380753138075,0.9623430962343096,0.1673640167364016,0.0,0.4184100418410042,1.5481171548117156,5.02092050209205,0.1255230125523012,63.72384937238494,8.075313807531382,0.7949790794979079,0.0836820083682008,41.88284518828452,0.4602510460251046,0.0,0.5857740585774058,0.2510460251046025,46.02510460251047,0.2510460251046025,0.3347280334728033,0.0,1.4644351464435146,0.0,0.0,0.0418410041841004,0.0,3.430962343096234,2.2594142259414225,DF,,defense,0
Jordan Lefort,fr FRA,DF,Angers,fr Ligue 1,30.0,1993.0,34,34,3060,34.0,0,1,1,0,0,0,0.6,0.6,1.1,1.6,0.05,9,1,11.1,0.26,0.03,0.0,0.0,0.06,1446,1749,82.7,27893,12926,1.2,10,89,11,4,12,0,5,9,89,26,0.76,1,0.03,52,30,42,9,1,68.2,32,84,206,21,3,2144,335,19,8,47.1,1196,6,0,16,2,1420,13,3,0,0,14,1,0,1,0,110,40,58.8,0.0,0.0294117647058823,0.0294117647058823,0.0,0.0176470588235294,0.0176470588235294,0.0323529411764705,0.0470588235294117,0.0014705882352941,0.2647058823529412,0.0294117647058823,42.52941176470589,51.44117647058823,820.3823529411765,380.1764705882353,0.0352941176470588,0.2941176470588235,2.617647058823529,0.3235294117647058,0.1176470588235294,0.3529411764705882,0.0,0.1470588235294117,0.2647058823529412,2.617647058823529,1.5294117647058822,0.8823529411764706,1.2352941176470589,0.2647058823529412,0.0294117647058823,0.9411764705882352,2.4705882352941178,6.0588235294117645,0.6176470588235294,63.05882352941176,9.852941176470589,0.5588235294117647,0.2352941176470588,35.1764705882353,0.1764705882352941,0.0,0.4705882352941176,0.0588235294117647,41.76470588235294,0.3823529411764705,0.088235294117647,0.0,0.411764705882353,0.0294117647058823,0.0,0.0294117647058823,0.0,3.2352941176470584,1.1764705882352942,DF,,defense,0
Diogo Leite,pt POR,DF,Union Berlin,de Bundesliga,25.0,1999.0,30,29,2546,28.3,1,2,3,1,0,0,1.4,1.4,1.0,2.4,0.08,18,8,44.4,0.64,0.28,0.06,0.13,0.08,1099,1398,78.6,20381,8856,2.4,13,110,11,3,10,0,0,7,116,33,1.17,3,0.11,64,32,43,17,4,66.0,57,121,162,19,1,1803,205,36,10,66.7,853,20,0,18,7,959,16,3,0,0,25,4,0,0,1,104,78,55.3,0.035349567949725,0.0706991358994501,0.1060487038491751,0.035349567949725,0.049489395129615,0.049489395129615,0.035349567949725,0.0848389630793401,0.002827965435978,0.6362922230950511,0.2827965435978005,38.84917517674784,49.41869599371564,720.4595443833465,313.0557737627651,0.0848389630793401,0.4595443833464258,3.888452474469757,0.3888452474469756,0.1060487038491751,0.3534956794972506,0.0,0.0,0.2474469756480754,4.100549882168108,2.262372348782404,1.131186174391202,1.5200314218381774,0.6009426551453261,0.1413982717989002,2.014925373134328,4.277297721916732,5.72663000785546,0.6716417910447761,63.735271013354286,7.246661429693638,1.272584446190102,0.3534956794972506,30.15318146111548,0.7069913589945012,0.0,0.6362922230950511,0.2474469756480754,33.90023566378633,0.565593087195601,0.1060487038491751,0.0,0.8837391987431265,0.1413982717989002,0.0,0.0,0.035349567949725,3.676355066771406,2.7572663000785544,DF,,defense,0
Florian Lejeune,fr FRA,DF,Rayo Vallecano,es La Liga,33.0,1991.0,37,37,3325,36.9,2,3,5,2,0,0,3.6,3.6,1.9,5.4,0.15,58,17,29.3,1.57,0.46,0.03,0.12,0.06,1728,2062,83.8,37399,15842,1.1,14,168,7,3,8,0,0,35,143,37,1.0,4,0.11,46,28,30,14,2,53.5,41,87,181,19,1,2486,298,38,4,66.7,1469,21,1,17,4,1612,5,8,0,0,50,0,0,3,0,156,92,60.5,0.0541353383458646,0.081203007518797,0.1353383458646616,0.0541353383458646,0.0974436090225563,0.0974436090225563,0.0514285714285714,0.1461654135338345,0.0040601503759398,1.569924812030075,0.4601503759398496,46.77293233082707,55.81353383458647,1012.3037593984964,428.806015037594,0.0297744360902255,0.3789473684210526,4.547368421052632,0.1894736842105263,0.081203007518797,0.2165413533834586,0.0,0.0,0.9473684210526316,3.870676691729323,1.245112781954887,0.7578947368421053,0.81203007518797,0.3789473684210526,0.0541353383458646,1.1097744360902255,2.354887218045113,4.899248120300752,0.5142857142857142,67.29022556390977,8.066165413533835,1.0285714285714285,0.1082706766917293,39.76240601503759,0.5684210526315789,0.0270676691729323,0.4601503759398496,0.1082706766917293,43.63308270676692,0.1353383458646616,0.2165413533834586,0.0,1.3533834586466165,0.0,0.0,0.081203007518797,0.0,4.222556390977443,2.490225563909774,DF,,defense,0
Clément Lenglet,fr FRA,DF,Atlético Madrid,es La Liga,29.0,1995.0,23,23,1972,21.9,2,1,3,2,0,0,2.4,2.4,1.1,3.5,0.16,10,4,40.0,0.46,0.18,0.2,0.5,0.24,1193,1364,87.5,23967,9766,0.7,5,74,0,0,4,0,0,13,79,17,0.78,2,0.09,27,17,19,8,0,73.3,22,49,104,13,1,1583,229,17,3,100.0,1065,16,0,8,3,1162,1,9,0,0,29,0,0,2,0,74,37,49.3,0.0912778904665314,0.0456389452332657,0.1369168356997971,0.0912778904665314,0.1095334685598377,0.1095334685598377,0.0502028397565922,0.15973630831643,0.0073022312373225,0.4563894523326572,0.1825557809330628,54.44726166328601,62.251521298174445,1093.8286004056797,445.709939148073,0.031947261663286,0.2281947261663286,3.3772819472616638,0.0,0.0,0.1825557809330628,0.0,0.0,0.5933062880324543,3.605476673427992,1.2322515212981744,0.7758620689655172,0.8671399594320487,0.3651115618661257,0.0,1.0040567951318458,2.23630831643002,4.746450304259635,0.5933062880324543,72.24645030425964,10.45131845841785,0.7758620689655172,0.1369168356997971,48.605476673428,0.7302231237322515,0.0,0.3651115618661257,0.1369168356997971,53.032454361054775,0.0456389452332657,0.4107505070993915,0.0,1.3235294117647058,0.0,0.0,0.0912778904665314,0.0,3.3772819472616638,1.6886409736308317,DF,,defense,0
Giovanni Leoni,it ITA,DF,Parma,it Serie A,17.0,2006.0,17,14,1199,13.3,1,0,1,1,0,0,0.1,0.1,0.0,0.1,0.01,2,1,50.0,0.15,0.08,0.5,1.0,0.07,562,641,87.7,10423,3033,0.1,1,21,0,0,3,0,0,3,21,3,0.23,0,0.0,14,6,10,4,0,50.0,15,29,63,4,1,774,92,5,3,100.0,449,0,0,6,2,492,5,3,1,0,11,0,0,0,0,34,17,63.0,0.0750625521267723,0.0,0.0750625521267723,0.0750625521267723,0.0075062552126772,0.0075062552126772,0.0,0.0075062552126772,0.0007506255212677,0.1501251042535446,0.0750625521267723,42.18515429524604,48.11509591326104,782.3769808173478,227.6647206005004,0.0075062552126772,0.0750625521267723,1.5763135946622184,0.0,0.0,0.2251876563803169,0.0,0.0,0.2251876563803169,1.5763135946622184,1.0508757297748124,0.4503753127606338,0.7506255212677231,0.3002502085070892,0.0,1.1259382819015846,2.176814011676397,4.728940783986656,0.3002502085070892,58.09841534612177,6.905754795663053,0.3753127606338615,0.2251876563803169,33.70308590492077,0.0,0.0,0.4503753127606338,0.1501251042535446,36.93077564637198,0.3753127606338615,0.2251876563803169,0.0750625521267723,0.8256880733944955,0.0,0.0,0.0,0.0,2.5521267723102588,1.2760633861551294,DF,,defense,0
Rico Lewis,eng ENG,"DF,MF",Manchester City,eng Premier League,19.0,2004.0,28,21,1893,21.0,1,2,3,1,0,0,1.4,1.4,0.3,1.7,0.08,10,2,20.0,0.48,0.1,0.1,0.5,0.14,1201,1312,91.5,17279,3228,1.0,7,92,14,0,6,0,3,0,107,31,1.47,3,0.14,30,19,13,12,5,61.9,13,43,45,22,1,1477,53,46,9,42.9,865,39,8,20,19,1061,78,5,1,1,12,1,0,0,0,95,6,30.0,0.0475435816164817,0.0950871632329635,0.1426307448494453,0.0475435816164817,0.0665610142630744,0.0665610142630744,0.0142630744849445,0.080824088748019,0.0038034865293185,0.4754358161648178,0.0950871632329635,57.099841521394616,62.37717908082409,821.5055467511886,153.47068145800316,0.0475435816164817,0.3328050713153724,4.374009508716323,0.6656101426307449,0.0,0.2852614896988906,0.0,0.1426307448494453,0.0,5.08716323296355,1.4263074484944531,0.9033280507131538,0.618066561014263,0.5705229793977813,0.2377179080824089,0.618066561014263,2.0443740095087164,2.13946117274168,1.045958795562599,70.22187004754358,2.519809825673534,2.1870047543581617,0.4278922345483359,41.12519809825674,1.8541996830427891,0.3803486529318542,0.9508716323296356,0.9033280507131538,50.443740095087165,3.7083993660855783,0.2377179080824089,0.0475435816164817,0.5705229793977813,0.0475435816164817,0.0,0.0,0.0,4.516640253565768,0.2852614896988906,DF,MF,defense,2
Keane Lewis-Potter,eng ENG,"DF,FW",Brentford,eng Premier League,23.0,2001.0,38,36,3093,34.4,1,3,4,1,0,0,3.1,3.1,3.2,6.3,0.18,28,14,50.0,0.81,0.41,0.04,0.07,0.11,982,1273,77.1,16310,5025,4.9,26,69,47,18,78,5,5,9,98,71,2.07,8,0.23,49,27,26,16,7,62.0,21,70,76,29,3,1613,102,74,41,40.6,868,98,35,51,20,966,156,7,0,0,18,6,1,0,0,146,27,43.5,0.02909796314258,0.08729388942774,0.11639185257032,0.02909796314258,0.090203685741998,0.090203685741998,0.093113482056256,0.1833171677982541,0.0052376333656644,0.8147429679922407,0.4073714839961203,28.574199806013574,37.041707080504366,474.5877788554801,146.2172647914646,0.1425800193986421,0.7565470417070804,2.0077594568380213,1.3676042677012608,0.5237633365664404,2.2696411251212414,0.1454898157129001,0.1454898157129001,0.2618816682832202,2.851600387972842,1.425800193986421,0.7856450048496605,0.7565470417070804,0.4655674102812803,0.2036857419980601,0.6110572259941804,2.0368574199806013,2.2114451988360817,0.8438409311348205,46.93501454898158,2.967992240543162,2.1532492725509216,1.1930164888457808,25.25703200775946,2.851600387972842,1.0184287099903009,1.483996120271581,0.5819592628516004,28.1086323957323,4.539282250242483,0.2036857419980601,0.0,0.5237633365664404,0.1745877788554801,0.02909796314258,0.0,0.0,4.248302618816683,0.7856450048496605,DF,FW,defense,1
Myles Lewis-Skelly,eng ENG,DF,Arsenal,eng Premier League,17.0,2006.0,23,15,1369,15.2,1,0,1,1,0,0,0.2,0.2,0.4,0.6,0.04,3,1,33.3,0.2,0.07,0.33,1.0,0.05,708,776,91.2,10525,2307,0.5,8,66,10,2,10,0,3,2,71,29,1.91,0,0.0,22,14,10,9,3,90.9,7,29,27,2,0,905,28,17,12,42.9,526,37,7,13,9,616,37,3,2,0,11,6,0,1,0,53,11,52.4,0.0657414170927684,0.0,0.0657414170927684,0.0657414170927684,0.0131482834185536,0.0131482834185536,0.0262965668371073,0.039444850255661,0.0026296566837107,0.1972242512783053,0.0657414170927684,46.54492330168006,51.01533966398832,691.9284149013879,151.6654492330168,0.0328707085463842,0.5259313367421475,4.338933528122717,0.6574141709276845,0.1314828341855368,0.6574141709276845,0.0,0.1972242512783053,0.1314828341855368,4.66764061358656,1.4463111760409055,0.9203798392987584,0.6574141709276845,0.591672753834916,0.1972242512783053,0.4601899196493791,1.906501095690285,1.7750182615047478,0.1314828341855368,59.49598246895545,1.8407596785975169,1.1176040905770637,0.7888970051132214,34.5799853907962,2.4324324324324325,0.4601899196493791,0.8546384222059898,0.591672753834916,40.49671292914536,2.4324324324324325,0.1972242512783053,0.1314828341855368,0.7231555880204528,0.3944485025566107,0.0,0.0657414170927684,0.0,3.484295105916728,0.7231555880204528,DF,,defense,2
Philipp Lienhart,at AUT,DF,Freiburg,de Bundesliga,28.0,1996.0,32,31,2770,30.8,1,0,1,1,0,0,0.5,0.5,0.8,1.2,0.04,8,1,12.5,0.26,0.03,0.13,1.0,0.06,1943,2253,86.2,37592,13902,1.0,6,148,9,0,9,0,0,18,138,26,0.84,2,0.06,22,13,12,10,0,48.4,36,58,124,12,3,2520,237,19,4,40.0,1444,44,1,10,2,1712,9,5,0,0,22,1,0,0,0,113,57,61.3,0.0324909747292418,0.0,0.0324909747292418,0.0324909747292418,0.0162454873646209,0.0162454873646209,0.0259927797833935,0.0389891696750902,0.0012996389891696,0.259927797833935,0.0324909747292418,63.12996389891696,73.20216606498195,1221.4007220216606,451.6895306859206,0.0324909747292418,0.1949458483754512,4.808664259927798,0.2924187725631769,0.0,0.2924187725631769,0.0,0.0,0.5848375451263538,4.483754512635379,0.7148014440433214,0.4223826714801444,0.3898916967509025,0.3249097472924188,0.0,1.1696750902527075,1.8844765342960288,4.028880866425992,0.3898916967509025,81.87725631768953,7.700361010830324,0.6173285198555957,0.1299638989169675,46.91696750902527,1.4296028880866427,0.0324909747292418,0.3249097472924188,0.0649819494584837,55.624548736462096,0.2924187725631769,0.1624548736462094,0.0,0.7148014440433214,0.0324909747292418,0.0,0.0,0.0,3.671480144404332,1.8519855595667871,DF,,defense,2
Matthijs de Ligt,nl NED,DF,Manchester Utd,eng Premier League,24.0,1999.0,29,25,2123,23.6,2,0,2,2,0,0,2.5,2.5,0.3,2.8,0.12,18,9,50.0,0.76,0.38,0.11,0.22,0.14,1241,1380,89.9,21810,5955,0.3,6,63,2,1,6,0,0,9,55,14,0.59,1,0.04,30,22,17,12,1,71.9,33,63,96,11,0,1608,184,29,2,50.0,1078,7,0,5,3,1158,6,3,0,0,16,0,0,2,0,68,58,66.7,0.0847856806406029,0.0,0.0847856806406029,0.0847856806406029,0.1059821008007536,0.1059821008007536,0.0127178520960904,0.118699952896844,0.0050871408384361,0.7630711257654264,0.3815355628827132,52.60951483749412,58.50211964201602,924.5878473857748,252.4493641073952,0.0127178520960904,0.2543570419218087,2.670748940178992,0.0847856806406029,0.0423928403203014,0.2543570419218087,0.0,0.0,0.3815355628827132,2.33160621761658,1.2717852096090438,0.932642487046632,0.7206782854451248,0.5087140838436175,0.0423928403203014,1.3989637305699485,2.670748940178992,4.06971267074894,0.466321243523316,68.16768723504474,7.800282618935468,1.2293923692887423,0.0847856806406029,45.69948186528498,0.2967498822421102,0.0,0.2119642016015073,0.1271785209609043,49.090909090909086,0.2543570419218087,0.1271785209609043,0.0,0.6782854451248234,0.0,0.0,0.0847856806406029,0.0,2.882713141780499,2.4587847385774846,DF,,defense,0
Valentino Livramento,eng ENG,DF,Newcastle Utd,eng Premier League,21.0,2002.0,37,32,2840,31.6,0,1,1,0,0,0,0.3,0.3,2.6,2.9,0.09,6,2,33.3,0.19,0.06,0.0,0.0,0.05,1403,1643,85.4,20773,6686,2.7,25,108,28,6,52,1,1,1,158,45,1.43,2,0.06,54,36,35,15,4,54.2,23,77,108,27,1,1964,119,41,25,44.6,1023,83,13,32,39,1144,119,1,0,0,6,1,0,0,0,189,27,43.5,0.0,0.0316901408450704,0.0316901408450704,0.0,0.0095070422535211,0.0095070422535211,0.0823943661971831,0.0919014084507042,0.0028521126760563,0.1901408450704225,0.0633802816901408,44.4612676056338,52.0669014084507,658.2992957746479,211.88028169014083,0.0855633802816901,0.7922535211267606,3.422535211267605,0.8873239436619719,0.1901408450704225,1.647887323943662,0.0316901408450704,0.0316901408450704,0.0316901408450704,5.007042253521127,1.7112676056338028,1.1408450704225352,1.1091549295774648,0.4753521126760563,0.1267605633802817,0.7288732394366196,2.4401408450704225,3.422535211267605,0.8556338028169014,62.23943661971831,3.77112676056338,1.2992957746478873,0.7922535211267606,32.41901408450705,2.630281690140845,0.4119718309859155,1.0140845070422535,1.2359154929577465,36.25352112676057,3.77112676056338,0.0316901408450704,0.0,0.1901408450704225,0.0316901408450704,0.0,0.0,0.0,5.989436619718309,0.8556338028169014,DF,,defense,2
Diego Llorente,es ESP,DF,Betis,es La Liga,30.0,1993.0,30,29,2519,28.0,2,0,2,2,0,0,1.5,1.5,0.3,1.8,0.06,11,4,36.4,0.39,0.14,0.18,0.5,0.14,1383,1595,86.7,27425,8921,0.4,6,68,3,0,1,0,0,11,81,15,0.54,2,0.07,36,20,23,12,1,65.8,43,79,154,9,1,1915,235,22,6,66.7,1127,7,1,11,4,1243,3,4,0,0,20,1,0,1,1,93,77,63.1,0.0714569273521238,0.0,0.0714569273521238,0.0714569273521238,0.0535926955140928,0.0535926955140928,0.0107185391028185,0.0643112346169114,0.0021437078205637,0.3930131004366812,0.1429138547042477,49.412465263993646,56.98689956331878,979.8531163159984,318.73362445414847,0.0142913854704247,0.2143707820563715,2.429535529972211,0.1071853910281857,0.0,0.0357284636760619,0.0,0.0,0.3930131004366812,2.8940055577610164,1.2862246923382294,0.7145692735212386,0.8217546645494244,0.4287415641127431,0.0357284636760619,1.536323938070663,2.822548630408892,5.502183406113537,0.3215561730845573,68.42000793965859,8.396188963874554,0.7860262008733624,0.2143707820563715,40.2659785629218,0.2500992457324335,0.0357284636760619,0.3930131004366812,0.1429138547042477,44.41048034934498,0.1071853910281857,0.1429138547042477,0.0,0.7145692735212386,0.0357284636760619,0.0,0.0357284636760619,0.0357284636760619,3.322747121873759,2.7510917030567685,DF,,defense,0
Marcos Llorente,es ESP,"DF,MF",Atlético Madrid,es La Liga,29.0,1995.0,33,28,2513,27.9,2,4,6,2,0,0,0.8,0.8,4.3,5.1,0.18,16,5,31.3,0.57,0.18,0.13,0.4,0.05,1337,1563,85.5,20093,5694,3.1,28,90,26,14,62,0,1,2,111,56,2.01,12,0.43,69,52,38,27,4,65.5,27,96,51,34,1,1808,78,58,14,46.7,1116,82,15,29,9,1217,151,0,1,0,23,1,1,0,0,131,15,50.0,0.0716275368085953,0.1432550736171906,0.2148826104257859,0.0716275368085953,0.0286510147234381,0.0286510147234381,0.1539992041384799,0.182650218861918,0.0064464783127735,0.5730202944687625,0.1790688420214882,47.88300835654596,55.97692001591723,719.6060485475527,203.9235972940708,0.1110226820533227,1.0027855153203342,3.223239156386789,0.931157978511739,0.5013927576601671,2.2204536410664546,0.0,0.0358137684042976,0.0716275368085953,3.9753282928770393,2.471150019896538,1.862315957023478,1.3609231993633106,0.9669717469160366,0.1432550736171906,0.9669717469160366,3.4381217668125745,1.8265021886191803,1.2176681257461202,64.75129327497015,2.793473935535217,2.077198567449264,0.5013927576601671,39.96816553919618,2.936729009152408,0.5372065260644647,1.0385992837246318,0.3223239156386788,43.58535614803024,5.407879029048945,0.0,0.0358137684042976,0.823716673298846,0.0358137684042976,0.0358137684042976,0.0,0.0,4.6916036609629925,0.5372065260644647,DF,MF,defense,3
Gautier Lloris,fr FRA,DF,Le Havre,fr Ligue 1,29.0,1995.0,31,31,2768,30.8,2,1,3,2,0,0,1.2,1.2,0.9,2.0,0.07,11,2,18.2,0.36,0.07,0.18,1.0,0.11,1317,1511,87.2,25779,9345,0.5,5,88,5,1,3,0,0,6,99,21,0.68,3,0.1,68,43,52,16,0,71.7,34,102,192,10,0,1885,267,21,4,57.1,1028,13,0,13,3,1240,7,5,0,0,31,0,0,2,0,100,64,65.3,0.065028901734104,0.032514450867052,0.097543352601156,0.065028901734104,0.0390173410404624,0.0390173410404624,0.0292630057803468,0.065028901734104,0.0022760115606936,0.3576589595375722,0.065028901734104,42.82153179190751,49.12933526011561,838.1900289017342,303.8475433526011,0.016257225433526,0.1625722543352601,2.8612716763005777,0.1625722543352601,0.032514450867052,0.097543352601156,0.0,0.0,0.1950867052023121,3.2189306358381504,2.2109826589595376,1.398121387283237,1.6907514450867054,0.5202312138728323,0.0,1.1054913294797688,3.316473988439306,6.242774566473988,0.3251445086705202,61.28973988439306,8.681358381502891,0.6828034682080925,0.130057803468208,33.42485549132948,0.4226878612716763,0.0,0.4226878612716763,0.097543352601156,40.31791907514451,0.2276011560693641,0.1625722543352601,0.0,1.0079479768786126,0.0,0.0,0.065028901734104,0.0,3.2514450867052025,2.0809248554913293,DF,,defense,0
David López,es ESP,DF,Girona,es La Liga,34.0,1989.0,29,27,2429,27.0,1,1,2,1,0,0,0.9,0.9,0.6,1.5,0.06,12,3,25.0,0.44,0.11,0.08,0.33,0.07,1879,2041,92.1,35775,12404,1.3,4,145,6,0,3,0,0,16,132,24,0.89,3,0.11,32,24,22,7,3,58.1,14,46,111,8,2,2263,259,17,6,66.7,1405,17,0,11,7,1698,7,4,0,0,12,0,0,1,0,95,30,50.8,0.0370522848909016,0.0370522848909016,0.0741045697818032,0.0370522848909016,0.0333470564018114,0.0333470564018114,0.0222313709345409,0.0555784273363524,0.002223137093454,0.4446274186908193,0.1111568546727048,69.62124331000412,75.62371346233017,1325.545491972005,459.5965417867435,0.048167970358172,0.1482091395636064,5.372581309180733,0.2223137093454096,0.0,0.1111568546727048,0.0,0.0,0.5928365582544257,4.890901605599012,1.1856731165088514,0.8892548373816386,0.8151502675998353,0.2593659942363112,0.1111568546727048,0.5187319884726225,1.704405104981474,4.112803622890079,0.2964182791272128,83.84932070811033,9.596541786743517,0.6298888431453273,0.2223137093454096,52.058460271716754,0.6298888431453273,0.0,0.4075751337999176,0.2593659942363112,62.91477974475093,0.2593659942363112,0.1482091395636064,0.0,0.4446274186908193,0.0,0.0,0.0370522848909016,0.0,3.519967064635652,1.1115685467270482,DF,,defense,2
Javi López,es ESP,DF,Real Sociedad,es La Liga,22.0,2002.0,29,21,1936,21.5,0,0,0,0,0,0,0.1,0.1,0.4,0.5,0.03,5,1,20.0,0.23,0.05,0.0,0.0,0.02,814,1038,78.4,13096,4784,1.0,5,49,14,7,60,0,0,8,73,20,0.93,2,0.09,40,23,23,12,5,62.2,11,51,59,27,2,1247,56,12,18,46.2,571,36,4,24,22,674,64,4,0,0,30,2,0,0,0,92,10,34.5,0.0,0.0,0.0,0.0,0.0046487603305785,0.0046487603305785,0.018595041322314,0.0232438016528925,0.0013946280991735,0.2324380165289256,0.0464876033057851,37.84090909090909,48.25413223140496,608.801652892562,222.396694214876,0.0464876033057851,0.2324380165289256,2.277892561983471,0.6508264462809917,0.3254132231404958,2.789256198347108,0.0,0.0,0.371900826446281,3.393595041322314,1.859504132231405,1.069214876033058,1.069214876033058,0.5578512396694215,0.2324380165289256,0.5113636363636364,2.370867768595041,2.7427685950413223,1.2551652892561984,57.970041322314046,2.603305785123967,0.5578512396694215,0.8367768595041323,26.544421487603305,1.6735537190082646,0.1859504132231405,1.115702479338843,1.0227272727272727,31.33264462809917,2.975206611570248,0.1859504132231405,0.0,1.3946280991735538,0.0929752066115702,0.0,0.0,0.0,4.276859504132232,0.4648760330578512,DF,,defense,1
Jhon Lucumí,co COL,DF,Bologna,it Serie A,26.0,1998.0,32,29,2614,29.0,0,1,1,0,0,0,0.6,0.6,0.4,1.0,0.03,13,2,15.4,0.45,0.07,0.0,0.0,0.05,1859,2040,91.1,35721,10917,0.7,8,112,0,0,4,0,0,16,108,34,1.17,2,0.07,53,30,23,29,1,70.7,26,79,88,7,7,2294,195,22,10,71.4,1464,34,0,13,4,1557,7,8,1,0,22,0,0,1,0,176,45,50.0,0.0,0.0344299923488905,0.0344299923488905,0.0,0.0206579954093343,0.0206579954093343,0.0137719969395562,0.0344299923488905,0.0010328997704667,0.4475899005355776,0.0688599846977811,64.0053557765876,70.2371843917368,1229.873756694721,375.8722264728385,0.0241009946442234,0.2754399387911247,3.856159143075746,0.0,0.0,0.1377199693955623,0.0,0.0,0.5508798775822494,3.718439173680184,1.8247895944912007,1.0328997704667178,0.7918898240244836,0.9984697781178272,0.0344299923488905,0.8951798010711552,2.7199693955623565,3.029839326702372,0.2410099464422341,78.98240244835502,6.7138485080336645,0.7574598316755929,0.3442999234889059,50.40550879877582,1.17061973986228,0.0,0.4475899005355776,0.1377199693955623,53.607498087222645,0.2410099464422341,0.2754399387911247,0.0344299923488905,0.7574598316755929,0.0,0.0,0.0344299923488905,0.0,6.059678653404744,1.5493496557000763,DF,,defense,2
José Luis Gayà,es ESP,DF,Valencia,es La Liga,29.0,1995.0,23,22,1803,20.0,0,1,1,0,0,0,1.0,1.0,2.6,3.6,0.18,12,4,33.3,0.6,0.2,0.0,0.0,0.09,775,996,77.8,13655,4068,3.2,24,44,31,23,84,0,1,5,59,39,1.95,5,0.25,57,40,39,15,3,69.0,25,82,61,20,0,1202,51,18,7,35.0,555,29,4,16,4,678,156,7,0,0,28,0,0,0,0,93,10,47.6,0.0,0.0499168053244592,0.0499168053244592,0.0,0.0499168053244592,0.0499168053244592,0.129783693843594,0.1797004991680532,0.0089850249584026,0.5990016638935108,0.1996672212978369,38.68552412645591,49.7171381031614,681.6139767054909,203.06156405990015,0.1597337770382695,1.1980033277870217,2.196339434276206,1.5474209650582362,1.1480865224625625,4.193011647254576,0.0,0.0499168053244592,0.2495840266222961,2.945091514143095,2.8452579034941765,1.9966722129783692,1.9467554076539104,0.7487520798668885,0.1497504159733777,1.2479201331114809,4.093178036605657,3.0449251247920133,0.9983361064891848,60.0,2.545757071547421,0.8985024958402662,0.3494176372712146,27.70382695507488,1.447587354409318,0.1996672212978369,0.7986688851913478,0.1996672212978369,33.84359400998336,7.787021630615641,0.3494176372712146,0.0,1.3976705490848589,0.0,0.0,0.0,0.0,4.642262895174709,0.4991680532445923,DF,,defense,3
José Luis Palomino,ar ARG,DF,Cagliari,it Serie A,34.0,1990.0,18,10,1081,12.0,1,0,1,1,0,0,0.5,0.5,0.0,0.5,0.04,2,1,50.0,0.17,0.08,0.5,1.0,0.24,508,586,86.7,9656,3667,0.2,1,32,2,0,0,0,0,3,35,7,0.58,1,0.08,27,15,16,9,2,71.4,22,49,46,5,0,707,101,5,0,0.0,384,4,0,3,1,422,1,3,0,0,11,0,0,1,0,50,16,57.1,0.0832562442183163,0.0,0.0832562442183163,0.0832562442183163,0.0416281221091581,0.0416281221091581,0.0,0.0416281221091581,0.0033302497687326,0.1665124884366327,0.0832562442183163,42.29417206290472,48.7881591119334,803.9222941720628,305.30064754856613,0.0166512488436632,0.0832562442183163,2.664199814986124,0.1665124884366327,0.0,0.0,0.0,0.0,0.2497687326549491,2.913968547641073,2.247918593894542,1.2488436632747455,1.332099907493062,0.7493061979648474,0.1665124884366327,1.83163737280296,4.079555966697503,3.829787234042553,0.4162812210915819,58.86216466234968,8.408880666049955,0.4162812210915819,0.0,31.970397779833487,0.3330249768732655,0.0,0.2497687326549491,0.0832562442183163,35.13413506012951,0.0832562442183163,0.2497687326549491,0.0,0.91581868640148,0.0,0.0,0.0832562442183163,0.0,4.162812210915819,1.332099907493062,DF,,defense,0
Castello Lukeba,fr FRA,DF,RB Leipzig,de Bundesliga,21.0,2002.0,23,18,1577,17.5,0,0,0,0,0,0,0.4,0.4,0.2,0.6,0.04,4,1,25.0,0.23,0.06,0.0,0.0,0.1,1054,1238,85.1,17686,7070,0.5,4,90,7,1,11,0,0,9,80,17,0.97,1,0.06,31,17,15,12,4,70.8,17,48,74,22,0,1445,125,14,20,62.5,806,18,2,20,11,993,23,2,0,0,12,0,0,0,0,74,26,66.7,0.0,0.0,0.0,0.0,0.0228281547241597,0.0228281547241597,0.0114140773620798,0.0342422320862396,0.0022828154724159,0.2282815472415979,0.0570703868103994,60.152187698161065,70.65313887127458,1009.3468611287254,403.4876347495244,0.0285351934051997,0.2282815472415979,5.136334812935954,0.3994927076727964,0.0570703868103994,0.6277742549143944,0.0,0.0,0.5136334812935954,4.56563094483196,1.7691819911223845,0.9701965757767914,0.8560558021559924,0.6848446417247939,0.2282815472415979,0.9701965757767914,2.7393785668991755,4.223208623969563,1.2555485098287889,82.46670894102726,7.133798351299937,0.7989854153455929,1.14140773620799,45.998731769182,1.0272669625871909,0.1141407736207989,1.14140773620799,0.6277742549143944,56.6708941027267,1.3126188966391883,0.1141407736207989,0.0,0.6848446417247939,0.0,0.0,0.0,0.0,4.223208623969563,1.4838300570703866,DF,,defense,2
Sebastiano Luperto,it ITA,DF,Cagliari,it Serie A,27.0,1996.0,36,36,3240,36.0,1,3,4,1,0,0,2.2,2.2,1.3,3.4,0.1,21,5,23.8,0.58,0.14,0.05,0.2,0.1,1315,1568,83.9,24675,8234,0.8,8,87,6,1,8,0,1,2,96,30,0.83,5,0.14,48,27,31,16,1,64.3,33,81,161,12,1,1913,251,29,1,16.7,1060,22,2,12,3,1190,11,4,0,0,23,1,0,1,0,139,61,53.0,0.0277777777777777,0.0833333333333333,0.1111111111111111,0.0277777777777777,0.0611111111111111,0.0611111111111111,0.0361111111111111,0.0944444444444444,0.0027777777777777,0.5833333333333334,0.1388888888888889,36.52777777777778,43.55555555555556,685.4166666666666,228.72222222222223,0.0222222222222222,0.2222222222222222,2.4166666666666665,0.1666666666666666,0.0277777777777777,0.2222222222222222,0.0,0.0277777777777777,0.0555555555555555,2.666666666666667,1.3333333333333337,0.75,0.8611111111111112,0.4444444444444444,0.0277777777777777,0.9166666666666669,2.25,4.472222222222222,0.3333333333333333,53.13888888888889,6.972222222222222,0.8055555555555556,0.0277777777777777,29.444444444444446,0.6111111111111112,0.0555555555555555,0.3333333333333333,0.0833333333333333,33.05555555555556,0.3055555555555556,0.1111111111111111,0.0,0.638888888888889,0.0277777777777777,0.0,0.0277777777777777,0.0,3.861111111111111,1.6944444444444446,DF,,defense,0
Charalambos Lykogiannis,gr GRE,DF,Bologna,it Serie A,30.0,1993.0,17,12,1048,11.6,0,4,4,0,0,0,0.2,0.2,1.6,1.8,0.16,6,2,33.3,0.52,0.17,0.0,0.0,0.04,504,706,71.4,9875,3209,2.1,19,43,13,12,106,36,0,11,49,33,2.83,5,0.43,23,14,14,8,1,50.0,11,34,41,20,1,810,32,11,4,50.0,368,10,1,7,3,471,36,3,0,0,10,0,0,0,0,35,26,66.7,0.0,0.3435114503816793,0.3435114503816793,0.0,0.0171755725190839,0.0171755725190839,0.1374045801526717,0.1545801526717557,0.0137404580152671,0.5152671755725191,0.1717557251908396,43.2824427480916,60.62977099236641,848.043893129771,275.5820610687023,0.1803435114503817,1.631679389312977,3.6927480916030535,1.116412213740458,1.0305343511450382,9.103053435114504,3.0916030534351147,0.0,0.9446564885496184,4.208015267175573,1.9751908396946565,1.202290076335878,1.202290076335878,0.6870229007633587,0.0858778625954198,0.9446564885496184,2.9198473282442747,3.520992366412214,1.717557251908397,69.56106870229009,2.748091603053435,0.9446564885496184,0.3435114503816793,31.6030534351145,0.8587786259541985,0.0858778625954198,0.601145038167939,0.2576335877862595,40.44847328244275,3.0916030534351147,0.2576335877862595,0.0,0.8587786259541985,0.0,0.0,0.0,0.0,3.0057251908396947,2.232824427480916,DF,,defense,1
Ian Maatsen,nl NED,DF,Aston Villa,eng Premier League,22.0,2002.0,29,10,1139,12.7,1,2,3,1,0,0,0.9,0.9,2.7,3.6,0.28,19,5,26.3,1.5,0.4,0.05,0.2,0.05,609,747,81.5,9635,2492,2.4,19,22,19,3,51,5,1,2,50,52,4.11,7,0.55,29,17,17,9,3,70.8,15,44,39,25,3,917,56,47,13,44.8,505,31,13,22,25,564,104,2,0,0,11,0,0,1,0,67,10,62.5,0.0790166812993854,0.1580333625987708,0.2370500438981562,0.0790166812993854,0.0711150131694468,0.0711150131694468,0.2133450395083407,0.2844600526777875,0.0221246707638279,1.5013169446883232,0.3950834064969271,48.12115891132572,59.02546093064091,761.3257243195785,196.90956979806847,0.189640035118525,1.5013169446883232,1.7383669885864794,1.5013169446883232,0.2370500438981562,4.029850746268656,0.3950834064969271,0.0790166812993854,0.1580333625987708,3.9508340649692713,2.2914837576821774,1.343283582089552,1.343283582089552,0.7111501316944688,0.2370500438981562,1.1852502194907817,3.476733977172959,3.0816505706760315,1.975417032484636,72.45829675153644,4.424934152765584,3.713784021071115,1.0272168568920104,39.90342405618964,2.449517120280948,1.0272168568920104,1.7383669885864794,1.975417032484636,44.56540825285338,8.217734855136083,0.1580333625987708,0.0,0.8691834942932397,0.0,0.0,0.0790166812993854,0.0,5.294117647058823,0.7901668129938543,DF,,defense,3
Deiver Machado,co COL,"DF,MF",Lens,fr Ligue 1,30.0,1993.0,27,20,1805,20.1,1,4,5,1,0,0,2.3,2.3,2.1,4.3,0.22,23,5,21.7,1.15,0.25,0.04,0.2,0.1,763,913,83.6,10421,3399,2.9,20,30,19,15,51,5,1,1,45,45,2.24,8,0.4,36,26,14,14,8,56.7,16,52,34,16,2,1123,50,33,23,48.9,605,42,7,33,20,661,80,7,2,1,28,1,0,0,0,89,16,50.0,0.0498614958448753,0.1994459833795014,0.2493074792243767,0.0498614958448753,0.1146814404432133,0.1146814404432133,0.1047091412742382,0.214404432132964,0.0109695290858725,1.1468144044321331,0.2493074792243767,38.04432132963989,45.52354570637119,519.606648199446,169.47922437673128,0.1445983379501385,0.997229916897507,1.4958448753462603,0.9473684210526316,0.7479224376731303,2.542936288088643,0.2493074792243767,0.0498614958448753,0.0498614958448753,2.243767313019391,1.7950138504155124,1.296398891966759,0.6980609418282548,0.6980609418282548,0.3988919667590028,0.7977839335180056,2.592797783933518,1.6952908587257616,0.7977839335180056,55.99445983379501,2.493074792243767,1.6454293628808865,1.1468144044321331,30.166204986149587,2.0941828254847645,0.3490304709141274,1.6454293628808865,0.997229916897507,32.958448753462605,3.988919667590028,0.3490304709141274,0.0997229916897507,1.3961218836565097,0.0498614958448753,0.0,0.0,0.0,4.437673130193906,0.7977839335180056,DF,MF,defense,1
Pablo Maffeo,es ESP,DF,Mallorca,es La Liga,27.0,1997.0,30,28,2368,26.3,0,2,2,0,0,0,0.3,0.3,4.1,4.4,0.17,7,1,14.3,0.27,0.04,0.0,0.0,0.04,736,1039,70.8,12522,5186,3.5,29,49,34,25,96,0,4,2,74,60,2.28,4,0.15,60,40,43,14,3,73.9,25,85,103,33,1,1389,96,20,40,47.1,671,46,7,46,32,701,122,7,0,0,22,5,0,0,0,107,21,53.8,0.0,0.0760135135135135,0.0760135135135135,0.0,0.011402027027027,0.011402027027027,0.1558277027027027,0.1672297297297297,0.0064611486486486,0.2660472972972973,0.0380067567567567,27.97297297297297,39.48902027027027,475.9206081081081,197.10304054054052,0.1330236486486486,1.1021959459459458,1.8623310810810807,1.2922297297297298,0.9501689189189187,3.6486486486486487,0.0,0.152027027027027,0.0760135135135135,2.8125,2.2804054054054057,1.5202702702702704,1.6342905405405403,0.5320945945945946,0.1140202702702702,0.9501689189189187,3.230574324324325,3.914695945945946,1.254222972972973,52.79138513513514,3.6486486486486487,0.7601351351351352,1.5202702702702704,25.502533783783782,1.7483108108108107,0.2660472972972973,1.7483108108108107,1.2162162162162162,26.642736486486488,4.636824324324325,0.2660472972972973,0.0,0.8361486486486487,0.1900337837837838,0.0,0.0,0.0,4.066722972972974,0.7981418918918919,DF,,defense,1
Gabriel Magalhães,br BRA,DF,Arsenal,eng Premier League,26.0,1997.0,28,28,2363,26.3,3,1,4,3,0,0,2.6,2.6,0.9,3.5,0.13,22,5,22.7,0.84,0.19,0.14,0.6,0.12,1480,1641,90.2,25788,7938,1.2,13,145,8,0,9,0,1,8,126,35,1.33,6,0.23,25,15,12,8,5,75.0,16,41,93,8,2,1873,189,40,4,80.0,1116,10,0,9,2,1366,11,4,0,0,19,1,1,0,0,63,53,58.9,0.1142615319509098,0.0380871773169699,0.1523487092678798,0.1142615319509098,0.0990266610241218,0.0990266610241218,0.0342784595852729,0.1333051206093948,0.004951333051206,0.837917900973339,0.1904358865848497,56.36902242911553,62.501057977147696,982.1921286500212,302.3360135421075,0.0457046127803639,0.4951333051206094,5.522640710960643,0.3046974185357596,0.0,0.3427845958527296,0.0,0.0380871773169699,0.3046974185357596,4.798984341938214,0.9521794329242488,0.5713076597545493,0.4570461278036394,0.3046974185357596,0.1904358865848497,0.6093948370715193,1.5615742699957682,3.5421074904782057,0.3046974185357596,71.33728311468472,7.1984765129073205,1.5234870926787982,0.1523487092678798,42.50528988573847,0.3808717731696995,0.0,0.3427845958527296,0.0761743546339399,52.02708421498096,0.4189589504866695,0.1523487092678798,0.0,0.7236563690224291,0.0380871773169699,0.0380871773169699,0.0,0.0,2.399492170969107,2.0186203977994075,DF,,defense,2
Giangiacomo Magnani,it ITA,DF,Hellas Verona,it Serie A,28.0,1995.0,17,11,1065,11.8,1,0,1,1,0,0,1.1,1.1,0.0,1.2,0.1,11,2,18.2,0.93,0.17,0.09,0.5,0.1,317,393,80.7,6348,2269,0.1,1,22,0,0,2,0,0,2,31,4,0.34,0,0.0,20,15,14,6,0,100.0,17,37,73,2,1,540,82,14,1,25.0,251,4,0,4,1,274,7,2,0,0,8,0,0,0,0,38,29,61.7,0.0845070422535211,0.0,0.0845070422535211,0.0845070422535211,0.0929577464788732,0.0929577464788732,0.0,0.1014084507042253,0.0084507042253521,0.9295774647887324,0.1690140845070422,26.7887323943662,33.2112676056338,536.4507042253521,191.74647887323945,0.0084507042253521,0.0845070422535211,1.8591549295774648,0.0,0.0,0.1690140845070422,0.0,0.0,0.1690140845070422,2.619718309859155,1.6901408450704225,1.267605633802817,1.1830985915492958,0.5070422535211268,0.0,1.4366197183098592,3.126760563380281,6.169014084507042,0.1690140845070422,45.63380281690141,6.929577464788733,1.1830985915492958,0.0845070422535211,21.211267605633804,0.3380281690140845,0.0,0.3380281690140845,0.0845070422535211,23.15492957746479,0.5915492957746479,0.1690140845070422,0.0,0.676056338028169,0.0,0.0,0.0,0.0,3.2112676056338025,2.4507042253521125,DF,,defense,0
Harry Maguire,eng ENG,DF,Manchester Utd,eng Premier League,31.0,1993.0,27,19,1758,19.5,1,0,1,1,0,0,1.8,1.8,0.6,2.4,0.12,15,6,40.0,0.77,0.31,0.07,0.17,0.12,965,1128,85.5,17965,6236,0.3,9,48,4,0,4,0,0,9,51,20,1.02,0,0.0,30,15,23,6,1,73.9,40,70,78,5,1,1328,147,44,2,40.0,782,7,3,10,2,856,7,7,0,0,18,0,0,0,0,68,64,71.9,0.0511945392491467,0.0,0.0511945392491467,0.0511945392491467,0.0921501706484641,0.0921501706484641,0.030716723549488,0.1228668941979522,0.0061433447098976,0.7679180887372014,0.3071672354948805,49.40273037542662,57.74744027303754,919.7098976109214,319.2491467576792,0.015358361774744,0.4607508532423208,2.4573378839590445,0.204778156996587,0.0,0.204778156996587,0.0,0.0,0.4607508532423208,2.6109215017064846,1.5358361774744027,0.7679180887372014,1.1774744027303754,0.3071672354948805,0.0511945392491467,2.04778156996587,3.583617747440273,3.993174061433447,0.2559726962457337,67.98634812286689,7.525597269624573,2.252559726962457,0.1023890784982935,40.03412969283277,0.3583617747440272,0.1535836177474402,0.5119453924914675,0.1023890784982935,43.822525597269625,0.3583617747440272,0.3583617747440272,0.0,0.9215017064846416,0.0,0.0,0.0,0.0,3.48122866894198,3.2764505119453924,DF,,defense,0
Patrick Mainka,de GER,DF,Heidenheim,de Bundesliga,29.0,1994.0,34,34,3060,34.0,1,1,2,1,0,0,1.9,1.9,0.3,2.3,0.07,25,8,32.0,0.74,0.24,0.04,0.13,0.08,1425,1669,85.4,28334,12007,0.7,7,88,5,0,4,0,1,1,102,28,0.82,2,0.06,58,30,36,20,2,63.6,68,126,206,17,0,2136,286,43,6,54.5,1171,21,1,16,8,1257,12,3,0,0,17,0,0,0,0,152,109,63.7,0.0294117647058823,0.0294117647058823,0.0588235294117647,0.0294117647058823,0.0558823529411764,0.0558823529411764,0.0088235294117647,0.0676470588235294,0.0020588235294117,0.7352941176470589,0.2352941176470588,41.91176470588236,49.088235294117645,833.3529411764707,353.1470588235294,0.0205882352941176,0.2058823529411765,2.5882352941176467,0.1470588235294117,0.0,0.1176470588235294,0.0,0.0294117647058823,0.0294117647058823,3.0,1.7058823529411764,0.8823529411764706,1.0588235294117647,0.5882352941176471,0.0588235294117647,2.0,3.7058823529411766,6.0588235294117645,0.5,62.8235294117647,8.411764705882353,1.2647058823529411,0.1764705882352941,34.44117647058823,0.6176470588235294,0.0294117647058823,0.4705882352941176,0.2352941176470588,36.97058823529412,0.3529411764705882,0.088235294117647,0.0,0.5,0.0,0.0,0.0,0.0,4.470588235294118,3.205882352941176,DF,,defense,0
Ainsley Maitland-Niles,eng ENG,DF,Lyon,fr Ligue 1,26.0,1997.0,32,20,1985,22.1,1,4,5,1,0,0,2.9,2.9,3.4,6.4,0.29,22,7,31.8,1.0,0.32,0.05,0.14,0.13,1049,1234,85.0,16150,5054,3.2,27,66,30,7,48,11,4,7,102,55,2.49,6,0.27,71,44,30,26,15,63.2,25,96,61,28,6,1509,67,68,17,42.5,750,33,10,28,20,916,110,1,0,0,16,0,0,0,0,89,15,51.7,0.0453400503778337,0.181360201511335,0.2267002518891687,0.0453400503778337,0.1314861460957178,0.1314861460957178,0.1541561712846347,0.290176322418136,0.0131486146095717,0.9974811083123424,0.3173803526448362,47.56171284634761,55.94962216624685,732.2418136020151,229.14861460957175,0.145088161209068,1.2241813602015117,2.9924433249370272,1.3602015113350123,0.3173803526448362,2.17632241813602,0.4987405541561712,0.181360201511335,0.3173803526448362,4.624685138539043,3.2191435768261965,1.994962216624685,1.3602015113350123,1.1788413098236776,0.6801007556675063,1.1335012594458438,4.35264483627204,2.765743073047859,1.269521410579345,68.41813602015114,3.037783375314862,3.083123425692696,0.7707808564231738,34.005037783375315,1.4962216624685136,0.4534005037783375,1.269521410579345,0.906801007556675,41.53148614609572,4.987405541561713,0.0453400503778337,0.0,0.72544080604534,0.0,0.0,0.0,0.0,4.035264483627204,0.6801007556675063,DF,,defense,3
Gianluca Mancini,it ITA,DF,Roma,it Serie A,28.0,1996.0,37,36,3143,34.9,2,0,2,2,0,0,1.7,1.7,0.9,2.6,0.07,22,5,22.7,0.63,0.14,0.09,0.4,0.08,1689,1965,86.0,31192,10669,0.8,14,138,17,4,33,0,1,4,139,41,1.17,2,0.06,42,26,22,18,2,58.8,35,77,103,19,0,2240,177,42,1,11.1,1341,45,3,10,8,1609,23,8,0,0,49,1,0,0,0,99,60,63.8,0.0572701240852688,0.0,0.0572701240852688,0.0572701240852688,0.0486796054724785,0.0486796054724785,0.0257715558383709,0.0744511613108495,0.0020044543429844,0.6299713649379574,0.1431753102131721,48.36461979000954,56.26789691377665,893.184855233853,305.50747693286667,0.0229080496341075,0.4008908685968819,3.9516385618835512,0.4867960547247852,0.1145402481705377,0.944957047406936,0.0,0.0286350620426344,0.1145402481705377,3.980273623926185,1.2026726057906458,0.744511613108495,0.6299713649379574,0.5154311167674197,0.0572701240852688,1.0022271714922049,2.2048997772828507,2.949411390391346,0.5440661788100541,64.14253897550111,5.068405981546293,1.2026726057906458,0.0286350620426344,38.39961819917277,1.2885777919185493,0.0859051861279032,0.2863506204263442,0.2290804963410754,46.07381482659879,0.6586064269805918,0.2290804963410754,0.0,1.4031180400890868,0.0286350620426344,0.0,0.0,0.0,2.834871142220808,1.7181037225580655,DF,,defense,2
Reinildo Mandava,mz MOZ,DF,Atlético Madrid,es La Liga,30.0,1994.0,19,10,941,10.5,0,0,0,0,0,0,0.1,0.1,0.1,0.2,0.02,1,1,100.0,0.1,0.1,0.0,0.0,0.07,515,612,84.2,7852,2969,0.2,2,24,2,0,8,0,0,1,34,7,0.67,1,0.1,18,11,10,7,1,55.6,16,34,35,7,0,717,56,8,4,22.2,421,14,2,8,4,459,15,4,0,0,19,0,0,1,0,52,10,41.7,0.0,0.0,0.0,0.0,0.0095642933049946,0.0095642933049946,0.0095642933049946,0.0191285866099893,0.0019128586609989,0.0956429330499468,0.0956429330499468,49.25611052072264,58.53347502656748,750.9883103081828,283.96386822529223,0.0191285866099893,0.1912858660998937,2.2954303931987248,0.1912858660998937,0.0,0.7651434643995749,0.0,0.0,0.0956429330499468,3.251859723698193,1.7215727948990438,1.0520722635494155,0.9564293304994688,0.6695005313496281,0.0956429330499468,1.5302869287991498,3.251859723698193,3.3475026567481403,0.6695005313496281,68.5759829968119,5.3560042507970245,0.7651434643995749,0.3825717321997874,40.26567481402763,1.339001062699256,0.1912858660998937,0.7651434643995749,0.3825717321997874,43.900106269925615,1.434643995749203,0.3825717321997874,0.0,1.8172157279489904,0.0,0.0,0.0956429330499468,0.0,4.973432518597237,0.9564293304994688,DF,,defense,2
Aïssa Mandi,dz ALG,DF,Lille,fr Ligue 1,32.0,1991.0,24,20,1733,19.3,0,0,0,0,0,0,0.3,0.3,0.4,0.8,0.04,6,2,33.3,0.31,0.1,0.0,0.0,0.06,1104,1244,88.7,22008,6980,1.2,5,107,6,2,10,0,1,16,82,23,1.19,2,0.1,31,17,12,15,4,72.7,15,46,54,7,0,1395,97,22,3,75.0,736,12,0,8,4,990,21,3,0,0,7,0,0,0,0,67,14,38.9,0.0,0.0,0.0,0.0,0.0155799192152336,0.0155799192152336,0.0207732256203116,0.0415464512406232,0.0020773225620311,0.3115983843046739,0.1038661281015579,57.334102712060016,64.60473167916908,1142.942873629544,362.4927870744374,0.0623196768609347,0.259665320253895,5.556837853433352,0.3115983843046739,0.1038661281015579,0.51933064050779,0.0,0.0519330640507789,0.8309290248124639,4.258511252163878,1.6099249855741489,0.8828620888632429,0.6231967686093479,0.7789959607616849,0.2077322562031159,0.7789959607616849,2.388920946335834,2.8043854587420656,0.363531448355453,72.4466243508367,5.037507212925562,1.142527409117138,0.1557991921523369,38.22273514137334,0.6231967686093479,0.0,0.4154645124062319,0.2077322562031159,51.41373341027121,1.0905943450663589,0.1557991921523369,0.0,0.363531448355453,0.0,0.0,0.0,0.0,3.4795152914021927,0.727062896710906,DF,,defense,2
Ryan Manning,ie IRL,"DF,MF",Southampton,eng Premier League,28.0,1996.0,24,18,1462,16.2,0,1,1,0,0,0,0.3,0.3,3.2,3.6,0.22,8,1,12.5,0.49,0.06,0.0,0.0,0.04,619,803,77.1,10360,3336,2.8,34,33,12,8,84,32,1,3,35,50,3.08,3,0.18,28,17,16,10,2,53.8,17,45,47,21,0,968,72,22,11,30.6,483,14,4,17,5,573,74,2,0,0,19,1,0,0,0,65,15,71.4,0.0,0.0615595075239398,0.0615595075239398,0.0,0.0184678522571819,0.0184678522571819,0.1969904240766073,0.2216142270861833,0.0135430916552667,0.4924760601915184,0.0615595075239398,38.10533515731874,49.43228454172367,637.7564979480164,205.36251709986325,0.1723666210670314,2.0930232558139537,2.031463748290013,0.7387140902872777,0.4924760601915184,5.170998632010944,1.9699042407660736,0.0615595075239398,0.1846785225718194,2.1545827633378933,1.723666210670315,1.0465116279069768,0.9849521203830368,0.615595075239398,0.1231190150478796,1.0465116279069768,2.7701778385772915,2.893296853625171,1.292749658002736,59.58960328317374,4.432284541723666,1.3543091655266757,0.6771545827633378,29.733242134062927,0.8618331053351573,0.2462380300957592,1.0465116279069768,0.307797537619699,35.273597811217506,4.555403556771545,0.1231190150478796,0.0,1.1696306429548564,0.0615595075239398,0.0,0.0,0.0,4.001367989056088,0.9233926128590972,DF,MF,defense,1
Óscar de Marcos,es ESP,DF,Athletic Club,es La Liga,35.0,1989.0,26,17,1564,17.4,0,4,4,0,0,0,1.0,1.0,2.6,3.6,0.21,8,2,25.0,0.46,0.12,0.0,0.0,0.12,800,1010,79.2,14337,5393,2.2,19,101,25,16,55,0,4,2,102,47,2.7,8,0.46,32,15,15,13,4,56.8,16,48,35,20,0,1158,36,16,4,23.5,478,26,2,11,7,627,78,0,0,0,16,1,0,0,0,89,8,40.0,0.0,0.2301790281329923,0.2301790281329923,0.0,0.057544757033248,0.057544757033248,0.149616368286445,0.2071611253196931,0.012084398976982,0.4603580562659847,0.1150895140664961,46.03580562659847,58.12020460358056,825.0191815856776,310.3388746803069,0.1265984654731458,1.0933503836317136,5.812020460358056,1.438618925831202,0.9207161125319694,3.164961636828645,0.0,0.2301790281329923,0.1150895140664961,5.869565217391304,1.8414322250639388,0.8631713554987213,0.8631713554987213,0.7480818414322251,0.2301790281329923,0.9207161125319694,2.762148337595908,2.0140664961636827,1.1508951406649617,66.63682864450128,2.071611253196931,0.9207161125319694,0.2301790281329923,27.506393861892583,1.4961636828644502,0.1150895140664961,0.6329923273657289,0.4028132992327365,36.08056265984655,4.488491048593351,0.0,0.0,0.9207161125319694,0.057544757033248,0.0,0.0,0.0,5.121483375959079,0.4603580562659847,DF,,defense,1
Pablo Marí,es ESP,DF,Monza,it Serie A,30.0,1993.0,19,19,1628,18.1,0,0,0,0,0,0,0.2,0.2,0.1,0.3,0.01,2,0,0.0,0.11,0.0,0.0,,0.08,997,1112,89.7,19296,6940,0.1,3,50,0,0,1,0,0,5,58,16,0.88,1,0.06,26,15,14,12,0,52.4,37,63,85,2,2,1296,228,5,6,100.0,765,5,0,4,5,861,1,4,1,1,27,0,0,1,0,59,40,65.6,0.0,0.0,0.0,0.0,0.011056511056511,0.011056511056511,0.0055282555282555,0.0165847665847665,0.0005528255528255,0.1105651105651105,0.0,55.116707616707615,61.47420147420147,1066.7321867321866,383.66093366093367,0.0055282555282555,0.1658476658476658,2.7641277641277644,0.0,0.0,0.0552825552825552,0.0,0.0,0.2764127764127764,3.2063882063882065,1.4373464373464373,0.8292383292383292,0.773955773955774,0.6633906633906634,0.0,2.0454545454545454,3.482800982800983,4.699017199017199,0.1105651105651105,71.64619164619165,12.604422604422604,0.2764127764127764,0.3316953316953317,42.2911547911548,0.2764127764127764,0.0,0.2211302211302211,0.2764127764127764,47.59828009828009,0.0552825552825552,0.2211302211302211,0.0552825552825552,1.4926289926289924,0.0,0.0,0.0552825552825552,0.0,3.2616707616707616,2.211302211302211,DF,,defense,0
Pablo Marí,es ESP,DF,Fiorentina,it Serie A,30.0,1993.0,13,12,1098,12.2,0,0,0,0,0,0,0.1,0.1,0.0,0.1,0.01,5,1,20.0,0.41,0.08,0.0,0.0,0.03,565,619,91.3,10152,3710,0.1,0,31,0,0,0,0,0,0,27,10,0.82,0,0.0,14,9,11,3,0,54.5,25,39,94,2,0,784,134,5,0,0.0,409,2,0,0,2,467,0,2,0,0,14,0,0,0,0,39,31,72.1,0.0,0.0,0.0,0.0,0.0081967213114754,0.0081967213114754,0.0,0.0081967213114754,0.0008196721311475,0.4098360655737705,0.081967213114754,46.31147540983606,50.73770491803279,832.1311475409836,304.09836065573774,0.0081967213114754,0.0,2.540983606557377,0.0,0.0,0.0,0.0,0.0,0.0,2.2131147540983607,1.1475409836065575,0.7377049180327869,0.9016393442622952,0.2459016393442623,0.0,2.0491803278688523,3.1967213114754096,7.704918032786885,0.1639344262295081,64.26229508196721,10.98360655737705,0.4098360655737705,0.0,33.52459016393443,0.1639344262295081,0.0,0.0,0.1639344262295081,38.278688524590166,0.0,0.1639344262295081,0.0,1.1475409836065575,0.0,0.0,0.0,0.0,3.1967213114754096,2.540983606557377,DF,,defense,0
José María Giménez,uy URU,DF,Atlético Madrid,es La Liga,29.0,1995.0,27,20,1999,22.2,0,1,1,0,0,0,0.4,0.4,0.2,0.7,0.03,5,1,20.0,0.23,0.05,0.0,0.0,0.09,1250,1362,91.8,25411,9603,0.3,2,61,0,0,0,0,1,18,64,7,0.32,1,0.05,26,16,18,8,0,60.7,27,53,115,4,2,1582,272,11,2,66.7,1006,3,0,6,3,1094,1,5,0,0,13,0,0,0,1,78,38,50.7,0.0,0.0450225112556278,0.0450225112556278,0.0,0.0180090045022511,0.0180090045022511,0.0090045022511255,0.0315157578789394,0.0013506753376688,0.225112556278139,0.0450225112556278,56.27813906953477,61.32066033016508,1144.0670335167583,432.3511755877939,0.0135067533766883,0.0900450225112556,2.7463731865932965,0.0,0.0,0.0,0.0,0.0450225112556278,0.8104052026013007,2.88144072036018,1.1705852926463232,0.720360180090045,0.8104052026013007,0.3601800900450225,0.0,1.215607803901951,2.3861930965482743,5.177588794397199,0.1800900450225112,71.2256128064032,12.246123061530763,0.4952476238119059,0.0900450225112556,45.292646323161584,0.1350675337668834,0.0,0.2701350675337668,0.1350675337668834,49.25462731365683,0.0450225112556278,0.225112556278139,0.0,0.5852926463231616,0.0,0.0,0.0,0.0450225112556278,3.511755877938969,1.710855427713857,DF,,defense,0
Luca Marianucci,it ITA,DF,Empoli,it Serie A,20.0,2004.0,18,12,1069,11.9,0,0,0,0,0,0,0.6,0.6,0.2,0.8,0.07,8,2,25.0,0.67,0.17,0.0,0.0,0.08,354,461,76.8,7473,3116,0.2,3,29,2,1,7,0,0,9,28,12,1.01,0,0.0,28,12,17,11,0,57.9,19,47,63,4,1,609,64,5,5,50.0,299,12,0,7,3,311,3,0,1,0,11,0,0,0,0,43,28,45.9,0.0,0.0,0.0,0.0,0.0505144995322731,0.0505144995322731,0.0168381665107577,0.0673526660430308,0.0058933582787652,0.6735266604303087,0.1683816651075771,29.80355472404116,38.81197380729654,629.1580916744621,262.3386342376052,0.0168381665107577,0.2525724976613657,2.441534144059869,0.1683816651075771,0.0841908325537885,0.5893358278765202,0.0,0.0,0.7577174929840974,2.3573433115060807,2.3573433115060807,1.010289990645463,1.431244153414406,0.9260991580916744,0.0,1.5996258185219832,3.956969130028064,5.304022450888681,0.3367633302151543,51.27221702525725,5.38821328344247,0.4209541627689429,0.4209541627689429,25.17305893358279,1.010289990645463,0.0,0.5893358278765202,0.2525724976613657,26.18334892422825,0.2525724976613657,0.0,0.0841908325537885,0.9260991580916744,0.0,0.0,0.0,0.0,3.620205799812909,2.3573433115060807,DF,,defense,0
Guillermo Maripán,cl CHI,DF,Torino,it Serie A,30.0,1994.0,28,27,2340,26.0,1,1,2,1,0,0,0.9,0.9,1.0,2.0,0.08,12,5,41.7,0.46,0.19,0.08,0.2,0.08,1151,1333,86.3,23605,8277,0.9,5,79,5,0,2,0,2,6,96,19,0.73,2,0.08,40,23,25,14,1,63.6,41,81,138,9,1,1636,159,23,2,25.0,962,14,2,19,5,1044,9,4,1,0,29,0,0,0,0,90,72,60.5,0.0384615384615384,0.0384615384615384,0.0769230769230769,0.0384615384615384,0.0346153846153846,0.0346153846153846,0.0384615384615384,0.0769230769230769,0.003076923076923,0.4615384615384615,0.1923076923076923,44.26923076923077,51.26923076923077,907.8846153846156,318.3461538461538,0.0346153846153846,0.1923076923076923,3.0384615384615383,0.1923076923076923,0.0,0.0769230769230769,0.0,0.0769230769230769,0.2307692307692307,3.692307692307693,1.5384615384615383,0.8846153846153846,0.9615384615384616,0.5384615384615385,0.0384615384615384,1.5769230769230769,3.1153846153846154,5.307692307692308,0.3461538461538461,62.92307692307692,6.115384615384615,0.8846153846153846,0.0769230769230769,37.0,0.5384615384615385,0.0769230769230769,0.7307692307692308,0.1923076923076923,40.15384615384615,0.3461538461538461,0.1538461538461538,0.0384615384615384,1.1153846153846154,0.0,0.0,0.0,0.0,3.4615384615384617,2.769230769230769,DF,,defense,0
Mika Mármol,es ESP,DF,Las Palmas,es La Liga,23.0,2001.0,30,27,2399,26.7,0,1,1,0,0,0,0.4,0.4,1.5,1.9,0.07,10,0,0.0,0.38,0.0,0.0,,0.04,1112,1495,74.4,20092,8991,2.0,16,119,16,7,57,0,0,7,106,39,1.46,4,0.15,61,29,35,24,2,65.4,38,99,121,24,2,1820,145,16,7,46.7,793,33,1,15,5,1065,62,5,0,0,33,0,0,1,0,78,28,57.1,0.0,0.0375156315131304,0.0375156315131304,0.0,0.0150062526052521,0.0150062526052521,0.0562734472696957,0.0712796998749479,0.0026260942059191,0.3751563151313047,0.0,41.71738224260108,56.085869112130055,753.7640683618174,337.30304293455606,0.0750312630262609,0.6002501042100875,4.464360150062526,0.6002501042100875,0.2626094205919133,2.138390996248437,0.0,0.0,0.2626094205919133,3.9766569403918304,2.2884535223009586,1.0879533138807838,1.3130471029595665,0.9003751563151313,0.0750312630262609,1.4255939974989578,3.7140475197999168,4.539391413088787,0.9003751563151313,68.27844935389746,5.439766569403918,0.6002501042100875,0.2626094205919133,29.749895789912465,1.2380158399333054,0.0375156315131304,0.5627344726969571,0.1875781575656523,39.95414756148395,2.325969153814089,0.1875781575656523,0.0,1.2380158399333054,0.0,0.0,0.0375156315131304,0.0,2.9262192580241764,1.0504376823676531,DF,,defense,3
Marquinhos,br BRA,DF,Paris S-G,fr Ligue 1,30.0,1994.0,22,19,1725,19.2,2,0,2,2,0,0,1.1,1.1,0.8,1.9,0.1,8,3,37.5,0.42,0.16,0.25,0.67,0.14,1736,1830,94.9,33775,10072,1.0,9,184,4,1,3,0,3,13,151,31,1.62,1,0.05,30,19,8,16,6,75.8,11,41,64,6,0,1990,179,13,3,75.0,1335,29,0,4,1,1603,4,3,0,0,18,0,0,1,0,103,32,65.3,0.1043478260869565,0.0,0.1043478260869565,0.1043478260869565,0.057391304347826,0.057391304347826,0.0417391304347826,0.0991304347826087,0.0052173913043478,0.417391304347826,0.1565217391304348,90.57391304347826,95.47826086956522,1762.1739130434785,525.4956521739131,0.0521739130434782,0.4695652173913044,9.6,0.208695652173913,0.0521739130434782,0.1565217391304348,0.0,0.1565217391304348,0.6782608695652174,7.878260869565217,1.565217391304348,0.991304347826087,0.417391304347826,0.8347826086956521,0.3130434782608696,0.5739130434782609,2.139130434782609,3.3391304347826085,0.3130434782608696,103.82608695652172,9.339130434782607,0.6782608695652174,0.1565217391304348,69.65217391304347,1.5130434782608695,0.0,0.208695652173913,0.0521739130434782,83.63478260869564,0.208695652173913,0.1565217391304348,0.0,0.9391304347826088,0.0,0.0,0.0521739130434782,0.0,5.373913043478261,1.6695652173913045,DF,,defense,2
Aarón Martín,es ESP,DF,Genoa,it Serie A,27.0,1997.0,36,35,3085,34.3,0,8,8,0,0,0,0.9,0.9,5.5,6.4,0.19,16,4,25.0,0.47,0.12,0.0,0.0,0.06,1221,1685,72.5,23065,8738,6.1,65,77,30,21,256,106,0,3,90,95,2.77,13,0.38,71,47,41,26,4,64.7,19,90,73,30,1,1951,87,20,12,44.4,878,50,4,22,17,1039,108,5,0,0,38,2,0,1,0,146,20,37.7,0.0,0.2333873581847649,0.2333873581847649,0.0,0.026256077795786,0.026256077795786,0.1604538087520259,0.186709886547812,0.0055429497568881,0.4667747163695299,0.1166936790923824,35.62074554294976,49.15721231766612,672.8849270664506,254.9173419773096,0.1779578606158832,1.8962722852512155,2.246353322528363,0.8752025931928687,0.612641815235008,7.468395461912479,3.092382495948136,0.0,0.0875202593192868,2.625607779578606,2.071312803889789,1.3711507293354943,1.1961102106969206,0.7585089141004863,0.1166936790923824,0.5542949756888168,2.625607779578606,2.1296596434359807,0.8752025931928687,56.91734197730956,2.53808752025932,0.5834683954619124,0.3500810372771474,25.61426256077796,1.458670988654781,0.1166936790923824,0.6418152350081037,0.4959481361426255,30.31118314424635,3.1507293354943275,0.1458670988654781,0.0,1.1085899513776336,0.0583468395461912,0.0,0.0291734197730956,0.0,4.259319286871961,0.5834683954619124,DF,,defense,1
Gerard Martín,es ESP,DF,Barcelona,es La Liga,22.0,2002.0,28,11,1038,11.5,1,3,4,1,0,0,0.5,0.5,1.1,1.6,0.14,7,2,28.6,0.61,0.17,0.14,0.5,0.07,656,789,83.1,9965,2760,1.7,12,27,16,4,36,0,1,1,40,27,2.34,3,0.26,22,10,10,7,5,68.8,13,35,27,23,0,909,29,19,4,36.4,413,10,1,7,4,586,122,2,0,0,14,1,0,0,0,42,14,70.0,0.0867052023121387,0.2601156069364161,0.3468208092485549,0.0867052023121387,0.0433526011560693,0.0433526011560693,0.0953757225433526,0.1387283236994219,0.0121387283236994,0.6069364161849711,0.1734104046242774,56.878612716763,68.41040462427746,864.0173410404624,239.3063583815029,0.1473988439306358,1.0404624277456649,2.341040462427746,1.3872832369942196,0.3468208092485549,3.1213872832369938,0.0,0.0867052023121387,0.0867052023121387,3.4682080924855487,1.907514450867052,0.8670520231213872,0.8670520231213872,0.6069364161849711,0.4335260115606936,1.1271676300578035,3.034682080924856,2.341040462427746,1.9942196531791907,78.8150289017341,2.514450867052023,1.647398843930636,0.3468208092485549,35.809248554913296,0.8670520231213872,0.0867052023121387,0.6069364161849711,0.3468208092485549,50.809248554913296,10.578034682080926,0.1734104046242774,0.0,1.213872832369942,0.0867052023121387,0.0,0.0,0.0,3.6416184971098255,1.213872832369942,DF,,defense,3
Jon Martin,es ESP,DF,Real Sociedad,es La Liga,18.0,2006.0,13,6,904,10.0,0,1,1,0,0,0,0.6,0.6,0.2,0.8,0.08,9,1,11.1,0.9,0.1,0.0,0.0,0.07,468,539,86.8,9130,2975,0.2,4,19,2,0,0,0,0,1,34,8,0.8,1,0.1,11,9,7,3,1,66.7,7,18,80,3,1,677,99,13,0,,375,4,0,8,0,432,0,2,0,0,20,0,0,0,0,22,53,85.5,0.0,0.0995575221238938,0.0995575221238938,0.0,0.0597345132743362,0.0597345132743362,0.0199115044247787,0.079646017699115,0.0079646017699115,0.8960176991150443,0.0995575221238938,46.5929203539823,53.66150442477876,908.9601769911504,296.18362831858406,0.0199115044247787,0.3982300884955752,1.8915929203539823,0.1991150442477876,0.0,0.0,0.0,0.0,0.0995575221238938,3.38495575221239,1.095132743362832,0.8960176991150443,0.6969026548672567,0.2986725663716814,0.0995575221238938,0.6969026548672567,1.7920353982300885,7.964601769911504,0.2986725663716814,67.4004424778761,9.856194690265488,1.2942477876106195,0.0,37.334070796460175,0.3982300884955752,0.0,0.7964601769911505,0.0,43.008849557522126,0.0,0.1991150442477876,0.0,1.991150442477876,0.0,0.0,0.0,0.0,2.190265486725664,5.276548672566372,DF,,defense,0
Arnau Martinez,es ESP,"DF,MF",Girona,es La Liga,21.0,2003.0,32,30,2624,29.2,2,2,4,2,0,0,1.2,1.2,2.2,3.5,0.12,19,6,31.6,0.65,0.21,0.11,0.33,0.07,1603,1855,86.4,25826,6911,1.8,18,155,14,4,58,1,6,5,162,56,1.92,6,0.21,51,28,30,15,6,50.8,31,82,76,35,2,2108,89,55,20,54.1,1183,41,5,25,14,1402,102,3,0,0,20,2,0,1,0,125,29,56.9,0.0685975609756097,0.0685975609756097,0.1371951219512195,0.0685975609756097,0.0411585365853658,0.0411585365853658,0.0754573170731707,0.120045731707317,0.0041158536585365,0.6516768292682927,0.2057926829268292,54.980945121951216,63.62423780487805,885.8003048780488,237.0388719512195,0.0617378048780487,0.6173780487804879,5.316310975609756,0.4801829268292683,0.1371951219512195,1.9893292682926829,0.0342987804878048,0.2057926829268292,0.1714939024390243,5.556402439024391,1.7492378048780488,0.9603658536585368,1.0289634146341464,0.5144817073170732,0.2057926829268292,1.0632621951219512,2.8125,2.606707317073171,1.2004573170731707,72.30182926829268,3.0525914634146343,1.8864329268292683,0.6859756097560975,40.57545731707317,1.40625,0.1714939024390243,0.8574695121951219,0.4801829268292683,48.08689024390244,3.4984756097560976,0.1028963414634146,0.0,0.6859756097560975,0.0685975609756097,0.0,0.0342987804878048,0.0,4.2873475609756095,0.9946646341463414,DF,MF,defense,2
Iñigo Martínez,es ESP,DF,Barcelona,es La Liga,33.0,1991.0,28,28,2490,27.7,0,4,4,0,0,0,0.5,0.5,2.6,3.1,0.11,13,2,15.4,0.47,0.07,0.0,0.0,0.04,2217,2435,91.0,41890,14576,1.8,16,259,9,1,8,0,3,34,260,45,1.63,9,0.33,25,14,20,5,0,72.7,18,43,108,15,1,2652,146,26,3,100.0,1711,70,0,11,3,2003,11,5,0,0,18,2,1,0,0,126,58,63.7,0.0,0.144578313253012,0.144578313253012,0.0,0.0180722891566265,0.0180722891566265,0.0939759036144578,0.1120481927710843,0.0039759036144578,0.4698795180722891,0.072289156626506,80.13253012048192,88.01204819277108,1514.0963855421687,526.8433734939758,0.0650602409638554,0.5783132530120482,9.36144578313253,0.3253012048192771,0.036144578313253,0.2891566265060241,0.0,0.108433734939759,1.2289156626506024,9.397590361445785,0.9036144578313252,0.5060240963855422,0.7228915662650601,0.180722891566265,0.0,0.6506024096385542,1.5542168674698795,3.903614457831325,0.5421686746987953,95.855421686747,5.27710843373494,0.9397590361445785,0.108433734939759,61.84337349397591,2.5301204819277108,0.0,0.3975903614457831,0.108433734939759,72.39759036144578,0.3975903614457831,0.180722891566265,0.0,0.6506024096385542,0.072289156626506,0.036144578313253,0.0,0.0,4.554216867469879,2.0963855421686746,DF,,defense,2
Lisandro Martínez,ar ARG,DF,Manchester Utd,eng Premier League,26.0,1998.0,20,20,1751,19.5,2,1,3,2,0,0,1.3,1.3,1.1,2.4,0.13,17,6,35.3,0.87,0.31,0.12,0.33,0.08,1200,1342,89.4,20292,7055,1.3,9,91,18,2,9,0,5,3,117,26,1.34,2,0.1,40,24,25,12,3,58.3,32,72,57,7,1,1524,156,18,6,85.7,1017,23,2,1,3,1069,7,7,0,0,22,0,0,0,0,81,16,55.2,0.1027984009137635,0.0513992004568817,0.1541976013706453,0.1027984009137635,0.0668189605939463,0.0668189605939463,0.0565391205025699,0.1233580810965162,0.0066818960593946,0.8737864077669902,0.3083952027412907,61.679040548258136,68.97772701313535,1042.9925756710452,362.621359223301,0.0668189605939463,0.462592804111936,4.677327241576242,0.925185608223872,0.1027984009137635,0.462592804111936,0.0,0.2569960022844089,0.1541976013706453,6.0137064534551685,2.055968018275271,1.2335808109651627,1.2849800114220449,0.6167904054825813,0.1541976013706453,1.644774414620217,3.700742432895488,2.929754426042261,0.3597944031981724,78.33238149628784,8.018275271273557,0.925185608223872,0.3083952027412907,52.27298686464877,1.182181610508281,0.1027984009137635,0.0513992004568817,0.1541976013706453,54.94574528840662,0.3597944031981724,0.3597944031981724,0.0,1.1307824100513992,0.0,0.0,0.0,0.0,4.163335237007424,0.8223872073101085,DF,,defense,2
Adam Marušić,me MNE,DF,Lazio,it Serie A,31.0,1992.0,35,26,2337,26.0,4,0,4,4,0,0,2.0,2.0,0.6,2.6,0.1,23,10,43.5,0.89,0.39,0.17,0.4,0.09,1053,1240,84.9,16214,5156,0.6,13,72,16,9,54,0,0,3,84,33,1.27,3,0.12,32,20,18,12,2,60.0,16,48,61,15,0,1433,76,31,10,43.5,683,23,0,12,13,926,108,1,0,0,20,0,0,0,1,83,29,52.7,0.1540436456996149,0.0,0.1540436456996149,0.1540436456996149,0.0770218228498074,0.0770218228498074,0.0231065468549422,0.1001283697047496,0.0038510911424903,0.8857509627727855,0.3851091142490372,40.55198973042362,47.753530166880616,624.415917843389,198.5622593068036,0.0231065468549422,0.5006418485237484,2.772785622593068,0.6161745827984596,0.3465982028241335,2.079589216944801,0.0,0.0,0.1155327342747111,3.234916559691913,1.2323491655969192,0.7702182284980745,0.693196405648267,0.4621309370988446,0.0770218228498074,0.6161745827984596,1.8485237483953785,2.349165596919127,0.5776636713735559,55.18613607188704,2.9268292682926838,1.1938382541720154,0.3851091142490372,26.302952503209244,0.8857509627727855,0.0,0.4621309370988446,0.5006418485237484,35.66110397946085,4.159178433889602,0.0385109114249037,0.0,0.7702182284980745,0.0,0.0,0.0,0.0385109114249037,3.1964056482670093,1.116816431322208,DF,,defense,2
Marvin,es ESP,"DF,FW",Las Palmas,es La Liga,24.0,2000.0,23,9,1038,11.5,0,0,0,0,0,0,0.2,0.2,1.1,1.3,0.12,5,0,0.0,0.43,0.0,0.0,,0.04,370,502,73.7,6233,1918,1.2,6,24,14,10,52,0,0,0,30,14,1.21,2,0.17,25,13,12,9,4,42.3,15,40,34,19,0,658,32,19,2,11.1,309,29,1,26,8,347,72,4,0,0,20,0,0,1,0,53,10,37.0,0.0,0.0,0.0,0.0,0.0173410404624277,0.0173410404624277,0.0953757225433526,0.1127167630057803,0.0104046242774566,0.4335260115606936,0.0,32.08092485549133,43.52601156069365,540.4335260115606,166.30057803468208,0.1040462427745664,0.5202312138728323,2.0809248554913293,1.213872832369942,0.8670520231213872,4.508670520231214,0.0,0.0,0.0,2.601156069364162,2.167630057803468,1.1271676300578035,1.0404624277456649,0.7803468208092484,0.3468208092485549,1.300578034682081,3.4682080924855487,2.947976878612717,1.647398843930636,57.052023121387286,2.7745664739884397,1.647398843930636,0.1734104046242774,26.791907514450862,2.514450867052023,0.0867052023121387,2.254335260115607,0.6936416184971098,30.08670520231214,6.242774566473988,0.3468208092485549,0.0,1.7341040462427744,0.0,0.0,0.0867052023121387,0.0,4.595375722543353,0.8670520231213872,DF,FW,defense,1
Adam Masina,ma MAR,DF,Torino,it Serie A,30.0,1994.0,28,20,1919,21.3,1,2,3,1,0,0,0.7,0.7,0.3,1.0,0.05,8,2,25.0,0.38,0.09,0.13,0.5,0.09,1066,1267,84.1,19972,7055,0.7,4,72,6,2,14,0,1,8,73,21,0.98,4,0.19,33,15,22,10,1,57.5,27,60,95,4,2,1502,187,12,6,50.0,853,15,1,12,8,971,10,5,0,0,23,1,1,0,0,88,66,74.2,0.0468994267847837,0.0937988535695674,0.1406982803543512,0.0468994267847837,0.0328295987493486,0.0328295987493486,0.0140698280354351,0.0468994267847837,0.0023449713392391,0.3751954142782699,0.0937988535695674,49.99478895257947,59.421573736321,936.6753517457008,330.87545596664927,0.0328295987493486,0.1875977071391349,3.3767587285044294,0.2813965607087024,0.0937988535695674,0.6565919749869723,0.0,0.0468994267847837,0.3751954142782699,3.4236581552892136,1.5476810838978634,0.7034914017717562,1.0317873892652425,0.4689942678478374,0.0468994267847837,1.266284523189161,2.8139656070870247,4.455445544554456,0.1875977071391349,70.44293903074518,8.77019280875456,0.5627931214174049,0.2813965607087024,40.00521104742053,0.7034914017717562,0.0468994267847837,0.5627931214174049,0.3751954142782699,45.53934340802501,0.4689942678478374,0.2344971339239187,0.0,1.078686816050026,0.0468994267847837,0.0468994267847837,0.0,0.0,4.127149557060969,3.095362167795727,DF,,defense,0
Erhan Mašović,rs SRB,DF,Bochum,de Bundesliga,25.0,1998.0,16,10,910,10.1,1,1,2,1,0,0,0.6,0.6,0.9,1.5,0.15,7,4,57.1,0.69,0.4,0.14,0.25,0.09,349,422,82.7,7445,2958,0.5,3,28,0,0,0,0,1,2,35,7,0.69,1,0.1,14,10,10,4,0,46.4,12,26,55,4,0,539,75,11,0,0.0,290,1,0,5,3,323,4,2,0,0,12,0,0,0,0,32,22,59.5,0.0989010989010989,0.0989010989010989,0.1978021978021978,0.0989010989010989,0.0593406593406593,0.0593406593406593,0.089010989010989,0.1483516483516483,0.0148351648351648,0.6923076923076923,0.3956043956043956,34.51648351648352,41.73626373626374,736.3186813186812,292.54945054945057,0.0494505494505494,0.2967032967032967,2.769230769230769,0.0,0.0,0.0,0.0,0.0989010989010989,0.1978021978021978,3.4615384615384617,1.3846153846153846,0.989010989010989,0.989010989010989,0.3956043956043956,0.0,1.1868131868131868,2.571428571428571,5.43956043956044,0.3956043956043956,53.30769230769231,7.417582417582418,1.087912087912088,0.0,28.68131868131868,0.0989010989010989,0.0,0.4945054945054945,0.2967032967032967,31.945054945054945,0.3956043956043956,0.1978021978021978,0.0,1.1868131868131868,0.0,0.0,0.0,0.0,3.1648351648351647,2.175824175824176,DF,,defense,0
Clinton Mata,ao ANG,DF,Lyon,fr Ligue 1,31.0,1992.0,29,27,2370,26.3,0,4,4,0,0,0,0.2,0.2,1.4,1.6,0.06,5,0,0.0,0.19,0.0,0.0,,0.05,1448,1636,88.5,23759,8137,2.2,11,86,14,7,38,0,0,3,88,25,0.95,6,0.23,41,29,23,14,4,77.8,46,87,72,13,3,1877,188,14,14,46.7,1168,20,0,15,10,1287,23,6,0,0,27,1,0,0,0,129,21,55.3,0.0,0.1518987341772152,0.1518987341772152,0.0,0.0075949367088607,0.0075949367088607,0.0531645569620253,0.060759493670886,0.0022784810126582,0.1898734177215189,0.0,54.9873417721519,62.12658227848102,902.240506329114,309.0,0.0835443037974683,0.4177215189873418,3.2658227848101262,0.5316455696202531,0.2658227848101265,1.4430379746835442,0.0,0.0,0.1139240506329113,3.3417721518987342,1.5569620253164556,1.1012658227848102,0.8734177215189874,0.5316455696202531,0.1518987341772152,1.7468354430379749,3.3037974683544307,2.7341772151898733,0.4936708860759494,71.27848101265822,7.139240506329114,0.5316455696202531,0.5316455696202531,44.35443037974684,0.7594936708860759,0.0,0.569620253164557,0.3797468354430379,48.87341772151899,0.8734177215189874,0.2278481012658227,0.0,1.0253164556962024,0.0379746835443038,0.0,0.0,0.0,4.898734177215189,0.7974683544303798,DF,,defense,2
Chrislain Matsima,fr FRA,DF,Augsburg,de Bundesliga,22.0,2002.0,30,28,2551,28.3,1,1,2,1,0,0,1.8,1.8,0.3,2.1,0.07,14,2,14.3,0.49,0.07,0.07,0.5,0.13,1139,1324,86.0,20152,6622,0.7,5,95,7,0,3,0,2,2,84,17,0.6,1,0.04,31,20,19,11,1,65.4,52,83,163,17,0,1669,229,24,7,58.3,910,14,2,20,9,989,13,4,0,0,10,0,0,1,1,143,68,70.8,0.0352802822422579,0.0352802822422579,0.0705605644845158,0.0352802822422579,0.0635045080360642,0.0635045080360642,0.0105840846726773,0.0740885927087416,0.002469619756958,0.4939239513916111,0.0705605644845158,40.18424147393179,46.71109368874951,710.9682477459819,233.62602900823205,0.0246961975695805,0.1764014112112897,3.351626813014504,0.2469619756958055,0.0,0.1058408467267738,0.0,0.0705605644845158,0.0705605644845158,2.9635437083496665,1.093688749509996,0.7056056448451588,0.6703253626029009,0.3880831046648373,0.0352802822422579,1.8345746765974127,2.928263426107409,5.750686005488044,0.5997647981183849,58.8827910623285,8.079184633477068,0.8467267738141905,0.2469619756958055,32.10505684045472,0.4939239513916111,0.0705605644845158,0.7056056448451588,0.3175225401803214,34.8921991375931,0.4586436691493532,0.1411211289690317,0.0,0.3528028224225794,0.0,0.0,0.0352802822422579,0.0352802822422579,5.045080360642885,2.39905919247354,DF,,defense,0
Alan Matturro,uy URU,DF,Genoa,it Serie A,19.0,2004.0,13,9,900,10.0,0,0,0,0,0,0,0.2,0.2,0.2,0.4,0.04,4,3,75.0,0.4,0.3,0.0,0.0,0.05,280,359,78.0,5637,1806,0.3,3,10,4,2,8,0,0,1,15,9,0.9,0,0.0,11,6,6,5,0,21.4,14,25,38,7,0,458,51,9,3,60.0,218,12,1,6,3,260,9,2,0,0,10,0,0,1,0,26,16,50.0,0.0,0.0,0.0,0.0,0.02,0.02,0.02,0.04,0.004,0.4,0.3,28.0,35.9,563.7,180.6,0.03,0.3,1.0,0.4,0.2,0.8,0.0,0.0,0.1,1.5,1.1,0.6000000000000001,0.6000000000000001,0.5,0.0,1.4,2.5,3.8,0.7,45.8,5.1,0.9,0.3,21.8,1.2000000000000002,0.1,0.6000000000000001,0.3,26.0,0.9,0.2,0.0,1.0,0.0,0.0,0.1,0.0,2.6,1.6,DF,,defense,1
Konstantinos Mavropanos,gr GRE,DF,West Ham,eng Premier League,26.0,1997.0,33,21,2045,22.7,0,0,0,0,0,0,1.5,1.5,0.5,2.0,0.09,18,5,27.8,0.79,0.22,0.0,0.0,0.09,1092,1265,86.3,21548,7277,0.4,5,64,4,1,2,0,1,24,61,16,0.7,0,0.0,35,24,24,10,1,59.3,40,75,126,10,1,1532,244,24,9,52.9,864,17,1,12,0,1008,2,6,1,1,17,0,0,0,0,77,57,69.5,0.0,0.0,0.0,0.0,0.0660146699266503,0.0660146699266503,0.0220048899755501,0.0880195599022004,0.003960880195599,0.7921760391198044,0.2200488997555012,48.05867970660146,55.67237163814181,948.3227383863082,320.2591687041565,0.01760391198044,0.2200488997555012,2.8166259168704157,0.1760391198044009,0.0440097799511002,0.0880195599022004,0.0,0.0440097799511002,1.0562347188264058,2.684596577017115,1.5403422982885084,1.0562347188264058,1.0562347188264058,0.4400977995110024,0.0440097799511002,1.7603911980440097,3.3007334963325183,5.545232273838631,0.4400977995110024,67.42298288508557,10.73838630806846,1.0562347188264058,0.3960880195599022,38.02444987775061,0.7481662591687042,0.0440097799511002,0.5281173594132029,0.0,44.36185819070905,0.0880195599022004,0.2640586797066014,0.0440097799511002,0.7481662591687042,0.0,0.0,0.0,0.0,3.388753056234719,2.508557457212714,DF,,defense,0
Christian Mawissa,fr FRA,DF,Monaco,fr Ligue 1,19.0,2005.0,22,17,1501,16.7,0,0,0,0,0,0,0.1,0.1,0.0,0.1,0.01,1,1,100.0,0.06,0.06,0.0,0.0,0.07,827,945,87.5,13430,4378,0.1,1,51,0,0,3,0,0,0,44,7,0.42,0,0.0,42,29,27,13,2,59.1,26,68,48,12,1,1138,101,6,10,35.7,718,13,1,18,11,768,10,3,0,0,19,1,0,1,0,70,31,63.3,0.0,0.0,0.0,0.0,0.00599600266489,0.00599600266489,0.0,0.00599600266489,0.000599600266489,0.0599600266489007,0.0599600266489007,49.5869420386409,56.66222518321119,805.2631578947369,262.5049966688874,0.00599600266489,0.0599600266489007,3.0579613590939374,0.0,0.0,0.1798800799467022,0.0,0.0,0.0,2.638241172551632,2.518321119253831,1.7388407728181212,1.61892071952032,0.7794803464357096,0.1199200532978014,1.5589606928714193,4.07728181212525,2.8780812791472354,0.7195203197868089,68.23451032644903,6.055962691538974,0.3597601598934044,0.5996002664890073,43.05129913391073,0.7794803464357096,0.0599600266489007,1.0792804796802131,0.659560293137908,46.04930046635577,0.5996002664890073,0.1798800799467022,0.0,1.139240506329114,0.0599600266489007,0.0,0.0599600266489007,0.0,4.197201865423051,1.8587608261159227,DF,,defense,0
Noussair Mazraoui,ma MAR,DF,Manchester Utd,eng Premier League,26.0,1997.0,37,34,2838,31.5,0,1,1,0,0,0,0.7,0.7,1.5,2.2,0.07,13,3,23.1,0.41,0.1,0.0,0.0,0.05,1526,1781,85.7,23059,8056,1.9,20,125,20,5,23,0,7,6,115,56,1.78,1,0.03,115,68,58,42,15,62.8,34,149,95,35,1,2139,167,30,26,54.2,1172,42,3,25,17,1289,58,3,0,0,38,3,0,1,0,149,50,62.5,0.0,0.0317124735729386,0.0317124735729386,0.0,0.022198731501057,0.022198731501057,0.047568710359408,0.0697674418604651,0.0022198731501057,0.412262156448203,0.095137420718816,48.39323467230444,56.47991543340381,731.2579281183934,255.47568710359403,0.0602536997885835,0.6342494714587739,3.964059196617336,0.6342494714587739,0.1585623678646934,0.7293868921775898,0.0,0.2219873150105708,0.1902748414376321,3.6469344608879495,3.6469344608879495,2.156448202959831,1.839323467230444,1.331923890063425,0.4756871035940803,1.0782241014799154,4.725158562367865,3.012684989429176,1.1099365750528545,67.83298097251586,5.295983086680761,0.9513742071881608,0.824524312896406,37.16701902748415,1.331923890063425,0.095137420718816,0.7928118393234672,0.5391120507399577,40.87737843551797,1.839323467230444,0.095137420718816,0.0,1.2050739957716703,0.095137420718816,0.0,0.0317124735729386,0.0,4.725158562367865,1.5856236786469344,DF,,defense,3
Scott McKenna,sct SCO,DF,Las Palmas,es La Liga,27.0,1996.0,29,28,2466,27.4,0,0,0,0,0,0,1.1,1.1,0.7,1.8,0.07,10,0,0.0,0.36,0.0,0.0,,0.11,1276,1471,86.7,23646,7874,0.4,4,50,1,0,2,0,0,6,45,12,0.44,0,0.0,21,13,16,5,0,75.0,9,30,163,5,2,1745,272,23,3,100.0,912,11,2,8,4,1140,3,5,1,0,13,0,0,1,1,69,85,65.9,0.0,0.0,0.0,0.0,0.0401459854014598,0.0401459854014598,0.0255474452554744,0.0656934306569343,0.0025547445255474,0.364963503649635,0.0,46.56934306569343,53.68613138686131,862.9927007299269,287.37226277372264,0.0145985401459854,0.145985401459854,1.824817518248175,0.0364963503649635,0.0,0.072992700729927,0.0,0.0,0.218978102189781,1.6423357664233575,0.7664233576642335,0.4744525547445255,0.5839416058394161,0.1824817518248175,0.0,0.3284671532846715,1.094890510948905,5.948905109489051,0.1824817518248175,63.68613138686131,9.927007299270072,0.8394160583941606,0.1094890510948905,33.28467153284672,0.4014598540145985,0.072992700729927,0.291970802919708,0.145985401459854,41.6058394160584,0.1094890510948905,0.1824817518248175,0.0364963503649635,0.4744525547445255,0.0,0.0,0.0364963503649635,0.0364963503649635,2.5182481751824817,3.102189781021897,DF,,defense,0
Mark McKenzie,us USA,DF,Toulouse,fr Ligue 1,25.0,1999.0,30,29,2496,27.7,1,1,2,1,0,0,1.4,1.4,0.5,1.9,0.07,8,2,25.0,0.29,0.07,0.13,0.5,0.17,1167,1356,86.1,21104,8135,0.2,4,101,0,0,1,0,0,6,97,14,0.5,1,0.04,52,31,31,20,1,73.3,22,74,141,9,1,1648,181,15,4,44.4,878,10,1,13,7,969,5,1,1,0,30,0,0,1,0,128,44,56.4,0.0360576923076923,0.0360576923076923,0.0721153846153846,0.0360576923076923,0.0504807692307692,0.0504807692307692,0.0180288461538461,0.0685096153846153,0.0025240384615384,0.2884615384615384,0.0721153846153846,42.07932692307693,48.89423076923077,760.9615384615383,293.3293269230769,0.0072115384615384,0.1442307692307692,3.6418269230769234,0.0,0.0,0.0360576923076923,0.0,0.0,0.2163461538461538,3.4975961538461537,1.875,1.1177884615384617,1.1177884615384617,0.721153846153846,0.0360576923076923,0.7932692307692307,2.668269230769231,5.084134615384616,0.3245192307692308,59.42307692307692,6.526442307692308,0.5408653846153847,0.1442307692307692,31.65865384615385,0.360576923076923,0.0360576923076923,0.46875,0.2524038461538461,34.93990384615385,0.1802884615384615,0.0360576923076923,0.0360576923076923,1.0817307692307694,0.0,0.0,0.0360576923076923,0.0,4.615384615384615,1.5865384615384617,DF,,defense,0
Jakov Medić,hr CRO,DF,Bochum,de Bundesliga,25.0,1998.0,23,17,1603,17.8,1,0,1,1,0,0,0.9,0.9,0.2,1.0,0.06,14,3,21.4,0.79,0.17,0.07,0.33,0.06,667,763,87.4,13727,4502,0.5,3,31,4,1,1,0,2,2,27,10,0.56,1,0.06,13,11,9,3,1,44.4,22,35,111,2,4,975,167,22,2,66.7,498,2,0,7,3,544,3,2,0,0,10,0,0,1,0,73,30,52.6,0.0561447286338116,0.0,0.0561447286338116,0.0561447286338116,0.0505302557704304,0.0505302557704304,0.0112289457267623,0.0561447286338116,0.0033686837180286,0.7860262008733624,0.1684341859014348,37.44853399875234,42.838427947598255,770.6986899563318,252.76356830941984,0.0280723643169058,0.1684341859014348,1.74048658764816,0.2245789145352464,0.0561447286338116,0.0561447286338116,0.0,0.1122894572676232,0.1122894572676232,1.5159076731129133,0.7298814722395508,0.6175920149719276,0.5053025577043044,0.1684341859014348,0.0561447286338116,1.2351840299438552,1.965065502183406,6.232064878353088,0.1122894572676232,54.74111041796632,9.376169681846536,1.2351840299438552,0.1122894572676232,27.960074859638176,0.1122894572676232,0.0,0.3930131004366812,0.1684341859014348,30.542732376793516,0.1684341859014348,0.1122894572676232,0.0,0.561447286338116,0.0,0.0,0.0561447286338116,0.0,4.098565190268247,1.684341859014348,DF,,defense,0
Facundo Medina,ar ARG,DF,Lens,fr Ligue 1,25.0,1999.0,29,29,2543,28.3,0,1,1,0,0,0,1.8,1.8,2.0,3.8,0.13,27,3,11.1,0.96,0.11,0.0,0.0,0.07,1655,1889,87.6,27012,9960,3.4,24,157,30,2,16,0,3,5,174,68,2.41,3,0.11,44,29,22,18,4,57.1,32,76,70,18,0,2176,121,31,10,37.0,1328,46,2,27,14,1514,42,15,1,1,29,0,0,1,0,165,30,55.6,0.0,0.0353912701533621,0.0353912701533621,0.0,0.0637042862760519,0.0637042862760519,0.0707825403067243,0.1344868265827762,0.004600865119937,0.9555642941407784,0.1061738104600865,58.57255210381439,66.85410931970114,955.9889893826188,352.4970507274872,0.1203303185214313,0.8493904836806921,5.5564294140778605,1.0617381046008652,0.0707825403067243,0.5662603224537948,0.0,0.1061738104600865,0.1769563507668108,6.158081006685018,1.5572158867479355,1.026346834447503,0.7786079433739678,0.637042862760519,0.1415650806134487,1.1325206449075895,2.689736531655525,2.477388910735352,0.637042862760519,77.01140385371609,4.282343688556822,1.0971293747542272,0.3539127015336217,46.99960676366496,1.62799842705466,0.0707825403067243,0.9555642941407784,0.4954777821470704,53.582383012190334,1.486433346441211,0.5308690523004326,0.0353912701533621,1.026346834447503,0.0,0.0,0.0353912701533621,0.0,5.839559575304758,1.0617381046008652,DF,,defense,2
Nuno Mendes,pt POR,DF,Paris S-G,fr Ligue 1,22.0,2002.0,24,19,1676,18.6,1,3,4,1,0,0,2.2,2.2,5.0,7.2,0.39,21,9,42.9,1.13,0.48,0.05,0.11,0.1,1293,1488,86.9,22683,6256,4.1,30,119,34,13,60,9,3,25,127,72,3.87,6,0.32,30,19,15,12,3,59.0,18,48,37,21,2,1701,55,42,31,58.5,990,58,12,28,22,1215,108,3,0,0,13,3,1,1,0,108,15,57.7,0.0536992840095465,0.1610978520286396,0.2147971360381861,0.0536992840095465,0.1181384248210023,0.1181384248210023,0.2684964200477326,0.3866348448687351,0.0209427207637231,1.1276849642004774,0.4832935560859188,69.43317422434367,79.90453460620525,1218.0608591885443,335.9427207637231,0.2201670644391408,1.6109785202863962,6.390214797136038,1.8257756563245824,0.698090692124105,3.2219570405727924,0.4832935560859188,0.1610978520286396,1.342482100238663,6.819809069212411,1.6109785202863962,1.0202863961813842,0.8054892601431981,0.6443914081145585,0.1610978520286396,0.9665871121718376,2.577565632458234,1.986873508353222,1.1276849642004774,91.34248210023868,2.95346062052506,2.2553699284009547,1.6646778042959427,53.16229116945107,3.114558472553699,0.6443914081145585,1.503579952267303,1.181384248210024,65.24463007159905,5.799522673031027,0.1610978520286396,0.0,0.698090692124105,0.1610978520286396,0.0536992840095465,0.0536992840095465,0.0,5.799522673031027,0.8054892601431981,DF,,defense,1
Ferland Mendy,fr FRA,DF,Real Madrid,es La Liga,29.0,1995.0,14,12,1005,11.2,0,1,1,0,0,0,0.0,0.0,0.5,0.5,0.05,0,0,,0.0,0.0,,,,630,671,93.9,9091,2431,0.7,3,44,1,0,1,0,0,2,36,5,0.45,1,0.09,17,14,7,6,4,75.0,9,26,8,8,1,739,30,4,3,50.0,447,12,1,10,9,535,40,1,1,0,5,0,0,0,0,36,4,66.7,0.0,0.0895522388059701,0.0895522388059701,0.0,0.0,0.0,0.044776119402985,0.044776119402985,0.0044776119402985,0.0,0.0,56.4179104477612,60.08955223880597,814.1194029850747,217.70149253731344,0.0626865671641791,0.2686567164179104,3.940298507462687,0.0895522388059701,0.0,0.0895522388059701,0.0,0.0,0.1791044776119403,3.2238805970149254,1.5223880597014925,1.2537313432835822,0.6268656716417911,0.5373134328358209,0.3582089552238806,0.8059701492537313,2.328358208955224,0.7164179104477612,0.7164179104477612,66.17910447761194,2.686567164179104,0.3582089552238806,0.2686567164179104,40.02985074626866,1.0746268656716418,0.0895522388059701,0.8955223880597015,0.8059701492537313,47.91044776119403,3.582089552238806,0.0895522388059701,0.0895522388059701,0.4477611940298507,0.0,0.0,0.0,0.0,3.2238805970149254,0.3582089552238806,DF,,defense,2
Gideon Mensah,gh GHA,DF,Auxerre,fr Ligue 1,26.0,1998.0,29,26,2280,25.3,0,1,1,0,0,0,0.2,0.2,2.6,2.8,0.11,4,1,25.0,0.16,0.04,0.0,0.0,0.04,1056,1321,79.9,17277,6655,1.7,22,68,26,14,76,0,2,12,93,51,2.01,5,0.2,68,45,37,21,10,50.0,50,118,83,37,0,1627,95,15,29,53.7,880,52,7,39,31,888,101,2,0,0,33,0,0,1,0,172,16,45.7,0.0,0.0394736842105263,0.0394736842105263,0.0,0.0078947368421052,0.0078947368421052,0.1026315789473684,0.1105263157894736,0.0043421052631578,0.1578947368421052,0.0394736842105263,41.68421052631579,52.14473684210526,681.9868421052631,262.6973684210526,0.0671052631578947,0.868421052631579,2.6842105263157894,1.0263157894736843,0.5526315789473685,3.0,0.0,0.0789473684210526,0.4736842105263157,3.6710526315789473,2.6842105263157894,1.776315789473684,1.4605263157894737,0.8289473684210525,0.3947368421052631,1.973684210526316,4.657894736842105,3.2763157894736845,1.4605263157894737,64.22368421052632,3.75,0.5921052631578947,1.144736842105263,34.73684210526316,2.0526315789473686,0.2763157894736842,1.5394736842105263,1.223684210526316,35.05263157894737,3.986842105263158,0.0789473684210526,0.0,1.3026315789473684,0.0,0.0,0.0394736842105263,0.0,6.789473684210527,0.631578947368421,DF,,defense,3
Quentin Merlin,fr FRA,DF,Marseille,fr Ligue 1,22.0,2002.0,27,21,1589,17.7,1,3,4,1,0,0,2.1,2.1,3.0,5.0,0.28,26,9,34.6,1.47,0.51,0.04,0.11,0.08,943,1145,82.4,15694,3325,2.4,25,57,27,9,95,26,0,4,86,59,3.34,9,0.51,22,17,12,5,5,56.3,14,36,17,27,1,1296,17,49,4,21.1,732,40,9,20,9,924,169,1,0,0,11,1,0,0,0,69,7,31.8,0.0566393958464443,0.1699181875393329,0.2265575833857772,0.0566393958464443,0.118942731277533,0.118942731277533,0.1699181875393329,0.2831969792322215,0.0158590308370044,1.4726242920075518,0.5097545626179988,53.41095028319698,64.85210824417872,888.8986784140969,188.32599118942733,0.1359345500314663,1.4159848961611077,3.228445563247325,1.5292636878539965,0.5097545626179988,5.380742605412209,1.4726242920075518,0.0,0.2265575833857772,4.8709880427942105,1.2460667086217747,0.9628697293895532,0.6796727501573316,0.2831969792322215,0.2831969792322215,0.7929515418502203,2.039018250471995,0.9628697293895532,1.5292636878539965,73.40465701699182,0.9628697293895532,2.7753303964757707,0.2265575833857772,41.46003775959723,2.2655758338577723,0.5097545626179988,1.132787916928886,0.5097545626179988,52.33480176211454,9.572057898049088,0.0566393958464443,0.0,0.6230333543108874,0.0566393958464443,0.0,0.0,0.0,3.908118313404657,0.3964757709251101,DF,,defense,1
Karol Mets,ee EST,DF,St. Pauli,de Bundesliga,31.0,1993.0,10,10,900,10.0,0,0,0,0,0,0,0.1,0.1,0.2,0.3,0.03,3,0,0.0,0.3,0.0,0.0,,0.04,526,631,83.4,10181,3728,0.4,3,49,3,1,3,0,0,5,54,9,0.9,0,0.0,13,8,6,7,0,57.1,12,25,60,3,0,736,99,8,0,0.0,343,5,0,4,0,466,2,1,0,0,7,0,0,1,0,35,24,70.6,0.0,0.0,0.0,0.0,0.01,0.01,0.02,0.03,0.003,0.3,0.0,52.6,63.1,1018.1,372.8,0.04,0.3,4.9,0.3,0.1,0.3,0.0,0.0,0.5,5.4,1.3,0.8,0.6000000000000001,0.7,0.0,1.2000000000000002,2.5,6.0,0.3,73.60000000000001,9.9,0.8,0.0,34.300000000000004,0.5,0.0,0.4,0.0,46.6,0.2,0.1,0.0,0.7,0.0,0.0,0.1,0.0,3.5,2.4000000000000004,DF,,defense,0
Thomas Meunier,be BEL,DF,Lille,fr Ligue 1,32.0,1991.0,30,21,1928,21.4,2,0,2,2,0,0,1.9,1.9,0.7,2.5,0.12,28,11,39.3,1.31,0.51,0.07,0.18,0.07,1188,1477,80.4,20433,6391,2.4,13,123,31,7,62,2,2,8,136,37,1.73,7,0.33,53,38,32,15,6,67.3,34,87,64,23,0,1736,71,58,14,50.0,899,64,5,24,11,1122,148,5,0,0,27,1,0,1,0,88,33,63.5,0.0933609958506224,0.0,0.0933609958506224,0.0933609958506224,0.0886929460580912,0.0886929460580912,0.0326763485477178,0.116701244813278,0.0056016597510373,1.3070539419087135,0.5134854771784232,55.45643153526972,68.94709543568466,953.822614107884,298.33506224066394,0.1120331950207468,0.6068464730290457,5.741701244813278,1.447095435684647,0.3267634854771784,2.894190871369294,0.0933609958506224,0.0933609958506224,0.3734439834024896,6.348547717842323,2.474066390041494,1.7738589211618256,1.4937759336099583,0.700207468879668,0.2800829875518672,1.5871369294605808,4.0612033195020745,2.987551867219917,1.0736514522821576,81.03734439834025,3.314315352697096,2.70746887966805,0.6535269709543569,41.96576763485477,2.987551867219917,0.233402489626556,1.120331950207469,0.5134854771784232,52.37551867219917,6.908713692946058,0.233402489626556,0.0,1.2603734439834025,0.0466804979253112,0.0,0.0466804979253112,0.0,4.1078838174273855,1.5404564315352698,DF,,defense,3
Nikola Milenković,rs SRB,DF,Nott'ham Forest,eng Premier League,26.0,1997.0,37,37,3330,37.0,5,2,7,5,0,0,4.0,4.0,1.1,5.1,0.14,29,8,27.6,0.78,0.22,0.17,0.63,0.14,850,1033,82.3,17093,6325,0.5,9,53,2,0,0,0,0,3,51,21,0.57,3,0.08,51,29,36,13,2,79.4,27,78,209,3,1,1412,257,64,1,100.0,547,3,2,4,2,727,6,4,0,0,20,0,0,0,0,85,101,72.1,0.1351351351351351,0.054054054054054,0.1891891891891892,0.1351351351351351,0.1081081081081081,0.1081081081081081,0.0297297297297297,0.1378378378378378,0.0037837837837837,0.7837837837837838,0.2162162162162162,22.972972972972972,27.91891891891892,461.972972972973,170.94594594594594,0.0135135135135135,0.2432432432432432,1.4324324324324325,0.054054054054054,0.0,0.0,0.0,0.0,0.081081081081081,1.3783783783783785,1.3783783783783785,0.7837837837837838,0.972972972972973,0.3513513513513513,0.054054054054054,0.7297297297297298,2.1081081081081083,5.648648648648649,0.081081081081081,38.16216216216216,6.945945945945946,1.7297297297297296,0.027027027027027,14.783783783783784,0.081081081081081,0.054054054054054,0.1081081081081081,0.054054054054054,19.64864864864865,0.1621621621621621,0.1081081081081081,0.0,0.5405405405405406,0.0,0.0,0.0,0.0,2.2972972972972974,2.72972972972973,DF,,defense,0
Éder Militão,br BRA,DF,Real Madrid,es La Liga,26.0,1998.0,12,11,938,10.4,1,1,2,1,0,0,0.6,0.6,0.5,1.1,0.11,10,3,30.0,0.96,0.29,0.1,0.33,0.06,636,712,89.3,13095,4633,0.2,6,56,3,0,2,0,0,15,46,12,1.15,1,0.1,19,17,14,5,0,58.3,12,31,35,3,0,819,92,13,5,62.5,533,7,0,6,3,603,1,2,0,0,18,0,0,0,0,44,21,63.6,0.0959488272921108,0.0959488272921108,0.1918976545842217,0.0959488272921108,0.0575692963752665,0.0575692963752665,0.0479744136460554,0.1055437100213219,0.0105543710021321,0.9594882729211088,0.2878464818763326,61.02345415778252,68.31556503198294,1256.4498933901918,444.5309168443497,0.0191897654584221,0.5756929637526652,5.3731343283582085,0.2878464818763326,0.0,0.1918976545842217,0.0,0.0,1.439232409381663,4.4136460554371,1.8230277185501067,1.6311300639658848,1.343283582089552,0.4797441364605543,0.0,1.1513859275053304,2.974413646055437,3.3582089552238803,0.2878464818763326,78.5820895522388,8.8272921108742,1.2473347547974414,0.4797441364605543,51.1407249466951,0.6716417910447761,0.0,0.5756929637526652,0.2878464818763326,57.85714285714286,0.0959488272921108,0.1918976545842217,0.0,1.727078891257996,0.0,0.0,0.0,0.0,4.221748400852879,2.014925373134328,DF,,defense,2
Kim Min-jae,kr KOR,DF,Bayern Munich,de Bundesliga,27.0,1996.0,27,27,2283,25.4,2,0,2,2,0,0,1.6,1.6,0.3,1.9,0.08,7,5,71.4,0.28,0.2,0.29,0.4,0.23,2340,2530,92.5,39041,15291,0.9,6,236,2,0,0,0,1,5,181,26,1.03,2,0.08,35,20,18,13,4,52.4,37,72,91,10,4,2764,161,14,3,60.0,1644,16,1,14,5,2098,5,2,0,0,25,1,0,0,0,153,82,65.6,0.0788436268068331,0.0,0.0788436268068331,0.0788436268068331,0.0630749014454665,0.0630749014454665,0.0118265440210249,0.0749014454664914,0.0031537450722733,0.2759526938239159,0.1971090670170827,92.24704336399476,99.73718791064388,1539.0670170827857,602.7989487516426,0.0354796320630749,0.2365308804204993,9.303547963206308,0.0788436268068331,0.0,0.0,0.0,0.0394218134034165,0.1971090670170827,7.135348226018397,1.3797634691195797,0.7884362680683311,0.709592641261498,0.5124835742444153,0.1576872536136662,1.4586070959264126,2.838370565045992,3.5873850197109065,0.3942181340341655,108.96189224704337,6.3469119579500655,0.5519053876478318,0.1182654402102496,64.80946123521682,0.6307490144546649,0.0394218134034165,0.5519053876478318,0.1971090670170827,82.70696452036795,0.1971090670170827,0.0788436268068331,0.0,0.985545335085414,0.0394218134034165,0.0,0.0,0.0,6.031537450722733,3.2325886990801576,DF,,defense,2
Yerry Mina,co COL,DF,Cagliari,it Serie A,29.0,1994.0,31,31,2569,28.5,1,0,1,1,0,0,2.3,2.3,0.3,2.6,0.09,26,8,30.8,0.91,0.28,0.04,0.13,0.09,1198,1394,85.9,22018,8376,0.7,4,63,6,1,1,0,1,2,76,26,0.91,2,0.07,66,32,43,21,2,76.9,37,103,163,8,3,1797,332,43,3,37.5,948,17,0,20,13,969,9,6,1,1,40,0,0,0,0,158,94,65.3,0.0350330868042039,0.0,0.0350330868042039,0.0350330868042039,0.0805760996496691,0.0805760996496691,0.0105099260412611,0.0910860256909303,0.0031529778123783,0.9108602569093032,0.2802646944336317,41.96963799143636,48.83612300506034,771.3585052549631,293.43713507201244,0.0245231607629427,0.1401323472168158,2.20708446866485,0.2101985208252238,0.0350330868042039,0.0350330868042039,0.0,0.0350330868042039,0.0700661736084079,2.6625145971195017,2.312183729077462,1.121058777734527,1.5064227325807706,0.7356948228882834,0.0700661736084079,1.296224211755547,3.608407940833009,5.710393149085247,0.2802646944336317,62.95445698715453,11.63098481899572,1.5064227325807706,0.1050992604126119,33.211366290385364,0.5955624756714675,0.0,0.7006617360840794,0.4554301284546516,33.94706111327365,0.3152977812378357,0.2101985208252238,0.0350330868042039,1.401323472168159,0.0,0.0,0.0,0.0,5.535227715064227,3.293110159595173,DF,,defense,0
Tyrone Mings,eng ENG,DF,Aston Villa,eng Premier League,31.0,1993.0,14,12,1120,12.4,0,0,0,0,0,0,0.8,0.8,0.2,1.0,0.08,9,1,11.1,0.72,0.08,0.0,0.0,0.09,596,676,88.2,10642,3364,0.2,3,48,5,0,1,0,0,3,40,18,1.45,2,0.16,7,6,6,1,0,100.0,7,14,61,7,1,794,146,17,2,66.7,484,7,1,3,1,532,1,1,0,0,4,1,0,0,0,38,27,55.1,0.0,0.0,0.0,0.0,0.0642857142857142,0.0642857142857142,0.0160714285714285,0.0803571428571428,0.0064285714285714,0.7232142857142856,0.0803571428571428,47.892857142857146,54.32142857142857,855.1607142857143,270.32142857142856,0.0160714285714285,0.2410714285714285,3.857142857142857,0.4017857142857142,0.0,0.0803571428571428,0.0,0.0,0.2410714285714285,3.214285714285714,0.5625,0.4821428571428571,0.4821428571428571,0.0803571428571428,0.0,0.5625,1.125,4.901785714285714,0.5625,63.80357142857143,11.732142857142858,1.3660714285714286,0.1607142857142857,38.892857142857146,0.5625,0.0803571428571428,0.2410714285714285,0.0803571428571428,42.75,0.0803571428571428,0.0803571428571428,0.0,0.3214285714285714,0.0803571428571428,0.0,0.0,0.0,3.0535714285714284,2.169642857142857,DF,,defense,0
Juan Miranda,es ESP,DF,Bologna,it Serie A,24.0,2000.0,31,25,2277,25.3,0,6,6,0,0,0,0.7,0.7,6.1,6.8,0.27,22,5,22.7,0.87,0.2,0.0,0.0,0.03,1420,1877,75.7,27816,10135,5.6,57,156,52,30,211,80,5,4,163,96,3.79,13,0.51,32,18,11,14,7,42.4,23,55,50,27,1,2080,62,20,7,35.0,1047,34,4,23,8,1270,88,4,1,0,26,1,0,0,0,97,36,52.2,0.0,0.2371541501976284,0.2371541501976284,0.0,0.0276679841897233,0.0276679841897233,0.2411067193675889,0.2687747035573122,0.0106719367588932,0.8695652173913043,0.1976284584980237,56.126482213438734,74.18972332015811,1099.4466403162055,400.5928853754941,0.2213438735177865,2.2529644268774702,6.16600790513834,2.0553359683794468,1.1857707509881423,8.3399209486166,3.1620553359683794,0.1976284584980237,0.1581027667984189,6.442687747035573,1.2648221343873518,0.7114624505928854,0.4347826086956521,0.5533596837944664,0.2766798418972332,0.9090909090909092,2.1739130434782608,1.976284584980237,1.067193675889328,82.21343873517786,2.450592885375494,0.7905138339920948,0.2766798418972332,41.38339920948616,1.3438735177865613,0.1581027667984189,0.9090909090909092,0.3162055335968379,50.19762845849802,3.4782608695652173,0.1581027667984189,0.0395256916996047,1.0276679841897234,0.0395256916996047,0.0,0.0,0.0,3.83399209486166,1.4229249011857708,DF,,defense,1
Tyrick Mitchell,eng ENG,DF,Crystal Palace,eng Premier League,24.0,1999.0,37,37,3092,34.4,0,5,5,0,0,0,1.3,1.3,6.4,7.7,0.22,12,3,25.0,0.35,0.09,0.0,0.0,0.11,976,1355,72.0,15688,5986,3.7,41,51,33,16,105,0,0,2,70,72,2.1,7,0.2,91,55,57,27,7,54.3,19,110,108,61,2,1754,114,43,16,42.1,820,63,9,38,30,902,171,2,0,0,23,2,1,0,0,168,20,48.8,0.0,0.1455368693402328,0.1455368693402328,0.0,0.0378395860284605,0.0378395860284605,0.186287192755498,0.2241267787839586,0.0064036222509702,0.3492884864165588,0.0873221216041397,28.40879689521345,39.44049159120311,456.6364812419146,174.23673997412678,0.1076972833117723,1.1934023285899094,1.4844760672703752,0.9605433376455368,0.4657179818887452,3.0562742561448903,0.0,0.0,0.0582147477360931,2.03751617076326,2.6487710219922382,1.6009055627425617,1.6591203104786545,0.7858990944372575,0.203751617076326,0.5530401034928849,3.201811125485123,3.14359637774903,1.7755498059508408,51.05433376455369,3.318240620957309,1.2516170763260026,0.4657179818887452,23.86804657179819,1.833764553686934,0.2619663648124191,1.1060802069857698,0.8732212160413971,26.25485122897801,4.977360931435964,0.0582147477360931,0.0,0.6694695989650712,0.0582147477360931,0.0291073738680465,0.0,0.0,4.890038809831824,0.5821474773609314,DF,,defense,1
Maximilian Mittelstädt,de GER,DF,Stuttgart,de Bundesliga,27.0,1997.0,31,28,2469,27.4,1,7,8,1,0,0,0.9,0.9,4.7,5.6,0.2,21,4,19.0,0.77,0.15,0.05,0.25,0.04,1698,2035,83.4,27337,8592,7.0,47,160,61,31,164,16,2,11,182,98,3.57,15,0.55,79,54,42,30,7,72.6,47,126,96,28,2,2385,106,32,21,55.3,1251,62,2,24,8,1541,155,5,0,0,24,0,0,0,0,119,24,55.8,0.0364520048602673,0.2551640340218712,0.2916160388821385,0.0364520048602673,0.0328068043742405,0.0328068043742405,0.1713244228432563,0.2041312272174969,0.0072904009720534,0.7654921020656136,0.1458080194410692,61.8955042527339,74.17982989064399,996.4884568651275,313.1956257594168,0.2551640340218712,1.713244228432564,5.832320777642771,2.2235722964763065,1.1300121506682868,5.97812879708384,0.5832320777642771,0.0729040097205346,0.4009720534629404,6.634264884568651,2.879708383961118,1.968408262454435,1.5309842041312272,1.0935601458080195,0.2551640340218712,1.713244228432564,4.592952612393682,3.499392466585662,1.0206561360874848,86.93803159173756,3.863912515188336,1.1664641555285542,0.7654921020656136,45.601458080194405,2.260024301336573,0.0729040097205346,0.8748481166464155,0.2916160388821385,56.172539489671934,5.650060753341434,0.1822600243013366,0.0,0.8748481166464155,0.0,0.0,0.0,0.0,4.337788578371811,0.8748481166464155,DF,,defense,3
Johan Mojica,co COL,DF,Mallorca,es La Liga,31.0,1992.0,36,30,2755,30.6,1,2,3,1,0,0,0.9,0.9,4.1,5.0,0.16,17,3,17.6,0.56,0.1,0.06,0.33,0.05,1217,1641,74.2,21542,9303,4.4,40,102,53,33,143,1,2,9,130,83,2.71,6,0.2,35,23,26,6,3,47.5,26,61,84,51,3,1949,96,18,33,37.1,1024,66,5,52,27,1115,142,5,0,0,18,2,1,2,0,181,9,33.3,0.0326678765880217,0.0653357531760435,0.0980036297640653,0.0326678765880217,0.0294010889292196,0.0294010889292196,0.1339382940108892,0.1633393829401088,0.0052268602540834,0.5553539019963702,0.0980036297640653,39.756805807622506,53.60798548094374,703.7313974591651,303.9092558983666,0.1437386569872958,1.306715063520871,3.332123411978221,1.7313974591651542,1.0780399274047188,4.671506352087114,0.0326678765880217,0.0653357531760435,0.294010889292196,4.246823956442832,1.1433756805807622,0.7513611615245008,0.8493647912885662,0.1960072595281307,0.0980036297640653,0.8493647912885662,1.9927404718693285,2.744101633393829,1.6660617059891107,63.669691470054445,3.136116152450091,0.588021778584392,1.0780399274047188,33.4519056261343,2.156079854809437,0.1633393829401088,1.6987295825771325,0.8820326678765881,36.42468239564428,4.638838475499092,0.1633393829401088,0.0,0.588021778584392,0.0653357531760435,0.0326678765880217,0.0653357531760435,0.0,5.912885662431942,0.294010889292196,DF,,defense,1
Nahuel Molina,ar ARG,DF,Atlético Madrid,es La Liga,26.0,1998.0,30,17,1590,17.7,0,3,3,0,0,0,0.8,0.8,1.5,2.3,0.13,9,1,11.1,0.51,0.06,0.0,0.0,0.09,945,1182,79.9,14192,5083,1.9,13,43,19,5,55,9,2,6,61,44,2.49,5,0.28,44,19,21,21,2,55.4,13,57,53,37,0,1366,59,24,15,50.0,782,35,4,21,3,883,96,1,0,0,13,0,0,0,0,66,10,45.5,0.0,0.1698113207547169,0.1698113207547169,0.0,0.0452830188679245,0.0452830188679245,0.0849056603773584,0.130188679245283,0.0073584905660377,0.5094339622641509,0.0566037735849056,53.490566037735846,66.90566037735849,803.3207547169811,287.71698113207543,0.1075471698113207,0.7358490566037735,2.4339622641509435,1.0754716981132075,0.2830188679245283,3.1132075471698117,0.5094339622641509,0.1132075471698113,0.3396226415094339,3.452830188679245,2.490566037735849,1.0754716981132075,1.1886792452830188,1.1886792452830188,0.1132075471698113,0.7358490566037735,3.2264150943396226,3.0,2.094339622641509,77.32075471698113,3.339622641509434,1.3584905660377358,0.8490566037735848,44.264150943396224,1.981132075471698,0.2264150943396226,1.1886792452830188,0.1698113207547169,49.9811320754717,5.433962264150943,0.0566037735849056,0.0,0.7358490566037735,0.0,0.0,0.0,0.0,3.735849056603773,0.5660377358490566,DF,,defense,1
Morato,br BRA,DF,Nott'ham Forest,eng Premier League,23.0,2001.0,26,6,907,10.1,0,0,0,0,0,0,0.2,0.2,0.0,0.2,0.02,2,1,50.0,0.2,0.1,0.0,0.0,0.09,238,309,77.0,3987,1931,0.0,0,19,0,0,0,0,1,0,19,3,0.3,0,0.0,22,14,18,3,1,61.9,10,32,78,11,2,457,90,2,2,100.0,164,1,0,6,3,206,1,5,0,0,11,0,0,0,0,36,6,30.0,0.0,0.0,0.0,0.0,0.0198456449834619,0.0198456449834619,0.0,0.0198456449834619,0.0019845644983461,0.1984564498346196,0.0992282249173098,23.616317530319733,30.66152149944873,395.62293274531424,191.60970231532525,0.0,0.0,1.8853362734288863,0.0,0.0,0.0,0.0,0.0992282249173098,0.0,1.8853362734288863,2.183020948180816,1.3891951488423373,1.7861080485115768,0.2976846747519294,0.0992282249173098,0.992282249173098,3.175303197353914,7.739801543550166,1.091510474090408,45.34729878721059,8.930540242557884,0.1984564498346196,0.1984564498346196,16.273428886438808,0.0992282249173098,0.0,0.5953693495038589,0.2976846747519294,20.44101433296582,0.0992282249173098,0.496141124586549,0.0,1.091510474090408,0.0,0.0,0.0,0.0,3.5722160970231536,0.5953693495038589,DF,,defense,0
Diego Moreira,pt POR,"DF,MF",Strasbourg,fr Ligue 1,19.0,2004.0,32,29,2568,28.5,2,7,9,2,0,0,2.0,2.0,7.3,9.3,0.33,25,8,32.0,0.88,0.28,0.08,0.25,0.08,1028,1327,77.5,16315,3941,7.4,30,30,37,10,93,9,7,6,87,67,2.35,10,0.35,44,28,17,19,8,48.0,35,79,65,30,0,1701,82,81,57,45.6,953,99,36,65,33,1098,245,4,1,0,26,2,0,1,0,139,27,48.2,0.0700934579439252,0.2453271028037383,0.3154205607476635,0.0700934579439252,0.0700934579439252,0.0700934579439252,0.2558411214953271,0.3259345794392523,0.0115654205607476,0.8761682242990654,0.2803738317757009,36.02803738317757,46.50700934579439,571.7873831775701,138.1191588785047,0.2593457943925233,1.0514018691588785,1.0514018691588785,1.2967289719626167,0.3504672897196261,3.259345794392523,0.3154205607476635,0.2453271028037383,0.2102803738317757,3.0490654205607477,1.542056074766355,0.9813084112149532,0.5957943925233645,0.6658878504672897,0.2803738317757009,1.2266355140186915,2.7686915887850465,2.27803738317757,1.0514018691588785,59.61448598130841,2.873831775700934,2.8387850467289715,1.997663551401869,33.399532710280376,3.469626168224299,1.2616822429906542,2.27803738317757,1.1565420560747663,38.48130841121496,8.586448598130842,0.1401869158878504,0.0350467289719626,0.911214953271028,0.0700934579439252,0.0,0.0350467289719626,0.0,4.871495327102804,0.9462616822429906,DF,MF,defense,1
Alberto Moreno,es ESP,DF,Como,it Serie A,32.0,1992.0,24,21,1727,19.2,0,0,0,0,0,0,0.4,0.4,1.2,1.6,0.08,14,6,42.9,0.73,0.31,0.0,0.0,0.03,893,1082,82.5,15712,5538,1.6,19,63,23,12,49,0,1,5,81,36,1.88,2,0.1,25,11,17,8,0,46.2,14,39,40,20,2,1224,58,17,3,42.9,722,23,4,18,3,805,58,4,0,0,17,0,0,0,0,74,11,35.5,0.0,0.0,0.0,0.0,0.0208453966415749,0.0208453966415749,0.0625361899247249,0.0833815865662999,0.0041690793283149,0.7295888824551245,0.3126809496236248,46.53734800231615,56.386797915460335,818.8071800810654,288.60451650260563,0.0833815865662999,0.9901563404748116,3.28314997104806,1.1986103068905616,0.6253618992472496,2.553561088592936,0.0,0.0521134916039374,0.2605674580196873,4.221192819918935,1.3028372900984366,0.5732484076433121,0.8859293572669369,0.4169079328314997,0.0,0.7295888824551245,2.032426172553561,2.0845396641574987,1.0422698320787491,63.786913723219456,3.022582513028373,0.8859293572669369,0.1563404748118124,37.625940938042845,1.1986103068905616,0.2084539664157498,0.9380428488708744,0.1563404748118124,41.95136074116966,3.022582513028373,0.2084539664157498,0.0,0.8859293572669369,0.0,0.0,0.0,0.0,3.856398378691373,0.5732484076433121,DF,,defense,1
Álex Moreno,es ESP,"DF,MF",Nott'ham Forest,eng Premier League,31.0,1993.0,15,11,955,10.6,0,1,1,0,0,0,0.2,0.2,1.3,1.4,0.13,6,0,0.0,0.57,0.0,0.0,,0.03,308,428,72.0,4574,1911,1.1,8,25,9,2,19,0,3,1,34,16,1.51,2,0.19,25,18,20,5,0,38.5,15,40,43,10,0,559,60,8,8,38.1,229,26,4,13,6,258,34,2,0,0,12,0,0,0,0,50,3,21.4,0.0,0.0942408376963351,0.0942408376963351,0.0,0.018848167539267,0.018848167539267,0.1225130890052356,0.1319371727748691,0.0122513089005235,0.5654450261780105,0.0,29.02617801047121,40.33507853403141,431.0575916230367,180.09424083769633,0.1036649214659685,0.7539267015706808,2.356020942408377,0.8481675392670157,0.1884816753926702,1.7905759162303665,0.0,0.2827225130890052,0.0942408376963351,3.2041884816753927,2.356020942408377,1.6963350785340314,1.8848167539267016,0.4712041884816754,0.0,1.413612565445026,3.769633507853404,4.052356020942408,0.9424083769633508,52.680628272251305,5.654450261780104,0.7539267015706808,0.7539267015706808,21.581151832460733,2.450261780104712,0.3769633507853404,1.225130890052356,0.5654450261780105,24.314136125654453,3.2041884816753927,0.1884816753926702,0.0,1.130890052356021,0.0,0.0,0.0,0.0,4.712041884816754,0.2827225130890052,DF,MF,defense,1
Cristhian Mosquera,es ESP,DF,Valencia,es La Liga,20.0,2004.0,37,37,3319,36.9,1,0,1,1,0,0,0.4,0.4,0.0,0.4,0.01,5,2,40.0,0.14,0.05,0.2,0.5,0.08,1858,2053,90.5,32827,11556,0.3,0,118,1,0,2,0,0,6,123,14,0.38,1,0.03,56,36,41,13,2,77.5,35,91,128,9,4,2367,233,7,5,55.6,1401,35,0,18,10,1583,6,6,0,0,14,0,0,3,0,190,41,44.6,0.0271166013859596,0.0,0.0271166013859596,0.0271166013859596,0.0108466405543838,0.0108466405543838,0.0,0.0108466405543838,0.0002711660138595,0.1355830069297981,0.0542332027719192,50.382645375112986,55.67038264537511,890.1566736968966,313.35944561614946,0.0081349804157878,0.0,3.199758963543236,0.0271166013859596,0.0,0.0542332027719192,0.0,0.0,0.1626996083157577,3.335341970473034,1.5185296776137391,0.9761976498945466,1.111780656824345,0.3525158180174751,0.0542332027719192,0.9490810485085868,2.467610726122326,3.470924977402832,0.2440494124736366,64.18499548056644,6.318168122928593,0.1898162097017174,0.1355830069297981,37.99035854172944,0.9490810485085868,0.0,0.4880988249472733,0.2711660138595962,42.92557999397409,0.1626996083157577,0.1626996083157577,0.0,0.3796324194034348,0.0,0.0,0.0813498041578788,0.0,5.152154263332329,1.111780656824345,DF,,defense,2
Yael Mouanga,fr FRA,DF,Montpellier,fr Ligue 1,19.0,2005.0,14,10,946,10.5,0,0,0,0,0,0,0.1,0.1,0.2,0.3,0.03,1,0,0.0,0.1,0.0,0.0,,0.1,420,479,87.7,7555,2597,0.1,2,25,1,1,2,0,0,1,22,6,0.57,0,0.0,14,8,9,3,2,77.8,10,24,50,4,0,589,92,4,5,100.0,337,4,2,9,3,386,2,3,0,0,10,0,0,0,0,29,14,48.3,0.0,0.0,0.0,0.0,0.0095137420718816,0.0095137420718816,0.0190274841437632,0.0285412262156448,0.0028541226215644,0.095137420718816,0.0,39.95771670190275,45.57082452431289,718.7632135306553,247.07188160676532,0.0095137420718816,0.1902748414376321,2.3784355179704018,0.095137420718816,0.095137420718816,0.1902748414376321,0.0,0.0,0.095137420718816,2.0930232558139537,1.331923890063425,0.7610993657505286,0.8562367864693446,0.2854122621564482,0.1902748414376321,0.9513742071881608,2.2832980972515857,4.756871035940804,0.3805496828752643,56.03594080338266,8.752642706131079,0.3805496828752643,0.4756871035940803,32.061310782241016,0.3805496828752643,0.1902748414376321,0.8562367864693446,0.2854122621564482,36.723044397463006,0.1902748414376321,0.2854122621564482,0.0,0.9513742071881608,0.0,0.0,0.0,0.0,2.758985200845666,1.331923890063425,DF,,defense,0
Santiago Mouriño,uy URU,DF,Alavés,es La Liga,22.0,2002.0,25,20,1849,20.5,0,1,1,0,0,0,0.9,0.9,0.9,1.8,0.09,13,3,23.1,0.63,0.15,0.0,0.0,0.07,539,691,78.0,9882,4329,0.6,7,47,5,2,4,0,2,3,46,11,0.54,2,0.1,43,28,31,12,0,55.3,29,72,120,8,0,952,116,14,4,36.4,442,14,0,7,11,440,1,7,0,0,32,2,1,0,0,85,38,57.6,0.0,0.0486749594375338,0.0486749594375338,0.0,0.0438074634937804,0.0438074634937804,0.0438074634937804,0.0876149269875608,0.004380746349378,0.6327744726879394,0.1460248783126014,26.23580313683072,33.63439697133586,481.005949161709,210.71389940508385,0.0292049756625202,0.3407247160627366,2.2877230935640886,0.243374797187669,0.0973499188750676,0.1946998377501352,0.0,0.0973499188750676,0.1460248783126014,2.2390481341265547,2.0930232558139537,1.3628988642509463,1.508923742563548,0.5840995132504057,0.0,1.41157382368848,3.504597079502434,5.840995132504056,0.3893996755002704,46.33856138453218,5.64629529475392,0.6814494321254733,0.1946998377501352,21.51433207138994,0.6814494321254733,0.0,0.3407247160627366,0.5354245538128718,21.416982152514876,0.0486749594375338,0.3407247160627366,0.0,1.5575987020010815,0.0973499188750676,0.0486749594375338,0.0,0.0,4.137371552190373,1.8496484586262845,DF,,defense,0
Abdul Mumin,gh GHA,DF,Rayo Vallecano,es La Liga,26.0,1998.0,24,24,2017,22.4,2,1,3,2,0,0,0.6,0.6,0.2,0.8,0.03,10,3,30.0,0.45,0.13,0.2,0.67,0.06,900,1085,82.9,17231,7016,0.1,1,40,1,0,6,0,0,8,40,11,0.49,3,0.13,37,25,30,7,0,63.0,23,60,125,4,0,1351,253,13,5,50.0,725,12,2,16,5,819,6,6,1,0,22,1,0,0,0,93,31,55.4,0.0892414476945959,0.0446207238472979,0.1338621715418939,0.0892414476945959,0.0267724343083787,0.0267724343083787,0.0089241447694595,0.0356965790778383,0.0013386217154189,0.4462072384729797,0.1338621715418939,40.15865146256817,48.41348537431829,768.8596926127913,313.0589985126426,0.0044620723847297,0.0446207238472979,1.7848289538919189,0.0446207238472979,0.0,0.2677243430837878,0.0,0.0,0.3569657907783837,1.7848289538919189,1.6509667823500247,1.1155180961824491,1.338621715418939,0.3123450669310857,0.0,1.0262766484878532,2.677243430837878,5.577590480912246,0.1784828953891918,60.28259791769956,11.289043133366388,0.5800694100148736,0.2231036192364898,32.35002478929103,0.5354486861675756,0.0892414476945959,0.7139315815567674,0.2231036192364898,36.54437283093704,0.2677243430837878,0.2677243430837878,0.0446207238472979,0.9816559246405552,0.0446207238472979,0.0,0.0,0.0,4.149727317798711,1.383242439266237,DF,,defense,0
Aihen Muñoz,es ESP,DF,Real Sociedad,es La Liga,26.0,1997.0,21,13,1098,12.2,0,0,0,0,0,0,0.2,0.2,0.3,0.4,0.04,6,0,0.0,0.49,0.0,0.0,,0.03,448,631,71.0,7078,2813,0.3,3,38,3,2,35,0,0,1,38,10,0.82,0,0.0,24,12,14,8,2,50.0,14,38,47,17,0,763,44,4,7,58.3,356,26,3,10,3,404,28,5,0,0,15,0,0,1,0,43,23,57.5,0.0,0.0,0.0,0.0,0.0163934426229508,0.0163934426229508,0.0245901639344262,0.0327868852459016,0.0032786885245901,0.4918032786885246,0.0,36.72131147540984,51.72131147540984,580.1639344262295,230.5737704918033,0.0245901639344262,0.2459016393442623,3.114754098360656,0.2459016393442623,0.1639344262295081,2.8688524590163937,0.0,0.0,0.081967213114754,3.114754098360656,1.9672131147540983,0.9836065573770492,1.1475409836065575,0.6557377049180327,0.1639344262295081,1.1475409836065575,3.114754098360656,3.8524590163934422,1.3934426229508197,62.540983606557376,3.60655737704918,0.3278688524590163,0.5737704918032788,29.18032786885246,2.1311475409836067,0.2459016393442623,0.819672131147541,0.2459016393442623,33.114754098360656,2.295081967213115,0.4098360655737705,0.0,1.2295081967213115,0.0,0.0,0.081967213114754,0.0,3.5245901639344264,1.8852459016393444,DF,,defense,1
Álex Muñoz,es ESP,DF,Las Palmas,es La Liga,30.0,1994.0,21,18,1415,15.7,3,0,3,3,0,0,0.9,0.9,0.5,1.4,0.09,9,5,55.6,0.57,0.32,0.33,0.6,0.1,618,775,79.7,9935,3534,0.7,7,34,9,8,27,0,0,2,45,15,0.95,0,0.0,39,29,22,16,1,55.3,16,55,69,13,0,974,82,19,2,22.2,398,15,1,10,1,544,53,3,0,0,30,2,0,1,0,35,24,53.3,0.1908127208480565,0.0,0.1908127208480565,0.1908127208480565,0.0572438162544169,0.0572438162544169,0.0318021201413427,0.0890459363957597,0.0057243816254416,0.5724381625441697,0.3180212014134275,39.30742049469964,49.29328621908128,631.9081272084806,224.77738515901055,0.0445229681978798,0.4452296819787986,2.1625441696113072,0.5724381625441697,0.508833922261484,1.717314487632509,0.0,0.0,0.127208480565371,2.862190812720848,2.480565371024735,1.84452296819788,1.3992932862190814,1.017667844522968,0.0636042402826855,1.017667844522968,3.498233215547703,4.3886925795053005,0.8268551236749117,61.950530035335696,5.215547703180212,1.2084805653710249,0.127208480565371,25.314487632508836,0.9540636042402828,0.0636042402826855,0.6360424028268551,0.0636042402826855,34.60070671378092,3.371024734982332,0.1908127208480565,0.0,1.9081272084805656,0.127208480565371,0.0,0.0636042402826855,0.0,2.2261484098939928,1.526501766784452,DF,,defense,3
Daniel Muñoz,co COL,DF,Crystal Palace,eng Premier League,28.0,1996.0,37,37,3228,35.9,4,5,9,4,0,0,4.9,4.9,5.5,10.5,0.29,37,14,37.8,1.03,0.39,0.11,0.29,0.13,1129,1492,75.7,17091,5219,3.6,46,59,35,15,74,2,2,2,97,85,2.37,11,0.31,123,80,57,41,25,56.7,44,167,108,39,1,2010,119,107,21,37.5,806,62,18,55,20,956,206,10,0,0,56,1,0,0,0,171,58,42.6,0.1115241635687732,0.1394052044609665,0.2509293680297397,0.1115241635687732,0.1366171003717472,0.1366171003717472,0.1533457249070632,0.2927509293680297,0.008085501858736,1.0315985130111525,0.3903345724907063,31.47769516728625,41.59851301115242,476.5148698884758,145.51115241635688,0.1003717472118959,1.2825278810408922,1.6449814126394051,0.9758364312267658,0.4182156133828996,2.063197026022305,0.0557620817843866,0.0557620817843866,0.0557620817843866,2.704460966542751,3.4293680297397766,2.2304832713754648,1.5892193308550189,1.1431226765799256,0.6970260223048328,1.2267657992565055,4.656133828996282,3.011152416356877,1.0873605947955391,56.040892193308544,3.317843866171004,2.983271375464684,0.5855018587360595,22.472118959107807,1.7286245353159853,0.5018587360594795,1.5334572490706322,0.5576208178438662,26.6542750929368,5.743494423791821,0.2788104089219331,0.0,1.5613382899628254,0.0278810408921933,0.0,0.0,0.0,4.767657992565056,1.617100371747212,DF,,defense,3
Murillo,br BRA,DF,Nott'ham Forest,eng Premier League,22.0,2002.0,36,36,3188,35.4,2,0,2,2,0,0,1.4,1.4,1.2,2.6,0.07,25,6,24.0,0.71,0.17,0.08,0.33,0.06,1138,1450,78.5,22680,10645,1.1,13,139,13,1,14,0,8,22,115,44,1.24,2,0.06,53,36,38,12,3,58.7,36,89,249,6,3,1918,421,24,27,73.0,821,22,1,19,10,989,5,6,0,0,27,1,0,1,0,142,44,66.7,0.0564617314930991,0.0,0.0564617314930991,0.0564617314930991,0.0395232120451693,0.0395232120451693,0.0338770388958594,0.0734002509410288,0.0019761606022584,0.7057716436637391,0.1693851944792973,32.1267252195734,40.93475533249686,640.276035131744,300.5175658720201,0.0310539523212045,0.3670012547051443,3.9240903387703887,0.3670012547051443,0.0282308657465495,0.3952321204516938,0.0,0.2258469259723964,0.6210790464240903,3.2465495608532,1.4962358845671266,1.0163111668757845,1.0727728983688831,0.3387703889585947,0.0846925972396486,1.0163111668757845,2.512547051442911,7.0294855708908415,0.1693851944792973,54.146800501882055,11.885194479297365,0.6775407779171895,0.7622333751568382,23.17754077791719,0.6210790464240903,0.0282308657465495,0.5363864491844417,0.2823086574654956,27.920326223337515,0.1411543287327478,0.1693851944792973,0.0,0.7622333751568382,0.0282308657465495,0.0,0.0282308657465495,0.0,4.0087829360100375,1.2421580928481806,DF,,defense,0
Phillipp Mwene,at AUT,DF,Mainz 05,de Bundesliga,30.0,1994.0,32,32,2607,29.0,1,4,5,1,0,0,1.5,1.5,1.9,3.4,0.12,21,4,19.0,0.72,0.14,0.05,0.25,0.07,954,1272,75.0,16061,5575,3.8,22,68,38,19,85,12,2,2,106,63,2.18,10,0.35,51,29,23,22,6,41.3,24,75,51,39,1,1555,68,49,22,44.0,775,62,12,47,26,893,144,7,0,0,24,2,0,0,0,110,20,37.0,0.0345224395857307,0.1380897583429229,0.1726121979286536,0.0345224395857307,0.051783659378596,0.051783659378596,0.0655926352128883,0.1173762945914844,0.0041426927502876,0.7249712313003452,0.1380897583429229,32.93440736478711,43.91254315304949,554.4649021864212,192.4626006904488,0.1311852704257767,0.7594936708860759,2.3475258918296893,1.3118527042577677,0.6559263521288837,2.934407364787112,0.4142692750287687,0.0690448791714614,0.0690448791714614,3.659378596087457,1.760644418872267,1.001150747986191,0.7940161104718066,0.7594936708860759,0.2071346375143843,0.8285385500575374,2.5891829689298045,1.760644418872267,1.3463751438434983,53.68239355581128,2.3475258918296893,1.6915995397008057,0.7594936708860759,26.75489067894131,2.140391254315305,0.4142692750287687,1.622554660529344,0.8975834292289989,30.828538550057537,4.971231300345224,0.241657077100115,0.0,0.8285385500575374,0.0690448791714614,0.0,0.0,0.0,3.79746835443038,0.6904487917146145,DF,,defense,1
Vitaliy Mykolenko,ua UKR,DF,Everton,eng Premier League,25.0,1999.0,35,35,3082,34.2,1,2,3,1,0,0,0.5,0.5,2.6,3.1,0.09,14,1,7.1,0.41,0.03,0.07,1.0,0.04,986,1322,74.6,16470,6579,2.2,24,102,40,24,101,0,2,3,110,43,1.26,4,0.12,63,38,39,14,10,51.8,44,107,145,23,2,1678,125,32,8,40.0,697,33,1,23,11,860,99,4,0,0,22,0,0,1,0,88,47,56.0,0.0292018170019467,0.0584036340038935,0.0876054510058403,0.0292018170019467,0.0146009085009733,0.0146009085009733,0.0759247242050616,0.090525632706035,0.0026281635301752,0.4088254380272551,0.0292018170019467,28.79299156391953,38.604802076573655,480.9539260220636,192.11875405580795,0.0642439974042829,0.700843608046723,2.9785853341985726,1.1680726800778716,0.700843608046723,2.949383517196625,0.0,0.0584036340038935,0.0876054510058403,3.2121998702141465,1.839714471122648,1.109669046073978,1.1388708630759248,0.4088254380272551,0.2920181700194679,1.2848799480856588,3.1245944192083064,4.234263465282284,0.6716417910447761,49.00064892926671,3.650227125243348,0.9344581440622972,0.2336145360155742,20.35366645035691,0.963659961064244,0.0292018170019467,0.6716417910447761,0.3212199870214147,25.11356262167424,2.890979883192732,0.1168072680077871,0.0,0.6424399740428294,0.0,0.0,0.0292018170019467,0.0,2.569759896171317,1.372485399091499,DF,,defense,3
Joakim Mæhle,dk DEN,DF,Wolfsburg,de Bundesliga,27.0,1997.0,28,25,2188,24.3,3,4,7,3,0,0,2.0,2.0,2.2,4.3,0.18,18,7,38.9,0.74,0.29,0.17,0.43,0.11,975,1205,80.9,15467,5670,3.1,20,70,18,4,25,1,2,1,88,41,1.69,8,0.33,34,15,26,6,2,37.8,25,59,57,30,2,1464,65,43,19,31.7,791,59,6,37,8,844,117,6,0,0,9,1,0,1,0,122,17,58.6,0.1234003656307129,0.1645338208409506,0.2879341864716636,0.1234003656307129,0.0822669104204753,0.0822669104204753,0.0904936014625228,0.1768738574040219,0.0074040219378427,0.7404021937842779,0.2879341864716636,40.10511882998172,49.56581352833638,636.2111517367459,233.22669104204752,0.1275137111517367,0.8226691042047533,2.879341864716636,0.7404021937842779,0.1645338208409506,1.0283363802559415,0.0411334552102376,0.0822669104204753,0.0411334552102376,3.619744058500914,1.3985374771480803,0.6170018281535649,1.0694698354661791,0.2468007312614259,0.0822669104204753,1.0283363802559415,2.426873857404022,2.3446069469835464,1.2340036563071295,60.21937842778794,2.673674588665448,1.7687385740402193,0.7815356489945156,32.53656307129799,2.426873857404022,0.2468007312614259,1.5219378427787935,0.3290676416819013,34.716636197440586,4.812614259597806,0.2468007312614259,0.0,0.3702010968921389,0.0411334552102376,0.0,0.0411334552102376,0.0,5.0182815356489945,0.6992687385740403,DF,,defense,1
Obite N'Dicka,ci CIV,DF,Roma,it Serie A,24.0,1999.0,38,38,3420,38.0,0,1,1,0,0,0,1.0,1.0,0.7,1.8,0.05,18,5,27.8,0.47,0.13,0.0,0.0,0.06,2295,2492,92.1,42188,14137,0.4,8,124,3,0,0,0,0,4,107,33,0.87,3,0.08,32,26,17,15,0,66.7,33,65,150,9,2,2823,360,26,0,0.0,1734,29,0,20,3,2065,5,2,0,0,37,0,0,0,0,134,61,55.5,0.0,0.0263157894736842,0.0263157894736842,0.0,0.0263157894736842,0.0263157894736842,0.0184210526315789,0.0473684210526315,0.0013157894736842,0.4736842105263157,0.131578947368421,60.39473684210526,65.57894736842105,1110.2105263157896,372.0263157894736,0.0105263157894736,0.2105263157894737,3.263157894736842,0.0789473684210526,0.0,0.0,0.0,0.0,0.1052631578947368,2.8157894736842106,0.8421052631578948,0.6842105263157895,0.4473684210526316,0.3947368421052631,0.0,0.868421052631579,1.7105263157894737,3.947368421052632,0.2368421052631578,74.28947368421052,9.473684210526317,0.6842105263157895,0.0,45.631578947368425,0.763157894736842,0.0,0.5263157894736842,0.0789473684210526,54.34210526315789,0.131578947368421,0.0526315789473684,0.0,0.9736842105263158,0.0,0.0,0.0,0.0,3.526315789473684,1.605263157894737,DF,,defense,0
Stanley N'Soki,fr FRA,DF,Hoffenheim,de Bundesliga,25.0,1999.0,22,16,1308,14.5,0,0,0,0,0,0,0.1,0.1,0.4,0.5,0.03,3,1,33.3,0.21,0.07,0.0,0.0,0.03,719,838,85.8,12972,4938,0.4,7,50,7,1,1,0,0,4,52,19,1.31,1,0.07,22,16,13,7,2,52.2,26,48,58,8,3,1005,110,4,11,68.8,529,10,0,16,5,615,6,3,1,0,12,0,0,0,2,79,22,61.1,0.0,0.0,0.0,0.0,0.0068807339449541,0.0068807339449541,0.0275229357798165,0.0344036697247706,0.0020642201834862,0.2064220183486238,0.0688073394495412,49.472477064220186,57.66055045871559,892.5688073394496,339.77064220183485,0.0275229357798165,0.481651376146789,3.440366972477064,0.481651376146789,0.0688073394495412,0.0688073394495412,0.0,0.0,0.2752293577981651,3.5779816513761467,1.513761467889908,1.1009174311926606,0.8944954128440367,0.481651376146789,0.1376146788990825,1.788990825688073,3.302752293577982,3.9908256880733934,0.5504587155963303,69.15137614678899,7.568807339449541,0.2752293577981651,0.756880733944954,36.39908256880734,0.6880733944954128,0.0,1.1009174311926606,0.3440366972477064,42.31651376146789,0.4128440366972477,0.2064220183486238,0.0688073394495412,0.8256880733944955,0.0,0.0,0.0,0.1376146788990825,5.435779816513762,1.513761467889908,DF,,defense,0
Mickael Nade,fr FRA,DF,Saint-Étienne,fr Ligue 1,25.0,1999.0,26,25,2306,25.6,1,2,3,1,0,0,0.7,0.7,0.6,1.3,0.05,5,2,40.0,0.2,0.08,0.2,0.5,0.14,1229,1366,90.0,21143,6996,0.5,7,73,3,0,1,0,1,1,72,16,0.65,5,0.2,59,43,40,19,0,77.8,33,92,132,8,8,1665,280,10,3,37.5,825,17,1,16,5,1076,2,1,0,0,19,1,1,1,1,113,28,75.7,0.039028620988725,0.0780572419774501,0.1170858629661752,0.039028620988725,0.0273200346921075,0.0273200346921075,0.023417172593235,0.0507372072853425,0.0019514310494362,0.1951431049436253,0.0780572419774501,47.96617519514311,53.31309627059844,825.1821335646141,273.04423243712057,0.0195143104943625,0.2732003469210755,2.84908933217693,0.1170858629661752,0.0,0.039028620988725,0.0,0.039028620988725,0.039028620988725,2.8100607111882048,2.3026886383347787,1.678230702515178,1.5611448395490024,0.7415437987857763,0.0,1.287944492627927,3.590633130962706,5.151777970511708,0.3122289679098005,64.98265394622723,10.928013876843018,0.3902862098872506,0.1170858629661752,32.19861231569818,0.6634865568083261,0.039028620988725,0.6244579358196011,0.1951431049436253,41.99479618386817,0.0780572419774501,0.039028620988725,0.0,0.7415437987857763,0.039028620988725,0.039028620988725,0.039028620988725,0.039028620988725,4.410234171725932,1.092801387684302,DF,,defense,0
Matija Nastasić,rs SRB,DF,Leganés,es La Liga,31.0,1993.0,26,24,2110,23.4,1,0,1,1,0,0,0.1,0.1,0.1,0.2,0.01,2,1,50.0,0.09,0.04,0.5,1.0,0.03,704,852,82.6,14179,4820,0.4,2,37,1,0,0,0,0,2,59,6,0.26,1,0.04,25,11,21,4,0,68.0,21,46,165,4,0,1128,190,7,1,100.0,499,1,0,5,0,626,0,3,0,0,15,1,1,2,0,50,39,69.6,0.0426540284360189,0.0,0.0426540284360189,0.0426540284360189,0.0042654028436018,0.0042654028436018,0.0042654028436018,0.0085308056872037,0.0004265402843601,0.0853080568720379,0.0426540284360189,30.028436018957347,36.34123222748815,604.7914691943128,205.59241706161137,0.0170616113744075,0.0853080568720379,1.5781990521327014,0.0426540284360189,0.0,0.0,0.0,0.0,0.0853080568720379,2.5165876777251186,1.066350710900474,0.4691943127962085,0.8957345971563981,0.1706161137440758,0.0,0.8957345971563981,1.962085308056872,7.037914691943128,0.1706161137440758,48.11374407582938,8.104265402843602,0.2985781990521327,0.0426540284360189,21.28436018957346,0.0426540284360189,0.0,0.2132701421800948,0.0,26.70142180094787,0.0,0.1279620853080568,0.0,0.6398104265402843,0.0426540284360189,0.0426540284360189,0.0853080568720379,0.0,2.132701421800948,1.6635071090047393,DF,,defense,0
Natan,br BRA,DF,Betis,es La Liga,23.0,2001.0,31,23,2175,24.2,1,1,2,1,0,0,0.3,0.3,0.6,1.0,0.04,9,4,44.4,0.37,0.17,0.11,0.25,0.04,1122,1265,88.7,21511,7065,0.8,5,52,3,1,2,0,0,11,52,11,0.46,0,0.0,35,24,24,9,2,86.7,28,63,123,0,2,1514,197,19,2,66.7,929,12,0,15,8,994,6,5,1,0,19,1,0,0,0,75,65,68.4,0.0413793103448275,0.0413793103448275,0.0827586206896551,0.0413793103448275,0.0124137931034482,0.0124137931034482,0.0248275862068965,0.0413793103448275,0.0016551724137931,0.3724137931034483,0.1655172413793103,46.42758620689655,52.3448275862069,890.1103448275862,292.3448275862069,0.033103448275862,0.2068965517241379,2.151724137931035,0.1241379310344827,0.0413793103448275,0.0827586206896551,0.0,0.0,0.4551724137931034,2.151724137931035,1.4482758620689655,0.993103448275862,0.993103448275862,0.3724137931034483,0.0827586206896551,1.1586206896551725,2.6068965517241383,5.089655172413793,0.0,62.64827586206896,8.151724137931033,0.786206896551724,0.0827586206896551,38.44137931034483,0.4965517241379309,0.0,0.6206896551724138,0.3310344827586207,41.13103448275862,0.2482758620689654,0.2068965517241379,0.0413793103448275,0.786206896551724,0.0413793103448275,0.0,0.0,0.0,3.103448275862069,2.689655172413793,DF,,defense,0
Pau Navarro,es ESP,DF,Villarreal,es La Liga,19.0,2005.0,17,8,916,10.2,0,0,0,0,0,0,0.0,0.0,0.0,0.0,0.0,1,0,0.0,0.1,0.0,0.0,,0.01,517,577,89.6,8684,3122,0.2,1,28,1,0,2,0,0,2,40,6,0.59,1,0.1,23,17,15,6,2,48.7,4,27,41,2,0,668,51,2,3,42.9,322,3,0,4,4,403,7,1,0,0,10,0,0,0,0,46,9,39.1,0.0,0.0,0.0,0.0,0.0,0.0,0.0,0.0,0.0,0.0982532751091703,0.0,50.79694323144104,56.69213973799127,853.2314410480349,306.7467248908297,0.019650655021834,0.0982532751091703,2.7510917030567685,0.0982532751091703,0.0,0.1965065502183406,0.0,0.0,0.1965065502183406,3.930131004366812,2.259825327510917,1.6703056768558953,1.4737991266375543,0.5895196506550218,0.1965065502183406,0.3930131004366812,2.6528384279475983,4.028384279475983,0.1965065502183406,65.63318777292577,5.010917030567685,0.1965065502183406,0.2947598253275109,31.63755458515284,0.2947598253275109,0.0,0.3930131004366812,0.3930131004366812,39.59606986899564,0.6877729257641921,0.0982532751091703,0.0,0.982532751091703,0.0,0.0,0.0,0.0,4.519650655021834,0.8842794759825328,DF,,defense,2
Youssouf Ndayishimiye,bi BDI,DF,Nice,fr Ligue 1,25.0,1998.0,23,22,1932,21.5,3,0,3,3,0,0,0.9,0.9,0.2,1.1,0.05,11,4,36.4,0.51,0.19,0.27,0.75,0.08,1177,1316,89.4,20069,6861,0.4,5,94,5,0,2,0,2,5,86,30,1.4,2,0.09,40,21,25,14,1,59.3,21,61,117,9,4,1581,179,10,6,75.0,906,17,0,14,7,1040,9,5,0,0,19,3,1,0,0,114,37,56.9,0.139751552795031,0.0,0.139751552795031,0.139751552795031,0.0419254658385093,0.0419254658385093,0.0093167701863354,0.0512422360248447,0.0023291925465838,0.5124223602484472,0.1863354037267081,54.82919254658385,61.30434782608696,934.891304347826,319.611801242236,0.0186335403726708,0.2329192546583851,4.37888198757764,0.2329192546583851,0.0,0.093167701863354,0.0,0.093167701863354,0.2329192546583851,4.006211180124224,1.8633540372670807,0.9782608695652174,1.1645962732919255,0.6521739130434783,0.046583850931677,0.9782608695652174,2.841614906832298,5.450310559006211,0.4192546583850932,73.64906832298136,8.338509316770185,0.4658385093167702,0.2795031055900621,42.20496894409938,0.7919254658385093,0.0,0.6521739130434783,0.3260869565217391,48.4472049689441,0.4192546583850932,0.2329192546583851,0.0,0.8850931677018634,0.139751552795031,0.046583850931677,0.0,0.0,5.3105590062111805,1.7236024844720497,DF,,defense,0
Loïc Nego,hu HUN,"DF,FW",Le Havre,fr Ligue 1,33.0,1991.0,31,28,2459,27.3,0,0,0,0,0,0,0.8,0.8,0.7,1.4,0.05,11,2,18.2,0.4,0.07,0.0,0.0,0.07,922,1228,75.1,15621,6488,1.6,13,83,30,15,75,0,1,2,102,44,1.61,4,0.15,58,35,37,16,5,64.1,29,87,82,28,0,1469,96,34,17,53.1,742,64,3,19,9,900,123,4,0,0,27,5,0,0,0,111,19,55.9,0.0,0.0,0.0,0.0,0.0292801952013013,0.0292801952013013,0.0256201708011386,0.0512403416022773,0.0018300122000813,0.4026026840178934,0.0732004880032533,33.745424969499794,44.945099633997565,571.7324115494104,237.46238308255383,0.0585603904026026,0.4758031720211468,3.037820252135014,1.0980073200488003,0.5490036600244002,2.745018300122001,0.0,0.0366002440016266,0.0732004880032533,3.733224888165921,2.1228141520943478,1.2810085400569338,1.354209028060187,0.5856039040260268,0.1830012200081333,1.0614070760471737,3.184221228141521,3.0012200081333877,1.024806832045547,53.76575843838959,3.513623424156161,1.2444082960553071,0.6222041480276536,27.157381049207,2.342415616104107,0.10980073200488,0.6954046360309069,0.3294021960146401,32.94021960146401,4.501830012200082,0.1464009760065067,0.0,0.9882065880439204,0.1830012200081333,0.0,0.0,0.0,4.062627084180561,0.6954046360309069,DF,FW,defense,3
David Nemeth,at AUT,DF,St. Pauli,de Bundesliga,23.0,2001.0,24,24,2137,23.7,0,1,1,0,0,0,0.2,0.2,0.1,0.3,0.01,5,1,20.0,0.21,0.04,0.0,0.0,0.04,957,1107,86.4,17042,5403,0.3,3,54,4,1,7,0,0,3,65,8,0.34,2,0.08,43,29,25,16,2,58.1,18,61,94,14,2,1338,158,10,4,44.4,697,14,0,12,3,833,5,3,0,0,21,0,0,0,0,87,37,54.4,0.0,0.0421151146467009,0.0421151146467009,0.0,0.0084230229293401,0.0084230229293401,0.00421151146467,0.0126345343940102,0.000421151146467,0.2105755732335049,0.0421151146467009,40.30416471689284,46.62143191389799,717.7257838090782,227.54796443612543,0.0126345343940102,0.1263453439401029,2.274216190921853,0.1684604585868039,0.0421151146467009,0.2948058025269068,0.0,0.0,0.1263453439401029,2.737482452035564,1.8109499298081424,1.2213383247543286,1.0528778661675249,0.6738418343472158,0.0842302292934019,0.7580720636406177,2.56902199344876,3.958820776789892,0.5896116050538137,56.35002339728592,6.654188114178756,0.4211511464670098,0.1684604585868039,29.354234908750584,0.5896116050538137,0.0,0.5053813757604118,0.1263453439401029,35.08189050070192,0.2105755732335049,0.1263453439401029,0.0,0.8844174075807205,0.0,0.0,0.0,0.0,3.6640149742629857,1.5582592419279364,DF,,defense,0
Luca Netz,de GER,DF,Gladbach,de Bundesliga,21.0,2003.0,24,8,969,10.8,0,2,2,0,0,0,0.2,0.2,1.9,2.1,0.2,3,0,0.0,0.28,0.0,0.0,,0.07,428,528,81.1,6096,1762,1.0,16,30,13,7,16,0,0,0,28,27,2.51,4,0.37,24,14,14,8,2,68.4,10,34,36,12,0,666,44,17,6,28.6,288,16,3,14,10,387,55,2,0,0,8,0,0,0,0,42,11,44.0,0.0,0.1857585139318885,0.1857585139318885,0.0,0.0185758513931888,0.0185758513931888,0.1764705882352941,0.1950464396284829,0.0185758513931888,0.2786377708978328,0.0,39.75232198142415,49.040247678018574,566.1919504643963,163.65325077399382,0.0928792569659442,1.4860681114551082,2.7863777089783284,1.2074303405572755,0.6501547987616099,1.4860681114551082,0.0,0.0,0.0,2.6006191950464395,2.2291021671826625,1.3003095975232195,1.3003095975232195,0.7430340557275541,0.1857585139318885,0.9287925696594428,3.1578947368421053,3.343653250773994,1.1145510835913313,61.85758513931889,4.086687306501548,1.5789473684210529,0.5572755417956656,26.74922600619195,1.4860681114551082,0.2786377708978328,1.3003095975232195,0.9287925696594428,35.94427244582043,5.108359133126935,0.1857585139318885,0.0,0.7430340557275541,0.0,0.0,0.0,0.0,3.90092879256966,1.021671826625387,DF,,defense,3
Moussa Niakhate,sn SEN,DF,Lyon,fr Ligue 1,28.0,1996.0,31,30,2726,30.3,0,0,0,0,0,0,0.1,0.1,1.0,1.1,0.04,2,1,50.0,0.07,0.03,0.0,0.0,0.06,1688,1869,90.3,29756,11730,1.1,7,88,13,3,5,0,4,6,111,21,0.69,2,0.07,47,27,37,8,2,75.0,25,72,143,14,3,2133,277,7,3,100.0,1331,34,0,9,4,1510,5,2,0,0,34,0,0,0,0,119,43,64.2,0.0,0.0,0.0,0.0,0.0033015407190022,0.0033015407190022,0.033015407190022,0.0363169479090242,0.0013206162876008,0.066030814380044,0.033015407190022,55.730007336757154,61.70579603815114,982.4064563462948,387.2707263389582,0.0363169479090242,0.231107850330154,2.905355832721937,0.4292002934702861,0.099046221570066,0.16507703595011,0.0,0.132061628760088,0.198092443140132,3.664710198092443,1.5517241379310345,0.8914159941305942,1.2215700660308144,0.264123257520176,0.066030814380044,0.8253851797505503,2.377109317681585,4.721203228173147,0.4622157006603081,70.42186353631695,9.145267791636098,0.231107850330154,0.099046221570066,43.9435069699193,1.1225238444607484,0.0,0.2971386647101981,0.132061628760088,49.85326485693324,0.16507703595011,0.066030814380044,0.0,1.1225238444607484,0.0,0.0,0.0,0.0,3.928833455612619,1.4196625091709465,DF,,defense,2
Abdoulaye Niakhate Ndiaye,sn SEN,DF,Brest,fr Ligue 1,22.0,2002.0,22,19,1707,19.0,1,0,1,1,0,0,1.0,1.0,0.0,1.0,0.05,11,2,18.2,0.58,0.11,0.09,0.5,0.09,804,931,86.4,15938,5904,0.2,1,36,2,0,2,0,0,8,39,11,0.58,0,0.0,49,33,36,12,1,67.6,11,60,144,5,3,1203,192,21,2,25.0,598,5,0,15,5,740,4,4,1,0,20,2,0,2,0,72,46,56.8,0.0527240773286467,0.0,0.0527240773286467,0.0527240773286467,0.0527240773286467,0.0527240773286467,0.0,0.0527240773286467,0.0026362038664323,0.5799648506151143,0.1054481546572935,42.39015817223199,49.08611599297012,840.316344463972,311.2829525483304,0.0105448154657293,0.0527240773286467,1.898066783831283,0.1054481546572935,0.0,0.1054481546572935,0.0,0.0,0.421792618629174,2.0562390158172232,2.583479789103691,1.7398945518453426,1.898066783831283,0.632688927943761,0.0527240773286467,0.5799648506151143,3.163444639718805,7.592267135325132,0.2636203866432337,63.42706502636205,10.123022847100176,1.1072056239015815,0.1054481546572935,31.52899824253076,0.2636203866432337,0.0,0.7908611599297013,0.2636203866432337,39.0158172231986,0.210896309314587,0.210896309314587,0.0527240773286467,1.054481546572935,0.1054481546572935,0.0,0.1054481546572935,0.0,3.796133567662566,2.4253075571177503,DF,,defense,0
Matheus Nunes,pt POR,"DF,MF",Manchester City,eng Premier League,25.0,1998.0,26,19,1674,18.6,1,6,7,1,0,0,1.2,1.2,4.4,5.6,0.3,9,4,44.4,0.48,0.22,0.11,0.25,0.14,1065,1234,86.3,16409,2994,3.3,23,53,26,7,45,7,3,8,79,46,2.47,8,0.43,35,22,15,14,6,42.1,15,50,38,24,2,1416,47,62,19,46.3,866,63,24,32,13,1013,175,4,0,0,30,3,0,1,0,70,14,42.4,0.053763440860215,0.3225806451612903,0.3763440860215054,0.053763440860215,0.064516129032258,0.064516129032258,0.2365591397849462,0.3010752688172042,0.0161290322580645,0.4838709677419355,0.2150537634408602,57.25806451612903,66.34408602150538,882.2043010752689,160.96774193548387,0.1774193548387096,1.2365591397849462,2.849462365591398,1.3978494623655913,0.3763440860215054,2.419354838709677,0.3763440860215054,0.1612903225806451,0.4301075268817204,4.247311827956989,1.8817204301075268,1.1827956989247312,0.8064516129032258,0.7526881720430108,0.3225806451612903,0.8064516129032258,2.6881720430107525,2.043010752688172,1.2903225806451613,76.12903225806451,2.5268817204301075,3.333333333333333,1.021505376344086,46.55913978494624,3.3870967741935485,1.2903225806451613,1.7204301075268815,0.6989247311827956,54.462365591397855,9.408602150537636,0.2150537634408602,0.0,1.6129032258064515,0.1612903225806451,0.0,0.053763440860215,0.0,3.7634408602150535,0.7526881720430108,DF,MF,defense,1
Jake O'Brien,ie IRL,DF,Everton,eng Premier League,23.0,2001.0,20,17,1571,17.5,2,0,2,2,0,0,0.8,0.8,0.6,1.3,0.08,6,3,50.0,0.34,0.17,0.33,0.67,0.13,577,725,79.6,10580,3946,0.3,6,41,8,5,18,0,0,1,50,16,0.92,0,0.0,26,17,21,5,0,68.0,4,30,93,12,0,900,93,22,4,40.0,391,7,2,5,5,481,25,5,0,0,13,0,0,0,0,52,41,57.7,0.1145767027371101,0.0,0.1145767027371101,0.1145767027371101,0.045830681094844,0.045830681094844,0.034373010821133,0.0744748567791215,0.0045830681094844,0.3437301082113304,0.1718650541056652,33.05537873965627,41.534054742202414,606.1107574793126,226.05983450031823,0.0171865054105665,0.3437301082113304,2.3488224061107577,0.4583068109484404,0.2864417568427753,1.031190324633991,0.0,0.0,0.057288351368555,2.864417568427753,1.4894971355824314,0.973901973265436,1.2030553787396563,0.2864417568427753,0.0,0.2291534054742202,1.7186505410566515,5.327816677275621,0.6874602164226608,51.559516231699554,5.327816677275621,1.2603437301082114,0.2291534054742202,22.399745385105028,0.4010184595798854,0.1145767027371101,0.2864417568427753,0.2864417568427753,27.555697008274983,1.4322087842138764,0.2864417568427753,0.0,0.7447485677912157,0.0,0.0,0.0,0.0,2.9789942711648627,2.3488224061107577,DF,,defense,0
Dara O'Shea,ie IRL,DF,Ipswich Town,eng Premier League,25.0,1999.0,35,35,3122,34.7,0,2,2,0,0,0,1.3,1.3,0.5,1.8,0.05,22,2,9.1,0.63,0.06,0.0,0.0,0.06,1234,1579,78.2,24503,10549,0.7,3,89,4,1,8,0,0,14,80,24,0.69,4,0.12,49,31,33,13,3,64.7,33,82,225,12,4,2022,393,51,1,50.0,897,3,0,12,4,1162,8,6,0,0,21,2,0,0,0,110,114,57.3,0.0,0.0576553491351697,0.0576553491351697,0.0,0.0374759769378603,0.0374759769378603,0.0144138372837924,0.0518898142216527,0.0014413837283792,0.6342088404868673,0.0576553491351697,35.57335041639974,45.51889814221653,706.3645099295323,304.1031390134529,0.0201793721973094,0.0864830237027546,2.5656630365150543,0.1153106982703395,0.0288276745675848,0.230621396540679,0.0,0.0,0.4035874439461883,2.3062139654067906,1.4125560538116593,0.8936579115951313,0.9513132607303012,0.3747597693786034,0.0864830237027546,0.9513132607303012,2.3638693145419603,6.486226777706598,0.3459320948110186,58.28955797565663,11.329276105060858,1.470211402946829,0.0288276745675848,25.85842408712364,0.0864830237027546,0.0,0.3459320948110186,0.1153106982703395,33.497757847533634,0.230621396540679,0.1729660474055093,0.0,0.6053811659192826,0.0576553491351697,0.0,0.0,0.0,3.171044202434337,3.2863549007046764,DF,,defense,0
Adam Obert,sk SVK,DF,Cagliari,it Serie A,21.0,2002.0,21,13,1077,12.0,1,1,2,1,0,0,0.9,0.9,0.4,1.3,0.11,9,2,22.2,0.75,0.17,0.11,0.5,0.11,413,537,76.9,6894,2626,0.2,10,36,4,1,11,0,0,3,50,25,2.09,4,0.33,31,18,12,17,2,59.3,23,54,48,17,2,710,67,13,5,35.7,298,12,0,26,7,330,19,4,0,0,22,1,0,0,0,59,25,53.2,0.0835654596100278,0.0835654596100278,0.1671309192200557,0.0835654596100278,0.075208913649025,0.075208913649025,0.0334261838440111,0.1086350974930362,0.009192200557103,0.7520891364902508,0.1671309192200557,34.5125348189415,44.87465181058496,576.100278551532,219.4428969359332,0.0167130919220055,0.8356545961002785,3.008356545961003,0.3342618384401114,0.0835654596100278,0.9192200557103064,0.0,0.0,0.2506963788300835,4.178272980501393,2.5905292479108635,1.5041782729805016,1.0027855153203342,1.4206128133704734,0.1671309192200557,1.9220055710306407,4.512534818941504,4.011142061281337,1.4206128133704734,59.33147632311978,5.598885793871866,1.086350974930362,0.4178272980501392,24.9025069637883,1.0027855153203342,0.0,2.1727019498607243,0.5849582172701949,27.57660167130919,1.5877437325905293,0.3342618384401114,0.0,1.8384401114206128,0.0835654596100278,0.0,0.0,0.0,4.930362116991644,2.0891364902506964,DF,,defense,3
Tim Oermann,de GER,DF,Bochum,de Bundesliga,20.0,2003.0,29,26,2213,24.6,0,2,2,0,0,0,0.2,0.2,0.6,0.8,0.03,9,0,0.0,0.37,0.0,0.0,,0.02,771,936,82.4,14338,4177,0.7,7,50,8,3,14,0,1,2,61,20,0.81,3,0.12,50,31,25,21,4,60.5,22,72,64,16,0,1172,93,2,6,42.9,605,15,3,24,9,639,16,0,0,0,16,0,0,0,0,99,27,42.2,0.0,0.0813375508359692,0.0813375508359692,0.0,0.0081337550835969,0.0081337550835969,0.0244012652507907,0.0325350203343877,0.0012200632625395,0.3660189787618617,0.0,31.355625847266158,38.06597379123362,583.1089019430638,169.87347492092184,0.0284681427925892,0.2846814279258924,2.033438770899232,0.3253502033438771,0.1220063262539539,0.5693628558517849,0.0,0.0406687754179846,0.0813375508359692,2.480795300497063,2.033438770899232,1.2607320379575238,1.016719385449616,0.8540442837776774,0.1626751016719385,0.894713059195662,2.928151830094894,2.602801626751017,0.6507004066877542,47.66380478987799,3.7821961138725713,0.0813375508359692,0.2440126525079078,24.604609127880703,0.6100316312697696,0.1220063262539539,0.9760506100316312,0.3660189787618617,25.987347492092184,0.6507004066877542,0.0,0.0,0.6507004066877542,0.0,0.0,0.0,0.0,4.02620876638048,1.0980569362855852,DF,,defense,2
Caleb Okoli,it ITA,DF,Leicester City,eng Premier League,23.0,2001.0,19,12,1125,12.5,1,0,1,1,0,0,0.6,0.6,0.0,0.6,0.05,4,2,50.0,0.32,0.16,0.25,0.5,0.15,559,648,86.3,9749,3849,0.2,0,21,1,0,1,0,1,3,32,4,0.32,0,0.0,25,14,8,15,2,61.1,15,40,79,8,3,806,152,10,0,,468,3,0,10,2,484,2,4,0,0,16,0,0,0,0,44,23,52.3,0.08,0.0,0.08,0.08,0.048,0.048,0.0,0.048,0.004,0.32,0.16,44.72,51.84,779.9200000000001,307.92,0.016,0.0,1.6800000000000002,0.08,0.0,0.08,0.0,0.08,0.24,2.56,2.0,1.12,0.64,1.2000000000000002,0.16,1.2000000000000002,3.2,6.32,0.64,64.48,12.159999999999998,0.8,0.0,37.44,0.24,0.0,0.8,0.16,38.72,0.16,0.32,0.0,1.28,0.0,0.0,0.0,0.0,3.52,1.84,DF,,defense,0
Joseph Okumu,ke KEN,DF,Reims,fr Ligue 1,27.0,1997.0,22,20,1695,18.8,1,0,1,1,0,0,1.0,1.0,0.1,1.2,0.06,12,2,16.7,0.64,0.11,0.08,0.5,0.08,883,1083,81.5,19248,8117,0.4,4,121,4,1,5,0,3,15,116,25,1.33,3,0.16,30,15,21,9,0,62.5,25,55,137,8,2,1348,188,14,14,77.8,710,18,0,12,2,819,1,5,1,1,15,0,0,2,0,94,35,63.6,0.0530973451327433,0.0,0.0530973451327433,0.0530973451327433,0.0530973451327433,0.0530973451327433,0.0053097345132743,0.063716814159292,0.0031858407079646,0.6371681415929203,0.1061946902654867,46.88495575221239,57.504424778761056,1022.017699115044,430.9911504424778,0.0212389380530973,0.2123893805309734,6.424778761061947,0.2123893805309734,0.0530973451327433,0.2654867256637168,0.0,0.1592920353982301,0.7964601769911505,6.15929203539823,1.592920353982301,0.7964601769911505,1.1150442477876106,0.4778761061946902,0.0,1.327433628318584,2.920353982300885,7.274336283185841,0.4247787610619469,71.57522123893806,9.982300884955752,0.7433628318584071,0.7433628318584071,37.69911504424779,0.9557522123893804,0.0,0.6371681415929203,0.1061946902654867,43.48672566371682,0.0530973451327433,0.2654867256637168,0.0530973451327433,0.7964601769911505,0.0,0.0,0.1061946902654867,0.0,4.991150442477876,1.8584070796460177,DF,,defense,0
Brian Oliván,es ESP,DF,Espanyol,es La Liga,30.0,1994.0,17,12,1017,11.3,0,1,1,0,0,0,0.4,0.4,1.1,1.5,0.13,6,1,16.7,0.53,0.09,0.0,0.0,0.06,317,458,69.2,5671,2788,0.8,15,44,12,9,55,9,0,3,40,24,2.09,1,0.09,13,10,7,6,0,30.8,10,23,23,13,0,540,27,8,1,25.0,248,21,0,10,1,299,57,2,0,0,13,0,0,0,0,28,3,23.1,0.0,0.0884955752212389,0.0884955752212389,0.0,0.0353982300884955,0.0353982300884955,0.0973451327433628,0.1327433628318584,0.011504424778761,0.5309734513274336,0.0884955752212389,28.05309734513274,40.53097345132744,501.858407079646,246.72566371681413,0.0707964601769911,1.327433628318584,3.8938053097345136,1.0619469026548671,0.7964601769911505,4.867256637168142,0.7964601769911505,0.0,0.2654867256637168,3.5398230088495573,1.1504424778761062,0.8849557522123893,0.6194690265486725,0.5309734513274336,0.0,0.8849557522123893,2.035398230088496,2.035398230088496,1.1504424778761062,47.78761061946903,2.3893805309734515,0.7079646017699115,0.0884955752212389,21.94690265486726,1.8584070796460177,0.0,0.8849557522123893,0.0884955752212389,26.460176991150444,5.04424778761062,0.1769911504424778,0.0,1.1504424778761062,0.0,0.0,0.0,0.0,2.47787610619469,0.2654867256637168,DF,,defense,1
Lucas Oliveira Rosa,br BRA,DF,Valladolid,es La Liga,24.0,2000.0,21,21,1890,21.0,0,1,1,0,0,0,0.9,0.9,2.0,2.8,0.13,8,3,37.5,0.38,0.14,0.0,0.0,0.11,637,833,76.5,10312,3479,1.5,13,34,6,4,36,0,4,3,50,31,1.48,1,0.05,53,33,40,11,2,68.6,28,81,69,26,2,1076,76,21,14,45.2,447,31,5,29,11,550,74,6,0,0,35,1,0,0,0,87,18,64.3,0.0,0.0476190476190476,0.0476190476190476,0.0,0.0428571428571428,0.0428571428571428,0.0952380952380952,0.1333333333333333,0.0061904761904761,0.380952380952381,0.1428571428571428,30.33333333333333,39.66666666666667,491.04761904761904,165.66666666666666,0.0714285714285714,0.6190476190476191,1.619047619047619,0.2857142857142857,0.1904761904761905,1.7142857142857144,0.0,0.1904761904761905,0.1428571428571428,2.380952380952381,2.523809523809524,1.5714285714285714,1.9047619047619049,0.5238095238095238,0.0952380952380952,1.3333333333333337,3.857142857142857,3.285714285714286,1.238095238095238,51.23809523809524,3.619047619047619,1.0,0.6666666666666667,21.285714285714285,1.476190476190476,0.238095238095238,1.380952380952381,0.5238095238095238,26.19047619047619,3.523809523809524,0.2857142857142857,0.0,1.6666666666666663,0.0476190476190476,0.0,0.0,0.0,4.142857142857143,0.8571428571428572,DF,,defense,3
Mathías Olivera,uy URU,DF,Napoli,it Serie A,26.0,1997.0,32,26,2370,26.3,0,2,2,0,0,0,1.1,1.1,1.7,2.8,0.11,16,2,12.5,0.61,0.08,0.0,0.0,0.07,1350,1580,85.4,21815,7058,0.8,25,121,11,4,22,0,1,6,126,42,1.59,5,0.19,63,35,31,25,7,60.4,28,91,74,32,1,1884,98,42,5,31.3,957,46,6,27,13,1205,62,4,0,0,28,3,1,0,0,93,41,53.2,0.0,0.0759493670886076,0.0759493670886076,0.0,0.0417721518987341,0.0417721518987341,0.0645569620253164,0.1063291139240506,0.0041772151898734,0.6075949367088608,0.0759493670886076,51.26582278481013,60.0,828.4177215189873,268.0253164556962,0.030379746835443,0.9493670886075948,4.594936708860759,0.4177215189873418,0.1518987341772152,0.8354430379746836,0.0,0.0379746835443038,0.2278481012658227,4.784810126582278,2.392405063291139,1.3291139240506329,1.1772151898734176,0.9493670886075948,0.2658227848101265,1.0632911392405062,3.4556962025316453,2.810126582278481,1.2151898734177216,71.54430379746836,3.721518987341773,1.5949367088607596,0.1898734177215189,36.34177215189873,1.7468354430379749,0.2278481012658227,1.0253164556962024,0.4936708860759494,45.75949367088608,2.354430379746835,0.1518987341772152,0.0,1.0632911392405062,0.1139240506329113,0.0379746835443038,0.0,0.0,3.5316455696202533,1.5569620253164556,DF,,defense,3
Becir Omeragic,ch SUI,DF,Montpellier,fr Ligue 1,22.0,2002.0,22,21,1799,20.0,0,0,0,0,0,0,0.3,0.3,0.1,0.4,0.02,7,3,42.9,0.35,0.15,0.0,0.0,0.04,832,903,92.1,14911,4349,0.4,3,44,5,2,7,0,0,2,51,9,0.45,0,0.0,32,16,19,12,1,76.2,13,45,78,7,0,1084,158,8,11,78.6,609,21,1,6,4,723,3,1,0,0,13,0,0,0,1,75,20,37.0,0.0,0.0,0.0,0.0,0.0150083379655364,0.0150083379655364,0.0050027793218454,0.0200111172873818,0.001000555864369,0.3501945525291828,0.150083379655364,41.62312395775431,45.175097276264594,745.9644246803781,217.57087270705944,0.0200111172873818,0.150083379655364,2.201222901612007,0.2501389660922735,0.1000555864369093,0.3501945525291828,0.0,0.0,0.1000555864369093,2.5514174541411894,1.6008893829905502,0.8004446914952751,0.9505280711506392,0.6003335186214563,0.0500277932184546,0.6503613118399111,2.2512506948304614,3.9021678710394654,0.3501945525291828,54.23012784880489,7.904391328515842,0.4002223457476375,0.5503057254030017,30.466926070038912,1.050583657587549,0.0500277932184546,0.3001667593107281,0.2001111728738187,36.170094496942745,0.150083379655364,0.0500277932184546,0.0,0.6503613118399111,0.0,0.0,0.0,0.0500277932184546,3.7520844913841023,1.000555864369094,DF,,defense,2
Christopher Operi,ci CIV,"DF,FW",Le Havre,fr Ligue 1,27.0,1997.0,13,13,1169,13.0,0,2,2,0,0,0,0.3,0.3,2.2,2.5,0.19,7,1,14.3,0.54,0.08,0.0,0.0,0.04,533,747,71.4,9424,3412,3.2,24,36,20,13,128,35,1,6,52,36,2.77,3,0.23,13,9,6,2,5,58.3,14,27,30,22,0,878,41,12,14,51.9,418,28,3,14,11,501,65,2,1,1,9,2,0,0,0,51,11,64.7,0.0,0.1539777587681779,0.1539777587681779,0.0,0.0230966638152266,0.0230966638152266,0.1693755346449957,0.1924721984602224,0.0146278870829769,0.5389221556886228,0.0769888793840889,41.03507271171942,57.51069289991445,725.5431993156545,262.6860564585116,0.2463644140290847,1.8477331052181352,2.771599657827202,1.5397775876817792,1.0008554319931564,9.854576561163388,2.694610778443114,0.0769888793840889,0.4619332763045338,4.003421727972626,1.0008554319931564,0.6928999144568007,0.4619332763045338,0.1539777587681779,0.3849443969204448,1.0778443113772456,2.078699743370402,2.309666381522669,1.693755346449957,67.59623609923011,3.156544054747648,0.9238665526090676,1.0778443113772456,32.18135158254918,2.155688622754491,0.2309666381522669,1.0778443113772456,0.8468776732249785,38.57142857142857,5.004277159965783,0.1539777587681779,0.0769888793840889,0.6928999144568007,0.1539777587681779,0.0,0.0,0.0,3.926432848588538,0.8468776732249785,DF,FW,defense,1
Willi Orban,hu HUN,DF,RB Leipzig,de Bundesliga,31.0,1992.0,25,25,2222,24.7,5,0,5,5,0,0,4.0,4.0,1.0,5.0,0.2,22,7,31.8,0.89,0.28,0.23,0.71,0.18,1530,1750,87.4,28362,10446,0.7,8,106,7,1,5,0,0,2,106,21,0.85,3,0.12,38,21,23,14,1,71.9,21,59,169,13,4,2101,268,45,3,75.0,1083,15,2,15,4,1320,8,4,2,0,23,0,0,1,0,122,104,69.3,0.2025202520252025,0.0,0.2025202520252025,0.2025202520252025,0.162016201620162,0.162016201620162,0.0405040504050405,0.2025202520252025,0.0081008100810081,0.8910891089108911,0.2835283528352835,61.97119711971197,70.88208820882087,1148.7758775877587,423.1053105310531,0.0283528352835283,0.324032403240324,4.293429342934294,0.2835283528352835,0.0405040504050405,0.2025202520252025,0.0,0.0,0.081008100810081,4.293429342934294,1.5391539153915392,0.8505850585058506,0.9315931593159316,0.5670567056705671,0.0405040504050405,0.8505850585058506,2.3897389738973898,6.845184518451846,0.5265526552655265,85.0990099009901,10.855085508550856,1.8226822682268224,0.1215121512151215,43.86588658865887,0.6075607560756076,0.081008100810081,0.6075607560756076,0.162016201620162,53.46534653465346,0.324032403240324,0.162016201620162,0.081008100810081,0.9315931593159316,0.0,0.0,0.0405040504050405,0.0,4.941494149414941,4.212421242124212,DF,,defense,0
Ivan Ordets,ua UKR,DF,Bochum,de Bundesliga,32.0,1992.0,22,21,1861,20.7,0,0,0,0,0,0,0.7,0.7,0.7,1.5,0.07,11,0,0.0,0.53,0.0,0.0,,0.07,708,885,80.0,15122,5555,1.8,7,31,0,0,0,0,0,2,48,18,0.87,1,0.05,18,8,13,5,0,76.9,41,59,139,4,3,1156,170,48,1,100.0,510,2,0,6,0,578,4,6,0,0,22,2,0,0,0,77,95,67.9,0.0,0.0,0.0,0.0,0.0338527673293928,0.0338527673293928,0.0338527673293928,0.0725416442772702,0.0033852767329392,0.5319720580333154,0.0,34.23965609887157,42.79957012358947,731.3164965072541,268.6458893068243,0.0870499731327243,0.338527673293928,1.4991939817302524,0.0,0.0,0.0,0.0,0.0,0.0967221923696937,2.321332616872649,0.8704997313272433,0.3868887694787749,0.6286942504030092,0.2418054809242342,0.0,1.9828049435787207,2.853304674905965,6.722192369693714,0.1934443847393874,55.90542718968297,8.221386351423964,2.321332616872649,0.0483610961848468,24.66415905427189,0.0967221923696937,0.0,0.2901665771090811,0.0,27.952713594841484,0.1934443847393874,0.2901665771090811,0.0,1.0639441160666308,0.0967221923696937,0.0,0.0,0.0,3.723804406233208,4.594304137560451,DF,,defense,0
Gabriel Osho,ng NGA,DF,Auxerre,fr Ligue 1,25.0,1998.0,20,20,1654,18.4,1,0,1,1,0,0,1.0,1.0,0.1,1.1,0.06,7,3,42.9,0.38,0.16,0.14,0.33,0.14,669,753,88.8,12927,4606,0.2,1,49,0,0,3,0,0,6,43,3,0.16,0,0.0,23,15,17,3,3,65.0,12,35,87,3,0,944,132,11,4,57.1,539,12,0,7,3,613,2,1,1,0,11,0,0,0,0,52,19,67.9,0.0544135429262394,0.0,0.0544135429262394,0.0544135429262394,0.0544135429262394,0.0544135429262394,0.0054413542926239,0.0598548972188633,0.0032648125755743,0.3808948004836759,0.1632406287787182,36.40266021765417,40.973397823458285,703.4038694074969,250.6287787182588,0.0108827085852478,0.0544135429262394,2.6662636033857314,0.0,0.0,0.1632406287787182,0.0,0.0,0.3264812575574365,2.339782345828295,1.2515114873035067,0.8162031438935914,0.9250302297460702,0.1632406287787182,0.1632406287787182,0.652962515114873,1.9044740024183795,4.73397823458283,0.1632406287787182,51.36638452237001,7.182587666263604,0.5985489721886336,0.2176541717049576,29.328899637243047,0.652962515114873,0.0,0.3808948004836759,0.1632406287787182,33.35550181378476,0.1088270858524788,0.0544135429262394,0.0544135429262394,0.5985489721886336,0.0,0.0,0.0,0.0,2.82950423216445,1.0338573155985489,DF,,defense,0
Willian Pacho,ec ECU,DF,Paris S-G,fr Ligue 1,22.0,2001.0,28,23,2132,23.7,0,1,1,0,0,0,0.3,0.3,0.3,0.6,0.02,4,1,25.0,0.17,0.04,0.0,0.0,0.08,1865,1968,94.8,33030,9702,0.4,3,69,1,0,0,0,0,3,53,13,0.55,3,0.13,56,32,34,22,0,71.9,40,96,91,7,1,2223,244,8,2,28.6,1399,3,0,15,4,1697,1,2,0,0,20,0,0,0,0,119,29,52.7,0.0,0.0422138836772983,0.0422138836772983,0.0,0.0126641651031894,0.0126641651031894,0.0126641651031894,0.0253283302063789,0.0008442776735459,0.1688555347091932,0.0422138836772983,78.72889305816135,83.07692307692308,1394.324577861163,409.5590994371482,0.0168855534709193,0.1266416510318949,2.912757973733583,0.0422138836772983,0.0,0.0,0.0,0.0,0.1266416510318949,2.23733583489681,2.363977485928705,1.350844277673546,1.4352720450281424,0.9287054409005628,0.0,1.6885553470919326,4.052532833020638,3.841463414634146,0.2954971857410882,93.84146341463416,10.300187617260788,0.3377110694183864,0.0844277673545966,59.05722326454034,0.1266416510318949,0.0,0.6332082551594747,0.1688555347091932,71.63696060037523,0.0422138836772983,0.0844277673545966,0.0,0.8442776735459663,0.0,0.0,0.0,0.0,5.023452157598499,1.224202626641651,DF,,defense,0
Nicolas Pallois,fr FRA,DF,Nantes,fr Ligue 1,36.0,1987.0,26,23,2017,22.4,0,2,2,0,0,0,0.4,0.4,0.4,0.8,0.04,3,1,33.3,0.13,0.04,0.0,0.0,0.14,731,874,83.6,14898,5456,0.4,3,56,1,1,7,0,1,4,52,11,0.49,1,0.04,61,27,44,13,4,58.7,28,89,164,8,3,1192,191,2,3,42.9,570,6,1,8,3,626,5,9,0,0,22,0,0,1,1,96,20,55.6,0.0,0.0892414476945959,0.0892414476945959,0.0,0.0178482895389191,0.0178482895389191,0.0178482895389191,0.0356965790778383,0.0017848289538919,0.1338621715418939,0.0446207238472979,32.61774913237481,38.99851264253842,664.7595438770452,243.4506693108577,0.0178482895389191,0.1338621715418939,2.498760535448686,0.0446207238472979,0.0446207238472979,0.3123450669310857,0.0,0.0446207238472979,0.1784828953891918,2.320277640059494,2.721864154685176,1.204759543877045,1.9633118492811104,0.5800694100148736,0.1784828953891918,1.249380267724343,3.971244422409519,7.317798710956866,0.3569657907783837,53.18790282597917,8.522558254833912,0.0892414476945959,0.1338621715418939,25.43381259295984,0.2677243430837878,0.0446207238472979,0.3569657907783837,0.1338621715418939,27.932573128408528,0.2231036192364898,0.4015865146256817,0.0,0.9816559246405552,0.0,0.0,0.0446207238472979,0.0446207238472979,4.283589489340605,0.8924144769459594,DF,,defense,0
Emerson Palmieri,it ITA,DF,West Ham,eng Premier League,29.0,1994.0,31,26,2113,23.5,2,1,3,2,0,0,2.0,2.0,1.5,3.4,0.15,16,7,43.8,0.68,0.3,0.13,0.29,0.12,861,1077,79.9,12546,4549,2.2,16,51,13,5,64,25,1,2,66,41,1.75,2,0.09,60,31,37,18,5,56.3,21,81,59,23,0,1325,82,28,10,33.3,555,47,9,24,7,747,83,5,0,0,25,2,0,0,0,84,18,47.4,0.0851869380028395,0.0425934690014197,0.1277804070042593,0.0851869380028395,0.0851869380028395,0.0851869380028395,0.0638902035021296,0.1448177946048272,0.0063890203502129,0.6814955040227165,0.2981542830099384,36.67297681022243,45.87316611452911,534.3776620918126,193.7576904874586,0.0937056318031235,0.6814955040227165,2.172266919072409,0.5537150970184571,0.2129673450070989,2.725982016090866,1.0648367250354946,0.0425934690014197,0.0851869380028395,2.8111689540937057,2.555608140085187,1.3203975390440132,1.575958353052532,0.766682442025556,0.2129673450070989,0.8944628490298154,3.4500709891150025,2.513014671083767,0.979649787032655,56.43634642688121,3.492664458116422,1.1926171320397538,0.4259346900141978,23.63937529578798,2.0018930430667297,0.383341221012778,1.0222432560340748,0.2981542830099384,31.817321344060577,3.535257927117842,0.2129673450070989,0.0,1.0648367250354946,0.0851869380028395,0.0,0.0,0.0,3.5778513961192617,0.766682442025556,DF,,defense,3
Aitor Paredes,es ESP,DF,Athletic Club,es La Liga,24.0,2000.0,23,21,1812,20.1,3,0,3,3,0,0,2.3,2.3,0.1,2.3,0.12,6,3,50.0,0.3,0.15,0.5,1.0,0.38,789,947,83.3,16864,6216,0.2,2,42,2,0,1,0,0,6,46,8,0.4,1,0.05,15,13,10,5,0,53.3,22,37,114,5,4,1154,127,11,0,0.0,596,4,0,7,1,708,2,4,1,1,23,0,0,1,0,62,30,50.8,0.1490066225165563,0.0,0.1490066225165563,0.1490066225165563,0.1142384105960264,0.1142384105960264,0.0049668874172185,0.1142384105960264,0.0059602649006622,0.2980132450331126,0.1490066225165563,39.18874172185431,47.0364238410596,837.615894039735,308.74172185430467,0.009933774834437,0.0993377483443708,2.0860927152317883,0.0993377483443708,0.0,0.0496688741721854,0.0,0.0,0.2980132450331126,2.2847682119205297,0.7450331125827815,0.6456953642384106,0.4966887417218543,0.2483443708609271,0.0,1.0927152317880795,1.8377483443708609,5.662251655629139,0.2483443708609271,57.31788079470199,6.30794701986755,0.5463576158940397,0.0,29.60264900662252,0.1986754966887417,0.0,0.347682119205298,0.0496688741721854,35.16556291390729,0.0993377483443708,0.1986754966887417,0.0496688741721854,1.1423841059602649,0.0,0.0,0.0496688741721854,0.0,3.0794701986754967,1.490066225165563,DF,,defense,0
Fabiano Parisi,it ITA,"DF,MF",Fiorentina,it Serie A,23.0,2000.0,25,11,1049,11.7,2,0,2,2,0,0,0.5,0.5,0.8,1.3,0.1,8,4,50.0,0.69,0.34,0.25,0.5,0.05,383,476,80.5,6092,1888,0.9,4,27,9,3,12,0,1,1,40,14,1.12,2,0.16,27,17,11,12,4,57.1,17,44,17,13,0,607,19,16,10,38.5,341,25,10,18,16,340,35,3,0,0,16,2,0,0,0,64,13,43.3,0.1715919923736892,0.0,0.1715919923736892,0.1715919923736892,0.0428979980934223,0.0428979980934223,0.0686367969494756,0.111534795042898,0.0085795996186844,0.6863679694947569,0.3431839847473784,32.85986653956149,40.838894184938034,522.6692087702573,161.98284080076263,0.0772163965681601,0.3431839847473784,2.3164918970448047,0.7721639656816015,0.2573879885605338,1.0295519542421354,0.0,0.0857959961868446,0.0857959961868446,3.431839847473785,2.3164918970448047,1.4585319351763584,0.9437559580552908,1.0295519542421354,0.3431839847473784,1.4585319351763584,3.7750238322211622,1.4585319351763584,1.11534795042898,52.07816968541468,1.6301239275500476,1.3727359389895135,0.8579599618684461,29.256434699714013,2.1448999046711155,0.8579599618684461,1.544327931363203,1.3727359389895135,29.170638703527167,3.0028598665395614,0.2573879885605338,0.0,1.3727359389895135,0.1715919923736892,0.0,0.0,0.0,5.490943755958055,1.11534795042898,DF,MF,defense,3
Felix Passlack,de GER,"DF,MF",Bochum,de Bundesliga,26.0,1998.0,31,30,2334,25.9,1,6,7,1,0,0,1.3,1.3,3.9,5.2,0.2,26,6,23.1,1.0,0.23,0.04,0.17,0.05,660,997,66.2,11947,3957,3.7,25,58,27,11,113,13,3,2,65,48,1.85,7,0.27,53,23,32,13,8,54.5,18,71,63,63,1,1290,78,48,12,38.7,588,43,12,24,12,658,118,4,0,0,29,2,0,2,0,114,10,31.3,0.0385604113110539,0.2313624678663239,0.2699228791773779,0.0385604113110539,0.0501285347043701,0.0501285347043701,0.1503856041131105,0.2005141388174807,0.0077120822622107,1.0025706940874035,0.2313624678663239,25.449871465295637,38.44473007712082,460.681233933162,152.5835475578406,0.1426735218508997,0.9640102827763496,2.236503856041131,1.0411311053984575,0.4241645244215938,4.3573264781491,0.5012853470437018,0.1156812339331619,0.0771208226221079,2.506426735218509,2.043701799485861,0.8868894601542417,1.2339331619537277,0.5012853470437018,0.3084832904884318,0.6940874035989717,2.737789203084833,2.429305912596401,2.429305912596401,49.74293059125964,3.0077120822622105,1.8508997429305911,0.4627249357326478,22.673521850899743,1.6580976863753212,0.4627249357326478,0.9254498714652956,0.4627249357326478,25.37275064267352,4.55012853470437,0.1542416452442159,0.0,1.1182519280205656,0.0771208226221079,0.0,0.0771208226221079,0.0,4.395886889460154,0.3856041131105399,DF,MF,defense,1
Benjamin Pavard,fr FRA,DF,Inter,it Serie A,28.0,1996.0,23,18,1584,17.6,0,1,1,0,0,0,0.5,0.5,0.8,1.3,0.08,8,1,12.5,0.45,0.06,0.0,0.0,0.07,1050,1150,91.3,19188,5573,1.0,8,84,8,2,11,0,0,4,92,21,1.19,1,0.06,29,16,12,12,5,72.0,16,45,52,7,0,1291,112,35,0,0.0,855,13,1,5,1,996,26,4,0,0,18,1,0,0,0,46,40,55.6,0.0,0.0568181818181818,0.0568181818181818,0.0,0.0284090909090909,0.0284090909090909,0.0454545454545454,0.0738636363636363,0.0045454545454545,0.4545454545454546,0.0568181818181818,59.65909090909091,65.3409090909091,1090.2272727272727,316.64772727272725,0.0568181818181818,0.4545454545454546,4.7727272727272725,0.4545454545454546,0.1136363636363636,0.625,0.0,0.0,0.2272727272727273,5.227272727272728,1.6477272727272727,0.9090909090909092,0.6818181818181819,0.6818181818181819,0.284090909090909,0.9090909090909092,2.5568181818181817,2.954545454545455,0.3977272727272727,73.35227272727272,6.363636363636363,1.9886363636363635,0.0,48.57954545454545,0.7386363636363638,0.0568181818181818,0.284090909090909,0.0568181818181818,56.59090909090909,1.4772727272727275,0.2272727272727273,0.0,1.0227272727272727,0.0568181818181818,0.0,0.0,0.0,2.613636363636364,2.2727272727272725,DF,,defense,2
Strahinja Pavlović,rs SRB,DF,Milan,it Serie A,23.0,2001.0,24,21,1864,20.7,2,1,3,2,0,0,1.8,1.8,1.1,2.9,0.14,17,8,47.1,0.82,0.39,0.12,0.25,0.11,1208,1369,88.2,21120,7800,0.4,6,98,5,1,10,0,0,2,94,29,1.4,3,0.14,52,31,32,19,1,58.0,16,68,82,13,0,1589,143,18,4,33.3,1036,40,0,18,4,1147,10,3,1,0,20,3,1,0,0,67,45,68.2,0.0965665236051502,0.0482832618025751,0.1448497854077253,0.0965665236051502,0.0869098712446351,0.0869098712446351,0.0531115879828326,0.1400214592274678,0.0067596566523605,0.8208154506437768,0.3862660944206008,58.32618025751073,66.09978540772532,1019.7424892703864,376.6094420600858,0.01931330472103,0.2896995708154506,4.73175965665236,0.2414163090128755,0.0482832618025751,0.482832618025751,0.0,0.0,0.0965665236051502,4.53862660944206,2.510729613733906,1.4967811158798283,1.5450643776824031,0.917381974248927,0.0482832618025751,0.7725321888412017,3.2832618025751072,3.959227467811159,0.6276824034334765,76.72210300429185,6.90450643776824,0.8690987124463521,0.1931330472103004,50.021459227467815,1.931330472103004,0.0,0.8690987124463521,0.1931330472103004,55.38090128755365,0.482832618025751,0.1448497854077253,0.0482832618025751,0.965665236051502,0.1448497854077253,0.0482832618025751,0.0,0.0,3.234978540772532,2.17274678111588,DF,,defense,2
Marcus Pedersen,no NOR,DF,Torino,it Serie A,24.0,2000.0,29,15,1362,15.1,0,0,0,0,0,0,0.6,0.6,0.4,1.0,0.06,8,3,37.5,0.53,0.2,0.0,0.0,0.07,376,516,72.9,5860,1387,0.4,7,14,8,7,56,0,0,0,19,15,0.99,0,0.0,13,8,6,6,1,62.5,13,26,34,24,1,655,27,27,7,28.0,365,44,9,22,12,391,77,3,0,0,16,1,0,1,0,43,6,24.0,0.0,0.0,0.0,0.0,0.039647577092511,0.039647577092511,0.026431718061674,0.066079295154185,0.0039647577092511,0.5286343612334802,0.198237885462555,24.845814977973568,34.096916299559474,387.22466960352426,91.65198237885464,0.026431718061674,0.4625550660792951,0.9251101321585904,0.5286343612334802,0.4625550660792951,3.700440528634361,0.0,0.0,0.0,1.2555066079295154,0.8590308370044053,0.5286343612334802,0.3964757709251101,0.3964757709251101,0.066079295154185,0.8590308370044053,1.7180616740088106,2.246696035242291,1.5859030837004406,43.28193832599119,1.7841409691629957,1.7841409691629957,0.4625550660792951,24.11894273127753,2.907488986784141,0.5947136563876653,1.4537444933920705,0.7929515418502203,25.837004405286343,5.088105726872247,0.198237885462555,0.0,1.0572687224669604,0.066079295154185,0.0,0.066079295154185,0.0,2.841409691629956,0.3964757709251101,DF,,defense,1
Adrià Pedrosa,es ESP,DF,Sevilla,es La Liga,26.0,1998.0,31,27,2298,25.5,1,1,2,1,0,0,0.9,0.9,1.6,2.5,0.1,24,7,29.2,0.94,0.27,0.04,0.14,0.04,886,1196,74.1,15011,5325,1.7,20,66,22,10,97,10,1,9,79,47,1.84,4,0.16,56,32,34,16,6,57.4,24,80,85,34,0,1526,90,21,17,45.9,617,41,6,37,15,826,96,7,0,0,38,1,0,0,0,100,11,28.2,0.0391644908616188,0.0391644908616188,0.0783289817232376,0.0391644908616188,0.0352480417754569,0.0352480417754569,0.06266318537859,0.0979112271540469,0.0039164490861618,0.9399477806788512,0.2741514360313316,34.699738903394255,46.84073107049608,587.8981723237598,208.55091383812007,0.0665796344647519,0.7832898172323759,2.584856396866841,0.8616187989556136,0.3916449086161879,3.7989556135770233,0.3916449086161879,0.0391644908616188,0.3524804177545692,3.093994778067885,2.193211488250653,1.2532637075718016,1.3315926892950392,0.6266318537859008,0.2349869451697128,0.9399477806788512,3.133159268929504,3.328981723237598,1.3315926892950392,59.76501305483029,3.524804177545692,0.8224543080939948,0.6657963446475196,24.1644908616188,1.605744125326371,0.2349869451697128,1.4490861618798956,0.5874673629242819,32.34986945169713,3.759791122715405,0.2741514360313316,0.0,1.4882506527415145,0.0391644908616188,0.0,0.0,0.0,3.91644908616188,0.4308093994778068,DF,,defense,1
Luca Pellegrini,it ITA,DF,Lazio,it Serie A,25.0,1999.0,22,10,1067,11.9,0,4,4,0,0,0,0.7,0.7,1.8,2.4,0.2,13,4,30.8,1.1,0.34,0.0,0.0,0.05,541,717,75.5,9376,3332,1.6,20,63,21,12,89,5,0,4,72,46,3.88,12,1.01,23,11,11,10,2,53.1,19,42,32,19,0,851,29,15,11,39.3,420,21,4,17,9,516,61,5,0,0,18,1,1,0,0,41,8,53.3,0.0,0.3373945641986879,0.3373945641986879,0.0,0.0590440487347703,0.0590440487347703,0.1518275538894095,0.2024367385192127,0.0168697282099343,1.0965323336457358,0.3373945641986879,45.632614807872535,60.477975632614815,790.8528584817245,281.04967197750705,0.1349578256794751,1.6869728209934394,5.313964386129335,1.7713214620431117,1.0121836925960637,7.507029053420806,0.4217432052483598,0.0,0.3373945641986879,6.073102155576382,1.9400187441424557,0.9278350515463918,0.9278350515463918,0.8434864104967197,0.1686972820993439,1.6026241799437675,3.542642924086223,2.6991565135895037,1.6026241799437675,71.78069353327085,2.446110590440487,1.2652296157450795,0.9278350515463918,35.426429240862234,1.7713214620431117,0.3373945641986879,1.4339268978444235,0.7591377694470478,43.52389878163074,5.14526710402999,0.4217432052483598,0.0,1.5182755388940956,0.0843486410496719,0.0843486410496719,0.0,0.0,3.458294283036551,0.6747891283973758,DF,,defense,1
Timothee Pembele,fr FRA,DF,Le Havre,fr Ligue 1,21.0,2002.0,20,12,1113,12.4,1,0,1,1,0,0,1.3,1.3,0.1,1.4,0.11,8,3,37.5,0.65,0.24,0.13,0.33,0.16,424,520,81.5,6665,2391,0.5,3,25,7,3,28,0,1,2,43,12,0.97,1,0.08,30,22,17,9,4,60.9,11,41,42,23,0,680,45,20,15,51.7,368,27,4,19,12,398,44,3,0,0,9,2,0,0,0,46,10,41.7,0.0808625336927223,0.0,0.0808625336927223,0.0808625336927223,0.105121293800539,0.105121293800539,0.0080862533692722,0.1132075471698113,0.0088948787061994,0.646900269541779,0.2425876010781671,34.285714285714285,42.04851752021563,538.9487870619946,193.3423180592992,0.0404312668463611,0.2425876010781671,2.0215633423180592,0.5660377358490566,0.2425876010781671,2.2641509433962264,0.0,0.0808625336927223,0.1617250673854447,3.477088948787062,2.4258760107816717,1.7789757412398923,1.3746630727762803,0.7277628032345014,0.3234501347708895,0.8894878706199462,3.315363881401617,3.3962264150943398,1.8598382749326143,54.98652291105121,3.6388140161725055,1.6172506738544474,1.2129380053908356,29.757412398921836,2.183288409703504,0.3234501347708895,1.536388140161725,0.9703504043126684,32.18328840970351,3.5579514824797847,0.2425876010781671,0.0,0.7277628032345014,0.1617250673854447,0.0,0.0,0.0,3.719676549865229,0.8086253369272237,DF,,defense,3
Pedro Pereira,pt POR,DF,Monza,it Serie A,26.0,1998.0,35,32,2665,29.6,1,3,4,1,0,0,1.2,1.2,1.6,2.8,0.1,13,6,46.2,0.44,0.2,0.08,0.17,0.09,925,1146,80.7,15992,5248,1.4,14,54,15,10,57,0,2,2,66,35,1.18,4,0.13,53,32,30,18,5,63.6,21,74,85,30,5,1409,109,33,14,56.0,798,52,7,25,18,872,107,10,0,0,48,0,0,0,0,88,27,40.3,0.0337711069418386,0.1013133208255159,0.1350844277673546,0.0337711069418386,0.0405253283302063,0.0405253283302063,0.0540337711069418,0.0945590994371482,0.0033771106941838,0.4390243902439024,0.2026266416510319,31.23827392120075,38.70168855534709,540.0675422138837,177.23076923076923,0.0472795497185741,0.4727954971857411,1.8236397748592872,0.5065666041275797,0.3377110694183864,1.924953095684803,0.0,0.0675422138836773,0.0675422138836773,2.228893058161351,1.7898686679174485,1.0806754221388368,1.0131332082551594,0.6078799249530957,0.1688555347091932,0.7091932457786118,2.4990619136960603,2.870544090056285,1.0131332082551594,47.58348968105065,3.6810506566604126,1.1144465290806755,0.4727954971857411,26.94934333958724,1.7560975609756098,0.2363977485928705,0.8442776735459663,0.6078799249530957,29.4484052532833,3.613508442776736,0.3377110694183864,0.0,1.6210131332082551,0.0,0.0,0.0,0.0,2.971857410881801,0.9118198874296436,DF,,defense,1
Luis Pérez,es ESP,DF,Valladolid,es La Liga,29.0,1995.0,30,28,2558,28.4,0,0,0,0,0,0,0.2,0.2,2.1,2.2,0.08,5,2,40.0,0.18,0.07,0.0,0.0,0.03,905,1195,75.7,16078,5899,2.6,27,57,32,29,105,0,2,6,89,53,1.86,2,0.07,41,30,25,11,5,60.0,29,70,86,29,0,1444,88,9,12,57.1,585,41,3,28,5,792,117,2,0,0,13,0,0,1,0,77,15,30.6,0.0,0.0,0.0,0.0,0.0070367474589523,0.0070367474589523,0.0738858483189992,0.0774042220484753,0.0028146989835809,0.1759186864738076,0.070367474589523,31.84128225175919,42.044566067240034,565.6841282251759,207.54886630179828,0.0914777169663799,0.9499609069585612,2.0054730258014075,1.125879593432369,1.0203283815480844,3.694292415949961,0.0,0.070367474589523,0.2111024237685692,3.131352619233777,1.4425332290852229,1.055512118842846,0.8795934323690383,0.3870211102423768,0.1759186864738076,1.0203283815480844,2.462861610633307,3.025801407349492,1.0203283815480844,50.80531665363565,3.0961688819390147,0.3166536356528537,0.4222048475371384,20.582486317435496,1.4425332290852229,0.1055512118842846,0.9851446442533228,0.1759186864738076,27.865519937451133,4.1164972634871,0.070367474589523,0.0,0.4573885848318999,0.0,0.0,0.0351837372947615,0.0,2.709147771696638,0.527756059421423,DF,,defense,1
Romain Perraud,fr FRA,DF,Betis,es La Liga,26.0,1997.0,28,22,2002,22.2,2,2,4,2,0,0,0.6,0.6,1.6,2.1,0.1,20,5,25.0,0.9,0.22,0.1,0.4,0.03,921,1157,79.6,12710,4374,1.4,16,61,16,11,71,0,0,5,62,36,1.62,5,0.23,36,22,15,16,5,45.7,22,58,71,45,1,1419,62,28,11,31.4,766,51,10,33,14,842,106,8,1,0,26,0,0,1,0,95,9,34.6,0.0899100899100899,0.0899100899100899,0.1798201798201798,0.0899100899100899,0.0269730269730269,0.0269730269730269,0.0719280719280719,0.0944055944055944,0.0044955044955044,0.8991008991008991,0.2247752247752247,41.4035964035964,52.01298701298702,571.3786213786215,196.63336663336665,0.0629370629370629,0.7192807192807192,2.7422577422577423,0.7192807192807192,0.4945054945054945,3.191808191808192,0.0,0.0,0.2247752247752247,2.787212787212787,1.6183816183816186,0.989010989010989,0.6743256743256744,0.7192807192807192,0.2247752247752247,0.989010989010989,2.6073926073926077,3.191808191808192,2.022977022977023,63.7912087912088,2.787212787212787,1.2587412587412588,0.4945054945054945,34.43556443556443,2.2927072927072927,0.4495504495504495,1.4835164835164836,0.6293706293706294,37.85214785214785,4.765234765234765,0.3596403596403596,0.0449550449550449,1.168831168831169,0.0,0.0,0.0449550449550449,0.0,4.270729270729271,0.4045954045954046,DF,,defense,1
Léo Pétrot,fr FRA,DF,Saint-Étienne,fr Ligue 1,27.0,1997.0,31,29,2634,29.3,0,3,3,0,0,0,0.6,0.6,1.6,2.2,0.08,7,3,42.9,0.24,0.1,0.0,0.0,0.1,1114,1385,80.4,17729,6679,1.5,16,73,17,7,51,6,1,2,93,40,1.42,6,0.21,62,39,38,19,5,66.7,42,104,103,28,1,1708,172,25,7,50.0,766,28,4,24,17,974,100,4,0,0,22,0,0,3,0,115,40,51.9,0.0,0.10250569476082,0.10250569476082,0.0,0.020501138952164,0.020501138952164,0.0546697038724373,0.0751708428246013,0.0027334851936218,0.2391799544419134,0.10250569476082,38.06378132118451,47.323462414578586,605.7744874715262,228.2118451025057,0.05125284738041,0.5466970387243736,2.4943052391799547,0.5808656036446469,0.2391799544419134,1.742596810933941,0.20501138952164,0.0341685649202733,0.0683371298405467,3.177676537585421,2.1184510250569475,1.3325740318906607,1.2984054669703873,0.6492027334851936,0.1708428246013667,1.4350797266514808,3.553530751708428,3.519362186788155,0.9567198177676536,58.35990888382688,5.876993166287016,0.8542141230068337,0.2391799544419134,26.173120728929387,0.9567198177676536,0.1366742596810934,0.8200455580865603,0.5808656036446469,33.28018223234624,3.416856492027335,0.1366742596810934,0.0,0.7517084282460137,0.0,0.0,0.10250569476082,0.0,3.929384965831436,1.366742596810934,DF,,defense,3
Giuseppe Pezzella,it ITA,"DF,FW",Empoli,it Serie A,26.0,1997.0,35,34,2878,32.0,0,3,3,0,0,0,0.6,0.6,4.6,5.2,0.16,15,3,20.0,0.47,0.09,0.0,0.0,0.04,829,1246,66.5,13802,5619,4.4,36,56,30,22,178,20,2,0,80,59,1.85,5,0.16,55,31,28,17,10,50.9,15,70,110,60,2,1579,88,33,17,33.3,673,77,12,46,32,778,143,7,0,0,49,2,0,1,0,88,36,65.5,0.0,0.093815149409312,0.093815149409312,0.0,0.0187630298818624,0.0187630298818624,0.1438498957609451,0.1626129256428075,0.0050034746351633,0.4690757470465601,0.093815149409312,25.92425295343989,38.96455872133426,431.6122307157748,175.7157748436414,0.1375955524669909,1.1257817929117444,1.7512161223071578,0.9381514940931202,0.6879777623349548,5.56636553161918,0.6254343293954134,0.0625434329395413,0.0,2.5017373175816537,1.719944405837387,0.9694232105628908,0.8756080611535789,0.5316191799861014,0.3127171646977067,0.4690757470465601,2.189020152883947,3.439888811674774,1.8763029881862403,49.3780403057679,2.751911049339819,1.0319666435024322,0.5316191799861014,21.045865184155662,2.407922168172342,0.375260597637248,1.438498957609451,1.0006949270326615,24.329395413481585,4.471855455177206,0.2189020152883947,0.0,1.532314107018763,0.0625434329395413,0.0,0.0312717164697706,0.0,2.751911049339819,1.1257817929117444,DF,FW,defense,1
Amos Pieper,de GER,DF,Werder Bremen,de Bundesliga,26.0,1998.0,23,16,1498,16.6,0,0,0,0,0,0,0.4,0.4,0.6,1.0,0.06,7,1,14.3,0.42,0.06,0.0,0.0,0.06,790,932,84.8,15392,4871,0.6,4,40,8,1,4,0,2,13,62,5,0.3,0,0.0,32,17,16,11,5,63.6,24,56,98,7,1,1136,168,11,2,66.7,570,11,0,4,3,671,3,3,0,0,11,0,0,0,0,56,40,50.0,0.0,0.0,0.0,0.0,0.0240320427236315,0.0240320427236315,0.0360480640854472,0.0600801068090787,0.0036048064085447,0.4205607476635514,0.0600801068090787,47.46328437917223,55.99465954606142,924.7530040053404,292.6502002670227,0.0360480640854472,0.240320427236315,2.403204272363151,0.4806408544726301,0.0600801068090787,0.240320427236315,0.0,0.1201602136181575,0.7810413885180241,3.724966622162884,1.9225634178905209,1.0213618157543392,0.9612817089452604,0.6608811748998664,0.3004005340453938,1.4419225634178907,3.364485981308411,5.887850467289719,0.4205607476635514,68.25100133511349,10.093457943925234,0.6608811748998664,0.1201602136181575,34.2456608811749,0.6608811748998664,0.0,0.240320427236315,0.1802403204272363,40.313751668891854,0.1802403204272363,0.1802403204272363,0.0,0.6608811748998664,0.0,0.0,0.0,0.0,3.364485981308411,2.403204272363151,DF,,defense,0
Ethan Pinnock,jm JAM,DF,Brentford,eng Premier League,31.0,1993.0,22,21,1913,21.3,2,0,2,2,0,0,1.1,1.1,1.2,2.3,0.11,10,6,60.0,0.47,0.28,0.2,0.33,0.11,924,1080,85.6,17045,6094,0.7,8,48,4,1,9,0,0,0,41,21,0.99,0,0.0,35,19,15,16,4,54.2,24,59,142,8,4,1348,294,24,3,33.3,633,3,0,2,4,760,9,2,0,0,8,1,0,1,1,50,63,59.4,0.0940930475692629,0.0,0.0940930475692629,0.0940930475692629,0.0517511761630946,0.0517511761630946,0.0564558285415577,0.1082070047046523,0.0051751176163094,0.4704652378463146,0.2822791427077888,43.470987976999474,50.81024568740199,801.9079979090434,286.70151594354417,0.032932566649242,0.3763721902770517,2.2582331416623105,0.1881860951385258,0.0470465237846314,0.4234187140616832,0.0,0.0,0.0,1.92890747516989,1.6466283324621014,0.8938839519079979,0.7056978567694719,0.7527443805541034,0.1881860951385258,1.1291165708311552,2.7757449032932566,6.680606377417669,0.3763721902770517,63.41871406168322,13.831677992681652,1.1291165708311552,0.1411395713538944,29.78044955567172,0.1411395713538944,0.0,0.0940930475692629,0.1881860951385258,35.755358076319915,0.4234187140616832,0.0940930475692629,0.0,0.3763721902770517,0.0470465237846314,0.0,0.0470465237846314,0.0470465237846314,2.352326189231573,2.963930998431783,DF,,defense,0
Marin Pongračić,hr CRO,DF,Fiorentina,it Serie A,26.0,1997.0,19,14,1292,14.4,0,0,0,0,0,0,0.2,0.2,0.2,0.4,0.03,2,1,50.0,0.14,0.07,0.0,0.0,0.09,691,775,89.2,13999,4692,0.3,5,43,3,0,1,1,1,5,34,12,0.79,1,0.07,18,13,13,4,1,63.6,12,30,69,4,2,922,136,6,9,64.3,560,7,1,10,7,585,5,3,1,1,26,0,0,0,1,73,25,69.4,0.0,0.0,0.0,0.0,0.0139318885448916,0.0139318885448916,0.0139318885448916,0.0278637770897832,0.0020897832817337,0.1393188854489164,0.0696594427244582,48.13467492260062,53.98606811145511,975.1625386996903,326.8421052631579,0.0208978328173374,0.348297213622291,2.995356037151703,0.2089783281733746,0.0,0.0696594427244582,0.0696594427244582,0.0696594427244582,0.348297213622291,2.3684210526315788,1.2538699690402475,0.9055727554179568,0.9055727554179568,0.2786377708978328,0.0696594427244582,0.8359133126934984,2.0897832817337463,4.806501547987616,0.2786377708978328,64.22600619195046,9.473684210526317,0.4179566563467492,0.6269349845201239,39.0092879256966,0.4876160990712074,0.0696594427244582,0.6965944272445821,0.4876160990712074,40.75077399380805,0.348297213622291,0.2089783281733746,0.0696594427244582,1.8111455108359131,0.0,0.0,0.0,0.0696594427244582,5.085139318885449,1.7414860681114552,DF,,defense,0
Finn Porath,de GER,"DF,MF",Holstein Kiel,de Bundesliga,27.0,1997.0,31,20,1970,21.9,2,3,5,2,0,0,1.9,1.8,2.0,3.8,0.18,29,12,41.4,1.32,0.55,0.07,0.17,0.09,489,731,66.9,9754,3567,1.8,22,54,22,12,84,9,0,4,58,61,2.79,11,0.5,45,26,24,14,7,49.1,21,66,67,27,0,999,73,33,16,44.4,418,42,11,15,15,507,69,3,0,0,31,3,0,0,0,79,26,51.0,0.0913705583756345,0.1370558375634517,0.2284263959390862,0.0913705583756345,0.0868020304568528,0.082233502538071,0.0913705583756345,0.1736040609137056,0.0082233502538071,1.3248730964467006,0.5482233502538071,22.34010152284264,33.39593908629441,445.6142131979696,162.95939086294416,0.082233502538071,1.0050761421319796,2.467005076142132,1.0050761421319796,0.5482233502538071,3.8375634517766497,0.4111675126903553,0.0,0.182741116751269,2.649746192893401,2.0558375634517767,1.1878172588832487,1.0964467005076142,0.6395939086294417,0.3197969543147208,0.9593908629441624,3.0152284263959395,3.0609137055837565,1.233502538071066,45.63959390862944,3.33502538071066,1.5076142131979695,0.7309644670050762,19.096446700507613,1.9187817258883249,0.5025380710659898,0.6852791878172589,0.6852791878172589,23.16243654822335,3.152284263959391,0.1370558375634517,0.0,1.4162436548223352,0.1370558375634517,0.0,0.0,0.0,3.609137055837563,1.1878172588832487,DF,MF,defense,1
Pedro Porro,es ESP,DF,Tottenham,eng Premier League,24.0,1999.0,33,28,2610,29.0,2,6,8,2,0,0,1.6,1.6,5.0,6.6,0.23,39,8,20.5,1.34,0.28,0.05,0.25,0.04,1385,1892,73.2,24256,9602,4.6,57,124,57,27,196,53,4,16,154,108,3.72,8,0.28,66,49,34,22,10,57.1,36,102,84,75,2,2237,128,32,14,35.0,1187,65,5,25,18,1291,109,5,0,0,25,4,0,0,0,152,12,34.3,0.0689655172413793,0.2068965517241379,0.2758620689655172,0.0689655172413793,0.0551724137931034,0.0551724137931034,0.1724137931034482,0.2275862068965517,0.0079310344827586,1.3448275862068966,0.2758620689655172,47.75862068965517,65.24137931034483,836.4137931034484,331.1034482758621,0.1586206896551724,1.9655172413793105,4.275862068965517,1.9655172413793105,0.9310344827586208,6.758620689655173,1.827586206896552,0.1379310344827586,0.5517241379310345,5.310344827586206,2.2758620689655173,1.6896551724137931,1.1724137931034482,0.7586206896551724,0.3448275862068965,1.2413793103448276,3.5172413793103448,2.896551724137931,2.586206896551724,77.13793103448275,4.413793103448276,1.103448275862069,0.4827586206896551,40.93103448275862,2.2413793103448274,0.1724137931034482,0.8620689655172413,0.6206896551724138,44.51724137931034,3.758620689655172,0.1724137931034482,0.0,0.8620689655172413,0.1379310344827586,0.0,0.0,0.0,5.241379310344827,0.4137931034482758,DF,,defense,1
Alexander Prass,at AUT,DF,Hoffenheim,de Bundesliga,23.0,2001.0,23,19,1566,17.4,0,1,1,0,0,0,0.9,0.9,2.8,3.6,0.21,12,1,8.3,0.69,0.06,0.0,0.0,0.07,704,969,72.7,11665,4086,2.8,18,43,27,11,54,1,3,2,63,35,2.01,5,0.29,42,23,24,15,3,40.7,9,51,53,30,4,1199,71,32,20,47.6,605,28,5,21,10,689,66,1,0,0,17,1,1,0,0,92,15,44.1,0.0,0.0574712643678161,0.0574712643678161,0.0,0.0517241379310344,0.0517241379310344,0.160919540229885,0.2068965517241379,0.0120689655172413,0.689655172413793,0.0574712643678161,40.45977011494253,55.689655172413794,670.4022988505747,234.8275862068965,0.160919540229885,1.0344827586206895,2.471264367816092,1.5517241379310345,0.632183908045977,3.103448275862069,0.0574712643678161,0.1724137931034482,0.1149425287356322,3.6206896551724137,2.413793103448276,1.3218390804597702,1.379310344827586,0.8620689655172413,0.1724137931034482,0.5172413793103449,2.931034482758621,3.0459770114942533,1.7241379310344829,68.90804597701148,4.080459770114943,1.8390804597701151,1.149425287356322,34.770114942528735,1.6091954022988506,0.2873563218390805,1.206896551724138,0.574712643678161,39.59770114942528,3.793103448275862,0.0574712643678161,0.0,0.9770114942528736,0.0574712643678161,0.0574712643678161,0.0,0.0,5.287356321839081,0.8620689655172413,DF,,defense,1
Leopold Querfeld,at AUT,DF,Union Berlin,de Bundesliga,20.0,2003.0,27,17,1747,19.4,2,2,4,2,0,0,1.1,1.1,1.0,2.2,0.11,16,4,25.0,0.82,0.21,0.13,0.5,0.07,648,802,80.8,13517,5754,1.2,10,53,5,0,0,0,1,12,49,26,1.34,2,0.1,25,12,21,4,0,72.2,19,44,144,6,2,1066,176,34,3,33.3,531,3,0,5,2,574,5,8,0,0,20,1,0,1,0,66,65,54.6,0.1030337721808815,0.1030337721808815,0.206067544361763,0.1030337721808815,0.0566685746994848,0.0566685746994848,0.0515168860904407,0.1133371493989696,0.0056668574699484,0.824270177447052,0.206067544361763,33.38294218660561,41.316542644533484,696.3537492844877,296.4281625643961,0.0618202633085289,0.5151688609044075,2.73039496279336,0.2575844304522037,0.0,0.0,0.0,0.0515168860904407,0.6182026330852891,2.5243274184315974,1.287922152261019,0.6182026330852891,1.081854607899256,0.206067544361763,0.0,0.9788208357183744,2.266742987979393,7.418431597023469,0.3091013165426445,54.91700057240985,9.066971951917573,1.7515741270749856,0.1545506582713222,27.355466514024044,0.1545506582713222,0.0,0.2575844304522037,0.1030337721808815,29.570692615912996,0.2575844304522037,0.412135088723526,0.0,1.030337721808815,0.0515168860904407,0.0,0.0515168860904407,0.0,3.40011448196909,3.3485975958786494,DF,,defense,0
Antonio Raillo,es ESP,DF,Mallorca,es La Liga,32.0,1991.0,36,36,3207,35.6,2,0,2,2,0,0,2.0,2.0,1.6,3.7,0.1,35,8,22.9,0.98,0.22,0.06,0.25,0.06,1572,1773,88.7,29700,10641,1.0,13,86,6,0,3,0,1,4,108,27,0.76,1,0.03,31,18,18,10,3,70.0,29,60,222,10,1,2185,376,66,2,66.7,1108,31,0,7,6,1282,20,7,1,0,50,0,0,0,0,104,132,61.1,0.0561272217025257,0.0,0.0561272217025257,0.0561272217025257,0.0561272217025257,0.0561272217025257,0.0449017773620205,0.1038353601496726,0.0028063610851262,0.9822263797942002,0.2245088868101029,44.11599625818522,49.75678203928906,833.489242282507,298.6248830682881,0.0280636108512628,0.3648269410664172,2.413470533208606,0.1683816651075771,0.0,0.0841908325537885,0.0,0.0280636108512628,0.1122544434050514,3.0308699719363896,0.8699719363891488,0.5051449953227315,0.5051449953227315,0.2806361085126286,0.0841908325537885,0.8138447146866231,1.6838166510757715,6.230121608980355,0.2806361085126286,61.31898971000936,10.551917680074837,1.852198316183349,0.0561272217025257,31.09448082319925,0.8699719363891488,0.0,0.19644527595884,0.1683816651075771,35.97754911131899,0.5612722170252573,0.19644527595884,0.0280636108512628,1.4031805425631432,0.0,0.0,0.0,0.0,2.9186155285313378,3.704396632366698,DF,,defense,0
Luca Ranieri,it ITA,DF,Fiorentina,it Serie A,25.0,1999.0,35,34,2981,33.1,0,3,3,0,0,0,1.1,1.1,1.7,2.7,0.08,10,4,40.0,0.3,0.12,0.0,0.0,0.11,1538,1800,85.4,28999,10523,1.4,16,84,11,5,9,0,0,8,80,28,0.82,6,0.18,42,24,28,12,2,80.0,27,69,154,14,1,2124,271,16,9,47.4,1234,25,2,10,3,1404,11,7,0,0,24,0,0,1,0,95,48,46.2,0.0,0.0905736330090573,0.0905736330090573,0.0,0.033210332103321,0.033210332103321,0.0513250587051325,0.0815162697081516,0.0024152968802415,0.3019121100301912,0.1207648440120764,46.43408252264341,54.344179805434415,875.5149278765515,317.7021133847702,0.0422676954042267,0.4830593760483059,2.536061724253606,0.3321033210332103,0.1509560550150956,0.2717208990271721,0.0,0.0,0.2415296880241529,2.4152968802415296,1.268030862126803,0.7245890640724588,0.8453539080845354,0.3622945320362294,0.0603824220060382,0.8151626970815163,2.0831935592083197,4.649446494464945,0.4226769540422677,64.12613217041262,8.181818181818182,0.4830593760483059,0.2717208990271721,37.2559543777256,0.7547802750754781,0.0603824220060382,0.3019121100301912,0.0905736330090573,42.38846024823884,0.3321033210332103,0.2113384770211338,0.0,0.7245890640724588,0.0,0.0,0.0301912110030191,0.0,2.8681650452868164,1.4491781281449176,DF,,defense,0
Lilian Raolisoa,fr FRA,"DF,FW",Angers,fr Ligue 1,24.0,2000.0,29,14,1318,14.6,0,3,3,0,0,0,0.7,0.7,2.0,2.7,0.18,14,1,7.1,0.96,0.07,0.0,0.0,0.05,392,564,69.5,6526,2904,1.7,14,31,16,8,77,22,4,3,47,32,2.19,4,0.27,41,24,24,13,4,44.7,15,56,45,19,0,751,47,19,23,43.4,404,33,3,21,16,435,62,1,2,0,16,0,0,1,0,76,15,57.7,0.0,0.2048558421851289,0.2048558421851289,0.0,0.0477996965098634,0.0477996965098634,0.1365705614567526,0.184370257966616,0.0122913505311077,0.9559939301972686,0.0682852807283763,26.76783004552352,38.51289833080425,445.62974203338393,198.30045523520488,0.1160849772382397,0.9559939301972686,2.1168437025796663,1.0925644916540214,0.5462822458270107,5.257966616084977,1.502276176024279,0.2731411229135053,0.2048558421851289,3.209408194233688,2.7996965098634297,1.6388467374810318,1.6388467374810318,0.8877086494688922,0.2731411229135053,1.024279210925645,3.8239757207890746,3.0728376327769347,1.29742033383915,51.28224582701063,3.209408194233688,1.29742033383915,1.5705614567526556,27.58725341426404,2.2534142640364188,0.2048558421851289,1.4339908952959028,1.0925644916540214,29.704097116843705,4.2336874051593325,0.0682852807283763,0.1365705614567526,1.0925644916540214,0.0,0.0,0.0682852807283763,0.0,5.1896813353566005,1.024279210925645,DF,FW,defense,3
Andrei Ratiu,ro ROU,DF,Rayo Vallecano,es La Liga,26.0,1998.0,35,34,3065,34.1,2,3,5,2,0,0,1.8,1.8,5.7,7.5,0.22,31,7,22.6,0.91,0.21,0.06,0.29,0.06,1435,1759,81.6,21787,7420,3.9,36,105,23,11,77,0,3,2,145,91,2.67,5,0.15,71,41,40,21,10,60.0,27,98,73,56,2,2193,85,71,76,51.7,1190,122,31,69,49,1365,167,5,0,0,24,2,0,0,0,169,20,37.7,0.0587275693311582,0.0880913539967373,0.1468189233278956,0.0587275693311582,0.0528548123980424,0.0528548123980424,0.1673735725938009,0.2202283849918433,0.0064600326264274,0.9102773246329527,0.2055464926590538,42.13703099510604,51.65089722675367,639.7487765089722,217.8792822185971,0.1145187601957585,1.0570962479608483,3.0831973898858074,0.6753670473083198,0.3230016313213703,2.2610114192495923,0.0,0.0880913539967373,0.0587275693311582,4.257748776508972,2.084828711256117,1.203915171288744,1.1745513866231647,0.6166394779771615,0.2936378466557912,0.7928221859706363,2.877650897226754,2.1435562805872754,1.6443719412724307,64.394779771615,2.495921696574225,2.084828711256117,2.231647634584013,34.94290375203915,3.582381729200653,0.9102773246329527,2.026101141924959,1.438825448613377,40.08156606851549,4.903752039151713,0.1468189233278956,0.0,0.7047308319738989,0.0587275693311582,0.0,0.0,0.0,4.962479608482871,0.5872756933115824,DF,,defense,1
David Raum,de GER,DF,RB Leipzig,de Bundesliga,26.0,1998.0,22,21,1783,19.8,1,5,6,1,0,0,0.5,0.5,6.5,6.9,0.35,9,4,44.4,0.45,0.2,0.11,0.25,0.05,841,1212,69.4,14506,6549,7.4,48,55,21,13,188,58,1,5,71,73,3.68,7,0.35,38,28,16,14,8,57.1,9,47,47,32,4,1389,58,56,11,39.3,593,36,4,16,9,787,127,5,0,0,23,0,0,0,0,92,13,39.4,0.0504767246214245,0.2523836231071228,0.3028603477285473,0.0504767246214245,0.0252383623107122,0.0252383623107122,0.3280987100392596,0.3482893998878295,0.0176668536174985,0.4542905215928211,0.2019068984856982,42.45092540661806,61.177790241166576,732.2153673583847,330.5720695457095,0.3735277621985418,2.422882781828379,2.776219854178352,1.060011217049916,0.6561974200785193,9.489624228827818,2.927650028042625,0.0504767246214245,0.2523836231071228,3.583847448121144,1.9181155356141333,1.413348289399888,0.807627593942793,0.7066741446999439,0.4038137969713965,0.4542905215928211,2.3724060572069545,2.3724060572069545,1.615255187885586,70.11217049915872,2.927650028042625,2.826696578799776,0.5552439708356702,29.932697700504768,1.8171620863712843,0.2019068984856982,0.807627593942793,0.4542905215928211,39.72518227706114,6.41054402692092,0.2523836231071228,0.0,1.1609646662927648,0.0,0.0,0.0,0.0,4.643858665171059,0.6561974200785193,DF,,defense,1
Alexsandro Ribeiro,br BRA,DF,Lille,fr Ligue 1,24.0,1999.0,30,30,2700,30.0,1,1,2,1,0,0,1.6,1.6,0.4,2.0,0.07,21,4,19.0,0.7,0.13,0.05,0.25,0.08,2204,2417,91.2,43718,14857,1.0,9,191,6,2,8,0,3,10,178,40,1.33,4,0.13,32,19,18,13,1,66.7,27,59,143,9,3,2712,300,38,5,62.5,1737,25,0,22,10,1982,8,10,0,0,28,0,0,1,1,175,64,71.9,0.0333333333333333,0.0333333333333333,0.0666666666666666,0.0333333333333333,0.0533333333333333,0.0533333333333333,0.0133333333333333,0.0666666666666666,0.0023333333333333,0.7,0.1333333333333333,73.46666666666667,80.56666666666666,1457.2666666666669,495.23333333333335,0.0333333333333333,0.3,6.366666666666667,0.2,0.0666666666666666,0.2666666666666666,0.0,0.1,0.3333333333333333,5.933333333333334,1.0666666666666669,0.6333333333333333,0.6000000000000001,0.4333333333333333,0.0333333333333333,0.9,1.9666666666666663,4.766666666666667,0.3,90.4,10.0,1.2666666666666666,0.1666666666666666,57.9,0.8333333333333333,0.0,0.7333333333333333,0.3333333333333333,66.06666666666666,0.2666666666666666,0.3333333333333333,0.0,0.9333333333333332,0.0,0.0,0.0333333333333333,0.0333333333333333,5.833333333333333,2.1333333333333333,DF,,defense,2
Chris Richards,us USA,DF,Crystal Palace,eng Premier League,24.0,2000.0,24,22,1922,21.4,1,0,1,1,0,0,1.4,1.4,0.1,1.5,0.07,12,6,50.0,0.56,0.28,0.08,0.17,0.12,684,857,79.8,12185,4230,0.6,2,23,1,1,5,0,2,5,39,9,0.42,2,0.09,47,30,24,17,6,58.5,19,66,121,13,0,1118,134,19,1,16.7,517,6,0,5,5,614,2,4,1,1,11,1,1,0,0,51,48,53.9,0.0468262226847034,0.0,0.0468262226847034,0.0468262226847034,0.0655567117585848,0.0655567117585848,0.0046826222684703,0.0702393340270551,0.0032778355879292,0.5619146722164412,0.2809573361082206,32.02913631633715,40.130072840790845,570.5775234131113,198.07492195629555,0.028095733610822,0.0936524453694068,1.0770031217481788,0.0468262226847034,0.0468262226847034,0.2341311134235171,0.0,0.0936524453694068,0.2341311134235171,1.826222684703434,2.200832466181061,1.404786680541103,1.1238293444328824,0.7960457856399583,0.2809573361082206,0.8896982310093652,3.0905306971904265,5.665972944849115,0.6087408949011447,52.35171696149844,6.274713839750261,0.8896982310093652,0.0468262226847034,24.209157127991677,0.2809573361082206,0.0,0.2341311134235171,0.2341311134235171,28.75130072840791,0.0936524453694068,0.1873048907388137,0.0468262226847034,0.5150884495317378,0.0468262226847034,0.0468262226847034,0.0,0.0,2.3881373569198754,2.247658688865765,DF,,defense,0
Diego Rico,es ESP,DF,Getafe,es La Liga,31.0,1993.0,33,32,2819,31.3,0,3,3,0,0,0,0.4,0.4,2.7,3.1,0.1,16,3,18.8,0.51,0.1,0.0,0.0,0.02,1058,1564,67.6,19166,10727,3.4,36,114,46,29,148,12,0,9,136,75,2.39,8,0.26,81,49,47,29,5,55.3,34,115,102,44,2,1929,78,11,6,42.9,694,27,3,48,13,772,84,9,1,0,38,2,1,0,0,132,26,57.8,0.0,0.0957786449095423,0.0957786449095423,0.0,0.0127704859879389,0.0127704859879389,0.0862007804185881,0.0989712664065271,0.0031926214969847,0.5108194395175594,0.0957786449095423,33.777935438098616,49.93260021284144,611.8978361120965,342.47250798155375,0.1085491308974813,1.1493437389145087,3.6395885065626112,1.4686058886129831,0.9258602341255764,4.725079815537425,0.3831145796381695,0.0,0.2873359347286272,4.341965235899255,2.5860234125576445,1.5643845335225257,1.5005321035828307,0.9258602341255764,0.1596310748492373,1.0854913089748135,3.6715147215324575,3.2564739269244414,1.4047534586732884,61.58566867683576,2.490244767648102,0.3511883646683221,0.1915572898190847,22.15679318907414,0.8620078041858815,0.0957786449095423,1.532458318552678,0.415040794608017,24.647037956722244,2.681802057467187,0.2873359347286272,0.0319262149698474,1.2131961688542037,0.0638524299396949,0.0319262149698474,0.0,0.0,4.214260376019865,0.830081589216034,DF,,defense,3
Lars Ritzka,de GER,"DF,MF",St. Pauli,de Bundesliga,26.0,1998.0,21,11,922,10.2,1,0,1,1,0,0,0.4,0.4,0.2,0.6,0.06,8,1,12.5,0.78,0.1,0.13,1.0,0.06,304,425,71.5,5109,1802,0.3,5,25,5,2,19,1,0,1,21,12,1.17,0,0.0,49,29,28,16,5,61.0,11,60,41,18,0,567,40,6,0,0.0,161,8,0,6,4,263,34,1,0,0,10,1,0,0,0,35,7,24.1,0.0976138828633405,0.0,0.0976138828633405,0.0976138828633405,0.0390455531453362,0.0390455531453362,0.0195227765726681,0.0585683297180043,0.0058568329718004,0.7809110629067245,0.0976138828633405,29.674620390455534,41.48590021691975,498.709327548807,175.90021691973968,0.0292841648590021,0.4880694143167028,2.4403470715835143,0.4880694143167028,0.1952277657266811,1.8546637744034709,0.0976138828633405,0.0,0.0976138828633405,2.049891540130152,4.783080260303688,2.8308026030368767,2.733188720173536,1.561822125813449,0.4880694143167028,1.0737527114967462,5.856832971800434,4.002169197396963,1.7570498915401302,55.347071583514094,3.9045553145336234,0.5856832971800434,0.0,15.715835140997832,0.7809110629067245,0.0,0.5856832971800434,0.3904555314533622,25.672451193058567,3.318872017353579,0.0976138828633405,0.0,0.9761388286334056,0.0976138828633405,0.0,0.0,0.0,3.4164859002169194,0.6832971800433839,DF,MF,defense,3
Andrew Robertson,sct SCO,DF,Liverpool,eng Premier League,30.0,1994.0,33,29,2482,27.6,0,1,1,0,0,0,1.2,1.2,4.6,5.8,0.21,15,2,13.3,0.54,0.07,0.0,0.0,0.08,1559,1885,82.7,26310,8407,4.3,40,150,31,17,147,59,4,6,176,80,2.9,4,0.14,39,22,25,10,4,60.8,21,60,54,35,2,2084,92,53,7,38.9,1107,64,6,25,13,1399,108,3,1,0,11,0,0,1,1,105,7,33.3,0.0,0.0362610797743755,0.0362610797743755,0.0,0.0435132957292506,0.0435132957292506,0.1668009669621273,0.2103142626913779,0.0076148267526188,0.5439161966156325,0.072522159548751,56.53102336825141,68.35213537469782,954.0290088638196,304.84689766317484,0.1559226430298146,1.45044319097502,5.439161966156325,1.1240934730056409,0.6164383561643836,5.3303787268332,2.139403706688155,0.145044319097502,0.217566478646253,6.381950040290089,1.4141821112006447,0.7977437550362612,0.9065269943593876,0.362610797743755,0.145044319097502,0.7614826752618856,2.17566478646253,1.9580983078162773,1.2691377921031428,75.56809024979856,3.3360193392425463,1.9218372280419016,0.2538275584206285,40.14101531023368,2.320709105560032,0.217566478646253,0.9065269943593876,0.4713940370668815,50.729250604351336,3.9161966156325545,0.1087832393231265,0.0362610797743755,0.3988718775181306,0.0,0.0,0.0362610797743755,0.0362610797743755,3.807413376309428,0.2538275584206285,DF,,defense,1
Antonee Robinson,us USA,DF,Fulham,eng Premier League,26.0,1997.0,36,35,3167,35.2,0,10,10,0,0,0,0.7,0.7,4.2,4.9,0.14,16,2,12.5,0.45,0.06,0.0,0.0,0.04,1595,2076,76.8,27385,10017,4.1,43,115,56,29,170,0,1,5,131,80,2.27,11,0.31,95,61,57,31,7,47.4,62,157,133,47,2,2523,139,70,38,45.8,1343,118,30,44,20,1509,274,8,0,0,31,0,0,0,0,157,50,65.8,0.0,0.2841806125670982,0.2841806125670982,0.0,0.0198926428796968,0.0198926428796968,0.1193558572781812,0.1392485001578781,0.0039785285759393,0.4546889801073571,0.0568361225134196,45.32680770445216,58.99589516892959,778.2286075149984,284.66371960846226,0.1165140511525102,1.2219766340385223,3.2680770445216294,1.5914114303757498,0.8241237764445848,4.831070413640669,0.0,0.0284180612567098,0.1420903062835491,3.722766024628986,2.699715819387433,1.733501736659299,1.6198294916324596,0.8809598989580043,0.1989264287969687,1.7619197979160086,4.461635617303442,3.779602147142406,1.3356488790653616,71.69876855067888,3.950110514682665,1.9892642879696876,1.0798863277549733,38.16545626776129,3.3533312282917587,0.8525418377012947,1.250394695295232,0.5683612251341964,42.88285443637512,7.786548784338491,0.2273444900536785,0.0,0.8809598989580043,0.0,0.0,0.0,0.0,4.461635617303442,1.420903062835491,DF,,defense,3
Javi Rodríguez,es ESP,DF,Celta Vigo,es La Liga,21.0,2003.0,36,26,2514,27.9,3,2,5,3,0,0,2.3,2.3,1.0,3.3,0.12,12,5,41.7,0.43,0.18,0.25,0.6,0.2,1488,1716,86.7,26876,8180,1.0,13,110,10,1,4,0,2,9,114,35,1.25,3,0.11,53,38,35,17,1,70.2,33,86,96,18,2,1994,121,23,10,45.5,1187,29,1,22,5,1411,51,7,0,0,37,3,0,0,0,87,40,53.3,0.107398568019093,0.071599045346062,0.1789976133651551,0.107398568019093,0.0823389021479713,0.0823389021479713,0.035799522673031,0.1181384248210023,0.0042959427207637,0.4295942720763723,0.1789976133651551,53.269689737470166,61.43198090692124,962.147971360382,292.8400954653938,0.035799522673031,0.4653937947494033,3.9379474940334127,0.3579952267303102,0.035799522673031,0.1431980906921241,0.0,0.071599045346062,0.3221957040572792,4.081145584725537,1.8973747016706444,1.360381861575179,1.2529832935560858,0.6085918854415274,0.035799522673031,1.181384248210024,3.0787589498806684,3.436754176610979,0.6443914081145585,71.38424821002387,4.3317422434367545,0.8233890214797137,0.3579952267303102,42.49403341288782,1.0381861575178997,0.035799522673031,0.7875894988066825,0.1789976133651551,50.51312649164678,1.8257756563245824,0.2505966587112171,0.0,1.324582338902148,0.107398568019093,0.0,0.0,0.0,3.114558472553699,1.431980906921241,DF,,defense,2
Ricardo Rodríguez,ch SUI,DF,Betis,es La Liga,31.0,1992.0,18,15,1274,14.2,0,1,1,0,0,0,0.2,0.2,0.4,0.6,0.04,5,1,20.0,0.35,0.07,0.0,0.0,0.04,610,744,82.0,9246,3362,0.6,7,50,8,5,15,0,0,3,63,27,1.91,2,0.14,28,15,16,5,7,65.4,8,36,51,8,0,866,39,7,4,57.1,434,19,1,4,3,498,32,0,0,0,12,0,0,0,0,55,27,61.4,0.0,0.0706436420722135,0.0706436420722135,0.0,0.0141287284144427,0.0141287284144427,0.0282574568288854,0.0423861852433281,0.0028257456828885,0.3532182103610675,0.0706436420722135,43.09262166405024,52.55886970172685,653.171114599686,237.5039246467818,0.0423861852433281,0.4945054945054945,3.532182103610675,0.565149136577708,0.3532182103610675,1.059654631083203,0.0,0.0,0.2119309262166404,4.450549450549451,1.978021978021978,1.059654631083203,1.130298273155416,0.3532182103610675,0.4945054945054945,0.565149136577708,2.5431711145996863,3.6028257456828885,0.565149136577708,61.177394034536896,2.7551020408163263,0.4945054945054945,0.282574568288854,30.65934065934066,1.3422291993720563,0.0706436420722135,0.282574568288854,0.2119309262166404,35.18053375196232,2.260596546310832,0.0,0.0,0.8477237048665619,0.0,0.0,0.0,0.0,3.885400313971743,1.9073783359497645,DF,,defense,3
Mads Roerslev,dk DEN,DF,Brentford,eng Premier League,25.0,1999.0,19,11,1101,12.2,0,2,2,0,0,0,0.2,0.2,3.0,3.2,0.26,5,2,40.0,0.41,0.16,0.0,0.0,0.04,422,536,78.7,6925,2249,2.1,14,37,11,4,31,0,0,1,51,21,1.72,2,0.16,18,8,14,3,1,39.3,4,22,35,11,0,645,49,20,7,36.8,352,17,0,9,6,406,54,2,0,0,6,1,0,0,0,39,10,41.7,0.0,0.1634877384196185,0.1634877384196185,0.0,0.0163487738419618,0.0163487738419618,0.2452316076294277,0.2615803814713896,0.0212534059945504,0.4087193460490463,0.1634877384196185,34.49591280653951,43.81471389645777,566.0762942779292,183.84196185286103,0.1716621253405994,1.1444141689373295,3.0245231607629424,0.8991825613079019,0.326975476839237,2.534059945504087,0.0,0.0,0.0817438692098092,4.168937329700272,1.4713896457765667,0.6539509536784741,1.1444141689373295,0.2452316076294277,0.0817438692098092,0.326975476839237,1.7983651226158035,2.861035422343324,0.8991825613079019,52.724795640326974,4.005449591280653,1.6348773841961854,0.5722070844686649,28.77384196185286,1.3896457765667576,0.0,0.7356948228882834,0.4904632152588555,33.188010899182565,4.4141689373297,0.1634877384196185,0.0,0.4904632152588555,0.0817438692098092,0.0,0.0,0.0,3.188010899182561,0.8174386920980927,DF,,defense,1
Alessio Romagnoli,it ITA,DF,Lazio,it Serie A,29.0,1995.0,32,31,2672,29.7,2,0,2,2,0,0,2.4,2.4,0.3,2.6,0.09,20,7,35.0,0.67,0.24,0.1,0.29,0.12,1624,1770,91.8,27954,9785,0.3,9,107,5,0,0,0,1,0,90,27,0.91,1,0.03,48,29,20,26,2,81.5,26,74,118,7,1,2042,270,41,1,33.3,1064,8,0,6,1,1371,4,4,2,0,29,0,0,0,0,96,84,64.1,0.0673652694610778,0.0,0.0673652694610778,0.0673652694610778,0.0808383233532934,0.0808383233532934,0.0101047904191616,0.0875748502994012,0.0030314371257485,0.6736526946107785,0.2357784431137724,54.700598802395206,59.61826347305389,941.5643712574852,329.58458083832335,0.0101047904191616,0.3031437125748503,3.604041916167665,0.1684131736526946,0.0,0.0,0.0,0.0336826347305389,0.0,3.031437125748503,1.616766467065868,0.9767964071856288,0.6736526946107785,0.875748502994012,0.0673652694610778,0.875748502994012,2.4925149700598803,3.974550898203593,0.2357784431137724,68.77994011976048,9.094311377245509,1.3809880239520955,0.0336826347305389,35.83832335329341,0.2694610778443114,0.0,0.2020958083832335,0.0336826347305389,46.17889221556886,0.1347305389221557,0.1347305389221557,0.0673652694610778,0.9767964071856288,0.0,0.0,0.0,0.0,3.2335329341317363,2.829341317365269,DF,,defense,0
Carlos Romero,es ESP,DF,Espanyol,es La Liga,22.0,2001.0,34,28,2554,28.4,2,1,3,2,0,0,2.0,2.0,2.1,4.2,0.15,29,6,20.7,1.02,0.21,0.07,0.33,0.07,719,1007,71.4,11960,4409,2.4,29,47,26,12,92,21,1,5,64,62,2.18,4,0.14,73,47,49,16,8,54.9,30,103,102,34,1,1366,114,29,22,42.3,593,50,12,33,13,656,113,7,0,0,34,1,0,2,0,125,14,36.8,0.0704776820673453,0.0352388410336726,0.105716523101018,0.0704776820673453,0.0704776820673453,0.0704776820673453,0.0740015661707126,0.1480031323414252,0.0052858261550509,1.0219263899765074,0.211433046202036,25.33672670321065,35.48551292090838,421.45653876272513,155.3680501174628,0.0845732184808144,1.0219263899765074,1.6562255285826153,0.9162098668754894,0.4228660924040721,3.2419733750978854,0.7400156617071261,0.0352388410336726,0.1761942051683633,2.255285826155051,2.572435395458105,1.6562255285826153,1.726703210649961,0.5638214565387627,0.2819107282693813,1.0571652310101802,3.629600626468285,3.5943617854346126,1.1981205951448708,48.13625685199688,4.0172278778386845,1.0219263899765074,0.7752545027407988,20.89663273296789,1.7619420516836335,0.4228660924040721,1.162881754111198,0.4581049334377447,23.116679718089276,3.981989036805012,0.2466718872357086,0.0,1.1981205951448708,0.0352388410336726,0.0,0.0704776820673453,0.0,4.404855129209084,0.4933437744714173,DF,,defense,3
Cristian Romero,ar ARG,DF,Tottenham,eng Premier League,26.0,1998.0,18,18,1416,15.7,1,0,1,1,0,0,1.6,1.6,0.6,2.2,0.14,16,8,50.0,1.02,0.51,0.06,0.13,0.1,1094,1223,89.5,20402,8197,0.8,7,109,8,1,3,0,4,2,71,20,1.27,4,0.25,35,29,26,8,1,70.0,21,56,57,7,2,1377,157,23,1,25.0,896,12,0,10,5,936,3,3,0,0,14,0,0,0,0,90,41,60.3,0.0635593220338983,0.0,0.0635593220338983,0.0635593220338983,0.1016949152542373,0.1016949152542373,0.0381355932203389,0.1398305084745763,0.0088983050847457,1.0169491525423728,0.5084745762711864,69.53389830508475,77.73305084745763,1296.7372881355932,520.9957627118645,0.0508474576271186,0.4449152542372881,6.927966101694915,0.5084745762711864,0.0635593220338983,0.1906779661016949,0.0,0.2542372881355932,0.1271186440677966,4.51271186440678,2.2245762711864407,1.8432203389830508,1.652542372881356,0.5084745762711864,0.0635593220338983,1.3347457627118644,3.5593220338983054,3.6228813559322033,0.4449152542372881,87.52118644067797,9.978813559322036,1.461864406779661,0.0635593220338983,56.949152542372886,0.7627118644067796,0.0,0.635593220338983,0.3177966101694915,59.49152542372882,0.1906779661016949,0.1906779661016949,0.0,0.8898305084745763,0.0,0.0,0.0,0.0,5.720338983050847,2.6059322033898304,DF,,defense,2
Lasse Rosenboom,de GER,DF,Holstein Kiel,de Bundesliga,22.0,2002.0,26,21,1734,19.3,2,2,4,2,0,0,1.9,1.9,1.1,3.0,0.16,12,5,41.7,0.62,0.26,0.17,0.4,0.16,329,505,65.1,6079,2248,1.2,14,36,8,4,18,0,1,1,34,25,1.3,3,0.16,47,35,25,16,6,68.1,19,66,71,22,3,780,77,36,7,36.8,284,19,3,36,13,335,50,3,0,0,19,1,0,0,0,57,30,43.5,0.1038062283737024,0.1038062283737024,0.2076124567474048,0.1038062283737024,0.0986159169550173,0.0986159169550173,0.0570934256055363,0.1557093425605536,0.0083044982698961,0.6228373702422145,0.2595155709342561,17.07612456747405,26.21107266435986,315.51903114186854,116.67820069204151,0.0622837370242214,0.7266435986159169,1.868512110726644,0.4152249134948097,0.2076124567474048,0.9342560553633218,0.0,0.0519031141868512,0.0519031141868512,1.7647058823529411,2.439446366782007,1.816608996539792,1.2975778546712802,0.8304498269896194,0.3114186851211072,0.9861591695501732,3.42560553633218,3.685121107266436,1.1418685121107266,40.484429065743946,3.996539792387544,1.868512110726644,0.3633217993079584,14.740484429065743,0.9861591695501732,0.1557093425605536,1.868512110726644,0.6747404844290658,17.387543252595155,2.5951557093425603,0.1557093425605536,0.0,0.9861591695501732,0.0519031141868512,0.0,0.0,0.0,2.958477508650519,1.5570934256055364,DF,,defense,3
Max Rosenfelder,de GER,DF,Freiburg,de Bundesliga,21.0,2003.0,25,13,1249,13.9,1,0,1,1,0,0,0.4,0.4,0.7,1.0,0.08,5,1,20.0,0.36,0.07,0.2,1.0,0.08,576,675,85.3,9763,2723,0.2,5,23,4,0,9,0,0,0,29,15,1.08,1,0.07,27,17,17,10,0,73.7,7,34,65,18,0,826,94,11,14,56.0,445,24,4,5,2,515,18,2,0,0,9,1,0,2,0,60,12,35.3,0.0720576461168935,0.0,0.0720576461168935,0.0720576461168935,0.0288230584467574,0.0288230584467574,0.0504403522818254,0.0720576461168935,0.0057646116893514,0.3602882305844676,0.0720576461168935,41.50520416333067,48.638911128903125,703.4987990392314,196.21297037630103,0.0144115292233787,0.3602882305844676,1.657325860688551,0.288230584467574,0.0,0.6485188150520417,0.0,0.0,0.0,2.089671737389912,1.945556445156125,1.2249799839871898,1.2249799839871898,0.7205764611689351,0.0,0.5044035228182546,2.4499599679743795,4.683746997598078,1.2970376301040831,59.51961569255404,6.77341873498799,0.7926341072858287,1.0088070456365092,32.065652522017615,1.7293835068054442,0.288230584467574,0.3602882305844676,0.144115292233787,37.10968775020016,1.2970376301040831,0.144115292233787,0.0,0.6485188150520417,0.0720576461168935,0.0,0.144115292233787,0.0,4.323458767013611,0.8646917534027221,DF,,defense,2
Valentin Rosier,fr FRA,DF,Leganés,es La Liga,27.0,1996.0,32,28,2595,28.8,1,2,3,1,0,0,0.9,0.9,1.1,2.0,0.07,14,4,28.6,0.49,0.14,0.07,0.25,0.06,956,1206,79.3,14806,5646,1.3,11,72,17,4,39,0,0,2,74,35,1.21,6,0.21,72,52,48,16,8,63.2,52,124,149,27,2,1615,149,28,23,51.1,746,41,7,31,21,802,89,8,0,0,44,0,0,0,0,121,26,60.5,0.0346820809248554,0.0693641618497109,0.1040462427745664,0.0346820809248554,0.0312138728323699,0.0312138728323699,0.038150289017341,0.0693641618497109,0.0024277456647398,0.4855491329479769,0.1387283236994219,33.15606936416185,41.82658959537572,513.5028901734104,195.8150289017341,0.0450867052023121,0.3815028901734104,2.4971098265895955,0.5895953757225433,0.1387283236994219,1.352601156069364,0.0,0.0,0.0693641618497109,2.566473988439306,2.4971098265895955,1.803468208092485,1.6647398843930636,0.5549132947976879,0.2774566473988439,1.803468208092485,4.300578034682081,5.167630057803468,0.9364161849710982,56.01156069364162,5.167630057803468,0.9710982658959538,0.7976878612716763,25.872832369942195,1.4219653179190752,0.2427745664739884,1.0751445086705202,0.7283236994219653,27.815028901734102,3.086705202312139,0.2774566473988439,0.0,1.5260115606936415,0.0,0.0,0.0,0.0,4.196531791907514,0.9017341040462428,DF,,defense,3
Tom Rothe,de GER,"DF,MF",Union Berlin,de Bundesliga,19.0,2004.0,26,19,1670,18.6,3,3,6,3,0,0,1.8,1.8,1.3,3.1,0.17,23,9,39.1,1.24,0.49,0.13,0.33,0.08,547,803,68.1,8464,3573,1.5,12,34,15,8,46,0,1,4,50,35,1.89,7,0.38,45,28,27,15,3,56.9,18,63,57,36,1,1074,65,38,5,25.0,456,25,3,23,31,522,91,4,1,0,25,3,1,0,0,77,43,49.4,0.1616766467065868,0.1616766467065868,0.3233532934131736,0.1616766467065868,0.097005988023952,0.097005988023952,0.0700598802395209,0.167065868263473,0.0091616766467065,1.2395209580838322,0.4850299401197604,29.479041916167663,43.2754491017964,456.1437125748503,192.5568862275449,0.0808383233532934,0.6467065868263473,1.8323353293413172,0.8083832335329341,0.4311377245508982,2.4790419161676644,0.0,0.0538922155688622,0.2155688622754491,2.694610778443114,2.4251497005988023,1.5089820359281436,1.4550898203592817,0.8083832335329341,0.1616766467065868,0.9700598802395208,3.395209580838323,3.07185628742515,1.9401197604790417,57.880239520958085,3.502994011976048,2.0479041916167664,0.2694610778443114,24.5748502994012,1.347305389221557,0.1616766467065868,1.2395209580838322,1.6706586826347307,28.131736526946103,4.904191616766466,0.2155688622754491,0.0538922155688622,1.347305389221557,0.1616766467065868,0.0538922155688622,0.0,0.0,4.149700598802395,2.317365269461078,DF,MF,defense,1
Anthony Rouault,fr FRA,DF,Rennes,fr Ligue 1,23.0,2001.0,11,11,972,10.8,0,0,0,0,0,0,0.5,0.5,0.0,0.5,0.05,7,3,42.9,0.65,0.28,0.0,0.0,0.07,623,680,91.6,12133,4445,0.2,1,39,2,0,0,0,0,1,36,10,0.93,0,0.0,12,8,10,2,0,100.0,8,20,65,7,0,786,119,9,0,,485,3,0,1,2,557,0,3,0,0,7,0,0,0,0,48,28,65.1,0.0,0.0,0.0,0.0,0.0462962962962963,0.0462962962962963,0.0,0.0462962962962963,0.0046296296296296,0.6481481481481481,0.2777777777777778,57.68518518518518,62.96296296296297,1123.425925925926,411.5740740740741,0.0185185185185185,0.0925925925925926,3.611111111111111,0.1851851851851852,0.0,0.0,0.0,0.0,0.0925925925925926,3.333333333333333,1.1111111111111112,0.7407407407407408,0.925925925925926,0.1851851851851852,0.0,0.7407407407407408,1.851851851851852,6.018518518518519,0.6481481481481481,72.77777777777779,11.01851851851852,0.8333333333333333,0.0,44.907407407407405,0.2777777777777778,0.0,0.0925925925925926,0.1851851851851852,51.57407407407408,0.0,0.2777777777777778,0.0,0.6481481481481481,0.0,0.0,0.0,0.0,4.444444444444445,2.592592592592593,DF,,defense,0
Anthony Rouault,fr FRA,DF,Stuttgart,de Bundesliga,23.0,2001.0,18,14,1212,13.5,1,0,1,1,0,0,0.5,0.5,0.3,0.8,0.06,5,1,20.0,0.37,0.07,0.2,1.0,0.1,787,874,90.0,14146,5635,0.5,6,49,1,0,1,0,1,0,52,11,0.82,0,0.0,15,11,10,3,2,66.7,19,34,63,3,1,1014,125,11,2,40.0,573,6,0,4,4,697,4,1,0,0,18,1,0,0,0,63,33,61.1,0.0742574257425742,0.0,0.0742574257425742,0.0742574257425742,0.0371287128712871,0.0371287128712871,0.0222772277227722,0.0594059405940594,0.0044554455445544,0.3712871287128712,0.0742574257425742,58.44059405940594,64.9009900990099,1050.4455445544554,418.440594059406,0.0371287128712871,0.4455445544554455,3.6386138613861374,0.0742574257425742,0.0,0.0742574257425742,0.0,0.0742574257425742,0.0,3.861386138613861,1.113861386138614,0.8168316831683169,0.7425742574257425,0.2227722772277227,0.1485148514851485,1.4108910891089108,2.5247524752475248,4.678217821782178,0.2227722772277227,75.29702970297029,9.282178217821782,0.8168316831683169,0.1485148514851485,42.54950495049505,0.4455445544554455,0.0,0.297029702970297,0.297029702970297,51.757425742574256,0.297029702970297,0.0742574257425742,0.0,1.3366336633663365,0.0742574257425742,0.0,0.0,0.0,4.678217821782178,2.4504950495049505,DF,,defense,0
Amir Rrahmani,xk KVX,DF,Napoli,it Serie A,30.0,1994.0,38,38,3406,37.8,1,3,4,1,0,0,2.9,2.9,1.1,4.0,0.11,28,3,10.7,0.74,0.08,0.04,0.33,0.1,2531,2781,91.0,49903,17211,0.7,11,202,9,0,1,0,2,15,188,42,1.11,4,0.11,39,31,19,19,1,64.0,27,66,179,11,2,3152,268,34,4,66.7,1859,30,0,9,6,2254,2,2,0,0,42,0,0,0,1,135,124,69.3,0.0264239577216676,0.0792718731650029,0.1056958308866705,0.0264239577216676,0.0766294773928361,0.0766294773928361,0.0290663534938344,0.1056958308866705,0.0029066353493834,0.739870816206694,0.0792718731650029,66.87903699354081,73.48502642395772,1318.6347621843806,454.7827363476218,0.0184967704051673,0.290663534938344,5.337639459776864,0.2378156194950088,0.0,0.0264239577216676,0.0,0.0528479154433352,0.3963593658250146,4.967704051673517,1.0305343511450382,0.8191426893716971,0.5020551967116853,0.5020551967116853,0.0264239577216676,0.7134468584850264,1.7439812096300646,4.729888432178509,0.290663534938344,83.28831473869641,7.081620669406929,0.8984145625366999,0.1056958308866705,49.12213740458015,0.7927187316500293,0.0,0.2378156194950088,0.1585437463300058,59.55960070463888,0.0528479154433352,0.0528479154433352,0.0,1.109806224310041,0.0,0.0,0.0,0.0264239577216676,3.567234292425132,3.2765707574867884,DF,,defense,2
Antonio Rüdiger,de GER,DF,Real Madrid,es La Liga,31.0,1993.0,29,26,2291,25.5,0,0,0,0,0,0,1.7,1.7,0.5,2.3,0.09,24,4,16.7,0.94,0.16,0.0,0.0,0.07,1706,1858,91.8,32076,10610,0.9,7,117,6,1,4,0,3,18,94,28,1.1,2,0.08,20,13,14,6,0,73.3,9,29,96,5,1,2069,233,23,3,42.9,1373,20,2,7,2,1584,4,3,0,0,15,3,2,1,0,102,35,59.3,0.0,0.0,0.0,0.0,0.0667830641641204,0.0667830641641204,0.0196420776953295,0.0903535573985159,0.0035355739851593,0.9428197293758184,0.1571366215626363,67.01876909646442,72.9899607158446,1260.0785683107813,416.80488869489307,0.0353557398515931,0.2749890877346137,4.596246180707115,0.2357049323439546,0.039284155390659,0.1571366215626363,0.0,0.1178524661719773,0.7071147970318639,3.6927106067219553,0.7856831078131821,0.5106940200785683,0.5499781754692274,0.2357049323439546,0.0,0.3535573985159319,1.139240506329114,3.7712789175032735,0.1964207769532955,81.27891750327368,9.15320820602357,0.9035355739851594,0.1178524661719773,53.937145351374944,0.7856831078131821,0.0785683107813181,0.2749890877346137,0.0785683107813181,62.226102138804016,0.1571366215626363,0.1178524661719773,0.0,0.5892623308598864,0.1178524661719773,0.0785683107813181,0.039284155390659,0.0,4.006983849847228,1.3749454386730684,DF,,defense,2
Matteo Ruggeri,it ITA,DF,Atalanta,it Serie A,22.0,2002.0,30,19,1751,19.5,0,3,3,0,0,0,0.2,0.2,2.0,2.2,0.11,3,2,66.7,0.15,0.1,0.0,0.0,0.08,1107,1315,84.2,17350,4754,1.8,24,67,24,21,82,6,0,2,114,39,2.0,4,0.21,39,24,15,14,10,64.1,22,61,50,25,1,1479,50,13,6,54.5,785,60,0,13,4,973,104,2,0,0,12,0,0,0,0,124,23,60.5,0.0,0.1541976013706453,0.1541976013706453,0.0,0.0102798400913763,0.0102798400913763,0.1027984009137635,0.1130782410051399,0.0056539120502569,0.1541976013706453,0.1027984009137635,56.89891490576814,67.58994860079954,891.776127926899,244.351798972016,0.0925185608223872,1.2335808109651627,3.443746430611079,1.2335808109651627,1.0793832095945175,4.2147344374643065,0.3083952027412907,0.0,0.1027984009137635,5.859508852084523,2.0045688178183894,1.2335808109651627,0.7709880068532267,0.7195888063963449,0.5139920045688178,1.1307824100513992,3.135351227869789,2.5699600228440893,1.2849800114220449,76.01941747572815,2.5699600228440893,0.6681896059394632,0.3083952027412907,40.3483723586522,3.083952027412906,0.0,0.6681896059394632,0.2055968018275271,50.01142204454597,5.3455168475157055,0.1027984009137635,0.0,0.6167904054825813,0.0,0.0,0.0,0.0,6.373500856653341,1.182181610508281,DF,,defense,3
Aitor Ruibal,es ESP,"DF,FW",Betis,es La Liga,28.0,1996.0,29,13,1313,14.6,1,3,4,1,0,0,0.9,0.9,2.4,3.3,0.23,16,4,25.0,1.1,0.27,0.06,0.25,0.06,495,612,80.9,7589,3113,1.9,20,36,12,6,32,2,1,1,50,36,2.46,4,0.27,32,23,22,4,6,53.2,14,46,40,14,1,790,45,33,14,51.9,398,21,7,27,16,459,64,5,0,0,10,1,0,0,0,71,7,35.0,0.0685453160700685,0.2056359482102056,0.2741812642802742,0.0685453160700685,0.0616907844630616,0.0616907844630616,0.1645087585681645,0.2261995430312262,0.0157654226961157,1.0967250571210967,0.2741812642802742,33.92993145468393,41.94973343488195,520.1904036557502,213.3815689261234,0.1302361005331302,1.3709063214013708,2.4676313785224675,0.8225437928408226,0.4112718964204113,2.1934501142421934,0.1370906321401371,0.0685453160700685,0.0685453160700685,3.427265803503427,2.1934501142421934,1.5765422696115765,1.507996953541508,0.2741812642802742,0.4112718964204113,0.9596344249809596,3.153084539223153,2.7418126428027416,0.9596344249809596,54.15079969535415,3.0845392231530844,2.261995430312262,0.9596344249809596,27.28103579588728,1.4394516374714394,0.4798172124904798,1.8507235338918508,1.0967250571210967,31.462300076161466,4.386900228484387,0.3427265803503427,0.0,0.6854531607006854,0.0685453160700685,0.0,0.0,0.0,4.866717440974867,0.4798172124904798,DF,FW,defense,3
Julian Ryerson,no NOR,DF,Dortmund,de Bundesliga,26.0,1997.0,29,27,2259,25.1,2,3,5,2,0,0,0.7,0.7,4.5,5.2,0.21,18,5,27.8,0.72,0.2,0.11,0.4,0.04,1234,1447,85.3,20090,5214,4.8,36,82,31,22,110,22,1,4,92,56,2.23,5,0.2,46,30,26,13,7,56.8,22,68,26,31,1,1684,39,39,36,57.1,1002,66,12,42,20,1090,136,6,1,1,31,0,0,0,0,120,10,30.3,0.0796812749003984,0.1195219123505976,0.199203187250996,0.0796812749003984,0.0278884462151394,0.0278884462151394,0.1792828685258964,0.2071713147410358,0.0083665338645418,0.7171314741035857,0.199203187250996,49.16334661354582,57.64940239043824,800.398406374502,207.72908366533864,0.1912350597609561,1.4342629482071714,3.266932270916335,1.235059760956175,0.8764940239043825,4.382470119521912,0.8764940239043825,0.0398406374501992,0.1593625498007968,3.665338645418327,1.8326693227091635,1.195219123505976,1.0358565737051793,0.5179282868525896,0.2788844621513944,0.8764940239043825,2.7091633466135456,1.0358565737051793,1.235059760956175,67.09163346613545,1.5537848605577689,1.5537848605577689,1.4342629482071714,39.9203187250996,2.6294820717131477,0.4780876494023904,1.6733067729083666,0.796812749003984,43.42629482071713,5.418326693227091,0.2390438247011952,0.0398406374501992,1.235059760956175,0.0,0.0,0.0,0.0,4.780876494023905,0.398406374501992,DF,,defense,1
Youssouf Sabaly,sn SEN,DF,Betis,es La Liga,31.0,1993.0,22,20,1581,17.6,0,1,1,0,0,0,0.2,0.2,0.8,1.0,0.06,5,0,0.0,0.28,0.0,0.0,,0.04,862,994,86.7,11913,4253,0.9,11,49,7,5,31,0,2,3,62,19,1.08,3,0.17,40,25,21,15,4,75.0,13,53,40,20,0,1170,43,26,8,40.0,620,25,4,27,12,680,63,1,0,0,18,0,0,0,0,87,9,40.9,0.0,0.0569259962049335,0.0569259962049335,0.0,0.0113851992409867,0.0113851992409867,0.0455407969639468,0.0569259962049335,0.003415559772296,0.2846299810246679,0.0,49.07020872865274,56.58444022770398,678.1593927893738,242.10626185958253,0.0512333965844402,0.6261859582542695,2.789373814041746,0.3984819734345351,0.2846299810246679,1.7647058823529411,0.0,0.1138519924098671,0.1707779886148007,3.5294117647058822,2.2770398481973437,1.4231499051233396,1.1954459203036054,0.8538899430740038,0.2277039848197343,0.7400379506641366,3.01707779886148,2.2770398481973437,1.1385199240986716,66.60341555977229,2.447817836812144,1.4800759013282732,0.4554079696394687,35.294117647058826,1.4231499051233396,0.2277039848197343,1.537001897533207,0.683111954459203,38.70967741935484,3.586337760910816,0.0569259962049335,0.0,1.0246679316888043,0.0,0.0,0.0,0.0,4.952561669829223,0.5123339658444023,DF,,defense,3
Stefano Sabelli,it ITA,DF,Genoa,it Serie A,31.0,1993.0,34,23,2058,22.9,0,2,2,0,0,0,0.1,0.1,1.9,2.1,0.09,6,1,16.7,0.26,0.04,0.0,0.0,0.02,825,1204,68.5,15435,7657,1.7,18,79,31,12,60,3,3,4,88,38,1.66,2,0.09,58,31,27,25,6,38.5,22,80,65,28,0,1428,61,10,4,30.8,641,36,1,22,4,759,43,3,0,0,25,2,0,0,0,92,16,38.1,0.0,0.0874635568513119,0.0874635568513119,0.0,0.0043731778425655,0.0043731778425655,0.0830903790087463,0.0918367346938775,0.003935860058309,0.2623906705539358,0.0437317784256559,36.07871720116618,52.6530612244898,675.0,334.8542274052478,0.0743440233236151,0.7871720116618076,3.454810495626822,1.3556851311953353,0.5247813411078717,2.6239067055393583,0.1311953352769679,0.1311953352769679,0.1749271137026239,3.848396501457726,2.5364431486880465,1.3556851311953353,1.1807580174927117,1.0932944606413997,0.2623906705539358,0.9620991253644317,3.498542274052478,2.842565597667638,1.2244897959183674,62.44897959183673,2.667638483965015,0.4373177842565597,0.1749271137026239,28.032069970845484,1.5743440233236152,0.0437317784256559,0.9620991253644317,0.1749271137026239,33.19241982507289,1.8804664723032072,0.1311953352769679,0.0,1.0932944606413997,0.0874635568513119,0.0,0.0,0.0,4.02332361516035,0.6997084548104956,DF,,defense,1
Falaye Sacko,ml MLI,DF,Montpellier,fr Ligue 1,29.0,1995.0,16,14,1233,13.7,0,1,1,0,0,0,0.0,0.0,0.2,0.2,0.01,0,0,,0.0,0.0,,,,542,648,83.6,8853,3284,0.2,7,37,2,1,12,0,0,2,59,20,1.57,1,0.08,14,8,9,4,1,47.4,13,27,21,14,0,734,40,8,2,22.2,371,21,4,9,1,421,34,1,0,0,15,0,0,2,0,52,8,36.4,0.0,0.072992700729927,0.072992700729927,0.0,0.0,0.0,0.0145985401459854,0.0145985401459854,0.0007299270072992,0.0,0.0,39.56204379562044,47.29927007299271,646.2043795620438,239.7080291970803,0.0145985401459854,0.510948905109489,2.7007299270072997,0.145985401459854,0.072992700729927,0.8759124087591241,0.0,0.0,0.145985401459854,4.306569343065694,1.021897810218978,0.5839416058394161,0.656934306569343,0.291970802919708,0.072992700729927,0.948905109489051,1.9708029197080288,1.532846715328467,1.021897810218978,53.57664233576642,2.9197080291970803,0.5839416058394161,0.145985401459854,27.08029197080292,1.532846715328467,0.291970802919708,0.656934306569343,0.072992700729927,30.72992700729927,2.4817518248175183,0.072992700729927,0.0,1.094890510948905,0.0,0.0,0.145985401459854,0.0,3.795620437956204,0.5839416058394161,DF,,defense,1
Alexis Saelemaekers,be BEL,"DF,FW",Roma,it Serie A,25.0,1999.0,22,17,1389,15.4,7,3,10,7,0,0,2.5,2.5,2.6,5.1,0.33,25,12,48.0,1.62,0.78,0.28,0.58,0.1,630,773,81.5,9155,2444,2.0,24,35,22,7,53,6,3,5,53,55,3.57,10,0.65,33,20,22,7,4,51.4,9,42,8,20,1,945,11,47,22,42.3,582,39,14,39,14,709,136,4,0,0,13,4,2,0,0,75,8,72.7,0.4535637149028077,0.1943844492440604,0.6479481641468683,0.4535637149028077,0.161987041036717,0.161987041036717,0.1684665226781857,0.3304535637149028,0.0213822894168466,1.6198704103671706,0.7775377969762419,40.8207343412527,50.08639308855292,593.1965442764579,158.3585313174946,0.1295896328293736,1.5550755939524838,2.267818574514039,1.42548596112311,0.4535637149028077,3.4341252699784017,0.3887688984881209,0.1943844492440604,0.3239740820734341,3.4341252699784017,2.138228941684665,1.2958963282937366,1.42548596112311,0.4535637149028077,0.2591792656587472,0.5831533477321814,2.7213822894168467,0.5183585313174945,1.2958963282937366,61.231101511879054,0.712742980561555,3.0453563714902807,1.42548596112311,37.71058315334773,2.526997840172786,0.9071274298056154,2.526997840172786,0.9071274298056154,45.93952483801296,8.812095032397409,0.2591792656587472,0.0,0.8423326133909288,0.2591792656587472,0.1295896328293736,0.0,0.0,4.859611231101511,0.5183585313174945,DF,FW,defense,1
Jorge Sáenz,es ESP,DF,Leganés,es La Liga,27.0,1996.0,23,19,1690,18.8,1,0,1,1,0,0,1.3,1.3,0.1,1.4,0.07,8,3,37.5,0.43,0.16,0.13,0.33,0.16,752,898,83.7,14899,5767,0.3,2,35,1,0,0,0,0,7,36,10,0.53,0,0.0,37,23,18,18,1,55.0,25,62,161,2,0,1181,153,12,4,57.1,579,5,0,6,1,687,2,4,1,0,30,1,0,1,1,58,41,51.9,0.0532544378698224,0.0,0.0532544378698224,0.0532544378698224,0.0692307692307692,0.0692307692307692,0.0053254437869822,0.0745562130177514,0.0037278106508875,0.4260355029585799,0.1597633136094674,40.04733727810651,47.82248520710059,793.4378698224853,307.1183431952663,0.0159763313609467,0.1065088757396449,1.8639053254437872,0.0532544378698224,0.0,0.0,0.0,0.0,0.3727810650887574,1.9171597633136093,1.970414201183432,1.2248520710059172,0.9585798816568049,0.9585798816568049,0.0532544378698224,1.331360946745562,3.3017751479289936,8.573964497041421,0.1065088757396449,62.89349112426036,8.14792899408284,0.6390532544378698,0.2130177514792899,30.83431952662722,0.2662721893491124,0.0,0.3195266272189349,0.0532544378698224,36.58579881656805,0.1065088757396449,0.2130177514792899,0.0532544378698224,1.5976331360946745,0.0532544378698224,0.0,0.0532544378698224,0.0532544378698224,3.088757396449704,2.183431952662722,DF,,defense,0
Modibo Sagnan,ml MLI,DF,Montpellier,fr Ligue 1,25.0,1999.0,27,24,2141,23.8,2,0,2,2,0,0,0.7,0.7,0.6,1.3,0.06,11,3,27.3,0.46,0.13,0.18,0.67,0.07,857,967,88.6,17324,5954,0.5,6,45,3,0,1,0,0,12,51,15,0.66,2,0.09,57,35,38,16,3,59.1,29,86,110,7,5,1224,177,17,13,65.0,657,13,0,8,9,762,3,10,0,0,33,1,0,1,0,90,37,48.7,0.0840728631480616,0.0,0.0840728631480616,0.0840728631480616,0.0294255021018215,0.0294255021018215,0.0252218589444184,0.05464736104624,0.0025221858944418,0.462400747314339,0.1261092947220924,36.02522185894442,40.649229332087806,728.2391405885099,250.2849135917796,0.0210182157870154,0.2522185894441849,1.8916394208313876,0.1261092947220924,0.0,0.0420364315740308,0.0,0.0,0.5044371788883699,2.143858010275572,2.396076599719757,1.471275105091079,1.5973843998131716,0.6725829051844932,0.1261092947220924,1.219056515646894,3.615133115366651,4.624007473143391,0.2942550210182157,51.45259224661373,7.440448388603457,0.714619336758524,0.5464736104624007,27.61793554413825,0.5464736104624007,0.0,0.3362914525922466,0.3783278841662774,32.03176085941149,0.1261092947220924,0.4203643157403082,0.0,1.3872022419430172,0.0420364315740308,0.0,0.0420364315740308,0.0,3.783278841662775,1.5553479682391405,DF,,defense,0
Théo Sainte-Luce,fr FRA,DF,Montpellier,fr Ligue 1,25.0,1998.0,16,11,1018,11.3,1,0,1,1,0,0,1.0,1.0,0.8,1.8,0.17,8,4,50.0,0.71,0.35,0.13,0.25,0.15,257,347,74.1,3744,1534,0.8,8,14,8,5,23,0,0,0,22,12,1.11,0,0.0,24,11,16,4,4,48.5,12,36,33,8,1,490,45,18,12,60.0,199,19,5,20,8,237,33,3,0,0,8,0,0,0,0,38,15,51.7,0.0884086444007858,0.0,0.0884086444007858,0.0884086444007858,0.0884086444007858,0.0884086444007858,0.0707269155206287,0.1591355599214145,0.0150294695481335,0.7072691552062867,0.3536345776031434,22.72102161100197,30.677799607072693,331.00196463654225,135.6188605108055,0.0707269155206287,0.7072691552062867,1.237721021611002,0.7072691552062867,0.4420432220039292,2.033398821218075,0.0,0.0,0.0,1.9449901768172888,2.1218074656188604,0.9724950884086444,1.4145383104125735,0.3536345776031434,0.3536345776031434,1.0609037328094302,3.1827111984282905,2.9174852652259333,0.7072691552062867,43.32023575638507,3.978388998035364,1.5913555992141453,1.0609037328094302,17.593320235756384,1.6797642436149314,0.4420432220039292,1.768172888015717,0.7072691552062867,20.952848722986246,2.9174852652259333,0.2652259332023575,0.0,0.7072691552062867,0.0,0.0,0.0,0.0,3.3595284872298627,1.3261296660117878,DF,,defense,3
Kike Salas,es ESP,DF,Sevilla,es La Liga,22.0,2002.0,31,25,2238,24.9,3,2,5,3,0,0,1.9,1.9,0.6,2.5,0.1,23,6,26.1,0.92,0.24,0.13,0.5,0.08,1109,1412,78.5,21141,7603,0.9,6,69,3,1,9,0,1,13,59,17,0.68,4,0.16,47,28,24,16,7,58.7,32,79,146,16,0,1710,177,27,3,60.0,717,7,0,11,2,1022,18,6,0,0,21,0,0,0,0,95,77,70.0,0.1206434316353887,0.0804289544235924,0.2010723860589812,0.1206434316353887,0.0764075067024128,0.0764075067024128,0.0241286863270777,0.1005361930294906,0.0040214477211796,0.9249329758713136,0.2412868632707774,44.59785522788204,56.7828418230563,850.1742627345845,305.75067024128685,0.0361930294906166,0.2412868632707774,2.774798927613941,0.1206434316353887,0.0402144772117962,0.3619302949061662,0.0,0.0402144772117962,0.5227882037533512,2.3726541554959786,1.8900804289544235,1.126005361930295,0.96514745308311,0.6434316353887399,0.2815013404825737,1.28686327077748,3.176943699731904,5.871313672922252,0.6434316353887399,68.76675603217157,7.117962466487936,1.0857908847184985,0.1206434316353887,28.83378016085791,0.2815013404825737,0.0,0.4423592493297587,0.0804289544235924,41.09919571045577,0.7238605898123325,0.2412868632707774,0.0,0.8445040214477211,0.0,0.0,0.0,0.0,3.820375335120644,3.0965147453083106,DF,,defense,0
William Saliba,fr FRA,DF,Arsenal,eng Premier League,23.0,2001.0,35,35,3039,33.8,2,0,2,2,0,0,2.3,2.3,0.9,3.1,0.09,6,2,33.3,0.18,0.06,0.33,1.0,0.38,2413,2559,94.3,41458,12540,1.3,7,180,6,0,3,0,1,10,138,27,0.8,1,0.03,62,37,37,23,2,75.0,21,83,119,4,7,2824,190,18,12,63.2,1756,16,1,19,8,2137,6,2,1,0,28,0,0,1,0,154,61,62.9,0.0592300098716683,0.0,0.0592300098716683,0.0592300098716683,0.0681145113524185,0.0681145113524185,0.0266535044422507,0.0918065153010859,0.002665350444225,0.1776900296150049,0.0592300098716683,71.46100691016782,75.7847976307996,1227.7788746298124,371.3721618953603,0.0384995064165844,0.2073050345508391,5.330700888450148,0.1776900296150049,0.0,0.0888450148075024,0.0,0.0296150049358341,0.2961500493583415,4.086870681145114,1.8361303060217176,1.0957551826258638,1.0957551826258638,0.6811451135241856,0.0592300098716683,0.6219151036525173,2.458045409674235,3.5241855873642645,0.1184600197433366,83.63277393879567,5.62685093780849,0.5330700888450148,0.3553800592300098,52.00394866732478,0.4738400789733465,0.0296150049358341,0.562685093780849,0.2369200394866732,63.2872655478776,0.1776900296150049,0.0592300098716683,0.0296150049358341,0.8292201382033564,0.0,0.0,0.0296150049358341,0.0,4.56071076011846,1.8065153010858837,DF,,defense,2
Mohammed Salisu,gh GHA,DF,Monaco,fr Ligue 1,25.0,1999.0,15,11,1023,11.4,1,0,1,1,0,0,0.8,0.8,0.1,0.8,0.07,8,4,50.0,0.7,0.35,0.13,0.25,0.1,662,775,85.4,11709,5228,0.2,3,51,2,0,0,0,0,3,68,14,1.23,1,0.09,28,18,16,11,1,81.3,16,44,54,7,2,905,106,14,0,0.0,545,8,0,6,1,596,3,2,0,0,9,0,0,0,0,55,35,66.0,0.0879765395894428,0.0,0.0879765395894428,0.0879765395894428,0.0703812316715542,0.0703812316715542,0.0087976539589442,0.0703812316715542,0.0061583577712609,0.7038123167155426,0.3519061583577713,58.240469208211145,68.18181818181819,1030.1173020527858,459.94134897360703,0.0175953079178885,0.2639296187683284,4.486803519061583,0.1759530791788856,0.0,0.0,0.0,0.0,0.2639296187683284,5.982404692082112,2.463343108504399,1.5835777126099708,1.4076246334310851,0.967741935483871,0.0879765395894428,1.4076246334310851,3.870967741935484,4.750733137829912,0.6158357771260997,79.61876832844575,9.32551319648094,1.2316715542521994,0.0,47.94721407624633,0.7038123167155426,0.0,0.5278592375366569,0.0879765395894428,52.43401759530792,0.2639296187683284,0.1759530791788856,0.0,0.7917888563049854,0.0,0.0,0.0,0.0,4.838709677419355,3.0791788856304985,DF,,defense,2
Javi Sánchez,es ESP,DF,Valladolid,es La Liga,27.0,1997.0,25,25,2026,22.5,2,0,2,2,0,0,0.5,0.5,0.3,0.8,0.03,11,5,45.5,0.49,0.22,0.18,0.4,0.04,1015,1163,87.3,20366,7564,0.4,6,42,1,0,0,0,0,11,34,14,0.62,2,0.09,26,16,19,6,1,65.4,22,48,111,6,3,1387,228,11,2,100.0,720,4,0,8,1,968,4,6,0,0,19,0,0,2,0,57,34,52.3,0.0888450148075024,0.0,0.0888450148075024,0.0888450148075024,0.0222112537018756,0.0222112537018756,0.0133267522211253,0.0355380059230009,0.0013326752221125,0.4886475814412636,0.2221125370187561,45.088845014807504,51.66337611056269,904.7087857847976,336.01184600197433,0.0177690029615004,0.2665350444225074,1.865745310957552,0.0444225074037512,0.0,0.0,0.0,0.0,0.4886475814412636,1.510365251727542,1.154985192497532,0.7107601184600197,0.8440276406712734,0.2665350444225074,0.0444225074037512,0.9772951628825272,2.1322803553800598,4.930898321816387,0.2665350444225074,61.61401776900296,10.12833168805528,0.4886475814412636,0.0888450148075024,31.98420533070089,0.1776900296150049,0.0,0.3553800592300098,0.0444225074037512,43.0009871668312,0.1776900296150049,0.2665350444225074,0.0,0.8440276406712734,0.0,0.0,0.0888450148075024,0.0,2.5320829220138203,1.510365251727542,DF,,defense,0
Manu Sánchez,es ESP,DF,Alavés,es La Liga,23.0,2000.0,33,30,2634,29.3,1,0,1,1,0,0,1.7,1.7,1.2,2.9,0.1,12,2,16.7,0.41,0.07,0.08,0.5,0.15,807,1117,72.2,12801,4914,1.3,16,53,21,13,78,4,1,3,78,40,1.37,3,0.1,83,56,40,33,10,59.4,30,113,76,43,1,1477,71,29,8,21.6,562,47,5,39,20,627,97,6,1,0,56,2,0,1,1,105,8,20.0,0.0341685649202733,0.0,0.0341685649202733,0.0341685649202733,0.0580865603644646,0.0580865603644646,0.041002277904328,0.0990888382687927,0.0034168564920273,0.4100227790432801,0.0683371298405467,27.5740318906606,38.16628701594533,437.3917995444192,167.90432801822325,0.0444191343963553,0.5466970387243736,1.8109339407744875,0.7175398633257404,0.4441913439635535,2.6651480637813214,0.1366742596810934,0.0341685649202733,0.10250569476082,2.6651480637813214,2.835990888382688,1.9134396355353076,1.366742596810934,1.1275626423690204,0.3416856492027335,1.0250569476082003,3.8610478359908886,2.5968109339407746,1.469248291571754,50.46697038724373,2.425968109339408,0.9908883826879272,0.2733485193621868,19.202733485193622,1.6059225512528472,0.1708428246013667,1.3325740318906607,0.683371298405467,21.42369020501139,3.314350797266515,0.20501138952164,0.0341685649202733,1.9134396355353076,0.0683371298405467,0.0,0.0341685649202733,0.0341685649202733,3.5876993166287017,0.2733485193621868,DF,,defense,3
Arouna Sangante,sn SEN,DF,Le Havre,fr Ligue 1,22.0,2002.0,16,16,1244,13.8,3,0,3,3,0,0,1.0,1.0,0.1,1.1,0.08,7,4,57.1,0.51,0.29,0.43,0.75,0.14,693,796,87.1,13010,4432,0.1,3,47,3,1,2,0,0,1,48,12,0.87,0,0.0,25,16,11,14,0,58.8,21,46,65,3,3,949,95,15,5,83.3,546,11,0,12,7,625,3,4,1,0,22,0,0,0,0,53,33,60.0,0.2170418006430868,0.0,0.2170418006430868,0.2170418006430868,0.0723472668810289,0.0723472668810289,0.0072347266881028,0.0795819935691318,0.0057877813504823,0.5064308681672026,0.2893890675241157,50.136655948553056,57.58842443729904,941.2379421221864,320.64308681672026,0.0072347266881028,0.2170418006430868,3.40032154340836,0.2170418006430868,0.0723472668810289,0.1446945337620578,0.0,0.0,0.0723472668810289,3.472668810289389,1.8086816720257235,1.157556270096463,0.7958199356913184,1.0128617363344052,0.0,1.5192926045016075,3.327974276527331,4.702572347266881,0.2170418006430868,68.65755627009646,6.872990353697749,1.085209003215434,0.3617363344051447,39.5016077170418,0.7958199356913184,0.0,0.8681672025723474,0.5064308681672026,45.21704180064309,0.2170418006430868,0.2893890675241157,0.0723472668810289,1.5916398713826367,0.0,0.0,0.0,0.0,3.8344051446945335,2.387459807073955,DF,,defense,0
Nhoa Sangui,fr FRA,"DF,MF",Reims,fr Ligue 1,18.0,2006.0,26,10,1158,12.9,0,2,2,0,0,0,0.1,0.1,0.5,0.6,0.05,3,0,0.0,0.23,0.0,0.0,,0.03,510,608,83.9,7468,2154,0.5,5,42,4,2,16,0,0,3,45,18,1.4,5,0.39,16,9,6,6,4,75.0,8,24,23,15,0,708,30,9,10,52.6,362,21,3,17,15,440,53,3,0,0,9,0,0,0,0,64,6,33.3,0.0,0.155440414507772,0.155440414507772,0.0,0.0077720207253886,0.0077720207253886,0.038860103626943,0.0466321243523316,0.0038860103626943,0.233160621761658,0.0,39.63730569948186,47.2538860103627,580.4145077720208,167.40932642487047,0.038860103626943,0.38860103626943,3.264248704663212,0.310880829015544,0.155440414507772,1.243523316062176,0.0,0.0,0.233160621761658,3.4974093264248705,1.243523316062176,0.6994818652849741,0.466321243523316,0.466321243523316,0.310880829015544,0.6217616580310881,1.865284974093264,1.787564766839378,1.16580310880829,55.02590673575129,2.33160621761658,0.6994818652849741,0.7772020725388601,28.134715025906736,1.632124352331606,0.233160621761658,1.3212435233160622,1.16580310880829,34.196891191709845,4.119170984455959,0.233160621761658,0.0,0.6994818652849741,0.0,0.0,0.0,0.0,4.974093264248705,0.466321243523316,DF,MF,defense,1
Malang Sarr,fr FRA,DF,Lens,fr Ligue 1,25.0,1999.0,21,15,1385,15.4,0,0,0,0,0,0,0.3,0.3,0.3,0.6,0.04,6,1,16.7,0.39,0.06,0.0,0.0,0.04,854,955,89.4,17516,5632,0.6,5,62,2,0,1,0,1,8,54,21,1.36,2,0.13,21,13,12,6,3,59.3,22,43,63,11,3,1105,111,9,2,50.0,665,4,1,4,4,754,1,0,0,0,13,0,0,3,0,69,18,78.3,0.0,0.0,0.0,0.0,0.0194945848375451,0.0194945848375451,0.0194945848375451,0.0389891696750902,0.0025992779783393,0.3898916967509025,0.0649819494584837,55.494584837545126,62.05776173285199,1138.2238267148014,365.9783393501805,0.0389891696750902,0.3249097472924188,4.028880866425992,0.1299638989169675,0.0,0.0649819494584837,0.0,0.0649819494584837,0.51985559566787,3.509025270758123,1.364620938628159,0.8447653429602888,0.779783393501805,0.3898916967509025,0.1949458483754512,1.4296028880866427,2.7942238267148016,4.093862815884477,0.7148014440433214,71.80505415162455,7.212996389891697,0.5848375451263538,0.1299638989169675,43.2129963898917,0.259927797833935,0.0649819494584837,0.259927797833935,0.259927797833935,48.99638989169675,0.0649819494584837,0.0,0.0,0.8447653429602888,0.0,0.0,0.1949458483754512,0.0,4.483754512635379,1.1696750902527075,DF,,defense,0
Mamadou Sarr,fr FRA,DF,Strasbourg,fr Ligue 1,18.0,2005.0,27,27,2365,26.3,0,1,1,0,0,0,0.8,0.8,0.3,1.1,0.04,5,0,0.0,0.19,0.0,0.0,,0.16,1593,1699,93.8,29195,9910,0.3,5,60,1,1,1,0,0,2,52,12,0.46,2,0.08,37,21,24,11,2,66.7,25,62,117,13,3,1953,247,12,10,52.6,1241,7,1,16,10,1464,1,4,0,0,29,0,0,1,0,98,30,50.8,0.0,0.0380549682875264,0.0380549682875264,0.0,0.0304439746300211,0.0304439746300211,0.0114164904862579,0.041860465116279,0.001522198731501,0.1902748414376321,0.0,60.6215644820296,64.6553911205074,1111.014799154334,377.1247357293869,0.0114164904862579,0.1902748414376321,2.2832980972515857,0.0380549682875264,0.0380549682875264,0.0380549682875264,0.0,0.0,0.0761099365750528,1.9788583509513744,1.4080338266384778,0.7991543340380549,0.9133192389006342,0.4186046511627906,0.0761099365750528,0.9513742071881608,2.3594080338266386,4.452431289640591,0.4947145877378436,74.32135306553911,9.399577167019029,0.4566596194503171,0.3805496828752643,47.22621564482029,0.266384778012685,0.0380549682875264,0.6088794926004228,0.3805496828752643,55.71247357293869,0.0380549682875264,0.1522198731501057,0.0,1.1035940803382664,0.0,0.0,0.0380549682875264,0.0,3.72938689217759,1.1416490486257929,DF,,defense,0
Nicolò Savona,it ITA,DF,Juventus,it Serie A,21.0,2003.0,28,19,1724,19.2,2,1,3,2,0,0,0.5,0.5,1.2,1.7,0.09,6,4,66.7,0.31,0.21,0.33,0.5,0.08,982,1097,89.5,16461,4872,0.9,16,62,12,9,34,0,0,2,59,29,1.51,2,0.1,29,13,19,9,1,52.0,11,40,38,14,0,1227,60,15,6,54.5,778,35,0,9,4,869,44,5,0,0,13,0,0,0,0,72,9,33.3,0.1044083526682134,0.0522041763341067,0.1566125290023201,0.1044083526682134,0.0261020881670533,0.0261020881670533,0.062645011600928,0.0887470997679814,0.0046983758700696,0.3132250580046403,0.2088167053364269,51.264501160092806,57.267981438515086,859.3329466357309,254.338747099768,0.046983758700696,0.8352668213457076,3.236658932714617,0.6264501160092807,0.4698375870069605,1.7749419953596286,0.0,0.0,0.1044083526682134,3.080046403712297,1.513921113689095,0.6786542923433875,0.9918793503480278,0.4698375870069605,0.0522041763341067,0.574245939675174,2.088167053364269,1.9837587006960555,0.7308584686774942,64.05452436194896,3.132250580046404,0.7830626450116009,0.3132250580046403,40.61484918793504,1.8271461716937356,0.0,0.4698375870069605,0.2088167053364269,45.36542923433875,2.296983758700696,0.2610208816705336,0.0,0.6786542923433875,0.0,0.0,0.0,0.0,3.758700696055685,0.4698375870069605,DF,,defense,1
Joe Scally,us USA,DF,Gladbach,de Bundesliga,21.0,2002.0,32,30,2578,28.6,0,0,0,0,0,0,0.4,0.4,1.1,1.5,0.05,6,1,16.7,0.21,0.03,0.0,0.0,0.06,1300,1559,83.4,21091,6630,1.3,11,60,15,7,50,0,5,10,68,28,0.98,2,0.07,45,32,25,18,2,58.7,16,61,86,34,2,1850,107,22,31,52.5,980,52,3,25,23,1163,69,6,0,0,23,1,0,1,0,97,24,46.2,0.0,0.0,0.0,0.0,0.0139643134212567,0.0139643134212567,0.0384018619084561,0.0523661753297129,0.001745539177657,0.2094647013188518,0.0349107835531419,45.38401861908456,54.42591155934833,736.3033359193173,231.45849495733123,0.0453840186190845,0.3840186190845616,2.094647013188518,0.5236617532971295,0.2443754848719938,1.7455391776570983,0.0,0.1745539177657098,0.3491078355314197,2.3739332816136542,1.5709852598913887,1.117145073700543,0.8727695888285492,0.6283941039565555,0.0698215671062839,0.5585725368502715,2.1295577967416603,3.0023273855702097,1.1869666408068271,64.58494957331264,3.735453840186191,0.7680372381691233,1.0822342901474011,34.21256788207913,1.8153607447633824,0.1047323506594259,0.8727695888285492,0.8029480217222653,40.60124127230412,2.408844065166796,0.2094647013188518,0.0,0.8029480217222653,0.0349107835531419,0.0,0.0349107835531419,0.0,3.386346004654771,0.8378588052754072,DF,,defense,1
Fabian Schär,ch SUI,DF,Newcastle Utd,eng Premier League,32.0,1991.0,34,33,2934,32.6,4,0,4,4,0,0,3.7,3.7,0.4,4.1,0.13,40,11,27.5,1.23,0.34,0.1,0.36,0.09,1654,1977,83.7,33173,12752,1.0,5,161,13,0,13,0,4,31,118,37,1.13,4,0.12,36,21,16,18,2,40.0,45,81,138,8,3,2319,266,42,8,61.5,1438,18,2,12,6,1609,22,9,1,0,35,2,0,0,0,134,56,44.1,0.1226993865030674,0.0,0.1226993865030674,0.1226993865030674,0.1134969325153374,0.1134969325153374,0.0122699386503067,0.1257668711656441,0.0039877300613496,1.2269938650306749,0.3374233128834356,50.73619631901841,60.644171779141104,1017.5766871165644,391.1656441717792,0.0306748466257668,0.1533742331288343,4.938650306748466,0.3987730061349693,0.0,0.3987730061349693,0.0,0.1226993865030674,0.9509202453987732,3.619631901840491,1.1042944785276074,0.6441717791411044,0.4907975460122699,0.5521472392638037,0.0613496932515337,1.3803680981595092,2.4846625766871164,4.233128834355829,0.2453987730061349,71.13496932515336,8.159509202453988,1.2883435582822087,0.2453987730061349,44.11042944785276,0.5521472392638037,0.0613496932515337,0.3680981595092025,0.1840490797546012,49.355828220858896,0.6748466257668712,0.2760736196319018,0.0306748466257668,1.0736196319018405,0.0613496932515337,0.0,0.0,0.0,4.110429447852761,1.7177914110429449,DF,,defense,0
Joël Schingtienne,be BEL,DF,Venezia,it Serie A,21.0,2002.0,16,12,1122,12.5,0,0,0,0,0,0,0.0,0.0,0.1,0.1,0.01,0,0,,0.0,0.0,,,,420,487,86.2,6496,2235,0.1,3,16,2,0,0,0,0,0,28,10,0.8,0,0.0,27,16,18,7,2,63.2,14,41,25,4,5,611,48,4,5,55.6,299,5,0,16,5,320,4,2,0,0,7,0,0,1,0,49,4,22.2,0.0,0.0,0.0,0.0,0.0,0.0,0.0080213903743315,0.0080213903743315,0.0008021390374331,0.0,0.0,33.68983957219251,39.06417112299465,521.0695187165776,179.27807486631016,0.0080213903743315,0.2406417112299465,1.2834224598930482,0.160427807486631,0.0,0.0,0.0,0.0,0.0,2.2459893048128343,2.1657754010695185,1.2834224598930482,1.4438502673796794,0.5614973262032086,0.160427807486631,1.1229946524064172,3.288770053475936,2.005347593582888,0.320855614973262,49.01069518716577,3.850267379679144,0.320855614973262,0.4010695187165775,23.983957219251337,0.4010695187165775,0.0,1.2834224598930482,0.4010695187165775,25.66844919786096,0.320855614973262,0.160427807486631,0.0,0.5614973262032086,0.0,0.0,0.0802139037433155,0.0,3.93048128342246,0.320855614973262,DF,,defense,2
Keven Schlotterbeck,de GER,DF,Augsburg,de Bundesliga,27.0,1997.0,18,15,1297,14.4,3,1,4,3,0,0,0.8,0.8,0.6,1.4,0.1,12,4,33.3,0.83,0.28,0.25,0.75,0.06,577,683,84.5,11012,4463,0.5,7,40,3,1,3,0,2,5,59,24,1.67,2,0.14,19,17,9,9,1,75.0,15,34,73,3,1,845,101,19,3,100.0,424,3,0,8,0,510,2,4,1,1,10,0,0,2,0,55,40,69.0,0.2081727062451812,0.069390902081727,0.2775636083269082,0.2081727062451812,0.0555127216653816,0.0555127216653816,0.0416345412490362,0.0971472629144178,0.0069390902081727,0.8326908249807248,0.2775636083269082,40.038550501156514,47.39398612181958,764.1326137239785,309.6915959907479,0.0346954510408635,0.4857363145720894,2.7756360832690827,0.2081727062451812,0.069390902081727,0.2081727062451812,0.0,0.1387818041634541,0.3469545104086353,4.094063222821896,1.3184271395528142,1.17964533538936,0.6245181187355435,0.6245181187355435,0.069390902081727,1.0408635312259058,2.35929067077872,5.065535851966076,0.2081727062451812,58.63531225905937,7.008481110254433,1.3184271395528142,0.2081727062451812,29.421742482652277,0.2081727062451812,0.0,0.5551272166538165,0.0,35.389360061680804,0.1387818041634541,0.2775636083269082,0.069390902081727,0.6939090208172707,0.0,0.0,0.1387818041634541,0.0,3.816499614494989,2.7756360832690827,DF,,defense,0
Nico Schlotterbeck,de GER,DF,Dortmund,de Bundesliga,24.0,1999.0,23,23,1982,22.0,0,4,4,0,0,0,1.3,1.3,2.1,3.4,0.15,17,4,23.5,0.77,0.18,0.0,0.0,0.08,1856,2080,89.2,35474,13457,2.1,18,226,10,2,14,5,3,21,195,50,2.27,6,0.27,38,24,21,16,1,60.0,22,60,79,22,1,2297,193,21,14,63.6,1467,37,1,12,10,1674,14,7,2,1,18,1,0,1,0,157,52,65.8,0.0,0.1816347124117053,0.1816347124117053,0.0,0.0590312815338042,0.0590312815338042,0.0953582240161453,0.1543895055499495,0.0068113017154389,0.7719475277497476,0.1816347124117053,84.27850655903129,94.45005045408678,1610.827447023209,611.0645812310797,0.0953582240161453,0.8173562058526741,10.262361251261352,0.4540867810292634,0.0908173562058526,0.6357214934409687,0.2270433905146317,0.136226034308779,0.9535822401614532,8.854692230070636,1.7255297679112007,1.089808274470232,0.9535822401614532,0.7265388496468214,0.0454086781029263,0.9989909182643796,2.7245206861755804,3.5872855701311805,0.9989909182643796,104.3037336024218,8.763874873864783,0.9535822401614532,0.6357214934409687,66.61453077699294,1.6801210898082746,0.0454086781029263,0.544904137235116,0.4540867810292634,76.0141271442987,0.6357214934409687,0.3178607467204843,0.0908173562058526,0.8173562058526741,0.0454086781029263,0.0,0.0454086781029263,0.0,7.129162462159435,2.361251261352169,DF,,defense,2
Nélson Semedo,pt POR,DF,Wolves,eng Premier League,30.0,1993.0,34,32,2886,32.1,0,4,4,0,0,0,0.9,0.9,2.8,3.7,0.12,18,7,38.9,0.56,0.22,0.0,0.0,0.05,1096,1357,80.8,16627,5130,1.7,25,70,28,13,63,0,1,5,80,60,1.87,6,0.19,62,36,32,21,9,59.6,23,85,104,36,3,1717,123,27,32,45.1,901,67,10,42,21,995,119,8,0,0,48,3,0,1,0,139,28,40.0,0.0,0.1247401247401247,0.1247401247401247,0.0,0.028066528066528,0.028066528066528,0.0873180873180873,0.1153846153846153,0.0037422037422037,0.5613305613305614,0.2182952182952182,34.17879417879418,42.31808731808732,518.5135135135135,159.97920997920997,0.053014553014553,0.7796257796257796,2.182952182952183,0.8731808731808731,0.4054054054054054,1.9646569646569647,0.0,0.0311850311850311,0.1559251559251559,2.494802494802495,1.9334719334719332,1.1226611226611227,0.997920997920998,0.654885654885655,0.2806652806652807,0.7172557172557172,2.6507276507276507,3.2432432432432434,1.1226611226611227,53.54469854469854,3.835758835758836,0.841995841995842,0.997920997920998,28.0977130977131,2.089397089397089,0.3118503118503118,1.30977130977131,0.654885654885655,31.02910602910603,3.711018711018711,0.2494802494802495,0.0,1.496881496881497,0.0935550935550935,0.0,0.0311850311850311,0.0,4.334719334719335,0.8731808731808731,DF,,defense,1
Marcos Senesi,ar ARG,DF,Bournemouth,eng Premier League,27.0,1997.0,17,13,1106,12.3,0,0,0,0,0,0,0.8,0.8,0.2,1.1,0.09,3,0,0.0,0.24,0.0,0.0,,0.28,561,735,76.3,11536,5815,0.5,3,79,13,3,11,0,0,2,62,16,1.3,1,0.08,39,21,23,14,2,45.2,14,53,58,1,0,889,73,16,6,60.0,554,12,0,7,6,565,7,5,0,0,22,0,0,0,0,71,32,52.5,0.0,0.0,0.0,0.0,0.0650994575045208,0.0650994575045208,0.0162748643761302,0.0895117540687161,0.0073236889692585,0.244122965641953,0.0,45.65099457504521,59.81012658227848,938.73417721519,473.1916817359855,0.0406871609403255,0.244122965641953,6.428571428571428,1.057866184448463,0.244122965641953,0.895117540687161,0.0,0.0,0.162748643761302,5.045207956600361,3.1735985533453888,1.7088607594936709,1.8716094032549728,1.139240506329114,0.162748643761302,1.139240506329114,4.312839059674503,4.719710669077758,0.081374321880651,72.34177215189872,5.940325497287522,1.301989150090416,0.488245931283906,45.08137432188065,0.976491862567812,0.0,0.569620253164557,0.488245931283906,45.97649186256781,0.569620253164557,0.406871609403255,0.0,1.790235081374322,0.0,0.0,0.0,0.0,5.77757685352622,2.603978300180832,DF,,defense,3
Sergi,es ESP,DF,Leganés,es La Liga,32.0,1992.0,36,33,2957,32.9,2,0,2,2,0,0,1.5,1.5,0.4,1.9,0.06,13,5,38.5,0.4,0.15,0.15,0.4,0.11,1271,1518,83.7,25210,9824,0.5,5,59,5,0,1,0,0,7,77,12,0.37,3,0.09,40,29,22,16,2,56.3,39,79,185,8,2,1875,243,22,4,80.0,977,3,0,7,2,1199,2,2,1,0,30,1,1,1,1,80,63,52.1,0.0608725059181603,0.0,0.0608725059181603,0.0608725059181603,0.0456543794386202,0.0456543794386202,0.012174501183632,0.0578288806222522,0.0018261751775448,0.3956712884680419,0.1521812647954007,38.68447751099087,46.202231991883664,767.2979370984104,299.0057490700034,0.01521812647954,0.1521812647954007,1.7957389245857287,0.1521812647954007,0.0,0.0304362529590801,0.0,0.0,0.213053770713561,2.343591477849172,1.2174501183632058,0.8826513358133243,0.6695975650997633,0.4869800473452824,0.0608725059181603,1.1870138654041258,2.404463983767332,5.630706797429828,0.2434900236726412,57.06797429827528,7.396009469056477,0.6695975650997633,0.1217450118363206,29.736219141021305,0.0913087588772404,0.0,0.213053770713561,0.0608725059181603,36.493067297937095,0.0608725059181603,0.0608725059181603,0.0304362529590801,0.9130875887724044,0.0304362529590801,0.0304362529590801,0.0304362529590801,0.0304362529590801,2.434900236726412,1.9174839364220493,DF,,defense,0
Stephan El Shaarawy,it ITA,"DF,MF",Roma,it Serie A,31.0,1992.0,31,12,1098,12.2,3,4,7,3,0,0,2.7,2.7,1.2,3.9,0.32,28,12,42.9,2.3,0.98,0.11,0.25,0.09,399,504,79.2,5710,1604,2.0,15,19,21,3,27,2,4,0,49,47,3.85,9,0.74,16,12,4,6,6,50.0,10,26,13,12,0,635,14,45,17,44.7,381,42,12,22,10,429,77,2,0,0,7,3,1,0,0,48,5,20.8,0.2459016393442623,0.3278688524590163,0.5737704918032788,0.2459016393442623,0.2213114754098361,0.2213114754098361,0.0983606557377049,0.3196721311475409,0.0262295081967213,2.295081967213115,0.9836065573770492,32.704918032786885,41.31147540983606,468.0327868852459,131.47540983606558,0.1639344262295081,1.2295081967213115,1.5573770491803278,1.7213114754098362,0.2459016393442623,2.2131147540983607,0.1639344262295081,0.3278688524590163,0.0,4.016393442622951,1.3114754098360657,0.9836065573770492,0.3278688524590163,0.4918032786885246,0.4918032786885246,0.819672131147541,2.1311475409836067,1.0655737704918034,0.9836065573770492,52.04918032786885,1.1475409836065575,3.6885245901639343,1.3934426229508197,31.229508196721312,3.4426229508196724,0.9836065573770492,1.8032786885245904,0.819672131147541,35.16393442622951,6.311475409836066,0.1639344262295081,0.0,0.5737704918032788,0.2459016393442623,0.081967213114754,0.0,0.0,3.9344262295081966,0.4098360655737705,DF,MF,defense,1
Djibril Sidibé,fr FRA,DF,Toulouse,fr Ligue 1,32.0,1992.0,28,24,2101,23.3,0,3,3,0,0,0,0.4,0.4,2.9,3.3,0.14,5,1,20.0,0.21,0.04,0.0,0.0,0.08,1018,1277,79.7,17651,8086,3.5,18,89,30,12,45,1,6,4,121,35,1.5,7,0.3,65,36,34,22,9,62.0,20,85,64,16,1,1475,80,15,11,57.9,817,16,0,24,9,898,50,1,0,0,20,1,0,0,0,99,17,63.0,0.0,0.1285102332222751,0.1285102332222751,0.0,0.01713469776297,0.01713469776297,0.1242265587815326,0.1413612565445026,0.0059971442170395,0.2141837220371251,0.042836744407425,43.60780580675869,54.70252260828177,756.1113755354593,346.3779152784388,0.1499286054259876,0.7710613993336507,3.812470252260828,1.285102332222751,0.5140409328891005,1.9276534983341265,0.042836744407425,0.2570204664445502,0.1713469776297001,5.183246073298429,2.7843883864826275,1.5421227986673014,1.4564493098524514,0.9424083769633508,0.3855306996668253,0.8567348881485006,3.641123274631128,2.741551642075202,0.6853879105188005,63.18419800095192,3.4269395525940025,0.6425511661113755,0.4712041884816754,34.99762018086625,0.6853879105188005,0.0,1.028081865778201,0.3855306996668253,38.46739647786768,2.141837220371252,0.042836744407425,0.0,0.8567348881485006,0.042836744407425,0.0,0.0,0.0,4.240837696335079,0.7282246549262257,DF,,defense,3
Tim Siersleben,de GER,DF,Heidenheim,de Bundesliga,24.0,2000.0,16,14,1182,13.1,0,0,0,0,0,0,0.6,0.6,0.5,1.1,0.08,4,2,50.0,0.3,0.15,0.0,0.0,0.15,581,719,80.8,12037,5686,0.6,6,35,8,2,10,0,0,6,31,15,1.14,0,0.0,21,14,12,8,1,41.2,20,41,66,7,0,869,113,7,3,50.0,472,8,1,5,4,560,12,4,0,0,16,0,0,1,0,37,20,48.8,0.0,0.0,0.0,0.0,0.0456852791878172,0.0456852791878172,0.0380710659898477,0.0837563451776649,0.0060913705583756,0.3045685279187817,0.1522842639593908,44.23857868020305,54.74619289340101,916.522842639594,432.94416243654825,0.0456852791878172,0.4568527918781725,2.66497461928934,0.6091370558375634,0.1522842639593908,0.7614213197969543,0.0,0.0,0.4568527918781725,2.3604060913705585,1.598984771573604,1.065989847715736,0.9137055837563453,0.6091370558375634,0.0761421319796954,1.5228426395939083,3.1218274111675126,5.025380710659898,0.5329949238578681,66.16751269035532,8.604060913705585,0.5329949238578681,0.2284263959390862,35.93908629441624,0.6091370558375634,0.0761421319796954,0.3807106598984771,0.3045685279187817,42.63959390862944,0.9137055837563453,0.3045685279187817,0.0,1.2182741116751268,0.0,0.0,0.0761421319796954,0.0,2.817258883248731,1.5228426395939083,DF,,defense,0
Caio Henrique Oliveira Silva,br BRA,DF,Monaco,fr Ligue 1,27.0,1997.0,27,21,1929,21.4,0,6,6,0,0,0,0.2,0.2,5.0,5.2,0.24,4,1,25.0,0.19,0.05,0.0,0.0,0.04,1025,1383,74.1,16220,5772,5.9,35,84,38,12,126,36,6,3,102,64,2.99,9,0.42,37,26,16,19,2,52.3,22,59,59,37,0,1571,53,36,14,73.7,787,57,5,26,7,916,142,3,0,0,16,3,0,0,0,110,13,44.8,0.0,0.2799377916018662,0.2799377916018662,0.0,0.0093312597200622,0.0093312597200622,0.2332814930015552,0.2426127527216174,0.0111975116640746,0.1866251944012441,0.046656298600311,47.82270606531881,64.52566096423017,756.7651632970452,269.3001555209953,0.2752721617418351,1.6329704510108864,3.919129082426128,1.7729393468118195,0.5598755832037325,5.878693623639191,1.6796267496111976,0.2799377916018662,0.1399688958009331,4.758942457231727,1.7262830482115086,1.2130637636080872,0.7465007776049767,0.8864696734059098,0.093312597200622,1.026438569206843,2.7527216174183518,2.7527216174183518,1.7262830482115086,73.29704510108866,2.472783825816485,1.6796267496111976,0.6531881804043546,36.7185069984448,2.6594090202177294,0.2332814930015552,1.2130637636080872,0.3265940902021773,42.73716951788492,6.625194401244167,0.1399688958009331,0.0,0.7465007776049767,0.1399688958009331,0.0,0.0,0.0,5.132192846034215,0.6065318818040436,DF,,defense,1
Wilfried Singo,ci CIV,DF,Monaco,fr Ligue 1,23.0,2000.0,27,23,2096,23.3,1,2,3,1,0,0,1.9,1.9,1.5,3.4,0.14,17,5,29.4,0.73,0.21,0.06,0.2,0.11,1252,1452,86.2,23389,7968,1.5,7,102,11,1,10,0,1,10,118,19,0.82,2,0.09,37,23,24,10,3,71.4,43,80,110,8,2,1703,141,29,6,46.2,951,35,4,11,7,1091,27,4,0,0,36,0,0,0,0,138,51,63.8,0.0429389312977099,0.0858778625954198,0.1288167938931297,0.0429389312977099,0.0815839694656488,0.0815839694656488,0.0644083969465648,0.1459923664122137,0.0060114503816793,0.7299618320610687,0.2146946564885496,53.75954198473282,62.347328244274806,1004.2986641221374,342.13740458015263,0.0644083969465648,0.3005725190839695,4.379770992366412,0.4723282442748092,0.0429389312977099,0.4293893129770992,0.0,0.0429389312977099,0.4293893129770992,5.066793893129771,1.5887404580152673,0.987595419847328,1.0305343511450382,0.4293893129770992,0.1288167938931297,1.8463740458015268,3.435114503816794,4.723282442748092,0.3435114503816793,73.125,6.054389312977099,1.245229007633588,0.2576335877862595,40.83492366412214,1.5028625954198471,0.1717557251908396,0.4723282442748092,0.3005725190839695,46.846374045801525,1.159351145038168,0.1717557251908396,0.0,1.545801526717557,0.0,0.0,0.0,0.0,5.925572519083969,2.189885496183206,DF,,defense,2
Leo Skiri Østigård,no NOR,DF,Rennes,fr Ligue 1,24.0,1999.0,16,14,1227,13.6,1,0,1,1,0,0,0.7,0.7,0.2,0.9,0.07,6,2,33.3,0.44,0.15,0.17,0.5,0.11,676,797,84.8,12920,4774,0.2,2,42,0,0,0,0,0,4,50,8,0.59,0,0.0,20,18,16,4,0,68.2,15,35,81,6,1,948,112,11,1,50.0,490,3,0,7,1,589,1,4,0,0,18,0,0,0,0,51,47,70.1,0.0733496332518337,0.0,0.0733496332518337,0.0733496332518337,0.0513447432762836,0.0513447432762836,0.0146699266503667,0.0660146699266503,0.0051344743276283,0.4400977995110024,0.1466992665036674,49.5843520782396,58.45965770171149,947.6772616136918,350.1711491442543,0.0146699266503667,0.1466992665036674,3.080684596577017,0.0,0.0,0.0,0.0,0.0,0.2933985330073349,3.6674816625916873,1.4669926650366747,1.3202933985330074,1.1735941320293397,0.2933985330073349,0.0,1.1002444987775062,2.567237163814181,5.941320293398533,0.4400977995110024,69.5354523227384,8.21515892420538,0.8068459657701711,0.0733496332518337,35.94132029339853,0.2200488997555012,0.0,0.5134474327628362,0.0733496332518337,43.20293398533007,0.0733496332518337,0.2933985330073349,0.0,1.3202933985330074,0.0,0.0,0.0,0.0,3.74083129584352,3.4474327628361863,DF,,defense,0
Leo Skiri Østigård,no NOR,DF,Hoffenheim,de Bundesliga,24.0,1999.0,11,11,927,10.3,0,0,0,0,0,0,0.3,0.3,0.1,0.4,0.04,5,0,0.0,0.49,0.0,0.0,,0.06,484,577,83.9,8829,3676,0.3,3,38,3,1,2,0,0,1,51,9,0.87,0,0.0,9,7,5,4,0,66.7,9,18,111,2,0,747,117,12,2,66.7,344,0,0,1,1,379,1,0,1,0,19,0,0,1,1,44,60,65.2,0.0,0.0,0.0,0.0,0.029126213592233,0.029126213592233,0.0097087378640776,0.0388349514563106,0.003883495145631,0.4854368932038835,0.0,46.990291262135926,56.01941747572816,857.1844660194175,356.8932038834952,0.029126213592233,0.2912621359223301,3.6893203883495143,0.2912621359223301,0.0970873786407766,0.1941747572815533,0.0,0.0,0.0970873786407766,4.951456310679611,0.8737864077669902,0.6796116504854369,0.4854368932038835,0.3883495145631067,0.0,0.8737864077669902,1.7475728155339805,10.776699029126211,0.1941747572815533,72.52427184466019,11.359223300970871,1.1650485436893203,0.1941747572815533,33.398058252427184,0.0,0.0,0.0970873786407766,0.0970873786407766,36.79611650485437,0.0970873786407766,0.0,0.0970873786407766,1.8446601941747571,0.0,0.0,0.0970873786407766,0.0970873786407766,4.271844660194175,5.825242718446601,DF,,defense,0
Adam Smith,eng ENG,DF,Bournemouth,eng Premier League,33.0,1991.0,25,19,1590,17.7,0,0,0,0,0,0,0.7,0.7,0.4,1.1,0.06,3,0,0.0,0.17,0.0,0.0,,0.22,514,679,75.7,8452,2723,0.7,8,49,10,5,33,0,1,2,49,23,1.3,2,0.11,24,12,11,7,6,51.9,15,39,49,15,1,825,41,8,6,37.5,366,15,1,13,7,403,34,7,0,0,19,3,0,0,0,50,14,48.3,0.0,0.0,0.0,0.0,0.0396226415094339,0.0396226415094339,0.0226415094339622,0.0622641509433962,0.0033962264150943,0.1698113207547169,0.0,29.09433962264151,38.43396226415094,478.4150943396226,154.1320754716981,0.0396226415094339,0.4528301886792452,2.7735849056603774,0.5660377358490566,0.2830188679245283,1.8679245283018864,0.0,0.0566037735849056,0.1132075471698113,2.7735849056603774,1.3584905660377358,0.6792452830188679,0.6226415094339622,0.3962264150943396,0.3396226415094339,0.8490566037735848,2.207547169811321,2.7735849056603774,0.8490566037735848,46.698113207547166,2.320754716981132,0.4528301886792452,0.3396226415094339,20.71698113207547,0.8490566037735848,0.0566037735849056,0.7358490566037735,0.3962264150943396,22.81132075471698,1.924528301886792,0.3962264150943396,0.0,1.0754716981132075,0.1698113207547169,0.0,0.0,0.0,2.830188679245283,0.7924528301886792,DF,,defense,1
Eric Smith,se SWE,"DF,MF",St. Pauli,de Bundesliga,27.0,1997.0,32,32,2827,31.4,1,1,2,1,0,0,1.4,1.4,1.5,2.9,0.09,24,9,37.5,0.76,0.29,0.04,0.11,0.06,1355,1677,80.8,26591,9803,2.8,28,118,19,4,102,59,4,8,118,66,2.1,2,0.06,46,29,26,17,3,57.5,37,83,104,7,4,1956,161,8,3,60.0,838,16,0,11,7,1130,11,7,0,0,27,1,0,0,0,139,30,44.8,0.0318358684117439,0.0318358684117439,0.0636717368234878,0.0318358684117439,0.0445702157764414,0.0445702157764414,0.0477538026176158,0.0923240183940573,0.0028652281570569,0.7640608418818536,0.286522815705695,43.13760169791298,53.388751326494514,846.5475769366819,312.0870180403254,0.0891404315528829,0.8914043155288291,3.75663247258578,0.6048814998231341,0.1273434736469756,3.247258577997877,1.87831623629289,0.1273434736469756,0.2546869472939512,3.75663247258578,1.4644499469402197,0.9232401839405732,0.8277325787053413,0.5412097629996463,0.0955076052352317,1.1779271312345243,2.6423770781747438,3.3109303148213654,0.2228510788822073,62.27095861337106,5.125574814290768,0.2546869472939512,0.0955076052352317,26.678457729041387,0.5093738945879024,0.0,0.3501945525291828,0.2228510788822073,35.9745313052706,0.3501945525291828,0.2228510788822073,0.0,0.8595684471170852,0.0318358684117439,0.0,0.0,0.0,4.425185709232402,0.9550760523523169,DF,MF,defense,2
Oumar Solet,fr FRA,DF,Udinese,it Serie A,24.0,2000.0,19,19,1672,18.6,1,2,3,1,0,0,0.8,0.8,1.2,2.0,0.11,12,7,58.3,0.65,0.38,0.08,0.14,0.06,982,1110,88.5,19162,5319,0.8,17,54,9,2,9,0,3,8,65,33,1.78,3,0.16,33,19,18,13,2,70.0,17,50,78,8,4,1325,175,15,25,80.6,806,20,2,17,11,874,6,3,1,1,17,0,0,0,0,92,20,50.0,0.0538277511961722,0.1076555023923444,0.1614832535885167,0.0538277511961722,0.0430622009569378,0.0430622009569378,0.0645933014354067,0.1076555023923444,0.0059210526315789,0.645933014354067,0.3767942583732057,52.85885167464115,59.7488038277512,1031.4473684210527,286.3098086124402,0.0430622009569378,0.915071770334928,2.906698564593301,0.4844497607655502,0.1076555023923444,0.4844497607655502,0.0,0.1614832535885167,0.4306220095693779,3.498803827751196,1.776315789473684,1.0227272727272727,0.9688995215311004,0.6997607655502392,0.1076555023923444,0.915071770334928,2.691387559808613,4.198564593301436,0.4306220095693779,71.32177033492823,9.419856459330145,0.8074162679425837,1.3456937799043065,43.38516746411483,1.076555023923445,0.1076555023923444,0.915071770334928,0.5921052631578947,47.04545454545455,0.3229665071770335,0.1614832535885167,0.0538277511961722,0.915071770334928,0.0,0.0,0.0,0.0,4.952153110047847,1.076555023923445,DF,,defense,2
Borna Sosa,hr CRO,DF,Torino,it Serie A,26.0,1998.0,19,14,1181,13.1,0,0,0,0,0,0,0.3,0.3,0.7,1.0,0.07,4,1,25.0,0.3,0.08,0.0,0.0,0.08,546,686,79.6,9165,2699,0.9,11,43,22,12,51,5,0,4,51,24,1.83,1,0.08,26,19,14,7,5,64.0,14,40,33,10,0,781,29,14,3,42.9,417,13,1,9,1,454,49,0,0,0,12,0,0,1,0,53,16,45.7,0.0,0.0,0.0,0.0,0.0228619813717188,0.0228619813717188,0.0533446232006773,0.0762066045723962,0.0053344623200677,0.304826418289585,0.0762066045723962,41.60880609652837,52.27773073666384,698.4335309060118,205.68162574089757,0.0685859441151566,0.838272650296359,3.27688399661304,1.676545300592718,0.9144792548687553,3.88653683319221,0.3810330228619814,0.0,0.304826418289585,3.88653683319221,1.9813717188823032,1.4479254868755291,1.0668924640135478,0.5334462320067739,0.3810330228619814,1.0668924640135478,3.048264182895851,2.514817950889077,0.7620660457239627,59.51735817104149,2.209991532599492,1.0668924640135478,0.2286198137171888,31.778154106689247,0.9906858594411516,0.0762066045723962,0.6858594411515665,0.0762066045723962,34.59779847586791,3.7341236240474176,0.0,0.0,0.9144792548687553,0.0,0.0,0.0762066045723962,0.0,4.038950042337002,1.2193056731583405,DF,,defense,3
Saidou Sow,gn GUI,DF,Strasbourg,fr Ligue 1,22.0,2002.0,12,11,1018,11.3,0,1,1,0,0,0,0.3,0.3,0.2,0.5,0.04,4,1,25.0,0.35,0.09,0.0,0.0,0.08,577,636,90.7,10281,3407,0.1,2,12,2,0,0,0,0,0,16,6,0.53,1,0.09,9,5,6,3,0,50.0,15,24,37,1,2,735,112,8,1,50.0,465,0,0,4,3,548,2,2,0,0,7,0,0,1,0,36,16,51.6,0.0,0.0884086444007858,0.0884086444007858,0.0,0.0265225933202357,0.0265225933202357,0.0176817288801571,0.0442043222003929,0.0035363457760314,0.3536345776031434,0.0884086444007858,51.01178781925344,56.22789783889981,908.9292730844794,301.2082514734774,0.0088408644400785,0.1768172888015717,1.0609037328094302,0.1768172888015717,0.0,0.0,0.0,0.0,0.0,1.4145383104125735,0.7956777996070726,0.4420432220039292,0.5304518664047151,0.2652259332023575,0.0,1.3261296660117878,2.1218074656188604,3.2711198428290764,0.0884086444007858,64.9803536345776,9.901768172888016,0.7072691552062867,0.0884086444007858,41.11001964636542,0.0,0.0,0.3536345776031434,0.2652259332023575,48.447937131630646,0.1768172888015717,0.1768172888015717,0.0,0.618860510805501,0.0,0.0,0.0884086444007858,0.0,3.1827111984282905,1.4145383104125735,DF,,defense,0
Djed Spence,eng ENG,DF,Tottenham,eng Premier League,23.0,2000.0,25,19,1792,19.9,1,2,3,1,0,0,0.6,0.6,1.8,2.3,0.12,10,3,30.0,0.5,0.15,0.1,0.33,0.06,992,1161,85.4,14185,4261,1.4,11,78,18,8,25,0,2,2,105,29,1.46,5,0.25,47,34,25,15,7,76.7,21,68,74,19,2,1428,81,25,38,50.0,794,59,7,28,33,872,70,4,1,1,21,0,0,0,1,109,21,60.0,0.0502232142857142,0.1004464285714285,0.1506696428571428,0.0502232142857142,0.0301339285714285,0.0301339285714285,0.0904017857142857,0.1155133928571428,0.0060267857142857,0.5022321428571429,0.1506696428571428,49.82142857142858,58.309151785714285,712.4162946428571,214.00111607142856,0.0703125,0.5524553571428571,3.917410714285714,0.9040178571428572,0.4017857142857142,1.2555803571428572,0.0,0.1004464285714285,0.1004464285714285,5.2734375,2.360491071428572,1.7075892857142856,1.2555803571428572,0.7533482142857143,0.3515625,1.0546875,3.415178571428571,3.716517857142857,0.9542410714285716,71.71875,4.068080357142857,1.2555803571428572,1.908482142857143,39.877232142857146,2.963169642857143,0.3515625,1.40625,1.6573660714285714,43.79464285714285,3.515625,0.2008928571428571,0.0502232142857142,1.0546875,0.0,0.0,0.0,0.0502232142857142,5.474330357142857,1.0546875,DF,,defense,3
Leonardo Spinazzola,it ITA,"DF,FW",Napoli,it Serie A,31.0,1993.0,27,17,1517,16.9,1,1,2,1,0,0,0.8,0.8,3.5,4.2,0.25,12,4,33.3,0.71,0.24,0.08,0.25,0.07,710,895,79.3,12378,3751,3.4,26,62,34,8,65,12,3,5,88,47,2.79,3,0.18,17,10,6,9,2,43.5,9,26,31,26,1,1051,38,38,28,43.8,603,83,24,17,18,679,81,1,0,0,6,1,0,0,0,62,3,50.0,0.05932762030323,0.05932762030323,0.1186552406064601,0.05932762030323,0.047462096242584,0.047462096242584,0.2076466710613052,0.2491760052735662,0.0148319050758075,0.7119314436387607,0.2373104812129202,42.122610415293344,53.098220171390906,734.3572841133818,222.537903757416,0.2017139090309821,1.5425181278839817,3.678312458800264,2.017139090309822,0.4746209624258404,3.856295319709954,0.7119314436387607,0.1779828609096901,0.2966381015161503,5.2208305866842455,1.008569545154911,0.5932762030323006,0.3559657218193803,0.5339485827290705,0.1186552406064601,0.5339485827290705,1.5425181278839817,1.839156229400132,1.5425181278839817,62.3533289386948,2.254449571522742,2.254449571522742,1.6611733684904415,35.77455504284773,4.924192485168095,1.4238628872775214,1.008569545154911,1.067897165458141,40.283454185893206,4.805537244561635,0.05932762030323,0.0,0.3559657218193803,0.05932762030323,0.0,0.0,0.0,3.678312458800264,0.1779828609096901,DF,FW,defense,1
Carl Starfelt,se SWE,DF,Celta Vigo,es La Liga,29.0,1995.0,28,26,2270,25.2,1,0,1,1,0,0,0.5,0.5,0.2,0.7,0.03,5,1,20.0,0.2,0.04,0.2,1.0,0.1,1539,1643,93.7,27778,9742,0.2,6,56,1,0,0,0,1,5,66,18,0.71,1,0.04,40,20,25,14,1,66.7,31,71,129,4,3,1901,265,11,1,100.0,1104,11,1,9,0,1337,1,5,0,0,21,0,0,0,0,77,60,54.1,0.039647577092511,0.0,0.039647577092511,0.039647577092511,0.0198237885462555,0.0198237885462555,0.0079295154185022,0.0277533039647577,0.0011894273127753,0.198237885462555,0.039647577092511,61.01762114537445,65.14096916299559,1101.3303964757708,386.2466960352424,0.0079295154185022,0.237885462555066,2.2202643171806167,0.039647577092511,0.0,0.0,0.0,0.039647577092511,0.198237885462555,2.616740088105727,1.5859030837004406,0.7929515418502203,0.9911894273127754,0.5550660792951542,0.039647577092511,1.2290748898678414,2.8149779735682823,5.114537444933921,0.158590308370044,75.37004405286343,10.506607929515418,0.4361233480176211,0.039647577092511,43.77092511013216,0.4361233480176211,0.039647577092511,0.3568281938325991,0.0,53.00881057268722,0.039647577092511,0.198237885462555,0.0,0.8325991189427313,0.0,0.0,0.0,0.0,3.052863436123348,2.378854625550661,DF,,defense,0
Niklas Stark,de GER,DF,Werder Bremen,de Bundesliga,29.0,1995.0,26,25,2106,23.4,0,1,1,0,0,0,1.1,1.1,0.1,1.2,0.05,12,3,25.0,0.51,0.13,0.0,0.0,0.09,1098,1283,85.6,21262,7753,0.3,1,66,3,0,3,0,0,2,62,11,0.47,2,0.09,33,21,20,11,2,66.7,36,69,129,8,1,1558,161,14,1,100.0,882,7,0,7,0,1003,3,6,1,1,30,1,0,0,0,73,48,60.8,0.0,0.0427350427350427,0.0427350427350427,0.0,0.047008547008547,0.047008547008547,0.0042735042735042,0.0512820512820512,0.0021367521367521,0.5128205128205129,0.1282051282051282,46.92307692307693,54.82905982905983,908.6324786324784,331.3247863247863,0.0128205128205128,0.0427350427350427,2.8205128205128207,0.1282051282051282,0.0,0.1282051282051282,0.0,0.0,0.0854700854700854,2.649572649572649,1.4102564102564104,0.8974358974358975,0.8547008547008547,0.4700854700854701,0.0854700854700854,1.5384615384615383,2.9487179487179485,5.512820512820513,0.3418803418803419,66.58119658119658,6.88034188034188,0.5982905982905983,0.0427350427350427,37.69230769230769,0.2991452991452991,0.0,0.2991452991452991,0.0,42.86324786324786,0.1282051282051282,0.2564102564102564,0.0427350427350427,1.2820512820512822,0.0427350427350427,0.0,0.0,0.0,3.11965811965812,2.0512820512820515,DF,,defense,0
Jack Stephens,eng ENG,DF,Southampton,eng Premier League,30.0,1994.0,19,17,1389,15.4,1,0,1,1,0,0,0.6,0.6,0.2,0.7,0.05,4,2,50.0,0.26,0.13,0.25,0.5,0.14,879,955,92.0,15471,4366,0.3,3,51,5,0,1,0,0,2,63,13,0.84,0,0.0,34,20,25,9,0,56.7,13,47,53,4,2,1097,128,11,0,0.0,631,14,1,3,3,783,2,2,2,0,13,0,0,1,0,44,6,37.5,0.0647948164146868,0.0,0.0647948164146868,0.0647948164146868,0.038876889848812,0.038876889848812,0.0129589632829373,0.0453563714902807,0.0032397408207343,0.2591792656587472,0.1295896328293736,56.954643628509714,61.87904967602592,1002.44060475162,282.8941684665227,0.019438444924406,0.1943844492440604,3.304535637149028,0.3239740820734341,0.0,0.0647948164146868,0.0,0.0,0.1295896328293736,4.08207343412527,2.203023758099352,1.2958963282937366,1.6198704103671706,0.5831533477321814,0.0,0.8423326133909288,3.0453563714902807,3.4341252699784017,0.2591792656587472,71.07991360691145,8.293736501079913,0.712742980561555,0.0,40.88552915766739,0.9071274298056154,0.0647948164146868,0.1943844492440604,0.1943844492440604,50.734341252699785,0.1295896328293736,0.1295896328293736,0.1295896328293736,0.8423326133909288,0.0,0.0,0.0647948164146868,0.0,2.85097192224622,0.3887688984881209,DF,,defense,2
Álex Suárez,es ESP,DF,Las Palmas,es La Liga,31.0,1993.0,30,30,2460,27.3,0,0,0,0,0,0,0.5,0.5,0.1,0.6,0.02,6,3,50.0,0.22,0.11,0.0,0.0,0.09,1165,1357,85.9,21803,7921,0.2,3,50,3,0,1,0,1,9,53,14,0.51,2,0.07,40,23,30,9,1,74.1,13,53,107,13,2,1609,225,19,0,0.0,816,6,0,12,1,1020,3,12,0,0,27,0,0,1,2,68,25,34.2,0.0,0.0,0.0,0.0,0.0182926829268292,0.0182926829268292,0.0036585365853658,0.0219512195121951,0.0007317073170731,0.2195121951219512,0.1097560975609756,42.6219512195122,49.64634146341464,797.6707317073171,289.79268292682923,0.0073170731707317,0.1097560975609756,1.829268292682927,0.1097560975609756,0.0,0.0365853658536585,0.0,0.0365853658536585,0.3292682926829268,1.9390243902439024,1.4634146341463417,0.8414634146341463,1.0975609756097562,0.3292682926829268,0.0365853658536585,0.4756097560975609,1.9390243902439024,3.9146341463414633,0.4756097560975609,58.86585365853659,8.231707317073171,0.6951219512195123,0.0,29.853658536585368,0.2195121951219512,0.0,0.4390243902439024,0.0365853658536585,37.3170731707317,0.1097560975609756,0.4390243902439024,0.0,0.9878048780487804,0.0,0.0,0.0365853658536585,0.073170731707317,2.4878048780487805,0.9146341463414632,DF,,defense,0
Gabriel Suazo,cl CHI,DF,Toulouse,fr Ligue 1,26.0,1997.0,30,23,2163,24.0,0,6,6,0,0,0,0.8,0.8,3.8,4.7,0.19,7,4,57.1,0.29,0.17,0.0,0.0,0.12,994,1248,79.6,15858,6514,4.8,40,75,38,12,78,20,3,9,109,82,3.41,11,0.46,59,39,25,22,12,41.7,36,95,40,27,1,1484,54,39,25,64.1,782,42,8,36,14,889,118,0,0,0,32,2,0,0,1,125,13,40.6,0.0,0.2496532593619972,0.2496532593619972,0.0,0.0332871012482662,0.0332871012482662,0.1581137309292649,0.1955617198335645,0.0079056865464632,0.2912621359223301,0.1664355062413314,41.35922330097088,51.92787794729542,659.8335644937587,271.0402219140083,0.1997226074895977,1.6643550624133148,3.1206657420249653,1.5811373092926493,0.4993065187239944,3.245492371705964,0.8321775312066574,0.1248266296809986,0.3744798890429958,4.535367545076284,2.45492371705964,1.622746185852982,1.0402219140083218,0.9153952843273232,0.4993065187239944,1.4979195561719834,3.9528432732316223,1.6643550624133148,1.1234396671289877,61.74757281553398,2.246879334257975,1.622746185852982,1.0402219140083218,32.53814147018031,1.7475728155339805,0.3328710124826629,1.4979195561719834,0.5825242718446603,36.99029126213592,4.909847434119279,0.0,0.0,1.3314840499306515,0.0832177531206657,0.0,0.0,0.0416088765603328,5.201109570041608,0.5409153952843273,DF,,defense,3
Yukinari Sugawara,jp JPN,"DF,MF",Southampton,eng Premier League,24.0,2000.0,30,16,1557,17.3,1,1,2,1,0,0,0.5,0.5,2.2,2.7,0.16,14,5,35.7,0.81,0.29,0.07,0.2,0.03,713,891,80.0,11241,3454,2.5,17,47,21,9,70,10,1,7,72,39,2.25,1,0.06,31,18,16,14,1,61.3,11,42,53,22,3,1066,67,29,9,45.0,564,33,7,18,5,709,78,4,0,0,15,0,0,2,0,44,5,35.7,0.0578034682080924,0.0578034682080924,0.1156069364161849,0.0578034682080924,0.0289017341040462,0.0289017341040462,0.1271676300578035,0.1560693641618497,0.0092485549132947,0.8092485549132947,0.2890173410404624,41.21387283236994,51.50289017341041,649.7687861271676,199.65317919075144,0.1445086705202312,0.9826589595375722,2.7167630057803467,1.213872832369942,0.5202312138728323,4.0462427745664735,0.5780346820809248,0.0578034682080924,0.4046242774566473,4.161849710982659,1.791907514450867,1.0404624277456649,0.9248554913294798,0.8092485549132947,0.0578034682080924,0.6358381502890174,2.4277456647398843,3.0635838150289016,1.2716763005780347,61.618497109826585,3.8728323699421967,1.676300578034682,0.5202312138728323,32.601156069364166,1.907514450867052,0.4046242774566473,1.0404624277456649,0.2890173410404624,40.98265895953757,4.508670520231214,0.2312138728323699,0.0,0.8670520231213872,0.0,0.0,0.1156069364161849,0.0,2.543352601156069,0.2890173410404624,DF,MF,defense,1
Niklas Süle,de GER,DF,Dortmund,de Bundesliga,28.0,1995.0,15,12,1053,11.7,0,0,0,0,0,0,0.6,0.6,0.1,0.7,0.06,9,2,22.2,0.77,0.17,0.0,0.0,0.07,870,938,92.8,15061,5368,0.4,3,74,0,0,1,0,0,4,47,15,1.28,1,0.09,14,12,9,5,0,71.4,4,18,46,2,1,1038,103,9,3,42.9,668,15,0,3,0,798,10,1,0,0,5,1,0,1,0,53,12,66.7,0.0,0.0,0.0,0.0,0.0512820512820512,0.0512820512820512,0.0085470085470085,0.0598290598290598,0.0051282051282051,0.7692307692307693,0.1709401709401709,74.35897435897436,80.17094017094017,1287.2649572649573,458.8034188034188,0.0341880341880341,0.2564102564102564,6.3247863247863245,0.0,0.0,0.0854700854700854,0.0,0.0,0.3418803418803419,4.017094017094017,1.1965811965811963,1.0256410256410258,0.7692307692307693,0.4273504273504273,0.0,0.3418803418803419,1.5384615384615383,3.931623931623932,0.1709401709401709,88.71794871794872,8.803418803418804,0.7692307692307693,0.2564102564102564,57.0940170940171,1.2820512820512822,0.0,0.2564102564102564,0.0,68.2051282051282,0.8547008547008547,0.0854700854700854,0.0,0.4273504273504273,0.0854700854700854,0.0,0.0854700854700854,0.0,4.52991452991453,1.0256410256410258,DF,,defense,2
Marin Šverko,hr CRO,DF,Venezia,it Serie A,26.0,1998.0,16,12,1117,12.4,1,0,1,1,0,0,0.3,0.3,0.3,0.7,0.05,3,1,33.3,0.24,0.08,0.33,1.0,0.11,495,602,82.2,8857,3962,0.3,2,39,5,0,2,0,2,2,38,13,1.05,1,0.08,20,9,14,6,0,83.3,16,36,45,10,3,711,95,3,6,60.0,356,8,0,8,4,388,1,3,0,0,9,1,0,1,0,44,20,50.0,0.0805729632945389,0.0,0.0805729632945389,0.0805729632945389,0.0241718889883616,0.0241718889883616,0.0241718889883616,0.0564010743061772,0.0040286481647269,0.2417188898836168,0.0805729632945389,39.883616830796775,48.50492390331244,713.6347358997314,319.2300805729633,0.0241718889883616,0.1611459265890779,3.1423455684870185,0.4028648164726947,0.0,0.1611459265890779,0.0,0.1611459265890779,0.1611459265890779,3.06177260519248,1.6114592658907787,0.7251566696508506,1.1280214861235451,0.4834377797672337,0.0,1.2891674127126231,2.9006266786034023,3.6257833482542527,0.8057296329453894,57.28737690241719,7.6544315129812,0.2417188898836168,0.4834377797672337,28.683974932855865,0.6445837063563116,0.0,0.6445837063563116,0.3222918531781558,31.26230975828111,0.0805729632945389,0.2417188898836168,0.0,0.7251566696508506,0.0805729632945389,0.0,0.0805729632945389,0.0,3.5452103849597134,1.6114592658907787,DF,,defense,0
Michael Svoboda,at AUT,DF,Venezia,it Serie A,25.0,1998.0,16,15,1314,14.6,1,0,1,1,0,0,0.2,0.2,0.6,0.8,0.06,4,4,100.0,0.27,0.27,0.25,0.25,0.04,703,829,84.8,12684,4404,1.2,5,44,2,0,2,0,3,0,43,16,1.1,0,0.0,26,14,19,6,1,42.1,22,48,66,8,2,984,147,15,2,66.7,509,13,2,12,11,563,5,1,0,0,7,0,0,0,0,71,35,55.6,0.0684931506849315,0.0,0.0684931506849315,0.0684931506849315,0.0136986301369863,0.0136986301369863,0.0410958904109589,0.0547945205479452,0.0041095890410958,0.273972602739726,0.273972602739726,48.15068493150685,56.78082191780822,868.7671232876712,301.6438356164384,0.0821917808219178,0.3424657534246575,3.013698630136986,0.136986301369863,0.0,0.136986301369863,0.0,0.2054794520547945,0.0,2.9452054794520546,1.7808219178082192,0.958904109589041,1.3013698630136985,0.410958904109589,0.0684931506849315,1.506849315068493,3.287671232876712,4.520547945205479,0.547945205479452,67.3972602739726,10.068493150684931,1.0273972602739725,0.136986301369863,34.86301369863014,0.8904109589041096,0.136986301369863,0.821917808219178,0.7534246575342465,38.56164383561644,0.3424657534246575,0.0684931506849315,0.0,0.4794520547945205,0.0,0.0,0.0,0.0,4.863013698630136,2.3972602739726026,DF,,defense,0
Abakar Sylla,ci CIV,DF,Strasbourg,fr Ligue 1,21.0,2002.0,21,10,950,10.6,1,0,1,1,0,0,0.4,0.4,0.1,0.5,0.05,5,1,20.0,0.47,0.09,0.2,1.0,0.08,583,658,88.6,9980,3603,0.1,1,21,1,0,1,0,0,1,21,4,0.38,1,0.09,27,15,14,11,2,88.2,11,38,63,7,0,791,151,9,3,50.0,425,0,0,5,4,497,3,2,1,0,17,0,0,0,1,39,20,57.1,0.0947368421052631,0.0,0.0947368421052631,0.0947368421052631,0.0378947368421052,0.0378947368421052,0.0094736842105263,0.0473684210526315,0.0047368421052631,0.4736842105263157,0.0947368421052631,55.231578947368426,62.33684210526315,945.4736842105262,341.33684210526314,0.0094736842105263,0.0947368421052631,1.9894736842105265,0.0947368421052631,0.0,0.0947368421052631,0.0,0.0,0.0947368421052631,1.9894736842105265,2.557894736842105,1.4210526315789471,1.326315789473684,1.0421052631578949,0.1894736842105263,1.0421052631578949,3.6,5.968421052631579,0.6631578947368421,74.93684210526315,14.305263157894736,0.8526315789473685,0.2842105263157894,40.26315789473684,0.0,0.0,0.4736842105263157,0.3789473684210526,47.08421052631579,0.2842105263157894,0.1894736842105263,0.0947368421052631,1.6105263157894736,0.0,0.0,0.0,0.0947368421052631,3.694736842105263,1.894736842105263,DF,,defense,0
Issiaga Sylla,gn GUI,DF,Montpellier,fr Ligue 1,30.0,1994.0,19,15,1156,12.8,1,0,1,1,0,0,1.8,1.8,0.6,2.4,0.19,11,2,18.2,0.86,0.16,0.09,0.5,0.17,435,563,77.3,7255,3005,0.7,7,45,16,10,36,0,2,3,53,20,1.62,2,0.16,25,10,17,7,1,51.7,10,35,34,16,1,683,50,14,9,60.0,335,33,1,16,8,394,46,2,0,0,13,0,0,0,0,51,22,55.0,0.0778546712802768,0.0,0.0778546712802768,0.0778546712802768,0.1401384083044982,0.1401384083044982,0.046712802768166,0.1868512110726643,0.0147923875432525,0.856401384083045,0.1557093425605536,33.86678200692042,43.83217993079585,564.8356401384083,233.95328719723184,0.0544982698961937,0.5449826989619377,3.5034602076124566,1.245674740484429,0.7785467128027682,2.8027681660899653,0.0,0.1557093425605536,0.2335640138408304,4.126297577854672,1.9463667820069204,0.7785467128027682,1.3235294117647058,0.5449826989619377,0.0778546712802768,0.7785467128027682,2.7249134948096887,2.647058823529412,1.245674740484429,53.174740484429066,3.8927335640138407,1.0899653979238757,0.7006920415224913,26.081314878892734,2.569204152249135,0.0778546712802768,1.245674740484429,0.6228373702422145,30.674740484429066,3.5813148788927336,0.1557093425605536,0.0,1.0121107266435987,0.0,0.0,0.0,0.0,3.9705882352941178,1.71280276816609,DF,,defense,1
Nicolás Tagliafico,ar ARG,DF,Lyon,fr Ligue 1,31.0,1992.0,24,22,1902,21.1,3,1,4,3,0,0,3.0,3.0,0.8,3.8,0.18,28,7,25.0,1.32,0.33,0.11,0.43,0.11,1159,1338,86.6,17462,5435,1.4,5,72,8,3,37,0,0,1,97,28,1.32,6,0.28,57,37,24,22,11,60.4,36,93,55,24,0,1582,77,46,1,12.5,822,31,4,21,4,1024,81,7,0,0,41,2,2,0,0,102,25,49.0,0.1419558359621451,0.0473186119873817,0.1892744479495268,0.1419558359621451,0.1419558359621451,0.1419558359621451,0.0378548895899053,0.1798107255520504,0.0085173501577287,1.3249211356466877,0.3312302839116719,54.84227129337539,63.31230283911672,826.2776025236593,257.17665615141954,0.0662460567823343,0.2365930599369085,3.406940063091483,0.3785488958990536,0.1419558359621451,1.750788643533123,0.0,0.0,0.0473186119873817,4.589905362776025,2.697160883280757,1.750788643533123,1.135646687697161,1.0410094637223974,0.5205047318611987,1.7034700315457414,4.400630914826499,2.602523659305994,1.135646687697161,74.85804416403786,3.643533123028391,2.176656151419558,0.0473186119873817,38.89589905362776,1.4668769716088328,0.1892744479495268,0.9936908517350158,0.1892744479495268,48.45425867507886,3.8328075709779177,0.3312302839116719,0.0,1.94006309148265,0.0946372239747634,0.0946372239747634,0.0,0.0,4.826498422712934,1.1829652996845426,DF,,defense,3
Jonathan Tah,de GER,DF,Leverkusen,de Bundesliga,28.0,1996.0,33,33,2970,33.0,3,0,3,3,0,0,1.1,1.1,0.4,1.5,0.05,24,7,29.2,0.73,0.21,0.13,0.43,0.05,2145,2309,92.9,38573,15060,1.9,4,202,6,3,6,0,2,4,169,30,0.91,5,0.15,19,12,12,6,1,62.5,36,55,157,7,2,2626,224,43,3,60.0,1551,15,0,16,10,1888,9,3,0,0,16,1,0,0,0,165,77,77.0,0.0909090909090909,0.0,0.0909090909090909,0.0909090909090909,0.0333333333333333,0.0333333333333333,0.0121212121212121,0.0454545454545454,0.0015151515151515,0.7272727272727273,0.2121212121212121,65.0,69.96969696969697,1168.8787878787878,456.3636363636364,0.0575757575757575,0.1212121212121212,6.121212121212121,0.1818181818181818,0.0909090909090909,0.1818181818181818,0.0,0.0606060606060606,0.1212121212121212,5.121212121212121,0.5757575757575757,0.3636363636363636,0.3636363636363636,0.1818181818181818,0.0303030303030303,1.0909090909090908,1.6666666666666663,4.757575757575758,0.2121212121212121,79.57575757575758,6.787878787878787,1.3030303030303032,0.0909090909090909,47.0,0.4545454545454546,0.0,0.4848484848484848,0.303030303030303,57.2121212121212,0.2727272727272727,0.0909090909090909,0.0,0.4848484848484848,0.0303030303030303,0.0,0.0,0.0,5.0,2.333333333333333,DF,,defense,2
Edmond Tapsoba,bf BFA,DF,Leverkusen,de Bundesliga,25.0,1999.0,29,29,2507,27.9,0,0,0,0,0,0,1.1,1.1,0.2,1.3,0.05,21,2,9.5,0.75,0.07,0.0,0.0,0.05,1703,1972,86.4,29215,10275,1.3,4,195,9,2,8,0,1,9,164,34,1.22,6,0.22,39,24,19,16,4,56.4,24,63,89,14,3,2214,145,23,11,57.9,1326,52,1,16,5,1564,17,4,0,0,34,1,0,1,1,124,54,62.8,0.0,0.0,0.0,0.0,0.039489429597128,0.039489429597128,0.0071798962903869,0.0466693258875149,0.0017949740725967,0.7538891104906262,0.0717989629038691,61.1368169126446,70.79377742321499,1048.8033506182687,368.8671719186279,0.0466693258875149,0.1435979258077383,7.000398883127243,0.3230953330674112,0.0717989629038691,0.2871958516154766,0.0,0.0358994814519345,0.3230953330674112,5.887514958117272,1.4000797766254487,0.8615875548464299,0.682090147586757,0.5743917032309533,0.1435979258077383,0.8615875548464299,2.261667331471879,3.195053849222178,0.5025927403270841,79.48145193458316,5.2054248105305145,0.8256880733944955,0.3948942959712804,47.60271240526526,1.8667730355005985,0.0358994814519345,0.5743917032309533,0.1794974072596729,56.14678899082569,0.6102911846828879,0.1435979258077383,0.0,1.2205823693657758,0.0358994814519345,0.0,0.0358994814519345,0.0358994814519345,4.451535700039888,1.9385719984044676,DF,,defense,2
James Tarkowski,eng ENG,DF,Everton,eng Premier League,31.0,1992.0,33,33,2922,32.5,1,1,2,1,0,0,1.3,1.3,2.9,4.2,0.13,15,4,26.7,0.46,0.12,0.07,0.25,0.09,1045,1290,81.0,22119,8229,2.4,16,83,11,0,1,0,2,13,75,38,1.17,4,0.12,64,40,39,22,3,61.5,41,105,213,12,4,1706,355,57,5,71.4,727,9,0,13,7,927,3,6,0,0,35,0,0,1,0,98,102,75.6,0.0308008213552361,0.0308008213552361,0.0616016427104722,0.0308008213552361,0.0400410677618069,0.0400410677618069,0.0893223819301848,0.1293634496919918,0.0040041067761806,0.462012320328542,0.1232032854209445,32.186858316221766,39.73305954825462,681.2833675564682,253.4599589322382,0.0739219712525667,0.4928131416837782,2.5564681724846,0.3388090349075975,0.0,0.0308008213552361,0.0,0.0616016427104722,0.4004106776180698,2.3100616016427105,1.9712525667351128,1.2320328542094456,1.2012320328542094,0.6776180698151951,0.0924024640657084,1.2628336755646818,3.2340862422997945,6.560574948665297,0.3696098562628337,52.54620123203285,10.93429158110883,1.75564681724846,0.1540041067761807,22.392197125256672,0.2772073921971252,0.0,0.4004106776180698,0.2156057494866529,28.5523613963039,0.0924024640657084,0.1848049281314168,0.0,1.0780287474332648,0.0,0.0,0.0308008213552361,0.0,3.0184804928131417,3.141683778234086,DF,,defense,0
César Tárrega,es ESP,DF,Valencia,es La Liga,22.0,2002.0,34,34,3026,33.6,2,0,2,2,0,0,1.9,1.9,0.1,2.1,0.06,20,6,30.0,0.59,0.18,0.1,0.33,0.1,1428,1692,84.4,27168,9416,0.2,3,79,1,0,1,0,0,10,79,10,0.3,0,0.0,49,37,33,13,3,61.3,22,71,222,14,2,2096,330,37,11,73.3,1134,20,0,16,4,1318,1,7,0,0,56,0,0,2,2,104,87,58.4,0.0594844679444811,0.0,0.0594844679444811,0.0594844679444811,0.0565102445472571,0.0565102445472571,0.002974223397224,0.0624586913417052,0.0017845340383344,0.5948446794448117,0.1784534038334435,42.47191011235955,50.32385988103107,808.0370125578321,280.05287508261733,0.0059484467944481,0.0892267019167217,2.349636483807006,0.0297422339722405,0.0,0.0297422339722405,0.0,0.0,0.2974223397224058,2.349636483807006,1.4573694646397883,1.1004626569729017,0.9814937210839392,0.3866490416391276,0.0892267019167217,0.6543291473892928,2.1116986120290813,6.602775941837409,0.4163912756113682,62.33972240581626,9.814937210839393,1.1004626569729017,0.3271645736946464,33.72769332452082,0.5948446794448117,0.0,0.4758757435558493,0.1189689358889623,39.20026437541309,0.0297422339722405,0.2081956378056841,0.0,1.6655651024454727,0.0,0.0,0.0594844679444811,0.0594844679444811,3.093192333113021,2.5875743555849304,DF,,defense,0
Nuno Tavares,pt POR,DF,Lazio,it Serie A,24.0,2000.0,23,22,1686,18.7,0,8,8,0,0,0,1.1,1.1,4.8,5.9,0.32,28,5,17.9,1.49,0.27,0.0,0.0,0.04,820,1042,78.7,13097,5090,4.9,33,69,44,23,126,9,2,6,111,63,3.37,11,0.59,28,21,15,8,5,41.2,21,49,44,29,2,1302,61,39,49,46.7,736,98,20,45,32,811,100,4,1,1,18,2,0,1,0,104,11,50.0,0.0,0.4270462633451957,0.4270462633451957,0.0,0.0587188612099644,0.0587188612099644,0.2562277580071174,0.3149466192170819,0.0170818505338078,1.494661921708185,0.2669039145907473,43.77224199288256,55.62277580071174,699.1281138790035,271.7081850533808,0.2615658362989324,1.7615658362989324,3.683274021352313,2.3487544483985765,1.2277580071174377,6.725978647686833,0.4804270462633452,0.1067615658362989,0.3202846975088967,5.92526690391459,1.494661921708185,1.1209964412811388,0.8007117437722421,0.4270462633451957,0.2669039145907473,1.1209964412811388,2.615658362989324,2.3487544483985765,1.5480427046263343,69.5017793594306,3.256227758007117,2.0818505338078293,2.615658362989324,39.288256227758005,5.231316725978648,1.0676156583629892,2.402135231316726,1.708185053380783,43.29181494661922,5.338078291814947,0.2135231316725978,0.0533807829181494,0.9608540925266904,0.1067615658362989,0.0,0.0533807829181494,0.0,5.551601423487544,0.5871886120996441,DF,,defense,1
Jackson Tchatchoua,cm CMR,"DF,MF",Hellas Verona,it Serie A,22.0,2001.0,36,36,3167,35.2,2,3,5,2,0,0,1.6,1.6,2.8,4.5,0.13,18,3,16.7,0.51,0.09,0.11,0.67,0.09,837,1126,74.3,12483,4001,3.0,34,39,29,18,118,0,2,6,72,60,1.71,3,0.09,50,31,34,13,3,65.1,14,64,75,35,2,1403,83,35,21,52.5,685,88,18,50,15,748,163,7,1,0,26,0,0,1,0,121,30,46.9,0.0568361225134196,0.0852541837701294,0.1420903062835491,0.0568361225134196,0.0454688980107357,0.0454688980107357,0.0795705715187874,0.1278812756551942,0.0036943479633722,0.5115251026207768,0.0852541837701294,23.78591727186612,31.99873697505525,354.7426586675087,113.700663088096,0.0852541837701294,0.966214082728134,1.108304389011683,0.8241237764445848,0.5115251026207768,3.3533312282917587,0.0,0.0568361225134196,0.1705083675402589,2.046100410483107,1.420903062835491,0.8809598989580043,0.966214082728134,0.3694347963372277,0.0852541837701294,0.3978528575939374,1.8187559204294284,2.131354594253237,0.9946321439848436,39.87053994316388,2.3586990843069158,0.9946321439848436,0.5967792863909062,19.466371960846228,2.500789390590464,0.5115251026207768,1.420903062835491,0.4262709188506473,21.256709820018948,4.632143984843701,0.1989264287969687,0.0284180612567098,0.7388695926744554,0.0,0.0,0.0284180612567098,0.0,3.438585412061888,0.8525418377012947,DF,MF,defense,1
Enzo Tchato,cm CMR,DF,Montpellier,fr Ligue 1,21.0,2002.0,27,21,1899,21.1,0,0,0,0,0,0,0.1,0.1,1.5,1.7,0.08,4,2,50.0,0.19,0.09,0.0,0.0,0.03,757,1010,75.0,12674,4703,1.2,14,46,13,12,77,0,1,0,62,33,1.56,0,0.0,48,26,26,18,4,59.1,22,70,59,28,0,1204,79,14,6,42.9,532,44,3,16,5,670,95,3,0,0,21,0,0,0,0,60,19,61.3,0.0,0.0,0.0,0.0,0.0047393364928909,0.0047393364928909,0.0710900473933649,0.0805687203791469,0.0037914691943127,0.1895734597156398,0.0947867298578199,35.87677725118483,47.867298578199055,600.6635071090047,222.8909952606635,0.0568720379146919,0.6635071090047393,2.1800947867298577,0.6161137440758293,0.5687203791469194,3.649289099526066,0.0,0.0473933649289099,0.0,2.938388625592417,2.2748815165876777,1.2322274881516586,1.2322274881516586,0.8530805687203792,0.1895734597156398,1.042654028436019,3.3175355450236967,2.796208530805687,1.3270142180094786,57.06161137440759,3.744075829383886,0.6635071090047393,0.2843601895734597,25.213270142180093,2.085308056872038,0.1421800947867298,0.7582938388625592,0.2369668246445497,31.753554502369667,4.502369668246446,0.1421800947867298,0.0,0.9952606635071092,0.0,0.0,0.0,0.0,2.8436018957345968,0.9004739336492892,DF,,defense,3
Aurélien Tchouaméni,fr FRA,"DF,MF",Real Madrid,es La Liga,24.0,2000.0,32,31,2689,29.9,0,0,0,0,0,0,1.7,1.7,0.6,2.2,0.07,19,3,15.8,0.64,0.1,0.0,0.0,0.09,1869,2025,92.3,32598,10694,0.9,5,176,9,1,12,0,0,9,154,34,1.14,0,0.0,47,23,25,19,3,51.2,46,93,92,10,1,2324,216,25,10,62.5,1440,19,1,23,8,1689,13,5,0,0,26,0,0,1,0,143,74,73.3,0.0,0.0,0.0,0.0,0.0568984752696169,0.0568984752696169,0.0200818148010412,0.0736333209371513,0.0023428783934548,0.6359241353663072,0.1004090740052063,62.55485310524359,67.77612495351431,1091.0449981405727,357.92487913722573,0.0301227222015619,0.1673484566753439,5.890665674972109,0.3012272220156192,0.0334696913350687,0.4016362960208255,0.0,0.0,0.3012272220156192,5.154332465600595,1.5730754927482336,0.7698029007065824,0.83674228337672,0.6359241353663072,0.1004090740052063,1.5396058014131648,3.112681294161398,3.0792116028263297,0.3346969133506879,77.7835626626999,7.22945332837486,0.83674228337672,0.3346969133506879,48.19635552249908,0.6359241353663072,0.0334696913350687,0.7698029007065824,0.2677575306805503,56.5303086649312,0.4351059873558944,0.1673484566753439,0.0,0.8702119747117888,0.0,0.0,0.0334696913350687,0.0,4.786165860914839,2.476757158795091,DF,MF,defense,2
Nahuel Tenaglia,ar ARG,DF,Alavés,es La Liga,28.0,1996.0,34,33,2922,32.5,2,1,3,2,0,0,2.2,2.2,1.6,3.7,0.12,27,8,29.6,0.83,0.25,0.07,0.25,0.08,1017,1410,72.1,17640,8188,1.4,19,85,19,9,85,0,0,4,103,51,1.57,4,0.12,96,61,61,30,5,60.2,47,143,123,35,2,1835,105,48,17,48.6,757,42,5,36,15,829,98,11,0,0,37,8,3,0,0,117,46,46.9,0.0616016427104722,0.0308008213552361,0.0924024640657084,0.0616016427104722,0.0677618069815195,0.0677618069815195,0.0492813141683778,0.1139630390143737,0.0036960985626283,0.8316221765913757,0.2464065708418891,31.32443531827516,43.42915811088296,543.3264887063655,252.1971252566735,0.0431211498973305,0.5852156057494867,2.618069815195072,0.5852156057494867,0.2772073921971252,2.618069815195072,0.0,0.0,0.1232032854209445,3.1724845995893225,2.9568788501026697,1.8788501026694044,1.8788501026694044,0.924024640657084,0.1540041067761807,1.4476386036960986,4.404517453798768,3.788501026694045,1.0780287474332648,56.51950718685831,3.2340862422997945,1.4784394250513349,0.5236139630390144,23.31622176591376,1.2936344969199178,0.1540041067761807,1.108829568788501,0.462012320328542,25.53388090349076,3.0184804928131417,0.3388090349075975,0.0,1.1396303901437372,0.2464065708418891,0.0924024640657084,0.0,0.0,3.603696098562628,1.4168377823408622,DF,,defense,3
Kenny Tete,nl NED,DF,Fulham,eng Premier League,28.0,1995.0,22,21,1774,19.7,0,2,2,0,0,0,1.4,1.4,0.9,2.3,0.12,24,2,8.3,1.22,0.1,0.0,0.0,0.06,772,956,80.8,12358,4026,0.7,9,65,13,6,38,0,1,2,63,36,1.83,4,0.2,56,38,29,14,13,60.5,32,88,67,23,0,1205,79,37,9,45.0,611,34,7,17,10,695,54,5,0,0,35,2,0,0,0,74,24,52.2,0.0,0.1014656144306651,0.1014656144306651,0.0,0.0710259301014656,0.0710259301014656,0.0456595264937993,0.1166854565952649,0.0060879368658399,1.2175873731679818,0.1014656144306651,39.16572717023676,48.50056369785795,626.95603156708,204.25028184892895,0.0355129650507328,0.4565952649379932,3.2976324689966177,0.6595264937993235,0.3043968432919954,1.927846674182638,0.0,0.0507328072153325,0.1014656144306651,3.1961668545659525,2.8410372040586243,1.927846674182638,1.471251409244645,0.7102593010146561,0.6595264937993235,1.6234498308906424,4.464487034949267,3.399098083427283,1.1668545659526492,61.13303269447576,4.007891770011274,1.877113866967305,0.4565952649379932,30.997745208568208,1.7249154453213078,0.355129650507328,0.8624577226606539,0.5073280721533258,35.259301014656145,2.739571589627959,0.2536640360766629,0.0,1.7756482525366404,0.1014656144306651,0.0,0.0,0.0,3.754227733934611,1.2175873731679818,DF,,defense,3
Arthur Theate,be BEL,DF,Eint Frankfurt,de Bundesliga,24.0,2000.0,31,31,2704,30.0,0,0,0,0,0,0,2.4,2.4,1.0,3.4,0.11,36,9,25.0,1.2,0.3,0.0,0.0,0.07,1539,1863,82.6,28003,10918,1.7,13,184,22,5,26,0,7,13,171,47,1.56,7,0.23,36,25,19,16,1,50.0,39,75,170,18,3,2230,237,33,10,76.9,1321,50,1,21,7,1431,24,6,1,1,14,3,0,0,0,123,54,55.1,0.0,0.0,0.0,0.0,0.0798816568047337,0.0798816568047337,0.033284023668639,0.1131656804733727,0.0036612426035502,1.198224852071006,0.2995562130177515,51.2241124260355,62.00813609467456,932.0525147928994,363.3949704142012,0.0565828402366863,0.4326923076923077,6.124260355029586,0.7322485207100592,0.1664201183431952,0.8653846153846154,0.0,0.2329881656804734,0.4326923076923077,5.691568047337278,1.198224852071006,0.8321005917159764,0.632396449704142,0.5325443786982248,0.033284023668639,1.2980769230769231,2.496301775147929,5.65828402366864,0.599112426035503,74.22337278106508,7.888313609467456,1.0983727810650887,0.3328402366863905,43.96819526627219,1.6642011834319528,0.033284023668639,0.69896449704142,0.2329881656804734,47.62943786982249,0.7988165680473372,0.1997041420118343,0.033284023668639,0.4659763313609468,0.0998520710059171,0.0,0.0,0.0,4.093934911242604,1.797337278106509,DF,,defense,2
Malick Thiaw,de GER,DF,Milan,it Serie A,22.0,2001.0,22,19,1806,20.1,0,0,0,0,0,0,0.6,0.6,0.1,0.7,0.04,7,0,0.0,0.35,0.0,0.0,,0.08,1181,1269,93.1,23117,7754,0.2,4,87,1,0,3,0,2,6,89,21,1.05,1,0.05,24,17,15,6,3,60.0,15,39,76,2,1,1432,133,15,3,75.0,905,12,0,8,2,1044,1,2,0,0,24,0,0,0,3,65,49,64.5,0.0,0.0,0.0,0.0,0.0299003322259136,0.0299003322259136,0.0049833887043189,0.0348837209302325,0.0019933554817275,0.3488372093023256,0.0,58.85382059800664,63.23920265780731,1152.0099667774086,386.41196013289033,0.0099667774086378,0.1993355481727574,4.335548172757475,0.0498338870431893,0.0,0.1495016611295681,0.0,0.0996677740863787,0.2990033222591362,4.435215946843854,1.196013289036545,0.8471760797342193,0.7475083056478405,0.2990033222591362,0.1495016611295681,0.7475083056478405,1.9435215946843851,3.787375415282392,0.0996677740863787,71.36212624584718,6.627906976744186,0.7475083056478405,0.1495016611295681,45.09966777408638,0.5980066445182725,0.0,0.3986710963455149,0.0996677740863787,52.0265780730897,0.0498338870431893,0.0996677740863787,0.0,1.196013289036545,0.0,0.0,0.0,0.1495016611295681,3.2392026578073088,2.441860465116279,DF,,defense,2
Luke Thomas,eng ENG,DF,Leicester City,eng Premier League,23.0,2001.0,14,13,1110,12.3,0,0,0,0,0,0,0.4,0.4,0.5,0.9,0.07,5,0,0.0,0.41,0.0,0.0,,0.07,493,629,78.4,8065,2702,0.5,9,32,5,2,29,8,0,0,37,16,1.3,1,0.08,31,25,23,5,3,51.2,21,52,49,14,1,775,50,8,3,50.0,371,5,2,12,4,431,16,3,0,0,16,0,0,1,0,42,13,54.2,0.0,0.0,0.0,0.0,0.0324324324324324,0.0324324324324324,0.0405405405405405,0.0729729729729729,0.0056756756756756,0.4054054054054054,0.0,39.972972972972975,51.0,653.9189189189188,219.0810810810811,0.0405405405405405,0.7297297297297298,2.5945945945945947,0.4054054054054054,0.1621621621621621,2.3513513513513518,0.6486486486486487,0.0,0.0,3.0,2.5135135135135136,2.0270270270270268,1.864864864864865,0.4054054054054054,0.2432432432432432,1.7027027027027029,4.216216216216217,3.972972972972973,1.135135135135135,62.83783783783784,4.0540540540540535,0.6486486486486487,0.2432432432432432,30.08108108108108,0.4054054054054054,0.1621621621621621,0.972972972972973,0.3243243243243243,34.945945945945944,1.2972972972972974,0.2432432432432432,0.0,1.2972972972972974,0.0,0.0,0.081081081081081,0.0,3.4054054054054057,1.0540540540540542,DF,,defense,3
Jurriën Timber,nl NED,DF,Arsenal,eng Premier League,23.0,2001.0,30,27,2417,26.9,1,3,4,1,0,0,1.2,1.2,0.8,2.1,0.08,14,4,28.6,0.52,0.15,0.07,0.25,0.09,1194,1395,85.6,17327,4642,1.3,17,107,17,2,28,0,2,1,146,52,1.94,9,0.34,58,38,17,30,11,66.7,22,80,44,25,1,1661,51,66,24,45.3,890,57,11,33,24,1052,104,7,0,0,31,1,0,0,0,94,22,52.4,0.0372362432767894,0.1117087298303682,0.1489449731071576,0.0372362432767894,0.0446834919321472,0.0446834919321472,0.0297889946214315,0.0781961108812577,0.0029788994621431,0.5213074058750518,0.1489449731071576,44.46007447248655,51.94455937112122,645.19238725693,172.85064129085643,0.0484071162598262,0.6330161357054199,3.984278030616467,0.6330161357054199,0.0744724865535788,1.0426148117501035,0.0,0.0744724865535788,0.0372362432767894,5.436491518411254,2.159702110053786,1.4149772445179971,0.6330161357054199,1.1170872983036824,0.4095986760446835,0.819197352089367,2.9788994621431524,1.638394704178734,0.9309060819197352,61.84940008274721,1.89904840711626,2.457592056268101,0.8936698386429459,33.140256516342575,2.122465866776996,0.4095986760446835,1.2287960281340504,0.8936698386429459,39.17252792718246,3.872569300786098,0.2606537029375259,0.0,1.1543235415804718,0.0372362432767894,0.0,0.0,0.0,3.5002068680182044,0.819197352089367,DF,,defense,3
Jean-Clair Todibo,fr FRA,DF,West Ham,eng Premier League,24.0,1999.0,27,20,1825,20.3,0,0,0,0,0,0,0.4,0.4,0.0,0.4,0.02,5,0,0.0,0.25,0.0,0.0,,0.07,951,1082,87.9,16772,5965,0.1,2,44,1,0,3,0,0,4,38,5,0.25,0,0.0,47,28,30,15,2,72.2,26,73,83,7,3,1297,165,11,9,56.3,760,9,0,14,11,890,5,3,0,0,16,0,0,0,0,79,28,51.9,0.0,0.0,0.0,0.0,0.0197260273972602,0.0197260273972602,0.0,0.0197260273972602,0.000986301369863,0.2465753424657534,0.0,46.89863013698631,53.35890410958904,827.1123287671234,294.16438356164383,0.004931506849315,0.0986301369863013,2.16986301369863,0.0493150684931506,0.0,0.147945205479452,0.0,0.0,0.1972602739726027,1.873972602739726,2.317808219178082,1.380821917808219,1.4794520547945205,0.7397260273972602,0.0986301369863013,1.2821917808219176,3.6,4.093150684931507,0.3452054794520547,63.96164383561644,8.136986301369863,0.5424657534246575,0.4438356164383562,37.47945205479452,0.4438356164383562,0.0,0.6904109589041095,0.5424657534246575,43.89041095890411,0.2465753424657534,0.147945205479452,0.0,0.7890410958904109,0.0,0.0,0.0,0.0,3.895890410958904,1.380821917808219,DF,,defense,0
Fikayo Tomori,eng ENG,DF,Milan,it Serie A,26.0,1997.0,22,19,1593,17.7,0,1,1,0,0,0,0.1,0.1,0.7,0.8,0.05,2,0,0.0,0.11,0.0,0.0,,0.04,1019,1103,92.4,18036,6914,0.8,8,58,6,3,6,0,2,4,63,22,1.24,3,0.17,40,25,21,16,3,68.0,20,60,61,5,2,1260,119,7,2,100.0,721,8,0,9,2,871,3,4,1,1,10,0,0,0,0,60,28,48.3,0.0,0.0564971751412429,0.0564971751412429,0.0,0.0056497175141242,0.0056497175141242,0.03954802259887,0.0451977401129943,0.0028248587570621,0.1129943502824858,0.0,57.57062146892656,62.31638418079096,1018.9830508474575,390.6214689265537,0.0451977401129943,0.4519774011299435,3.2768361581920904,0.3389830508474576,0.1694915254237288,0.3389830508474576,0.0,0.1129943502824858,0.2259887005649717,3.5593220338983054,2.2598870056497176,1.4124293785310735,1.1864406779661016,0.9039548022598872,0.1694915254237288,1.1299435028248588,3.389830508474576,3.4463276836158188,0.2824858757062147,71.1864406779661,6.72316384180791,0.3954802259887005,0.1129943502824858,40.73446327683616,0.4519774011299435,0.0,0.5084745762711864,0.1129943502824858,49.2090395480226,0.1694915254237288,0.2259887005649717,0.0564971751412429,0.5649717514124294,0.0,0.0,0.0,0.0,3.389830508474576,1.581920903954802,DF,,defense,2
David Torres,es ESP,DF,Valladolid,es La Liga,21.0,2003.0,18,15,1387,15.4,0,0,0,0,0,0,0.3,0.3,0.0,0.3,0.02,3,1,33.3,0.19,0.06,0.0,0.0,0.09,589,714,82.5,11231,4594,0.1,1,27,1,1,3,0,0,3,37,3,0.19,0,0.0,13,8,12,1,0,63.6,10,23,74,10,0,846,139,5,1,50.0,451,11,0,2,3,547,3,5,0,0,13,0,0,0,1,27,20,48.8,0.0,0.0,0.0,0.0,0.019466474405191,0.019466474405191,0.0,0.019466474405191,0.001297764960346,0.1946647440519106,0.0648882480173035,38.21917808219178,46.33020908435472,728.759913482336,298.09661139149244,0.0064888248017303,0.0648882480173035,1.7519826964671954,0.0648882480173035,0.0648882480173035,0.1946647440519106,0.0,0.0,0.1946647440519106,2.4008651766402305,0.8435472242249459,0.5191059841384282,0.7786589762076424,0.0648882480173035,0.0,0.6488824801730353,1.4924297043979813,4.801730353280461,0.6488824801730353,54.89545782263878,9.01946647440519,0.3244412400865176,0.0648882480173035,29.26459985580389,0.7137707281903388,0.0,0.129776496034607,0.1946647440519106,35.49387166546503,0.1946647440519106,0.3244412400865176,0.0,0.8435472242249459,0.0,0.0,0.0,0.0648882480173035,1.7519826964671954,1.2977649603460706,DF,,defense,0
Pau Torres,es ESP,DF,Aston Villa,eng Premier League,27.0,1997.0,24,23,2020,22.4,0,0,0,0,0,0,0.5,0.5,0.1,0.6,0.03,8,2,25.0,0.36,0.09,0.0,0.0,0.06,1217,1369,88.9,21319,7907,0.4,3,110,8,0,3,0,4,12,97,14,0.62,2,0.09,21,15,11,8,2,58.8,10,31,75,4,2,1518,237,17,15,88.2,965,40,0,6,5,1090,8,2,0,0,8,0,0,0,0,62,18,38.3,0.0,0.0,0.0,0.0,0.0222772277227722,0.0222772277227722,0.0044554455445544,0.0267326732673267,0.0013366336633663,0.3564356435643564,0.0891089108910891,54.22277227722772,60.9950495049505,949.8564356435644,352.2920792079208,0.0178217821782178,0.1336633663366336,4.900990099009901,0.3564356435643564,0.0,0.1336633663366336,0.0,0.1782178217821782,0.5346534653465347,4.321782178217822,0.9356435643564356,0.6683168316831682,0.4900990099009901,0.3564356435643564,0.0891089108910891,0.4455445544554455,1.381188118811881,3.341584158415841,0.1782178217821782,67.63366336633663,10.55940594059406,0.7574257425742574,0.6683168316831682,42.995049504950494,1.7821782178217822,0.0,0.2673267326732673,0.2227722772277227,48.56435643564357,0.3564356435643564,0.0891089108910891,0.0,0.3564356435643564,0.0,0.0,0.0,0.0,2.762376237623762,0.8019801980198019,DF,,defense,2
Omar Traoré,de GER,DF,Heidenheim,de Bundesliga,26.0,1998.0,30,30,2616,29.1,0,1,1,0,0,0,0.5,0.5,1.6,2.2,0.07,16,3,18.8,0.55,0.1,0.0,0.0,0.03,989,1399,70.7,17339,7260,3.3,20,101,36,14,107,1,0,5,117,54,1.86,2,0.07,50,26,31,16,3,61.0,21,71,66,65,0,1712,70,21,25,39.1,922,103,6,40,22,994,115,7,0,0,23,3,0,1,0,136,15,38.5,0.0,0.0344036697247706,0.0344036697247706,0.0,0.0172018348623853,0.0172018348623853,0.055045871559633,0.0756880733944954,0.0024082568807339,0.5504587155963303,0.1032110091743119,34.02522935779817,48.13073394495412,596.5252293577981,249.77064220183487,0.1135321100917431,0.6880733944954128,3.4747706422018347,1.2385321100917432,0.481651376146789,3.6811926605504586,0.0344036697247706,0.0,0.1720183486238532,4.025229357798166,1.720183486238532,0.8944954128440367,1.06651376146789,0.5504587155963303,0.1032110091743119,0.7224770642201835,2.442660550458716,2.2706422018348627,2.236238532110092,58.89908256880734,2.408256880733945,0.7224770642201835,0.860091743119266,31.720183486238533,3.543577981651376,0.2064220183486238,1.3761467889908257,0.756880733944954,34.19724770642202,3.956422018348624,0.2408256880733945,0.0,0.7912844036697247,0.1032110091743119,0.0,0.0344036697247706,0.0,4.678899082568807,0.5160550458715597,DF,,defense,1
Christopher Trimmel,at AUT,"DF,MF",Union Berlin,de Bundesliga,37.0,1987.0,26,20,1740,19.3,0,3,3,0,0,0,0.2,0.2,2.1,2.3,0.12,9,3,33.3,0.47,0.16,0.0,0.0,0.03,474,783,60.5,9565,4987,3.2,35,60,18,10,111,50,1,2,73,57,2.94,6,0.31,38,25,23,14,1,66.7,18,56,92,26,0,979,91,13,2,25.0,365,18,2,10,8,423,45,5,0,0,14,1,0,0,0,63,23,63.9,0.0,0.1551724137931034,0.1551724137931034,0.0,0.0103448275862068,0.0103448275862068,0.1086206896551724,0.1189655172413793,0.0062068965517241,0.4655172413793103,0.1551724137931034,24.517241379310345,40.5,494.7413793103448,257.9482758620689,0.1655172413793103,1.8103448275862069,3.103448275862069,0.9310344827586208,0.5172413793103449,5.741379310344827,2.586206896551724,0.0517241379310344,0.1034482758620689,3.775862068965517,1.9655172413793105,1.293103448275862,1.1896551724137931,0.7241379310344828,0.0517241379310344,0.9310344827586208,2.896551724137931,4.758620689655173,1.3448275862068966,50.63793103448276,4.706896551724138,0.6724137931034483,0.1034482758620689,18.879310344827587,0.9310344827586208,0.1034482758620689,0.5172413793103449,0.4137931034482758,21.879310344827584,2.327586206896552,0.2586206896551724,0.0,0.7241379310344828,0.0517241379310344,0.0,0.0,0.0,3.2586206896551726,1.1896551724137931,DF,MF,defense,1
Kieran Trippier,eng ENG,DF,Newcastle Utd,eng Premier League,33.0,1990.0,25,14,1309,14.5,0,3,3,0,0,0,0.1,0.1,1.4,1.5,0.1,4,0,0.0,0.28,0.0,0.0,,0.03,1036,1256,82.5,17676,6130,1.5,22,70,22,2,82,62,3,3,117,54,3.71,6,0.41,38,21,18,14,6,61.1,12,50,49,16,0,1388,50,13,4,50.0,609,26,4,11,8,847,58,1,0,0,16,0,0,0,0,68,22,59.5,0.0,0.2062643239113827,0.2062643239113827,0.0,0.0068754774637127,0.0068754774637127,0.0962566844919786,0.1031321619556913,0.0068754774637127,0.2750190985485103,0.0,71.22994652406418,86.35599694423225,1215.309396485867,421.4667685255921,0.1031321619556913,1.512605042016807,4.81283422459893,1.512605042016807,0.1375095492742551,5.6378915202444615,4.26279602750191,0.2062643239113827,0.2062643239113827,8.044308632543927,2.612681436210848,1.4438502673796794,1.2375859434682963,0.962566844919786,0.4125286478227655,0.825057295645531,3.4377387318563786,3.368983957219251,1.1000763941940412,95.43162719633308,3.4377387318563786,0.8938120702826585,0.2750190985485103,41.8716577540107,1.787624140565317,0.2750190985485103,0.7563025210084033,0.5500381970970206,58.235294117647065,3.9877769289533993,0.0687547746371275,0.0,1.1000763941940412,0.0,0.0,0.0,0.0,4.675324675324676,1.512605042016807,DF,,defense,3
Adrien Truffert,fr FRA,"DF,MF",Rennes,fr Ligue 1,22.0,2001.0,33,31,2752,30.6,2,2,4,2,0,0,2.4,2.3,3.2,5.5,0.18,23,10,43.5,0.75,0.33,0.09,0.2,0.1,1263,1601,78.9,19719,6114,4.0,39,56,39,20,145,38,1,3,104,76,2.49,8,0.26,61,36,27,21,13,66.7,27,88,56,39,1,1906,71,57,16,36.4,971,69,15,36,25,1186,243,3,0,0,25,3,0,0,0,139,27,50.0,0.065406976744186,0.065406976744186,0.1308139534883721,0.065406976744186,0.0784883720930232,0.0752180232558139,0.1046511627906976,0.1798691860465116,0.0058866279069767,0.7521802325581395,0.3270348837209302,41.30450581395349,52.35828488372093,644.8800872093022,199.9491279069767,0.1308139534883721,1.275436046511628,1.8313953488372092,1.275436046511628,0.6540697674418604,4.742005813953488,1.242732558139535,0.032703488372093,0.098110465116279,3.4011627906976742,1.9949127906976745,1.177325581395349,0.8829941860465116,0.6867732558139534,0.4251453488372093,0.8829941860465116,2.8779069767441863,1.8313953488372092,1.275436046511628,62.3328488372093,2.3219476744186047,1.864098837209302,0.5232558139534884,31.755087209302324,2.2565406976744184,0.4905523255813954,1.177325581395349,0.8175872093023256,38.78633720930232,7.946947674418605,0.098110465116279,0.0,0.8175872093023256,0.098110465116279,0.0,0.0,0.0,4.5457848837209305,0.8829941860465116,DF,MF,defense,3
Axel Tuanzebe,cd COD,DF,Ipswich Town,eng Premier League,26.0,1997.0,22,20,1710,19.0,0,1,1,0,0,0,0.2,0.2,0.3,0.5,0.03,4,0,0.0,0.21,0.0,0.0,,0.05,682,814,83.8,10396,4020,0.3,5,63,6,1,10,0,0,1,61,19,1.0,2,0.11,31,19,21,4,6,65.4,23,54,56,14,1,971,97,8,4,40.0,402,10,1,11,1,516,15,5,1,1,17,1,0,0,1,49,22,55.0,0.0,0.0526315789473684,0.0526315789473684,0.0,0.0105263157894736,0.0105263157894736,0.0157894736842105,0.0263157894736842,0.001578947368421,0.2105263157894737,0.0,35.89473684210526,42.8421052631579,547.1578947368421,211.57894736842107,0.0157894736842105,0.2631578947368421,3.31578947368421,0.3157894736842105,0.0526315789473684,0.5263157894736842,0.0,0.0,0.0526315789473684,3.210526315789474,1.631578947368421,1.0,1.105263157894737,0.2105263157894737,0.3157894736842105,1.2105263157894737,2.8421052631578947,2.947368421052632,0.736842105263158,51.10526315789473,5.105263157894736,0.4210526315789474,0.2105263157894737,21.157894736842103,0.5263157894736842,0.0526315789473684,0.5789473684210527,0.0526315789473684,27.157894736842103,0.7894736842105263,0.2631578947368421,0.0526315789473684,0.8947368421052633,0.0526315789473684,0.0,0.0,0.0526315789473684,2.5789473684210527,1.1578947368421053,DF,,defense,2
Tuta,br BRA,"DF,MF",Eint Frankfurt,de Bundesliga,25.0,1999.0,30,26,2274,25.3,2,1,3,2,0,0,1.1,1.1,0.3,1.4,0.06,13,5,38.5,0.51,0.2,0.15,0.4,0.08,1265,1442,87.7,22286,8026,0.7,4,79,11,0,3,0,4,2,78,26,1.03,1,0.04,44,27,25,17,2,70.0,40,84,135,16,1,1772,215,26,13,76.5,1007,11,2,22,7,1130,12,8,0,0,30,0,0,0,1,120,45,50.6,0.079155672823219,0.0395778364116095,0.1187335092348284,0.079155672823219,0.0435356200527704,0.0435356200527704,0.0118733509234828,0.0554089709762532,0.0023746701846965,0.5145118733509235,0.1978891820580475,50.065963060686016,57.071240105540895,882.0316622691294,317.6517150395778,0.0277044854881266,0.158311345646438,3.12664907651715,0.4353562005277044,0.0,0.1187335092348284,0.0,0.158311345646438,0.079155672823219,3.0870712401055407,1.7414248021108178,1.0686015831134563,0.9894459102902377,0.6728232189973614,0.079155672823219,1.58311345646438,3.324538258575198,5.3430079155672825,0.633245382585752,70.13192612137203,8.509234828496043,1.029023746701847,0.5145118733509235,39.85488126649077,0.4353562005277044,0.079155672823219,0.8707124010554089,0.2770448548812665,44.72295514511873,0.4749340369393139,0.316622691292876,0.0,1.187335092348285,0.0,0.0,0.0,0.0395778364116095,4.74934036939314,1.7810026385224276,DF,MF,defense,0
Destiny Udogie,it ITA,DF,Tottenham,eng Premier League,21.0,2002.0,25,24,1924,21.4,0,1,1,0,0,0,0.3,0.3,1.5,1.8,0.08,5,1,20.0,0.23,0.05,0.0,0.0,0.06,972,1115,87.2,14117,4770,1.2,16,89,6,1,19,0,0,0,121,36,1.68,3,0.14,75,47,42,26,7,68.8,22,97,36,34,1,1376,63,49,13,40.6,758,54,12,37,19,819,94,2,0,0,29,1,0,0,1,111,13,50.0,0.0,0.0467775467775467,0.0467775467775467,0.0,0.014033264033264,0.014033264033264,0.0701663201663201,0.0841995841995842,0.0037422037422037,0.2338877338877339,0.0467775467775467,45.46777546777547,52.156964656964654,660.3586278586279,223.12889812889813,0.0561330561330561,0.7484407484407485,4.163201663201663,0.2806652806652807,0.0467775467775467,0.8887733887733889,0.0,0.0,0.0,5.66008316008316,3.5083160083160085,2.1985446985446986,1.9646569646569647,1.2162162162162162,0.3274428274428275,1.0291060291060292,4.537422037422037,1.683991683991684,1.5904365904365905,64.36590436590437,2.946985446985447,2.2920997920997923,0.6081081081081081,35.45738045738046,2.525987525987526,0.5613305613305614,1.7307692307692308,0.8887733887733889,38.31081081081081,4.397089397089397,0.0935550935550935,0.0,1.3565488565488566,0.0467775467775467,0.0,0.0,0.0467775467775467,5.1923076923076925,0.6081081081081081,DF,,defense,3
Lukas Ullrich,de GER,DF,Gladbach,de Bundesliga,20.0,2004.0,26,24,1903,21.1,1,2,3,1,0,0,0.9,0.9,1.8,2.7,0.13,8,2,25.0,0.38,0.09,0.13,0.5,0.11,647,850,76.1,9822,3416,1.9,8,29,9,6,47,0,1,0,39,28,1.32,5,0.24,25,16,18,6,1,35.7,23,48,74,39,1,1073,82,26,8,33.3,531,31,4,21,12,612,71,4,0,0,22,1,0,2,0,73,14,42.4,0.047293746715712,0.094587493431424,0.1418812401471361,0.047293746715712,0.0425643720441408,0.0425643720441408,0.0851287440882816,0.1276931161324225,0.0061481870730425,0.3783499737256962,0.094587493431424,30.599054125065685,40.19968470835523,464.5191802417236,161.5554387808723,0.0898581187598528,0.3783499737256962,1.371518654755649,0.4256437204414083,0.2837624802942722,2.222806095638465,0.0,0.047293746715712,0.0,1.8444561219127693,1.1823436678928008,0.7566999474513925,0.8512874408828167,0.2837624802942722,0.047293746715712,1.0877561744613768,2.2700998423541776,3.499737256962691,1.8444561219127693,50.746190225959005,3.8780872306883865,1.229637414608513,0.3783499737256962,25.11297950604309,1.4661061481870732,0.1891749868628481,0.9931686810299528,0.5675249605885444,28.943772990015763,3.3578560168155547,0.1891749868628481,0.0,1.0404624277456649,0.047293746715712,0.0,0.094587493431424,0.0,3.452443510246978,0.6621124540199685,DF,,defense,1
Dayot Upamecano,fr FRA,DF,Bayern Munich,de Bundesliga,25.0,1998.0,20,20,1759,19.5,2,0,2,2,0,0,1.2,1.2,0.5,1.7,0.09,13,6,46.2,0.67,0.31,0.15,0.33,0.09,1805,1923,93.9,34017,11145,1.2,7,197,3,1,6,0,0,2,137,20,1.02,0,0.0,36,22,18,16,2,55.2,34,70,45,7,1,2101,96,17,3,50.0,1440,17,0,6,4,1632,4,6,0,0,20,0,0,0,0,115,59,58.4,0.1023308698123934,0.0,0.1023308698123934,0.1023308698123934,0.061398521887436,0.061398521887436,0.0255827174530983,0.0869812393405344,0.0046048891415577,0.6651506537805572,0.3069926094371802,92.35361000568506,98.39113132461624,1740.4945992040932,570.2387720295623,0.061398521887436,0.3581580443433769,10.07959067652075,0.1534963047185901,0.0511654349061967,0.3069926094371802,0.0,0.0,0.1023308698123934,7.009664582148948,1.8419556566230808,1.1256395679363276,0.9209778283115406,0.8186469584991471,0.1023308698123934,1.739624786810688,3.581580443433769,2.302444570778852,0.3581580443433769,107.49857873791927,4.911881750994883,0.869812393405344,0.1534963047185901,73.67822626492325,0.869812393405344,0.0,0.3069926094371802,0.2046617396247868,83.50198976691301,0.2046617396247868,0.3069926094371802,0.0,1.023308698123934,0.0,0.0,0.0,0.0,5.884025014212621,3.0187606594656056,DF,,defense,2
Josha Vagnoman,de GER,"DF,MF",Stuttgart,de Bundesliga,23.0,2000.0,26,19,1834,20.4,1,1,2,1,0,0,1.5,1.5,2.1,3.5,0.17,15,6,40.0,0.74,0.29,0.07,0.17,0.1,725,902,80.4,11327,3154,2.2,22,36,18,9,43,0,1,1,47,29,1.42,1,0.05,26,14,11,13,2,50.0,14,40,57,27,1,1105,61,36,8,28.6,541,24,10,27,19,675,96,4,0,0,18,1,0,1,0,92,22,52.4,0.0490730643402399,0.0490730643402399,0.0981461286804798,0.0490730643402399,0.0736095965103598,0.0736095965103598,0.1030534351145038,0.1717557251908396,0.0083424209378407,0.7360959651035988,0.2944383860414394,35.57797164667394,44.2639040348964,555.8505997818975,154.77644492911668,0.1079607415485278,1.0796074154852782,1.766630316248637,0.8833151581243185,0.4416575790621592,2.110141766630316,0.0,0.0490730643402399,0.0490730643402399,2.306434023991276,1.2758996728462375,0.6870229007633587,0.5398037077426391,0.6379498364231189,0.0981461286804798,0.6870229007633587,1.9629225736095963,2.797164667393675,1.3249727371864777,54.225736095965104,2.9934569247546348,1.766630316248637,0.3925845147219193,26.548527808069792,1.1777535441657578,0.4907306434023991,1.3249727371864777,0.9323882224645584,33.12431842966194,4.711014176663031,0.1962922573609596,0.0,0.8833151581243185,0.0490730643402399,0.0,0.0490730643402399,0.0,4.514721919302072,1.0796074154852782,DF,MF,defense,1
Lautaro Valenti,ar ARG,DF,Parma,it Serie A,25.0,1999.0,20,18,1556,17.3,1,0,1,1,0,0,0.2,0.2,0.2,0.4,0.02,7,2,28.6,0.4,0.12,0.14,0.5,0.04,701,830,84.5,13631,4181,0.2,4,26,3,1,2,0,0,1,28,11,0.64,0,0.0,17,12,13,3,1,77.8,13,30,94,6,1,1011,161,12,0,0.0,556,3,1,9,0,629,3,6,1,1,24,0,0,0,0,48,24,53.3,0.0578406169665809,0.0,0.0578406169665809,0.0578406169665809,0.0115681233933161,0.0115681233933161,0.0115681233933161,0.0231362467866323,0.0011568123393316,0.4048843187660668,0.1156812339331619,40.54627249357326,48.00771208226221,788.4254498714653,241.83161953727503,0.0115681233933161,0.2313624678663239,1.5038560411311053,0.1735218508997429,0.0578406169665809,0.1156812339331619,0.0,0.0,0.0578406169665809,1.6195372750642674,0.9832904884318766,0.6940874035989717,0.7519280205655526,0.1735218508997429,0.0578406169665809,0.7519280205655526,1.7352185089974292,5.437017994858612,0.3470437017994858,58.476863753213365,9.312339331619537,0.6940874035989717,0.0,32.15938303341902,0.1735218508997429,0.0578406169665809,0.5205655526992288,0.0,36.38174807197944,0.1735218508997429,0.3470437017994858,0.0578406169665809,1.3881748071979434,0.0,0.0,0.0,0.0,2.776349614395887,1.3881748071979434,DF,,defense,0
Nicolás Valentini,ar ARG,DF,Hellas Verona,it Serie A,23.0,2001.0,14,13,1129,12.5,0,0,0,0,0,0,0.3,0.3,0.8,1.2,0.09,8,0,0.0,0.64,0.0,0.0,,0.04,316,468,67.5,6762,3269,0.4,6,52,2,0,5,0,1,8,42,11,0.88,0,0.0,35,23,22,12,1,64.5,15,50,97,11,0,654,75,14,2,100.0,268,4,1,5,2,304,1,5,1,1,22,0,0,1,0,43,50,79.4,0.0,0.0,0.0,0.0,0.0239149689991142,0.0239149689991142,0.0637732506643047,0.095659875996457,0.0071744906997342,0.6377325066430469,0.0,25.19043401240036,37.30735163861824,539.0434012400355,260.59344552701504,0.0318866253321523,0.4782993799822851,4.145261293179805,0.1594331266607617,0.0,0.3985828166519043,0.0,0.0797165633303808,0.6377325066430469,3.3480956598759963,2.7900797165633304,1.83348095659876,1.7537643932683789,0.9565987599645704,0.0797165633303808,1.195748449955713,3.985828166519044,7.732506643046944,0.8768821966341894,52.13463241806909,5.9787422497785645,1.1160318866253325,0.1594331266607617,21.364038972542076,0.3188662533215234,0.0797165633303808,0.3985828166519043,0.1594331266607617,24.23383525243578,0.0797165633303808,0.3985828166519043,0.0797165633303808,1.7537643932683789,0.0,0.0,0.0797165633303808,0.0,3.4278122232063777,3.985828166519044,DF,,defense,0
Emanuele Valeri,it ITA,DF,Parma,it Serie A,25.0,1998.0,35,34,2873,31.9,2,6,8,1,1,1,1.8,1.0,4.7,5.8,0.21,26,4,15.4,0.81,0.13,0.04,0.25,0.04,783,1193,65.6,14224,6316,3.4,36,69,31,19,129,9,1,11,93,75,2.35,10,0.31,51,31,33,15,3,49.2,29,80,103,26,4,1528,104,33,12,25.5,740,79,9,42,5,739,109,1,0,0,28,5,0,0,0,124,19,50.0,0.0626522798468499,0.1879568395405499,0.2506091193873999,0.0313261399234249,0.0563870518621649,0.0313261399234249,0.1472328576400974,0.1816916115558649,0.0065784893839192,0.8144796380090499,0.1253045596936999,24.52836756004177,37.37208492864601,445.5830142707971,197.85589975635224,0.1065088757396449,1.1277410372432997,2.1615036547163244,0.9711103376261748,0.5951966585450748,4.041072050121824,0.2819352593108249,0.0313261399234249,0.3445875391576748,2.9133310128785244,1.5976331360946745,0.9711103376261748,1.0337626174730248,0.4698920988513749,0.0939784197702749,0.9084580577793248,2.506091193873999,3.226592412112774,0.8144796380090499,47.86634180299339,3.2579185520361995,1.0337626174730248,0.3759136790810999,23.181343543334496,2.4747650539505743,0.2819352593108249,1.3156978767838496,0.1566306996171249,23.15001740341107,3.414549251653324,0.0313261399234249,0.0,0.8771319178558997,0.1566306996171249,0.0,0.0,0.0,3.884441350504699,0.5951966585450748,DF,,defense,1
Martin Valjent,sk SVK,DF,Mallorca,es La Liga,28.0,1995.0,31,31,2763,30.7,3,0,3,3,0,0,0.8,0.8,0.1,0.9,0.03,12,5,41.7,0.39,0.16,0.25,0.6,0.07,1195,1391,85.9,22418,8493,0.5,4,84,4,0,11,0,1,4,91,26,0.85,3,0.1,30,21,22,7,1,60.0,18,48,195,13,1,1723,224,16,6,60.0,948,23,1,13,1,1049,17,4,0,0,15,1,0,0,0,102,49,54.4,0.0977198697068403,0.0,0.0977198697068403,0.0977198697068403,0.0260586319218241,0.0260586319218241,0.003257328990228,0.0293159609120521,0.0009771986970684,0.3908794788273615,0.1628664495114006,38.92508143322476,45.30944625407166,730.2280130293159,276.64495114006513,0.01628664495114,0.1302931596091205,2.736156351791531,0.1302931596091205,0.0,0.3583061889250814,0.0,0.0325732899022801,0.1302931596091205,2.964169381107492,0.977198697068404,0.6840390879478827,0.7166123778501629,0.2280130293159609,0.0325732899022801,0.5863192182410424,1.5635179153094465,6.351791530944626,0.4234527687296417,56.12377850162867,7.296416938110749,0.5211726384364821,0.1954397394136807,30.879478827361563,0.749185667752443,0.0325732899022801,0.4234527687296417,0.0325732899022801,34.16938110749186,0.5537459283387622,0.1302931596091205,0.0,0.4885993485342019,0.0325732899022801,0.0,0.0,0.0,3.322475570032573,1.5960912052117264,DF,,defense,0
Álex Valle,es ESP,DF,Como,it Serie A,20.0,2004.0,15,12,1030,11.4,0,0,0,0,0,0,0.3,0.3,0.7,1.0,0.08,9,1,11.1,0.79,0.09,0.0,0.0,0.03,562,661,85.0,8597,3030,0.5,11,51,9,4,16,0,0,4,44,25,2.18,0,0.0,26,12,12,12,2,71.4,8,34,42,20,0,799,26,12,9,50.0,425,19,5,18,8,460,30,2,0,0,14,0,0,0,0,51,6,28.6,0.0,0.0,0.0,0.0,0.0262135922330097,0.0262135922330097,0.0611650485436893,0.087378640776699,0.0069902912621359,0.7864077669902912,0.087378640776699,49.10679611650485,57.75728155339806,751.1941747572815,264.75728155339806,0.0436893203883495,0.9611650485436892,4.456310679611651,0.7864077669902912,0.3495145631067961,1.3980582524271843,0.0,0.0,0.3495145631067961,3.844660194174757,2.271844660194174,1.0485436893203883,1.0485436893203883,1.0485436893203883,0.174757281553398,0.6990291262135923,2.9708737864077674,3.66990291262136,1.7475728155339805,69.81553398058253,2.271844660194174,1.0485436893203883,0.7864077669902912,37.13592233009709,1.6601941747572817,0.4368932038834951,1.5728155339805825,0.6990291262135923,40.19417475728156,2.621359223300971,0.174757281553398,0.0,1.2233009708737863,0.0,0.0,0.0,0.0,4.456310679611651,0.5242718446601942,DF,,defense,3
Ignace Van Der Brempt,be BEL,DF,Como,it Serie A,22.0,2002.0,20,14,1257,14.0,0,1,1,0,0,0,0.5,0.5,0.5,0.9,0.07,7,3,42.9,0.5,0.21,0.0,0.0,0.07,551,679,81.1,8534,2594,0.4,10,32,6,3,20,0,0,2,42,22,1.58,3,0.21,40,32,27,10,3,72.7,17,57,34,17,0,841,44,14,13,46.4,432,19,5,21,10,463,34,3,0,0,21,3,0,0,0,59,18,54.5,0.0,0.071599045346062,0.071599045346062,0.0,0.035799522673031,0.035799522673031,0.035799522673031,0.0644391408114558,0.0050119331742243,0.5011933174224343,0.2147971360381861,39.45107398568019,48.61575178997613,611.0262529832936,185.72792362768496,0.0286396181384248,0.7159904534606205,2.2911694510739857,0.4295942720763723,0.2147971360381861,1.431980906921241,0.0,0.0,0.1431980906921241,3.007159904534606,2.863961813842482,2.2911694510739857,1.9331742243436756,0.7159904534606205,0.2147971360381861,1.2171837708830548,4.081145584725537,2.4343675417661097,1.2171837708830548,60.214797136038186,3.15035799522673,1.002386634844869,0.9307875894988068,30.93078758949881,1.360381861575179,0.3579952267303102,1.503579952267303,0.7159904534606205,33.15035799522673,2.4343675417661097,0.2147971360381861,0.0,1.503579952267303,0.2147971360381861,0.0,0.0,0.0,4.2243436754176615,1.288782816229117,DF,,defense,3
Virgil van Dijk,nl NED,DF,Liverpool,eng Premier League,33.0,1991.0,37,37,3330,37.0,3,1,4,3,0,0,2.2,2.2,0.7,3.0,0.08,27,8,29.6,0.73,0.22,0.11,0.38,0.08,2688,2935,91.6,49037,19110,1.0,12,290,7,0,1,0,1,22,198,48,1.3,4,0.11,38,20,17,19,2,59.1,56,94,190,9,4,3301,450,48,3,60.0,1856,22,3,10,5,2281,6,5,0,0,17,1,0,0,0,115,119,72.1,0.081081081081081,0.027027027027027,0.1081081081081081,0.081081081081081,0.0594594594594594,0.0594594594594594,0.0189189189189189,0.081081081081081,0.0021621621621621,0.7297297297297298,0.2162162162162162,72.64864864864865,79.32432432432432,1325.3243243243244,516.4864864864865,0.027027027027027,0.3243243243243243,7.837837837837838,0.1891891891891892,0.0,0.027027027027027,0.0,0.027027027027027,0.5945945945945945,5.351351351351352,1.027027027027027,0.5405405405405406,0.4594594594594594,0.5135135135135135,0.054054054054054,1.5135135135135136,2.540540540540541,5.135135135135135,0.2432432432432432,89.21621621621622,12.162162162162163,1.2972972972972974,0.081081081081081,50.16216216216216,0.5945945945945945,0.081081081081081,0.2702702702702703,0.1351351351351351,61.648648648648646,0.1621621621621621,0.1351351351351351,0.0,0.4594594594594594,0.027027027027027,0.0,0.0,0.0,3.108108108108108,3.216216216216216,DF,,defense,2
Vanderson,br BRA,DF,Monaco,fr Ligue 1,23.0,2001.0,29,23,2064,22.9,1,3,4,1,0,0,2.2,2.2,3.1,5.3,0.23,21,8,38.1,0.92,0.35,0.05,0.13,0.11,1090,1403,77.7,18537,6599,3.8,23,76,29,12,59,0,4,13,102,58,2.53,8,0.35,76,48,37,30,9,70.3,39,115,65,30,2,1714,71,64,24,50.0,876,57,13,38,14,976,151,6,1,1,28,1,0,0,0,153,22,46.8,0.0436046511627907,0.1308139534883721,0.1744186046511628,0.0436046511627907,0.0959302325581395,0.0959302325581395,0.1351744186046511,0.2311046511627907,0.0100290697674418,0.9156976744186048,0.3488372093023256,47.52906976744187,61.17732558139535,808.2994186046512,287.74709302325584,0.1656976744186046,1.002906976744186,3.313953488372093,1.2645348837209305,0.5232558139534884,2.572674418604651,0.0,0.1744186046511628,0.5668604651162791,4.447674418604651,3.313953488372093,2.0930232558139537,1.6133720930232558,1.3081395348837208,0.3924418604651162,1.7005813953488371,5.0145348837209305,2.8343023255813957,1.3081395348837208,74.73837209302326,3.0959302325581395,2.7906976744186047,1.0465116279069768,38.19767441860465,2.48546511627907,0.5668604651162791,1.6569767441860466,0.6104651162790697,42.55813953488372,6.584302325581396,0.2616279069767442,0.0436046511627907,1.2209302325581397,0.0436046511627907,0.0,0.0,0.0,6.671511627906978,0.9593023255813954,DF,,defense,3
Johan Vásquez,mx MEX,DF,Genoa,it Serie A,25.0,1998.0,36,34,3041,33.8,3,0,3,3,0,0,2.4,2.4,0.3,2.7,0.08,36,8,22.2,1.07,0.24,0.08,0.38,0.07,1491,1760,84.7,28470,8998,0.4,7,76,6,2,7,0,0,4,96,25,0.74,0,0.0,56,31,24,27,5,59.1,50,106,150,19,1,2190,304,46,5,71.4,1202,37,2,24,5,1387,12,9,0,0,31,2,1,1,0,122,93,55.4,0.0887865833607366,0.0,0.0887865833607366,0.0887865833607366,0.0710292666885892,0.0710292666885892,0.0088786583360736,0.0799079250246629,0.0023676422229529,1.0654390003288392,0.2367642222952976,44.12693193028609,52.08812890496547,842.5846760933903,266.30055902663594,0.0118382111147648,0.2071686945083853,2.2492601118053277,0.1775731667214732,0.0591910555738244,0.2071686945083853,0.0,0.0,0.1183821111476488,2.841170667543571,1.657349556067083,0.9174613613942784,0.7102926668858928,0.7990792502466294,0.147977638934561,1.47977638934561,3.137125945412693,4.43932916803683,0.5623150279513318,64.81420585333771,8.997040447221309,1.361394278197961,0.147977638934561,35.573824399868464,1.0950345281157514,0.0591910555738244,0.7102926668858928,0.147977638934561,41.048997040447226,0.3551463334429464,0.2663597500822098,0.0,0.9174613613942784,0.0591910555738244,0.0295955277869122,0.0295955277869122,0.0,3.610654390003288,2.752384084182834,DF,,defense,0
Denis Vavro,sk SVK,DF,Wolfsburg,de Bundesliga,28.0,1996.0,29,27,2461,27.3,2,0,2,2,0,0,1.4,1.4,0.2,1.6,0.06,25,6,24.0,0.91,0.22,0.08,0.33,0.05,1297,1493,86.9,29352,9952,0.5,7,102,6,0,8,0,0,24,96,27,0.99,5,0.18,21,13,16,5,0,47.8,37,58,234,3,3,1901,306,20,3,50.0,1036,9,2,8,1,1142,3,4,0,0,7,1,0,0,0,89,80,70.2,0.0731409995936611,0.0,0.0731409995936611,0.0731409995936611,0.0511986997155627,0.0511986997155627,0.0073140999593661,0.0585127996749288,0.0021942299878098,0.9142624949207638,0.2194229987809833,47.43193823648923,54.59975619666802,1073.4173100365704,363.94961397805776,0.0182852498984152,0.2559934985778139,3.730190979276717,0.2194229987809833,0.0,0.2925639983746444,0.0,0.0,0.8776919951239334,3.510767980495733,0.7679804957334416,0.4754164973587972,0.5851279967492888,0.1828524989841528,0.0,1.3531084924827306,2.1210889882161723,8.55749695245835,0.1097114993904916,69.5205201137749,11.19057293783015,0.7314099959366112,0.1097114993904916,37.887037789516455,0.329134498171475,0.0731409995936611,0.2925639983746444,0.0365704997968305,41.7635107679805,0.1097114993904916,0.1462819991873222,0.0,0.2559934985778139,0.0365704997968305,0.0,0.0,0.0,3.254774481917919,2.9256399837464446,DF,,defense,0
Jesus Vazquez,es ESP,DF,Valencia,es La Liga,21.0,2003.0,19,10,919,10.2,0,0,0,0,0,0,0.1,0.1,0.6,0.8,0.08,5,1,20.0,0.49,0.1,0.0,0.0,0.03,345,447,77.2,4732,1323,0.6,3,18,3,2,23,0,0,0,21,9,0.88,1,0.1,23,18,12,9,2,52.6,10,33,30,22,0,586,36,14,14,38.9,250,32,5,14,8,284,48,3,0,0,17,0,0,0,0,42,12,48.0,0.0,0.0,0.0,0.0,0.0097932535364526,0.0097932535364526,0.0587595212187159,0.0783460282916213,0.0078346028291621,0.4896626768226333,0.0979325353645266,33.786724700761695,43.77584330794342,463.41675734494015,129.56474428726878,0.0587595212187159,0.2937976060935799,1.7627856365614798,0.2937976060935799,0.1958650707290533,2.252448313384113,0.0,0.0,0.0,2.05658324265506,2.252448313384113,1.7627856365614798,1.17519042437432,0.8813928182807399,0.1958650707290533,0.9793253536452666,3.23177366702938,2.9379760609358,2.1545157780195865,57.38846572361263,3.52557127312296,1.371055495103373,1.371055495103373,24.483133841131664,3.133841131664853,0.4896626768226333,1.371055495103373,0.7834602829162133,27.81284004352557,4.70076169749728,0.2937976060935799,0.0,1.6648531011969532,0.0,0.0,0.0,0.0,4.11316648531012,1.17519042437432,DF,,defense,1
Lucas Vázquez,es ESP,DF,Real Madrid,es La Liga,33.0,1991.0,32,25,2189,24.3,1,5,6,1,0,0,1.4,1.4,4.7,6.1,0.25,15,3,20.0,0.62,0.12,0.07,0.33,0.1,1415,1624,87.1,21508,5227,3.9,33,65,29,2,63,16,1,7,99,65,2.67,8,0.33,58,34,33,17,8,56.3,17,75,35,27,1,1850,66,58,19,52.8,1031,37,17,34,13,1331,194,4,0,0,29,2,0,0,0,83,6,31.6,0.0411146642302421,0.2055733211512105,0.2466879853814527,0.0411146642302421,0.0575605299223389,0.0575605299223389,0.1932389218821379,0.2507994518044769,0.0102786660575605,0.6167199634536318,0.1233439926907263,58.177249885792605,66.7702147099132,884.2941982640475,214.9063499314756,0.1603471904979442,1.3567839195979898,2.672453174965738,1.1923252626770215,0.0822293284604842,2.5902238465052534,0.6578346276838739,0.0411146642302421,0.2878026496116948,4.07035175879397,2.384650525354043,1.397898583828232,1.3567839195979898,0.698949291914116,0.3289173138419369,0.698949291914116,3.083599817268159,1.4390132480584743,1.110095934216537,76.06212882594792,2.71356783919598,2.384650525354043,0.7811786203746003,42.38921882137963,1.5212425765189586,0.698949291914116,1.397898583828232,0.5344906349931475,54.723618090452256,7.976244860666972,0.1644586569209684,0.0,1.1923252626770215,0.0822293284604842,0.0,0.0,0.0,3.4125171311100964,0.2466879853814527,DF,,defense,3
Renato Veiga,pt POR,DF,Juventus,it Serie A,21.0,2003.0,13,12,1093,12.1,0,1,1,0,0,0,1.0,1.0,0.1,1.1,0.09,12,5,41.7,0.99,0.41,0.0,0.0,0.09,500,568,88.0,10016,3525,0.2,2,35,2,0,0,0,1,4,40,9,0.74,1,0.08,17,12,7,9,1,64.3,19,36,81,1,0,727,130,11,1,100.0,388,9,0,2,0,423,0,2,0,0,9,0,0,0,0,38,27,71.1,0.0,0.0823421774931381,0.0823421774931381,0.0,0.0823421774931381,0.0823421774931381,0.0082342177493138,0.0905763952424519,0.0074107959743824,0.9881061299176578,0.4117108874656908,41.17108874656908,46.77035681610247,824.7392497712717,290.256175663312,0.0164684354986276,0.1646843549862763,2.881976212259836,0.1646843549862763,0.0,0.0,0.0,0.0823421774931381,0.3293687099725526,3.2936870997255263,1.3998170173833486,0.9881061299176578,0.576395242451967,0.7410795974382433,0.0823421774931381,1.5645013723696248,2.964318389752973,6.669716376944191,0.0823421774931381,59.86276303751144,10.70448307410796,0.9057639524245196,0.0823421774931381,31.9487648673376,0.7410795974382433,0.0,0.1646843549862763,0.0,34.83074107959744,0.0,0.1646843549862763,0.0,0.7410795974382433,0.0,0.0,0.0,0.0,3.1290027447392497,2.22323879231473,DF,,defense,0
Miloš Veljković,rs SRB,DF,Werder Bremen,de Bundesliga,28.0,1995.0,14,11,1029,11.4,0,1,1,0,0,0,0.6,0.6,0.2,0.7,0.06,2,1,50.0,0.17,0.09,0.0,0.0,0.28,562,648,86.7,11481,3929,0.6,3,50,4,3,9,0,0,12,64,14,1.22,1,0.09,10,5,6,3,1,46.7,2,12,47,7,1,738,67,5,0,,460,9,0,2,2,507,2,1,0,0,5,0,0,1,0,32,24,57.1,0.0,0.0874635568513119,0.0874635568513119,0.0,0.0524781341107871,0.0524781341107871,0.0174927113702623,0.0612244897959183,0.0052478134110787,0.1749271137026239,0.0874635568513119,49.15451895043732,56.67638483965015,1004.1690962099124,343.64431486880466,0.0524781341107871,0.2623906705539358,4.373177842565598,0.3498542274052478,0.2623906705539358,0.7871720116618076,0.0,0.0,1.0495626822157431,5.597667638483965,0.8746355685131195,0.4373177842565597,0.5247813411078717,0.2623906705539358,0.0874635568513119,0.1749271137026239,1.0495626822157431,4.110787172011662,0.6122448979591837,64.54810495626822,5.8600583090379015,0.4373177842565597,0.0,40.2332361516035,0.7871720116618076,0.0,0.1749271137026239,0.1749271137026239,44.34402332361516,0.1749271137026239,0.0874635568513119,0.0,0.4373177842565597,0.0,0.0,0.0874635568513119,0.0,2.7988338192419824,2.0991253644314867,DF,,defense,2
Joël Veltman,nl NED,DF,Brighton,eng Premier League,32.0,1992.0,21,19,1697,18.9,0,0,0,0,0,0,0.5,0.5,0.5,0.9,0.05,6,1,16.7,0.32,0.05,0.0,0.0,0.08,745,929,80.2,12563,3243,1.3,6,66,9,5,24,0,2,3,85,23,1.22,2,0.11,43,29,24,16,3,59.6,19,62,66,21,0,1133,65,10,4,26.7,548,32,3,19,7,626,34,5,0,0,27,2,0,1,0,68,21,53.8,0.0,0.0,0.0,0.0,0.0265173836181496,0.0265173836181496,0.0265173836181496,0.0477312905126694,0.0026517383618149,0.3182086034177961,0.0530347672362993,39.510901591043016,49.2692987625221,666.2757807896288,171.99175014731878,0.0689451974071891,0.3182086034177961,3.500294637595757,0.4773129051266941,0.2651738361814967,1.2728344136711844,0.0,0.1060695344725987,0.159104301708898,4.5079552150854445,2.280494991160872,1.538008249852681,1.2728344136711844,0.8485562757807896,0.159104301708898,1.0076605774896876,3.28815556865056,3.500294637595757,1.1137301119622864,60.088391278727165,3.4472598703594577,0.5303476723629935,0.2121390689451974,29.063052445492044,1.6971125515615793,0.159104301708898,1.0076605774896876,0.3712433706540954,33.199764289923394,1.803182086034178,0.2651738361814967,0.0,1.4319387153800824,0.1060695344725987,0.0,0.0530347672362993,0.0,3.606364172068356,1.1137301119622864,DF,,defense,3
Micky van de Ven,nl NED,DF,Tottenham,eng Premier League,23.0,2001.0,13,12,1015,11.3,0,2,2,0,0,0,0.6,0.6,1.2,1.7,0.15,6,2,33.3,0.53,0.18,0.0,0.0,0.09,729,802,90.9,13817,4206,0.7,2,50,1,0,0,0,0,1,51,11,0.98,2,0.18,10,6,5,4,1,57.1,10,20,39,5,1,895,110,9,4,50.0,620,8,1,5,5,651,1,4,0,0,10,1,0,0,0,63,19,48.7,0.0,0.1773399014778325,0.1773399014778325,0.0,0.0532019704433497,0.0532019704433497,0.1064039408866995,0.1507389162561576,0.0133004926108374,0.5320197044334976,0.1773399014778325,64.64039408866995,71.11330049261083,1225.152709359606,372.9458128078818,0.0620689655172413,0.1773399014778325,4.433497536945813,0.0886699507389162,0.0,0.0,0.0,0.0,0.0886699507389162,4.522167487684729,0.8866995073891626,0.5320197044334976,0.4433497536945813,0.354679802955665,0.0886699507389162,0.8866995073891626,1.7733990147783252,3.458128078817734,0.4433497536945813,79.35960591133005,9.753694581280788,0.7980295566502463,0.354679802955665,54.97536945812808,0.70935960591133,0.0886699507389162,0.4433497536945813,0.4433497536945813,57.72413793103448,0.0886699507389162,0.354679802955665,0.0,0.8866995073891626,0.0886699507389162,0.0,0.0,0.0,5.586206896551724,1.684729064039409,DF,,defense,2
Jannik Vestergaard,dk DEN,DF,Leicester City,eng Premier League,31.0,1992.0,18,16,1391,15.5,0,0,0,0,0,0,0.1,0.1,0.1,0.2,0.01,3,2,66.7,0.19,0.13,0.0,0.0,0.03,870,959,90.7,14697,5807,0.1,3,34,1,0,0,0,0,2,32,7,0.45,0,0.0,22,10,16,6,0,60.0,16,38,74,4,1,1092,196,10,4,100.0,672,3,0,2,0,757,2,5,0,0,12,0,0,0,1,46,26,57.8,0.0,0.0,0.0,0.0,0.00647016534867,0.00647016534867,0.00647016534867,0.01294033069734,0.000647016534867,0.1941049604601006,0.1294033069734004,56.2904385334292,62.04888569374551,950.9202012940332,375.7225017972682,0.00647016534867,0.1941049604601006,2.1998562185478074,0.0647016534867002,0.0,0.0,0.0,0.0,0.1294033069734004,2.070452911574407,1.4234363767074047,0.6470165348670022,1.0352264557872035,0.3882099209202013,0.0,1.0352264557872035,2.4586628324946083,4.787922358015816,0.2588066139468009,70.65420560747663,12.681524083393242,0.6470165348670022,0.2588066139468009,43.47951114306255,0.1941049604601006,0.0,0.1294033069734004,0.0,48.97915168943207,0.1294033069734004,0.3235082674335011,0.0,0.7764198418404026,0.0,0.0,0.0,0.0647016534867002,2.97627606038821,1.6822429906542056,DF,,defense,0
Viti,es ESP,DF,Las Palmas,es La Liga,26.0,1997.0,29,23,1982,22.0,0,2,2,0,0,0,0.1,0.1,1.4,1.4,0.06,3,2,66.7,0.14,0.09,0.0,0.0,0.02,757,934,81.0,12326,4296,1.3,12,40,13,8,45,0,1,3,44,29,1.32,3,0.14,71,46,43,21,7,68.9,27,98,61,18,0,1186,62,23,9,45.0,491,43,4,28,6,559,65,5,0,0,28,1,0,0,0,85,18,48.6,0.0,0.0908173562058526,0.0908173562058526,0.0,0.0045408678102926,0.0045408678102926,0.0635721493440968,0.0635721493440968,0.0027245206861755,0.136226034308779,0.0908173562058526,34.37436932391524,42.4117053481332,559.70736629667,195.07568113017155,0.0590312815338042,0.544904137235116,1.8163471241170537,0.5903128153380424,0.3632694248234107,2.043390514631685,0.0,0.0454086781029263,0.136226034308779,1.997981836528759,3.22401614530777,2.088799192734612,1.9525731584258328,0.9535822401614532,0.3178607467204843,1.226034308779011,4.450050454086781,2.769929364278507,0.8173562058526741,53.85469223007063,2.8153380423814327,1.0443995963673058,0.408678102926337,22.29566094853683,1.9525731584258328,0.1816347124117053,1.2714429868819377,0.272452068617558,25.383451059535822,2.951564076690212,0.2270433905146317,0.0,1.2714429868819377,0.0454086781029263,0.0,0.0,0.0,3.8597376387487383,0.8173562058526741,DF,,defense,3
Mattia Viti,it ITA,DF,Empoli,it Serie A,22.0,2002.0,30,30,2572,28.6,1,0,1,1,0,0,0.8,0.8,0.2,1.0,0.03,11,2,18.2,0.38,0.07,0.09,0.5,0.07,933,1163,80.2,17070,5753,0.2,5,71,3,0,0,0,1,5,86,23,0.8,0,0.0,65,45,42,20,3,65.4,48,113,128,8,4,1506,260,12,6,54.5,633,17,0,20,17,752,10,3,0,0,30,2,0,0,0,97,61,54.0,0.0349922239502332,0.0,0.0349922239502332,0.0349922239502332,0.0279937791601866,0.0279937791601866,0.0069984447900466,0.0349922239502332,0.0010497667185069,0.3849144634525661,0.0699844479004665,32.64774494556765,40.69595645412131,597.3172628304822,201.31026438569205,0.0069984447900466,0.1749611197511664,2.484447900466563,0.1049766718506998,0.0,0.0,0.0,0.0349922239502332,0.1749611197511664,3.0093312597200623,2.274494556765163,1.5746500777604977,1.4696734059097978,0.6998444790046656,0.1049766718506998,1.6796267496111976,3.954121306376361,4.47900466562986,0.2799377916018662,52.69828926905132,9.097978227060652,0.4199066874027994,0.2099533437013997,22.150077760497663,0.5948678071539658,0.0,0.6998444790046656,0.5948678071539658,26.314152410575428,0.3499222395023328,0.1049766718506998,0.0,1.0497667185069983,0.0699844479004665,0.0,0.0,0.0,3.394245723172628,2.13452566096423,DF,,defense,0
Daniel Vivian,es ESP,DF,Athletic Club,es La Liga,25.0,1999.0,32,28,2608,29.0,4,0,4,4,0,0,1.9,1.9,0.4,2.3,0.08,18,5,27.8,0.62,0.17,0.22,0.8,0.11,1526,1753,87.1,31626,11850,0.7,10,166,10,3,8,0,2,11,185,34,1.17,1,0.03,40,26,23,14,3,65.6,47,87,152,13,2,2085,147,26,10,58.8,1169,36,1,19,13,1325,6,3,0,0,27,0,0,1,0,164,43,58.1,0.1380368098159509,0.0,0.1380368098159509,0.1380368098159509,0.0655674846625766,0.0655674846625766,0.013803680981595,0.0793711656441717,0.002760736196319,0.6211656441717791,0.1725460122699386,52.66104294478528,60.49463190184049,1091.388036809816,408.9340490797546,0.0241564417177914,0.3450920245398773,5.728527607361962,0.3450920245398773,0.1035276073619632,0.2760736196319018,0.0,0.0690184049079754,0.379601226993865,6.384202453987731,1.3803680981595092,0.8972392638036809,0.7937116564417177,0.4831288343558282,0.1035276073619632,1.621932515337423,3.002300613496933,5.245398773006134,0.4486196319018404,71.95168711656441,5.072852760736196,0.8972392638036809,0.3450920245398773,40.341257668711656,1.2423312883435582,0.0345092024539877,0.6556748466257668,0.4486196319018404,45.72469325153374,0.2070552147239264,0.1035276073619632,0.0,0.9317484662576686,0.0,0.0,0.0345092024539877,0.0,5.659509202453988,1.4838957055214723,DF,,defense,2
Kevin Vogt,de GER,DF,Union Berlin,de Bundesliga,32.0,1991.0,18,16,1367,15.2,1,0,1,0,1,1,0.8,0.0,0.0,0.0,0.05,0,0,,0.0,0.0,,,,790,897,88.1,16194,7116,0.3,2,71,8,0,0,0,0,3,70,17,1.12,0,0.0,12,8,7,5,0,61.5,9,21,75,2,1,1030,139,2,4,80.0,560,11,1,5,2,619,2,6,0,0,10,0,0,1,0,90,14,51.9,0.0658376005852231,0.0,0.0658376005852231,0.0,0.0526700804681785,0.0,0.0,0.0,0.0032918800292611,0.0,0.0,52.01170446232626,59.05632772494514,1066.174103877103,468.5003657644477,0.0197512801755669,0.1316752011704462,4.674469641550841,0.5267008046817849,0.0,0.0,0.0,0.0,0.1975128017556693,4.608632040965618,0.7900512070226774,0.5267008046817849,0.4608632040965618,0.3291880029261155,0.0,0.592538405267008,1.3825896122896857,4.937820043891734,0.1316752011704462,67.8127286027798,9.151426481346013,0.1316752011704462,0.2633504023408924,36.86905632772494,0.7242136064374542,0.0658376005852231,0.3291880029261155,0.1316752011704462,40.75347476225311,0.1316752011704462,0.3950256035113387,0.0,0.6583760058522311,0.0,0.0,0.0658376005852231,0.0,5.92538405267008,0.9217264081931236,DF,,defense,2
Mërgim Vojvoda,xk KVX,DF,Torino,it Serie A,29.0,1995.0,17,12,1105,12.3,0,0,0,0,0,0,0.4,0.4,0.4,0.8,0.07,5,0,0.0,0.41,0.0,0.0,,0.08,662,792,83.6,12050,3725,0.9,11,47,16,9,40,6,2,9,64,27,2.2,1,0.08,18,10,5,9,4,50.0,7,25,24,12,1,875,43,6,6,54.5,577,18,1,8,8,606,34,4,0,0,13,1,0,0,0,53,8,44.4,0.0,0.0,0.0,0.0,0.0325791855203619,0.0325791855203619,0.0325791855203619,0.0651583710407239,0.0057013574660633,0.4072398190045249,0.0,53.918552036199095,64.50678733031674,981.447963800905,303.39366515837105,0.0733031674208144,0.8959276018099547,3.828054298642534,1.3031674208144797,0.7330316742081449,3.2579185520361995,0.4886877828054298,0.1628959276018099,0.7330316742081449,5.212669683257919,1.4660633484162895,0.8144796380090499,0.4072398190045249,0.7330316742081449,0.3257918552036199,0.5701357466063348,2.0361990950226243,1.9547511312217196,0.9773755656108596,71.26696832579185,3.502262443438914,0.4886877828054298,0.4886877828054298,46.995475113122176,1.4660633484162895,0.0814479638009049,0.6515837104072398,0.6515837104072398,49.35746606334842,2.769230769230769,0.3257918552036199,0.0,1.0588235294117647,0.0814479638009049,0.0,0.0,0.0,4.3167420814479645,0.6515837104072398,DF,,defense,1
Stefan de Vrij,nl NED,DF,Inter,it Serie A,32.0,1992.0,25,17,1636,18.2,3,0,3,3,0,0,1.1,1.1,0.0,1.1,0.06,13,3,23.1,0.72,0.17,0.23,1.0,0.08,1309,1403,93.3,24028,7772,0.3,1,64,1,0,0,0,2,3,76,14,0.73,3,0.16,18,11,12,5,1,75.0,22,40,89,4,0,1613,151,19,3,37.5,988,11,0,4,1,1162,5,2,0,0,8,0,0,0,0,66,65,63.1,0.1650366748166259,0.0,0.1650366748166259,0.1650366748166259,0.0605134474327628,0.0605134474327628,0.0,0.0605134474327628,0.0033007334963325,0.715158924205379,0.1650366748166259,72.01100244498778,77.18215158924205,1321.833740831296,427.5550122249389,0.0165036674816625,0.0550122249388753,3.52078239608802,0.0550122249388753,0.0,0.0,0.0,0.1100244498777506,0.1650366748166259,4.180929095354523,0.9902200488997556,0.6051344743276283,0.6601466992665037,0.2750611246943765,0.0550122249388753,1.2102689486552567,2.2004889975550124,4.896088019559902,0.2200488997555012,88.73471882640587,8.30684596577017,1.0452322738386308,0.1650366748166259,54.3520782396088,0.6051344743276283,0.0,0.2200488997555012,0.0550122249388753,63.9242053789731,0.2750611246943765,0.1100244498777506,0.0,0.4400977995110024,0.0,0.0,0.0,0.0,3.63080684596577,3.575794621026895,DF,,defense,0
Hauke Wahl,de GER,DF,St. Pauli,de Bundesliga,30.0,1994.0,33,33,2970,33.0,0,0,0,0,0,0,0.9,0.9,0.5,1.4,0.04,11,4,36.4,0.33,0.12,0.0,0.0,0.08,1520,1755,86.6,26509,9297,1.6,9,120,8,1,8,0,0,0,142,26,0.79,0,0.0,36,27,21,13,2,60.5,31,67,170,11,4,2096,246,28,8,80.0,1040,30,1,10,9,1305,10,1,0,0,13,1,0,0,0,129,47,48.5,0.0,0.0,0.0,0.0,0.0272727272727272,0.0272727272727272,0.0151515151515151,0.0424242424242424,0.0012121212121212,0.3333333333333333,0.1212121212121212,46.06060606060606,53.18181818181819,803.3030303030304,281.72727272727275,0.0484848484848484,0.2727272727272727,3.6363636363636367,0.2424242424242424,0.0303030303030303,0.2424242424242424,0.0,0.0,0.0,4.303030303030303,1.0909090909090908,0.8181818181818181,0.6363636363636364,0.3939393939393939,0.0606060606060606,0.9393939393939394,2.0303030303030303,5.151515151515151,0.3333333333333333,63.51515151515152,7.454545454545455,0.8484848484848484,0.2424242424242424,31.51515151515152,0.9090909090909092,0.0303030303030303,0.303030303030303,0.2727272727272727,39.54545454545455,0.303030303030303,0.0303030303030303,0.0,0.3939393939393939,0.0303030303030303,0.0,0.0,0.0,3.909090909090909,1.4242424242424243,DF,,defense,2
Kyle Walker,eng ENG,DF,Manchester City,eng Premier League,34.0,1990.0,15,9,970,10.8,0,0,0,0,0,0,0.1,0.1,0.4,0.6,0.05,5,2,40.0,0.46,0.19,0.0,0.0,0.03,724,826,87.7,11928,3918,1.3,7,63,7,4,14,0,2,7,64,17,1.58,0,0.0,17,10,7,7,3,53.8,3,20,13,8,1,892,26,5,3,50.0,499,12,0,9,2,630,11,3,0,0,6,0,0,0,0,46,9,56.3,0.0,0.0,0.0,0.0,0.0092783505154639,0.0092783505154639,0.0371134020618556,0.0556701030927835,0.0046391752577319,0.4639175257731959,0.1855670103092783,67.17525773195877,76.63917525773195,1106.721649484536,363.5257731958763,0.1206185567010309,0.6494845360824743,5.845360824742269,0.6494845360824743,0.3711340206185567,1.2989690721649485,0.0,0.1855670103092783,0.6494845360824743,5.938144329896907,1.577319587628866,0.9278350515463918,0.6494845360824743,0.6494845360824743,0.2783505154639175,0.2783505154639175,1.855670103092784,1.2061855670103092,0.7422680412371134,82.76288659793813,2.4123711340206184,0.4639175257731959,0.2783505154639175,46.298969072164944,1.11340206185567,0.0,0.8350515463917526,0.1855670103092783,58.453608247422686,1.0206185567010309,0.2783505154639175,0.0,0.5567010309278351,0.0,0.0,0.0,0.0,4.268041237113402,0.8350515463917526,DF,,defense,2
Kyle Walker-Peters,eng ENG,DF,Southampton,eng Premier League,27.0,1997.0,33,33,2918,32.4,0,2,2,0,0,0,0.8,0.8,2.8,3.6,0.11,20,6,30.0,0.62,0.19,0.0,0.0,0.04,1493,1693,88.2,22418,6584,2.3,24,119,30,4,51,3,5,2,139,63,1.94,7,0.22,44,29,22,15,7,45.7,19,63,90,33,1,2022,151,59,38,41.3,1271,114,24,32,39,1433,144,5,0,0,28,3,0,0,0,135,11,34.4,0.0,0.0616860863605209,0.0616860863605209,0.0,0.0246744345442083,0.0246744345442083,0.0863605209047292,0.1110349554489376,0.0033927347498286,0.6168608636052091,0.1850582590815627,46.04866346812886,52.21727210418094,691.4393420150789,203.0705962988348,0.070938999314599,0.7402330363262508,3.670322138450994,0.9252912954078136,0.1233721727210418,1.572995202193283,0.0925291295407813,0.1542152159013022,0.0616860863605209,4.287183002056203,1.35709389993146,0.8944482522275531,0.67854694996573,0.4626456477039067,0.2159013022618231,0.5860178204249487,1.9431117203564083,2.7758738862234407,1.017820424948595,62.36463331048664,4.657299520219328,1.8197395476353664,1.1720356408498973,39.20150788211104,3.5161069225496915,0.7402330363262508,0.9869773817683344,1.2028786840301575,44.19808087731323,4.441398217957505,0.1542152159013022,0.0,0.8636052090472927,0.0925291295407813,0.0,0.0,0.0,4.163810829335161,0.339273474982865,DF,,defense,1
Sebastian Walukiewicz,pl POL,DF,Torino,it Serie A,24.0,2000.0,29,20,1661,18.5,0,0,0,0,0,0,0.4,0.4,0.3,0.7,0.04,6,1,16.7,0.33,0.05,0.0,0.0,0.07,761,938,81.1,13048,4435,0.6,4,74,14,5,24,0,0,3,80,16,0.87,1,0.05,38,20,18,16,4,74.2,18,56,60,13,0,1119,68,9,6,27.3,557,25,0,9,5,694,31,6,0,0,29,0,0,0,0,52,23,39.0,0.0,0.0,0.0,0.0,0.0216736905478627,0.0216736905478627,0.016255267910897,0.0379289584587597,0.0021673690547862,0.325105358217941,0.0541842263696568,41.234196267308846,50.82480433473811,706.9957856712824,240.30704394942805,0.0325105358217941,0.2167369054786273,4.009632751354606,0.7585791691751956,0.2709211318482841,1.300421432871764,0.0,0.0,0.1625526791089705,4.334738109572546,2.05900060204696,1.0836845273931366,0.975316074653823,0.8669476219145094,0.2167369054786273,0.975316074653823,3.0343166767007825,3.25105358217941,0.7043949428055389,60.632149307646,3.684527393136665,0.4876580373269115,0.325105358217941,30.180614087898856,1.3546056592414208,0.0,0.4876580373269115,0.2709211318482841,37.60385310054184,1.6797110174593617,0.325105358217941,0.0,1.5713425647200483,0.0,0.0,0.0,0.0,2.817579771222156,1.2462372065021072,DF,,defense,3
Aaron Wan-Bissaka,eng ENG,DF,West Ham,eng Premier League,26.0,1997.0,36,35,3154,35.0,2,5,7,2,0,0,1.2,1.2,3.5,4.7,0.14,16,5,31.3,0.46,0.14,0.13,0.4,0.07,1472,1815,81.1,20696,7523,2.8,33,94,35,11,76,0,5,1,149,93,2.65,10,0.29,70,49,33,32,5,71.9,66,136,125,62,0,2256,147,48,64,52.5,1092,110,15,35,22,1322,167,1,0,0,25,2,0,0,1,174,22,40.0,0.0570703868103994,0.1426759670259987,0.1997463538363982,0.0570703868103994,0.0342422320862396,0.0342422320862396,0.0998731769181991,0.1341154090044388,0.0039949270767279,0.4565630944831959,0.1426759670259987,42.003804692454025,51.79137603043754,590.5643627140139,214.6702599873177,0.0798985415345592,0.9416613823715916,2.6823081800887763,0.9987317691819912,0.3138871274571972,2.168674698795181,0.0,0.1426759670259987,0.0285351934051997,4.251743817374762,1.9974635383639825,1.3982244768547876,0.9416613823715916,0.913126188966392,0.1426759670259987,1.8833227647431832,3.8807863031071657,3.5668991756499686,1.7691819911223845,64.37539632213063,4.194673430564363,1.3696892834495875,1.826252377932784,31.16043119847812,3.138871274571972,0.4280279010779962,0.9987317691819912,0.6277742549143944,37.72352568167406,4.765377298668358,0.0285351934051997,0.0,0.7133798351299936,0.0570703868103994,0.0,0.0,0.0285351934051997,4.965123652504755,0.6277742549143944,DF,,defense,3
Timothy Weah,us USA,"DF,FW",Juventus,it Serie A,24.0,2000.0,30,18,1638,18.2,5,2,7,5,0,0,3.4,3.4,1.6,5.1,0.28,21,9,42.9,1.15,0.49,0.24,0.56,0.16,659,787,83.7,10475,2680,1.2,19,38,13,6,44,2,2,2,56,36,1.98,3,0.16,36,19,15,13,8,56.0,14,50,27,21,2,977,31,35,13,38.2,565,45,18,26,15,652,120,4,0,0,20,2,0,0,0,60,19,44.2,0.2747252747252747,0.1098901098901098,0.3846153846153846,0.2747252747252747,0.1868131868131868,0.1868131868131868,0.0879120879120879,0.2802197802197802,0.0153846153846153,1.1538461538461535,0.4945054945054945,36.20879120879121,43.24175824175824,575.5494505494506,147.25274725274724,0.0659340659340659,1.043956043956044,2.087912087912088,0.7142857142857142,0.3296703296703296,2.417582417582418,0.1098901098901098,0.1098901098901098,0.1098901098901098,3.076923076923077,1.978021978021978,1.043956043956044,0.8241758241758242,0.7142857142857142,0.4395604395604395,0.7692307692307693,2.7472527472527477,1.4835164835164836,1.1538461538461535,53.68131868131868,1.7032967032967032,1.9230769230769231,0.7142857142857142,31.043956043956044,2.4725274725274726,0.989010989010989,1.4285714285714284,0.8241758241758242,35.824175824175825,6.593406593406594,0.2197802197802197,0.0,1.098901098901099,0.1098901098901098,0.0,0.0,0.0,3.296703296703297,1.043956043956044,DF,FW,defense,3
Mitchell Weiser,de GER,"DF,MF",Werder Bremen,de Bundesliga,30.0,1994.0,32,32,2868,31.9,5,9,14,5,0,0,5.4,5.4,4.7,10.1,0.32,43,15,34.9,1.35,0.47,0.12,0.33,0.13,1151,1558,73.9,17209,6937,5.4,42,74,40,12,78,0,10,7,125,87,2.73,13,0.41,61,40,19,34,8,50.0,22,83,61,64,3,1949,60,109,35,41.7,990,65,13,71,36,1210,200,9,1,1,30,5,0,0,0,152,31,38.3,0.1569037656903765,0.2824267782426778,0.4393305439330544,0.1569037656903765,0.1694560669456067,0.1694560669456067,0.1474895397489539,0.3169456066945607,0.0100418410041841,1.3493723849372383,0.4707112970711297,36.11924686192469,48.89121338912133,540.0313807531381,217.68828451882845,0.1694560669456067,1.3179916317991631,2.3221757322175733,1.2552301255230125,0.3765690376569037,2.4476987447698746,0.0,0.3138075313807531,0.2196652719665272,3.922594142259415,1.9142259414225944,1.2552301255230125,0.5962343096234309,1.0669456066945606,0.2510460251046025,0.6903765690376569,2.604602510460251,1.9142259414225944,2.00836820083682,61.16108786610879,1.8828451882845187,3.420502092050209,1.098326359832636,31.06694560669456,2.0397489539748954,0.407949790794979,2.228033472803347,1.1297071129707112,37.970711297071134,6.276150627615063,0.2824267782426778,0.0313807531380753,0.9414225941422594,0.1569037656903765,0.0,0.0,0.0,4.769874476987448,0.9728033472803348,DF,MF,defense,1
Ben White,eng ENG,DF,Arsenal,eng Premier League,26.0,1997.0,17,13,1198,13.3,0,2,2,0,0,0,0.5,0.5,1.4,1.8,0.14,9,2,22.2,0.68,0.15,0.0,0.0,0.05,580,692,83.8,9173,2998,1.4,10,55,11,2,17,0,1,7,59,23,1.73,2,0.15,20,14,10,4,6,42.1,16,36,44,7,0,813,55,28,0,0.0,394,23,4,10,6,494,42,2,0,0,10,0,0,0,0,37,18,66.7,0.0,0.1502504173622704,0.1502504173622704,0.0,0.0375626043405676,0.0375626043405676,0.1051752921535893,0.1352253756260434,0.0105175292153589,0.6761268781302171,0.1502504173622704,43.57262103505843,51.98664440734558,689.1235392320534,225.22537562604344,0.1051752921535893,0.7512520868113522,4.131886477462437,0.8263772954924875,0.1502504173622704,1.2771285475792988,0.0,0.0751252086811352,0.5258764607679466,4.432387312186978,1.5025041736227045,1.0517529215358932,0.7512520868113522,0.3005008347245409,0.4507512520868113,1.2020033388981637,2.7045075125208684,3.30550918196995,0.5258764607679466,61.07679465776293,4.131886477462437,2.1035058430717863,0.0,29.59933222036728,1.7278797996661102,0.3005008347245409,0.7512520868113522,0.4507512520868113,37.1118530884808,3.1552587646076797,0.1502504173622704,0.0,0.7512520868113522,0.0,0.0,0.0,0.0,2.7796327212020038,1.3522537562604342,DF,,defense,3
Mats Wieffer,nl NED,"DF,MF",Brighton,eng Premier League,24.0,1999.0,25,10,1015,11.3,1,3,4,1,0,0,0.8,0.8,1.6,2.4,0.21,9,4,44.4,0.8,0.35,0.11,0.25,0.08,594,698,85.1,9762,2650,1.0,16,53,9,2,13,0,0,1,62,32,2.83,6,0.53,58,34,27,27,4,68.1,17,75,28,14,3,867,55,22,7,46.7,483,18,1,19,9,533,23,6,0,0,23,2,1,1,0,68,32,56.1,0.0886699507389162,0.2660098522167488,0.354679802955665,0.0886699507389162,0.070935960591133,0.070935960591133,0.141871921182266,0.212807881773399,0.0186206896551724,0.7980295566502463,0.354679802955665,52.669950738916256,61.89162561576355,865.5960591133005,234.97536945812809,0.0886699507389162,1.41871921182266,4.699507389162561,0.7980295566502463,0.1773399014778325,1.1527093596059113,0.0,0.0,0.0886699507389162,5.497536945812808,5.142857142857142,3.0147783251231526,2.394088669950739,2.394088669950739,0.354679802955665,1.5073891625615763,6.65024630541872,2.4827586206896552,1.2413793103448276,76.8768472906404,4.876847290640394,1.9507389162561573,0.6206896551724138,42.82758620689656,1.5960591133004929,0.0886699507389162,1.684729064039409,0.7980295566502463,47.26108374384236,2.039408866995074,0.5320197044334976,0.0,2.039408866995074,0.1773399014778325,0.0886699507389162,0.0886699507389162,0.0,6.029556650246305,2.83743842364532,DF,MF,defense,3
Neco Williams,wls WAL,DF,Nott'ham Forest,eng Premier League,23.0,2001.0,35,28,2594,28.8,1,3,4,1,0,0,2.3,2.3,1.6,3.9,0.13,37,7,18.9,1.28,0.24,0.03,0.14,0.06,843,1116,75.5,12607,5011,1.5,18,69,22,10,59,2,1,4,89,51,1.77,6,0.21,90,57,63,19,8,61.6,31,121,137,31,3,1565,155,45,18,39.1,650,68,16,36,21,744,103,7,0,0,24,3,0,0,0,110,40,57.1,0.0346954510408635,0.1040863531225906,0.1387818041634541,0.0346954510408635,0.0797995373939861,0.0797995373939861,0.0555127216653816,0.1353122590593677,0.0045104086353122,1.2837316885119507,0.2428681572860447,29.24826522744796,38.7201233616037,437.4055512721665,173.85890516576714,0.0520431765612953,0.6245181187355435,2.393986121819584,0.7632999228989977,0.3469545104086353,2.047031611410948,0.069390902081727,0.0346954510408635,0.1387818041634541,3.0878951426368544,3.122590593677718,1.9776407093292208,2.1858134155744025,0.6592135697764071,0.2775636083269082,1.0755589822667695,4.198149575944488,4.753276792598304,1.0755589822667695,54.29838087895143,5.377794911333847,1.561295296838859,0.6245181187355435,22.5520431765613,2.35929067077872,0.5551272166538165,1.249036237471087,0.7286044718581342,25.813415574402462,3.573631457208944,0.2428681572860447,0.0,0.8326908249807248,0.1040863531225906,0.0,0.0,0.0,3.816499614494989,1.3878180416345414,DF,,defense,3
Maximilian Wittek,de GER,DF,Bochum,de Bundesliga,28.0,1995.0,33,32,2706,30.1,0,0,0,0,0,0,1.4,1.4,4.4,5.7,0.19,41,7,17.1,1.36,0.23,0.0,0.0,0.03,1077,1525,70.6,20095,8995,6.2,46,114,37,18,164,72,8,6,141,100,3.33,6,0.2,65,42,40,19,6,70.4,27,92,89,39,3,1882,105,20,12,40.0,769,47,7,38,12,860,83,8,0,0,34,4,0,0,0,115,23,50.0,0.0,0.0,0.0,0.0,0.0465631929046563,0.0465631929046563,0.1463414634146341,0.1895787139689579,0.0063192904656319,1.3636363636363638,0.2328159645232816,35.82039911308204,50.72062084257207,668.3481152993348,299.16851441241687,0.2062084257206208,1.5299334811529932,3.791574279379157,1.23059866962306,0.5986696230598669,5.454545454545455,2.394678492239468,0.2660753880266075,0.1995565410199556,4.689578713968958,2.1618625277161865,1.3968957871396896,1.3303769401330376,0.6319290465631929,0.1995565410199556,0.8980044345898004,3.0598669623059864,2.9600886917960088,1.2971175166297118,62.594235033259416,3.492239467849224,0.6651884700665188,0.3991130820399113,25.57649667405765,1.563192904656319,0.2328159645232816,1.263858093126386,0.3991130820399113,28.60310421286031,2.7605321507760534,0.2660753880266075,0.0,1.130820399113082,0.1330376940133037,0.0,0.0,0.0,3.8248337028824833,0.7649667405764966,DF,,defense,3
Marius Wolf,de GER,DF,Augsburg,de Bundesliga,29.0,1995.0,32,28,2144,23.8,1,3,4,1,0,0,0.7,0.7,3.2,3.9,0.16,12,2,16.7,0.5,0.08,0.08,0.5,0.06,826,1205,68.5,14566,6535,4.4,45,76,25,13,115,38,3,3,117,80,3.36,6,0.25,27,16,13,11,3,37.2,24,51,51,46,1,1427,54,46,19,44.2,627,36,8,25,16,769,95,2,0,0,19,3,0,0,0,82,8,50.0,0.0419776119402985,0.1259328358208955,0.167910447761194,0.0419776119402985,0.0293843283582089,0.0293843283582089,0.1343283582089552,0.1637126865671641,0.0067164179104477,0.503731343283582,0.083955223880597,34.673507462686565,50.5830223880597,611.445895522388,274.32369402985074,0.1847014925373134,1.888992537313433,3.1902985074626864,1.049440298507463,0.5457089552238806,4.827425373134329,1.5951492537313432,0.1259328358208955,0.1259328358208955,4.911380597014925,1.1333955223880596,0.6716417910447761,0.5457089552238806,0.4617537313432835,0.1259328358208955,1.007462686567164,2.140858208955224,2.140858208955224,1.9309701492537312,59.90205223880597,2.2667910447761197,1.9309701492537312,0.7975746268656716,26.319962686567163,1.5111940298507462,0.335820895522388,1.049440298507463,0.6716417910447761,32.28078358208955,3.987873134328359,0.083955223880597,0.0,0.7975746268656716,0.1259328358208955,0.0,0.0,0.0,3.442164179104477,0.335820895522388,DF,,defense,1
Christopher Wooh,cm CMR,DF,Rennes,fr Ligue 1,22.0,2001.0,20,17,1456,16.2,0,0,0,0,0,0,1.3,1.3,0.1,1.4,0.09,10,4,40.0,0.62,0.25,0.0,0.0,0.13,749,860,87.1,14386,5490,0.3,2,51,2,0,0,0,0,2,59,16,0.99,1,0.06,36,19,21,13,2,66.7,23,59,63,5,0,1028,118,13,7,58.3,558,14,0,12,4,695,2,6,1,0,33,3,0,1,1,53,42,70.0,0.0,0.0,0.0,0.0,0.0803571428571428,0.0803571428571428,0.0061813186813186,0.0865384615384615,0.0055631868131868,0.6181318681318682,0.2472527472527472,46.29807692307692,53.15934065934066,889.2445054945055,339.3543956043956,0.018543956043956,0.1236263736263736,3.152472527472528,0.1236263736263736,0.0,0.0,0.0,0.0,0.1236263736263736,3.6469780219780223,2.2252747252747254,1.1744505494505495,1.2980769230769231,0.8035714285714285,0.1236263736263736,1.4217032967032963,3.6469780219780223,3.894230769230769,0.3090659340659341,63.54395604395605,7.293956043956045,0.8035714285714285,0.4326923076923077,34.49175824175824,0.8653846153846154,0.0,0.7417582417582418,0.2472527472527472,42.96016483516484,0.1236263736263736,0.3708791208791209,0.0618131868131868,2.0398351648351647,0.1854395604395604,0.0,0.0618131868131868,0.0618131868131868,3.276098901098901,2.5961538461538463,DF,,defense,0
Luke Woolfenden,eng ENG,DF,Ipswich Town,eng Premier League,25.0,1998.0,15,12,1187,13.2,0,0,0,0,0,0,0.0,0.0,0.0,0.0,0.0,1,0,0.0,0.08,0.0,0.0,,0.03,496,562,88.3,9196,3071,0.0,0,31,0,0,0,0,0,2,15,2,0.15,0,0.0,9,6,5,4,0,40.0,19,28,76,2,0,694,147,3,0,,368,7,0,4,0,442,0,2,0,0,5,0,0,0,0,38,15,50.0,0.0,0.0,0.0,0.0,0.0,0.0,0.0,0.0,0.0,0.075821398483572,0.0,37.60741364785172,42.61162594776748,697.2535804549284,232.8475147430497,0.0,0.0,2.3504633529907326,0.0,0.0,0.0,0.0,0.0,0.151642796967144,1.1373209772535806,0.6823925863521483,0.4549283909014321,0.3791069924178601,0.3032855939342881,0.0,1.4406065711878684,2.122999157540017,5.762426284751474,0.151642796967144,52.620050547598986,11.145745577085089,0.227464195450716,0.0,27.902274641954502,0.5307497893850043,0.0,0.3032855939342881,0.0,33.51305812973884,0.0,0.151642796967144,0.0,0.3791069924178601,0.0,0.0,0.0,0.0,2.881213142375737,1.1373209772535806,DF,,defense,0
Leny Yoro,fr FRA,DF,Manchester Utd,eng Premier League,18.0,2005.0,21,12,1165,12.9,0,0,0,0,0,0,0.7,0.7,0.1,0.8,0.06,5,1,20.0,0.39,0.08,0.0,0.0,0.15,708,766,92.4,11513,3678,0.2,2,44,5,1,1,0,2,1,52,9,0.7,0,0.0,29,11,19,9,1,68.4,18,47,43,5,0,894,87,13,2,50.0,614,19,1,3,4,656,4,5,0,0,9,0,0,0,0,46,16,50.0,0.0,0.0,0.0,0.0,0.0540772532188841,0.0540772532188841,0.007725321888412,0.0618025751072961,0.0046351931330472,0.3862660944206008,0.0772532188841201,54.69527896995708,59.17596566523605,889.4163090128754,284.13733905579403,0.015450643776824,0.1545064377682403,3.3991416309012874,0.3862660944206008,0.0772532188841201,0.0772532188841201,0.0,0.1545064377682403,0.0772532188841201,4.017167381974248,2.240343347639485,0.8497854077253219,1.4678111587982834,0.6952789699570815,0.0772532188841201,1.390557939914163,3.630901287553648,3.321888412017167,0.3862660944206008,69.06437768240343,6.721030042918455,1.004291845493562,0.1545064377682403,47.43347639484978,1.4678111587982834,0.0772532188841201,0.2317596566523605,0.3090128755364806,50.67811158798283,0.3090128755364806,0.3862660944206008,0.0,0.6952789699570815,0.0,0.0,0.0,0.0,3.553648068669528,1.2360515021459226,DF,,defense,2
Ashley Young,eng ENG,DF,Everton,eng Premier League,39.0,1985.0,32,19,1875,20.8,1,3,4,1,0,0,0.3,0.3,2.3,2.6,0.12,6,3,50.0,0.29,0.14,0.17,0.33,0.04,708,999,70.9,13051,5809,2.9,26,78,25,14,75,15,3,4,90,47,2.25,6,0.29,58,33,25,25,8,61.4,25,83,64,20,2,1194,61,9,7,35.0,487,24,1,11,1,618,32,7,1,0,30,2,0,0,0,75,10,47.6,0.048,0.144,0.192,0.048,0.0144,0.0144,0.1103999999999999,0.1248,0.0057599999999999,0.288,0.144,33.984,47.952000000000005,626.448,278.832,0.1392,1.248,3.744,1.2000000000000002,0.672,3.6,0.72,0.144,0.192,4.32,2.784,1.584,1.2000000000000002,1.2000000000000002,0.384,1.2000000000000002,3.984,3.072,0.96,57.312000000000005,2.928,0.4319999999999999,0.336,23.376,1.152,0.048,0.528,0.048,29.664,1.536,0.336,0.048,1.44,0.096,0.0,0.0,0.0,3.6,0.48,DF,,defense,3
Etienne Youte Kinkoue,fr FRA,DF,Le Havre,fr Ligue 1,22.0,2002.0,28,26,2320,25.8,0,0,0,0,0,0,1.3,1.3,0.2,1.5,0.06,14,1,7.1,0.54,0.04,0.0,0.0,0.09,1124,1262,89.1,23138,7156,0.3,3,62,3,1,2,0,0,5,63,14,0.54,1,0.04,19,10,11,7,1,65.0,29,48,158,4,3,1544,270,15,2,100.0,861,12,0,6,1,1041,4,4,1,0,14,0,0,2,1,65,26,55.3,0.0,0.0,0.0,0.0,0.0504310344827586,0.0504310344827586,0.0077586206896551,0.0581896551724137,0.0023275862068965,0.5431034482758621,0.0387931034482758,43.60344827586207,48.956896551724135,897.5948275862069,277.6034482758621,0.0116379310344827,0.1163793103448275,2.405172413793104,0.1163793103448275,0.0387931034482758,0.0775862068965517,0.0,0.0,0.1939655172413793,2.443965517241379,0.7370689655172414,0.3879310344827586,0.4267241379310345,0.271551724137931,0.0387931034482758,1.125,1.862068965517241,6.129310344827586,0.1551724137931034,59.89655172413793,10.474137931034482,0.5818965517241379,0.0775862068965517,33.40086206896552,0.4655172413793103,0.0,0.2327586206896551,0.0387931034482758,40.38362068965517,0.1551724137931034,0.1551724137931034,0.0387931034482758,0.5431034482758621,0.0,0.0,0.0775862068965517,0.0387931034482758,2.521551724137931,1.0086206896551724,DF,,defense,0
Illia Zabarnyi,ua UKR,DF,Bournemouth,eng Premier League,21.0,2002.0,36,35,3109,34.5,0,1,1,0,0,0,1.3,1.3,0.7,2.0,0.06,12,1,8.3,0.35,0.03,0.0,0.0,0.11,1404,1710,82.1,29649,10860,0.8,12,153,7,0,6,0,6,7,140,29,0.84,1,0.03,52,36,31,20,1,68.0,41,93,182,10,2,2062,234,16,6,66.7,1282,27,0,14,3,1306,4,4,1,0,20,0,0,0,0,157,77,63.6,0.0,0.0289482148600836,0.0289482148600836,0.0,0.0376326793181087,0.0376326793181087,0.0202637504020585,0.0578964297201672,0.001736892891605,0.3473785783210035,0.0289482148600836,40.643293663557415,49.501447410743005,858.2856223866196,314.3776133805082,0.0231585718880669,0.3473785783210035,4.429076873592795,0.2026375040205854,0.0,0.1736892891605017,0.0,0.1736892891605017,0.2026375040205854,4.052750080411708,1.5053071727243486,1.0421357349630107,0.8973946606625924,0.5789642972016725,0.0289482148600836,1.1868768092634288,2.6921839819877773,5.268575104535221,0.2894821486008362,59.691219041492445,6.773882277259569,0.463171437761338,0.1736892891605017,37.11161145062721,0.7816018012222579,0.0,0.4052750080411708,0.0868446445802508,37.80636860726922,0.1157928594403345,0.1157928594403345,0.0289482148600836,0.5789642972016725,0.0,0.0,0.0,0.0,4.54486973303313,2.2290125442264395,DF,,defense,0
Francesco Zampano,it ITA,DF,Venezia,it Serie A,30.0,1993.0,24,17,1639,18.2,1,2,3,1,0,0,1.0,1.0,0.8,1.8,0.1,7,4,57.1,0.38,0.22,0.14,0.25,0.14,416,568,73.2,6763,2156,0.7,12,26,17,6,49,1,0,5,41,25,1.37,3,0.16,31,20,19,10,2,45.2,6,37,29,24,2,731,42,26,8,28.6,418,42,9,28,17,439,85,5,0,0,24,2,0,0,0,77,10,35.7,0.0549115314215985,0.109823062843197,0.1647345942647956,0.0549115314215985,0.0549115314215985,0.0549115314215985,0.0439292251372788,0.0988407565588773,0.0054911531421598,0.3843807199511898,0.2196461256863941,22.84319707138499,31.189749847467965,371.3666870042709,118.38926174496645,0.0384380719951189,0.6589383770591825,1.4276998169615618,0.9334960341671752,0.3294691885295912,2.6906650396583283,0.0549115314215985,0.0,0.2745576571079927,2.25137278828554,1.7022574740695546,1.0982306284319707,1.043319097010372,0.5491153142159854,0.109823062843197,0.3294691885295912,2.0317266625991457,1.5924344112263575,1.317876754118365,40.14032946918853,2.3062843197071388,1.4276998169615618,0.4392922513727882,22.95302013422819,2.3062843197071388,0.4942037827943868,1.537522879804759,0.9334960341671752,24.10616229408176,4.667480170835876,0.2745576571079927,0.0,1.317876754118365,0.109823062843197,0.0,0.0,0.0,4.228187919463087,0.5491153142159854,DF,,defense,1
Gabriele Zappa,it ITA,DF,Cagliari,it Serie A,24.0,1999.0,37,35,3060,34.0,2,0,2,2,0,0,0.9,0.9,3.6,4.5,0.13,11,5,45.5,0.32,0.15,0.18,0.4,0.08,1318,1723,76.5,22297,10963,3.3,28,126,24,15,72,0,1,11,146,57,1.68,2,0.06,40,23,20,17,3,50.0,23,63,93,44,1,2017,120,34,13,44.8,1100,57,4,31,7,1191,82,4,0,0,25,0,0,0,0,123,21,43.8,0.0588235294117647,0.0,0.0588235294117647,0.0588235294117647,0.0264705882352941,0.0264705882352941,0.1058823529411764,0.1323529411764706,0.0038235294117647,0.3235294117647058,0.1470588235294117,38.76470588235294,50.6764705882353,655.7941176470588,322.44117647058823,0.0970588235294117,0.823529411764706,3.7058823529411766,0.7058823529411764,0.4411764705882353,2.117647058823529,0.0,0.0294117647058823,0.3235294117647058,4.294117647058823,1.1764705882352942,0.6764705882352942,0.5882352941176471,0.5,0.088235294117647,0.6764705882352942,1.8529411764705883,2.735294117647059,1.2941176470588234,59.3235294117647,3.5294117647058822,1.0,0.3823529411764705,32.35294117647059,1.6764705882352942,0.1176470588235294,0.911764705882353,0.2058823529411765,35.029411764705884,2.411764705882353,0.1176470588235294,0.0,0.7352941176470589,0.0,0.0,0.0,0.0,3.61764705882353,0.6176470588235294,DF,,defense,1
Davide Zappacosta,it ITA,DF,Atalanta,it Serie A,32.0,1992.0,30,26,2067,23.0,4,2,6,4,0,0,2.2,2.2,2.1,4.3,0.19,39,12,30.8,1.7,0.52,0.1,0.33,0.06,986,1192,82.7,15489,4983,3.0,23,60,37,23,95,13,2,2,107,53,2.31,6,0.26,26,16,15,5,6,51.3,11,37,32,23,2,1416,41,47,12,29.3,780,67,14,26,17,889,139,3,0,0,19,0,0,0,0,89,9,42.9,0.1741654571843251,0.0870827285921625,0.2612481857764877,0.1741654571843251,0.0957910014513788,0.0957910014513788,0.0914368650217706,0.1872278664731494,0.0082728592162554,1.6981132075471697,0.5224963715529753,42.93178519593614,51.90130624092888,674.4121915820028,216.966618287373,0.1306240928882438,1.0014513788098691,2.6124818577648767,1.6110304789550072,1.0014513788098691,4.136429608127721,0.5660377358490566,0.0870827285921625,0.0870827285921625,4.6589259796806965,1.1320754716981132,0.6966618287373004,0.6531204644412192,0.2177068214804064,0.2612481857764877,0.478955007256894,1.6110304789550072,1.3933236574746009,1.0014513788098691,61.65457184325109,1.7851959361393326,2.04644412191582,0.5224963715529753,33.9622641509434,2.917271407837446,0.6095791001451378,1.1320754716981132,0.7402031930333817,38.70827285921625,6.052249637155297,0.1306240928882438,0.0,0.8272859216255444,0.0,0.0,0.0,0.0,3.875181422351234,0.3918722786647314,DF,,defense,1
David Zec,si SVN,DF,Holstein Kiel,de Bundesliga,24.0,2000.0,18,18,1541,17.1,2,0,2,2,0,0,1.2,1.2,0.5,1.8,0.1,11,5,45.5,0.64,0.29,0.18,0.4,0.11,733,836,87.7,13801,5255,0.3,8,25,1,0,1,0,0,3,34,13,0.76,0,0.0,23,10,17,6,0,65.0,17,40,93,8,3,1049,206,24,5,55.6,527,3,1,11,5,633,2,5,0,0,21,0,0,0,0,76,35,42.7,0.1168072680077871,0.0,0.1168072680077871,0.1168072680077871,0.0700843608046722,0.0700843608046722,0.0292018170019467,0.1051265412070084,0.0058403634003893,0.6424399740428294,0.2920181700194679,42.80986372485399,48.82543802725503,806.0285528877353,306.91109669046074,0.017521090201168,0.4672290720311485,1.4600908500973393,0.0584036340038935,0.0,0.0584036340038935,0.0,0.0,0.1752109020116807,1.9857235561323816,1.343283582089552,0.5840363400389358,0.9928617780661908,0.3504218040233615,0.0,0.9928617780661908,2.336145360155743,5.431537962362103,0.4672290720311485,61.265412070084366,12.031148604802077,1.401687216093446,0.2920181700194679,30.778715120051917,0.1752109020116807,0.0584036340038935,0.6424399740428294,0.2920181700194679,36.96950032446463,0.1168072680077871,0.2920181700194679,0.0,1.226476314081765,0.0,0.0,0.0,0.0,4.438676184295912,2.044127190136275,DF,,defense,0
Jordan Zemura,zw ZIM,DF,Udinese,it Serie A,24.0,1999.0,23,13,1415,15.7,1,2,3,1,0,0,1.0,1.0,1.0,2.0,0.13,14,3,21.4,0.89,0.19,0.07,0.33,0.07,475,621,76.5,7519,2859,1.4,11,24,15,9,39,5,0,0,42,30,1.91,4,0.25,31,14,14,12,5,58.6,16,47,41,20,0,815,44,23,20,41.7,403,25,3,24,17,434,76,2,0,0,22,1,0,0,0,60,6,30.0,0.0636042402826855,0.127208480565371,0.1908127208480565,0.0636042402826855,0.0636042402826855,0.0636042402826855,0.0636042402826855,0.127208480565371,0.0082685512367491,0.8904593639575972,0.1908127208480565,30.21201413427562,39.49823321554771,478.2402826855124,181.84452296819788,0.0890459363957597,0.6996466431095407,1.526501766784452,0.9540636042402828,0.5724381625441697,2.480565371024735,0.3180212014134275,0.0,0.0,2.6713780918727914,1.971731448763251,0.8904593639575972,0.8904593639575972,0.763250883392226,0.3180212014134275,1.017667844522968,2.989399293286219,2.607773851590106,1.2720848056537102,51.83745583038869,2.798586572438163,1.4628975265017667,1.2720848056537102,25.632508833922262,1.5901060070671378,0.1908127208480565,1.526501766784452,1.0812720848056536,27.604240282685517,4.833922261484099,0.127208480565371,0.0,1.3992932862190814,0.0636042402826855,0.0,0.0,0.0,3.816254416961131,0.381625441696113,DF,,defense,1
Alessio Zerbin,it ITA,DF,Venezia,it Serie A,25.0,1999.0,18,17,1518,16.9,1,1,2,1,0,0,1.9,1.9,2.1,3.9,0.23,16,6,37.5,0.95,0.36,0.06,0.17,0.12,400,612,65.4,6494,2778,2.3,24,26,21,10,74,18,1,4,54,42,2.49,2,0.12,51,28,30,12,9,55.8,15,66,25,26,1,864,34,53,21,33.3,383,53,20,37,19,401,70,4,0,0,36,3,0,0,0,69,10,45.5,0.0592885375494071,0.0592885375494071,0.1185770750988142,0.0592885375494071,0.1126482213438735,0.1126482213438735,0.1245059288537549,0.2312252964426877,0.0136363636363636,0.948616600790514,0.3557312252964427,23.715415019762847,36.28458498023716,385.0197628458498,164.70355731225297,0.1363636363636363,1.4229249011857708,1.541501976284585,1.245059288537549,0.5928853754940712,4.387351778656127,1.067193675889328,0.0592885375494071,0.2371541501976284,3.2015810276679844,3.0237154150197627,1.6600790513833992,1.7786561264822134,0.7114624505928854,0.533596837944664,0.8893280632411067,3.9130434782608696,1.482213438735178,1.541501976284585,51.22529644268775,2.015810276679842,3.1422924901185767,1.245059288537549,22.70750988142293,3.1422924901185767,1.1857707509881423,2.1936758893280635,1.1264822134387351,23.77470355731225,4.150197628458498,0.2371541501976284,0.0,2.134387351778656,0.1778656126482213,0.0,0.0,0.0,4.090909090909091,0.5928853754940712,DF,,defense,3
Cedric Zesiger,ch SUI,DF,Augsburg,de Bundesliga,26.0,1998.0,15,15,1221,13.6,0,2,2,0,0,0,1.2,1.2,1.3,2.5,0.18,10,2,20.0,0.74,0.15,0.0,0.0,0.12,455,579,78.6,8607,3229,1.1,7,45,6,4,13,0,2,5,40,13,0.96,3,0.22,13,7,7,6,0,61.5,21,34,96,15,1,771,101,9,1,25.0,398,4,0,8,3,424,7,7,1,1,15,0,0,0,0,57,27,58.7,0.0,0.1474201474201474,0.1474201474201474,0.0,0.0884520884520884,0.0884520884520884,0.0958230958230958,0.1842751842751842,0.0132678132678132,0.7371007371007371,0.1474201474201474,33.538083538083534,42.67813267813268,634.4226044226044,238.009828009828,0.081081081081081,0.5159705159705159,3.3169533169533167,0.4422604422604422,0.2948402948402948,0.9582309582309582,0.0,0.1474201474201474,0.3685503685503685,2.9484029484029484,0.9582309582309582,0.5159705159705159,0.5159705159705159,0.4422604422604422,0.0,1.547911547911548,2.506142506142506,7.076167076167076,1.1056511056511056,56.830466830466825,7.444717444717445,0.6633906633906634,0.0737100737100737,29.33660933660933,0.2948402948402948,0.0,0.5896805896805897,0.2211302211302211,31.25307125307125,0.5159705159705159,0.5159705159705159,0.0737100737100737,1.1056511056511056,0.0,0.0,0.0,0.0,4.201474201474201,1.99017199017199,DF,,defense,0
Nathan Zeze,fr FRA,DF,Nantes,fr Ligue 1,19.0,2005.0,18,17,1512,16.8,0,0,0,0,0,0,0.3,0.3,0.0,0.3,0.02,6,2,33.3,0.36,0.12,0.0,0.0,0.05,737,859,85.8,14468,5641,0.2,1,47,2,0,1,0,1,4,46,10,0.6,0,0.0,38,22,22,16,0,69.7,23,61,120,2,1,1083,155,6,3,75.0,600,2,0,9,1,678,0,6,0,0,17,1,0,0,0,63,28,52.8,0.0,0.0,0.0,0.0,0.0178571428571428,0.0178571428571428,0.0,0.0178571428571428,0.0011904761904761,0.3571428571428571,0.119047619047619,43.86904761904762,51.13095238095238,861.1904761904761,335.7738095238095,0.0119047619047619,0.0595238095238095,2.7976190476190474,0.119047619047619,0.0,0.0595238095238095,0.0,0.0595238095238095,0.238095238095238,2.738095238095238,2.261904761904762,1.3095238095238095,1.3095238095238095,0.9523809523809524,0.0,1.369047619047619,3.630952380952381,7.142857142857142,0.119047619047619,64.46428571428571,9.226190476190476,0.3571428571428571,0.1785714285714285,35.714285714285715,0.119047619047619,0.0,0.5357142857142857,0.0595238095238095,40.35714285714286,0.0,0.3571428571428571,0.0,1.011904761904762,0.0595238095238095,0.0,0.0,0.0,3.75,1.6666666666666663,DF,,defense,0
Nadir Zortea,it ITA,"DF,MF",Cagliari,it Serie A,25.0,1999.0,35,33,2713,30.1,6,2,8,6,0,0,3.1,3.1,2.4,5.5,0.18,33,10,30.3,1.09,0.33,0.18,0.6,0.09,557,827,67.4,9098,3140,2.2,28,42,31,21,119,7,1,1,63,57,1.89,3,0.1,30,14,16,12,2,37.8,19,49,47,41,2,1115,43,31,38,43.7,661,69,8,57,31,732,144,2,0,0,33,1,0,1,0,96,17,36.2,0.1990416513085146,0.0663472171028381,0.2653888684113527,0.1990416513085146,0.1028381865093992,0.1028381865093992,0.0796166605234058,0.182454847032805,0.0059712495392554,1.09472908219683,0.3317360855141909,18.477699963140434,27.43457427202359,301.8134906008109,104.16513085145596,0.072981938813122,0.9288610394397346,1.3932915591596018,1.0283818650939918,0.6966457795798009,3.947659417618872,0.2322152598599336,0.033173608551419,0.033173608551419,2.089937338739403,0.9952082565425728,0.4644305197198673,0.5307777368227055,0.3980833026170292,0.0663472171028381,0.6302985624769628,1.6255068190195356,1.5591596019166971,1.3601179506081829,36.98857353483229,1.426465167711021,1.0283818650939918,1.2605971249539256,21.92775525248802,2.2889789900479176,0.2653888684113527,1.890895687430888,1.0283818650939918,24.283081459638776,4.776999631404349,0.0663472171028381,0.0,1.09472908219683,0.033173608551419,0.0,0.033173608551419,0.0,3.1846664209362334,0.5639513453741246,DF,MF,defense,1
Yanis Zouaoui,dz ALG,"DF,FW",Le Havre,fr Ligue 1,30.0,1994.0,17,9,976,10.8,0,2,2,0,0,0,0.1,0.1,2.9,3.1,0.28,5,2,40.0,0.46,0.18,0.0,0.0,0.03,408,595,68.6,7484,2710,3.1,28,23,14,9,110,49,1,1,32,40,3.69,3,0.28,20,10,10,8,2,73.3,8,28,43,18,0,725,38,8,13,72.2,319,33,3,18,4,364,33,3,0,0,8,0,0,0,0,41,7,63.6,0.0,0.1844262295081967,0.1844262295081967,0.0,0.0092213114754098,0.0092213114754098,0.2674180327868852,0.2858606557377049,0.0258196721311475,0.4610655737704918,0.1844262295081967,37.62295081967213,54.86680327868852,690.1229508196722,249.89754098360652,0.2858606557377049,2.581967213114754,2.1209016393442623,1.290983606557377,0.8299180327868853,10.14344262295082,4.51844262295082,0.0922131147540983,0.0922131147540983,2.950819672131148,1.8442622950819672,0.9221311475409836,0.9221311475409836,0.7377049180327869,0.1844262295081967,0.7377049180327869,2.581967213114754,3.9651639344262297,1.6598360655737705,66.85450819672131,3.5040983606557377,0.7377049180327869,1.1987704918032789,29.415983606557376,3.043032786885246,0.2766393442622951,1.6598360655737705,0.3688524590163934,33.5655737704918,3.043032786885246,0.2766393442622951,0.0,0.7377049180327869,0.0,0.0,0.0,0.0,3.7807377049180326,0.6454918032786885,DF,FW,defense,1
Igor Zubeldia,es ESP,DF,Real Sociedad,es La Liga,27.0,1997.0,28,27,2269,25.2,0,0,0,0,0,0,0.6,0.6,0.4,1.1,0.04,12,4,33.3,0.48,0.16,0.0,0.0,0.05,1281,1483,86.4,24957,7655,0.6,4,93,6,0,1,0,3,12,101,17,0.67,1,0.04,34,22,21,10,3,53.8,31,65,100,5,2,1732,163,14,6,100.0,1036,22,1,8,1,1145,3,6,1,0,38,0,0,1,0,86,65,44.8,0.0,0.0,0.0,0.0,0.0237990304098721,0.0237990304098721,0.0158660202732481,0.0436315557514323,0.0015866020273248,0.4759806081974438,0.1586602027324812,50.810929925077126,58.82327016306743,989.9206698986338,303.63596297928603,0.0237990304098721,0.1586602027324812,3.68884971353019,0.2379903040987219,0.0,0.0396650506831203,0.0,0.1189951520493609,0.4759806081974438,4.006170118995152,1.3486117232260908,0.872631115028647,0.8329660643455267,0.3966505068312032,0.1189951520493609,1.2296165711767295,2.578228294402821,3.966505068312032,0.1983252534156016,68.6998677831644,6.465403261348611,0.5553107095636844,0.2379903040987219,41.09299250771265,0.872631115028647,0.0396650506831203,0.3173204054649625,0.0396650506831203,45.41648303217277,0.1189951520493609,0.2379903040987219,0.0396650506831203,1.5072719259585723,0.0,0.0,0.0396650506831203,0.0,3.411194358748347,2.578228294402821,DF,,defense,2
