Player,Nation,Pos,Squad,Comp,Age,Born,MP,Starts,Min,90s,Gls,Ast,G+A,G-PK,PK,PKatt,xG,npxG,xAG,npxG+xAG,xG+xAG,Sh,SoT,SoT%,Sh/90,SoT/90,G/Sh,G/SoT,npxG/Sh,Cmp,Att,Cmp%,TotDist,PrgDist,xA,KP,1/3,PPA,CrsPA,Crs,CK,TB,Sw,PrgP,SCA,SCA90,GCA,GCA90,Tkl,TklW,Def 3rd,Mid 3rd,Att 3rd,Tkl%,Int,Tkl+Int,Clr,Blocks,Err,Touches,Def Pen,Att Pen,Succ,Succ%,Carries,PrgC,CPA,Mis,Dis,Rec,PrgR,CrdY,CrdR,2CrdY,Fls,Fld,PKwon,PKcon,OG,Recov,Won,Won%,Gls_p90,Ast_p90,G+A_p90,G-PK_p90,xG_p90,npxG_p90,xAG_p90,npxG+xAG_p90,xG+xAG_p90,Sh_p90,SoT_p90,Cmp_p90,Att_p90,TotDist_p90,PrgDist_p90,xA_p90,KP_p90,1/3_p90,PPA_p90,CrsPA_p90,Crs_p90,CK_p90,TB_p90,Sw_p90,PrgP_p90,Tkl_p90,TklW_p90,Def 3rd_p90,Mid 3rd_p90,Att 3rd_p90,Int_p90,Tkl+Int_p90,Clr_p90,Blocks_p90,Touches_p90,Def Pen_p90,Att Pen_p90,Succ_p90,Carries_p90,PrgC_p90,CPA_p90,Mis_p90,Dis_p90,Rec_p90,PrgR_p90,CrdY_p90,CrdR_p90,Fls_p90,Fld_p90,PKwon_p90,PKcon_p90,OG_p90,Recov_p90,Won_p90,PrimaryPos,SecondaryPos,Group,Cluster
Matthis Abline,fr FRA,FW,Nantes,fr Ligue 1,21.0,2003.0,34,33,2768,30.8,9,2,11,8,1,1,8.5,7.7,3.8,11.5,0.4,73,26,35.6,2.37,0.85,0.11,0.31,0.11,351,538,65.2,5145,976,3.4,27,23,15,4,30,0,3,4,48,61,1.98,9,0.29,11,5,2,4,5,33.3,4,15,36,27,1,878,34,142,35,40.7,587,75,42,92,65,689,169,3,0,0,34,3,0,0,0,83,64,45.7,0.2926300578034682,0.065028901734104,0.3576589595375722,0.2601156069364161,0.2763728323699422,0.2503612716763005,0.1235549132947976,0.3739161849710982,0.0130057803468208,2.373554913294798,0.8453757225433527,11.41257225433526,17.492774566473987,167.28684971098266,31.734104046242773,0.1105491329479768,0.8778901734104047,0.7478323699421965,0.4877167630057803,0.130057803468208,0.9754335260115606,0.0,0.097543352601156,0.130057803468208,1.5606936416184969,0.3576589595375722,0.1625722543352601,0.065028901734104,0.130057803468208,0.1625722543352601,0.130057803468208,0.4877167630057803,1.170520231213873,0.8778901734104047,28.547687861271672,1.1054913294797688,4.617052023121388,1.1380057803468209,19.085982658959537,2.4385838150289016,1.365606936416185,2.991329479768786,2.1134393063583814,22.402456647398843,5.494942196531792,0.097543352601156,0.0,1.1054913294797688,0.097543352601156,0.0,0.0,0.0,2.6986994219653178,2.0809248554913293,FW,,attack,1
Tammy Abraham,eng ENG,FW,Milan,it Serie A,26.0,1997.0,28,12,1183,13.1,3,4,7,2,1,2,7.1,5.4,2.2,7.6,0.7,26,11,42.3,1.98,0.84,0.08,0.18,0.21,152,221,68.8,1956,534,1.3,14,13,10,0,3,0,5,0,26,33,2.51,9,0.68,17,11,2,10,5,75.0,2,19,16,6,0,367,20,57,4,28.6,158,8,4,22,13,241,69,1,0,0,23,1,1,0,0,12,36,52.2,0.228233305156382,0.3043110735418428,0.5325443786982248,0.1521555367709214,0.540152155536771,0.4108199492814878,0.1673710904480135,0.5781910397295013,0.0532544378698224,1.978021978021978,0.8368554522400676,11.563820794590026,16.813186813186814,148.8081149619611,40.62552831783601,0.0989010989010989,1.0650887573964496,0.989010989010989,0.760777683854607,0.0,0.228233305156382,0.0,0.3803888419273035,0.0,1.978021978021978,1.2933220625528317,0.8368554522400676,0.1521555367709214,0.760777683854607,0.3803888419273035,0.1521555367709214,1.4454775993237532,1.2172442941673711,0.4564666103127641,27.920540997464077,1.521555367709214,4.33643279797126,0.3043110735418428,12.02028740490279,0.6086221470836856,0.3043110735418428,1.6737109044801353,0.989010989010989,18.334742180896026,5.249366018596788,0.0760777683854607,0.0,1.749788672865596,0.0760777683854607,0.0760777683854607,0.0,0.0,0.9129332206255284,2.738799661876585,FW,,attack,1
Akor Adams,ng NGA,FW,Montpellier,fr Ligue 1,24.0,2000.0,15,13,1075,11.9,3,1,4,3,0,0,4.3,4.3,1.0,5.3,0.44,26,12,46.2,2.18,1.0,0.12,0.25,0.16,112,179,62.6,1540,198,0.1,12,8,0,0,5,0,1,2,6,25,2.09,5,0.42,4,3,1,2,1,75.0,1,5,5,7,1,251,5,49,7,50.0,126,11,7,16,14,174,45,2,0,0,17,2,2,0,0,24,28,50.9,0.2511627906976744,0.0837209302325581,0.3348837209302325,0.2511627906976744,0.36,0.36,0.0837209302325581,0.4437209302325581,0.0368372093023255,2.1767441860465118,1.0046511627906978,9.376744186046512,14.986046511627906,128.93023255813952,16.57674418604651,0.0083720930232558,1.0046511627906978,0.6697674418604651,0.0,0.0,0.4186046511627906,0.0,0.0837209302325581,0.1674418604651162,0.5023255813953489,0.3348837209302325,0.2511627906976744,0.0837209302325581,0.1674418604651162,0.0837209302325581,0.0837209302325581,0.4186046511627906,0.4186046511627906,0.586046511627907,21.01395348837209,0.4186046511627906,4.102325581395348,0.586046511627907,10.548837209302324,0.9209302325581394,0.586046511627907,1.3395348837209302,1.172093023255814,14.567441860465117,3.767441860465116,0.1674418604651162,0.0,1.4232558139534883,0.1674418604651162,0.1674418604651162,0.0,0.0,2.0093023255813955,2.344186046511628,FW,,attack,1
Che Adams,sct SCO,FW,Torino,it Serie A,28.0,1996.0,36,30,2652,29.5,9,3,12,9,0,1,9.0,8.2,2.0,10.2,0.37,63,25,39.7,2.14,0.85,0.14,0.36,0.13,414,557,74.3,6531,1184,2.9,26,32,7,0,10,0,4,5,40,63,2.14,5,0.17,12,6,2,4,6,14.3,2,14,18,17,0,802,19,104,11,29.7,509,23,9,63,34,630,153,2,0,0,29,5,0,0,0,50,36,36.7,0.3054298642533937,0.1018099547511312,0.4072398190045249,0.3054298642533937,0.3054298642533937,0.2782805429864253,0.0678733031674208,0.3461538461538461,0.0125565610859728,2.138009049773756,0.8484162895927602,14.049773755656108,18.902714932126692,221.64027149321268,40.18099547511312,0.0984162895927601,0.8823529411764706,1.0859728506787332,0.2375565610859728,0.0,0.3393665158371041,0.0,0.1357466063348416,0.169683257918552,1.3574660633484164,0.4072398190045249,0.2036199095022624,0.0678733031674208,0.1357466063348416,0.2036199095022624,0.0678733031674208,0.4751131221719457,0.6108597285067874,0.5769230769230769,27.217194570135742,0.6447963800904977,3.5294117647058822,0.3733031674208145,17.273755656108598,0.7805429864253394,0.3054298642533937,2.138009049773756,1.1538461538461535,21.380090497737555,5.1923076923076925,0.0678733031674208,0.0,0.9841628959276018,0.169683257918552,0.0,0.0,0.0,1.6968325791855203,1.2217194570135748,FW,,attack,1
Junior Adamu,at AUT,FW,Freiburg,de Bundesliga,23.0,2001.0,25,19,1545,17.2,2,2,4,2,0,0,5.5,5.5,2.4,7.9,0.46,36,11,30.6,2.1,0.64,0.06,0.18,0.16,198,312,63.5,2376,316,1.9,17,7,8,0,5,0,2,0,14,29,1.69,3,0.17,9,3,3,3,3,27.3,12,21,20,12,0,534,21,80,10,34.5,275,8,4,59,24,350,84,5,1,0,38,3,0,0,0,52,53,32.9,0.116504854368932,0.116504854368932,0.233009708737864,0.116504854368932,0.3203883495145631,0.3203883495145631,0.1398058252427184,0.4601941747572816,0.0267961165048543,2.0970873786407767,0.6407766990291263,11.533980582524272,18.1747572815534,138.40776699029126,18.407766990291265,0.1106796116504854,0.9902912621359222,0.4077669902912621,0.4660194174757281,0.0,0.2912621359223301,0.0,0.116504854368932,0.0,0.8155339805825242,0.5242718446601942,0.174757281553398,0.174757281553398,0.174757281553398,0.174757281553398,0.6990291262135923,1.2233009708737863,1.1650485436893203,0.6990291262135923,31.106796116504853,1.2233009708737863,4.660194174757282,0.5825242718446603,16.019417475728154,0.4660194174757281,0.233009708737864,3.436893203883495,1.3980582524271843,20.388349514563107,4.893203883495145,0.2912621359223301,0.058252427184466,2.2135922330097086,0.174757281553398,0.0,0.0,0.0,3.029126213592233,3.087378640776699,FW,,attack,3
Karim Adeyemi,de GER,"FW,MF",Dortmund,de Bundesliga,22.0,2002.0,25,17,1433,15.9,7,6,13,7,0,0,5.5,5.5,6.0,11.5,0.72,46,18,39.1,2.89,1.13,0.15,0.39,0.12,298,401,74.3,4376,889,4.1,28,10,19,2,26,2,3,2,28,57,3.58,11,0.69,20,14,6,6,8,40.0,7,27,5,20,0,636,9,88,40,42.6,417,68,41,43,31,465,153,4,0,0,27,2,0,0,0,48,9,40.9,0.4396371249127704,0.3768318213538032,0.8164689462665736,0.4396371249127704,0.3454291695743196,0.3454291695743196,0.3768318213538032,0.7222609909281229,0.0452198185624563,2.889043963712492,1.1304954640614098,18.715980460572226,25.18492672714585,274.8360083740405,55.83391486392185,0.2575017445917655,1.7585484996510816,0.628053035589672,1.1933007676203768,0.1256106071179344,1.6329378925331473,0.1256106071179344,0.1884159106769016,0.1256106071179344,1.7585484996510816,1.256106071179344,0.8792742498255408,0.3768318213538032,0.3768318213538032,0.5024424284717376,0.4396371249127704,1.6957431960921143,0.314026517794836,1.256106071179344,39.944173063503136,0.5652477320307049,5.526866713189113,2.512212142358688,26.189811584089323,4.27076064200977,2.575017445917655,2.7006280530355897,1.946964410327983,29.20446615491975,9.609211444521982,0.2512212142358688,0.0,1.6957431960921143,0.1256106071179344,0.0,0.0,0.0,3.0146545708304258,0.5652477320307049,FW,MF,attack,2
Simon Adingra,ci CIV,"FW,MF",Brighton,eng Premier League,22.0,2002.0,29,12,1097,12.2,2,2,4,2,0,0,2.5,2.5,2.5,4.9,0.4,33,8,24.2,2.71,0.66,0.06,0.25,0.07,290,382,75.9,4148,820,2.8,16,5,17,6,41,1,2,0,18,47,3.86,7,0.57,23,14,10,8,5,38.5,8,31,6,12,2,548,10,76,21,42.0,366,50,27,39,12,388,136,0,0,0,13,0,0,0,0,47,7,63.6,0.1640838650865998,0.1640838650865998,0.3281677301731996,0.1640838650865998,0.2051048313582497,0.2051048313582497,0.2051048313582497,0.4020054694621696,0.0328167730173199,2.707383773928897,0.6563354603463992,23.792160437556976,31.340018231540565,340.30993618960804,67.27438468550592,0.2297174111212397,1.3126709206927984,0.4102096627164995,1.3947128532360984,0.4922515952597995,3.3637192342752966,0.0820419325432999,0.1640838650865998,0.0,1.4767547857793983,1.886964448495898,1.1485870556061988,0.820419325432999,0.6563354603463992,0.4102096627164995,0.6563354603463992,2.543299908842297,0.4922515952597995,0.984503190519599,44.95897903372836,0.820419325432999,6.235186873290794,1.722880583409298,30.02734731084777,4.102096627164995,2.2151321786690974,3.1996353691886963,0.984503190519599,31.832269826800363,11.157702825888787,0.0,0.0,1.0665451230628988,0.0,0.0,0.0,0.0,3.855970829535096,0.5742935278030994,FW,MF,attack,0
Oladapo Afolayan,eng ENG,"FW,MF",St. Pauli,de Bundesliga,26.0,1998.0,32,17,1639,18.2,3,1,4,3,0,0,3.1,3.1,3.8,7.0,0.38,38,13,34.2,2.09,0.71,0.08,0.23,0.08,320,461,69.4,5556,1270,3.6,21,23,14,10,53,0,1,4,32,52,2.86,6,0.33,17,8,4,8,5,36.8,8,25,20,31,0,741,13,62,48,49.0,495,53,28,63,45,555,108,3,0,0,21,5,1,0,0,72,19,29.7,0.1647345942647956,0.0549115314215985,0.2196461256863941,0.1647345942647956,0.1702257474069554,0.1702257474069554,0.2086638194020744,0.3843807199511898,0.0208663819402074,2.086638194020744,0.7138499084807809,17.57169005491153,25.314215985356924,305.08846857840143,69.73764490543014,0.1976815131177547,1.1531421598535694,1.2629652226967665,0.7687614399023796,0.5491153142159854,2.9103111653447225,0.0,0.0549115314215985,0.2196461256863941,1.757169005491153,0.9334960341671752,0.4392922513727882,0.2196461256863941,0.4392922513727882,0.2745576571079927,0.4392922513727882,1.3727882855399631,1.0982306284319707,1.7022574740695546,40.68944478340451,0.7138499084807809,3.4045149481391093,2.63575350823673,27.181208053691275,2.9103111653447225,1.537522879804759,3.459426479560708,2.471018913971934,30.47589993898719,5.930445393532642,0.1647345942647956,0.0,1.1531421598535694,0.2745576571079927,0.0549115314215985,0.0,0.0,3.9536302623550954,1.043319097010372,FW,MF,attack,3
Ludovic Ajorque,fr FRA,FW,Brest,fr Ligue 1,30.0,1994.0,31,29,2495,27.7,13,2,15,13,0,1,10.4,9.6,3.1,12.7,0.49,53,25,47.2,1.91,0.9,0.25,0.52,0.18,462,671,68.9,6965,969,1.8,35,29,11,1,7,0,2,12,41,60,2.17,8,0.29,26,19,3,12,11,31.3,6,32,26,16,0,914,32,125,8,47.1,410,10,4,60,11,658,124,5,0,0,61,2,2,0,0,62,133,52.4,0.468937875751503,0.0721442885771543,0.5410821643286573,0.468937875751503,0.3751503006012024,0.3462925851703406,0.1118236472945891,0.4581162324649299,0.0176753507014028,1.911823647294589,0.9018036072144288,16.665330661322646,24.204408817635272,251.24248496993985,34.95390781563126,0.0649298597194388,1.2625250501002003,1.0460921843687374,0.3967935871743486,0.0360721442885771,0.25250501002004,0.0,0.0721442885771543,0.4328657314629258,1.4789579158316637,0.937875751503006,0.685370741482966,0.1082164328657314,0.4328657314629258,0.3967935871743486,0.2164328657314629,1.154308617234469,0.937875751503006,0.5771543086172345,32.96993987975952,1.154308617234469,4.509018036072145,0.2885771543086172,14.789579158316633,0.3607214428857715,0.1442885771543086,2.164328657314629,0.3967935871743486,23.73547094188377,4.472945891783567,0.1803607214428857,0.0,2.2004008016032066,0.0721442885771543,0.0721442885771543,0.0,0.0,2.236472945891784,4.797595190380762,FW,,attack,1
Maghnes Akliouche,fr FRA,"FW,MF",Monaco,fr Ligue 1,22.0,2002.0,32,27,2406,26.7,5,10,15,4,1,1,9.2,8.4,7.3,15.7,0.62,61,17,27.9,2.28,0.64,0.07,0.24,0.14,989,1216,81.3,13887,4098,7.8,49,90,64,3,53,17,8,8,173,119,4.45,19,0.71,51,31,12,24,15,46.3,15,66,13,34,0,1566,22,156,50,48.5,999,127,47,78,47,1149,226,2,0,0,31,8,0,0,0,131,5,17.9,0.1870324189526184,0.3740648379052369,0.5610972568578554,0.1496259351620947,0.3441396508728179,0.314214463840399,0.2730673316708229,0.587281795511222,0.0231920199501246,2.281795511221945,0.6359102244389028,36.99501246882793,45.4862842892768,519.4638403990025,153.29177057356608,0.2917705735660847,1.832917705735661,3.3665835411471323,2.3940149625935163,0.112219451371571,1.9825436408977557,0.6359102244389028,0.2992518703241895,0.2992518703241895,6.471321695760598,1.9077306733167083,1.1596009975062345,0.4488778054862842,0.8977556109725685,0.5610972568578554,0.5610972568578554,2.4688279301745637,0.4862842892768079,1.2718204488778055,58.5785536159601,0.8229426433915212,5.835411471321696,1.8703241895261848,37.36907730673317,4.750623441396509,1.758104738154613,2.917705735660848,1.758104738154613,42.98004987531172,8.453865336658355,0.0748129675810473,0.0,1.1596009975062345,0.2992518703241895,0.0,0.0,0.0,4.900249376558604,0.1870324189526184,FW,MF,attack,0
Alfon,es ESP,"FW,MF",Celta Vigo,es La Liga,25.0,1999.0,26,14,1371,15.2,5,2,7,5,0,0,4.6,4.6,2.6,7.2,0.47,46,19,41.3,3.02,1.25,0.11,0.26,0.1,263,377,69.8,3844,521,2.1,24,8,7,1,40,0,1,3,22,59,3.87,7,0.46,8,3,3,2,3,33.3,5,13,5,27,1,551,2,114,25,39.7,374,89,47,29,20,428,170,1,1,0,15,6,1,0,0,37,3,17.6,0.3282275711159738,0.1312910284463894,0.4595185995623633,0.3282275711159738,0.3019693654266958,0.3019693654266958,0.1706783369803063,0.4726477024070022,0.0308533916849015,3.019693654266958,1.2472647702407005,17.26477024070022,24.74835886214442,252.34135667396063,34.201312910284464,0.1378555798687089,1.575492341356674,0.5251641137855579,0.4595185995623633,0.0656455142231947,2.6258205689277903,0.0,0.0656455142231947,0.1969365426695842,1.4442013129102846,0.5251641137855579,0.1969365426695842,0.1969365426695842,0.1312910284463894,0.1969365426695842,0.3282275711159738,0.8533916849015317,0.3282275711159738,1.7724288840262583,36.17067833698031,0.1312910284463894,7.483588621444201,1.6411378555798688,24.55142231947484,5.842450765864332,3.085339168490153,1.903719912472648,1.3129102844638951,28.09628008752735,11.159737417943107,0.0656455142231947,0.0656455142231947,0.9846827133479212,0.3938730853391685,0.0656455142231947,0.0,0.0,2.428884026258205,0.1969365426695842,FW,MF,attack,2
Mohamed Ali Cho,fr FRA,"FW,MF",Nice,fr Ligue 1,20.0,2004.0,27,21,1621,18.0,3,4,7,3,0,0,4.0,4.0,4.0,7.9,0.44,36,15,41.7,2.0,0.83,0.08,0.2,0.11,338,481,70.3,4959,1248,3.5,30,23,36,5,51,9,9,2,59,59,3.28,11,0.61,13,9,4,5,4,33.3,5,18,8,23,0,720,9,74,20,28.6,460,81,30,68,26,545,133,2,0,0,12,5,0,0,0,69,13,32.5,0.1665638494756323,0.2220851326341764,0.3886489821098087,0.1665638494756323,0.2220851326341764,0.2220851326341764,0.2220851326341764,0.4386181369524984,0.0244293645897594,1.998766193707588,0.8328192473781616,18.76619370758791,26.705737199259715,275.3300431832202,69.29056138186306,0.1943244910549043,1.6656384947563232,1.2769895126465145,1.998766193707588,0.2776064157927205,2.8315854410857497,0.499691548426897,0.499691548426897,0.1110425663170882,3.275755706354102,0.7217766810610734,0.499691548426897,0.2220851326341764,0.2776064157927205,0.2220851326341764,0.2776064157927205,0.999383096853794,0.4441702652683529,1.2769895126465145,39.97532387415176,0.499691548426897,4.108574953732265,1.1104256631708822,25.53979025293029,4.497223935842073,1.6656384947563232,3.775447254781,1.4435533621221468,30.25909932140654,7.384330660086367,0.1110425663170882,0.0,0.6662553979025293,0.2776064157927205,0.0,0.0,0.0,3.830968537939544,0.7217766810610734,FW,MF,attack,0
Jim Allevinah,ga GAB,FW,Angers,fr Ligue 1,29.0,1995.0,28,23,1750,19.4,1,3,4,1,0,0,4.2,4.2,2.5,6.7,0.35,35,10,28.6,1.8,0.51,0.03,0.1,0.12,363,483,75.2,5265,1271,1.7,15,28,13,3,34,2,2,1,48,39,2.0,7,0.36,19,11,6,9,4,17.9,12,31,17,13,0,682,11,65,15,31.3,435,57,8,38,32,483,99,3,0,0,18,3,1,0,0,88,10,29.4,0.0514285714285714,0.1542857142857142,0.2057142857142857,0.0514285714285714,0.216,0.216,0.1285714285714285,0.3445714285714286,0.018,1.8,0.5142857142857142,18.66857142857143,24.840000000000003,270.77142857142854,65.36571428571429,0.0874285714285714,0.7714285714285715,1.44,0.6685714285714286,0.1542857142857142,1.7485714285714284,0.1028571428571428,0.1028571428571428,0.0514285714285714,2.4685714285714284,0.9771428571428572,0.5657142857142857,0.3085714285714285,0.4628571428571428,0.2057142857142857,0.6171428571428571,1.5942857142857143,0.8742857142857142,0.6685714285714286,35.074285714285715,0.5657142857142857,3.342857142857143,0.7714285714285715,22.371428571428574,2.9314285714285715,0.4114285714285715,1.9542857142857144,1.645714285714286,24.840000000000003,5.091428571428572,0.1542857142857142,0.0,0.9257142857142856,0.1542857142857142,0.0514285714285714,0.0,0.0,4.525714285714286,0.5142857142857142,FW,,attack,3
Pontus Almqvist,se SWE,"FW,MF",Parma,it Serie A,25.0,1999.0,29,10,1112,12.4,1,1,2,1,0,0,2.1,2.1,1.3,3.5,0.28,26,9,34.6,2.1,0.73,0.04,0.11,0.08,215,297,72.4,2758,504,0.9,10,4,4,1,11,0,0,0,12,26,2.1,2,0.16,17,13,7,7,3,47.1,19,36,8,11,0,462,11,53,20,40.0,298,42,22,31,13,320,85,5,0,0,15,3,1,0,0,40,9,37.5,0.0809352517985611,0.0809352517985611,0.1618705035971223,0.0809352517985611,0.1699640287769784,0.1699640287769784,0.1052158273381295,0.283273381294964,0.0226618705035971,2.10431654676259,0.7284172661870504,17.401079136690647,24.037769784172664,223.21942446043164,40.79136690647482,0.072841726618705,0.8093525179856115,0.3237410071942446,0.3237410071942446,0.0809352517985611,0.8902877697841726,0.0,0.0,0.0,0.971223021582734,1.3758992805755397,1.052158273381295,0.5665467625899281,0.5665467625899281,0.2428057553956834,1.537769784172662,2.913669064748201,0.6474820143884893,0.8902877697841726,37.39208633093526,0.8902877697841726,4.289568345323741,1.618705035971223,24.118705035971225,3.3992805755395685,1.7805755395683451,2.508992805755396,1.052158273381295,25.899280575539567,6.879496402877698,0.4046762589928057,0.0,1.2140287769784173,0.2428057553956834,0.0809352517985611,0.0,0.0,3.237410071942446,0.7284172661870504,FW,MF,attack,3
Julián Álvarez,ar ARG,FW,Atlético Madrid,es La Liga,24.0,2000.0,37,30,2509,27.9,17,4,21,13,4,4,14.1,11.0,5.3,16.3,0.7,70,36,51.4,2.51,1.29,0.19,0.36,0.16,717,966,74.2,10651,2652,5.3,41,45,38,5,69,50,14,12,92,108,3.87,15,0.54,25,17,5,11,9,26.7,2,27,12,31,1,1238,9,116,34,52.3,776,79,29,62,40,892,162,5,0,0,26,2,0,0,0,75,13,29.5,0.6098047030689517,0.1434834595456357,0.7532881626145875,0.466321243523316,0.5057791948983659,0.3945795137504982,0.1901155838979673,0.5846950976484655,0.0251096054204862,2.510960542048625,1.2913511359107213,25.719410123555203,34.651255480271026,382.06058190514153,95.12953367875647,0.1901155838979673,1.470705460342766,1.614188919888402,1.3630928656835393,0.1793543244320446,2.475089677162216,1.7935432443204464,0.502192108409725,0.4304503786369071,3.3001195695496213,0.8967716221602232,0.6098047030689517,0.1793543244320446,0.3945795137504982,0.3228377839776803,0.0717417297728178,0.968513351933041,0.4304503786369071,1.111996811478677,44.40813072937426,0.3228377839776803,4.161020326823436,1.2196094061379037,27.83579115185333,2.833798326026305,1.040255081705859,2.2239936229573534,1.434834595456357,31.996811478676765,5.811080111598246,0.1793543244320446,0.0,0.932642487046632,0.0717417297728178,0.0,0.0,0.0,2.6903148664806698,0.466321243523316,FW,,attack,4
Mohamed Amoura,dz ALG,FW,Wolfsburg,de Bundesliga,24.0,2000.0,31,29,2467,27.4,10,9,19,8,2,2,8.7,7.2,4.0,11.2,0.46,73,25,34.2,2.66,0.91,0.11,0.32,0.1,532,757,70.3,8149,1608,3.7,35,29,26,5,35,0,9,14,61,80,2.92,13,0.47,29,22,14,5,10,37.8,9,38,24,42,0,1106,17,127,37,40.7,628,81,35,86,18,733,244,6,0,0,30,4,1,0,0,92,19,29.7,0.3648155654641264,0.3283340089177138,0.6931495743818403,0.2918524523713012,0.31738954195379,0.2626672071341711,0.1459262261856506,0.4085934333198216,0.0167815160113498,2.663153627888123,0.9120389136603162,19.408188082691527,27.61653830563437,297.28820429671663,58.66234292663154,0.1349817592217267,1.2768544791244427,1.0579651398459666,0.9485204702067288,0.1824077827320632,1.2768544791244427,0.0,0.3283340089177138,0.5107417916497771,2.2253749493311714,1.0579651398459666,0.8025942440210783,0.5107417916497771,0.1824077827320632,0.3648155654641264,0.3283340089177138,1.3862991487636809,0.8755573571139036,1.5322253749493313,40.34860154033239,0.620186461289015,4.633157681394406,1.349817592217268,22.910417511147145,2.9550060802594245,1.2768544791244427,3.137413862991488,0.6566680178354276,26.740980948520477,8.901499797324686,0.2188893392784759,0.0,1.0944466963923791,0.1459262261856506,0.0364815565464126,0.0,0.0,3.3563032022699635,0.6931495743818403,FW,,attack,0
Marcos André,br BRA,FW,Valladolid,es La Liga,27.0,1996.0,22,14,1188,13.2,1,2,3,1,0,0,2.7,2.7,0.8,3.5,0.27,22,2,9.1,1.67,0.15,0.05,0.5,0.12,138,210,65.7,2358,395,0.3,9,13,3,0,1,0,3,6,16,19,1.44,1,0.08,10,6,3,5,2,38.5,3,13,10,5,0,372,13,32,17,41.5,195,11,5,40,23,255,39,5,0,0,12,1,0,0,0,44,47,51.6,0.0757575757575757,0.1515151515151515,0.2272727272727273,0.0757575757575757,0.2045454545454545,0.2045454545454545,0.0606060606060606,0.2651515151515151,0.0204545454545454,1.6666666666666663,0.1515151515151515,10.454545454545457,15.909090909090908,178.63636363636363,29.924242424242426,0.0227272727272727,0.6818181818181819,0.9848484848484848,0.2272727272727273,0.0,0.0757575757575757,0.0,0.2272727272727273,0.4545454545454546,1.2121212121212122,0.7575757575757576,0.4545454545454546,0.2272727272727273,0.3787878787878788,0.1515151515151515,0.2272727272727273,0.9848484848484848,0.7575757575757576,0.3787878787878788,28.181818181818183,0.9848484848484848,2.4242424242424243,1.2878787878787878,14.772727272727272,0.8333333333333333,0.3787878787878788,3.0303030303030303,1.7424242424242422,19.318181818181817,2.954545454545455,0.3787878787878788,0.0,0.9090909090909092,0.0757575757575757,0.0,0.0,0.0,3.333333333333333,3.560606060606061,FW,,attack,3
Antoniu,es ESP,"FW,MF",Espanyol,es La Liga,21.0,2002.0,26,13,1022,11.4,0,1,1,0,0,0,0.9,0.9,1.1,1.9,0.17,10,4,40.0,0.88,0.35,0.0,0.0,0.09,148,221,67.0,2071,636,1.1,7,10,7,3,20,0,4,0,28,24,2.11,1,0.09,21,10,9,8,4,42.9,8,29,11,15,1,369,10,20,29,53.7,215,35,5,27,12,225,63,3,0,0,19,5,0,0,0,39,6,25.0,0.0,0.0880626223091976,0.0880626223091976,0.0,0.0792563600782779,0.0792563600782779,0.0968688845401174,0.1673189823874755,0.0149706457925636,0.8806262230919765,0.3522504892367906,13.033268101761252,19.46183953033268,182.37769080234835,56.007827788649706,0.0968688845401174,0.6164383561643836,0.8806262230919765,0.6164383561643836,0.2641878669275929,1.761252446183953,0.0,0.3522504892367906,0.0,2.4657534246575343,1.8493150684931503,0.8806262230919765,0.7925636007827788,0.7045009784735812,0.3522504892367906,0.7045009784735812,2.553816046966732,0.9686888454011742,1.3209393346379648,32.495107632093934,0.8806262230919765,1.761252446183953,2.553816046966732,18.933463796477493,3.0821917808219177,0.4403131115459882,2.3776908023483365,1.0567514677103718,19.81409001956947,5.547945205479452,0.2641878669275929,0.0,1.6731898238747551,0.4403131115459882,0.0,0.0,0.0,3.434442270058708,0.5283757338551859,FW,MF,attack,3
Antony,br BRA,FW,Betis,es La Liga,24.0,2000.0,17,15,1362,15.1,5,2,7,5,0,0,2.9,2.9,3.5,6.3,0.42,43,17,39.5,2.84,1.12,0.12,0.29,0.07,622,768,81.0,8403,2211,2.9,36,34,43,7,40,14,7,5,67,77,5.09,9,0.6,25,11,6,9,10,36.4,10,35,9,18,1,982,9,63,24,38.1,663,94,30,53,20,751,157,2,1,0,15,3,1,0,0,73,5,26.3,0.3303964757709251,0.13215859030837,0.4625550660792951,0.3303964757709251,0.1916299559471365,0.1916299559471365,0.2312775330396475,0.4162995594713656,0.0277533039647577,2.841409691629956,1.1233480176211454,41.10132158590309,50.7488986784141,555.2643171806167,146.1013215859031,0.1916299559471365,2.378854625550661,2.246696035242291,2.841409691629956,0.4625550660792951,2.643171806167401,0.9251101321585904,0.4625550660792951,0.3303964757709251,4.427312775330397,1.6519823788546255,0.7268722466960352,0.3964757709251101,0.5947136563876653,0.6607929515418502,0.6607929515418502,2.312775330396476,0.5947136563876653,1.1894273127753303,64.8898678414097,0.5947136563876653,4.1629955947136565,1.5859030837004406,43.81057268722467,6.211453744493392,1.9823788546255507,3.502202643171806,1.3215859030837005,49.62555066079295,10.374449339207048,0.13215859030837,0.066079295154185,0.9911894273127754,0.198237885462555,0.066079295154185,0.0,0.0,4.823788546255507,0.3303964757709251,FW,,attack,0
Cameron Archer,eng ENG,FW,Southampton,eng Premier League,23.0,2001.0,35,13,1441,16.0,2,0,2,2,0,1,5.7,4.9,0.5,5.4,0.39,28,10,35.7,1.75,0.62,0.07,0.2,0.18,205,251,81.7,2612,367,0.7,5,7,7,0,3,0,2,0,14,20,1.25,0,0.0,13,8,8,3,2,22.2,2,15,11,8,0,398,16,52,15,40.5,226,22,14,40,26,274,66,0,0,0,16,1,0,0,0,35,9,23.1,0.124913254684247,0.0,0.124913254684247,0.124913254684247,0.3560027758501041,0.3060374739764053,0.0312283136710617,0.337265787647467,0.0243580846634281,1.7487855655794586,0.6245662734212353,12.803608605135324,15.676613462873004,163.13671061762665,22.92158223455933,0.0437196391394864,0.3122831367106176,0.4371963913948646,0.4371963913948646,0.0,0.1873698820263705,0.0,0.124913254684247,0.0,0.8743927827897293,0.8119361554476059,0.4996530187369882,0.4996530187369882,0.1873698820263705,0.124913254684247,0.124913254684247,0.936849410131853,0.6870229007633587,0.4996530187369882,24.85773768216516,0.9993060374739764,3.247744621790424,0.936849410131853,14.115197779319915,1.3740458015267174,0.8743927827897293,2.498265093684941,1.6238723108952118,17.113115891741845,4.122137404580153,0.0,0.0,0.9993060374739764,0.0624566273421235,0.0,0.0,0.0,2.185981956974324,0.5621096460791117,FW,,attack,1
Adam Armstrong,eng ENG,"FW,MF",Southampton,eng Premier League,27.0,1997.0,20,15,1248,13.9,2,2,4,2,0,1,3.3,2.3,1.2,3.5,0.32,25,7,28.0,1.8,0.5,0.08,0.29,0.09,231,288,80.2,3320,446,0.6,9,10,8,2,14,0,0,1,21,19,1.37,4,0.29,12,3,2,7,3,21.4,3,15,8,12,0,377,11,49,6,42.9,235,25,6,11,18,286,79,4,0,0,12,0,0,0,0,23,5,35.7,0.1442307692307692,0.1442307692307692,0.2884615384615384,0.1442307692307692,0.2379807692307692,0.1658653846153846,0.0865384615384615,0.2524038461538461,0.023076923076923,1.802884615384616,0.5048076923076923,16.658653846153847,20.76923076923077,239.4230769230769,32.16346153846154,0.0432692307692307,0.6490384615384616,0.721153846153846,0.5769230769230769,0.1442307692307692,1.0096153846153846,0.0,0.0,0.0721153846153846,1.5144230769230769,0.8653846153846154,0.2163461538461538,0.1442307692307692,0.5048076923076923,0.2163461538461538,0.2163461538461538,1.0817307692307694,0.5769230769230769,0.8653846153846154,27.1875,0.7932692307692307,3.5336538461538463,0.4326923076923077,16.947115384615383,1.802884615384616,0.4326923076923077,0.7932692307692307,1.2980769230769231,20.625,5.697115384615384,0.2884615384615384,0.0,0.8653846153846154,0.0,0.0,0.0,0.0,1.6586538461538465,0.360576923076923,FW,MF,attack,3
Takuma Asano,jp JPN,"FW,MF",Mallorca,es La Liga,29.0,1994.0,21,13,1054,11.7,2,1,3,2,0,0,2.7,2.7,0.7,3.4,0.29,28,8,28.6,2.39,0.68,0.07,0.25,0.1,148,219,67.6,2071,485,0.6,6,8,3,2,20,0,0,3,20,22,1.88,2,0.17,13,9,5,7,1,54.5,6,19,9,13,0,356,8,53,6,24.0,207,28,12,27,12,226,76,0,0,0,5,2,0,0,0,42,5,16.1,0.1707779886148007,0.0853889943074003,0.2561669829222011,0.1707779886148007,0.230550284629981,0.230550284629981,0.0597722960151802,0.2903225806451613,0.0247628083491461,2.390891840607211,0.683111954459203,12.637571157495255,18.70018975332069,176.8406072106262,41.413662239089184,0.0512333965844402,0.5123339658444023,0.683111954459203,0.2561669829222011,0.1707779886148007,1.7077798861480076,0.0,0.0,0.2561669829222011,1.7077798861480076,1.110056925996205,0.7685009487666035,0.4269449715370019,0.5977229601518027,0.0853889943074003,0.5123339658444023,1.6223908918406074,0.7685009487666035,1.110056925996205,30.39848197343453,0.683111954459203,4.52561669829222,0.5123339658444023,17.67552182163188,2.390891840607211,1.0246679316888043,2.30550284629981,1.0246679316888043,19.297912713472485,6.4895635673624295,0.0,0.0,0.4269449715370019,0.1707779886148007,0.0,0.0,0.0,3.586337760910816,0.4269449715370019,FW,MF,attack,3
Iago Aspas,es ESP,"FW,MF",Celta Vigo,es La Liga,36.0,1987.0,30,19,1745,19.4,10,5,15,5,5,6,8.7,4.0,4.6,8.6,0.69,46,18,39.1,2.37,0.93,0.11,0.28,0.09,661,877,75.4,10703,3064,3.9,38,74,35,4,15,4,20,8,132,74,3.82,13,0.67,13,8,4,5,4,40.0,8,21,5,27,0,1038,4,67,15,55.6,724,50,15,35,20,876,143,6,1,1,16,2,1,0,0,55,7,46.7,0.5157593123209169,0.2578796561604584,0.7736389684813754,0.2578796561604584,0.4487106017191977,0.2063037249283667,0.2372492836676217,0.4435530085959885,0.0355873925501432,2.372492836676218,0.9283667621776504,34.09169054441261,45.23209169054441,552.0171919770773,158.02865329512895,0.2011461318051575,1.9598853868194843,3.816618911174785,1.8051575931232091,0.2063037249283667,0.7736389684813754,0.2063037249283667,1.0315186246418335,0.4126074498567335,6.808022922636103,0.670487106017192,0.4126074498567335,0.2063037249283667,0.2578796561604584,0.2063037249283667,0.4126074498567335,1.0830945558739256,0.2578796561604584,1.3925501432664755,53.53581661891117,0.2063037249283667,3.455587392550143,0.7736389684813754,37.34097421203439,2.5787965616045847,0.7736389684813754,1.8051575931232091,1.0315186246418335,45.18051575931232,7.375358166189112,0.3094555873925501,0.0515759312320916,0.825214899713467,0.1031518624641833,0.0515759312320916,0.0,0.0,2.836676217765043,0.3610315186246418,FW,MF,attack,0
Yaser Asprilla,co COL,"FW,MF",Girona,es La Liga,20.0,2003.0,27,15,1405,15.6,3,1,4,3,0,0,2.1,2.1,2.8,4.9,0.31,38,11,28.9,2.43,0.7,0.08,0.27,0.05,471,653,72.1,8613,2194,3.4,24,35,38,9,93,24,6,10,77,61,3.91,7,0.45,22,12,6,8,8,34.8,7,29,7,24,1,831,11,48,29,45.3,534,72,29,45,17,607,140,2,0,0,12,1,0,1,0,62,4,57.1,0.1921708185053381,0.0640569395017793,0.2562277580071174,0.1921708185053381,0.1345195729537366,0.1345195729537366,0.1793594306049822,0.3138790035587189,0.0198576512455516,2.434163701067616,0.704626334519573,30.17081850533808,41.82918149466192,551.7224199288256,140.5409252669039,0.2177935943060498,1.5373665480427048,2.2419928825622777,2.434163701067616,0.5765124555160143,5.957295373665481,1.5373665480427048,0.3843416370106762,0.6405693950177935,4.932384341637011,1.409252669039146,0.7686832740213524,0.3843416370106762,0.5124555160142349,0.5124555160142349,0.4483985765124555,1.8576512455516012,0.4483985765124555,1.5373665480427048,53.23131672597865,0.704626334519573,3.0747330960854096,1.8576512455516012,34.20640569395018,4.612099644128114,1.8576512455516012,2.8825622775800714,1.0889679715302492,38.88256227758007,8.96797153024911,0.1281138790035587,0.0,0.7686832740213524,0.0640569395017793,0.0,0.0640569395017793,0.0,3.97153024911032,0.2562277580071174,FW,MF,attack,0
André Ayew,gh GHA,FW,Le Havre,fr Ligue 1,34.0,1989.0,27,15,1453,16.1,4,1,5,4,0,0,4.3,4.3,0.2,4.6,0.28,22,9,40.9,1.36,0.56,0.18,0.44,0.21,181,238,76.1,2231,272,0.3,8,7,3,0,7,0,0,0,18,20,1.24,1,0.06,18,10,3,7,8,53.8,3,21,21,10,1,378,21,40,5,38.5,159,5,3,26,26,226,43,2,0,0,19,2,0,0,0,26,37,37.0,0.2477632484514796,0.0619408121128699,0.3097040605643496,0.2477632484514796,0.2663454920853406,0.2663454920853406,0.0123881624225739,0.2849277357192016,0.0173434273916035,1.3626978664831384,0.5574673090158293,11.211286992429455,14.741913282863042,138.1899518238128,16.84790089470062,0.0185822436338609,0.4955264969029593,0.4335856847900894,0.1858224363386098,0.0,0.4335856847900894,0.0,0.0,0.0,1.1149346180316586,1.1149346180316586,0.6194081211286993,0.1858224363386098,0.4335856847900894,0.4955264969029593,0.1858224363386098,1.3007570543702685,1.3007570543702685,0.6194081211286993,23.413626978664837,1.3007570543702685,2.477632484514797,0.3097040605643496,9.84858912594632,0.3097040605643496,0.1858224363386098,1.6104611149346182,1.6104611149346182,13.998623537508603,2.663454920853407,0.1238816242257398,0.0,1.1768754301445286,0.1238816242257398,0.0,0.0,0.0,1.6104611149346182,2.2918100481761874,FW,,attack,1
Jordan Ayew,gh GHA,"FW,MF",Leicester City,eng Premier League,32.0,1991.0,30,19,1638,18.2,5,0,5,4,1,1,3.2,2.4,1.1,3.5,0.24,31,8,25.8,1.7,0.44,0.13,0.5,0.08,401,540,74.3,5942,1216,1.5,16,25,14,7,60,28,3,2,46,41,2.25,2,0.11,27,15,8,14,5,30.4,12,39,19,11,0,798,21,55,26,40.6,479,49,11,63,40,540,86,5,0,0,30,1,0,0,0,93,37,31.6,0.2747252747252747,0.0,0.2747252747252747,0.2197802197802197,0.1758241758241758,0.1318681318681318,0.0604395604395604,0.1923076923076923,0.0131868131868131,1.7032967032967032,0.4395604395604395,22.032967032967036,29.67032967032967,326.4835164835165,66.81318681318682,0.0824175824175824,0.8791208791208791,1.3736263736263736,0.7692307692307693,0.3846153846153846,3.296703296703297,1.5384615384615383,0.1648351648351648,0.1098901098901098,2.527472527472528,1.4835164835164836,0.8241758241758242,0.4395604395604395,0.7692307692307693,0.2747252747252747,0.6593406593406593,2.142857142857143,1.043956043956044,0.6043956043956045,43.84615384615385,1.1538461538461535,3.021978021978022,1.4285714285714284,26.31868131868132,2.6923076923076925,0.6043956043956045,3.4615384615384617,2.197802197802198,29.67032967032967,4.725274725274725,0.2747252747252747,0.0,1.6483516483516485,0.0549450549450549,0.0,0.0,0.0,5.1098901098901095,2.032967032967033,FW,MF,attack,3
Leon Bailey,jm JAM,"FW,MF",Aston Villa,eng Premier League,26.0,1997.0,24,14,1139,12.7,1,2,3,1,0,0,1.7,1.7,1.5,3.3,0.26,28,6,21.4,2.21,0.47,0.04,0.17,0.06,277,390,71.0,4313,1055,3.0,16,16,20,2,34,17,5,1,35,38,3.01,4,0.32,7,5,2,3,2,27.3,3,10,12,24,0,545,18,70,22,38.6,348,58,34,35,25,390,121,3,0,0,12,3,1,0,0,59,6,40.0,0.0790166812993854,0.1580333625987708,0.2370500438981562,0.0790166812993854,0.1343283582089552,0.1343283582089552,0.1185250219490781,0.2607550482879719,0.0205443371378402,2.212467076382792,0.4741000877963125,21.88762071992976,30.81650570676032,340.79894644424934,83.36259877085163,0.2370500438981562,1.2642669007901668,1.2642669007901668,1.5803336259877083,0.1580333625987708,2.686567164179104,1.343283582089552,0.3950834064969271,0.0790166812993854,2.76558384547849,0.553116769095698,0.3950834064969271,0.1580333625987708,0.2370500438981562,0.1580333625987708,0.2370500438981562,0.7901668129938543,0.948200175592625,1.89640035118525,43.064091308165054,1.4223002633889377,5.53116769095698,1.7383669885864794,27.49780509218613,4.582967515364355,2.686567164179104,2.76558384547849,1.975417032484636,30.81650570676032,9.561018437225636,0.2370500438981562,0.0,0.948200175592625,0.2370500438981562,0.0790166812993854,0.0,0.0,4.66198419666374,0.4741000877963125,FW,MF,attack,3
Theo Bair,ca CAN,FW,Auxerre,fr Ligue 1,24.0,1999.0,29,11,939,10.4,2,1,3,2,0,0,3.0,3.0,1.2,4.2,0.4,26,13,50.0,2.49,1.25,0.08,0.15,0.12,132,213,62.0,1538,359,0.9,10,10,0,0,7,0,0,1,16,17,1.63,2,0.19,4,3,1,2,1,0.0,3,7,10,5,0,306,11,50,2,25.0,143,15,9,18,7,218,42,1,0,0,20,0,0,0,0,15,55,54.5,0.1916932907348243,0.0958466453674121,0.2875399361022364,0.1916932907348243,0.2875399361022364,0.2875399361022364,0.1150159744408945,0.402555910543131,0.0383386581469648,2.492012779552716,1.2460063897763578,12.651757188498404,20.415335463258785,147.4121405750799,34.40894568690096,0.0862619808306709,0.9584664536741214,0.9584664536741214,0.0,0.0,0.670926517571885,0.0,0.0,0.0958466453674121,1.5335463258785944,0.3833865814696486,0.2875399361022364,0.0958466453674121,0.1916932907348243,0.0958466453674121,0.2875399361022364,0.670926517571885,0.9584664536741214,0.4792332268370607,29.329073482428115,1.0543130990415337,4.792332268370608,0.1916932907348243,13.706070287539935,1.437699680511182,0.8626198083067093,1.7252396166134183,0.670926517571885,20.89456869009585,4.025559105431309,0.0958466453674121,0.0,1.9169329073482428,0.0,0.0,0.0,0.0,1.437699680511182,5.271565495207668,FW,,attack,1
Mitchel Bakker,nl NED,"FW,DF",Lille,fr Ligue 1,24.0,2000.0,24,14,1139,12.7,3,2,5,3,0,0,3.0,3.0,2.7,5.6,0.44,23,10,43.5,1.82,0.79,0.13,0.3,0.13,499,641,77.8,8228,2642,2.3,23,42,27,11,68,22,2,1,57,40,3.13,4,0.31,23,13,6,11,6,52.6,12,35,15,14,0,758,12,32,11,52.4,439,43,7,18,11,547,120,3,1,0,18,1,0,0,0,46,3,23.1,0.2370500438981562,0.1580333625987708,0.3950834064969271,0.2370500438981562,0.2370500438981562,0.2370500438981562,0.2133450395083407,0.4424934152765584,0.0347673397717295,1.8173836698858647,0.7901668129938543,39.42932396839333,50.64969271290605,650.1492537313434,208.76207199297627,0.1817383669885864,1.8173836698858647,3.318700614574188,2.1334503950834067,0.8691834942932397,5.3731343283582085,1.7383669885864794,0.1580333625987708,0.0790166812993854,4.50395083406497,1.8173836698858647,1.0272168568920104,0.4741000877963125,0.8691834942932397,0.4741000877963125,0.948200175592625,2.76558384547849,1.1852502194907817,1.106233538191396,59.89464442493416,0.948200175592625,2.5285338015803336,0.8691834942932397,34.6883230904302,3.3977172958735733,0.553116769095698,1.4223002633889377,0.8691834942932397,43.22212467076383,9.482001755926252,0.2370500438981562,0.0790166812993854,1.4223002633889377,0.0790166812993854,0.0,0.0,0.0,3.6347673397717295,0.2370500438981562,FW,DF,attack,0
Ridle Baku,de GER,"FW,MF",Wolfsburg,de Bundesliga,26.0,1998.0,15,14,1170,13.0,2,1,3,2,0,0,1.5,1.5,1.3,2.7,0.21,18,6,33.3,1.38,0.46,0.11,0.33,0.08,381,514,74.1,6541,1845,1.6,13,33,14,6,37,0,3,2,44,31,2.38,4,0.31,23,15,9,9,5,42.1,15,38,15,22,0,646,15,34,9,45.0,352,16,8,15,10,391,78,2,0,0,13,1,0,0,0,68,5,23.8,0.1538461538461538,0.0769230769230769,0.2307692307692307,0.1538461538461538,0.1153846153846153,0.1153846153846153,0.1,0.2076923076923077,0.0161538461538461,1.3846153846153846,0.4615384615384615,29.30769230769231,39.53846153846154,503.1538461538461,141.9230769230769,0.123076923076923,1.0,2.5384615384615383,1.076923076923077,0.4615384615384615,2.846153846153846,0.0,0.2307692307692307,0.1538461538461538,3.3846153846153846,1.7692307692307692,1.1538461538461535,0.6923076923076923,0.6923076923076923,0.3846153846153846,1.1538461538461535,2.923076923076924,1.1538461538461535,1.6923076923076923,49.69230769230769,1.1538461538461535,2.6153846153846154,0.6923076923076923,27.07692307692308,1.2307692307692308,0.6153846153846154,1.1538461538461535,0.7692307692307693,30.07692307692308,6.0,0.1538461538461538,0.0,1.0,0.0769230769230769,0.0,0.0,0.0,5.230769230769231,0.3846153846153846,FW,MF,attack,3
Bradley Barcola,fr FRA,FW,Paris S-G,fr Ligue 1,21.0,2002.0,34,27,2181,24.2,14,10,24,14,0,0,13.4,13.4,10.1,23.5,0.97,74,38,51.4,3.05,1.57,0.19,0.37,0.18,749,917,81.7,10250,2486,5.9,50,28,51,4,25,2,6,2,96,101,4.17,20,0.83,27,17,10,8,9,25.8,19,46,12,22,0,1278,13,214,34,24.8,855,137,95,64,20,1019,374,2,0,0,30,2,0,0,0,67,14,66.7,0.5777166437414031,0.4126547455295736,0.9903713892709768,0.5777166437414031,0.5529573590096286,0.5529573590096286,0.4167812929848692,0.969738651994498,0.0400275103163686,3.0536451169188448,1.5680880330123796,30.90784044016506,37.8404401650619,422.97111416781297,102.585969738652,0.2434662998624484,2.063273727647868,1.1554332874828062,2.1045392022008254,0.1650618982118294,1.031636863823934,0.0825309491059147,0.2475928473177441,0.0825309491059147,3.9614855570839063,1.114167812929849,0.7015130674002751,0.4126547455295736,0.3301237964236588,0.3713892709766161,0.7840440165061898,1.8982118294360384,0.4951856946354883,0.907840440165062,52.73727647867951,0.5364511691884457,8.830811554332875,1.4030261348005502,35.28198074277854,5.653370013755158,3.920220082530949,2.640990371389271,0.8253094910591472,42.04951856946354,15.433287482806051,0.0825309491059147,0.0,1.237964236588721,0.0825309491059147,0.0,0.0,0.0,2.7647867950481437,0.5777166437414031,FW,,attack,2
Harvey Barnes,eng ENG,FW,Newcastle Utd,eng Premier League,26.0,1997.0,33,17,1755,19.5,9,4,13,9,0,0,7.2,7.2,4.0,11.2,0.57,63,20,31.7,3.23,1.03,0.14,0.45,0.11,474,607,78.1,6642,1989,4.6,26,25,41,9,47,2,5,1,83,64,3.27,9,0.46,16,9,4,6,6,27.3,6,22,15,17,1,810,17,128,24,37.5,561,93,47,33,23,647,192,0,0,0,15,6,0,0,0,55,6,28.6,0.4615384615384615,0.2051282051282051,0.6666666666666667,0.4615384615384615,0.3692307692307692,0.3692307692307692,0.2051282051282051,0.5743589743589743,0.0292307692307692,3.2307692307692304,1.0256410256410258,24.307692307692307,31.128205128205124,340.6153846153846,102.0,0.2358974358974359,1.3333333333333337,1.2820512820512822,2.102564102564102,0.4615384615384615,2.41025641025641,0.1025641025641025,0.2564102564102564,0.0512820512820512,4.256410256410256,0.8205128205128205,0.4615384615384615,0.2051282051282051,0.3076923076923077,0.3076923076923077,0.3076923076923077,1.1282051282051282,0.7692307692307693,0.8717948717948718,41.53846153846154,0.8717948717948718,6.564102564102564,1.2307692307692308,28.769230769230766,4.769230769230769,2.41025641025641,1.6923076923076923,1.1794871794871795,33.179487179487175,9.846153846153848,0.0,0.0,0.7692307692307693,0.3076923076923077,0.0,0.0,0.0,2.8205128205128207,0.3076923076923077,FW,,attack,0
Thierno Barry,fr FRA,FW,Villarreal,es La Liga,21.0,2002.0,35,25,2323,25.8,11,4,15,10,1,1,12.5,11.7,2.9,14.6,0.6,71,24,33.8,2.75,0.93,0.14,0.42,0.17,209,337,62.0,2946,546,2.0,23,14,12,1,5,0,4,1,27,46,1.78,6,0.23,11,8,2,5,4,40.0,0,11,19,8,0,624,22,126,18,36.0,347,44,25,86,27,485,124,4,0,0,47,3,1,1,0,36,99,67.3,0.4261730520878174,0.1549720189410245,0.581145071028842,0.3874300473525613,0.4842875591907017,0.4532931554024967,0.1123547137322427,0.5656478691347395,0.0232458028411536,2.7507533362031853,0.9298321136461472,8.097287989668533,13.056392595781318,114.13689195006458,21.15368058544985,0.0774860094705122,0.8910891089108911,0.5424020662935859,0.4649160568230736,0.0387430047352561,0.1937150236762806,0.0,0.1549720189410245,0.0387430047352561,1.0460611278519156,0.4261730520878174,0.309944037882049,0.0774860094705122,0.1937150236762806,0.1549720189410245,0.0,0.4261730520878174,0.7361170899698666,0.309944037882049,24.175634954799825,0.8523461041756349,4.881618596642273,0.6973740852346104,13.44382264313388,1.70469220835127,0.9685751183814034,3.3318984072320275,1.0460611278519156,18.790357296599225,4.804132587171761,0.1549720189410245,0.0,1.820921222557038,0.1162290142057684,0.0387430047352561,0.0387430047352561,0.0,1.3947481704692208,3.835557468790357,FW,,attack,1
Sheraldo Becker,sr SUR,"FW,MF",Real Sociedad,es La Liga,29.0,1995.0,22,11,995,11.1,2,1,3,2,0,0,2.0,2.0,2.0,4.0,0.36,22,13,59.1,1.99,1.18,0.09,0.15,0.09,200,313,63.9,3391,742,1.7,8,6,17,5,64,2,0,1,23,21,1.9,1,0.09,3,2,0,3,0,0.0,1,4,10,14,0,384,10,36,4,36.4,242,51,14,17,4,300,110,1,1,0,8,1,0,0,0,30,7,30.4,0.1809045226130653,0.0904522613065326,0.271356783919598,0.1809045226130653,0.1809045226130653,0.1809045226130653,0.1809045226130653,0.3618090452261306,0.0325628140703517,1.9899497487437188,1.1758793969849246,18.09045226130653,28.31155778894472,306.72361809045225,67.11557788944724,0.1537688442211055,0.7236180904522613,0.542713567839196,1.5376884422110553,0.4522613065326633,5.788944723618091,0.1809045226130653,0.0,0.0904522613065326,2.080402010050251,0.271356783919598,0.1809045226130653,0.0,0.271356783919598,0.0,0.0904522613065326,0.3618090452261306,0.9045226130653268,1.2663316582914574,34.733668341708544,0.9045226130653268,3.256281407035176,0.3618090452261306,21.889447236180903,4.613065326633166,1.2663316582914574,1.5376884422110553,0.3618090452261306,27.1356783919598,9.949748743718594,0.0904522613065326,0.0904522613065326,0.7236180904522613,0.0904522613065326,0.0,0.0,0.0,2.71356783919598,0.6331658291457287,FW,MF,attack,0
Maximilian Beier,de GER,"FW,MF",Dortmund,de Bundesliga,21.0,2002.0,29,17,1591,17.7,8,5,13,8,0,0,7.7,7.7,3.3,11.0,0.62,42,13,31.0,2.38,0.74,0.19,0.62,0.18,291,413,70.5,3569,852,2.5,24,13,14,3,16,0,1,0,33,55,3.11,7,0.4,25,16,8,11,6,38.7,7,32,14,22,1,618,16,88,22,43.1,338,24,9,39,26,423,124,2,0,0,17,3,0,0,0,49,23,53.5,0.4525455688246386,0.2828409805153991,0.7353865493400377,0.4525455688246386,0.4355751099937146,0.4355751099937146,0.1866750471401634,0.6222501571338781,0.0350722815839094,2.3758642363293525,0.7353865493400377,16.46134506599623,23.362664990571968,201.8918918918919,48.19610307982401,0.1414204902576995,1.357636706473916,0.7353865493400377,0.7919547454431175,0.1697045883092394,0.9050911376492772,0.0,0.0565681961030798,0.0,1.866750471401634,1.4142049025769956,0.9050911376492772,0.4525455688246386,0.6222501571338781,0.3394091766184789,0.3959773727215587,1.8101822752985544,0.7919547454431175,1.2445003142677562,34.959145191703335,0.9050911376492772,4.978001257071025,1.2445003142677562,19.12005028284098,1.357636706473916,0.5091137649277184,2.206159648020113,1.470773098680075,23.92834695160277,7.0144563167818985,0.1131363922061596,0.0,0.9616593337523568,0.1697045883092394,0.0,0.0,0.0,2.7718416090509117,1.301068510370836,FW,MF,attack,1
Lucas Beltrán,ar ARG,"FW,MF",Fiorentina,it Serie A,23.0,2001.0,32,20,1864,20.7,5,4,9,3,2,3,5.4,3.1,3.0,6.1,0.39,26,6,23.1,1.26,0.29,0.12,0.5,0.12,459,591,77.7,6934,1421,1.9,29,38,17,3,7,0,4,5,64,63,2.9,9,0.41,23,10,10,7,6,33.3,5,28,14,10,0,791,15,51,15,50.0,468,23,7,41,41,592,94,6,0,0,31,2,1,0,0,59,32,37.6,0.2414163090128755,0.1931330472103004,0.434549356223176,0.1448497854077253,0.2607296137339056,0.1496781115879828,0.1448497854077253,0.2945278969957081,0.0188304721030042,1.255364806866953,0.2896995708154506,22.162017167381972,28.53540772532189,334.7961373390558,68.61051502145922,0.0917381974248927,1.400214592274678,1.834763948497854,0.8208154506437768,0.1448497854077253,0.3379828326180257,0.0,0.1931330472103004,0.2414163090128755,3.0901287553648067,1.1105150214592274,0.482832618025751,0.482832618025751,0.3379828326180257,0.2896995708154506,0.2414163090128755,1.351931330472103,0.6759656652360515,0.482832618025751,38.19206008583691,0.7242489270386265,2.4624463519313307,0.7242489270386265,22.59656652360515,1.1105150214592274,0.3379828326180257,1.9796137339055797,1.9796137339055797,28.583690987124463,4.53862660944206,0.2896995708154506,0.0,1.4967811158798283,0.0965665236051502,0.0482832618025751,0.0,0.0,2.8487124463519318,1.5450643776824031,FW,MF,attack,3
Álex Berenguer,es ESP,"FW,MF",Athletic Club,es La Liga,29.0,1995.0,36,28,2339,26.0,6,7,13,6,0,1,6.8,6.0,5.0,11.0,0.45,51,18,35.3,1.96,0.69,0.12,0.33,0.12,628,954,65.8,10110,2537,4.4,46,49,28,11,178,101,7,3,78,98,3.77,14,0.54,32,16,6,16,10,45.2,10,42,18,28,0,1250,18,86,33,40.2,643,65,27,52,50,809,216,5,0,0,29,2,2,0,0,113,27,35.1,0.2308678922616502,0.2693458743052586,0.500213766566909,0.2308678922616502,0.261650277896537,0.2308678922616502,0.1923899102180419,0.4232578024796922,0.0173150919196237,1.9623770842240276,0.6926036767849508,24.164172723386063,36.7079948696024,389.0123984608807,97.61864044463444,0.1693031209918769,1.7699871740059856,1.8854211201368107,1.0773834972210343,0.4232578024796922,6.849080803762291,3.886276186404446,0.2693458743052586,0.1154339461308251,3.001282599401453,1.231295425395468,0.615647712697734,0.2308678922616502,0.615647712697734,0.3847798204360838,0.3847798204360838,1.6160752458315522,0.6926036767849508,1.0773834972210343,48.09747755451047,0.6926036767849508,3.309106455750321,1.2697734074390763,24.74134245404019,2.5010688328345445,1.0389055151774262,2.000855066267636,1.923899102180419,31.12868747327918,8.31124412141941,0.1923899102180419,0.0,1.115861479264643,0.0769559640872167,0.0769559640872167,0.0,0.0,4.348011970927747,1.0389055151774262,FW,MF,attack,0
Alexander Bernhardsson,se SWE,"FW,MF",Holstein Kiel,de Bundesliga,25.0,1998.0,19,15,1263,14.0,7,2,9,7,0,0,4.1,4.1,1.3,5.5,0.39,27,14,51.9,1.92,1.0,0.26,0.5,0.15,193,319,60.5,3164,1076,1.2,17,16,10,4,34,10,2,4,33,36,2.57,7,0.5,29,15,9,9,11,64.5,5,34,25,13,0,520,23,41,22,41.5,264,25,13,36,18,304,72,3,0,0,21,1,1,0,0,45,19,35.8,0.498812351543943,0.1425178147268408,0.6413301662707839,0.498812351543943,0.2921615201900237,0.2921615201900237,0.0926365795724465,0.3919239904988124,0.0277909738717339,1.9239904988123515,0.997624703087886,13.752969121140142,22.73159144893112,225.46318289786225,76.67458432304038,0.0855106888361045,1.211401425178147,1.1401425178147269,0.7125890736342042,0.2850356294536817,2.422802850356294,0.7125890736342042,0.1425178147268408,0.2850356294536817,2.351543942992874,2.0665083135391926,1.0688836104513064,0.6413301662707839,0.6413301662707839,0.7838479809976248,0.3562945368171021,2.422802850356294,1.7814726840855106,0.9263657957244656,37.05463182897862,1.6389548693586695,2.921615201900237,1.5676959619952495,18.81235154394299,1.7814726840855106,0.9263657957244656,2.5653206650831355,1.2826603325415675,21.66270783847981,5.130641330166271,0.2137767220902613,0.0,1.496437054631829,0.0712589073634204,0.0712589073634204,0.0,0.0,3.2066508313539197,1.3539192399049882,FW,MF,attack,1
Beto,gw GNB,FW,Everton,eng Premier League,26.0,1998.0,30,15,1534,17.0,8,0,8,8,0,0,8.2,8.2,1.2,9.4,0.55,49,23,46.9,2.87,1.35,0.16,0.35,0.17,156,268,58.2,2060,282,0.5,12,7,8,1,4,1,1,2,16,26,1.52,1,0.06,14,6,2,8,4,62.5,4,18,24,13,1,520,29,86,19,50.0,267,15,9,71,37,378,77,2,0,0,33,4,0,0,0,40,99,48.5,0.469361147327249,0.0,0.469361147327249,0.469361147327249,0.4810951760104301,0.4810951760104301,0.0704041720990873,0.5514993481095176,0.0322685788787483,2.8748370273794004,1.349413298565841,9.152542372881356,15.723598435462842,120.86049543676664,16.544980443285528,0.029335071707953,0.7040417209908736,0.4106910039113429,0.469361147327249,0.0586701434159061,0.2346805736636245,0.0586701434159061,0.0586701434159061,0.1173402868318122,0.938722294654498,0.8213820078226858,0.3520208604954368,0.1173402868318122,0.469361147327249,0.2346805736636245,0.2346805736636245,1.0560625814863105,1.4080834419817472,0.7627118644067796,30.508474576271183,1.7014341590612778,5.045632333767927,1.1147327249022163,15.664928292046936,0.8800521512385919,0.5280312907431551,4.165580182529335,2.1707953063885266,22.177314211212515,4.517601043024771,0.1173402868318122,0.0,1.9361147327249024,0.2346805736636245,0.0,0.0,0.0,2.346805736636245,5.808344198174707,FW,,attack,1
Mika Biereth,dk DEN,FW,Monaco,fr Ligue 1,21.0,2003.0,16,16,1228,13.6,13,2,15,12,1,2,11.3,9.7,4.5,14.2,1.16,40,22,55.0,2.93,1.61,0.3,0.55,0.24,149,241,61.8,2062,532,3.2,22,11,16,1,8,0,2,1,24,38,2.78,4,0.29,5,5,0,3,2,42.9,4,9,7,15,0,382,4,98,1,9.1,212,14,5,39,16,286,110,0,0,0,19,2,1,0,0,23,18,38.3,0.9527687296416938,0.1465798045602606,1.0993485342019544,0.8794788273615635,0.8281758957654723,0.7109120521172637,0.3298045602605863,1.04071661237785,0.0850162866449511,2.931596091205212,1.6123778501628665,10.920195439739414,17.6628664495114,151.12377850162866,38.99022801302932,0.2345276872964169,1.6123778501628665,0.8061889250814332,1.1726384364820848,0.0732899022801303,0.5863192182410424,0.0,0.1465798045602606,0.0732899022801303,1.758957654723127,0.3664495114006514,0.3664495114006514,0.0,0.2198697068403908,0.1465798045602606,0.2931596091205212,0.6596091205211726,0.5130293159609121,1.0993485342019544,27.996742671009773,0.2931596091205212,7.182410423452768,0.0732899022801303,15.53745928338762,1.026058631921824,0.3664495114006514,2.8583061889250816,1.1726384364820848,20.960912052117266,8.061889250814332,0.0,0.0,1.3925081433224755,0.1465798045602606,0.0732899022801303,0.0,0.0,1.6856677524429968,1.3192182410423452,FW,,attack,4
Myron Boadu,nl NED,FW,Bochum,de Bundesliga,23.0,2001.0,19,11,1042,11.6,9,1,10,8,1,1,7.7,6.9,1.1,8.0,0.76,27,13,48.1,2.33,1.12,0.3,0.62,0.26,139,195,71.3,2358,375,1.6,11,7,5,1,3,0,0,0,18,30,2.59,3,0.26,2,1,0,0,2,20.0,1,3,4,11,0,287,7,46,11,47.8,179,12,7,30,15,209,70,2,0,0,11,3,0,0,0,20,19,48.7,0.7773512476007678,0.0863723608445297,0.8637236084452974,0.690978886756238,0.6650671785028791,0.5959692898272553,0.0950095969289827,0.690978886756238,0.0656429942418426,2.332053742802304,1.1228406909788866,12.005758157389636,16.842610364683303,203.6660268714012,32.38963531669866,0.1381957773512476,0.9500959692898272,0.6046065259117083,0.4318618042226487,0.0863723608445297,0.2591170825335893,0.0,0.0,0.0,1.5547024952015356,0.1727447216890595,0.0863723608445297,0.0,0.0,0.1727447216890595,0.0863723608445297,0.2591170825335893,0.345489443378119,0.9500959692898272,24.78886756238004,0.6046065259117083,3.973128598848368,0.9500959692898272,15.460652591170824,1.0364683301343571,0.6046065259117083,2.5911708253358925,1.2955854126679462,18.05182341650672,6.046065259117083,0.1727447216890595,0.0,0.9500959692898272,0.2591170825335893,0.0,0.0,0.0,1.7274472168905948,1.6410748560460653,FW,,attack,4
Victor Boniface,ng NGA,FW,Leverkusen,de Bundesliga,23.0,2000.0,19,12,1008,11.2,8,1,9,8,0,1,7.8,7.1,1.1,8.1,0.8,50,17,34.0,4.46,1.52,0.16,0.47,0.14,172,245,70.2,2453,503,1.0,10,10,8,2,6,0,1,2,23,32,2.86,3,0.27,5,4,0,3,2,75.0,0,5,5,7,0,400,5,77,15,42.9,207,26,15,43,29,319,61,2,0,0,14,0,0,0,0,28,32,59.3,0.7142857142857142,0.0892857142857142,0.8035714285714285,0.7142857142857142,0.6964285714285714,0.6339285714285714,0.0982142857142857,0.7232142857142856,0.0714285714285714,4.464285714285714,1.5178571428571428,15.357142857142858,21.875,219.01785714285717,44.910714285714285,0.0892857142857142,0.8928571428571428,0.8928571428571428,0.7142857142857142,0.1785714285714285,0.5357142857142857,0.0,0.0892857142857142,0.1785714285714285,2.0535714285714284,0.4464285714285714,0.3571428571428571,0.0,0.2678571428571428,0.1785714285714285,0.0,0.4464285714285714,0.4464285714285714,0.625,35.714285714285715,0.4464285714285714,6.875000000000001,1.3392857142857142,18.482142857142858,2.321428571428571,1.3392857142857142,3.8392857142857135,2.589285714285714,28.48214285714285,5.446428571428571,0.1785714285714285,0.0,1.25,0.0,0.0,0.0,0.0,2.5,2.8571428571428568,FW,,attack,4
Ange-Yoan Bonny,fr FRA,FW,Parma,it Serie A,20.0,2003.0,37,30,2529,28.1,6,4,10,4,2,3,9.4,7.1,2.9,9.9,0.44,61,19,31.1,2.17,0.68,0.07,0.21,0.12,431,573,75.2,6282,1251,2.2,30,31,15,2,14,3,3,3,53,67,2.39,8,0.28,34,16,4,23,7,57.1,3,37,17,19,0,898,14,112,33,49.3,527,41,17,86,70,647,163,2,0,0,21,5,1,0,0,64,23,24.7,0.2135231316725978,0.1423487544483986,0.3558718861209964,0.1423487544483986,0.3345195729537366,0.2526690391459074,0.1032028469750889,0.3523131672597865,0.0156583629893238,2.170818505338078,0.6761565836298932,15.338078291814949,20.391459074733092,223.55871886121,44.519572953736656,0.0782918149466192,1.0676156583629892,1.103202846975089,0.5338078291814946,0.0711743772241993,0.498220640569395,0.1067615658362989,0.1067615658362989,0.1067615658362989,1.886120996441281,1.209964412811388,0.5693950177935944,0.1423487544483986,0.8185053380782917,0.2491103202846975,0.1067615658362989,1.3167259786476868,0.604982206405694,0.6761565836298932,31.95729537366548,0.498220640569395,3.98576512455516,1.1743772241992882,18.754448398576518,1.4590747330960856,0.604982206405694,3.0604982206405693,2.491103202846975,23.024911032028477,5.800711743772242,0.0711743772241993,0.0,0.7473309608540925,0.1779359430604982,0.0355871886120996,0.0,0.0,2.277580071174377,0.8185053380782917,FW,,attack,3
Jarrod Bowen,eng ENG,"FW,MF",West Ham,eng Premier League,27.0,1996.0,34,34,2973,33.0,13,8,21,12,1,1,8.6,7.8,6.8,14.7,0.47,86,36,41.9,2.6,1.09,0.14,0.33,0.09,584,815,71.7,9476,2687,6.5,51,41,46,8,106,44,7,4,91,113,3.42,15,0.45,41,26,13,12,16,47.5,16,57,25,44,0,1252,28,171,44,33.8,741,109,61,70,77,834,212,1,0,0,20,9,0,0,0,129,12,20.0,0.3935418768920282,0.2421796165489404,0.6357214934409687,0.3632694248234107,0.260343087790111,0.2361251261352169,0.2058526740665994,0.4450050454086781,0.0142280524722502,2.60343087790111,1.089808274470232,17.679112008072654,24.67204843592331,286.86175580222,81.34207870837538,0.1967709384460141,1.5438950554994952,1.24117053481332,1.3925327951564077,0.2421796165489404,3.208879919273461,1.3319878910191725,0.2119071644803229,0.1210898082744702,2.7547931382441977,1.24117053481332,0.7870837537840565,0.3935418768920282,0.3632694248234107,0.4843592330978809,0.4843592330978809,1.7255297679112007,0.756811301715439,1.3319878910191725,37.90110998990918,0.8476286579212916,5.176589303733603,1.3319878910191725,22.43188698284561,3.299697275479314,1.8466195761856712,2.119071644803229,2.330978809283552,25.24722502522704,6.417759838546922,0.0302724520686175,0.0,0.6054490413723511,0.272452068617558,0.0,0.0,0.0,3.905146316851665,0.3632694248234107,FW,MF,attack,0
David Brooks,wls WAL,"FW,MF",Bournemouth,eng Premier League,27.0,1997.0,29,9,960,10.7,2,0,2,2,0,0,2.5,2.5,1.9,4.4,0.41,25,12,48.0,2.34,1.13,0.08,0.17,0.1,310,411,75.4,4795,1429,2.0,20,22,18,6,52,17,3,0,35,46,4.31,2,0.19,14,6,2,8,4,12.5,5,19,9,14,1,545,15,39,11,32.4,342,35,10,30,14,375,83,3,0,0,11,0,0,0,0,50,7,41.2,0.1875,0.0,0.1875,0.1875,0.234375,0.234375,0.1781249999999999,0.4125,0.0384375,2.34375,1.125,29.0625,38.53125,449.53125,133.96875,0.1875,1.875,2.0625,1.6875,0.5625,4.875,1.59375,0.28125,0.0,3.28125,1.3125,0.5625,0.1875,0.75,0.375,0.46875,1.78125,0.84375,1.3125,51.09375,1.40625,3.65625,1.03125,32.0625,3.28125,0.9375,2.8125,1.3125,35.15625,7.78125,0.28125,0.0,1.03125,0.0,0.0,0.0,0.0,4.6875,0.65625,FW,MF,attack,0
Moritz Broschinski,de GER,"FW,MF",Bochum,de Bundesliga,23.0,2000.0,33,15,1390,15.4,1,3,4,1,0,0,4.2,4.2,1.8,6.0,0.39,38,11,28.9,2.46,0.71,0.03,0.09,0.11,187,295,63.4,2807,554,1.5,13,9,8,4,28,0,0,0,20,36,2.33,4,0.26,19,14,6,6,7,40.0,1,20,18,24,0,552,19,68,14,26.4,322,37,13,69,33,385,130,1,0,0,27,2,0,0,0,64,31,42.5,0.0647482014388489,0.1942446043165467,0.2589928057553957,0.0647482014388489,0.2719424460431655,0.2719424460431655,0.116546762589928,0.3884892086330935,0.025251798561151,2.460431654676259,0.7122302158273381,12.107913669064748,19.100719424460436,181.7482014388489,35.8705035971223,0.0971223021582733,0.841726618705036,0.5827338129496402,0.5179856115107914,0.2589928057553957,1.8129496402877696,0.0,0.0,0.0,1.2949640287769786,1.2302158273381294,0.9064748201438848,0.3884892086330935,0.3884892086330935,0.4532374100719424,0.0647482014388489,1.2949640287769786,1.1654676258992804,1.553956834532374,35.7410071942446,1.2302158273381294,4.402877697841727,0.9064748201438848,20.848920863309356,2.39568345323741,0.841726618705036,4.467625899280575,2.1366906474820144,24.928057553956837,8.41726618705036,0.0647482014388489,0.0,1.7482014388489209,0.1294964028776978,0.0,0.0,0.0,4.143884892086331,2.0071942446043165,FW,MF,attack,3
Ante Budimir,hr CRO,FW,Osasuna,es La Liga,33.0,1991.0,38,34,2952,32.8,21,4,25,13,8,8,18.3,12.3,1.7,13.9,0.61,91,29,31.9,2.77,0.88,0.14,0.45,0.14,239,426,56.1,3022,503,1.2,16,12,7,0,6,0,1,0,24,46,1.4,14,0.43,20,9,3,11,6,23.1,2,22,26,9,0,788,31,170,10,23.3,380,23,8,83,44,540,134,4,0,0,47,9,6,0,0,54,136,50.7,0.6402439024390244,0.1219512195121951,0.7621951219512194,0.3963414634146341,0.5579268292682927,0.375,0.0518292682926829,0.423780487804878,0.0185975609756097,2.774390243902439,0.8841463414634146,7.286585365853658,12.98780487804878,92.13414634146342,15.335365853658535,0.0365853658536585,0.4878048780487805,0.3658536585365854,0.2134146341463414,0.0,0.1829268292682927,0.0,0.0304878048780487,0.0,0.7317073170731708,0.6097560975609756,0.274390243902439,0.0914634146341463,0.3353658536585365,0.1829268292682927,0.0609756097560975,0.6707317073170731,0.7926829268292682,0.274390243902439,24.02439024390244,0.945121951219512,5.182926829268292,0.3048780487804878,11.585365853658535,0.7012195121951219,0.2439024390243902,2.5304878048780486,1.3414634146341462,16.463414634146343,4.085365853658536,0.1219512195121951,0.0,1.4329268292682926,0.274390243902439,0.1829268292682927,0.0,0.0,1.646341463414634,4.146341463414634,FW,,attack,1
Marius Bülter,de GER,"FW,DF",Hoffenheim,de Bundesliga,31.0,1993.0,25,22,1729,19.2,7,2,9,7,0,0,3.7,3.7,3.1,6.8,0.35,37,15,40.5,1.93,0.78,0.19,0.47,0.1,394,586,67.2,6403,1684,3.4,22,30,25,12,84,0,3,3,35,48,2.5,7,0.36,13,10,5,6,2,52.9,4,17,14,31,1,774,25,83,24,51.1,511,57,23,39,21,576,155,4,0,0,11,7,1,0,0,63,18,39.1,0.3643724696356275,0.1041064198958935,0.4684788895315211,0.3643724696356275,0.1925968768074031,0.1925968768074031,0.161364950838635,0.3539618276460382,0.0182186234817813,1.9259687680740316,0.7807981492192019,20.508964719491036,30.50318102949682,333.2967032967033,87.6576055523424,0.1769809138230191,1.1451706188548294,1.5615962984384038,1.3013302486986698,0.6246385193753615,4.372469635627531,0.0,0.1561596298438403,0.1561596298438403,1.8218623481781375,0.6766917293233082,0.5205320994794679,0.2602660497397339,0.3123192596876807,0.1041064198958935,0.2082128397917871,0.8849045691150954,0.728744939271255,1.613649508386351,40.289184499710814,1.3013302486986698,4.320416425679584,1.249277038750723,26.59919028340081,2.967032967032967,1.197223828802776,2.0300751879699246,1.0931174089068827,29.98264893001735,8.068247541931752,0.2082128397917871,0.0,0.5725853094274147,0.3643724696356275,0.0520532099479467,0.0,0.0,3.2793522267206474,0.9369577790630422,FW,DF,attack,0
Facundo Buonanotte,ar ARG,"FW,MF",Leicester City,eng Premier League,19.0,2004.0,31,14,1523,16.9,5,2,7,5,0,0,3.9,3.9,3.1,7.0,0.41,36,12,33.3,2.13,0.71,0.14,0.42,0.11,437,572,76.4,6930,1757,2.3,24,41,13,2,43,26,7,4,54,51,3.01,5,0.3,53,32,17,22,14,31.3,12,65,14,9,0,874,26,39,28,33.7,479,39,9,58,39,528,74,8,0,0,37,3,0,0,0,79,18,33.3,0.2954694681549573,0.1181877872619829,0.4136572554169402,0.2954694681549573,0.2304661851608667,0.2304661851608667,0.1831910702560735,0.4136572554169402,0.0242284963887065,2.1273801707156927,0.7091267235718975,25.82403151674327,33.80170715692712,409.52068286277085,103.827971109652,0.1359159553512803,1.418253447143795,2.42284963887065,0.7682206172028891,0.1181877872619829,2.541037426132633,1.5364412344057785,0.4136572554169402,0.2363755745239658,3.191070256073539,3.131976362442548,1.8910045961917268,1.0045961917268549,1.300065659881812,0.8273145108338805,0.7091267235718975,3.841103086014445,0.8273145108338805,0.5318450426789232,51.64806303348654,1.5364412344057785,2.304661851608667,1.654629021667761,28.30597504924491,2.304661851608667,0.5318450426789232,3.427445830597505,2.304661851608667,31.201575837163496,4.372948128693368,0.4727511490479317,0.0,2.186474064346684,0.1772816808929743,0.0,0.0,0.0,4.668417596848326,1.0636900853578464,FW,MF,attack,3
Jonathan Burkardt,de GER,FW,Mainz 05,de Bundesliga,24.0,2000.0,29,28,2109,23.4,18,2,20,16,2,2,14.8,13.2,3.1,16.3,0.76,70,28,40.0,2.99,1.19,0.23,0.57,0.19,379,523,72.5,6262,854,2.7,20,25,16,4,27,0,2,8,42,54,2.31,8,0.34,15,8,1,7,7,60.0,1,16,14,24,0,788,19,121,16,41.0,447,32,13,76,33,562,157,0,0,0,23,4,1,0,0,73,20,19.0,0.7681365576102419,0.0853485064011379,0.8534850640113799,0.6827880512091038,0.631578947368421,0.5633001422475106,0.1322901849217638,0.6955903271692746,0.0324324324324324,2.987197724039829,1.1948790896159318,16.173541963015648,22.31863442389758,267.226173541963,36.44381223328592,0.1152204836415362,0.8534850640113799,1.0668563300142246,0.6827880512091038,0.1706970128022759,1.1522048364153628,0.0,0.0853485064011379,0.3413940256045519,1.7923186344238975,0.6401137980085349,0.3413940256045519,0.0426742532005689,0.2987197724039829,0.2987197724039829,0.0426742532005689,0.6827880512091038,0.5974395448079659,1.0241820768136558,33.627311522048366,0.8108108108108109,5.163584637268848,0.6827880512091038,19.07539118065434,1.3655761024182076,0.5547652916073968,3.2432432432432434,1.4082503556187769,23.98293029871977,6.699857752489331,0.0,0.0,0.9815078236130867,0.1706970128022759,0.0426742532005689,0.0,0.0,3.1152204836415365,0.8534850640113799,FW,,attack,4
Oliver Burke,sct SCO,FW,Werder Bremen,de Bundesliga,27.0,1997.0,25,9,908,10.1,5,0,5,5,0,0,4.1,4.1,1.7,5.8,0.57,35,12,34.3,3.47,1.19,0.14,0.42,0.12,179,299,59.9,2061,379,1.1,14,5,7,3,20,0,0,0,15,33,3.27,2,0.2,11,4,5,1,5,66.7,2,13,6,16,0,440,5,79,7,58.3,246,22,14,38,13,329,88,4,0,0,12,1,0,0,0,26,40,65.6,0.4955947136563877,0.0,0.4955947136563877,0.4955947136563877,0.4063876651982378,0.4063876651982378,0.1685022026431717,0.5748898678414096,0.0564977973568281,3.4691629955947136,1.1894273127753303,17.74229074889868,29.636563876651984,204.284140969163,37.56607929515419,0.1090308370044053,1.3876651982378854,0.4955947136563877,0.6938325991189427,0.2973568281938326,1.9823788546255507,0.0,0.0,0.0,1.486784140969163,1.090308370044053,0.3964757709251101,0.4955947136563877,0.0991189427312775,0.4955947136563877,0.198237885462555,1.288546255506608,0.5947136563876653,1.5859030837004406,43.61233480176212,0.4955947136563877,7.830396475770924,0.6938325991189427,24.38325991189427,2.180616740088106,1.3876651982378854,3.766519823788546,1.288546255506608,32.610132158590304,8.722466960352424,0.3964757709251101,0.0,1.1894273127753303,0.0991189427312775,0.0,0.0,0.0,2.577092511013216,3.9647577092511015,FW,,attack,4
Wes Burns,wls WAL,"FW,DF",Ipswich Town,eng Premier League,29.0,1994.0,18,12,926,10.3,0,1,1,0,0,0,0.5,0.5,1.6,2.2,0.21,7,1,14.3,0.68,0.1,0.0,0.0,0.07,153,253,60.5,2416,597,1.2,10,8,8,7,46,0,0,1,8,16,1.55,1,0.1,13,11,1,9,3,40.0,10,23,13,24,2,350,21,18,9,37.5,216,38,10,17,13,220,65,1,0,0,4,2,0,0,0,50,8,27.6,0.0,0.0971922246220302,0.0971922246220302,0.0,0.0485961123110151,0.0485961123110151,0.1555075593952484,0.2138228941684665,0.0204103671706263,0.6803455723542117,0.0971922246220302,14.870410367170626,24.58963282937365,234.81641468682503,58.02375809935205,0.1166306695464362,0.9719222462203024,0.7775377969762419,0.7775377969762419,0.6803455723542117,4.470842332613391,0.0,0.0,0.0971922246220302,0.7775377969762419,1.263498920086393,1.0691144708423326,0.0971922246220302,0.8747300215982722,0.2915766738660907,0.9719222462203024,2.235421166306696,1.263498920086393,2.3326133909287257,34.01727861771058,2.041036717062635,1.7494600431965444,0.8747300215982722,20.993520518358533,3.6933045356371488,0.9719222462203024,1.652267818574514,1.263498920086393,21.382289416846653,6.317494600431965,0.0971922246220302,0.0,0.3887688984881209,0.1943844492440604,0.0,0.0,0.0,4.859611231101511,0.7775377969762419,FW,DF,attack,3
Rémy Cabella,fr FRA,"FW,MF",Lille,fr Ligue 1,34.0,1990.0,23,12,1011,11.2,1,2,3,1,0,0,4.0,4.0,2.3,6.2,0.55,30,7,23.3,2.67,0.62,0.03,0.14,0.13,628,762,82.4,8904,2413,3.1,26,39,25,8,60,34,0,0,77,60,5.33,6,0.53,39,19,16,13,10,57.6,8,47,5,9,0,900,6,51,19,50.0,546,45,12,16,10,667,130,1,0,0,16,4,1,1,0,63,3,27.3,0.0890207715133531,0.1780415430267062,0.2670623145400593,0.0890207715133531,0.3560830860534124,0.3560830860534124,0.2047477744807121,0.5519287833827893,0.0489614243323442,2.6706231454005938,0.6231454005934718,55.90504451038576,67.83382789317508,792.6409495548961,214.80712166172103,0.2759643916913946,2.314540059347181,3.471810089020772,2.225519287833828,0.7121661721068249,5.341246290801188,3.026706231454006,0.0,0.0,6.85459940652819,3.471810089020772,1.6913946587537092,1.4243323442136495,1.1572700296735905,0.890207715133531,0.7121661721068249,4.183976261127596,0.4451038575667655,0.8011869436201781,80.1186943620178,0.5341246290801187,4.540059347181009,1.6913946587537092,48.6053412462908,4.005934718100891,1.0682492581602374,1.4243323442136495,0.890207715133531,59.37685459940653,11.572700296735905,0.0890207715133531,0.0,1.4243323442136495,0.3560830860534124,0.0890207715133531,0.0890207715133531,0.0,5.608308605341247,0.2670623145400593,FW,MF,attack,0
Dominic Calvert-Lewin,eng ENG,FW,Everton,eng Premier League,27.0,1997.0,26,19,1609,17.9,3,1,4,3,0,0,6.7,6.7,0.6,7.4,0.41,50,19,38.0,2.8,1.06,0.06,0.16,0.14,181,289,62.6,2113,498,0.7,7,20,5,1,6,0,0,1,20,26,1.46,4,0.22,9,7,1,4,4,33.3,7,16,23,12,0,520,26,88,10,40.0,280,23,17,77,33,417,112,2,0,0,27,3,0,0,0,35,85,51.2,0.1678060907395898,0.0559353635798632,0.223741454319453,0.1678060907395898,0.3747669359850839,0.3747669359850839,0.0335612181479179,0.4139216904909882,0.0229334990677439,2.7967681789931635,1.062771908017402,10.124300807955253,16.165320074580485,118.19142324425108,27.85581106277191,0.0391547545059042,0.3915475450590429,1.1187072715972657,0.2796768178993163,0.0559353635798632,0.3356121814791796,0.0,0.0,0.0559353635798632,1.1187072715972657,0.5034182722187694,0.3915475450590429,0.0559353635798632,0.223741454319453,0.223741454319453,0.3915475450590429,0.8949658172778122,1.2865133623368552,0.6712243629583592,29.086389061528894,1.454319453076445,4.922311995027967,0.5593536357986327,15.661901802361715,1.2865133623368552,0.9509011808576756,4.307022995649472,1.845866998135488,23.325046612802986,6.264760720944686,0.1118707271597265,0.0,1.510254816656308,0.1678060907395898,0.0,0.0,0.0,1.9577377252952144,4.7545059042883775,FW,,attack,1
Sergio Camello,es ESP,FW,Rayo Vallecano,es La Liga,23.0,2001.0,23,14,1134,12.6,3,2,5,3,0,0,4.1,4.1,2.0,6.1,0.48,32,9,28.1,2.54,0.71,0.09,0.33,0.13,207,263,78.7,2869,452,1.1,19,12,7,0,6,0,7,2,27,38,3.02,5,0.4,9,3,2,5,2,66.7,4,13,16,12,0,398,17,46,13,56.5,222,20,8,38,23,308,68,2,0,0,11,1,0,0,0,32,11,29.7,0.238095238095238,0.1587301587301587,0.3968253968253968,0.238095238095238,0.3253968253968253,0.3253968253968253,0.1587301587301587,0.4841269841269841,0.038095238095238,2.5396825396825395,0.7142857142857142,16.428571428571427,20.873015873015877,227.69841269841268,35.87301587301587,0.0873015873015873,1.507936507936508,0.9523809523809524,0.5555555555555556,0.0,0.4761904761904761,0.0,0.5555555555555556,0.1587301587301587,2.142857142857143,0.7142857142857142,0.238095238095238,0.1587301587301587,0.3968253968253968,0.1587301587301587,0.3174603174603174,1.0317460317460316,1.2698412698412698,0.9523809523809524,31.587301587301585,1.349206349206349,3.6507936507936503,1.0317460317460316,17.619047619047617,1.5873015873015872,0.6349206349206349,3.015873015873016,1.8253968253968251,24.444444444444443,5.396825396825396,0.1587301587301587,0.0,0.873015873015873,0.0793650793650793,0.0,0.0,0.0,2.5396825396825395,0.873015873015873,FW,,attack,3
Matteo Cancellieri,it ITA,"FW,MF",Parma,it Serie A,22.0,2002.0,27,19,1424,15.8,3,0,3,3,0,0,2.7,2.7,0.7,3.4,0.21,22,7,31.8,1.39,0.44,0.14,0.43,0.12,211,313,67.4,2943,842,0.7,11,16,7,5,21,2,4,4,24,27,1.71,3,0.19,26,16,15,9,2,34.4,13,39,30,10,0,531,20,40,28,40.0,314,40,16,34,24,348,79,2,1,0,26,5,0,0,0,55,29,50.9,0.1896067415730337,0.0,0.1896067415730337,0.1896067415730337,0.1706460674157303,0.1706460674157303,0.0442415730337078,0.2148876404494382,0.0132724719101123,1.3904494382022472,0.4424157303370786,13.33567415730337,19.782303370786515,186.0042134831461,53.21629213483146,0.0442415730337078,0.6952247191011236,1.0112359550561798,0.4424157303370786,0.3160112359550561,1.327247191011236,0.1264044943820224,0.2528089887640449,0.2528089887640449,1.5168539325842696,1.643258426966292,1.0112359550561798,0.9480337078651684,0.5688202247191011,0.1264044943820224,0.821629213483146,2.4648876404494384,1.896067415730337,0.6320224719101123,33.56039325842697,1.2640449438202246,2.528089887640449,1.7696629213483146,19.84550561797753,2.528089887640449,1.0112359550561798,2.148876404494382,1.5168539325842696,21.99438202247191,4.992977528089887,0.1264044943820224,0.0632022471910112,1.643258426966292,0.3160112359550561,0.0,0.0,0.0,3.4761235955056176,1.832865168539326,FW,MF,attack,3
Irvin Cardona,fr FRA,FW,Saint-Étienne,fr Ligue 1,26.0,1997.0,15,13,1063,11.8,5,3,8,5,0,1,4.5,3.7,1.4,5.0,0.54,23,10,43.5,1.95,0.85,0.22,0.5,0.18,255,381,66.9,3519,853,1.6,15,11,16,3,31,0,3,0,32,25,2.31,3,0.28,6,5,3,3,0,14.3,4,10,6,13,2,497,11,53,6,27.3,283,30,10,38,12,395,135,2,0,0,12,0,0,0,0,26,10,55.6,0.4233301975540922,0.2539981185324553,0.6773283160865475,0.4233301975540922,0.3809971777986829,0.3132643461900282,0.1185324553151458,0.4233301975540922,0.0457196613358419,1.947318908748824,0.8466603951081844,21.589840075258703,32.25776105362183,297.9397930385701,72.22013170272812,0.1354656632173095,1.2699905926622763,0.9313264346190028,1.354656632173095,0.2539981185324553,2.624647224835372,0.0,0.2539981185324553,0.0,2.70931326434619,0.5079962370649107,0.4233301975540922,0.2539981185324553,0.2539981185324553,0.0,0.3386641580432737,0.8466603951081844,0.5079962370649107,1.1006585136406395,42.07902163687677,0.9313264346190028,4.487300094073377,0.5079962370649107,23.96048918156162,2.539981185324553,0.8466603951081844,3.217309501411101,1.0159924741298214,33.44308560677328,11.429915333960489,0.1693320790216368,0.0,1.0159924741298214,0.0,0.0,0.0,0.0,2.2013170272812794,0.8466603951081844,FW,,attack,1
Josué Casimir,fr FRA,"FW,MF",Le Havre,fr Ligue 1,22.0,2001.0,27,23,1997,22.2,4,4,8,4,0,0,3.3,3.3,3.4,6.7,0.3,27,9,33.3,1.22,0.41,0.15,0.44,0.12,410,597,68.7,6606,1453,2.2,26,22,13,7,85,5,2,3,41,60,2.7,8,0.36,37,26,15,15,7,50.0,7,44,35,25,1,814,23,76,22,45.8,465,71,28,47,30,526,151,5,0,0,28,9,3,0,0,83,9,28.1,0.1802704056084126,0.1802704056084126,0.3605408112168252,0.1802704056084126,0.1487230846269404,0.1487230846269404,0.1532298447671507,0.3019529293940912,0.0135202804206309,1.2168252378567852,0.4056084126189284,18.47771657486229,26.905358037055585,297.71657486229344,65.48322483725588,0.0991487230846269,1.171757636454682,0.9914872308462694,0.585878818227341,0.3154732098147221,3.830746119178768,0.2253380070105158,0.0901352028042063,0.1352028042063094,1.8477716574862293,1.6675012518778167,1.171757636454682,0.6760140210315473,0.6760140210315473,0.3154732098147221,0.3154732098147221,1.9829744616925389,1.5773660490736103,1.1266900350525788,36.68502754131197,1.0365548322483726,3.42513770655984,0.9914872308462694,20.956434651977965,3.199799699549324,1.2618928392588884,2.118177265898848,1.3520280420630946,23.70555833750626,6.805207811717577,0.2253380070105158,0.0,1.2618928392588884,0.4056084126189284,0.1352028042063094,0.0,0.0,3.740610916374562,0.4056084126189284,FW,MF,attack,3
Valentín Castellanos,ar ARG,FW,Lazio,it Serie A,25.0,1998.0,29,28,2384,26.5,10,3,13,8,2,3,13.4,11.3,3.6,14.9,0.64,105,36,34.3,3.96,1.36,0.08,0.22,0.11,366,541,67.7,5170,1247,2.6,26,48,14,2,25,0,9,1,66,73,2.76,14,0.53,13,6,2,4,7,10.0,6,19,25,20,0,835,20,155,16,43.2,423,27,15,55,29,618,149,9,1,0,38,5,1,0,0,51,68,53.1,0.3775167785234899,0.1132550335570469,0.4907718120805369,0.3020134228187919,0.5058724832214766,0.4265939597315437,0.1359060402684563,0.5625,0.0241610738255033,3.963926174496644,1.359060402684564,13.81711409395973,20.423657718120808,195.1761744966443,47.07634228187919,0.0981543624161074,0.9815436241610738,1.8120805369127515,0.5285234899328859,0.0755033557046979,0.9437919463087248,0.0,0.3397651006711409,0.0377516778523489,2.4916107382550337,0.4907718120805369,0.2265100671140939,0.0755033557046979,0.1510067114093959,0.2642617449664429,0.2265100671140939,0.7172818791946309,0.9437919463087248,0.7550335570469798,31.52265100671141,0.7550335570469798,5.851510067114094,0.6040268456375839,15.968959731543624,1.0192953020134228,0.5662751677852349,2.0763422818791946,1.0947986577181208,23.33053691275168,5.625,0.3397651006711409,0.0377516778523489,1.434563758389262,0.1887583892617449,0.0377516778523489,0.0,0.0,1.9253355704697988,2.567114093959732,FW,,attack,4
Santiago Castro,ar ARG,FW,Bologna,it Serie A,19.0,2004.0,36,27,2294,25.5,8,4,12,8,0,1,7.7,6.9,2.9,9.8,0.41,62,20,32.3,2.43,0.78,0.13,0.4,0.11,354,461,76.8,6386,993,1.5,28,23,8,0,8,0,5,9,39,69,2.71,11,0.43,18,10,4,9,5,35.3,3,21,20,10,0,722,23,101,18,41.9,428,17,8,70,64,519,136,7,0,0,49,8,0,0,1,69,37,35.2,0.3138622493461203,0.1569311246730601,0.4707933740191805,0.3138622493461203,0.3020924149956408,0.2707061900610288,0.1137750653879686,0.3844812554489974,0.0160854402789886,2.4324324324324325,0.7846556233653007,13.888404533565824,18.086312118570184,250.54054054054052,38.95815170008719,0.0588491717523975,1.098517872711421,0.902353966870096,0.3138622493461203,0.0,0.3138622493461203,0.0,0.1961639058413251,0.3530950305143853,1.5300784655623365,0.7061900610287707,0.3923278116826503,0.1569311246730601,0.3530950305143853,0.1961639058413251,0.1176983435047951,0.8238884045335657,0.7846556233653007,0.3923278116826503,28.32606800348736,0.902353966870096,3.962510897994769,0.7061900610287707,16.791630340017438,0.6669572798605057,0.3138622493461203,2.7462946817785525,2.5108979947689627,20.361813426329554,5.335658238884045,0.2746294681778553,0.0,1.922406277244987,0.3138622493461203,0.0,0.0,0.039232781168265,2.707061900610288,1.4516129032258065,FW,,attack,1
Rayan Cherki,fr FRA,"FW,MF",Lyon,fr Ligue 1,20.0,2003.0,30,22,2041,22.7,8,11,19,8,0,0,5.0,5.0,11.1,16.1,0.71,45,19,42.2,1.98,0.84,0.18,0.42,0.11,1079,1375,78.5,17006,5140,11.7,75,97,77,3,118,98,22,15,206,146,6.44,20,0.88,15,12,3,8,4,21.4,7,22,6,32,0,1573,6,132,48,49.5,1021,106,41,48,43,1234,184,3,0,0,16,4,0,0,0,83,4,33.3,0.3527682508574228,0.4850563449289564,0.8378245957863791,0.3527682508574228,0.2204801567858892,0.2204801567858892,0.4894659480646741,0.7099461048505634,0.0313081822635962,1.9843214110730032,0.8378245957863791,47.5796178343949,60.63204311611955,749.8971092601666,226.65360117589415,0.5159235668789809,3.3072023517883387,4.277315041646252,3.3953944145026944,0.1322880940715335,5.203331700146987,4.321411073003429,0.9701126898579128,0.6614404703576678,9.083782459578638,0.6614404703576678,0.5291523762861342,0.1322880940715335,0.3527682508574228,0.1763841254287114,0.308672219500245,0.9701126898579128,0.2645761881430671,1.4110730034296912,69.36305732484077,0.2645761881430671,5.820676139147476,2.116609505144537,45.022048015678585,4.674179323860852,1.807937285644292,2.116609505144537,1.896129348358648,54.41450269475747,8.113669769720724,0.1322880940715335,0.0,0.7055365017148456,0.1763841254287114,0.0,0.0,0.0,3.659970602645762,0.1763841254287114,FW,MF,attack,2
Samuel Chukwueze,ng NGA,"FW,MF",Milan,it Serie A,25.0,1999.0,26,9,925,10.3,3,2,5,3,0,0,2.7,2.7,3.0,5.7,0.56,32,8,25.0,3.11,0.78,0.09,0.38,0.08,320,422,75.8,5644,1164,2.4,27,18,21,5,50,17,4,6,36,49,4.77,2,0.19,17,11,7,6,4,26.3,2,19,9,9,0,556,8,54,26,55.3,369,48,20,23,11,406,116,0,0,0,3,1,0,0,0,38,6,37.5,0.2918918918918918,0.1945945945945946,0.4864864864864865,0.2918918918918918,0.2627027027027027,0.2627027027027027,0.2918918918918918,0.5545945945945946,0.0544864864864864,3.1135135135135137,0.7783783783783784,31.135135135135137,41.05945945945946,549.145945945946,113.25405405405404,0.2335135135135135,2.627027027027027,1.7513513513513512,2.0432432432432432,0.4864864864864865,4.864864864864865,1.654054054054054,0.3891891891891892,0.5837837837837837,3.5027027027027025,1.654054054054054,1.0702702702702702,0.6810810810810811,0.5837837837837837,0.3891891891891892,0.1945945945945946,1.8486486486486484,0.8756756756756756,0.8756756756756756,54.097297297297295,0.7783783783783784,5.254054054054054,2.5297297297297296,35.9027027027027,4.67027027027027,1.945945945945946,2.2378378378378376,1.0702702702702702,39.50270270270271,11.286486486486488,0.0,0.0,0.2918918918918918,0.0972972972972973,0.0,0.0,0.0,3.697297297297297,0.5837837837837837,FW,MF,attack,0
Jack Clarke,eng ENG,"FW,MF",Ipswich Town,eng Premier League,23.0,2000.0,32,12,1181,13.1,0,4,4,0,0,0,1.2,1.2,2.3,3.5,0.26,17,2,11.8,1.3,0.15,0.0,0.0,0.07,302,393,76.8,4942,1242,1.2,28,27,9,0,13,7,1,3,44,50,3.81,5,0.38,32,20,11,10,11,50.0,7,39,29,18,2,553,24,38,25,50.0,311,39,12,25,22,338,57,2,0,0,15,0,0,0,0,75,7,28.0,0.0,0.304826418289585,0.304826418289585,0.0,0.0914479254868755,0.0914479254868755,0.1752751905165114,0.2667231160033869,0.019813717188823,1.2955122777307366,0.1524132091447925,23.014394580863677,29.949195596951736,376.6130397967824,94.64860287891617,0.0914479254868755,2.1337849280270955,2.0575783234547,0.6858594411515665,0.0,0.9906858594411516,0.5334462320067739,0.0762066045723962,0.2286198137171888,3.353090601185436,2.4386113463166805,1.5241320914479255,0.838272650296359,0.7620660457239627,0.838272650296359,0.5334462320067739,2.972057578323455,2.209991532599492,1.371718882303133,42.142252328535136,1.8289585097375105,2.8958509737510583,1.9051651143099069,23.70025402201524,2.972057578323455,0.9144792548687553,1.9051651143099069,1.676545300592718,25.757832345469943,4.343776460626588,0.1524132091447925,0.0,1.143099068585944,0.0,0.0,0.0,0.0,5.71549534292972,0.5334462320067739,FW,MF,attack,3
Lorenzo Colombo,it ITA,"FW,MF",Empoli,it Serie A,22.0,2002.0,37,26,2233,24.8,6,2,8,5,1,1,5.9,5.1,2.9,8.0,0.35,55,18,32.7,2.22,0.73,0.09,0.28,0.09,343,508,67.5,5088,1106,0.9,21,25,12,2,10,0,3,6,48,55,2.21,3,0.12,31,14,7,16,8,33.3,2,33,16,16,1,837,18,83,24,48.0,438,27,10,88,52,547,116,5,1,1,46,8,0,0,0,73,53,30.5,0.2418271383788625,0.0806090461262875,0.32243618450515,0.2015226153157187,0.2377966860725481,0.2055530676220331,0.1168831168831168,0.32243618450515,0.0141065830721003,2.2167487684729066,0.7254814151365876,13.824451410658307,20.474697716077024,205.06941334527545,44.57680250783699,0.0362740707568293,0.8463949843260189,1.0076130765785938,0.483654276757725,0.0806090461262875,0.4030452306314375,0.0,0.1209135691894312,0.2418271383788625,1.9346171070309,1.2494402149574564,0.5642633228840125,0.2821316614420062,0.6448723690103,0.32243618450515,0.0806090461262875,1.3300492610837438,0.6448723690103,0.6448723690103,33.73488580385132,0.7254814151365876,3.3452754142409318,0.96730855351545,17.65338110165696,1.0882221227048814,0.4030452306314375,3.5467980295566504,2.095835199283475,22.04657411553963,4.675324675324676,0.2015226153157187,0.0403045230631437,1.8540080609046128,0.32243618450515,0.0,0.0,0.0,2.942230183609494,2.136139722346619,FW,MF,attack,3
Andrea Colpani,it ITA,"FW,MF",Fiorentina,it Serie A,25.0,1999.0,24,17,1432,15.9,2,1,3,2,0,0,2.7,2.7,1.3,3.9,0.24,35,12,34.3,2.2,0.75,0.06,0.17,0.07,376,466,80.7,5907,1206,1.3,17,19,15,1,33,22,2,6,57,43,2.7,5,0.31,15,9,5,7,3,33.3,8,23,10,7,0,609,9,49,12,44.4,395,37,13,26,22,449,129,1,0,0,21,1,0,0,0,46,10,40.0,0.1256983240223463,0.0628491620111731,0.1885474860335195,0.1256983240223463,0.1696927374301676,0.1696927374301676,0.0817039106145251,0.2451117318435754,0.0150837988826815,2.199720670391061,0.7541899441340782,23.63128491620112,29.287709497206706,371.25,75.79608938547486,0.0817039106145251,1.068435754189944,1.1941340782122905,0.9427374301675976,0.0628491620111731,2.0740223463687157,1.38268156424581,0.1256983240223463,0.3770949720670391,3.582402234636872,0.9427374301675976,0.5656424581005587,0.3142458100558659,0.4399441340782123,0.1885474860335195,0.5027932960893855,1.4455307262569832,0.6284916201117318,0.4399441340782123,38.27513966480447,0.5656424581005587,3.079608938547486,0.7541899441340782,24.825418994413408,2.325418994413408,0.8170391061452514,1.6340782122905029,1.38268156424581,28.21927374301676,8.10754189944134,0.0628491620111731,0.0,1.3198324022346368,0.0628491620111731,0.0,0.0,0.0,2.8910614525139664,0.6284916201117318,FW,MF,attack,3
Kingsley Coman,fr FRA,FW,Bayern Munich,de Bundesliga,28.0,1996.0,28,14,1282,14.2,5,4,9,5,0,0,4.3,4.3,3.3,7.6,0.53,44,17,38.6,3.09,1.19,0.11,0.29,0.1,624,740,84.3,9720,1512,4.2,32,26,28,5,45,0,0,2,45,81,5.68,11,0.77,17,12,6,6,5,66.7,8,25,15,13,0,934,13,85,39,52.7,606,66,28,28,18,733,215,0,0,0,9,2,0,0,0,59,11,40.7,0.3510140405616225,0.2808112324492979,0.6318252730109205,0.3510140405616225,0.3018720748829953,0.3018720748829953,0.2316692667706708,0.5335413416536661,0.0372074882995319,3.088923556942278,1.1934477379095163,43.80655226209048,51.95007800312012,682.3712948517941,106.14664586583464,0.2948517940717629,2.246489859594384,1.825273010920437,1.965678627145086,0.3510140405616225,3.159126365054602,0.0,0.0,0.1404056162246489,3.159126365054602,1.1934477379095163,0.842433697347894,0.421216848673947,0.421216848673947,0.3510140405616225,0.5616224648985959,1.7550702028081124,1.053042121684867,0.9126365054602184,65.56942277691108,0.9126365054602184,5.967238689547582,2.7379095163806557,42.54290171606864,4.633385335413417,1.965678627145086,1.965678627145086,1.263650546021841,51.45865834633385,15.093603744149766,0.0,0.0,0.6318252730109205,0.1404056162246489,0.0,0.0,0.0,4.141965678627145,0.7722308892355695,FW,,attack,2
Francisco Conceição,pt POR,"FW,MF",Juventus,it Serie A,21.0,2002.0,26,12,1340,14.9,3,3,6,3,0,0,2.3,2.3,4.3,6.6,0.45,40,13,32.5,2.69,0.87,0.08,0.23,0.06,427,545,78.3,7032,1122,4.4,28,16,20,10,62,18,0,4,35,64,4.3,9,0.6,23,14,6,9,8,43.3,6,29,6,21,0,739,11,92,35,44.3,548,95,59,35,22,581,143,5,1,1,24,1,1,0,0,55,2,18.2,0.2014925373134328,0.2014925373134328,0.4029850746268656,0.2014925373134328,0.1544776119402985,0.1544776119402985,0.2888059701492537,0.4432835820895522,0.0302238805970149,2.686567164179104,0.8731343283582089,28.67910447761194,36.6044776119403,472.2985074626865,75.35820895522389,0.2955223880597015,1.8805970149253728,1.0746268656716418,1.343283582089552,0.6716417910447761,4.164179104477612,1.208955223880597,0.0,0.2686567164179104,2.3507462686567164,1.5447761194029852,0.9402985074626866,0.4029850746268656,0.6044776119402985,0.5373134328358209,0.4029850746268656,1.947761194029851,0.4029850746268656,1.4104477611940298,49.63432835820896,0.7388059701492538,6.179104477611941,2.3507462686567164,36.80597014925373,6.380597014925373,3.962686567164179,2.3507462686567164,1.4776119402985075,39.02238805970149,9.6044776119403,0.335820895522388,0.0671641791044776,1.611940298507463,0.0671641791044776,0.0671641791044776,0.0,0.0,3.694029850746269,0.1343283582089552,FW,MF,attack,0
Tanguy Coulibaly,fr FRA,"FW,MF",Montpellier,fr Ligue 1,23.0,2001.0,25,17,1485,16.5,3,0,3,3,0,0,3.5,3.5,1.3,4.8,0.31,30,13,43.3,1.82,0.79,0.1,0.23,0.12,292,372,78.5,3857,626,1.0,18,8,5,2,21,4,2,0,20,45,2.9,3,0.19,32,24,13,15,4,42.4,11,43,3,12,1,583,7,65,29,53.7,328,48,20,51,31,370,97,4,2,1,45,7,0,1,0,70,19,45.2,0.1818181818181818,0.0,0.1818181818181818,0.1818181818181818,0.2121212121212121,0.2121212121212121,0.0787878787878788,0.2909090909090909,0.0187878787878787,1.8181818181818183,0.7878787878787878,17.696969696969695,22.545454545454547,233.75757575757572,37.93939393939394,0.0606060606060606,1.0909090909090908,0.4848484848484848,0.303030303030303,0.1212121212121212,1.2727272727272727,0.2424242424242424,0.1212121212121212,0.0,1.2121212121212122,1.9393939393939397,1.4545454545454546,0.7878787878787878,0.9090909090909092,0.2424242424242424,0.6666666666666667,2.6060606060606064,0.1818181818181818,0.7272727272727273,35.333333333333336,0.4242424242424242,3.939393939393939,1.7575757575757571,19.87878787878788,2.909090909090909,1.2121212121212122,3.090909090909091,1.878787878787879,22.424242424242426,5.878787878787879,0.2424242424242424,0.1212121212121212,2.7272727272727275,0.4242424242424242,0.0,0.0606060606060606,0.0,4.242424242424242,1.1515151515151514,FW,MF,attack,3
Juan Cruz,es ESP,"FW,MF",Leganés,es La Liga,24.0,2000.0,34,26,2257,25.1,5,4,9,5,0,0,2.7,2.7,4.1,6.9,0.27,33,14,42.4,1.32,0.56,0.15,0.36,0.08,488,716,68.2,7691,2934,3.7,24,34,32,14,92,17,9,2,66,51,2.03,6,0.24,32,19,14,16,2,48.6,13,45,31,27,0,951,23,41,40,51.3,543,59,21,40,24,570,131,2,0,0,14,2,0,0,0,109,15,44.1,0.1993797075764288,0.1595037660611431,0.358883473637572,0.1993797075764288,0.1076650420912716,0.1076650420912716,0.1634913602126716,0.2751439964554719,0.0107665042091271,1.3159060700044307,0.5582631812140009,19.45945945945946,28.551174124944616,306.6858661940629,116.99601240584846,0.1475409836065573,0.9570225963668588,1.3557820115197163,1.2760301284891449,0.5582631812140009,3.668586619406292,0.6778910057598582,0.358883473637572,0.0797518830305715,2.631812140008861,1.2760301284891449,0.7576428887904297,0.5582631812140009,0.6380150642445724,0.0797518830305715,0.5183872396987151,1.79441736818786,1.236154186973859,1.076650420912716,37.92202038103677,0.917146654851573,1.634913602126717,1.595037660611431,21.652636242800178,2.3526805494018608,0.8373947718210013,1.595037660611431,0.9570225963668588,22.72928666371289,5.223748338502436,0.0797518830305715,0.0,0.5582631812140009,0.0797518830305715,0.0,0.0,0.0,4.34647762516615,0.5981391227292867,FW,MF,attack,3
Cucho,co COL,FW,Betis,es La Liga,25.0,1999.0,15,14,1139,12.7,5,1,6,5,0,0,3.8,3.8,1.5,5.3,0.42,43,11,25.6,3.4,0.87,0.12,0.45,0.09,223,310,71.9,3302,867,0.7,14,20,10,1,12,0,1,5,34,46,3.64,8,0.63,15,10,2,5,8,54.5,7,22,4,10,0,467,5,61,17,65.4,250,27,14,46,14,318,82,0,0,0,10,3,1,0,0,28,29,45.3,0.3950834064969271,0.0790166812993854,0.4741000877963125,0.3950834064969271,0.3002633889376646,0.3002633889376646,0.1185250219490781,0.4187884108867427,0.0331870061457418,3.3977172958735733,0.8691834942932397,17.62071992976295,24.495171202809484,260.9130816505707,68.50746268656717,0.0553116769095698,1.106233538191396,1.5803336259877083,0.7901668129938543,0.0790166812993854,0.948200175592625,0.0,0.0790166812993854,0.3950834064969271,2.686567164179104,1.1852502194907817,0.7901668129938543,0.1580333625987708,0.3950834064969271,0.6321334503950834,0.553116769095698,1.7383669885864794,0.3160667251975417,0.7901668129938543,36.900790166813,0.3950834064969271,4.820017559262511,1.343283582089552,19.75417032484636,2.1334503950834067,1.106233538191396,3.6347673397717295,1.106233538191396,25.12730465320457,6.479367866549605,0.0,0.0,0.7901668129938543,0.2370500438981562,0.0790166812993854,0.0,0.0,2.212467076382792,2.2914837576821774,FW,,attack,0
Patrick Cutrone,it ITA,FW,Como,it Serie A,26.0,1998.0,33,23,2047,22.7,7,4,11,7,0,1,7.1,6.3,2.1,8.4,0.41,69,26,37.7,3.03,1.14,0.1,0.27,0.09,336,478,70.3,4423,668,2.1,19,16,10,2,30,0,0,2,31,49,2.15,6,0.26,16,11,0,10,6,50.0,5,21,7,19,0,692,5,119,9,37.5,445,53,26,62,26,508,155,1,0,0,23,3,1,0,0,54,23,25.8,0.3077674645823156,0.175867122618466,0.4836345872007816,0.3077674645823156,0.3121641426477772,0.276990718124084,0.0923302393746946,0.3693209574987787,0.0180263800683927,3.033707865168539,1.1431362970200292,14.772838299951148,21.01612115290669,194.4650708353689,29.36980947728383,0.0923302393746946,0.8353688324377138,0.7034684904738642,0.4396678065461651,0.087933561309233,1.3190034196384954,0.0,0.0,0.087933561309233,1.362970200293112,0.7034684904738642,0.4836345872007816,0.0,0.4396678065461651,0.263800683927699,0.2198339032730825,0.9233023937469468,0.3077674645823156,0.8353688324377138,30.425012212994627,0.2198339032730825,5.232046897899365,0.3957010258915486,19.565217391304348,2.330239374694675,1.1431362970200292,2.725940400586224,1.1431362970200292,22.335124572545187,6.814851001465559,0.0439667806546165,0.0,1.0112359550561798,0.1319003419638495,0.0439667806546165,0.0,0.0,2.374206155349292,1.0112359550561798,FW,,attack,1
Thijs Dallinga,nl NED,FW,Bologna,it Serie A,23.0,2000.0,31,11,1154,12.8,3,2,5,3,0,0,4.3,4.3,0.6,4.9,0.38,31,11,35.5,2.42,0.86,0.1,0.27,0.14,210,293,71.7,2944,450,0.7,12,14,4,0,3,0,0,1,17,27,2.11,5,0.39,10,5,0,4,6,100.0,1,11,13,13,1,439,15,65,2,18.2,243,9,8,42,22,343,84,1,0,0,24,3,1,0,0,35,41,53.2,0.2339688041594454,0.1559792027729636,0.389948006932409,0.2339688041594454,0.3353552859618717,0.3353552859618717,0.046793760831889,0.3821490467937608,0.029636048526863,2.417677642980936,0.8578856152512998,16.377816291161178,22.85095320623917,229.6013864818024,35.09532062391681,0.0545927209705372,0.9358752166377816,1.0918544194107451,0.3119584055459272,0.0,0.2339688041594454,0.0,0.0,0.0779896013864818,1.3258232235701908,0.779896013864818,0.389948006932409,0.0,0.3119584055459272,0.4679376083188908,0.0779896013864818,0.8578856152512998,1.0138648180242635,1.0138648180242635,34.237435008665514,1.169844020797227,5.069324090121317,0.1559792027729636,18.95147313691508,0.7019064124783362,0.6239168110918544,3.275563258232236,1.7157712305025996,26.750433275563257,6.551126516464471,0.0779896013864818,0.0,1.8717504332755637,0.2339688041594454,0.0779896013864818,0.0,0.0,2.729636048526863,3.1975736568457536,FW,,attack,1
Arnaut Danjuma,nl NED,"FW,MF",Girona,es La Liga,27.0,1997.0,25,15,1335,14.8,2,0,2,2,0,0,3.6,3.6,1.7,5.3,0.35,30,14,46.7,2.02,0.94,0.07,0.14,0.12,318,438,72.6,5448,1472,2.3,22,17,24,8,76,30,1,2,41,40,2.7,0,0.0,8,6,3,3,2,28.6,2,10,4,23,0,588,9,81,24,35.8,394,91,38,33,11,441,185,2,0,0,16,1,0,1,0,40,1,25.0,0.1348314606741573,0.0,0.1348314606741573,0.1348314606741573,0.2426966292134831,0.2426966292134831,0.1146067415730337,0.3573033707865168,0.0235955056179775,2.02247191011236,0.9438202247191012,21.43820224719101,29.528089887640448,367.2808988764045,99.23595505617978,0.1550561797752808,1.4831460674157304,1.146067415730337,1.6179775280898878,0.5393258426966292,5.123595505617978,2.02247191011236,0.0674157303370786,0.1348314606741573,2.764044943820225,0.5393258426966292,0.4044943820224719,0.2022471910112359,0.2022471910112359,0.1348314606741573,0.1348314606741573,0.6741573033707865,0.2696629213483146,1.550561797752809,39.640449438202246,0.6067415730337079,5.46067415730337,1.6179775280898878,26.56179775280899,6.134831460674157,2.561797752808989,2.224719101123596,0.7415730337078652,29.730337078651683,12.47191011235955,0.1348314606741573,0.0,1.0786516853932584,0.0674157303370786,0.0,0.0674157303370786,0.0,2.696629213483146,0.0674157303370786,FW,MF,attack,0
Jonathan David,ca CAN,FW,Lille,fr Ligue 1,24.0,2000.0,32,28,2554,28.4,16,5,21,10,6,7,16.2,10.7,4.4,15.1,0.73,66,28,42.4,2.33,0.99,0.15,0.36,0.16,563,686,82.1,7502,1225,3.2,36,29,26,0,4,0,4,3,65,74,2.61,8,0.28,24,8,3,12,9,42.9,7,31,10,24,1,952,16,145,20,47.6,518,40,20,68,40,717,184,4,0,0,25,5,1,0,0,66,16,27.6,0.5638214565387627,0.1761942051683633,0.7400156617071261,0.3523884103367267,0.5708692247454973,0.3770555990602975,0.1550509005481597,0.5321064996084574,0.025724353954581,2.325763508222396,0.9866875489428348,19.839467501957717,24.17384494909945,264.3617854346124,43.16758026624903,0.1127642913077525,1.2685982772122162,1.0219263899765074,0.9162098668754894,0.0,0.1409553641346906,0.0,0.1409553641346906,0.105716523101018,2.2905246671887234,0.8457321848081442,0.2819107282693813,0.105716523101018,0.4228660924040721,0.317149569303054,0.2466718872357086,1.0924040720438528,0.3523884103367267,0.8457321848081442,33.54737666405639,0.5638214565387627,5.109631949882537,0.7047768206734535,18.25371965544244,1.409553641346907,0.7047768206734535,2.3962411902897416,1.409553641346907,25.266249021143302,6.483946750195771,0.1409553641346906,0.0,0.8809710258418169,0.1761942051683633,0.0352388410336726,0.0,0.0,2.325763508222396,0.5638214565387627,FW,,attack,1
Keinan Davis,eng ENG,FW,Udinese,it Serie A,26.0,1998.0,23,10,1066,11.8,2,1,3,2,0,0,2.9,2.9,2.1,5.0,0.42,29,11,37.9,2.45,0.93,0.07,0.18,0.1,208,275,75.6,3083,415,0.7,20,13,8,0,3,0,0,2,22,35,2.95,2,0.17,9,4,1,4,4,50.0,1,10,5,1,0,404,5,67,17,48.6,231,26,16,33,25,325,77,2,0,0,24,0,0,0,0,34,37,48.1,0.1688555347091932,0.0844277673545966,0.2532833020637898,0.1688555347091932,0.2448405253283302,0.2448405253283302,0.1772983114446529,0.4221388367729831,0.0354596622889305,2.448405253283302,0.9287054409005628,17.5609756097561,23.21763602251407,260.2908067542214,35.0375234521576,0.0590994371482176,1.6885553470919326,1.0975609756097562,0.6754221388367729,0.0,0.2532833020637898,0.0,0.0,0.1688555347091932,1.8574108818011257,0.7598499061913696,0.3377110694183864,0.0844277673545966,0.3377110694183864,0.3377110694183864,0.0844277673545966,0.8442776735459663,0.4221388367729831,0.0844277673545966,34.10881801125704,0.4221388367729831,5.656660412757973,1.4352720450281424,19.50281425891182,2.1951219512195124,1.350844277673546,2.7861163227016883,2.110694183864916,27.4390243902439,6.50093808630394,0.1688555347091932,0.0,2.026266416510319,0.0,0.0,0.0,0.0,2.870544090056285,3.123827392120075,FW,,attack,3
Zuriko Davitashvili,ge GEO,"FW,MF",Saint-Étienne,fr Ligue 1,23.0,2001.0,33,32,2778,30.9,9,8,17,7,2,2,8.1,6.6,4.7,11.3,0.43,68,24,35.3,2.2,0.78,0.1,0.29,0.1,737,938,78.6,10639,2497,5.5,50,38,23,4,85,68,6,1,73,115,3.85,15,0.5,22,14,9,7,6,30.6,14,36,14,22,0,1298,17,123,46,37.4,764,95,47,74,57,905,224,3,0,0,20,8,2,0,0,117,14,23.0,0.2915766738660907,0.2591792656587472,0.550755939524838,0.2267818574514038,0.2624190064794816,0.2138228941684665,0.152267818574514,0.3660907127429805,0.0139308855291576,2.203023758099352,0.7775377969762419,23.876889848812095,30.38876889848812,344.6760259179265,80.8963282937365,0.1781857451403887,1.6198704103671706,1.2311015118790496,0.7451403887688984,0.1295896328293736,2.7537796976241897,2.203023758099352,0.1943844492440604,0.0323974082073434,2.365010799136069,0.712742980561555,0.4535637149028077,0.2915766738660907,0.2267818574514038,0.1943844492440604,0.4535637149028077,1.1663066954643628,0.4535637149028077,0.712742980561555,42.05183585313175,0.550755939524838,3.9848812095032393,1.4902807775377969,24.75161987041037,3.077753779697624,1.5226781857451404,2.397408207343412,1.8466522678185744,29.319654427645787,7.257019438444924,0.0971922246220302,0.0,0.6479481641468683,0.2591792656587472,0.0647948164146868,0.0,0.0,3.7904967602591793,0.4535637149028077,FW,MF,attack,3
Romain Del Castillo,fr FRA,FW,Brest,fr Ligue 1,28.0,1996.0,26,14,1259,14.0,6,4,10,3,3,4,4.7,1.5,3.4,4.9,0.58,17,8,47.1,1.22,0.57,0.18,0.38,0.09,480,688,69.8,8019,2803,4.1,37,44,26,11,103,39,3,7,61,67,4.79,9,0.64,31,22,9,13,9,59.4,6,37,5,27,0,840,6,41,19,43.2,438,29,7,36,17,565,106,0,0,0,11,4,0,0,0,73,8,40.0,0.4289118347895155,0.2859412231930103,0.7148530579825257,0.2144559173947577,0.3359809372517872,0.1072279586973788,0.2430500397140587,0.3502779984114377,0.0414614773629864,1.215250198570294,0.5718824463860206,34.31294678316124,49.181890389197775,573.2406671961875,200.373312152502,0.2930897537728356,2.6449563145353454,3.145353455123113,1.858617950754567,0.7863383637807784,7.362986497220016,2.787926926131851,0.2144559173947577,0.5003971405877681,4.360603653693407,2.21604447974583,1.5726767275615567,0.6433677521842732,0.9293089753772836,0.6433677521842732,0.4289118347895155,2.6449563145353454,0.3574265289912628,1.93010325655282,60.04765687053217,0.4289118347895155,2.930897537728356,1.3582208101667992,31.310563939634637,2.073073868149325,0.5003971405877681,2.573471008737093,1.215250198570294,40.38919777601271,7.577442414614774,0.0,0.0,0.7863383637807784,0.2859412231930103,0.0,0.0,0.0,5.218427323272438,0.5718824463860206,FW,,attack,0
Liam Delap,eng ENG,FW,Ipswich Town,eng Premier League,21.0,2003.0,37,32,2593,28.8,12,2,14,10,2,2,9.3,7.8,1.9,9.7,0.39,66,29,43.9,2.29,1.01,0.15,0.34,0.12,219,357,61.3,3011,657,1.4,21,17,6,0,5,0,8,1,30,62,2.15,7,0.24,11,8,3,3,5,13.3,2,13,28,16,0,682,29,92,40,46.5,445,61,30,104,60,537,110,12,0,0,72,13,2,0,0,68,55,42.6,0.4165059776320864,0.069417662938681,0.4859236405707675,0.3470883146934053,0.3227921326648669,0.2707288854608561,0.065946779791747,0.3366756652526031,0.0135364442730428,2.290782876976475,1.0065561126108755,7.601234091785576,12.39105283455457,104.50829155418434,22.80370227535673,0.0485923640570767,0.7288854608561512,0.590050134978789,0.2082529888160432,0.0,0.1735441573467026,0.0,0.2776706517547243,0.0347088314693405,1.041264944080216,0.3817971461627459,0.2776706517547243,0.1041264944080216,0.1041264944080216,0.1735441573467026,0.069417662938681,0.4512148091014269,0.971847281141535,0.5553413035094485,23.67142306209024,1.0065561126108755,3.193212495179329,1.3883532587736211,15.445430003856536,2.1172387196297726,1.041264944080216,3.6097184728114153,2.082529888160432,18.638642499035868,3.8179714616274585,0.4165059776320864,0.0,2.4990358657925182,0.4512148091014269,0.069417662938681,0.0,0.0,2.360200539915156,1.9089857308137288,FW,,attack,1
Ousmane Dembélé,fr FRA,FW,Paris S-G,fr Ligue 1,27.0,1997.0,29,20,1730,19.2,21,6,27,20,1,1,16.6,15.8,8.2,24.0,1.29,96,49,51.0,4.99,2.55,0.21,0.41,0.16,844,1068,79.0,13453,3685,7.2,63,93,55,3,80,48,13,10,137,110,5.72,15,0.78,11,5,0,7,4,33.3,9,20,2,36,1,1323,2,161,42,44.2,878,127,66,41,32,1127,252,1,0,0,8,3,1,0,0,39,4,40.0,1.092485549132948,0.3121387283236994,1.4046242774566473,1.0404624277456649,0.8635838150289018,0.8219653179190752,0.4265895953757225,1.2485549132947975,0.0671098265895953,4.994219653179191,2.5491329479768785,43.90751445086705,55.5606936416185,699.8670520231215,191.70520231213877,0.3745664739884393,3.277456647398844,4.838150289017341,2.8612716763005777,0.1560693641618497,4.161849710982659,2.4971098265895955,0.676300578034682,0.5202312138728323,7.127167630057803,0.5722543352601156,0.2601156069364161,0.0,0.3641618497109826,0.2080924855491329,0.4682080924855491,1.0404624277456649,0.1040462427745664,1.8728323699421965,68.82658959537572,0.1040462427745664,8.3757225433526,2.184971098265896,45.676300578034684,6.606936416184972,3.433526011560694,2.1329479768786124,1.6647398843930636,58.630057803468205,13.109826589595375,0.0520231213872832,0.0,0.4161849710982659,0.1560693641618497,0.0520231213872832,0.0,0.0,2.0289017341040463,0.2080924855491329,FW,,attack,2
Ermedin Demirović,ba BIH,FW,Stuttgart,de Bundesliga,26.0,1998.0,34,20,1855,20.6,15,1,16,15,0,2,14.1,12.4,1.9,14.3,0.78,64,27,42.2,3.11,1.31,0.23,0.56,0.19,258,367,70.3,2971,645,1.7,18,15,10,0,3,0,3,0,31,47,2.28,7,0.34,12,7,3,4,5,25.0,3,15,12,11,0,582,10,126,5,20.0,305,20,9,39,27,437,115,2,0,0,24,3,0,0,0,33,34,42.0,0.7277628032345014,0.0485175202156334,0.7762803234501349,0.7277628032345014,0.6840970350404312,0.6016172506738544,0.0921832884097035,0.693800539083558,0.037843665768194,3.1051212938005395,1.3099730458221024,12.517520215633423,17.805929919137466,144.1455525606469,31.29380053908356,0.0824797843665768,0.8733153638814016,0.7277628032345014,0.4851752021563342,0.0,0.1455525606469002,0.0,0.1455525606469002,0.0,1.504043126684636,0.5822102425876011,0.3396226415094339,0.1455525606469002,0.1940700808625337,0.2425876010781671,0.1455525606469002,0.7277628032345014,0.5822102425876011,0.5336927223719676,28.237196765498656,0.4851752021563342,6.113207547169811,0.2425876010781671,14.797843665768196,0.9703504043126684,0.4366576819407008,1.892183288409704,1.3099730458221024,21.202156334231805,5.579514824797844,0.0970350404312668,0.0,1.1644204851752022,0.1455525606469002,0.0,0.0,0.0,1.601078167115903,1.6495956873315365,FW,,attack,4
Oumar Diakité,ci CIV,FW,Reims,fr Ligue 1,20.0,2003.0,26,20,1628,18.1,4,1,5,4,0,1,5.5,4.7,1.1,5.8,0.36,26,9,34.6,1.44,0.5,0.15,0.44,0.18,291,354,82.2,4122,691,1.2,11,22,12,2,7,0,1,2,44,39,2.16,4,0.22,20,13,7,8,5,47.4,3,23,9,10,0,580,13,57,20,35.1,319,24,4,64,38,397,93,6,0,0,27,3,0,0,0,59,25,29.8,0.2211302211302211,0.0552825552825552,0.2764127764127764,0.2211302211302211,0.304054054054054,0.2598280098280098,0.0608108108108108,0.3206388206388206,0.0199017199017199,1.4373464373464373,0.4975429975429975,16.087223587223587,19.570024570024568,227.87469287469287,38.2002457002457,0.0663390663390663,0.6081081081081081,1.2162162162162162,0.6633906633906634,0.1105651105651105,0.386977886977887,0.0,0.0552825552825552,0.1105651105651105,2.4324324324324325,1.1056511056511056,0.7186732186732187,0.386977886977887,0.4422604422604422,0.2764127764127764,0.1658476658476658,1.2714987714987716,0.4975429975429975,0.5528255528255528,32.06388206388206,0.7186732186732187,3.151105651105651,1.1056511056511056,17.635135135135133,1.3267813267813269,0.2211302211302211,3.538083538083538,2.1007371007371005,21.947174447174447,5.141277641277641,0.3316953316953317,0.0,1.4926289926289924,0.1658476658476658,0.0,0.0,0.0,3.2616707616707616,1.3820638820638822,FW,,attack,1
Assane Diao,sn SEN,"FW,MF",Como,it Serie A,18.0,2005.0,15,14,1252,13.9,8,1,9,8,0,0,4.0,4.0,0.4,4.4,0.31,28,13,46.4,2.01,0.93,0.29,0.62,0.14,241,304,79.3,3311,698,0.6,8,13,13,0,12,1,0,0,36,31,2.23,4,0.29,25,14,9,10,6,42.9,3,28,19,22,0,523,16,58,19,26.4,376,50,27,50,38,396,116,2,0,0,20,3,0,0,0,41,16,32.0,0.5750798722044728,0.0718849840255591,0.646964856230032,0.5750798722044728,0.2875399361022364,0.2875399361022364,0.0287539936102236,0.31629392971246,0.0222843450479233,2.0127795527156547,0.9345047923322684,17.324281150159745,21.85303514376997,238.0111821086262,50.17571884984025,0.0431309904153354,0.5750798722044728,0.9345047923322684,0.9345047923322684,0.0,0.8626198083067093,0.0718849840255591,0.0,0.0,2.587859424920128,1.7971246006389776,1.0063897763578271,0.646964856230032,0.7188498402555911,0.4313099041533546,0.2156549520766773,2.0127795527156547,1.365814696485623,1.5814696485623003,37.595846645367416,1.1501597444089455,4.169329073482428,1.365814696485623,27.028753993610223,3.594249201277955,1.940894568690096,3.594249201277955,2.731629392971246,28.466453674121407,8.338658146964855,0.1437699680511182,0.0,1.437699680511182,0.2156549520766773,0.0,0.0,0.0,2.947284345047924,1.1501597444089455,FW,MF,attack,1
Brahim Díaz,ma MAR,"FW,MF",Real Madrid,es La Liga,24.0,1999.0,31,16,1385,15.4,4,2,6,4,0,0,5.3,5.3,3.3,8.6,0.56,28,15,53.6,1.82,0.97,0.14,0.27,0.19,573,660,86.8,7322,1909,2.3,23,56,19,0,8,0,8,1,74,56,3.64,12,0.78,25,19,9,13,3,36.8,4,29,2,13,1,833,5,66,24,51.1,541,39,12,44,27,669,110,0,0,0,14,1,0,0,0,54,3,17.6,0.259927797833935,0.1299638989169675,0.3898916967509025,0.259927797833935,0.3444043321299639,0.3444043321299639,0.2144404332129963,0.5588447653429603,0.0363898916967509,1.819494584837545,0.9747292418772564,37.23465703971119,42.88808664259928,475.797833935018,124.05054151624547,0.1494584837545126,1.4945848375451265,3.63898916967509,1.2346570397111911,0.0,0.51985559566787,0.0,0.51985559566787,0.0649819494584837,4.808664259927798,1.624548736462094,1.2346570397111911,0.5848375451263538,0.8447653429602888,0.1949458483754512,0.259927797833935,1.8844765342960288,0.1299638989169675,0.8447653429602888,54.12996389891697,0.3249097472924188,4.288808664259928,1.55956678700361,35.15523465703971,2.5342960288808665,0.779783393501805,2.8592057761732854,1.7545126353790614,43.47292418772563,7.148014440433213,0.0,0.0,0.9097472924187724,0.0649819494584837,0.0,0.0,0.0,3.509025270758123,0.1949458483754512,FW,MF,attack,1
Luis Díaz,co COL,FW,Liverpool,eng Premier League,27.0,1997.0,36,28,2399,26.7,13,5,18,13,0,0,12.0,12.0,5.0,17.1,0.64,71,30,42.3,2.66,1.13,0.18,0.43,0.17,736,874,84.2,11789,2533,4.5,56,48,46,6,32,1,2,9,110,117,4.39,16,0.6,39,26,13,20,6,38.5,7,46,7,24,1,1184,17,167,53,45.7,780,108,56,55,49,933,293,2,0,0,48,4,2,0,0,105,13,25.5,0.4877032096706961,0.1875781575656523,0.6752813672363485,0.4877032096706961,0.4501875781575656,0.4501875781575656,0.1875781575656523,0.6415172988745311,0.0240100041684035,2.663609837432264,1.1254689453939142,27.61150479366403,32.78866194247603,442.2717799082951,95.02709462275948,0.1688203418090871,2.1008753647353062,1.8007503126302626,1.7257190496040018,0.2250937890787828,1.200500208420175,0.0375156315131304,0.0750312630262609,0.3376406836181742,4.126719466444352,1.4631096290120882,0.9754064193413922,0.4877032096706961,0.7503126302626094,0.2250937890787828,0.2626094205919133,1.7257190496040018,0.2626094205919133,0.9003751563151313,44.41850771154648,0.637765735723218,6.265110462692789,1.9883284701959152,29.262192580241766,4.051688203418091,2.1008753647353062,2.063359733222176,1.838265944143393,35.00208420175073,10.992080033347229,0.0750312630262609,0.0,1.8007503126302626,0.1500625260525218,0.0750312630262609,0.0,0.0,3.9391413088786993,0.4877032096706961,FW,,attack,2
Tyler Dibling,eng ENG,"FW,MF",Southampton,eng Premier League,18.0,2006.0,33,20,1874,20.8,2,0,2,2,0,0,2.5,2.5,1.5,4.1,0.2,28,9,32.1,1.34,0.43,0.07,0.22,0.09,504,620,81.3,7544,1553,1.5,20,27,20,1,28,11,8,3,64,56,2.69,4,0.19,34,20,13,18,3,61.5,8,42,16,17,1,868,27,41,45,40.9,558,69,26,44,55,651,96,6,0,0,30,5,2,0,0,80,10,28.6,0.096051227321238,0.0,0.096051227321238,0.096051227321238,0.1200640341515475,0.1200640341515475,0.0720384204909285,0.1969050160085378,0.0096051227321238,1.344717182497332,0.4322305229455709,24.20490928495197,29.77588046958378,362.3052294557097,74.5837780149413,0.0720384204909285,0.96051227321238,1.2966915688367129,0.96051227321238,0.048025613660619,1.344717182497332,0.528281750266809,0.384204909284952,0.144076840981857,3.073639274279616,1.632870864461046,0.96051227321238,0.624332977588047,0.8644610458911419,0.144076840981857,0.384204909284952,2.0170757737459977,0.768409818569904,0.816435432230523,41.686232657417285,1.2966915688367129,1.969050160085379,2.161152614727855,26.7982924226254,3.3137673425827106,1.248665955176094,2.113127001067236,2.6414087513340445,31.26467449306297,4.610458911419424,0.288153681963714,0.0,1.4407684098185698,0.240128068303095,0.096051227321238,0.0,0.0,3.84204909284952,0.48025613660619,FW,MF,attack,3
Diego,es ESP,FW,Leganés,es La Liga,24.0,2000.0,28,13,1195,13.3,3,0,3,3,0,0,3.8,3.8,0.2,4.0,0.3,29,9,31.0,2.18,0.68,0.1,0.33,0.13,121,192,63.0,1679,322,0.2,6,8,3,1,5,0,0,1,16,12,0.9,1,0.08,1,1,0,0,1,14.3,2,3,11,6,0,322,11,44,4,40.0,192,9,5,45,12,246,49,2,0,0,22,3,1,0,0,25,43,34.1,0.2259414225941422,0.0,0.2259414225941422,0.2259414225941422,0.2861924686192468,0.2861924686192468,0.0150627615062761,0.301255230125523,0.0225941422594142,2.1841004184100417,0.6778242677824268,9.112970711297072,14.460251046025103,126.45188284518828,24.251046025104603,0.0150627615062761,0.4518828451882845,0.602510460251046,0.2259414225941422,0.0753138075313807,0.3765690376569037,0.0,0.0,0.0753138075313807,1.205020920502092,0.0753138075313807,0.0753138075313807,0.0,0.0,0.0753138075313807,0.1506276150627615,0.2259414225941422,0.8284518828451883,0.4518828451882845,24.251046025104603,0.8284518828451883,3.3138075313807533,0.301255230125523,14.460251046025103,0.6778242677824268,0.3765690376569037,3.389121338912134,0.9037656903765692,18.527196652719663,3.6903765690376567,0.1506276150627615,0.0,1.656903765690377,0.2259414225941422,0.0753138075313807,0.0,0.0,1.8828451882845187,3.2384937238493725,FW,,attack,1
Ritsu Doan,jp JPN,"FW,MF",Freiburg,de Bundesliga,26.0,1998.0,34,33,2862,31.8,10,7,17,10,0,0,6.6,6.6,3.7,10.3,0.32,61,21,34.4,1.92,0.66,0.16,0.48,0.12,783,1090,71.8,12072,4302,5.9,27,70,48,15,80,9,12,5,130,111,3.49,16,0.5,66,42,33,26,7,54.3,14,80,47,42,1,1537,40,108,56,44.1,827,64,26,58,62,1031,178,2,0,0,27,15,1,1,0,133,16,30.8,0.3144654088050314,0.220125786163522,0.5345911949685535,0.3144654088050314,0.2075471698113207,0.2075471698113207,0.1163522012578616,0.3238993710691824,0.010062893081761,1.918238993710692,0.6603773584905661,24.62264150943396,34.276729559748425,379.622641509434,135.28301886792454,0.1855345911949685,0.8490566037735848,2.20125786163522,1.509433962264151,0.4716981132075472,2.5157232704402515,0.2830188679245283,0.3773584905660377,0.1572327044025157,4.088050314465408,2.0754716981132075,1.3207547169811322,1.0377358490566038,0.8176100628930817,0.220125786163522,0.440251572327044,2.5157232704402515,1.477987421383648,1.3207547169811322,48.333333333333336,1.2578616352201255,3.3962264150943398,1.7610062893081762,26.006289308176104,2.0125786163522013,0.8176100628930817,1.8238993710691824,1.9496855345911948,32.42138364779874,5.59748427672956,0.0628930817610062,0.0,0.8490566037735848,0.4716981132075472,0.0314465408805031,0.0314465408805031,0.0,4.182389937106919,0.5031446540880503,FW,MF,attack,3
Jeremy Doku,be BEL,"FW,MF",Manchester City,eng Premier League,22.0,2002.0,29,16,1516,16.8,3,6,9,3,0,0,1.3,1.3,4.8,6.1,0.36,29,9,31.0,1.72,0.53,0.1,0.33,0.05,603,762,79.1,8464,1506,3.8,32,12,48,6,59,2,8,0,69,79,4.69,14,0.83,31,22,9,12,10,53.3,4,35,2,30,0,1027,4,161,107,53.2,796,213,109,59,59,854,286,1,0,0,10,3,0,0,0,63,0,0.0,0.1781002638522427,0.3562005277044855,0.5343007915567282,0.1781002638522427,0.0771767810026385,0.0771767810026385,0.2849604221635883,0.3621372031662269,0.0213720316622691,1.7216358839050132,0.5343007915567282,35.79815303430079,45.23746701846966,502.4802110817942,89.40633245382585,0.2255936675461741,1.899736147757256,0.712401055408971,2.849604221635884,0.3562005277044855,3.502638522427441,0.1187335092348284,0.4749340369393139,0.0,4.096306068601583,1.8403693931398415,1.3060686015831136,0.5343007915567282,0.712401055408971,0.5936675461741425,0.2374670184696569,2.0778364116094985,0.1187335092348284,1.7810026385224276,60.96965699208444,0.2374670184696569,9.558047493403691,6.352242744063324,47.25593667546174,12.645118733509236,6.470976253298153,3.502638522427441,3.502638522427441,50.69920844327177,16.978891820580476,0.0593667546174142,0.0,0.5936675461741425,0.1781002638522427,0.0,0.0,0.0,3.740105540897098,0.0,FW,MF,attack,2
Benjamín Domínguez,ar ARG,FW,Bologna,it Serie A,20.0,2003.0,24,16,1281,14.2,3,2,5,3,0,0,2.2,2.2,0.8,3.1,0.21,30,17,56.7,2.11,1.19,0.1,0.18,0.07,272,348,78.2,3724,625,0.9,10,12,13,1,11,0,2,0,32,41,2.88,7,0.49,18,7,2,11,5,30.0,4,22,7,17,0,555,6,55,28,37.8,396,50,23,45,33,420,123,0,0,0,10,4,0,0,0,62,2,8.7,0.2107728337236534,0.1405152224824356,0.351288056206089,0.2107728337236534,0.1545667447306792,0.1545667447306792,0.0562060889929742,0.2177985948477751,0.0147540983606557,2.107728337236534,1.1943793911007026,19.11007025761124,24.449648711943794,261.6393442622951,43.91100702576112,0.063231850117096,0.702576112412178,0.8430913348946136,0.9133489461358316,0.0702576112412178,0.7728337236533959,0.0,0.1405152224824356,0.0,2.2482435597189694,1.2646370023419204,0.4918032786885246,0.1405152224824356,0.7728337236533959,0.351288056206089,0.2810304449648712,1.5456674473067915,0.4918032786885246,1.1943793911007026,38.992974238875874,0.4215456674473068,3.8641686182669783,1.9672131147540983,27.82201405152225,3.5128805620608903,1.6159250585480094,3.161592505854801,2.3185011709601877,29.508196721311474,8.641686182669789,0.0,0.0,0.702576112412178,0.2810304449648712,0.0,0.0,0.0,4.355971896955503,0.1405152224824356,FW,,attack,1
Désiré Doué,fr FRA,"FW,MF",Paris S-G,fr Ligue 1,19.0,2005.0,31,18,1730,19.2,6,6,12,6,0,0,5.1,5.1,7.8,13.0,0.67,55,20,36.4,2.86,1.04,0.11,0.3,0.09,933,1133,82.3,13916,3351,5.7,55,83,51,16,78,23,8,7,139,109,5.66,24,1.25,48,30,15,19,14,47.1,13,61,7,21,0,1461,4,123,57,44.2,899,97,47,54,37,1164,232,1,0,0,28,5,2,0,0,93,8,44.4,0.3121387283236994,0.3121387283236994,0.6242774566473989,0.3121387283236994,0.2653179190751445,0.2653179190751445,0.4057803468208092,0.676300578034682,0.0348554913294797,2.8612716763005777,1.0404624277456649,48.53757225433526,58.94219653179191,723.9537572254335,174.32947976878611,0.2965317919075144,2.8612716763005777,4.317919075144508,2.653179190751445,0.8323699421965318,4.057803468208093,1.1965317919075145,0.4161849710982659,0.3641618497109826,7.23121387283237,2.4971098265895955,1.5606936416184969,0.7803468208092484,0.9884393063583816,0.7283236994219653,0.676300578034682,3.1734104046242777,0.3641618497109826,1.092485549132948,76.00578034682081,0.2080924855491329,6.398843930635839,2.965317919075144,46.76878612716764,5.046242774566474,2.445086705202312,2.8092485549132946,1.92485549132948,60.554913294797686,12.06936416184971,0.0520231213872832,0.0,1.4566473988439306,0.2601156069364161,0.1040462427745664,0.0,0.0,4.838150289017341,0.4161849710982659,FW,MF,attack,2
Artem Dovbyk,ua UKR,FW,Roma,it Serie A,27.0,1997.0,32,27,2418,26.9,12,2,14,10,2,2,11.9,10.3,2.4,12.7,0.53,61,25,41.0,2.27,0.93,0.16,0.4,0.17,321,433,74.1,3515,432,1.5,25,17,4,0,1,0,2,0,16,52,1.94,6,0.22,4,2,0,1,3,0.0,2,6,12,11,0,654,15,145,7,38.9,355,24,14,79,33,504,175,0,0,0,30,1,0,0,0,26,42,41.2,0.4466501240694789,0.0744416873449131,0.5210918114143921,0.3722084367245657,0.4429280397022332,0.3833746898263028,0.0893300248138957,0.4727047146401985,0.0197270471464019,2.270471464019851,0.9305210918114144,11.94789081885856,16.116625310173696,130.83126550868485,16.07940446650124,0.0558312655086848,0.9305210918114144,0.6327543424317619,0.1488833746898263,0.0,0.0372208436724565,0.0,0.0744416873449131,0.0,0.5955334987593052,0.1488833746898263,0.0744416873449131,0.0,0.0372208436724565,0.1116625310173697,0.0744416873449131,0.2233250620347394,0.4466501240694789,0.4094292803970223,24.3424317617866,0.5583126550868487,5.397022332506203,0.260545905707196,13.213399503722083,0.8933002481389578,0.5210918114143921,2.94044665012407,1.228287841191067,18.759305210918114,6.513647642679901,0.0,0.0,1.1166253101736974,0.0372208436724565,0.0,0.0,0.0,0.967741935483871,1.5632754342431765,FW,,attack,1
Marvin Ducksch,de GER,FW,Werder Bremen,de Bundesliga,30.0,1994.0,32,30,2418,26.9,8,8,16,7,1,2,10.1,8.5,8.5,17.0,0.69,70,27,38.6,2.61,1.0,0.1,0.26,0.12,560,908,61.7,9835,3215,9.1,61,43,30,8,167,105,8,13,86,103,3.83,12,0.45,10,7,3,5,2,21.4,8,18,26,24,3,1105,31,116,7,36.8,538,26,12,31,11,673,166,3,0,0,6,0,0,0,0,65,19,39.6,0.2977667493796526,0.2977667493796526,0.5955334987593052,0.260545905707196,0.3759305210918114,0.3163771712158809,0.3163771712158809,0.6327543424317619,0.025682382133995,2.60545905707196,1.0049627791563276,20.84367245657568,33.79652605459057,366.0669975186104,119.66501240694788,0.3387096774193548,2.270471464019851,1.6004962779156329,1.1166253101736974,0.2977667493796526,6.215880893300248,3.908188585607941,0.2977667493796526,0.4838709677419355,3.2009925558312657,0.3722084367245657,0.260545905707196,0.1116625310173697,0.1861042183622828,0.0744416873449131,0.2977667493796526,0.6699751861042184,0.967741935483871,0.8933002481389578,41.12903225806451,1.1538461538461535,4.317617866004963,0.260545905707196,20.02481389578164,0.967741935483871,0.4466501240694789,1.1538461538461535,0.4094292803970223,25.04962779156328,6.178660049627792,0.1116625310173697,0.0,0.2233250620347394,0.0,0.0,0.0,0.0,2.419354838709677,0.707196029776675,FW,,attack,0
Pablo Durán,es ESP,"FW,MF",Celta Vigo,es La Liga,23.0,2001.0,27,15,1394,15.5,4,4,8,4,0,0,3.6,3.6,2.8,6.5,0.42,26,9,34.6,1.68,0.58,0.15,0.44,0.14,284,400,71.0,4181,735,1.0,17,21,10,3,18,1,1,3,30,30,1.94,4,0.26,17,9,4,7,6,31.3,8,25,18,19,0,584,11,64,12,28.6,338,24,13,42,20,401,124,3,0,0,32,2,0,0,0,46,13,28.9,0.2582496413199426,0.2582496413199426,0.5164992826398852,0.2582496413199426,0.2324246771879483,0.2324246771879483,0.1807747489239598,0.4196556671449067,0.0271162123385939,1.6786226685796268,0.5810616929698709,18.33572453371593,25.82496413199426,269.93543758967,47.453371592539455,0.0645624103299856,1.0975609756097562,1.3558106169296986,0.6456241032998565,0.1936872309899569,1.1621233859397415,0.0645624103299856,0.0645624103299856,0.1936872309899569,1.9368723098995697,1.0975609756097562,0.5810616929698709,0.2582496413199426,0.4519368723098995,0.3873744619799139,0.5164992826398852,1.6140602582496413,1.1621233859397415,1.2266857962697275,37.70444763271162,0.7101865136298422,4.131994261119082,0.7747489239598278,21.82209469153515,1.5494978479196555,0.8393113342898134,2.711621233859397,1.291248206599713,25.889526542324248,8.005738880918221,0.1936872309899569,0.0,2.065997130559541,0.1291248206599713,0.0,0.0,0.0,2.96987087517934,0.8393113342898134,FW,MF,attack,1
Hugo Duro,es ESP,FW,Valencia,es La Liga,24.0,1999.0,31,25,2166,24.1,11,2,13,10,1,1,9.4,8.6,1.3,9.9,0.44,48,16,33.3,1.99,0.66,0.21,0.63,0.18,296,428,69.2,4100,492,0.5,14,18,3,0,7,0,0,1,28,29,1.2,5,0.21,13,8,4,7,2,38.5,10,23,11,15,0,634,15,90,7,35.0,297,13,7,58,32,471,88,5,0,0,38,5,2,1,1,46,59,36.9,0.4570637119113573,0.0831024930747922,0.5401662049861495,0.4155124653739612,0.3905817174515235,0.3573407202216066,0.0540166204986149,0.4113573407202216,0.0182825484764542,1.994459833795014,0.6648199445983379,12.299168975069252,17.78393351800554,170.3601108033241,20.44321329639889,0.020775623268698,0.5817174515235457,0.7479224376731303,0.1246537396121883,0.0,0.2908587257617728,0.0,0.0,0.0415512465373961,1.1634349030470914,0.5401662049861495,0.3324099722991689,0.1662049861495844,0.2908587257617728,0.0831024930747922,0.4155124653739612,0.9556786703601108,0.4570637119113573,0.6232686980609418,26.34349030470914,0.6232686980609418,3.739612188365651,0.2908587257617728,12.340720221606649,0.5401662049861495,0.2908587257617728,2.409972299168975,1.329639889196676,19.570637119113574,3.656509695290859,0.2077562326869806,0.0,1.5789473684210529,0.2077562326869806,0.0831024930747922,0.0415512465373961,0.0415512465373961,1.9113573407202216,2.451523545706371,FW,,attack,1
Paulo Dybala,ar ARG,"FW,MF",Roma,it Serie A,30.0,1993.0,24,16,1417,15.7,6,3,9,3,3,3,6.4,4.0,5.0,9.0,0.72,47,15,31.9,2.99,0.95,0.06,0.2,0.09,596,729,81.8,9980,2382,5.2,40,47,26,5,62,36,2,16,79,84,5.34,8,0.51,17,7,3,9,5,42.1,2,19,2,16,0,909,6,75,11,25.6,595,41,17,40,28,709,122,2,0,0,6,11,2,0,0,63,8,32.0,0.3810868031051517,0.1905434015525758,0.5716302046577276,0.1905434015525758,0.4064925899788285,0.2540578687367678,0.3175723359209598,0.5716302046577276,0.0457304163726182,2.985179957657022,0.9527170077628794,37.85462244177841,46.30204657727593,633.8743824982357,151.29146083274523,0.3302752293577982,2.5405786873676783,2.985179957657022,1.651376146788991,0.3175723359209598,3.9378969654199016,2.2865208186309105,0.1270289343683839,1.0162314749470711,5.017642907551164,1.0797459421312632,0.4446012702893437,0.1905434015525758,0.5716302046577276,0.3175723359209598,0.1270289343683839,1.206774876499647,0.1270289343683839,1.0162314749470711,57.73465067043048,0.3810868031051517,4.763585038814397,0.6986591390261115,37.79110797459421,2.60409315455187,1.0797459421312632,2.5405786873676783,1.7784050811573748,45.031757233592096,7.748764996471419,0.1270289343683839,0.0,0.3810868031051517,0.6986591390261115,0.1270289343683839,0.0,0.0,4.001411432604093,0.5081157374735357,FW,MF,attack,0
Johannes Eggestein,de GER,FW,St. Pauli,de Bundesliga,26.0,1998.0,27,22,1853,20.6,3,4,7,2,1,2,4.7,3.1,2.1,5.2,0.33,34,10,29.4,1.65,0.49,0.06,0.2,0.09,404,547,73.9,5609,1043,1.3,24,25,9,2,35,0,4,2,43,43,2.09,4,0.19,5,3,0,2,3,20.0,0,5,8,28,0,713,6,78,7,41.2,384,25,8,53,30,543,138,3,0,0,11,2,0,0,0,58,28,24.8,0.1457096600107933,0.1942795466810577,0.339989206691851,0.0971397733405288,0.2282784673502428,0.1505666486778197,0.1019967620075553,0.2525634106853751,0.0160280626011872,1.651376146788991,0.4856988667026443,19.622234214786832,26.56772800863465,272.4284943335132,50.65839179708581,0.0631408526713437,1.1656772800863464,1.214247166756611,0.4371289800323799,0.0971397733405288,1.699946033459255,0.0,0.1942795466810577,0.0971397733405288,2.088505126821371,0.2428494333513221,0.1457096600107933,0.0,0.0971397733405288,0.1457096600107933,0.0,0.2428494333513221,0.3885590933621154,1.3599568267674045,34.63032919589854,0.2914193200215866,3.788451160280626,0.339989206691851,18.650836481381543,1.214247166756611,0.3885590933621154,2.574203993524015,1.457096600107933,26.37344846195359,6.7026443604964925,0.1457096600107933,0.0,0.5342687533729088,0.0971397733405288,0.0,0.0,0.0,2.817053426875337,1.3599568267674045,FW,,attack,3
Chidera Ejuke,ng NGA,FW,Sevilla,es La Liga,26.0,1998.0,25,9,966,10.7,2,1,3,2,0,0,1.1,1.1,1.9,3.0,0.28,20,8,40.0,1.86,0.75,0.1,0.25,0.05,363,445,81.6,5949,1122,1.2,21,18,20,5,22,23,2,8,38,45,4.19,2,0.19,19,13,8,9,2,45.0,5,24,8,17,0,612,6,43,47,55.3,416,75,26,35,22,443,101,0,0,0,6,3,0,0,0,63,4,30.8,0.1863354037267081,0.093167701863354,0.2795031055900621,0.1863354037267081,0.1024844720496894,0.1024844720496894,0.1770186335403726,0.2795031055900621,0.0260869565217391,1.8633540372670807,0.7453416149068324,33.81987577639752,41.45962732919255,554.2546583850932,104.53416149068325,0.1118012422360248,1.9565217391304348,1.6770186335403727,1.8633540372670807,0.4658385093167702,2.049689440993789,2.142857142857143,0.1863354037267081,0.7453416149068324,3.5403726708074537,1.7701863354037268,1.2111801242236024,0.7453416149068324,0.8385093167701864,0.1863354037267081,0.4658385093167702,2.2360248447204967,0.7453416149068324,1.5838509316770186,57.01863354037267,0.5590062111801242,4.006211180124224,4.37888198757764,38.75776397515528,6.987577639751552,2.422360248447205,3.260869565217392,2.049689440993789,41.27329192546584,9.409937888198758,0.0,0.0,0.5590062111801242,0.2795031055900621,0.0,0.0,0.0,5.869565217391304,0.3726708074534162,FW,,attack,0
Hugo Ekitike,fr FRA,FW,Eint Frankfurt,de Bundesliga,22.0,2002.0,33,31,2563,28.5,15,8,23,14,1,3,21.6,19.3,6.8,26.0,0.99,114,44,38.6,4.0,1.55,0.12,0.32,0.17,486,644,75.5,6414,1191,5.4,44,24,31,4,17,0,6,5,53,101,3.55,12,0.42,16,12,3,8,5,33.3,7,23,24,23,0,1054,27,196,52,43.7,633,93,52,99,34,777,215,1,0,0,39,4,1,0,0,87,52,46.8,0.5267264923917284,0.2809207959422551,0.8076472883339836,0.4916113928989465,0.758486149044089,0.6777214202106906,0.2387826765509169,0.9129925868123292,0.034763948497854,4.003121342177136,1.5450643776824031,17.065938353492,22.61412407335154,225.2282481467031,41.82208349590324,0.1896215372610222,1.5450643776824031,0.8427623878267655,1.0885680842762389,0.1404603979711275,0.5969566913772922,0.0,0.2106905969566913,0.1755754974639094,1.8611002731174409,0.5618415918845103,0.4213811939133827,0.1053452984783456,0.2809207959422551,0.1755754974639094,0.2458056964494732,0.8076472883339836,0.8427623878267655,0.8076472883339836,37.01131486539212,0.9481076863051112,6.882559500585251,1.8259851736246584,22.22785797893094,3.265704252828716,1.8259851736246584,3.476394849785408,1.1939133827545845,27.28443230589153,7.5497463909481075,0.0351150994927818,0.0,1.369488880218494,0.1404603979711275,0.0351150994927818,0.0,0.0,3.055013655872025,1.8259851736246584,FW,,attack,4
Anthony Elanga,se SWE,"FW,MF",Nott'ham Forest,eng Premier League,22.0,2002.0,38,31,2501,27.8,6,11,17,6,0,0,4.5,4.5,5.7,10.1,0.36,44,24,54.5,1.58,0.86,0.14,0.25,0.1,540,827,65.3,8021,2660,5.1,50,32,26,8,185,86,3,0,63,102,3.67,18,0.65,19,14,8,8,3,29.4,6,25,25,24,0,1115,29,110,25,30.1,600,102,48,79,43,764,229,1,0,0,9,11,0,0,0,89,24,39.3,0.2159136345461815,0.3958416633346661,0.6117552978808477,0.2159136345461815,0.1619352259096361,0.1619352259096361,0.2051179528188724,0.3634546181527389,0.0129548180727708,1.5833666533386646,0.8636545381847262,19.43222710915634,29.760095961615352,288.640543782487,95.7217113154738,0.1835265893642543,1.7992802878848462,1.1515393842463015,0.93562574970012,0.2878848460615754,6.657337065173931,3.094762095161935,0.1079568172730907,0.0,2.267093162734906,0.6837265093962415,0.5037984806077569,0.2878848460615754,0.2878848460615754,0.1079568172730907,0.2159136345461815,0.8996401439424231,0.8996401439424231,0.8636545381847262,40.12395041983207,1.0435825669732108,3.958416633346661,0.8996401439424231,21.59136345461815,3.670531787285086,1.7273090763694523,2.842862854858057,1.5473810475809675,27.49300279888045,8.240703718512595,0.0359856057576969,0.0,0.3238704518192722,0.3958416633346661,0.0,0.0,0.0,3.2027189124350257,0.8636545381847262,FW,MF,attack,0
Elif Elmas,mk MKD,"FW,MF",Torino,it Serie A,24.0,1999.0,13,12,1021,11.3,4,0,4,4,0,0,1.4,1.4,0.4,1.8,0.16,19,9,47.4,1.67,0.79,0.21,0.44,0.07,270,336,80.4,4155,1051,1.1,9,22,15,5,23,2,0,3,34,29,2.56,3,0.26,10,7,3,5,2,40.0,6,16,5,4,2,444,5,38,13,34.2,303,42,14,22,10,324,58,0,0,0,13,2,0,0,0,33,2,40.0,0.3525954946131244,0.0,0.3525954946131244,0.3525954946131244,0.1234084231145935,0.1234084231145935,0.0352595494613124,0.1586679725759059,0.0141038197845249,1.6748285994123409,0.79333986287953,23.800195886385897,29.618021547502448,366.25857002938295,92.64446620959843,0.0969637610186092,0.79333986287953,1.939275220372184,1.3222331047992164,0.4407443682664055,2.027424094025465,0.1762977473065622,0.0,0.2644466209598433,2.997061704211557,0.881488736532811,0.6170421155729677,0.2644466209598433,0.4407443682664055,0.1762977473065622,0.5288932419196866,1.4103819784524976,0.4407443682664055,0.3525954946131244,39.13809990205681,0.4407443682664055,3.3496571988246817,1.1459353574926543,26.70910871694417,3.702252693437806,1.2340842311459357,1.939275220372184,0.881488736532811,28.560235063663075,5.112634671890303,0.0,0.0,1.1459353574926543,0.1762977473065622,0.0,0.0,0.0,2.908912830558276,0.1762977473065622,FW,MF,attack,1
Adri Embarba,es ESP,"FW,MF",Rayo Vallecano,es La Liga,32.0,1992.0,35,18,1607,17.9,1,1,2,1,0,0,2.1,2.1,2.7,4.8,0.27,37,12,32.4,2.07,0.67,0.03,0.08,0.06,383,599,63.9,6104,1485,2.5,20,23,17,10,114,35,4,2,45,46,2.58,2,0.11,41,20,17,17,7,38.3,13,54,14,27,2,847,17,44,20,35.7,467,47,12,61,24,527,114,4,0,0,25,6,0,0,0,67,13,28.3,0.0560049782202862,0.0560049782202862,0.1120099564405724,0.0560049782202862,0.1176104542626011,0.1176104542626011,0.1512134411947728,0.2688238954573739,0.0151213441194772,2.072184194150591,0.6720597386434349,21.449906658369635,33.546981953951466,341.8543870566273,83.16739265712508,0.1400124455507156,1.120099564405725,1.2881144990665836,0.9520846297448662,0.5600497822028625,6.384567517112632,1.9601742377100189,0.2240199128811449,0.1120099564405724,2.520224019912881,2.2962041070317363,1.120099564405725,0.9520846297448662,0.9520846297448662,0.3920348475420038,0.7280647168637212,3.0242688238954574,0.7840696950840076,1.512134411947729,47.43621655258245,0.9520846297448662,2.464219041692595,1.120099564405725,26.15432482887368,2.632233976353453,0.6720597386434349,3.416303671437461,1.34411947728687,29.51462352209085,6.384567517112632,0.2240199128811449,0.0,1.400124455507156,0.3360298693217174,0.0,0.0,0.0,3.7523335407591785,0.7280647168637212,FW,MF,attack,3
Breel Embolo,ch SUI,"FW,MF",Monaco,fr Ligue 1,27.0,1997.0,29,19,1841,20.5,6,4,10,6,0,0,10.8,10.8,5.6,16.4,0.8,51,18,35.3,2.49,0.88,0.12,0.33,0.21,299,432,69.2,4346,1127,3.6,32,22,23,0,6,0,8,1,55,54,2.64,10,0.49,22,17,7,7,8,31.3,3,25,10,9,1,668,13,121,14,33.3,397,22,12,64,53,499,140,5,0,0,27,4,2,0,0,58,30,50.0,0.2933188484519283,0.1955458989679522,0.4888647474198804,0.2933188484519283,0.527973927213471,0.527973927213471,0.2737642585551331,0.8017381857686039,0.0391091797935904,2.4932102118413906,0.8799565453557848,14.617055947854428,21.11895708853884,212.4606192286801,55.09505703422053,0.1759913090711569,1.5643671917436175,1.075502444323737,1.1243889190657252,0.0,0.2933188484519283,0.0,0.3910917979359044,0.048886474741988,2.6887561108093427,1.075502444323737,0.8310700706137969,0.3422053231939163,0.3422053231939163,0.3910917979359044,0.1466594242259641,1.222161868549701,0.4888647474198804,0.4399782726778924,32.656165127648016,0.6355241716458446,5.915263443780554,0.6844106463878327,19.40793047256925,1.075502444323737,0.5866376969038566,3.128734383487235,2.5909831613253664,24.39435089625204,6.844106463878327,0.2444323737099402,0.0,1.3199348180336774,0.1955458989679522,0.0977729494839761,0.0,0.0,2.835415535035307,1.4665942422596414,FW,MF,attack,1
Emanuel Emegha,nl NED,FW,Strasbourg,fr Ligue 1,21.0,2003.0,27,27,2293,25.5,14,3,17,14,0,0,17.0,17.0,2.4,19.4,0.76,61,35,57.4,2.39,1.37,0.23,0.4,0.28,273,340,80.3,3373,347,0.7,18,4,4,0,0,0,0,0,14,32,1.26,4,0.16,6,6,1,2,3,33.3,1,7,30,7,0,577,36,99,7,25.0,341,37,32,59,30,423,104,5,0,0,36,3,0,0,0,60,26,40.0,0.5494984736153511,0.1177496729175752,0.6672481465329263,0.5494984736153511,0.6672481465329263,0.6672481465329263,0.0941997383340601,0.7614478848669864,0.029829917139119,2.3942433493240296,1.3737461840383778,10.715220235499348,13.344962930658529,132.38988225032708,13.6197121674662,0.0274749236807675,0.7064980375054514,0.1569995638901003,0.1569995638901003,0.0,0.0,0.0,0.0,0.0,0.5494984736153511,0.2354993458351504,0.2354993458351504,0.039249890972525,0.0784997819450501,0.1177496729175752,0.039249890972525,0.2747492368076755,1.1774967291757523,0.2747492368076755,22.647187091146968,1.4129960750109027,3.8857392062799834,0.2747492368076755,13.384212821631053,1.4522459659834277,1.2559965111208025,2.3157435673789792,1.1774967291757523,16.602703881378105,4.081988661142608,0.1962494548626253,0.0,1.4129960750109027,0.1177496729175752,0.0,0.0,0.0,2.3549934583515046,1.020497165285652,FW,,attack,4
Sebastiano Esposito,it ITA,"FW,MF",Empoli,it Serie A,22.0,2002.0,33,27,2331,25.9,8,0,8,7,1,2,5.7,4.2,2.1,6.3,0.3,59,19,32.2,2.28,0.73,0.12,0.37,0.07,445,739,60.2,6868,2707,2.1,36,57,31,5,55,19,7,6,93,79,3.05,6,0.23,57,29,15,31,11,51.4,12,69,14,41,0,1081,11,95,29,43.3,565,31,11,88,50,712,106,1,0,0,47,7,2,0,0,106,26,31.7,0.3088803088803089,0.0,0.3088803088803089,0.2702702702702703,0.22007722007722,0.1621621621621621,0.081081081081081,0.2432432432432432,0.0115830115830115,2.277992277992278,0.7335907335907337,17.18146718146718,28.53281853281853,265.1737451737452,104.5173745173745,0.081081081081081,1.38996138996139,2.200772200772201,1.196911196911197,0.193050193050193,2.123552123552124,0.7335907335907337,0.2702702702702703,0.2316602316602316,3.5907335907335907,2.200772200772201,1.1196911196911197,0.5791505791505791,1.196911196911197,0.4247104247104247,0.4633204633204633,2.664092664092664,0.5405405405405406,1.5830115830115832,41.737451737451735,0.4247104247104247,3.667953667953668,1.1196911196911197,21.81467181467181,1.196911196911197,0.4247104247104247,3.397683397683398,1.9305019305019304,27.49034749034749,4.0926640926640925,0.0386100386100386,0.0,1.8146718146718148,0.2702702702702703,0.0772200772200772,0.0,0.0,4.0926640926640925,1.003861003861004,FW,MF,attack,3
Samuel Essende,cd COD,FW,Augsburg,de Bundesliga,26.0,1998.0,30,21,1636,18.2,7,2,9,7,0,0,4.2,4.2,1.3,5.5,0.3,44,13,29.5,2.42,0.72,0.16,0.54,0.1,195,301,64.8,2526,430,1.4,11,11,6,2,5,0,0,0,21,27,1.48,3,0.16,7,6,1,3,3,75.0,0,7,11,12,1,564,10,93,14,26.9,347,33,20,86,37,433,118,4,2,0,45,5,0,0,0,42,57,43.8,0.3850855745721271,0.1100244498777506,0.4951100244498778,0.3850855745721271,0.2310513447432763,0.2310513447432763,0.0715158924205379,0.3025672371638142,0.0165036674816625,2.4205378973105134,0.715158924205379,10.727383863080684,16.558679706601467,138.96088019559903,23.655256723716384,0.0770171149144254,0.6051344743276283,0.6051344743276283,0.3300733496332518,0.1100244498777506,0.2750611246943765,0.0,0.0,0.0,1.155256723716381,0.3850855745721271,0.3300733496332518,0.0550122249388753,0.1650366748166259,0.1650366748166259,0.0,0.3850855745721271,0.6051344743276283,0.6601466992665037,31.02689486552567,0.5501222493887531,5.116136919315403,0.7701711491442542,19.08924205378973,1.815403422982885,1.1002444987775062,4.7310513447432765,2.0354523227383865,23.820293398533007,6.491442542787286,0.2200488997555012,0.1100244498777506,2.4755501222493885,0.2750611246943765,0.0,0.0,0.0,2.3105134474327627,3.1356968215158925,FW,,attack,1
Evanilson,br BRA,FW,Bournemouth,eng Premier League,24.0,1999.0,31,28,2319,25.8,10,1,11,10,0,1,12.5,11.7,1.9,13.6,0.56,72,31,43.1,2.79,1.2,0.14,0.32,0.16,244,342,71.3,3038,622,1.8,26,14,6,0,0,0,4,4,28,61,2.37,8,0.31,16,10,6,5,5,66.7,1,17,21,11,0,558,23,127,7,33.3,333,29,15,38,24,400,99,1,1,0,37,9,5,0,0,67,42,40.4,0.3880983182406209,0.0388098318240621,0.426908150064683,0.3880983182406209,0.4851228978007762,0.4540750323415265,0.0737386804657179,0.5278137128072445,0.0217335058214747,2.794307891332471,1.203104786545925,9.469598965071151,13.272962483829236,117.90426908150066,24.139715394566625,0.0698576972833117,1.0090556274256146,0.5433376455368694,0.2328589909443726,0.0,0.0,0.0,0.1552393272962484,0.1552393272962484,1.0866752910737387,0.6209573091849936,0.3880983182406209,0.2328589909443726,0.1940491591203104,0.1940491591203104,0.0388098318240621,0.6597671410090556,0.815006468305304,0.426908150064683,21.65588615782665,0.8926261319534281,4.928848641655886,0.2716688227684347,12.923673997412678,1.125485122897801,0.5821474773609314,1.4747736093143595,0.9314359637774904,15.52393272962484,3.842173350582148,0.0388098318240621,0.0388098318240621,1.4359637774902974,0.3492884864165588,0.1940491591203104,0.0,0.0,2.6002587322121604,1.630012936610608,FW,,attack,1
Abde Ezzalzouli,ma MAR,"FW,MF",Betis,es La Liga,22.0,2001.0,32,23,1984,22.0,2,2,4,2,0,1,8.0,7.2,2.0,9.3,0.46,61,25,41.0,2.77,1.13,0.03,0.08,0.12,542,757,71.6,6695,1928,2.1,27,42,19,2,49,1,2,4,68,66,2.99,7,0.32,37,25,17,16,4,55.6,7,44,19,27,0,1081,10,151,46,44.7,706,117,58,64,50,797,215,2,0,0,23,4,2,0,0,102,26,41.3,0.0907258064516129,0.0907258064516129,0.1814516129032258,0.0907258064516129,0.3629032258064516,0.3266129032258064,0.0907258064516129,0.421875,0.0208669354838709,2.767137096774193,1.1340725806451613,24.586693548387096,34.33971774193548,303.7046370967742,87.45967741935485,0.0952620967741935,1.2247983870967742,1.9052419354838708,0.8618951612903226,0.0907258064516129,2.222782258064516,0.0453629032258064,0.0907258064516129,0.1814516129032258,3.0846774193548385,1.6784274193548387,1.1340725806451613,0.7711693548387096,0.7258064516129032,0.1814516129032258,0.3175403225806451,1.995967741935484,0.8618951612903226,1.2247983870967742,49.03729838709677,0.4536290322580645,6.849798387096774,2.086693548387097,32.02620967741935,5.307459677419355,2.631048387096774,2.903225806451613,2.2681451612903225,36.154233870967744,9.753024193548388,0.0907258064516129,0.0,1.0433467741935485,0.1814516129032258,0.0907258064516129,0.0,0.0,4.627016129032258,1.1794354838709675,FW,MF,attack,0
Alieu Fadera,gm GAM,"FW,DF",Como,it Serie A,22.0,2001.0,28,20,1644,18.3,1,3,4,1,0,0,1.7,1.7,4.0,5.7,0.31,28,9,32.1,1.53,0.49,0.04,0.11,0.06,441,591,74.6,6233,1638,1.9,23,14,24,5,39,0,3,3,36,54,2.95,7,0.38,64,47,25,27,12,44.4,12,76,10,28,0,844,16,60,26,38.2,544,74,32,41,33,533,160,2,1,0,40,6,0,0,0,95,11,42.3,0.0547445255474452,0.1642335766423357,0.218978102189781,0.0547445255474452,0.0930656934306569,0.0930656934306569,0.218978102189781,0.312043795620438,0.016970802919708,1.532846715328467,0.4927007299270073,24.142335766423358,32.35401459854015,341.2226277372263,89.67153284671532,0.1040145985401459,1.2591240875912408,0.7664233576642335,1.313868613138686,0.2737226277372263,2.1350364963503647,0.0,0.1642335766423357,0.1642335766423357,1.9708029197080288,3.5036496350364965,2.572992700729927,1.368613138686131,1.478102189781022,0.656934306569343,0.656934306569343,4.160583941605839,0.5474452554744526,1.532846715328467,46.2043795620438,0.8759124087591241,3.284671532846715,1.4233576642335768,29.781021897810216,4.051094890510949,1.7518248175182485,2.244525547445256,1.8065693430656933,29.178832116788325,8.75912408759124,0.1094890510948905,0.0547445255474452,2.18978102189781,0.3284671532846715,0.0,0.0,0.0,5.200729927007299,0.6021897810218978,FW,DF,attack,3
Roberto Férnandez,es ESP,FW,Espanyol,es La Liga,22.0,2002.0,19,18,1497,16.6,6,0,6,6,0,0,3.6,3.6,0.6,4.2,0.25,21,9,42.9,1.26,0.54,0.29,0.67,0.17,187,259,72.2,2227,311,0.5,8,9,7,0,2,0,2,0,17,28,1.68,3,0.18,4,4,2,1,1,0.0,3,7,26,12,0,436,26,37,11,40.7,227,7,3,55,16,292,50,1,0,0,28,4,1,0,0,33,34,38.6,0.3607214428857715,0.0,0.3607214428857715,0.3607214428857715,0.2164328657314629,0.2164328657314629,0.0360721442885771,0.25250501002004,0.0150300601202404,1.2625250501002003,0.5410821643286573,11.24248496993988,15.571142284569138,133.8877755511022,18.69739478957916,0.0300601202404809,0.4809619238476954,0.5410821643286573,0.4208416833667334,0.0,0.1202404809619238,0.0,0.1202404809619238,0.0,1.0220440881763528,0.2404809619238477,0.2404809619238477,0.1202404809619238,0.0601202404809619,0.0601202404809619,0.1803607214428857,0.4208416833667334,1.56312625250501,0.721442885771543,26.2124248496994,1.56312625250501,2.224448897795591,0.6613226452905812,13.647294589178356,0.4208416833667334,0.1803607214428857,3.306613226452906,0.9619238476953909,17.555110220440884,3.0060120240480965,0.0601202404809619,0.0,1.6833667334669338,0.2404809619238477,0.0601202404809619,0.0,0.0,1.983967935871744,2.0440881763527057,FW,,attack,1
Matias Fernandez-Pardo,be BEL,"FW,MF",Lille,fr Ligue 1,19.0,2005.0,22,12,1065,11.8,4,2,6,4,0,0,2.9,2.9,2.8,5.7,0.48,23,12,52.2,1.94,1.01,0.17,0.33,0.12,224,307,73.0,3456,733,1.9,16,10,11,0,30,17,1,2,26,30,2.54,6,0.51,12,9,3,6,3,50.0,3,15,6,13,0,429,7,51,20,40.0,285,46,26,23,13,311,85,4,0,0,18,1,1,0,0,35,0,0.0,0.3380281690140845,0.1690140845070422,0.5070422535211268,0.3380281690140845,0.2450704225352112,0.2450704225352112,0.2366197183098591,0.4816901408450704,0.0405633802816901,1.943661971830986,1.0140845070422535,18.92957746478873,25.943661971830984,292.056338028169,61.94366197183098,0.1605633802816901,1.352112676056338,0.8450704225352113,0.9295774647887324,0.0,2.535211267605634,1.4366197183098592,0.0845070422535211,0.1690140845070422,2.197183098591549,1.0140845070422535,0.76056338028169,0.2535211267605634,0.5070422535211268,0.2535211267605634,0.2535211267605634,1.267605633802817,0.5070422535211268,1.0985915492957747,36.25352112676057,0.5915492957746479,4.309859154929577,1.6901408450704225,24.08450704225352,3.887323943661972,2.197183098591549,1.943661971830986,1.0985915492957747,26.281690140845072,7.183098591549296,0.3380281690140845,0.0,1.52112676056338,0.0845070422535211,0.0845070422535211,0.0,0.0,2.9577464788732395,0.0,FW,MF,attack,1
Malick Fofana,be BEL,FW,Lyon,fr Ligue 1,19.0,2005.0,29,16,1589,17.7,5,4,9,5,0,0,3.8,3.8,3.7,7.6,0.43,31,15,48.4,1.76,0.85,0.16,0.33,0.12,494,638,77.4,6737,1373,4.4,25,20,32,13,70,0,1,0,45,55,3.12,11,0.62,22,11,8,11,3,47.1,8,30,6,32,0,828,7,95,24,40.7,587,112,39,36,18,645,205,2,0,0,13,5,1,0,0,63,2,14.3,0.2831969792322215,0.2265575833857772,0.5097545626179988,0.2831969792322215,0.2152297042164883,0.2152297042164883,0.2095657646318439,0.4304594084329767,0.024354940213971,1.7558212712397736,0.8495909376966646,27.97986154814349,36.13593455003147,381.5796098174953,77.76589049716803,0.2492133417243549,1.4159848961611077,1.132787916928886,1.8124606670862176,0.7363121460037759,3.9647577092511015,0.0,0.0566393958464443,0.0,2.5487728130899936,1.2460667086217747,0.6230333543108874,0.4531151667715544,0.6230333543108874,0.1699181875393329,0.4531151667715544,1.6991818753933292,0.3398363750786658,1.8124606670862176,46.89741976085588,0.3964757709251101,5.380742605412209,1.3593455003146633,33.247325361862806,6.343612334801763,2.208936438011328,2.039018250471995,1.0195091252359976,36.53241032095658,11.611076148521082,0.1132787916928886,0.0,0.7363121460037759,0.2831969792322215,0.0566393958464443,0.0,0.0,3.5682819383259914,0.1132787916928886,FW,,attack,0
Jorge de Frutos,es ESP,"FW,MF",Rayo Vallecano,es La Liga,27.0,1997.0,36,30,2495,27.7,6,3,9,6,0,0,6.3,6.3,3.4,9.8,0.35,52,18,34.6,1.88,0.65,0.12,0.33,0.12,455,666,68.3,6332,1601,2.3,31,22,28,13,69,0,3,1,44,62,2.24,10,0.36,37,21,16,13,8,30.4,19,56,24,44,1,1010,25,107,32,30.8,605,77,28,81,38,675,201,3,1,0,41,4,0,0,0,111,15,38.5,0.2164328657314629,0.1082164328657314,0.3246492985971944,0.2164328657314629,0.227254509018036,0.227254509018036,0.1226452905811623,0.3535070140280561,0.012625250501002,1.875751503006012,0.6492985971943888,16.412825651302605,24.024048096192384,228.40881763527057,57.75150300601202,0.0829659318637274,1.1182364729458918,0.7935871743486973,1.0100200400801602,0.468937875751503,2.488977955911824,0.0,0.1082164328657314,0.0360721442885771,1.5871743486973946,1.3346693386773547,0.7575150300601202,0.5771543086172345,0.468937875751503,0.2885771543086172,0.685370741482966,2.0200400801603204,0.8657314629258517,1.5871743486973946,36.432865731462925,0.9018036072144288,3.859719438877755,1.154308617234469,21.82364729458918,2.7775551102204408,1.0100200400801602,2.921843687374749,1.370741482965932,24.34869739478958,7.250501002004008,0.1082164328657314,0.0360721442885771,1.4789579158316637,0.1442885771543086,0.0,0.0,0.0,4.004008016032064,0.5410821643286573,FW,MF,attack,3
Manuel Fuster,es ESP,"FW,MF",Las Palmas,es La Liga,26.0,1997.0,28,8,1003,11.1,2,1,3,2,0,0,0.7,0.7,1.8,2.5,0.23,18,7,38.9,1.62,0.63,0.11,0.29,0.04,478,624,76.6,8055,2300,1.8,28,56,24,5,67,22,3,10,71,56,5.02,6,0.54,19,11,5,8,6,53.6,4,23,17,17,0,742,19,23,5,29.4,410,23,3,20,16,533,75,2,0,0,12,1,0,0,0,63,3,18.8,0.1794616151545363,0.0897308075772681,0.2691924227318046,0.1794616151545363,0.0628115653040877,0.0628115653040877,0.1615154536390827,0.2243270189431705,0.0206380857427716,1.6151545363908275,0.6281156530408774,42.8913260219342,55.99202392821536,722.7816550348954,206.38085742771688,0.1615154536390827,2.5124626121635094,5.024925224327019,2.153539381854437,0.448654037886341,6.0119641076769685,1.9740777666999003,0.2691924227318046,0.897308075772682,6.370887337986042,1.7048853439680955,0.9870388833499502,0.448654037886341,0.7178464606181455,0.5383848454636092,0.3589232303090727,2.0638085742771684,1.5254237288135593,1.5254237288135593,66.580259222333,1.7048853439680955,2.0638085742771684,0.448654037886341,36.78963110667996,2.0638085742771684,0.2691924227318046,1.794616151545364,1.435692921236291,47.82652043868395,6.729810568295116,0.1794616151545363,0.0,1.0767696909272184,0.0897308075772681,0.0,0.0,0.0,5.653040877367896,0.2691924227318046,FW,MF,attack,3
Cody Gakpo,nl NED,FW,Liverpool,eng Premier League,25.0,1999.0,35,23,1935,21.5,10,4,14,10,0,0,7.1,7.1,4.4,11.5,0.53,57,22,38.6,2.65,1.02,0.18,0.45,0.12,480,634,75.7,6870,1656,3.8,38,24,27,8,74,1,3,4,52,80,3.72,8,0.37,28,16,6,13,9,52.0,12,40,19,10,1,888,28,110,31,50.8,605,59,28,45,24,677,278,5,0,0,20,5,1,0,0,77,17,39.5,0.4651162790697674,0.1860465116279069,0.6511627906976744,0.4651162790697674,0.3302325581395349,0.3302325581395349,0.2046511627906977,0.5348837209302326,0.0246511627906976,2.6511627906976742,1.0232558139534884,22.32558139534884,29.48837209302325,319.5348837209302,77.02325581395348,0.1767441860465116,1.767441860465116,1.1162790697674418,1.255813953488372,0.3720930232558139,3.4418604651162794,0.0465116279069767,0.1395348837209302,0.1860465116279069,2.4186046511627906,1.3023255813953487,0.7441860465116279,0.2790697674418604,0.6046511627906976,0.4186046511627906,0.5581395348837209,1.8604651162790695,0.883720930232558,0.4651162790697674,41.30232558139535,1.3023255813953487,5.116279069767442,1.4418604651162792,28.13953488372093,2.744186046511628,1.3023255813953487,2.0930232558139537,1.1162790697674418,31.48837209302326,12.930232558139537,0.2325581395348837,0.0,0.9302325581395348,0.2325581395348837,0.0465116279069767,0.0,0.0,3.581395348837209,0.7906976744186047,FW,,attack,0
Álvaro García,es ESP,"FW,MF",Rayo Vallecano,es La Liga,31.0,1992.0,36,28,2559,28.4,4,5,9,4,0,0,7.6,7.6,5.0,12.6,0.44,71,26,36.6,2.5,0.91,0.06,0.15,0.11,543,841,64.6,8345,2525,5.9,50,27,44,18,109,1,2,6,71,104,3.66,7,0.25,33,24,19,8,6,38.7,32,65,42,43,1,1164,31,127,10,37.0,644,68,25,61,16,746,245,4,0,0,18,5,1,1,0,94,9,33.3,0.1406799531066823,0.1758499413833528,0.3165298944900352,0.1406799531066823,0.2672919109026964,0.2672919109026964,0.1758499413833528,0.4431418522860492,0.015474794841735,2.4970691676436108,0.9144196951934348,19.097303634232123,29.577960140679952,293.49355216881594,88.8042203985932,0.2075029308323564,1.7584994138335288,0.9495896834701056,1.5474794841735051,0.6330597889800704,3.8335287221570926,0.0351699882766705,0.0703399765533411,0.2110199296600234,2.4970691676436108,1.160609613130129,0.8440797186400937,0.6682297772567409,0.2813599062133646,0.2110199296600234,1.1254396248534584,2.2860492379835877,1.4771395076201643,1.5123094958968348,40.93786635404455,1.090269636576788,4.466588511137163,0.3516998827667057,22.64947245017585,2.3915592028135992,0.8792497069167644,2.145369284876905,0.5627198124267292,26.23681125439625,8.61664712778429,0.1406799531066823,0.0,0.6330597889800704,0.1758499413833528,0.0351699882766705,0.0351699882766705,0.0,3.3059788980070337,0.3165298944900352,FW,MF,attack,0
Rubén García,es ESP,"FW,MF",Osasuna,es La Liga,31.0,1993.0,36,30,2413,26.8,5,5,10,5,0,0,3.2,3.2,3.6,6.8,0.25,27,10,37.0,1.01,0.37,0.19,0.5,0.12,903,1215,74.3,15826,3984,4.6,49,77,31,16,136,72,1,25,112,104,3.88,12,0.45,52,31,20,21,11,43.3,15,67,34,37,1,1467,31,64,12,33.3,779,37,13,39,21,969,157,2,0,0,36,4,1,0,0,122,28,43.1,0.1864898466639038,0.1864898466639038,0.3729796933278077,0.1864898466639038,0.1193535018648984,0.1193535018648984,0.1342726895980107,0.2536261914629092,0.0093244923331951,1.0070451719850808,0.3729796933278077,33.68006630750104,45.31703273932864,590.2776626605885,148.5951098217986,0.1715706589307915,1.8276004973062576,2.8719436386241197,1.156237049316204,0.5967675093244923,5.072523829258185,2.6854537919602155,0.0372979693327807,0.9324492333195192,4.177372565271447,1.9394944053046,1.156237049316204,0.7459593866556155,0.7832573559883962,0.4102776626605884,0.5594695399917116,2.498963945296312,1.2681309573145465,1.3800248653128884,54.716121011189394,1.156237049316204,2.387070037297969,0.4475756319933692,29.05511811023622,1.3800248653128884,0.48487360132615,1.45462080397845,0.7832573559883962,36.14173228346457,5.85578118524658,0.0745959386655615,0.0,1.3427268959801075,0.149191877331123,0.0372979693327807,0.0,0.0,4.550352258599254,1.0443431413178617,FW,MF,attack,3
Bryan Gil,es ESP,"FW,MF",Girona,es La Liga,23.0,2001.0,25,21,1721,19.1,3,3,6,3,0,0,2.3,2.3,2.9,5.2,0.27,32,15,46.9,1.67,0.78,0.09,0.2,0.07,621,759,81.8,8853,1808,3.2,21,27,33,7,78,14,0,0,74,56,2.93,5,0.26,34,20,10,15,9,46.7,10,44,9,23,4,1019,9,82,41,39.4,715,76,34,56,39,795,210,4,0,0,22,4,0,0,0,78,0,0.0,0.1568855316676351,0.1568855316676351,0.3137710633352702,0.1568855316676351,0.1202789076118535,0.1202789076118535,0.1516560139453805,0.2719349215572342,0.0141196978500871,1.673445671121441,0.7844276583381754,32.475305055200465,39.69203951191168,462.9692039511912,94.54968041836142,0.1673445671121441,1.0981987216734457,1.4119697850087158,1.7257408483439862,0.3660662405578152,4.079023823358513,0.7321324811156305,0.0,0.0,3.869843114468333,1.778036025566531,1.0459035444509006,0.5229517722254503,0.7844276583381754,0.4706565950029053,0.5229517722254503,2.300987797791981,0.4706565950029053,1.2027890761185358,53.28878558977338,0.4706565950029053,4.288204532248693,2.1441022661243463,37.3910517141197,3.974433468913422,1.778036025566531,2.928529924462522,2.0395119116792566,41.5746658919233,10.981987216734456,0.2091807088901801,0.0,1.1504938988959907,0.2091807088901801,0.0,0.0,0.0,4.079023823358513,0.0,FW,MF,attack,0
Jamie Gittens,eng ENG,"FW,MF",Dortmund,de Bundesliga,19.0,2004.0,32,21,1776,19.7,8,3,11,8,0,0,3.6,3.6,2.5,6.1,0.31,52,24,46.2,2.64,1.22,0.15,0.33,0.07,427,558,76.5,5844,1011,4.1,21,17,24,4,49,2,4,3,42,73,3.7,10,0.51,31,19,12,12,7,77.8,10,41,4,22,0,873,8,110,77,45.0,627,113,63,49,35,653,180,4,0,0,25,3,1,0,0,63,5,41.7,0.4054054054054054,0.152027027027027,0.5574324324324325,0.4054054054054054,0.1824324324324324,0.1824324324324324,0.1266891891891891,0.3091216216216216,0.0157094594594594,2.635135135135135,1.2162162162162162,21.638513513513512,28.277027027027028,296.14864864864865,51.23310810810811,0.2077702702702702,1.0641891891891893,0.8614864864864864,1.2162162162162162,0.2027027027027027,2.483108108108108,0.1013513513513513,0.2027027027027027,0.152027027027027,2.1283783783783785,1.5709459459459458,0.9628378378378378,0.6081081081081081,0.6081081081081081,0.3547297297297297,0.5067567567567567,2.077702702702702,0.2027027027027027,1.114864864864865,44.23986486486486,0.4054054054054054,5.574324324324325,3.902027027027027,31.77364864864865,5.726351351351352,3.1925675675675675,2.483108108108108,1.773648648648649,33.09121621621622,9.121621621621625,0.2027027027027027,0.0,1.266891891891892,0.152027027027027,0.0506756756756756,0.0,0.0,3.1925675675675675,0.2533783783783783,FW,MF,attack,0
Serge Gnabry,de GER,"FW,MF",Bayern Munich,de Bundesliga,29.0,1995.0,27,13,1242,13.8,7,5,12,7,0,1,7.5,6.8,5.1,11.9,0.92,48,17,35.4,3.48,1.23,0.15,0.41,0.14,498,597,83.4,7268,1449,4.3,24,21,21,2,22,1,5,1,48,56,4.06,13,0.94,20,11,6,7,7,66.7,6,26,9,14,0,758,9,96,18,45.0,468,44,25,25,7,581,149,0,0,0,19,0,0,0,0,47,4,28.6,0.5072463768115942,0.3623188405797101,0.8695652173913043,0.5072463768115942,0.5434782608695652,0.4927536231884057,0.3695652173913042,0.8623188405797101,0.0666666666666666,3.4782608695652173,1.2318840579710144,36.08695652173913,43.26086956521739,526.6666666666667,105.0,0.3115942028985507,1.7391304347826086,1.5217391304347825,1.5217391304347825,0.144927536231884,1.5942028985507246,0.072463768115942,0.3623188405797101,0.072463768115942,3.4782608695652173,1.4492753623188404,0.7971014492753623,0.4347826086956521,0.5072463768115942,0.5072463768115942,0.4347826086956521,1.884057971014493,0.6521739130434783,1.0144927536231885,54.92753623188406,0.6521739130434783,6.956521739130435,1.3043478260869563,33.91304347826087,3.188405797101449,1.8115942028985503,1.8115942028985503,0.5072463768115942,42.10144927536232,10.797101449275363,0.0,0.0,1.376811594202899,0.0,0.0,0.0,0.0,3.4057971014492754,0.2898550724637681,FW,MF,attack,2
Nicolás González,ar ARG,"FW,MF",Juventus,it Serie A,26.0,1998.0,26,23,1750,19.4,3,2,5,3,0,0,4.1,4.1,1.1,5.1,0.26,45,21,46.7,2.31,1.08,0.07,0.14,0.09,484,637,76.0,7755,1634,1.2,19,28,19,1,15,1,3,2,69,47,2.42,4,0.21,24,13,10,9,5,36.0,9,33,37,24,2,883,44,65,17,32.1,458,35,10,38,15,611,123,3,0,0,30,4,0,0,0,69,59,55.7,0.1542857142857142,0.1028571428571428,0.2571428571428571,0.1542857142857142,0.2108571428571428,0.2108571428571428,0.0565714285714285,0.2622857142857142,0.0133714285714285,2.314285714285714,1.08,24.891428571428573,32.76,398.8285714285714,84.03428571428572,0.0617142857142857,0.9771428571428572,1.44,0.9771428571428572,0.0514285714285714,0.7714285714285715,0.0514285714285714,0.1542857142857142,0.1028571428571428,3.548571428571429,1.2342857142857142,0.6685714285714286,0.5142857142857142,0.4628571428571428,0.2571428571428571,0.4628571428571428,1.697142857142857,1.902857142857143,1.2342857142857142,45.41142857142857,2.262857142857143,3.342857142857143,0.8742857142857142,23.554285714285715,1.8,0.5142857142857142,1.9542857142857144,0.7714285714285715,31.422857142857143,6.325714285714286,0.1542857142857142,0.0,1.542857142857143,0.2057142857142857,0.0,0.0,0.0,3.548571428571429,3.0342857142857147,FW,MF,attack,1
Anthony Gordon,eng ENG,"FW,MF",Newcastle Utd,eng Premier League,23.0,2001.0,34,28,2434,27.0,6,5,11,5,1,2,8.0,6.5,5.0,11.4,0.48,57,16,28.1,2.11,0.59,0.09,0.31,0.11,720,982,73.3,11128,3642,5.1,51,65,55,17,131,53,9,4,98,101,3.74,12,0.44,32,18,9,18,5,32.4,7,39,9,38,3,1267,16,128,38,36.9,818,121,56,36,38,924,214,2,0,0,20,8,1,0,0,97,8,50.0,0.2218570254724733,0.1848808545603944,0.4067378800328677,0.1848808545603944,0.295809367296631,0.2403451109285127,0.1848808545603944,0.4215283483976993,0.0177485620377978,2.107641741988496,0.5916187345932621,26.622843056696794,36.31059983566146,411.47082990961377,134.66721446179127,0.1885784716516023,1.8857847165160229,2.403451109285128,2.0336894001643384,0.628594905505341,4.843878389482334,1.9597370583401807,0.3327855382087099,0.1479046836483155,3.623664749383731,1.1832374691865242,0.6655710764174199,0.3327855382087099,0.6655710764174199,0.1848808545603944,0.2588331963845522,1.4420706655710762,0.3327855382087099,1.4050944946589976,46.84880854560394,0.5916187345932621,4.732949876746097,1.4050944946589976,30.24650780608053,4.474116680361545,2.0706655710764177,1.3311421528348395,1.4050944946589976,34.165981922760885,7.9129005751848815,0.0739523418241577,0.0,0.7395234182415777,0.295809367296631,0.0369761709120788,0.0,0.0,3.586688578471652,0.295809367296631,FW,MF,attack,0
Amine Gouiri,dz ALG,"FW,MF",Marseille,fr Ligue 1,24.0,2000.0,14,12,1048,11.6,10,3,13,10,0,0,8.4,8.4,3.6,12.1,1.04,51,24,47.1,4.38,2.06,0.2,0.42,0.17,284,351,80.9,3844,846,2.5,26,8,8,0,57,49,1,0,20,56,4.81,7,0.6,5,5,0,1,4,66.7,1,6,1,5,0,472,3,82,10,45.5,248,17,11,22,15,328,97,0,0,0,11,1,0,0,0,24,2,16.7,0.8587786259541985,0.2576335877862595,1.116412213740458,0.8587786259541985,0.7213740458015268,0.7213740458015268,0.3091603053435114,1.03912213740458,0.0893129770992366,4.379770992366412,2.0610687022900764,24.38931297709924,30.143129770992367,330.1145038167939,72.6526717557252,0.2146946564885496,2.232824427480916,0.6870229007633587,0.6870229007633587,0.0,4.895038167938932,4.208015267175573,0.0858778625954198,0.0,1.717557251908397,0.4293893129770992,0.4293893129770992,0.0,0.0858778625954198,0.3435114503816793,0.0858778625954198,0.5152671755725191,0.0858778625954198,0.4293893129770992,40.534351145038165,0.2576335877862595,7.041984732824428,0.8587786259541985,21.29770992366412,1.4599236641221374,0.9446564885496184,1.8893129770992367,1.2881679389312977,28.167938931297712,8.330152671755725,0.0,0.0,0.9446564885496184,0.0858778625954198,0.0,0.0,0.0,2.0610687022900764,0.1717557251908396,FW,MF,attack,4
Mason Greenwood,eng ENG,"FW,MF",Marseille,fr Ligue 1,22.0,2001.0,34,32,2804,31.2,21,5,26,14,7,9,16.3,9.1,5.7,14.8,0.71,111,45,40.5,3.56,1.44,0.13,0.31,0.08,1089,1389,78.4,18128,4250,7.8,47,78,70,14,110,43,13,25,157,123,3.95,19,0.61,35,18,10,14,11,41.0,12,47,5,26,2,1746,4,151,54,41.9,1214,126,67,63,44,1451,295,3,0,0,24,7,2,0,0,88,8,53.3,0.6740370898716119,0.1604850213980028,0.834522111269615,0.4493580599144079,0.5231811697574893,0.2920827389443652,0.1829529243937232,0.4750356633380885,0.0227888730385164,3.5627674750356637,1.4443651925820256,34.95363766048502,44.58273894436519,581.8544935805992,136.41226818830242,0.2503566333808845,1.5085592011412268,2.5035663338088447,2.24679029957204,0.4493580599144079,3.5306704707560623,1.3801711840228246,0.4172610556348075,0.8024251069900143,5.0392296718972895,1.12339514978602,0.5777460770328102,0.3209700427960057,0.4493580599144079,0.3530670470756062,0.3851640513552068,1.5085592011412268,0.1604850213980028,0.834522111269615,56.0413694721826,0.1283880171184022,4.846647646219687,1.733238231098431,38.965763195435095,4.044222539229672,2.1504992867332384,2.022111269614836,1.412268188302425,46.57275320970043,9.468616262482168,0.0962910128388017,0.0,0.7703281027104137,0.2246790299572039,0.0641940085592011,0.0,0.0,2.82453637660485,0.2567760342368045,FW,MF,attack,0
Antoine Griezmann,fr FRA,"FW,MF",Atlético Madrid,es La Liga,33.0,1991.0,38,29,2469,27.4,8,7,15,7,1,2,7.4,5.9,7.1,12.9,0.53,48,17,35.4,1.75,0.62,0.15,0.41,0.13,1094,1463,74.8,17074,4671,6.5,48,105,47,11,138,81,12,9,143,93,3.39,13,0.47,30,17,13,13,4,24.1,6,36,23,39,1,1678,28,93,15,42.9,969,46,6,41,20,1255,177,2,0,0,11,2,0,0,0,93,21,47.7,0.2916160388821385,0.2551640340218712,0.5467800729040098,0.2551640340218712,0.2697448359659781,0.2150668286755771,0.2588092345078979,0.4702308626974484,0.0193195625759416,1.749696233292831,0.6196840826245443,39.87849331713244,53.32928311057108,622.3815309842041,170.26731470230862,0.2369380315917375,1.749696233292831,3.827460510328068,1.713244228432564,0.4009720534629404,5.0303766707168895,2.952612393681653,0.4374240583232077,0.3280680437424058,5.212636695018226,1.0935601458080195,0.6196840826245443,0.4738760631834751,0.4738760631834751,0.1458080194410692,0.2187120291616038,1.3122721749696231,0.8383961117861483,1.4216281895504252,61.16646415552855,1.0206561360874848,3.3900364520048605,0.5467800729040098,35.32199270959903,1.6767922235722963,0.2187120291616038,1.49453219927096,0.7290400972053463,45.74726609963548,6.452004860267315,0.0729040097205346,0.0,0.4009720534629404,0.0729040097205346,0.0,0.0,0.0,3.3900364520048605,0.7654921020656136,FW,MF,attack,3
Vincenzo Grifo,it ITA,"FW,MF",Freiburg,de Bundesliga,31.0,1993.0,34,31,2432,27.0,8,11,19,8,0,3,7.9,5.6,6.9,12.5,0.55,63,26,41.3,2.33,0.96,0.13,0.31,0.09,1173,1529,76.7,20566,5422,8.0,66,104,48,10,155,72,10,10,128,121,4.48,15,0.56,30,22,12,13,5,44.1,9,39,23,29,2,1768,35,71,25,55.6,939,58,21,36,17,1186,147,2,0,0,15,1,0,0,0,134,15,48.4,0.2960526315789473,0.4070723684210526,0.703125,0.2960526315789473,0.2923519736842105,0.2072368421052631,0.2553453947368421,0.4625822368421053,0.0203536184210526,2.3314144736842106,0.962171052631579,43.40871710526316,56.58305921052632,761.077302631579,200.6496710526316,0.2960526315789473,2.442434210526316,3.848684210526316,1.776315789473684,0.3700657894736842,5.736019736842104,2.664473684210526,0.3700657894736842,0.3700657894736842,4.7368421052631575,1.1101973684210529,0.8141447368421053,0.444078947368421,0.4810855263157895,0.1850328947368421,0.3330592105263157,1.4432565789473686,0.8511513157894737,1.0731907894736843,65.42763157894737,1.2952302631578947,2.627467105263158,0.9251644736842106,34.749177631578945,2.1463815789473686,0.777138157894737,1.332236842105263,0.6291118421052632,43.88980263157895,5.4399671052631575,0.0740131578947368,0.0,0.5550986842105263,0.0370065789473684,0.0,0.0,0.0,4.958881578947368,0.5550986842105263,FW,MF,attack,0
Marco Grüll,at AUT,"FW,MF",Werder Bremen,de Bundesliga,26.0,1998.0,30,13,1181,13.1,6,1,7,6,0,0,4.0,4.0,1.8,5.8,0.44,25,10,40.0,1.91,0.76,0.24,0.6,0.16,251,327,76.8,3274,839,1.5,11,22,14,3,21,1,2,1,38,41,3.13,5,0.38,12,9,1,5,6,23.5,3,15,10,23,0,495,6,53,13,33.3,317,24,9,43,39,361,93,1,0,0,22,5,1,0,0,43,5,20.8,0.4572396274343776,0.0762066045723962,0.5334462320067739,0.4572396274343776,0.304826418289585,0.304826418289585,0.1371718882303133,0.4419983065198983,0.0335309060118543,1.9051651143099069,0.7620660457239627,19.127857747671467,24.919559695173582,249.5004233700254,63.93734123624047,0.1143099068585944,0.838272650296359,1.676545300592718,1.0668924640135478,0.2286198137171888,1.600338696020322,0.0762066045723962,0.1524132091447925,0.0762066045723962,2.8958509737510583,0.9144792548687553,0.6858594411515665,0.0762066045723962,0.3810330228619814,0.4572396274343776,0.2286198137171888,1.143099068585944,0.7620660457239627,1.7527519051651144,37.72226926333615,0.4572396274343776,4.038950042337002,0.9906858594411516,24.157493649449616,1.8289585097375105,0.6858594411515665,3.27688399661304,2.972057578323455,27.510584250635056,7.087214225232853,0.0762066045723962,0.0,1.676545300592718,0.3810330228619814,0.0762066045723962,0.0,0.0,3.27688399661304,0.3810330228619814,FW,MF,attack,1
Evann Guessand,ci CIV,"FW,MF",Nice,fr Ligue 1,23.0,2001.0,33,30,2565,28.5,12,8,20,12,0,0,9.2,9.2,5.4,14.6,0.51,63,27,42.9,2.21,0.95,0.19,0.44,0.15,421,574,73.3,5792,1599,5.3,32,46,27,4,36,0,9,1,79,91,3.19,17,0.6,44,29,12,15,17,42.9,15,59,16,30,0,926,19,134,49,47.6,581,87,30,75,71,687,162,2,0,0,45,8,1,0,0,98,26,41.9,0.4210526315789474,0.2807017543859649,0.7017543859649122,0.4210526315789474,0.3228070175438596,0.3228070175438596,0.1894736842105263,0.5122807017543859,0.0178947368421052,2.210526315789474,0.9473684210526316,14.771929824561404,20.140350877192983,203.2280701754386,56.10526315789473,0.1859649122807017,1.1228070175438596,1.6140350877192982,0.9473684210526316,0.1403508771929824,1.263157894736842,0.0,0.3157894736842105,0.0350877192982456,2.7719298245614032,1.543859649122807,1.0175438596491229,0.4210526315789474,0.5263157894736842,0.5964912280701754,0.5263157894736842,2.070175438596491,0.5614035087719298,1.0526315789473684,32.49122807017544,0.6666666666666667,4.701754385964913,1.719298245614035,20.385964912280706,3.052631578947368,1.0526315789473684,2.631578947368421,2.491228070175439,24.10526315789474,5.684210526315789,0.0701754385964912,0.0,1.5789473684210529,0.2807017543859649,0.0350877192982456,0.0,0.0,3.43859649122807,0.912280701754386,FW,MF,attack,1
Morgan Guilavogui,gn GUI,"FW,MF",St. Pauli,de Bundesliga,26.0,1998.0,25,21,1807,20.1,6,2,8,6,0,0,7.1,7.1,1.9,9.1,0.45,41,15,36.6,2.04,0.75,0.15,0.4,0.18,362,549,65.9,4657,1289,2.4,27,29,10,3,13,0,1,3,41,52,2.59,4,0.2,32,17,11,16,5,45.2,13,45,33,24,0,832,30,103,21,43.8,384,42,22,50,24,565,135,6,0,0,48,2,0,0,0,71,66,46.8,0.2988378527946873,0.0996126175982291,0.3984504703929164,0.2988378527946873,0.3536247924737133,0.3536247924737133,0.0946319867183176,0.4532374100719424,0.0224128389596015,2.042058660763697,0.7470946319867183,18.02988378527947,27.34366353071389,231.94798007747647,64.20033204205866,0.1195351411178749,1.3447703375760929,1.444382955174322,0.4980630879911455,0.1494189263973436,0.6474820143884893,0.0,0.0498063087991145,0.1494189263973436,2.042058660763697,1.5938018815716657,0.8467072495849475,0.54786939679026,0.7969009407858328,0.2490315439955727,0.6474820143884893,2.241283895960155,1.6436081903707802,1.195351411178749,41.43884892086332,1.4941892639734369,5.130049806308799,1.0459324847814055,19.12562257885999,2.091864969562811,1.09573879358052,2.490315439955728,1.195351411178749,28.14056447149973,6.723851687880465,0.2988378527946873,0.0,2.390702822357498,0.0996126175982291,0.0,0.0,0.0,3.536247924737133,3.2872163807415604,FW,MF,attack,1
Serhou Guirassy,gn GUI,FW,Dortmund,de Bundesliga,28.0,1996.0,30,29,2598,28.9,21,4,25,18,3,4,22.7,19.6,3.9,23.5,0.92,86,33,38.4,2.98,1.14,0.21,0.55,0.23,456,627,72.7,5726,933,3.1,25,28,14,0,1,0,9,3,43,53,1.84,10,0.35,7,6,2,2,3,40.0,4,11,38,12,0,965,40,160,11,28.2,528,25,12,76,30,747,128,4,0,0,16,6,2,0,0,45,109,52.9,0.7274826789838338,0.138568129330254,0.8660508083140878,0.6235565819861432,0.7863741339491916,0.6789838337182449,0.1351039260969976,0.8140877598152425,0.0318706697459584,2.9792147806004623,1.1431870669745958,15.79676674364896,21.72055427251732,198.36027713625867,32.32101616628175,0.1073903002309468,0.8660508083140878,0.9699769053117784,0.4849884526558891,0.0,0.0346420323325635,0.0,0.3117782909930716,0.1039260969976905,1.4896073903002311,0.2424942263279445,0.207852193995381,0.069284064665127,0.069284064665127,0.1039260969976905,0.138568129330254,0.3810623556581985,1.3163972286374133,0.4157043879907621,33.429561200923786,1.3856812933025404,5.542725173210162,0.3810623556581985,18.290993071593533,0.8660508083140878,0.4157043879907621,2.6327944572748265,1.039260969976905,25.87759815242494,4.434180138568129,0.138568129330254,0.0,0.5542725173210161,0.207852193995381,0.069284064665127,0.0,0.0,1.558891454965358,3.775981524249423,FW,,attack,4
Gorka Guruzeta,es ESP,FW,Athletic Club,es La Liga,27.0,1996.0,36,21,1840,20.4,7,2,9,7,0,0,6.7,6.6,1.5,8.1,0.4,59,19,32.2,2.89,0.93,0.12,0.37,0.11,298,411,72.5,4403,655,0.7,15,23,2,0,5,0,1,4,31,29,1.42,1,0.05,16,8,1,13,2,22.6,9,25,23,13,0,643,23,78,11,55.0,286,8,2,48,20,415,64,2,0,0,40,0,0,0,0,61,36,34.3,0.3423913043478261,0.0978260869565217,0.4402173913043478,0.3423913043478261,0.3277173913043478,0.3228260869565217,0.0733695652173913,0.396195652173913,0.0195652173913043,2.885869565217392,0.9293478260869564,14.57608695652174,20.10326086956521,215.3641304347826,32.038043478260875,0.0342391304347826,0.733695652173913,1.125,0.0978260869565217,0.0,0.2445652173913043,0.0,0.0489130434782608,0.1956521739130435,1.516304347826087,0.782608695652174,0.391304347826087,0.0489130434782608,0.6358695652173914,0.0978260869565217,0.4402173913043478,1.2228260869565215,1.125,0.6358695652173914,31.45108695652174,1.125,3.815217391304348,0.5380434782608696,13.989130434782608,0.391304347826087,0.0978260869565217,2.347826086956521,0.9782608695652174,20.29891304347826,3.130434782608696,0.0978260869565217,0.0,1.9565217391304348,0.0,0.0,0.0,0.0,2.983695652173913,1.7608695652173914,FW,,attack,1
Albert Guðmundsson,is ISL,"FW,MF",Fiorentina,it Serie A,27.0,1997.0,24,16,1273,14.1,6,1,7,4,2,2,4.5,2.9,1.8,4.8,0.45,25,13,52.0,1.77,0.92,0.16,0.31,0.12,415,500,83.0,5921,1164,1.0,15,34,2,0,24,7,1,1,37,39,2.76,5,0.35,9,5,2,4,3,41.2,6,15,9,14,1,624,9,32,15,55.6,402,35,11,29,14,466,59,2,0,0,13,4,1,0,0,53,4,25.0,0.4241948153967007,0.0706991358994501,0.4948939512961508,0.2827965435978005,0.3181461115475255,0.2050274941084053,0.1272584446190102,0.3393558523173605,0.0318146111547525,1.767478397486253,0.9190887666928516,29.3401413982718,35.349567949725056,418.60958366064415,82.29379418695993,0.0706991358994501,1.0604870384917515,2.4037706205813043,0.1413982717989002,0.0,1.696779261586803,0.4948939512961508,0.0706991358994501,0.0706991358994501,2.6158680282796545,0.6362922230950511,0.3534956794972506,0.1413982717989002,0.2827965435978005,0.2120974076983503,0.4241948153967007,1.0604870384917515,0.6362922230950511,0.9897879025923016,44.11626080125687,0.6362922230950511,2.262372348782404,1.0604870384917515,28.421052631578945,2.474469756480754,0.7776904948939513,2.0502749410840537,0.9897879025923016,32.94579732914376,4.171249018067557,0.1413982717989002,0.0,0.9190887666928516,0.2827965435978005,0.0706991358994501,0.0,0.0,3.747054202670856,0.2827965435978005,FW,MF,attack,1
Erling Haaland,no NOR,FW,Manchester City,eng Premier League,24.0,2000.0,31,31,2736,30.4,22,3,25,19,3,4,22.0,18.8,3.0,21.8,0.82,104,55,52.9,3.42,1.81,0.18,0.35,0.19,255,381,66.9,3086,593,2.0,29,10,8,1,3,0,1,0,20,71,2.34,9,0.3,11,6,3,3,5,37.5,5,16,23,10,0,639,22,190,13,36.1,310,24,23,45,27,478,124,2,0,0,24,2,0,0,0,34,57,53.3,0.7236842105263157,0.0986842105263157,0.8223684210526315,0.625,0.7236842105263157,0.618421052631579,0.0986842105263157,0.7171052631578947,0.0269736842105263,3.421052631578948,1.8092105263157892,8.388157894736842,12.532894736842104,101.51315789473684,19.50657894736842,0.0657894736842105,0.9539473684210524,0.3289473684210526,0.2631578947368421,0.0328947368421052,0.0986842105263157,0.0,0.0328947368421052,0.0,0.6578947368421052,0.3618421052631578,0.1973684210526315,0.0986842105263157,0.0986842105263157,0.1644736842105263,0.1644736842105263,0.5263157894736842,0.756578947368421,0.3289473684210526,21.019736842105264,0.7236842105263157,6.25,0.4276315789473684,10.197368421052632,0.7894736842105263,0.756578947368421,1.4802631578947367,0.888157894736842,15.723684210526317,4.078947368421052,0.0657894736842105,0.0,0.7894736842105263,0.0657894736842105,0.0,0.0,0.0,1.118421052631579,1.875,FW,,attack,4
Robin Hack,de GER,"FW,MF",Gladbach,de Bundesliga,25.0,1998.0,33,27,2172,24.1,4,7,11,4,0,0,5.4,5.4,3.6,9.0,0.38,59,24,40.7,2.44,0.99,0.07,0.17,0.09,684,898,76.2,10640,3174,3.8,32,52,34,12,61,23,12,9,95,75,3.11,11,0.46,22,17,11,8,3,42.9,9,31,28,28,0,1186,26,84,25,39.7,684,51,21,65,44,809,141,4,0,0,19,3,1,0,0,123,19,41.3,0.1657458563535911,0.2900552486187845,0.4558011049723757,0.1657458563535911,0.223756906077348,0.223756906077348,0.149171270718232,0.3729281767955801,0.0157458563535911,2.444751381215469,0.9944751381215468,28.342541436464085,37.209944751381215,440.8839779005525,131.51933701657458,0.1574585635359116,1.3259668508287292,2.154696132596685,1.408839779005525,0.4972375690607734,2.527624309392265,0.9530386740331492,0.4972375690607734,0.3729281767955801,3.93646408839779,0.9116022099447514,0.7044198895027625,0.4558011049723757,0.3314917127071823,0.1243093922651933,0.3729281767955801,1.2845303867403317,1.160220994475138,1.160220994475138,49.14364640883978,1.0773480662983426,3.480662983425414,1.0359116022099448,28.342541436464085,2.113259668508287,0.8701657458563535,2.6933701657458564,1.8232044198895028,33.52209944751382,5.842541436464089,0.1657458563535911,0.0,0.787292817679558,0.1243093922651933,0.0414364640883977,0.0,0.0,5.096685082872928,0.787292817679558,FW,MF,attack,3
Phil Harres,de GER,FW,Holstein Kiel,de Bundesliga,22.0,2002.0,26,17,1544,17.2,8,1,9,8,0,0,5.9,5.9,1.3,7.2,0.42,37,17,45.9,2.16,0.99,0.22,0.47,0.16,150,265,56.6,2460,482,1.1,10,17,4,2,6,0,0,1,16,22,1.28,5,0.29,10,10,3,4,3,50.0,5,15,20,14,0,481,22,61,5,20.8,240,12,10,64,24,318,71,3,0,0,35,4,0,0,0,40,54,45.4,0.466321243523316,0.0582901554404145,0.5246113989637305,0.466321243523316,0.3439119170984456,0.3439119170984456,0.0757772020725388,0.4196891191709845,0.024481865284974,2.1567357512953365,0.9909326424870466,8.743523316062175,15.446891191709843,143.3937823834197,28.09585492227979,0.0641191709844559,0.582901554404145,0.9909326424870466,0.233160621761658,0.116580310880829,0.349740932642487,0.0,0.0,0.0582901554404145,0.932642487046632,0.582901554404145,0.582901554404145,0.1748704663212435,0.233160621761658,0.1748704663212435,0.2914507772020725,0.8743523316062176,1.16580310880829,0.816062176165803,28.037564766839377,1.2823834196891193,3.555699481865285,0.2914507772020725,13.989637305699482,0.6994818652849741,0.582901554404145,3.730569948186528,1.3989637305699485,18.536269430051814,4.13860103626943,0.1748704663212435,0.0,2.040155440414508,0.233160621761658,0.0,0.0,0.0,2.33160621761658,3.1476683937823835,FW,,attack,1
Jack Harrison,eng ENG,FW,Everton,eng Premier League,27.0,1996.0,34,24,2076,23.1,1,0,1,1,0,0,3.5,3.5,3.7,7.2,0.31,29,7,24.1,1.26,0.3,0.03,0.14,0.12,414,659,62.8,6596,2477,3.1,33,28,25,11,131,32,4,2,51,57,2.47,4,0.17,32,22,12,12,8,32.6,10,42,35,33,2,948,36,69,24,32.0,524,73,17,52,41,612,127,0,0,0,13,4,1,0,0,73,4,12.5,0.0433526011560693,0.0,0.0433526011560693,0.0433526011560693,0.1517341040462427,0.1517341040462427,0.1604046242774566,0.3121387283236994,0.0134393063583815,1.2572254335260116,0.3034682080924855,17.947976878612717,28.569364161849716,285.9537572254335,107.3843930635838,0.134393063583815,1.4306358381502888,1.213872832369942,1.083815028901734,0.4768786127167629,5.679190751445087,1.3872832369942196,0.1734104046242774,0.0867052023121387,2.2109826589595376,1.3872832369942196,0.953757225433526,0.5202312138728323,0.5202312138728323,0.3468208092485549,0.4335260115606936,1.8208092485549128,1.517341040462428,1.4306358381502888,41.09826589595376,1.5606936416184969,2.991329479768786,1.0404624277456649,22.716763005780347,3.164739884393064,0.7369942196531792,2.254335260115607,1.7774566473988438,26.531791907514453,5.505780346820809,0.0,0.0,0.5635838150289018,0.1734104046242774,0.0433526011560693,0.0,0.0,3.164739884393064,0.1734104046242774,FW,,attack,3
Kai Havertz,de GER,"FW,MF",Arsenal,eng Premier League,25.0,1999.0,23,21,1875,20.8,9,3,12,9,0,0,9.5,9.5,2.4,12.0,0.57,53,21,39.6,2.54,1.01,0.17,0.43,0.18,407,519,78.4,4905,1033,1.7,17,27,9,1,11,0,1,0,61,42,2.02,3,0.14,16,9,3,6,7,26.7,6,22,33,11,1,785,31,107,9,23.7,418,35,18,44,23,584,113,5,0,0,38,0,0,0,0,41,63,44.7,0.4319999999999999,0.144,0.5760000000000001,0.4319999999999999,0.4559999999999999,0.4559999999999999,0.1152,0.5760000000000001,0.0273599999999999,2.544,1.008,19.536,24.912,235.44,49.584,0.0815999999999999,0.8160000000000001,1.296,0.4319999999999999,0.048,0.528,0.0,0.048,0.0,2.928,0.768,0.4319999999999999,0.144,0.288,0.336,0.288,1.056,1.584,0.528,37.68,1.488,5.136,0.4319999999999999,20.064,1.6800000000000002,0.8639999999999999,2.112,1.104,28.032,5.424,0.24,0.0,1.824,0.0,0.0,0.0,0.0,1.968,3.024,FW,MF,attack,1
Son Heung-min,kr KOR,FW,Tottenham,eng Premier League,32.0,1992.0,30,24,2110,23.4,7,9,16,6,1,2,7.2,5.7,8.2,13.9,0.66,55,24,43.6,2.35,1.02,0.11,0.25,0.11,730,925,78.9,10322,2867,5.1,50,40,51,6,78,38,4,4,111,117,4.99,15,0.64,17,9,3,8,6,18.5,5,22,17,26,1,1134,16,122,29,34.9,761,96,44,25,32,867,265,1,0,0,6,5,1,0,0,85,6,33.3,0.2985781990521327,0.3838862559241706,0.6824644549763034,0.2559241706161137,0.3071090047393365,0.243127962085308,0.3497630331753554,0.5928909952606636,0.0281516587677725,2.3459715639810423,1.0236966824644549,31.13744075829384,39.45497630331754,440.2748815165877,122.28909952606637,0.2175355450236966,2.132701421800948,1.7061611374407584,2.175355450236967,0.2559241706161137,3.3270142180094786,1.6208530805687202,0.1706161137440758,0.1706161137440758,4.734597156398104,0.7251184834123223,0.3838862559241706,0.1279620853080568,0.3412322274881517,0.2559241706161137,0.2132701421800948,0.9383886255924172,0.7251184834123223,1.109004739336493,48.3696682464455,0.6824644549763034,5.203791469194313,1.2369668246445498,32.459715639810426,4.09478672985782,1.8767772511848344,1.066350710900474,1.3649289099526067,36.98104265402844,11.303317535545023,0.0426540284360189,0.0,0.2559241706161137,0.2132701421800948,0.0426540284360189,0.0,0.0,3.625592417061611,0.2559241706161137,FW,,attack,0
Adam Hložek,cz CZE,"FW,MF",Hoffenheim,de Bundesliga,22.0,2002.0,27,22,1871,20.8,8,4,12,8,0,0,5.6,5.6,3.5,9.1,0.44,59,24,40.7,2.84,1.15,0.14,0.33,0.1,348,508,68.5,5351,1301,3.2,20,37,19,4,20,0,1,1,68,57,2.74,10,0.48,22,10,7,8,7,55.0,4,26,20,19,0,761,20,114,33,51.6,429,54,19,51,37,552,102,2,0,0,15,4,0,0,0,66,40,50.6,0.3848209513629075,0.1924104756814537,0.5772314270443614,0.3848209513629075,0.2693746659540352,0.2693746659540352,0.168359166221272,0.4377338321753072,0.0211651523249599,2.838054516301443,1.1544628540887227,16.73971138428648,24.436130411544628,257.3971138428648,62.58150721539283,0.153928380545163,0.9620523784072688,1.7797969000534473,0.9139497594869052,0.1924104756814537,0.9620523784072688,0.0,0.0481026189203634,0.0481026189203634,3.270978086584714,1.0582576162479955,0.4810261892036344,0.3367183324425441,0.3848209513629075,0.3367183324425441,0.1924104756814537,1.2506680919294495,0.9620523784072688,0.9139497594869052,36.606092998396576,0.9620523784072688,5.483698556921433,1.5873864243719935,20.63602351683592,2.597541421699626,0.9139497594869052,2.4532335649385355,1.7797969000534473,26.552645644040616,4.906467129877071,0.0962052378407268,0.0,0.7215392838054515,0.1924104756814537,0.0,0.0,0.0,3.174772848743987,1.9241047568145375,FW,MF,attack,1
Philipp Hofmann,de GER,FW,Bochum,de Bundesliga,31.0,1993.0,32,27,2277,25.3,3,3,6,3,0,0,5.5,5.5,3.3,8.8,0.35,54,19,35.2,2.13,0.75,0.06,0.16,0.1,441,694,63.5,6603,1417,2.6,26,40,9,0,10,0,2,2,53,55,2.17,3,0.12,17,12,4,6,7,53.3,4,21,33,12,0,938,40,100,10,50.0,486,8,2,55,32,731,112,4,0,0,36,2,0,1,0,52,164,56.6,0.1185770750988142,0.1185770750988142,0.2371541501976284,0.1185770750988142,0.217391304347826,0.217391304347826,0.1304347826086956,0.3478260869565218,0.0138339920948616,2.134387351778656,0.7509881422924902,17.43083003952569,27.43083003952569,260.9881422924901,56.00790513833992,0.1027667984189723,1.0276679841897234,1.5810276679841897,0.3557312252964427,0.0,0.3952569169960474,0.0,0.0790513833992094,0.0790513833992094,2.0948616600790517,0.6719367588932806,0.4743083003952569,0.1581027667984189,0.2371541501976284,0.2766798418972332,0.1581027667984189,0.8300395256916996,1.3043478260869563,0.4743083003952569,37.07509881422925,1.5810276679841897,3.952569169960474,0.3952569169960474,19.209486166007903,0.3162055335968379,0.0790513833992094,2.1739130434782608,1.2648221343873518,28.893280632411063,4.426877470355731,0.1581027667984189,0.0,1.4229249011857708,0.0790513833992094,0.0,0.0395256916996047,0.0,2.0553359683794468,6.482213438735178,FW,,attack,3
Lucas Höler,de GER,"FW,MF",Freiburg,de Bundesliga,30.0,1994.0,31,21,1867,20.7,6,4,10,6,0,1,7.7,6.9,2.9,9.8,0.51,34,17,50.0,1.64,0.82,0.18,0.35,0.21,390,595,65.5,4821,957,1.7,22,34,9,1,14,0,1,1,47,51,2.46,6,0.29,37,24,18,15,4,37.5,7,44,36,19,0,854,40,89,18,52.9,395,21,7,52,24,571,122,3,0,0,30,4,0,0,0,68,80,56.7,0.289234065345474,0.192822710230316,0.48205677557579,0.289234065345474,0.3711837171933583,0.3326191751472951,0.1397964649169791,0.4724156400642743,0.0245848955543652,1.6389930369576862,0.8194965184788431,18.800214247455813,28.682378146759508,232.3995715050884,46.1328334226031,0.0819496518478843,1.060524906266738,1.6389930369576862,0.433851098018211,0.048205677557579,0.674879485806106,0.0,0.048205677557579,0.048205677557579,2.2656668452062134,1.7836100696304231,1.156936261381896,0.8677021960364221,0.723085163363685,0.192822710230316,0.337439742903053,2.121049812533476,1.735404392072844,0.915907873594001,41.16764863417247,1.92822710230316,4.290305302624531,0.8677021960364221,19.041242635243705,1.0123192287091591,0.337439742903053,2.506695232994108,1.156936261381896,27.52544188537761,5.881092662024638,0.144617032672737,0.0,1.44617032672737,0.192822710230316,0.0,0.0,0.0,3.2779860739153723,3.85645420460632,FW,MF,attack,1
Benedict Hollerbach,de GER,"FW,MF",Union Berlin,de Bundesliga,23.0,2001.0,34,30,2540,28.2,9,1,10,9,0,0,7.0,7.0,1.6,8.6,0.31,76,24,31.6,2.69,0.85,0.12,0.38,0.09,441,674,65.4,6054,1428,2.3,26,24,22,3,73,0,3,4,68,79,2.8,7,0.25,43,22,8,23,12,41.2,2,45,13,54,1,1112,19,138,42,36.5,710,103,52,111,94,781,214,3,0,0,42,6,2,1,0,111,29,30.9,0.3188976377952756,0.0354330708661417,0.3543307086614173,0.3188976377952756,0.2480314960629921,0.2480314960629921,0.0566929133858267,0.3047244094488189,0.0109842519685039,2.692913385826772,0.8503937007874016,15.625984251968504,23.88188976377953,214.51181102362204,50.59842519685039,0.0814960629921259,0.9212598425196852,0.8503937007874016,0.7795275590551181,0.1062992125984252,2.5866141732283463,0.0,0.1062992125984252,0.1417322834645669,2.409448818897638,1.5236220472440944,0.7795275590551181,0.2834645669291338,0.8149606299212598,0.4251968503937008,0.0708661417322834,1.594488188976378,0.4606299212598425,1.9133858267716533,39.40157480314961,0.6732283464566929,4.889763779527559,1.4881889763779528,25.15748031496063,3.649606299212599,1.84251968503937,3.933070866141733,3.3307086614173227,27.673228346456696,7.5826771653543314,0.1062992125984252,0.0,1.4881889763779528,0.2125984251968504,0.0708661417322834,0.0354330708661417,0.0,3.933070866141733,1.0275590551181102,FW,MF,attack,1
Franck Honorat,fr FRA,FW,Gladbach,de Bundesliga,27.0,1996.0,19,18,1439,16.0,4,7,11,4,0,0,4.5,4.5,5.3,9.8,0.61,31,9,29.0,1.94,0.56,0.13,0.44,0.15,409,606,67.5,6591,2419,4.9,50,24,26,17,125,59,0,1,45,83,5.19,8,0.5,17,7,10,4,3,25.0,5,22,28,26,1,762,30,60,12,37.5,373,63,26,22,12,456,124,0,0,0,7,0,0,0,0,72,9,42.9,0.2501737317581654,0.4378040305767894,0.6879777623349548,0.2501737317581654,0.2814454482279361,0.2814454482279361,0.3314801945795691,0.6129256428075053,0.0381514940931202,1.9388464211257816,0.5628908964558722,25.580264072272414,37.90132036136206,412.2237665045171,151.29256428075053,0.3064628214037526,3.127171646977068,1.5010423905489922,1.626129256428075,1.0632383599722028,7.817929117442668,3.69006254343294,0.0,0.0625434329395413,2.8144544822793605,1.0632383599722028,0.4378040305767894,0.6254343293954134,0.2501737317581654,0.187630298818624,0.3127171646977067,1.3759555246699096,1.7512161223071578,1.626129256428075,47.6580958999305,1.8763029881862403,3.7526059763724806,0.7505211952744961,23.328700486448923,3.9402362751911046,1.626129256428075,1.3759555246699096,0.7505211952744961,28.519805420430853,7.755385684503127,0.0,0.0,0.4378040305767894,0.0,0.0,0.0,0.0,4.503127171646978,0.5628908964558722,FW,,attack,0
Mathias Honsak,at AUT,"FW,DF",Heidenheim,de Bundesliga,27.0,1996.0,22,12,1181,13.1,5,1,6,5,0,0,3.3,3.3,1.6,4.9,0.38,29,10,34.5,2.21,0.76,0.17,0.5,0.12,324,462,70.1,5737,1580,1.9,14,22,12,9,50,13,0,0,29,41,3.13,5,0.38,15,8,10,5,0,43.5,10,25,31,16,0,646,39,33,9,39.1,338,37,9,38,12,376,58,1,0,0,14,2,0,0,0,55,22,51.2,0.3810330228619814,0.0762066045723962,0.4572396274343776,0.3810330228619814,0.2514817950889076,0.2514817950889076,0.121930567315834,0.3734123624047417,0.0289585097375105,2.209991532599492,0.7620660457239627,24.69093988145639,35.20745131244708,437.1972904318374,120.4064352243861,0.1447925486875529,1.0668924640135478,1.676545300592718,0.9144792548687553,0.6858594411515665,3.8103302286198137,0.9906858594411516,0.0,0.0,2.209991532599492,1.143099068585944,0.6096528365791701,0.7620660457239627,0.3810330228619814,0.0,0.7620660457239627,1.9051651143099069,2.3624047417442844,1.2193056731583405,49.229466553768,2.972057578323455,2.514817950889077,0.6858594411515665,25.757832345469943,2.819644369178662,0.6858594411515665,2.8958509737510583,0.9144792548687553,28.653683319221,4.419983065198983,0.0762066045723962,0.0,1.0668924640135478,0.1524132091447925,0.0,0.0,0.0,4.191363251481795,1.676545300592718,FW,DF,attack,3
Callum Hudson-Odoi,eng ENG,"FW,MF",Nott'ham Forest,eng Premier League,23.0,2000.0,31,25,2194,24.4,5,2,7,5,0,0,2.5,2.5,2.7,5.2,0.21,37,17,45.9,1.52,0.7,0.14,0.29,0.07,691,843,82.0,10242,2075,2.6,44,38,33,11,79,5,5,6,71,94,3.86,11,0.45,22,14,8,8,6,66.7,13,35,12,16,1,1035,16,74,37,58.7,641,130,47,45,23,784,189,2,0,0,12,4,1,0,0,92,3,23.1,0.2051048313582497,0.0820419325432999,0.2871467639015497,0.2051048313582497,0.1025524156791248,0.1025524156791248,0.1107566089334548,0.2133090246125797,0.0086144029170464,1.5177757520510482,0.6973564266180492,28.34548769371012,34.58067456700091,420.1367365542389,85.11850501367365,0.1066545123062898,1.804922515952598,1.5587967183226985,1.3536918869644483,0.4512306289881495,3.2406563354603466,0.2051048313582497,0.2051048313582497,0.2461257976298997,2.912488605287147,0.902461257976299,0.5742935278030994,0.3281677301731996,0.3281677301731996,0.2461257976298997,0.5332725615314494,1.4357338195077485,0.4922515952597995,0.6563354603463992,42.4567000911577,0.6563354603463992,3.0355515041020964,1.5177757520510482,26.29443938012762,5.332725615314494,1.927985414767548,1.845943482224248,0.943482224247949,32.16043755697356,7.7529626253418416,0.0820419325432999,0.0,0.4922515952597995,0.1640838650865998,0.0410209662716499,0.0,0.0,3.773928896991796,0.1230628988149498,FW,MF,attack,0
Rasmus Højlund,dk DEN,FW,Manchester Utd,eng Premier League,21.0,2003.0,32,23,2004,22.3,4,0,4,4,0,0,5.3,5.3,1.8,7.1,0.32,32,13,40.6,1.44,0.58,0.13,0.31,0.16,251,336,74.7,2741,486,1.1,16,14,5,1,8,0,2,0,18,34,1.53,1,0.04,3,1,0,2,1,0.0,2,5,6,6,0,515,6,74,9,27.3,308,28,17,63,33,408,101,2,0,0,17,4,1,0,0,35,31,24.8,0.1796407185628742,0.0,0.1796407185628742,0.1796407185628742,0.2380239520958084,0.2380239520958084,0.0808383233532934,0.3188622754491018,0.0143712574850299,1.4371257485029938,0.5838323353293413,11.27245508982036,15.089820359281436,123.09880239520956,21.82634730538922,0.0494011976047904,0.7185628742514969,0.6287425149700598,0.2245508982035928,0.0449101796407185,0.3592814371257484,0.0,0.0898203592814371,0.0,0.8083832335329341,0.1347305389221557,0.0449101796407185,0.0,0.0898203592814371,0.0449101796407185,0.0898203592814371,0.2245508982035928,0.2694610778443114,0.2694610778443114,23.12874251497006,0.2694610778443114,3.3233532934131733,0.404191616766467,13.832335329341316,1.2574850299401197,0.7634730538922156,2.829341317365269,1.4820359281437128,18.323353293413174,4.535928143712575,0.0898203592814371,0.0,0.7634730538922156,0.1796407185628742,0.0449101796407185,0.0,0.0,1.5718562874251496,1.3922155688622757,FW,,attack,1
Borja Iglesias,es ESP,FW,Celta Vigo,es La Liga,31.0,1993.0,37,24,1952,21.7,11,3,14,11,0,0,9.3,9.3,3.2,12.6,0.58,46,28,60.9,2.12,1.29,0.24,0.39,0.2,346,489,70.8,4981,820,1.4,18,20,9,0,6,0,8,8,28,36,1.66,7,0.32,10,9,2,5,3,26.7,7,17,10,21,0,685,16,83,11,34.4,396,22,13,62,32,514,108,2,0,0,40,5,2,0,0,46,14,34.1,0.507172131147541,0.1383196721311475,0.6454918032786885,0.507172131147541,0.4287909836065574,0.4287909836065574,0.1475409836065573,0.5809426229508197,0.0267418032786885,2.1209016393442623,1.290983606557377,15.952868852459016,22.546106557377048,229.656762295082,37.80737704918032,0.0645491803278688,0.8299180327868853,0.9221311475409836,0.4149590163934426,0.0,0.2766393442622951,0.0,0.3688524590163934,0.3688524590163934,1.290983606557377,0.4610655737704918,0.4149590163934426,0.0922131147540983,0.2305327868852459,0.1383196721311475,0.3227459016393442,0.783811475409836,0.4610655737704918,0.9682377049180328,31.58299180327869,0.7377049180327869,3.826844262295082,0.507172131147541,18.258196721311474,1.014344262295082,0.5993852459016393,2.8586065573770494,1.475409836065574,23.69877049180328,4.979508196721311,0.0922131147540983,0.0,1.8442622950819672,0.2305327868852459,0.0922131147540983,0.0,0.0,2.1209016393442623,0.6454918032786885,FW,,attack,1
Andrej Ilic,rs SRB,FW,Union Berlin,de Bundesliga,24.0,2000.0,16,11,937,10.4,7,0,7,6,1,1,4.9,4.1,0.3,4.4,0.5,27,11,40.7,2.59,1.06,0.22,0.55,0.15,110,191,57.6,1223,314,0.2,6,16,0,0,3,0,1,1,13,15,1.44,2,0.19,2,2,0,2,0,0.0,5,7,6,4,1,302,10,45,1,14.3,151,5,4,32,9,209,59,1,0,0,14,2,0,0,0,16,52,48.1,0.6723585912486659,0.0,0.6723585912486659,0.576307363927428,0.4706510138740662,0.3938100320170757,0.0288153681963713,0.4226254002134472,0.048025613660619,2.5933831376734258,1.056563500533618,10.565635005336178,18.34578441835646,117.47065101387408,30.16008537886873,0.0192102454642476,0.576307363927428,1.536819637139808,0.0,0.0,0.288153681963714,0.0,0.096051227321238,0.096051227321238,1.248665955176094,0.192102454642476,0.192102454642476,0.0,0.192102454642476,0.0,0.48025613660619,0.6723585912486659,0.576307363927428,0.384204909284952,29.007470651013875,0.96051227321238,4.32230522945571,0.096051227321238,14.503735325506938,0.48025613660619,0.384204909284952,3.073639274279616,0.8644610458911419,20.074706510138743,5.667022411953042,0.096051227321238,0.0,1.344717182497332,0.192102454642476,0.0,0.0,0.0,1.536819637139808,4.994663820704376,FW,,attack,1
Alexander Isak,se SWE,FW,Newcastle Utd,eng Premier League,24.0,1999.0,34,34,2756,30.6,23,6,29,19,4,4,20.3,17.2,4.3,21.6,0.81,95,41,43.2,3.1,1.34,0.2,0.46,0.18,519,689,75.3,7434,1644,3.6,41,35,31,1,16,3,6,3,88,92,3.01,14,0.46,12,5,2,3,7,33.3,3,15,17,24,1,1025,20,189,42,46.2,615,83,43,66,55,740,217,1,0,0,27,2,1,0,0,55,26,32.1,0.751088534107402,0.1959361393323657,0.9470246734397678,0.6204644412191582,0.6629172714078374,0.5616835994194485,0.1404208998548621,0.7053701015965168,0.0264513788098693,3.102322206095791,1.338896952104499,16.948476052249635,22.5,242.7648766328012,53.68650217706822,0.1175616835994194,1.338896952104499,1.1429608127721336,1.0123367198838895,0.0326560232220609,0.5224963715529753,0.0979680696661828,0.1959361393323657,0.0979680696661828,2.873730043541364,0.3918722786647314,0.1632801161103048,0.0653120464441219,0.0979680696661828,0.2285921625544267,0.0979680696661828,0.4898403483309144,0.5551523947750363,0.7837445573294629,33.47242380261248,0.6531204644412192,6.17198838896952,1.3715529753265605,20.08345428156749,2.71044992743106,1.4042089985486212,2.1552975326560238,1.7960812772133528,24.16545718432511,7.086357039187228,0.0326560232220609,0.0,0.8817126269956458,0.0653120464441219,0.0326560232220609,0.0,0.0,1.7960812772133528,0.8490566037735848,FW,,attack,4
Gustav Isaksen,dk DEN,FW,Lazio,it Serie A,23.0,2001.0,37,29,2210,24.6,4,2,6,4,0,0,5.2,5.2,2.1,7.3,0.3,54,24,44.4,2.2,0.98,0.07,0.17,0.1,610,796,76.6,10259,1771,2.8,35,19,24,10,110,50,2,5,46,93,3.79,9,0.37,16,9,7,8,1,25.0,10,26,21,32,1,1084,17,120,44,41.9,698,95,53,46,31,805,249,5,0,0,23,8,1,0,0,68,13,35.1,0.1628959276018099,0.0814479638009049,0.2443438914027149,0.1628959276018099,0.2117647058823529,0.2117647058823529,0.0855203619909502,0.2972850678733031,0.0122171945701357,2.1990950226244346,0.9773755656108596,24.84162895927602,32.41628959276018,417.7873303167421,72.12217194570137,0.1140271493212669,1.425339366515837,0.7737556561085973,0.9773755656108596,0.4072398190045249,4.479638009049774,2.0361990950226243,0.0814479638009049,0.2036199095022624,1.8733031674208145,0.6515837104072398,0.3665158371040724,0.2850678733031674,0.3257918552036199,0.0407239819004524,0.4072398190045249,1.0588235294117647,0.8552036199095022,1.3031674208144797,44.1447963800905,0.6923076923076923,4.886877828054299,1.7918552036199094,28.42533936651584,3.8687782805429856,2.1583710407239822,1.8733031674208145,1.262443438914027,32.782805429864254,10.14027149321267,0.2036199095022624,0.0,0.9366515837104072,0.3257918552036199,0.0407239819004524,0.0,0.0,2.769230769230769,0.5294117647058824,FW,,attack,0
Junya Ito,jp JPN,"FW,MF",Reims,fr Ligue 1,31.0,1993.0,33,31,2690,29.9,4,3,7,4,0,0,4.6,4.6,7.1,11.7,0.39,31,11,35.5,1.04,0.37,0.13,0.36,0.15,811,1214,66.8,12385,4724,9.1,82,69,67,28,234,92,7,6,133,129,4.32,9,0.3,45,30,19,16,10,28.3,13,58,15,40,2,1533,19,83,47,42.7,837,100,25,85,39,1034,256,1,0,0,14,1,0,0,0,135,17,37.8,0.1338289962825278,0.1003717472118959,0.2342007434944237,0.1338289962825278,0.153903345724907,0.153903345724907,0.2375464684014869,0.391449814126394,0.0130483271375464,1.037174721189591,0.3680297397769517,27.133828996282528,40.61710037174721,414.36802973977694,158.05204460966542,0.3044609665427509,2.7434944237918213,2.3085501858736057,2.241635687732342,0.9368029739776952,7.828996282527881,3.0780669144981414,0.2342007434944237,0.2007434944237918,4.449814126394052,1.5055762081784383,1.003717472118959,0.6356877323420075,0.5353159851301115,0.3345724907063196,0.4349442379182156,1.940520446096654,0.5018587360594795,1.338289962825279,51.289962825278806,0.6356877323420075,2.7769516728624537,1.5724907063197024,28.00371747211896,3.345724907063197,0.8364312267657993,2.843866171003717,1.3048327137546467,34.594795539033456,8.565055762081784,0.0334572490706319,0.0,0.4684014869888475,0.0334572490706319,0.0,0.0,0.0,4.516728624535316,0.5687732342007435,FW,MF,attack,0
Alex Iwobi,ng NGA,"FW,MF",Fulham,eng Premier League,28.0,1996.0,38,35,2981,33.1,9,6,15,9,0,0,4.7,4.7,7.0,11.8,0.36,68,29,42.6,2.05,0.88,0.13,0.31,0.07,1150,1532,75.1,19530,5723,7.0,59,115,86,19,126,2,15,21,213,122,3.68,16,0.48,44,25,14,21,9,64.7,14,58,29,52,1,1861,33,116,48,49.5,1312,144,37,62,40,1447,246,1,0,0,19,2,0,0,0,140,7,18.4,0.2717208990271721,0.1811472660181147,0.4528681650452868,0.2717208990271721,0.1418986917141898,0.1418986917141898,0.2113384770211338,0.3562562898356256,0.0108688359610868,2.0530023482053004,0.8755451190875546,34.71989265347199,46.25293525662529,589.6343508889635,172.78430057027845,0.2113384770211338,1.781281449178128,3.471989265347199,2.5964441462596444,0.5736330090573634,3.80409258638041,0.0603824220060382,0.4528681650452868,0.6340154310634015,6.430727943643073,1.328413284132841,0.7547802750754781,0.4226769540422677,0.6340154310634015,0.2717208990271721,0.4226769540422677,1.7510902381751092,0.8755451190875546,1.5699429721569942,56.18584367661858,0.9963099630996308,3.5021804763502185,1.4491781281449176,39.610868835961085,4.347534384434754,1.1170748071117074,1.871855082187185,1.2076484401207648,43.68668232136867,7.427037906742703,0.0301912110030191,0.0,0.5736330090573634,0.0603824220060382,0.0,0.0,0.0,4.226769540422676,0.2113384770211338,FW,MF,attack,0
Nicolas Jackson,sn SEN,FW,Chelsea,eng Premier League,23.0,2001.0,30,28,2220,24.7,10,5,15,10,0,0,12.3,12.3,4.3,16.6,0.67,76,34,44.7,3.08,1.38,0.13,0.29,0.16,303,399,75.9,4088,884,1.9,28,22,10,1,3,0,1,0,38,69,2.8,10,0.41,22,13,6,7,9,50.0,3,25,15,15,0,687,19,141,18,29.5,417,47,32,71,41,514,129,7,1,0,35,9,0,0,0,48,21,36.8,0.4054054054054054,0.2027027027027027,0.6081081081081081,0.4054054054054054,0.4986486486486487,0.4986486486486487,0.1743243243243243,0.6729729729729731,0.0271621621621621,3.0810810810810807,1.3783783783783785,12.283783783783782,16.175675675675674,165.72972972972974,35.83783783783784,0.077027027027027,1.135135135135135,0.8918918918918919,0.4054054054054054,0.0405405405405405,0.1216216216216216,0.0,0.0405405405405405,0.0,1.5405405405405403,0.8918918918918919,0.5270270270270271,0.2432432432432432,0.2837837837837837,0.3648648648648649,0.1216216216216216,1.0135135135135134,0.6081081081081081,0.6081081081081081,27.85135135135135,0.7702702702702702,5.716216216216217,0.7297297297297298,16.905405405405403,1.9054054054054053,1.2972972972972974,2.8783783783783785,1.662162162162162,20.83783783783784,5.22972972972973,0.2837837837837837,0.0405405405405405,1.4189189189189189,0.3648648648648649,0.0,0.0,0.0,1.945945945945946,0.8513513513513514,FW,,attack,4
Raúl Jiménez,mx MEX,FW,Fulham,eng Premier League,33.0,1991.0,38,30,2494,27.7,12,3,15,9,3,3,12.0,9.6,3.3,12.9,0.55,93,30,32.3,3.36,1.08,0.1,0.3,0.1,458,643,71.2,6916,1618,2.1,24,41,14,3,23,0,3,5,62,66,2.38,7,0.25,35,24,9,17,9,36.4,10,45,23,28,3,999,35,165,21,42.0,549,35,17,74,45,734,125,4,0,0,39,5,1,0,0,80,91,47.9,0.4330392943063352,0.1082598235765838,0.541299117882919,0.3247794707297514,0.4330392943063352,0.3464314354450681,0.1190858059342421,0.4655172413793103,0.0198476343223737,3.356054530874098,1.082598235765838,16.527666399358463,23.203688853247797,249.57497995188453,58.388131515637525,0.0757818765036086,0.8660785886126704,1.479550922213312,0.5052125100240578,0.1082598235765838,0.8299919807538091,0.0,0.1082598235765838,0.1804330392943063,2.2373696872493984,1.2630312750601442,0.8660785886126704,0.3247794707297514,0.6134723336006416,0.3247794707297514,0.3608660785886126,1.623897353648757,0.8299919807538091,1.0104250200481155,36.05052125100241,1.2630312750601442,5.954290296712109,0.7578187650360866,19.811547714514838,1.2630312750601442,0.6134723336006416,2.6704089815557337,1.623897353648757,26.48757016840417,4.510825982357658,0.144346431435445,0.0,1.4073777064955897,0.1804330392943063,0.0360866078588612,0.0,0.0,2.886928628708901,3.2838813151563757,FW,,attack,1
João Pedro,br BRA,"FW,MF",Brighton,eng Premier League,22.0,2001.0,27,23,1948,21.6,10,6,16,5,5,5,8.9,5.0,5.0,10.0,0.64,42,15,35.7,1.94,0.69,0.12,0.33,0.12,482,661,72.9,6847,1766,3.1,30,42,36,5,22,4,10,3,78,72,3.32,9,0.42,16,12,6,6,4,36.4,9,25,12,20,0,940,12,122,29,33.7,616,66,30,72,38,732,128,4,1,0,26,10,3,1,0,59,41,48.8,0.462012320328542,0.2772073921971252,0.7392197125256674,0.231006160164271,0.4111909650924024,0.231006160164271,0.231006160164271,0.462012320328542,0.0295687885010266,1.9404517453798769,0.6930184804928131,22.26899383983573,30.539014373716636,316.3398357289528,81.59137577002053,0.143223819301848,1.3860369609856262,1.9404517453798769,1.6632443531827514,0.231006160164271,1.0164271047227926,0.1848049281314168,0.462012320328542,0.1386036960985626,3.603696098562628,0.7392197125256674,0.5544147843942505,0.2772073921971252,0.2772073921971252,0.1848049281314168,0.4158110882956878,1.1550308008213552,0.5544147843942505,0.924024640657084,43.42915811088296,0.5544147843942505,5.636550308008213,1.339835728952772,28.459958932238195,3.049281314168378,1.3860369609856262,3.326488706365503,1.75564681724846,33.819301848049285,5.913757700205339,0.1848049281314168,0.0462012320328542,1.2012320328542094,0.462012320328542,0.1386036960985626,0.0462012320328542,0.0,2.7258726899383983,1.8942505133470229,FW,MF,attack,0
Brennan Johnson,wls WAL,FW,Tottenham,eng Premier League,23.0,2001.0,33,24,2177,24.2,11,3,14,11,0,0,10.4,10.4,2.3,12.7,0.52,54,20,37.0,2.23,0.83,0.2,0.55,0.19,449,638,70.4,5932,1611,2.0,19,25,35,6,53,0,0,1,71,46,1.9,7,0.29,39,26,9,20,10,47.1,4,43,14,41,0,853,18,125,19,43.2,544,60,35,26,17,626,197,5,0,0,27,5,2,0,0,63,7,25.9,0.4547542489664676,0.1240238860817638,0.5787781350482315,0.4547542489664676,0.4299494717501149,0.4299494717501149,0.0950849793293523,0.5250344510794671,0.0214974735875057,2.2324299494717503,0.8268259072117592,18.562241616904,26.37574644005512,245.23656407900785,66.6008268259072,0.0826825907211759,0.7854846118511714,1.033532384014699,1.4469453376205788,0.2480477721635277,2.1910886541111623,0.0,0.0,0.0413412953605879,2.9352319706017456,1.6123105190629308,1.074873679375287,0.3720716582452917,0.8268259072117592,0.4134129536058796,0.1653651814423518,1.7776757005052823,0.5787781350482315,1.6949931097841069,35.26412494258153,0.7441433164905834,5.167661920073496,0.7854846118511714,22.48966467615985,2.4804777216352782,1.4469453376205788,1.074873679375287,0.7028020211299953,25.879650895728066,8.144235186035829,0.2067064768029398,0.0,1.1162149747358752,0.2067064768029398,0.0826825907211759,0.0,0.0,2.604501607717041,0.2893890675241157,FW,,attack,1
Diogo Jota,pt POR,FW,Liverpool,eng Premier League,27.0,1996.0,26,14,1196,13.3,6,3,9,6,0,0,7.9,7.9,1.8,9.8,0.74,51,13,25.5,3.84,0.98,0.12,0.46,0.16,216,310,69.7,3313,829,1.1,11,29,3,1,8,0,1,2,34,37,2.79,9,0.68,14,8,2,8,4,36.8,8,22,6,15,0,485,6,97,11,33.3,263,37,21,40,22,333,88,2,0,0,23,1,1,0,0,41,22,40.7,0.451505016722408,0.225752508361204,0.677257525083612,0.451505016722408,0.5944816053511707,0.5944816053511707,0.1354515050167224,0.7374581939799332,0.0556856187290969,3.837792642140468,0.9782608695652174,16.254180602006688,23.32775919732441,249.30602006688963,62.38294314381271,0.0827759197324414,0.8277591973244148,2.182274247491639,0.225752508361204,0.0752508361204013,0.6020066889632107,0.0,0.0752508361204013,0.1505016722408027,2.5585284280936453,1.0535117056856187,0.6020066889632107,0.1505016722408027,0.6020066889632107,0.3010033444816054,0.6020066889632107,1.6555183946488297,0.451505016722408,1.12876254180602,36.49665551839465,0.451505016722408,7.29933110367893,0.8277591973244148,19.79096989966555,2.784280936454849,1.580267558528428,3.0100334448160533,1.6555183946488297,25.058528428093645,6.622073578595319,0.1505016722408027,0.0,1.7307692307692308,0.0752508361204013,0.0752508361204013,0.0,0.0,3.0852842809364547,1.6555183946488297,FW,,attack,4
Vinicius Júnior,br BRA,FW,Real Madrid,es La Liga,24.0,2000.0,30,24,2253,25.0,11,8,19,9,2,3,10.4,8.2,8.0,16.2,0.73,78,24,30.8,3.12,0.96,0.12,0.38,0.11,673,901,74.7,10433,2523,7.0,58,53,36,6,56,8,15,16,85,135,5.39,18,0.72,21,10,7,4,10,27.8,3,24,1,45,2,1264,4,199,82,42.9,952,169,106,72,49,1059,256,8,1,0,30,11,2,0,0,71,1,12.5,0.4394141145139814,0.3195739014647137,0.7589880159786951,0.3595206391478029,0.4154460719041278,0.3275632490013315,0.3195739014647137,0.6471371504660453,0.0291611185086551,3.1158455392809583,0.9587217043941412,26.88415446071904,35.99201065246338,416.76431424766974,100.78561917443407,0.2796271637816245,2.316910785619174,2.1171770972037285,1.4380825565912116,0.2396804260985353,2.237017310252996,0.3195739014647137,0.5992010652463382,0.6391478029294274,3.395472703062583,0.8388814913448736,0.3994673768308922,0.2796271637816245,0.1597869507323568,0.3994673768308922,0.1198402130492676,0.9587217043941412,0.0399467376830892,1.7976031957390146,50.49267643142477,0.1597869507323568,7.949400798934753,3.275632490013316,38.02929427430093,6.750998668442078,4.234354194407457,2.8761651131824237,1.9573901464713717,42.30359520639148,10.22636484687084,0.3195739014647137,0.0399467376830892,1.1984021304926764,0.4394141145139814,0.0798934753661784,0.0,0.0,2.8362183754993344,0.0399467376830892,FW,,attack,2
Arnaud Kalimuendo,fr FRA,"FW,MF",Rennes,fr Ligue 1,22.0,2002.0,33,31,2578,28.6,17,3,20,12,5,8,14.9,8.9,2.0,10.9,0.59,68,29,42.6,2.37,1.01,0.18,0.41,0.13,477,605,78.8,7080,1245,2.1,19,36,14,1,13,0,3,5,72,49,1.71,6,0.21,19,12,6,9,4,46.7,4,23,16,24,1,885,18,126,21,33.9,521,50,27,59,59,684,167,2,0,0,29,2,1,0,0,63,22,27.2,0.5934833204034136,0.1047323506594259,0.6982156710628394,0.4189294026377036,0.5201706749418153,0.3107059736229636,0.0698215671062839,0.3805275407292475,0.0205973622963537,2.3739332816136542,1.012412723041117,16.65244375484872,21.12102404965089,247.1683475562452,43.46392552366175,0.0733126454615981,0.6633048875096974,1.256788207913111,0.4887509697439876,0.0349107835531419,0.4538401861908456,0.0,0.1047323506594259,0.1745539177657098,2.513576415826222,0.6633048875096974,0.4189294026377036,0.2094647013188518,0.3141970519782777,0.1396431342125678,0.1396431342125678,0.8029480217222653,0.5585725368502715,0.8378588052754072,30.896043444530648,0.6283941039565555,4.398758727695888,0.7331264546159814,18.18851823118697,1.7455391776570983,0.9425911559348332,2.0597362296353765,2.0597362296353765,23.878975950349105,5.830100853374709,0.0698215671062839,0.0,1.012412723041117,0.0698215671062839,0.0349107835531419,0.0,0.0,2.199379363847944,0.7680372381691233,FW,MF,attack,1
Harry Kane,eng ENG,FW,Bayern Munich,de Bundesliga,31.0,1993.0,31,28,2381,26.5,26,9,35,17,9,9,20.3,13.3,5.3,18.6,0.97,105,45,42.9,3.97,1.7,0.16,0.38,0.13,509,645,78.9,9141,2258,5.6,35,56,36,2,13,1,17,14,97,89,3.36,21,0.79,13,11,3,8,2,33.3,2,15,16,21,0,917,20,162,23,43.4,513,29,21,41,22,716,143,5,0,0,9,5,2,0,0,61,29,59.2,0.9827803443931122,0.3401931961360772,1.3229735405291896,0.6425871482570349,0.7673246535069298,0.502729945401092,0.2003359932801344,0.7030659386812265,0.0366652666946661,3.968920621587568,1.7009659806803863,19.23981520369593,24.380512389752205,345.5228895422092,85.35069298614027,0.2116757664846703,1.3229735405291896,2.1167576648467032,1.360772784544309,0.0755984880302394,0.4913901721965561,0.0377992440151197,0.6425871482570349,0.5291894162116758,3.6665266694666103,0.4913901721965561,0.4157916841663167,0.1133977320453591,0.3023939521209576,0.0755984880302394,0.0755984880302394,0.5669886602267955,0.6047879042419152,0.7937841243175137,34.66190676186476,0.755984880302394,6.123477530449391,0.869382612347753,19.391012179756405,1.0961780764384712,0.7937841243175137,1.5497690046199075,0.8315833683326334,27.0642587148257,5.405291894162117,0.1889962200755985,0.0,0.3401931961360772,0.1889962200755985,0.0755984880302394,0.0,0.0,2.305753884922302,1.0961780764384712,FW,,attack,4
Lee Kang-in,kr KOR,"FW,MF",Paris S-G,fr Ligue 1,23.0,2001.0,30,19,1663,18.5,6,6,12,6,0,0,3.5,3.5,5.6,9.1,0.5,41,14,34.1,2.22,0.76,0.15,0.43,0.09,1110,1268,87.5,17230,4215,6.4,56,103,43,7,94,84,13,10,143,97,5.26,6,0.33,25,17,7,11,7,54.3,3,28,3,16,1,1432,13,68,29,56.9,938,50,18,22,26,1172,138,1,0,0,21,0,0,0,0,73,5,33.3,0.3247143716175587,0.3247143716175587,0.6494287432351173,0.3247143716175587,0.1894167167769092,0.1894167167769092,0.3030667468430547,0.4924834636199639,0.0270595309681298,2.2188815393866506,0.7576668671076369,60.072158749248345,68.62297053517739,932.471437161756,228.11184606133492,0.3463619963920625,3.0306674684305475,5.574263379434757,2.3271196632591704,0.3788334335538184,5.0871918220084185,4.546001202645821,0.703547805171377,0.5411906193625977,7.739025856885147,1.3529765484064944,0.9200240529164162,0.3788334335538184,0.5953096812988575,0.3788334335538184,0.1623571858087793,1.5153337342152735,0.1623571858087793,0.8659049909801564,77.49849669272399,0.703547805171377,3.680096211665665,1.5694527961515334,50.76368009621167,2.705953096812989,0.974143114852676,1.190619362597715,1.407095610342754,63.427540589296456,7.468430547203849,0.0541190619362597,0.0,1.1365003006614554,0.0,0.0,0.0,0.0,3.9506915213469633,0.2705953096812988,FW,MF,attack,0
Moise Kean,it ITA,FW,Fiorentina,it Serie A,24.0,2000.0,31,30,2615,29.1,17,3,20,16,1,2,19.4,17.9,1.9,19.7,0.71,98,45,45.9,3.37,1.55,0.16,0.36,0.18,228,326,69.9,3457,552,1.1,19,15,10,1,8,1,1,5,26,57,1.9,7,0.23,7,5,1,2,4,75.0,5,12,26,15,1,700,28,132,44,43.6,454,42,32,97,53,541,143,5,0,0,40,5,0,1,0,52,51,51.5,0.5850860420650096,0.1032504780114722,0.6883365200764818,0.5506692160611855,0.6676864244741874,0.6160611854684512,0.0653919694072657,0.6780114722753345,0.0244359464627151,3.372848948374761,1.548757170172084,7.847036328871892,11.219885277246654,118.97896749521988,18.9980879541109,0.0378585086042065,0.6539196940726577,0.5162523900573613,0.3441682600382409,0.034416826003824,0.2753346080305927,0.034416826003824,0.034416826003824,0.1720841300191204,0.8948374760994263,0.2409177820267686,0.1720841300191204,0.034416826003824,0.0688336520076481,0.1376673040152963,0.1720841300191204,0.4130019120458891,0.8948374760994263,0.5162523900573613,24.091778202676863,0.9636711281070744,4.54302103250478,1.51434034416826,15.625239005736136,1.4455066921606117,1.101338432122371,3.338432122370937,1.8240917782026769,18.61950286806883,4.921606118546845,0.1720841300191204,0.0,1.3766730401529637,0.1720841300191204,0.0,0.034416826003824,0.0,1.7896749521988526,1.7552581261950289,FW,,attack,4
Wahbi Khazri,tn TUN,"FW,MF",Montpellier,fr Ligue 1,33.0,1991.0,30,10,1118,12.4,1,1,2,1,0,0,2.3,2.3,2.2,4.4,0.37,36,6,16.7,2.9,0.48,0.03,0.17,0.06,229,337,68.0,3894,1196,1.8,18,27,8,5,48,20,3,5,33,39,3.27,2,0.17,25,18,5,16,4,38.1,5,30,7,13,0,486,14,34,7,26.9,259,24,10,21,25,306,53,4,0,0,23,4,0,0,0,44,8,27.6,0.0805008944543828,0.0805008944543828,0.1610017889087656,0.0805008944543828,0.1851520572450805,0.1851520572450805,0.1771019677996422,0.3542039355992845,0.0297853309481216,2.898032200357782,0.4830053667262969,18.43470483005367,27.12880143112701,313.4704830053667,96.27906976744184,0.1449016100178891,1.449016100178891,2.173524150268336,0.6440071556350626,0.4025044722719141,3.8640429338103752,1.6100178890876564,0.2415026833631484,0.4025044722719141,2.656529516994633,2.012522361359571,1.449016100178891,0.4025044722719141,1.2880143112701252,0.3220035778175313,0.4025044722719141,2.415026833631485,0.5635062611806798,1.0465116279069768,39.12343470483005,1.1270125223613596,2.737030411449016,0.5635062611806798,20.84973166368515,1.932021466905188,0.8050089445438282,1.6905187835420394,2.012522361359571,24.633273703041148,4.26654740608229,0.3220035778175313,0.0,1.851520572450805,0.3220035778175313,0.0,0.0,0.0,3.5420393559928445,0.6440071556350626,FW,MF,attack,3
Kiké,es ESP,FW,Alavés,es La Liga,34.0,1989.0,35,29,2542,28.2,13,0,13,10,3,3,9.6,7.2,0.9,8.2,0.37,60,24,40.0,2.12,0.85,0.17,0.42,0.12,384,588,65.3,5279,915,1.6,13,30,6,1,13,0,4,6,50,38,1.35,4,0.14,19,14,1,12,6,35.3,1,20,23,18,0,894,24,120,13,37.1,548,25,10,98,42,719,158,5,1,1,49,6,1,0,0,90,110,52.4,0.4602675059008655,0.0,0.4602675059008655,0.3540519276160503,0.3398898505114083,0.2549173878835563,0.0318646734854445,0.2903225806451612,0.0130999213217938,2.1243115656963023,0.8497246262785209,13.595594020456334,20.818253343823763,186.90401258851296,32.3957513768686,0.056648308418568,0.4602675059008655,1.0621557828481512,0.2124311565696302,0.035405192761605,0.4602675059008655,0.0,0.1416207710464201,0.2124311565696302,1.7702596380802518,0.6726986624704957,0.4956726986624705,0.035405192761605,0.4248623131392604,0.2124311565696302,0.035405192761605,0.7081038552321007,0.8143194335169158,0.6372934697088907,31.6522423288749,0.8497246262785209,4.248623131392605,0.4602675059008655,19.40204563335956,0.8851298190401259,0.3540519276160503,3.469708890637293,1.4870180959874113,25.45633359559402,5.594020456333595,0.1770259638080251,0.035405192761605,1.7348544453186467,0.2124311565696302,0.035405192761605,0.0,0.0,3.186467348544453,3.894571203776554,FW,,attack,1
Joshua King,no NOR,"FW,MF",Toulouse,fr Ligue 1,32.0,1992.0,28,21,1673,18.6,6,3,9,6,0,0,6.6,6.6,2.0,8.7,0.47,50,20,40.0,2.69,1.08,0.12,0.3,0.13,253,358,70.7,3233,592,1.6,17,13,10,1,9,0,0,1,29,31,1.67,4,0.22,11,11,4,4,3,41.7,6,17,19,8,0,574,22,94,35,54.7,307,39,15,47,33,393,108,2,0,0,35,2,1,0,0,60,35,40.7,0.3227734608487747,0.1613867304243873,0.484160191273162,0.3227734608487747,0.3550508069336521,0.3550508069336521,0.1075911536162582,0.4680215182307232,0.0252839210998206,2.6897788404064555,1.0759115361625822,13.610280932456664,19.25881649731022,173.9210998206814,31.846981470412437,0.0860729228930065,0.9145248057381948,0.6993424985056784,0.5379557680812911,0.0537955768081291,0.484160191273162,0.0,0.0,0.0537955768081291,1.5600717274357443,0.5917513448894203,0.5917513448894203,0.2151823072325164,0.2151823072325164,0.1613867304243873,0.3227734608487747,0.9145248057381948,1.022115959354453,0.4303646144650328,30.87866108786611,1.1835026897788403,5.056784219964136,1.8828451882845187,16.515242080095636,2.098027495517035,0.8069336521219367,2.528392109982068,1.7752540346682606,21.14166168559474,5.809922295277944,0.1075911536162582,0.0,1.8828451882845187,0.1075911536162582,0.0537955768081291,0.0,0.0,3.2277346084877467,1.8828451882845187,FW,MF,attack,1
Tim Kleindienst,de GER,FW,Gladbach,de Bundesliga,28.0,1995.0,31,31,2737,30.4,16,7,23,15,1,2,13.6,11.9,6.2,18.0,0.65,73,36,49.3,2.4,1.18,0.21,0.42,0.16,466,765,60.9,6509,1615,4.0,29,30,22,1,16,0,7,6,63,68,2.24,14,0.46,30,15,6,15,9,28.6,12,42,66,43,1,1149,74,137,14,37.8,545,45,24,82,42,797,145,5,1,1,75,4,2,1,0,74,149,54.8,0.526123492875411,0.2301790281329923,0.7563025210084033,0.4932407745706978,0.4472049689440994,0.391304347826087,0.2038728534892218,0.5918889294848374,0.0213737668980635,2.400438436244063,1.1837778589696748,15.323346729996349,25.15527950310559,214.0336134453781,53.1055900621118,0.1315308732188527,0.9535988308366824,0.9864815491413956,0.7234198027036902,0.0328827183047131,0.526123492875411,0.0,0.2301790281329923,0.1972963098282791,2.071611253196931,0.9864815491413956,0.4932407745706978,0.1972963098282791,0.4932407745706978,0.2959444647424187,0.3945926196565583,1.381074168797954,2.1702594081110704,1.413956887102667,37.782243332115456,2.433321154548776,4.504932407745707,0.4603580562659847,17.921081476068686,1.4797223237120936,0.7891852393131166,2.6963829009864817,1.381074168797954,26.207526488856413,4.7679941541834125,0.1644135915235659,0.0328827183047131,2.466203872853489,0.1315308732188527,0.0657654366094263,0.0328827183047131,0.0,2.433321154548776,4.899525027402265,FW,,attack,1
Randal Kolo Muani,fr FRA,FW,Juventus,it Serie A,25.0,1998.0,16,13,1160,12.9,8,1,9,7,1,1,4.7,3.9,1.6,5.5,0.49,25,13,52.0,1.94,1.01,0.28,0.54,0.16,151,216,69.9,1910,347,0.8,17,8,9,0,8,0,2,1,20,27,2.09,3,0.23,11,7,3,5,3,80.0,4,15,2,7,0,364,3,71,18,40.9,213,21,14,41,23,269,100,0,0,0,27,1,0,0,0,33,10,27.0,0.6206896551724138,0.0775862068965517,0.6982758620689655,0.5431034482758621,0.3646551724137931,0.3025862068965517,0.1241379310344827,0.4267241379310345,0.0380172413793103,1.9396551724137927,1.0086206896551724,11.715517241379311,16.758620689655174,148.1896551724138,26.92241379310345,0.0620689655172413,1.3189655172413792,0.6206896551724138,0.6982758620689655,0.0,0.6206896551724138,0.0,0.1551724137931034,0.0775862068965517,1.5517241379310345,0.853448275862069,0.5431034482758621,0.2327586206896551,0.3879310344827586,0.2327586206896551,0.3103448275862069,1.1637931034482758,0.1551724137931034,0.5431034482758621,28.24137931034483,0.2327586206896551,5.508620689655173,1.396551724137931,16.525862068965516,1.6293103448275863,1.0862068965517242,3.181034482758621,1.7844827586206895,20.870689655172413,7.758620689655173,0.0,0.0,2.094827586206897,0.0775862068965517,0.0,0.0,0.0,2.560344827586207,0.7758620689655172,FW,,attack,1
Nikola Krstović,me MNE,FW,Lecce,it Serie A,24.0,2000.0,37,37,3057,34.0,11,5,16,9,2,3,12.1,9.7,2.9,12.6,0.44,134,38,28.4,3.95,1.12,0.07,0.24,0.07,434,654,66.4,6532,1347,1.7,30,38,15,1,8,0,4,4,56,87,2.56,7,0.21,18,9,4,7,7,43.8,7,25,24,28,0,1051,30,152,17,26.2,571,42,24,86,40,786,149,6,0,0,57,5,0,0,0,72,91,41.6,0.323846908734053,0.1472031403336604,0.4710500490677134,0.2649656526005888,0.3562315996074582,0.2855740922473012,0.085377821393523,0.3709519136408243,0.0129538763493621,3.9450441609421,1.1187438665358194,12.777232580961726,19.25417075564279,192.306182531894,39.656526005888125,0.0500490677134445,0.8832188420019628,1.1187438665358194,0.4416094210009814,0.029440628066732,0.2355250245338567,0.0,0.1177625122669283,0.1177625122669283,1.6486751717369972,0.5299313052011776,0.2649656526005888,0.1177625122669283,0.2060843964671246,0.2060843964671246,0.2060843964671246,0.7360157016683022,0.7065750736015701,0.8243375858684986,30.942100098135423,0.8832188420019628,4.4749754661432775,0.5004906771344455,16.810598626104024,1.2365063788027475,0.7065750736015701,2.53189401373896,1.1776251226692835,23.140333660451425,4.386653581943082,0.1766437684003925,0.0,1.6781157998037293,0.1472031403336604,0.0,0.0,0.0,2.1197252208047104,2.6790971540726205,FW,,attack,1
Mohammed Kudus,gh GHA,"FW,MF",West Ham,eng Premier League,23.0,2000.0,32,31,2590,28.8,5,3,8,5,0,0,6.9,6.9,3.1,10.0,0.35,75,21,28.0,2.61,0.73,0.07,0.24,0.09,715,855,83.6,11695,1800,2.7,31,46,29,15,81,1,2,13,79,107,3.72,10,0.35,38,23,9,18,11,37.0,4,42,8,29,2,1274,13,127,92,44.2,842,98,42,77,93,989,216,2,1,0,39,2,0,0,0,138,11,21.6,0.1737451737451737,0.1042471042471042,0.277992277992278,0.1737451737451737,0.2397683397683398,0.2397683397683398,0.1077220077220077,0.3474903474903475,0.0121621621621621,2.606177606177606,0.7297297297297298,24.845559845559848,29.71042471042471,406.3899613899614,62.54826254826256,0.0938223938223938,1.0772200772200773,1.5984555984555984,1.0077220077220077,0.5212355212355212,2.814671814671815,0.0347490347490347,0.0694980694980695,0.4517374517374517,2.745173745173745,1.3204633204633205,0.7992277992277992,0.3127413127413127,0.6254826254826255,0.3822393822393822,0.138996138996139,1.4594594594594597,0.277992277992278,1.0077220077220077,44.270270270270274,0.4517374517374517,4.4131274131274125,3.1969111969111967,29.258687258687257,3.4054054054054057,1.4594594594594597,2.675675675675676,3.231660231660232,34.36679536679537,7.505791505791506,0.0694980694980695,0.0347490347490347,1.3552123552123552,0.0694980694980695,0.0,0.0,0.0,4.795366795366795,0.3822393822393822,FW,MF,attack,0
Khvicha Kvaratskhelia,ge GEO,"FW,MF",Napoli,it Serie A,23.0,2001.0,17,15,1178,13.1,5,3,8,4,1,1,4.1,3.4,3.7,7.0,0.6,49,16,32.7,3.74,1.22,0.08,0.25,0.07,352,461,76.4,5985,1769,3.0,28,31,23,4,51,30,7,5,57,57,4.35,6,0.46,15,9,4,10,1,26.7,4,19,7,14,0,659,2,74,19,26.4,405,74,37,25,21,471,89,1,0,0,12,3,0,0,0,45,4,44.4,0.3820033955857385,0.2292020373514431,0.6112054329371817,0.3056027164685908,0.3132427843803055,0.2597623089983022,0.2826825127334465,0.5348047538200339,0.0458404074702886,3.743633276740237,1.222410865874363,26.89303904923599,35.22071307300509,457.2580645161291,135.15280135823429,0.2292020373514431,2.139219015280136,2.3684210526315788,1.757215619694397,0.3056027164685908,3.896434634974533,2.2920203735144318,0.5348047538200339,0.3820033955857385,4.354838709677419,1.1460101867572157,0.6876061120543294,0.3056027164685908,0.7640067911714771,0.0764006791171477,0.3056027164685908,1.4516129032258065,0.5348047538200339,1.0696095076400678,50.34804753820034,0.1528013582342954,5.65365025466893,1.4516129032258065,30.942275042444823,5.65365025466893,2.826825127334465,1.9100169779286928,1.604414261460102,35.98471986417657,6.799660441426147,0.0764006791171477,0.0,0.9168081494057726,0.2292020373514431,0.0,0.0,0.0,3.4380305602716468,0.3056027164685908,FW,MF,attack,0
Khvicha Kvaratskhelia,ge GEO,FW,Paris S-G,fr Ligue 1,23.0,2001.0,14,11,916,10.2,4,3,7,4,0,0,3.3,3.3,4.9,8.2,0.8,34,15,44.1,3.34,1.47,0.12,0.27,0.1,468,547,85.6,6585,1480,3.8,25,32,20,4,33,27,5,3,43,60,5.89,8,0.79,19,13,4,12,3,56.5,2,21,4,15,0,668,4,71,25,47.2,444,50,28,19,25,555,131,0,0,0,12,3,0,0,0,27,3,37.5,0.3930131004366812,0.2947598253275109,0.6877729257641921,0.3930131004366812,0.324235807860262,0.324235807860262,0.4814410480349345,0.8056768558951964,0.0786026200873362,3.3406113537117905,1.4737991266375543,45.9825327510917,53.74454148471615,646.9978165938865,145.41484716157206,0.3733624454148471,2.4563318777292578,3.1441048034934496,1.965065502183406,0.3930131004366812,3.2423580786026203,2.6528384279475983,0.4912663755458515,0.2947598253275109,4.224890829694323,1.866812227074236,1.277292576419214,0.3930131004366812,1.1790393013100435,0.2947598253275109,0.1965065502183406,2.0633187772925767,0.3930131004366812,1.4737991266375543,65.63318777292577,0.3930131004366812,6.975982532751091,2.4563318777292578,43.62445414847162,4.912663755458516,2.7510917030567685,1.866812227074236,2.4563318777292578,54.53056768558952,12.87117903930131,0.0,0.0,1.1790393013100435,0.2947598253275109,0.0,0.0,0.0,2.6528384279475983,0.2947598253275109,FW,,attack,2
Gaëtan Laborde,fr FRA,FW,Nice,fr Ligue 1,30.0,1994.0,28,20,1829,20.3,11,4,15,7,4,4,11.7,8.6,3.5,12.0,0.75,70,20,28.6,3.44,0.98,0.1,0.35,0.12,346,497,69.6,4628,917,2.6,27,26,12,2,27,0,3,2,40,63,3.1,7,0.34,19,13,9,8,2,40.9,6,25,20,15,0,730,28,127,18,48.6,362,30,13,48,18,494,131,1,0,0,29,2,1,0,0,49,48,50.5,0.541279387643521,0.1968288682340076,0.7381082558775287,0.3444505194095134,0.5757244395844724,0.4231820667031164,0.1722252597047567,0.590486604702023,0.0369054127938764,3.444505194095134,0.9841443411700382,17.02569710224166,24.455986878075453,227.73100054674688,45.12301804264625,0.1279387643521049,1.3285948605795517,1.2793876435210496,0.590486604702023,0.0984144341170038,1.3285948605795517,0.0,0.1476216511755057,0.0984144341170038,1.9682886823400765,0.9349371241115364,0.6396938217605248,0.4428649535265172,0.3936577364680153,0.0984144341170038,0.2952433023510115,1.2301804264625478,0.9841443411700382,0.7381082558775287,35.9212684527064,1.3778020776380535,6.249316566429743,0.8857299070530344,17.81301257517769,1.4762165117550574,0.6396938217605248,2.361946418808092,0.8857299070530344,24.308365226899948,6.446145434663751,0.0492072170585019,0.0,1.4270092946965554,0.0984144341170038,0.0492072170585019,0.0,0.0,2.4111536358665937,2.361946418808092,FW,,attack,4
Alexandre Lacazette,fr FRA,FW,Lyon,fr Ligue 1,33.0,1991.0,30,24,2051,22.8,15,2,17,10,5,6,16.3,11.7,3.4,15.0,0.86,53,31,58.5,2.33,1.36,0.19,0.32,0.22,393,547,71.8,5201,1351,4.9,26,34,25,4,17,0,4,7,66,56,2.46,5,0.22,13,6,3,7,3,31.3,8,21,7,20,0,742,11,137,14,45.2,418,24,10,51,20,572,159,5,0,0,48,3,0,1,0,28,16,33.3,0.6582155046318868,0.0877620672842515,0.7459775719161386,0.4388103364212579,0.7152608483666504,0.5134080936128718,0.1491955143832276,0.6582155046318868,0.0377376889322281,2.325694783032667,1.3603120429058997,17.245246221355437,24.00292540224281,228.22525597269623,59.28327645051195,0.2150170648464164,1.1409068746952706,1.4919551438322771,1.0970258410531448,0.1755241345685031,0.7459775719161386,0.0,0.1755241345685031,0.3071672354948805,2.8961482203803026,0.5704534373476353,0.2632862018527547,0.1316431009263773,0.3071672354948805,0.1316431009263773,0.3510482691370063,0.9215017064846416,0.3071672354948805,0.8776206728425159,32.55972696245734,0.4826913700633837,6.011701608971234,0.6143344709897611,18.34227206240858,1.053144807411019,0.4388103364212579,2.2379327157484155,0.8776206728425159,25.09995124329595,6.977084349098001,0.2194051682106289,0.0,2.106289614822038,0.1316431009263773,0.0,0.0438810336421257,0.0,1.2286689419795225,0.7020965382740126,FW,,attack,4
Cyle Larin,ca CAN,FW,Mallorca,es La Liga,29.0,1995.0,32,21,1764,19.6,7,2,9,6,1,1,6.9,6.1,1.4,7.5,0.42,38,14,36.8,1.94,0.71,0.16,0.43,0.16,214,317,67.5,2655,399,0.4,8,11,3,0,6,0,0,0,20,21,1.07,3,0.15,12,6,1,6,5,33.3,1,13,16,11,0,561,20,72,8,26.7,316,20,9,72,58,429,95,4,0,0,32,4,1,0,0,46,66,43.4,0.3571428571428571,0.1020408163265306,0.4591836734693877,0.3061224489795918,0.3520408163265306,0.3112244897959183,0.0714285714285714,0.3826530612244898,0.0214285714285714,1.9387755102040816,0.7142857142857142,10.918367346938776,16.1734693877551,135.4591836734694,20.357142857142858,0.0204081632653061,0.4081632653061224,0.5612244897959184,0.1530612244897959,0.0,0.3061224489795918,0.0,0.0,0.0,1.020408163265306,0.6122448979591837,0.3061224489795918,0.0510204081632653,0.3061224489795918,0.2551020408163265,0.0510204081632653,0.6632653061224489,0.8163265306122449,0.5612244897959184,28.62244897959184,1.020408163265306,3.6734693877551017,0.4081632653061224,16.122448979591837,1.020408163265306,0.4591836734693877,3.6734693877551017,2.959183673469388,21.887755102040817,4.846938775510204,0.2040816326530612,0.0,1.6326530612244898,0.2040816326530612,0.0510204081632653,0.0,0.0,2.346938775510204,3.36734693877551,FW,,attack,1
Juanmi Latasa,es ESP,FW,Valladolid,es La Liga,23.0,2001.0,28,14,1398,15.5,3,0,3,3,0,0,4.2,4.2,0.9,5.1,0.33,40,13,32.5,2.58,0.84,0.08,0.23,0.11,154,260,59.2,2311,420,0.4,13,11,5,1,5,0,1,3,17,30,1.93,0,0.0,4,2,1,1,2,33.3,0,4,11,1,1,390,16,74,8,53.3,153,3,0,31,18,291,40,6,1,0,40,2,0,1,0,24,90,60.8,0.1931330472103004,0.0,0.1931330472103004,0.1931330472103004,0.2703862660944206,0.2703862660944206,0.0579399141630901,0.3283261802575107,0.021244635193133,2.575107296137339,0.8369098712446352,9.914163090128756,16.738197424892704,148.77682403433477,27.038626609442066,0.0257510729613733,0.8369098712446352,0.7081545064377682,0.3218884120171674,0.0643776824034334,0.3218884120171674,0.0,0.0643776824034334,0.1931330472103004,1.094420600858369,0.2575107296137339,0.1287553648068669,0.0643776824034334,0.0643776824034334,0.1287553648068669,0.0,0.2575107296137339,0.7081545064377682,0.0643776824034334,25.10729613733905,1.0300429184549356,4.763948497854077,0.5150214592274678,9.849785407725324,0.1931330472103004,0.0,1.995708154506438,1.158798283261803,18.733905579399146,2.575107296137339,0.3862660944206008,0.0643776824034334,2.575107296137339,0.1287553648068669,0.0,0.0643776824034334,0.0,1.5450643776824031,5.793991416309012,FW,,attack,1
Rafael Leão,pt POR,FW,Milan,it Serie A,25.0,1999.0,34,25,2323,25.8,8,8,16,8,0,0,7.6,7.6,8.4,15.9,0.62,66,29,43.9,2.56,1.12,0.12,0.28,0.11,630,849,74.2,10407,2763,6.2,58,37,51,10,55,8,10,4,93,113,4.38,16,0.62,16,10,4,8,4,37.9,6,22,4,27,0,1135,7,152,59,45.7,780,123,67,53,36,940,262,5,0,0,19,6,1,0,0,66,26,56.5,0.309944037882049,0.309944037882049,0.6198880757640981,0.309944037882049,0.2944468359879466,0.2944468359879466,0.3254412397761515,0.6160137752905726,0.0240206629358588,2.5570383125269047,1.123547137322428,24.408092983211365,32.89281102023246,403.1984502798106,107.04692208351273,0.240206629358588,2.247094274644856,1.4334911752044768,1.9758932414980628,0.3874300473525613,2.130865260439087,0.309944037882049,0.3874300473525613,0.1549720189410245,3.603099440378821,0.6198880757640981,0.3874300473525613,0.1549720189410245,0.309944037882049,0.1549720189410245,0.2324580284115368,0.8523461041756349,0.1549720189410245,1.0460611278519156,43.97331037451571,0.2712010331467929,5.888936719758933,2.285837279380112,30.219543693499787,4.765389582436505,2.5957813172621607,2.053379250968575,1.3947481704692208,36.418424451140766,10.150667240637109,0.1937150236762806,0.0,0.7361170899698666,0.2324580284115368,0.0387430047352561,0.0,0.0,2.5570383125269047,1.0073181231166597,FW,,attack,0
Esteban Lepaul,fr FRA,FW,Angers,fr Ligue 1,24.0,2000.0,28,18,1629,18.1,9,0,9,9,0,0,5.1,5.1,0.8,6.0,0.33,41,17,41.5,2.27,0.94,0.22,0.53,0.13,241,359,67.1,3512,623,1.7,7,13,7,2,15,0,1,3,20,22,1.22,1,0.06,11,6,2,6,3,25.0,4,15,10,15,0,504,14,60,6,28.6,246,26,10,34,13,348,68,2,0,0,16,2,0,0,0,45,35,42.7,0.4972375690607734,0.0,0.4972375690607734,0.4972375690607734,0.281767955801105,0.281767955801105,0.0441988950276243,0.3314917127071823,0.018232044198895,2.265193370165746,0.9392265193370164,13.314917127071825,19.834254143646408,194.0331491712707,34.41988950276243,0.0939226519337016,0.3867403314917127,0.7182320441988951,0.3867403314917127,0.1104972375690607,0.8287292817679559,0.0,0.0552486187845303,0.1657458563535911,1.1049723756906078,0.6077348066298343,0.3314917127071823,0.1104972375690607,0.3314917127071823,0.1657458563535911,0.2209944751381215,0.8287292817679559,0.5524861878453039,0.8287292817679559,27.845303867403317,0.7734806629834254,3.314917127071824,0.3314917127071823,13.591160220994476,1.4364640883977902,0.5524861878453039,1.878453038674033,0.7182320441988951,19.226519337016576,3.756906077348066,0.1104972375690607,0.0,0.8839779005524862,0.1104972375690607,0.0,0.0,0.0,2.4861878453038675,1.933701657458564,FW,,attack,1
Robert Lewandowski,pl POL,FW,Barcelona,es La Liga,35.0,1988.0,34,32,2667,29.6,27,2,29,24,3,4,27.1,24.0,2.3,26.3,0.99,111,45,40.5,3.75,1.52,0.22,0.53,0.22,383,522,73.4,4856,900,1.5,19,31,9,0,5,0,3,6,48,50,1.69,3,0.1,10,5,1,5,4,45.5,3,13,26,22,0,841,32,179,20,57.1,472,27,16,75,45,667,164,1,0,0,30,5,0,0,0,45,37,48.7,0.9111361079865016,0.0674915635545556,0.9786276715410572,0.8098987626546682,0.9145106861642296,0.8098987626546682,0.077615298087739,0.8875140607424072,0.033408323959505,3.74578177727784,1.5185601799775028,12.924634420697412,17.61529808773903,163.8695163104612,30.371203599550054,0.0506186726659167,0.641169853768279,1.0461192350956132,0.3037120359955005,0.0,0.1687289088863892,0.0,0.1012373453318335,0.202474690663667,1.6197975253093364,0.3374578177727784,0.1687289088863892,0.0337457817772778,0.1687289088863892,0.1349831271091113,0.1012373453318335,0.4386951631046119,0.8773903262092239,0.7424071991001124,28.380202474690662,1.079865016872891,6.040494938132734,0.6749156355455568,15.92800899887514,0.9111361079865016,0.5399325084364455,2.530933633295838,1.5185601799775028,22.50843644544432,5.534308211473566,0.0337457817772778,0.0,1.012373453318335,0.1687289088863892,0.0,0.0,0.0,1.5185601799775028,1.24859392575928,FW,,attack,4
Jesper Lindstrøm,dk DEN,FW,Everton,eng Premier League,24.0,2000.0,25,15,1239,13.8,0,1,1,0,0,0,2.1,2.1,2.0,4.1,0.3,28,10,35.7,2.03,0.73,0.0,0.0,0.08,297,428,69.4,4593,1335,2.0,19,18,12,7,71,25,1,0,25,46,3.35,1,0.07,45,25,24,19,2,34.5,12,57,17,18,0,625,22,40,8,18.6,302,30,7,31,24,347,81,2,0,0,15,3,0,0,0,70,6,33.3,0.0,0.072639225181598,0.072639225181598,0.0,0.1525423728813559,0.1525423728813559,0.1452784503631961,0.297820823244552,0.0217917675544794,2.0338983050847457,0.7263922518159805,21.573849878934624,31.08958837772397,333.6319612590799,96.9733656174334,0.1452784503631961,1.3801452784503632,1.3075060532687652,0.8716707021791767,0.5084745762711864,5.157384987893463,1.8159806295399517,0.072639225181598,0.0,1.8159806295399517,3.2687651331719128,1.8159806295399517,1.7433414043583535,1.3801452784503632,0.1452784503631961,0.8716707021791767,4.14043583535109,1.234866828087167,1.3075060532687652,45.39951573849879,1.5980629539951574,2.905569007263922,0.5811138014527845,21.93704600484261,2.179176755447942,0.5084745762711864,2.25181598062954,1.7433414043583535,25.205811138014525,5.883777239709444,0.1452784503631961,0.0,1.089588377723971,0.2179176755447942,0.0,0.0,0.0,5.084745762711864,0.4358353510895884,FW,,attack,3
Dailon Livramento,cv CPV,"FW,MF",Hellas Verona,it Serie A,23.0,2001.0,29,8,940,10.4,1,1,2,1,0,0,1.8,1.8,0.9,2.7,0.26,13,4,30.8,1.24,0.38,0.08,0.25,0.14,97,180,53.9,1330,282,0.9,8,9,3,1,18,0,0,3,13,19,1.82,4,0.38,15,11,2,7,6,53.8,3,18,9,14,0,307,11,39,6,24.0,161,23,9,30,12,202,67,2,1,0,21,1,0,0,0,21,32,38.6,0.0957446808510638,0.0957446808510638,0.1914893617021276,0.0957446808510638,0.1723404255319149,0.1723404255319149,0.0861702127659574,0.2585106382978723,0.0248936170212766,1.2446808510638296,0.3829787234042553,9.287234042553193,17.23404255319149,127.3404255319149,27.0,0.0861702127659574,0.7659574468085106,0.8617021276595744,0.2872340425531914,0.0957446808510638,1.7234042553191489,0.0,0.0,0.2872340425531914,1.2446808510638296,1.4361702127659572,1.053191489361702,0.1914893617021276,0.6702127659574468,0.5744680851063829,0.2872340425531914,1.7234042553191489,0.8617021276595744,1.3404255319148937,29.3936170212766,1.053191489361702,3.734042553191489,0.5744680851063829,15.414893617021276,2.2021276595744683,0.8617021276595744,2.8723404255319145,1.1489361702127658,19.34042553191489,6.414893617021277,0.1914893617021276,0.0957446808510638,2.0106382978723407,0.0957446808510638,0.0,0.0,0.0,2.0106382978723407,3.0638297872340425,FW,MF,attack,3
Lorenzo Lucca,it ITA,FW,Udinese,it Serie A,23.0,2000.0,33,27,2353,26.1,12,1,13,11,1,1,7.6,6.8,1.6,8.4,0.35,64,25,39.1,2.45,0.96,0.17,0.44,0.11,240,375,64.0,3772,404,0.8,14,17,1,0,5,0,1,3,18,33,1.26,4,0.15,10,6,3,2,5,45.5,7,17,27,10,0,641,27,109,12,48.0,350,15,9,73,29,478,98,10,0,0,65,3,0,0,0,44,59,46.5,0.4589885252868678,0.0382490437739056,0.4972375690607734,0.4207394815129622,0.2906927326816829,0.2600934976625584,0.061198470038249,0.3212919677008075,0.0133871653208669,2.4479388015299617,0.9562260943476412,9.179770505737356,14.34339141521462,144.27539311517214,15.452613684657884,0.0305992350191245,0.5354866128346791,0.6502337441563961,0.0382490437739056,0.0,0.1912452188695282,0.0,0.0382490437739056,0.1147471313217169,0.6884827879303017,0.3824904377390565,0.2294942626434339,0.1147471313217169,0.0764980875478113,0.1912452188695282,0.2677433064173395,0.6502337441563961,1.032724181895453,0.3824904377390565,24.51763705907352,1.032724181895453,4.1691457713557165,0.4589885252868678,13.387165320866975,0.5737356566085848,0.3442413939651508,2.7921801954951126,1.109222269443264,18.283042923926903,3.748406289842754,0.3824904377390565,0.0,2.4861878453038675,0.1147471313217169,0.0,0.0,0.0,1.6829579260518488,2.256693582660433,FW,,attack,1
Romelu Lukaku,be BEL,FW,Napoli,it Serie A,31.0,1993.0,36,35,2843,31.6,14,10,24,11,3,4,13.0,9.8,4.0,13.8,0.54,60,20,33.3,1.9,0.63,0.18,0.55,0.17,353,497,71.0,4407,659,2.6,35,15,11,1,4,0,6,2,36,76,2.4,16,0.51,4,2,0,2,2,25.0,1,5,17,21,0,725,18,143,6,23.1,380,31,23,55,53,589,219,4,0,0,47,2,0,0,0,34,42,42.9,0.4431938093563137,0.3165670066830812,0.759760816039395,0.3482237073513893,0.4115371086880056,0.3102356665494196,0.1266268026732325,0.4368624692226522,0.0170946183608863,1.8994020400984877,0.6331340133661625,11.174815335912768,15.73338023214914,139.5110798452339,20.861765740415056,0.0823074217376011,1.1079845233907843,0.4748505100246218,0.3482237073513893,0.0316567006683081,0.1266268026732325,0.0,0.1899402040098487,0.0633134013366162,1.1396412240590923,0.1266268026732325,0.0633134013366162,0.0,0.0633134013366162,0.0633134013366162,0.0316567006683081,0.1582835033415406,0.5381639113612381,0.6647907140344707,22.95110798452339,0.5698206120295463,4.526908195568062,0.1899402040098487,12.029546253957088,0.981357720717552,0.7281041153710869,1.741118536756947,1.6778051354203307,18.64579669363349,6.932817446359479,0.1266268026732325,0.0,1.4878649314104817,0.0633134013366162,0.0,0.0,0.0,1.0763278227224762,1.3295814280689413,FW,,attack,1
Dodi Lukebakio,be BEL,FW,Sevilla,es La Liga,26.0,1997.0,38,36,3092,34.4,11,2,13,10,1,1,10.1,9.3,4.5,13.8,0.42,93,38,40.9,2.71,1.11,0.11,0.26,0.1,780,1052,74.1,12204,2657,4.0,54,50,24,6,124,64,7,12,93,119,3.46,9,0.26,22,14,8,8,6,55.6,11,33,17,30,2,1494,11,145,84,50.3,889,131,65,117,57,1110,247,3,1,0,39,8,0,0,0,120,18,46.2,0.3201811125485123,0.0582147477360931,0.3783958602846054,0.2910737386804657,0.2939844760672703,0.2706985769728331,0.1309831824062095,0.4016817593790427,0.0122250970245795,2.7069857697283317,1.1060802069857698,22.703751617076325,30.62095730918499,355.22639068564035,77.33829236739975,0.1164294954721863,1.571798188874515,1.4553686934023289,0.6985769728331177,0.1746442432082794,3.609314359637775,1.8628719275549808,0.203751617076326,0.3492884864165588,2.7069857697283317,0.6403622250970246,0.407503234152652,0.2328589909443726,0.2328589909443726,0.1746442432082794,0.3201811125485123,0.9605433376455368,0.4948253557567917,0.8732212160413971,43.48641655886158,0.3201811125485123,4.220569210866753,2.445019404915912,25.876455368693403,3.813065976714101,1.891979301423027,3.4055627425614485,1.6591203104786545,32.309184993531694,7.189521345407503,0.0873221216041397,0.0291073738680465,1.1351875808538163,0.2328589909443726,0.0,0.0,0.0,3.4928848641655885,0.5239327296248383,FW,,attack,0
Zito Luvumbo,ao ANG,"FW,MF",Cagliari,it Serie A,22.0,2002.0,26,19,1606,17.8,2,2,4,2,0,0,2.1,2.1,3.1,5.2,0.29,23,4,17.4,1.29,0.22,0.09,0.5,0.09,181,302,59.9,2768,863,2.1,17,16,13,8,65,2,0,1,31,35,1.96,4,0.22,10,6,4,3,3,31.6,4,14,4,16,0,477,4,67,25,39.7,347,70,35,67,29,367,125,2,0,0,38,3,0,0,0,50,6,26.1,0.112079701120797,0.112079701120797,0.224159402241594,0.112079701120797,0.1176836861768368,0.1176836861768368,0.1737235367372353,0.2914072229140722,0.0162515566625155,1.2889165628891657,0.224159402241594,10.14321295143213,16.924034869240348,155.1183063511831,48.36239103362392,0.1176836861768368,0.9526774595267746,0.8966376089663761,0.7285180572851805,0.448318804483188,3.642590286425903,0.112079701120797,0.0,0.0560398505603985,1.7372353673723535,0.5603985056039851,0.336239103362391,0.224159402241594,0.1681195516811955,0.1681195516811955,0.224159402241594,0.7845579078455791,0.224159402241594,0.8966376089663761,26.73100871731009,0.224159402241594,3.7546699875467,1.400996264009963,19.44582814445828,3.922789539227896,1.961394769613948,3.7546699875467,1.6251556662515565,20.56662515566625,7.004981320049814,0.112079701120797,0.0,2.1295143212951437,0.1681195516811955,0.0,0.0,0.0,2.8019925280199254,0.336239103362391,FW,MF,attack,3
Shuto Machino,jp JPN,"FW,MF",Holstein Kiel,de Bundesliga,24.0,1999.0,32,23,1953,21.7,11,2,13,9,2,2,6.5,4.9,3.0,7.9,0.44,49,21,42.9,2.26,0.97,0.18,0.43,0.1,454,707,64.2,8004,2740,2.6,27,35,20,6,35,7,3,0,59,74,3.41,9,0.41,8,5,4,3,1,37.5,7,15,28,27,1,899,33,63,10,55.6,449,30,13,44,20,581,108,2,0,0,19,2,0,0,0,50,27,39.1,0.5069124423963134,0.0921658986175115,0.5990783410138248,0.4147465437788018,0.2995391705069124,0.2258064516129032,0.1382488479262673,0.3640552995391705,0.0202764976958525,2.2580645161290325,0.967741935483871,20.92165898617512,32.58064516129032,368.84792626728114,126.2672811059908,0.1198156682027649,1.2442396313364057,1.6129032258064515,0.9216589861751152,0.2764976958525346,1.6129032258064515,0.3225806451612903,0.1382488479262673,0.0,2.71889400921659,0.3686635944700461,0.2304147465437788,0.184331797235023,0.1382488479262673,0.0460829493087557,0.3225806451612903,0.6912442396313364,1.2903225806451613,1.2442396313364057,41.42857142857142,1.5207373271889402,2.903225806451613,0.4608294930875576,20.691244239631335,1.3824884792626728,0.5990783410138248,2.0276497695852536,0.9216589861751152,26.774193548387096,4.976958525345623,0.0921658986175115,0.0,0.8755760368663595,0.0921658986175115,0.0,0.0,0.0,2.3041474654377883,1.2442396313364057,FW,MF,attack,1
Noni Madueke,eng ENG,FW,Chelsea,eng Premier League,22.0,2002.0,32,27,2033,22.6,7,3,10,7,0,0,9.6,9.6,4.2,13.9,0.61,80,30,37.5,3.54,1.33,0.09,0.23,0.12,530,685,77.4,7705,1853,3.2,32,16,35,8,63,1,1,4,69,79,3.5,8,0.35,25,18,8,12,5,36.8,10,35,11,15,0,980,22,184,45,44.1,641,154,93,52,25,756,226,3,0,0,22,4,0,0,0,84,11,36.7,0.3098868666994589,0.1328086571569109,0.4426955238563699,0.3098868666994589,0.4249877029021151,0.4249877029021151,0.1859321200196753,0.6153467781603542,0.0270044269552385,3.541564190850959,1.3280865715691097,23.462862764387605,30.32464338416134,341.096901131333,82.03148057058534,0.1416625676340384,1.4166256763403835,0.7083128381701917,1.5494343334972946,0.3541564190850959,2.7889818002951303,0.0442695523856369,0.0442695523856369,0.1770782095425479,3.0545991146089526,1.1067388096409247,0.7968519429414658,0.3541564190850959,0.5312346286276438,0.2213477619281849,0.4426955238563699,1.5494343334972946,0.4869650762420069,0.6640432857845548,43.38416133792425,0.9739301524840138,8.145597638957206,1.9921298573536643,28.37678307919331,6.817511067388096,4.11706837186424,2.3020167240531237,1.1067388096409247,33.46778160354156,10.00491883915396,0.1328086571569109,0.0,0.9739301524840138,0.1770782095425479,0.0,0.0,0.0,3.718642400393507,0.4869650762420069,FW,,attack,2
Frank Magri,cm CMR,"FW,MF",Toulouse,fr Ligue 1,24.0,1999.0,31,17,1516,16.8,5,1,6,5,0,0,6.0,6.0,1.5,7.5,0.45,44,18,40.9,2.61,1.07,0.11,0.28,0.14,178,251,70.9,2361,438,1.9,9,15,7,1,4,0,3,1,25,29,1.72,3,0.18,8,2,1,6,1,37.5,4,12,11,9,0,420,10,70,4,22.2,244,17,7,43,31,316,80,5,1,0,26,7,0,0,0,21,40,32.8,0.2968337730870712,0.0593667546174142,0.3562005277044855,0.2968337730870712,0.3562005277044855,0.3562005277044855,0.0890501319261213,0.4452506596306069,0.0267150395778364,2.612137203166227,1.0686015831134563,10.567282321899736,14.901055408970976,140.16490765171503,26.002638522427443,0.112796833773087,0.5343007915567282,0.8905013192612138,0.4155672823218997,0.0593667546174142,0.2374670184696569,0.0,0.1781002638522427,0.0593667546174142,1.4841688654353562,0.4749340369393139,0.1187335092348284,0.0593667546174142,0.3562005277044855,0.0593667546174142,0.2374670184696569,0.712401055408971,0.6530343007915568,0.5343007915567282,24.934036939313987,0.5936675461741425,4.155672823218997,0.2374670184696569,14.485488126649075,1.0092348284960422,0.4155672823218997,2.552770448548813,1.8403693931398415,18.759894459102902,4.74934036939314,0.2968337730870712,0.0593667546174142,1.5435356200527703,0.4155672823218997,0.0,0.0,0.0,1.2467018469656992,2.37467018469657,FW,MF,attack,1
Dennis Man,ro ROU,"FW,MF",Parma,it Serie A,25.0,1998.0,33,23,1995,22.2,4,4,8,4,0,0,5.5,5.5,4.2,9.7,0.44,49,20,40.8,2.21,0.9,0.08,0.2,0.11,631,793,79.6,8923,2252,2.7,45,46,25,5,33,30,4,3,60,80,3.61,7,0.32,13,6,7,3,3,25.0,8,21,11,28,0,1027,8,87,25,33.3,665,67,31,44,31,741,142,0,0,0,8,1,0,0,0,72,9,34.6,0.1804511278195488,0.1804511278195488,0.3609022556390977,0.1804511278195488,0.2481203007518797,0.2481203007518797,0.1894736842105263,0.437593984962406,0.0198496240601503,2.210526315789474,0.9022556390977444,28.46616541353384,35.774436090225564,402.5413533834586,101.593984962406,0.1218045112781955,2.0300751879699246,2.075187969924812,1.1278195488721805,0.225563909774436,1.488721804511278,1.3533834586466165,0.1804511278195488,0.1353383458646616,2.706766917293233,0.5864661654135338,0.2706766917293233,0.3157894736842105,0.1353383458646616,0.1353383458646616,0.3609022556390977,0.9473684210526316,0.4962406015037594,1.263157894736842,46.33082706766917,0.3609022556390977,3.924812030075188,1.1278195488721805,30.0,3.022556390977444,1.3984962406015038,1.9849624060150377,1.3984962406015038,33.42857142857143,6.406015037593984,0.0,0.0,0.3609022556390977,0.0451127819548872,0.0,0.0,0.0,3.24812030075188,0.406015037593985,FW,MF,attack,3
Omar Marmoush,eg EGY,"FW,MF",Manchester City,eng Premier League,25.0,1999.0,16,14,1175,13.1,7,0,7,7,0,0,5.5,5.5,2.8,8.3,0.64,49,17,34.7,3.75,1.3,0.14,0.41,0.11,252,318,79.2,3443,849,2.1,15,10,29,4,28,14,2,0,37,39,2.99,2,0.15,13,8,2,9,2,50.0,6,19,3,3,0,504,6,68,20,43.5,320,29,15,45,19,361,78,0,0,0,15,7,1,0,0,37,5,31.3,0.5361702127659574,0.0,0.5361702127659574,0.5361702127659574,0.4212765957446809,0.4212765957446809,0.214468085106383,0.635744680851064,0.0490212765957446,3.7531914893617024,1.3021276595744682,19.30212765957447,24.35744680851064,263.7191489361702,65.02978723404256,0.1608510638297872,1.1489361702127658,0.7659574468085106,2.221276595744681,0.3063829787234042,2.1446808510638298,1.0723404255319149,0.1531914893617021,0.0,2.8340425531914897,0.9957446808510638,0.6127659574468085,0.1531914893617021,0.6893617021276596,0.1531914893617021,0.4595744680851064,1.45531914893617,0.2297872340425532,0.2297872340425532,38.60425531914894,0.4595744680851064,5.208510638297873,1.5319148936170213,24.51063829787234,2.221276595744681,1.1489361702127658,3.4468085106382977,1.45531914893617,27.651063829787237,5.974468085106382,0.0,0.0,1.1489361702127658,0.5361702127659574,0.076595744680851,0.0,0.0,2.8340425531914897,0.3829787234042553,FW,MF,attack,4
Omar Marmoush,eg EGY,FW,Eint Frankfurt,de Bundesliga,25.0,1999.0,17,17,1448,16.1,15,9,24,13,2,2,8.8,7.3,6.2,13.5,0.94,75,34,45.3,4.66,2.11,0.17,0.38,0.1,300,430,69.8,4868,1774,4.1,34,30,22,1,78,50,5,2,50,91,5.66,21,1.31,12,8,0,3,9,42.9,2,14,2,10,0,671,1,109,46,45.5,442,73,45,66,37,483,125,2,0,0,8,9,1,0,0,51,7,33.3,0.9323204419889504,0.5593922651933702,1.4917127071823204,0.8080110497237569,0.5469613259668509,0.4537292817679558,0.3853591160220995,0.8390883977900553,0.0584254143646408,4.661602209944752,2.113259668508287,18.646408839779006,26.726519337016573,302.56906077348066,110.2624309392265,0.2548342541436464,2.113259668508287,1.8646408839779005,1.367403314917127,0.0621546961325966,4.848066298342541,3.1077348066298343,0.3107734806629834,0.1243093922651933,3.1077348066298343,0.7458563535911602,0.4972375690607734,0.0,0.18646408839779,0.5593922651933702,0.1243093922651933,0.8701657458563535,0.1243093922651933,0.6215469613259669,41.70580110497237,0.0621546961325966,6.774861878453039,2.859116022099448,27.472375690607738,4.537292817679559,2.796961325966851,4.102209944751381,2.2997237569060776,30.0207182320442,7.769337016574585,0.1243093922651933,0.0,0.4972375690607734,0.5593922651933702,0.0621546961325966,0.0,0.0,3.1698895027624308,0.4350828729281767,FW,,attack,2
Carlos Martín,es ESP,"FW,MF",Alavés,es La Liga,22.0,2002.0,26,16,1333,14.8,2,2,4,2,0,0,2.3,2.3,2.7,5.0,0.34,26,12,46.2,1.76,0.81,0.08,0.17,0.09,261,400,65.3,3767,914,1.4,13,15,7,4,24,0,4,2,21,29,1.96,3,0.2,43,21,18,16,9,26.5,5,48,20,23,0,612,21,40,9,25.0,305,13,4,32,19,375,67,3,0,0,32,2,0,0,0,55,15,44.1,0.1350337584396099,0.1350337584396099,0.2700675168792198,0.1350337584396099,0.1552888222055513,0.1552888222055513,0.1822955738934733,0.3375843960990247,0.0229557389347336,1.7554388597149289,0.8102025506376593,17.621905476369093,27.00675168792198,254.3360840210053,61.710427606901725,0.0945236309077269,0.8777194298574644,1.0127531882970742,0.4726181545386346,0.2700675168792198,1.620405101275319,0.0,0.2700675168792198,0.1350337584396099,1.4178544636159038,2.903225806451613,1.4178544636159038,1.215303825956489,1.0802700675168793,0.6076519129782445,0.3375843960990247,3.2408102025506373,1.350337584396099,1.552888222055514,41.32033008252063,1.4178544636159038,2.700675168792198,0.6076519129782445,20.59264816204051,0.8777194298574644,0.2700675168792198,2.1605401350337585,1.282820705176294,25.31882970742685,4.523630907726932,0.2025506376594148,0.0,2.1605401350337585,0.1350337584396099,0.0,0.0,0.0,3.713428357089272,1.0127531882970742,FW,MF,attack,3
Gabriel Martinelli,br BRA,"FW,MF",Arsenal,eng Premier League,23.0,2001.0,33,25,2290,25.4,8,4,12,8,0,0,7.4,7.4,5.0,12.4,0.49,55,24,43.6,2.16,0.94,0.15,0.33,0.14,499,699,71.4,7113,1534,4.7,40,11,37,15,92,3,5,2,52,74,2.91,7,0.27,23,15,9,6,8,30.4,5,28,19,37,0,994,17,182,33,30.3,670,124,64,50,38,752,289,1,0,0,16,3,0,0,0,78,17,30.4,0.314410480349345,0.1572052401746725,0.4716157205240174,0.314410480349345,0.2908296943231441,0.2908296943231441,0.1965065502183406,0.4873362445414847,0.0192576419213973,2.1615720524017465,0.9432314410480348,19.611353711790397,27.471615720524017,279.55021834061137,60.2882096069869,0.1847161572052401,1.5720524017467248,0.4323144104803493,1.4541484716157205,0.5895196506550218,3.6157205240174672,0.1179039301310043,0.1965065502183406,0.0786026200873362,2.0436681222707427,0.9039301310043668,0.5895196506550218,0.3537117903930131,0.2358078602620087,0.314410480349345,0.1965065502183406,1.100436681222707,0.7467248908296943,1.4541484716157205,39.06550218340611,0.6681222707423581,7.152838427947598,1.296943231441048,26.331877729257645,4.873362445414847,2.51528384279476,1.965065502183406,1.4934497816593886,29.554585152838428,11.358078602620088,0.0393013100436681,0.0,0.62882096069869,0.1179039301310043,0.0,0.0,0.0,3.0655021834061134,0.6681222707423581,FW,MF,attack,0
Lautaro Martínez,ar ARG,FW,Inter,it Serie A,26.0,1997.0,30,30,2474,27.5,12,3,15,12,0,0,13.5,13.5,4.3,17.8,0.62,99,33,33.3,3.6,1.2,0.12,0.36,0.13,472,634,74.4,7494,1609,4.3,36,41,22,1,11,0,9,10,68,77,2.7,8,0.28,30,16,10,12,8,52.0,10,40,15,21,0,981,15,162,17,36.2,625,34,12,70,54,754,197,1,0,0,41,4,0,0,0,73,35,47.9,0.4365400161681488,0.1091350040420372,0.5456750202101859,0.4365400161681488,0.4911075181891673,0.4911075181891673,0.1564268391269199,0.6475343573160873,0.022554567502021,3.601455133387228,1.2004850444624091,17.170573969280518,23.063864187550525,272.6192400970089,58.53274050121261,0.1564268391269199,1.3096200485044462,1.4915117219078415,0.8003233629749394,0.036378334680679,0.4001616814874697,0.0,0.3274050121261115,0.3637833468067906,2.473726758286176,1.0913500404203718,0.582053354890865,0.3637833468067906,0.4365400161681488,0.2910266774454325,0.3637833468067906,1.4551333872271626,0.5456750202101859,0.7639450282942603,35.68714632174616,0.5456750202101859,5.893290218270008,0.618431689571544,22.73645917542441,1.236863379143088,0.4365400161681488,2.5464834276475345,1.9644300727566693,27.42926434923201,7.166531932093775,0.036378334680679,0.0,1.4915117219078415,0.1455133387227162,0.0,0.0,0.0,2.655618431689572,1.2732417138237673,FW,,attack,4
Toni Martínez,es ESP,FW,Alavés,es La Liga,27.0,1997.0,28,9,1012,11.2,4,0,4,4,0,0,3.6,3.6,0.6,4.2,0.37,46,15,32.6,4.09,1.33,0.09,0.27,0.08,140,240,58.3,1676,280,0.9,11,11,4,1,7,0,2,3,11,27,2.4,1,0.09,12,7,5,4,3,50.0,1,13,15,2,0,401,15,70,9,60.0,162,13,7,41,11,272,57,1,0,0,17,2,0,1,0,30,79,53.7,0.3557312252964427,0.0,0.3557312252964427,0.3557312252964427,0.3201581027667984,0.3201581027667984,0.0533596837944664,0.3735177865612648,0.0329051383399209,4.090909090909091,1.33399209486166,12.450592885375494,21.34387351778656,149.0513833992095,24.90118577075099,0.0800395256916996,0.9782608695652174,0.9782608695652174,0.3557312252964427,0.0889328063241106,0.6225296442687747,0.0,0.1778656126482213,0.266798418972332,0.9782608695652174,1.067193675889328,0.6225296442687747,0.4446640316205533,0.3557312252964427,0.266798418972332,0.0889328063241106,1.1561264822134387,1.33399209486166,0.1778656126482213,35.662055335968375,1.33399209486166,6.225296442687747,0.8003952569169961,14.407114624505928,1.1561264822134387,0.6225296442687747,3.6462450592885376,0.9782608695652174,24.1897233201581,5.069169960474309,0.0889328063241106,0.0,1.5118577075098814,0.1778656126482213,0.0,0.0889328063241106,0.0,2.66798418972332,7.025691699604742,FW,,attack,1
Giorgos Masouras,gr GRE,"FW,MF",Bochum,de Bundesliga,30.0,1994.0,14,12,1055,11.7,2,1,3,2,0,0,3.9,3.9,1.1,5.0,0.43,30,15,50.0,2.56,1.28,0.07,0.13,0.13,200,284,70.4,2740,688,1.1,10,11,7,4,26,0,0,1,19,29,2.47,5,0.43,18,10,6,7,5,43.8,4,22,3,9,1,403,7,53,5,35.7,220,26,13,28,6,260,82,1,0,0,12,1,0,0,0,44,26,41.9,0.1706161137440758,0.0853080568720379,0.2559241706161137,0.1706161137440758,0.3327014218009478,0.3327014218009478,0.0938388625592417,0.4265402843601896,0.0366824644549763,2.559241706161137,1.2796208530805686,17.061611374407583,24.22748815165877,233.7440758293839,58.69194312796208,0.0938388625592417,0.8530805687203792,0.9383886255924172,0.5971563981042654,0.3412322274881517,2.218009478672986,0.0,0.0,0.0853080568720379,1.6208530805687202,1.5355450236966823,0.8530805687203792,0.5118483412322274,0.5971563981042654,0.4265402843601896,0.3412322274881517,1.8767772511848344,0.2559241706161137,0.7677725118483412,34.37914691943128,0.5971563981042654,4.521327014218009,0.4265402843601896,18.76777251184834,2.218009478672986,1.109004739336493,2.3886255924170614,0.5118483412322274,22.180094786729857,6.995260663507109,0.0853080568720379,0.0,1.0236966824644549,0.0853080568720379,0.0,0.0,0.0,3.753554502369669,2.218009478672986,FW,MF,attack,1
Jean-Philippe Mateta,fr FRA,FW,Crystal Palace,eng Premier League,27.0,1997.0,37,33,2648,29.4,14,2,16,12,2,2,13.5,11.9,3.2,15.1,0.57,68,29,42.6,2.31,0.99,0.18,0.41,0.18,291,447,65.1,3849,1016,2.3,29,34,16,2,26,0,7,0,52,65,2.21,10,0.34,18,12,5,11,2,18.8,2,20,23,17,0,739,26,94,20,43.5,400,45,10,72,45,539,122,2,0,0,27,5,0,0,0,68,63,37.1,0.4758308157099698,0.0679758308157099,0.5438066465256798,0.4078549848942598,0.4588368580060423,0.4044561933534743,0.1087613293051359,0.5132175226586103,0.0193731117824773,2.311178247734139,0.9856495468277946,9.8904833836858,15.192598187311178,130.81948640483384,34.531722054380666,0.0781722054380664,0.9856495468277946,1.1555891238670697,0.5438066465256798,0.0679758308157099,0.8836858006042296,0.0,0.2379154078549849,0.0,1.7673716012084593,0.6117824773413897,0.4078549848942598,0.1699395770392749,0.3738670694864048,0.0679758308157099,0.0679758308157099,0.6797583081570997,0.7817220543806647,0.5777945619335347,25.117069486404837,0.8836858006042296,3.194864048338369,0.6797583081570997,13.595166163141991,1.5294561933534745,0.3398791540785498,2.4471299093655587,1.5294561933534745,18.31948640483384,4.146525679758308,0.0679758308157099,0.0,0.9176737160120846,0.1699395770392749,0.0,0.0,0.0,2.311178247734139,2.141238670694864,FW,,attack,1
Neal Maupay,fr FRA,FW,Marseille,fr Ligue 1,27.0,1996.0,22,13,1042,11.6,4,4,8,4,0,0,4.1,4.1,2.2,6.3,0.54,19,10,52.6,1.64,0.86,0.21,0.4,0.22,250,297,84.2,3404,651,1.3,13,15,12,0,1,0,1,0,37,22,1.9,5,0.43,9,4,1,6,2,50.0,2,11,0,9,0,386,2,48,6,42.9,201,12,7,34,20,300,81,3,1,1,10,0,0,0,0,21,8,36.4,0.345489443378119,0.345489443378119,0.690978886756238,0.345489443378119,0.3541266794625719,0.3541266794625719,0.1900191938579654,0.5441458733205374,0.046641074856046,1.6410748560460653,0.8637236084452974,21.59309021113244,25.65259117082533,294.01151631477927,56.22840690978887,0.1122840690978886,1.1228406909788866,1.2955854126679462,1.0364683301343571,0.0,0.0863723608445297,0.0,0.0863723608445297,0.0,3.195777351247601,0.7773512476007678,0.345489443378119,0.0863723608445297,0.5182341650671786,0.1727447216890595,0.1727447216890595,0.9500959692898272,0.0,0.7773512476007678,33.339731285988485,0.1727447216890595,4.1458733205374285,0.5182341650671786,17.36084452975048,1.0364683301343571,0.6046065259117083,2.9366602687140118,1.7274472168905948,25.911708253358924,6.99616122840691,0.2591170825335893,0.0863723608445297,0.8637236084452974,0.0,0.0,0.0,0.0,1.813819577735125,0.690978886756238,FW,,attack,1
Stephy Mavididi,eng ENG,FW,Leicester City,eng Premier League,26.0,1998.0,30,16,1615,17.9,4,1,5,4,0,0,1.8,1.8,2.6,4.4,0.25,26,7,26.9,1.45,0.39,0.15,0.57,0.07,460,613,75.0,6191,1429,3.3,22,32,26,7,69,7,6,0,57,50,2.78,7,0.39,34,19,16,10,8,33.3,11,45,15,24,0,863,23,61,35,36.8,583,91,27,39,35,623,138,2,0,0,18,2,0,0,0,83,9,37.5,0.2229102167182662,0.0557275541795665,0.2786377708978328,0.2229102167182662,0.1003095975232198,0.1003095975232198,0.144891640866873,0.2452012383900929,0.0139318885448916,1.4489164086687305,0.3900928792569659,25.63467492260062,34.1609907120743,345.0092879256966,79.63467492260062,0.1839009287925696,1.2260061919504646,1.7832817337461302,1.4489164086687305,0.3900928792569659,3.845201238390093,0.3900928792569659,0.3343653250773993,0.0,3.176470588235294,1.894736842105263,1.0588235294117647,0.8916408668730651,0.5572755417956656,0.4458204334365325,0.6130030959752323,2.5077399380804954,0.8359133126934984,1.3374613003095974,48.09287925696595,1.2817337461300309,3.3993808049535605,1.9504643962848296,32.4891640866873,5.071207430340557,1.5046439628482973,2.173374613003096,1.9504643962848296,34.71826625386997,7.690402476780187,0.1114551083591331,0.0,1.0030959752321982,0.1114551083591331,0.0,0.0,0.0,4.625386996904025,0.5015479876160991,FW,,attack,3
Borja Mayoral,es ESP,FW,Getafe,es La Liga,27.0,1997.0,24,7,1114,12.4,5,1,6,4,1,1,3.4,2.6,0.9,3.6,0.35,19,8,42.1,1.54,0.65,0.21,0.5,0.14,197,254,77.6,2876,459,0.3,8,11,2,0,9,0,0,5,13,19,1.54,2,0.16,5,4,2,2,1,33.3,2,7,6,7,0,366,9,40,6,30.0,209,10,8,23,20,251,43,0,0,0,9,0,0,0,0,36,17,29.3,0.4039497307001795,0.0807899461400359,0.4847396768402154,0.3231597845601436,0.2746858168761221,0.2100538599640933,0.0727109515260323,0.2908438061041292,0.0282764811490125,1.5350089766606825,0.6463195691202873,15.915619389587071,20.52064631956912,232.35188509874325,37.08258527827648,0.0242369838420107,0.6463195691202873,0.8886894075403949,0.1615798922800718,0.0,0.7271095152603231,0.0,0.0,0.4039497307001795,1.0502692998204668,0.4039497307001795,0.3231597845601436,0.1615798922800718,0.1615798922800718,0.0807899461400359,0.1615798922800718,0.5655296229802513,0.4847396768402154,0.5655296229802513,29.569120287253146,0.7271095152603231,3.2315978456014363,0.4847396768402154,16.885098743267505,0.8078994614003591,0.6463195691202873,1.858168761220826,1.615798922800718,20.27827648114901,3.473967684021544,0.0,0.0,0.7271095152603231,0.0,0.0,0.0,0.0,2.9084380610412923,1.3734290843806105,FW,,attack,1
Kylian Mbappé,fr FRA,FW,Real Madrid,es La Liga,25.0,1998.0,34,34,2907,32.3,31,3,34,24,7,9,25.9,18.6,7.7,26.3,1.04,152,75,49.3,4.71,2.32,0.16,0.32,0.12,949,1145,82.9,13622,2382,6.6,51,75,52,3,35,6,6,19,140,133,4.12,15,0.46,8,5,1,3,4,20.0,1,9,1,33,1,1572,1,320,83,44.4,1065,150,96,84,49,1355,386,3,1,0,25,8,3,0,0,36,4,40.0,0.9597523219814242,0.0928792569659442,1.0526315789473684,0.7430340557275541,0.8018575851393188,0.5758513931888545,0.2383900928792569,0.8142414860681114,0.0321981424148606,4.705882352941177,2.3219814241486065,29.38080495356037,35.44891640866873,421.73374613003097,73.74613003095975,0.2043343653250774,1.5789473684210529,2.3219814241486065,1.6099071207430342,0.0928792569659442,1.08359133126935,0.1857585139318885,0.1857585139318885,0.5882352941176471,4.3343653250774,0.2476780185758514,0.1547987616099071,0.0309597523219814,0.0928792569659442,0.1238390092879257,0.0309597523219814,0.2786377708978328,0.0309597523219814,1.021671826625387,48.6687306501548,0.0309597523219814,9.907120743034056,2.569659442724458,32.972136222910216,4.643962848297213,2.9721362229102164,2.6006191950464395,1.51702786377709,41.95046439628483,11.95046439628483,0.0928792569659442,0.0309597523219814,0.7739938080495357,0.2476780185758514,0.0928792569659442,0.0,0.0,1.1145510835913313,0.1238390092879257,FW,,attack,2
Bryan Mbeumo,cm CMR,FW,Brentford,eng Premier League,24.0,1999.0,38,38,3414,37.9,20,7,27,15,5,6,12.3,7.5,8.3,15.9,0.54,79,34,43.0,2.08,0.9,0.19,0.44,0.1,872,1319,66.1,13902,4325,9.3,70,63,59,19,202,87,13,9,141,144,3.8,20,0.53,49,31,18,15,16,60.0,14,63,55,50,1,1781,62,168,52,46.8,1077,130,75,106,47,1204,351,3,0,0,25,4,0,0,0,156,34,31.5,0.5272407732864675,0.1845342706502636,0.7117750439367311,0.3954305799648506,0.3242530755711775,0.1977152899824253,0.218804920913884,0.4191564147627416,0.0142355008787346,2.0826010544815468,0.8963093145869947,22.987697715289983,34.77152899824253,366.4850615114235,114.01581722319858,0.2451669595782074,1.845342706502636,1.6608084358523725,1.555360281195079,0.500878734622144,5.325131810193322,2.2934973637961336,0.3427065026362038,0.2372583479789103,3.717047451669596,1.2917398945518457,0.8172231985940246,0.4745166959578207,0.3954305799648506,0.421792618629174,0.3690685413005272,1.6608084358523725,1.4499121265377857,1.3181019332161688,46.95079086115992,1.6344463971880492,4.428822495606327,1.3708260105448151,28.391915641476277,3.427065026362039,1.977152899824253,2.7943760984182777,1.2390158172231986,31.739894551845342,9.253075571177504,0.0790861159929701,0.0,0.6590509666080844,0.1054481546572935,0.0,0.0,0.0,4.112478031634447,0.8963093145869947,FW,,attack,0
Oliver McBurnie,sct SCO,FW,Las Palmas,es La Liga,28.0,1996.0,34,20,1837,20.4,3,6,9,3,0,0,4.8,4.8,2.8,7.6,0.37,32,12,37.5,1.57,0.59,0.09,0.25,0.15,276,419,65.9,3391,779,1.0,24,23,7,1,2,0,0,0,27,42,2.06,6,0.29,15,7,5,8,2,41.7,6,21,24,5,0,605,29,93,16,47.1,269,7,7,38,21,426,75,3,0,0,32,3,0,0,0,40,87,48.3,0.1469787697332607,0.2939575394665215,0.4409363091997822,0.1469787697332607,0.2351660315732171,0.2351660315732171,0.1371801850843766,0.3723462166575939,0.0181273816004354,1.5677735438214482,0.587915078933043,13.52204681545999,20.528034839412086,166.13500272182907,38.16548720740337,0.0489929232444202,1.175830157866086,1.1268372346216655,0.3429504627109417,0.0489929232444202,0.0979858464888405,0.0,0.0,0.0,1.3228089275993469,0.7348938486663037,0.3429504627109417,0.2449646162221012,0.391943385955362,0.0979858464888405,0.2939575394665215,1.0288513881328252,1.175830157866086,0.2449646162221012,29.64071856287425,1.4207947740881872,4.556341861731084,0.7838867719107241,13.179096352749047,0.3429504627109417,0.3429504627109417,1.8617310832879697,1.0288513881328252,20.870985302123028,3.674469243331519,0.1469787697332607,0.0,1.5677735438214482,0.1469787697332607,0.0,0.0,0.0,1.95971692977681,4.262384322264562,FW,,attack,1
Farid El Melali,dz ALG,FW,Angers,fr Ligue 1,27.0,1997.0,32,22,1893,21.0,2,3,5,2,0,0,3.6,3.6,3.1,6.7,0.32,46,14,30.4,2.19,0.67,0.04,0.14,0.08,372,532,69.9,5612,1779,3.0,25,18,14,2,87,55,0,0,43,67,3.18,11,0.52,28,16,15,6,7,37.1,16,44,12,21,1,842,11,70,52,43.7,472,62,31,64,40,517,113,1,0,0,21,7,3,0,0,100,6,22.2,0.0950871632329635,0.1426307448494453,0.2377179080824089,0.0950871632329635,0.1711568938193344,0.1711568938193344,0.1473851030110935,0.3185419968304279,0.0152139461172741,2.1870047543581617,0.6656101426307449,17.68621236133122,25.293185419968307,266.8145800316957,84.58003169572108,0.1426307448494453,1.1885895404120443,0.8557844690966719,0.6656101426307449,0.0950871632329635,4.136291600633914,2.614896988906498,0.0,0.0,2.0443740095087164,1.3312202852614898,0.7606973058637084,0.7131537242472267,0.2852614896988906,0.3328050713153724,0.7606973058637084,2.091917591125198,0.5705229793977813,0.9984152139461172,40.03169572107765,0.5229793977812995,3.328050713153724,2.472266244057052,22.4405705229794,2.94770206022187,1.473851030110935,3.0427892234548337,1.9017432646592711,24.580031695721075,5.372424722662441,0.0475435816164817,0.0,0.9984152139461172,0.3328050713153724,0.1426307448494453,0.0,0.0,4.754358161648177,0.2852614896988906,FW,,attack,3
Miguel,es ESP,FW,Leganés,es La Liga,24.0,1999.0,34,17,1724,19.2,1,3,4,0,1,2,4.9,3.3,1.4,4.8,0.33,33,14,42.4,1.72,0.73,0.0,0.0,0.1,139,237,58.6,2021,381,0.8,7,9,5,1,9,0,4,1,16,28,1.46,6,0.31,16,7,6,4,6,28.6,4,20,23,12,1,472,26,60,8,22.2,258,14,9,72,26,327,90,3,0,0,23,6,0,0,0,27,29,23.2,0.0522041763341067,0.1566125290023201,0.2088167053364269,0.0,0.255800464037123,0.1722737819025522,0.0730858468677494,0.2505800464037123,0.0172273781902552,1.722737819025522,0.7308584686774942,7.256380510440834,12.372389791183297,105.5046403712297,19.889791183294665,0.0417633410672853,0.3654292343387471,0.4698375870069605,0.2610208816705336,0.0522041763341067,0.4698375870069605,0.0,0.2088167053364269,0.0522041763341067,0.8352668213457076,0.8352668213457076,0.3654292343387471,0.3132250580046403,0.2088167053364269,0.3132250580046403,0.2088167053364269,1.0440835266821344,1.2006960556844548,0.6264501160092807,24.640371229698378,1.357308584686775,3.132250580046404,0.4176334106728538,13.468677494199536,0.7308584686774942,0.4698375870069605,3.758700696055685,1.357308584686775,17.0707656612529,4.698375870069605,0.1566125290023201,0.0,1.2006960556844548,0.3132250580046403,0.0,0.0,0.0,1.4095127610208815,1.513921113689095,FW,,attack,3
Valentin Mihaila,ro ROU,"FW,MF",Parma,it Serie A,24.0,2000.0,21,16,1288,14.3,0,3,3,0,0,0,2.4,2.4,1.2,3.6,0.25,31,11,35.5,2.17,0.77,0.0,0.0,0.08,325,431,75.4,4879,1423,1.1,17,28,17,3,33,40,3,4,41,48,3.36,5,0.35,29,15,8,13,8,40.9,8,37,6,8,0,582,5,31,10,37.0,332,25,11,29,20,389,72,2,0,0,17,3,0,1,0,39,13,32.5,0.0,0.2096273291925466,0.2096273291925466,0.0,0.1677018633540372,0.1677018633540372,0.0838509316770186,0.2515527950310559,0.0174689440993788,2.1661490683229814,0.7686335403726708,22.70962732919255,30.116459627329192,340.92391304347825,99.4332298136646,0.076863354037267,1.187888198757764,1.9565217391304348,1.187888198757764,0.2096273291925466,2.3059006211180124,2.7950310559006213,0.2096273291925466,0.2795031055900621,2.8649068322981366,2.0263975155279503,1.0481366459627328,0.5590062111801242,0.908385093167702,0.5590062111801242,0.5590062111801242,2.5854037267080745,0.4192546583850932,0.5590062111801242,40.66770186335404,0.3493788819875776,2.1661490683229814,0.6987577639751553,23.19875776397516,1.746894409937888,0.7686335403726708,2.0263975155279503,1.3975155279503106,27.18167701863354,5.031055900621118,0.139751552795031,0.0,1.187888198757764,0.2096273291925466,0.0,0.0698757763975155,0.0,2.725155279503105,0.908385093167702,FW,MF,attack,3
Georges Mikautadze,ge GEO,FW,Lyon,fr Ligue 1,23.0,2000.0,34,13,1449,16.1,11,6,17,8,3,4,10.3,7.0,4.3,11.4,0.91,52,22,42.3,3.23,1.37,0.15,0.36,0.14,326,426,76.5,4382,925,3.7,21,21,14,0,9,0,4,3,54,49,3.05,12,0.75,7,6,1,3,3,33.3,4,11,6,14,0,653,9,119,17,28.8,402,37,21,49,20,510,140,2,0,0,7,3,2,0,0,44,15,27.3,0.6832298136645963,0.3726708074534162,1.0559006211180124,0.4968944099378882,0.6397515527950312,0.4347826086956521,0.2670807453416149,0.7080745341614908,0.0565217391304347,3.229813664596273,1.366459627329193,20.248447204968944,26.459627329192543,272.17391304347825,57.453416149068325,0.2298136645962733,1.3043478260869563,1.3043478260869563,0.8695652173913043,0.0,0.5590062111801242,0.0,0.2484472049689441,0.1863354037267081,3.354037267080745,0.4347826086956521,0.3726708074534162,0.062111801242236,0.1863354037267081,0.1863354037267081,0.2484472049689441,0.6832298136645963,0.3726708074534162,0.8695652173913043,40.559006211180126,0.5590062111801242,7.391304347826087,1.0559006211180124,24.96894409937888,2.298136645962733,1.3043478260869563,3.043478260869565,1.2422360248447204,31.67701863354037,8.695652173913043,0.124223602484472,0.0,0.4347826086956521,0.1863354037267081,0.124223602484472,0.0,0.0,2.7329192546583854,0.9316770186335404,FW,,attack,4
Yankuba Minteh,gm GAM,"FW,MF",Brighton,eng Premier League,20.0,2004.0,32,20,1838,20.4,6,4,10,6,0,0,4.1,4.1,5.0,9.1,0.44,34,16,47.1,1.66,0.78,0.18,0.38,0.12,348,557,62.5,5531,1843,5.0,29,14,36,9,91,16,4,4,48,64,3.14,13,0.64,48,35,25,13,10,37.8,11,59,31,36,0,836,30,146,46,46.9,481,90,67,53,28,511,201,6,0,0,21,2,0,0,0,85,17,33.3,0.2937976060935799,0.1958650707290533,0.4896626768226333,0.2937976060935799,0.2007616974972796,0.2007616974972796,0.2448313384113166,0.4455930359085963,0.0215451577801958,1.6648531011969532,0.7834602829162133,17.04026115342764,27.274211099020675,270.8324265505985,90.24483133841132,0.2448313384113166,1.4200217627856366,0.6855277475516867,1.7627856365614798,0.4406964091403699,4.455930359085963,0.7834602829162133,0.1958650707290533,0.1958650707290533,2.35038084874864,2.35038084874864,1.7138193688792167,1.2241566920565832,0.6365614798694232,0.4896626768226333,0.5386289445048966,2.8890097932535364,1.5179542981501633,1.7627856365614798,40.93579978237214,1.4689880304679,7.149075081610446,2.252448313384113,23.552774755168663,4.4069640914037,3.280739934711643,2.5952121871599565,1.371055495103373,25.021762785636565,9.84221980413493,0.2937976060935799,0.0,1.02829162132753,0.0979325353645266,0.0,0.0,0.0,4.162132752992383,0.8324265505984766,FW,MF,attack,0
Kaoru Mitoma,jp JPN,"FW,MF",Brighton,eng Premier League,27.0,1997.0,36,28,2603,28.9,10,4,14,10,0,0,9.2,9.2,4.6,13.8,0.48,57,27,47.4,1.97,0.93,0.18,0.37,0.16,749,988,75.8,9777,2226,4.0,37,36,36,8,75,0,9,1,89,87,3.01,10,0.35,45,27,15,14,16,38.8,14,59,10,39,0,1375,17,164,52,39.7,830,146,56,53,23,966,291,1,0,0,40,4,0,0,0,99,26,49.1,0.3457548981943911,0.1383019592777564,0.4840568574721475,0.3457548981943911,0.3180945063388398,0.3180945063388398,0.1590472531694199,0.4771417595082597,0.0165962351133307,1.9708029197080288,0.933538225124856,25.897041874759893,34.16058394160584,338.04456396465616,76.96504033807146,0.1383019592777564,1.279293123319247,1.2447176334998078,1.2447176334998078,0.2766039185555128,2.593161736457933,0.0,0.3111794083749519,0.0345754898194391,3.0772185939300805,1.5558970418747595,0.933538225124856,0.5186323472915867,0.4840568574721475,0.5532078371110257,0.4840568574721475,2.0399538993469077,0.3457548981943911,1.3484441029581251,47.541298501728775,0.5877833269304649,5.670380330388014,1.7979254706108336,28.69765655013446,5.04802151363811,1.9362274298885904,1.8325009604302729,0.7952362658470995,33.39992316557818,10.06146753745678,0.0345754898194391,0.0,1.3830195927775644,0.1383019592777564,0.0,0.0,0.0,3.422973492124472,0.8989627353054168,FW,MF,attack,0
Mostafa Mohamed,eg EGY,FW,Nantes,fr Ligue 1,26.0,1997.0,30,11,1252,13.9,5,0,5,5,0,0,5.5,5.5,0.4,5.9,0.43,43,16,37.2,3.09,1.15,0.12,0.31,0.13,160,247,64.8,2461,647,0.4,6,16,6,0,4,0,2,0,20,17,1.22,2,0.14,18,9,6,8,4,33.3,10,28,27,9,0,452,34,76,12,46.2,239,11,2,47,22,285,50,3,0,0,32,1,1,0,0,50,57,53.8,0.3594249201277955,0.0,0.3594249201277955,0.3594249201277955,0.3953674121405751,0.3953674121405751,0.0287539936102236,0.4241214057507987,0.0309105431309904,3.0910543130990416,1.1501597444089455,11.501597444089455,17.7555910543131,176.90894568690095,46.50958466453674,0.0287539936102236,0.4313099041533546,1.1501597444089455,0.4313099041533546,0.0,0.2875399361022364,0.0,0.1437699680511182,0.0,1.437699680511182,1.293929712460064,0.646964856230032,0.4313099041533546,0.5750798722044728,0.2875399361022364,0.7188498402555911,2.0127795527156547,1.940894568690096,0.646964856230032,32.49201277955272,2.4440894568690097,5.463258785942492,0.8626198083067093,17.180511182108628,0.7907348242811502,0.1437699680511182,3.378594249201278,1.5814696485623003,20.487220447284344,3.594249201277955,0.2156549520766773,0.0,2.300319488817891,0.0718849840255591,0.0718849840255591,0.0,0.0,3.594249201277955,4.097444089456869,FW,,attack,1
Alberto Moleiro,es ESP,"FW,MF",Las Palmas,es La Liga,20.0,2003.0,35,32,2714,30.2,6,1,7,6,0,0,5.6,5.6,3.3,8.9,0.3,68,24,35.3,2.25,0.8,0.09,0.25,0.08,845,1039,81.3,11961,2734,3.6,41,75,29,5,32,2,9,1,116,106,3.52,6,0.2,27,12,12,14,1,37.5,18,45,8,24,0,1416,4,102,64,42.7,946,97,28,76,48,1097,179,5,0,0,31,5,0,0,0,132,5,18.5,0.1989683124539425,0.0331613854089904,0.2321296978629329,0.1989683124539425,0.1857037582903463,0.1857037582903463,0.1094325718496683,0.2951363301400148,0.0099484156226971,2.254974207811349,0.7958732498157701,28.021370670596905,34.454679439941046,396.6433308769344,90.6632277081798,0.1193809874723655,1.3596168017686072,2.4871039056742816,0.9616801768607222,0.1658069270449521,1.0611643330876934,0.0663227708179808,0.2984524686809137,0.0331613854089904,3.8467207074428886,0.8953574060427413,0.397936624907885,0.397936624907885,0.4642593957258658,0.0331613854089904,0.5969049373618275,1.492262343404569,0.2652910832719233,0.7958732498157701,46.95652173913043,0.1326455416359616,3.382461311717023,2.122328666175387,31.370670596904937,3.2166543846720708,0.9285187914517316,2.520265291083272,1.5917464996315402,36.37803979366249,5.935887988209285,0.1658069270449521,0.0,1.028002947678703,0.1658069270449521,0.0,0.0,0.0,4.377302873986736,0.1658069270449521,FW,MF,attack,3
Álvaro Morata,es ESP,"FW,MF",Milan,it Serie A,31.0,1992.0,16,13,1099,12.2,5,0,5,5,0,0,3.9,3.9,0.8,4.7,0.39,27,10,37.0,2.21,0.82,0.19,0.5,0.15,202,268,75.4,3147,538,0.3,7,15,3,0,13,0,3,5,26,21,1.72,3,0.25,16,10,5,8,3,62.5,5,21,5,4,0,383,6,61,6,35.3,215,18,7,24,16,292,63,5,0,0,25,2,0,0,0,31,14,41.2,0.4094631483166515,0.0,0.4094631483166515,0.4094631483166515,0.3193812556869881,0.3193812556869881,0.0655141037306642,0.3848953594176524,0.0319381255686988,2.211101000909918,0.818926296633303,16.54231119199272,21.94722474977252,257.71610555050046,44.0582347588717,0.024567788898999,0.5732484076433121,1.2283894449499544,0.2456778889899909,0.0,1.064604185623294,0.0,0.2456778889899909,0.4094631483166515,2.129208371246588,1.3102820746132848,0.818926296633303,0.4094631483166515,0.6551410373066424,0.2456778889899909,0.4094631483166515,1.719745222929936,0.4094631483166515,0.3275705186533212,31.364877161055507,0.4913557779799818,4.995450409463149,0.4913557779799818,17.606915377616016,1.4740673339399455,0.5732484076433121,1.9654231119199272,1.3102820746132848,23.912647861692445,5.159235668789809,0.4094631483166515,0.0,2.047315741583257,0.1637852593266606,0.0,0.0,0.0,2.5386715195632394,1.1464968152866242,FW,MF,attack,1
Tete Morente,es ESP,"FW,MF",Lecce,it Serie A,27.0,1996.0,31,23,2021,22.5,3,2,5,3,0,0,2.9,2.9,1.6,4.5,0.2,41,13,31.7,1.83,0.58,0.07,0.23,0.07,545,729,74.8,9087,2766,1.2,25,54,23,9,56,4,3,5,102,61,2.72,4,0.18,27,17,10,11,6,27.8,14,41,31,29,1,983,24,40,30,54.5,560,48,6,43,15,643,144,5,0,0,26,2,0,0,0,104,37,61.7,0.1335972290945076,0.0890648193963384,0.2226620484908461,0.1335972290945076,0.1291439881246907,0.1291439881246907,0.0712518555170707,0.2003958436417615,0.0089064819396338,1.8258287976249383,0.5789213260761998,24.270163285502225,32.46412666996537,404.6660069272637,123.17664522513608,0.053438891637803,1.1133102424542307,2.404750123701138,1.024245423057892,0.400791687283523,2.4938149430974765,0.1781296387926769,0.1335972290945076,0.2226620484908461,4.542305789213261,1.202375061850569,0.7570509648688768,0.4453240969816922,0.4898565066798614,0.2671944581890153,0.6234537357743691,1.8258287976249383,1.380504700643246,1.2914398812469077,43.77535873330035,1.0687778327560613,1.7812963879267687,1.3359722909450766,24.938149430974764,2.1375556655121226,0.2671944581890153,1.9148936170212765,0.6679861454725383,28.63433943592281,6.412666996536368,0.2226620484908461,0.0,1.1578426521523997,0.0890648193963384,0.0,0.0,0.0,4.631370608609599,1.6476991588322614,FW,MF,attack,3
Daniel Mosquera,co COL,FW,Hellas Verona,it Serie A,24.0,1999.0,35,12,1375,15.3,5,1,6,5,0,0,6.6,6.6,1.3,7.9,0.52,57,15,26.3,3.73,0.98,0.09,0.33,0.12,230,335,68.7,2878,544,0.9,12,21,4,0,2,0,1,0,25,43,2.82,3,0.2,11,8,3,5,3,6.7,2,13,10,9,0,509,12,74,16,64.0,250,17,9,43,17,352,83,4,0,0,44,1,0,0,0,54,79,47.0,0.3272727272727272,0.0654545454545454,0.3927272727272727,0.3272727272727272,0.4319999999999999,0.4319999999999999,0.085090909090909,0.5170909090909092,0.0340363636363636,3.7309090909090905,0.981818181818182,15.054545454545456,21.92727272727273,188.3781818181818,35.60727272727273,0.0589090909090909,0.7854545454545455,1.3745454545454543,0.2618181818181818,0.0,0.1309090909090909,0.0,0.0654545454545454,0.0,1.6363636363636362,0.72,0.5236363636363636,0.1963636363636363,0.3272727272727272,0.1963636363636363,0.1309090909090909,0.850909090909091,0.6545454545454545,0.5890909090909091,33.31636363636363,0.7854545454545455,4.843636363636364,1.0472727272727271,16.363636363636363,1.1127272727272728,0.5890909090909091,2.8145454545454545,1.1127272727272728,23.04,5.432727272727273,0.2618181818181818,0.0,2.88,0.0654545454545454,0.0,0.0,0.0,3.5345454545454547,5.170909090909091,FW,,attack,1
Dany Mota,pt POR,"FW,MF",Monza,it Serie A,26.0,1998.0,31,24,2104,23.4,5,2,7,5,0,0,5.1,5.1,1.8,6.9,0.29,42,11,26.2,1.8,0.47,0.12,0.45,0.12,412,569,72.4,6464,1039,1.7,22,27,19,6,38,0,4,6,47,55,2.35,3,0.13,13,3,2,3,8,50.0,9,22,27,24,3,820,24,80,13,33.3,501,53,12,63,29,605,139,3,0,0,30,7,0,0,0,61,60,45.8,0.2138783269961977,0.085551330798479,0.2994296577946768,0.2138783269961977,0.2181558935361216,0.2181558935361216,0.0769961977186311,0.2951520912547528,0.0124049429657794,1.796577946768061,0.4705323193916349,17.623574144486692,24.3393536121673,276.5019011406844,44.44391634980988,0.0727186311787072,0.9410646387832698,1.1549429657794676,0.8127376425855513,0.2566539923954373,1.6254752851711023,0.0,0.1711026615969581,0.2566539923954373,2.0104562737642584,0.5560836501901141,0.1283269961977186,0.085551330798479,0.1283269961977186,0.3422053231939163,0.3849809885931559,0.9410646387832698,1.1549429657794676,1.0266159695817492,35.07604562737642,1.0266159695817492,3.4220532319391634,0.5560836501901141,21.43060836501901,2.267110266159696,0.5133079847908746,2.694866920152091,1.2404942965779469,25.879277566539923,5.945817490494296,0.1283269961977186,0.0,1.2832699619771863,0.2994296577946768,0.0,0.0,0.0,2.609315589353612,2.5665399239543727,FW,MF,attack,3
Rodrigo Muniz,br BRA,FW,Fulham,eng Premier League,23.0,2001.0,31,8,964,10.7,8,1,9,8,0,0,5.8,5.8,0.7,6.5,0.61,39,19,48.7,3.64,1.77,0.21,0.42,0.15,92,142,64.8,1540,528,0.2,7,13,3,0,1,0,3,2,27,17,1.59,2,0.19,10,5,3,5,2,100.0,5,15,14,4,0,311,14,55,6,33.3,157,6,3,47,24,237,31,1,0,0,11,2,0,0,0,14,67,51.5,0.7468879668049793,0.0933609958506224,0.8402489626556017,0.7468879668049793,0.5414937759336099,0.5414937759336099,0.0653526970954356,0.6068464730290457,0.0569502074688796,3.641078838174274,1.7738589211618256,8.589211618257261,13.257261410788384,143.7759336099585,49.29460580912863,0.0186721991701244,0.6535269709543569,1.2136929460580914,0.2800829875518672,0.0,0.0933609958506224,0.0,0.2800829875518672,0.1867219917012448,2.520746887966805,0.933609958506224,0.466804979253112,0.2800829875518672,0.466804979253112,0.1867219917012448,0.466804979253112,1.400414937759336,1.3070539419087135,0.3734439834024896,29.03526970954357,1.3070539419087135,5.134854771784232,0.5601659751037344,14.65767634854772,0.5601659751037344,0.2800829875518672,4.3879668049792535,2.240663900414938,22.126556016597508,2.894190871369294,0.0933609958506224,0.0,1.0269709543568464,0.1867219917012448,0.0,0.0,0.0,1.3070539419087135,6.255186721991701,FW,,attack,4
Vedat Muriqi,xk KVX,FW,Mallorca,es La Liga,30.0,1994.0,29,24,2058,22.9,7,2,9,5,2,3,9.7,7.3,2.2,9.5,0.52,52,16,30.8,2.27,0.7,0.1,0.31,0.14,295,487,60.6,4299,870,1.7,26,23,6,0,10,0,3,2,30,45,1.97,6,0.26,7,5,3,2,2,42.9,7,14,43,19,0,733,48,114,9,34.6,334,23,10,55,26,550,103,1,2,0,29,4,1,1,1,49,135,57.9,0.3061224489795918,0.0874635568513119,0.3935860058309038,0.2186588921282798,0.4241982507288629,0.3192419825072886,0.0962099125364431,0.4154518950437317,0.0227405247813411,2.2740524781341107,0.6997084548104956,12.900874635568512,21.29737609329446,188.00291545189503,38.0466472303207,0.0743440233236151,1.1370262390670554,1.0058309037900874,0.2623906705539358,0.0,0.4373177842565597,0.0,0.1311953352769679,0.0874635568513119,1.3119533527696792,0.3061224489795918,0.2186588921282798,0.1311953352769679,0.0874635568513119,0.0874635568513119,0.3061224489795918,0.6122448979591837,1.8804664723032072,0.8309037900874635,32.05539358600583,2.0991253644314867,4.985422740524782,0.3935860058309038,14.606413994169095,1.0058309037900874,0.4373177842565597,2.405247813411078,1.1370262390670554,24.05247813411079,4.504373177842566,0.0437317784256559,0.0874635568513119,1.2682215743440233,0.1749271137026239,0.0437317784256559,0.0437317784256559,0.0437317784256559,2.142857142857143,5.903790087463556,FW,,attack,1
Jacob Murphy,eng ENG,FW,Newcastle Utd,eng Premier League,29.0,1995.0,35,31,2360,26.2,8,12,20,8,0,0,5.7,5.7,8.9,14.6,0.56,43,15,34.9,1.64,0.57,0.19,0.53,0.13,688,1004,68.5,10412,3438,6.2,42,58,41,15,120,16,5,6,83,82,3.13,15,0.57,28,19,10,12,6,45.5,13,41,35,51,1,1271,27,92,35,50.7,733,79,27,32,37,911,231,4,0,0,11,3,1,0,0,98,5,23.8,0.3050847457627118,0.4576271186440677,0.7627118644067796,0.3050847457627118,0.2173728813559322,0.2173728813559322,0.3394067796610169,0.5567796610169491,0.0213559322033898,1.6398305084745763,0.5720338983050848,26.23728813559322,38.28813559322034,397.0677966101695,131.11016949152545,0.2364406779661017,1.6016949152542372,2.211864406779661,1.5635593220338984,0.5720338983050848,4.576271186440678,0.6101694915254237,0.1906779661016949,0.2288135593220338,3.165254237288136,1.0677966101694916,0.7245762711864406,0.3813559322033898,0.4576271186440677,0.2288135593220338,0.4957627118644068,1.5635593220338984,1.3347457627118644,1.944915254237288,48.47033898305085,1.0296610169491525,3.508474576271187,1.3347457627118644,27.95338983050848,3.0127118644067794,1.0296610169491525,1.220338983050847,1.4110169491525424,34.74152542372881,8.809322033898304,0.1525423728813559,0.0,0.4194915254237288,0.1144067796610169,0.0381355932203389,0.0,0.0,3.73728813559322,0.1906779661016949,FW,,attack,0
Keito Nakamura,jp JPN,"FW,MF",Reims,fr Ligue 1,24.0,2000.0,32,31,2649,29.4,11,2,13,11,0,0,9.1,9.1,2.9,12.1,0.41,84,32,38.1,2.85,1.09,0.13,0.34,0.11,575,775,74.2,8999,1919,3.4,26,32,24,10,56,4,3,10,82,68,2.31,7,0.24,24,16,7,10,7,35.5,13,37,19,27,0,1110,28,129,30,38.5,675,90,33,67,43,776,197,5,0,0,29,0,0,0,0,116,7,33.3,0.3737259343148358,0.0679501698754246,0.4416761041902605,0.3737259343148358,0.3091732729331823,0.3091732729331823,0.0985277463193658,0.4110985277463193,0.013929784824462,2.853907134767837,1.087202718006795,19.5356738391846,26.330690826727064,305.7417893544734,65.19818799547,0.1155152887882219,0.883352208380521,1.087202718006795,0.8154020385050963,0.3397508493771234,1.902604756511891,0.1359003397508493,0.101925254813137,0.3397508493771234,2.7859569648924123,0.8154020385050963,0.5436013590033975,0.2378255945639864,0.3397508493771234,0.2378255945639864,0.4416761041902605,1.2570781426953568,0.6455266138165345,0.9173272933182332,37.71234428086071,0.9513023782559455,4.382785956964892,1.0192525481313703,22.933182332955838,3.0577576443941106,1.1211778029445074,2.276330690826727,1.4609286523216307,26.36466591166478,6.693091732729332,0.1698754246885617,0.0,0.985277463193658,0.0,0.0,0.0,0.0,3.941109852774632,0.2378255945639864,FW,MF,attack,1
Iliman Ndiaye,sn SEN,FW,Everton,eng Premier League,24.0,2000.0,33,29,2430,27.0,9,0,9,7,2,2,6.2,4.7,1.9,6.5,0.3,35,15,42.9,1.3,0.56,0.2,0.47,0.13,602,736,81.8,9038,1875,1.4,18,42,14,5,38,10,2,2,59,65,2.41,8,0.3,53,28,20,16,17,44.9,20,73,24,22,1,1084,36,83,68,47.6,621,86,32,55,44,674,122,3,0,0,24,6,0,0,0,172,6,24.0,0.3333333333333333,0.0,0.3333333333333333,0.2592592592592593,0.2296296296296296,0.174074074074074,0.0703703703703703,0.2407407407407407,0.0111111111111111,1.2962962962962965,0.5555555555555556,22.29629629629629,27.25925925925926,334.7407407407407,69.44444444444444,0.0518518518518518,0.6666666666666667,1.5555555555555554,0.5185185185185186,0.1851851851851852,1.4074074074074074,0.3703703703703704,0.074074074074074,0.074074074074074,2.185185185185185,1.962962962962963,1.0370370370370372,0.7407407407407408,0.5925925925925926,0.6296296296296297,0.7407407407407408,2.703703703703704,0.8888888888888888,0.8148148148148148,40.14814814814815,1.3333333333333337,3.074074074074074,2.5185185185185186,23.0,3.185185185185185,1.1851851851851851,2.037037037037037,1.6296296296296295,24.96296296296296,4.518518518518518,0.1111111111111111,0.0,0.8888888888888888,0.2222222222222222,0.0,0.0,0.0,6.37037037037037,0.2222222222222222,FW,,attack,1
Dan Ndoye,ch SUI,FW,Bologna,it Serie A,23.0,2000.0,30,26,2143,23.8,8,4,12,6,2,2,7.0,5.4,3.8,9.2,0.45,50,17,34.0,2.1,0.71,0.12,0.35,0.11,519,704,73.7,8220,1854,2.7,27,39,26,2,44,1,6,9,74,88,3.7,9,0.38,26,19,8,8,10,57.1,9,35,4,28,0,1021,4,105,37,38.5,755,132,50,82,46,825,231,4,0,0,23,15,1,0,0,89,14,40.0,0.3359776014932338,0.1679888007466169,0.5039664022398507,0.2519832011199253,0.2939804013065795,0.2267848810079328,0.159589360709286,0.3863742417172188,0.0188987400839944,2.099860009332711,0.7139524031731218,21.796546896873544,29.56602893140457,345.2169855342977,77.86280914605692,0.1133924405039664,1.133924405039664,1.6378908072795146,1.0919272048530098,0.0839944003733084,1.8478768082127857,0.0419972001866542,0.2519832011199253,0.377974801679888,3.1077928138124125,1.0919272048530098,0.7979468035464302,0.3359776014932338,0.3359776014932338,0.4199720018665422,0.377974801679888,1.4699020065328978,0.1679888007466169,1.1759216052263182,42.87914139057396,0.1679888007466169,4.409706019598693,1.5538964069062062,31.70788614092394,5.543630424638358,2.099860009332711,3.443770415305646,1.9318712085860943,34.647690153989736,9.701353243117126,0.1679888007466169,0.0,0.9659356042930471,0.6299580027998134,0.0419972001866542,0.0,0.0,3.737750816612226,0.5879608026131591,FW,,attack,0
David Neres,br BRA,FW,Napoli,it Serie A,27.0,1997.0,28,13,1283,14.3,2,4,6,2,0,0,2.7,2.7,3.5,6.2,0.44,29,7,24.1,2.03,0.49,0.07,0.29,0.09,420,555,75.7,6127,1548,3.2,26,23,21,14,92,35,3,0,32,59,4.14,9,0.63,21,11,10,4,7,66.7,7,28,4,20,0,724,8,60,33,44.0,443,73,30,38,23,513,143,1,0,0,14,1,0,0,0,52,3,23.1,0.1402961808261886,0.2805923616523772,0.4208885424785659,0.1402961808261886,0.1893998441153546,0.1893998441153546,0.24551831644583,0.4349181605611847,0.0308651597817615,2.034294621979735,0.4910366328916601,29.46219797349961,38.93219017926734,429.7973499610288,108.58924395946998,0.2244738893219018,1.823850350740452,1.613406079501169,1.4731098986749804,0.9820732657833204,6.453624318004676,2.4551831644583006,0.2104442712392829,0.0,2.2447388932190178,1.4731098986749804,0.7716289945440374,0.7014809041309431,0.2805923616523772,0.4910366328916601,0.4910366328916601,1.9641465315666409,0.2805923616523772,1.4029618082618862,50.78721745908028,0.5611847233047544,4.208885424785659,2.314886983632112,31.07560405300078,5.120810600155885,2.1044427123928293,2.665627435697584,1.613406079501169,35.985970381917376,10.031176929072489,0.0701480904130943,0.0,0.9820732657833204,0.0701480904130943,0.0,0.0,0.0,3.647700701480904,0.2104442712392829,FW,,attack,0
Pedro Neto,pt POR,FW,Chelsea,eng Premier League,24.0,2000.0,35,24,2269,25.2,4,6,10,4,0,0,3.5,3.5,6.7,10.2,0.4,59,17,28.8,2.34,0.67,0.07,0.24,0.06,702,895,78.4,11347,2418,4.8,46,30,37,23,149,56,0,5,60,90,3.57,9,0.36,23,9,9,9,5,42.9,9,32,6,26,0,1153,13,116,34,32.7,746,126,45,45,30,838,253,8,0,0,21,4,0,0,0,81,11,26.8,0.1586602027324812,0.2379903040987219,0.3966505068312032,0.1586602027324812,0.1388276773909211,0.1388276773909211,0.2657558395769061,0.4045835169678272,0.0158660202732481,2.340237990304099,0.6743058616130454,27.84486557955046,35.500220361392685,450.0793301013663,95.91009255178491,0.1903922432789775,1.8245923314235344,1.1899515204936095,1.467606875275452,0.9122961657117672,5.910092551784927,2.221242838254738,0.0,0.1983252534156016,2.379903040987219,0.9122961657117672,0.3569854561480828,0.3569854561480828,0.3569854561480828,0.1983252534156016,0.3569854561480828,1.2692816218598502,0.2379903040987219,1.0312913177611285,45.733803437637725,0.5156456588805641,4.601145879241956,1.3486117232260908,29.59012780960776,4.99779638607316,1.7849272807404142,1.7849272807404142,1.1899515204936095,33.23931247245483,10.03525782282944,0.3173204054649625,0.0,0.8329660643455267,0.1586602027324812,0.0,0.0,0.0,3.2128691053327456,0.4363155575143235,FW,,attack,0
Ibrahima Niane,sn SEN,FW,Angers,fr Ligue 1,25.0,1999.0,24,8,943,10.5,3,1,4,2,1,1,5.7,4.9,1.0,6.0,0.64,29,10,34.5,2.77,0.95,0.07,0.2,0.17,130,190,68.4,1720,295,0.4,9,13,2,0,2,0,1,2,9,21,2.0,4,0.38,7,3,3,2,2,100.0,2,9,6,4,2,312,8,50,6,31.6,182,19,8,35,17,230,50,0,0,0,15,5,1,0,0,32,26,41.3,0.2863202545068929,0.0954400848356309,0.3817603393425239,0.1908801696712619,0.5440084835630965,0.4676564156945917,0.0954400848356309,0.5726405090137858,0.0610816542948038,2.767762460233298,0.9544008483563096,12.407211028632023,18.133616118769883,164.15694591728527,28.154825026511134,0.0381760339342523,0.8589607635206787,1.2407211028632026,0.1908801696712619,0.0,0.1908801696712619,0.0,0.0954400848356309,0.1908801696712619,0.8589607635206787,0.6680805938494168,0.2863202545068929,0.2863202545068929,0.1908801696712619,0.1908801696712619,0.1908801696712619,0.8589607635206787,0.5726405090137858,0.3817603393425239,29.777306468716866,0.7635206786850478,4.7720042417815485,0.5726405090137858,17.370095440084835,1.8133616118769884,0.7635206786850478,3.340402969247084,1.6224814422057263,21.95121951219512,4.7720042417815485,0.0,0.0,1.4316012725344642,0.4772004241781548,0.0954400848356309,0.0,0.0,3.054082714740191,2.481442205726405,FW,,attack,1
Justin Njinmah,de GER,"FW,MF",Werder Bremen,de Bundesliga,23.0,2000.0,26,10,952,10.6,3,2,5,3,0,0,3.7,3.7,1.6,5.2,0.49,31,8,25.8,2.93,0.76,0.1,0.38,0.12,150,243,61.7,2157,521,1.5,12,8,10,3,19,0,1,1,23,39,3.69,4,0.38,6,2,1,4,1,60.0,3,9,1,16,0,349,2,58,11,40.7,230,33,12,23,7,264,103,1,0,0,7,5,1,0,0,20,15,42.9,0.2836134453781512,0.1890756302521008,0.4726890756302521,0.2836134453781512,0.3497899159663865,0.3497899159663865,0.1512605042016807,0.4915966386554622,0.0463235294117647,2.9306722689075637,0.7563025210084033,14.180672268907562,22.97268907563025,203.91806722689077,49.254201680672274,0.1418067226890756,1.134453781512605,0.7563025210084033,0.9453781512605044,0.2836134453781512,1.7962184873949578,0.0,0.0945378151260504,0.0945378151260504,2.17436974789916,0.5672268907563025,0.1890756302521008,0.0945378151260504,0.3781512605042016,0.0945378151260504,0.2836134453781512,0.8508403361344538,0.0945378151260504,1.512605042016807,32.99369747899159,0.1890756302521008,5.483193277310924,1.0399159663865547,21.7436974789916,3.119747899159664,1.134453781512605,2.17436974789916,0.6617647058823529,24.95798319327731,9.737394957983192,0.0945378151260504,0.0,0.6617647058823529,0.4726890756302521,0.0945378151260504,0.0,0.0,1.8907563025210088,1.418067226890756,FW,MF,attack,0
Eddie Nketiah,eng ENG,"FW,MF",Crystal Palace,eng Premier League,25.0,1999.0,29,9,1034,11.5,3,1,4,3,0,0,5.8,5.8,1.7,7.4,0.65,43,16,37.2,3.74,1.39,0.07,0.19,0.13,179,241,74.3,2722,563,0.9,13,11,5,0,5,0,2,0,19,31,2.69,3,0.26,15,8,7,4,4,53.8,3,18,12,12,0,412,11,67,11,35.5,246,41,14,34,17,294,79,6,1,1,31,5,1,0,0,26,21,35.6,0.2611218568665377,0.0870406189555125,0.3481624758220503,0.2611218568665377,0.5048355899419729,0.5048355899419729,0.1479690522243713,0.6441005802707931,0.0565764023210831,3.74274661508704,1.3926499032882012,15.580270793036751,20.976789168278533,236.92456479690523,49.00386847195358,0.0783365570599613,1.1315280464216635,0.9574468085106382,0.4352030947775629,0.0,0.4352030947775629,0.0,0.1740812379110251,0.0,1.653771760154739,1.3056092843326883,0.6963249516441006,0.6092843326885881,0.3481624758220503,0.3481624758220503,0.2611218568665377,1.5667311411992264,1.0444874274661509,1.0444874274661509,35.86073500967118,0.9574468085106382,5.831721470019343,0.9574468085106382,21.41199226305609,3.568665377176015,1.218568665377176,2.959381044487427,1.4796905222437136,25.5899419729207,6.876208897485493,0.5222437137330754,0.0870406189555125,2.6982591876208897,0.4352030947775629,0.0870406189555125,0.0,0.0,2.263056092843327,1.827852998065764,FW,MF,attack,4
Christopher Nkunku,fr FRA,FW,Chelsea,eng Premier League,26.0,1997.0,27,9,921,10.2,3,2,5,3,0,0,4.8,4.8,2.1,6.9,0.68,25,11,44.0,2.44,1.07,0.12,0.27,0.19,299,334,89.5,3928,760,1.0,14,26,7,0,4,2,2,1,25,34,3.32,4,0.39,12,8,3,4,5,75.0,7,19,10,3,0,448,10,52,10,37.0,280,17,13,18,17,356,68,2,0,0,16,1,0,0,0,29,16,42.1,0.2931596091205212,0.1954397394136807,0.4885993485342019,0.2931596091205212,0.4690553745928339,0.4690553745928339,0.2052117263843648,0.6742671009771988,0.0664495114006514,2.44299674267101,1.0749185667752443,29.21824104234528,32.63843648208469,383.84364820846906,74.2671009771987,0.0977198697068403,1.3680781758957654,2.54071661237785,0.6840390879478827,0.0,0.3908794788273615,0.1954397394136807,0.1954397394136807,0.0977198697068403,2.44299674267101,1.1726384364820848,0.7817589576547231,0.2931596091205212,0.3908794788273615,0.4885993485342019,0.6840390879478827,1.8566775244299676,0.977198697068404,0.2931596091205212,43.77850162866449,0.977198697068404,5.0814332247557,0.977198697068404,27.36156351791531,1.6612377850162867,1.270358306188925,1.758957654723127,1.6612377850162867,34.78827361563518,6.644951140065147,0.1954397394136807,0.0,1.5635179153094465,0.0977198697068403,0.0,0.0,0.0,2.8338762214983717,1.5635179153094465,FW,,attack,1
Arnaud Nordin,fr FRA,FW,Montpellier,fr Ligue 1,26.0,1998.0,16,14,1166,13.0,4,1,5,3,1,2,4.1,2.5,0.9,3.4,0.39,26,11,42.3,2.01,0.85,0.12,0.27,0.1,232,332,69.9,3260,583,1.1,15,6,12,6,35,0,3,0,23,30,2.32,3,0.23,24,15,6,16,2,52.4,5,29,7,15,0,499,6,49,23,45.1,323,51,22,37,14,359,111,2,0,0,13,2,0,0,0,47,12,38.7,0.3087478559176672,0.0771869639794168,0.385934819897084,0.2315608919382504,0.3164665523156089,0.192967409948542,0.0694682675814751,0.2624356775300171,0.0301029159519725,2.006861063464837,0.8490566037735848,17.9073756432247,25.62607204116638,251.6295025728988,45.0,0.0849056603773585,1.1578044596912522,0.4631217838765009,0.9262435677530018,0.4631217838765009,2.701543739279588,0.0,0.2315608919382504,0.0,1.7753001715265866,1.8524871355060035,1.1578044596912522,0.4631217838765009,1.234991423670669,0.1543739279588336,0.385934819897084,2.2384219554030875,0.5403087478559176,1.1578044596912522,38.516295025728986,0.4631217838765009,3.782161234991424,1.7753001715265866,24.93138936535163,3.9365351629502574,1.6981132075471697,2.8559176672384217,1.0806174957118353,27.71012006861063,8.567753001715266,0.1543739279588336,0.0,1.0034305317324186,0.1543739279588336,0.0,0.0,0.0,3.62778730703259,0.9262435677530018,FW,,attack,0
Randy Nteka,ao ANG,FW,Rayo Vallecano,es La Liga,26.0,1997.0,24,16,1129,12.5,3,0,3,3,0,0,2.6,2.6,0.5,3.1,0.25,16,8,50.0,1.28,0.64,0.19,0.38,0.16,144,223,64.6,1834,230,0.3,9,5,2,0,4,0,0,0,8,21,1.67,0,0.0,16,5,3,9,4,41.7,4,20,20,9,0,366,24,40,5,33.3,159,10,5,32,17,241,44,6,0,0,39,3,0,0,0,26,41,44.6,0.2391496899911425,0.0,0.2391496899911425,0.2391496899911425,0.2072630646589902,0.2072630646589902,0.0398582816651904,0.2471213463241807,0.0199291408325952,1.275465013286094,0.6377325066430469,11.479185119574844,17.776793622674933,146.2001771479185,18.3348095659876,0.0239149689991142,0.7174490699734278,0.3985828166519043,0.1594331266607617,0.0,0.3188662533215234,0.0,0.0,0.0,0.6377325066430469,1.275465013286094,0.3985828166519043,0.2391496899911425,0.7174490699734278,0.3188662533215234,0.3188662533215234,1.5943312666076177,1.5943312666076177,0.7174490699734278,29.176262178919394,1.9131975199291409,3.188662533215235,0.3985828166519043,12.674933569530555,0.7971656333038087,0.3985828166519043,2.550930026572188,1.3551815766164748,19.21169176262179,3.5075287865367577,0.4782993799822851,0.0,3.108945969884854,0.2391496899911425,0.0,0.0,0.0,2.0726306465899027,3.2683790965456154,FW,,attack,1
Ernest Nuamah,gh GHA,"FW,MF",Lyon,fr Ligue 1,20.0,2003.0,23,13,1052,11.7,3,1,4,3,0,0,2.2,2.2,1.5,3.7,0.32,28,13,46.4,2.4,1.11,0.11,0.23,0.08,358,448,79.9,5021,917,1.3,18,11,17,4,30,8,2,1,33,35,2.99,2,0.17,21,11,15,4,2,44.4,8,29,8,18,1,597,13,51,22,51.2,388,44,18,31,22,431,131,2,0,0,18,1,0,1,0,60,13,48.1,0.2566539923954373,0.085551330798479,0.3422053231939163,0.2566539923954373,0.188212927756654,0.188212927756654,0.1283269961977186,0.3165399239543726,0.0273764258555133,2.3954372623574143,1.1121673003802282,30.62737642585552,38.32699619771863,429.5532319391635,78.45057034220532,0.1112167300380228,1.5399239543726235,0.9410646387832698,1.4543726235741443,0.3422053231939163,2.5665399239543727,0.6844106463878327,0.1711026615969581,0.085551330798479,2.8231939163498097,1.796577946768061,0.9410646387832698,1.2832699619771863,0.3422053231939163,0.1711026615969581,0.6844106463878327,2.4809885931558937,0.6844106463878327,1.5399239543726235,51.07414448669201,1.1121673003802282,4.363117870722434,1.88212927756654,33.19391634980988,3.76425855513308,1.5399239543726235,2.652091254752852,1.88212927756654,36.87262357414448,11.20722433460076,0.1711026615969581,0.0,1.5399239543726235,0.085551330798479,0.0,0.085551330798479,0.0,5.133079847908745,1.1121673003802282,FW,MF,attack,0
Darwin Núñez,uy URU,FW,Liverpool,eng Premier League,25.0,1999.0,30,8,1133,12.6,5,2,7,5,0,0,5.8,5.8,1.3,7.1,0.57,34,13,38.2,2.7,1.03,0.15,0.38,0.17,163,230,70.9,2390,587,0.5,11,9,3,1,3,0,1,6,27,31,2.46,4,0.32,21,18,11,4,6,38.9,4,25,12,13,0,366,10,74,8,34.8,201,23,12,24,21,248,78,8,0,0,27,2,1,0,0,41,20,37.7,0.3971756398940864,0.1588702559576346,0.5560458958517212,0.3971756398940864,0.4607237422771403,0.4607237422771403,0.1032656663724625,0.5639894086496028,0.0452780229479258,2.700794351279788,1.032656663724625,12.94792586054722,18.27007943512798,189.84995586937336,46.62842012356575,0.0397175639894086,0.8737864077669902,0.7149161518093556,0.2383053839364519,0.0794351279788173,0.2383053839364519,0.0,0.0794351279788173,0.4766107678729038,2.144748455428067,1.6681376875551632,1.4298323036187113,0.8737864077669902,0.3177405119152692,0.4766107678729038,0.3177405119152692,1.9858781994704329,0.9532215357458076,1.032656663724625,29.07325684024713,0.7943512797881729,5.87819947043248,0.6354810238305384,15.966460723742276,1.827007943512798,0.9532215357458076,1.9064430714916156,1.6681376875551632,19.69991173874669,6.195939982347749,0.6354810238305384,0.0,2.144748455428067,0.1588702559576346,0.0794351279788173,0.0,0.0,3.256840247131509,1.5887025595763458,FW,,attack,1
M'Bala Nzola,ao ANG,FW,Lens,fr Ligue 1,27.0,1996.0,21,16,1460,16.2,6,1,7,6,0,0,8.6,8.6,1.3,9.9,0.61,47,18,38.3,2.9,1.11,0.13,0.33,0.19,227,302,75.2,2579,415,0.9,20,7,9,0,1,0,0,1,22,39,2.4,5,0.31,5,4,0,1,4,33.3,5,10,7,8,0,490,4,95,14,36.8,284,26,14,62,47,381,118,3,1,0,30,1,0,0,0,36,38,51.4,0.3698630136986301,0.0616438356164383,0.4315068493150685,0.3698630136986301,0.5301369863013699,0.5301369863013699,0.0801369863013698,0.6102739726027397,0.0376027397260273,2.8972602739726026,1.1095890410958904,13.993150684931509,18.616438356164384,158.9794520547945,25.58219178082192,0.0554794520547945,1.2328767123287672,0.4315068493150685,0.5547945205479452,0.0,0.0616438356164383,0.0,0.0,0.0616438356164383,1.356164383561644,0.3082191780821918,0.2465753424657534,0.0,0.0616438356164383,0.2465753424657534,0.3082191780821918,0.6164383561643836,0.4315068493150685,0.4931506849315069,30.2054794520548,0.2465753424657534,5.856164383561644,0.863013698630137,17.506849315068493,1.6027397260273972,0.863013698630137,3.821917808219178,2.8972602739726026,23.48630136986301,7.273972602739726,0.184931506849315,0.0616438356164383,1.8493150684931503,0.0616438356164383,0.0,0.0,0.0,2.219178082191781,2.3424657534246576,FW,,attack,4
Michael Olise,fr FRA,"FW,MF",Bayern Munich,de Bundesliga,22.0,2001.0,34,28,2334,25.9,12,15,27,12,0,0,9.7,9.7,12.0,21.7,0.84,86,36,41.9,3.32,1.39,0.14,0.33,0.11,1290,1585,81.4,19018,5660,12.5,90,89,111,13,131,72,25,7,184,169,6.51,25,0.96,36,23,10,21,5,44.7,8,44,16,44,2,1957,18,148,72,47.7,1305,119,46,59,29,1556,381,3,0,0,22,9,2,0,0,105,11,47.8,0.4627249357326478,0.5784061696658098,1.0411311053984575,0.4627249357326478,0.3740359897172235,0.3740359897172235,0.4627249357326478,0.8367609254498714,0.0323907455012853,3.3161953727506424,1.3881748071979434,49.74293059125964,61.11825192802056,733.3419023136247,218.25192802056557,0.4820051413881748,3.4704370179948585,3.4318766066838045,4.280205655526992,0.5012853470437018,5.051413881748072,2.776349614395887,0.9640102827763496,0.2699228791773779,7.095115681233934,1.3881748071979434,0.8868894601542417,0.3856041131105399,0.8097686375321337,0.1928020565552699,0.3084832904884318,1.6966580976863754,0.6169665809768637,1.6966580976863754,75.46272493573265,0.6940874035989717,5.706940874035991,2.776349614395887,50.321336760925455,4.5886889460154245,1.7737789203084835,2.275064267352185,1.1182519280205656,60.0,14.691516709511568,0.1156812339331619,0.0,0.8483290488431877,0.3470437017994858,0.0771208226221079,0.0,0.0,4.048843187660668,0.4241645244215938,FW,MF,attack,2
Paul Onuachu,ng NGA,FW,Southampton,eng Premier League,30.0,1994.0,25,11,1050,11.7,4,1,5,4,0,0,3.6,3.6,0.5,4.1,0.35,34,15,44.1,2.91,1.29,0.12,0.27,0.11,160,263,60.8,2292,365,0.3,8,13,2,0,0,0,0,4,13,9,0.77,1,0.09,7,2,1,5,1,42.9,1,8,16,8,1,440,17,67,8,30.8,214,7,2,50,36,358,40,4,0,0,28,0,0,0,0,19,93,61.2,0.3428571428571428,0.0857142857142857,0.4285714285714286,0.3428571428571428,0.3085714285714286,0.3085714285714286,0.0428571428571428,0.3514285714285713,0.03,2.914285714285714,1.2857142857142856,13.714285714285715,22.54285714285714,196.45714285714288,31.285714285714285,0.0257142857142857,0.6857142857142857,1.1142857142857143,0.1714285714285714,0.0,0.0,0.0,0.0,0.3428571428571428,1.1142857142857143,0.6000000000000001,0.1714285714285714,0.0857142857142857,0.4285714285714286,0.0857142857142857,0.0857142857142857,0.6857142857142857,1.3714285714285714,0.6857142857142857,37.71428571428572,1.457142857142857,5.742857142857144,0.6857142857142857,18.34285714285714,0.6000000000000001,0.1714285714285714,4.285714285714286,3.085714285714286,30.685714285714287,3.428571428571429,0.3428571428571428,0.0,2.4000000000000004,0.0,0.0,0.0,0.0,1.6285714285714286,7.971428571428571,FW,,attack,1
Loïs Openda,be BEL,"FW,MF",RB Leipzig,de Bundesliga,24.0,2000.0,33,28,2453,27.3,9,5,14,9,0,1,9.0,8.2,3.4,11.6,0.45,77,31,40.3,2.83,1.14,0.12,0.29,0.11,377,591,63.8,4849,996,2.3,28,24,20,1,27,0,2,6,47,66,2.42,10,0.37,9,4,3,4,2,27.3,5,14,12,36,0,904,12,158,22,29.7,521,58,37,82,27,718,229,5,1,1,29,11,4,0,0,54,19,38.0,0.330207908683245,0.1834488381573583,0.5136567468406034,0.330207908683245,0.330207908683245,0.3008560945780676,0.1247452099470036,0.4256013045250713,0.0165103954341622,2.8251121076233185,1.1373827965756216,13.832042397064818,21.68365267019976,177.9086832450061,36.54300856094578,0.0843864655523848,1.0273134936812067,0.88055442315532,0.7337953526294334,0.0366897676314716,0.990623726049735,0.0,0.0733795352629433,0.22013860578883,1.7244190786791684,0.330207908683245,0.1467590705258866,0.110069302894415,0.1467590705258866,0.0733795352629433,0.1834488381573583,0.5136567468406034,0.44027721157766,1.32083163473298,33.167549938850385,0.44027721157766,5.796983285772523,0.8071748878923767,19.115368935996734,2.128006522625357,1.3575214023644515,3.008560945780677,0.990623726049735,26.343253159396657,8.401956787607013,0.1834488381573583,0.0366897676314716,1.0640032613126784,0.4035874439461883,0.1467590705258866,0.0,0.0,1.98124745209947,0.6971055849979617,FW,MF,attack,1
Gaetano Oristanio,it ITA,"FW,MF",Venezia,it Serie A,21.0,2002.0,37,29,2315,25.7,3,3,6,3,0,0,4.1,4.1,2.6,6.8,0.26,44,12,27.3,1.71,0.47,0.07,0.25,0.09,307,443,69.3,4984,1398,2.2,33,32,22,8,59,9,4,6,64,69,2.68,7,0.27,17,13,5,8,4,46.7,6,23,6,20,1,758,5,88,55,44.7,543,72,30,80,72,569,131,3,0,0,50,9,0,0,0,84,14,26.9,0.1166306695464362,0.1166306695464362,0.2332613390928725,0.1166306695464362,0.1593952483801295,0.1593952483801295,0.1010799136069114,0.2643628509719222,0.0101079913606911,1.7105831533477325,0.4665226781857451,11.935205183585314,17.222462203023756,193.76241900647943,54.34989200863931,0.0855291576673866,1.2829373650107991,1.244060475161987,0.8552915766738661,0.3110151187904967,2.2937365010799136,0.3498920086393088,0.1555075593952483,0.2332613390928725,2.488120950323974,0.6609071274298056,0.5053995680345572,0.1943844492440604,0.3110151187904967,0.1555075593952483,0.2332613390928725,0.8941684665226781,0.2332613390928725,0.7775377969762419,29.468682505399567,0.1943844492440604,3.4211663066954645,2.138228941684665,21.110151187904968,2.799136069114471,1.1663066954643628,3.110151187904968,2.799136069114471,22.12095032397408,5.092872570194384,0.1166306695464362,0.0,1.9438444924406049,0.3498920086393088,0.0,0.0,0.0,3.265658747300216,0.5442764578833693,FW,MF,attack,3
Riccardo Orsolini,it ITA,FW,Bologna,it Serie A,27.0,1997.0,30,23,1878,20.9,15,4,19,12,3,3,10.1,7.8,3.7,11.5,0.66,72,25,34.7,3.45,1.2,0.17,0.48,0.11,425,646,65.8,7551,2206,2.9,30,34,29,11,70,20,4,13,69,59,2.83,5,0.24,16,13,6,6,4,45.5,8,24,10,31,1,916,9,88,33,45.2,589,61,25,48,25,675,186,2,0,0,27,5,0,0,0,65,23,54.8,0.7188498402555911,0.1916932907348243,0.9105431309904154,0.5750798722044728,0.4840255591054312,0.3738019169329074,0.1773162939297124,0.5511182108626198,0.031629392971246,3.450479233226837,1.198083067092652,20.36741214057508,30.95846645367412,361.8690095846645,105.7188498402556,0.1389776357827476,1.437699680511182,1.6293929712460065,1.389776357827476,0.5271565495207668,3.354632587859425,0.9584664536741214,0.1916932907348243,0.6230031948881789,3.306709265175719,0.7667731629392972,0.6230031948881789,0.2875399361022364,0.2875399361022364,0.1916932907348243,0.3833865814696486,1.1501597444089455,0.4792332268370607,1.4856230031948885,43.89776357827476,0.4313099041533546,4.217252396166135,1.5814696485623003,28.226837060702877,2.92332268370607,1.198083067092652,2.300319488817891,1.198083067092652,32.3482428115016,8.913738019169328,0.0958466453674121,0.0,1.293929712460064,0.2396166134185303,0.0,0.0,0.0,3.1150159744408947,1.1022364217252396,FW,,attack,4
Dango Ouattara,bf BFA,FW,Bournemouth,eng Premier League,22.0,2002.0,32,21,2005,22.3,7,4,11,7,0,0,8.4,8.4,5.5,13.8,0.62,62,20,32.3,2.78,0.9,0.11,0.35,0.14,367,612,60.0,5725,1706,3.3,35,21,26,11,88,3,5,5,43,72,3.23,6,0.27,35,26,14,11,10,41.5,11,46,51,22,0,959,62,128,39,47.6,492,79,38,63,32,577,191,3,0,0,16,1,0,0,0,92,45,41.7,0.314214463840399,0.1795511221945137,0.4937655860349128,0.314214463840399,0.3770573566084788,0.3770573566084788,0.2468827930174564,0.6194513715710723,0.0278304239401496,2.7830423940149625,0.8977556109725685,16.473815461346632,27.4713216957606,256.98254364089775,76.5785536159601,0.1481296758104738,1.5710723192019949,0.942643391521197,1.167082294264339,0.4937655860349128,3.950124688279302,0.1346633416458852,0.2244389027431421,0.2244389027431421,1.9301745635910224,1.5710723192019949,1.167082294264339,0.628428927680798,0.4937655860349128,0.4488778054862842,0.4937655860349128,2.0648379052369075,2.28927680798005,0.9875311720698255,43.04738154613466,2.7830423940149625,5.745635910224438,1.7506234413965087,22.084788029925186,3.546134663341645,1.7057356608478802,2.8279301745635914,1.4364089775561095,25.900249376558605,8.57356608478803,0.1346633416458852,0.0,0.7182044887780548,0.0448877805486284,0.0,0.0,0.0,4.129675810473815,2.0199501246882794,FW,,attack,0
Mikel Oyarzabal,es ESP,FW,Real Sociedad,es La Liga,27.0,1997.0,35,28,2250,25.0,9,3,12,5,4,4,9.9,6.8,2.4,9.2,0.5,39,13,33.3,1.56,0.52,0.13,0.38,0.17,371,505,73.5,4901,837,1.8,15,19,10,3,10,0,2,3,28,38,1.52,5,0.2,25,16,9,10,6,43.5,4,29,15,17,0,729,15,107,9,45.0,393,31,16,63,30,532,133,4,1,0,14,6,1,0,0,48,32,30.5,0.36,0.12,0.48,0.2,0.396,0.272,0.096,0.3679999999999999,0.02,1.5599999999999998,0.52,14.84,20.2,196.04,33.48,0.072,0.6000000000000001,0.7599999999999999,0.4,0.12,0.4,0.0,0.08,0.12,1.12,1.0,0.64,0.36,0.4,0.24,0.16,1.16,0.6000000000000001,0.68,29.16,0.6000000000000001,4.279999999999999,0.36,15.72,1.24,0.64,2.52,1.2000000000000002,21.28,5.32,0.16,0.04,0.5599999999999999,0.24,0.04,0.0,0.0,1.92,1.28,FW,,attack,1
Pedro,es ESP,"FW,MF",Lazio,it Serie A,37.0,1987.0,30,6,1102,12.2,10,1,11,8,2,2,5.3,3.8,1.7,5.4,0.57,37,16,43.2,3.02,1.31,0.22,0.5,0.1,482,604,79.8,7852,1822,2.1,22,53,25,5,65,24,11,2,76,50,4.09,3,0.25,19,14,5,9,5,47.6,3,22,3,11,1,722,4,61,16,50.0,435,48,15,20,21,546,89,2,0,0,17,0,0,0,0,59,1,14.3,0.8166969147005445,0.0816696914700544,0.8983666061705989,0.6533575317604355,0.4328493647912885,0.3103448275862069,0.1388384754990925,0.441016333938294,0.046551724137931,3.021778584392014,1.306715063520871,39.364791288566245,49.328493647912886,641.2704174228675,148.80217785843922,0.1715063520871143,1.796733212341198,4.328493647912886,2.041742286751361,0.4083484573502722,5.30852994555354,1.9600725952813067,0.8983666061705989,0.1633393829401088,6.206896551724138,1.5517241379310345,1.1433756805807622,0.4083484573502722,0.73502722323049,0.4083484573502722,0.2450090744101633,1.796733212341198,0.2450090744101633,0.8983666061705989,58.96551724137931,0.3266787658802177,4.981851179673321,1.306715063520871,35.526315789473685,3.9201451905626135,1.2250453720508168,1.633393829401089,1.715063520871143,44.59165154264973,7.268602540834846,0.1633393829401088,0.0,1.3883847549909256,0.0,0.0,0.0,0.0,4.818511796733213,0.0816696914700544,FW,MF,attack,4
Jordan Pefok,us USA,FW,Union Berlin,de Bundesliga,28.0,1996.0,18,10,908,10.1,0,1,1,0,0,0,3.2,3.2,0.9,4.1,0.4,23,7,30.4,2.28,0.69,0.0,0.0,0.14,132,191,69.1,1569,321,0.4,14,7,2,0,0,0,0,1,12,26,2.58,0,0.0,11,6,6,0,5,42.9,4,15,18,3,0,326,23,43,7,53.8,158,3,0,24,17,212,40,2,0,0,22,2,0,0,0,31,44,55.7,0.0,0.0991189427312775,0.0991189427312775,0.0,0.3171806167400881,0.3171806167400881,0.0892070484581497,0.4063876651982378,0.039647577092511,2.2797356828193838,0.6938325991189427,13.083700440528634,18.931718061674008,155.51762114537445,31.81718061674009,0.039647577092511,1.3876651982378854,0.6938325991189427,0.198237885462555,0.0,0.0,0.0,0.0,0.0991189427312775,1.1894273127753303,1.090308370044053,0.5947136563876653,0.5947136563876653,0.0,0.4955947136563877,0.3964757709251101,1.486784140969163,1.7841409691629957,0.2973568281938326,32.31277533039648,2.2797356828193838,4.262114537444934,0.6938325991189427,15.660792951541849,0.2973568281938326,0.0,2.378854625550661,1.685022026431718,21.01321585903084,3.9647577092511015,0.198237885462555,0.0,2.180616740088106,0.198237885462555,0.0,0.0,0.0,3.0726872246696035,4.361233480176212,FW,,attack,3
Nicolas Pépé,ci CIV,"FW,MF",Villarreal,es La Liga,29.0,1995.0,28,15,1500,16.7,3,6,9,3,0,0,3.8,3.8,4.8,8.6,0.52,38,17,44.7,2.28,1.02,0.08,0.18,0.1,499,631,79.1,6872,1622,4.1,33,25,27,3,44,20,5,2,60,65,3.9,7,0.42,22,9,12,6,4,35.3,5,27,12,24,0,842,20,89,27,42.2,518,76,30,52,20,622,159,3,0,0,20,4,1,0,0,53,16,47.1,0.18,0.36,0.54,0.18,0.2279999999999999,0.2279999999999999,0.288,0.516,0.0312,2.28,1.02,29.94,37.86,412.32,97.32,0.246,1.98,1.5,1.62,0.18,2.64,1.2000000000000002,0.3,0.12,3.6,1.32,0.54,0.72,0.36,0.24,0.3,1.62,0.72,1.44,50.52,1.2000000000000002,5.34,1.62,31.08,4.56,1.8,3.12,1.2000000000000002,37.32,9.54,0.18,0.0,1.2000000000000002,0.24,0.06,0.0,0.0,3.18,0.96,FW,MF,attack,0
Mathias Pereira Lage,pt POR,"FW,MF",Brest,fr Ligue 1,27.0,1996.0,29,18,1571,17.5,2,7,9,2,0,0,3.3,3.3,3.5,6.8,0.39,36,15,41.7,2.06,0.86,0.06,0.13,0.09,308,490,62.9,4867,1688,3.3,22,23,14,6,99,46,2,2,41,53,3.04,10,0.57,37,24,16,13,8,46.2,20,57,20,20,2,714,24,37,10,35.7,317,32,9,38,18,387,100,4,0,0,30,5,0,1,0,77,35,46.1,0.1145767027371101,0.4010184595798854,0.5155951623169955,0.1145767027371101,0.1890515595162317,0.1890515595162317,0.2005092297899427,0.3895607893061744,0.0223424570337364,2.062380649267982,0.8593252705283259,17.64481222151496,28.07129217059198,278.82240611075747,96.70273711012094,0.1890515595162317,1.2603437301082114,1.3176320814767664,0.8020369191597709,0.3437301082113304,5.67154678548695,2.6352641629535327,0.1145767027371101,0.1145767027371101,2.3488224061107577,2.119669000636537,1.3749204328453215,0.9166136218968808,0.7447485677912157,0.4583068109484404,1.1457670273711011,3.2654360280076387,1.1457670273711011,1.1457670273711011,40.90388287714831,1.3749204328453215,2.119669000636537,0.5728835136855506,18.160407383831952,1.8332272437937616,0.5155951623169955,2.176957352005092,1.031190324633991,22.17059197963081,5.728835136855506,0.2291534054742202,0.0,1.7186505410566515,0.2864417568427753,0.0,0.057288351368555,0.0,4.41120305537874,2.0050922978994272,FW,MF,attack,3
Ayoze Pérez,es ESP,FW,Villarreal,es La Liga,31.0,1993.0,30,22,1970,21.9,19,2,21,19,0,0,12.7,12.7,3.0,15.7,0.71,75,31,41.3,3.43,1.42,0.25,0.61,0.18,314,414,75.8,5024,1316,1.9,32,37,21,5,15,0,8,0,73,72,3.26,5,0.23,27,14,5,18,4,25.0,8,35,15,12,0,705,7,136,34,43.6,429,59,33,62,34,514,124,4,0,0,22,4,0,0,0,56,13,28.9,0.868020304568528,0.0913705583756345,0.9593908629441624,0.868020304568528,0.5802030456852791,0.5802030456852791,0.1370558375634517,0.7172588832487309,0.0324365482233502,3.426395939086295,1.4162436548223352,14.34517766497462,18.913705583756347,229.5228426395939,60.12182741116751,0.0868020304568528,1.4619289340101524,1.6903553299492386,0.9593908629441624,0.2284263959390862,0.6852791878172589,0.0,0.3654822335025381,0.0,3.33502538071066,1.233502538071066,0.6395939086294417,0.2284263959390862,0.8223350253807107,0.182741116751269,0.3654822335025381,1.598984771573604,0.6852791878172589,0.5482233502538071,32.20812182741117,0.3197969543147208,6.213197969543147,1.5532994923857868,19.598984771573605,2.6954314720812182,1.5076142131979695,2.8324873096446703,1.5532994923857868,23.482233502538072,5.664974619289341,0.182741116751269,0.0,1.0050761421319796,0.182741116751269,0.0,0.0,0.0,2.5583756345177666,0.5939086294416244,FW,,attack,4
Roberto Piccoli,it ITA,FW,Cagliari,it Serie A,23.0,2001.0,37,37,3127,34.7,10,1,11,9,1,1,12.7,12.0,0.9,12.9,0.39,97,28,28.9,2.79,0.81,0.09,0.32,0.12,343,517,66.3,4700,823,0.5,13,32,7,0,8,0,0,4,37,57,1.64,8,0.23,13,9,2,6,5,25.0,3,16,31,17,0,919,29,144,14,22.2,511,30,14,114,46,666,165,6,0,0,60,13,2,0,0,54,110,42.8,0.2878157978893508,0.028781579788935,0.3165973776782859,0.2590342181004157,0.3655260633194755,0.3453789574672209,0.0259034218100415,0.3712823792772625,0.0112248161176846,2.791813239526703,0.8058842340901823,9.872081867604733,14.880076750879438,135.2734250079949,23.68724016629357,0.0143907898944675,0.374160537256156,0.9210105532459226,0.2014710585225455,0.0,0.2302526383114806,0.0,0.0,0.1151263191557403,1.064918452190598,0.374160537256156,0.2590342181004157,0.0575631595778701,0.1726894787336104,0.1439078989446754,0.0863447393668052,0.4605052766229613,0.8922289734569875,0.4892868564118963,26.45027182603134,0.8346658138791174,4.144547489606651,0.4029421170450911,14.707387272145828,0.8634473936680525,0.4029421170450911,3.2811000959386,1.3239526702910136,19.168532139430763,4.748960665174288,0.1726894787336104,0.0,1.726894787336105,0.374160537256156,0.0575631595778701,0.0,0.0,1.5542053086024945,3.165973776782858,FW,,attack,1
Marvin Pieringer,de GER,"FW,MF",Heidenheim,de Bundesliga,24.0,1999.0,31,26,2206,24.5,7,4,11,4,3,3,8.9,6.6,4.0,10.6,0.53,57,17,29.8,2.33,0.69,0.07,0.24,0.12,363,552,65.8,4923,1299,2.3,30,36,12,1,11,0,5,1,59,69,2.81,7,0.29,23,13,5,12,6,50.0,8,31,32,22,0,849,31,97,16,45.7,467,23,5,69,24,607,115,7,0,0,50,7,2,0,0,63,73,37.1,0.28558476881233,0.1631912964641885,0.4487760652765186,0.1631912964641885,0.3631006346328196,0.2692656391659111,0.1631912964641885,0.4324569356300997,0.0216228467815049,2.325475974614688,0.6935630099728014,14.809610154125114,22.520398912058024,200.8476881233001,52.99637352674524,0.0938349954669084,1.2239347234814144,1.4687216681776971,0.4895738893925657,0.0407978241160471,0.4487760652765186,0.0,0.2039891205802357,0.0407978241160471,2.407071622846781,0.9383499546690844,0.5303717135086129,0.2039891205802357,0.4895738893925657,0.2447869446962828,0.3263825929283771,1.2647325475974616,1.3055303717135085,0.8975521305530372,34.637352674524024,1.2647325475974616,3.957388939256573,0.6527651858567542,19.052583862194016,0.9383499546690844,0.2039891205802357,2.815049864007253,0.9791477787851316,24.76427923844061,4.691749773345422,0.28558476881233,0.0,2.0398912058023573,0.28558476881233,0.0815956482320942,0.0,0.0,2.57026291931097,2.978241160471441,FW,MF,attack,3
Santiago Pierotti,ar ARG,FW,Lecce,it Serie A,23.0,2001.0,36,22,1937,21.5,4,2,6,4,0,0,3.1,3.1,2.4,5.5,0.25,32,7,21.9,1.49,0.33,0.13,0.57,0.1,311,436,71.3,4334,1135,1.4,25,27,9,3,17,0,2,2,38,50,2.32,2,0.09,46,24,22,18,6,45.1,14,60,32,24,0,730,45,81,22,44.9,353,43,21,60,33,406,85,6,1,1,55,3,0,0,0,111,49,44.5,0.1858544140423335,0.0929272070211667,0.2787816210635002,0.1858544140423335,0.1440371708828084,0.1440371708828084,0.1115126484254001,0.2555498193082086,0.0116159008776458,1.4868353123386682,0.3252452245740836,14.45018069179143,20.258131130614352,201.3732576148684,52.73618998451213,0.0650490449148167,1.1615900877645844,1.2545172947857512,0.4181724315952503,0.1393908105317501,0.7898812596799174,0.0,0.0929272070211667,0.0929272070211667,1.7656169334021683,2.137325761486835,1.115126484254001,1.0221992772328343,0.8363448631905007,0.2787816210635002,0.6504904491481672,2.787816210635002,1.4868353123386682,1.115126484254001,33.91843056272587,2.090862157976252,3.763551884357253,1.0221992772328343,16.40165203923593,1.9979349509550848,0.9757356737222508,2.787816210635002,1.5332989158492514,18.86422302529685,3.949406298399587,0.2787816210635002,0.0464636035105833,2.555498193082085,0.1393908105317501,0.0,0.0,0.0,5.157459989674755,2.2767165720185853,FW,,attack,3
Andrea Pinamonti,it ITA,FW,Genoa,it Serie A,25.0,1999.0,36,33,2850,31.7,10,1,11,10,0,1,7.7,7.0,1.7,8.7,0.3,78,29,37.2,2.46,0.92,0.13,0.34,0.09,419,667,62.8,6023,1027,1.3,15,24,9,3,17,0,4,2,46,48,1.52,5,0.16,10,6,0,7,3,25.0,1,11,28,28,2,952,32,116,11,47.8,491,20,11,67,34,710,132,4,0,0,21,2,0,0,0,53,83,42.8,0.3157894736842105,0.031578947368421,0.3473684210526316,0.3157894736842105,0.2431578947368421,0.2210526315789474,0.0536842105263157,0.2747368421052631,0.0094736842105263,2.463157894736842,0.9157894736842104,13.23157894736842,21.06315789473684,190.2,32.43157894736842,0.0410526315789473,0.4736842105263157,0.7578947368421053,0.2842105263157894,0.0947368421052631,0.5368421052631579,0.0,0.1263157894736842,0.0631578947368421,1.4526315789473685,0.3157894736842105,0.1894736842105263,0.0,0.2210526315789474,0.0947368421052631,0.031578947368421,0.3473684210526316,0.8842105263157896,0.8842105263157896,30.063157894736843,1.0105263157894735,3.663157894736842,0.3473684210526316,15.505263157894738,0.631578947368421,0.3473684210526316,2.1157894736842104,1.0736842105263158,22.42105263157895,4.16842105263158,0.1263157894736842,0.0,0.6631578947368421,0.0631578947368421,0.0,0.0,0.0,1.673684210526316,2.6210526315789475,FW,,attack,1
Joel Pohjanpalo,fi FIN,FW,Venezia,it Serie A,29.0,1994.0,20,19,1603,17.8,6,0,6,3,3,4,7.5,4.3,1.7,6.0,0.51,34,13,38.2,1.91,0.73,0.09,0.23,0.13,211,350,60.3,3005,737,1.0,15,25,7,0,3,0,3,1,29,33,1.85,3,0.17,3,3,1,2,0,0.0,4,7,24,5,0,491,24,66,3,30.0,249,9,4,23,11,343,72,1,0,0,12,3,1,0,0,20,46,43.8,0.3368683718028696,0.0,0.3368683718028696,0.1684341859014348,0.421085464753587,0.2414223331253898,0.0954460386774797,0.3368683718028696,0.0286338116032439,1.9089207735495943,0.7298814722395508,11.846537741734249,19.650655021834066,168.71490954460387,41.37866500311915,0.0561447286338116,0.842170929507174,1.40361821584529,0.3930131004366812,0.0,0.1684341859014348,0.0,0.1684341859014348,0.0561447286338116,1.6281971303805365,0.1684341859014348,0.1684341859014348,0.0561447286338116,0.1122894572676232,0.0,0.2245789145352464,0.3930131004366812,1.3474734872114784,0.280723643169058,27.5670617592015,1.3474734872114784,3.7055520898315657,0.1684341859014348,13.980037429819088,0.5053025577043044,0.2245789145352464,1.291328758577667,0.6175920149719276,19.25764192139738,4.042420461634436,0.0561447286338116,0.0,0.6737367436057392,0.1684341859014348,0.0561447286338116,0.0,0.0,1.122894572676232,2.582657517155334,FW,,attack,1
Matteo Politano,it ITA,"FW,MF",Napoli,it Serie A,30.0,1993.0,37,34,2804,31.2,3,4,7,3,0,0,3.1,3.1,4.8,7.9,0.25,56,14,25.0,1.8,0.45,0.05,0.21,0.06,873,1261,69.2,14730,4786,5.2,56,65,55,23,229,78,1,10,129,105,3.37,10,0.32,29,15,17,11,1,34.9,13,42,50,57,1,1561,49,90,32,40.0,920,135,38,47,24,1137,278,3,0,0,14,3,1,0,0,95,6,23.1,0.0962910128388017,0.1283880171184022,0.2246790299572039,0.0962910128388017,0.0995007132667617,0.0995007132667617,0.1540656205420827,0.2535663338088445,0.0080242510699001,1.797432239657632,0.4493580599144079,28.020684736091297,40.47432239657632,472.7888730385164,153.61626248216834,0.1669044222539229,1.797432239657632,2.086305278174037,1.7653352353780312,0.7382310984308131,7.350213980028531,2.5035663338088447,0.0320970042796005,0.3209700427960057,4.140513552068474,0.9308131241084164,0.4814550641940086,0.5456490727532097,0.3530670470756062,0.0320970042796005,0.4172610556348075,1.348074179743224,1.6048502139800287,1.8295292439372324,50.10342368045649,1.572753209700428,2.888730385164051,1.0271041369472182,29.529243937232525,4.333095577746077,1.2196861626248217,1.5085592011412268,0.7703281027104137,36.49429386590585,8.922967189728958,0.0962910128388017,0.0,0.4493580599144079,0.0962910128388017,0.0320970042796005,0.0,0.0,3.0492154065620545,0.1925820256776034,FW,MF,attack,3
Javi Puado,es ESP,"FW,MF",Espanyol,es La Liga,26.0,1998.0,35,35,2974,33.0,12,4,16,7,5,5,11.6,7.7,3.0,10.7,0.44,66,19,28.8,2.0,0.57,0.11,0.37,0.12,521,678,76.8,7991,1449,2.1,22,36,15,4,27,1,6,6,75,55,1.66,7,0.21,22,17,14,4,4,40.0,5,27,19,19,0,985,27,102,21,34.4,623,73,22,71,33,703,113,8,0,0,22,4,1,0,0,105,9,23.1,0.363147276395427,0.121049092131809,0.484196368527236,0.2118359112306657,0.3510423671822461,0.2330195023537323,0.0907868190988567,0.3238063214525891,0.0133154001344989,1.9973100201748488,0.5749831876260928,15.766644250168122,20.517821116341626,241.82582380632147,43.850033624747816,0.0635507733691997,0.6657700067249496,1.089441829186281,0.4539340954942838,0.121049092131809,0.8170813718897108,0.0302622730329522,0.1815736381977135,0.1815736381977135,2.269670477471419,0.6657700067249496,0.5144586415601883,0.4236718224613315,0.121049092131809,0.121049092131809,0.1513113651647612,0.8170813718897108,0.5749831876260928,0.5749831876260928,29.808338937457968,0.8170813718897108,3.08675184936113,0.6355077336919973,18.85339609952925,2.2091459314055144,0.6657700067249496,2.14862138533961,0.9986550100874244,21.274377942165437,3.4196368527236043,0.242098184263618,0.0,0.6657700067249496,0.121049092131809,0.0302622730329522,0.0,0.0,3.1775386684599867,0.2723604572965702,FW,MF,attack,3
Christian Pulisic,us USA,"FW,MF",Milan,it Serie A,25.0,1998.0,34,29,2478,27.5,11,9,20,8,3,4,12.0,8.9,6.4,15.2,0.67,53,20,37.7,1.92,0.73,0.15,0.4,0.17,825,1078,76.5,12131,3064,6.3,69,56,35,8,119,72,15,2,105,125,4.54,14,0.51,43,29,17,14,12,40.5,5,48,13,25,2,1367,15,128,39,44.8,859,121,37,57,40,985,191,1,0,0,20,5,1,0,0,94,11,20.8,0.3995157384987893,0.3268765133171913,0.7263922518159805,0.2905569007263922,0.4358353510895884,0.3232445520581114,0.2324455205811138,0.5520581113801453,0.0243341404358353,1.9249394673123488,0.7263922518159805,29.9636803874092,39.15254237288136,440.5932203389831,111.28329297820824,0.2288135593220338,2.506053268765133,2.0338983050847457,1.271186440677966,0.2905569007263922,4.322033898305085,2.6150121065375305,0.5447941888619855,0.072639225181598,3.813559322033898,1.5617433414043584,1.053268765133172,0.6174334140435835,0.5084745762711864,0.4358353510895884,0.1815980629539951,1.7433414043583535,0.4721549636803874,0.9079903147699756,49.64891041162228,0.5447941888619855,4.648910411622276,1.4164648910411624,31.19854721549637,4.394673123486683,1.3438256658595642,2.070217917675545,1.452784503631961,35.77481840193705,6.937046004842615,0.036319612590799,0.0,0.7263922518159805,0.1815980629539951,0.036319612590799,0.0,0.0,3.414043583535109,0.3995157384987893,FW,MF,attack,0
Dani Raba,es ESP,"FW,MF",Leganés,es La Liga,28.0,1995.0,29,24,1879,20.9,8,6,14,4,4,5,7.5,3.6,5.3,8.9,0.61,39,12,30.8,1.87,0.57,0.1,0.33,0.09,435,648,67.1,7619,2499,4.6,47,50,24,4,90,46,15,3,69,107,5.12,14,0.67,37,23,17,15,5,40.5,14,51,19,16,1,930,23,43,46,50.5,523,42,10,53,40,572,101,6,0,0,40,11,1,0,0,90,5,25.0,0.3831825439063331,0.2873869079297498,0.670569451836083,0.1915912719531665,0.3592336349121873,0.1724321447578499,0.2538584353379457,0.4262905800957957,0.0292176689728579,1.8680149015433745,0.5747738158594997,20.835550824906864,31.037786056412987,364.9334752527941,119.6966471527408,0.2203299627461415,2.2511974454497072,2.394890899414582,1.1495476317189994,0.1915912719531665,4.310803618946248,2.203299627461416,0.7184672698243746,0.1436934539648749,3.304949441192124,1.772219265566791,1.1016498137307078,0.814262905800958,0.7184672698243746,0.2394890899414582,0.670569451836083,2.4427887174028737,0.9100585417775412,0.7663650878126662,44.54497072911123,1.1016498137307078,2.0596061734965407,2.203299627461416,25.05055880787653,2.011708355508249,0.4789781798829164,2.538584353379457,1.9159127195316656,27.397551889302814,4.837679616817456,0.2873869079297498,0.0,1.9159127195316656,0.5268759978712081,0.0478978179882916,0.0,0.0,4.310803618946248,0.2394890899414582,FW,MF,attack,3
Sandro Ramírez,es ESP,"FW,MF",Las Palmas,es La Liga,29.0,1995.0,31,25,2034,22.6,9,3,12,8,1,1,4.1,3.3,3.4,6.7,0.33,51,20,39.2,2.26,0.88,0.16,0.4,0.06,438,682,64.2,7317,2293,3.2,28,33,10,3,122,60,3,3,52,59,2.61,6,0.27,27,15,10,13,4,43.3,16,43,22,26,2,930,26,64,16,34.0,469,52,24,49,28,575,121,6,0,0,26,8,1,1,0,93,12,42.9,0.3982300884955752,0.1327433628318584,0.5309734513274336,0.3539823008849557,0.1814159292035398,0.1460176991150442,0.1504424778761061,0.2964601769911504,0.0146017699115044,2.256637168141593,0.8849557522123893,19.38053097345133,30.176991150442475,323.76106194690266,101.46017699115043,0.1415929203539823,1.238938053097345,1.4601769911504423,0.4424778761061946,0.1327433628318584,5.398230088495575,2.6548672566371683,0.1327433628318584,0.1327433628318584,2.3008849557522124,1.1946902654867255,0.6637168141592921,0.4424778761061946,0.5752212389380531,0.1769911504424778,0.7079646017699115,1.902654867256637,0.9734513274336284,1.1504424778761062,41.150442477876105,1.1504424778761062,2.831858407079646,0.7079646017699115,20.75221238938053,2.3008849557522124,1.0619469026548671,2.168141592920354,1.238938053097345,25.4424778761062,5.353982300884956,0.2654867256637168,0.0,1.1504424778761062,0.3539823008849557,0.0442477876106194,0.0442477876106194,0.0,4.11504424778761,0.5309734513274336,FW,MF,attack,1
Gonçalo Ramos,pt POR,FW,Paris S-G,fr Ligue 1,23.0,2001.0,22,12,1066,11.8,10,3,13,8,2,3,13.6,11.3,2.2,13.4,1.33,52,29,55.8,4.39,2.45,0.15,0.28,0.22,193,241,80.1,2279,367,1.4,15,9,9,0,1,0,2,0,24,30,2.54,6,0.51,11,6,5,5,1,50.0,0,11,5,8,0,353,6,97,1,9.1,155,11,4,16,11,282,63,1,0,0,8,2,1,0,0,18,20,57.1,0.8442776735459663,0.2532833020637898,1.0975609756097562,0.6754221388367729,1.148217636022514,0.954033771106942,0.1857410881801125,1.131332082551595,0.1122889305816135,4.390243902439025,2.448405253283302,16.294559099437148,20.347091932457783,192.4108818011257,30.98499061913696,0.1181988742964352,1.2664165103189493,0.7598499061913696,0.7598499061913696,0.0,0.0844277673545966,0.0,0.1688555347091932,0.0,2.026266416510319,0.9287054409005628,0.5065666041275797,0.4221388367729831,0.4221388367729831,0.0844277673545966,0.0,0.9287054409005628,0.4221388367729831,0.6754221388367729,29.80300187617261,0.5065666041275797,8.189493433395873,0.0844277673545966,13.086303939962477,0.9287054409005628,0.3377110694183864,1.350844277673546,0.9287054409005628,23.80863039399625,5.318949343339588,0.0844277673545966,0.0,0.6754221388367729,0.1688555347091932,0.0844277673545966,0.0,0.0,1.5196998123827392,1.6885553470919326,FW,,attack,4
Jacob Ramsey,eng ENG,"FW,MF",Aston Villa,eng Premier League,23.0,2001.0,29,19,1623,18.0,1,3,4,1,0,0,1.6,1.6,2.3,3.9,0.22,19,4,21.1,1.05,0.22,0.05,0.25,0.08,497,586,84.8,6645,1578,2.2,21,31,21,1,12,0,3,3,68,51,2.83,8,0.44,30,15,14,10,6,50.0,8,38,8,15,1,762,12,74,25,54.3,496,61,21,42,23,577,114,4,1,1,13,6,1,0,0,83,7,35.0,0.055452865064695,0.166358595194085,0.22181146025878,0.055452865064695,0.088724584103512,0.088724584103512,0.1275415896487985,0.2162661737523105,0.0121996303142329,1.0536044362292052,0.22181146025878,27.56007393715342,32.495378927911275,368.4842883548983,87.50462107208872,0.121996303142329,1.1645101663585953,1.7190388170055453,1.1645101663585953,0.055452865064695,0.6654343807763401,0.0,0.166358595194085,0.166358595194085,3.770794824399261,1.6635859519408505,0.8317929759704252,0.7763401109057301,0.55452865064695,0.33271719038817,0.4436229205175601,2.1072088724584104,0.4436229205175601,0.8317929759704252,42.2550831792976,0.6654343807763401,4.10351201478743,1.3863216266173752,27.504621072088725,3.3826247689463957,1.1645101663585953,2.3290203327171906,1.2754158964879851,31.99630314232902,6.321626617375231,0.22181146025878,0.055452865064695,0.7208872458410351,0.33271719038817,0.055452865064695,0.0,0.0,4.602587800369686,0.388170055452865,FW,MF,attack,3
Raphinha,br BRA,"FW,MF",Barcelona,es La Liga,27.0,1996.0,36,32,2839,31.5,18,9,27,16,2,2,19.2,17.6,12.7,30.3,1.01,112,40,35.7,3.55,1.27,0.14,0.4,0.16,1064,1497,71.1,17773,4933,10.1,91,87,67,18,215,140,11,15,135,163,5.17,22,0.7,36,22,6,19,11,48.7,11,47,26,36,0,1863,31,183,52,50.5,1016,94,46,53,29,1316,349,4,0,0,11,10,2,0,0,94,9,60.0,0.5706234589644241,0.285311729482212,0.8559351884466362,0.5072208524128214,0.6086650228953857,0.5579429376541036,0.4026065516026769,0.9605494892567804,0.0320183163085593,3.55054596688975,1.2680521310320534,33.73018668545262,47.45685100387461,563.4272631208172,156.382529059528,0.3201831630855934,2.884818598097922,2.7580133849947166,2.12398731947869,0.5706234589644241,6.815780204297288,4.438182458612187,0.3487143360338147,0.47551954913702,4.279675942233181,1.1412469179288482,0.6974286720676295,0.190207819654808,0.6023247622402255,0.3487143360338147,0.3487143360338147,1.489961253962663,0.8242338851708347,1.1412469179288482,59.05952800281789,0.9827404015498414,5.801338499471646,1.6484677703416697,32.20852412821416,2.979922507925326,1.4582599506868617,1.680169073617471,0.9193377949982388,41.71891511095456,11.063754843254667,0.1268052131032053,0.0,0.3487143360338147,0.3170130327580133,0.0634026065516026,0.0,0.0,2.979922507925326,0.285311729482212,FW,MF,attack,2
Marcus Rashford,eng ENG,"FW,MF",Manchester Utd,eng Premier League,26.0,1997.0,15,12,978,10.9,4,1,5,4,0,0,1.7,1.7,2.1,3.8,0.35,16,9,56.3,1.47,0.83,0.25,0.44,0.11,253,343,73.8,3508,868,1.4,15,13,16,8,27,1,6,5,21,29,2.67,1,0.09,7,4,2,2,3,33.3,4,11,7,10,0,440,3,34,9,23.1,293,20,12,14,6,341,79,2,0,0,8,0,0,0,0,24,5,41.7,0.3680981595092025,0.0920245398773006,0.4601226993865031,0.3680981595092025,0.156441717791411,0.156441717791411,0.1932515337423313,0.3496932515337423,0.0322085889570552,1.47239263803681,0.8282208588957056,23.28220858895705,31.564417177914116,322.82208588957053,79.87730061349693,0.1288343558282208,1.3803680981595092,1.196319018404908,1.47239263803681,0.736196319018405,2.4846625766871164,0.0920245398773006,0.5521472392638037,0.4601226993865031,1.932515337423313,0.6441717791411044,0.3680981595092025,0.1840490797546012,0.1840490797546012,0.2760736196319018,0.3680981595092025,1.012269938650307,0.6441717791411044,0.9202453987730062,40.49079754601227,0.2760736196319018,3.128834355828221,0.8282208588957056,26.96319018404908,1.8404907975460123,1.1042944785276074,1.2883435582822087,0.5521472392638037,31.380368098159508,7.269938650306749,0.1840490797546012,0.0,0.736196319018405,0.0,0.0,0.0,0.0,2.208588957055215,0.4601226993865031,FW,MF,attack,1
Giacomo Raspadori,it ITA,"FW,MF",Napoli,it Serie A,24.0,2000.0,26,11,1103,12.3,6,1,7,6,0,0,4.0,4.0,2.4,6.4,0.52,42,14,33.3,3.43,1.14,0.14,0.43,0.1,280,410,68.3,5058,1374,2.2,28,27,7,3,67,39,2,2,42,51,4.16,4,0.33,18,9,6,10,2,66.7,3,21,13,18,0,549,10,54,9,64.3,263,18,5,25,9,343,57,1,0,0,12,2,0,0,0,43,5,31.3,0.4895738893925657,0.0815956482320942,0.57116953762466,0.4895738893925657,0.3263825929283771,0.3263825929283771,0.1958295557570263,0.5222121486854034,0.042429737080689,3.42701722574796,1.14233907524932,22.846781504986403,33.45421577515866,412.7107887579329,112.11242067089756,0.1795104261106074,2.28467815049864,2.203082502266546,0.57116953762466,0.2447869446962828,5.466908431550317,3.1822302810516776,0.1631912964641885,0.1631912964641885,3.42701722574796,1.4687216681776971,0.7343608340888486,0.4895738893925657,0.8159564823209429,0.1631912964641885,0.2447869446962828,1.71350861287398,1.0607434270172258,1.4687216681776971,44.79601087941976,0.8159564823209429,4.406165004533092,0.7343608340888486,21.4596554850408,1.4687216681776971,0.4079782411604714,2.0398912058023573,0.7343608340888486,27.98730734360834,4.650951949229375,0.0815956482320942,0.0,0.9791477787851316,0.1631912964641885,0.0,0.0,0.0,3.508612873980055,0.4079782411604714,FW,MF,attack,0
Mateo Retegui,it ITA,FW,Atalanta,it Serie A,25.0,1999.0,36,32,2383,26.5,25,8,33,21,4,5,18.9,14.9,4.9,19.8,0.9,99,32,32.3,3.74,1.21,0.21,0.66,0.15,440,575,76.5,6210,971,2.2,38,29,9,1,15,0,2,6,46,76,2.87,14,0.53,14,9,0,9,5,18.8,4,18,17,19,0,874,19,173,12,40.0,557,21,11,96,48,704,199,3,0,0,32,4,2,0,0,69,51,42.9,0.9441879983214436,0.3021401594628619,1.2463281577843055,0.7931179185900126,0.7138061267310113,0.5627360469995804,0.1850608476710029,0.7477968946705834,0.0339907679395719,3.738984473352916,1.2085606378514475,16.617708770457405,21.7163239613932,234.5362987830466,36.67226185480487,0.083088543852287,1.435165757448594,1.095258078052875,0.3399076793957197,0.0377675199328577,0.5665127989928661,0.0,0.0755350398657154,0.2266051195971464,1.737305916911456,0.5287452790600085,0.3399076793957197,0.0,0.3399076793957197,0.1888375996642887,0.1510700797314309,0.6798153587914394,0.6420478388585816,0.717582878724297,33.008812421317664,0.717582878724297,6.53378094838439,0.4532102391942929,21.036508602601764,0.7931179185900126,0.4154427192614351,3.625681913554343,1.8128409567771715,26.58833403273185,7.515736466638692,0.1133025597985732,0.0,1.2085606378514475,0.1510700797314309,0.0755350398657154,0.0,0.0,2.6059588753671843,1.926143516575745,FW,,attack,4
Jesus Rodríguez,es ESP,FW,Betis,es La Liga,18.0,2005.0,21,15,1111,12.3,2,0,2,2,0,0,2.3,2.3,0.2,2.5,0.2,23,8,34.8,1.86,0.65,0.09,0.25,0.1,241,331,72.8,3111,935,0.7,8,15,19,2,18,3,0,0,35,34,2.75,5,0.41,16,14,6,6,4,27.8,6,22,3,16,0,532,5,69,30,35.7,361,53,39,38,20,381,99,0,0,0,17,7,1,0,0,58,3,27.3,0.162016201620162,0.0,0.162016201620162,0.162016201620162,0.1863186318631862,0.1863186318631862,0.0162016201620162,0.2025202520252025,0.0162016201620162,1.8631863186318631,0.648064806480648,19.522952295229523,26.813681368136816,252.016201620162,75.74257425742574,0.0567056705670567,0.648064806480648,1.215121512151215,1.5391539153915392,0.162016201620162,1.4581458145814583,0.243024302430243,0.0,0.0,2.8352835283528357,1.296129612961296,1.1341134113411342,0.486048604860486,0.486048604860486,0.324032403240324,0.486048604860486,1.7821782178217822,0.243024302430243,1.296129612961296,43.0963096309631,0.405040504050405,5.58955895589559,2.43024302430243,29.243924392439244,4.293429342934294,3.159315931593159,3.0783078307830785,1.62016201620162,30.864086408640865,8.01980198019802,0.0,0.0,1.3771377137713772,0.5670567056705671,0.081008100810081,0.0,0.0,4.698469846984699,0.243024302430243,FW,,attack,3
Rodrygo,br BRA,"FW,MF",Real Madrid,es La Liga,23.0,2001.0,30,22,1928,21.4,6,5,11,6,0,0,4.0,3.9,3.0,6.9,0.33,54,20,37.0,2.52,0.93,0.11,0.3,0.07,939,1093,85.9,12276,3000,4.2,49,66,26,2,81,57,1,3,108,106,4.95,9,0.42,21,14,14,5,2,30.4,11,32,9,15,0,1340,14,127,49,44.1,889,113,50,47,15,1068,253,0,0,0,8,5,1,0,0,71,7,30.4,0.2800829875518672,0.233402489626556,0.5134854771784232,0.2800829875518672,0.1867219917012448,0.1820539419087136,0.1400414937759336,0.3220954356846473,0.0154045643153526,2.520746887966805,0.933609958506224,43.83298755186722,51.02178423236514,573.0497925311203,140.04149377593362,0.196058091286307,2.287344398340249,3.08091286307054,1.2136929460580914,0.0933609958506224,3.781120331950208,2.6607883817427385,0.0466804979253112,0.1400414937759336,5.04149377593361,0.9802904564315352,0.6535269709543569,0.6535269709543569,0.233402489626556,0.0933609958506224,0.5134854771784232,1.4937759336099583,0.4201244813278008,0.700207468879668,62.55186721991701,0.6535269709543569,5.928423236514523,2.287344398340249,41.49896265560166,5.274896265560166,2.3340248962655603,2.1939834024896268,0.700207468879668,49.85477178423237,11.810165975103734,0.0,0.0,0.3734439834024896,0.233402489626556,0.0466804979253112,0.0,0.0,3.314315352697096,0.3267634854771784,FW,MF,attack,0
Morgan Rogers,eng ENG,"FW,MF",Aston Villa,eng Premier League,22.0,2002.0,37,37,3114,34.6,8,10,18,8,0,0,6.6,6.6,7.8,14.4,0.42,55,20,36.4,1.59,0.58,0.15,0.4,0.12,664,907,73.2,9771,3327,5.2,51,73,56,3,27,0,22,6,123,105,3.04,16,0.46,43,22,15,15,13,51.1,6,49,20,45,2,1362,43,142,66,41.3,794,114,33,114,74,956,188,10,0,0,50,5,1,0,0,119,13,20.0,0.2312138728323699,0.2890173410404624,0.5202312138728323,0.2312138728323699,0.1907514450867052,0.1907514450867052,0.2254335260115607,0.4161849710982659,0.0121387283236994,1.5895953757225434,0.5780346820809248,19.190751445086708,26.213872832369944,282.39884393063585,96.15606936416184,0.1502890173410404,1.4739884393063585,2.109826589595376,1.6184971098265897,0.0867052023121387,0.7803468208092484,0.0,0.6358381502890174,0.1734104046242774,3.554913294797688,1.2427745664739884,0.6358381502890174,0.4335260115606936,0.4335260115606936,0.3757225433526012,0.1734104046242774,1.416184971098266,0.5780346820809248,1.300578034682081,39.36416184971098,1.2427745664739884,4.104046242774567,1.907514450867052,22.94797687861272,3.294797687861272,0.953757225433526,3.294797687861272,2.138728323699422,27.630057803468205,5.433526011560693,0.2890173410404624,0.0,1.4450867052023122,0.1445086705202312,0.0289017341040462,0.0,0.0,3.439306358381503,0.3757225433526012,FW,MF,attack,3
Isaac Romero,es ESP,FW,Sevilla,es La Liga,24.0,2000.0,31,26,2156,24.0,4,2,6,4,0,1,6.8,6.0,2.1,8.1,0.37,53,17,32.1,2.21,0.71,0.08,0.24,0.11,310,441,70.3,4995,703,2.2,20,20,11,4,18,0,1,1,29,44,1.84,7,0.29,13,7,4,4,5,18.8,7,20,27,17,0,751,21,89,21,32.3,382,21,14,79,61,520,95,10,1,0,38,5,1,1,0,59,29,36.3,0.1669758812615955,0.0834879406307977,0.2504638218923933,0.1669758812615955,0.2838589981447124,0.2504638218923933,0.0876623376623376,0.3381261595547309,0.0154452690166975,2.212430426716141,0.7096474953617811,12.940630797773656,18.40909090909091,208.5111317254174,29.34601113172541,0.0918367346938775,0.8348794063079777,0.8348794063079777,0.4591836734693877,0.1669758812615955,0.75139146567718,0.0,0.0417439703153988,0.0417439703153988,1.2105751391465678,0.5426716141001855,0.2922077922077922,0.1669758812615955,0.1669758812615955,0.2087198515769944,0.2922077922077922,0.8348794063079777,1.12708719851577,0.7096474953617811,31.349721706864564,0.8766233766233766,3.7152133580705007,0.8766233766233766,15.946196660482377,0.8766233766233766,0.5844155844155845,3.297773654916512,2.546382189239332,21.70686456400742,3.9656771799628943,0.4174397031539889,0.0417439703153988,1.5862708719851577,0.2087198515769944,0.0417439703153988,0.0417439703153988,0.0,2.4628942486085346,1.2105751391465678,FW,,attack,3
Vitor Roque,br BRA,FW,Betis,es La Liga,19.0,2005.0,22,14,1235,13.7,4,0,4,4,0,0,6.1,6.1,1.2,7.3,0.53,41,18,43.9,2.99,1.31,0.1,0.22,0.15,142,195,72.8,1986,451,0.7,12,4,10,3,6,1,1,0,17,34,2.48,4,0.29,11,6,1,6,4,20.0,7,18,4,7,0,365,3,57,10,25.6,213,24,16,41,35,239,57,4,0,0,30,5,2,0,0,35,15,34.1,0.291497975708502,0.0,0.291497975708502,0.291497975708502,0.4445344129554655,0.4445344129554655,0.0874493927125506,0.5319838056680162,0.0386234817813765,2.9878542510121457,1.311740890688259,10.34817813765182,14.210526315789473,144.72874493927125,32.8663967611336,0.0510121457489878,0.8744939271255061,0.291497975708502,0.728744939271255,0.2186234817813765,0.437246963562753,0.0728744939271255,0.0728744939271255,0.0,1.2388663967611335,0.8016194331983805,0.437246963562753,0.0728744939271255,0.437246963562753,0.291497975708502,0.5101214574898786,1.311740890688259,0.291497975708502,0.5101214574898786,26.59919028340081,0.2186234817813765,4.153846153846154,0.728744939271255,15.522267206477734,1.7489878542510122,1.165991902834008,2.9878542510121457,2.5506072874493926,17.417004048582996,4.153846153846154,0.291497975708502,0.0,2.1862348178137654,0.3643724696356275,0.145748987854251,0.0,0.0,2.5506072874493926,1.0931174089068827,FW,,attack,1
Abel Ruiz,es ESP,FW,Girona,es La Liga,24.0,2000.0,23,17,1346,15.0,4,0,4,3,1,2,4.6,3.0,0.5,3.5,0.34,21,7,33.3,1.4,0.47,0.14,0.43,0.14,239,272,87.9,3608,480,0.7,8,14,5,0,4,0,1,1,23,17,1.14,1,0.07,6,2,2,2,2,40.0,5,11,7,5,0,391,11,59,7,35.0,225,21,10,32,18,281,71,3,0,0,7,1,0,0,0,21,9,32.1,0.2674591381872214,0.0,0.2674591381872214,0.200594353640416,0.3075780089153045,0.200594353640416,0.0334323922734026,0.2340267459138187,0.0227340267459138,1.4041604754829122,0.4680534918276374,15.98068350668648,18.18722139673105,241.2481426448737,32.09509658246657,0.0468053491827637,0.5349182763744428,0.9361069836552748,0.3343239227340267,0.0,0.2674591381872214,0.0,0.0668647845468053,0.0668647845468053,1.537890044576523,0.401188707280832,0.1337295690936107,0.1337295690936107,0.1337295690936107,0.1337295690936107,0.3343239227340267,0.7355126300148589,0.4680534918276374,0.3343239227340267,26.14413075780089,0.7355126300148589,3.9450222882615154,0.4680534918276374,15.044576523031203,1.4041604754829122,0.6686478454680534,2.139673105497771,1.2035661218424962,18.789004457652304,4.74739970282318,0.200594353640416,0.0,0.4680534918276374,0.0668647845468053,0.0,0.0,0.0,1.4041604754829122,0.6017830609212481,FW,,attack,1
Elias Saad,tn TUN,"FW,MF",St. Pauli,de Bundesliga,24.0,1999.0,18,10,900,10.0,3,2,5,3,0,0,2.8,2.8,0.8,3.6,0.36,26,8,30.8,2.6,0.8,0.12,0.38,0.11,182,239,76.2,2622,585,1.1,14,17,14,3,14,0,2,1,27,35,3.5,4,0.4,20,13,7,8,5,50.0,3,23,1,12,0,427,3,44,16,29.6,301,29,14,57,36,319,76,1,0,0,17,5,0,0,0,43,8,26.7,0.3,0.2,0.5,0.3,0.2799999999999999,0.2799999999999999,0.08,0.36,0.036,2.6,0.8,18.2,23.9,262.20000000000005,58.5,0.11,1.4,1.7,1.4,0.3,1.4,0.0,0.2,0.1,2.7,2.0,1.3,0.7,0.8,0.5,0.3,2.3000000000000003,0.1,1.2000000000000002,42.7,0.3,4.4,1.6,30.1,2.9,1.4,5.7,3.6,31.9,7.6,0.1,0.0,1.7,0.5,0.0,0.0,0.0,4.3,0.8,FW,MF,attack,3
Osame Sahraoui,ma MAR,"FW,MF",Lille,fr Ligue 1,23.0,2001.0,30,10,1293,14.4,3,3,6,3,0,0,2.9,2.9,3.6,6.5,0.45,23,8,34.8,1.6,0.56,0.13,0.38,0.13,515,614,83.9,7130,2046,4.3,29,47,41,3,12,1,6,0,89,67,4.66,6,0.42,13,9,4,4,5,37.5,7,20,8,23,1,804,11,67,35,44.3,535,69,23,39,23,631,159,1,0,0,8,1,0,0,0,58,0,0.0,0.2088167053364269,0.2088167053364269,0.4176334106728538,0.2088167053364269,0.2018561484918793,0.2018561484918793,0.2505800464037123,0.4524361948955916,0.031322505800464,1.6009280742459395,0.5568445475638051,35.84686774941995,42.73781902552204,496.28770301624127,142.41299303944317,0.2993039443155452,2.0185614849187936,3.271461716937355,2.8538283062645013,0.2088167053364269,0.8352668213457076,0.0696055684454756,0.4176334106728538,0.0,6.194895591647333,0.9048723897911832,0.6264501160092807,0.2784222737819025,0.2784222737819025,0.3480278422273782,0.4872389791183295,1.3921113689095128,0.5568445475638051,1.6009280742459395,55.96287703016242,0.765661252900232,4.663573085846868,2.4361948955916475,37.23897911832947,4.802784222737819,1.6009280742459395,2.71461716937355,1.6009280742459395,43.92111368909513,11.067285382830626,0.0696055684454756,0.0,0.5568445475638051,0.0696055684454756,0.0,0.0,0.0,4.037122969837587,0.0,FW,MF,attack,0
Wesley Saïd,fr FRA,FW,Lens,fr Ligue 1,29.0,1995.0,24,11,905,10.1,3,0,3,3,0,0,3.2,3.2,1.0,4.2,0.42,17,7,41.2,1.69,0.7,0.18,0.43,0.19,193,248,77.8,2430,495,1.0,9,11,12,0,8,0,2,1,24,27,2.69,0,0.0,16,11,3,10,3,46.2,2,18,2,3,0,325,3,41,9,47.4,185,16,8,18,9,239,53,4,0,0,22,2,0,0,0,17,10,38.5,0.2983425414364641,0.0,0.2983425414364641,0.2983425414364641,0.318232044198895,0.318232044198895,0.0994475138121547,0.4176795580110497,0.0417679558011049,1.6906077348066295,0.6961325966850829,19.19337016574585,24.662983425414364,241.65745856353595,49.226519337016576,0.0994475138121547,0.8950276243093922,1.0939226519337018,1.1933701657458564,0.0,0.7955801104972376,0.0,0.1988950276243094,0.0994475138121547,2.386740331491713,1.5911602209944753,1.0939226519337018,0.2983425414364641,0.9944751381215468,0.2983425414364641,0.1988950276243094,1.7900552486187844,0.1988950276243094,0.2983425414364641,32.32044198895028,0.2983425414364641,4.077348066298343,0.8950276243093922,18.39779005524862,1.5911602209944753,0.7955801104972376,1.7900552486187844,0.8950276243093922,23.76795580110497,5.270718232044199,0.3977900552486188,0.0,2.1878453038674035,0.1988950276243094,0.0,0.0,0.0,1.6906077348066295,0.9944751381215468,FW,,attack,1
Bukayo Saka,eng ENG,"FW,MF",Arsenal,eng Premier League,22.0,2001.0,25,20,1729,19.2,6,10,16,5,1,1,6.8,6.0,7.6,13.7,0.75,66,22,33.3,3.44,1.15,0.08,0.23,0.09,552,731,75.5,8408,2487,7.8,58,15,38,12,117,64,4,2,70,117,6.09,23,1.2,29,15,9,11,9,54.2,3,32,8,21,0,979,6,162,41,45.6,628,96,51,34,40,711,255,3,0,0,15,4,1,0,0,70,10,33.3,0.3123192596876807,0.5205320994794679,0.8328513591671486,0.2602660497397339,0.3539618276460382,0.3123192596876807,0.3956043956043956,0.713128976286871,0.03903990746096,3.435511856564488,1.1451706188548294,28.73337189126663,38.0508964719491,437.6633892423366,129.45633314054365,0.406015037593985,3.019086176980914,0.7807981492192019,1.978021978021978,0.6246385193753615,6.090225563909774,3.3314054366685943,0.2082128397917871,0.1041064198958935,3.643724696356276,1.509543088490457,0.7807981492192019,0.4684788895315211,0.5725853094274147,0.4684788895315211,0.1561596298438403,1.6657027183342972,0.4164256795835743,1.0931174089068827,50.96009253903991,0.3123192596876807,8.43262001156738,2.1341816078658185,32.689415847310585,4.997108155002892,2.6547137073452864,1.7698091382301908,2.0821283979178715,37.00983227299017,13.273568536726431,0.1561596298438403,0.0,0.7807981492192019,0.2082128397917871,0.0520532099479467,0.0,0.0,3.643724696356276,0.5205320994794679,FW,MF,attack,2
Mohamed Salah,eg EGY,FW,Liverpool,eng Premier League,32.0,1992.0,38,38,3371,37.5,29,18,47,20,9,9,25.2,18.2,14.2,32.4,1.05,121,50,41.3,3.23,1.33,0.17,0.4,0.15,892,1263,70.6,13343,3919,9.1,88,53,93,15,79,0,19,3,144,169,4.51,27,0.72,21,11,7,5,9,47.1,9,30,5,62,0,1695,11,356,58,42.3,1149,154,126,116,67,1407,488,1,0,0,25,5,0,0,0,101,9,39.1,0.7742509641056067,0.4805695639276179,1.2548205280332243,0.5339661821417977,0.6727973894986651,0.4859092257490359,0.3791159893206763,0.8650252150697123,0.0280332245624443,3.230495401957876,1.3349154553544942,23.814891723524177,33.71996440225452,356.23553841590035,104.63067339068526,0.2429546128745179,2.3494512014239097,1.415010382675764,2.4829427469593592,0.4004746366063482,2.1091664194601005,0.0,0.5072678730347079,0.0800949273212696,3.8445565114209432,0.5606644912488876,0.2936814001779887,0.1868881637496291,0.1334915455354494,0.2402847819638089,0.2402847819638089,0.8009492732126965,0.1334915455354494,1.6552951646395726,45.25363393651735,0.2936814001779887,9.504598042123998,1.5485019282112134,30.67635716404628,4.111539602491842,3.3639869474933253,3.0970038564224267,1.7887867101750223,37.564520913675466,13.028774844259864,0.0266983091070898,0.0,0.6674577276772471,0.1334915455354494,0.0,0.0,0.0,2.696529219816078,0.2402847819638089,FW,,attack,2
Mama Samba Baldé,gw GNB,FW,Brest,fr Ligue 1,28.0,1995.0,27,12,1149,12.8,2,3,5,2,0,0,3.0,3.0,2.1,5.1,0.4,29,8,27.6,2.27,0.63,0.07,0.25,0.1,183,253,72.3,2828,595,1.3,16,13,5,2,10,0,1,3,22,42,3.29,5,0.39,13,9,4,4,5,21.4,6,19,14,11,0,434,13,62,17,30.9,257,35,23,37,19,311,100,4,0,0,19,5,0,0,0,37,35,41.7,0.1566579634464752,0.2349869451697128,0.3916449086161879,0.1566579634464752,0.2349869451697128,0.2349869451697128,0.1644908616187989,0.3994778067885117,0.031331592689295,2.2715404699738904,0.6266318537859008,14.33420365535248,19.817232375979117,221.51436031331596,46.60574412532637,0.1018276762402088,1.2532637075718016,1.0182767624020888,0.3916449086161879,0.1566579634464752,0.7832898172323759,0.0,0.0783289817232376,0.2349869451697128,1.723237597911227,1.0182767624020888,0.7049608355091384,0.3133159268929504,0.3133159268929504,0.3916449086161879,0.4699738903394256,1.4882506527415145,1.0966057441253263,0.8616187989556136,33.994778067885115,1.0182767624020888,4.856396866840731,1.3315926892950392,20.13054830287206,2.741514360313316,1.8015665796344649,2.898172323759791,1.4882506527415145,24.36031331592689,7.832898172323759,0.3133159268929504,0.0,1.4882506527415145,0.3916449086161879,0.0,0.0,0.0,2.898172323759791,2.741514360313316,FW,,attack,3
Antonio Sanabria,py PAR,FW,Torino,it Serie A,28.0,1996.0,26,16,1318,14.6,2,1,3,2,0,1,2.9,2.1,0.5,2.6,0.23,18,4,22.2,1.23,0.27,0.11,0.5,0.12,210,268,78.4,2844,451,0.7,9,13,3,0,0,0,2,1,18,21,1.44,3,0.21,3,3,1,1,1,25.0,1,4,13,2,0,377,16,34,6,54.5,227,6,1,32,23,301,54,2,0,0,16,3,1,0,0,24,26,31.0,0.1365705614567526,0.0682852807283763,0.2048558421851289,0.1365705614567526,0.1980273141122913,0.1433990895295903,0.0341426403641881,0.1775417298937784,0.0157056145675265,1.229135053110774,0.2731411229135053,14.339908952959028,18.30045523520485,194.20333839150223,30.796661608497725,0.0477996965098634,0.6145675265553869,0.8877086494688922,0.2048558421851289,0.0,0.0,0.0,0.1365705614567526,0.0682852807283763,1.229135053110774,0.2048558421851289,0.2048558421851289,0.0682852807283763,0.0682852807283763,0.0682852807283763,0.0682852807283763,0.2731411229135053,0.8877086494688922,0.1365705614567526,25.74355083459788,1.0925644916540214,2.3216995447647952,0.4097116843702579,15.500758725341427,0.4097116843702579,0.0682852807283763,2.1851289833080427,1.5705614567526556,20.553869499241276,3.687405159332322,0.1365705614567526,0.0,1.0925644916540214,0.2048558421851289,0.0682852807283763,0.0,0.0,1.6388467374810318,1.7754172989377843,FW,,attack,3
Jadon Sancho,eng ENG,FW,Chelsea,eng Premier League,24.0,2000.0,31,19,1764,19.6,3,4,7,3,0,0,2.2,2.2,3.7,5.8,0.3,24,8,33.3,1.22,0.41,0.13,0.38,0.09,663,803,82.6,8932,2093,3.1,38,28,48,0,25,1,7,1,90,70,3.57,10,0.51,13,7,3,3,7,41.7,2,15,8,24,2,975,13,121,45,46.4,653,102,57,30,21,760,225,2,0,0,6,3,2,0,0,99,6,35.3,0.1530612244897959,0.2040816326530612,0.3571428571428571,0.1530612244897959,0.1122448979591836,0.1122448979591836,0.1887755102040816,0.2959183673469387,0.0153061224489795,1.2244897959183674,0.4081632653061224,33.826530612244895,40.96938775510204,455.71428571428567,106.78571428571428,0.1581632653061224,1.9387755102040816,1.4285714285714284,2.4489795918367347,0.0,1.2755102040816326,0.0510204081632653,0.3571428571428571,0.0510204081632653,4.591836734693878,0.6632653061224489,0.3571428571428571,0.1530612244897959,0.1530612244897959,0.3571428571428571,0.1020408163265306,0.7653061224489797,0.4081632653061224,1.2244897959183674,49.74489795918368,0.6632653061224489,6.173469387755103,2.295918367346939,33.316326530612244,5.204081632653061,2.9081632653061225,1.530612244897959,1.0714285714285714,38.775510204081634,11.479591836734697,0.1020408163265306,0.0,0.3061224489795918,0.1530612244897959,0.1020408163265306,0.0,0.0,5.051020408163265,0.3061224489795918,FW,,attack,0
Leroy Sané,de GER,FW,Bayern Munich,de Bundesliga,28.0,1996.0,30,17,1637,18.2,11,5,16,11,0,0,10.2,10.2,5.5,15.8,0.87,67,29,43.3,3.68,1.59,0.16,0.38,0.15,750,909,82.5,10629,1878,6.1,36,24,35,7,51,15,5,2,64,76,4.18,9,0.49,23,15,4,8,11,52.2,7,30,3,28,0,1184,8,121,39,39.0,787,75,38,65,27,953,266,2,0,0,16,5,1,0,0,82,7,53.8,0.6047648136835675,0.2748930971288943,0.8796579108124618,0.6047648136835675,0.5607819181429443,0.5607819181429443,0.3023824068417837,0.8686621869273061,0.0478313989004276,3.683567501527184,1.594379963347587,41.23396456933415,49.97556505803298,584.3677458766035,103.2498472816127,0.335369578497251,1.979230299328039,1.3194868662186927,1.92425167990226,0.384850335980452,2.803909590714722,0.8246792913866829,0.2748930971288943,0.1099572388515577,3.5186316432498472,1.2645082467929138,0.8246792913866829,0.2199144777031154,0.4398289554062309,0.6047648136835675,0.384850335980452,1.649358582773366,0.1649358582773366,1.5394013439218082,65.09468540012217,0.4398289554062309,6.652412950519243,2.144166157605376,43.26817348808797,4.123396456933415,2.089187538179597,3.573610262675626,1.484422724496029,52.39462431276726,14.624312767257177,0.1099572388515577,0.0,0.8796579108124618,0.2748930971288943,0.0549786194257788,0.0,0.0,4.508246792913867,0.384850335980452,FW,,attack,2
Amin Sarr,se SWE,FW,Hellas Verona,it Serie A,23.0,2001.0,32,25,1907,21.2,4,1,5,4,0,0,3.2,3.2,2.1,5.4,0.25,23,7,30.4,1.09,0.33,0.17,0.57,0.15,322,460,70.0,4253,808,1.0,22,26,16,2,7,0,1,1,41,45,2.13,4,0.19,22,12,3,8,11,50.0,3,25,14,16,0,681,21,58,14,42.4,345,31,11,57,26,495,103,1,0,0,47,2,0,1,0,42,65,41.7,0.1887781856318825,0.0471945464079706,0.2359727320398531,0.1887781856318825,0.151022548505506,0.151022548505506,0.0991085474567383,0.2548505506030414,0.0117986366019926,1.0854745673833246,0.3303618248557944,15.196643943366544,21.709491347666493,200.71840587309916,38.13319349764027,0.0471945464079706,1.038280020975354,1.2270582066072364,0.7551127425275301,0.0943890928159412,0.3303618248557944,0.0,0.0471945464079706,0.0471945464079706,1.934976402726796,1.038280020975354,0.5663345568956476,0.1415836392239119,0.377556371263765,0.519140010487677,0.1415836392239119,1.1798636601992658,0.6607236497115889,0.7551127425275301,32.139486103828006,0.9910854745673832,2.737283691662297,0.6607236497115889,16.282118510749868,1.4630309386470897,0.519140010487677,2.6900891452543263,1.2270582066072364,23.361300471945466,4.861038280020975,0.0471945464079706,0.0,2.21814368117462,0.0943890928159412,0.0,0.0471945464079706,0.0,1.9821709491347663,3.067645516518092,FW,,attack,3
Sávio,br BRA,"FW,MF",Manchester City,eng Premier League,20.0,2004.0,29,21,1766,19.6,1,8,9,1,0,0,5.0,5.0,6.9,11.9,0.61,55,21,38.2,2.8,1.07,0.02,0.05,0.09,692,856,80.8,10296,1727,6.1,46,19,47,8,84,18,5,7,67,111,5.66,15,0.76,23,17,5,10,8,52.6,6,29,9,33,1,1095,14,154,52,46.0,783,137,75,42,38,852,246,3,0,0,17,7,2,0,0,79,1,33.3,0.0509626274065685,0.4077010192525481,0.4586636466591166,0.0509626274065685,0.2548131370328426,0.2548131370328426,0.3516421291053228,0.6064552661381654,0.0310872027180067,2.8029445073612687,1.0702151755379388,35.26613816534542,43.62400906002265,524.7112117780295,88.01245753114382,0.3108720271800679,2.344280860702152,0.9682899207248018,2.3952434881087203,0.4077010192525481,4.280860702151755,0.9173272933182332,0.2548131370328426,0.3567383918459796,3.4144960362400902,1.1721404303510758,0.8663646659116648,0.2548131370328426,0.5096262740656852,0.4077010192525481,0.3057757644394111,1.4779161947904869,0.4586636466591166,1.681766704416761,55.80407701019253,0.7134767836919592,7.848244620611552,2.6500566251415627,39.903737259343146,6.981879954699886,3.822197055492639,2.140430351075877,1.936579841449604,43.42015855039638,12.536806342015854,0.1528878822197055,0.0,0.8663646659116648,0.3567383918459796,0.101925254813137,0.0,0.0,4.026047565118913,0.0509626274065685,FW,MF,attack,2
Kevin Schade,de GER,FW,Brentford,eng Premier League,22.0,2001.0,38,26,2293,25.5,11,2,13,11,0,0,8.2,8.2,3.7,11.9,0.47,55,27,49.1,2.16,1.06,0.2,0.41,0.15,323,541,59.7,4930,1389,1.8,23,32,11,3,38,0,1,4,38,57,2.24,9,0.35,39,25,17,10,12,56.5,5,44,34,20,0,883,43,146,30,33.7,434,61,38,60,36,543,165,3,0,0,21,5,1,0,0,83,90,52.9,0.4317488006977759,0.0784997819450501,0.510248582642826,0.4317488006977759,0.3218491059747056,0.3218491059747056,0.1452245965983428,0.4670737025730484,0.0184474487570867,2.1587440034888794,1.059747056258177,12.6777147841256,21.234191016136062,193.50196249454865,54.51809856083734,0.0706498037505451,0.9027474923680768,1.2559965111208025,0.4317488006977759,0.1177496729175752,1.4914958569559529,0.0,0.039249890972525,0.1569995638901003,1.4914958569559529,1.530745747928478,0.9812472743131267,0.6672481465329263,0.3924989097252507,0.4709986916703009,0.1962494548626253,1.7269952027911035,1.3344962930658526,0.7849978194505015,34.657653728739646,1.687745311818578,5.730484081988662,1.1774967291757523,17.034452682075884,2.3942433493240296,1.4914958569559529,2.3549934583515046,1.4129960750109027,21.31269079808112,6.476232010466639,0.1177496729175752,0.0,0.8242477104230266,0.1962494548626253,0.039249890972525,0.0,0.0,3.257740950719581,3.532490187527257,FW,,attack,1
Patrik Schick,cz CZE,FW,Leverkusen,de Bundesliga,28.0,1996.0,31,19,1684,18.7,21,0,21,20,1,1,12.7,11.9,0.6,12.5,0.71,68,32,47.1,3.63,1.71,0.29,0.63,0.17,287,368,78.0,3565,473,0.9,11,11,6,0,1,0,0,0,21,34,1.82,3,0.16,6,5,1,3,2,20.0,4,10,17,9,1,578,16,108,10,38.5,312,7,7,43,30,452,107,4,0,0,24,5,1,0,0,29,45,45.0,1.1223277909738718,0.0,1.1223277909738718,1.0688836104513064,0.6787410926365796,0.6359857482185274,0.0320665083135391,0.6680522565320665,0.0379453681710213,3.634204275534442,1.7102137767220904,15.338479809976247,19.66745843230404,190.52850356294536,25.2790973871734,0.0480997624703087,0.5878859857482185,0.5878859857482185,0.3206650831353919,0.0,0.0534441805225653,0.0,0.0,0.0,1.1223277909738718,0.3206650831353919,0.2672209026128266,0.0534441805225653,0.1603325415676959,0.1068883610451306,0.2137767220902613,0.5344418052256532,0.9085510688836104,0.4809976247030878,30.890736342042757,0.8551068883610452,5.771971496437055,0.5344418052256532,16.67458432304038,0.3741092636579572,0.3741092636579572,2.298099762470309,1.6033254156769596,24.156769596199524,5.71852731591449,0.2137767220902613,0.0,1.2826603325415675,0.2672209026128266,0.0534441805225653,0.0,0.0,1.5498812351543942,2.404988123515439,FW,,attack,4
Léo Scienza,br BRA,"FW,MF",Heidenheim,de Bundesliga,25.0,1998.0,25,13,1153,12.8,3,3,6,3,0,0,2.0,2.0,3.7,5.8,0.45,38,15,39.5,2.97,1.17,0.08,0.2,0.05,262,395,66.3,4508,1847,4.1,34,30,14,8,81,31,1,1,30,82,6.39,7,0.55,17,12,10,5,2,38.9,5,22,9,13,1,584,8,44,37,44.6,368,70,17,41,13,369,90,1,0,0,16,18,0,0,0,53,3,18.8,0.2341717259323504,0.2341717259323504,0.4683434518647008,0.2341717259323504,0.1561144839549002,0.1561144839549002,0.2888117953165655,0.4527320034692107,0.0351257588898525,2.966175195143105,1.170858629661752,20.450997398091936,30.8326105810928,351.8820468343452,144.17172593235037,0.3200346921075455,2.6539462272333045,2.341717259323504,1.092801387684302,0.6244579358196011,6.32263660017346,2.419774501300954,0.0780572419774501,0.0780572419774501,2.341717259323504,1.3269731136166525,0.9366869037294016,0.7805724197745012,0.3902862098872506,0.1561144839549002,0.3902862098872506,1.717259323503903,0.7025151777970512,1.0147441457068516,45.58542931483088,0.6244579358196011,3.434518647007806,2.8881179531656547,28.725065047701648,5.464006938421509,1.3269731136166525,3.200346921075455,1.0147441457068516,28.8031222896791,7.025151777970512,0.0780572419774501,0.0,1.248915871639202,1.4050303555941024,0.0,0.0,0.0,4.137033824804857,0.2341717259323504,FW,MF,attack,0
Antoine Semenyo,gh GHA,FW,Bournemouth,eng Premier League,24.0,2000.0,37,36,3203,35.6,11,5,16,11,0,0,10.0,10.0,5.8,15.8,0.44,125,40,32.0,3.51,1.12,0.09,0.28,0.08,821,1119,73.4,11674,2915,4.3,46,49,45,8,59,3,9,6,109,132,3.71,13,0.37,55,35,17,25,13,37.2,11,66,39,40,2,1653,46,191,69,51.1,979,140,67,84,77,1140,282,9,0,0,73,5,1,0,0,158,66,46.5,0.3090852325944427,0.1404932875429285,0.4495785201373712,0.3090852325944427,0.280986575085857,0.280986575085857,0.162972213549797,0.4439587886356541,0.0123634093037777,3.5123321885732124,1.123946300343428,23.06899781454886,31.4423977521074,328.02372775522946,81.90758663752732,0.1208242272869185,1.2925382453949423,1.3768342179206994,1.2644395878863566,0.2247892600686856,1.6578207930065565,0.0842959725257571,0.2528879175772713,0.1685919450515142,3.0627536684358416,1.5454261629722137,0.9834530128004996,0.4776771776459569,0.7024664377146426,0.3652825476116141,0.3090852325944427,1.854511395566656,1.0958476428348425,1.123946300343428,46.44708086169216,1.2925382453949423,5.366843584139868,1.9388073680924132,27.5085857009054,3.933812051201998,1.882610053075242,2.360287230721199,2.163596628161099,32.0324695597877,7.923821417421167,0.2528879175772713,0.0,2.051201998126756,0.1404932875429285,0.0280986575085857,0.0,0.0,4.439587886356541,1.854511395566656,FW,,attack,0
Benjamin Šeško,si SVN,"FW,MF",RB Leipzig,de Bundesliga,21.0,2003.0,33,30,2380,26.4,13,5,18,11,2,2,10.0,8.4,2.1,10.5,0.46,66,29,43.9,2.5,1.1,0.17,0.38,0.13,415,614,67.6,5132,1145,1.7,19,25,9,0,7,0,3,1,46,51,1.93,9,0.34,7,3,0,4,3,27.3,5,12,20,26,0,901,25,91,39,52.0,444,47,14,66,55,692,141,2,1,1,26,2,0,0,0,62,70,58.8,0.4915966386554621,0.1890756302521008,0.680672268907563,0.4159663865546218,0.3781512605042016,0.3176470588235294,0.0794117647058823,0.3970588235294117,0.0173949579831932,2.495798319327731,1.096638655462185,15.693277310924367,23.218487394957982,194.0672268907563,43.29831932773109,0.0642857142857142,0.7184873949579831,0.9453781512605044,0.3403361344537815,0.0,0.2647058823529412,0.0,0.1134453781512605,0.0378151260504201,1.7394957983193278,0.2647058823529412,0.1134453781512605,0.0,0.1512605042016807,0.1134453781512605,0.1890756302521008,0.453781512605042,0.7563025210084033,0.9831932773109244,34.07142857142857,0.9453781512605044,3.4411764705882355,1.4747899159663866,16.789915966386555,1.7773109243697478,0.5294117647058824,2.495798319327731,2.0798319327731094,26.16806722689076,5.331932773109243,0.0756302521008403,0.0378151260504201,0.9831932773109244,0.0756302521008403,0.0,0.0,0.0,2.3445378151260505,2.647058823529412,FW,MF,attack,1
Eldor Shomurodov,uz UZB,"FW,MF",Roma,it Serie A,29.0,1995.0,27,11,1097,12.2,4,4,8,4,0,0,4.7,4.7,1.3,6.1,0.5,29,13,44.8,2.38,1.07,0.14,0.31,0.16,215,286,75.2,2887,467,1.4,17,10,6,0,6,0,1,2,21,32,2.62,7,0.57,14,6,2,7,5,50.0,3,17,5,14,0,446,5,52,8,28.6,246,19,9,49,19,333,62,1,0,0,14,0,0,0,0,36,26,40.6,0.3281677301731996,0.3281677301731996,0.6563354603463992,0.3281677301731996,0.3855970829535096,0.3855970829535096,0.1066545123062898,0.5004557885141294,0.0410209662716499,2.3792160437556973,1.0665451230628988,17.63901549680948,23.46399270738377,236.85505925250683,38.31358249772106,0.1148587055606198,1.3947128532360984,0.820419325432999,0.4922515952597995,0.0,0.4922515952597995,0.0,0.0820419325432999,0.1640838650865998,1.722880583409298,1.1485870556061988,0.4922515952597995,0.1640838650865998,0.5742935278030994,0.4102096627164995,0.2461257976298997,1.3947128532360984,0.4102096627164995,1.1485870556061988,36.59070191431176,0.4102096627164995,4.266180492251595,0.6563354603463992,20.182315405651774,1.5587967183226985,0.7383773928896992,4.020054694621695,1.5587967183226985,27.319963536918863,5.086599817684594,0.0820419325432999,0.0,1.1485870556061988,0.0,0.0,0.0,0.0,2.9535095715587967,2.1330902461257977,FW,MF,attack,1
Fábio Silva,pt POR,FW,Las Palmas,es La Liga,22.0,2002.0,24,22,1866,20.7,10,3,13,8,2,3,8.8,6.4,2.0,8.4,0.52,46,20,43.5,2.22,0.96,0.17,0.4,0.14,309,466,66.3,4149,710,1.8,16,13,14,3,21,0,3,3,26,43,2.08,5,0.24,12,7,4,5,3,28.6,4,16,27,24,0,706,32,101,21,39.6,330,30,21,58,30,491,119,7,0,0,39,5,0,0,0,48,51,49.5,0.4823151125401929,0.1446945337620578,0.6270096463022509,0.3858520900321543,0.4244372990353698,0.3086816720257235,0.0964630225080385,0.405144694533762,0.02508038585209,2.2186495176848875,0.964630225080386,14.903536977491962,22.475884244372992,200.11254019292605,34.244372990353696,0.0868167202572347,0.7717041800643086,0.6270096463022509,0.6752411575562701,0.1446945337620578,1.0128617363344052,0.0,0.1446945337620578,0.1446945337620578,1.2540192926045015,0.5787781350482315,0.337620578778135,0.1929260450160771,0.2411575562700964,0.1446945337620578,0.1929260450160771,0.7717041800643086,1.3022508038585208,1.157556270096463,34.05144694533762,1.5434083601286173,4.871382636655948,1.0128617363344052,15.916398713826368,1.4469453376205788,1.0128617363344052,2.797427652733119,1.4469453376205788,23.681672025723472,5.739549839228296,0.337620578778135,0.0,1.8810289389067525,0.2411575562700964,0.0,0.0,0.0,2.315112540192926,2.459807073954984,FW,,attack,1
Abdallah Sima,sn SEN,"FW,MF",Brest,fr Ligue 1,23.0,2001.0,27,14,1238,13.8,7,2,9,7,0,0,5.9,5.9,1.0,6.9,0.5,37,18,48.6,2.69,1.31,0.19,0.39,0.16,231,332,69.6,3140,660,0.9,13,13,6,1,16,0,0,1,24,28,2.04,3,0.22,15,11,2,5,8,36.4,1,16,9,15,0,510,10,66,6,26.1,299,36,20,53,22,378,92,2,0,0,16,3,0,0,0,61,41,48.2,0.5088852988691438,0.1453957996768982,0.654281098546042,0.5088852988691438,0.4289176090468498,0.4289176090468498,0.0726978998384491,0.5016155088852989,0.0363489499192245,2.6898222940226173,1.308562197092084,16.793214862681744,24.135702746365105,228.2714054927302,47.980613893376415,0.0654281098546042,0.9450726978998384,0.9450726978998384,0.4361873990306946,0.0726978998384491,1.1631663974151858,0.0,0.0,0.0726978998384491,1.7447495961227786,1.0904684975767367,0.7996768982229403,0.1453957996768982,0.3634894991922455,0.5815831987075929,0.0726978998384491,1.1631663974151858,0.654281098546042,1.0904684975767367,37.07592891760905,0.7269789983844911,4.798061389337641,0.4361873990306946,21.736672051696285,2.617124394184168,1.4539579967689822,3.852988691437803,1.5993537964458806,27.479806138933768,6.688206785137318,0.1453957996768982,0.0,1.1631663974151858,0.2180936995153473,0.0,0.0,0.0,4.434571890145396,2.980613893376413,FW,MF,attack,1
Moses Simon,ng NGA,"FW,MF",Nantes,fr Ligue 1,29.0,1995.0,32,31,2609,29.0,8,10,18,4,4,4,5.8,2.7,6.7,9.4,0.43,40,13,32.5,1.38,0.45,0.1,0.31,0.07,505,815,62.0,8898,2519,5.7,56,27,41,24,222,67,5,1,59,108,3.73,15,0.52,20,14,4,7,9,31.8,12,32,13,48,0,1131,10,129,65,44.2,731,147,60,67,55,778,222,2,0,0,11,6,1,0,0,118,10,20.8,0.2759678037562285,0.3449597546952855,0.6209275584515139,0.1379839018781142,0.2000766577232656,0.0931391337677271,0.2311230356458413,0.3242621694135684,0.0148332694518972,1.3798390187811422,0.4484476811038712,17.42046761211192,28.11422000766577,306.9451897278651,86.89536220774244,0.1966270601763127,1.931774626293599,0.931391337677271,1.4143349942506709,0.8279034112686853,7.6581065542353395,2.311230356458413,0.1724798773476427,0.0344959754695285,2.035262552702185,0.6899195093905711,0.4829436565733997,0.1379839018781142,0.2414718282866998,0.3104637792257569,0.4139517056343426,1.103871215024914,0.4484476811038712,1.6558068225373703,39.0149482560368,0.3449597546952855,4.449980835569184,2.2422384055193563,25.21655806822537,5.070908394020697,2.069758528171713,2.311230356458413,1.8972786508240709,26.837868915293217,7.6581065542353395,0.0689919509390571,0.0,0.3794557301648141,0.2069758528171713,0.0344959754695285,0.0,0.0,4.07052510540437,0.3449597546952855,FW,MF,attack,0
Danel Sinani,lu LUX,"FW,MF",St. Pauli,de Bundesliga,27.0,1997.0,26,14,1250,13.9,2,2,4,2,0,0,1.7,1.7,3.0,4.6,0.33,35,12,34.3,2.52,0.86,0.06,0.17,0.05,390,546,71.4,6196,2012,2.5,24,45,16,3,67,54,5,2,60,60,4.32,4,0.29,14,11,2,7,5,42.9,1,15,13,12,0,693,11,30,10,45.5,297,16,6,31,16,433,64,3,0,0,25,3,0,0,0,52,10,23.8,0.144,0.144,0.288,0.144,0.1224,0.1224,0.2159999999999999,0.3312,0.02376,2.52,0.8639999999999999,28.08,39.312000000000005,446.112,144.864,0.18,1.7279999999999998,3.24,1.152,0.2159999999999999,4.824,3.888,0.36,0.144,4.32,1.008,0.792,0.144,0.504,0.36,0.072,1.08,0.936,0.8639999999999999,49.896,0.792,2.16,0.72,21.384,1.152,0.4319999999999999,2.232,1.152,31.176,4.6080000000000005,0.2159999999999999,0.0,1.8,0.2159999999999999,0.0,0.0,0.0,3.744,0.72,FW,MF,attack,3
Lassine Sinayoko,ml MLI,"FW,MF",Auxerre,fr Ligue 1,24.0,1999.0,34,25,2299,25.5,5,8,13,4,1,1,6.5,5.7,5.5,11.3,0.47,60,16,26.7,2.35,0.63,0.07,0.25,0.1,528,688,76.7,7014,1529,3.4,37,28,17,3,25,1,5,0,62,96,3.76,20,0.78,33,20,10,14,9,47.8,13,46,38,26,0,993,35,127,28,38.4,576,53,28,51,43,690,193,5,0,0,36,5,2,0,0,76,27,29.7,0.19573727707699,0.313179643323184,0.508916920400174,0.156589821661592,0.254458460200087,0.2231404958677686,0.2153110047846889,0.4423662461939974,0.018399304045237,2.34884732492388,0.626359286646368,20.669856459330145,26.933449325793823,274.5802522836016,59.85645933014354,0.1331013484123532,1.448455850369726,1.096128751631144,0.665506742061766,0.117442366246194,0.97868638538495,0.039147455415398,0.19573727707699,0.0,2.427142235754676,1.291866028708134,0.78294910830796,0.39147455415398,0.548064375815572,0.352327098738582,0.508916920400174,1.800782949108308,1.487603305785124,1.017833840800348,38.87342322749021,1.3701609395389298,4.971726837755546,1.096128751631144,22.548934319269247,2.0748151370160937,1.096128751631144,1.996520226185298,1.683340582862114,27.01174423662462,7.555458895171814,0.19573727707699,0.0,1.409308394954328,0.19573727707699,0.078294910830796,0.0,0.0,2.975206611570248,1.056981296215746,FW,MF,attack,3
Tim Skarke,de GER,"FW,MF",Union Berlin,de Bundesliga,27.0,1996.0,33,11,1164,12.9,0,2,2,0,0,0,2.1,2.1,1.2,3.3,0.25,20,9,45.0,1.55,0.7,0.0,0.0,0.1,243,347,70.0,3324,789,1.2,16,12,15,9,29,0,0,2,25,34,2.63,4,0.31,14,11,5,8,1,52.6,5,19,17,15,0,487,10,31,10,41.7,293,26,10,34,21,336,96,1,0,0,10,3,0,0,0,56,10,20.0,0.0,0.1546391752577319,0.1546391752577319,0.0,0.1623711340206185,0.1623711340206185,0.0927835051546391,0.2551546391752577,0.0193298969072164,1.5463917525773196,0.6958762886597938,18.788659793814432,26.829896907216494,257.0103092783505,61.00515463917526,0.0927835051546391,1.2371134020618555,0.9278350515463918,1.1597938144329896,0.6958762886597938,2.242268041237113,0.0,0.0,0.1546391752577319,1.9329896907216493,1.082474226804124,0.8505154639175257,0.3865979381443299,0.6185567010309279,0.0773195876288659,0.3865979381443299,1.4690721649484535,1.3144329896907216,1.1597938144329896,37.654639175257735,0.7731958762886598,2.3969072164948453,0.7731958762886598,22.65463917525773,2.0103092783505154,0.7731958762886598,2.6288659793814437,1.6237113402061851,25.97938144329897,7.422680412371134,0.0773195876288659,0.0,0.7731958762886598,0.2319587628865979,0.0,0.0,0.0,4.329896907216496,0.7731958762886598,FW,MF,attack,3
Dominic Solanke,eng ENG,FW,Tottenham,eng Premier League,26.0,1997.0,27,25,2201,24.5,9,3,12,8,1,1,10.9,10.1,2.9,13.1,0.57,59,24,40.7,2.41,0.98,0.14,0.33,0.17,255,361,70.6,3429,944,1.2,14,28,9,0,4,0,3,1,47,37,1.51,8,0.33,18,11,1,12,5,25.0,1,19,23,15,0,655,33,112,17,33.3,385,31,14,69,51,459,88,0,0,0,36,2,0,0,1,38,46,43.4,0.3680145388459791,0.1226715129486597,0.4906860517946388,0.3271240345297592,0.4457064970467969,0.412994093593821,0.1185824625170377,0.5356656065424807,0.0233075874602453,2.412539754656974,0.9813721035892776,10.427078600636076,14.761472058155384,140.21353930031805,38.600636074511584,0.0490686051794638,0.5724670604270786,1.1449341208541572,0.3680145388459791,0.0,0.1635620172648796,0.0,0.1226715129486597,0.0408905043162199,1.9218537028623357,0.7360290776919582,0.4497955474784189,0.0408905043162199,0.4906860517946388,0.2044525215810995,0.0408905043162199,0.776919582008178,0.9404815992730576,0.6133575647432985,26.78328032712404,1.3493866424352567,4.579736483416629,0.6951385733757383,15.74284416174466,1.267605633802817,0.5724670604270786,2.821444797819173,2.085415720127215,18.768741481144936,3.598364379827351,0.0,0.0,1.4720581553839165,0.0817810086324398,0.0,0.0,0.0408905043162199,1.553839164016356,1.8809631985461155,FW,,attack,1
Florian Sotoca,fr FRA,"FW,MF",Lens,fr Ligue 1,33.0,1990.0,31,22,1794,19.9,1,1,2,1,0,0,4.6,4.6,1.5,6.1,0.31,47,18,38.3,2.36,0.9,0.02,0.06,0.1,732,996,73.5,10828,2837,2.9,18,74,29,9,75,2,8,5,105,53,2.66,3,0.15,22,13,3,8,11,54.5,14,36,25,42,0,1186,25,89,16,41.0,679,44,7,20,22,932,170,2,1,0,15,3,0,0,0,79,43,62.3,0.0501672240802675,0.0501672240802675,0.1003344481605351,0.0501672240802675,0.2307692307692307,0.2307692307692307,0.0752508361204013,0.306020066889632,0.0155518394648829,2.3578595317725752,0.903010033444816,36.72240802675585,49.96655518394648,543.2107023411371,142.32441471571906,0.1454849498327759,0.903010033444816,3.712374581939799,1.4548494983277591,0.451505016722408,3.762541806020067,0.1003344481605351,0.4013377926421405,0.2508361204013378,5.2675585284280935,1.1036789297658862,0.6521739130434783,0.1505016722408027,0.4013377926421405,0.5518394648829431,0.7023411371237458,1.806020066889632,1.254180602006689,2.1070234113712374,59.49832775919733,1.254180602006689,4.464882943143813,0.802675585284281,34.063545150501675,2.2073578595317724,0.3511705685618729,1.0033444816053512,1.1036789297658862,46.75585284280936,8.528428093645484,0.1003344481605351,0.0501672240802675,0.7525083612040133,0.1505016722408027,0.0,0.0,0.0,3.963210702341138,2.157190635451505,FW,MF,attack,3
Issa Soumaré,sn SEN,"FW,MF",Le Havre,fr Ligue 1,23.0,2000.0,29,21,1902,21.1,5,4,9,5,0,0,3.8,3.8,3.1,6.9,0.33,43,19,44.2,2.03,0.9,0.12,0.26,0.09,339,554,61.2,5031,1198,1.9,28,17,16,4,42,0,1,4,45,52,2.46,9,0.43,25,14,8,10,7,26.5,16,41,32,21,0,839,30,87,16,28.1,495,61,13,62,32,596,144,0,0,0,17,7,0,0,0,98,84,60.0,0.2365930599369085,0.1892744479495268,0.4258675078864353,0.2365930599369085,0.1798107255520504,0.1798107255520504,0.1466876971608832,0.3264984227129338,0.0156151419558359,2.034700315457413,0.8990536277602524,16.041009463722396,26.214511041009462,238.05993690851736,56.68769716088328,0.0899053627760252,1.3249211356466877,0.804416403785489,0.7570977917981072,0.1892744479495268,1.987381703470032,0.0,0.0473186119873817,0.1892744479495268,2.1293375394321767,1.1829652996845426,0.6624605678233438,0.3785488958990536,0.473186119873817,0.3312302839116719,0.7570977917981072,1.94006309148265,1.5141955835962144,0.9936908517350158,39.70031545741325,1.419558359621451,4.116719242902208,0.7570977917981072,23.422712933753942,2.886435331230284,0.6151419558359621,2.9337539432176656,1.5141955835962144,28.20189274447949,6.813880126182966,0.0,0.0,0.804416403785489,0.3312302839116719,0.0,0.0,0.0,4.637223974763407,3.9747634069400632,FW,MF,attack,1
Lucas Stassin,be BEL,FW,Saint-Étienne,fr Ligue 1,19.0,2004.0,28,23,1887,21.0,12,4,16,12,0,0,7.0,7.0,3.4,10.4,0.53,44,23,52.3,2.1,1.1,0.27,0.52,0.18,350,473,74.0,4654,669,3.1,18,13,12,1,19,0,5,1,35,34,1.7,8,0.4,16,11,3,5,8,30.0,3,19,8,23,0,655,9,85,15,41.7,326,26,13,57,20,455,149,4,0,0,32,2,1,0,0,34,15,34.1,0.5723370429252782,0.1907790143084261,0.7631160572337043,0.5723370429252782,0.3338632750397456,0.3338632750397456,0.1621621621621621,0.4960254372019078,0.0252782193958664,2.098569157392687,1.0969793322734498,16.69316375198728,22.55961844197138,221.97138314785371,31.907790143084263,0.1478537360890302,0.8585055643879173,0.6200317965023847,0.5723370429252782,0.0476947535771065,0.906200317965024,0.0,0.2384737678855326,0.0476947535771065,1.6693163751987283,0.7631160572337043,0.5246422893481717,0.1430842607313195,0.2384737678855326,0.3815580286168522,0.1430842607313195,0.906200317965024,0.3815580286168522,1.0969793322734498,31.24006359300477,0.4292527821939586,4.0540540540540535,0.7154213036565977,15.548489666136724,1.2400635930047694,0.6200317965023847,2.718600953895072,0.9538950715421304,21.701112877583466,7.106518282988871,0.1907790143084261,0.0,1.5262321144674087,0.095389507154213,0.0476947535771065,0.0,0.0,1.6216216216216215,0.7154213036565977,FW,,attack,1
Orri Steinn Óskarsson,is ISL,FW,Real Sociedad,es La Liga,19.0,2004.0,23,9,944,10.5,3,0,3,3,0,0,5.2,5.2,0.2,5.4,0.52,19,7,36.8,1.81,0.67,0.16,0.43,0.27,104,197,52.8,1158,178,0.5,5,4,3,1,7,0,0,0,9,10,0.95,0,0.0,6,6,2,1,3,25.0,2,8,11,9,0,285,9,37,2,25.0,122,6,5,17,11,207,50,1,0,0,7,1,0,0,0,15,31,36.0,0.2860169491525424,0.0,0.2860169491525424,0.2860169491525424,0.4957627118644068,0.4957627118644068,0.0190677966101694,0.5148305084745762,0.0495762711864406,1.8114406779661016,0.6673728813559322,9.915254237288137,18.781779661016948,110.40254237288136,16.970338983050848,0.0476694915254237,0.4766949152542372,0.3813559322033898,0.2860169491525424,0.0953389830508474,0.6673728813559322,0.0,0.0,0.0,0.8580508474576272,0.5720338983050848,0.5720338983050848,0.1906779661016949,0.0953389830508474,0.2860169491525424,0.1906779661016949,0.7627118644067796,1.048728813559322,0.8580508474576272,27.17161016949152,0.8580508474576272,3.527542372881356,0.1906779661016949,11.63135593220339,0.5720338983050848,0.4766949152542372,1.6207627118644068,1.048728813559322,19.735169491525426,4.766949152542373,0.0953389830508474,0.0,0.6673728813559322,0.0953389830508474,0.0,0.0,0.0,1.4300847457627115,2.955508474576272,FW,,attack,1
Jørgen Strand Larsen,no NOR,FW,Wolves,eng Premier League,24.0,2000.0,35,30,2587,28.7,14,4,18,14,0,0,10.3,10.3,3.0,13.3,0.46,54,33,61.1,1.88,1.15,0.26,0.42,0.19,295,457,64.6,3818,697,1.0,21,19,4,1,6,0,1,2,29,42,1.46,6,0.21,10,6,2,3,5,14.8,6,16,29,19,0,736,36,108,8,40.0,345,17,9,90,34,534,112,4,0,0,46,2,0,0,0,42,67,40.1,0.4870506378044066,0.1391573250869733,0.6262079628913799,0.4870506378044066,0.3583301120989564,0.3583301120989564,0.10436799381523,0.4626981059141863,0.0160030923850019,1.87862388867414,1.14804793196753,10.262852725164285,15.898724391186702,132.82566679551604,24.248163896405103,0.0347893312717433,0.73057595670661,0.6609972941631234,0.1391573250869733,0.0347893312717433,0.20873598763046,0.0,0.0347893312717433,0.0695786625434866,1.0088906068805563,0.3478933127174333,0.20873598763046,0.0695786625434866,0.10436799381523,0.1739466563587166,0.20873598763046,0.5566293003478933,1.0088906068805563,0.6609972941631234,25.604947816003094,1.2524159257827598,3.75724777734828,0.2783146501739466,12.002319288751448,0.5914186316196366,0.3131039814456899,3.1310398144569,1.1828372632392732,18.57750289911094,3.896405102435253,0.1391573250869733,0.0,1.6003092385001934,0.0695786625434866,0.0,0.0,0.0,1.46115191341322,2.330885195206803,FW,,attack,1
Gabriel Strefezza,br BRA,"FW,MF",Como,it Serie A,27.0,1997.0,37,32,2619,29.1,6,4,10,6,0,0,3.7,3.7,3.9,7.6,0.26,58,21,36.2,1.99,0.72,0.1,0.29,0.06,875,1158,75.6,13294,3416,4.1,57,67,29,9,123,63,8,10,106,111,3.82,4,0.14,57,39,20,20,17,38.2,13,70,26,41,0,1483,27,93,36,43.9,1033,80,33,49,53,1110,190,5,0,0,46,4,0,0,0,108,10,29.4,0.2061855670103093,0.1374570446735395,0.3436426116838488,0.2061855670103093,0.127147766323024,0.127147766323024,0.134020618556701,0.2611683848797251,0.00893470790378,1.9931271477663228,0.7216494845360824,30.06872852233677,39.79381443298969,456.8384879725086,117.38831615120274,0.1408934707903779,1.958762886597938,2.302405498281787,0.9965635738831614,0.3092783505154639,4.22680412371134,2.164948453608248,0.274914089347079,0.3436426116838488,3.642611683848797,1.958762886597938,1.3402061855670102,0.6872852233676976,0.6872852233676976,0.584192439862543,0.4467353951890034,2.405498281786941,0.8934707903780069,1.40893470790378,50.96219931271477,0.9278350515463918,3.1958762886597936,1.2371134020618555,35.49828178694158,2.7491408934707904,1.134020618556701,1.6838487972508591,1.8213058419243984,38.144329896907216,6.529209621993127,0.1718213058419244,0.0,1.5807560137457046,0.1374570446735395,0.0,0.0,0.0,3.711340206185567,0.3436426116838488,FW,MF,attack,3
Cristhian Stuani,uy URU,FW,Girona,es La Liga,37.0,1986.0,32,6,1078,12.0,11,2,13,8,3,3,8.1,5.8,0.6,6.5,0.73,31,16,51.6,2.59,1.34,0.26,0.5,0.19,107,154,69.5,1450,161,1.0,6,1,3,0,2,0,1,0,10,14,1.17,3,0.25,9,7,1,7,1,62.5,7,16,11,3,0,256,10,55,2,40.0,96,2,2,24,7,156,36,4,0,0,35,0,0,0,0,14,22,56.4,0.9183673469387754,0.1669758812615955,1.085343228200371,0.6679035250463822,0.6762523191094619,0.4842300556586271,0.0500927643784786,0.5426716141001855,0.0609461966604823,2.588126159554731,1.3358070500927643,8.933209647495362,12.857142857142856,121.05751391465677,13.441558441558442,0.0834879406307977,0.5009276437847866,0.0834879406307977,0.2504638218923933,0.0,0.1669758812615955,0.0,0.0834879406307977,0.0,0.8348794063079777,0.75139146567718,0.5844155844155845,0.0834879406307977,0.5844155844155845,0.0834879406307977,0.5844155844155845,1.3358070500927643,0.9183673469387754,0.2504638218923933,21.37291280148423,0.8348794063079777,4.591836734693878,0.1669758812615955,8.014842300556586,0.1669758812615955,0.1669758812615955,2.0037105751391464,0.5844155844155845,13.024118738404452,3.00556586270872,0.3339517625231911,0.0,2.922077922077922,0.0,0.0,0.0,0.0,1.168831168831169,1.8367346938775508,FW,,attack,4
Kamaldeen Sulemana,gh GHA,"FW,MF",Southampton,eng Premier League,22.0,2002.0,26,17,1402,15.6,1,1,2,1,0,0,1.5,1.5,1.0,2.5,0.16,29,8,27.6,1.86,0.51,0.03,0.13,0.05,285,357,79.8,4101,627,0.8,10,6,13,7,26,0,0,2,27,30,1.93,3,0.19,22,17,9,5,8,66.7,6,28,9,9,0,587,17,59,39,37.9,380,63,28,50,25,410,87,2,0,0,22,1,0,0,0,63,13,32.5,0.0641940085592011,0.0641940085592011,0.1283880171184022,0.0641940085592011,0.0962910128388017,0.0962910128388017,0.0641940085592011,0.1604850213980028,0.0102710413694721,1.861626248216833,0.5135520684736091,18.295292439372325,22.917261055634807,263.25962910128385,40.24964336661912,0.0513552068473609,0.6419400855920114,0.3851640513552068,0.834522111269615,0.4493580599144079,1.66904422253923,0.0,0.0,0.1283880171184022,1.733238231098431,1.412268188302425,1.0912981455064197,0.5777460770328102,0.3209700427960057,0.5135520684736091,0.3851640513552068,1.797432239657632,0.5777460770328102,0.5777460770328102,37.68188302425106,1.0912981455064197,3.787446504992867,2.5035663338088447,24.39372325249644,4.044222539229672,1.797432239657632,3.2097004279600574,1.6048502139800287,26.319543509272467,5.584878744650499,0.1283880171184022,0.0,1.412268188302425,0.0641940085592011,0.0,0.0,0.0,4.044222539229672,0.834522111269615,FW,MF,attack,3
Williot Swedberg,se SWE,"FW,MF",Celta Vigo,es La Liga,20.0,2004.0,32,15,1348,15.0,4,5,9,4,0,0,5.2,5.2,2.6,7.9,0.52,32,15,46.9,2.14,1.0,0.13,0.27,0.17,266,363,73.3,3749,737,2.2,16,16,12,1,18,0,4,1,28,36,2.4,8,0.53,23,16,9,10,4,65.0,3,26,10,18,1,562,6,72,10,22.7,351,34,18,50,16,412,116,1,0,0,21,1,0,0,0,46,8,34.8,0.2670623145400593,0.3338278931750742,0.6008902077151335,0.2670623145400593,0.3471810089020771,0.3471810089020771,0.1735905044510385,0.5274480712166172,0.0347181008902077,2.136498516320475,1.0014836795252229,17.759643916913948,24.235905044510385,250.3041543026706,49.20623145400594,0.1468842729970326,1.0682492581602374,1.0682492581602374,0.8011869436201781,0.0667655786350148,1.201780415430267,0.0,0.2670623145400593,0.0667655786350148,1.8694362017804156,1.5356083086053411,1.0682492581602374,0.6008902077151335,0.6676557863501484,0.2670623145400593,0.2002967359050445,1.735905044510386,0.6676557863501484,1.201780415430267,37.52225519287834,0.400593471810089,4.807121661721068,0.6676557863501484,23.43471810089021,2.2700296735905043,1.201780415430267,3.3382789317507418,1.0682492581602374,27.507418397626115,7.744807121661721,0.0667655786350148,0.0,1.4020771513353116,0.0667655786350148,0.0,0.0,0.0,3.0712166172106823,0.5341246290801187,FW,MF,attack,1
Mamadou Sylla,sn SEN,"FW,MF",Valladolid,es La Liga,30.0,1994.0,29,17,1583,17.6,5,1,6,1,4,4,5.1,2.0,1.7,3.6,0.39,18,3,16.7,1.02,0.17,0.06,0.33,0.11,177,282,62.8,2675,420,0.6,14,13,5,0,9,0,0,1,22,22,1.25,5,0.28,8,4,3,3,2,22.2,3,11,14,12,1,431,14,37,5,29.4,188,15,6,43,20,284,52,5,0,0,16,4,2,0,0,35,41,41.4,0.2842703727100442,0.0568540745420088,0.341124447252053,0.0568540745420088,0.289955780164245,0.1137081490840176,0.096651926721415,0.2046746683512318,0.0221730890713834,1.0233733417561592,0.1705622236260265,10.063171193935563,16.032849020846495,152.08464939987363,23.87871130764372,0.0341124447252053,0.7959570435881238,0.7391029690461149,0.2842703727100442,0.0,0.5116866708780796,0.0,0.0,0.0568540745420088,1.2507896399241945,0.4548325963360707,0.2274162981680353,0.1705622236260265,0.1705622236260265,0.1137081490840176,0.1705622236260265,0.6253948199620972,0.7959570435881238,0.6822488945041061,24.50410612760581,0.7959570435881238,2.103600758054327,0.2842703727100442,10.688566013897663,0.8528111181301328,0.341124447252053,2.4447252053063804,1.137081490840177,16.14655716993051,2.95641187618446,0.2842703727100442,0.0,0.9096651926721414,0.2274162981680353,0.1137081490840176,0.0,0.0,1.9898926089703095,2.3310170562223624,FW,MF,attack,3
Sammie Szmodics,ie IRL,"FW,MF",Ipswich Town,eng Premier League,28.0,1995.0,20,13,992,11.0,4,0,4,4,0,0,3.4,3.4,0.2,3.6,0.33,21,12,57.1,1.91,1.09,0.19,0.33,0.16,149,201,74.1,2458,724,0.5,5,11,4,1,14,6,0,0,19,10,0.91,0,0.0,16,10,4,10,2,26.9,6,22,14,13,0,318,17,33,4,33.3,179,16,7,24,17,193,47,2,0,0,9,0,0,1,0,42,6,35.3,0.3629032258064516,0.0,0.3629032258064516,0.3629032258064516,0.3084677419354839,0.3084677419354839,0.0181451612903225,0.3266129032258064,0.0299395161290322,1.9052419354838708,1.0887096774193548,13.518145161290324,18.235887096774192,223.0040322580645,65.68548387096774,0.0453629032258064,0.4536290322580645,0.997983870967742,0.3629032258064516,0.0907258064516129,1.2701612903225803,0.5443548387096774,0.0,0.0,1.7237903225806452,1.4516129032258065,0.907258064516129,0.3629032258064516,0.907258064516129,0.1814516129032258,0.5443548387096774,1.995967741935484,1.2701612903225803,1.1794354838709675,28.850806451612904,1.5423387096774193,2.993951612903225,0.3629032258064516,16.23991935483871,1.4516129032258065,0.6350806451612903,2.177419354838709,1.5423387096774193,17.51008064516129,4.264112903225806,0.1814516129032258,0.0,0.8165322580645162,0.0,0.0,0.0907258064516129,0.0,3.8104838709677415,0.5443548387096774,FW,MF,attack,1
Alexander Sørloth,no NOR,FW,Atlético Madrid,es La Liga,28.0,1995.0,35,15,1566,17.4,20,2,22,19,1,1,16.8,16.0,1.6,17.6,1.06,78,40,51.3,4.48,2.3,0.24,0.48,0.21,229,359,63.8,2905,601,0.7,13,19,10,1,5,0,1,0,31,30,1.73,5,0.29,9,5,2,5,2,50.0,1,10,28,5,0,602,29,116,14,37.8,323,32,15,63,32,454,81,4,0,0,26,2,0,0,0,41,98,66.2,1.149425287356322,0.1149425287356322,1.264367816091954,1.0919540229885056,0.9655172413793104,0.9195402298850576,0.0919540229885057,1.011494252873563,0.060919540229885,4.482758620689655,2.298850574712644,13.160919540229886,20.632183908045977,166.95402298850576,34.54022988505747,0.0402298850574712,0.7471264367816092,1.0919540229885056,0.574712643678161,0.0574712643678161,0.2873563218390805,0.0,0.0574712643678161,0.0,1.781609195402299,0.5172413793103449,0.2873563218390805,0.1149425287356322,0.2873563218390805,0.1149425287356322,0.0574712643678161,0.574712643678161,1.6091954022988506,0.2873563218390805,34.59770114942529,1.6666666666666663,6.666666666666666,0.8045977011494253,18.5632183908046,1.8390804597701151,0.8620689655172413,3.6206896551724137,1.8390804597701151,26.091954022988507,4.655172413793103,0.2298850574712644,0.0,1.4942528735632183,0.1149425287356322,0.0,0.0,0.0,2.35632183908046,5.632183908045977,FW,,attack,4
Musa Al-Taamari,jo JOR,"FW,MF",Montpellier,fr Ligue 1,27.0,1997.0,15,12,1116,12.4,2,1,3,2,0,0,2.6,2.6,1.5,4.1,0.33,27,11,40.7,2.18,0.89,0.07,0.18,0.09,235,304,77.3,3364,662,1.1,12,12,12,1,14,1,1,1,30,35,2.82,5,0.4,14,10,4,5,5,53.3,3,17,3,14,2,470,1,55,23,32.4,316,55,25,48,20,342,76,3,0,0,7,5,1,0,0,49,8,44.4,0.1612903225806451,0.0806451612903225,0.2419354838709677,0.1612903225806451,0.2096774193548387,0.2096774193548387,0.1209677419354838,0.3306451612903225,0.0266129032258064,2.177419354838709,0.8870967741935484,18.951612903225804,24.516129032258068,271.2903225806452,53.38709677419354,0.0887096774193548,0.967741935483871,0.967741935483871,0.967741935483871,0.0806451612903225,1.1290322580645162,0.0806451612903225,0.0806451612903225,0.0806451612903225,2.419354838709677,1.1290322580645162,0.8064516129032258,0.3225806451612903,0.4032258064516129,0.4032258064516129,0.2419354838709677,1.3709677419354838,0.2419354838709677,1.1290322580645162,37.90322580645161,0.0806451612903225,4.435483870967742,1.8548387096774197,25.483870967741936,4.435483870967742,2.0161290322580645,3.870967741935484,1.6129032258064515,27.580645161290324,6.129032258064517,0.2419354838709677,0.0,0.5645161290322581,0.4032258064516129,0.0806451612903225,0.0,0.0,3.951612903225806,0.6451612903225806,FW,MF,attack,3
Marcus Tavernier,eng ENG,"FW,MF",Bournemouth,eng Premier League,25.0,1999.0,29,20,1939,21.5,3,5,8,3,0,0,5.5,5.5,4.0,9.5,0.44,57,17,29.8,2.65,0.79,0.05,0.18,0.1,689,934,73.8,11654,3481,3.6,43,80,40,14,108,49,5,9,128,98,4.55,11,0.51,43,24,15,19,9,37.0,5,48,11,26,0,1196,20,58,28,43.1,705,53,9,46,47,790,129,6,0,0,34,5,0,0,0,119,26,44.1,0.1392470345538937,0.2320783909231562,0.37132542547705,0.1392470345538937,0.2552862300154719,0.2552862300154719,0.185662712738525,0.4409489427539969,0.0204228984012377,2.645693656523981,0.7890665291387312,31.98040226921093,43.35224342444559,540.9283135636927,161.57297576070138,0.1670964414646725,1.995874161939144,3.7132542547705,1.8566271273852504,0.6498194945848376,5.012893243940175,2.2743682310469318,0.2320783909231562,0.4177411036616812,5.941206807632801,1.995874161939144,1.11397627643115,0.6962351727694688,0.8818978855079938,0.4177411036616812,0.2320783909231562,2.2279525528623,0.5105724600309438,1.2068076328004127,55.513151108818974,0.9283135636926252,2.6921093347086127,1.2996389891696751,32.723053120165034,2.460030943785456,0.4177411036616812,2.1351211964930377,2.181536874677669,36.66838576585869,5.987622485817432,0.2784940691077875,0.0,1.5781330582774624,0.2320783909231562,0.0,0.0,0.0,5.523465703971119,1.2068076328004127,FW,MF,attack,3
Mathys Tel,fr FRA,FW,Tottenham,eng Premier League,19.0,2005.0,13,11,911,10.1,2,1,3,1,1,1,3.0,2.2,2.6,4.7,0.55,22,8,36.4,2.17,0.79,0.05,0.13,0.1,185,266,69.5,3172,666,1.5,14,12,14,4,35,8,2,1,21,28,2.77,2,0.2,16,6,5,6,5,38.5,2,18,8,12,2,414,9,40,15,28.3,266,28,11,28,15,279,72,2,0,0,14,4,1,0,0,38,4,36.4,0.1975850713501646,0.0987925356750823,0.2963776070252469,0.0987925356750823,0.2963776070252469,0.2173435784851811,0.256860592755214,0.4643249176728869,0.0543358946212952,2.173435784851811,0.7903402854006586,18.276619099890237,26.278814489571896,313.3699231613612,65.79582875960483,0.1481888035126234,1.3830954994511526,1.1855104281009878,1.3830954994511526,0.3951701427003293,3.457738748627881,0.7903402854006586,0.1975850713501646,0.0987925356750823,2.0746432491767286,1.5806805708013172,0.5927552140504939,0.4939626783754117,0.5927552140504939,0.4939626783754117,0.1975850713501646,1.7782656421514818,0.7903402854006586,1.1855104281009878,40.90010976948408,0.8891328210757409,3.9517014270032935,1.481888035126235,26.278814489571896,2.766190998902305,1.0867178924259056,2.766190998902305,1.481888035126235,27.563117453347967,7.113062568605927,0.1975850713501646,0.0,1.3830954994511526,0.3951701427003293,0.0987925356750823,0.0,0.0,3.754116355653129,0.3951701427003293,FW,,attack,3
Casper Tengstedt,dk DEN,FW,Hellas Verona,it Serie A,24.0,2000.0,25,20,1517,16.9,6,1,7,5,1,1,5.3,4.5,0.9,5.4,0.37,37,10,27.0,2.2,0.59,0.14,0.5,0.12,201,298,67.4,2875,528,1.1,12,11,8,1,10,0,4,2,29,24,1.42,3,0.18,7,5,0,5,2,44.4,4,11,29,18,0,458,30,58,9,33.3,238,29,13,36,6,303,85,2,0,0,6,2,0,0,0,37,20,24.7,0.3559657218193803,0.05932762030323,0.4152933421226104,0.2966381015161503,0.3144363876071193,0.2669742913645352,0.053394858272907,0.3203691496374423,0.0219512195121951,2.1951219512195124,0.5932762030323006,11.924851680949242,17.679630850362557,170.5669083717864,31.324983520105476,0.065260382333553,0.7119314436387607,0.6526038233355307,0.4746209624258404,0.05932762030323,0.5932762030323006,0.0,0.2373104812129202,0.1186552406064601,1.7205009887936715,0.4152933421226104,0.2966381015161503,0.0,0.2966381015161503,0.1186552406064601,0.2373104812129202,0.6526038233355307,1.7205009887936715,1.067897165458141,27.172050098879367,1.779828609096902,3.4410019775873435,0.5339485827290705,14.119973632168753,1.7205009887936715,0.7712590639419908,2.135794330916282,0.3559657218193803,17.97626895187871,5.042847725774555,0.1186552406064601,0.0,0.3559657218193803,0.1186552406064601,0.0,0.0,0.0,2.1951219512195124,1.186552406064601,FW,,attack,1
Florian Thauvin,fr FRA,"FW,MF",Udinese,it Serie A,31.0,1993.0,25,24,1956,21.7,8,3,11,7,1,3,8.1,5.7,3.8,9.5,0.55,51,23,45.1,2.35,1.06,0.14,0.3,0.11,544,819,66.4,9660,3359,4.7,39,58,43,20,168,56,5,13,90,93,4.28,9,0.41,20,14,9,8,3,40.0,7,27,10,28,0,1062,8,82,39,42.4,682,92,34,60,38,790,148,0,0,0,10,3,0,0,0,68,5,33.3,0.3680981595092025,0.1380368098159509,0.5061349693251533,0.3220858895705522,0.3726993865030674,0.2622699386503067,0.1748466257668711,0.4371165644171779,0.0253067484662576,2.3466257668711656,1.0582822085889572,25.030674846625768,37.6840490797546,444.478527607362,154.55521472392638,0.2162576687116564,1.7944785276073618,2.668711656441718,1.978527607361963,0.9202453987730062,7.730061349693252,2.5766871165644174,0.2300613496932515,0.598159509202454,4.141104294478527,0.9202453987730062,0.6441717791411044,0.4141104294478528,0.3680981595092025,0.1380368098159509,0.3220858895705522,1.2423312883435582,0.4601226993865031,1.2883435582822087,48.86503067484662,0.3680981595092025,3.773006134969325,1.7944785276073618,31.380368098159508,4.233128834355829,1.5644171779141105,2.7607361963190185,1.7484662576687118,36.34969325153374,6.809815950920245,0.0,0.0,0.4601226993865031,0.1380368098159509,0.0,0.0,0.0,3.128834355828221,0.2300613496932515,FW,MF,attack,0
Sorba Thomas,wls WAL,"FW,MF",Nantes,fr Ligue 1,24.0,1999.0,25,15,1321,14.7,1,3,4,1,0,0,1.5,1.5,3.7,5.2,0.35,9,1,11.1,0.61,0.07,0.11,1.0,0.17,360,550,65.5,6320,2228,3.0,36,27,24,17,130,53,0,1,34,54,3.68,6,0.41,14,6,7,5,2,55.6,9,23,27,16,1,674,25,20,9,37.5,372,41,7,26,25,427,93,3,0,0,13,1,0,0,0,66,7,29.2,0.0681302043906131,0.2043906131718395,0.2725208175624526,0.0681302043906131,0.1021953065859197,0.1021953065859197,0.2520817562452687,0.3542770628311885,0.0238455715367146,0.6131718395155186,0.0681302043906131,24.52687358062074,37.471612414837246,430.58289174867525,151.79409538228614,0.2043906131718395,2.4526873580620743,1.8395155185465557,1.635124905374716,1.158213474640424,8.856926570779713,3.610900832702498,0.0,0.0681302043906131,2.316426949280848,0.9538228614685844,0.408781226343679,0.4769114307342922,0.3406510219530658,0.1362604087812263,0.6131718395155186,1.566994700984103,1.8395155185465557,1.0900832702498109,45.91975775927328,1.7032551097653297,1.3626040878122634,0.6131718395155186,25.344436033308103,2.79333838001514,0.4769114307342922,1.7713853141559426,1.7032551097653297,29.091597274791823,6.336109008327026,0.2043906131718395,0.0,0.8856926570779713,0.0681302043906131,0.0,0.0,0.0,4.496593489780469,0.4769114307342922,FW,MF,attack,3
Marcus Thuram,fr FRA,FW,Inter,it Serie A,26.0,1997.0,31,26,2200,24.4,14,4,18,14,0,0,9.9,9.9,4.4,14.3,0.56,64,27,42.2,2.62,1.1,0.22,0.52,0.15,412,559,73.7,5263,1082,4.1,39,24,27,4,13,0,4,2,53,90,3.54,16,0.63,18,8,7,5,6,21.4,3,21,15,12,0,830,21,160,24,45.3,453,62,36,55,29,612,170,1,0,0,30,9,2,0,0,71,45,57.0,0.5727272727272728,0.1636363636363636,0.7363636363636364,0.5727272727272728,0.405,0.405,0.18,0.5850000000000001,0.0229090909090909,2.618181818181818,1.1045454545454545,16.854545454545455,22.868181818181817,215.30454545454543,44.263636363636365,0.1677272727272727,1.5954545454545457,0.981818181818182,1.1045454545454545,0.1636363636363636,0.5318181818181819,0.0,0.1636363636363636,0.0818181818181818,2.168181818181818,0.7363636363636364,0.3272727272727272,0.2863636363636364,0.2045454545454545,0.2454545454545454,0.1227272727272727,0.8590909090909091,0.6136363636363636,0.4909090909090909,33.95454545454545,0.8590909090909091,6.545454545454545,0.981818181818182,18.53181818181818,2.5363636363636366,1.4727272727272729,2.25,1.1863636363636365,25.03636363636364,6.954545454545454,0.0409090909090909,0.0,1.2272727272727273,0.3681818181818182,0.0818181818181818,0.0,0.0,2.9045454545454543,1.8409090909090908,FW,,attack,4
Phillip Tietz,de GER,FW,Augsburg,de Bundesliga,27.0,1997.0,34,19,1686,18.7,7,2,9,6,1,1,6.1,5.3,1.2,6.5,0.39,51,19,37.3,2.72,1.01,0.12,0.32,0.1,300,481,62.4,4032,671,1.4,22,18,9,1,1,1,1,0,29,48,2.56,5,0.27,11,6,2,7,2,62.5,5,16,26,21,1,677,22,89,15,48.4,347,8,4,46,17,502,113,4,0,0,36,2,0,0,0,48,78,47.9,0.3736654804270462,0.1067615658362989,0.4804270462633452,0.3202846975088967,0.3256227758007117,0.2829181494661921,0.0640569395017793,0.3469750889679715,0.0208185053380782,2.7224199288256226,1.0142348754448398,16.014234875444842,25.676156583629897,215.23131672597864,35.81850533807829,0.0747330960854092,1.1743772241992882,0.9608540925266904,0.4804270462633452,0.0533807829181494,0.0533807829181494,0.0533807829181494,0.0533807829181494,0.0,1.5480427046263343,0.5871886120996441,0.3202846975088967,0.1067615658362989,0.3736654804270462,0.1067615658362989,0.2669039145907473,0.8540925266903915,1.387900355871886,1.1209964412811388,36.13879003558719,1.1743772241992882,4.750889679715302,0.8007117437722421,18.523131672597867,0.4270462633451957,0.2135231316725978,2.4555160142348758,0.907473309608541,26.79715302491103,6.03202846975089,0.2135231316725978,0.0,1.9217081850533808,0.1067615658362989,0.0,0.0,0.0,2.562277580071174,4.1637010676156585,FW,,attack,1
Tiago Tomás,pt POR,"FW,MF",Wolfsburg,de Bundesliga,22.0,2002.0,32,23,1884,20.9,6,1,7,6,0,0,5.4,5.4,2.6,8.1,0.38,42,20,47.6,2.01,0.96,0.14,0.3,0.13,329,475,69.3,4977,1438,1.5,20,33,13,3,22,0,5,3,50,55,2.63,8,0.38,33,19,15,11,7,42.9,9,42,19,17,0,782,18,78,29,36.3,503,31,14,55,35,556,125,7,0,0,30,6,1,0,0,74,9,23.1,0.286624203821656,0.0477707006369426,0.3343949044585987,0.286624203821656,0.2579617834394904,0.2579617834394904,0.1242038216560509,0.3869426751592356,0.0181528662420382,2.006369426751592,0.9554140127388534,15.71656050955414,22.69108280254777,237.75477707006368,68.69426751592357,0.071656050955414,0.9554140127388534,1.5764331210191085,0.6210191082802548,0.143312101910828,1.0509554140127388,0.0,0.2388535031847133,0.143312101910828,2.388535031847134,1.5764331210191085,0.9076433121019108,0.7165605095541401,0.5254777070063694,0.3343949044585987,0.429936305732484,2.006369426751592,0.9076433121019108,0.8121019108280254,37.35668789808918,0.8598726114649681,3.726114649681529,1.3853503184713376,24.028662420382165,1.480891719745223,0.6687898089171974,2.627388535031847,1.6719745222929936,26.560509554140125,5.971337579617835,0.3343949044585987,0.0,1.4331210191082802,0.286624203821656,0.0477707006369426,0.0,0.0,3.535031847133758,0.429936305732484,FW,MF,attack,1
Ferrán Torres,es ESP,"FW,MF",Barcelona,es La Liga,24.0,2000.0,27,12,1106,12.3,10,6,16,10,0,0,8.0,8.0,3.1,11.0,0.9,48,22,45.8,3.91,1.79,0.21,0.45,0.17,267,360,74.2,3409,773,2.6,19,17,18,2,17,9,2,2,35,38,3.09,7,0.57,8,4,2,3,3,37.5,4,12,5,14,0,498,3,81,11,52.4,291,23,13,28,13,397,98,1,1,0,5,3,0,0,0,27,5,35.7,0.81374321880651,0.488245931283906,1.301989150090416,0.81374321880651,0.650994575045208,0.650994575045208,0.2522603978300181,0.895117540687161,0.0732368896925858,3.905967450271248,1.790235081374322,21.72694394213381,29.29475587703436,277.40506329113924,62.90235081374322,0.2115732368896926,1.546112115732369,1.3833634719710668,1.464737793851718,0.162748643761302,1.3833634719710668,0.732368896925859,0.162748643761302,0.162748643761302,2.848101265822785,0.650994575045208,0.325497287522604,0.162748643761302,0.244122965641953,0.244122965641953,0.325497287522604,0.976491862567812,0.406871609403255,1.139240506329114,40.52441229656419,0.244122965641953,6.5913200723327305,0.895117540687161,23.679927667269443,1.8716094032549728,1.057866184448463,2.278481012658228,1.057866184448463,32.30560578661844,7.974683544303797,0.081374321880651,0.081374321880651,0.406871609403255,0.244122965641953,0.0,0.0,0.0,2.1971066907775767,0.406871609403255,FW,MF,attack,4
Adama Traoré,es ESP,"FW,MF",Fulham,eng Premier League,28.0,1996.0,36,18,1772,19.7,2,7,9,2,0,0,4.0,4.0,4.9,8.9,0.45,39,12,30.8,1.98,0.61,0.05,0.17,0.1,424,587,72.2,6645,1683,4.5,42,36,38,22,100,0,6,2,68,82,4.16,10,0.51,20,13,9,6,5,38.5,1,21,6,19,4,801,4,91,48,49.5,538,100,33,37,25,607,161,3,0,0,24,1,0,0,0,87,25,49.0,0.1015801354401805,0.3555304740406321,0.4571106094808126,0.1015801354401805,0.2031602708803611,0.2031602708803611,0.2488713318284424,0.4520316027088036,0.0228555304740406,1.9808126410835212,0.6094808126410836,21.534988713318285,29.813769751693,337.5,85.47968397291197,0.2285553047404063,2.1331828442437923,1.8284424379232505,1.930022573363431,1.1173814898419865,5.07900677200903,0.0,0.3047404063205418,0.1015801354401805,3.45372460496614,1.015801354401806,0.6602708803611739,0.4571106094808126,0.3047404063205418,0.2539503386004514,0.0507900677200902,1.0665914221218962,0.3047404063205418,0.9650112866817157,40.68284424379232,0.2031602708803611,4.621896162528216,2.4379232505643342,27.325056433408577,5.07900677200903,1.6760722347629795,1.879232505643341,1.2697516930022574,30.82957110609481,8.177200902934537,0.1523702031602709,0.0,1.2189616252821671,0.0507900677200902,0.0,0.0,0.0,4.418735891647855,1.2697516930022574,FW,MF,attack,0
Leandro Trossard,be BEL,FW,Arsenal,eng Premier League,29.0,1994.0,38,28,2546,28.3,8,7,15,8,0,0,7.2,7.2,6.1,13.3,0.47,72,21,29.2,2.55,0.74,0.11,0.38,0.1,711,954,74.5,11435,2972,4.1,41,45,48,10,86,10,7,5,101,93,3.29,8,0.28,31,20,6,16,9,35.3,9,40,18,41,0,1278,17,158,38,44.2,828,80,30,66,52,956,226,4,1,1,27,4,0,0,0,104,6,20.0,0.2827965435978005,0.2474469756480754,0.5302435192458759,0.2827965435978005,0.2545168892380204,0.2545168892380204,0.2156323644933228,0.4701492537313433,0.0166142969363707,2.5451688923802043,0.7423409269442263,25.13354281225452,33.723487824037704,404.22230950510607,105.05891594658289,0.1449332285938727,1.4493322859387272,1.5907305577376278,1.696779261586803,0.3534956794972506,3.040062843676355,0.3534956794972506,0.2474469756480754,0.1767478397486253,3.570306362922231,1.0958366064414768,0.7069913589945012,0.2120974076983503,0.565593087195601,0.3181461115475255,0.3181461115475255,1.4139827179890023,0.6362922230950511,1.4493322859387272,45.17674783974862,0.6009426551453261,5.585231736056559,1.343283582089552,29.26944226237235,2.8279654359780046,1.0604870384917515,2.3330714846818537,1.838177533385703,33.79418695993716,7.989002356637863,0.1413982717989002,0.035349567949725,0.9544383346425764,0.1413982717989002,0.0,0.0,0.0,3.676355066771406,0.2120974076983503,FW,,attack,0
Viktor Tsyhankov,ua UKR,"FW,MF",Girona,es La Liga,26.0,1997.0,27,23,1913,21.3,2,5,7,2,0,0,2.8,2.8,3.9,6.7,0.31,35,9,25.7,1.65,0.42,0.06,0.22,0.08,646,871,74.2,9793,2532,4.3,33,38,24,6,124,80,3,1,65,65,3.06,8,0.38,19,12,4,7,8,47.4,15,34,16,23,1,1064,23,74,15,42.9,650,62,27,32,25,770,195,1,0,0,14,4,1,0,0,69,9,33.3,0.0940930475692629,0.2352326189231573,0.3293256664924203,0.0940930475692629,0.1317302665969681,0.1317302665969681,0.1834814427600627,0.3152117093570308,0.0145844223732357,1.6466283324621014,0.4234187140616832,30.392054364871928,40.97752221641401,460.726607422896,119.12179822268688,0.2023000522739153,1.5525352848928389,1.7877679038159957,1.1291165708311552,0.2822791427077888,5.833768949294303,3.763721902770517,0.1411395713538944,0.0470465237846314,3.0580240460010457,0.8938839519079979,0.5645582854155776,0.1881860951385258,0.3293256664924203,0.3763721902770517,0.7056978567694719,1.59958180867747,0.7527443805541034,1.082070047046524,50.05750130684788,1.082070047046524,3.4814427600627287,0.7056978567694719,30.58024046001045,2.9168844746471514,1.2702561421850498,1.5054887611082068,1.1761630946157866,36.22582331416623,9.174072138003137,0.0470465237846314,0.0,0.6586513329848406,0.1881860951385258,0.0470465237846314,0.0,0.0,3.246210141139572,0.4234187140616832,FW,MF,attack,3
Christantus Uche,ng NGA,"FW,MF",Getafe,es La Liga,21.0,2003.0,33,30,2486,27.6,4,6,10,4,0,0,3.8,3.8,2.9,6.7,0.24,50,14,28.0,1.81,0.51,0.08,0.29,0.08,387,592,65.4,5080,1266,3.1,29,37,16,4,22,0,1,2,49,78,2.82,10,0.36,35,21,8,19,8,45.0,10,45,19,23,0,971,17,105,32,35.2,553,43,18,113,67,726,148,8,2,1,55,15,0,0,0,110,91,42.3,0.1448109412711182,0.2172164119066773,0.3620273531777956,0.1448109412711182,0.1375703942075623,0.1375703942075623,0.1049879324215607,0.2425583266291231,0.008688656476267,1.8101367658889784,0.5068382944489139,14.010458567980692,21.432019308125504,183.9098954143202,45.83266291230893,0.1122284794851166,1.0498793242156077,1.339501206757844,0.5792437650844731,0.1448109412711182,0.7964601769911505,0.0,0.0362027353177795,0.0724054706355591,1.7739340305711986,1.2670957361222848,0.7602574416733708,0.2896218825422365,0.6878519710378117,0.2896218825422365,0.3620273531777956,1.6291230893000803,0.6878519710378117,0.8326629123089301,35.15285599356396,0.6154465004022527,3.801287208366855,1.158487530168946,20.0201126307321,1.5567176186645213,0.6516492357200322,4.090909090909091,2.425583266291231,26.283185840707965,5.358004827031376,0.2896218825422365,0.0724054706355591,1.991150442477876,0.5430410297666934,0.0,0.0,0.0,3.982300884955752,3.2944489139179405,FW,MF,attack,3
Deniz Undav,de GER,"FW,MF",Stuttgart,de Bundesliga,28.0,1996.0,27,20,1726,19.2,9,3,12,9,0,0,11.7,11.7,3.6,15.2,0.79,75,31,41.3,3.91,1.62,0.12,0.29,0.16,431,589,73.2,6294,1741,3.8,26,38,27,2,11,0,6,5,70,58,3.02,8,0.42,11,10,2,3,6,5.9,3,14,10,21,0,797,11,118,10,41.7,469,31,12,51,28,624,141,4,0,0,25,0,0,0,0,48,21,40.4,0.4692931633835457,0.1564310544611819,0.6257242178447276,0.4692931633835457,0.6100811123986094,0.6100811123986094,0.1877172653534183,0.7925840092699884,0.0411935110081112,3.910776361529548,1.6164542294322133,22.473928157589803,30.71263035921205,328.1923522595597,90.7821552723059,0.1981460023174971,1.3557358053302433,1.981460023174971,1.4078794901506373,0.1042873696407879,0.5735805330243336,0.0,0.3128621089223638,0.2607184241019699,3.6500579374275786,0.5735805330243336,0.5214368482039398,0.1042873696407879,0.1564310544611819,0.3128621089223638,0.1564310544611819,0.7300115874855156,0.5214368482039398,1.0950173812282735,41.558516801854,0.5735805330243336,6.15295480880649,0.5214368482039398,24.45538818076477,1.6164542294322133,0.6257242178447276,2.659327925840093,1.4600231749710313,32.53765932792584,7.3522595596755504,0.2085747392815758,0.0,1.3035921205098495,0.0,0.0,0.0,0.0,2.5028968713789106,1.0950173812282735,FW,MF,attack,4
Jamie Vardy,eng ENG,FW,Leicester City,eng Premier League,37.0,1987.0,35,35,2823,31.4,9,4,13,8,1,2,11.2,9.6,3.0,12.6,0.45,56,23,41.1,1.79,0.73,0.14,0.35,0.17,258,389,66.3,3776,424,2.6,19,11,10,1,11,0,1,1,22,47,1.5,10,0.32,19,13,7,7,5,30.8,5,24,24,15,0,586,30,111,11,47.8,285,29,16,34,14,382,120,5,0,0,25,6,2,0,0,39,50,47.6,0.2869287991498406,0.1275239107332625,0.414452709883103,0.255047821466525,0.3570669500531349,0.30605738575983,0.0956429330499468,0.4017003188097768,0.014346439957492,1.785334750265675,0.7332624867162593,8.22529224229543,12.401700318809777,120.38257173219978,13.517534537725824,0.0828905419766206,0.6057385759829969,0.3506907545164718,0.3188097768331562,0.0318809776833156,0.3506907545164718,0.0,0.0318809776833156,0.0318809776833156,0.7013815090329436,0.6057385759829969,0.414452709883103,0.2231668437832093,0.2231668437832093,0.1594048884165781,0.1594048884165781,0.7651434643995749,0.7651434643995749,0.4782146652497343,18.682252922422958,0.9564293304994688,3.5387885228480336,0.3506907545164718,9.086078639744953,0.9245483528161532,0.51009564293305,1.083953241232731,0.4463336875664187,12.178533475026567,3.8257173219978746,0.1594048884165781,0.0,0.7970244420828905,0.1912858660998937,0.0637619553666312,0.0,0.0,1.2433581296493093,1.594048884165781,FW,,attack,1
Alejo Véliz,ar ARG,FW,Espanyol,es La Liga,20.0,2003.0,27,10,1127,12.5,1,0,1,1,0,0,2.3,2.3,0.6,2.8,0.22,19,6,31.6,1.52,0.48,0.05,0.17,0.12,122,187,65.2,1608,182,0.1,3,9,0,0,0,0,0,0,8,14,1.1,4,0.31,1,1,0,1,0,14.3,4,5,23,2,1,317,25,30,1,20.0,123,2,0,34,12,205,27,3,0,0,20,5,1,0,0,20,51,46.8,0.0798580301685891,0.0,0.0798580301685891,0.0798580301685891,0.183673469387755,0.183673469387755,0.0479148181011535,0.2236024844720496,0.0175687666370896,1.5173025732031942,0.479148181011535,9.74267968056788,14.933451641526176,128.4117125110914,14.53416149068323,0.0079858030168589,0.2395740905057675,0.7187222715173025,0.0,0.0,0.0,0.0,0.0,0.0,0.6388642413487134,0.0798580301685891,0.0798580301685891,0.0,0.0798580301685891,0.0,0.3194321206743567,0.3992901508429459,1.8367346938775508,0.1597160603371783,25.31499556344277,1.9964507542147292,2.395740905057675,0.0798580301685891,9.822537710736468,0.1597160603371783,0.0,2.715173025732032,0.95829636202307,16.37089618456078,2.156166814551908,0.2395740905057675,0.0,1.5971606033717836,0.3992901508429459,0.0798580301685891,0.0,0.0,1.5971606033717836,4.072759538598048,FW,,attack,3
Carlos Vicente,es ESP,"FW,MF",Alavés,es La Liga,25.0,1999.0,37,35,3092,34.4,5,5,10,4,1,1,3.5,2.7,5.4,8.1,0.26,35,13,37.1,1.02,0.38,0.11,0.31,0.08,720,1140,63.2,12031,4061,5.9,63,36,38,29,269,85,3,2,68,107,3.11,9,0.26,47,31,26,11,10,39.1,14,61,40,67,0,1551,28,86,34,32.1,781,104,28,83,49,898,226,3,0,0,38,5,0,0,0,133,34,36.2,0.1455368693402328,0.1455368693402328,0.2910737386804657,0.1164294954721863,0.101875808538163,0.0785899094437257,0.1571798188874515,0.2357697283311772,0.0075679172056921,1.01875808538163,0.3783958602846054,20.95730918499353,33.182406209573095,350.1908150064683,118.20504527813712,0.1717335058214747,1.833764553686934,1.0478654592496766,1.1060802069857698,0.8441138421733506,7.829883570504527,2.4741267787839583,0.0873221216041397,0.0582147477360931,1.979301423027167,1.368046571798189,0.9023285899094438,0.7567917205692108,0.3201811125485123,0.2910737386804657,0.407503234152652,1.7755498059508408,1.1642949547218628,1.9501940491591203,45.14553686934023,0.815006468305304,2.503234152652005,0.9896507115135836,22.73285899094437,3.0271668822768434,0.815006468305304,2.4159120310478657,1.426261319534282,26.13842173350582,6.578266494178526,0.0873221216041397,0.0,1.1060802069857698,0.1455368693402328,0.0,0.0,0.0,3.8712807244501937,0.9896507115135836,FW,MF,attack,3
Nicolas Viola,it ITA,"FW,MF",Cagliari,it Serie A,34.0,1989.0,27,18,1267,14.1,3,1,4,3,0,0,2.2,2.2,1.9,4.1,0.29,31,9,29.0,2.2,0.64,0.1,0.33,0.07,285,452,63.1,5124,2017,2.6,28,34,11,2,79,45,4,1,46,59,4.19,4,0.28,14,7,6,7,1,10.0,3,17,5,16,0,595,8,34,11,36.7,326,21,7,30,21,389,70,2,0,0,20,3,0,0,0,52,21,46.7,0.2131018153117601,0.0710339384372533,0.2841357537490134,0.2131018153117601,0.1562746645619573,0.1562746645619573,0.1349644830307813,0.2912391475927387,0.0205998421468034,2.202052091554854,0.6393054459352802,20.24467245461721,32.10734017363851,363.9779005524862,143.27545382794003,0.1846882399368587,1.9889502762430935,2.415153906866614,0.781373322809787,0.1420678768745067,5.611681136543015,3.1965272296764007,0.2841357537490134,0.0710339384372533,3.2675611681136543,0.9944751381215468,0.4972375690607734,0.4262036306235202,0.4972375690607734,0.0710339384372533,0.2131018153117601,1.207576953433307,0.3551696921862668,1.1365430149960536,42.26519337016575,0.5682715074980268,2.415153906866614,0.781373322809787,23.157063930544595,1.4917127071823204,0.4972375690607734,2.1310181531176005,1.4917127071823204,27.63220205209156,4.972375690607735,0.1420678768745067,0.0,1.4206787687450673,0.2131018153117601,0.0,0.0,0.0,3.693764798737174,1.4917127071823204,FW,MF,attack,3
Vitinha,pt POR,"FW,MF",Genoa,it Serie A,24.0,2000.0,25,16,1328,14.8,2,3,5,2,0,0,1.6,1.6,3.3,5.0,0.34,33,5,15.2,2.24,0.34,0.06,0.4,0.05,191,322,59.3,2886,753,2.0,16,12,10,7,45,2,3,2,19,41,2.78,3,0.2,23,8,12,6,5,36.7,12,35,22,21,0,572,32,54,22,32.4,309,38,16,54,34,348,71,2,0,0,23,5,0,0,0,53,31,52.5,0.1355421686746988,0.2033132530120482,0.338855421686747,0.1355421686746988,0.108433734939759,0.108433734939759,0.223644578313253,0.338855421686747,0.0230421686746987,2.23644578313253,0.338855421686747,12.944277108433736,21.822289156626503,195.5873493975904,51.03162650602409,0.1355421686746988,1.0843373493975903,0.8132530120481928,0.677710843373494,0.4743975903614457,3.049698795180723,0.1355421686746988,0.2033132530120482,0.1355421686746988,1.2876506024096386,1.5587349397590362,0.5421686746987953,0.8132530120481928,0.4066265060240964,0.338855421686747,0.8132530120481928,2.371987951807229,1.4909638554216869,1.4231927710843373,38.765060240963855,2.168674698795181,3.6596385542168672,1.4909638554216869,20.94126506024097,2.575301204819277,1.0843373493975903,3.6596385542168672,2.3042168674698797,23.58433734939759,4.811746987951807,0.1355421686746988,0.0,1.5587349397590362,0.338855421686747,0.0,0.0,0.0,3.5918674698795177,2.100903614457831,FW,MF,attack,3
Dušan Vlahović,rs SRB,FW,Juventus,it Serie A,24.0,2000.0,29,21,1784,19.8,10,4,14,6,4,4,12.3,9.2,1.3,10.5,0.69,73,25,34.2,3.68,1.26,0.08,0.24,0.13,253,366,69.1,3895,421,0.9,15,11,7,0,9,0,3,4,22,41,2.07,8,0.4,4,2,0,1,3,20.0,1,5,9,12,3,564,14,125,9,32.1,308,27,17,51,28,431,117,3,0,0,27,2,0,0,0,36,39,48.1,0.5044843049327354,0.2017937219730941,0.7062780269058296,0.3026905829596413,0.6205156950672646,0.4641255605381166,0.0655829596412556,0.5297085201793722,0.0348094170403587,3.6827354260089686,1.2612107623318387,12.763452914798206,18.46412556053812,196.49663677130044,21.23878923766816,0.0454035874439461,0.7567264573991032,0.554932735426009,0.3531390134529148,0.0,0.4540358744394618,0.0,0.1513452914798206,0.2017937219730941,1.109865470852018,0.2017937219730941,0.100896860986547,0.0,0.0504484304932735,0.1513452914798206,0.0504484304932735,0.2522421524663677,0.4540358744394618,0.6053811659192826,28.45291479820628,0.7062780269058296,6.306053811659193,0.4540358744394618,15.538116591928253,1.3621076233183858,0.8576233183856502,2.5728699551569507,1.4125560538116593,21.743273542600896,5.902466367713004,0.1513452914798206,0.0,1.3621076233183858,0.100896860986547,0.0,0.0,0.0,1.8161434977578477,1.967488789237668,FW,,attack,4
Ollie Watkins,eng ENG,FW,Aston Villa,eng Premier League,28.0,1995.0,38,31,2598,28.9,16,8,24,14,2,2,15.3,13.8,3.3,17.1,0.65,82,36,43.9,2.84,1.25,0.17,0.39,0.17,307,424,72.4,3915,656,2.1,24,12,13,0,7,0,1,1,31,53,1.84,12,0.42,10,7,0,6,4,27.3,8,18,15,17,2,695,18,168,10,24.4,409,55,38,60,50,552,165,2,0,0,29,6,2,0,0,43,52,42.3,0.5542725173210161,0.277136258660508,0.8314087759815242,0.4849884526558891,0.5300230946882217,0.4780600461893765,0.1143187066974595,0.5923787528868361,0.0225173210161662,2.840646651270208,1.2471131639722863,10.635103926096996,14.68822170900693,135.62355658198615,22.725173210161664,0.0727482678983833,0.8314087759815242,0.4157043879907621,0.4503464203233256,0.0,0.2424942263279445,0.0,0.0346420323325635,0.0346420323325635,1.073903002309469,0.3464203233256351,0.2424942263279445,0.0,0.207852193995381,0.138568129330254,0.277136258660508,0.6235565819861432,0.5196304849884527,0.5889145496535797,24.07621247113164,0.6235565819861432,5.81986143187067,0.3464203233256351,14.168591224018476,1.905311778290993,1.3163972286374133,2.07852193995381,1.7321016166281755,19.12240184757506,5.71593533487298,0.069284064665127,0.0,1.0046189376443415,0.207852193995381,0.069284064665127,0.0,0.0,1.4896073903002311,1.801385681293303,FW,,attack,4
Noah Weißhaupt,de GER,"FW,MF",St. Pauli,de Bundesliga,22.0,2001.0,19,13,1160,12.9,1,0,1,1,0,0,2.1,2.1,1.8,3.9,0.3,18,4,22.2,1.4,0.31,0.06,0.25,0.12,226,363,62.3,3943,1254,1.8,18,19,15,11,72,24,1,5,33,42,3.26,1,0.08,6,4,3,0,3,37.5,2,8,8,8,1,509,6,43,13,34.2,306,42,17,37,11,355,94,0,0,0,10,9,0,0,0,51,15,44.1,0.0775862068965517,0.0,0.0775862068965517,0.0775862068965517,0.1629310344827586,0.1629310344827586,0.1396551724137931,0.3025862068965517,0.0232758620689655,1.396551724137931,0.3103448275862069,17.53448275862069,28.163793103448278,305.9224137931035,97.29310344827586,0.1396551724137931,1.396551724137931,1.4741379310344829,1.1637931034482758,0.853448275862069,5.586206896551724,1.862068965517241,0.0775862068965517,0.3879310344827586,2.560344827586207,0.4655172413793103,0.3103448275862069,0.2327586206896551,0.0,0.2327586206896551,0.1551724137931034,0.6206896551724138,0.6206896551724138,0.6206896551724138,39.491379310344826,0.4655172413793103,3.336206896551724,1.0086206896551724,23.74137931034483,3.2586206896551726,1.3189655172413792,2.8706896551724137,0.853448275862069,27.54310344827586,7.293103448275861,0.0,0.0,0.7758620689655172,0.6982758620689655,0.0,0.0,0.0,3.956896551724138,1.1637931034482758,FW,MF,attack,3
Danny Welbeck,eng ENG,FW,Brighton,eng Premier League,33.0,1990.0,30,24,2115,23.5,10,4,14,9,1,1,9.6,8.8,1.4,10.1,0.46,59,23,39.0,2.51,0.98,0.15,0.39,0.15,417,491,84.9,4936,1008,1.4,23,18,14,0,3,0,0,0,47,53,2.26,8,0.34,26,16,6,15,5,40.0,5,31,14,13,0,726,18,102,13,35.1,448,21,8,49,28,547,95,5,0,0,11,6,0,0,0,46,17,34.7,0.425531914893617,0.1702127659574468,0.5957446808510638,0.3829787234042553,0.4085106382978723,0.3744680851063829,0.0595744680851063,0.4297872340425531,0.0195744680851063,2.5106382978723403,0.9787234042553192,17.74468085106383,20.8936170212766,210.04255319148933,42.8936170212766,0.0595744680851063,0.9787234042553192,0.7659574468085106,0.5957446808510638,0.0,0.1276595744680851,0.0,0.0,0.0,2.0,1.1063829787234043,0.6808510638297872,0.2553191489361702,0.6382978723404256,0.2127659574468085,0.2127659574468085,1.319148936170213,0.5957446808510638,0.5531914893617021,30.893617021276597,0.7659574468085106,4.340425531914893,0.5531914893617021,19.06382978723404,0.8936170212765958,0.3404255319148936,2.085106382978723,1.1914893617021276,23.27659574468085,4.042553191489362,0.2127659574468085,0.0,0.4680851063829787,0.2553191489361702,0.0,0.0,0.0,1.9574468085106385,0.7234042553191489,FW,,attack,1
Iñaki Williams,gh GHA,FW,Athletic Club,es La Liga,30.0,1994.0,35,29,2652,29.5,6,8,14,6,0,0,7.6,7.6,7.8,15.4,0.52,63,24,38.1,2.14,0.81,0.1,0.25,0.12,525,830,63.3,7922,2296,5.0,43,38,51,15,115,0,7,7,76,80,2.72,14,0.48,17,10,4,8,5,52.2,12,29,32,35,0,1169,35,138,33,32.7,739,107,49,65,44,898,302,1,0,0,22,3,1,0,0,87,30,60.0,0.2036199095022624,0.2714932126696833,0.4751131221719457,0.2036199095022624,0.257918552036199,0.257918552036199,0.2647058823529412,0.5226244343891403,0.0176470588235294,2.138009049773756,0.8144796380090499,17.816742081447963,28.16742081447964,268.84615384615387,77.9185520361991,0.169683257918552,1.4592760180995477,1.2895927601809951,1.7307692307692308,0.5090497737556561,3.9027149321266967,0.0,0.2375565610859728,0.2375565610859728,2.5791855203619907,0.5769230769230769,0.3393665158371041,0.1357466063348416,0.2714932126696833,0.169683257918552,0.4072398190045249,0.9841628959276018,1.0859728506787332,1.1877828054298645,39.671945701357465,1.1877828054298645,4.683257918552036,1.1199095022624437,25.079185520361992,3.631221719457014,1.66289592760181,2.2058823529411766,1.493212669683258,30.475113122171948,10.248868778280542,0.0339366515837104,0.0,0.746606334841629,0.1018099547511312,0.0339366515837104,0.0,0.0,2.9524886877828056,1.0180995475113122,FW,,attack,0
Nico Williams,es ESP,FW,Athletic Club,es La Liga,22.0,2002.0,29,22,1996,22.2,5,5,10,5,0,0,4.2,4.2,3.5,7.7,0.35,54,19,35.2,2.43,0.86,0.09,0.26,0.08,497,705,70.5,7797,1800,4.2,40,23,29,8,107,40,0,3,69,112,5.05,13,0.59,28,18,10,11,7,34.4,7,35,9,36,0,1064,8,113,68,36.4,697,118,58,62,46,767,254,1,0,0,17,5,0,0,0,96,11,39.3,0.2254509018036072,0.2254509018036072,0.4509018036072144,0.2254509018036072,0.18937875751503,0.18937875751503,0.157815631262525,0.3471943887775551,0.0157815631262525,2.434869739478958,0.8567134268537074,22.40981963927856,31.788577154308616,351.5681362725451,81.1623246492986,0.18937875751503,1.8036072144288575,1.037074148296593,1.307615230460922,0.3607214428857715,4.824649298597194,1.8036072144288575,0.0,0.1352705410821643,3.1112224448897794,1.2625250501002003,0.811623246492986,0.4509018036072144,0.4959919839679359,0.3156312625250501,0.3156312625250501,1.5781563126252505,0.405811623246493,1.623246492985972,47.97595190380761,0.3607214428857715,5.095190380761523,3.066132264529058,31.427855711422843,5.32064128256513,2.615230460921844,2.795591182364729,2.074148296593186,34.58416833667335,11.452905811623246,0.0450901803607214,0.0,0.7665330661322645,0.2254509018036072,0.0,0.0,0.0,4.328657314629258,0.4959919839679359,FW,,attack,0
Harry Wilson,wls WAL,"FW,MF",Fulham,eng Premier League,27.0,1997.0,25,12,1162,12.9,6,1,7,6,0,0,4.2,4.2,1.1,5.3,0.41,43,17,39.5,3.33,1.32,0.14,0.35,0.1,326,445,73.3,5413,1378,1.2,20,26,15,1,41,27,1,5,51,44,3.41,3,0.23,20,14,13,3,4,66.7,7,27,10,6,1,598,11,63,9,37.5,342,22,11,19,6,390,96,2,0,0,12,2,1,0,0,55,5,20.0,0.4647160068846816,0.0774526678141136,0.5421686746987953,0.4647160068846816,0.3253012048192771,0.3253012048192771,0.0851979345955249,0.4104991394148021,0.0317555938037865,3.3304647160068845,1.3166953528399312,25.249569707401037,34.466437177280554,419.25129087779686,106.72977624784856,0.0929432013769363,1.5490533562822717,2.0137693631669533,1.161790017211704,0.0774526678141136,3.1755593803786573,2.091222030981067,0.0774526678141136,0.3872633390705679,3.950086058519793,1.5490533562822717,1.0843373493975903,1.0068846815834769,0.2323580034423408,0.3098106712564544,0.5421686746987953,2.091222030981067,0.7745266781411358,0.4647160068846816,46.316695352839936,0.8519793459552496,4.879518072289157,0.6970740103270224,26.48881239242685,1.7039586919104992,0.8519793459552496,1.4716006884681585,0.4647160068846816,30.206540447504302,7.435456110154906,0.1549053356282272,0.0,0.9294320137693632,0.1549053356282272,0.0774526678141136,0.0,0.0,4.259896729776248,0.3872633390705679,FW,MF,attack,1
Jonas Wind,dk DEN,"FW,MF",Wolfsburg,de Bundesliga,25.0,1999.0,31,21,1966,21.8,9,3,12,8,1,2,5.7,4.0,4.2,8.1,0.45,38,11,28.9,1.74,0.5,0.21,0.73,0.1,432,612,70.6,6257,2209,4.7,34,66,24,0,7,0,6,0,100,65,2.97,6,0.27,10,6,1,8,1,50.0,6,16,15,20,0,810,17,88,6,30.0,450,17,12,55,28,637,94,2,0,0,15,5,0,0,0,59,98,49.5,0.4120040691759918,0.1373346897253306,0.5493387589013224,0.3662258392675483,0.2609359104781282,0.1831129196337741,0.1922685656154628,0.3708036622583927,0.0206002034587995,1.7395727365208544,0.503560528992879,19.77619532044761,28.01627670396745,286.4343845371312,101.12410986775178,0.2151576805696846,1.5564598168870805,3.021363173957274,1.0986775178026449,0.0,0.3204476093591047,0.0,0.2746693794506612,0.0,4.577822990844354,0.4577822990844354,0.2746693794506612,0.0457782299084435,0.3662258392675483,0.0457782299084435,0.2746693794506612,0.7324516785350966,0.6866734486266531,0.9155645981688708,37.08036622583927,0.7782299084435402,4.028484231943032,0.2746693794506612,20.600203458799594,0.7782299084435402,0.5493387589013224,2.517802644964395,1.281790437436419,29.16073245167853,4.303153611393693,0.091556459816887,0.0,0.6866734486266531,0.2288911495422177,0.0,0.0,0.0,2.700915564598169,4.486266531027467,FW,MF,attack,1
Yoane Wissa,cd COD,FW,Brentford,eng Premier League,27.0,1996.0,35,34,2919,32.4,19,4,23,19,0,0,18.5,18.5,2.6,21.1,0.65,90,41,45.6,2.77,1.26,0.21,0.46,0.21,450,588,76.5,6490,1617,1.8,27,44,13,1,20,1,5,1,67,69,2.13,10,0.31,22,12,6,8,8,40.7,8,30,21,23,3,925,34,163,15,30.6,550,60,34,77,35,658,154,5,0,0,34,10,1,0,0,81,30,45.5,0.5858170606372045,0.1233299075025693,0.709146968139774,0.5858170606372045,0.5704008221993834,0.5704008221993834,0.08016443987667,0.6505652620760535,0.0200411099691675,2.774922918807811,1.264131551901336,13.874614594039056,18.1294964028777,200.1027749229188,49.85611510791367,0.0554984583761562,0.8324768756423433,1.3566289825282631,0.4008221993833505,0.0308324768756423,0.6166495375128469,0.0308324768756423,0.1541623843782117,0.0308324768756423,2.0657759506680367,0.6783144912641316,0.3699897225077081,0.184994861253854,0.2466598150051387,0.2466598150051387,0.2466598150051387,0.9249743062692702,0.6474820143884893,0.709146968139774,28.520041109969167,1.0483042137718397,5.025693730729702,0.4624871531346351,16.957862281603287,1.8499486125385405,1.0483042137718397,2.3741007194244603,1.079136690647482,20.28776978417266,4.748201438848921,0.1541623843782117,0.0,1.0483042137718397,0.3083247687564234,0.0308324768756423,0.0,0.0,2.49743062692703,0.9249743062692702,FW,,attack,4
Nick Woltemade,de GER,"FW,MF",Stuttgart,de Bundesliga,22.0,2002.0,28,17,1622,18.0,12,2,14,10,2,3,10.2,8.0,4.6,12.6,0.82,46,23,50.0,2.55,1.28,0.22,0.43,0.17,345,489,70.6,4286,1058,3.4,37,31,23,0,6,0,5,2,52,79,4.38,10,0.55,10,7,2,4,4,60.0,1,11,15,14,1,788,19,159,31,43.7,470,31,22,84,50,623,141,5,1,1,24,3,0,0,0,53,47,43.1,0.6658446362515413,0.1109741060419235,0.7768187422934648,0.5548705302096177,0.5659679408138101,0.4438964241676942,0.2552404438964241,0.6991368680641183,0.0454993834771886,2.552404438964242,1.276202219482121,19.143033292231813,27.13316892725031,237.81750924784217,58.70530209617756,0.18865598027127,2.053020961775585,1.720098643649815,1.276202219482121,0.0,0.3329223181257706,0.0,0.2774352651048088,0.1109741060419235,2.885326757090012,0.5548705302096177,0.3884093711467324,0.1109741060419235,0.2219482120838471,0.2219482120838471,0.0554870530209617,0.6103575832305795,0.8323057953144267,0.7768187422934648,43.72379778051788,1.0542540073982738,8.822441430332923,1.720098643649815,26.078914919852032,1.720098643649815,1.220715166461159,4.660912453760789,2.7743526510480887,34.56843403205919,7.82367447595561,0.2774352651048088,0.0554870530209617,1.3316892725030829,0.1664611590628853,0.0,0.0,0.0,2.940813810110974,2.607891491985203,FW,MF,attack,4
Chris Wood,nz NZL,FW,Nott'ham Forest,eng Premier League,32.0,1991.0,36,35,2959,32.9,20,3,23,17,3,3,13.4,11.0,2.6,13.6,0.49,65,32,49.2,1.98,0.97,0.26,0.53,0.17,315,490,64.3,4434,1018,1.5,22,19,12,1,1,0,2,1,42,44,1.34,5,0.15,6,5,2,2,2,27.3,5,11,29,7,1,770,40,105,4,30.8,376,14,5,75,28,563,94,1,0,0,25,0,0,0,0,50,94,39.7,0.6083136194660358,0.0912470429199053,0.6995606623859412,0.5170665765461304,0.407570125042244,0.3345724907063196,0.0790807705305846,0.4136532612369043,0.0149036836769178,1.9770192632646164,0.9733017911456572,9.580939506590065,14.903683676917876,134.86312943562015,30.963163230821223,0.0456235214599526,0.6691449814126393,0.577897938492734,0.3649881716796215,0.0304156809733017,0.0304156809733017,0.0,0.0608313619466035,0.0304156809733017,1.2774586008786752,0.1824940858398107,0.1520784048665089,0.0608313619466035,0.0608313619466035,0.0608313619466035,0.1520784048665089,0.3345724907063196,0.8820547482257519,0.2129097668131125,23.42007434944238,1.2166272389320716,3.1936465021966884,0.1216627238932071,11.436296045961472,0.425819533626225,0.1520784048665089,2.2811760729976345,0.8516390672524501,17.12402838796891,2.859074011490368,0.0304156809733017,0.0,0.7603920243325448,0.0,0.0,0.0,0.0,1.5207840486650896,2.859074011490368,FW,,attack,1
Lamine Yamal,es ESP,FW,Barcelona,es La Liga,17.0,2007.0,35,31,2856,31.7,9,13,22,9,0,0,9.8,9.8,13.9,23.8,0.75,144,46,31.9,4.54,1.45,0.06,0.2,0.07,1161,1553,74.8,16208,4559,11.6,64,78,95,16,108,20,33,4,160,188,5.92,29,0.91,42,28,8,17,17,42.1,16,58,3,57,0,2094,9,226,161,50.9,1486,181,95,102,49,1723,433,3,0,0,30,11,2,0,0,123,1,25.0,0.2836134453781512,0.4096638655462185,0.6932773109243697,0.2836134453781512,0.3088235294117647,0.3088235294117647,0.4380252100840336,0.75,0.0236344537815126,4.53781512605042,1.4495798319327728,36.58613445378151,48.9390756302521,510.7563025210084,143.66596638655463,0.3655462184873949,2.016806722689076,2.457983193277311,2.9936974789915967,0.5042016806722689,3.403361344537815,0.6302521008403361,1.0399159663865547,0.1260504201680672,5.042016806722689,1.3235294117647058,0.8823529411764706,0.2521008403361344,0.5357142857142857,0.5357142857142857,0.5042016806722689,1.827731092436975,0.0945378151260504,1.7962184873949578,65.98739495798318,0.2836134453781512,7.121848739495798,5.073529411764706,46.82773109243698,5.703781512605042,2.9936974789915967,3.214285714285714,1.5441176470588236,54.29621848739495,13.644957983193276,0.0945378151260504,0.0,0.9453781512605044,0.3466386554621848,0.0630252100840336,0.0,0.0,3.8760504201680672,0.0315126050420168,FW,,attack,2
John Yeboah,ec ECU,"FW,MF",Venezia,it Serie A,24.0,2000.0,33,11,1226,13.6,1,1,2,1,0,0,3.0,3.0,1.9,4.9,0.36,30,10,33.3,2.2,0.73,0.03,0.1,0.1,258,354,72.9,3414,982,1.5,20,19,12,0,26,10,3,0,42,53,3.89,3,0.22,6,3,1,3,2,10.0,4,10,2,14,0,517,0,55,24,40.7,374,50,25,46,30,409,88,6,0,0,14,5,1,0,0,45,6,37.5,0.0734094616639478,0.0734094616639478,0.1468189233278956,0.0734094616639478,0.2202283849918433,0.2202283849918433,0.1394779771615008,0.3597063621533442,0.0264274061990212,2.202283849918434,0.734094616639478,18.93964110929853,25.98694942903752,250.61990212071777,72.08809135399675,0.1101141924959216,1.468189233278956,1.394779771615008,0.8809135399673735,0.0,1.9086460032626429,0.734094616639478,0.2202283849918433,0.0,3.0831973898858074,0.4404567699836867,0.2202283849918433,0.0734094616639478,0.2202283849918433,0.1468189233278956,0.2936378466557912,0.734094616639478,0.1468189233278956,1.0277324632952691,37.95269168026101,0.0,4.037520391517129,1.761827079934747,27.455138662316475,3.6704730831973897,1.8352365415986949,3.3768352365415986,2.202283849918434,30.02446982055465,6.460032626427406,0.4404567699836867,0.0,1.0277324632952691,0.367047308319739,0.0734094616639478,0.0,0.0,3.3034257748776508,0.4404567699836867,FW,MF,attack,3
Bertuğ Yıldırım,tr TUR,FW,Getafe,es La Liga,22.0,2002.0,22,14,1083,12.0,1,0,1,1,0,0,2.5,2.5,1.2,3.7,0.31,19,7,36.8,1.58,0.58,0.05,0.14,0.13,101,186,54.3,1304,287,0.6,9,9,9,3,7,0,0,0,14,21,1.75,1,0.08,10,5,0,7,3,28.6,1,11,16,4,0,323,21,46,7,43.8,133,8,2,40,15,209,48,7,0,0,33,4,1,0,0,24,73,53.7,0.0831024930747922,0.0,0.0831024930747922,0.0831024930747922,0.2077562326869806,0.2077562326869806,0.0997229916897506,0.3074792243767313,0.0257617728531855,1.5789473684210529,0.5817174515235457,8.393351800554017,15.457063711911356,108.36565096952909,23.85041551246537,0.0498614958448753,0.7479224376731303,0.7479224376731303,0.7479224376731303,0.2493074792243767,0.5817174515235457,0.0,0.0,0.0,1.1634349030470914,0.8310249307479225,0.4155124653739612,0.0,0.5817174515235457,0.2493074792243767,0.0831024930747922,0.9141274238227148,1.329639889196676,0.3324099722991689,26.84210526315789,1.745152354570637,3.822714681440443,0.5817174515235457,11.052631578947368,0.6648199445983379,0.1662049861495844,3.32409972299169,1.2465373961218835,17.36842105263158,3.988919667590028,0.5817174515235457,0.0,2.742382271468144,0.3324099722991689,0.0831024930747922,0.0,0.0,1.994459833795014,6.066481994459833,FW,,attack,3
Kenan Yıldız,tr TUR,"FW,MF",Juventus,it Serie A,19.0,2005.0,35,28,2402,26.7,7,4,11,7,0,0,4.3,4.3,5.0,9.3,0.35,61,22,36.1,2.29,0.82,0.11,0.32,0.07,896,1124,79.7,13767,3753,4.8,57,70,52,13,115,50,9,2,121,130,4.87,10,0.37,54,30,13,26,15,56.3,5,59,13,24,3,1485,17,103,59,53.2,964,115,43,86,41,1116,223,2,1,0,25,5,0,0,0,123,8,23.5,0.2622814321398834,0.1498751040799334,0.4121565362198168,0.2622814321398834,0.1611157368859284,0.1611157368859284,0.1873438800999167,0.3484596169858451,0.0131140716069941,2.285595337218984,0.8243130724396337,33.57202331390508,42.11490424646128,515.8326394671108,140.6203164029975,0.17985012489592,2.135720233139051,2.622814321398834,1.9483763530391345,0.4870940882597835,4.308909242298085,1.8734388009991676,0.3372189841798501,0.0749375520399667,4.533721898417985,2.0233139050791005,1.1240632805995003,0.4870940882597835,0.9741881765195672,0.5620316402997502,0.1873438800999167,2.2106577851790177,0.4870940882597835,0.8992506244796004,55.64113238967527,0.6369691923397169,3.8592839300582846,2.2106577851790177,36.11990008326395,4.308909242298085,1.611157368859284,3.222314737718568,1.5362198168193173,41.815154038301415,8.355537052456286,0.0749375520399667,0.0374687760199833,0.9367194004995836,0.1873438800999167,0.0,0.0,0.0,4.608659450457952,0.2997502081598668,FW,MF,attack,0
Mattia Zaccagni,it ITA,FW,Lazio,it Serie A,29.0,1995.0,34,33,2686,29.8,8,6,14,6,2,2,6.4,4.9,4.6,9.5,0.37,46,14,30.4,1.54,0.47,0.13,0.43,0.11,872,1151,75.8,14136,3758,4.1,55,51,39,6,156,101,10,6,114,107,3.59,9,0.3,38,27,13,21,4,50.0,29,67,22,31,2,1458,26,100,44,45.8,911,91,27,49,40,1084,264,10,0,0,35,6,0,0,0,86,19,47.5,0.2680565897244974,0.201042442293373,0.4690990320178704,0.201042442293373,0.2144452717795979,0.1641846612062546,0.1541325390915859,0.3183172002978406,0.012397617274758,1.54132539091586,0.4690990320178704,29.21816827997021,38.56664184661206,473.65599404318687,125.91958302308264,0.1373790022338049,1.8428890543559195,1.7088607594936709,1.306775874906925,0.201042442293373,5.2271034996277,3.3842144452717795,0.3350707371556217,0.201042442293373,3.819806403574088,1.2732688011913629,0.9046909903201786,0.4355919583023082,0.7036485480268057,0.1340282948622487,0.9717051377513032,2.2449739389426657,0.7371556217423678,1.0387192851824274,48.853313477289646,0.8711839166046165,3.350707371556217,1.4743112434847356,30.52494415487714,3.0491437081161576,0.9046909903201786,1.6418466120625466,1.340282948622487,36.3216679076694,8.845867460908414,0.3350707371556217,0.0,1.172747580044676,0.201042442293373,0.0,0.0,0.0,2.8816083395383467,0.6366344005956813,FW,,attack,3
Alessandro Zanoli,it ITA,"FW,DF",Genoa,it Serie A,23.0,2000.0,31,19,1711,19.0,1,0,1,1,0,0,0.4,0.4,1.6,2.0,0.11,11,3,27.3,0.58,0.16,0.09,0.33,0.04,339,507,66.9,5557,1725,1.1,19,10,21,13,65,0,2,1,27,32,1.68,1,0.05,29,20,11,14,4,43.5,12,41,40,24,0,720,29,43,20,35.7,364,65,24,32,9,442,90,3,0,0,17,1,0,0,0,60,19,50.0,0.0526008182349503,0.0,0.0526008182349503,0.0526008182349503,0.0210403272939801,0.0210403272939801,0.0841613091759205,0.1052016364699006,0.0057860900058445,0.5786090005844535,0.1578024547048509,17.83167738164816,26.668614845119816,292.3027469316189,90.7364114552893,0.0578609000584453,0.9994155464640562,0.5260081823495032,1.1046171829339566,0.6838106370543542,3.4190531852717707,0.0,0.1052016364699006,0.0526008182349503,1.4202220923436588,1.5254237288135593,1.0520163646990064,0.5786090005844535,0.7364114552893045,0.2104032729398012,0.6312098188194039,2.156633547632963,2.104032729398013,1.2624196376388075,37.87258912916423,1.5254237288135593,2.261835184102864,1.0520163646990064,19.14669783752192,3.4190531852717707,1.2624196376388075,1.68322618351841,0.4734073641145529,23.24956165984804,4.734073641145529,0.1578024547048509,0.0,0.8942139099941555,0.0526008182349503,0.0,0.0,0.0,3.1560490940970194,0.9994155464640562,FW,DF,attack,3
Bryan Zaragoza,es ESP,"FW,MF",Osasuna,es La Liga,23.0,2001.0,27,22,1836,20.4,1,6,7,1,0,0,2.7,2.7,3.2,5.9,0.29,42,13,31.0,2.06,0.64,0.02,0.08,0.06,358,554,64.6,6526,1835,5.1,36,23,34,20,104,28,4,5,50,71,3.49,9,0.44,13,9,8,4,1,28.6,4,17,8,19,0,782,4,84,57,43.5,544,105,51,41,15,585,140,4,0,0,19,5,0,0,0,55,2,16.7,0.0490196078431372,0.2941176470588235,0.3431372549019608,0.0490196078431372,0.1323529411764706,0.1323529411764706,0.1568627450980392,0.2892156862745098,0.0142156862745098,2.0588235294117645,0.6372549019607843,17.54901960784314,27.15686274509804,319.9019607843137,89.95098039215686,0.2499999999999999,1.7647058823529411,1.1274509803921569,1.6666666666666663,0.9803921568627452,5.098039215686274,1.3725490196078431,0.196078431372549,0.2450980392156863,2.450980392156863,0.6372549019607843,0.4411764705882353,0.3921568627450981,0.196078431372549,0.0490196078431372,0.196078431372549,0.8333333333333333,0.3921568627450981,0.931372549019608,38.333333333333336,0.196078431372549,4.117647058823529,2.794117647058824,26.666666666666664,5.147058823529411,2.5,2.0098039215686274,0.7352941176470589,28.676470588235293,6.862745098039215,0.196078431372549,0.0,0.931372549019608,0.2450980392156863,0.0,0.0,0.0,2.696078431372549,0.0980392156862745,FW,MF,attack,0
Anass Zaroury,ma MAR,"FW,MF",Lens,fr Ligue 1,23.0,2000.0,28,16,1405,15.6,2,2,4,2,0,0,1.7,1.7,2.9,4.6,0.29,35,12,34.3,2.24,0.77,0.06,0.17,0.05,506,746,67.8,8251,2733,3.3,35,39,34,13,125,39,3,5,65,72,4.61,4,0.26,23,17,6,12,5,34.6,6,29,15,31,0,893,11,26,17,48.6,541,49,8,27,14,660,107,3,1,1,13,3,1,0,0,59,2,28.6,0.1281138790035587,0.1281138790035587,0.2562277580071174,0.1281138790035587,0.1088967971530249,0.1088967971530249,0.1857651245551601,0.294661921708185,0.018576512455516,2.2419928825622777,0.7686832740213524,32.412811387900355,47.786476868327405,528.5338078291815,175.067615658363,0.2113879003558718,2.2419928825622777,2.498220640569395,2.1779359430604983,0.8327402135231317,8.007117437722421,2.498220640569395,0.1921708185053381,0.3202846975088967,4.1637010676156585,1.4733096085409254,1.0889679715302492,0.3843416370106762,0.7686832740213524,0.3202846975088967,0.3843416370106762,1.8576512455516012,0.9608540925266904,1.98576512455516,57.20284697508897,0.704626334519573,1.665480427046263,1.0889679715302492,34.654804270462634,3.138790035587189,0.5124555160142349,1.729537366548043,0.896797153024911,42.27758007117438,6.854092526690391,0.1921708185053381,0.0640569395017793,0.8327402135231317,0.1921708185053381,0.0640569395017793,0.0,0.0,3.7793594306049823,0.1281138790035587,FW,MF,attack,0
Edon Zhegrova,xk KVX,"FW,MF",Lille,fr Ligue 1,25.0,1999.0,12,12,978,10.9,4,1,5,4,0,0,2.3,2.3,2.2,4.5,0.41,23,9,39.1,2.12,0.83,0.17,0.44,0.1,316,416,76.0,4971,1467,2.4,16,17,26,3,58,33,2,1,54,38,3.5,3,0.28,5,2,3,0,2,28.6,4,9,1,8,0,524,0,35,23,41.8,360,37,18,23,29,396,81,1,0,0,10,2,0,0,0,42,3,60.0,0.3680981595092025,0.0920245398773006,0.4601226993865031,0.3680981595092025,0.2116564417177913,0.2116564417177913,0.2024539877300613,0.4141104294478528,0.0377300613496932,2.1165644171779143,0.8282208588957056,29.079754601226995,38.282208588957054,457.4539877300613,135.0,0.2208588957055214,1.47239263803681,1.5644171779141105,2.392638036809816,0.2760736196319018,5.337423312883436,3.03680981595092,0.1840490797546012,0.0920245398773006,4.969325153374233,0.4601226993865031,0.1840490797546012,0.2760736196319018,0.0,0.1840490797546012,0.3680981595092025,0.8282208588957056,0.0920245398773006,0.736196319018405,48.22085889570552,0.0,3.220858895705521,2.1165644171779143,33.12883435582822,3.4049079754601226,1.6564417177914113,2.1165644171779143,2.668711656441718,36.44171779141104,7.453987730061349,0.0920245398773006,0.0,0.9202453987730062,0.1840490797546012,0.0,0.0,0.0,3.865030674846626,0.2760736196319018,FW,MF,attack,0
Joshua Zirkzee,nl NED,"FW,MF",Manchester Utd,eng Premier League,23.0,2001.0,32,14,1402,15.6,3,1,4,3,0,0,4.8,4.8,1.5,6.3,0.41,28,11,39.3,1.8,0.71,0.11,0.27,0.17,292,410,71.2,3600,901,1.1,12,26,6,0,4,0,6,2,44,31,1.99,3,0.19,14,8,3,8,3,50.0,6,20,8,15,1,587,16,56,11,31.4,327,14,4,41,30,418,69,2,0,0,9,1,1,0,0,57,21,28.0,0.1925820256776034,0.0641940085592011,0.2567760342368045,0.1925820256776034,0.3081312410841654,0.3081312410841654,0.0962910128388017,0.4044222539229671,0.0263195435092724,1.797432239657632,0.7061340941512125,18.74465049928673,26.319543509272467,231.0984308131241,57.83880171184023,0.0706134094151212,0.7703281027104137,1.66904422253923,0.3851640513552068,0.0,0.2567760342368045,0.0,0.3851640513552068,0.1283880171184022,2.82453637660485,0.8987161198288159,0.5135520684736091,0.1925820256776034,0.5135520684736091,0.1925820256776034,0.3851640513552068,1.2838801711840229,0.5135520684736091,0.9629101283880172,37.68188302425106,1.0271041369472182,3.594864479315264,0.7061340941512125,20.99144079885877,0.8987161198288159,0.2567760342368045,2.6319543509272467,1.9258202567760343,26.833095577746075,4.429386590584879,0.1283880171184022,0.0,0.5777460770328102,0.0641940085592011,0.0641940085592011,0.0,0.0,3.6590584878744647,1.348074179743224,FW,MF,attack,1
Budu Zivzivadze,ge GEO,FW,Heidenheim,de Bundesliga,30.0,1994.0,15,10,958,10.6,2,3,5,2,0,0,1.7,1.7,1.5,3.2,0.3,22,9,40.9,2.07,0.85,0.09,0.22,0.08,142,205,69.3,2120,442,1.4,12,7,8,2,4,0,1,0,20,26,2.45,4,0.38,17,11,1,9,7,50.0,3,20,7,10,0,332,7,37,9,30.0,185,11,2,27,16,219,43,0,0,0,9,1,0,0,0,33,23,26.7,0.1878914405010438,0.2818371607515658,0.4697286012526096,0.1878914405010438,0.1597077244258872,0.1597077244258872,0.1409185803757829,0.3006263048016702,0.0281837160751565,2.066805845511482,0.8455114822546972,13.340292275574113,19.258872651356995,199.1649269311065,41.52400835073069,0.1315240083507306,1.1273486430062631,0.6576200417536534,0.7515657620041752,0.1878914405010438,0.3757828810020876,0.0,0.0939457202505219,0.0,1.8789144050104385,1.5970772442588728,1.033402922755741,0.0939457202505219,0.8455114822546972,0.6576200417536534,0.2818371607515658,1.8789144050104385,0.6576200417536534,0.9394572025052192,31.18997912317328,0.6576200417536534,3.475991649269311,0.8455114822546972,17.379958246346558,1.033402922755741,0.1878914405010438,2.536534446764092,1.5031315240083505,20.5741127348643,4.039665970772443,0.0,0.0,0.8455114822546972,0.0939457202505219,0.0,0.0,0.0,3.1002087682672235,2.160751565762004,FW,,attack,3
Milan Đurić,ba BIH,FW,Monza,it Serie A,34.0,1990.0,18,13,1270,14.1,4,1,5,4,0,0,2.9,2.9,1.1,4.0,0.28,23,10,43.5,1.63,0.71,0.17,0.4,0.13,131,266,49.2,1564,442,0.2,5,16,2,0,0,0,0,2,21,7,0.5,1,0.07,1,1,0,1,0,0.0,2,3,17,1,0,358,18,31,4,66.7,150,2,1,15,14,289,30,3,0,0,17,0,0,0,0,13,132,72.5,0.2834645669291338,0.0708661417322834,0.3543307086614173,0.2834645669291338,0.205511811023622,0.205511811023622,0.0779527559055118,0.2834645669291338,0.0198425196850393,1.6299212598425197,0.7086614173228346,9.283464566929135,18.850393700787404,110.83464566929132,31.32283464566929,0.0141732283464566,0.3543307086614173,1.1338582677165354,0.1417322834645669,0.0,0.0,0.0,0.0,0.1417322834645669,1.4881889763779528,0.0708661417322834,0.0708661417322834,0.0,0.0708661417322834,0.0,0.1417322834645669,0.2125984251968504,1.204724409448819,0.0708661417322834,25.37007874015748,1.2755905511811023,2.1968503937007875,0.2834645669291338,10.62992125984252,0.1417322834645669,0.0708661417322834,1.062992125984252,0.9921259842519684,20.48031496062992,2.125984251968504,0.2125984251968504,0.0,1.204724409448819,0.0,0.0,0.0,0.0,0.9212598425196852,9.354330708661417,FW,,attack,1
