Player,Nation,Pos,Squad,Comp,Age,Born,MP,Starts,Min,90s,Gls,Ast,G+A,G-PK,PK,PKatt,xG,npxG,xAG,npxG+xAG,xG+xAG,Sh,SoT,SoT%,Sh/90,SoT/90,G/Sh,G/SoT,npxG/Sh,Cmp,Att,Cmp%,TotDist,PrgDist,xA,KP,1/3,PPA,CrsPA,Crs,CK,TB,Sw,PrgP,SCA,SCA90,GCA,GCA90,Tkl,TklW,Def 3rd,Mid 3rd,Att 3rd,Tkl%,Int,Tkl+Int,Clr,Blocks,Err,Touches,Def Pen,Att Pen,Succ,Succ%,Carries,PrgC,CPA,Mis,Dis,Rec,PrgR,CrdY,CrdR,2CrdY,Fls,Fld,PKwon,PKcon,OG,Recov,Won,Won%
Max Aarons,eng ENG,DF,Bournemouth,eng Premier League,24.0,2000.0,3,1,86,1.0,0,0,0,0,0,0,0.0,0.0,0.0,0.0,0.0,0,0,,0.0,0.0,,,,50,63,79.4,887,361,0.0,0,8,0,0,2,0,0,0,8,2,2.09,0,0.0,2,2,1,1,0,100.0,1,3,0,1,0,73,2,0,0,0.0,41,1,0,1,0,40,3,0,0,0,0,0,0,0,0,7,0,
Max Aarons,eng ENG,"DF,MF",Valencia,es La Liga,24.0,2000.0,4,1,120,1.3,0,0,0,0,0,0,0.0,0.0,0.0,0.0,0.02,0,0,,0.0,0.0,,,,47,66,71.2,705,190,0.0,1,2,0,0,5,0,0,0,6,1,0.75,0,0.0,4,4,2,2,0,80.0,0,4,3,1,0,85,1,0,1,25.0,46,0,0,3,1,49,10,2,0,0,0,0,0,0,0,7,2,66.7
Rodrigo Abajas,es ESP,DF,Valencia,es La Liga,21.0,2003.0,1,1,65,0.7,0,0,0,0,0,0,0.1,0.1,0.0,0.1,0.1,1,0,0.0,1.38,0.0,0.0,,0.07,17,29,58.6,268,110,0.0,0,0,0,0,1,0,0,0,2,0,0.0,0,0.0,3,2,2,1,0,100.0,1,4,0,2,0,36,1,1,1,100.0,13,3,1,0,2,16,3,1,0,0,2,0,0,0,0,2,0,0.0
James Abankwah,ie IRL,"DF,MF",Udinese,it Serie A,20.0,2004.0,6,0,88,1.0,0,0,0,0,0,0,0.1,0.1,0.0,0.1,0.06,1,0,0.0,1.02,0.0,0.0,,0.06,36,46,78.3,614,206,0.0,0,2,0,0,0,0,0,0,4,1,1.02,0,0.0,4,2,4,0,0,66.7,1,5,3,0,0,65,8,2,0,,29,3,1,1,3,34,1,1,0,0,4,0,0,0,0,7,2,50.0
Keyliane Abdallah,fr FRA,FW,Marseille,fr Ligue 1,18.0,2006.0,1,0,3,0.0,0,0,0,0,0,0,0.0,0.0,0.0,0.0,0.0,0,0,,0.0,0.0,,,,2,2,100.0,41,0,0.0,0,0,0,0,0,0,0,0,0,0,0.0,0,0.0,1,1,1,0,0,100.0,0,1,0,0,0,4,0,0,0,,1,1,0,1,0,3,0,0,0,0,0,0,0,0,0,0,0,
Yunis Abdelhamid,ma MAR,DF,Saint-Étienne,fr Ligue 1,36.0,1987.0,16,11,1033,11.5,0,0,0,0,0,0,0.2,0.2,0.1,0.4,0.03,2,1,50.0,0.17,0.09,0.0,0.0,0.12,438,505,86.7,7952,2404,0.3,2,28,0,0,0,0,0,0,22,6,0.55,0,0.0,17,11,15,2,0,62.5,14,31,57,1,1,641,127,7,3,42.9,322,4,0,8,3,393,3,2,0,0,16,0,0,0,0,42,19,65.5
Himad Abdelli,dz ALG,"MF,FW",Angers,fr Ligue 1,24.0,1999.0,32,32,2842,31.6,6,1,7,3,3,4,6.4,3.2,3.2,6.4,0.3,35,8,22.9,1.11,0.25,0.09,0.38,0.09,1373,1672,82.1,21646,6031,3.7,39,171,38,3,44,10,23,13,207,94,2.98,5,0.16,48,32,13,20,15,31.3,26,74,28,31,2,1993,38,49,57,47.1,1183,107,17,55,51,1446,111,4,0,0,48,3,0,0,0,193,13,39.4
Mohamed Abdelmoneim,eg EGY,DF,Nice,fr Ligue 1,25.0,1999.0,12,10,855,9.5,0,0,0,0,0,0,0.0,0.0,0.0,0.0,0.0,0,0,,0.0,0.0,,,,471,521,90.4,8299,2620,0.2,0,41,1,0,2,0,0,7,52,8,0.84,0,0.0,21,14,12,6,3,59.1,15,36,56,2,1,635,70,3,1,25.0,342,6,0,4,3,386,5,2,0,0,9,0,0,0,0,50,31,62.0
Ali Abdi,tn TUN,"DF,MF",Nice,fr Ligue 1,30.0,1993.0,25,17,1393,15.5,5,2,7,5,0,0,4.3,4.3,1.9,6.2,0.4,29,11,37.9,1.87,0.71,0.17,0.45,0.17,502,678,74.0,7914,2701,1.7,20,19,21,7,51,0,0,2,42,45,2.91,3,0.19,43,25,18,14,11,65.1,20,63,37,22,0,886,51,50,12,41.4,391,35,9,32,14,481,101,2,0,0,27,0,0,0,0,72,22,61.1
Saud Abdulhamid,sa KSA,DF,Roma,it Serie A,25.0,1999.0,4,2,205,2.3,0,1,1,0,0,0,0.0,0.0,0.2,0.2,0.09,1,0,0.0,0.44,0.0,0.0,,0.03,118,136,86.8,1766,368,0.2,2,4,4,2,7,0,0,0,9,6,2.65,1,0.44,3,2,2,0,1,100.0,2,5,0,3,0,157,0,7,3,37.5,90,6,2,5,1,108,26,0,0,0,2,1,0,1,0,3,0,0.0
Abel,es ESP,DF,Osasuna,es La Liga,23.0,2000.0,35,20,2074,23.0,2,0,2,2,0,0,0.5,0.5,1.0,1.6,0.07,12,4,33.3,0.52,0.17,0.17,0.5,0.04,776,1071,72.5,12899,5046,1.5,16,57,18,13,85,0,3,2,77,39,1.69,4,0.17,61,37,28,25,8,61.9,18,79,64,47,2,1322,65,19,18,51.4,605,50,7,27,18,683,92,3,0,0,25,1,0,1,0,106,20,54.1
Nabil Aberdin,fr FRA,MF,Getafe,es La Liga,21.0,2002.0,7,4,263,2.9,0,0,0,0,0,0,0.0,0.0,0.0,0.1,0.02,2,0,0.0,0.68,0.0,0.0,,0.02,36,61,59.0,680,267,0.1,1,7,2,0,0,0,0,1,6,3,1.03,0,0.0,6,4,3,3,0,100.0,0,6,5,3,0,87,6,2,2,66.7,34,2,0,1,1,36,2,1,0,0,7,0,0,0,0,8,10,76.9
Oliver Abildgaard,dk DEN,MF,Como,it Serie A,28.0,1996.0,1,0,7,0.1,0,0,0,0,0,0,0.0,0.0,0.0,0.0,0.0,0,0,,0.0,0.0,,,,1,1,100.0,21,7,0.0,0,0,0,0,0,0,0,0,0,0,0.0,0,0.0,0,0,0,0,0,,0,0,0,0,0,2,0,0,0,,0,0,0,0,0,0,0,0,0,0,0,0,0,0,0,0,0,
Matthis Abline,fr FRA,FW,Nantes,fr Ligue 1,21.0,2003.0,34,33,2768,30.8,9,2,11,8,1,1,8.5,7.7,3.8,11.5,0.4,73,26,35.6,2.37,0.85,0.11,0.31,0.11,351,538,65.2,5145,976,3.4,27,23,15,4,30,0,3,4,48,61,1.98,9,0.29,11,5,2,4,5,33.3,4,15,36,27,1,878,34,142,35,40.7,587,75,42,92,65,689,169,3,0,0,34,3,0,0,0,83,64,45.7
Abner,br BRA,DF,Lyon,fr Ligue 1,24.0,2000.0,19,12,1090,12.1,1,1,2,1,0,0,0.6,0.6,1.1,1.7,0.14,7,3,42.9,0.58,0.25,0.14,0.33,0.08,568,675,84.1,8355,3494,2.3,11,45,11,2,31,6,1,5,66,25,2.06,1,0.08,29,20,12,10,7,65.6,5,34,41,19,0,791,40,22,6,50.0,426,31,5,14,8,513,55,1,0,0,16,0,0,0,0,45,7,43.8
Zakaria Aboukhlal,ma MAR,"MF,FW",Toulouse,fr Ligue 1,24.0,2000.0,26,22,1901,21.1,7,2,9,6,1,2,10.2,8.6,1.6,10.2,0.56,62,26,41.9,2.94,1.23,0.1,0.23,0.14,221,349,63.3,2789,753,2.0,12,16,10,4,33,3,0,0,22,34,1.61,7,0.33,22,13,7,8,7,17.4,6,28,9,14,0,613,6,113,16,30.2,375,34,19,64,26,450,164,4,0,0,35,4,2,0,0,61,22,36.7
Abdel Abqar,ma MAR,DF,Alavés,es La Liga,25.0,1999.0,29,29,2463,27.4,0,1,1,0,0,0,0.9,0.9,0.3,1.2,0.04,12,1,8.3,0.44,0.04,0.0,0.0,0.08,719,939,76.6,16039,5771,0.4,8,67,10,2,5,0,1,17,79,25,0.91,3,0.11,36,23,24,11,1,58.8,39,75,146,6,1,1251,160,25,3,75.0,632,16,0,18,3,650,4,13,0,0,47,1,1,2,0,87,40,53.3
Tammy Abraham,eng ENG,FW,Roma,it Serie A,26.0,1997.0,1,0,1,0.0,0,0,0,0,0,0,0.0,0.0,0.0,0.0,0.0,0,0,,0.0,0.0,,,,1,3,33.3,44,32,0.0,0,1,0,0,0,0,0,0,1,0,0.0,0,0.0,0,0,0,0,0,0.0,0,0,0,0,0,4,0,1,0,,3,0,0,1,0,4,2,0,0,0,0,0,0,0,0,0,1,100.0
Tammy Abraham,eng ENG,FW,Milan,it Serie A,26.0,1997.0,28,12,1183,13.1,3,4,7,2,1,2,7.1,5.4,2.2,7.6,0.7,26,11,42.3,1.98,0.84,0.08,0.18,0.21,152,221,68.8,1956,534,1.3,14,13,10,0,3,0,5,0,26,33,2.51,9,0.68,17,11,2,10,5,75.0,2,19,16,6,0,367,20,57,4,28.6,158,8,4,22,13,241,69,1,0,0,23,1,1,0,0,12,36,52.2
Federico Accornero,it ITA,MF,Genoa,it Serie A,20.0,2004.0,1,0,5,0.1,0,0,0,0,0,0,0.0,0.0,0.0,0.0,0.0,0,0,,0.0,0.0,,,,4,6,66.7,55,19,0.0,0,0,0,0,1,0,0,0,0,0,0.0,0,0.0,0,0,0,0,0,,0,0,0,1,0,8,1,0,0,,5,0,0,2,0,5,0,0,0,0,0,0,0,0,0,1,0,0.0
Francesco Acerbi,it ITA,DF,Inter,it Serie A,36.0,1988.0,23,20,1710,19.0,0,1,1,0,0,0,0.4,0.4,0.6,1.0,0.05,5,1,20.0,0.26,0.05,0.0,0.0,0.08,1200,1297,92.5,22280,6158,1.4,9,59,8,5,10,0,0,2,62,20,1.05,1,0.05,23,19,16,7,0,64.7,26,49,81,5,0,1484,139,20,3,75.0,915,19,1,7,2,1101,22,0,0,0,11,0,0,0,0,62,61,67.0
Joshua Acheampong,eng ENG,DF,Chelsea,eng Premier League,18.0,2006.0,4,2,170,1.9,0,0,0,0,0,0,0.2,0.2,0.0,0.2,0.12,2,0,0.0,1.06,0.0,0.0,,0.11,104,124,83.9,2025,705,0.0,0,6,0,0,0,0,0,0,8,2,1.06,0,0.0,2,1,2,0,0,100.0,1,3,2,2,0,137,7,3,1,50.0,106,0,0,2,0,111,0,1,0,0,0,0,0,0,0,7,1,14.3
Akor Adams,ng NGA,FW,Sevilla,es La Liga,24.0,2000.0,4,1,134,1.5,0,0,0,0,0,0,0.4,0.4,0.0,0.4,0.29,2,1,50.0,1.34,0.67,0.0,0.0,0.22,20,27,74.1,334,48,0.0,0,3,1,0,0,0,0,0,5,0,0.0,0,0.0,0,0,0,0,0,,0,0,1,0,0,34,1,1,1,100.0,5,0,0,2,0,20,5,0,0,0,1,0,0,0,0,4,6,37.5
Akor Adams,ng NGA,FW,Montpellier,fr Ligue 1,24.0,2000.0,15,13,1075,11.9,3,1,4,3,0,0,4.3,4.3,1.0,5.3,0.44,26,12,46.2,2.18,1.0,0.12,0.25,0.16,112,179,62.6,1540,198,0.1,12,8,0,0,5,0,1,2,6,25,2.09,5,0.42,4,3,1,2,1,75.0,1,5,5,7,1,251,5,49,7,50.0,126,11,7,16,14,174,45,2,0,0,17,2,2,0,0,24,28,50.9
Che Adams,sct SCO,FW,Torino,it Serie A,28.0,1996.0,36,30,2652,29.5,9,3,12,9,0,1,9.0,8.2,2.0,10.2,0.37,63,25,39.7,2.14,0.85,0.14,0.36,0.13,414,557,74.3,6531,1184,2.9,26,32,7,0,10,0,4,5,40,63,2.14,5,0.17,12,6,2,4,6,14.3,2,14,18,17,0,802,19,104,11,29.7,509,23,9,63,34,630,153,2,0,0,29,5,0,0,0,50,36,36.7
Tyler Adams,us USA,MF,Bournemouth,eng Premier League,25.0,1999.0,28,21,1965,21.8,0,3,3,0,0,0,1.6,1.6,1.0,2.6,0.12,9,2,22.2,0.41,0.09,0.0,0.0,0.18,902,1069,84.4,14322,3525,0.8,18,67,4,1,3,0,2,1,76,41,1.88,4,0.18,83,50,26,49,8,54.2,32,115,42,14,0,1337,62,18,4,22.2,663,14,1,28,12,757,10,7,0,0,45,1,0,1,0,114,31,63.3
Junior Adamu,at AUT,FW,Freiburg,de Bundesliga,23.0,2001.0,25,19,1545,17.2,2,2,4,2,0,0,5.5,5.5,2.4,7.9,0.46,36,11,30.6,2.1,0.64,0.06,0.18,0.16,198,312,63.5,2376,316,1.9,17,7,8,0,5,0,2,0,14,29,1.69,3,0.17,9,3,3,3,3,27.3,12,21,20,12,0,534,21,80,10,34.5,275,8,4,59,24,350,84,5,1,0,38,3,0,0,0,52,53,32.9
Tosin Adarabioyo,eng ENG,DF,Chelsea,eng Premier League,26.0,1997.0,22,15,1409,15.7,1,1,2,1,0,0,0.9,0.9,0.2,1.2,0.07,13,2,15.4,0.83,0.13,0.08,0.5,0.07,1079,1184,91.1,19805,7144,0.2,1,62,1,0,0,0,2,3,42,15,0.96,1,0.06,17,13,11,6,0,66.7,11,28,80,3,0,1330,175,14,4,66.7,777,5,0,4,0,1000,1,4,0,0,8,0,0,0,0,41,42,60.0
Martin Adeline,fr FRA,MF,Reims,fr Ligue 1,20.0,2003.0,1,0,26,0.3,0,0,0,0,0,0,0.0,0.0,0.0,0.0,0.0,0,0,,0.0,0.0,,,,8,10,80.0,138,11,0.0,0,1,0,0,0,0,0,0,0,0,0.0,0,0.0,1,1,0,1,0,50.0,0,1,2,0,0,14,2,1,0,,6,1,1,0,0,9,1,0,0,0,0,0,0,0,0,0,0,0.0
Karim Adeyemi,de GER,"FW,MF",Dortmund,de Bundesliga,22.0,2002.0,25,17,1433,15.9,7,6,13,7,0,0,5.5,5.5,6.0,11.5,0.72,46,18,39.1,2.89,1.13,0.15,0.39,0.12,298,401,74.3,4376,889,4.1,28,10,19,2,26,2,3,2,28,57,3.58,11,0.69,20,14,6,6,8,40.0,7,27,5,20,0,636,9,88,40,42.6,417,68,41,43,31,465,153,4,0,0,27,2,0,0,0,48,9,40.9
Simon Adingra,ci CIV,"FW,MF",Brighton,eng Premier League,22.0,2002.0,29,12,1097,12.2,2,2,4,2,0,0,2.5,2.5,2.5,4.9,0.4,33,8,24.2,2.71,0.66,0.06,0.25,0.07,290,382,75.9,4148,820,2.8,16,5,17,6,41,1,2,0,18,47,3.86,7,0.57,23,14,10,8,5,38.5,8,31,6,12,2,548,10,76,21,42.0,366,50,27,39,12,388,136,0,0,0,13,0,0,0,0,47,7,63.6
Amine Adli,ma MAR,"MF,FW",Leverkusen,de Bundesliga,24.0,2000.0,20,6,766,8.5,2,0,2,2,0,0,2.7,2.7,0.7,3.4,0.4,20,7,35.0,2.35,0.82,0.1,0.29,0.14,267,360,74.2,3379,721,1.9,11,9,15,4,33,3,0,2,24,29,3.41,0,0.0,15,9,4,2,9,36.4,0,15,4,14,0,468,4,53,15,46.9,248,37,11,20,6,350,100,3,0,0,15,4,2,0,0,30,21,44.7
Yacine Adli,fr FRA,MF,Fiorentina,it Serie A,24.0,2000.0,25,14,1219,13.5,4,6,10,4,0,0,1.0,1.0,2.4,3.4,0.25,14,5,35.7,1.03,0.37,0.29,0.8,0.07,718,890,80.7,14050,4602,2.2,23,84,16,4,63,39,3,14,103,50,3.64,10,0.73,32,19,11,16,5,43.6,6,38,19,12,0,1021,31,11,12,37.5,618,24,3,19,8,690,30,3,1,1,9,1,0,0,0,77,5,23.8
Adryelson,br BRA,DF,Lyon,fr Ligue 1,26.0,1998.0,1,0,1,0.0,0,0,0,0,0,0,0.0,0.0,0.0,0.0,0.0,0,0,,0.0,0.0,,,,1,3,33.3,21,19,0.0,0,0,0,0,0,0,0,0,1,0,0.0,0,0.0,0,0,0,0,0,,1,1,1,0,0,5,1,0,0,,1,0,0,0,0,1,0,1,0,0,0,0,0,0,0,0,1,100.0
Vasilije Adžić,me MNE,"MF,FW",Juventus,it Serie A,18.0,2006.0,6,0,42,0.5,0,0,0,0,0,0,0.0,0.0,0.0,0.0,0.05,1,1,100.0,2.14,2.14,0.0,0.0,0.03,15,20,75.0,255,52,0.0,0,1,1,0,0,0,0,0,1,2,4.29,0,0.0,2,2,0,1,1,0.0,0,2,0,1,0,24,0,2,0,0.0,14,0,0,1,1,20,3,0,0,0,1,0,0,0,0,3,2,40.0
Michel Aebischer,ch SUI,MF,Bologna,it Serie A,27.0,1997.0,14,9,724,8.0,0,0,0,0,0,0,0.4,0.4,0.4,0.8,0.09,10,5,50.0,1.24,0.62,0.0,0.0,0.04,366,419,87.4,6537,1452,0.6,8,41,5,2,14,8,1,5,33,18,2.23,0,0.0,18,13,8,7,3,71.4,7,25,6,4,0,485,11,10,3,50.0,291,8,2,5,7,346,17,2,0,0,16,0,0,0,0,35,5,35.7
Oladapo Afolayan,eng ENG,"FW,MF",St. Pauli,de Bundesliga,26.0,1998.0,32,17,1639,18.2,3,1,4,3,0,0,3.1,3.1,3.8,7.0,0.38,38,13,34.2,2.09,0.71,0.08,0.23,0.08,320,461,69.4,5556,1270,3.6,21,23,14,10,53,0,1,4,32,52,2.86,6,0.33,17,8,4,8,5,36.8,8,25,20,31,0,741,13,62,48,49.0,495,53,28,63,45,555,108,3,0,0,21,5,1,0,0,72,19,29.7
Emmanuel Agbadou,ci CIV,DF,Wolves,eng Premier League,27.0,1997.0,16,16,1410,15.7,1,0,1,1,0,0,0.8,0.8,0.2,1.1,0.07,7,2,28.6,0.45,0.13,0.14,0.5,0.12,855,1001,85.4,17344,6203,0.3,4,40,1,0,2,0,1,11,31,17,1.09,3,0.19,30,19,21,9,0,65.0,12,42,90,5,0,1172,190,7,10,76.9,758,6,0,6,4,796,2,3,0,0,7,0,0,0,0,83,26,56.5
Emmanuel Agbadou,ci CIV,DF,Reims,fr Ligue 1,27.0,1997.0,14,14,1260,14.0,0,0,0,0,0,0,0.5,0.5,0.3,0.8,0.06,15,3,20.0,1.07,0.21,0.0,0.0,0.04,810,922,87.9,16521,6962,0.3,8,71,4,1,1,0,3,22,77,21,1.5,1,0.07,25,17,19,3,3,73.1,19,44,64,4,1,1080,178,4,9,75.0,621,10,0,9,6,701,0,3,0,0,13,0,0,0,0,85,18,62.1
Asher Agbinone,eng ENG,MF,Crystal Palace,eng Premier League,18.0,2005.0,2,0,6,0.1,0,0,0,0,0,0,0.0,0.0,0.0,0.1,0.79,1,0,0.0,15.0,0.0,0.0,,0.02,2,3,66.7,32,0,0.0,1,0,0,0,1,0,0,0,0,1,15.0,0,0.0,2,1,0,2,0,,0,2,0,0,0,8,0,0,0,0.0,5,2,0,0,1,5,1,0,0,0,0,0,0,0,0,0,0,0.0
Jeremy Agbonifo,se SWE,"FW,MF",Lens,fr Ligue 1,18.0,2005.0,8,1,300,3.3,1,0,1,1,0,0,0.7,0.7,0.2,0.9,0.26,6,4,66.7,1.8,1.2,0.17,0.25,0.11,58,80,72.5,743,182,0.4,3,4,4,2,7,0,0,0,6,8,2.4,0,0.0,7,6,6,0,1,42.9,1,8,0,4,1,131,1,16,9,45.0,84,13,10,11,6,92,36,1,0,0,14,0,0,0,0,9,1,10.0
Lucien Agoume,fr FRA,MF,Sevilla,es La Liga,22.0,2002.0,35,24,2114,23.5,1,3,4,1,0,0,0.9,0.9,2.5,3.3,0.14,10,2,20.0,0.43,0.09,0.1,0.5,0.09,1007,1236,81.5,15958,5460,1.6,27,126,19,3,18,0,6,9,135,60,2.55,5,0.21,70,32,23,37,10,69.2,41,111,42,16,0,1481,65,19,22,73.3,689,29,2,26,13,928,23,5,1,0,49,0,0,1,0,136,42,51.2
Felix Agu,ng NGA,DF,Werder Bremen,de Bundesliga,24.0,1999.0,22,21,1751,19.5,3,0,3,3,0,0,1.4,1.4,1.8,3.2,0.17,9,4,44.4,0.46,0.21,0.33,0.75,0.15,655,822,79.7,10350,3456,2.5,20,36,22,12,49,0,0,3,43,35,1.8,1,0.05,30,14,12,14,4,52.2,21,51,48,26,0,1045,48,37,9,25.7,545,33,8,33,12,605,105,1,0,0,11,2,0,0,1,67,21,41.2
Álvaro Aguado,es ESP,MF,Espanyol,es La Liga,28.0,1996.0,16,4,443,4.9,0,1,1,0,0,0,0.6,0.6,0.6,1.2,0.24,10,1,10.0,2.03,0.2,0.0,0.0,0.06,193,248,77.8,3748,1187,0.4,4,31,8,3,12,3,1,3,37,16,3.25,1,0.2,5,2,3,2,0,33.3,4,9,5,5,1,303,7,6,5,62.5,175,15,4,9,4,189,4,3,0,0,5,0,0,0,0,37,3,60.0
Lorenzo Aguado,es ESP,DF,Real Madrid,es La Liga,21.0,2002.0,2,0,5,0.1,0,0,0,0,0,0,0.0,0.0,0.0,0.0,0.0,0,0,,0.0,0.0,,,,1,1,100.0,34,0,0.0,0,0,0,0,0,0,0,0,0,0,0.0,0,0.0,0,0,0,0,0,,0,0,2,0,0,3,0,0,0,,1,0,0,0,1,1,0,0,0,0,0,0,0,0,0,0,0,
Nayef Aguerd,ma MAR,DF,Real Sociedad,es La Liga,28.0,1996.0,21,21,1760,19.6,0,0,0,0,0,0,2.4,2.4,0.1,2.5,0.13,15,5,33.3,0.77,0.26,0.0,0.0,0.16,1213,1389,87.3,23636,8366,0.3,5,87,3,1,2,0,0,34,75,16,0.82,1,0.05,30,24,17,12,1,66.7,13,43,91,10,0,1594,132,16,5,50.0,1019,26,0,7,3,1138,1,5,0,0,11,0,0,1,0,73,61,65.6
Ruben Aguilar,fr FRA,"DF,MF",Lens,fr Ligue 1,31.0,1993.0,16,13,1124,12.5,1,2,3,1,0,0,0.8,0.8,1.9,2.7,0.21,11,3,27.3,0.88,0.24,0.09,0.33,0.07,677,843,80.3,9523,4115,1.4,11,44,21,6,47,0,2,4,74,26,2.08,5,0.4,34,18,17,12,5,61.5,13,47,23,29,0,996,27,30,9,42.9,518,32,5,19,6,612,101,4,0,0,14,0,0,0,0,79,10,38.5
Naouirou Ahamada,fr FRA,"MF,FW",Rennes,fr Ligue 1,22.0,2002.0,3,0,58,0.6,0,0,0,0,0,0,0.0,0.0,0.0,0.0,0.03,1,0,0.0,1.55,0.0,0.0,,0.02,17,22,77.3,266,33,0.0,0,2,0,0,1,0,0,0,1,2,3.1,0,0.0,0,0,0,0,0,,2,2,2,0,0,31,1,0,0,0.0,16,2,0,1,1,17,1,0,0,0,1,0,0,0,0,7,0,0.0
Honest Ahanor,it ITA,"DF,MF",Genoa,it Serie A,16.0,2008.0,6,3,270,3.0,0,0,0,0,0,0,0.5,0.5,0.1,0.6,0.21,3,1,33.3,1.0,0.33,0.0,0.0,0.17,51,76,67.1,868,299,0.1,2,0,0,0,4,1,0,0,3,5,1.67,0,0.0,7,5,2,3,2,70.0,1,8,9,3,0,106,8,7,0,0.0,52,3,0,7,2,50,7,0,0,0,2,1,0,0,0,14,5,62.5
Erik Ahlstrand,se SWE,"FW,MF",St. Pauli,de Bundesliga,22.0,2001.0,5,0,43,0.5,0,0,0,0,0,0,0.0,0.0,0.0,0.0,0.0,0,0,,0.0,0.0,,,,10,13,76.9,125,21,0.0,0,1,0,0,0,0,0,0,1,0,0.0,0,0.0,0,0,0,0,0,,1,1,1,0,0,22,0,2,0,,12,1,0,3,0,14,3,0,0,0,0,0,0,0,0,0,0,0.0
Jean-Eudes Aholou,ci CIV,MF,Angers,fr Ligue 1,30.0,1994.0,26,26,1959,21.8,2,0,2,2,0,0,1.8,1.8,1.0,2.8,0.13,27,7,25.9,1.24,0.32,0.07,0.29,0.07,644,764,84.3,10183,2687,0.7,10,46,7,0,2,0,2,2,68,33,1.52,1,0.05,56,36,26,20,10,45.8,33,89,32,9,0,1032,45,34,12,42.9,495,15,2,32,15,615,16,7,0,0,50,3,0,0,0,100,38,62.3
Joseph Aidoo,gh GHA,DF,Valladolid,es La Liga,28.0,1995.0,8,6,583,6.5,0,0,0,0,0,0,0.0,0.0,0.0,0.0,0.01,1,0,0.0,0.15,0.0,0.0,,0.04,337,378,89.2,7044,2518,0.1,0,9,2,0,0,0,0,2,14,1,0.15,0,0.0,5,5,3,2,0,66.7,5,10,26,3,1,431,61,1,1,100.0,259,1,0,0,1,320,0,0,0,0,4,0,0,0,0,25,9,52.9
Joseph Aidoo,gh GHA,DF,Celta Vigo,es La Liga,28.0,1995.0,1,0,2,0.0,0,0,0,0,0,0,0.0,0.0,0.0,0.0,0.0,0,0,,0.0,0.0,,,,6,7,85.7,126,81,0.0,0,0,0,0,0,0,0,0,1,0,0.0,0,0.0,1,0,1,0,0,,0,1,0,1,0,8,0,0,0,,7,0,0,0,1,6,0,0,0,0,0,0,0,0,0,1,0,
Ayman Aiki,fr FRA,"FW,MF",Saint-Étienne,fr Ligue 1,19.0,2005.0,5,1,127,1.4,0,0,0,0,0,0,0.1,0.1,0.0,0.1,0.09,3,1,33.3,2.13,0.71,0.0,0.0,0.03,17,29,58.6,234,93,0.0,1,2,1,0,1,0,0,0,5,1,0.71,0,0.0,3,3,1,2,0,100.0,1,4,0,1,0,48,1,2,0,0.0,33,4,1,5,7,37,8,0,0,0,4,0,0,0,0,7,1,20.0
Ola Aina,ng NGA,DF,Nott'ham Forest,eng Premier League,27.0,1996.0,35,35,2995,33.3,2,1,3,2,0,0,0.6,0.6,1.4,2.1,0.06,11,2,18.2,0.33,0.06,0.18,1.0,0.06,994,1352,73.5,15371,6297,2.2,16,85,23,11,59,0,0,4,107,62,1.86,4,0.12,55,42,39,15,1,56.3,33,88,115,46,4,1708,156,22,33,45.8,749,67,10,44,22,822,67,5,0,0,23,3,0,1,0,190,13,40.6
Rayan Aït-Nouri,dz ALG,DF,Wolves,eng Premier League,23.0,2001.0,37,37,3109,34.5,4,7,11,4,0,0,2.7,2.7,5.5,8.2,0.24,36,10,27.8,1.04,0.29,0.11,0.4,0.08,1449,1721,84.2,19837,5926,4.0,46,77,30,10,94,30,3,4,108,91,2.63,12,0.35,89,57,52,28,9,61.4,26,115,75,42,2,2148,96,96,63,46.0,1129,89,28,52,47,1321,176,7,1,1,30,4,0,0,0,145,22,42.3
Junior Ajayi,ci CIV,FW,Hellas Verona,it Serie A,19.0,2004.0,2,0,13,0.1,0,0,0,0,0,0,0.0,0.0,0.0,0.0,0.0,0,0,,0.0,0.0,,,,4,4,100.0,74,18,0.0,0,0,0,0,0,0,0,0,1,0,0.0,0,0.0,0,0,0,0,0,,0,0,0,0,0,5,0,0,0,,5,0,0,1,0,5,0,0,0,0,1,0,0,0,0,1,0,
Kristoffer Ajer,no NOR,DF,Brentford,eng Premier League,26.0,1998.0,24,17,1438,16.0,0,0,0,0,0,0,1.0,1.0,1.2,2.2,0.14,9,3,33.3,0.56,0.19,0.0,0.0,0.11,504,644,78.3,7868,2831,0.5,8,44,7,4,14,0,0,3,56,18,1.13,2,0.13,26,18,14,11,1,51.9,12,38,50,18,0,795,53,38,7,43.8,387,27,2,15,12,491,44,5,0,0,13,0,0,0,0,42,27,54.0
Ludovic Ajorque,fr FRA,FW,Brest,fr Ligue 1,30.0,1994.0,31,29,2495,27.7,13,2,15,13,0,1,10.4,9.6,3.1,12.7,0.49,53,25,47.2,1.91,0.9,0.25,0.52,0.18,462,671,68.9,6965,969,1.8,35,29,11,1,7,0,2,12,41,60,2.17,8,0.29,26,19,3,12,11,31.3,6,32,26,16,0,914,32,125,8,47.1,410,10,4,60,11,658,124,5,0,0,61,2,2,0,0,62,133,52.4
Manuel Akanji,ch SUI,DF,Manchester City,eng Premier League,29.0,1995.0,26,23,2014,22.4,0,0,0,0,0,0,1.6,1.6,0.4,1.9,0.09,15,2,13.3,0.67,0.09,0.0,0.0,0.1,1632,1744,93.6,27046,7578,1.3,9,177,11,2,11,0,4,10,158,37,1.65,3,0.13,19,12,12,4,3,64.7,9,28,64,6,3,1881,119,19,2,100.0,1254,46,0,5,5,1483,7,3,0,0,17,0,0,0,0,103,30,47.6
Ümit Akdag,ro ROU,DF,Toulouse,fr Ligue 1,20.0,2003.0,9,6,500,5.6,0,0,0,0,0,0,0.1,0.1,0.1,0.1,0.03,2,0,0.0,0.36,0.0,0.0,,0.04,274,348,78.7,4648,1667,0.1,2,18,1,0,3,0,1,3,29,5,0.9,0,0.0,8,4,3,4,1,41.7,11,19,19,9,0,400,29,1,1,100.0,217,4,0,1,0,240,9,2,0,0,8,0,0,0,0,24,18,72.0
Nathan Aké,nl NED,DF,Manchester City,eng Premier League,29.0,1995.0,10,8,678,7.5,0,0,0,0,0,0,0.2,0.2,0.0,0.2,0.03,3,0,0.0,0.4,0.0,0.0,,0.07,509,542,93.9,8321,2950,0.2,1,42,1,0,1,0,0,0,50,8,1.06,0,0.0,9,7,7,2,0,66.7,3,12,22,3,1,596,51,5,1,100.0,403,12,1,4,3,449,2,0,0,0,2,0,0,0,0,24,13,56.5
Ilias Akhomach,ma MAR,"MF,FW",Villarreal,es La Liga,20.0,2004.0,11,7,584,6.5,1,0,1,1,0,0,0.6,0.6,1.0,1.6,0.23,17,6,35.3,2.62,0.92,0.06,0.17,0.03,136,185,73.5,2161,534,1.7,9,5,8,2,18,3,1,2,12,29,4.38,1,0.15,12,7,4,4,4,50.0,3,15,13,7,0,293,8,29,19,44.2,200,30,20,15,10,209,64,1,0,0,9,6,0,0,0,30,6,50.0
Sergio Akieme,es ESP,DF,Reims,fr Ligue 1,26.0,1997.0,30,29,2523,28.0,2,3,5,2,0,0,1.5,1.5,2.5,4.0,0.14,26,7,26.9,0.93,0.25,0.08,0.29,0.06,929,1147,81.0,13641,4062,2.5,21,42,20,12,94,11,0,1,86,37,1.32,3,0.11,34,23,30,3,1,61.1,17,51,97,19,4,1436,100,34,13,41.9,710,55,5,31,19,817,97,5,0,0,25,2,0,0,0,109,19,42.2
Maghnes Akliouche,fr FRA,"FW,MF",Monaco,fr Ligue 1,22.0,2002.0,32,27,2406,26.7,5,10,15,4,1,1,9.2,8.4,7.3,15.7,0.62,61,17,27.9,2.28,0.64,0.07,0.24,0.14,989,1216,81.3,13887,4098,7.8,49,90,64,3,53,17,8,8,173,119,4.45,19,0.71,51,31,12,24,15,46.3,15,66,13,34,0,1566,22,156,50,48.5,999,127,47,78,47,1149,226,2,0,0,31,8,0,0,0,131,5,17.9
Paul Akouokou,ci CIV,MF,Lyon,fr Ligue 1,26.0,1997.0,2,0,19,0.2,0,0,0,0,0,0,0.0,0.0,0.0,0.0,0.0,0,0,,0.0,0.0,,,,10,15,66.7,218,58,0.0,0,0,0,0,0,0,0,0,1,0,0.0,0,0.0,1,0,0,1,0,,1,2,0,1,1,18,2,0,0,,14,0,0,1,0,14,0,1,0,0,3,0,0,0,0,0,0,
Clément Akpa,ci CIV,DF,Auxerre,fr Ligue 1,22.0,2001.0,31,29,2486,27.6,0,1,1,0,0,0,0.3,0.3,0.9,1.2,0.04,6,1,16.7,0.22,0.04,0.0,0.0,0.05,998,1209,82.5,19673,7381,0.9,8,74,10,5,25,2,0,40,74,22,0.8,4,0.14,55,34,36,12,7,67.4,42,97,141,20,2,1532,171,10,8,34.8,895,27,1,9,4,929,24,7,0,0,15,2,0,1,0,116,38,55.1
Jean-Daniel Akpa-Akpro,ci CIV,MF,Monza,it Serie A,31.0,1992.0,14,12,966,10.7,0,0,0,0,0,0,0.3,0.3,0.2,0.6,0.05,4,2,50.0,0.37,0.19,0.0,0.0,0.08,275,346,79.5,4054,1322,0.2,3,19,2,1,6,0,0,1,19,12,1.12,1,0.09,30,18,15,14,1,42.9,13,43,16,13,1,505,29,7,12,31.6,306,21,2,24,2,290,22,4,0,0,24,1,0,0,0,54,11,42.3
David Akpan Ankeye,ng NGA,"FW,MF",Genoa,it Serie A,22.0,2002.0,4,0,45,0.5,0,0,0,0,0,0,0.0,0.0,0.0,0.0,0.0,0,0,,0.0,0.0,,,,6,7,85.7,53,28,0.0,0,0,1,0,0,0,0,0,1,1,2.0,1,2.0,0,0,0,0,0,0.0,0,0,1,0,0,9,1,0,1,100.0,6,0,0,0,2,10,3,0,0,0,3,1,0,0,0,0,0,0.0
Kevin Akpoguma,ng NGA,DF,Hoffenheim,de Bundesliga,29.0,1995.0,32,23,2220,24.7,0,0,0,0,0,0,0.1,0.1,0.3,0.4,0.02,5,1,20.0,0.2,0.04,0.0,0.0,0.02,1193,1369,87.1,21274,7664,0.6,7,101,10,0,12,0,1,5,98,27,1.09,1,0.04,54,27,36,12,6,65.2,29,83,115,10,1,1692,227,5,8,53.3,892,14,0,11,9,1025,16,3,0,0,25,1,0,4,0,107,48,50.5
Chuba Akpom,eng ENG,FW,Lille,fr Ligue 1,28.0,1995.0,14,6,639,7.1,3,1,4,2,1,2,5.0,3.4,0.5,3.9,0.78,18,9,50.0,2.54,1.27,0.11,0.22,0.19,67,99,67.7,822,138,0.4,5,1,4,0,1,0,1,0,7,17,2.39,3,0.42,8,5,0,4,4,33.3,0,8,3,8,0,165,4,30,4,44.4,80,6,2,12,5,113,38,0,0,0,11,2,1,0,0,11,17,60.7
David Alaba,at AUT,DF,Real Madrid,es La Liga,32.0,1992.0,7,4,317,3.5,0,0,0,0,0,0,0.0,0.0,0.1,0.1,0.02,0,0,,0.0,0.0,,,,206,228,90.4,3522,1456,0.1,1,11,1,0,3,0,0,2,7,2,0.57,0,0.0,1,0,1,0,0,,6,7,7,2,0,247,36,2,0,,180,2,0,1,0,199,4,1,0,0,2,0,0,0,0,8,4,80.0
Ibrahim Alani,ng NGA,MF,Valladolid,es La Liga,18.0,2006.0,3,1,160,1.8,0,0,0,0,0,0,0.0,0.0,0.0,0.0,0.01,1,0,0.0,0.56,0.0,0.0,,0.02,71,85,83.5,1385,298,0.0,0,7,0,0,0,0,0,1,5,0,0.0,0,0.0,12,7,8,4,0,66.7,1,13,1,0,0,113,8,0,1,100.0,54,2,0,1,2,65,1,0,0,0,2,0,0,0,0,13,3,75.0
Andreas Albers,dk DEN,FW,St. Pauli,de Bundesliga,34.0,1990.0,14,0,62,0.7,1,0,1,1,0,0,0.6,0.6,0.1,0.7,1.04,3,1,33.3,4.35,1.45,0.33,1.0,0.2,15,29,51.7,233,47,0.1,2,1,0,0,0,0,0,0,3,2,2.95,0,0.0,1,1,0,0,1,0.0,0,1,1,0,0,44,0,8,2,66.7,24,1,0,4,6,40,6,0,0,0,3,0,0,0,0,3,10,45.5
Raúl Albiol,es ESP,DF,Villarreal,es La Liga,38.0,1985.0,15,14,1188,13.2,0,0,0,0,0,0,0.1,0.1,0.0,0.1,0.01,2,0,0.0,0.15,0.0,0.0,,0.05,727,813,89.4,14582,6006,0.1,0,26,1,0,0,0,1,4,34,5,0.38,3,0.23,10,9,9,1,0,60.0,6,16,69,3,1,915,157,3,0,,514,3,0,3,1,652,0,5,0,0,11,0,0,2,1,44,29,67.4
Carlos Alcaraz,ar ARG,MF,Southampton,eng Premier League,21.0,2002.0,1,0,10,0.1,0,0,0,0,0,0,0.1,0.1,0.1,0.2,1.48,1,1,100.0,9.0,9.0,0.0,0.0,0.07,13,13,100.0,221,66,0.0,1,4,1,1,1,1,0,0,6,1,9.0,0,0.0,0,0,0,0,0,,1,1,0,0,0,17,0,2,0,0.0,12,4,0,0,0,12,1,0,0,0,1,0,0,0,0,2,1,100.0
Carlos Alcaraz,ar ARG,"FW,MF",Everton,eng Premier League,21.0,2002.0,15,7,764,8.5,2,3,5,2,0,0,1.7,1.7,1.6,3.4,0.4,26,11,42.3,3.06,1.3,0.08,0.18,0.07,224,278,80.6,3963,1007,0.7,13,20,18,3,11,3,1,2,42,33,3.89,6,0.71,11,5,5,3,3,27.3,5,16,10,10,0,378,15,19,9,50.0,211,19,2,14,13,247,21,4,0,0,13,1,0,0,0,37,14,63.6
Omar Alderete,py PAR,DF,Getafe,es La Liga,27.0,1996.0,34,34,2971,33.0,1,0,1,1,0,0,1.7,1.7,0.9,2.6,0.08,38,10,26.3,1.15,0.3,0.03,0.1,0.04,724,1106,65.5,16992,7859,0.9,11,132,15,2,6,0,3,29,112,37,1.12,4,0.12,43,29,30,11,2,66.7,40,83,241,14,1,1585,192,39,18,64.3,633,25,2,30,9,658,7,8,0,0,33,1,1,4,0,115,101,66.4
Carles Aleñá,es ESP,"MF,FW",Getafe,es La Liga,26.0,1998.0,10,5,452,5.0,0,0,0,0,0,0,0.9,0.9,0.1,1.0,0.2,5,1,20.0,1.0,0.2,0.0,0.0,0.18,93,117,79.5,1504,299,0.1,3,9,3,1,6,1,0,0,12,8,1.6,0,0.0,6,3,2,3,1,30.8,0,6,7,1,0,163,5,10,3,75.0,88,3,1,3,6,98,10,1,0,0,8,1,0,0,0,12,10,52.6
Carles Aleñá,es ESP,"MF,FW",Alavés,es La Liga,26.0,1998.0,14,13,1090,12.1,0,2,2,0,0,0,0.7,0.7,1.3,2.0,0.17,15,4,26.7,1.24,0.33,0.0,0.0,0.05,359,472,76.1,5385,1500,1.3,19,35,14,2,31,11,6,0,58,44,3.64,4,0.33,19,12,6,7,6,41.2,2,21,4,21,0,590,2,22,12,50.0,330,18,2,23,14,409,43,1,0,0,11,4,0,0,0,47,9,60.0
Trent Alexander-Arnold,eng ENG,DF,Liverpool,eng Premier League,25.0,1998.0,33,28,2365,26.3,3,6,9,3,0,0,1.9,1.9,7.3,9.2,0.35,45,8,17.8,1.71,0.3,0.07,0.38,0.04,1448,1971,73.5,27901,11363,7.4,52,207,65,20,153,55,12,32,232,98,3.73,10,0.38,72,50,44,19,9,46.7,31,103,55,36,4,2252,88,44,17,45.9,1183,51,9,19,15,1436,94,5,0,0,11,0,0,0,0,132,3,18.8
Alfon,es ESP,"FW,MF",Celta Vigo,es La Liga,25.0,1999.0,26,14,1371,15.2,5,2,7,5,0,0,4.6,4.6,2.6,7.2,0.47,46,19,41.3,3.02,1.25,0.11,0.26,0.1,263,377,69.8,3844,521,2.1,24,8,7,1,40,0,1,3,22,59,3.87,7,0.46,8,3,3,2,3,33.3,5,13,5,27,1,551,2,114,25,39.7,374,89,47,29,20,428,170,1,1,0,15,6,1,0,0,37,3,17.6
Mohamed Ali Cho,fr FRA,"FW,MF",Nice,fr Ligue 1,20.0,2004.0,27,21,1621,18.0,3,4,7,3,0,0,4.0,4.0,4.0,7.9,0.44,36,15,41.7,2.0,0.83,0.08,0.2,0.11,338,481,70.3,4959,1248,3.5,30,23,36,5,51,9,9,2,59,59,3.28,11,0.61,13,9,4,5,4,33.3,5,18,8,23,0,720,9,74,20,28.6,460,81,30,68,26,545,133,2,0,0,12,5,0,0,0,69,13,32.5
Faride Alidou,de GER,"FW,MF",Hellas Verona,it Serie A,23.0,2001.0,3,0,71,0.8,0,0,0,0,0,0,0.0,0.0,0.0,0.0,0.03,1,0,0.0,1.27,0.0,0.0,,0.01,16,20,80.0,198,42,0.0,1,0,1,1,3,1,0,0,1,2,2.54,0,0.0,0,0,0,0,0,,1,1,3,0,1,31,2,0,2,50.0,17,1,0,1,1,19,2,0,0,0,1,0,0,0,0,0,1,100.0
Tadeo Allende,ar ARG,FW,Celta Vigo,es La Liga,25.0,1999.0,1,0,2,0.0,0,0,0,0,0,0,0.0,0.0,0.0,0.0,0.0,0,0,,0.0,0.0,,,,1,3,33.3,7,1,0.0,0,0,0,0,0,0,0,0,0,0,0.0,0,0.0,0,0,0,0,0,,0,0,0,1,0,4,1,0,0,0.0,3,0,0,0,0,3,0,1,0,0,0,0,0,0,0,1,0,
Jim Allevinah,ga GAB,FW,Angers,fr Ligue 1,29.0,1995.0,28,23,1750,19.4,1,3,4,1,0,0,4.2,4.2,2.5,6.7,0.35,35,10,28.6,1.8,0.51,0.03,0.1,0.12,363,483,75.2,5265,1271,1.7,15,28,13,3,34,2,2,1,48,39,2.0,7,0.36,19,11,6,9,4,17.9,12,31,17,13,0,682,11,65,15,31.3,435,57,8,38,32,483,99,3,0,0,18,3,1,0,0,88,10,29.4
Dele Alli,eng ENG,MF,Como,it Serie A,28.0,1996.0,1,0,9,0.1,0,0,0,0,0,0,0.0,0.0,0.0,0.0,0.0,0,0,,0.0,0.0,,,,3,3,100.0,21,4,0.0,0,0,0,0,0,0,0,0,0,0,0.0,0,0.0,0,0,0,0,0,,0,0,0,0,0,4,0,0,0,,3,0,0,1,0,4,1,0,1,0,1,0,0,0,0,0,0,
Thiago Almada,ar ARG,"MF,FW",Lyon,fr Ligue 1,23.0,2001.0,16,9,951,10.6,1,4,5,1,0,0,2.0,2.0,2.6,4.6,0.44,23,5,21.7,2.18,0.47,0.04,0.2,0.09,635,748,84.9,10034,2735,2.4,22,58,20,2,47,35,5,8,97,52,4.92,11,1.04,14,8,7,5,2,33.3,7,21,6,6,3,831,19,31,8,57.1,568,38,10,17,9,652,50,3,0,0,10,1,1,0,0,56,1,33.3
Domingos André Ribeiro Almeida,pt POR,"MF,FW",Valencia,es La Liga,24.0,2000.0,34,24,1977,22.0,0,4,4,0,0,0,1.2,1.2,3.2,4.4,0.2,18,5,27.8,0.82,0.23,0.0,0.0,0.07,798,947,84.3,13067,3738,4.9,43,96,24,5,67,34,7,7,142,86,3.92,6,0.27,48,32,18,21,9,35.9,8,56,14,17,1,1162,15,43,22,40.7,676,45,11,37,38,836,77,2,0,0,28,9,0,0,0,89,5,25.0
Iker Almena,es ESP,"FW,DF",Girona,es La Liga,20.0,2004.0,2,0,48,0.5,0,1,1,0,0,0,0.0,0.0,0.7,0.7,1.33,1,0,0.0,1.87,0.0,0.0,,0.03,23,32,71.9,328,34,0.4,2,0,0,0,4,0,0,0,2,3,5.63,2,3.75,0,0,0,0,0,0.0,0,0,2,2,0,39,2,1,2,66.7,32,6,1,1,0,31,10,0,0,0,0,0,0,0,0,2,0,
Miguel Almirón,py PAR,FW,Newcastle Utd,eng Premier League,30.0,1994.0,9,1,157,1.7,0,0,0,0,0,0,0.5,0.5,0.3,0.8,0.45,6,2,33.3,3.44,1.15,0.0,0.0,0.09,54,66,81.8,707,219,0.2,3,3,1,0,0,0,1,0,6,8,4.59,0,0.0,3,2,2,0,1,66.7,0,3,0,2,0,81,1,9,1,50.0,54,3,2,0,2,59,18,0,0,0,1,0,0,0,0,4,0,0.0
Pontus Almqvist,se SWE,"FW,MF",Parma,it Serie A,25.0,1999.0,29,10,1112,12.4,1,1,2,1,0,0,2.1,2.1,1.3,3.5,0.28,26,9,34.6,2.1,0.73,0.04,0.11,0.08,215,297,72.4,2758,504,0.9,10,4,4,1,11,0,0,0,12,26,2.1,2,0.16,17,13,7,7,3,47.1,19,36,8,11,0,462,11,53,20,40.0,298,42,22,31,13,320,85,5,0,0,15,3,1,0,0,40,9,37.5
Marcos Alonso,es ESP,DF,Celta Vigo,es La Liga,33.0,1990.0,31,29,2647,29.4,3,0,3,0,3,3,4.0,1.6,1.3,2.9,0.18,31,10,32.3,1.05,0.34,0.0,0.0,0.05,2139,2397,89.2,38937,14018,2.0,21,226,21,6,42,15,2,25,215,46,1.56,6,0.2,35,21,19,13,3,56.8,34,69,126,24,4,2683,211,35,16,64.0,1733,64,2,20,9,1901,49,10,2,1,31,0,0,1,0,176,70,62.5
Giorgio Altare,it ITA,DF,Venezia,it Serie A,25.0,1998.0,12,8,753,8.4,0,0,0,0,0,0,0.2,0.2,0.1,0.3,0.04,3,1,33.3,0.36,0.12,0.0,0.0,0.05,283,389,72.8,5113,1998,0.2,1,15,2,1,7,0,0,2,20,5,0.6,0,0.0,13,12,8,3,2,53.3,17,30,49,2,0,505,60,6,5,83.3,235,4,0,5,5,252,5,2,0,0,10,0,0,0,1,27,19,52.8
Adrià Altimira,es ESP,"DF,FW",Leganés,es La Liga,23.0,2001.0,22,19,1630,18.1,0,0,0,0,0,0,0.3,0.3,0.5,0.8,0.04,7,2,28.6,0.39,0.11,0.0,0.0,0.04,483,615,78.5,7731,2148,0.7,11,34,10,2,28,0,2,3,42,21,1.16,1,0.06,41,24,26,12,3,60.0,15,56,54,11,2,826,57,8,10,32.3,370,23,4,28,7,432,69,6,0,0,27,5,0,1,0,71,12,38.7
Sergi Altimira,es ESP,MF,Betis,es La Liga,22.0,2001.0,32,22,1972,21.9,0,1,1,0,0,0,1.7,1.6,1.7,3.3,0.16,21,4,19.0,0.96,0.18,0.0,0.0,0.08,1123,1258,89.3,18063,4176,1.2,22,91,13,0,5,0,4,16,99,52,2.37,1,0.05,61,37,17,38,6,60.0,24,85,43,17,3,1521,53,18,16,66.7,908,25,1,27,21,1064,30,4,0,0,35,1,1,0,0,117,11,33.3
Olabade Aluko,,DF,Leicester City,eng Premier League,,,1,0,2,0.0,0,0,0,0,0,0,0.0,0.0,0.0,0.0,0.0,0,0,,0.0,0.0,,,,3,5,60.0,39,0,0.0,0,0,0,0,0,0,0,0,0,0,0.0,0,0.0,1,1,0,0,1,100.0,0,1,0,0,0,6,0,0,0,0.0,2,0,0,0,1,2,0,0,0,0,0,0,0,0,0,0,0,
Edson Álvarez,mx MEX,MF,West Ham,eng Premier League,26.0,1997.0,28,20,1772,19.7,0,1,1,0,0,0,0.4,0.4,0.8,1.2,0.06,12,1,8.3,0.61,0.05,0.0,0.0,0.03,861,1003,85.8,14393,4200,0.9,12,92,12,3,6,0,3,12,85,28,1.42,2,0.1,50,27,27,15,8,48.6,18,68,46,10,1,1239,67,12,14,42.4,687,24,2,27,15,830,18,9,1,1,42,1,0,0,0,88,30,56.6
Hugo Álvarez,es ESP,"MF,DF",Celta Vigo,es La Liga,21.0,2003.0,26,16,1572,17.5,4,3,7,4,0,0,2.5,2.5,1.1,3.6,0.21,25,9,36.0,1.43,0.52,0.16,0.44,0.1,799,1013,78.9,12210,3255,2.1,17,35,15,3,31,10,0,2,60,46,2.63,9,0.52,26,9,12,10,4,52.6,8,34,29,33,1,1214,26,82,32,44.4,726,74,41,33,12,817,171,6,0,0,25,0,0,1,0,78,6,33.3
Julián Álvarez,ar ARG,FW,Atlético Madrid,es La Liga,24.0,2000.0,37,30,2509,27.9,17,4,21,13,4,4,14.1,11.0,5.3,16.3,0.7,70,36,51.4,2.51,1.29,0.19,0.36,0.16,717,966,74.2,10651,2652,5.3,41,45,38,5,69,50,14,12,92,108,3.87,15,0.54,25,17,5,11,9,26.7,2,27,12,31,1,1238,9,116,34,52.3,776,79,29,62,40,892,162,5,0,0,26,2,0,0,0,75,13,29.5
Yeray Álvarez,es ESP,DF,Athletic Club,es La Liga,29.0,1995.0,21,20,1781,19.8,1,0,1,1,0,0,0.5,0.5,0.2,0.7,0.04,9,2,22.2,0.45,0.1,0.11,0.5,0.05,994,1182,84.1,20211,7016,0.4,4,80,3,2,3,0,1,16,105,18,0.91,2,0.1,25,13,14,9,2,68.2,34,59,129,13,1,1425,100,14,6,66.7,792,19,0,11,7,903,0,4,0,0,15,0,0,0,0,83,49,53.8
Skelly Alvero,fr FRA,MF,Werder Bremen,de Bundesliga,22.0,2002.0,12,1,236,2.6,0,0,0,0,0,0,0.0,0.0,0.0,0.0,0.01,1,0,0.0,0.38,0.0,0.0,,0.03,68,91,74.7,1077,220,0.1,0,3,3,0,0,0,0,0,8,2,0.76,0,0.0,11,6,5,5,1,80.0,2,13,10,3,0,136,15,2,2,66.7,70,1,0,6,4,74,0,1,0,0,7,0,0,0,0,13,5,62.5
Will Alves,eng ENG,FW,Leicester City,eng Premier League,19.0,2005.0,1,0,1,0.0,0,0,0,0,0,0,0.0,0.0,0.0,0.0,0.0,0,0,,0.0,0.0,,,,1,1,100.0,12,0,0.0,0,0,0,0,0,0,0,0,0,0,0.0,0,0.0,0,0,0,0,0,,0,0,0,0,0,1,0,0,0,,1,0,0,0,0,1,1,0,0,0,0,0,0,0,0,0,0,
Selim Amallah,ma MAR,MF,Valladolid,es La Liga,27.0,1996.0,24,18,1376,15.3,3,1,4,2,1,1,3.5,2.7,1.1,3.8,0.3,21,7,33.3,1.37,0.46,0.1,0.29,0.13,318,406,78.3,5560,1659,1.1,13,42,11,0,31,18,3,7,57,32,2.09,1,0.07,30,18,10,18,2,55.6,14,44,5,9,1,607,7,18,33,48.5,308,24,6,35,25,353,27,6,0,0,32,0,0,0,0,73,5,23.8
Harry Amass,eng ENG,DF,Manchester Utd,eng Premier League,17.0,2007.0,5,4,346,3.8,0,0,0,0,0,0,0.1,0.1,0.0,0.1,0.02,3,0,0.0,0.78,0.0,0.0,,0.02,149,181,82.3,1920,387,0.1,1,5,0,0,9,0,0,0,7,8,2.08,0,0.0,6,2,5,1,0,25.0,2,8,11,3,0,250,13,5,3,37.5,132,9,2,18,5,124,23,0,0,0,2,0,0,0,0,26,7,53.8
Amath,sn SEN,"FW,DF",Valladolid,es La Liga,28.0,1996.0,13,5,375,4.2,0,1,1,0,0,0,0.4,0.4,0.5,0.9,0.21,5,1,20.0,1.2,0.24,0.0,0.0,0.07,86,112,76.8,1337,301,0.5,6,4,4,2,7,0,1,2,12,13,3.11,1,0.24,2,0,2,0,0,12.5,2,4,6,7,0,166,4,12,7,43.8,103,10,4,10,4,119,29,1,0,0,4,0,0,0,0,13,1,14.3
Jordan Amavi,fr FRA,DF,Brest,fr Ligue 1,30.0,1994.0,11,8,790,8.8,0,0,0,0,0,0,0.3,0.3,0.2,0.4,0.05,8,3,37.5,0.91,0.34,0.0,0.0,0.03,386,526,73.4,6269,2275,0.4,6,28,6,1,15,0,0,2,36,14,1.59,1,0.11,24,17,10,11,3,71.4,7,31,18,13,0,615,20,4,7,53.8,309,22,1,9,5,361,21,2,0,0,15,0,0,2,0,35,15,71.4
Aurele Amenda,ch SUI,DF,Eint Frankfurt,de Bundesliga,21.0,2003.0,8,1,96,1.1,0,0,0,0,0,0,0.0,0.0,0.3,0.3,0.23,0,0,,0.0,0.0,,,,58,69,84.1,1079,398,0.3,1,2,0,0,0,0,0,3,2,2,1.86,0,0.0,1,0,1,0,0,,2,3,11,2,0,89,13,1,1,100.0,46,1,0,1,0,52,1,1,0,0,3,0,0,0,0,2,8,72.7
Kelvin Amian,fr FRA,DF,Nantes,fr Ligue 1,26.0,1998.0,30,23,2165,24.1,1,0,1,1,0,0,1.0,1.0,0.8,1.8,0.08,7,4,57.1,0.29,0.17,0.14,0.25,0.14,738,921,80.1,11821,5145,1.8,13,60,24,12,37,0,4,1,73,38,1.58,1,0.04,55,31,40,14,1,82.9,13,68,85,24,0,1153,81,21,13,59.1,544,32,1,20,12,637,77,5,0,0,23,2,0,0,0,54,21,50.0
Michael Amir Murillo,pa PAN,DF,Marseille,fr Ligue 1,28.0,1996.0,30,27,2437,27.1,1,3,4,1,0,0,1.5,1.5,3.3,4.8,0.18,13,4,30.8,0.48,0.15,0.08,0.25,0.12,1665,1902,87.5,26059,8235,2.9,24,142,19,4,37,0,1,0,140,47,1.74,6,0.22,49,31,30,13,6,69.6,18,67,70,32,4,2135,83,33,14,51.9,1169,43,8,28,10,1458,100,3,0,0,29,0,0,1,0,138,42,71.2
Nadiem Amiri,de GER,MF,Mainz 05,de Bundesliga,27.0,1996.0,30,30,2473,27.5,7,5,12,5,2,2,5.5,3.9,6.6,10.5,0.44,60,24,40.0,2.18,0.87,0.08,0.21,0.07,1371,1781,77.0,25127,9676,9.2,63,173,57,9,166,113,10,14,204,119,4.33,15,0.55,50,23,13,28,9,41.3,16,66,30,36,2,2093,45,49,32,47.8,1134,50,14,42,27,1307,64,9,2,1,44,3,0,0,0,207,16,48.5
Samuel Amo-Ameyaw,eng ENG,"FW,DF",Southampton,eng Premier League,18.0,2006.0,2,0,28,0.3,0,0,0,0,0,0,0.0,0.0,0.1,0.1,0.29,1,0,0.0,3.21,0.0,0.0,,0.02,8,9,88.9,107,13,0.1,1,0,1,1,2,1,0,0,0,2,6.43,0,0.0,1,0,0,1,0,100.0,0,1,0,0,0,16,0,1,0,0.0,11,1,1,0,2,11,3,1,0,0,1,1,0,0,0,1,0,0.0
Samuel Amo-Ameyaw,eng ENG,"DF,MF",Strasbourg,fr Ligue 1,18.0,2006.0,9,3,320,3.6,2,0,2,2,0,0,0.7,0.7,0.6,1.3,0.35,9,7,77.8,2.53,1.97,0.22,0.29,0.08,106,123,86.2,1579,280,0.9,5,4,5,0,6,3,1,0,12,14,3.93,1,0.28,5,3,3,2,0,22.2,3,8,2,3,0,165,2,10,5,41.7,94,11,4,7,2,113,18,0,0,0,3,0,0,0,0,14,0,0.0
Mathis Amougou,fr FRA,MF,Chelsea,eng Premier League,18.0,2006.0,1,0,8,0.1,0,0,0,0,0,0,0.0,0.0,0.0,0.0,0.0,0,0,,0.0,0.0,,,,7,7,100.0,69,30,0.0,0,2,0,0,0,0,0,0,1,0,0.0,0,0.0,0,0,0,0,0,,0,0,0,0,0,9,1,0,0,,7,0,0,0,1,6,0,0,0,0,0,0,0,0,0,2,0,
Mathis Amougou,fr FRA,MF,Saint-Étienne,fr Ligue 1,18.0,2006.0,17,9,859,9.5,0,0,0,0,0,0,0.5,0.5,0.4,0.8,0.09,7,1,14.3,0.73,0.1,0.0,0.0,0.06,232,301,77.1,3514,1194,0.3,7,23,4,0,1,0,1,1,36,17,1.78,0,0.0,21,15,15,5,1,52.6,12,33,4,4,0,407,18,9,5,31.3,242,8,2,22,8,273,17,2,0,0,6,0,0,0,0,37,3,20.0
Mohamed Amoura,dz ALG,FW,Wolfsburg,de Bundesliga,24.0,2000.0,31,29,2467,27.4,10,9,19,8,2,2,8.7,7.2,4.0,11.2,0.46,73,25,34.2,2.66,0.91,0.11,0.32,0.1,532,757,70.3,8149,1608,3.7,35,29,26,5,35,0,9,14,61,80,2.92,13,0.47,29,22,14,5,10,37.8,9,38,24,42,0,1106,17,127,37,40.7,628,81,35,86,18,733,244,6,0,0,30,4,1,0,0,92,19,29.7
Sofyan Amrabat,ma MAR,MF,Fiorentina,it Serie A,27.0,1996.0,2,2,180,2.0,0,0,0,0,0,0,0.0,0.0,0.1,0.1,0.03,0,0,,0.0,0.0,,,,112,133,84.2,2140,528,0.1,2,10,0,0,3,0,0,4,14,4,2.0,0,0.0,3,2,1,2,0,100.0,0,3,2,0,0,140,6,0,0,,84,2,0,1,2,103,1,0,0,0,4,0,0,0,0,7,1,50.0
Joachim Andersen,dk DEN,DF,Crystal Palace,eng Premier League,28.0,1996.0,1,1,90,1.0,0,0,0,0,0,0,0.0,0.0,0.0,0.0,0.04,1,1,100.0,1.0,1.0,0.0,0.0,0.04,61,83,73.5,1227,526,0.0,0,9,1,0,1,1,0,0,4,1,1.0,0,0.0,1,1,1,0,0,50.0,0,1,7,0,0,93,14,0,0,,49,1,0,0,1,67,1,1,0,0,2,0,0,0,0,7,2,100.0
Joachim Andersen,dk DEN,DF,Fulham,eng Premier League,28.0,1996.0,29,29,2583,28.7,0,0,0,0,0,0,1.0,1.0,0.5,1.5,0.05,19,4,21.1,0.66,0.14,0.0,0.0,0.05,1654,2000,82.7,36471,14436,0.5,4,196,6,3,12,0,0,35,112,35,1.23,2,0.07,27,18,20,6,1,62.5,34,61,188,8,1,2336,340,22,4,66.7,1350,16,1,6,3,1621,2,6,1,0,18,0,0,1,1,122,70,64.2
Elliot Anderson,eng ENG,MF,Nott'ham Forest,eng Premier League,21.0,2002.0,37,33,2728,30.3,2,6,8,2,0,0,2.1,2.1,3.3,5.4,0.18,40,7,17.5,1.32,0.23,0.05,0.29,0.05,1085,1386,78.3,17458,5922,3.6,37,121,19,2,86,48,7,4,143,87,2.87,10,0.33,92,56,54,29,9,43.2,31,123,76,35,4,1831,102,72,36,48.0,932,52,21,60,49,1088,94,10,0,0,49,4,0,0,0,207,56,65.1
André,br BRA,MF,Wolves,eng Premier League,23.0,2001.0,33,31,2472,27.5,0,0,0,0,0,0,0.4,0.4,0.8,1.3,0.05,10,1,10.0,0.36,0.04,0.0,0.0,0.04,1247,1342,92.9,19660,5471,0.7,18,111,5,0,0,0,5,15,109,49,1.78,3,0.11,91,55,41,41,9,58.7,37,128,30,14,1,1623,89,3,16,50.0,912,10,0,30,21,1093,11,7,0,0,36,0,0,1,0,194,2,25.0
Benjamin André,fr FRA,MF,Lille,fr Ligue 1,33.0,1990.0,30,30,2692,29.9,0,3,3,0,0,0,1.4,1.4,1.9,3.3,0.11,16,4,25.0,0.53,0.13,0.0,0.0,0.09,1586,1911,83.0,26597,7159,2.7,21,207,18,3,16,0,1,20,209,53,1.77,9,0.3,103,57,31,60,12,56.3,48,151,56,31,0,2267,72,45,9,40.9,1153,29,1,45,33,1556,72,12,0,0,50,4,1,0,0,189,94,53.4
Marcos André,br BRA,FW,Valladolid,es La Liga,27.0,1996.0,22,14,1188,13.2,1,2,3,1,0,0,2.7,2.7,0.8,3.5,0.27,22,2,9.1,1.67,0.15,0.05,0.5,0.12,138,210,65.7,2358,395,0.3,9,13,3,0,1,0,3,6,16,19,1.44,1,0.08,10,6,3,5,2,38.5,3,13,10,5,0,372,13,32,17,41.5,195,11,5,40,23,255,39,5,0,0,12,1,0,0,0,44,47,51.6
Robert Andrich,de GER,"MF,DF",Leverkusen,de Bundesliga,29.0,1994.0,23,19,1598,17.8,2,2,4,2,0,0,1.3,1.3,0.3,1.6,0.09,21,5,23.8,1.18,0.28,0.1,0.4,0.06,865,978,88.4,13929,3332,1.0,9,65,8,0,12,0,2,7,65,33,1.86,4,0.23,24,12,8,14,2,50.0,29,53,23,6,0,1114,45,20,2,40.0,526,8,1,7,1,792,17,7,0,0,29,1,0,1,0,73,21,63.6
Angeliño,es ESP,DF,Roma,it Serie A,27.0,1997.0,38,36,3177,35.3,2,1,3,2,0,0,1.4,1.4,3.7,5.1,0.15,24,6,25.0,0.68,0.17,0.08,0.33,0.06,1544,1969,78.4,28294,9958,4.0,50,135,58,22,116,11,3,18,172,89,2.52,7,0.2,46,24,20,24,2,50.0,28,74,98,25,0,2266,102,47,11,40.7,1202,66,11,27,9,1476,172,1,0,0,32,4,1,0,0,101,30,52.6
Lorenzo Anghelè,it ITA,FW,Juventus,it Serie A,19.0,2005.0,1,0,6,0.1,0,0,0,0,0,0,0.0,0.0,0.0,0.0,0.0,0,0,,0.0,0.0,,,,4,4,100.0,82,12,0.0,0,0,0,0,0,0,0,0,1,0,0.0,0,0.0,0,0,0,0,0,,0,0,0,0,0,5,0,0,1,100.0,3,0,0,0,0,4,0,0,0,0,0,0,0,0,0,0,0,0.0
Faustino Anjorin,eng ENG,MF,Empoli,it Serie A,22.0,2001.0,22,14,1114,12.4,2,3,5,2,0,0,0.9,0.9,1.7,2.5,0.21,23,7,30.4,1.86,0.57,0.09,0.29,0.04,355,441,80.5,6247,2157,1.1,17,44,13,1,17,8,2,4,55,32,2.59,5,0.4,29,13,9,14,6,50.0,13,42,20,8,0,628,25,17,16,39.0,327,28,6,25,11,385,35,3,0,0,24,2,0,1,0,65,9,37.5
Waldemar Anton,de GER,DF,Dortmund,de Bundesliga,28.0,1996.0,26,22,1949,21.7,2,2,4,2,0,0,1.7,1.7,0.8,2.5,0.11,19,3,15.8,0.88,0.14,0.11,0.67,0.09,1664,1841,90.4,30553,9607,1.8,6,124,6,3,24,0,2,6,117,41,1.9,5,0.23,34,21,18,10,6,73.9,30,64,112,18,1,2126,189,32,20,83.3,1386,32,0,21,9,1542,28,4,0,0,20,0,0,0,1,122,46,63.0
Leandro Antonetti,pr PUR,FW,Sevilla,es La Liga,21.0,2003.0,2,0,28,0.3,0,0,0,0,0,0,0.1,0.1,0.0,0.2,0.54,1,1,100.0,3.21,3.21,0.0,0.0,0.14,2,4,50.0,19,6,0.0,1,0,0,0,0,0,0,0,0,0,0.0,0,0.0,0,0,0,0,0,,0,0,0,1,0,12,0,0,0,0.0,5,1,0,2,1,8,3,0,0,0,0,0,0,0,0,3,0,
Kyllian Antonio,fr FRA,"DF,MF",Lens,fr Ligue 1,16.0,2008.0,3,2,139,1.5,0,0,0,0,0,0,0.1,0.1,0.0,0.1,0.03,1,0,0.0,0.65,0.0,0.0,,0.05,81,97,83.5,1347,373,0.0,0,2,0,0,2,0,0,0,0,1,0.65,0,0.0,3,2,2,0,1,33.3,3,6,3,4,1,114,2,1,1,50.0,82,1,1,2,2,85,0,0,0,0,2,0,0,0,0,5,2,50.0
Michail Antonio,jm JAM,FW,West Ham,eng Premier League,34.0,1990.0,14,11,836,9.3,1,1,2,1,0,0,2.2,2.2,1.6,3.8,0.41,19,4,21.1,2.05,0.43,0.05,0.25,0.12,114,188,60.6,2183,424,0.9,9,11,6,2,25,0,3,6,18,22,2.37,4,0.43,2,2,0,1,1,66.7,0,2,2,14,0,296,3,36,9,33.3,173,29,9,35,19,221,59,1,0,0,12,1,0,0,0,22,17,43.6
Antoniu,es ESP,"FW,MF",Espanyol,es La Liga,21.0,2002.0,26,13,1022,11.4,0,1,1,0,0,0,0.9,0.9,1.1,1.9,0.17,10,4,40.0,0.88,0.35,0.0,0.0,0.09,148,221,67.0,2071,636,1.1,7,10,7,3,20,0,4,0,28,24,2.11,1,0.09,21,10,9,8,4,42.9,8,29,11,15,1,369,10,20,29,53.7,215,35,5,27,12,225,63,3,0,0,19,5,0,0,0,39,6,25.0
Antony,br BRA,"DF,MF",Manchester Utd,eng Premier League,24.0,2000.0,8,0,141,1.6,0,0,0,0,0,0,1.0,1.0,0.1,1.1,0.73,6,3,50.0,3.83,1.91,0.0,0.0,0.17,56,69,81.2,688,111,0.2,3,1,5,2,5,0,0,0,6,8,5.11,0,0.0,6,3,4,2,0,40.0,2,8,0,1,0,101,2,8,4,36.4,60,5,1,5,1,69,7,0,0,0,2,1,0,0,0,11,0,0.0
Antony,br BRA,FW,Betis,es La Liga,24.0,2000.0,17,15,1362,15.1,5,2,7,5,0,0,2.9,2.9,3.5,6.3,0.42,43,17,39.5,2.84,1.12,0.12,0.29,0.07,622,768,81.0,8403,2211,2.9,36,34,43,7,40,14,7,5,67,77,5.09,9,0.6,25,11,6,9,10,36.4,10,35,9,18,1,982,9,63,24,38.1,663,94,30,53,20,751,157,2,1,0,15,3,1,0,0,73,5,26.3
Anuar,ma MAR,"MF,FW",Valladolid,es La Liga,29.0,1995.0,26,21,1720,19.1,2,0,2,2,0,0,1.7,1.7,1.2,2.9,0.15,11,5,45.5,0.58,0.26,0.18,0.4,0.15,411,505,81.4,6137,1132,0.7,7,19,3,2,22,1,1,0,30,25,1.31,4,0.21,38,27,21,12,5,53.6,18,56,26,6,1,705,31,28,7,29.2,359,24,6,25,14,430,68,7,0,0,30,5,1,0,0,71,23,39.7
Dennis Appiah,fr FRA,DF,Saint-Étienne,fr Ligue 1,32.0,1992.0,29,22,2128,23.6,0,1,1,0,0,0,0.2,0.2,2.1,2.3,0.1,5,2,40.0,0.21,0.08,0.0,0.0,0.04,903,1179,76.6,14432,6487,2.2,13,81,25,7,52,0,3,2,108,38,1.61,3,0.13,71,43,42,22,7,57.7,29,100,89,43,2,1486,92,27,20,46.5,630,51,6,34,18,824,110,2,0,0,37,0,0,2,0,90,27,46.6
Aritz Arambarri,es ESP,DF,Leganés,es La Liga,26.0,1998.0,2,2,177,2.0,0,0,0,0,0,0,0.0,0.0,0.0,0.0,0.01,1,0,0.0,0.51,0.0,0.0,,0.02,49,67,73.1,1025,258,0.0,0,1,0,0,0,0,0,1,2,1,0.51,0,0.0,1,1,1,0,0,100.0,3,4,8,1,0,86,12,1,0,,44,0,0,1,0,48,0,0,0,0,0,0,0,0,0,4,6,42.9
Mauro Arambarri,uy URU,MF,Getafe,es La Liga,28.0,1995.0,35,31,2661,29.6,10,0,10,7,3,3,8.2,5.8,0.6,6.5,0.3,53,16,30.2,1.79,0.54,0.13,0.44,0.11,586,800,73.3,10098,2457,0.6,17,74,4,1,14,1,2,9,75,54,1.83,3,0.1,48,29,10,33,5,45.8,15,63,46,14,0,1146,45,72,18,52.9,534,17,3,60,29,622,55,10,0,0,51,9,0,0,0,137,59,52.2
Jon Aramburu,ve VEN,DF,Real Sociedad,es La Liga,22.0,2002.0,35,28,2460,27.3,1,1,2,1,0,0,0.4,0.4,1.1,1.6,0.06,11,3,27.3,0.4,0.11,0.09,0.33,0.04,1190,1518,78.4,17685,7225,1.4,15,82,11,6,45,0,0,3,97,33,1.21,2,0.07,102,70,61,30,11,66.0,30,132,98,37,0,1887,105,20,8,21.6,847,26,0,34,12,979,53,8,0,0,50,1,0,1,0,127,40,54.8
Julian Araujo,mx MEX,DF,Bournemouth,eng Premier League,22.0,2001.0,12,7,497,5.5,0,0,0,0,0,0,0.0,0.0,0.1,0.1,0.01,0,0,,0.0,0.0,,,,178,225,79.1,3006,890,0.1,1,17,3,2,9,0,0,0,14,5,0.91,0,0.0,10,5,4,6,0,41.7,6,16,18,2,0,275,20,2,0,0.0,126,4,0,5,2,149,22,2,0,0,7,0,0,0,0,29,3,25.0
Ronald Araújo,uy URU,DF,Barcelona,es La Liga,25.0,1999.0,12,11,754,8.4,1,1,2,1,0,0,1.0,1.0,0.4,1.4,0.17,4,2,50.0,0.48,0.24,0.25,0.5,0.24,666,725,91.9,12408,3957,0.2,4,51,3,0,0,0,0,1,49,12,1.43,2,0.24,12,9,6,5,1,80.0,9,21,25,0,0,798,33,9,0,0.0,515,6,0,2,1,596,3,3,0,0,9,0,0,0,0,27,33,62.3
Cameron Archer,eng ENG,FW,Southampton,eng Premier League,23.0,2001.0,35,13,1441,16.0,2,0,2,2,0,1,5.7,4.9,0.5,5.4,0.39,28,10,35.7,1.75,0.62,0.07,0.2,0.18,205,251,81.7,2612,367,0.7,5,7,7,0,3,0,2,0,14,20,1.25,0,0.0,13,8,8,3,2,22.2,2,15,11,8,0,398,16,52,15,40.5,226,22,14,40,26,274,66,0,0,0,16,1,0,0,0,35,9,23.1
Carlens Arcus,ht HAI,DF,Angers,fr Ligue 1,28.0,1996.0,28,25,2047,22.7,0,1,1,0,0,0,0.0,0.0,1.4,1.4,0.06,3,0,0.0,0.13,0.0,0.0,,0.01,810,1020,79.4,13534,4817,1.4,17,58,20,10,55,1,2,3,70,37,1.63,3,0.13,52,35,32,15,5,60.7,27,79,83,20,3,1249,85,11,8,44.4,566,39,2,18,14,686,79,3,0,0,38,1,0,0,0,81,31,55.4
Adu Ares,es ESP,FW,Athletic Club,es La Liga,22.0,2001.0,1,0,19,0.2,0,0,0,0,0,0,0.0,0.0,0.0,0.0,0.0,0,0,,0.0,0.0,,,,5,9,55.6,64,15,0.0,0,0,1,0,1,0,0,0,3,1,4.74,0,0.0,0,0,0,0,0,0.0,0,0,0,1,0,11,0,1,0,0.0,8,1,0,0,2,11,2,0,0,0,0,0,0,0,0,1,0,
Jesús Areso,es ESP,DF,Osasuna,es La Liga,25.0,1999.0,36,35,3079,34.2,0,3,3,0,0,0,0.2,0.2,3.5,3.7,0.11,8,0,0.0,0.23,0.0,0.0,,0.03,1139,1573,72.4,19266,8143,3.1,30,96,50,30,169,1,0,4,106,73,2.13,9,0.26,53,38,31,14,8,69.6,8,61,92,63,0,1902,104,23,24,37.5,904,101,9,62,29,1075,203,9,0,0,31,3,0,0,0,118,27,58.7
David Argüelles,es ESP,MF,Getafe,es La Liga,22.0,2002.0,1,0,7,0.1,0,0,0,0,0,0,0.0,0.0,0.0,0.0,0.0,0,0,,0.0,0.0,,,,3,5,60.0,25,2,0.0,0,0,0,0,0,0,0,0,0,0,0.0,0,0.0,0,0,0,0,0,,0,0,0,0,0,7,0,0,0,,3,1,0,0,0,3,0,0,0,0,0,0,0,0,0,0,0,
Joe Aribo,ng NGA,"MF,DF",Southampton,eng Premier League,28.0,1996.0,32,21,2013,22.4,3,0,3,3,0,0,2.7,2.7,1.6,4.3,0.19,17,7,41.2,0.76,0.31,0.18,0.43,0.16,929,1046,88.8,13689,2630,1.3,16,51,4,1,10,0,2,1,75,37,1.66,1,0.04,47,33,17,24,6,48.6,20,67,32,15,3,1271,52,44,21,42.9,745,36,12,27,19,925,65,1,0,0,20,2,0,1,0,112,25,51.0
Adam Armstrong,eng ENG,"FW,MF",Southampton,eng Premier League,27.0,1997.0,20,15,1248,13.9,2,2,4,2,0,1,3.3,2.3,1.2,3.5,0.32,25,7,28.0,1.8,0.5,0.08,0.29,0.09,231,288,80.2,3320,446,0.6,9,10,8,2,14,0,0,1,21,19,1.37,4,0.29,12,3,2,7,3,21.4,3,15,8,12,0,377,11,49,6,42.9,235,25,6,11,18,286,79,4,0,0,12,0,0,0,0,23,5,35.7
Harrison Armstrong,eng ENG,MF,Everton,eng Premier League,17.0,2007.0,3,0,48,0.5,0,0,0,0,0,0,0.4,0.4,0.1,0.4,0.82,1,0,0.0,1.87,0.0,0.0,,0.37,7,15,46.7,149,15,0.0,1,1,0,0,1,0,0,0,1,1,1.87,0,0.0,0,0,0,0,0,0.0,0,0,1,0,0,20,0,2,1,100.0,15,1,0,2,3,14,0,1,0,0,2,0,0,0,0,2,0,0.0
José Arnaiz,es ESP,"FW,MF",Osasuna,es La Liga,29.0,1995.0,15,1,133,1.5,0,0,0,0,0,0,0.3,0.3,0.1,0.5,0.32,6,3,50.0,4.06,2.03,0.0,0.0,0.05,52,77,67.5,720,249,0.4,3,2,4,3,18,7,0,1,4,9,6.04,0,0.0,7,5,3,3,1,57.1,5,12,1,6,0,117,4,11,1,20.0,55,6,3,5,5,59,20,0,0,0,0,1,0,0,0,16,1,25.0
Hákon Arnar Haraldsson,is ISL,"MF,FW",Lille,fr Ligue 1,21.0,2003.0,25,21,1755,19.5,5,3,8,5,0,0,3.8,3.8,2.8,6.6,0.34,35,13,37.1,1.79,0.67,0.14,0.38,0.11,751,946,79.4,12052,2948,3.2,35,64,42,5,59,35,5,4,102,70,3.59,7,0.36,36,16,9,17,10,48.5,8,44,6,22,0,1136,15,77,27,55.1,715,52,11,42,13,872,143,3,0,0,19,3,1,0,0,71,2,12.5
Marko Arnautović,at AUT,FW,Inter,it Serie A,35.0,1989.0,17,5,527,5.9,4,2,6,4,0,0,3.3,3.3,1.2,4.4,0.73,13,6,46.2,2.22,1.02,0.31,0.67,0.23,113,158,71.5,1462,257,0.9,7,6,8,0,5,0,2,0,16,15,2.46,2,0.33,7,5,1,3,3,60.0,1,8,1,3,0,198,1,39,2,66.7,99,4,2,13,3,155,61,1,0,0,3,0,0,0,0,10,12,63.2
Maximilian Arnold,de GER,MF,Wolfsburg,de Bundesliga,30.0,1994.0,28,27,2356,26.2,3,5,8,3,0,0,0.9,0.9,3.5,4.3,0.17,27,12,44.4,1.03,0.46,0.11,0.25,0.03,1049,1358,77.2,21225,6991,4.4,45,132,19,8,152,84,3,17,128,83,3.17,10,0.38,34,20,13,18,3,45.5,24,58,70,18,2,1576,86,7,1,16.7,787,9,0,18,11,885,16,7,1,0,30,3,0,0,0,154,14,37.8
Jann-Fiete Arp,de GER,"FW,MF",Holstein Kiel,de Bundesliga,24.0,2000.0,23,3,713,7.9,2,0,2,1,1,2,3.8,2.2,1.0,3.2,0.6,20,9,45.0,2.52,1.14,0.05,0.11,0.11,102,174,58.6,2045,760,1.7,11,7,12,3,24,7,1,5,21,33,4.17,3,0.38,13,10,5,2,6,30.8,3,16,8,8,1,303,9,28,14,43.8,158,14,3,34,16,179,66,8,1,1,20,5,0,0,0,21,2,13.3
Sergio Arribas,es ESP,DF,Betis,es La Liga,21.0,2003.0,1,1,90,1.0,0,0,0,0,0,0,0.0,0.0,0.0,0.0,0.0,0,0,,0.0,0.0,,,,37,54,68.5,533,210,0.0,0,1,0,0,0,0,0,0,1,0,0.0,0,0.0,7,4,4,3,0,85.7,3,10,4,2,0,71,5,0,0,,33,0,0,0,0,35,4,0,0,0,0,0,0,0,0,3,1,100.0
Arthur,br BRA,DF,Leverkusen,de Bundesliga,21.0,2003.0,20,7,752,8.4,0,1,1,0,0,0,0.1,0.1,0.4,0.4,0.05,1,0,0.0,0.12,0.0,0.0,,0.06,306,388,78.9,4578,1255,1.0,2,20,7,1,16,0,0,0,25,7,0.84,1,0.12,14,11,3,9,2,50.0,9,23,29,13,0,508,15,13,5,20.8,242,15,2,13,6,309,53,1,0,0,20,0,0,1,0,31,10,45.5
Takuma Asano,jp JPN,"FW,MF",Mallorca,es La Liga,29.0,1994.0,21,13,1054,11.7,2,1,3,2,0,0,2.7,2.7,0.7,3.4,0.29,28,8,28.6,2.39,0.68,0.07,0.25,0.1,148,219,67.6,2071,485,0.6,6,8,3,2,20,0,0,3,20,22,1.88,2,0.17,13,9,5,7,1,54.5,6,19,9,13,0,356,8,53,6,24.0,207,28,12,27,12,226,76,0,0,0,5,2,0,0,0,42,5,16.1
Raúl Asencio,es ESP,DF,Real Madrid,es La Liga,21.0,2003.0,23,18,1670,18.6,0,1,1,0,0,0,0.1,0.1,0.6,0.7,0.04,3,1,33.3,0.16,0.05,0.0,0.0,0.04,927,988,93.8,15881,5389,0.4,6,47,3,0,0,0,1,8,27,12,0.65,1,0.05,22,16,18,4,0,76.9,16,38,88,2,2,1149,156,11,6,66.7,720,5,1,5,6,807,4,3,0,0,12,0,0,0,0,75,30,66.7
Marco Asensio,es ESP,MF,Aston Villa,eng Premier League,28.0,1996.0,13,9,743,8.3,3,1,4,3,0,2,4.4,2.9,1.0,3.8,0.66,22,9,40.9,2.66,1.09,0.14,0.33,0.13,242,313,77.3,3581,1081,1.2,16,20,11,2,38,23,2,1,45,35,4.24,3,0.36,7,5,0,7,0,33.3,2,9,3,8,0,386,6,30,12,63.2,242,22,5,9,8,265,38,2,0,0,11,3,0,0,0,28,0,0.0
Marco Asensio,es ESP,"FW,MF",Paris S-G,fr Ligue 1,28.0,1996.0,12,8,618,6.9,2,4,6,2,0,0,5.6,5.6,2.7,8.3,1.21,26,14,53.8,3.79,2.04,0.08,0.14,0.22,291,335,86.9,4166,808,1.7,16,31,4,1,13,6,4,1,36,37,5.39,7,1.02,4,3,1,3,0,0.0,0,4,1,7,0,377,2,40,4,50.0,260,19,9,3,5,324,49,0,0,0,1,0,0,0,0,18,1,33.3
Kristjan Asllani,al ALB,MF,Inter,it Serie A,22.0,2002.0,21,10,980,10.9,2,2,4,0,2,2,2.5,0.9,1.9,2.8,0.39,14,3,21.4,1.29,0.28,0.0,0.0,0.06,868,973,89.2,16269,4554,1.9,15,74,18,8,43,29,6,8,55,31,2.82,3,0.27,14,3,8,4,2,36.4,9,23,13,3,1,1061,25,9,1,16.7,700,7,1,5,2,859,20,4,0,0,8,1,0,0,0,49,4,57.1
Iago Aspas,es ESP,"FW,MF",Celta Vigo,es La Liga,36.0,1987.0,30,19,1745,19.4,10,5,15,5,5,6,8.7,4.0,4.6,8.6,0.69,46,18,39.1,2.37,0.93,0.11,0.28,0.09,661,877,75.4,10703,3064,3.9,38,74,35,4,15,4,20,8,132,74,3.82,13,0.67,13,8,4,5,4,40.0,8,21,5,27,0,1038,4,67,15,55.6,724,50,15,35,20,876,143,6,1,1,16,2,1,0,0,55,7,46.7
Yaser Asprilla,co COL,"FW,MF",Girona,es La Liga,20.0,2003.0,27,15,1405,15.6,3,1,4,3,0,0,2.1,2.1,2.8,4.9,0.31,38,11,28.9,2.43,0.7,0.08,0.27,0.05,471,653,72.1,8613,2194,3.4,24,35,38,9,93,24,6,10,77,61,3.91,7,0.45,22,12,6,8,8,34.8,7,29,7,24,1,831,11,48,29,45.3,534,72,29,45,17,607,140,2,0,0,12,1,0,1,0,62,4,57.1
Lorenz Assignon,tg TOG,"DF,MF",Rennes,fr Ligue 1,24.0,2000.0,32,27,2357,26.2,3,4,7,3,0,0,2.2,2.2,3.5,5.7,0.22,22,5,22.7,0.84,0.19,0.14,0.6,0.1,1015,1301,78.0,15872,5411,3.7,29,70,28,12,70,1,3,5,116,67,2.56,10,0.38,49,27,25,22,2,44.2,25,74,74,38,0,1638,66,80,28,36.4,807,98,26,56,34,1006,206,9,0,0,52,1,0,1,0,110,38,63.3
Dehmaine Assoumani,fr FRA,"MF,FW",Nantes,fr Ligue 1,19.0,2005.0,12,0,98,1.1,0,0,0,0,0,0,0.1,0.1,0.9,1.0,0.91,3,2,66.7,2.76,1.84,0.0,0.0,0.03,38,50,76.0,581,163,1.0,5,1,2,2,6,1,0,0,1,7,6.36,0,0.0,6,3,0,4,2,80.0,1,7,4,2,0,77,2,7,3,50.0,48,4,2,7,3,49,15,0,0,0,1,0,0,0,0,8,2,40.0
Valentin Atangana Edoa,fr FRA,MF,Reims,fr Ligue 1,18.0,2005.0,34,33,2854,31.7,1,0,1,1,0,0,2.5,2.5,1.1,3.6,0.11,33,6,18.2,1.04,0.19,0.03,0.17,0.08,908,1056,86.0,13649,3710,0.7,12,66,8,1,17,0,2,0,93,49,1.55,1,0.03,69,50,32,30,7,73.7,37,106,64,14,0,1433,115,54,14,29.2,735,41,8,57,23,889,38,7,0,0,57,4,0,0,0,117,47,58.0
Arthur Atta,fr FRA,"MF,FW",Udinese,it Serie A,21.0,2003.0,27,12,1251,13.9,0,1,1,0,0,0,1.3,1.3,1.4,2.8,0.2,26,7,26.9,1.87,0.5,0.0,0.0,0.05,509,633,80.4,7890,1920,1.4,18,42,8,2,24,3,1,5,57,46,3.31,2,0.14,20,12,9,10,1,66.7,7,27,15,22,1,813,21,39,27,44.3,515,31,10,34,22,593,77,5,0,0,16,1,0,0,0,57,14,41.2
Tommaso Augello,it ITA,DF,Cagliari,it Serie A,29.0,1994.0,38,30,2713,30.1,0,7,7,0,0,0,0.3,0.3,4.6,4.9,0.16,8,0,0.0,0.27,0.0,0.0,,0.03,1179,1640,71.9,20383,8524,4.8,39,79,38,26,207,57,0,6,118,73,2.42,11,0.36,49,28,28,17,4,69.8,16,65,109,50,2,1902,103,12,24,55.8,882,58,3,27,18,1020,113,3,0,0,15,0,0,0,0,135,49,69.0
Carlos Augusto,br BRA,DF,Inter,it Serie A,25.0,1999.0,28,15,1625,18.1,3,2,5,3,0,0,2.8,2.8,1.6,4.4,0.23,24,6,25.0,1.33,0.33,0.13,0.5,0.12,1083,1227,88.3,17582,4524,1.5,9,61,12,3,19,0,2,2,80,24,1.28,3,0.16,29,14,12,11,6,63.2,9,38,50,19,0,1413,88,43,7,58.3,837,31,4,18,13,997,83,1,0,0,9,2,0,0,0,70,57,62.0
Yann Aurel Bisseck,de GER,DF,Inter,it Serie A,23.0,2000.0,26,16,1553,17.3,3,2,5,3,0,0,2.6,2.6,0.9,3.4,0.19,21,5,23.8,1.22,0.29,0.14,0.6,0.12,1179,1284,91.8,19786,5328,1.2,7,77,7,1,8,0,2,1,93,20,1.1,4,0.22,17,11,11,4,2,68.8,17,34,64,16,1,1465,122,43,3,20.0,998,32,3,16,7,1136,44,4,0,0,15,1,0,2,0,66,47,75.8
Ezequiel Ávila,ar ARG,FW,Betis,es La Liga,30.0,1994.0,19,6,677,7.5,2,0,2,2,0,0,1.5,1.5,1.0,2.5,0.34,20,10,50.0,2.66,1.33,0.1,0.2,0.08,166,238,69.7,2762,614,1.0,15,1,11,6,29,2,0,2,18,31,4.12,3,0.4,8,3,2,2,4,40.0,2,10,8,9,0,323,7,34,5,45.5,173,12,4,23,7,216,48,5,1,0,13,4,0,0,0,28,6,42.9
Taiwo Awoniyi,ng NGA,FW,Nott'ham Forest,eng Premier League,26.0,1997.0,26,3,416,4.6,1,0,1,1,0,0,2.1,2.1,0.1,2.2,0.48,10,4,40.0,2.16,0.87,0.1,0.25,0.21,61,96,63.5,705,157,0.1,2,5,2,0,2,0,1,0,7,9,1.95,1,0.22,6,3,0,3,3,80.0,0,6,7,4,0,167,5,21,4,44.4,90,6,2,19,19,113,20,0,0,0,8,1,0,0,0,18,13,25.5
Yasin Ayari,se SWE,MF,Brighton,eng Premier League,20.0,2003.0,34,22,1965,21.8,2,1,3,2,0,0,2.4,2.4,2.3,4.8,0.22,28,8,28.6,1.28,0.37,0.07,0.25,0.09,793,973,81.5,11915,3328,2.6,30,55,18,4,69,37,10,1,75,61,2.79,6,0.27,59,32,15,31,13,46.4,20,79,26,14,0,1233,58,45,18,40.0,655,30,6,38,22,801,61,3,0,0,37,4,0,1,0,118,16,44.4
Florian Ayé,fr FRA,FW,Auxerre,fr Ligue 1,27.0,1997.0,26,4,575,6.4,2,0,2,2,0,0,1.9,1.9,0.1,2.0,0.32,12,3,25.0,1.88,0.47,0.17,0.67,0.16,95,129,73.6,1234,154,0.1,3,4,2,0,2,0,0,1,7,5,0.78,2,0.31,2,2,0,0,2,0.0,7,9,6,5,0,187,5,20,2,100.0,89,5,3,19,6,127,30,0,0,0,10,0,0,0,0,14,13,26.0
André Ayew,gh GHA,FW,Le Havre,fr Ligue 1,34.0,1989.0,27,15,1453,16.1,4,1,5,4,0,0,4.3,4.3,0.2,4.6,0.28,22,9,40.9,1.36,0.56,0.18,0.44,0.21,181,238,76.1,2231,272,0.3,8,7,3,0,7,0,0,0,18,20,1.24,1,0.06,18,10,3,7,8,53.8,3,21,21,10,1,378,21,40,5,38.5,159,5,3,26,26,226,43,2,0,0,19,2,0,0,0,26,37,37.0
Jordan Ayew,gh GHA,"FW,MF",Crystal Palace,eng Premier League,32.0,1991.0,1,0,21,0.2,0,0,0,0,0,0,0.5,0.5,0.0,0.5,2.17,1,0,0.0,4.29,0.0,0.0,,0.46,8,10,80.0,167,4,0.0,1,0,0,0,1,1,0,1,0,1,4.29,0,0.0,1,0,0,0,1,,0,1,0,0,0,12,0,1,0,,6,0,0,0,1,9,1,1,0,0,1,0,0,0,0,1,1,50.0
Jordan Ayew,gh GHA,"FW,MF",Leicester City,eng Premier League,32.0,1991.0,30,19,1638,18.2,5,0,5,4,1,1,3.2,2.4,1.1,3.5,0.24,31,8,25.8,1.7,0.44,0.13,0.5,0.08,401,540,74.3,5942,1216,1.5,16,25,14,7,60,28,3,2,46,41,2.25,2,0.11,27,15,8,14,5,30.4,12,39,19,11,0,798,21,55,26,40.6,479,49,11,63,40,540,86,5,0,0,30,1,0,0,0,93,37,31.6
Neil El Aynaoui,fr FRA,MF,Lens,fr Ligue 1,23.0,2001.0,24,17,1588,17.6,8,1,9,5,3,3,4.0,1.6,2.0,3.6,0.34,16,7,43.8,0.91,0.4,0.31,0.71,0.1,816,966,84.5,12776,3533,2.4,22,76,7,2,65,54,4,7,75,42,2.38,2,0.11,39,21,18,15,6,35.3,30,69,29,17,0,1196,54,25,5,23.8,582,11,2,25,21,761,29,4,0,0,34,1,0,0,0,90,24,61.5
Ayman Azhil,ma MAR,MF,Dortmund,de Bundesliga,23.0,2001.0,1,0,24,0.3,0,0,0,0,0,0,0.0,0.0,0.0,0.0,0.0,0,0,,0.0,0.0,,,,3,4,75.0,32,17,0.0,0,1,0,0,0,0,0,0,1,0,0.0,0,0.0,1,1,1,0,0,,0,1,0,1,0,9,0,0,0,0.0,4,0,0,1,1,5,1,1,0,0,2,0,0,0,0,2,0,
Adam Aznou,ma MAR,DF,Valladolid,es La Liga,18.0,2006.0,13,10,876,9.7,0,0,0,0,0,0,0.3,0.3,0.3,0.6,0.06,4,1,25.0,0.41,0.1,0.0,0.0,0.07,245,343,71.4,3660,1261,0.4,6,17,4,2,12,2,0,0,25,16,1.64,0,0.0,28,21,20,8,0,48.8,10,38,30,12,0,508,39,12,19,46.3,219,16,3,28,12,228,26,1,0,0,14,0,0,0,0,56,11,73.3
Adam Aznou,ma MAR,DF,Bayern Munich,de Bundesliga,18.0,2006.0,2,0,17,0.2,0,0,0,0,0,0,0.0,0.0,0.0,0.0,0.0,0,0,,0.0,0.0,,,,13,17,76.5,178,44,0.0,0,1,0,0,1,0,0,0,1,0,0.0,0,0.0,0,0,0,0,0,,0,0,1,0,0,18,1,0,0,,12,0,0,0,0,14,2,0,0,0,0,0,0,0,0,1,0,0.0
César Azpilicueta,es ESP,DF,Atlético Madrid,es La Liga,34.0,1989.0,14,10,875,9.7,1,0,1,1,0,0,0.2,0.2,0.1,0.3,0.03,5,2,40.0,0.51,0.21,0.2,0.5,0.05,581,671,86.6,9034,3451,0.4,3,46,4,1,5,0,1,3,66,8,0.82,1,0.1,25,14,12,9,4,73.9,5,30,32,4,0,759,41,11,1,50.0,432,13,1,8,1,516,20,1,0,0,8,0,0,0,0,28,14,50.0
Paulo Azzi,br BRA,DF,Cagliari,it Serie A,30.0,1994.0,6,5,426,4.7,0,0,0,0,0,0,0.5,0.5,0.9,1.4,0.3,8,3,37.5,1.69,0.63,0.0,0.0,0.07,126,180,70.0,2228,889,0.7,5,7,6,4,22,0,1,0,13,15,3.17,0,0.0,11,9,3,6,2,55.6,5,16,11,4,0,242,19,8,8,61.5,119,15,3,3,4,135,26,2,0,0,5,0,0,0,0,24,6,54.5
Oussama El Azzouzi,ma MAR,MF,Bologna,it Serie A,23.0,2001.0,2,0,19,0.2,0,0,0,0,0,0,0.0,0.0,0.0,0.0,0.0,0,0,,0.0,0.0,,,,17,18,94.4,304,98,0.0,0,2,0,0,0,0,0,0,4,2,9.47,0,0.0,0,0,0,0,0,,2,2,0,0,0,20,0,0,0,,14,0,0,0,0,18,0,0,0,0,0,0,0,0,0,1,0,
Papa Ba,es ESP,MF,Girona,es La Liga,19.0,2004.0,1,0,48,0.5,0,0,0,0,0,0,0.0,0.0,0.0,0.0,0.06,1,0,0.0,1.87,0.0,0.0,,0.03,5,13,38.5,79,7,0.0,0,1,0,0,1,0,0,0,0,2,3.75,0,0.0,1,1,1,0,0,,0,1,1,3,0,20,1,1,1,50.0,9,1,1,1,1,14,2,0,0,0,1,0,0,0,0,1,0,
Shavy Babicka,ga GAB,"MF,FW",Toulouse,fr Ligue 1,24.0,2000.0,30,11,1186,13.2,4,2,6,4,0,0,3.9,3.9,1.6,5.5,0.42,20,9,45.0,1.52,0.68,0.2,0.44,0.2,196,292,67.1,2616,643,1.9,13,8,13,5,39,0,1,3,21,29,2.2,5,0.38,21,12,6,11,4,47.6,3,24,4,12,3,428,4,53,11,29.7,273,36,14,28,18,300,122,2,0,0,16,3,0,0,0,54,7,29.2
Jacopo Bacci,it ITA,MF,Empoli,it Serie A,19.0,2005.0,3,0,31,0.3,0,0,0,0,0,0,0.0,0.0,0.0,0.0,0.0,0,0,,0.0,0.0,,,,6,11,54.5,113,46,0.0,0,1,0,0,0,0,0,0,1,0,0.0,0,0.0,1,0,1,0,0,100.0,1,2,1,1,0,14,1,0,0,,5,0,0,0,0,5,0,0,0,0,0,0,0,0,0,0,1,100.0
Aliou Badara Baldé,gn GUI,"MF,FW",Bochum,de Bundesliga,21.0,2002.0,5,0,91,1.0,0,0,0,0,0,0,0.2,0.2,0.2,0.4,0.35,4,1,25.0,3.96,0.99,0.0,0.0,0.05,11,20,55.0,187,62,0.2,2,1,2,1,4,0,1,0,1,3,2.93,0,0.0,1,1,1,0,0,,0,1,0,1,0,43,0,2,2,22.2,30,2,0,5,3,29,5,1,0,0,1,0,0,0,0,3,0,0.0
Loïc Bade,fr FRA,DF,Sevilla,es La Liga,24.0,2000.0,32,31,2686,29.8,1,1,2,1,0,0,0.6,0.6,0.7,1.3,0.04,13,4,30.8,0.44,0.13,0.08,0.25,0.05,1562,1822,85.7,31207,11821,0.2,4,94,3,0,8,0,1,18,62,23,0.77,2,0.07,47,27,37,10,0,74.2,29,76,162,9,2,2135,284,20,17,77.3,1173,11,1,17,8,1463,6,7,1,0,26,0,0,1,0,138,65,68.4
Milan Badelj,hr CRO,MF,Genoa,it Serie A,35.0,1989.0,23,21,1472,16.4,1,0,1,1,0,0,1.0,1.0,1.1,2.1,0.13,14,2,14.3,0.86,0.12,0.07,0.5,0.07,681,836,81.5,11772,3955,0.9,12,73,10,0,5,2,4,7,83,26,1.59,1,0.06,29,16,14,10,5,42.9,20,49,43,10,0,1014,58,13,9,45.0,499,8,2,19,11,658,14,2,0,0,18,2,0,0,0,74,10,62.5
Benoît Badiashile,fr FRA,DF,Chelsea,eng Premier League,23.0,2001.0,5,3,334,3.7,0,0,0,0,0,0,0.0,0.0,0.0,0.0,0.0,0,0,,0.0,0.0,,,,273,304,89.8,4820,1473,0.1,0,37,1,0,0,0,0,1,17,0,0.0,0,0.0,9,6,5,4,0,80.0,6,15,12,0,2,336,31,0,0,0.0,177,3,0,1,0,247,2,0,0,0,6,0,0,0,0,18,8,80.0
Alex Baena,es ESP,"MF,FW",Villarreal,es La Liga,23.0,2001.0,32,30,2595,28.8,7,9,16,7,0,1,7.1,6.3,11.7,18.1,0.65,69,17,24.6,2.39,0.59,0.1,0.41,0.09,857,1287,66.6,17433,6579,12.6,95,95,72,19,207,107,22,20,189,169,5.86,21,0.73,28,15,6,14,8,25.6,22,50,22,41,2,1569,23,89,21,37.5,895,91,15,42,32,1044,154,9,0,0,43,4,0,0,0,140,16,45.7
Juma Bah,sl SLE,DF,Valladolid,es La Liga,18.0,2006.0,12,10,864,9.6,0,0,0,0,0,0,0.3,0.3,0.0,0.3,0.03,3,1,33.3,0.31,0.1,0.0,0.0,0.09,330,407,81.1,6294,2123,0.0,1,15,0,0,0,0,0,1,13,2,0.21,0,0.0,10,7,7,3,0,60.0,12,22,60,3,0,523,85,8,3,75.0,265,0,0,3,5,316,1,1,0,0,6,0,0,0,0,35,31,70.5
Juma Bah,sl SLE,DF,Lens,fr Ligue 1,18.0,2006.0,10,8,686,7.6,0,0,0,0,0,0,0.1,0.1,0.2,0.3,0.03,2,1,50.0,0.26,0.13,0.0,0.0,0.04,353,378,93.4,6078,1813,0.2,2,7,0,0,0,0,0,1,9,7,0.92,0,0.0,16,10,6,10,0,71.4,17,33,47,1,1,480,81,6,3,100.0,265,3,0,4,3,279,1,2,0,0,7,0,0,0,0,37,23,79.3
Leon Bailey,jm JAM,"FW,MF",Aston Villa,eng Premier League,26.0,1997.0,24,14,1139,12.7,1,2,3,1,0,0,1.7,1.7,1.5,3.3,0.26,28,6,21.4,2.21,0.47,0.04,0.17,0.06,277,390,71.0,4313,1055,3.0,16,16,20,2,34,17,5,1,35,38,3.01,4,0.32,7,5,2,3,2,27.3,3,10,12,24,0,545,18,70,22,38.6,348,58,34,35,25,390,121,3,0,0,12,3,1,0,0,59,6,40.0
Eric Bailly,ci CIV,DF,Villarreal,es La Liga,30.0,1994.0,12,8,617,6.9,0,0,0,0,0,0,0.3,0.3,0.0,0.3,0.05,4,0,0.0,0.58,0.0,0.0,,0.08,280,320,87.5,5019,1914,0.0,0,18,0,0,0,0,0,0,18,2,0.29,0,0.0,12,4,6,6,0,75.0,6,18,29,1,0,394,57,5,3,100.0,200,1,0,6,1,251,0,2,1,0,7,0,0,1,0,19,11,61.1
Theo Bair,ca CAN,FW,Auxerre,fr Ligue 1,24.0,1999.0,29,11,939,10.4,2,1,3,2,0,0,3.0,3.0,1.2,4.2,0.4,26,13,50.0,2.49,1.25,0.08,0.15,0.12,132,213,62.0,1538,359,0.9,10,10,0,0,7,0,0,1,16,17,1.63,2,0.19,4,3,1,2,1,0.0,3,7,10,5,0,306,11,50,2,25.0,143,15,9,18,7,218,42,1,0,0,20,0,0,0,0,15,55,54.5
Stefan Bajcetic,es ESP,"MF,DF",Las Palmas,es La Liga,19.0,2004.0,14,12,969,10.8,1,0,1,1,0,0,0.3,0.3,0.2,0.5,0.05,5,2,40.0,0.46,0.19,0.2,0.5,0.05,300,418,71.8,5892,1599,0.3,7,28,8,0,4,1,0,9,39,14,1.3,1,0.09,29,14,13,13,3,42.9,15,44,26,8,1,570,33,6,11,45.8,238,8,0,21,6,293,9,4,0,0,21,2,0,1,0,61,17,56.7
Cédric Bakambu,cd COD,FW,Betis,es La Liga,33.0,1991.0,25,6,710,7.9,2,2,4,2,0,0,3.2,3.2,0.6,3.7,0.47,24,11,45.8,3.04,1.39,0.08,0.18,0.13,84,126,66.7,967,218,0.8,8,9,5,0,2,0,1,0,14,11,1.39,3,0.38,6,4,0,5,1,42.9,0,6,5,7,0,226,6,33,1,14.3,113,9,7,28,11,157,43,4,0,0,23,1,1,0,0,25,12,31.6
Mitchel Bakker,nl NED,MF,Atalanta,it Serie A,24.0,2000.0,1,0,22,0.2,0,0,0,0,0,0,0.0,0.0,0.0,0.0,0.0,0,0,,0.0,0.0,,,,7,9,77.8,109,22,0.0,0,1,0,0,1,1,0,0,1,0,0.0,0,0.0,1,0,1,0,0,100.0,0,1,0,0,0,10,0,0,0,,6,0,0,0,0,7,1,0,0,0,1,0,0,0,0,2,1,50.0
Mitchel Bakker,nl NED,"FW,DF",Lille,fr Ligue 1,24.0,2000.0,24,14,1139,12.7,3,2,5,3,0,0,3.0,3.0,2.7,5.6,0.44,23,10,43.5,1.82,0.79,0.13,0.3,0.13,499,641,77.8,8228,2642,2.3,23,42,27,11,68,22,2,1,57,40,3.13,4,0.31,23,13,6,11,6,52.6,12,35,15,14,0,758,12,32,11,52.4,439,43,7,18,11,547,120,3,1,0,18,1,0,0,0,46,3,23.1
Darryl Bakola,fr FRA,"DF,MF",Marseille,fr Ligue 1,16.0,2007.0,2,0,14,0.2,0,0,0,0,0,0,0.0,0.0,0.0,0.0,0.0,0,0,,0.0,0.0,,,,12,13,92.3,159,40,0.0,0,1,0,0,0,0,0,0,0,0,0.0,0,0.0,1,1,0,1,0,,0,1,0,0,0,15,0,0,0,0.0,9,0,0,0,1,14,0,1,0,0,3,0,0,0,0,1,0,
Ridle Baku,de GER,"FW,MF",Wolfsburg,de Bundesliga,26.0,1998.0,15,14,1170,13.0,2,1,3,2,0,0,1.5,1.5,1.3,2.7,0.21,18,6,33.3,1.38,0.46,0.11,0.33,0.08,381,514,74.1,6541,1845,1.6,13,33,14,6,37,0,3,2,44,31,2.38,4,0.31,23,15,9,9,5,42.1,15,38,15,22,0,646,15,34,9,45.0,352,16,8,15,10,391,78,2,0,0,13,1,0,0,0,68,5,23.8
Ridle Baku,de GER,"DF,MF",RB Leipzig,de Bundesliga,26.0,1998.0,19,15,1275,14.2,2,3,5,2,0,0,1.4,1.4,1.5,2.9,0.2,17,5,29.4,1.2,0.35,0.12,0.4,0.08,480,638,75.2,7553,2361,1.7,14,34,17,4,34,0,5,3,41,30,2.12,6,0.42,24,19,9,13,2,39.1,9,33,45,22,0,796,32,32,16,66.7,383,21,3,26,14,503,97,1,0,0,13,0,0,0,0,45,10,37.0
Dilane Bakwa,fr FRA,"MF,DF",Strasbourg,fr Ligue 1,21.0,2002.0,30,29,2497,27.7,6,8,14,6,0,0,4.7,4.7,6.6,11.3,0.41,52,22,42.3,1.87,0.79,0.12,0.27,0.09,808,1109,72.9,13642,4130,6.0,47,67,40,10,153,62,11,15,129,110,3.97,16,0.58,26,14,11,8,7,50.0,15,41,27,23,0,1420,21,79,50,39.4,890,107,42,60,34,1046,249,4,0,0,29,7,0,0,0,92,11,57.9
Tommaso Baldanzi,it ITA,"MF,FW",Roma,it Serie A,21.0,2003.0,31,5,832,9.2,1,1,2,1,0,0,1.4,1.4,1.0,2.4,0.26,20,4,20.0,2.16,0.43,0.05,0.25,0.07,305,363,84.0,3953,740,0.8,10,22,6,0,7,0,4,1,23,36,3.89,4,0.43,12,4,5,4,3,33.3,6,18,8,14,0,472,5,38,17,43.6,292,39,10,16,9,335,57,2,0,0,7,2,0,0,0,48,1,25.0
Alejandro Balde,es ESP,DF,Barcelona,es La Liga,20.0,2003.0,32,26,2284,25.4,0,4,4,0,0,0,0.5,0.5,3.4,3.9,0.15,12,3,25.0,0.47,0.12,0.0,0.0,0.04,1306,1484,88.0,19158,3986,2.8,26,51,39,11,67,0,3,2,93,76,2.99,12,0.47,18,10,10,5,3,64.7,5,23,27,28,0,1721,38,47,46,41.8,1075,107,16,44,27,1245,246,2,0,0,16,7,0,0,0,122,16,64.0
Keita Baldé,sn SEN,FW,Monza,it Serie A,29.0,1995.0,11,8,638,7.1,2,0,2,2,0,0,1.1,1.1,0.2,1.2,0.18,14,5,35.7,1.97,0.71,0.14,0.4,0.08,199,223,89.2,2878,575,0.4,4,19,8,3,6,1,0,0,35,21,2.97,0,0.0,1,1,0,1,0,50.0,2,3,0,4,0,289,0,17,5,31.3,216,19,2,20,15,255,29,2,0,0,7,2,0,0,0,12,5,31.3
Carlos Baleba,cm CMR,MF,Brighton,eng Premier League,20.0,2004.0,34,31,2661,29.6,3,1,4,3,0,0,3.1,3.1,1.3,4.4,0.15,44,11,25.0,1.49,0.37,0.07,0.27,0.07,1149,1314,87.4,19305,4741,1.2,21,109,23,3,9,0,7,3,118,66,2.23,4,0.14,79,46,26,37,16,60.0,46,125,44,14,1,1697,94,12,33,57.9,971,43,3,39,42,1035,29,8,1,1,40,1,0,2,0,197,39,60.0
Leonardo Balerdi,ar ARG,DF,Marseille,fr Ligue 1,25.0,1999.0,27,27,2273,25.3,0,0,0,0,0,0,0.9,0.9,0.7,1.7,0.07,15,1,6.7,0.59,0.04,0.0,0.0,0.06,2360,2516,93.8,39477,14824,0.8,8,150,6,0,2,0,3,8,105,27,1.07,3,0.12,54,39,32,17,5,57.4,38,92,72,12,4,2767,209,21,22,68.8,1752,13,2,20,13,2183,5,9,1,1,28,0,0,0,1,161,39,65.0
Iván Balliu,al ALB,DF,Rayo Vallecano,es La Liga,32.0,1992.0,25,12,1200,13.3,0,0,0,0,0,0,0.0,0.0,0.5,0.5,0.04,1,0,0.0,0.07,0.0,0.0,,0.01,492,649,75.8,8082,3338,0.4,7,38,6,4,19,0,0,1,46,19,1.43,1,0.08,17,14,8,5,4,33.3,13,30,39,20,0,762,42,10,3,50.0,326,8,2,12,2,379,21,3,0,0,19,1,0,0,0,39,14,35.0
Fodé Ballo-Touré,sn SEN,"DF,MF",Le Havre,fr Ligue 1,27.0,1997.0,10,9,589,6.5,0,0,0,0,0,0,0.0,0.0,0.1,0.1,0.02,0,0,,0.0,0.0,,,,259,311,83.3,4291,1377,0.1,1,20,2,2,21,1,0,1,13,4,0.61,1,0.15,8,7,3,4,1,55.6,4,12,27,11,0,377,19,1,5,35.7,163,15,0,8,10,201,14,0,0,0,3,0,0,0,0,31,4,44.4
Botond Balogh,hu HUN,DF,Parma,it Serie A,22.0,2002.0,29,23,2053,22.8,0,1,1,0,0,0,0.4,0.4,0.1,0.5,0.02,3,0,0.0,0.13,0.0,0.0,,0.14,861,964,89.3,16914,4970,0.3,2,24,0,0,1,0,0,1,37,8,0.35,2,0.09,36,16,22,13,1,71.4,25,61,141,8,2,1228,250,8,0,,621,7,0,9,1,725,1,5,0,0,17,0,0,2,0,64,34,54.0
Folarin Balogun,us USA,FW,Monaco,fr Ligue 1,23.0,2001.0,13,7,615,6.8,4,0,4,4,0,0,4.8,4.8,0.9,5.6,0.82,31,10,32.3,4.54,1.46,0.13,0.4,0.15,85,125,68.0,959,126,1.2,6,5,1,0,5,0,0,0,9,19,2.78,2,0.29,1,1,0,0,1,0.0,1,2,0,6,0,220,0,51,4,22.2,143,21,12,33,13,178,73,0,0,0,7,1,0,0,0,15,4,16.7
Mario Balotelli,it ITA,"FW,MF",Genoa,it Serie A,33.0,1990.0,6,0,62,0.7,0,0,0,0,0,0,0.0,0.0,0.0,0.0,0.07,2,0,0.0,2.9,0.0,0.0,,0.02,4,15,26.7,102,18,0.0,0,0,0,0,3,0,0,1,1,0,0.0,0,0.0,0,0,0,0,0,,0,0,1,1,0,23,1,1,0,,10,0,0,1,0,16,5,2,0,0,2,0,0,0,0,1,2,50.0
Abdoulaye Bamba,ci CIV,DF,Angers,fr Ligue 1,34.0,1990.0,19,16,1510,16.8,0,0,0,0,0,0,0.1,0.1,0.3,0.4,0.02,1,0,0.0,0.06,0.0,0.0,,0.09,518,585,88.5,10459,3330,0.3,6,19,4,3,5,0,1,1,16,10,0.6,0,0.0,22,12,17,4,1,73.7,19,41,79,4,0,743,90,3,2,100.0,408,1,0,3,4,468,3,2,0,0,10,0,0,0,0,47,11,39.3
Jonathan Bamba,ci CIV,"FW,MF",Celta Vigo,es La Liga,28.0,1996.0,12,10,811,9.0,0,1,1,0,0,0,0.8,0.8,1.8,2.6,0.29,13,6,46.2,1.44,0.67,0.0,0.0,0.06,287,364,78.8,4015,1041,1.6,12,20,13,6,25,1,3,1,30,28,3.11,4,0.44,12,7,4,6,2,41.7,5,17,6,12,0,468,7,21,15,39.5,307,31,8,20,13,351,71,1,0,0,7,0,0,0,0,52,5,33.3
Mohamed Bamba,ci CIV,MF,Reims,fr Ligue 1,19.0,2004.0,2,0,10,0.1,0,0,0,0,0,0,0.0,0.0,0.0,0.0,0.0,0,0,,0.0,0.0,,,,16,19,84.2,336,82,0.0,0,3,0,0,0,0,0,1,3,0,0.0,0,0.0,0,0,0,0,0,0.0,0,0,1,1,0,22,1,0,0,,14,0,0,0,0,17,0,0,0,0,0,0,0,0,0,0,0,0.0
Samuel Bamba,de GER,"FW,MF",Bochum,de Bundesliga,20.0,2004.0,5,0,27,0.3,0,0,0,0,0,0,0.1,0.1,0.0,0.1,0.45,2,1,50.0,6.67,3.33,0.0,0.0,0.05,17,22,77.3,284,106,0.1,1,2,4,1,5,1,0,0,5,2,6.67,0,0.0,1,1,1,0,0,,0,1,0,1,0,31,0,1,1,25.0,20,3,1,3,0,22,8,0,0,0,0,0,0,0,0,2,1,33.3
Lameck Banda,zm ZAM,"FW,MF",Lecce,it Serie A,23.0,2001.0,15,6,610,6.8,0,1,1,0,0,0,1.2,1.2,1.1,2.3,0.34,17,4,23.5,2.51,0.59,0.0,0.0,0.07,125,162,77.2,1873,408,0.8,11,3,8,6,26,2,2,1,7,23,3.39,1,0.15,8,5,4,2,2,25.0,2,10,8,3,1,252,5,21,10,35.7,169,27,17,17,9,171,46,1,0,0,10,3,0,0,0,30,2,13.3
Daniel Bandeira,pt POR,MF,Hellas Verona,it Serie A,24.0,2000.0,11,4,407,4.5,0,0,0,0,0,0,0.0,0.0,0.1,0.2,0.04,2,1,50.0,0.44,0.22,0.0,0.0,0.02,194,235,82.6,3055,966,0.1,3,18,1,0,8,7,0,1,25,6,1.33,0,0.0,4,0,1,3,0,50.0,6,10,8,1,0,266,12,0,1,100.0,148,1,0,4,6,167,4,1,0,0,4,0,0,0,0,36,7,70.0
Mattia Bani,it ITA,DF,Genoa,it Serie A,30.0,1993.0,20,19,1507,16.7,0,0,0,0,0,0,1.2,1.2,0.2,1.4,0.08,8,3,37.5,0.48,0.18,0.0,0.0,0.15,768,879,87.4,15516,5490,0.2,2,18,2,1,4,0,0,3,25,7,0.42,2,0.12,19,10,11,6,2,63.6,22,41,85,5,2,1048,180,10,2,40.0,558,6,0,4,3,699,3,3,0,0,7,0,0,0,0,60,22,48.9
Noahkai Banks,us USA,DF,Augsburg,de Bundesliga,17.0,2006.0,8,2,278,3.1,0,0,0,0,0,0,0.1,0.1,0.0,0.1,0.02,1,0,0.0,0.32,0.0,0.0,,0.07,156,168,92.9,2911,843,0.0,0,5,1,0,2,0,0,0,8,1,0.32,0,0.0,11,5,6,4,1,42.9,5,16,28,0,0,229,23,2,0,0.0,123,2,0,2,1,129,3,2,0,0,2,0,0,0,1,13,8,50.0
Scott Banks,sct SCO,"FW,MF",St. Pauli,de Bundesliga,22.0,2001.0,12,0,116,1.3,0,0,0,0,0,0,0.3,0.3,0.0,0.3,0.22,3,0,0.0,2.33,0.0,0.0,,0.09,21,33,63.6,280,61,0.1,0,0,1,1,5,0,0,0,1,3,2.35,1,0.78,1,1,1,0,0,0.0,2,3,2,0,0,48,2,6,2,28.6,24,3,3,0,2,28,8,1,0,0,2,1,0,0,0,4,1,14.3
Adrian Baquerin,es ESP,FW,Valladolid,es La Liga,17.0,2007.0,5,0,49,0.5,0,0,0,0,0,0,0.4,0.4,0.0,0.4,0.71,3,0,0.0,5.51,0.0,0.0,,0.13,9,10,90.0,122,11,0.0,0,0,1,0,0,0,0,0,1,1,1.87,0,0.0,1,1,0,1,0,,0,1,1,0,0,18,1,3,0,0.0,10,0,0,1,1,11,0,0,0,0,0,0,0,0,0,1,1,100.0
Antonín Barák,cz CZE,MF,Fiorentina,it Serie A,29.0,1994.0,1,1,54,0.6,0,0,0,0,0,0,0.1,0.1,0.3,0.4,0.6,2,2,100.0,3.33,3.33,0.0,0.0,0.04,17,20,85.0,228,77,0.1,3,1,1,0,1,0,0,0,2,3,5.0,0,0.0,2,0,0,2,0,0.0,0,2,0,0,0,25,1,3,0,0.0,20,2,0,1,0,20,5,0,0,0,0,0,0,0,0,2,0,0.0
Federico Barba,it ITA,DF,Como,it Serie A,30.0,1993.0,7,5,431,4.8,0,0,0,0,0,0,0.2,0.2,0.0,0.2,0.04,2,1,50.0,0.42,0.21,0.0,0.0,0.1,258,292,88.4,4163,1406,0.0,0,18,2,0,3,0,0,1,25,3,0.63,0,0.0,2,2,1,1,0,25.0,4,6,15,0,0,320,33,5,0,,201,5,0,1,1,215,5,0,0,0,3,0,0,0,0,19,5,38.5
Valentín Barco,ar ARG,"DF,FW",Sevilla,es La Liga,20.0,2004.0,7,3,288,3.2,0,0,0,0,0,0,0.3,0.3,0.6,0.9,0.28,7,0,0.0,2.19,0.0,0.0,,0.04,139,191,72.8,2139,895,0.3,6,12,3,0,24,9,2,2,13,10,3.12,0,0.0,15,9,8,3,4,80.0,2,17,5,5,0,236,4,3,3,23.1,124,4,0,6,4,142,13,0,0,0,7,0,0,0,0,16,0,0.0
Valentín Barco,ar ARG,"MF,DF",Strasbourg,fr Ligue 1,20.0,2004.0,14,14,1157,12.9,0,2,2,0,0,0,0.5,0.5,1.5,2.0,0.15,10,1,10.0,0.78,0.08,0.0,0.0,0.05,644,777,82.9,10174,2666,1.5,8,54,9,2,31,2,2,4,64,20,1.56,6,0.47,36,22,24,10,2,73.3,13,49,28,16,1,928,48,15,9,45.0,513,20,2,22,10,632,55,2,0,0,17,1,0,1,0,79,7,50.0
Bradley Barcola,fr FRA,FW,Paris S-G,fr Ligue 1,21.0,2002.0,34,27,2181,24.2,14,10,24,14,0,0,13.4,13.4,10.1,23.5,0.97,74,38,51.4,3.05,1.57,0.19,0.37,0.18,749,917,81.7,10250,2486,5.9,50,28,51,4,25,2,6,2,96,101,4.17,20,0.83,27,17,10,8,9,25.8,19,46,12,22,0,1278,13,214,34,24.8,855,137,95,64,20,1019,374,2,0,0,30,2,0,0,0,67,14,66.7
Melvin Bard,fr FRA,"DF,MF",Nice,fr Ligue 1,23.0,2000.0,24,22,1938,21.5,2,1,3,2,0,0,2.2,2.2,1.9,4.1,0.19,23,8,34.8,1.07,0.37,0.09,0.25,0.1,903,1166,77.4,15233,5399,2.5,15,76,26,13,60,1,4,0,88,49,2.28,4,0.19,53,36,35,13,5,57.1,29,82,60,29,3,1436,88,36,22,44.9,778,53,10,28,15,858,95,4,2,1,17,1,0,0,0,124,24,54.5
Nicolò Barella,it ITA,MF,Inter,it Serie A,27.0,1997.0,32,28,2456,27.3,3,6,9,3,0,0,2.2,2.2,4.5,6.7,0.24,42,9,21.4,1.54,0.33,0.07,0.33,0.05,1484,1808,82.1,26231,7745,5.1,55,172,54,12,68,10,18,23,235,112,4.07,15,0.54,50,31,19,20,11,44.1,12,62,16,28,1,2064,43,42,23,40.4,1393,63,8,29,42,1612,133,4,0,0,25,4,0,0,0,165,26,51.0
Gabriel Bares,ch SUI,"MF,DF",Montpellier,fr Ligue 1,23.0,2000.0,6,0,56,0.6,0,0,0,0,0,0,0.0,0.0,0.0,0.0,0.0,0,0,,0.0,0.0,,,,34,40,85.0,590,199,0.0,0,5,0,0,1,0,0,0,3,0,0.0,0,0.0,2,2,2,0,0,50.0,1,3,3,0,0,49,3,2,1,50.0,27,1,0,0,1,33,0,0,0,0,0,0,0,0,0,1,0,0.0
Borna Barišić,hr CRO,DF,Leganés,es La Liga,31.0,1992.0,1,1,9,0.1,0,0,0,0,0,0,0.0,0.0,0.0,0.0,0.0,0,0,,0.0,0.0,,,,3,4,75.0,48,2,0.0,0,0,0,0,0,0,0,0,0,0,0.0,0,0.0,0,0,0,0,0,,0,0,0,0,0,4,0,0,0,,2,0,0,0,0,3,0,0,0,0,0,0,0,0,0,0,0,
Téo Barisic,fr FRA,DF,Lyon,fr Ligue 1,19.0,2004.0,1,0,2,0.0,0,0,0,0,0,0,0.0,0.0,0.0,0.0,0.0,0,0,,0.0,0.0,,,,1,1,100.0,19,0,0.0,0,0,0,0,0,0,0,0,0,0,0.0,0,0.0,0,0,0,0,0,,0,0,1,0,0,2,1,0,0,,1,0,0,0,0,1,0,0,0,0,0,0,0,0,0,0,0,
Kike Barja,es ESP,"FW,MF",Osasuna,es La Liga,27.0,1997.0,15,3,315,3.5,0,1,1,0,0,0,0.2,0.2,1.2,1.4,0.39,4,1,25.0,1.14,0.29,0.0,0.0,0.05,74,114,64.9,1428,431,1.3,10,3,8,7,37,8,0,1,4,18,5.14,2,0.57,5,4,1,3,1,50.0,3,8,4,8,0,167,1,17,7,43.8,102,22,5,16,5,111,39,3,0,0,9,2,0,0,0,10,5,38.5
Ross Barkley,eng ENG,MF,Aston Villa,eng Premier League,30.0,1993.0,20,3,581,6.5,3,1,4,3,0,0,1.8,1.8,0.6,2.4,0.37,16,5,31.3,2.48,0.77,0.19,0.6,0.11,337,395,85.3,5232,1260,0.4,9,32,6,0,1,0,0,3,36,18,2.78,3,0.46,14,3,4,10,0,64.3,10,24,5,9,0,464,17,19,12,75.0,277,15,2,7,8,328,10,3,0,0,8,0,0,0,0,43,6,60.0
Aymen Barkok,ma MAR,MF,Mainz 05,de Bundesliga,26.0,1998.0,4,0,73,0.8,0,0,0,0,0,0,0.0,0.0,0.1,0.1,0.17,0,0,,0.0,0.0,,,,26,37,70.3,506,182,0.3,1,7,3,1,5,1,0,0,5,2,2.47,0,0.0,2,1,1,1,0,100.0,2,4,0,2,0,47,2,1,0,0.0,22,2,0,0,0,29,6,0,0,0,2,0,0,0,0,4,2,28.6
Harvey Barnes,eng ENG,FW,Newcastle Utd,eng Premier League,26.0,1997.0,33,17,1755,19.5,9,4,13,9,0,0,7.2,7.2,4.0,11.2,0.57,63,20,31.7,3.23,1.03,0.14,0.45,0.11,474,607,78.1,6642,1989,4.6,26,25,41,9,47,2,5,1,83,64,3.27,9,0.46,16,9,4,6,6,27.3,6,22,15,17,1,810,17,128,24,37.5,561,93,47,33,23,647,192,0,0,0,15,6,0,0,0,55,6,28.6
Enzo Barrenechea,ar ARG,MF,Valencia,es La Liga,23.0,2001.0,30,26,2191,24.3,1,2,3,1,0,0,1.3,1.3,0.9,2.3,0.09,16,3,18.8,0.66,0.12,0.06,0.33,0.08,1170,1352,86.5,20141,5421,1.1,15,143,7,0,3,0,3,22,126,44,1.81,8,0.33,57,30,22,29,6,69.6,28,85,48,11,1,1601,68,14,11,35.5,762,21,0,23,18,1068,16,6,0,0,25,3,1,0,0,117,37,60.7
Ander Barrenetxea,es ESP,"MF,FW",Real Sociedad,es La Liga,22.0,2001.0,30,14,1263,14.0,1,3,4,1,0,0,1.6,1.6,1.9,3.6,0.26,25,8,32.0,1.78,0.57,0.04,0.13,0.07,375,529,70.9,6235,1409,2.5,16,23,22,4,54,7,1,11,48,42,2.99,6,0.43,26,19,7,14,5,26.1,11,37,16,27,1,751,11,63,26,37.7,470,43,19,47,26,522,152,6,0,0,33,1,0,1,0,88,7,33.3
Pablo Barrios,es ESP,MF,Atlético Madrid,es La Liga,21.0,2003.0,31,28,2330,25.9,1,4,5,1,0,0,1.3,1.3,2.4,3.7,0.14,29,8,27.6,1.12,0.31,0.03,0.13,0.05,1299,1511,86.0,20821,5648,2.0,26,148,24,5,26,0,5,11,142,66,2.55,11,0.43,46,26,23,20,3,48.9,34,80,33,28,9,1784,51,29,25,59.5,1119,29,6,49,23,1308,69,4,1,0,28,1,0,0,0,131,35,62.5
Thierno Barry,fr FRA,FW,Villarreal,es La Liga,21.0,2002.0,35,25,2323,25.8,11,4,15,10,1,1,12.5,11.7,2.9,14.6,0.6,71,24,33.8,2.75,0.93,0.14,0.42,0.17,209,337,62.0,2946,546,2.0,23,14,12,1,5,0,4,1,27,46,1.78,6,0.23,11,8,2,5,4,40.0,0,11,19,8,0,624,22,126,18,36.0,347,44,25,86,27,485,124,4,0,0,47,3,1,1,0,36,99,67.3
Davide Bartesaghi,it ITA,DF,Milan,it Serie A,18.0,2005.0,4,1,118,1.3,0,0,0,0,0,0,0.0,0.0,0.1,0.1,0.09,1,1,100.0,0.76,0.76,0.0,0.0,0.01,65,76,85.5,938,308,0.2,2,1,3,3,10,1,0,0,2,2,1.53,0,0.0,4,2,1,1,2,100.0,3,7,1,3,0,89,2,2,0,0.0,55,2,0,0,1,61,17,0,1,0,1,0,0,0,0,2,1,100.0
Marc Bartra,es ESP,DF,Betis,es La Liga,33.0,1991.0,25,23,2099,23.3,2,1,3,2,0,0,1.2,1.2,0.2,1.4,0.06,18,5,27.8,0.77,0.21,0.11,0.4,0.07,945,1163,81.3,19271,6573,0.3,4,64,5,1,1,0,3,19,68,13,0.56,3,0.13,33,19,20,13,0,57.7,33,66,148,8,0,1483,219,18,7,46.7,804,7,1,12,5,903,1,2,0,0,15,0,0,1,0,88,50,54.3
Federico Baschirotto,it ITA,DF,Lecce,it Serie A,27.0,1996.0,38,38,3420,38.0,2,0,2,2,0,0,1.2,1.2,0.2,1.4,0.04,22,8,36.4,0.58,0.21,0.09,0.25,0.06,1409,1635,86.2,28512,9707,0.5,4,51,5,0,5,0,0,15,71,17,0.45,1,0.03,37,25,30,5,2,78.6,23,60,237,5,2,2043,370,36,4,80.0,940,13,0,13,1,1157,5,3,0,0,31,0,0,3,0,93,104,65.4
Daniele Baselli,it ITA,MF,Como,it Serie A,32.0,1992.0,2,1,22,0.2,0,0,0,0,0,0,0.0,0.0,0.0,0.0,0.0,0,0,,0.0,0.0,,,,24,27,88.9,437,123,0.0,0,2,0,0,0,0,0,0,4,0,0.0,0,0.0,0,0,0,0,0,,1,1,1,0,0,31,1,0,0,,22,2,0,1,0,24,0,0,0,0,0,0,0,0,0,0,0,0.0
Calvin Bassey,ng NGA,DF,Fulham,eng Premier League,24.0,1999.0,35,34,3074,34.2,1,0,1,1,0,0,1.0,1.0,0.1,1.2,0.03,14,4,28.6,0.41,0.12,0.07,0.25,0.07,1934,2155,89.7,34171,11961,0.4,3,152,3,0,8,0,0,10,116,23,0.67,3,0.09,54,34,35,19,0,71.0,20,74,118,17,8,2463,324,19,15,45.5,1571,39,5,34,8,1716,15,7,0,0,26,0,0,0,0,168,43,56.6
Aboubacar Bassinga,ci CIV,MF,Las Palmas,es La Liga,19.0,2005.0,1,0,4,0.0,0,0,0,0,0,0,0.0,0.0,0.0,0.0,0.0,0,0,,0.0,0.0,,,,2,4,50.0,53,0,0.0,0,0,0,0,0,0,1,0,0,0,0.0,0,0.0,0,0,0,0,0,,0,0,0,0,0,4,0,0,0,,3,0,0,0,1,3,0,0,0,0,1,0,0,0,0,0,0,
Alessandro Bastoni,it ITA,DF,Inter,it Serie A,25.0,1999.0,32,30,2333,25.9,1,5,6,1,0,0,0.8,0.8,2.3,3.2,0.12,12,2,16.7,0.46,0.08,0.08,0.5,0.06,1966,2225,88.4,36493,11275,2.8,27,128,49,24,61,0,3,22,162,71,2.66,11,0.41,46,23,26,14,6,66.7,21,67,52,18,1,2446,196,28,7,43.8,1633,62,5,26,5,1815,83,6,1,1,43,3,0,0,0,96,44,64.7
Michy Batshuayi,be BEL,FW,Eint Frankfurt,de Bundesliga,30.0,1993.0,10,3,300,3.3,3,0,3,3,0,0,1.2,1.2,0.0,1.3,0.38,5,3,60.0,1.5,0.9,0.6,1.0,0.24,53,66,80.3,747,198,0.4,1,4,2,0,1,0,0,0,8,4,1.2,0,0.0,1,1,1,0,0,100.0,1,2,0,0,0,101,1,14,2,28.6,60,3,2,11,1,67,15,2,0,0,6,1,0,0,0,10,3,27.3
Dylan Batubinsika,cd COD,DF,Saint-Étienne,fr Ligue 1,28.0,1996.0,25,22,2016,22.4,1,0,1,1,0,0,0.8,0.8,0.2,1.0,0.04,7,2,28.6,0.31,0.09,0.14,0.5,0.12,1112,1217,91.4,20308,6434,0.4,4,47,3,1,1,0,1,0,51,9,0.4,0,0.0,26,13,19,6,1,59.1,39,65,140,4,3,1476,198,9,6,66.7,790,11,0,6,2,974,1,3,1,0,24,0,0,3,1,76,45,72.6
Maximilian Bauer,de GER,DF,Augsburg,de Bundesliga,24.0,2000.0,11,8,658,7.3,0,0,0,0,0,0,0.2,0.2,0.1,0.3,0.04,1,1,100.0,0.14,0.14,0.0,0.0,0.18,275,340,80.9,5313,1982,0.1,2,31,2,2,4,0,0,2,30,4,0.55,0,0.0,14,8,5,7,2,64.3,6,20,35,2,1,422,45,3,0,,216,4,0,6,2,260,7,1,0,0,7,1,0,0,0,20,19,61.3
Christoph Baumgartner,at AUT,MF,RB Leipzig,de Bundesliga,24.0,1999.0,31,18,1610,17.9,2,1,3,2,0,0,4.5,4.5,1.3,5.8,0.33,39,15,38.5,2.18,0.84,0.05,0.13,0.12,421,617,68.2,6330,1808,1.7,20,40,16,1,14,1,10,1,53,42,2.35,6,0.34,44,28,13,19,12,40.5,12,56,24,29,2,910,49,65,17,40.5,438,37,7,47,31,575,95,5,0,0,44,1,0,0,0,86,41,51.3
Rafael Bauza,es ESP,MF,Espanyol,es La Liga,19.0,2005.0,5,2,183,2.0,0,0,0,0,0,0,0.1,0.1,0.0,0.1,0.04,3,0,0.0,1.48,0.0,0.0,,0.03,46,54,85.2,779,192,0.0,0,3,1,0,0,0,1,1,7,1,0.49,0,0.0,5,3,3,1,1,57.1,0,5,5,1,0,74,6,1,1,50.0,37,1,0,1,0,42,3,1,0,0,8,0,0,0,0,4,3,60.0
Ihlas Bebou,tg TOG,MF,Hoffenheim,de Bundesliga,30.0,1994.0,1,0,9,0.1,0,0,0,0,0,0,0.0,0.0,0.0,0.0,0.0,0,0,,0.0,0.0,,,,2,4,50.0,22,0,0.0,0,0,0,0,0,0,0,0,0,0,0.0,0,0.0,0,0,0,0,0,,0,0,0,0,0,5,0,1,0,,4,0,0,1,0,5,0,0,0,0,0,0,0,0,0,0,0,
Adrian Beck,de GER,"MF,FW",Heidenheim,de Bundesliga,27.0,1997.0,32,18,1598,17.8,4,1,5,4,0,0,3.3,3.3,1.2,4.5,0.25,39,13,33.3,2.2,0.73,0.1,0.31,0.08,581,725,80.1,9901,2258,1.9,21,53,18,4,32,17,0,4,69,56,3.16,4,0.23,36,17,18,12,6,34.3,9,45,17,19,0,962,23,53,40,53.3,553,37,11,42,26,584,83,1,0,0,16,1,0,0,0,131,29,59.2
Sheraldo Becker,sr SUR,"FW,MF",Real Sociedad,es La Liga,29.0,1995.0,22,11,995,11.1,2,1,3,2,0,0,2.0,2.0,2.0,4.0,0.36,22,13,59.1,1.99,1.18,0.09,0.15,0.09,200,313,63.9,3391,742,1.7,8,6,17,5,64,2,0,1,23,21,1.9,1,0.09,3,2,0,3,0,0.0,1,4,10,14,0,384,10,36,4,36.4,242,51,14,17,4,300,110,1,1,0,8,1,0,0,0,30,7,30.4
Timo Becker,de GER,DF,Holstein Kiel,de Bundesliga,27.0,1997.0,30,28,2445,27.2,0,2,2,0,0,0,1.4,1.4,0.8,2.2,0.08,17,4,23.5,0.63,0.15,0.0,0.0,0.09,794,1026,77.4,15287,5840,1.0,6,38,9,4,22,0,1,14,57,30,1.1,8,0.29,53,33,39,9,5,73.9,17,70,110,26,1,1325,135,28,12,46.2,588,28,1,28,10,684,38,2,0,0,9,0,0,0,0,98,31,44.9
Jan Bednarek,pl POL,DF,Southampton,eng Premier League,28.0,1996.0,30,30,2531,28.1,2,0,2,2,0,0,0.7,0.7,0.5,1.2,0.04,5,2,40.0,0.18,0.07,0.4,1.0,0.13,1564,1687,92.7,27781,8925,0.9,5,72,1,0,1,0,0,7,60,16,0.57,0,0.0,36,19,23,13,0,51.6,56,92,190,4,5,2049,386,15,3,100.0,1046,5,1,9,3,1307,2,7,0,0,31,0,0,1,0,106,71,65.7
Donny van de Beek,nl NED,MF,Girona,es La Liga,27.0,1997.0,26,16,1421,15.8,2,2,4,2,0,0,1.5,1.5,3.2,4.7,0.3,18,5,27.8,1.14,0.32,0.11,0.4,0.08,365,447,81.7,5265,1056,3.6,18,21,11,0,11,0,2,2,45,28,1.77,2,0.13,29,18,17,7,5,50.0,10,39,12,13,0,580,14,61,6,46.2,281,17,2,13,15,387,85,5,0,0,22,0,0,0,0,48,10,52.6
Hannes Behrens,de GER,DF,Hoffenheim,de Bundesliga,,,1,0,29,0.3,0,0,0,0,0,0,0.0,0.0,0.0,0.0,0.0,0,0,,0.0,0.0,,,,16,22,72.7,253,33,0.0,0,0,0,0,0,0,0,0,1,2,6.21,0,0.0,1,1,0,1,0,,2,3,0,0,0,27,0,2,1,100.0,13,0,0,2,0,13,7,0,0,0,0,0,0,0,0,3,1,100.0
Kevin Behrens,de GER,FW,Wolfsburg,de Bundesliga,33.0,1991.0,18,0,170,1.9,1,0,1,1,0,0,2.3,2.3,0.1,2.4,1.3,9,3,33.3,4.76,1.59,0.11,0.33,0.26,48,79,60.8,663,121,0.1,2,5,0,0,0,0,0,1,4,8,4.24,0,0.0,1,1,0,1,0,0.0,1,2,2,2,0,106,2,16,0,0.0,41,2,1,10,1,81,18,2,0,0,4,1,0,0,0,9,14,46.7
Maximilian Beier,de GER,"FW,MF",Dortmund,de Bundesliga,21.0,2002.0,29,17,1591,17.7,8,5,13,8,0,0,7.7,7.7,3.3,11.0,0.62,42,13,31.0,2.38,0.74,0.19,0.62,0.18,291,413,70.5,3569,852,2.5,24,13,14,3,16,0,1,0,33,55,3.11,7,0.4,25,16,8,11,6,38.7,7,32,14,22,1,618,16,88,22,43.1,338,24,9,39,26,423,124,2,0,0,17,3,0,0,0,49,23,53.5
Luken Beitia,es ESP,DF,Real Sociedad,es La Liga,20.0,2004.0,1,0,8,0.1,0,0,0,0,0,0,0.0,0.0,0.0,0.0,0.0,0,0,,0.0,0.0,,,,5,5,100.0,108,22,0.0,0,0,0,0,0,0,0,0,0,0,0.0,0,0.0,1,1,1,0,0,100.0,0,1,2,0,0,7,2,0,0,,6,0,0,0,0,5,0,0,0,0,0,0,0,0,0,1,1,100.0
Ismael Bekhoucha,ma MAR,"MF,DF",Getafe,es La Liga,19.0,2004.0,5,0,69,0.8,0,0,0,0,0,0,0.0,0.0,0.0,0.0,0.0,0,0,,0.0,0.0,,,,17,24,70.8,224,74,0.0,0,1,0,0,1,0,0,0,1,1,1.3,0,0.0,1,1,1,0,0,50.0,2,3,2,0,0,35,7,0,2,66.7,16,1,0,2,0,16,1,2,0,0,3,0,0,0,0,6,1,50.0
Reda Belahyane,ma MAR,MF,Hellas Verona,it Serie A,20.0,2004.0,22,17,1658,18.4,0,2,2,0,0,0,0.2,0.2,1.0,1.3,0.07,6,2,33.3,0.33,0.11,0.0,0.0,0.04,587,701,83.7,8987,2976,0.6,16,71,10,0,3,0,1,3,73,41,2.23,3,0.16,36,26,16,13,7,76.5,10,46,22,9,1,884,49,8,33,63.5,551,22,5,34,21,591,13,6,1,1,31,1,0,0,0,109,5,25.0
Reda Belahyane,ma MAR,MF,Lazio,it Serie A,20.0,2004.0,6,1,198,2.2,0,0,0,0,0,0,0.0,0.0,0.0,0.0,0.0,0,0,,0.0,0.0,,,,85,94,90.4,1301,352,0.0,0,9,0,0,0,0,0,0,10,0,0.0,0,0.0,8,6,8,0,0,100.0,1,9,5,1,0,118,11,0,3,50.0,76,4,0,6,2,82,1,0,1,0,4,0,0,0,0,13,2,100.0
Haris Belkebla,dz ALG,MF,Angers,fr Ligue 1,30.0,1994.0,22,21,1792,19.9,0,1,1,0,0,0,0.1,0.1,0.9,1.0,0.05,3,0,0.0,0.15,0.0,0.0,,0.03,727,830,87.6,11935,3432,0.3,5,68,3,0,3,0,0,3,69,14,0.7,4,0.2,56,38,38,15,3,57.8,35,91,46,14,1,1064,67,6,9,40.9,558,8,1,27,10,686,15,1,0,0,18,0,0,0,0,90,8,27.6
Yassin Belkhdim,fr FRA,MF,Angers,fr Ligue 1,22.0,2002.0,29,16,1523,16.9,1,1,2,1,0,0,0.8,0.8,0.6,1.4,0.08,9,5,55.6,0.53,0.3,0.11,0.2,0.09,394,487,80.9,5963,1404,0.5,5,27,3,1,16,0,1,4,37,12,0.71,1,0.06,53,27,26,21,6,46.6,21,74,41,17,1,702,46,18,2,13.3,343,17,2,31,14,403,31,4,0,0,28,0,0,0,0,74,5,25.0
Stefan Bell,de GER,DF,Mainz 05,de Bundesliga,32.0,1991.0,18,15,1436,16.0,0,1,1,0,0,0,0.8,0.8,1.0,1.8,0.11,12,3,25.0,0.75,0.19,0.0,0.0,0.06,565,719,78.6,10937,4707,0.7,5,36,0,0,0,0,0,2,38,10,0.63,3,0.19,22,12,16,6,0,64.3,28,50,107,4,1,952,129,30,2,33.3,415,8,1,13,4,484,5,4,0,0,24,0,0,0,0,65,83,69.2
Armel Bella Kotchap,de GER,DF,Southampton,eng Premier League,22.0,2001.0,4,2,331,3.7,0,0,0,0,0,0,0.3,0.3,0.0,0.3,0.09,1,0,0.0,0.27,0.0,0.0,,0.32,202,224,90.2,3829,956,0.0,0,6,0,0,0,0,0,0,5,2,0.54,0,0.0,7,5,5,2,0,50.0,5,12,21,1,1,263,33,1,0,0.0,186,0,0,1,0,192,0,0,0,0,3,0,0,0,0,19,6,54.5
Raoul Bellanova,it ITA,DF,Torino,it Serie A,24.0,2000.0,1,1,87,1.0,0,0,0,0,0,0,0.0,0.0,0.1,0.1,0.11,1,0,0.0,1.03,0.0,0.0,,0.03,31,43,72.1,541,130,0.0,1,1,0,0,5,0,0,0,0,1,1.03,0,0.0,0,0,0,0,0,0.0,0,0,4,0,0,51,5,1,0,0.0,34,4,0,1,0,33,5,0,0,0,1,0,0,0,0,4,1,100.0
Raoul Bellanova,it ITA,DF,Atalanta,it Serie A,24.0,2000.0,34,27,2402,26.7,0,9,9,0,0,0,1.1,1.1,4.7,5.8,0.22,18,5,27.8,0.67,0.19,0.0,0.0,0.06,977,1264,77.3,15685,4507,5.1,34,45,28,22,156,22,0,3,87,56,2.1,11,0.41,24,14,8,13,3,61.9,18,42,45,37,0,1469,46,48,21,43.8,822,83,8,29,11,940,191,3,0,0,15,1,0,0,0,117,23,50.0
Jean-Ricner Bellegarde,fr FRA,"MF,FW",Wolves,eng Premier League,26.0,1998.0,35,20,1677,18.6,2,7,9,2,0,0,1.5,1.5,3.8,5.3,0.29,22,5,22.7,1.18,0.27,0.09,0.4,0.07,475,599,79.3,7404,1436,2.8,27,30,18,8,44,5,5,4,43,57,3.06,11,0.59,39,24,17,19,3,70.0,10,49,18,21,1,843,24,48,14,23.0,528,52,11,42,29,592,89,3,0,0,31,7,0,0,0,62,10,34.5
Héctor Bellerín,es ESP,DF,Betis,es La Liga,29.0,1995.0,9,6,580,6.4,0,2,2,0,0,0,0.2,0.2,2.0,2.2,0.35,1,1,100.0,0.16,0.16,0.0,0.0,0.2,270,328,82.3,4167,1594,2.1,8,16,4,2,10,0,2,0,24,12,1.86,2,0.31,13,7,7,4,2,58.8,6,19,21,6,0,384,25,11,6,75.0,212,3,0,6,1,242,22,1,0,0,6,0,0,0,0,13,6,46.2
Jude Bellingham,eng ENG,MF,Real Madrid,es La Liga,21.0,2003.0,31,29,2488,27.6,9,8,17,8,1,2,11.4,9.9,3.9,13.7,0.55,60,22,36.7,2.17,0.8,0.13,0.36,0.17,1333,1548,86.1,21413,4654,4.5,42,130,31,0,18,1,22,19,199,105,3.8,13,0.47,61,33,20,27,14,66.7,28,89,23,27,1,1881,32,110,41,54.7,1229,74,14,54,43,1542,143,5,1,0,33,3,1,0,0,97,30,49.2
Jeanuël Belocian,fr FRA,"DF,MF",Leverkusen,de Bundesliga,19.0,2005.0,5,1,68,0.8,0,0,0,0,0,0,0.0,0.0,0.0,0.0,0.0,0,0,,0.0,0.0,,,,34,40,85.0,418,130,0.1,0,2,0,0,0,0,0,0,3,1,1.34,0,0.0,1,1,1,0,0,100.0,0,1,2,1,0,44,2,1,1,100.0,16,0,0,2,0,32,1,1,0,0,1,1,0,0,0,2,1,33.3
Andrea Belotti,it ITA,FW,Como,it Serie A,30.0,1993.0,18,7,593,6.6,2,0,2,2,0,0,2.5,2.5,0.4,2.8,0.43,19,3,15.8,2.88,0.46,0.11,0.67,0.13,90,120,75.0,1072,178,0.1,7,5,1,0,5,0,1,0,9,14,2.13,0,0.0,7,5,1,4,2,25.0,1,8,8,6,0,185,7,28,2,33.3,106,9,3,10,10,131,33,1,0,0,9,2,0,0,0,17,18,40.9
Fran Beltrán,es ESP,MF,Celta Vigo,es La Liga,25.0,1999.0,34,29,2421,26.9,2,1,3,2,0,0,1.0,1.0,1.8,2.8,0.1,23,4,17.4,0.86,0.15,0.09,0.5,0.04,1313,1482,88.6,23296,6476,1.8,15,132,14,1,5,1,7,14,152,43,1.6,4,0.15,50,35,24,21,5,42.9,26,76,34,16,4,1711,58,14,10,52.6,951,28,2,23,22,1209,29,3,0,0,34,0,0,1,0,119,19,41.3
Lucas Beltrán,ar ARG,"FW,MF",Fiorentina,it Serie A,23.0,2001.0,32,20,1864,20.7,5,4,9,3,2,3,5.4,3.1,3.0,6.1,0.39,26,6,23.1,1.26,0.29,0.12,0.5,0.12,459,591,77.7,6934,1421,1.9,29,38,17,3,7,0,4,5,64,63,2.9,9,0.41,23,10,10,7,6,33.3,5,28,14,10,0,791,15,51,15,50.0,468,23,7,41,41,592,94,6,0,0,31,2,1,0,0,59,32,37.6
Eliesse Ben Seghir,ma MAR,"MF,FW",Monaco,fr Ligue 1,19.0,2005.0,33,19,1750,19.4,6,3,9,4,2,2,5.5,4.1,5.2,9.3,0.55,58,19,32.8,2.98,0.98,0.07,0.21,0.07,754,951,79.3,10638,3042,4.6,33,71,45,4,52,34,14,3,122,77,3.96,7,0.36,31,22,12,12,7,56.3,13,44,4,18,0,1244,3,63,35,36.5,843,85,25,59,35,988,170,0,0,0,25,4,0,0,0,86,13,37.1
Carlos Benavídez,uy URU,MF,Alavés,es La Liga,26.0,1998.0,18,6,487,5.4,1,1,2,1,0,0,0.3,0.3,0.6,0.9,0.16,5,2,40.0,0.92,0.37,0.2,0.5,0.05,161,232,69.4,3074,931,0.6,3,23,4,0,1,0,5,1,26,11,2.04,3,0.56,19,14,10,6,3,54.5,8,27,14,5,1,292,18,2,4,66.7,147,4,1,5,0,161,5,3,0,0,18,0,0,0,0,32,8,53.3
Adrian Benedyczak,pl POL,"FW,MF",Parma,it Serie A,23.0,2000.0,9,2,214,2.4,0,0,0,0,0,0,0.3,0.3,0.1,0.3,0.13,3,0,0.0,1.26,0.0,0.0,,0.08,35,52,67.3,577,144,0.0,2,2,0,0,1,0,0,1,3,3,1.26,0,0.0,0,0,0,0,0,0.0,0,0,8,1,0,79,7,4,0,0.0,44,3,0,5,3,60,12,0,0,0,4,0,0,0,0,3,9,42.9
László Bénes,sk SVK,"MF,FW",Union Berlin,de Bundesliga,26.0,1997.0,23,3,589,6.5,2,1,3,2,0,0,0.9,0.9,1.0,1.9,0.29,19,7,36.8,2.9,1.07,0.11,0.29,0.05,223,330,67.6,4034,1485,1.4,19,23,11,6,48,22,1,1,28,30,4.58,1,0.15,2,2,1,1,0,33.3,3,5,9,7,0,400,1,13,1,20.0,207,6,3,8,5,247,34,4,0,0,9,0,0,0,0,32,7,43.8
Iker Benito,es ESP,"FW,MF",Osasuna,es La Liga,21.0,2002.0,2,0,37,0.4,0,0,0,0,0,0,0.0,0.0,0.0,0.0,0.09,0,0,,0.0,0.0,,,,9,13,69.2,128,7,0.0,1,0,0,0,2,0,0,0,0,1,2.43,0,0.0,0,0,0,0,0,0.0,1,1,2,0,0,18,1,0,0,0.0,8,2,0,1,0,13,4,0,0,0,1,0,0,0,0,3,0,0.0
Ismaël Bennacer,dz ALG,MF,Milan,it Serie A,26.0,1997.0,6,4,300,3.3,0,0,0,0,0,0,0.1,0.1,0.1,0.2,0.07,3,2,66.7,0.9,0.6,0.0,0.0,0.03,197,221,89.1,3629,937,0.3,4,22,4,1,6,3,0,5,23,12,3.6,1,0.3,5,4,1,3,1,14.3,3,8,1,1,0,249,7,1,9,90.0,156,8,0,3,3,199,12,2,0,0,5,0,0,0,0,17,3,75.0
Ismaël Bennacer,dz ALG,MF,Marseille,fr Ligue 1,26.0,1997.0,12,8,646,7.2,0,2,2,0,0,0,0.1,0.1,1.8,1.9,0.26,3,0,0.0,0.42,0.0,0.0,,0.03,737,810,91.0,11402,3119,1.5,13,83,13,2,28,22,3,1,72,25,3.48,4,0.56,21,10,8,12,1,66.7,10,31,2,7,1,870,7,1,7,63.6,552,14,1,7,14,722,8,2,0,0,19,0,0,0,0,50,2,33.3
Saïd Benrahma,dz ALG,"FW,MF",Lyon,fr Ligue 1,28.0,1995.0,13,9,735,8.2,1,3,4,1,0,0,2.0,2.0,2.1,4.0,0.49,17,4,23.5,2.08,0.49,0.06,0.25,0.12,258,358,72.1,3787,1234,2.7,14,21,19,3,43,12,1,2,32,27,3.31,6,0.74,9,5,4,4,1,30.0,3,12,2,11,0,447,2,34,8,27.6,286,41,15,15,11,346,109,0,0,0,6,0,0,0,0,32,0,
Ramy Bensebaini,dz ALG,DF,Dortmund,de Bundesliga,29.0,1995.0,31,23,2022,22.5,1,6,7,1,0,0,1.3,1.3,3.2,4.5,0.2,20,2,10.0,0.89,0.09,0.05,0.5,0.06,1273,1478,86.1,21519,6758,2.3,15,116,19,5,36,14,4,5,128,39,1.74,10,0.45,51,25,25,18,8,64.7,33,84,86,18,1,1766,110,36,5,27.8,941,26,2,16,6,1094,58,6,0,0,28,0,0,0,0,100,41,62.1
Nabil Bentaleb,dz ALG,MF,Lille,fr Ligue 1,29.0,1994.0,10,3,329,3.7,1,0,1,1,0,0,0.7,0.7,0.0,0.8,0.21,5,1,20.0,1.37,0.27,0.2,1.0,0.15,210,244,86.1,3946,1248,0.2,1,17,2,0,6,1,0,4,23,4,1.09,0,0.0,4,3,2,0,2,42.9,5,9,7,1,2,277,15,2,0,,130,2,1,2,4,203,5,0,0,0,3,0,0,0,0,20,3,50.0
Rodrigo Bentancur,uy URU,MF,Tottenham,eng Premier League,27.0,1997.0,26,21,1645,18.3,2,0,2,2,0,0,1.3,1.3,0.4,1.7,0.1,22,5,22.7,1.2,0.27,0.09,0.4,0.06,946,1076,87.9,15392,3700,1.0,10,109,13,2,4,0,4,2,100,45,2.46,3,0.16,40,22,19,17,4,47.5,40,80,38,19,1,1302,76,24,9,47.4,764,28,5,19,20,848,34,9,0,0,34,1,0,0,0,121,36,54.5
Lucas Beraldo,br BRA,DF,Paris S-G,fr Ligue 1,20.0,2003.0,25,22,2011,22.3,1,0,1,1,0,0,0.9,0.9,0.4,1.2,0.06,12,4,33.3,0.54,0.18,0.08,0.25,0.07,2013,2132,94.4,35552,12625,0.9,8,168,13,2,3,0,1,9,131,22,0.98,3,0.13,38,31,30,8,0,62.2,21,59,63,6,3,2314,223,15,1,100.0,1395,9,0,10,2,1847,0,6,0,0,22,0,0,1,0,115,45,68.2
Yuri Berchiche,es ESP,DF,Athletic Club,es La Liga,34.0,1990.0,30,22,2044,22.7,0,2,2,0,0,0,0.6,0.6,2.2,2.8,0.12,16,4,25.0,0.7,0.18,0.0,0.0,0.04,1174,1398,84.0,20944,7612,2.2,18,129,15,8,42,0,0,19,161,40,1.76,2,0.09,33,21,19,11,3,57.6,27,60,72,19,3,1631,74,16,6,37.5,775,43,3,18,2,926,66,5,0,0,18,1,0,1,0,121,28,58.3
Álex Berenguer,es ESP,"FW,MF",Athletic Club,es La Liga,29.0,1995.0,36,28,2339,26.0,6,7,13,6,0,1,6.8,6.0,5.0,11.0,0.45,51,18,35.3,1.96,0.69,0.12,0.33,0.12,628,954,65.8,10110,2537,4.4,46,49,28,11,178,101,7,3,78,98,3.77,14,0.54,32,16,6,16,10,45.2,10,42,18,28,0,1250,18,86,33,40.2,643,65,27,52,50,809,216,5,0,0,29,2,2,0,0,113,27,35.1
Sander Berge,no NOR,MF,Fulham,eng Premier League,26.0,1998.0,31,26,2224,24.7,0,0,0,0,0,0,0.4,0.4,0.6,1.0,0.04,3,1,33.3,0.12,0.04,0.0,0.0,0.12,1091,1193,91.5,19377,4626,0.6,18,116,5,0,3,0,3,7,124,48,1.94,2,0.08,50,30,23,23,4,69.2,21,71,38,8,1,1384,81,14,11,55.0,804,29,2,15,16,892,9,6,0,0,31,0,0,0,0,126,28,56.0
Lucas Bergvall,se SWE,MF,Tottenham,eng Premier League,18.0,2006.0,27,11,1212,13.5,0,1,1,0,0,0,0.7,0.7,0.6,1.3,0.09,12,2,16.7,0.89,0.15,0.0,0.0,0.06,629,720,87.4,10567,2202,0.8,11,53,7,3,21,8,0,8,49,22,1.63,4,0.3,39,19,14,20,5,53.1,24,63,22,11,3,885,36,22,21,46.7,531,33,4,20,19,586,31,3,0,0,20,0,0,0,0,73,9,52.9
Medon Berisha,al ALB,MF,Lecce,it Serie A,20.0,2003.0,17,7,716,8.0,0,1,1,0,0,0,0.7,0.7,0.6,1.3,0.17,24,6,25.0,3.02,0.75,0.0,0.0,0.03,312,400,78.0,6425,2111,0.8,11,46,6,1,29,15,2,6,42,29,3.64,2,0.25,12,8,7,3,2,50.0,11,23,5,4,2,486,14,7,3,33.3,279,13,3,10,1,315,17,5,0,0,16,2,0,0,0,36,7,50.0
Mergim Berisha,de GER,"FW,MF",Hoffenheim,de Bundesliga,26.0,1998.0,11,3,333,3.7,1,1,2,1,0,0,1.0,1.0,1.0,2.0,0.54,11,3,27.3,2.97,0.81,0.09,0.33,0.09,39,56,69.6,512,122,0.4,3,6,2,0,3,0,3,1,7,5,1.35,1,0.27,3,3,1,2,0,0.0,0,3,3,0,0,93,5,12,3,37.5,60,2,1,6,3,69,18,1,0,0,5,0,0,0,0,10,3,17.6
Mergim Berisha,de GER,FW,Augsburg,de Bundesliga,26.0,1998.0,2,0,40,0.4,0,0,0,0,0,0,0.2,0.2,0.0,0.2,0.39,3,1,33.3,6.75,2.25,0.0,0.0,0.06,6,9,66.7,54,2,0.0,0,0,0,0,1,0,0,0,0,1,2.25,0,0.0,1,0,0,1,0,100.0,0,1,0,0,0,18,1,3,0,,11,2,1,2,3,14,8,1,0,0,2,0,0,0,0,1,0,0.0
Adrian Bernabe,es ESP,MF,Parma,it Serie A,23.0,2001.0,21,18,1453,16.1,1,1,2,1,0,0,1.3,1.3,1.1,2.4,0.15,27,5,18.5,1.67,0.31,0.04,0.2,0.05,823,984,83.6,15635,5378,1.5,22,103,17,4,29,22,5,14,115,58,3.59,4,0.25,29,18,16,9,4,43.8,7,36,26,18,1,1140,40,8,15,45.5,738,37,3,12,14,818,20,1,0,0,9,4,0,0,0,72,4,50.0
Marc Bernal,es ESP,MF,Barcelona,es La Liga,17.0,2007.0,3,3,242,2.7,0,0,0,0,0,0,0.1,0.1,0.0,0.1,0.03,2,1,50.0,0.74,0.37,0.0,0.0,0.03,148,160,92.5,2634,623,0.1,1,12,0,0,0,0,0,1,8,1,0.37,0,0.0,8,6,2,5,1,87.5,1,9,4,2,0,184,4,1,2,66.7,97,0,0,2,2,137,2,2,0,0,4,0,0,0,0,9,1,14.3
Bernardo,br BRA,DF,Bochum,de Bundesliga,29.0,1995.0,21,19,1782,19.8,0,0,0,0,0,0,0.7,0.7,0.7,1.4,0.07,8,2,25.0,0.4,0.1,0.0,0.0,0.09,730,991,73.7,15635,7118,1.7,4,99,11,1,14,0,0,2,100,22,1.11,0,0.0,46,28,32,13,1,73.0,26,72,103,30,4,1249,118,28,3,60.0,630,14,1,11,8,693,14,5,0,0,24,0,0,0,0,83,90,67.7
Juan Bernat,es ESP,"DF,MF",Villarreal,es La Liga,31.0,1993.0,10,1,212,2.4,0,1,1,0,0,0,0.3,0.3,0.4,0.7,0.29,2,1,50.0,0.85,0.42,0.0,0.0,0.14,101,130,77.7,1479,244,0.4,4,4,1,1,9,2,0,0,8,8,3.4,1,0.42,9,7,7,1,1,80.0,1,10,4,4,0,160,10,13,3,37.5,83,4,1,3,2,100,23,0,0,0,0,0,0,0,0,13,5,71.4
Juan Bernat,es ESP,"MF,DF",Getafe,es La Liga,31.0,1993.0,14,9,699,7.8,0,1,1,0,0,0,0.1,0.1,0.7,0.8,0.11,4,0,0.0,0.52,0.0,0.0,,0.03,142,198,71.7,1831,507,0.4,7,10,7,3,13,0,0,0,14,10,1.29,1,0.13,19,13,9,5,5,58.3,2,21,12,14,0,291,12,15,12,52.2,148,2,2,17,15,158,36,0,0,0,11,0,0,0,0,26,11,45.8
Maxime Bernauer,fr FRA,DF,Saint-Étienne,fr Ligue 1,26.0,1998.0,11,9,763,8.5,0,0,0,0,0,0,0.1,0.1,0.0,0.1,0.01,2,0,0.0,0.24,0.0,0.0,,0.03,413,469,88.1,8305,3506,0.1,1,36,2,0,0,0,1,4,41,8,1.0,0,0.0,9,9,5,2,2,62.5,5,14,44,3,1,541,70,3,2,66.7,327,7,0,2,2,380,0,4,1,1,10,0,0,1,0,37,11,61.1
Antoine Bernede,fr FRA,MF,Hellas Verona,it Serie A,25.0,1999.0,14,7,594,6.6,1,0,1,1,0,0,0.8,0.8,0.5,1.2,0.19,4,2,50.0,0.61,0.3,0.25,0.5,0.19,178,242,73.6,2975,1116,0.4,10,25,6,1,13,4,0,3,29,22,3.33,1,0.15,15,8,4,9,2,62.5,5,20,3,10,0,297,4,3,2,50.0,156,7,1,14,6,179,22,2,0,0,16,0,0,0,0,38,6,42.9
Alexander Bernhardsson,se SWE,"FW,MF",Holstein Kiel,de Bundesliga,25.0,1998.0,19,15,1263,14.0,7,2,9,7,0,0,4.1,4.1,1.3,5.5,0.39,27,14,51.9,1.92,1.0,0.26,0.5,0.15,193,319,60.5,3164,1076,1.2,17,16,10,4,34,10,2,4,33,36,2.57,7,0.5,29,15,9,9,11,64.5,5,34,25,13,0,520,23,41,22,41.5,264,25,13,36,18,304,72,3,0,0,21,1,1,0,0,45,19,35.8
Victor Bernth Kristiansen,dk DEN,DF,Leicester City,eng Premier League,21.0,2002.0,30,29,2482,27.6,0,1,1,0,0,0,0.3,0.3,1.4,1.7,0.06,3,0,0.0,0.11,0.0,0.0,,0.11,1023,1321,77.4,16420,5859,1.7,18,76,23,18,97,17,1,2,70,42,1.52,3,0.11,87,51,56,26,5,53.8,42,129,75,24,3,1614,115,17,8,44.4,816,40,5,15,13,887,78,1,0,0,19,2,0,1,1,99,22,34.4
Matúš Bero,sk SVK,MF,Bochum,de Bundesliga,28.0,1995.0,30,29,2565,28.5,5,2,7,5,0,1,4.0,3.0,3.7,6.7,0.27,31,12,38.7,1.09,0.42,0.16,0.42,0.1,894,1317,67.9,16045,6032,3.8,54,104,35,4,124,68,7,4,143,120,4.21,7,0.25,65,35,33,21,11,48.3,17,82,35,37,1,1619,58,56,19,34.5,736,29,9,46,23,833,111,11,0,0,50,3,0,0,0,164,22,33.8
Juan Berrocal,es ESP,DF,Getafe,es La Liga,25.0,1999.0,19,11,1063,11.8,0,0,0,0,0,0,0.4,0.4,0.0,0.4,0.03,4,0,0.0,0.34,0.0,0.0,,0.09,287,377,76.1,5950,2289,0.1,1,21,2,0,0,0,0,3,25,6,0.51,1,0.08,14,7,10,4,0,71.4,15,29,59,1,0,498,51,8,0,,196,1,0,3,0,201,1,8,1,1,17,0,0,1,0,35,30,63.8
Jan-Niklas Beste,de GER,"FW,MF",Freiburg,de Bundesliga,25.0,1999.0,12,0,212,2.4,0,1,1,0,0,0,0.9,0.9,0.4,1.3,0.54,6,2,33.3,2.55,0.85,0.0,0.0,0.15,70,94,74.5,1242,388,0.5,3,5,3,1,20,5,0,0,8,5,2.11,1,0.42,2,1,0,1,1,14.3,1,3,7,2,0,136,2,11,2,25.0,73,5,4,6,3,75,20,0,0,0,3,0,0,0,0,16,1,20.0
Beto,gw GNB,FW,Everton,eng Premier League,26.0,1998.0,30,15,1534,17.0,8,0,8,8,0,0,8.2,8.2,1.2,9.4,0.55,49,23,46.9,2.87,1.35,0.16,0.35,0.17,156,268,58.2,2060,282,0.5,12,7,8,1,4,1,1,2,16,26,1.52,1,0.06,14,6,2,8,4,62.5,4,18,24,13,1,520,29,86,19,50.0,267,15,9,71,37,378,77,2,0,0,33,4,0,0,0,40,99,48.5
Sam Beukema,nl NED,DF,Bologna,it Serie A,25.0,1998.0,35,33,3012,33.5,0,1,1,0,0,0,1.5,1.5,0.9,2.4,0.07,15,4,26.7,0.45,0.12,0.0,0.0,0.1,1826,2114,86.4,36806,11130,1.0,10,169,11,3,8,0,3,19,153,36,1.08,6,0.18,54,29,27,24,3,53.7,30,84,111,12,0,2419,158,32,1,50.0,1519,27,1,12,8,1625,9,1,0,0,28,0,0,1,0,135,93,56.7
Alessandro Bianco,it ITA,MF,Monza,it Serie A,21.0,2002.0,34,29,2600,28.9,1,0,1,1,0,0,1.3,1.3,1.2,2.5,0.09,26,6,23.1,0.9,0.21,0.04,0.17,0.05,1314,1525,86.2,25818,6439,1.3,18,139,16,3,23,0,4,13,125,38,1.32,0,0.0,51,28,26,17,8,65.9,22,73,53,23,4,1818,97,14,17,41.5,1186,35,4,40,24,1289,24,9,0,0,43,0,0,1,0,122,16,36.4
Alessandro Bianco,it ITA,MF,Fiorentina,it Serie A,21.0,2002.0,1,0,18,0.2,0,0,0,0,0,0,0.0,0.0,0.0,0.0,0.0,0,0,,0.0,0.0,,,,9,12,75.0,191,17,0.0,0,1,0,0,0,0,0,1,0,0,0.0,0,0.0,0,0,0,0,0,0.0,0,0,0,0,0,14,0,0,0,,8,0,0,1,0,8,1,0,0,0,0,0,0,0,0,3,0,
Mika Biereth,dk DEN,FW,Monaco,fr Ligue 1,21.0,2003.0,16,16,1228,13.6,13,2,15,12,1,2,11.3,9.7,4.5,14.2,1.16,40,22,55.0,2.93,1.61,0.3,0.55,0.24,149,241,61.8,2062,532,3.2,22,11,16,1,8,0,2,1,24,38,2.78,4,0.29,5,5,0,3,2,42.9,4,9,7,15,0,382,4,98,1,9.1,212,14,5,39,16,286,110,0,0,0,19,2,1,0,0,23,18,38.3
Jaka Bijol,si SVN,DF,Udinese,it Serie A,25.0,1999.0,34,34,2963,32.9,1,0,1,1,0,0,2.0,2.0,0.6,2.6,0.08,19,6,31.6,0.58,0.18,0.05,0.17,0.1,1432,1712,83.6,30455,10665,0.7,12,109,8,2,3,0,2,12,98,30,0.91,1,0.03,43,25,32,10,1,52.5,38,81,182,6,1,2083,264,49,2,66.7,1211,22,1,17,2,1339,10,13,1,1,49,0,0,1,1,101,109,67.7
El Bilal Touré,ml MLI,"FW,MF",Stuttgart,de Bundesliga,22.0,2001.0,12,3,356,4.0,2,1,3,2,0,0,1.6,1.6,1.1,2.8,0.7,14,4,28.6,3.54,1.01,0.14,0.5,0.12,75,96,78.1,960,201,0.8,7,6,4,0,0,0,1,0,7,11,2.78,1,0.25,4,1,1,1,2,100.0,0,4,1,3,0,137,1,23,3,50.0,72,6,4,10,2,110,25,0,0,0,9,0,0,0,0,8,19,57.6
Philip Billing,dk DEN,MF,Bournemouth,eng Premier League,28.0,1996.0,10,1,184,2.0,0,0,0,0,0,0,0.6,0.6,1.1,1.7,0.82,5,1,20.0,2.45,0.49,0.0,0.0,0.11,70,102,68.6,1023,400,1.0,9,9,7,2,10,6,1,1,15,16,7.83,0,0.0,14,5,7,6,1,75.0,5,19,2,2,0,148,5,12,1,33.3,58,3,1,7,4,75,13,1,0,0,3,0,0,0,0,14,6,60.0
Philip Billing,dk DEN,MF,Napoli,it Serie A,28.0,1996.0,10,1,197,2.2,1,0,1,1,0,0,1.5,1.5,0.1,1.7,0.76,6,3,50.0,2.74,1.37,0.17,0.33,0.27,79,101,78.2,1283,347,0.2,3,6,1,0,2,0,1,0,5,8,3.65,1,0.46,9,6,4,4,1,25.0,4,13,6,2,0,136,7,5,1,33.3,62,1,0,1,2,90,8,1,0,0,10,1,0,1,0,8,11,52.4
Cristiano Biraghi,it ITA,DF,Torino,it Serie A,31.0,1992.0,15,13,1158,12.9,0,0,0,0,0,0,0.5,0.5,2.7,3.1,0.24,10,1,10.0,0.78,0.08,0.0,0.0,0.05,513,717,71.5,9175,3789,2.2,25,45,19,12,107,40,0,5,36,41,3.19,0,0.0,16,10,9,3,4,61.1,8,24,44,17,0,832,48,12,1,12.5,390,24,1,11,2,462,49,0,0,0,9,1,0,0,1,39,8,42.1
Cristiano Biraghi,it ITA,DF,Fiorentina,it Serie A,31.0,1992.0,8,5,433,4.8,1,0,1,1,0,0,0.2,0.2,0.3,0.5,0.1,5,2,40.0,1.04,0.42,0.2,0.5,0.03,259,309,83.8,4734,1698,0.5,6,16,3,2,30,22,0,3,15,8,1.66,0,0.0,4,4,1,3,0,28.6,4,8,11,5,0,335,28,1,0,,178,3,1,3,0,229,17,1,0,0,4,0,0,0,0,10,2,40.0
Samuele Birindelli,it ITA,"DF,MF",Monza,it Serie A,25.0,1999.0,21,18,1468,16.3,3,0,3,3,0,0,2.1,2.1,1.4,3.5,0.22,16,10,62.5,0.98,0.61,0.19,0.3,0.13,470,621,75.7,7630,1959,1.1,18,24,21,11,64,0,0,1,35,35,2.15,2,0.12,22,15,13,4,5,42.9,10,32,34,17,2,757,35,29,5,50.0,457,40,13,28,13,494,100,2,0,0,16,1,0,0,0,47,5,25.0
Tom Bischof,de GER,"MF,FW",Hoffenheim,de Bundesliga,19.0,2005.0,31,30,2559,28.4,5,2,7,5,0,0,2.2,2.2,3.6,5.9,0.21,51,18,35.3,1.79,0.63,0.1,0.28,0.04,1210,1537,78.7,20642,6105,4.8,50,110,39,10,145,97,3,6,138,117,4.12,7,0.25,95,53,36,45,14,51.9,30,125,53,54,1,1951,76,46,29,45.3,962,47,9,41,38,1146,102,5,0,0,45,4,0,0,0,156,14,42.4
Yves Bissouma,ml MLI,MF,Tottenham,eng Premier League,27.0,1996.0,28,16,1408,15.6,2,0,2,2,0,0,0.6,0.6,0.3,0.9,0.06,11,4,36.4,0.7,0.26,0.18,0.5,0.06,755,852,88.6,11376,2858,0.6,6,61,10,1,2,0,2,2,75,16,1.02,0,0.0,49,31,20,25,4,55.9,18,67,40,10,4,1039,71,5,7,31.8,610,15,0,25,15,704,3,7,0,0,28,0,0,2,0,85,7,50.0
Leonardo Bittencourt,de GER,MF,Werder Bremen,de Bundesliga,30.0,1993.0,27,10,982,10.9,2,1,3,2,0,0,1.6,1.6,1.6,3.2,0.29,27,9,33.3,2.47,0.82,0.07,0.22,0.06,571,680,84.0,8963,2057,1.9,14,56,14,2,22,7,2,3,64,39,3.57,5,0.46,25,9,15,7,3,33.3,15,40,11,10,0,801,8,20,1,20.0,530,19,2,12,2,583,38,3,0,0,15,4,0,0,0,44,5,25.0
Emmanuel Biumla,fr FRA,DF,Angers,fr Ligue 1,19.0,2005.0,17,15,1336,14.8,1,0,1,1,0,0,0.7,0.7,0.0,0.8,0.05,4,2,50.0,0.27,0.13,0.25,0.5,0.18,440,499,88.2,8842,2637,0.1,1,13,1,0,0,0,0,1,16,4,0.27,0,0.0,19,12,14,5,0,66.7,8,27,84,2,1,654,118,8,7,58.3,380,3,0,10,4,420,0,2,0,0,7,0,0,1,0,37,16,57.1
Bjarki Bjarkason,is ISL,"DF,MF",Venezia,it Serie A,24.0,2000.0,9,1,165,1.8,0,0,0,0,0,0,0.0,0.0,0.1,0.1,0.04,0,0,,0.0,0.0,,,,78,89,87.6,1208,331,0.2,1,5,4,4,7,0,1,1,10,1,0.55,0,0.0,3,2,2,1,0,50.0,2,5,4,3,0,111,3,0,1,16.7,71,6,0,2,0,79,13,2,0,0,2,0,0,0,0,9,0,
Antonio Blanco,es ESP,MF,Alavés,es La Liga,24.0,2000.0,35,32,2727,30.3,0,1,1,0,0,0,0.8,0.8,1.6,2.4,0.08,25,3,12.0,0.83,0.1,0.0,0.0,0.03,1013,1278,79.3,18498,6593,1.8,15,142,19,9,29,0,5,23,146,45,1.49,1,0.03,67,40,23,37,7,38.6,42,109,48,24,1,1543,63,6,15,71.4,762,13,0,29,26,889,19,11,1,1,66,1,0,0,0,164,28,44.4
Ludovic Blas,fr FRA,"MF,FW",Rennes,fr Ligue 1,26.0,1997.0,29,26,2293,25.5,6,8,14,6,0,0,5.0,5.0,4.6,9.6,0.38,57,26,45.6,2.24,1.02,0.11,0.23,0.09,693,938,73.9,12028,3413,5.4,47,76,33,9,124,64,8,21,116,107,4.2,16,0.63,38,25,9,12,17,54.8,13,51,11,20,0,1262,11,105,44,37.9,781,83,31,71,46,919,184,6,0,0,31,4,1,0,0,88,11,22.9
Daley Blind,nl NED,DF,Girona,es La Liga,34.0,1990.0,34,31,2780,30.9,0,2,2,0,0,0,0.5,0.5,1.6,2.1,0.07,10,4,40.0,0.32,0.13,0.0,0.0,0.05,2318,2610,88.8,42632,14890,2.5,19,310,26,8,42,1,4,32,272,47,1.52,7,0.23,49,27,26,19,4,64.6,32,81,94,29,2,2860,172,21,15,53.6,1862,71,3,16,12,2151,61,2,0,0,19,0,0,0,0,116,17,41.5
Myron Boadu,nl NED,FW,Bochum,de Bundesliga,23.0,2001.0,19,11,1042,11.6,9,1,10,8,1,1,7.7,6.9,1.1,8.0,0.76,27,13,48.1,2.33,1.12,0.3,0.62,0.26,139,195,71.3,2358,375,1.6,11,7,5,1,3,0,0,0,18,30,2.59,3,0.26,2,1,0,0,2,20.0,1,3,4,11,0,287,7,46,11,47.8,179,12,7,30,15,209,70,2,0,0,11,3,0,0,0,20,19,48.7
Augustine Boakye,gh GHA,"FW,MF",Saint-Étienne,fr Ligue 1,23.0,2000.0,17,8,733,8.1,3,0,3,3,0,0,1.8,1.8,0.9,2.7,0.34,24,9,37.5,2.95,1.11,0.13,0.33,0.08,192,256,75.0,2549,798,1.0,13,14,11,0,5,1,2,1,35,35,4.3,1,0.12,7,3,3,4,0,27.3,6,13,4,7,0,349,6,29,13,54.2,194,25,9,18,25,251,60,5,0,0,19,2,0,0,0,27,5,26.3
Oscar Bobb,no NOR,FW,Manchester City,eng Premier League,21.0,2003.0,3,0,16,0.2,0,0,0,0,0,0,0.0,0.0,0.1,0.1,0.41,0,0,,0.0,0.0,,,,13,15,86.7,169,33,0.0,1,0,1,0,0,0,0,0,1,2,11.25,0,0.0,0,0,0,0,0,,0,0,0,0,0,15,0,0,2,100.0,10,1,0,0,0,13,1,0,0,0,0,0,0,0,0,2,0,
Mathéo Bodmer,fr FRA,MF,Le Havre,fr Ligue 1,20.0,2004.0,1,0,6,0.1,0,0,0,0,0,0,0.0,0.0,0.0,0.0,0.0,0,0,,0.0,0.0,,,,2,2,100.0,40,0,0.0,0,0,0,0,0,0,0,0,0,0,0.0,0,0.0,0,0,0,0,0,,0,0,1,0,0,3,1,0,0,,0,0,0,0,0,1,0,0,0,0,1,0,0,0,0,0,0,
Sacha Boey,fr FRA,DF,Bayern Munich,de Bundesliga,23.0,2000.0,13,6,593,6.6,0,2,2,0,0,0,0.1,0.1,1.2,1.3,0.2,3,1,33.3,0.46,0.15,0.0,0.0,0.05,462,500,92.4,6335,1608,1.8,3,45,6,2,11,0,0,0,39,11,1.67,3,0.46,20,5,6,6,8,72.2,2,22,14,4,0,580,16,11,6,31.6,360,18,4,11,7,416,63,1,0,0,7,1,0,1,0,38,6,40.0
Jeremie Boga,ci CIV,"MF,FW",Nice,fr Ligue 1,27.0,1997.0,21,12,1054,11.7,1,2,3,1,0,0,2.3,2.3,2.8,5.1,0.44,30,16,53.3,2.56,1.37,0.03,0.06,0.08,329,398,82.7,4487,1003,3.2,24,11,18,4,21,10,0,2,39,51,4.36,3,0.26,10,5,2,5,3,50.0,3,13,2,13,1,529,5,57,25,39.1,338,64,24,18,17,408,75,0,0,0,1,4,0,0,0,44,3,42.9
Lamare Bogarde,nl NED,"DF,MF",Aston Villa,eng Premier League,20.0,2004.0,8,5,476,5.3,0,0,0,0,0,0,0.0,0.0,0.1,0.2,0.03,1,1,100.0,0.19,0.19,0.0,0.0,0.04,240,272,88.2,3682,1154,0.1,2,24,1,0,0,0,0,0,14,10,1.89,1,0.19,14,6,6,6,2,62.5,1,15,13,1,0,325,16,4,2,50.0,173,12,1,6,8,212,9,2,0,0,8,0,0,0,0,13,6,50.0
Emil Bohinen,no NOR,MF,Genoa,it Serie A,25.0,1999.0,3,1,166,1.8,0,0,0,0,0,0,0.1,0.1,0.1,0.2,0.09,2,0,0.0,1.08,0.0,0.0,,0.05,69,86,80.2,1180,161,0.0,3,1,0,0,0,0,0,1,5,5,2.69,0,0.0,4,4,3,0,1,40.0,1,5,6,3,0,109,12,3,0,,51,6,0,4,2,72,2,0,0,0,3,1,0,0,0,9,2,66.7
Adama Boiro,es ESP,"DF,FW",Athletic Club,es La Liga,22.0,2002.0,18,13,1101,12.2,0,0,0,0,0,0,0.3,0.3,0.5,0.7,0.06,5,0,0.0,0.41,0.0,0.0,,0.05,401,502,79.9,6196,1937,0.6,5,44,8,4,31,0,0,0,46,16,1.31,0,0.0,20,11,11,7,2,66.7,12,32,27,10,1,627,25,14,8,30.8,288,25,5,23,15,332,36,3,0,0,13,1,0,0,0,45,16,64.0
Willy Boly,ci CIV,DF,Nott'ham Forest,eng Premier League,33.0,1991.0,6,1,150,1.7,0,0,0,0,0,0,0.1,0.1,0.0,0.1,0.04,1,1,100.0,0.6,0.6,0.0,0.0,0.07,55,70,78.6,1010,477,0.0,0,3,0,0,0,0,0,0,2,0,0.0,0,0.0,6,1,5,1,0,100.0,3,9,12,0,0,97,22,1,0,,35,0,0,1,0,46,0,1,0,0,1,0,0,0,0,5,6,75.0
Moïse Bombito,ca CAN,DF,Nice,fr Ligue 1,24.0,2000.0,27,25,2192,24.4,0,0,0,0,0,0,0.7,0.7,0.2,1.0,0.04,8,1,12.5,0.33,0.04,0.0,0.0,0.09,1266,1404,90.2,23123,8931,0.6,2,78,5,0,2,0,3,7,97,18,0.74,4,0.16,37,25,22,12,3,68.6,18,55,121,8,7,1673,214,9,12,70.6,906,27,1,16,3,1109,10,3,1,1,28,0,0,1,1,97,48,48.0
Warren Bondo,fr FRA,MF,Monza,it Serie A,20.0,2003.0,20,19,1618,18.0,0,0,0,0,0,0,0.4,0.4,0.3,0.7,0.04,13,1,7.7,0.72,0.06,0.0,0.0,0.03,547,615,88.9,8867,1641,0.5,5,35,7,2,7,0,0,4,39,26,1.45,1,0.06,35,24,19,12,4,68.4,5,40,8,9,4,741,27,7,20,50.0,511,25,2,20,30,521,21,5,1,1,31,4,0,0,0,91,5,38.5
Warren Bondo,fr FRA,MF,Milan,it Serie A,20.0,2003.0,4,3,162,1.8,0,0,0,0,0,0,0.0,0.0,0.1,0.1,0.06,1,1,100.0,0.56,0.56,0.0,0.0,0.03,77,84,91.7,1248,261,0.1,1,9,1,1,1,0,0,0,7,1,0.56,0,0.0,5,3,4,1,0,100.0,0,5,2,1,0,97,3,0,1,100.0,66,2,0,2,1,68,0,1,0,0,1,0,0,0,0,12,1,50.0
Victor Boniface,ng NGA,FW,Leverkusen,de Bundesliga,23.0,2000.0,19,12,1008,11.2,8,1,9,8,0,1,7.8,7.1,1.1,8.1,0.8,50,17,34.0,4.46,1.52,0.16,0.47,0.14,172,245,70.2,2453,503,1.0,10,10,8,2,6,0,1,2,23,32,2.86,3,0.27,5,4,0,3,2,75.0,0,5,5,7,0,400,5,77,15,42.9,207,26,15,43,29,319,61,2,0,0,14,0,0,0,0,28,32,59.3
Kevin Bonifazi,it ITA,DF,Lecce,it Serie A,28.0,1996.0,3,0,65,0.7,0,0,0,0,0,0,0.0,0.0,0.0,0.0,0.0,0,0,,0.0,0.0,,,,37,42,88.1,645,238,0.0,0,2,0,0,0,0,0,1,1,0,0.0,0,0.0,1,1,1,0,0,100.0,2,3,3,0,0,54,6,0,1,50.0,28,0,0,2,0,31,1,0,0,0,0,0,0,0,0,7,1,50.0
Ange-Yoan Bonny,fr FRA,FW,Parma,it Serie A,20.0,2003.0,37,30,2529,28.1,6,4,10,4,2,3,9.4,7.1,2.9,9.9,0.44,61,19,31.1,2.17,0.68,0.07,0.21,0.12,431,573,75.2,6282,1251,2.2,30,31,15,2,14,3,3,3,53,67,2.39,8,0.28,34,16,4,23,7,57.1,3,37,17,19,0,898,14,112,33,49.3,527,41,17,86,70,647,163,2,0,0,21,5,1,0,0,64,23,24.7
Sebastiaan Bornauw,be BEL,DF,Wolfsburg,de Bundesliga,25.0,1999.0,15,8,788,8.8,2,1,3,2,0,0,1.2,1.2,0.5,1.7,0.2,8,3,37.5,0.91,0.34,0.25,0.67,0.15,270,330,81.8,4925,1394,0.1,1,18,2,0,1,0,0,2,21,4,0.46,1,0.11,9,6,4,4,1,50.0,12,21,36,3,0,428,50,10,0,0.0,206,3,0,2,1,230,1,2,0,0,12,0,0,1,0,28,36,63.2
Sven Botman,nl NED,DF,Newcastle Utd,eng Premier League,24.0,2000.0,8,6,412,4.6,0,0,0,0,0,0,0.5,0.5,0.5,1.1,0.24,5,2,40.0,1.09,0.44,0.0,0.0,0.12,220,246,89.4,3768,1437,0.2,2,13,0,0,0,0,1,2,7,4,0.87,0,0.0,12,9,6,5,1,77.8,5,17,25,0,1,304,40,11,1,33.3,145,0,0,5,1,197,0,1,0,0,5,0,0,0,0,14,17,65.4
Saïmon Bouabré,fr FRA,"MF,FW",Monaco,fr Ligue 1,18.0,2006.0,3,1,97,1.1,0,0,0,0,0,0,0.0,0.0,0.0,0.0,0.0,0,0,,0.0,0.0,,,,20,29,69.0,318,67,0.0,0,2,1,0,0,0,0,0,2,1,0.93,1,0.93,1,0,0,1,0,0.0,0,1,0,1,0,36,2,1,0,0.0,27,3,1,2,2,29,5,0,0,0,1,0,0,0,0,2,0,0.0
Ayyoub Bouaddi,fr FRA,MF,Lille,fr Ligue 1,16.0,2007.0,24,11,1151,12.8,0,1,1,0,0,0,0.1,0.1,1.0,1.1,0.08,3,1,33.3,0.23,0.08,0.0,0.0,0.04,487,555,87.7,8241,1609,1.2,5,36,1,0,3,0,1,2,37,14,1.1,2,0.16,50,31,21,21,8,59.4,10,60,12,13,1,703,30,14,14,48.3,383,11,3,34,15,474,26,2,0,0,18,1,0,0,0,62,9,50.0
Badredine Bouanani,dz ALG,"MF,FW",Nice,fr Ligue 1,19.0,2004.0,26,11,1099,12.2,3,3,6,2,1,1,2.7,1.9,2.4,4.3,0.42,30,14,46.7,2.46,1.15,0.07,0.14,0.06,330,430,76.7,4881,1113,2.2,20,19,14,2,33,8,7,1,44,47,3.85,9,0.74,11,4,4,4,3,33.3,11,22,4,11,0,571,4,43,14,38.9,362,47,15,24,18,425,93,2,0,0,13,2,0,0,0,44,2,11.1
Benjamin Bouchouari,ma MAR,MF,Saint-Étienne,fr Ligue 1,22.0,2001.0,25,20,1772,19.7,1,0,1,1,0,0,0.6,0.6,0.9,1.5,0.08,16,3,18.8,0.81,0.15,0.06,0.33,0.04,902,1040,86.7,12685,4370,1.4,16,123,24,1,9,1,6,3,133,52,2.71,3,0.16,33,27,15,13,5,34.8,17,50,15,15,2,1233,26,14,27,50.9,733,48,6,34,26,953,54,6,0,0,15,2,0,1,0,119,6,26.1
Hicham Boudaoui,dz ALG,MF,Nice,fr Ligue 1,24.0,1999.0,29,27,2435,27.1,2,3,5,2,0,0,2.7,2.7,3.0,5.8,0.21,39,18,46.2,1.44,0.67,0.05,0.11,0.07,943,1134,83.2,14602,4144,2.8,22,76,32,3,17,0,12,5,124,65,2.4,7,0.26,76,52,28,37,11,58.5,22,98,45,27,1,1467,75,45,25,38.5,770,54,7,38,26,943,75,9,0,0,41,3,1,0,0,175,16,32.0
Carlo Boukhalfa,ma MAR,MF,St. Pauli,de Bundesliga,25.0,1999.0,25,19,1646,18.3,2,0,2,2,0,0,1.5,1.5,1.1,2.6,0.14,21,4,19.0,1.15,0.22,0.1,0.5,0.07,333,467,71.3,4368,1306,1.1,11,27,7,2,10,0,2,1,41,36,1.97,2,0.11,26,11,7,17,2,36.8,12,38,25,15,1,651,28,29,12,42.9,290,10,3,31,20,393,44,1,0,0,18,3,0,0,0,60,23,35.4
Justin Bourgault,fr FRA,DF,Brest,fr Ligue 1,18.0,2005.0,2,2,122,1.4,1,0,1,1,0,0,0.1,0.1,0.1,0.2,0.15,2,1,50.0,1.48,0.74,0.5,1.0,0.04,54,74,73.0,961,297,0.1,1,5,1,1,4,0,0,0,4,2,1.49,1,0.74,2,1,1,1,0,,0,2,1,2,0,83,5,1,0,,45,2,0,1,1,49,12,0,0,0,1,0,0,0,0,11,1,33.3
Benjamin Bourigeaud,fr FRA,MF,Rennes,fr Ligue 1,30.0,1994.0,1,1,80,0.9,1,0,1,1,0,0,0.2,0.2,0.0,0.2,0.17,2,1,50.0,2.25,1.13,0.5,1.0,0.08,36,48,75.0,646,141,0.0,0,3,0,0,6,6,0,1,4,2,2.25,0,0.0,1,0,0,1,0,0.0,2,3,1,1,0,57,3,2,1,100.0,20,0,0,1,1,35,4,0,0,0,0,0,0,0,0,4,2,50.0
Edoardo Bove,it ITA,"MF,FW",Fiorentina,it Serie A,22.0,2002.0,11,10,836,9.3,1,2,3,1,0,0,0.6,0.6,1.5,2.1,0.22,7,2,28.6,0.75,0.22,0.14,0.5,0.08,282,344,82.0,4672,1058,0.8,11,18,4,0,2,1,1,3,37,31,3.27,7,0.74,24,17,7,14,3,50.0,6,30,8,13,0,437,12,21,7,43.8,251,12,2,13,11,286,24,3,0,0,15,3,1,0,0,45,11,42.3
Jarrod Bowen,eng ENG,"FW,MF",West Ham,eng Premier League,27.0,1996.0,34,34,2973,33.0,13,8,21,12,1,1,8.6,7.8,6.8,14.7,0.47,86,36,41.9,2.6,1.09,0.14,0.33,0.09,584,815,71.7,9476,2687,6.5,51,41,46,8,106,44,7,4,91,113,3.42,15,0.45,41,26,13,12,16,47.5,16,57,25,44,0,1252,28,171,44,33.8,741,109,61,70,77,834,212,1,0,0,20,9,0,0,0,129,12,20.0
Enzo Boyomo,cm CMR,DF,Osasuna,es La Liga,22.0,2001.0,34,33,2987,33.2,2,0,2,2,0,0,1.5,1.5,0.9,2.4,0.07,12,3,25.0,0.36,0.09,0.17,0.67,0.12,1220,1402,87.0,23483,9044,0.7,4,86,6,0,2,0,4,6,111,13,0.39,1,0.03,68,43,46,18,4,76.9,44,112,137,9,3,1723,192,21,9,56.3,965,16,1,19,10,1064,7,5,0,0,43,0,0,0,0,121,29,45.3
Enzo Boyomo,cm CMR,DF,Valladolid,es La Liga,22.0,2001.0,3,3,270,3.0,0,0,0,0,0,0,0.1,0.1,0.0,0.1,0.02,2,0,0.0,0.67,0.0,0.0,,0.03,174,190,91.6,3007,1118,0.0,0,2,0,0,0,0,0,1,7,1,0.33,0,0.0,6,2,4,2,0,100.0,1,7,7,0,0,215,23,4,1,100.0,128,1,0,0,0,159,0,0,0,0,3,0,0,0,0,11,3,37.5
Domagoj Bradarić,hr CRO,DF,Hellas Verona,it Serie A,24.0,1999.0,28,24,1933,21.5,1,0,1,1,0,0,0.8,0.8,2.2,3.0,0.14,9,4,44.4,0.42,0.19,0.11,0.25,0.08,565,780,72.4,9528,3093,2.1,25,28,16,10,78,25,0,5,46,47,2.19,1,0.05,36,28,21,11,4,62.1,15,51,49,25,1,988,39,23,15,40.5,426,30,3,30,11,459,83,6,0,0,21,1,0,0,0,80,16,43.2
Conor Bradley,nir NIR,DF,Liverpool,eng Premier League,21.0,2003.0,19,7,754,8.4,0,2,2,0,0,0,0.7,0.7,1.4,2.1,0.25,10,3,30.0,1.19,0.36,0.0,0.0,0.07,456,544,83.8,6875,1711,1.4,7,26,3,1,7,0,0,2,33,19,2.27,4,0.48,14,10,7,5,2,50.0,4,18,31,12,0,663,32,43,10,40.0,369,35,9,13,5,411,39,4,0,0,12,1,0,0,0,51,11,61.1
Bilal Brahimi,dz ALG,MF,Nice,fr Ligue 1,24.0,2000.0,2,1,76,0.8,0,0,0,0,0,0,0.0,0.0,0.0,0.1,0.07,1,1,100.0,1.18,1.18,0.0,0.0,0.04,35,40,87.5,614,163,0.2,1,1,1,1,5,2,0,0,4,1,1.18,0,0.0,0,0,0,0,0,,0,0,2,1,0,49,2,0,0,0.0,29,3,0,0,3,35,10,0,0,0,3,0,0,0,0,1,0,
Julian Brandt,de GER,MF,Dortmund,de Bundesliga,28.0,1996.0,30,28,2303,25.6,5,10,15,5,0,0,4.8,4.8,8.5,13.2,0.52,45,15,33.3,1.76,0.59,0.11,0.33,0.11,953,1209,78.8,14633,3911,6.6,61,94,48,6,71,20,18,3,149,102,3.99,14,0.55,26,11,13,8,5,34.9,14,40,13,30,1,1455,13,81,19,35.2,869,61,17,48,36,1097,199,1,0,0,8,0,0,0,0,119,11,27.5
Jarrad Branthwaite,eng ENG,DF,Everton,eng Premier League,22.0,2002.0,30,28,2511,27.9,0,1,1,0,0,0,1.2,1.2,0.7,1.9,0.07,10,3,30.0,0.36,0.11,0.0,0.0,0.12,984,1198,82.1,19285,7699,0.6,3,86,3,0,5,0,1,17,66,13,0.47,2,0.07,36,20,26,10,0,71.4,27,63,191,7,4,1520,211,28,3,50.0,747,10,2,8,4,894,2,4,0,0,12,1,0,0,0,93,61,59.2
Darko Brašanac,rs SRB,MF,Leganés,es La Liga,32.0,1992.0,30,15,1617,18.0,1,2,3,1,0,0,1.8,1.8,0.4,2.2,0.12,12,3,25.0,0.67,0.17,0.08,0.33,0.15,380,502,75.7,5339,1356,0.5,9,28,2,0,11,0,1,1,43,34,1.89,2,0.11,26,11,5,15,6,52.9,16,42,34,20,0,672,49,28,2,28.6,268,6,1,16,9,356,53,4,0,0,38,2,1,0,0,61,20,34.5
Lilian Brassier,fr FRA,DF,Marseille,fr Ligue 1,24.0,1999.0,12,9,779,8.7,0,0,0,0,0,0,0.2,0.2,0.0,0.3,0.03,5,1,20.0,0.58,0.12,0.0,0.0,0.05,560,653,85.8,8815,2726,0.1,1,48,2,0,5,0,0,2,40,3,0.35,0,0.0,8,6,8,0,0,83.3,9,17,28,6,2,732,59,11,1,11.1,447,11,0,9,4,532,8,3,0,0,7,0,0,0,0,38,17,70.8
Lilian Brassier,fr FRA,DF,Rennes,fr Ligue 1,24.0,1999.0,14,14,1234,13.7,1,1,2,1,0,0,1.5,1.5,0.3,1.8,0.13,14,1,7.1,1.02,0.07,0.07,1.0,0.11,787,919,85.6,14802,5588,0.4,6,85,6,1,9,0,1,8,75,22,1.6,1,0.07,15,12,11,4,0,81.8,22,37,62,8,1,1058,98,16,2,50.0,630,21,1,6,1,778,11,1,0,0,9,2,0,1,0,59,30,78.9
Matthias Braunöder,at AUT,MF,Como,it Serie A,22.0,2002.0,8,3,268,3.0,0,0,0,0,0,0,0.1,0.1,0.0,0.1,0.03,2,0,0.0,0.67,0.0,0.0,,0.05,128,146,87.7,2154,616,0.0,0,13,0,0,0,0,0,0,18,4,1.34,0,0.0,10,4,6,3,1,63.6,2,12,4,1,1,175,4,3,1,25.0,88,2,1,3,2,112,0,3,1,1,10,1,0,0,0,8,1,20.0
Iker Bravo,es ESP,"FW,MF",Udinese,it Serie A,19.0,2005.0,29,4,682,7.6,2,1,3,2,0,0,0.9,0.9,0.4,1.3,0.18,13,3,23.1,1.72,0.4,0.15,0.67,0.07,159,196,81.1,2278,412,0.4,7,10,6,0,8,6,1,0,18,14,1.85,0,0.0,10,6,3,5,2,55.6,1,11,4,4,0,294,4,28,11,37.9,157,7,6,31,14,190,39,3,0,0,12,0,0,0,0,30,12,30.0
James Bree,eng ENG,DF,Southampton,eng Premier League,26.0,1997.0,17,13,1075,11.9,0,1,1,0,0,0,0.1,0.1,0.9,1.0,0.08,4,1,25.0,0.33,0.08,0.0,0.0,0.03,500,599,83.5,7922,2204,0.7,10,29,7,6,29,3,0,0,34,16,1.34,1,0.08,19,14,8,10,1,40.0,9,28,29,9,0,694,49,11,4,50.0,363,13,1,9,5,443,43,0,0,0,4,0,0,0,0,65,12,63.2
Tim Breithaupt,de GER,MF,Augsburg,de Bundesliga,22.0,2002.0,2,2,120,1.3,0,1,1,0,0,0,0.1,0.1,0.4,0.4,0.33,1,0,0.0,0.75,0.0,0.0,,0.05,58,67,86.6,1042,369,0.3,1,10,1,1,1,0,0,0,10,3,2.25,2,1.5,1,1,0,1,0,0.0,2,3,0,2,0,75,2,1,2,100.0,44,1,0,3,2,47,1,0,0,0,2,0,0,0,0,9,4,44.4
Gleison Bremer,br BRA,DF,Juventus,it Serie A,27.0,1997.0,6,6,540,6.0,0,0,0,0,0,0,0.1,0.1,0.0,0.1,0.02,3,0,0.0,0.5,0.0,0.0,,0.04,468,504,92.9,9245,3225,0.1,0,26,0,0,0,0,0,1,21,3,0.5,0,0.0,15,7,9,5,1,80.0,6,21,16,0,0,569,63,3,3,75.0,352,2,0,4,2,445,0,2,0,0,9,0,0,0,0,23,11,61.1
Brenner,br BRA,"MF,FW",Udinese,it Serie A,24.0,2000.0,9,5,386,4.3,1,2,3,1,0,0,0.6,0.6,0.5,1.1,0.26,7,4,57.1,1.63,0.93,0.14,0.25,0.09,87,114,76.3,1480,357,0.1,5,5,1,1,11,6,1,1,7,11,2.56,1,0.23,6,4,2,3,1,37.5,1,7,6,3,0,151,5,6,3,60.0,94,5,1,5,9,107,16,0,0,0,0,0,0,0,0,16,2,40.0
Ben Brereton,cl CHI,FW,Southampton,eng Premier League,25.0,1999.0,10,4,449,5.0,0,0,0,0,0,0,0.9,0.9,0.1,1.0,0.2,11,1,9.1,2.2,0.2,0.0,0.0,0.08,128,166,77.1,1836,383,0.1,3,9,2,1,5,0,1,0,9,9,1.8,0,0.0,3,2,0,2,1,11.1,0,3,4,3,0,206,4,20,1,25.0,136,12,4,9,4,171,42,1,0,0,4,2,0,0,0,16,9,56.3
Marco Brescianini,it ITA,MF,Atalanta,it Serie A,24.0,2000.0,29,9,991,11.0,4,2,6,4,0,0,3.1,3.1,1.0,4.1,0.37,20,8,40.0,1.82,0.73,0.2,0.5,0.16,334,420,79.5,4756,1060,0.7,7,27,9,2,18,2,4,2,36,26,2.37,6,0.55,18,11,5,9,4,80.0,2,20,6,14,0,547,8,38,8,30.8,355,46,13,28,19,417,69,1,0,0,22,0,0,0,0,50,12,54.5
Maximilian Breunig,de GER,"FW,MF",Heidenheim,de Bundesliga,23.0,2000.0,13,2,350,3.9,2,0,2,1,1,1,3.4,2.7,0.2,2.9,0.94,10,2,20.0,2.57,0.51,0.1,0.5,0.27,47,81,58.0,789,140,0.1,4,5,0,0,1,0,0,1,7,8,2.06,0,0.0,4,3,1,2,1,50.0,1,5,3,6,0,140,5,17,3,42.9,78,5,2,15,6,96,13,0,0,0,8,0,0,0,0,13,9,22.5
Anthony Briançon,fr FRA,DF,Saint-Étienne,fr Ligue 1,29.0,1994.0,1,0,1,0.0,0,0,0,0,0,0,0.0,0.0,0.0,0.0,0.0,0,0,,0.0,0.0,,,,0,0,,0,0,0.0,0,0,0,0,0,0,0,0,0,0,0.0,0,0.0,0,0,0,0,0,,0,0,0,0,0,0,0,0,0,,0,0,0,0,0,0,0,0,0,0,0,0,0,0,0,0,0,
Nathan Broadhead,wls WAL,"MF,FW",Ipswich Town,eng Premier League,26.0,1998.0,18,7,702,7.8,2,0,2,2,0,0,1.7,1.7,0.7,2.4,0.31,13,8,61.5,1.67,1.03,0.15,0.25,0.13,178,228,78.1,2473,457,1.1,7,12,6,0,9,3,3,1,14,22,2.82,2,0.26,9,4,3,6,0,25.0,4,13,5,11,0,317,7,21,17,50.0,174,20,5,19,15,222,33,1,0,0,4,0,0,0,0,32,1,9.1
Armando Broja,al ALB,FW,Everton,eng Premier League,22.0,2001.0,10,4,334,3.7,0,0,0,0,0,0,0.1,0.1,0.2,0.3,0.08,4,0,0.0,1.08,0.0,0.0,,0.03,53,73,72.6,594,101,0.1,4,3,0,0,1,0,0,0,2,7,1.89,0,0.0,3,1,1,1,1,,1,4,4,1,0,127,4,18,8,50.0,64,12,3,16,13,94,26,1,0,0,6,0,0,0,0,9,18,46.2
David Brooks,wls WAL,"FW,MF",Bournemouth,eng Premier League,27.0,1997.0,29,9,960,10.7,2,0,2,2,0,0,2.5,2.5,1.9,4.4,0.41,25,12,48.0,2.34,1.13,0.08,0.17,0.1,310,411,75.4,4795,1429,2.0,20,22,18,6,52,17,3,0,35,46,4.31,2,0.19,14,6,2,8,4,12.5,5,19,9,14,1,545,15,39,11,32.4,342,35,10,30,14,375,83,3,0,0,11,0,0,0,0,50,7,41.2
Arvid Brorsson,se SWE,DF,Monza,it Serie A,25.0,1999.0,6,3,362,4.0,0,0,0,0,0,0,0.0,0.0,0.0,0.0,0.0,0,0,,0.0,0.0,,,,224,247,90.7,4098,1147,0.0,0,5,0,0,0,0,0,0,9,1,0.25,0,0.0,4,3,2,2,0,40.0,2,6,35,0,1,303,56,0,1,100.0,185,1,0,1,1,202,1,0,0,0,1,0,0,0,0,14,7,53.8
Moritz Broschinski,de GER,"FW,MF",Bochum,de Bundesliga,23.0,2000.0,33,15,1390,15.4,1,3,4,1,0,0,4.2,4.2,1.8,6.0,0.39,38,11,28.9,2.46,0.71,0.03,0.09,0.11,187,295,63.4,2807,554,1.5,13,9,8,4,28,0,0,0,20,36,2.33,4,0.26,19,14,6,6,7,40.0,1,20,18,24,0,552,19,68,14,26.4,322,37,13,69,33,385,130,1,0,0,27,2,0,0,0,64,31,42.5
Nathaniel Brown,de GER,"DF,MF",Eint Frankfurt,de Bundesliga,21.0,2003.0,26,22,1947,21.6,3,6,9,3,0,0,2.2,2.2,5.1,7.3,0.34,13,5,38.5,0.6,0.23,0.23,0.6,0.17,727,901,80.7,10728,3251,4.6,39,35,22,7,92,48,2,3,63,64,2.96,11,0.51,71,42,39,18,14,80.0,15,86,55,28,1,1174,43,50,11,33.3,600,45,6,30,12,658,119,2,0,0,15,2,0,0,0,81,5,21.7
Jacob Bruun Larsen,dk DEN,"FW,MF",Hoffenheim,de Bundesliga,25.0,1998.0,12,3,400,4.4,2,2,4,2,0,0,2.3,2.3,0.6,2.9,0.66,14,6,42.9,3.15,1.35,0.14,0.33,0.16,121,163,74.2,1819,401,0.7,8,7,6,2,19,5,2,2,16,19,4.29,4,0.9,4,3,1,2,1,37.5,1,5,2,3,0,226,3,30,7,33.3,147,16,8,9,9,167,41,0,0,0,2,0,0,0,0,16,5,62.5
Jacob Bruun Larsen,dk DEN,"MF,FW",Stuttgart,de Bundesliga,25.0,1998.0,15,3,414,4.6,1,0,1,1,0,0,0.6,0.6,1.2,1.8,0.39,6,3,50.0,1.3,0.65,0.17,0.33,0.1,115,163,70.6,1895,554,1.6,11,8,17,6,18,5,2,3,19,19,4.12,0,0.0,1,1,1,0,0,0.0,1,2,4,6,1,215,3,27,10,45.5,127,19,10,11,3,148,40,1,0,0,2,0,0,0,0,11,3,33.3
Tajon Buchanan,ca CAN,"DF,FW",Inter,it Serie A,25.0,1999.0,6,0,95,1.1,0,0,0,0,0,0,0.0,0.0,0.1,0.1,0.13,0,0,,0.0,0.0,,,,40,48,83.3,509,151,0.1,1,2,0,0,3,0,0,0,2,3,2.84,0,0.0,3,0,2,0,1,50.0,0,3,3,1,0,64,3,2,3,33.3,42,6,0,2,2,44,8,0,0,0,2,0,0,0,0,6,1,100.0
Tajon Buchanan,ca CAN,MF,Villarreal,es La Liga,25.0,1999.0,13,4,416,4.6,1,2,3,1,0,0,0.9,0.9,0.5,1.4,0.31,7,2,28.6,1.51,0.43,0.14,0.5,0.13,106,144,73.6,1431,338,0.5,5,2,4,1,16,0,0,0,5,13,2.8,2,0.43,10,5,6,4,0,66.7,1,11,1,4,0,223,2,25,10,45.5,133,19,6,18,7,138,45,2,0,0,12,1,0,0,0,26,3,50.0
Ante Budimir,hr CRO,FW,Osasuna,es La Liga,33.0,1991.0,38,34,2952,32.8,21,4,25,13,8,8,18.3,12.3,1.7,13.9,0.61,91,29,31.9,2.77,0.88,0.14,0.45,0.14,239,426,56.1,3022,503,1.2,16,12,7,0,6,0,1,0,24,46,1.4,14,0.43,20,9,3,11,6,23.1,2,22,26,9,0,788,31,170,10,23.3,380,23,8,83,44,540,134,4,0,0,47,9,6,0,0,54,136,50.7
Emi Buendía,ar ARG,"MF,FW",Aston Villa,eng Premier League,27.0,1996.0,12,0,98,1.1,0,0,0,0,0,0,0.7,0.7,0.0,0.7,0.62,5,0,0.0,4.59,0.0,0.0,,0.13,49,60,81.7,624,166,0.0,1,4,1,0,0,0,1,0,7,3,2.76,0,0.0,6,6,3,2,1,0.0,0,6,2,0,0,82,0,3,0,0.0,53,3,0,4,3,64,6,1,0,0,4,0,0,0,0,8,0,0.0
Emi Buendía,ar ARG,MF,Leverkusen,de Bundesliga,27.0,1996.0,11,3,257,2.9,2,0,2,2,0,0,0.9,0.9,0.9,1.8,0.61,7,4,57.1,2.45,1.4,0.29,0.5,0.13,123,157,78.3,1594,405,0.5,6,9,4,0,3,0,3,1,14,12,4.17,1,0.35,6,5,1,4,1,62.5,0,6,0,2,0,198,0,12,6,54.5,108,2,1,10,8,153,24,0,0,0,6,2,0,0,0,20,5,62.5
Manu Bueno,es ESP,"MF,FW",Sevilla,es La Liga,20.0,2004.0,9,1,140,1.6,1,0,1,1,0,0,0.1,0.1,0.0,0.1,0.08,4,1,25.0,2.57,0.64,0.25,1.0,0.03,67,74,90.5,1082,110,0.1,0,4,1,0,1,0,0,0,5,1,0.64,0,0.0,4,3,0,1,3,50.0,0,4,2,0,0,91,2,2,1,50.0,56,2,0,2,2,74,5,0,0,0,2,0,0,0,0,6,0,0.0
Santiago Bueno,uy URU,DF,Wolves,eng Premier League,25.0,1998.0,29,18,1687,18.7,0,0,0,0,0,0,0.4,0.4,0.0,0.4,0.02,6,3,50.0,0.32,0.16,0.0,0.0,0.07,741,842,88.0,13598,4177,0.1,0,24,2,0,0,0,1,3,28,12,0.64,4,0.21,41,21,22,18,1,77.3,15,56,70,9,0,1025,170,6,0,0.0,555,1,0,2,2,660,1,2,0,0,26,0,0,0,0,43,35,53.0
Endika Buján,es ESP,FW,Athletic Club,es La Liga,21.0,2003.0,1,0,7,0.1,0,0,0,0,0,0,0.0,0.0,0.0,0.0,0.0,0,0,,0.0,0.0,,,,4,5,80.0,41,12,0.0,0,0,0,0,1,0,0,0,0,0,0.0,0,0.0,0,0,0,0,0,0.0,0,0,0,0,0,7,0,2,1,50.0,5,1,0,0,0,5,0,0,0,0,0,0,0,0,0,0,0,
Marius Bülter,de GER,"FW,DF",Hoffenheim,de Bundesliga,31.0,1993.0,25,22,1729,19.2,7,2,9,7,0,0,3.7,3.7,3.1,6.8,0.35,37,15,40.5,1.93,0.78,0.19,0.47,0.1,394,586,67.2,6403,1684,3.4,22,30,25,12,84,0,3,3,35,48,2.5,7,0.36,13,10,5,6,2,52.9,4,17,14,31,1,774,25,83,24,51.1,511,57,23,39,21,576,155,4,0,0,11,7,1,0,0,63,18,39.1
Facundo Buonanotte,ar ARG,"FW,MF",Leicester City,eng Premier League,19.0,2004.0,31,14,1523,16.9,5,2,7,5,0,0,3.9,3.9,3.1,7.0,0.41,36,12,33.3,2.13,0.71,0.14,0.42,0.11,437,572,76.4,6930,1757,2.3,24,41,13,2,43,26,7,4,54,51,3.01,5,0.3,53,32,17,22,14,31.3,12,65,14,9,0,874,26,39,28,33.7,479,39,9,58,39,528,74,8,0,0,37,3,0,0,0,79,18,33.3
Alessandro Buongiorno,it ITA,DF,Napoli,it Serie A,25.0,1999.0,22,22,1924,21.4,1,0,1,1,0,0,0.8,0.8,0.6,1.4,0.07,8,4,50.0,0.37,0.19,0.13,0.25,0.1,1161,1279,90.8,20369,6363,0.6,5,67,3,0,1,0,0,2,82,19,0.89,2,0.09,39,23,26,12,1,75.0,35,74,73,8,2,1489,125,15,1,14.3,902,27,1,13,8,1059,8,2,0,0,17,0,0,0,0,84,43,67.2
Cameron Burgess,au AUS,DF,Ipswich Town,eng Premier League,28.0,1995.0,18,16,1541,17.1,0,2,2,0,0,0,1.1,1.1,0.5,1.6,0.09,10,2,20.0,0.58,0.12,0.0,0.0,0.11,626,774,80.9,11461,5485,0.4,7,47,4,0,0,0,1,1,42,14,0.82,3,0.18,17,12,14,3,0,81.8,14,31,128,7,3,982,248,24,0,,430,2,0,3,0,573,4,0,0,0,6,0,0,0,0,44,44,66.7
Jonathan Burkardt,de GER,FW,Mainz 05,de Bundesliga,24.0,2000.0,29,28,2109,23.4,18,2,20,16,2,2,14.8,13.2,3.1,16.3,0.76,70,28,40.0,2.99,1.19,0.23,0.57,0.19,379,523,72.5,6262,854,2.7,20,25,16,4,27,0,2,8,42,54,2.31,8,0.34,15,8,1,7,7,60.0,1,16,14,24,0,788,19,121,16,41.0,447,32,13,76,33,562,157,0,0,0,23,4,1,0,0,73,20,19.0
Oliver Burke,sct SCO,FW,Werder Bremen,de Bundesliga,27.0,1997.0,25,9,908,10.1,5,0,5,5,0,0,4.1,4.1,1.7,5.8,0.57,35,12,34.3,3.47,1.19,0.14,0.42,0.12,179,299,59.9,2061,379,1.1,14,5,7,3,20,0,0,0,15,33,3.27,2,0.2,11,4,5,1,5,66.7,2,13,6,16,0,440,5,79,7,58.3,246,22,14,38,13,329,88,4,0,0,12,1,0,0,0,26,40,65.6
Dan Burn,eng ENG,DF,Newcastle Utd,eng Premier League,32.0,1992.0,37,37,3330,37.0,1,1,2,1,0,0,2.0,2.0,0.9,2.8,0.08,23,7,30.4,0.62,0.19,0.04,0.14,0.09,1774,2006,88.4,32347,11375,1.1,9,50,9,0,3,0,0,12,75,27,0.73,4,0.11,39,24,22,15,2,55.6,27,66,197,16,4,2386,366,52,3,75.0,1346,12,1,24,3,1615,14,11,0,0,34,1,0,0,2,103,146,66.1
Rareș-Cătălin Burnete,ro ROU,FW,Lecce,it Serie A,20.0,2004.0,4,0,28,0.3,0,0,0,0,0,0,0.1,0.1,0.0,0.1,0.25,1,0,0.0,3.21,0.0,0.0,,0.08,7,11,63.6,70,10,0.0,0,0,0,0,0,0,0,0,0,0,0.0,0,0.0,0,0,0,0,0,0.0,0,0,0,0,0,22,0,4,1,50.0,12,0,0,6,4,15,4,0,0,0,2,0,0,0,0,3,0,0.0
Wes Burns,wls WAL,"FW,DF",Ipswich Town,eng Premier League,29.0,1994.0,18,12,926,10.3,0,1,1,0,0,0,0.5,0.5,1.6,2.2,0.21,7,1,14.3,0.68,0.1,0.0,0.0,0.07,153,253,60.5,2416,597,1.2,10,8,8,7,46,0,0,1,8,16,1.55,1,0.1,13,11,1,9,3,40.0,10,23,13,24,2,350,21,18,9,37.5,216,38,10,17,13,220,65,1,0,0,4,2,0,0,0,50,8,27.6
Marnon Busch,de GER,"DF,MF",Heidenheim,de Bundesliga,29.0,1994.0,23,15,1396,15.5,0,1,1,0,0,0,0.4,0.4,1.1,1.5,0.1,13,3,23.1,0.84,0.19,0.0,0.0,0.03,614,845,72.7,13121,4710,1.8,12,59,17,10,52,1,1,13,63,27,1.74,1,0.06,26,17,19,7,0,71.9,13,39,65,16,5,1030,79,9,3,37.5,495,22,1,13,1,553,43,1,0,0,8,0,0,1,0,62,13,46.4
Gianluca Busio,us USA,MF,Venezia,it Serie A,22.0,2002.0,33,28,2518,28.0,2,0,2,2,0,0,2.4,2.4,1.6,4.0,0.14,36,7,19.4,1.29,0.25,0.06,0.29,0.07,696,917,75.9,10896,2655,1.8,28,46,25,4,29,1,3,8,95,65,2.33,2,0.07,46,31,24,12,10,42.6,19,65,52,39,0,1250,58,56,15,31.3,747,60,5,54,32,842,135,4,0,0,26,5,1,0,0,107,32,48.5
Aurélio Buta,pt POR,DF,Reims,fr Ligue 1,27.0,1997.0,27,24,1970,21.9,0,1,1,0,0,0,0.3,0.3,0.8,1.1,0.05,8,1,12.5,0.37,0.05,0.0,0.0,0.03,819,991,82.6,12195,4195,1.4,10,56,12,4,32,0,0,0,83,31,1.42,4,0.18,37,24,22,11,4,50.0,22,59,59,18,0,1195,69,14,9,40.9,546,28,4,28,7,672,64,5,0,0,32,0,0,1,0,69,12,44.4
Nathan Butler-Oyedeji,eng ENG,FW,Arsenal,eng Premier League,21.0,2003.0,1,0,7,0.1,0,0,0,0,0,0,0.1,0.1,0.0,0.1,0.94,1,1,100.0,12.86,12.86,0.0,0.0,0.07,0,0,,0,0,0.0,0,0,0,0,0,0,0,0,0,0,0.0,0,0.0,0,0,0,0,0,,0,0,0,0,0,1,0,1,0,,0,0,0,0,0,0,0,0,0,0,0,0,0,0,0,0,0,
Pau Cabanes,es ESP,"MF,FW",Villarreal,es La Liga,19.0,2005.0,10,0,163,1.8,1,0,1,1,0,0,0.5,0.5,0.4,0.9,0.47,4,2,50.0,2.21,1.1,0.25,0.5,0.12,60,84,71.4,897,192,0.2,4,1,3,0,6,1,1,0,11,12,6.63,2,1.1,4,4,0,3,1,75.0,3,7,2,4,1,122,2,11,5,41.7,74,10,5,8,3,89,33,0,0,0,4,3,1,0,0,6,1,33.3
Pau Cabanes,es ESP,"MF,FW",Alavés,es La Liga,19.0,2005.0,6,2,188,2.1,0,0,0,0,0,0,0.0,0.0,0.0,0.1,0.03,2,1,50.0,0.96,0.48,0.0,0.0,0.02,59,84,70.2,751,101,0.1,1,3,1,0,12,0,0,0,5,6,2.87,0,0.0,8,2,4,3,1,46.2,0,8,1,4,0,125,1,7,4,30.8,83,15,3,10,3,82,15,1,0,0,5,1,0,0,0,11,1,25.0
Rémy Cabella,fr FRA,"FW,MF",Lille,fr Ligue 1,34.0,1990.0,23,12,1011,11.2,1,2,3,1,0,0,4.0,4.0,2.3,6.2,0.55,30,7,23.3,2.67,0.62,0.03,0.14,0.13,628,762,82.4,8904,2413,3.1,26,39,25,8,60,34,0,0,77,60,5.33,6,0.53,39,19,16,13,10,57.6,8,47,5,9,0,900,6,51,19,50.0,546,45,12,16,10,667,130,1,0,0,16,4,1,1,0,63,3,27.3
Leandro Cabrera,uy URU,DF,Espanyol,es La Liga,33.0,1991.0,33,32,2869,31.9,4,2,6,4,0,0,1.1,1.1,0.9,2.1,0.06,19,6,31.6,0.6,0.19,0.21,0.67,0.06,1084,1442,75.2,22270,10095,0.7,9,90,15,3,17,0,1,16,69,21,0.66,7,0.22,40,23,29,8,3,57.6,30,70,199,13,2,1796,332,33,1,50.0,833,9,0,9,1,1009,6,4,1,0,24,1,1,1,0,83,77,64.7
Liberato Cacace,nz NZL,"MF,DF",Empoli,it Serie A,23.0,2000.0,33,24,2230,24.8,2,4,6,2,0,0,2.6,2.6,1.7,4.3,0.17,29,9,31.0,1.17,0.36,0.07,0.22,0.09,619,912,67.9,10590,4309,1.5,25,54,18,6,102,54,1,5,70,54,2.18,4,0.16,37,25,20,13,4,71.0,22,59,59,32,0,1187,81,56,14,27.5,542,53,7,40,21,635,97,6,0,0,27,1,0,0,0,98,41,44.6
Alessio Cacciamani,it ITA,"MF,DF",Torino,it Serie A,17.0,2007.0,2,0,31,0.3,0,0,0,0,0,0,0.0,0.0,0.0,0.0,0.0,0,0,,0.0,0.0,,,,12,15,80.0,185,37,0.0,0,0,1,0,3,0,0,0,1,1,2.9,0,0.0,0,0,0,0,0,,1,1,0,2,0,18,0,1,1,100.0,14,2,1,1,0,12,2,0,0,0,0,0,0,0,0,1,1,50.0
Anthony Caci,fr FRA,DF,Mainz 05,de Bundesliga,27.0,1997.0,33,33,2684,29.8,1,7,8,1,0,0,3.1,3.1,6.6,9.7,0.32,32,12,37.5,1.07,0.4,0.03,0.08,0.1,1188,1655,71.8,19409,8082,7.9,50,96,46,21,133,20,6,11,133,95,3.18,11,0.37,60,40,23,25,12,63.6,27,87,47,61,2,1973,70,62,29,45.3,960,45,13,44,24,1161,152,6,0,0,37,0,0,0,0,131,35,51.5
Mathieu Cafaro,fr FRA,"MF,FW",Saint-Étienne,fr Ligue 1,27.0,1997.0,15,9,732,8.1,1,0,1,1,0,0,1.5,1.5,1.3,2.8,0.34,23,10,43.5,2.83,1.23,0.04,0.1,0.06,172,239,72.0,2760,750,1.3,13,12,9,4,27,17,2,1,16,25,3.07,2,0.25,10,7,4,4,2,26.7,7,17,3,5,0,324,5,27,7,41.2,169,19,7,16,10,225,51,3,1,0,11,1,0,1,0,30,3,42.9
Moisés Caicedo,ec ECU,"MF,DF",Chelsea,eng Premier League,22.0,2001.0,38,38,3351,37.2,1,2,3,1,0,0,0.8,0.8,3.0,3.8,0.1,20,3,15.0,0.54,0.08,0.05,0.33,0.04,1967,2194,89.7,33834,8949,2.8,30,235,34,2,10,0,12,13,215,98,2.63,9,0.24,114,73,44,54,16,62.8,49,163,60,20,1,2579,95,15,29,45.3,1409,43,2,37,25,1780,37,11,0,0,70,3,2,1,0,229,35,68.6
Tom Cairney,sct SCO,MF,Fulham,eng Premier League,33.0,1991.0,25,3,628,7.0,2,0,2,2,0,0,0.8,0.8,1.1,1.8,0.26,11,4,36.4,1.58,0.57,0.18,0.5,0.07,569,627,90.7,9151,1910,1.2,11,53,7,3,20,8,0,2,53,33,4.71,3,0.43,13,5,5,2,6,57.1,4,17,3,8,1,683,12,18,5,38.5,456,18,4,6,4,553,33,3,1,0,8,1,0,0,0,52,5,35.7
Jens Cajuste,se SWE,MF,Ipswich Town,eng Premier League,24.0,1999.0,30,25,1959,21.8,1,1,2,1,0,0,0.7,0.7,0.8,1.5,0.07,12,1,8.3,0.55,0.05,0.08,1.0,0.05,647,783,82.6,10596,2229,0.7,13,51,6,1,10,0,1,5,59,36,1.65,2,0.09,44,22,19,23,2,42.9,28,72,33,12,2,1017,61,15,28,52.8,481,26,3,23,17,594,20,2,0,0,24,1,0,0,0,107,13,37.1
Davide Calabria,it ITA,DF,Bologna,it Serie A,27.0,1996.0,11,7,632,7.0,0,1,1,0,0,0,0.1,0.1,1.3,1.4,0.19,3,0,0.0,0.43,0.0,0.0,,0.03,354,429,82.5,6167,2065,0.5,13,26,11,6,17,0,1,1,40,24,3.42,3,0.43,12,8,5,5,2,41.7,3,15,22,8,1,490,10,4,0,0.0,271,7,0,10,3,285,20,3,0,0,7,0,0,0,0,30,9,50.0
Davide Calabria,it ITA,DF,Milan,it Serie A,27.0,1996.0,7,4,316,3.5,0,0,0,0,0,0,0.3,0.3,0.2,0.5,0.14,2,0,0.0,0.57,0.0,0.0,,0.15,193,223,86.5,3258,767,0.2,1,23,2,2,16,0,1,1,24,9,2.56,0,0.0,10,7,10,0,0,57.1,8,18,8,5,0,258,9,4,3,60.0,159,8,0,1,1,174,31,0,0,0,3,1,0,0,0,16,2,100.0
Riccardo Calafiori,it ITA,DF,Arsenal,eng Premier League,22.0,2002.0,19,11,983,10.9,2,1,3,2,0,0,0.9,0.9,0.3,1.1,0.11,10,6,60.0,0.92,0.55,0.2,0.33,0.09,470,549,85.6,6903,1705,0.7,6,41,9,1,11,0,0,2,54,13,1.19,2,0.18,27,19,15,10,2,62.1,9,36,25,11,0,653,30,30,9,69.2,308,22,3,12,5,394,29,4,0,0,16,0,0,0,0,35,22,61.1
Luca Caldirola,it ITA,DF,Monza,it Serie A,33.0,1991.0,14,10,876,9.7,0,0,0,0,0,0,0.3,0.3,0.1,0.4,0.04,4,2,50.0,0.41,0.21,0.0,0.0,0.07,556,615,90.4,10352,4162,0.2,2,25,1,0,1,0,0,0,22,5,0.51,0,0.0,11,7,8,3,0,57.1,11,22,43,2,1,699,86,4,1,100.0,461,5,0,2,1,498,4,5,0,0,18,0,0,0,0,19,13,50.0
Fernando Calero,es ESP,"DF,MF",Espanyol,es La Liga,28.0,1995.0,21,6,715,7.9,1,0,1,1,0,0,0.3,0.3,0.0,0.3,0.04,2,1,50.0,0.25,0.13,0.5,1.0,0.14,325,381,85.3,6408,2520,0.1,3,17,1,1,2,0,0,4,17,6,0.76,0,0.0,18,10,13,4,1,66.7,16,34,50,2,1,498,66,2,0,,236,0,0,6,0,286,2,1,0,0,6,0,0,0,0,26,12,41.4
Duje Ćaleta-Car,hr CRO,DF,Lyon,fr Ligue 1,27.0,1996.0,19,17,1584,17.6,1,0,1,1,0,0,2.1,2.1,0.1,2.2,0.13,11,1,9.1,0.62,0.06,0.09,1.0,0.19,896,985,91.0,16876,5583,0.9,2,50,0,0,1,0,1,3,46,5,0.28,0,0.0,20,12,11,9,0,52.6,17,37,97,5,2,1178,205,21,1,50.0,672,4,0,7,2,783,0,8,0,0,27,0,0,0,0,65,39,76.5
Hakan Çalhanoğlu,tr TUR,MF,Inter,it Serie A,30.0,1994.0,28,25,1879,20.9,5,6,11,2,3,4,4.4,1.3,5.6,6.9,0.46,41,12,29.3,1.96,0.57,0.05,0.17,0.03,1464,1690,86.6,27437,8326,5.6,49,144,28,11,112,88,7,17,173,99,4.58,14,0.65,43,22,7,23,13,58.3,17,60,24,12,0,1881,45,23,3,42.9,1150,52,6,21,9,1353,51,5,0,0,20,0,0,1,0,110,16,47.1
Dominic Calvert-Lewin,eng ENG,FW,Everton,eng Premier League,27.0,1997.0,26,19,1609,17.9,3,1,4,3,0,0,6.7,6.7,0.6,7.4,0.41,50,19,38.0,2.8,1.06,0.06,0.16,0.14,181,289,62.6,2113,498,0.7,7,20,5,1,6,0,0,1,20,26,1.46,4,0.22,9,7,1,4,4,33.3,7,16,23,12,0,520,26,88,10,40.0,280,23,17,77,33,417,112,2,0,0,27,3,0,0,0,35,85,51.2
Drissa Camara,ci CIV,"MF,FW",Parma,it Serie A,22.0,2002.0,21,1,447,5.0,0,0,0,0,0,0,1.2,1.2,0.8,2.0,0.4,15,5,33.3,3.02,1.01,0.0,0.0,0.08,133,182,73.1,2076,550,0.5,5,15,5,0,5,9,2,1,27,15,3.01,2,0.4,9,7,2,6,1,10.0,3,12,1,5,0,251,1,24,17,63.0,174,18,10,14,3,173,35,3,0,0,17,2,1,0,0,29,3,25.0
Issiaga Camara,gn GUI,MF,Nice,fr Ligue 1,19.0,2005.0,4,0,20,0.2,0,0,0,0,0,0,0.0,0.0,0.0,0.0,0.0,0,0,,0.0,0.0,,,,15,16,93.8,197,57,0.0,0,2,0,0,0,0,0,0,2,2,9.0,0,0.0,2,1,0,2,0,0.0,3,5,0,0,0,23,0,0,0,0.0,11,1,0,1,0,13,1,0,0,0,0,0,0,0,0,4,0,0.0
Lamine Camara,sn SEN,MF,Monaco,fr Ligue 1,20.0,2004.0,29,25,2054,22.8,2,7,9,2,0,0,2.3,2.3,4.4,6.7,0.29,26,9,34.6,1.14,0.39,0.08,0.22,0.09,1224,1479,82.8,22283,6556,5.0,44,133,26,4,118,87,5,11,141,82,3.59,13,0.57,66,41,22,34,10,54.2,31,97,32,20,1,1743,33,16,12,48.0,967,25,3,41,23,1170,46,10,1,1,45,2,0,0,0,153,21,50.0
Mahdi Camara,fr FRA,"MF,FW",Brest,fr Ligue 1,26.0,1998.0,34,31,2659,29.5,5,3,8,5,0,0,4.1,4.1,2.0,6.2,0.21,49,19,38.8,1.66,0.64,0.1,0.26,0.08,1021,1190,85.8,15953,3369,2.6,26,79,17,10,46,0,3,0,111,71,2.4,7,0.24,71,40,16,38,17,52.2,33,104,29,24,0,1530,36,78,29,44.6,828,58,14,38,28,999,112,5,0,0,41,8,1,0,0,98,17,35.4
Ousmane Camara,fr FRA,DF,Angers,fr Ligue 1,21.0,2003.0,3,3,252,2.8,0,0,0,0,0,0,0.1,0.1,0.0,0.1,0.04,1,0,0.0,0.36,0.0,0.0,,0.08,91,101,90.1,1868,743,0.0,1,3,0,0,0,0,0,2,3,5,1.79,0,0.0,4,3,3,1,0,50.0,0,4,18,1,0,126,23,2,0,,70,0,0,1,1,82,0,1,0,0,1,0,0,0,0,6,4,57.1
Francesco Camarda,it ITA,"FW,MF",Milan,it Serie A,16.0,2008.0,10,1,206,2.3,0,0,0,0,0,0,0.6,0.6,0.5,1.1,0.48,8,1,12.5,3.5,0.44,0.0,0.0,0.07,37,44,84.1,434,40,0.2,5,1,0,0,1,0,0,0,1,7,3.04,1,0.43,5,2,0,2,3,33.3,0,5,3,0,0,80,5,17,2,28.6,34,2,0,7,3,51,16,0,0,0,8,0,0,0,0,6,6,50.0
Eduardo Camavinga,fr FRA,"MF,DF",Real Madrid,es La Liga,21.0,2002.0,19,11,1102,12.2,1,2,3,1,0,0,0.4,0.4,0.8,1.2,0.1,8,2,25.0,0.65,0.16,0.13,0.5,0.05,700,793,88.3,11361,3012,0.7,11,61,5,0,2,0,4,4,61,31,2.54,2,0.16,42,26,23,16,3,57.6,18,60,23,11,0,957,49,15,15,48.4,565,26,7,7,11,643,31,2,0,0,21,3,0,1,0,90,20,52.6
Nicolò Cambiaghi,it ITA,FW,Bologna,it Serie A,23.0,2000.0,18,4,620,6.9,1,3,4,1,0,0,0.8,0.8,1.9,2.7,0.39,14,4,28.6,2.03,0.58,0.07,0.25,0.06,177,245,72.2,2543,589,2.2,12,9,11,6,47,0,0,0,25,30,4.36,8,1.16,16,10,6,7,3,50.0,2,18,2,6,0,334,1,36,11,44.0,241,45,15,16,11,257,63,0,0,0,9,4,1,0,0,29,3,27.3
Andrea Cambiaso,it ITA,"DF,FW",Juventus,it Serie A,24.0,2000.0,33,25,2221,24.7,2,3,5,2,0,0,0.7,0.7,2.6,3.3,0.13,17,6,35.3,0.69,0.24,0.12,0.33,0.04,1476,1667,88.5,24469,5281,2.1,34,82,31,9,66,14,2,12,111,85,3.45,9,0.36,46,30,27,13,6,61.4,16,62,34,39,5,1911,55,42,27,54.0,1195,78,13,45,21,1364,122,4,0,0,28,2,0,0,0,116,6,35.3
Axel Camblan,fr FRA,"MF,FW",Brest,fr Ligue 1,20.0,2003.0,2,0,26,0.3,0,0,0,0,0,0,0.0,0.0,0.0,0.0,0.17,1,0,0.0,3.46,0.0,0.0,,0.05,3,7,42.9,44,23,0.0,0,1,0,0,1,0,0,0,2,0,0.0,0,0.0,1,1,0,0,1,50.0,0,1,0,1,0,10,0,3,0,,5,2,2,0,0,8,1,0,0,0,0,0,0,0,0,0,0,0.0
Sergio Camello,es ESP,FW,Rayo Vallecano,es La Liga,23.0,2001.0,23,14,1134,12.6,3,2,5,3,0,0,4.1,4.1,2.0,6.1,0.48,32,9,28.1,2.54,0.71,0.09,0.33,0.13,207,263,78.7,2869,452,1.1,19,12,7,0,6,0,7,2,27,38,3.02,5,0.4,9,3,2,5,2,66.7,4,13,16,12,0,398,17,46,13,56.5,222,20,8,38,23,308,68,2,0,0,11,1,0,0,0,32,11,29.7
José Campaña,es ESP,MF,Las Palmas,es La Liga,31.0,1993.0,25,15,1189,13.2,0,3,3,0,0,0,0.1,0.1,0.9,1.1,0.08,5,3,60.0,0.38,0.23,0.0,0.0,0.02,703,834,84.3,12424,4339,1.0,14,72,12,4,34,23,4,12,87,39,2.95,4,0.3,21,16,8,11,2,55.0,19,40,19,8,2,946,40,5,8,44.4,478,11,1,17,15,605,15,5,0,0,7,0,0,1,0,84,15,78.9
Thomas Campaniello,it ITA,FW,Empoli,it Serie A,16.0,2008.0,3,0,25,0.3,0,0,0,0,0,0,0.5,0.5,0.0,0.5,1.83,1,0,0.0,3.6,0.0,0.0,,0.51,9,14,64.3,127,0,0.0,0,0,0,0,0,0,0,0,0,0,0.0,0,0.0,0,0,0,0,0,0.0,0,0,0,0,0,17,0,1,0,,5,0,0,1,0,13,6,0,0,0,0,0,0,0,0,0,1,25.0
Cole Campbell,us USA,"MF,FW",Dortmund,de Bundesliga,18.0,2006.0,4,0,22,0.2,0,0,0,0,0,0,0.0,0.0,0.0,0.0,0.0,0,0,,0.0,0.0,,,,13,15,86.7,176,46,0.0,0,0,1,1,1,0,0,0,0,0,0.0,0,0.0,0,0,0,0,0,,0,0,1,0,0,21,2,0,0,0.0,10,1,0,3,0,13,1,0,0,0,1,0,0,0,0,3,0,0.0
Emre Can,de GER,"DF,MF",Dortmund,de Bundesliga,30.0,1994.0,31,23,2105,23.4,3,0,3,1,2,2,2.0,0.4,0.7,1.1,0.11,7,1,14.3,0.3,0.04,0.14,1.0,0.06,1705,1905,89.5,31186,10528,1.4,8,119,5,0,11,0,3,7,116,32,1.37,2,0.09,50,28,30,16,4,50.0,20,70,89,10,3,2156,150,12,15,57.7,1405,20,2,18,10,1582,12,4,1,0,25,1,0,0,0,113,45,64.3
Peio Canales,es ESP,"MF,FW",Athletic Club,es La Liga,19.0,2005.0,8,2,259,2.9,0,0,0,0,0,0,0.2,0.2,0.2,0.4,0.15,3,0,0.0,1.04,0.0,0.0,,0.06,89,112,79.5,1488,243,0.2,6,6,2,0,16,11,0,1,6,10,3.47,0,0.0,3,2,0,1,2,100.0,2,5,2,1,0,140,3,3,5,45.5,74,6,2,4,3,86,11,0,0,0,1,0,0,0,0,17,0,0.0
Matteo Cancellieri,it ITA,"FW,MF",Parma,it Serie A,22.0,2002.0,27,19,1424,15.8,3,0,3,3,0,0,2.7,2.7,0.7,3.4,0.21,22,7,31.8,1.39,0.44,0.14,0.43,0.12,211,313,67.4,2943,842,0.7,11,16,7,5,21,2,4,4,24,27,1.71,3,0.19,26,16,15,9,2,34.4,13,39,30,10,0,531,20,40,28,40.0,314,40,16,34,24,348,79,2,1,0,26,5,0,0,0,55,29,50.9
Fali Candé,gw GNB,DF,Venezia,it Serie A,26.0,1998.0,17,17,1530,17.0,1,1,2,1,0,0,1.1,1.1,0.6,1.7,0.1,5,2,40.0,0.29,0.12,0.2,0.5,0.23,761,939,81.0,13092,5240,0.2,4,59,3,1,7,0,0,7,47,14,0.82,3,0.18,25,19,14,10,1,69.6,15,40,90,11,2,1131,164,8,9,90.0,557,5,0,12,8,572,3,4,0,0,24,1,0,0,0,79,37,47.4
Antonio Candela,it ITA,DF,Venezia,it Serie A,24.0,2000.0,14,12,1008,11.2,0,1,1,0,0,0,0.3,0.3,0.8,1.2,0.11,5,0,0.0,0.45,0.0,0.0,,0.07,299,403,74.2,4708,1990,0.5,9,26,6,6,22,0,0,1,27,17,1.52,1,0.09,31,21,13,11,7,69.2,8,39,22,5,2,505,38,13,6,50.0,250,12,2,17,10,285,25,2,0,0,14,0,0,2,1,38,14,51.9
Antonio Candela,it ITA,DF,Valladolid,es La Liga,24.0,2000.0,12,12,906,10.1,0,0,0,0,0,0,0.0,0.0,0.8,0.9,0.08,1,0,0.0,0.1,0.0,0.0,,0.04,342,443,77.2,5886,1919,0.7,6,17,6,6,20,0,1,2,22,8,0.79,0,0.0,9,6,6,2,1,36.4,6,15,33,6,0,528,39,7,6,40.0,261,16,1,8,5,332,29,1,0,0,5,0,0,0,0,23,3,27.3
Sergi Canós,es ESP,"MF,FW",Valencia,es La Liga,27.0,1997.0,17,2,370,4.1,0,1,1,0,0,0,0.5,0.5,0.2,0.7,0.17,11,3,27.3,2.68,0.73,0.0,0.0,0.05,92,158,58.2,1502,418,0.2,4,9,3,3,18,4,0,1,9,19,4.6,1,0.24,11,7,3,4,4,40.0,5,16,5,10,0,231,6,20,1,7.7,124,7,4,13,5,164,47,3,0,0,12,1,0,0,0,20,4,33.3
Jaydee Canvot,fr FRA,"DF,MF",Toulouse,fr Ligue 1,18.0,2006.0,18,12,1106,12.3,0,0,0,0,0,0,0.2,0.2,0.7,0.9,0.08,5,1,20.0,0.41,0.08,0.0,0.0,0.04,462,536,86.2,8029,2340,0.3,4,42,6,2,6,0,2,5,41,14,1.14,2,0.16,23,11,16,5,2,66.7,11,34,54,11,1,666,68,8,7,70.0,384,9,1,6,8,431,0,2,0,0,18,1,0,0,0,50,16,55.2
Pierrick Capelle,fr FRA,MF,Angers,fr Ligue 1,37.0,1987.0,16,3,483,5.4,0,0,0,0,0,0,0.2,0.2,1.2,1.4,0.26,6,0,0.0,1.12,0.0,0.0,,0.04,185,231,80.1,3185,808,0.7,5,19,2,1,10,5,1,3,22,15,2.8,1,0.19,24,17,10,9,5,50.0,11,35,5,4,1,299,6,7,8,61.5,138,10,0,15,6,173,17,4,0,0,12,0,0,0,0,28,3,37.5
Gianluca Caprari,it ITA,"MF,FW",Monza,it Serie A,31.0,1993.0,34,18,1651,18.3,3,2,5,1,2,2,4.2,2.6,2.4,5.0,0.36,28,9,32.1,1.53,0.49,0.04,0.11,0.09,579,732,79.1,9227,2016,2.1,30,39,21,2,80,42,8,4,81,63,3.43,5,0.27,19,11,8,8,3,50.0,8,27,2,18,1,912,3,39,10,25.0,629,43,12,38,31,686,104,3,0,0,18,1,0,0,0,57,4,22.2
Gabin Capuano,fr FRA,FW,Lens,fr Ligue 1,18.0,2006.0,1,0,11,0.1,0,0,0,0,0,0,0.0,0.0,0.0,0.0,0.0,0,0,,0.0,0.0,,,,2,2,100.0,22,6,0.0,0,0,0,0,0,0,0,0,0,1,8.18,0,0.0,0,0,0,0,0,,0,0,0,0,0,4,0,0,0,,3,0,0,1,0,4,1,0,0,0,1,0,0,0,0,0,0,
Francesco Caputo,it ITA,FW,Empoli,it Serie A,36.0,1987.0,1,0,6,0.1,0,0,0,0,0,0,0.0,0.0,0.0,0.0,0.0,0,0,,0.0,0.0,,,,2,2,100.0,26,0,0.0,0,0,0,0,0,0,0,0,0,0,0.0,0,0.0,0,0,0,0,0,,0,0,0,0,0,2,0,0,0,,1,0,0,0,0,1,1,0,0,0,0,0,0,0,0,1,0,
Maxence Caqueret,fr FRA,MF,Como,it Serie A,24.0,2000.0,18,15,1087,12.1,2,3,5,2,0,0,0.8,0.8,1.5,2.4,0.2,8,3,37.5,0.66,0.25,0.25,0.67,0.1,472,568,83.1,7456,2619,1.1,19,67,17,1,16,3,1,2,76,41,3.4,8,0.66,36,21,14,18,4,52.6,7,43,4,15,1,698,9,24,14,42.4,455,15,1,29,17,512,46,4,0,0,17,1,0,0,0,69,3,23.1
Maxence Caqueret,fr FRA,MF,Lyon,fr Ligue 1,24.0,2000.0,9,6,573,6.4,0,0,0,0,0,0,0.7,0.7,0.4,1.1,0.17,7,1,14.3,1.1,0.16,0.0,0.0,0.09,274,343,79.9,4339,1547,0.6,10,39,10,0,6,0,0,1,50,14,2.2,1,0.16,21,11,5,11,5,18.2,7,28,2,14,0,419,5,11,7,38.9,211,14,2,15,10,304,15,1,0,0,4,0,0,0,0,24,1,25.0
Simon Cara,fr FRA,"MF,FW",Montpellier,fr Ligue 1,19.0,2005.0,2,0,9,0.1,0,0,0,0,0,0,0.0,0.0,0.0,0.0,0.0,0,0,,0.0,0.0,,,,4,6,66.7,70,1,0.0,0,0,0,0,0,0,0,0,0,0,0.0,0,0.0,0,0,0,0,0,,0,0,0,0,0,7,0,1,0,0.0,5,0,0,0,0,5,1,0,0,0,0,0,0,0,0,0,0,
Andrea Carboni,it ITA,DF,Monza,it Serie A,23.0,2001.0,26,25,2191,24.3,0,1,1,0,0,0,0.3,0.3,0.3,0.6,0.03,8,1,12.5,0.33,0.04,0.0,0.0,0.04,989,1157,85.5,16502,4918,0.2,4,51,3,3,15,0,0,8,51,11,0.45,2,0.08,60,35,39,17,4,66.0,27,87,106,16,4,1412,155,18,5,55.6,822,9,0,15,5,925,32,5,0,0,29,0,0,1,0,62,38,47.5
Franco Carboni,it ITA,DF,Venezia,it Serie A,21.0,2003.0,8,3,226,2.5,0,0,0,0,0,0,0.0,0.0,0.1,0.1,0.04,1,0,0.0,0.4,0.0,0.0,,0.01,61,92,66.3,931,351,0.2,2,3,3,2,8,0,0,1,6,5,2.0,1,0.4,5,3,5,0,0,62.5,0,5,11,1,0,128,11,2,2,33.3,70,2,0,4,3,68,11,2,0,0,3,1,1,0,0,13,2,40.0
Valentin Carboni,ar ARG,"MF,FW",Marseille,fr Ligue 1,19.0,2005.0,4,1,103,1.1,0,0,0,0,0,0,0.0,0.0,0.1,0.2,0.14,2,1,50.0,1.75,0.87,0.0,0.0,0.02,57,64,89.1,816,162,0.1,3,4,4,2,2,0,1,0,4,5,4.37,0,0.0,2,2,0,1,1,0.0,1,3,1,3,0,81,1,2,0,0.0,51,4,0,2,0,69,8,1,0,0,5,0,0,0,0,2,2,66.7
Irvin Cardona,fr FRA,"FW,MF",Espanyol,es La Liga,26.0,1997.0,16,5,606,6.7,1,1,2,1,0,0,1.1,1.1,0.6,1.7,0.25,10,3,30.0,1.49,0.45,0.1,0.33,0.11,100,161,62.1,1428,432,1.2,9,9,11,4,14,0,1,2,15,20,2.97,3,0.45,8,5,2,4,2,37.5,4,12,10,6,0,246,7,23,3,23.1,114,14,6,22,4,167,43,1,0,0,8,1,0,0,0,19,8,42.1
Irvin Cardona,fr FRA,FW,Saint-Étienne,fr Ligue 1,26.0,1997.0,15,13,1063,11.8,5,3,8,5,0,1,4.5,3.7,1.4,5.0,0.54,23,10,43.5,1.95,0.85,0.22,0.5,0.18,255,381,66.9,3519,853,1.6,15,11,16,3,31,0,3,0,32,25,2.31,3,0.28,6,5,3,3,0,14.3,4,10,6,13,2,497,11,53,6,27.3,283,30,10,38,12,395,135,2,0,0,12,0,0,0,0,26,10,55.6
Marc Cardona,es ESP,"FW,DF",Las Palmas,es La Liga,29.0,1995.0,11,0,132,1.5,0,0,0,0,0,0,0.4,0.4,0.0,0.4,0.26,4,0,0.0,2.73,0.0,0.0,,0.09,38,48,79.2,542,79,0.1,0,4,0,0,1,1,1,1,3,4,2.73,0,0.0,4,2,1,3,0,0.0,0,4,0,2,0,73,0,6,1,14.3,45,2,0,2,4,53,12,2,0,0,2,0,0,0,0,8,0,0.0
Sergi Cardona,es ESP,DF,Villarreal,es La Liga,25.0,1999.0,35,34,2945,32.7,1,7,8,1,0,0,2.4,2.4,5.8,8.2,0.25,20,6,30.0,0.61,0.18,0.05,0.17,0.12,1126,1457,77.3,18658,6599,4.6,45,62,46,26,111,1,2,2,77,79,2.41,13,0.4,71,48,44,20,7,62.0,40,111,122,39,1,1842,131,63,10,33.3,813,52,10,24,11,952,198,11,0,0,38,0,0,1,0,131,41,60.3
Johnny Cardoso,us USA,MF,Betis,es La Liga,22.0,2001.0,28,24,2144,23.8,3,1,4,3,0,0,2.0,2.0,0.9,3.0,0.12,19,7,36.8,0.8,0.29,0.16,0.43,0.11,950,1109,85.7,14556,3689,0.8,9,63,4,0,3,0,2,10,71,35,1.47,1,0.04,55,31,12,35,8,38.5,48,103,64,21,1,1427,91,26,26,61.9,752,19,1,36,23,890,28,4,0,0,38,0,0,0,0,138,29,61.7
Diego Carlos,br BRA,DF,Aston Villa,eng Premier League,31.0,1993.0,10,8,830,9.2,0,0,0,0,0,0,0.6,0.6,0.0,0.6,0.07,4,1,25.0,0.43,0.11,0.0,0.0,0.16,534,603,88.6,10941,4103,0.1,0,23,1,0,0,0,0,6,34,4,0.43,0,0.0,8,3,6,1,1,66.7,5,13,36,0,2,674,86,6,2,100.0,419,3,0,1,2,481,0,1,0,0,11,0,0,0,0,36,11,52.4
José Carlos González,es ESP,DF,Las Palmas,es La Liga,18.0,2006.0,1,0,11,0.1,0,0,0,0,0,0,0.0,0.0,0.0,0.0,0.0,0,0,,0.0,0.0,,,,8,9,88.9,92,22,0.0,0,1,0,0,0,0,0,0,0,0,0.0,0,0.0,0,0,0,0,0,,0,0,0,1,0,9,0,0,0,,4,0,0,0,0,7,1,0,0,0,0,0,0,0,0,0,0,
Carmona,es ESP,DF,Sevilla,es La Liga,22.0,2002.0,35,35,2942,32.7,0,0,0,0,0,0,0.5,0.5,2.0,2.5,0.08,19,4,21.1,0.58,0.12,0.0,0.0,0.03,1448,1798,80.5,23524,8789,0.9,19,99,14,6,41,0,1,14,109,54,1.65,1,0.03,83,59,53,21,9,53.2,68,151,92,37,3,2192,111,20,19,38.0,894,45,8,37,18,1138,57,11,0,0,49,3,0,0,0,164,33,62.3
Sergio Carreira,es ESP,"MF,DF",Celta Vigo,es La Liga,23.0,2000.0,23,19,1656,18.4,0,4,4,0,0,0,0.6,0.6,3.1,3.7,0.2,13,3,23.1,0.71,0.16,0.0,0.0,0.05,681,895,76.1,11545,3606,2.4,16,35,24,8,41,1,2,4,53,36,1.96,4,0.22,28,16,16,6,6,53.8,17,45,37,30,0,1057,36,52,14,46.7,571,39,16,16,14,672,140,1,0,0,19,0,0,0,0,66,3,17.6
Dani Carvajal,es ESP,DF,Real Madrid,es La Liga,32.0,1992.0,8,7,609,6.8,1,0,1,1,0,0,1.3,1.3,0.2,1.5,0.22,3,1,33.3,0.44,0.15,0.33,1.0,0.44,399,463,86.2,6523,1419,0.3,5,20,5,0,14,0,0,0,27,12,1.77,2,0.3,12,8,7,3,2,75.0,10,22,19,9,1,532,26,12,2,40.0,278,13,0,8,6,376,48,1,0,0,3,0,0,0,0,21,7,58.3
Fabio Carvalho,pt POR,"FW,MF",Brentford,eng Premier League,21.0,2002.0,19,3,455,5.1,2,1,3,2,0,0,2.5,2.5,0.7,3.2,0.62,12,5,41.7,2.37,0.99,0.17,0.4,0.21,126,178,70.8,1755,442,0.6,4,11,5,1,10,7,2,0,17,10,1.97,1,0.2,13,9,4,4,5,46.2,3,16,2,7,0,247,4,22,2,14.3,137,9,0,13,8,145,23,1,0,0,5,0,0,0,0,30,2,25.0
William Carvalho,pt POR,MF,Betis,es La Liga,32.0,1992.0,14,6,484,5.4,0,0,0,0,0,0,0.2,0.2,0.2,0.5,0.09,4,1,25.0,0.74,0.19,0.0,0.0,0.06,343,395,86.8,5141,1591,0.7,6,44,4,0,2,0,0,4,45,14,2.6,0,0.0,9,6,3,6,0,66.7,3,12,6,8,0,432,11,6,3,60.0,294,5,0,6,6,342,10,1,0,0,7,0,0,0,0,29,6,54.5
Cesare Casadei,it ITA,MF,Torino,it Serie A,21.0,2003.0,15,13,1017,11.3,1,1,2,1,0,0,1.2,1.2,0.4,1.5,0.14,14,7,50.0,1.24,0.62,0.07,0.14,0.08,323,406,79.6,5338,1082,0.4,7,35,6,1,2,0,0,3,36,19,1.68,2,0.18,12,5,4,8,0,50.0,5,17,26,5,0,508,30,22,7,70.0,259,14,0,20,9,352,12,1,0,0,16,1,0,1,0,41,64,71.9
Marc Casado,es ESP,MF,Barcelona,es La Liga,20.0,2003.0,23,20,1611,17.9,1,3,4,1,0,0,1.1,1.1,1.4,2.4,0.13,14,1,7.1,0.78,0.06,0.07,1.0,0.08,1221,1367,89.3,18725,4279,1.8,9,138,6,0,9,0,4,7,107,45,2.51,6,0.34,44,25,7,30,7,48.8,22,66,22,17,1,1536,25,9,4,44.4,870,12,0,17,9,1172,24,4,1,1,26,2,0,0,0,90,8,25.8
Nicolò Casale,it ITA,DF,Bologna,it Serie A,26.0,1998.0,15,9,900,10.0,0,1,1,0,0,0,0.5,0.5,0.5,0.9,0.09,4,1,25.0,0.4,0.1,0.0,0.0,0.12,448,512,87.5,8803,3003,0.5,3,22,2,0,0,0,3,4,29,12,1.2,2,0.2,11,5,4,6,1,50.0,17,28,43,7,3,615,62,9,3,100.0,328,3,0,9,1,353,2,1,0,0,23,0,0,0,1,43,32,58.2
Nicolò Casale,it ITA,DF,Lazio,it Serie A,26.0,1998.0,2,2,135,1.5,0,0,0,0,0,0,0.0,0.0,0.0,0.0,0.03,1,1,100.0,0.67,0.67,0.0,0.0,0.04,100,110,90.9,2040,595,0.0,0,12,0,0,0,0,0,0,6,0,0.0,0,0.0,5,3,4,1,0,,1,6,2,0,0,124,9,2,0,,83,0,1,1,0,99,0,0,0,0,2,0,0,0,0,1,6,100.0
Casemiro,br BRA,MF,Manchester Utd,eng Premier League,32.0,1992.0,24,18,1494,16.6,1,0,1,1,0,0,1.9,1.9,2.3,4.2,0.25,32,10,31.3,1.93,0.6,0.03,0.1,0.06,780,990,78.8,13010,4069,2.0,22,81,23,6,20,0,9,9,84,53,3.19,4,0.24,83,50,50,23,10,60.8,14,97,51,22,3,1250,75,43,3,50.0,660,4,0,12,10,800,28,5,0,0,20,0,0,0,0,103,36,65.5
Kaelan Casey,eng ENG,DF,West Ham,eng Premier League,19.0,2004.0,1,0,1,0.0,0,0,0,0,0,0,0.0,0.0,0.0,0.0,0.0,0,0,,0.0,0.0,,,,0,0,,0,0,0.0,0,0,0,0,0,0,0,0,0,0,0.0,0,0.0,0,0,0,0,0,,0,0,1,0,0,1,1,0,0,,0,0,0,0,0,0,0,0,0,0,0,0,0,0,0,0,1,100.0
Matty Cash,pl POL,DF,Aston Villa,eng Premier League,26.0,1997.0,27,24,2070,23.0,1,1,2,1,0,0,0.5,0.5,1.1,1.6,0.07,13,6,46.2,0.57,0.26,0.08,0.17,0.04,732,945,77.5,12171,3259,1.3,10,39,10,5,40,0,0,1,42,25,1.09,4,0.17,56,32,29,21,6,72.1,23,79,70,21,2,1186,90,42,19,47.5,595,48,4,20,10,654,90,7,0,0,27,0,0,2,0,81,20,50.0
Eiran Cashin,ie IRL,DF,Brighton,eng Premier League,22.0,2001.0,2,0,20,0.2,0,0,0,0,0,0,0.0,0.0,0.0,0.0,0.0,0,0,,0.0,0.0,,,,23,28,82.1,407,196,0.0,0,5,0,0,1,0,0,0,6,1,4.5,0,0.0,0,0,0,0,0,0.0,0,0,2,0,0,32,2,0,0,0.0,21,0,0,0,0,25,1,0,0,0,0,0,0,0,0,1,2,66.7
Josué Casimir,fr FRA,"FW,MF",Le Havre,fr Ligue 1,22.0,2001.0,27,23,1997,22.2,4,4,8,4,0,0,3.3,3.3,3.4,6.7,0.3,27,9,33.3,1.22,0.41,0.15,0.44,0.12,410,597,68.7,6606,1453,2.2,26,22,13,7,85,5,2,3,41,60,2.7,8,0.36,37,26,15,15,7,50.0,7,44,35,25,1,814,23,76,22,45.8,465,71,28,47,30,526,151,5,0,0,28,9,3,0,0,83,9,28.1
Federico Cassa,it ITA,"MF,FW",Atalanta,it Serie A,18.0,2006.0,2,0,14,0.2,0,0,0,0,0,0,0.0,0.0,0.0,0.0,0.0,0,0,,0.0,0.0,,,,5,6,83.3,54,9,0.0,0,0,0,0,0,0,0,0,1,1,6.43,0,0.0,0,0,0,0,0,,0,0,0,0,0,9,0,0,0,0.0,9,1,1,0,0,8,2,0,0,0,2,1,1,0,0,1,0,
Cristian Cásseres Jr.,ve VEN,MF,Toulouse,fr Ligue 1,24.0,2000.0,32,31,2696,30.0,1,3,4,1,0,0,1.0,1.0,2.6,3.6,0.12,17,5,29.4,0.57,0.17,0.06,0.2,0.06,1120,1421,78.8,19695,5429,3.6,27,89,23,7,80,46,5,9,128,77,2.57,5,0.17,96,61,41,43,12,52.3,42,138,36,26,1,1727,75,18,22,57.9,873,31,4,39,12,1009,46,11,0,0,53,5,0,0,0,172,24,58.5
Timothy Castagne,be BEL,DF,Fulham,eng Premier League,28.0,1995.0,24,17,1649,18.3,0,1,1,0,0,0,0.4,0.4,1.2,1.6,0.09,8,3,37.5,0.44,0.16,0.0,0.0,0.05,780,953,81.8,12441,3910,0.6,9,51,5,3,37,0,0,1,62,25,1.36,3,0.16,46,29,28,15,3,57.8,22,68,83,26,0,1164,92,32,5,41.7,547,17,2,15,5,665,67,1,0,0,15,1,0,1,0,57,34,49.3
Valentín Castellanos,ar ARG,FW,Lazio,it Serie A,25.0,1998.0,29,28,2384,26.5,10,3,13,8,2,3,13.4,11.3,3.6,14.9,0.64,105,36,34.3,3.96,1.36,0.08,0.22,0.11,366,541,67.7,5170,1247,2.6,26,48,14,2,25,0,9,1,66,73,2.76,14,0.53,13,6,2,4,7,10.0,6,19,25,20,0,835,20,155,16,43.2,423,27,15,55,29,618,149,9,1,0,38,5,1,0,0,51,68,53.1
Jean-Charles Castelletto,cm CMR,"DF,MF",Nantes,fr Ligue 1,29.0,1995.0,30,30,2620,29.1,0,0,0,0,0,0,1.8,1.8,0.1,1.9,0.06,17,5,29.4,0.58,0.17,0.0,0.0,0.13,1233,1391,88.6,21696,7885,0.4,2,80,5,1,9,0,0,4,87,20,0.69,2,0.07,34,17,17,15,2,63.0,25,59,151,8,0,1682,183,21,3,100.0,948,21,2,16,4,1116,19,5,1,0,34,1,0,3,1,91,51,65.4
Santiago Castro,ar ARG,FW,Bologna,it Serie A,19.0,2004.0,36,27,2294,25.5,8,4,12,8,0,1,7.7,6.9,2.9,9.8,0.41,62,20,32.3,2.43,0.78,0.13,0.4,0.11,354,461,76.8,6386,993,1.5,28,23,8,0,8,0,5,9,39,69,2.71,11,0.43,18,10,4,9,5,35.3,3,21,20,10,0,722,23,101,18,41.9,428,17,8,70,64,519,136,7,0,0,49,8,0,0,1,69,37,35.2
Gaetano Castrovilli,it ITA,MF,Monza,it Serie A,27.0,1997.0,12,7,596,6.6,0,0,0,0,0,0,0.3,0.3,0.4,0.7,0.11,6,0,0.0,0.91,0.0,0.0,,0.05,188,238,79.0,2902,828,0.6,7,12,5,0,14,6,1,1,24,15,2.27,2,0.3,12,7,10,2,0,36.4,2,14,9,8,0,305,15,10,5,45.5,187,10,0,9,9,192,28,0,0,0,8,0,0,0,0,27,1,14.3
Gaetano Castrovilli,it ITA,"MF,FW",Lazio,it Serie A,27.0,1997.0,9,1,148,1.6,0,0,0,0,0,0,0.1,0.1,0.7,0.8,0.49,2,0,0.0,1.22,0.0,0.0,,0.04,66,78,84.6,1057,235,0.0,2,7,0,0,0,0,1,2,10,3,1.84,0,0.0,5,2,3,1,1,50.0,3,8,1,3,0,99,2,6,1,50.0,58,5,1,2,4,68,6,0,0,0,4,0,0,0,0,8,0,
Danilo Cataldi,it ITA,MF,Fiorentina,it Serie A,29.0,1994.0,24,22,1712,19.0,3,0,3,3,0,0,1.1,1.1,0.8,1.9,0.1,13,5,38.5,0.68,0.26,0.23,0.6,0.09,845,1000,84.5,14213,4507,0.8,15,83,10,3,21,9,2,3,90,32,1.68,1,0.05,25,16,13,10,2,51.9,22,47,35,11,0,1147,55,7,3,30.0,657,18,1,13,7,764,16,1,0,0,15,1,0,0,0,114,6,54.5
Catena,es ESP,DF,Osasuna,es La Liga,29.0,1994.0,35,35,3074,34.2,1,3,4,1,0,0,2.2,2.2,2.3,4.5,0.13,20,5,25.0,0.59,0.15,0.05,0.2,0.11,1274,1521,83.8,27748,11023,1.9,10,68,5,1,2,0,1,18,89,29,0.85,6,0.18,46,28,34,10,2,61.4,35,81,221,7,2,1905,287,40,8,72.7,984,9,0,11,1,1101,4,11,0,0,36,2,1,1,0,108,67,65.7
Maximiliano Caufriez,be BEL,DF,Valencia,es La Liga,27.0,1997.0,1,1,90,1.0,0,0,0,0,0,0,0.0,0.0,0.0,0.0,0.0,0,0,,0.0,0.0,,,,11,14,78.6,219,77,0.0,0,0,0,0,0,0,0,0,1,0,0.0,0,0.0,1,1,1,0,0,100.0,1,2,4,0,0,23,6,0,0,,8,0,0,0,0,10,0,0,0,0,3,0,0,1,0,1,2,28.6
Enzo Caumont,fr FRA,MF,Angers,fr Ligue 1,20.0,2004.0,2,0,34,0.4,0,0,0,0,0,0,0.0,0.0,0.0,0.0,0.0,0,0,,0.0,0.0,,,,13,14,92.9,239,67,0.0,0,1,1,0,0,0,0,0,1,0,0.0,0,0.0,1,1,0,1,0,50.0,1,2,1,0,0,20,2,0,0,,10,0,0,0,0,13,0,1,0,0,1,0,0,0,0,2,1,50.0
Dani Ceballos,es ESP,MF,Real Madrid,es La Liga,27.0,1996.0,23,15,1215,13.5,0,0,0,0,0,0,0.4,0.4,1.6,2.0,0.15,7,2,28.6,0.52,0.15,0.0,0.0,0.05,1284,1361,94.3,20805,5972,2.0,22,156,10,0,14,7,4,7,150,57,4.22,5,0.37,41,21,17,18,6,50.0,14,55,10,13,2,1473,35,9,8,53.3,999,42,2,11,7,1206,17,4,0,0,13,1,0,0,0,87,2,66.7
Abdoulie Ceesay,gm GAM,FW,St. Pauli,de Bundesliga,20.0,2004.0,7,0,60,0.7,0,0,0,0,0,0,0.0,0.0,0.0,0.0,0.03,0,0,,0.0,0.0,,,,8,14,57.1,70,2,0.0,1,0,0,0,0,0,1,0,0,1,1.48,0,0.0,3,3,1,1,1,66.7,0,3,1,0,0,26,0,2,0,,12,0,0,4,3,18,8,1,0,0,2,0,0,0,0,4,0,0.0
Zeki Çelik,tr TUR,DF,Roma,it Serie A,27.0,1997.0,31,27,2256,25.1,0,2,2,0,0,0,0.6,0.6,1.6,2.2,0.09,13,4,30.8,0.52,0.16,0.0,0.0,0.04,1121,1364,82.2,18553,6491,1.0,19,110,15,9,42,0,0,5,106,38,1.51,4,0.16,62,37,21,31,10,53.5,15,77,84,32,3,1627,98,40,8,57.1,836,28,1,20,8,1011,93,5,0,0,31,0,0,1,0,75,30,53.6
Fabien Centonze,fr FRA,DF,Nantes,fr Ligue 1,28.0,1996.0,7,3,265,2.9,0,0,0,0,0,0,0.0,0.0,0.2,0.2,0.05,0,0,,0.0,0.0,,,,111,142,78.2,1663,612,0.3,3,3,7,4,11,0,0,1,15,8,2.72,0,0.0,8,4,5,2,1,66.7,2,10,17,3,0,184,14,4,2,28.6,90,10,0,4,2,105,31,0,0,0,2,1,0,0,1,8,6,60.0
Alberto Cerri,it ITA,FW,Como,it Serie A,28.0,1996.0,5,0,87,1.0,0,0,0,0,0,0,1.0,1.0,0.0,1.0,1.05,4,1,25.0,4.14,1.03,0.0,0.0,0.25,15,23,65.2,184,7,0.1,0,0,0,0,0,0,0,0,0,1,1.03,0,0.0,0,0,0,0,0,,0,0,1,0,0,36,1,9,0,,20,0,1,2,3,29,11,0,0,0,3,0,0,0,0,3,4,50.0
Franco Cervi,ar ARG,"FW,MF",Celta Vigo,es La Liga,30.0,1994.0,7,4,273,3.0,0,0,0,0,0,0,0.0,0.0,0.3,0.3,0.11,0,0,,0.0,0.0,,,,91,132,68.9,1667,587,0.3,5,12,2,0,6,2,2,0,14,5,1.65,0,0.0,8,3,2,6,0,37.5,8,16,7,7,0,160,4,1,1,50.0,82,3,0,3,2,95,21,1,0,0,4,0,0,0,0,12,4,40.0
Julian Chabot,de GER,DF,Stuttgart,de Bundesliga,26.0,1998.0,31,27,2269,25.2,3,1,4,3,0,0,2.0,1.8,0.5,2.4,0.1,19,3,15.8,0.75,0.12,0.16,1.0,0.1,1749,1946,89.9,30560,11888,0.8,6,133,5,0,2,0,0,15,108,24,0.95,2,0.08,37,24,19,15,3,46.9,38,75,135,6,0,2239,269,31,3,60.0,1354,7,2,13,3,1535,5,11,1,1,35,0,0,0,0,98,78,65.0
El Chadaille Bitshiabu,fr FRA,DF,RB Leipzig,de Bundesliga,19.0,2005.0,21,13,1130,12.6,0,0,0,0,0,0,0.3,0.3,0.4,0.7,0.05,5,3,60.0,0.4,0.24,0.0,0.0,0.06,731,866,84.4,13891,6501,0.6,5,69,4,0,4,0,1,4,69,14,1.11,1,0.08,27,18,17,9,1,52.6,13,40,97,7,2,1058,149,12,2,66.7,516,4,1,11,1,674,2,2,1,0,8,0,0,0,0,55,22,55.0
Fares Chaïbi,dz ALG,"MF,FW",Eint Frankfurt,de Bundesliga,21.0,2002.0,26,10,1013,11.3,1,3,4,1,0,0,2.6,2.6,2.9,5.5,0.49,25,6,24.0,2.22,0.53,0.04,0.17,0.1,304,462,65.8,5146,1801,2.9,24,31,18,6,72,38,4,4,52,50,4.43,7,0.62,13,9,4,5,4,35.0,10,23,32,12,1,588,30,34,7,58.3,288,20,4,19,7,361,73,2,0,0,5,1,0,0,0,30,16,43.2
Trevoh Chalobah,eng ENG,DF,Crystal Palace,eng Premier League,25.0,1999.0,12,12,1060,11.8,3,0,3,3,0,0,1.2,1.2,0.4,1.6,0.14,11,4,36.4,0.93,0.34,0.27,0.75,0.11,349,442,79.0,6831,2195,0.3,4,27,2,1,7,0,1,2,34,11,0.93,0,0.0,20,16,7,12,1,52.2,19,39,57,7,3,594,66,14,6,60.0,278,11,1,4,7,317,6,1,0,0,10,0,0,0,0,56,22,53.7
Trevoh Chalobah,eng ENG,DF,Chelsea,eng Premier League,25.0,1999.0,13,11,910,10.1,0,1,1,0,0,0,0.8,0.8,1.2,2.0,0.19,7,2,28.6,0.69,0.2,0.0,0.0,0.11,609,677,90.0,10527,3326,0.3,3,42,3,0,3,0,1,2,37,13,1.29,3,0.3,11,7,5,6,0,87.5,10,21,48,3,1,774,73,12,2,40.0,426,4,1,3,2,574,2,2,0,0,9,0,0,0,0,29,23,65.7
Timothy Chandler,us USA,DF,Eint Frankfurt,de Bundesliga,34.0,1990.0,3,0,24,0.3,0,0,0,0,0,0,0.0,0.0,0.0,0.0,0.0,0,0,,0.0,0.0,,,,17,24,70.8,313,132,0.0,0,2,0,0,1,0,0,0,3,1,3.75,0,0.0,0,0,0,0,0,,3,3,2,1,0,31,1,1,0,0.0,16,1,0,1,0,21,4,0,0,0,0,0,0,0,0,1,4,80.0
Conor Chaplin,eng ENG,"MF,FW",Ipswich Town,eng Premier League,27.0,1997.0,22,10,857,9.5,1,1,2,1,0,0,1.5,1.5,0.7,2.2,0.23,16,3,18.8,1.68,0.32,0.06,0.33,0.09,235,319,73.7,3800,927,0.6,8,21,7,2,9,0,10,1,29,22,2.32,1,0.11,15,5,6,6,3,42.9,4,19,3,5,0,390,7,18,4,50.0,179,13,0,12,5,264,23,2,0,0,11,0,0,0,0,27,3,25.0
Brendan Chardonnet,fr FRA,DF,Brest,fr Ligue 1,29.0,1994.0,27,27,2416,26.8,1,0,1,1,0,0,0.8,0.8,1.2,2.0,0.07,14,1,7.1,0.52,0.04,0.07,1.0,0.06,993,1210,82.1,20771,7790,1.1,8,67,3,1,3,0,2,14,51,24,0.89,4,0.15,45,33,28,14,3,62.5,29,74,169,7,2,1521,219,25,0,,810,7,1,7,0,948,5,6,0,0,36,1,0,0,1,91,58,60.4
Gabriel Charpentier,cg CGO,FW,Parma,it Serie A,25.0,1999.0,10,0,271,3.0,1,2,3,1,0,0,1.3,1.3,0.9,2.3,0.75,9,4,44.4,2.99,1.33,0.11,0.25,0.15,33,55,60.0,508,188,0.3,7,3,2,0,2,0,1,0,7,11,3.64,3,0.99,4,3,2,1,1,75.0,0,4,9,4,0,111,7,12,2,33.3,55,6,2,16,4,64,16,1,0,0,13,2,1,0,0,12,9,39.1
Raúl Chasco,es ESP,DF,Valladolid,es La Liga,20.0,2003.0,2,1,130,1.4,0,0,0,0,0,0,0.0,0.0,0.0,0.0,0.02,0,0,,0.0,0.0,,,,35,58,60.3,730,329,0.1,1,5,1,0,3,0,1,1,3,2,1.38,1,0.69,4,1,3,1,0,50.0,2,6,2,2,0,74,2,0,0,0.0,28,1,0,3,1,28,2,0,0,0,3,0,0,0,0,2,0,
Anrie Chase,jp JPN,DF,Stuttgart,de Bundesliga,20.0,2004.0,12,7,734,8.2,0,0,0,0,0,0,0.1,0.1,0.0,0.1,0.02,5,0,0.0,0.61,0.0,0.0,,0.03,497,541,91.9,8794,2536,0.5,0,28,2,1,3,0,0,5,28,8,0.98,0,0.0,10,4,6,4,0,71.4,9,19,35,1,0,622,65,4,2,40.0,334,6,0,4,1,453,2,1,0,0,12,0,0,1,0,21,17,58.6
Pep Chavarría,es ESP,"DF,FW",Rayo Vallecano,es La Liga,26.0,1998.0,34,28,2585,28.7,0,1,1,0,0,0,1.2,1.2,1.9,3.1,0.11,11,3,27.3,0.38,0.1,0.0,0.0,0.11,1244,1561,79.7,19853,6873,1.9,24,75,27,10,79,0,0,9,114,61,2.12,2,0.07,46,36,30,14,2,62.2,30,76,108,39,1,1884,93,31,10,31.3,887,59,6,39,6,1053,133,3,0,0,31,2,0,1,0,114,23,43.4
Arthur Chaves,br BRA,DF,Hoffenheim,de Bundesliga,23.0,2001.0,26,24,2185,24.3,1,0,1,1,0,0,0.8,0.8,0.1,0.9,0.04,10,2,20.0,0.41,0.08,0.1,0.5,0.08,966,1177,82.1,16519,5535,0.4,5,66,1,0,8,0,0,4,57,23,0.95,1,0.04,51,36,28,19,4,50.0,37,88,136,22,3,1513,174,22,3,30.0,740,10,0,11,11,919,13,8,0,0,38,1,0,0,0,93,67,51.9
Jhoanner Chávez,ec ECU,"DF,MF",Lens,fr Ligue 1,22.0,2002.0,10,7,596,6.6,1,0,1,1,0,0,0.3,0.3,0.7,1.0,0.15,5,3,60.0,0.76,0.45,0.2,0.33,0.06,230,308,74.7,3617,1446,1.3,9,10,8,5,30,19,0,0,9,15,2.27,0,0.0,9,5,4,4,1,28.6,6,15,13,3,0,373,21,15,3,50.0,179,14,3,11,8,208,36,1,0,0,10,0,0,1,0,25,7,58.3
Walid Cheddira,ma MAR,FW,Napoli,it Serie A,26.0,1998.0,1,0,12,0.1,0,0,0,0,0,0,0.0,0.0,0.0,0.0,0.2,0,0,,0.0,0.0,,,,2,3,66.7,28,14,0.0,1,1,0,0,0,0,0,0,1,1,7.5,0,0.0,0,0,0,0,0,,0,0,0,0,0,3,0,0,0,,1,0,0,0,0,2,1,0,0,0,0,0,0,0,0,0,0,0.0
Walid Cheddira,ma MAR,FW,Espanyol,es La Liga,26.0,1998.0,22,5,640,7.1,1,1,2,1,0,0,1.0,1.0,1.2,2.2,0.31,13,4,30.8,1.83,0.56,0.08,0.25,0.08,73,103,70.9,1001,248,0.5,6,3,1,0,2,0,0,0,12,20,2.81,5,0.7,5,0,1,1,3,0.0,1,6,6,3,0,203,5,33,4,20.0,108,8,8,25,9,141,34,3,0,0,30,4,1,0,0,19,15,37.5
Chema,es ESP,MF,Real Madrid,es La Liga,19.0,2005.0,2,0,12,0.1,0,0,0,0,0,0,0.0,0.0,0.0,0.0,0.0,0,0,,0.0,0.0,,,,1,1,100.0,16,0,0.0,0,0,0,0,0,0,0,0,0,0,0.0,0,0.0,0,0,0,0,0,,0,0,1,0,0,3,0,0,0,,0,0,0,1,0,0,0,0,0,0,1,0,0,0,0,0,1,50.0
Théo Chennahi,fr FRA,DF,Montpellier,fr Ligue 1,19.0,2005.0,4,2,181,2.0,0,0,0,0,0,0,0.2,0.2,0.0,0.2,0.09,2,0,0.0,0.99,0.0,0.0,,0.08,57,66,86.4,782,227,0.0,1,2,0,0,2,0,0,0,0,1,0.5,0,0.0,6,3,3,3,0,57.1,2,8,6,0,0,91,8,1,0,0.0,31,1,0,1,1,43,3,2,0,0,3,0,0,0,0,11,1,33.3
Sidiki Cherif,fr FRA,FW,Angers,fr Ligue 1,17.0,2006.0,7,3,324,3.6,0,0,0,0,0,0,0.7,0.7,0.2,0.9,0.25,5,2,40.0,1.39,0.56,0.0,0.0,0.15,33,62,53.2,469,79,0.2,2,3,1,1,4,0,3,0,3,4,1.11,0,0.0,5,5,1,3,1,75.0,0,5,0,5,1,107,1,12,3,25.0,71,8,3,11,9,78,16,0,0,0,4,0,0,0,0,10,3,15.8
Rayan Cherki,fr FRA,"FW,MF",Lyon,fr Ligue 1,20.0,2003.0,30,22,2041,22.7,8,11,19,8,0,0,5.0,5.0,11.1,16.1,0.71,45,19,42.2,1.98,0.84,0.18,0.42,0.11,1079,1375,78.5,17006,5140,11.7,75,97,77,3,118,98,22,15,206,146,6.44,20,0.88,15,12,3,8,4,21.4,7,22,6,32,0,1573,6,132,48,49.5,1021,106,41,48,43,1234,184,3,0,0,16,4,0,0,0,83,4,33.3
Youssef Chermiti,pt POR,"FW,MF",Everton,eng Premier League,20.0,2004.0,4,0,45,0.5,0,0,0,0,0,0,0.1,0.1,0.0,0.1,0.22,3,1,33.3,6.0,2.0,0.0,0.0,0.04,6,11,54.5,78,14,0.0,0,1,0,0,1,0,0,0,1,0,0.0,0,0.0,0,0,0,0,0,0.0,0,0,0,0,0,15,0,3,1,100.0,7,0,0,0,1,13,6,1,0,0,1,0,0,0,0,0,2,66.7
Fabio Chiarodia,it ITA,DF,Gladbach,de Bundesliga,19.0,2005.0,16,3,379,4.2,1,0,1,1,0,0,0.3,0.3,0.4,0.7,0.17,4,1,25.0,0.95,0.24,0.25,1.0,0.07,173,206,84.0,2824,899,0.4,1,9,1,0,0,0,1,1,10,2,0.47,0,0.0,10,4,6,4,0,66.7,9,19,53,2,1,298,71,5,0,,130,1,0,1,0,151,1,0,0,0,7,0,0,0,0,9,7,77.8
Julián Chicco,ar ARG,"MF,DF",Leganés,es La Liga,26.0,1998.0,14,2,302,3.4,0,1,1,0,0,0,0.5,0.5,0.2,0.6,0.19,3,1,33.3,0.89,0.3,0.0,0.0,0.16,113,143,79.0,1884,630,0.3,2,10,2,0,3,0,0,1,16,5,1.49,1,0.3,11,7,3,6,2,62.5,4,15,10,1,0,196,11,3,2,50.0,92,8,0,12,5,111,7,0,0,0,1,0,0,0,0,12,1,9.1
Federico Chiesa,it ITA,FW,Liverpool,eng Premier League,26.0,1997.0,6,1,108,1.2,0,0,0,0,0,0,0.3,0.3,0.2,0.5,0.43,5,2,40.0,4.17,1.67,0.0,0.0,0.07,27,31,87.1,373,131,0.2,2,4,1,0,2,0,0,0,3,6,5.0,1,0.83,1,0,0,1,0,0.0,0,1,1,1,1,46,2,4,0,0.0,31,3,1,3,4,33,7,0,0,0,3,0,0,0,0,6,0,0.0
Ben Chilwell,eng ENG,DF,Crystal Palace,eng Premier League,27.0,1996.0,8,1,259,2.9,1,0,1,1,0,0,0.2,0.2,0.8,1.0,0.34,5,3,60.0,1.74,1.04,0.2,0.33,0.05,92,125,73.6,1512,497,0.9,5,7,3,0,7,0,1,0,8,8,2.77,0,0.0,7,6,4,3,0,20.0,6,13,16,4,0,175,10,3,2,33.3,68,5,1,4,2,68,15,1,0,0,2,0,0,0,0,20,3,42.9
Chiquinho,pt POR,MF,Wolves,eng Premier League,24.0,2000.0,1,0,7,0.1,0,0,0,0,0,0,0.0,0.0,0.0,0.0,0.42,0,0,,0.0,0.0,,,,3,3,100.0,71,22,0.0,1,0,1,1,1,0,0,0,0,2,25.71,0,0.0,0,0,0,0,0,,0,0,0,0,0,3,0,1,0,,1,0,0,0,0,2,0,0,0,0,1,0,0,0,0,1,0,
Chiquinho,pt POR,"MF,FW",Mallorca,es La Liga,24.0,2000.0,8,1,146,1.6,0,0,0,0,0,0,0.3,0.3,0.0,0.3,0.21,4,2,50.0,2.47,1.23,0.0,0.0,0.08,22,34,64.7,299,87,0.1,2,0,0,0,9,4,1,0,1,7,4.29,1,0.61,1,0,0,1,0,0.0,2,3,0,1,0,76,0,9,5,38.5,43,4,1,17,8,49,12,2,0,0,6,1,0,0,0,10,0,0.0
Pedro Chirivella,es ESP,MF,Nantes,fr Ligue 1,27.0,1997.0,30,28,2348,26.1,0,2,2,0,0,0,0.5,0.5,1.8,2.2,0.09,8,2,25.0,0.31,0.08,0.0,0.0,0.06,1336,1570,85.1,24242,7844,2.1,19,169,24,4,19,7,4,14,170,55,2.11,6,0.23,44,29,23,16,5,45.2,19,63,45,16,0,1740,48,3,3,42.9,946,16,1,15,7,1244,25,6,0,0,25,0,0,0,0,116,10,41.7
Joris Chotard,fr FRA,MF,Montpellier,fr Ligue 1,22.0,2001.0,26,23,1892,21.0,1,0,1,1,0,0,1.3,1.3,0.5,1.7,0.09,19,3,15.8,0.9,0.14,0.05,0.33,0.07,672,822,81.8,12368,3796,1.0,7,80,11,4,30,1,5,14,80,24,1.2,0,0.0,39,27,17,20,2,43.5,19,58,52,14,1,1012,79,9,8,50.0,489,20,0,15,11,579,35,5,0,0,16,0,0,1,0,90,16,59.3
Hamza Choudhury,bd BAN,"MF,DF",Leicester City,eng Premier League,26.0,1997.0,4,1,131,1.5,0,0,0,0,0,0,0.0,0.0,0.4,0.4,0.27,0,0,,0.0,0.0,,,,72,84,85.7,991,249,0.2,2,10,1,1,5,0,0,0,3,3,2.05,0,0.0,1,1,1,0,0,33.3,5,6,2,1,0,100,4,3,3,75.0,63,4,2,1,0,71,6,0,0,0,1,0,0,0,0,2,0,
Andreas Christensen,dk DEN,DF,Barcelona,es La Liga,28.0,1996.0,5,2,254,2.8,0,0,0,0,0,0,0.0,0.0,0.0,0.1,0.02,1,0,0.0,0.35,0.0,0.0,,0.02,202,220,91.8,3226,1247,0.1,1,23,0,0,0,0,0,0,15,1,0.35,0,0.0,6,4,4,1,1,100.0,4,10,9,2,0,246,14,1,0,,163,1,0,1,0,181,1,3,0,0,5,0,0,0,0,14,11,78.6
Ryan Christie,sct SCO,MF,Bournemouth,eng Premier League,29.0,1995.0,29,27,2117,23.5,2,3,5,2,0,0,1.8,1.8,3.5,5.4,0.23,33,12,36.4,1.4,0.51,0.06,0.17,0.06,837,1056,79.3,14882,4269,3.0,41,118,33,5,48,26,8,9,137,85,3.62,9,0.38,54,33,19,27,8,42.2,30,84,51,19,3,1376,74,46,23,47.9,726,34,8,44,25,777,44,9,0,0,43,2,0,0,0,182,20,41.7
Carney Chukwuemeka,eng ENG,MF,Dortmund,de Bundesliga,20.0,2003.0,10,1,253,2.8,1,0,1,1,0,0,0.6,0.6,0.9,1.5,0.54,8,2,25.0,2.85,0.71,0.13,0.5,0.08,96,122,78.7,1067,309,1.8,7,8,6,0,1,1,3,0,18,20,7.11,4,1.42,7,5,3,2,2,100.0,1,8,1,5,0,169,1,22,7,53.8,107,15,9,11,7,119,24,1,0,0,4,0,0,0,0,12,6,42.9
Samuel Chukwueze,ng NGA,"FW,MF",Milan,it Serie A,25.0,1999.0,26,9,925,10.3,3,2,5,3,0,0,2.7,2.7,3.0,5.7,0.56,32,8,25.0,3.11,0.78,0.09,0.38,0.08,320,422,75.8,5644,1164,2.4,27,18,21,5,50,17,4,6,36,49,4.77,2,0.19,17,11,7,6,4,26.3,2,19,9,9,0,556,8,54,26,55.3,369,48,20,23,11,406,116,0,0,0,3,1,0,0,0,38,6,37.5
Aaron Ciammaglichella,it ITA,MF,Torino,it Serie A,19.0,2005.0,1,0,1,0.0,0,0,0,0,0,0,0.0,0.0,0.0,0.0,0.0,0,0,,0.0,0.0,,,,0,0,,0,0,0.0,0,0,0,0,0,0,0,0,0,0,0.0,0,0.0,0,0,0,0,0,,0,0,0,0,0,0,0,0,0,,0,0,0,0,0,0,0,0,0,0,0,0,0,0,0,0,0,
Alessandro Circati,au AUS,DF,Parma,it Serie A,20.0,2003.0,6,6,540,6.0,0,0,0,0,0,0,0.3,0.3,0.0,0.3,0.06,2,0,0.0,0.33,0.0,0.0,,0.16,197,229,86.0,3773,1058,0.0,1,6,0,0,0,0,0,0,10,3,0.5,0,0.0,7,5,6,1,0,50.0,3,10,42,1,1,301,69,3,0,,123,1,0,4,2,158,0,1,0,0,4,0,0,0,0,11,17,81.0
Pathé Ciss,sn SEN,"MF,DF",Rayo Vallecano,es La Liga,30.0,1994.0,33,25,2140,23.8,4,1,5,4,0,0,1.8,1.7,1.1,2.8,0.12,21,6,28.6,0.88,0.25,0.19,0.67,0.09,999,1179,84.7,17666,5785,0.8,16,102,8,0,4,0,5,8,128,47,1.98,2,0.08,49,24,26,22,1,48.8,40,89,61,14,3,1449,106,18,14,60.9,749,19,1,16,20,877,12,12,0,0,45,2,0,2,0,148,48,61.5
Alphadjo Cissè,it ITA,"FW,MF",Hellas Verona,it Serie A,17.0,2006.0,2,0,9,0.1,0,0,0,0,0,0,0.0,0.0,0.0,0.0,0.46,2,2,100.0,20.0,20.0,0.0,0.0,0.02,6,8,75.0,90,18,0.0,0,1,0,0,0,0,0,0,1,1,10.0,0,0.0,0,0,0,0,0,,0,0,0,0,0,11,0,0,0,,6,0,0,0,0,10,0,0,0,0,1,0,0,0,0,0,1,100.0
Djaoui Cissé,fr FRA,MF,Rennes,fr Ligue 1,20.0,2004.0,14,14,1121,12.5,1,0,1,1,0,0,0.4,0.4,0.2,0.7,0.05,15,7,46.7,1.2,0.56,0.07,0.14,0.03,547,625,87.5,10406,2824,0.8,6,66,11,0,3,0,1,14,84,27,2.17,1,0.08,33,18,12,15,6,61.5,13,46,11,16,1,755,22,3,13,72.2,447,16,0,14,13,537,14,4,0,0,25,1,0,0,0,78,4,23.5
Seydouba Cissé,gn GUI,MF,Leganés,es La Liga,23.0,2001.0,34,31,2435,27.1,3,1,4,3,0,0,3.0,3.0,1.0,4.0,0.15,24,5,20.8,0.89,0.18,0.13,0.6,0.13,972,1149,84.6,16137,3288,0.9,17,86,15,1,10,3,2,10,110,47,1.74,5,0.18,59,37,18,27,14,46.0,12,71,45,13,1,1409,47,28,30,66.7,787,26,3,32,33,920,42,3,1,0,39,5,1,1,0,154,25,39.7
Yoann Cissé,fr FRA,MF,Auxerre,fr Ligue 1,19.0,2004.0,2,0,5,0.1,0,0,0,0,0,0,0.0,0.0,0.0,0.0,0.0,0,0,,0.0,0.0,,,,2,6,33.3,9,0,0.0,0,0,0,0,3,2,0,0,0,0,0.0,0,0.0,0,0,0,0,0,,1,1,0,0,0,8,0,0,0,,4,0,0,1,0,4,2,0,0,0,0,0,0,0,0,1,0,
Patrick Ciurria,it ITA,"MF,DF",Monza,it Serie A,29.0,1995.0,21,12,1111,12.3,1,1,2,1,0,0,0.8,0.8,2.3,3.1,0.25,11,2,18.2,0.89,0.16,0.09,0.5,0.08,313,433,72.3,5274,1449,1.6,13,19,8,5,61,25,1,2,27,26,2.11,2,0.16,22,14,11,7,4,36.4,6,28,22,13,0,542,22,17,5,41.7,306,19,3,18,14,327,52,1,0,0,17,0,0,0,0,32,5,25.0
Harry Clarke,eng ENG,DF,Ipswich Town,eng Premier League,23.0,2001.0,7,4,379,4.2,0,0,0,0,0,0,0.1,0.1,0.0,0.1,0.03,1,1,100.0,0.24,0.24,0.0,0.0,0.08,190,236,80.5,3442,1226,0.1,1,21,1,0,5,0,1,0,14,1,0.24,0,0.0,5,3,3,2,0,50.0,4,9,14,4,3,268,18,2,1,50.0,118,5,0,4,2,163,2,3,1,1,5,0,0,1,0,17,10,71.4
Jack Clarke,eng ENG,"FW,MF",Ipswich Town,eng Premier League,23.0,2000.0,32,12,1181,13.1,0,4,4,0,0,0,1.2,1.2,2.3,3.5,0.26,17,2,11.8,1.3,0.15,0.0,0.0,0.07,302,393,76.8,4942,1242,1.2,28,27,9,0,13,7,1,3,44,50,3.81,5,0.38,32,20,11,10,11,50.0,7,39,29,18,2,553,24,38,25,50.0,311,39,12,25,22,338,57,2,0,0,15,0,0,0,0,75,7,28.0
Alexis Claude-Maurice,fr FRA,"MF,FW",Augsburg,de Bundesliga,26.0,1998.0,28,25,2109,23.4,9,2,11,9,0,0,4.7,4.7,1.2,5.9,0.25,59,22,37.3,2.52,0.94,0.15,0.41,0.08,543,655,82.9,8213,1411,1.9,21,38,21,5,21,0,3,3,61,77,3.29,6,0.26,41,26,12,15,14,50.0,15,56,8,16,1,994,13,64,42,46.7,619,59,9,85,50,727,102,4,0,0,26,11,1,0,0,72,14,37.8
Jonathan Clauss,fr FRA,"DF,MF",Nice,fr Ligue 1,31.0,1992.0,28,27,2303,25.6,3,8,11,3,0,0,2.2,2.2,7.7,9.9,0.39,26,8,30.8,1.02,0.31,0.12,0.38,0.09,1006,1399,71.9,16414,6656,6.8,55,70,47,14,190,108,4,3,105,99,3.87,15,0.59,52,35,27,19,6,50.0,48,100,68,36,3,1675,78,68,11,39.3,747,53,9,36,8,899,160,7,0,0,26,2,1,0,0,114,16,59.3
Silvi Clúa,es ESP,MF,Girona,es La Liga,19.0,2005.0,4,2,163,1.8,0,0,0,0,0,0,0.0,0.0,0.0,0.1,0.04,2,1,50.0,1.1,0.55,0.0,0.0,0.02,75,95,78.9,1302,271,0.0,1,3,0,0,0,0,0,0,3,2,1.1,0,0.0,8,7,4,3,1,66.7,2,10,6,2,0,116,8,3,2,50.0,61,4,1,1,0,77,3,0,0,0,5,0,0,0,0,4,6,66.7
Nathaniel Clyne,eng ENG,"DF,MF",Crystal Palace,eng Premier League,33.0,1991.0,13,5,483,5.4,0,0,0,0,0,0,0.0,0.0,0.3,0.3,0.06,2,0,0.0,0.37,0.0,0.0,,0.01,171,225,76.0,3113,1102,0.2,3,16,2,1,7,0,1,1,7,3,0.56,0,0.0,12,8,8,3,1,54.5,3,15,14,8,1,273,18,3,0,0.0,158,6,3,5,2,178,8,1,0,0,2,0,0,0,0,10,1,12.5
Conor Coady,eng ENG,DF,Leicester City,eng Premier League,31.0,1993.0,22,19,1714,19.0,1,0,1,1,0,0,0.4,0.4,0.1,0.5,0.03,2,2,100.0,0.11,0.11,0.5,0.5,0.21,977,1072,91.1,17121,6371,0.5,1,34,2,0,0,0,2,3,32,6,0.32,0,0.0,13,9,6,6,1,50.0,13,26,71,4,2,1210,234,8,1,50.0,789,3,1,4,3,878,0,3,0,0,8,0,0,2,0,62,13,37.1
Marcus Coco,fr FRA,DF,Nantes,fr Ligue 1,28.0,1996.0,20,10,951,10.6,0,1,1,0,0,0,0.1,0.1,1.2,1.3,0.12,2,0,0.0,0.19,0.0,0.0,,0.03,384,483,79.5,6475,2447,1.1,10,31,10,6,28,0,0,0,34,20,1.89,1,0.09,27,21,15,9,3,51.6,11,38,46,6,0,608,47,4,3,30.0,297,12,1,11,6,345,40,3,2,0,30,0,0,0,0,42,17,56.7
Saúl Coco,gq EQG,DF,Torino,it Serie A,25.0,1999.0,32,32,2845,31.6,2,0,2,2,0,0,1.2,1.2,0.0,1.2,0.04,20,5,25.0,0.63,0.16,0.1,0.4,0.06,1350,1529,88.3,24764,7402,0.2,1,74,2,1,2,0,0,12,70,16,0.51,1,0.03,46,26,31,14,1,63.3,38,84,157,12,4,1879,241,17,7,77.8,1135,17,0,13,2,1227,3,10,0,0,53,1,0,0,1,87,62,51.7
Séamus Coleman,ie IRL,DF,Everton,eng Premier League,35.0,1988.0,5,3,215,2.4,0,0,0,0,0,0,0.6,0.6,0.0,0.6,0.24,1,1,100.0,0.42,0.42,0.0,0.0,0.57,74,98,75.5,1299,642,0.0,0,8,2,0,4,0,0,0,11,2,0.84,1,0.42,3,2,2,1,0,75.0,1,4,8,2,0,121,12,3,4,80.0,54,1,0,1,1,68,7,1,0,0,0,0,0,0,0,7,2,66.7
Nathan Collins,ie IRL,DF,Brentford,eng Premier League,23.0,2001.0,38,38,3420,38.0,2,3,5,2,0,0,2.5,2.5,1.8,4.3,0.11,17,6,35.3,0.45,0.16,0.12,0.33,0.15,1705,1985,85.9,32826,10799,1.6,10,111,7,2,8,0,3,6,127,30,0.79,8,0.21,40,24,23,12,5,61.1,34,74,226,8,3,2435,385,69,6,50.0,1289,32,1,20,8,1490,18,5,0,0,29,2,2,0,0,162,117,62.9
Nnamdi Collins,de GER,DF,Eint Frankfurt,de Bundesliga,20.0,2004.0,24,15,1489,16.5,1,1,2,1,0,0,0.8,0.8,1.0,1.8,0.11,5,2,40.0,0.3,0.12,0.2,0.5,0.16,766,888,86.3,12523,3617,1.2,2,53,12,2,17,0,0,2,63,9,0.54,3,0.18,33,24,24,7,2,77.3,16,49,74,7,3,1107,85,19,12,35.3,623,30,6,17,11,690,42,4,0,0,26,0,0,0,0,78,13,50.0
Toby Collyer,eng ENG,MF,Manchester Utd,eng Premier League,20.0,2004.0,6,0,179,2.0,0,0,0,0,0,0,0.2,0.2,0.3,0.4,0.22,1,0,0.0,0.5,0.0,0.0,,0.17,76,92,82.6,1127,121,0.4,2,3,1,0,0,0,0,0,5,5,2.5,0,0.0,12,9,6,6,0,83.3,2,14,3,2,0,129,9,3,1,50.0,68,0,0,11,1,71,2,0,0,0,2,0,0,0,0,17,3,75.0
Lorenzo Colombo,it ITA,"FW,MF",Empoli,it Serie A,22.0,2002.0,37,26,2233,24.8,6,2,8,5,1,1,5.9,5.1,2.9,8.0,0.35,55,18,32.7,2.22,0.73,0.09,0.28,0.09,343,508,67.5,5088,1106,0.9,21,25,12,2,10,0,3,6,48,55,2.21,3,0.12,31,14,7,16,8,33.3,2,33,16,16,1,837,18,83,24,48.0,438,27,10,88,52,547,116,5,1,1,46,8,0,0,0,73,53,30.5
Andrea Colpani,it ITA,"FW,MF",Fiorentina,it Serie A,25.0,1999.0,24,17,1432,15.9,2,1,3,2,0,0,2.7,2.7,1.3,3.9,0.24,35,12,34.3,2.2,0.75,0.06,0.17,0.07,376,466,80.7,5907,1206,1.3,17,19,15,1,33,22,2,6,57,43,2.7,5,0.31,15,9,5,7,3,33.3,8,23,10,7,0,609,9,49,12,44.4,395,37,13,26,22,449,129,1,0,0,21,1,0,0,0,46,10,40.0
Levi Colwill,eng ENG,DF,Chelsea,eng Premier League,21.0,2003.0,35,35,3149,35.0,2,1,3,2,0,0,1.9,1.9,1.1,3.0,0.09,17,4,23.5,0.49,0.11,0.12,0.5,0.11,2338,2619,89.3,42476,14955,1.2,14,148,7,3,13,0,3,7,131,38,1.09,3,0.09,47,34,25,19,3,66.7,33,80,118,21,4,2904,383,36,6,50.0,1621,14,1,14,8,2092,12,9,0,0,45,0,0,1,0,121,82,60.7
Florinel Coman,ro ROU,"FW,MF",Cagliari,it Serie A,26.0,1998.0,9,2,263,2.9,1,0,1,1,0,0,0.2,0.2,0.0,0.2,0.08,4,1,25.0,1.37,0.34,0.25,1.0,0.06,67,82,81.7,941,247,0.1,1,4,2,0,2,2,0,2,5,4,1.37,1,0.34,5,3,3,1,1,100.0,1,6,3,2,0,121,2,8,2,40.0,84,5,2,12,6,98,22,2,0,0,8,1,0,0,0,12,4,66.7
Kingsley Coman,fr FRA,FW,Bayern Munich,de Bundesliga,28.0,1996.0,28,14,1282,14.2,5,4,9,5,0,0,4.3,4.3,3.3,7.6,0.53,44,17,38.6,3.09,1.19,0.11,0.29,0.1,624,740,84.3,9720,1512,4.2,32,26,28,5,45,0,0,2,45,81,5.68,11,0.77,17,12,6,6,5,66.7,8,25,15,13,0,934,13,85,39,52.7,606,66,28,28,18,733,215,0,0,0,9,2,0,0,0,59,11,40.7
Eray Cömert,ch SUI,"DF,MF",Valladolid,es La Liga,26.0,1998.0,25,21,1779,19.8,0,0,0,0,0,0,0.9,0.9,0.0,0.9,0.04,9,1,11.1,0.46,0.05,0.0,0.0,0.1,805,918,87.7,16323,5359,0.1,0,47,1,0,0,0,0,13,48,12,0.61,0,0.0,24,14,15,9,0,57.1,24,48,75,6,2,1114,132,7,4,100.0,599,9,0,16,2,728,5,6,0,0,18,0,0,0,0,51,18,45.0
Santi Comesaña,es ESP,MF,Villarreal,es La Liga,27.0,1996.0,35,30,2560,28.4,4,2,6,4,0,0,4.6,4.6,2.0,6.6,0.23,39,8,20.5,1.37,0.28,0.1,0.5,0.12,1163,1374,84.6,19630,6350,2.6,27,143,30,3,14,0,7,10,154,78,2.74,11,0.39,85,49,44,32,9,55.3,19,104,56,22,1,1734,110,64,18,52.9,903,39,6,35,44,1149,58,7,0,0,37,0,0,0,0,160,32,39.5
Pietro Comuzzo,it ITA,DF,Fiorentina,it Serie A,19.0,2005.0,32,23,2110,23.4,1,0,1,1,0,0,0.5,0.5,0.6,1.1,0.05,5,2,40.0,0.21,0.09,0.2,0.5,0.1,1085,1266,85.7,22161,6285,0.2,7,69,4,0,3,0,0,3,75,20,0.82,1,0.04,43,21,29,11,3,79.3,29,72,113,10,4,1533,170,9,0,0.0,892,14,1,15,4,982,12,5,0,0,24,0,0,0,0,86,63,59.4
Francisco Conceição,pt POR,"FW,MF",Juventus,it Serie A,21.0,2002.0,26,12,1340,14.9,3,3,6,3,0,0,2.3,2.3,4.3,6.6,0.45,40,13,32.5,2.69,0.87,0.08,0.23,0.06,427,545,78.3,7032,1122,4.4,28,16,20,10,62,18,0,4,35,64,4.3,9,0.6,23,14,6,9,8,43.3,6,29,6,21,0,739,11,92,35,44.3,548,95,59,35,22,581,143,5,1,1,24,1,1,0,0,55,2,18.2
Tomás Conechny,ar ARG,"FW,MF",Alavés,es La Liga,26.0,1998.0,22,9,847,9.4,1,0,1,1,0,0,2.4,2.4,0.3,2.7,0.29,22,10,45.5,2.34,1.06,0.05,0.1,0.11,210,329,63.8,3305,1037,0.8,7,14,11,8,31,3,2,0,23,14,1.48,0,0.0,15,12,6,7,2,33.3,6,21,10,13,0,457,10,34,6,46.2,249,14,2,31,9,307,61,8,0,0,28,0,0,0,0,45,23,53.5
Alois Confais,fr FRA,MF,Le Havre,fr Ligue 1,27.0,1996.0,1,0,3,0.0,0,0,0,0,0,0,0.0,0.0,0.0,0.0,0.0,0,0,,0.0,0.0,,,,1,2,50.0,10,0,0.0,0,0,0,0,0,0,0,0,0,0,0.0,0,0.0,0,0,0,0,0,,0,0,0,0,0,2,0,0,0,,1,0,0,0,0,1,0,0,0,0,1,0,0,0,0,1,0,
Sirlord Conteh,de GER,"FW,MF",Heidenheim,de Bundesliga,28.0,1996.0,29,4,892,9.9,1,1,2,1,0,0,2.1,2.1,2.6,4.7,0.47,13,5,38.5,1.31,0.5,0.08,0.2,0.16,158,224,70.5,2401,567,1.4,14,17,6,2,20,0,0,0,19,28,2.82,4,0.4,9,5,3,6,0,28.6,1,10,8,8,0,301,4,34,6,46.2,195,29,12,23,8,218,75,2,0,0,8,3,0,0,0,17,16,44.4
Lewis Cook,eng ENG,"MF,DF",Bournemouth,eng Premier League,27.0,1997.0,36,32,2978,33.1,1,3,4,1,0,0,0.9,0.9,4.1,5.1,0.15,14,4,28.6,0.42,0.12,0.07,0.25,0.07,1224,1585,77.2,21139,7153,3.8,48,157,26,11,132,77,3,2,158,89,2.69,5,0.15,81,42,41,36,4,55.2,41,122,70,26,0,1900,87,20,13,65.0,825,33,4,31,18,965,52,8,1,0,49,0,0,1,0,187,41,54.7
Copete,es ESP,DF,Mallorca,es La Liga,24.0,1999.0,25,16,1528,17.0,0,0,0,0,0,0,0.5,0.5,0.0,0.5,0.03,6,2,33.3,0.35,0.12,0.0,0.0,0.08,639,767,83.3,12173,4725,0.1,0,35,4,0,7,0,2,0,47,10,0.59,1,0.06,29,17,18,10,1,91.7,17,46,123,5,2,987,167,12,4,80.0,518,10,0,7,2,590,2,6,0,0,27,0,0,0,0,46,27,62.8
Diego Coppola,it ITA,DF,Hellas Verona,it Serie A,20.0,2003.0,34,33,2927,32.5,2,0,2,2,0,0,0.7,0.7,0.1,0.8,0.02,10,4,40.0,0.31,0.12,0.2,0.5,0.07,920,1135,81.1,18186,6486,0.2,3,32,0,0,0,0,1,5,48,10,0.31,1,0.03,66,36,48,14,4,70.0,72,138,194,6,2,1576,185,23,1,20.0,749,4,0,10,5,793,3,10,0,0,44,0,0,0,0,89,133,64.9
Francis Coquelin,fr FRA,MF,Nantes,fr Ligue 1,33.0,1991.0,6,3,224,2.5,1,1,2,1,0,0,1.0,1.0,1.1,2.1,0.86,7,1,14.3,2.81,0.4,0.14,1.0,0.15,88,101,87.1,1213,275,0.4,5,11,2,0,0,0,1,1,8,13,5.27,2,0.81,9,5,5,3,1,75.0,6,15,3,1,0,128,5,6,1,100.0,62,3,1,3,2,79,2,1,0,0,7,0,0,0,0,8,3,100.0
Iker Córdoba,es ESP,DF,Valencia,es La Liga,18.0,2005.0,2,0,15,0.2,0,0,0,0,0,0,0.0,0.0,0.1,0.1,0.45,0,0,,0.0,0.0,,,,9,11,81.8,169,91,0.0,1,1,1,1,1,0,0,0,1,1,6.43,0,0.0,0,0,0,0,0,,0,0,1,1,0,12,2,0,0,,7,0,0,0,0,10,1,0,0,0,0,0,0,0,0,1,1,100.0
Derek Cornelius,ca CAN,DF,Marseille,fr Ligue 1,26.0,1997.0,21,17,1420,15.8,0,0,0,0,0,0,0.9,0.9,0.1,1.0,0.06,9,1,11.1,0.57,0.06,0.0,0.0,0.1,1267,1357,93.4,20539,6734,0.4,4,93,0,0,4,0,1,1,68,9,0.57,0,0.0,24,17,15,8,1,77.3,14,38,51,9,0,1493,107,14,0,0.0,1012,10,0,8,2,1163,11,9,2,2,25,0,0,1,0,67,32,71.1
Maxwel Cornet,ci CIV,FW,Southampton,eng Premier League,27.0,1996.0,2,1,72,0.8,0,0,0,0,0,0,0.2,0.2,0.0,0.2,0.2,1,0,0.0,1.25,0.0,0.0,,0.16,17,22,77.3,262,37,0.0,0,0,0,0,3,2,0,0,0,0,0.0,0,0.0,5,5,1,4,0,0.0,0,5,2,0,0,34,1,2,0,0.0,16,1,1,3,0,23,5,1,0,0,0,0,0,0,0,2,3,100.0
Maxwel Cornet,ci CIV,"FW,MF",Genoa,it Serie A,27.0,1996.0,7,2,246,2.7,2,1,3,2,0,0,1.0,1.0,0.6,1.6,0.59,5,3,60.0,1.83,1.1,0.4,0.67,0.2,49,71,69.0,752,162,0.7,5,2,3,2,8,0,0,1,4,8,2.93,1,0.37,2,1,1,0,1,0.0,2,4,2,5,0,97,2,13,3,33.3,54,8,5,5,3,72,26,0,0,0,0,0,0,0,0,14,1,10.0
Pierre Cornud,fr FRA,DF,Saint-Étienne,fr Ligue 1,27.0,1996.0,11,7,576,6.4,0,0,0,0,0,0,0.0,0.0,0.3,0.3,0.05,0,0,,0.0,0.0,,,,271,331,81.9,4488,1581,0.3,3,14,5,2,14,1,1,4,19,5,0.78,0,0.0,12,10,6,4,2,47.1,9,21,28,7,1,397,41,0,2,28.6,190,11,0,4,2,212,17,2,0,0,10,0,0,1,0,33,3,42.9
Ángel Correa,ar ARG,"FW,MF",Atlético Madrid,es La Liga,29.0,1995.0,31,3,805,8.9,4,1,5,4,0,0,4.5,4.5,2.1,6.6,0.74,34,14,41.2,3.8,1.57,0.12,0.29,0.13,206,280,73.6,2697,745,2.2,14,19,10,1,24,7,1,2,25,35,3.92,5,0.56,9,3,4,1,4,33.3,4,13,8,14,0,419,4,82,13,34.2,276,30,13,29,16,303,85,3,1,0,18,3,0,0,0,40,1,11.1
Joaquín Correa,ar ARG,"FW,MF",Inter,it Serie A,29.0,1994.0,19,6,731,8.1,2,2,4,2,0,0,2.1,2.1,2.0,4.1,0.5,14,6,42.9,1.72,0.74,0.14,0.33,0.15,310,361,85.9,4766,1089,0.9,10,24,12,1,8,0,5,0,42,25,3.07,4,0.49,11,5,4,7,0,30.8,0,11,6,14,0,438,5,39,6,60.0,295,22,4,13,5,353,45,3,0,0,8,1,0,0,0,31,6,25.0
Thierry Correia,pt POR,DF,Valencia,es La Liga,25.0,1999.0,11,9,768,8.5,0,0,0,0,0,0,0.3,0.3,0.3,0.6,0.08,7,3,42.9,0.82,0.35,0.0,0.0,0.05,330,441,74.8,5750,2179,0.8,5,23,12,3,18,0,0,1,44,16,1.87,0,0.0,27,18,19,5,3,56.5,4,31,18,16,0,555,29,12,8,34.8,240,16,6,17,0,293,48,1,0,0,15,1,0,0,0,38,4,33.3
Alberto costa,pt POR,DF,Juventus,it Serie A,20.0,2003.0,9,3,357,4.0,0,1,1,0,0,0,0.6,0.6,0.2,0.8,0.2,7,0,0.0,1.76,0.0,0.0,,0.09,176,212,83.0,2472,679,0.1,2,7,1,0,2,0,0,0,8,7,1.76,1,0.25,14,10,7,5,2,77.8,4,18,14,4,0,276,13,14,4,36.4,148,8,3,9,0,170,25,3,0,0,8,0,0,0,0,23,5,62.5
Coba da Costa,es ESP,"MF,FW",Getafe,es La Liga,22.0,2002.0,19,12,1006,11.2,1,1,2,1,0,0,1.1,1.1,1.4,2.6,0.23,23,8,34.8,2.06,0.72,0.04,0.13,0.05,195,303,64.4,2952,707,1.5,9,14,10,7,41,1,3,0,16,37,3.31,4,0.36,29,13,9,16,4,50.0,8,37,10,12,0,504,10,47,19,33.9,261,46,25,26,23,294,83,4,0,0,10,1,0,0,0,35,19,50.0
Danny da Costa,de GER,DF,Mainz 05,de Bundesliga,31.0,1993.0,25,25,2006,22.3,0,1,1,0,0,0,0.1,0.1,0.6,0.7,0.03,5,1,20.0,0.22,0.04,0.0,0.0,0.02,942,1201,78.4,17146,7046,1.3,10,123,17,6,22,0,0,4,109,31,1.39,3,0.13,42,23,23,15,4,63.0,27,69,95,21,3,1451,98,2,8,47.1,813,21,2,22,7,886,22,0,0,0,19,0,0,0,0,98,33,46.5
David Costa,pt POR,"MF,FW",Lens,fr Ligue 1,23.0,2001.0,11,3,352,3.9,0,0,0,0,0,0,1.2,1.2,0.4,1.6,0.41,9,2,22.2,2.3,0.51,0.0,0.0,0.13,128,155,82.6,1902,615,1.0,6,12,8,4,15,5,0,1,24,8,2.05,1,0.26,2,0,1,1,0,25.0,1,3,0,2,0,200,1,15,2,22.2,118,14,4,11,5,158,20,0,1,0,3,1,1,0,0,10,0,0.0
Logan Costa,cv CPV,DF,Villarreal,es La Liga,23.0,2001.0,32,28,2587,28.7,2,1,3,2,0,0,0.7,0.7,0.6,1.3,0.05,12,5,41.7,0.42,0.17,0.17,0.4,0.05,1354,1544,87.7,26242,9795,0.5,4,107,6,0,5,0,1,18,116,22,0.76,2,0.07,38,21,25,12,1,82.8,21,59,115,8,2,1785,295,12,0,0.0,1037,25,0,7,0,1209,10,3,0,0,19,1,1,2,0,104,46,55.4
Logan Costa,cv CPV,DF,Toulouse,fr Ligue 1,23.0,2001.0,1,1,90,1.0,0,0,0,0,0,0,0.0,0.0,0.5,0.5,0.5,0,0,,0.0,0.0,,,,47,56,83.9,845,482,0.0,1,4,1,1,1,0,0,0,4,1,1.0,0,0.0,2,1,0,2,0,100.0,2,4,4,0,0,69,12,0,0,,37,1,0,0,1,42,1,0,0,0,0,0,0,0,0,4,4,66.7
Samu Costa,pt POR,MF,Mallorca,es La Liga,23.0,2000.0,32,31,2649,29.4,0,2,2,0,0,0,1.8,1.8,1.2,3.0,0.1,30,8,26.7,1.02,0.27,0.0,0.0,0.06,1164,1442,80.7,20678,5773,1.9,15,117,14,5,20,0,4,19,116,56,1.9,6,0.2,90,44,45,42,3,44.3,32,122,85,36,1,1834,100,34,13,39.4,1029,24,1,42,35,1235,69,10,1,1,62,4,0,0,0,129,68,63.0
Vladimír Coufal,cz CZE,DF,West Ham,eng Premier League,31.0,1992.0,22,11,1067,11.9,0,0,0,0,0,0,0.3,0.3,0.7,1.0,0.08,7,2,28.6,0.59,0.17,0.0,0.0,0.04,470,598,78.6,7419,2842,1.0,8,44,13,8,28,0,0,0,39,18,1.52,1,0.08,22,15,13,7,2,45.5,8,30,39,11,1,736,61,14,5,33.3,298,26,2,12,8,400,33,5,0,0,22,0,0,0,1,39,23,59.0
Lassana Coulibaly,ml MLI,MF,Lecce,it Serie A,28.0,1996.0,38,30,2667,29.6,1,0,1,1,0,0,0.8,0.8,0.9,1.7,0.06,9,3,33.3,0.3,0.1,0.11,0.33,0.09,775,955,81.2,13647,3359,0.6,12,68,7,0,13,0,5,4,93,46,1.55,2,0.07,48,29,16,28,4,39.3,18,66,46,23,1,1229,86,19,18,47.4,623,21,3,33,19,714,49,3,0,0,39,7,1,1,0,146,31,43.1
Lasso Coulibaly,ci CIV,"FW,MF",Auxerre,fr Ligue 1,21.0,2002.0,3,0,45,0.5,1,0,1,1,0,0,0.3,0.3,0.1,0.3,0.69,3,2,66.7,6.0,4.0,0.33,0.5,0.09,12,13,92.3,158,28,0.1,1,0,0,0,2,1,0,0,0,1,2.05,0,0.0,1,1,0,0,1,,0,1,0,0,0,21,0,3,1,33.3,12,0,1,1,0,16,4,0,0,0,0,0,0,0,0,1,0,0.0
Mamadou Coulibaly,fr FRA,MF,Monaco,fr Ligue 1,20.0,2004.0,1,0,8,0.1,0,0,0,0,0,0,0.1,0.1,0.0,0.1,0.85,1,0,0.0,11.25,0.0,0.0,,0.08,3,5,60.0,19,7,0.0,0,1,0,0,1,0,0,0,0,0,0.0,0,0.0,1,0,0,1,0,,0,1,0,0,0,9,0,0,1,50.0,4,0,0,1,0,6,1,0,0,0,1,0,0,0,0,0,0,
Soumaïla Coulibaly,fr FRA,DF,Brest,fr Ligue 1,20.0,2003.0,7,5,438,4.9,0,0,0,0,0,0,0.2,0.2,0.1,0.3,0.05,4,0,0.0,0.82,0.0,0.0,,0.04,281,317,88.6,5923,1657,0.2,1,12,1,0,0,0,0,16,16,8,1.64,3,0.62,4,2,2,2,0,100.0,5,9,26,1,0,370,50,5,0,0.0,226,1,0,3,0,247,0,1,0,0,12,1,1,0,0,19,8,57.1
Tanguy Coulibaly,fr FRA,"FW,MF",Montpellier,fr Ligue 1,23.0,2001.0,25,17,1485,16.5,3,0,3,3,0,0,3.5,3.5,1.3,4.8,0.31,30,13,43.3,1.82,0.79,0.1,0.23,0.12,292,372,78.5,3857,626,1.0,18,8,5,2,21,4,2,0,20,45,2.9,3,0.19,32,24,13,15,4,42.4,11,43,3,12,1,583,7,65,29,53.7,328,48,20,51,31,370,97,4,2,1,45,7,0,1,0,70,19,45.2
Woyo Coulibaly,ml MLI,DF,Leicester City,eng Premier League,25.0,1999.0,4,1,109,1.2,0,0,0,0,0,0,0.0,0.0,0.0,0.0,0.04,2,1,50.0,1.65,0.83,0.0,0.0,0.02,48,57,84.2,797,314,0.0,0,3,0,0,0,0,0,0,3,0,0.0,0,0.0,6,4,4,2,0,100.0,5,11,1,0,0,76,8,4,0,0.0,48,4,1,4,0,36,2,1,0,0,2,0,0,0,0,14,0,0.0
Woyo Coulibaly,ml MLI,DF,Parma,it Serie A,25.0,1999.0,14,12,1084,12.0,0,1,1,0,0,0,0.1,0.1,0.9,1.1,0.09,3,0,0.0,0.25,0.0,0.0,,0.05,514,593,86.7,7911,3030,0.8,8,44,4,0,5,1,2,2,41,19,1.58,3,0.25,13,10,9,2,2,45.5,8,21,25,7,0,706,34,12,8,47.1,404,36,9,19,11,439,23,1,1,0,12,1,1,0,1,60,9,50.0
Marius Courcoul,fr FRA,"MF,DF",Angers,fr Ligue 1,17.0,2007.0,8,3,309,3.4,0,0,0,0,0,0,0.1,0.1,0.0,0.1,0.04,3,1,33.3,0.87,0.29,0.0,0.0,0.03,133,155,85.8,2427,519,0.0,1,7,1,0,4,0,0,3,7,3,0.87,0,0.0,5,2,3,2,0,40.0,5,10,9,1,0,191,10,1,1,20.0,90,5,0,4,0,116,7,0,0,0,4,0,0,1,0,12,4,80.0
Yan Couto,br BRA,"DF,FW",Dortmund,de Bundesliga,22.0,2002.0,21,8,895,9.9,0,0,0,0,0,0,0.3,0.3,0.9,1.2,0.12,6,2,33.3,0.6,0.2,0.0,0.0,0.04,586,723,81.1,9367,2659,2.3,12,51,26,10,53,2,0,4,68,29,2.92,2,0.2,24,16,17,2,5,56.0,10,34,32,17,2,849,28,16,13,39.4,483,46,6,14,7,547,83,5,0,0,12,0,0,0,0,55,1,12.5
Nicolas Cozza,fr FRA,"DF,MF",Nantes,fr Ligue 1,25.0,1999.0,27,23,2051,22.8,1,0,1,1,0,0,1.4,1.4,1.4,2.8,0.12,17,6,35.3,0.75,0.26,0.06,0.17,0.08,608,782,77.7,9858,3920,1.1,7,41,10,4,27,0,1,1,64,20,0.88,2,0.09,59,41,35,18,6,66.0,25,84,69,21,0,1044,75,30,5,25.0,400,25,1,30,6,463,56,3,1,0,14,1,1,0,0,62,15,48.4
Aaron Cresswell,eng ENG,DF,West Ham,eng Premier League,34.0,1989.0,18,10,824,9.2,0,0,0,0,0,0,0.2,0.2,1.3,1.6,0.17,5,0,0.0,0.55,0.0,0.0,,0.05,504,610,82.6,9299,3625,1.9,9,52,5,2,36,13,1,5,36,15,1.64,0,0.0,11,7,5,5,1,81.8,8,19,37,10,0,687,45,2,1,50.0,291,6,0,4,0,437,4,3,0,0,4,0,0,0,0,36,7,50.0
Charlie Cresswell,eng ENG,DF,Toulouse,fr Ligue 1,21.0,2002.0,31,29,2592,28.8,3,1,4,3,0,0,3.3,3.3,1.7,5.0,0.17,32,13,40.6,1.11,0.45,0.09,0.23,0.1,1287,1551,83.0,23854,8198,1.1,5,61,4,1,4,0,0,8,69,24,0.83,3,0.1,35,23,19,15,1,60.9,28,63,191,7,3,1920,324,56,3,27.3,1033,8,1,20,3,1193,13,5,0,0,28,1,0,0,1,103,98,69.0
Bryan Cristante,it ITA,MF,Roma,it Serie A,29.0,1995.0,30,23,2045,22.7,4,2,6,4,0,0,2.1,2.1,1.4,3.5,0.15,30,7,23.3,1.32,0.31,0.13,0.57,0.07,1067,1296,82.3,18848,5259,1.3,18,143,17,0,15,0,5,9,145,51,2.24,5,0.22,48,29,18,24,6,57.7,19,67,36,19,1,1497,57,41,6,42.9,833,25,2,23,13,1057,41,8,0,0,37,1,0,0,0,109,61,51.3
Domen Črnigoj,si SVN,MF,Venezia,it Serie A,28.0,1995.0,8,1,136,1.5,0,0,0,0,0,0,0.1,0.1,0.0,0.1,0.07,1,0,0.0,0.66,0.0,0.0,,0.11,25,49,51.0,348,107,0.0,0,1,1,0,2,0,0,0,4,2,1.32,0,0.0,4,2,0,1,3,50.0,4,8,4,3,0,76,3,3,0,0.0,36,4,0,7,1,47,6,0,0,0,2,1,0,0,0,8,2,28.6
Juan Cruz Armada,es ESP,DF,Osasuna,es La Liga,32.0,1992.0,25,19,1492,16.6,0,0,0,0,0,0,0.1,0.1,0.0,0.2,0.01,4,0,0.0,0.24,0.0,0.0,,0.03,525,673,78.0,8519,3966,0.2,2,54,2,0,11,0,0,2,53,14,0.84,1,0.06,26,14,11,13,2,62.5,9,35,68,11,0,819,83,4,1,25.0,337,9,2,10,3,391,12,4,0,0,16,0,0,1,0,46,9,47.4
Juan Cruz,es ESP,"FW,MF",Leganés,es La Liga,24.0,2000.0,34,26,2257,25.1,5,4,9,5,0,0,2.7,2.7,4.1,6.9,0.27,33,14,42.4,1.32,0.56,0.15,0.36,0.08,488,716,68.2,7691,2934,3.7,24,34,32,14,92,17,9,2,66,51,2.03,6,0.24,32,19,14,16,2,48.6,13,45,31,27,0,951,23,41,40,51.3,543,59,21,40,24,570,131,2,0,0,14,2,0,0,0,109,15,44.1
Juan Cuadrado,co COL,"DF,MF",Atalanta,it Serie A,36.0,1988.0,23,7,832,9.2,0,2,2,0,0,0,0.9,0.9,2.0,2.9,0.31,16,4,25.0,1.73,0.43,0.0,0.0,0.06,476,601,79.2,8203,2257,1.9,19,34,24,2,56,20,2,10,64,37,4.0,3,0.32,19,9,9,6,4,47.8,7,26,9,11,0,722,15,40,17,42.5,462,41,15,14,10,509,90,3,0,0,9,2,1,0,0,31,12,75.0
Pau Cubarsí,es ESP,DF,Barcelona,es La Liga,17.0,2007.0,35,29,2618,29.1,0,3,3,0,0,0,0.8,0.8,1.6,2.5,0.08,8,0,0.0,0.28,0.0,0.0,,0.1,2434,2604,93.5,45654,16006,1.0,9,210,4,1,2,0,4,7,191,35,1.2,6,0.21,34,23,21,10,3,63.3,16,50,86,6,1,2805,194,17,6,75.0,1823,26,0,7,1,2193,6,3,0,0,24,0,0,1,0,102,62,58.5
Cucho,co COL,FW,Betis,es La Liga,25.0,1999.0,15,14,1139,12.7,5,1,6,5,0,0,3.8,3.8,1.5,5.3,0.42,43,11,25.6,3.4,0.87,0.12,0.45,0.09,223,310,71.9,3302,867,0.7,14,20,10,1,12,0,1,5,34,46,3.64,8,0.63,15,10,2,5,8,54.5,7,22,4,10,0,467,5,61,17,65.4,250,27,14,46,14,318,82,0,0,0,10,3,1,0,0,28,29,45.3
Marc Cucurella,es ESP,DF,Chelsea,eng Premier League,26.0,1998.0,36,33,2988,33.2,5,1,6,5,0,0,2.8,2.8,2.1,4.9,0.15,24,11,45.8,0.72,0.33,0.21,0.45,0.12,1680,1916,87.7,26450,7598,2.4,19,121,12,3,31,2,2,1,118,51,1.54,5,0.15,67,45,31,31,5,52.5,28,95,95,23,3,2244,119,75,4,26.7,944,35,2,28,7,1385,117,10,1,1,37,1,0,0,0,130,32,36.0
Jorge Cuenca,es ESP,DF,Fulham,eng Premier League,24.0,1999.0,8,4,351,3.9,0,0,0,0,0,0,0.0,0.0,0.0,0.0,0.01,1,0,0.0,0.26,0.0,0.0,,0.02,145,173,83.8,2483,858,0.0,0,7,0,0,1,0,0,0,10,1,0.26,0,0.0,6,2,5,1,0,37.5,2,8,26,0,0,214,38,1,2,100.0,89,0,0,2,0,133,0,0,0,0,2,0,0,0,0,10,6,66.7
Matheus Cunha,br BRA,"MF,FW",Wolves,eng Premier League,25.0,1999.0,33,29,2597,28.9,15,6,21,15,0,0,8.6,8.6,7.7,16.4,0.57,110,44,40.0,3.81,1.52,0.14,0.34,0.08,811,1133,71.6,12850,4384,5.3,56,92,58,10,142,73,14,15,144,132,4.57,16,0.55,38,22,17,16,5,33.3,17,55,23,34,0,1561,23,133,61,44.5,904,112,41,80,55,1056,161,4,0,0,42,12,0,1,0,125,13,31.0
Patrick Cutrone,it ITA,FW,Como,it Serie A,26.0,1998.0,33,23,2047,22.7,7,4,11,7,0,1,7.1,6.3,2.1,8.4,0.41,69,26,37.7,3.03,1.14,0.1,0.27,0.09,336,478,70.3,4423,668,2.1,19,16,10,2,30,0,0,2,31,49,2.15,6,0.26,16,11,0,10,6,50.0,5,21,7,19,0,692,5,119,9,37.5,445,53,26,62,26,508,155,1,0,0,23,3,1,0,0,54,23,25.8
Tomáš Čvančara,cz CZE,FW,Gladbach,de Bundesliga,23.0,2000.0,28,7,831,9.2,2,0,2,2,0,0,3.8,3.8,0.9,4.7,0.51,24,9,37.5,2.6,0.97,0.08,0.22,0.16,171,239,71.5,2503,517,0.5,6,13,8,2,15,0,0,1,23,15,1.62,1,0.11,4,1,3,1,0,28.6,5,9,17,8,0,336,19,36,6,35.3,185,15,5,18,6,235,50,5,1,1,11,1,0,0,0,23,13,44.8
Wylan Cyprien,fr FRA,MF,Parma,it Serie A,29.0,1995.0,2,0,28,0.3,0,0,0,0,0,0,0.2,0.2,0.0,0.2,0.63,1,0,0.0,3.21,0.0,0.0,,0.2,14,21,66.7,248,161,0.2,0,2,0,0,0,0,1,0,2,0,0.0,0,0.0,0,0,0,0,0,0.0,1,1,0,1,0,28,2,1,0,,11,1,1,0,0,15,0,0,0,0,0,0,0,0,0,6,0,
Danilo D'Ambrosio,it ITA,DF,Monza,it Serie A,35.0,1988.0,20,12,1095,12.2,0,1,1,0,0,0,0.5,0.5,0.4,0.9,0.08,9,4,44.4,0.74,0.33,0.0,0.0,0.06,566,652,86.8,9736,3415,0.3,5,26,6,2,9,0,1,2,34,8,0.66,1,0.08,28,15,17,10,1,60.9,15,43,36,4,2,776,126,19,2,28.6,443,10,1,15,1,476,16,2,1,0,18,0,0,0,0,46,16,41.0
Lucas Da Cunha,fr FRA,MF,Como,it Serie A,23.0,2001.0,36,30,2613,29.0,3,2,5,3,0,0,2.0,2.0,3.8,5.8,0.2,37,14,37.8,1.27,0.48,0.08,0.21,0.05,1439,1702,84.5,23414,6615,4.7,55,140,29,9,102,60,3,12,154,110,3.79,7,0.24,45,25,17,19,9,51.3,17,62,30,30,1,1929,54,40,12,40.0,1200,63,13,20,16,1382,85,4,0,0,21,4,0,0,0,157,16,39.0
Samuel Dahl,se SWE,"DF,MF",Roma,it Serie A,24.0,2000.0,2,0,43,0.5,0,0,0,0,0,0,0.0,0.0,0.0,0.0,0.0,0,0,,0.0,0.0,,,,24,28,85.7,268,95,0.0,0,2,1,0,1,0,0,0,2,1,2.09,0,0.0,2,2,0,2,0,50.0,0,2,0,0,0,37,0,0,0,0.0,21,1,0,1,0,25,4,0,0,0,2,0,0,0,0,1,0,0.0
Mahmoud Dahoud,de GER,MF,Eint Frankfurt,de Bundesliga,28.0,1996.0,9,3,364,4.0,1,1,2,1,0,0,0.5,0.5,0.7,1.2,0.31,7,2,28.6,1.73,0.49,0.14,0.5,0.08,191,225,84.9,2869,939,0.6,8,10,5,0,4,1,2,1,17,13,3.21,2,0.49,9,4,4,5,0,66.7,2,11,5,6,0,263,8,3,1,33.3,160,1,0,4,2,192,6,2,0,0,10,0,0,0,0,20,1,33.3
Patson Daka,zm ZAM,"FW,MF",Leicester City,eng Premier League,25.0,1998.0,23,6,736,8.2,1,0,1,1,0,0,1.3,1.3,0.1,1.3,0.16,15,4,26.7,1.83,0.49,0.07,0.25,0.08,106,147,72.1,1475,257,0.1,1,6,1,0,3,0,2,0,8,10,1.23,1,0.12,19,10,6,9,4,38.9,1,20,12,11,0,252,11,29,2,13.3,141,11,6,20,12,167,36,0,0,0,15,0,0,0,0,18,10,26.3
Ameen Al-Dakhil,be BEL,DF,Stuttgart,de Bundesliga,22.0,2002.0,7,6,432,4.8,0,0,0,0,0,0,0.1,0.1,0.2,0.2,0.05,1,0,0.0,0.21,0.0,0.0,,0.06,311,339,91.7,5201,1623,0.1,2,20,1,0,0,0,0,2,12,4,0.83,0,0.0,6,6,4,2,0,100.0,9,15,30,1,1,407,67,0,0,,239,1,0,3,0,264,0,0,1,0,4,0,0,0,0,17,8,47.1
Thijs Dallinga,nl NED,FW,Bologna,it Serie A,23.0,2000.0,31,11,1154,12.8,3,2,5,3,0,0,4.3,4.3,0.6,4.9,0.38,31,11,35.5,2.42,0.86,0.1,0.27,0.14,210,293,71.7,2944,450,0.7,12,14,4,0,3,0,0,1,17,27,2.11,5,0.39,10,5,0,4,6,100.0,1,11,13,13,1,439,15,65,2,18.2,243,9,8,42,22,343,84,1,0,0,24,3,1,0,0,35,41,53.2
Diogo Dalot,pt POR,DF,Manchester Utd,eng Premier League,25.0,1999.0,33,31,2814,31.3,0,3,3,0,0,0,2.0,2.0,2.0,4.1,0.13,25,5,20.0,0.8,0.16,0.0,0.0,0.08,1347,1673,80.5,21723,6617,2.5,26,61,25,8,66,0,4,8,103,74,2.37,5,0.16,68,40,40,22,6,65.4,37,105,72,36,0,1983,113,68,27,50.9,1126,62,16,38,21,1200,168,5,0,0,40,0,0,1,0,167,38,64.4
Mikkel Damsgaard,dk DEN,"MF,FW",Brentford,eng Premier League,24.0,2000.0,38,34,2911,32.3,2,10,12,2,0,0,2.8,2.8,8.4,11.2,0.35,35,7,20.0,1.08,0.22,0.06,0.29,0.08,1107,1529,72.4,19063,7512,7.0,63,167,73,17,144,60,27,5,234,120,3.71,21,0.65,83,44,27,29,27,38.3,27,110,31,36,2,1883,36,76,50,51.5,1076,73,9,63,47,1239,137,2,0,0,18,1,0,0,0,179,12,30.8
Maat Daniel Caprini,it ITA,FW,Fiorentina,it Serie A,18.0,2006.0,1,0,7,0.1,0,0,0,0,0,0,0.0,0.0,0.0,0.0,0.0,0,0,,0.0,0.0,,,,5,6,83.3,66,21,0.0,0,0,0,0,0,0,0,0,1,0,0.0,0,0.0,0,0,0,0,0,,0,0,0,0,0,13,0,0,0,0.0,5,0,0,3,1,6,3,0,0,0,0,0,0,0,0,2,0,0.0
Flavius Daniliuc,at AUT,DF,Hellas Verona,it Serie A,23.0,2001.0,18,9,1004,11.2,0,0,0,0,0,0,0.1,0.1,0.1,0.2,0.02,3,1,33.3,0.27,0.09,0.0,0.0,0.04,375,449,83.5,5931,2777,0.1,2,28,3,1,6,0,1,0,38,11,0.98,0,0.0,26,21,14,9,3,62.5,7,33,27,7,0,538,36,10,4,57.1,285,8,0,7,4,306,8,0,0,0,12,1,0,0,0,44,18,51.4
Danilo,br BRA,"MF,FW",Nott'ham Forest,eng Premier League,23.0,2001.0,8,5,275,3.1,0,0,0,0,0,0,0.0,0.0,0.0,0.0,0.0,0,0,,0.0,0.0,,,,94,121,77.7,1541,549,0.0,0,13,0,0,3,1,0,0,11,7,2.31,2,0.66,8,4,7,1,0,50.0,4,12,3,5,0,150,8,0,3,50.0,54,2,0,6,0,87,1,0,0,0,2,0,0,0,0,19,1,33.3
Danilo,br BRA,DF,Juventus,it Serie A,33.0,1991.0,12,6,581,6.5,0,1,1,0,0,0,0.1,0.1,0.4,0.5,0.08,1,0,0.0,0.15,0.0,0.0,,0.1,519,573,90.6,9844,3059,0.6,3,51,2,0,3,0,0,5,45,10,1.55,1,0.15,10,4,7,2,1,50.0,9,19,21,3,1,625,43,4,0,,381,16,2,4,2,476,7,2,0,0,11,0,0,1,0,24,16,69.6
Arnaut Danjuma,nl NED,FW,Villarreal,es La Liga,27.0,1997.0,3,3,200,2.2,2,0,2,2,0,0,0.8,0.8,0.0,0.8,0.38,6,3,50.0,2.7,1.35,0.33,0.67,0.14,23,30,76.7,359,40,0.0,1,1,0,0,0,0,0,1,1,2,0.9,0,0.0,2,1,0,1,1,0.0,0,2,0,1,0,48,0,8,0,0.0,25,4,2,3,0,36,17,1,0,0,1,0,0,0,0,2,2,100.0
Arnaut Danjuma,nl NED,"FW,MF",Girona,es La Liga,27.0,1997.0,25,15,1335,14.8,2,0,2,2,0,0,3.6,3.6,1.7,5.3,0.35,30,14,46.7,2.02,0.94,0.07,0.14,0.12,318,438,72.6,5448,1472,2.3,22,17,24,8,76,30,1,2,41,40,2.7,0,0.0,8,6,3,3,2,28.6,2,10,4,23,0,588,9,81,24,35.8,394,91,38,33,11,441,185,2,0,0,16,1,0,1,0,40,1,25.0
Jayden Danns,eng ENG,MF,Liverpool,eng Premier League,18.0,2006.0,1,0,11,0.1,0,0,0,0,0,0,0.0,0.0,0.0,0.0,0.0,0,0,,0.0,0.0,,,,1,1,100.0,6,0,0.0,0,0,0,0,0,0,0,0,0,0,0.0,0,0.0,0,0,0,0,0,0.0,0,0,0,0,0,2,0,0,0,,1,0,0,0,1,1,0,0,0,0,0,0,0,0,0,0,0,
Kévin Danois,fr FRA,MF,Auxerre,fr Ligue 1,20.0,2004.0,22,16,1460,16.2,0,0,0,0,0,0,1.5,1.5,2.2,3.7,0.23,17,3,17.6,1.05,0.18,0.0,0.0,0.09,585,718,81.5,9757,2615,2.0,25,62,11,2,14,0,3,11,95,54,3.33,6,0.37,49,30,20,22,7,43.5,20,69,20,14,0,912,35,37,21,51.2,570,19,5,25,24,597,50,1,0,0,22,1,0,0,0,102,14,43.8
Kevin Danso,at AUT,DF,Tottenham,eng Premier League,25.0,1998.0,10,9,842,9.4,0,0,0,0,0,0,0.4,0.4,0.1,0.5,0.05,7,3,42.9,0.75,0.32,0.0,0.0,0.06,480,555,86.5,9082,2716,0.1,2,22,2,1,1,0,0,2,19,9,0.96,2,0.21,7,5,4,3,0,54.5,6,13,71,8,1,676,108,8,2,66.7,448,11,1,8,3,475,1,0,0,0,9,0,0,0,0,27,21,63.6
Kevin Danso,at AUT,DF,Lens,fr Ligue 1,25.0,1998.0,12,12,1080,12.0,0,0,0,0,0,0,0.5,0.5,1.0,1.5,0.13,10,2,20.0,0.83,0.17,0.0,0.0,0.05,659,770,85.6,12021,4233,0.4,6,58,4,0,0,0,1,1,52,12,1.0,1,0.08,19,7,12,5,2,75.0,20,39,62,6,1,946,108,17,1,16.7,489,9,0,12,6,551,1,3,0,0,27,0,0,1,0,59,41,66.1
Dante,br BRA,DF,Nice,fr Ligue 1,40.0,1983.0,25,21,1964,21.8,0,0,0,0,0,0,0.5,0.5,0.2,0.6,0.03,9,2,22.2,0.41,0.09,0.0,0.0,0.05,1267,1432,88.5,21977,9017,0.5,4,90,8,0,2,0,5,8,96,21,0.96,0,0.0,32,15,17,13,2,51.7,34,66,74,11,1,1651,171,19,6,40.0,949,18,1,16,5,1138,8,5,1,0,19,0,0,0,0,112,41,66.1
Pape Daouda Diongue,sn SEN,"MF,FW",Strasbourg,fr Ligue 1,,,9,1,78,0.9,1,0,1,1,0,0,1.0,1.0,0.2,1.2,1.41,5,2,40.0,5.77,2.31,0.2,0.5,0.2,47,57,82.5,697,106,0.0,1,3,0,0,1,0,0,0,2,1,1.15,0,0.0,2,0,1,1,0,50.0,3,5,2,2,0,78,3,5,0,0.0,40,2,0,3,1,53,3,0,0,0,0,0,0,0,0,9,4,100.0
Mohamed Daramy,dk DEN,FW,Reims,fr Ligue 1,22.0,2002.0,2,0,16,0.2,0,0,0,0,0,0,0.0,0.0,0.1,0.1,0.51,1,0,0.0,5.63,0.0,0.0,,0.03,4,4,100.0,40,16,0.2,1,0,0,0,0,0,0,0,0,2,11.25,1,5.63,0,0,0,0,0,,0,0,1,0,0,8,1,3,0,,5,3,3,2,1,7,2,0,0,0,0,0,0,0,0,0,1,33.3
Bence Dárdai,hu HUN,MF,Wolfsburg,de Bundesliga,18.0,2006.0,21,16,1304,14.5,1,1,2,1,0,0,1.0,1.0,1.0,2.1,0.14,11,1,9.1,0.76,0.07,0.09,1.0,0.1,357,445,80.2,5317,1399,1.0,11,35,9,2,10,1,1,1,39,24,1.66,2,0.14,24,14,9,13,2,53.3,12,36,28,13,1,595,25,18,3,25.0,287,5,0,18,11,337,24,0,0,0,9,3,1,0,0,52,10,40.0
Sergi Darder,es ESP,"MF,FW",Mallorca,es La Liga,30.0,1993.0,38,34,2744,30.5,2,6,8,2,0,0,2.1,2.1,3.7,5.8,0.19,36,9,25.0,1.18,0.3,0.06,0.22,0.06,981,1302,75.3,18512,5664,5.3,54,122,33,15,163,71,8,23,142,96,3.15,7,0.23,40,26,15,16,9,37.0,16,56,23,25,1,1558,19,29,34,45.9,911,37,7,36,30,1030,83,4,0,0,21,0,0,0,0,122,13,56.5
Matteo Darmian,it ITA,DF,Inter,it Serie A,34.0,1989.0,29,20,1781,19.8,3,2,5,3,0,0,1.9,1.9,1.5,3.5,0.18,11,3,27.3,0.56,0.15,0.27,1.0,0.18,844,1007,83.8,14714,3784,1.3,15,39,15,7,32,0,3,2,45,34,1.72,4,0.2,28,17,12,12,4,56.0,10,38,39,23,0,1144,53,33,4,44.4,593,14,9,15,6,787,102,3,0,0,26,2,0,1,1,39,13,46.4
Lukas Daschner,de GER,"MF,FW",Bochum,de Bundesliga,25.0,1998.0,14,3,412,4.6,1,1,2,1,0,1,2.7,1.9,0.7,2.6,0.74,8,4,50.0,1.75,0.87,0.13,0.25,0.24,93,144,64.6,1531,522,0.3,6,9,1,0,19,7,3,0,11,10,2.18,1,0.22,4,2,1,2,1,22.2,0,4,5,1,0,213,5,14,5,33.3,116,8,1,21,2,131,19,0,0,0,4,0,0,0,0,17,4,33.3
Juan David Cabal,co COL,DF,Juventus,it Serie A,23.0,2001.0,7,6,460,5.1,0,0,0,0,0,0,0.1,0.1,0.0,0.2,0.04,5,0,0.0,0.98,0.0,0.0,,0.03,307,350,87.7,5087,1427,0.3,1,20,3,2,7,0,1,3,17,3,0.59,3,0.59,10,4,7,3,0,66.7,2,12,14,7,1,401,13,3,4,57.1,242,14,0,6,4,285,19,0,0,0,7,0,0,0,0,20,8,72.7
Jonathan David,ca CAN,FW,Lille,fr Ligue 1,24.0,2000.0,32,28,2554,28.4,16,5,21,10,6,7,16.2,10.7,4.4,15.1,0.73,66,28,42.4,2.33,0.99,0.15,0.36,0.16,563,686,82.1,7502,1225,3.2,36,29,26,0,4,0,4,3,65,74,2.61,8,0.28,24,8,3,12,9,42.9,7,31,10,24,1,952,16,145,20,47.6,518,40,20,68,40,717,184,4,0,0,25,5,1,0,0,66,16,27.6
Alphonso Davies,ca CAN,DF,Bayern Munich,de Bundesliga,23.0,2000.0,19,17,1560,17.3,1,2,3,1,0,0,1.2,1.2,1.6,2.8,0.16,17,3,17.6,0.98,0.17,0.06,0.33,0.07,1141,1272,89.7,16222,3977,2.2,27,95,16,2,22,0,6,1,120,61,3.52,8,0.46,30,17,7,17,6,65.4,13,43,22,20,2,1463,33,49,31,45.6,895,81,21,33,19,1057,140,0,0,0,8,2,0,0,0,115,9,52.9
Ben Davies,wls WAL,DF,Tottenham,eng Premier League,31.0,1993.0,17,14,1331,14.8,0,0,0,0,0,0,0.3,0.3,0.2,0.5,0.03,5,1,20.0,0.34,0.07,0.0,0.0,0.06,896,1023,87.6,16735,6614,0.5,2,47,2,0,4,0,1,5,52,8,0.54,0,0.0,17,11,8,8,1,52.9,12,29,81,8,1,1186,215,13,1,100.0,664,14,0,5,0,781,6,5,0,0,17,0,0,0,0,41,52,54.2
Keinan Davis,eng ENG,FW,Udinese,it Serie A,26.0,1998.0,23,10,1066,11.8,2,1,3,2,0,0,2.9,2.9,2.1,5.0,0.42,29,11,37.9,2.45,0.93,0.07,0.18,0.1,208,275,75.6,3083,415,0.7,20,13,8,0,3,0,0,2,22,35,2.95,2,0.17,9,4,1,4,4,50.0,1,10,5,1,0,404,5,67,17,48.6,231,26,16,33,25,325,77,2,0,0,24,0,0,0,0,34,37,48.1
Leif Davis,eng ENG,DF,Ipswich Town,eng Premier League,24.0,2000.0,33,32,2743,30.5,1,2,3,1,0,0,1.0,1.0,4.9,5.8,0.19,16,2,12.5,0.52,0.07,0.06,0.5,0.06,919,1284,71.6,15858,6353,4.7,61,33,28,12,161,80,3,5,59,93,3.05,4,0.13,46,27,33,9,4,62.5,25,71,77,23,3,1562,117,42,13,34.2,708,52,11,37,16,835,137,5,1,0,27,1,0,2,0,113,34,59.6
Zuriko Davitashvili,ge GEO,"FW,MF",Saint-Étienne,fr Ligue 1,23.0,2001.0,33,32,2778,30.9,9,8,17,7,2,2,8.1,6.6,4.7,11.3,0.43,68,24,35.3,2.2,0.78,0.1,0.29,0.1,737,938,78.6,10639,2497,5.5,50,38,23,4,85,68,6,1,73,115,3.85,15,0.5,22,14,9,7,6,30.6,14,36,14,22,0,1298,17,123,46,37.4,764,95,47,74,57,905,224,3,0,0,20,8,2,0,0,117,14,23.0
Paweł Dawidowicz,pl POL,"DF,MF",Hellas Verona,it Serie A,29.0,1995.0,26,24,1845,20.5,0,0,0,0,0,0,0.3,0.3,0.0,0.3,0.01,4,0,0.0,0.2,0.0,0.0,,0.08,653,797,81.9,11772,3968,0.2,0,52,1,0,1,0,1,5,39,8,0.39,1,0.05,45,24,20,22,3,66.7,20,65,70,7,2,982,93,10,2,50.0,457,10,0,7,3,547,3,7,1,0,36,0,0,1,0,54,33,55.0
Craig Dawson,eng ENG,DF,Wolves,eng Premier League,34.0,1990.0,15,10,971,10.8,0,0,0,0,0,0,0.5,0.5,0.0,0.5,0.05,5,1,20.0,0.46,0.09,0.0,0.0,0.1,484,559,86.6,9745,3180,0.1,2,22,1,0,0,0,1,11,20,7,0.65,2,0.19,15,3,8,6,1,80.0,9,24,52,0,1,671,130,14,1,20.0,390,6,0,2,0,443,5,2,0,0,6,0,0,0,2,35,21,65.6
Kevin De Bruyne,be BEL,"MF,FW",Manchester City,eng Premier League,33.0,1991.0,28,19,1702,18.9,4,7,11,4,0,0,5.1,5.1,8.0,13.1,0.69,57,15,26.3,3.01,0.79,0.07,0.27,0.09,908,1196,75.9,15487,4454,6.7,57,88,59,13,145,94,15,10,157,113,5.97,11,0.58,17,9,7,5,5,21.7,7,24,10,28,1,1368,10,79,13,38.2,812,51,20,26,28,1021,150,2,0,0,17,3,0,0,0,64,5,23.8
Bobby De Cordova-Reid,jm JAM,FW,Leicester City,eng Premier League,31.0,1993.0,23,9,744,8.3,1,2,3,1,0,0,0.8,0.8,1.2,2.0,0.24,7,3,42.9,0.85,0.36,0.14,0.33,0.11,145,206,70.4,1883,587,0.2,6,9,5,0,15,0,0,0,15,13,1.57,3,0.36,9,4,3,6,0,28.6,0,9,10,15,0,272,15,16,0,0.0,174,14,6,11,10,188,48,2,0,0,9,2,1,0,0,29,6,30.0
Charles De Ketelaere,be BEL,"MF,FW",Atalanta,it Serie A,23.0,2001.0,36,25,2070,23.0,7,7,14,7,0,0,7.3,7.3,6.0,13.2,0.57,48,20,41.7,2.09,0.87,0.15,0.35,0.15,754,995,75.8,11207,3089,4.8,39,81,53,9,56,2,14,5,140,88,3.83,14,0.61,13,9,2,9,2,26.7,3,16,9,26,1,1238,10,135,43,45.3,832,108,41,52,50,1008,211,1,0,0,22,3,0,0,0,78,36,48.6
Rodrigo De Paul,ar ARG,MF,Atlético Madrid,es La Liga,30.0,1994.0,34,23,2106,23.4,3,5,8,3,0,0,1.3,1.3,5.6,6.9,0.29,19,4,21.1,0.81,0.17,0.16,0.75,0.07,1449,1773,81.7,24390,7515,5.8,42,180,58,13,59,12,27,14,231,90,3.84,13,0.56,33,26,12,16,5,42.4,6,39,15,28,3,1950,27,20,14,40.0,1373,85,3,33,24,1544,64,7,0,0,19,2,0,0,0,128,4,36.4
Mattia De Sciglio,it ITA,DF,Empoli,it Serie A,31.0,1992.0,16,7,769,8.5,1,0,1,1,0,0,0.6,0.6,0.2,0.8,0.09,5,3,60.0,0.59,0.35,0.2,0.33,0.12,233,299,77.9,4506,1744,0.2,3,12,4,2,7,0,0,4,18,8,0.94,0,0.0,18,13,10,8,0,82.4,8,26,35,7,1,394,35,9,1,25.0,161,4,0,5,4,191,7,0,0,0,8,1,0,0,0,27,6,75.0
Lorenzo De Silvestri,it ITA,DF,Bologna,it Serie A,36.0,1988.0,18,13,1060,11.8,1,0,1,1,0,0,0.8,0.8,0.3,1.1,0.09,9,4,44.4,0.76,0.34,0.11,0.25,0.09,446,564,79.1,7881,3173,0.4,5,40,6,5,23,0,0,2,46,14,1.19,2,0.17,11,6,7,1,3,43.8,10,21,32,9,0,657,31,11,1,20.0,313,4,0,7,2,380,30,1,0,0,17,0,0,0,0,26,12,42.9
Thibault De Smet,be BEL,DF,Reims,fr Ligue 1,26.0,1998.0,5,2,192,2.1,0,0,0,0,0,0,0.1,0.1,0.0,0.1,0.07,1,0,0.0,0.47,0.0,0.0,,0.14,105,116,90.5,1934,575,0.0,0,11,0,0,0,0,0,0,9,0,0.0,0,0.0,6,4,5,1,0,100.0,4,10,12,1,0,146,24,1,0,0.0,83,1,0,2,0,94,2,0,0,0,1,0,0,0,0,6,1,50.0
Koni De Winter,be BEL,DF,Genoa,it Serie A,22.0,2002.0,25,23,2135,23.7,3,0,3,3,0,0,2.1,2.1,0.2,2.3,0.1,13,7,53.8,0.55,0.3,0.23,0.43,0.16,1116,1289,86.6,20309,6901,0.2,3,42,3,2,4,0,0,3,56,15,0.63,1,0.04,33,19,21,8,4,68.0,25,58,118,10,3,1551,161,34,6,35.3,807,10,0,17,8,938,10,6,0,0,43,1,0,2,0,114,74,68.5
Amar Dedić,ba BIH,DF,Marseille,fr Ligue 1,21.0,2002.0,10,2,314,3.5,0,1,1,0,0,0,0.9,0.9,0.9,1.8,0.51,6,2,33.3,1.72,0.57,0.0,0.0,0.15,189,224,84.4,2657,515,0.8,4,5,2,0,5,1,1,1,16,14,4.01,1,0.29,5,4,2,2,1,30.0,3,8,12,6,1,282,6,17,9,47.4,180,21,5,8,8,194,46,1,0,0,7,0,0,0,0,18,7,53.8
Alessandro Deiola,it ITA,MF,Cagliari,it Serie A,28.0,1995.0,29,16,1432,15.9,2,1,3,2,0,0,1.7,1.7,0.6,2.4,0.15,18,5,27.8,1.13,0.31,0.11,0.4,0.1,384,523,73.4,6550,1881,0.7,6,45,8,1,14,0,2,7,40,26,1.63,3,0.19,31,20,11,17,3,31.3,13,44,38,20,0,686,49,20,3,75.0,332,11,1,15,11,398,36,6,0,0,32,2,0,0,0,68,37,56.1
Romain Del Castillo,fr FRA,FW,Brest,fr Ligue 1,28.0,1996.0,26,14,1259,14.0,6,4,10,3,3,4,4.7,1.5,3.4,4.9,0.58,17,8,47.1,1.22,0.57,0.18,0.38,0.09,480,688,69.8,8019,2803,4.1,37,44,26,11,103,39,3,7,61,67,4.79,9,0.64,31,22,9,13,9,59.4,6,37,5,27,0,840,6,41,19,43.2,438,29,7,36,17,565,106,0,0,0,11,4,0,0,0,73,8,40.0
Enrico Del Prato,it ITA,DF,Parma,it Serie A,24.0,1999.0,34,32,2947,32.7,4,0,4,4,0,0,2.0,2.0,1.2,3.2,0.1,12,5,41.7,0.37,0.15,0.33,0.8,0.17,1288,1534,84.0,23028,8120,0.9,14,68,9,2,16,0,0,3,81,32,0.98,1,0.03,33,17,24,8,1,73.1,19,52,132,15,2,1830,228,32,2,50.0,1006,8,3,12,3,1078,31,8,0,0,20,1,0,0,0,120,38,46.9
Thomas Delaine,fr FRA,DF,Strasbourg,fr Ligue 1,32.0,1992.0,2,0,9,0.1,0,0,0,0,0,0,0.0,0.0,0.0,0.0,0.0,0,0,,0.0,0.0,,,,0,4,0.0,0,0,0.0,0,0,0,0,0,0,0,0,0,0,0.0,0,0.0,1,1,1,0,0,100.0,1,2,1,0,0,8,1,0,0,,2,0,0,0,0,2,1,0,0,0,1,0,0,0,0,0,0,
Liam Delap,eng ENG,FW,Ipswich Town,eng Premier League,21.0,2003.0,37,32,2593,28.8,12,2,14,10,2,2,9.3,7.8,1.9,9.7,0.39,66,29,43.9,2.29,1.01,0.15,0.34,0.12,219,357,61.3,3011,657,1.4,21,17,6,0,5,0,8,1,30,62,2.15,7,0.24,11,8,3,3,5,13.3,2,13,28,16,0,682,29,92,40,46.5,445,61,30,104,60,537,110,12,0,0,72,13,2,0,0,68,55,42.6
Fisayo Dele-Bashiru,ng NGA,"MF,FW",Lazio,it Serie A,23.0,2001.0,20,12,947,10.5,3,1,4,3,0,0,1.1,1.1,0.8,1.9,0.18,16,5,31.3,1.52,0.48,0.19,0.6,0.07,315,359,87.7,4445,711,0.8,10,23,4,1,7,0,0,0,26,24,2.28,1,0.09,10,6,3,3,4,33.3,4,14,5,7,0,436,12,29,14,63.6,257,23,11,16,17,335,57,0,0,0,8,0,0,0,0,48,3,18.8
Andy Delort,dz ALG,FW,Montpellier,fr Ligue 1,32.0,1991.0,9,8,607,6.7,0,0,0,0,0,0,1.3,1.3,0.9,2.2,0.38,17,6,35.3,2.52,0.89,0.0,0.0,0.08,54,110,49.1,650,179,0.5,7,5,2,2,11,0,0,0,6,12,2.09,1,0.17,4,3,1,2,1,50.0,0,4,3,7,0,171,4,24,3,60.0,90,4,2,16,8,130,20,1,0,0,11,1,0,0,0,9,27,45.0
Olivier Deman,be BEL,DF,Werder Bremen,de Bundesliga,24.0,2000.0,9,0,67,0.7,0,0,0,0,0,0,0.0,0.0,0.1,0.1,0.15,0,0,,0.0,0.0,,,,38,58,65.5,706,297,0.1,1,3,1,0,6,3,0,0,4,1,1.34,0,0.0,6,3,2,4,0,28.6,3,9,4,2,0,75,3,2,0,0.0,31,2,0,0,0,31,1,1,0,0,1,0,0,0,0,5,4,100.0
Ali Dembélé,fr FRA,DF,Torino,it Serie A,20.0,2004.0,15,4,388,4.3,1,0,1,1,0,0,0.4,0.4,0.1,0.5,0.1,5,2,40.0,1.16,0.46,0.2,0.5,0.07,127,168,75.6,2055,697,0.1,3,2,1,1,7,0,0,0,12,7,1.62,0,0.0,9,5,6,3,0,100.0,1,10,11,4,1,222,13,11,2,33.3,101,8,3,9,5,115,8,4,1,1,9,0,0,1,0,15,5,31.3
Ousmane Dembélé,fr FRA,FW,Paris S-G,fr Ligue 1,27.0,1997.0,29,20,1730,19.2,21,6,27,20,1,1,16.6,15.8,8.2,24.0,1.29,96,49,51.0,4.99,2.55,0.21,0.41,0.16,844,1068,79.0,13453,3685,7.2,63,93,55,3,80,48,13,10,137,110,5.72,15,0.78,11,5,0,7,4,33.3,9,20,2,36,1,1323,2,161,42,44.2,878,127,66,41,32,1127,252,1,0,0,8,3,1,0,0,39,4,40.0
Ermedin Demirović,ba BIH,FW,Stuttgart,de Bundesliga,26.0,1998.0,34,20,1855,20.6,15,1,16,15,0,2,14.1,12.4,1.9,14.3,0.78,64,27,42.2,3.11,1.31,0.23,0.56,0.19,258,367,70.3,2971,645,1.7,18,15,10,0,3,0,3,0,31,47,2.28,7,0.34,12,7,3,4,5,25.0,3,15,12,11,0,582,10,126,5,20.0,305,20,9,39,27,437,115,2,0,0,24,3,0,0,0,33,34,42.0
Sepp van den Berg,nl NED,DF,Brentford,eng Premier League,22.0,2001.0,31,29,2586,28.7,0,0,0,0,0,0,2.0,2.0,0.8,2.8,0.1,20,6,30.0,0.7,0.21,0.0,0.0,0.1,1092,1278,85.4,19151,6135,0.5,6,64,3,1,7,0,0,2,79,22,0.77,2,0.07,39,24,25,10,4,65.5,21,60,134,7,3,1605,282,48,4,57.1,737,12,1,15,7,917,28,3,0,0,23,1,1,0,0,97,94,55.0
Justin Devenny,nir NIR,MF,Crystal Palace,eng Premier League,20.0,2003.0,23,4,507,5.6,1,1,2,1,0,0,0.8,0.8,0.6,1.4,0.25,10,6,60.0,1.78,1.07,0.1,0.17,0.08,148,205,72.2,2433,730,0.4,7,22,4,1,17,9,1,1,21,15,2.66,1,0.18,17,12,7,9,1,42.1,0,17,11,2,0,279,8,8,2,50.0,134,5,1,17,3,167,13,1,0,0,8,0,0,0,0,27,2,13.3
Kiernan Dewsbury-Hall,eng ENG,"MF,FW",Chelsea,eng Premier League,25.0,1998.0,13,2,264,2.9,0,1,1,0,0,0,0.2,0.2,1.1,1.3,0.44,1,0,0.0,0.34,0.0,0.0,,0.22,127,152,83.6,1898,319,0.2,3,12,3,0,2,2,0,1,14,5,1.7,1,0.34,8,5,1,1,6,66.7,2,10,9,2,1,184,5,6,2,50.0,95,5,0,1,3,138,11,0,0,0,4,0,0,0,0,9,0,0.0
Giovanni Di Lorenzo,it ITA,DF,Napoli,it Serie A,30.0,1993.0,37,37,3330,37.0,3,2,5,3,0,0,2.8,2.8,3.9,6.7,0.18,21,6,28.6,0.57,0.16,0.14,0.5,0.15,1870,2236,83.6,29372,9836,3.9,37,170,54,8,63,0,2,7,224,80,2.16,8,0.22,66,44,35,25,6,64.6,31,97,85,48,1,2541,116,67,4,12.9,1202,50,6,28,14,1701,163,6,0,0,46,1,0,0,0,94,45,49.5
Boulaye Dia,sn SEN,"MF,FW",Lazio,it Serie A,27.0,1996.0,35,27,2177,24.2,9,3,12,9,0,0,7.1,7.1,4.2,11.3,0.47,39,19,48.7,1.61,0.79,0.23,0.47,0.18,494,591,83.6,7767,1110,1.5,26,37,7,0,2,0,7,5,51,55,2.27,8,0.33,22,10,5,12,5,43.8,6,28,16,13,1,802,19,94,17,40.5,452,23,9,33,34,618,114,2,0,0,23,2,1,0,0,55,21,27.3
Mouctar Diakhaby,gn GUI,DF,Valencia,es La Liga,27.0,1996.0,13,7,653,7.3,2,0,2,2,0,0,1.5,1.5,0.0,1.5,0.21,11,4,36.4,1.52,0.55,0.18,0.5,0.13,282,336,83.9,4919,1857,0.1,1,7,2,0,1,0,0,3,14,4,0.55,1,0.14,8,3,8,0,0,66.7,11,19,56,4,0,440,65,19,2,50.0,222,5,0,5,2,270,2,0,0,0,2,0,0,0,0,23,18,78.3
Mamadou Diakhon,fr FRA,"FW,MF",Reims,fr Ligue 1,18.0,2005.0,28,5,858,9.5,2,1,3,2,0,0,1.0,1.0,1.1,2.2,0.23,18,8,44.4,1.89,0.84,0.11,0.25,0.06,198,257,77.0,3478,420,0.6,13,5,6,3,33,1,1,3,17,37,3.88,2,0.21,12,8,4,3,5,50.0,4,16,5,10,0,379,8,46,25,41.0,288,61,32,29,13,299,77,2,0,0,5,6,1,0,0,38,1,7.1
Bafodé Diakité,fr FRA,DF,Lille,fr Ligue 1,23.0,2001.0,31,31,2766,30.7,4,1,5,4,0,0,2.3,2.3,0.2,2.5,0.08,16,7,43.8,0.52,0.23,0.25,0.57,0.15,2086,2239,93.2,38535,12423,0.8,3,141,0,0,4,0,2,5,90,19,0.62,3,0.1,31,18,17,11,3,69.2,27,58,99,19,5,2475,199,21,9,100.0,1606,15,0,13,6,1891,3,8,1,1,44,1,0,1,0,139,61,72.6
Oumar Diakité,ci CIV,FW,Reims,fr Ligue 1,20.0,2003.0,26,20,1628,18.1,4,1,5,4,0,1,5.5,4.7,1.1,5.8,0.36,26,9,34.6,1.44,0.5,0.15,0.44,0.18,291,354,82.2,4122,691,1.2,11,22,12,2,7,0,1,2,44,39,2.16,4,0.22,20,13,7,8,5,47.4,3,23,9,10,0,580,13,57,20,35.1,319,24,4,64,38,397,93,6,0,0,27,3,0,0,0,59,25,29.8
Amad Diallo,ci CIV,"MF,FW",Manchester Utd,eng Premier League,22.0,2002.0,26,20,1901,21.1,8,6,14,8,0,0,4.7,4.7,4.9,9.6,0.45,47,17,36.2,2.23,0.8,0.17,0.47,0.1,795,949,83.8,11030,2193,4.2,49,27,35,7,42,32,3,1,60,97,4.59,18,0.85,38,31,9,20,9,59.4,11,49,19,20,1,1207,16,131,41,46.6,782,109,66,42,35,854,200,5,0,0,21,6,2,0,0,109,10,40.0
Assane Diao,sn SEN,"FW,MF",Como,it Serie A,18.0,2005.0,15,14,1252,13.9,8,1,9,8,0,0,4.0,4.0,0.4,4.4,0.31,28,13,46.4,2.01,0.93,0.29,0.62,0.14,241,304,79.3,3311,698,0.6,8,13,13,0,12,1,0,0,36,31,2.23,4,0.29,25,14,9,10,6,42.9,3,28,19,22,0,523,16,58,19,26.4,376,50,27,50,38,396,116,2,0,0,20,3,0,0,0,41,16,32.0
Assane Diao,sn SEN,FW,Betis,es La Liga,18.0,2005.0,10,2,277,3.1,1,2,3,1,0,0,0.8,0.8,1.5,2.3,0.75,7,1,14.3,2.27,0.32,0.14,1.0,0.11,49,66,74.2,626,139,0.6,8,2,1,1,4,0,0,0,1,7,2.28,2,0.65,5,3,1,3,1,44.4,0,5,3,4,0,122,4,19,2,18.2,63,9,3,15,2,81,27,0,0,0,4,0,0,0,0,12,8,57.1
Habib Diarra,sn SEN,"MF,FW",Strasbourg,fr Ligue 1,20.0,2004.0,30,27,2352,26.1,4,5,9,2,2,2,3.3,1.8,4.5,6.3,0.3,25,10,40.0,0.96,0.38,0.08,0.2,0.07,812,978,83.0,13413,2876,4.3,27,64,27,12,54,0,6,5,116,57,2.18,8,0.31,22,13,6,13,3,40.0,13,35,46,25,3,1214,50,42,13,26.5,709,61,12,30,22,885,114,6,0,0,26,6,1,0,0,90,12,42.9
Moussa Diarra,ml MLI,DF,Alavés,es La Liga,23.0,2000.0,26,20,1866,20.7,0,0,0,0,0,0,0.0,0.0,0.1,0.2,0.01,1,0,0.0,0.05,0.0,0.0,,0.03,670,835,80.2,12112,5342,0.4,3,44,8,3,23,0,0,6,70,18,0.87,4,0.19,40,24,19,18,3,58.6,21,61,46,14,1,1012,56,9,7,50.0,499,12,2,17,15,584,31,6,0,0,28,4,1,1,0,76,31,51.7
Rúben Dias,pt POR,DF,Manchester City,eng Premier League,27.0,1997.0,27,25,2271,25.2,0,0,0,0,0,0,1.5,1.5,0.3,1.8,0.07,21,7,33.3,0.83,0.28,0.0,0.0,0.07,2167,2317,93.5,37644,12143,1.2,5,222,12,0,3,0,0,10,160,26,1.03,1,0.04,17,11,7,9,1,53.8,20,37,71,14,4,2499,216,26,2,66.7,1775,43,1,8,1,2016,8,4,0,0,12,0,0,1,1,78,37,52.1
Krépin Diatta,sn SEN,"DF,FW",Monaco,fr Ligue 1,25.0,1999.0,19,3,508,5.6,0,0,0,0,0,0,0.2,0.2,0.8,1.0,0.17,2,1,50.0,0.35,0.18,0.0,0.0,0.08,240,314,76.4,3683,1198,0.9,4,16,6,2,15,0,1,3,21,10,1.77,0,0.0,18,12,13,2,3,58.3,9,27,12,5,2,373,14,9,8,61.5,205,17,1,10,2,230,41,3,0,0,14,0,0,0,0,36,15,62.5
Kandet Diawara,gn GUI,FW,Le Havre,fr Ligue 1,24.0,2000.0,1,0,4,0.0,0,0,0,0,0,0,0.0,0.0,0.0,0.0,0.0,0,0,,0.0,0.0,,,,1,2,50.0,6,0,0.0,0,0,0,0,0,0,0,0,0,0,0.0,0,0.0,0,0,0,0,0,,0,0,1,0,0,4,0,0,0,,2,0,0,0,2,2,0,0,0,0,0,0,0,0,0,0,0,
Mahamadou Diawara,fr FRA,MF,Le Havre,fr Ligue 1,19.0,2005.0,15,6,582,6.5,0,1,1,0,0,0,0.4,0.4,0.4,0.8,0.12,7,1,14.3,1.08,0.15,0.0,0.0,0.06,193,233,82.8,3436,571,0.3,7,15,1,0,5,1,0,2,16,14,2.16,1,0.15,20,12,10,8,2,61.5,13,33,11,11,1,321,19,11,6,46.2,180,9,0,8,7,183,6,0,0,0,15,0,0,0,0,40,2,22.2
Mahamadou Diawara,fr FRA,MF,Lyon,fr Ligue 1,19.0,2005.0,2,0,16,0.2,0,0,0,0,0,0,0.0,0.0,0.0,0.0,0.0,0,0,,0.0,0.0,,,,6,7,85.7,117,60,0.0,0,0,0,0,0,0,0,0,1,0,0.0,0,0.0,1,0,0,1,0,33.3,0,1,0,0,0,9,0,1,0,,2,1,0,0,1,3,0,0,0,0,1,0,0,0,0,3,0,
Brahim Díaz,ma MAR,"FW,MF",Real Madrid,es La Liga,24.0,1999.0,31,16,1385,15.4,4,2,6,4,0,0,5.3,5.3,3.3,8.6,0.56,28,15,53.6,1.82,0.97,0.14,0.27,0.19,573,660,86.8,7322,1909,2.3,23,56,19,0,8,0,8,1,74,56,3.64,12,0.78,25,19,9,13,3,36.8,4,29,2,13,1,833,5,66,24,51.1,541,39,12,44,27,669,110,0,0,0,14,1,0,0,0,54,3,17.6
Daniel Díaz,es ESP,MF,Real Sociedad,es La Liga,18.0,2006.0,1,0,10,0.1,0,0,0,0,0,0,0.0,0.0,0.0,0.0,0.0,0,0,,0.0,0.0,,,,1,3,33.3,20,0,0.0,0,0,0,0,0,0,0,0,0,0,0.0,0,0.0,1,1,1,0,0,,0,1,0,0,0,6,0,1,0,0.0,1,0,0,0,0,4,0,0,0,0,1,0,0,0,0,0,1,100.0
Luis Díaz,co COL,FW,Liverpool,eng Premier League,27.0,1997.0,36,28,2399,26.7,13,5,18,13,0,0,12.0,12.0,5.0,17.1,0.64,71,30,42.3,2.66,1.13,0.18,0.43,0.17,736,874,84.2,11789,2533,4.5,56,48,46,6,32,1,2,9,110,117,4.39,16,0.6,39,26,13,20,6,38.5,7,46,7,24,1,1184,17,167,53,45.7,780,108,56,55,49,933,293,2,0,0,48,4,2,0,0,105,13,25.5
Pedro Díaz,es ESP,MF,Rayo Vallecano,es La Liga,26.0,1998.0,26,12,1211,13.5,3,0,3,3,0,1,2.4,1.6,2.1,3.7,0.33,31,7,22.6,2.3,0.52,0.1,0.43,0.05,446,566,78.8,6612,1964,2.1,26,45,17,2,42,23,2,8,62,50,3.72,5,0.37,23,15,7,14,2,34.1,7,30,7,10,1,707,7,19,20,58.8,390,27,2,24,8,459,49,2,0,0,7,0,0,0,0,80,5,38.5
Tyler Dibling,eng ENG,"FW,MF",Southampton,eng Premier League,18.0,2006.0,33,20,1874,20.8,2,0,2,2,0,0,2.5,2.5,1.5,4.1,0.2,28,9,32.1,1.34,0.43,0.07,0.22,0.09,504,620,81.3,7544,1553,1.5,20,27,20,1,28,11,8,3,64,56,2.69,4,0.19,34,20,13,18,3,61.5,8,42,16,17,1,868,27,41,45,40.9,558,69,26,44,55,651,96,6,0,0,30,5,2,0,0,80,10,28.6
Diego,es ESP,FW,Leganés,es La Liga,24.0,2000.0,28,13,1195,13.3,3,0,3,3,0,0,3.8,3.8,0.2,4.0,0.3,29,9,31.0,2.18,0.68,0.1,0.33,0.13,121,192,63.0,1679,322,0.2,6,8,3,1,5,0,0,1,16,12,0.9,1,0.08,1,1,0,0,1,14.3,2,3,11,6,0,322,11,44,4,40.0,192,9,5,45,12,246,49,2,0,0,22,3,1,0,0,25,43,34.1
Justin Diehl,de GER,"FW,DF",Stuttgart,de Bundesliga,19.0,2004.0,6,0,104,1.2,1,0,1,1,0,0,1.0,1.0,0.1,1.1,0.94,7,1,14.3,6.06,0.87,0.14,1.0,0.14,42,59,71.2,540,132,0.3,1,3,1,0,10,3,0,0,5,4,3.46,0,0.0,1,0,0,1,0,100.0,0,1,0,0,0,84,1,9,3,23.1,55,5,3,2,3,60,20,0,0,0,2,0,0,0,0,8,0,0.0
Bamba Dieng,sn SEN,FW,Angers,fr Ligue 1,24.0,2000.0,18,5,532,5.9,3,0,3,2,1,1,3.1,2.3,0.0,2.4,0.53,13,6,46.2,2.2,1.02,0.15,0.33,0.18,80,103,77.7,931,140,0.2,1,2,3,1,5,1,2,0,7,6,1.02,1,0.17,4,1,1,2,1,0.0,0,4,3,2,0,157,3,24,2,14.3,96,6,3,11,10,135,35,1,0,0,9,1,1,0,0,5,9,27.3
Eric Dier,eng ENG,DF,Bayern Munich,de Bundesliga,30.0,1994.0,21,16,1463,16.3,2,1,3,2,0,0,1.1,1.1,0.1,1.2,0.08,9,5,55.6,0.55,0.31,0.22,0.4,0.12,1324,1412,93.8,23560,8112,1.2,3,133,5,0,2,0,2,7,73,13,0.8,2,0.12,19,11,8,9,2,65.0,20,39,77,6,1,1591,127,19,2,66.7,944,12,0,7,2,1157,1,1,0,0,16,0,0,0,0,80,52,54.7
Lucas Digne,fr FRA,DF,Aston Villa,eng Premier League,31.0,1993.0,32,28,2351,26.1,0,4,4,0,0,0,0.8,0.8,4.7,5.5,0.21,13,3,23.1,0.5,0.11,0.0,0.0,0.06,956,1277,74.9,15607,5137,4.0,36,44,30,19,140,57,2,4,57,66,2.53,5,0.19,65,38,40,16,9,66.7,25,90,89,41,1,1527,97,28,9,47.4,683,23,4,17,16,820,142,4,0,0,21,0,0,0,0,104,37,56.9
Kembo Diliwidi,fr FRA,DF,Lens,fr Ligue 1,18.0,2006.0,1,0,4,0.0,0,0,0,0,0,0,0.0,0.0,0.0,0.0,0.0,0,0,,0.0,0.0,,,,2,3,66.7,36,22,0.0,0,1,1,0,1,0,0,0,1,0,0.0,0,0.0,0,0,0,0,0,,0,0,0,0,0,4,0,1,0,0.0,1,0,0,0,0,1,0,0,0,0,1,0,0,0,0,0,0,
Federico Dimarco,it ITA,"DF,FW",Inter,it Serie A,26.0,1997.0,32,28,2140,23.8,4,7,11,4,0,0,3.3,3.3,6.1,9.5,0.39,55,20,36.4,2.31,0.84,0.07,0.2,0.06,973,1275,76.3,16613,4805,5.1,48,47,40,19,188,73,3,13,83,96,4.0,14,0.58,25,14,10,12,3,52.6,14,39,33,29,2,1475,34,90,4,40.0,789,47,13,18,10,1007,232,3,0,0,18,2,0,0,0,76,7,35.0
Junior Dina Ebimbe,fr FRA,"MF,FW",Eint Frankfurt,de Bundesliga,23.0,2000.0,7,3,293,3.3,0,1,1,0,0,0,0.9,0.9,0.9,1.8,0.56,8,0,0.0,2.46,0.0,0.0,,0.11,71,112,63.4,1130,280,0.6,3,1,2,0,8,0,0,1,3,6,1.85,1,0.31,3,2,1,2,0,33.3,7,10,6,1,0,161,5,16,5,45.5,82,5,3,8,4,105,27,0,0,0,10,2,0,1,0,11,8,66.7
Eren Dinkçi,de GER,"MF,FW",Freiburg,de Bundesliga,22.0,2001.0,23,13,1196,13.3,0,3,3,0,0,0,1.1,1.1,2.2,3.3,0.25,14,3,21.4,1.05,0.23,0.0,0.0,0.08,297,394,75.4,4230,1090,1.2,23,24,11,3,15,1,1,1,35,43,3.23,5,0.38,21,13,8,8,5,30.4,7,28,7,17,0,552,6,36,16,41.0,269,33,9,31,12,347,71,1,0,0,9,2,1,0,0,55,6,30.0
Sinaly Diomande,ci CIV,DF,Auxerre,fr Ligue 1,23.0,2001.0,23,22,1945,21.6,3,2,5,3,0,0,1.1,1.1,0.6,1.7,0.08,9,4,44.4,0.42,0.19,0.33,0.75,0.13,813,961,84.6,15073,6116,0.3,4,52,1,0,1,0,0,14,72,21,0.97,5,0.23,39,19,20,18,1,70.0,30,69,100,10,2,1223,150,12,8,57.1,698,8,0,12,6,756,8,6,0,0,24,0,0,1,1,86,28,56.0
Yan Diomandé,ci CIV,"MF,FW",Leganés,es La Liga,17.0,2006.0,10,6,545,6.1,2,1,3,2,0,0,1.4,1.4,0.9,2.3,0.38,11,3,27.3,1.82,0.5,0.18,0.67,0.13,166,200,83.0,2229,543,0.9,14,4,7,1,12,0,1,0,16,37,6.11,5,0.83,14,9,1,8,5,33.3,8,22,6,5,0,309,4,42,23,60.5,200,37,20,26,16,204,64,1,0,0,8,1,0,0,0,41,3,20.0
Lois Diony,fr FRA,FW,Angers,fr Ligue 1,31.0,1992.0,1,0,21,0.2,0,0,0,0,0,0,0.0,0.0,0.0,0.0,0.0,0,0,,0.0,0.0,,,,1,4,25.0,9,0,0.0,0,0,0,0,0,0,0,0,0,0,0.0,0,0.0,0,0,0,0,0,,0,0,0,0,0,6,0,2,0,,4,0,0,2,0,6,2,0,0,0,0,0,0,0,0,0,1,100.0
Issa Diop,fr FRA,DF,Fulham,eng Premier League,27.0,1997.0,21,15,1339,14.9,0,0,0,0,0,0,0.5,0.5,0.1,0.6,0.04,5,2,40.0,0.34,0.13,0.0,0.0,0.11,663,758,87.5,12350,4179,0.1,3,43,1,0,1,0,0,1,25,6,0.4,0,0.0,26,12,18,8,0,72.2,9,35,72,2,2,903,125,13,1,50.0,533,6,0,9,2,617,3,2,0,0,10,0,0,0,1,45,20,62.5
Sérigné Diop,sn SEN,FW,Brest,fr Ligue 1,19.0,2005.0,2,0,4,0.0,0,0,0,0,0,0,0.0,0.0,0.0,0.0,0.0,0,0,,0.0,0.0,,,,2,2,100.0,20,0,0.0,0,0,0,0,0,0,0,0,0,0,0.0,0,0.0,1,0,0,1,0,,0,1,0,0,0,6,0,0,0,,1,0,0,2,0,3,0,0,0,0,0,0,0,0,0,0,0,
Sofiane Diop,fr FRA,"MF,FW",Nice,fr Ligue 1,24.0,2000.0,28,8,1064,11.8,6,4,10,6,0,0,6.0,6.0,2.9,8.9,0.75,22,11,50.0,1.86,0.93,0.27,0.55,0.27,436,565,77.2,6822,2216,2.8,24,47,19,1,33,22,16,7,64,47,3.98,9,0.76,23,16,16,3,4,40.9,17,40,7,12,1,714,17,35,10,32.3,399,26,4,20,18,508,70,3,0,0,17,4,0,0,0,73,3,27.3
Andy Diouf,fr FRA,MF,Lens,fr Ligue 1,21.0,2003.0,34,27,2225,24.7,1,2,3,1,0,0,2.9,2.9,2.8,5.7,0.23,40,5,12.5,1.62,0.2,0.03,0.2,0.07,849,1068,79.5,11438,2865,3.3,33,60,31,3,30,11,13,2,116,85,3.44,3,0.12,37,26,10,22,5,40.0,15,52,18,30,2,1367,23,51,43,49.4,751,82,10,75,42,966,94,2,0,0,43,2,0,1,0,154,18,36.7
Assane Dioussé,sn SEN,MF,Auxerre,fr Ligue 1,26.0,1997.0,17,7,663,7.4,0,0,0,0,0,0,0.1,0.1,0.2,0.3,0.04,3,2,66.7,0.41,0.27,0.0,0.0,0.02,320,357,89.6,5872,1510,0.1,2,21,0,0,1,0,0,7,33,13,1.76,1,0.14,15,7,9,5,1,35.7,12,27,15,4,0,431,19,4,2,33.3,276,1,1,6,4,281,6,1,0,0,18,0,0,0,0,41,1,25.0
Axel Disasi,fr FRA,DF,Aston Villa,eng Premier League,26.0,1998.0,7,5,490,5.4,0,0,0,0,0,0,0.1,0.1,0.4,0.5,0.09,2,0,0.0,0.37,0.0,0.0,,0.04,243,280,86.8,4080,1517,0.3,3,14,3,0,1,0,1,0,16,9,1.65,0,0.0,8,5,7,1,0,42.9,5,13,18,5,0,334,32,6,9,60.0,207,10,2,3,2,223,5,2,0,0,3,0,0,0,0,15,8,57.1
Axel Disasi,fr FRA,DF,Chelsea,eng Premier League,26.0,1998.0,6,4,364,4.0,1,0,1,1,0,0,0.3,0.3,0.1,0.4,0.09,2,1,50.0,0.49,0.25,0.5,1.0,0.14,266,293,90.8,4218,1367,0.1,2,20,2,0,0,0,0,1,16,2,0.49,0,0.0,7,4,5,1,1,54.5,2,9,11,2,1,323,17,2,1,100.0,196,6,0,1,3,242,2,1,0,0,2,0,0,0,0,15,5,71.4
Roman Dixon,eng ENG,DF,Everton,eng Premier League,19.0,2004.0,1,1,90,1.0,0,0,0,0,0,0,0.0,0.0,0.0,0.0,0.0,0,0,,0.0,0.0,,,,11,19,57.9,205,111,0.0,0,3,0,0,0,0,0,0,0,0,0.0,0,0.0,5,5,3,2,0,100.0,1,6,3,0,0,36,8,0,0,0.0,16,0,0,2,0,13,1,0,0,0,0,0,0,0,0,6,0,0.0
Álvaro djaló,es ESP,FW,Athletic Club,es La Liga,24.0,1999.0,17,7,659,7.3,1,0,1,1,0,0,0.8,0.8,0.9,1.7,0.23,15,3,20.0,2.05,0.41,0.07,0.33,0.06,85,128,66.4,1303,335,0.6,4,6,6,4,14,0,0,4,13,12,1.64,1,0.14,8,5,3,2,3,33.3,1,9,4,3,0,230,3,25,14,38.9,151,22,6,29,13,177,60,2,0,0,19,5,0,0,0,28,10,34.5
Djené,tg TOG,"DF,MF",Getafe,es La Liga,32.0,1991.0,31,31,2548,28.3,0,0,0,0,0,0,0.3,0.3,0.6,0.9,0.03,6,0,0.0,0.21,0.0,0.0,,0.05,694,918,75.6,12668,5016,0.8,9,78,13,6,32,0,0,4,74,21,0.74,1,0.04,25,13,12,11,2,37.5,21,46,107,8,3,1164,88,17,7,41.2,514,18,1,23,17,527,21,10,1,0,40,1,0,0,0,102,43,58.9
Nasser Djiga,bf BFA,DF,Wolves,eng Premier League,21.0,2002.0,5,1,66,0.7,0,0,0,0,0,0,0.0,0.0,0.0,0.0,0.0,0,0,,0.0,0.0,,,,40,48,83.3,740,183,0.0,0,3,0,0,0,0,0,0,3,0,0.0,0,0.0,0,0,0,0,0,0.0,2,2,4,2,1,58,2,0,0,,32,0,0,1,2,35,2,0,0,0,0,0,0,0,0,2,1,50.0
Berat Djimsiti,al ALB,DF,Atalanta,it Serie A,31.0,1993.0,34,32,2640,29.3,1,2,3,1,0,0,2.7,2.7,1.3,3.9,0.13,20,4,20.0,0.68,0.14,0.05,0.25,0.13,1483,1691,87.7,26133,7354,0.7,11,84,12,3,11,0,1,6,109,30,1.02,7,0.24,53,33,29,23,1,72.5,40,93,141,15,2,2023,143,45,1,25.0,1097,32,2,10,1,1323,42,6,0,0,23,0,0,1,1,102,90,60.8
Ritsu Doan,jp JPN,"FW,MF",Freiburg,de Bundesliga,26.0,1998.0,34,33,2862,31.8,10,7,17,10,0,0,6.6,6.6,3.7,10.3,0.32,61,21,34.4,1.92,0.66,0.16,0.48,0.12,783,1090,71.8,12072,4302,5.9,27,70,48,15,80,9,12,5,130,111,3.49,16,0.5,66,42,33,26,7,54.3,14,80,47,42,1,1537,40,108,56,44.1,827,64,26,58,62,1031,178,2,0,0,27,15,1,1,0,133,16,30.8
Dodô,br BRA,DF,Fiorentina,it Serie A,25.0,1998.0,34,34,3025,33.6,0,4,4,0,0,0,1.4,1.4,4.2,5.6,0.16,25,5,20.0,0.74,0.15,0.0,0.0,0.05,1341,1728,77.6,24063,7341,4.3,36,80,40,22,142,1,2,10,128,75,2.17,11,0.32,44,29,25,11,8,51.0,34,78,58,45,2,2083,74,66,52,46.0,1278,143,34,73,26,1311,193,8,0,0,24,8,2,0,0,183,12,42.9
Danilho Doekhi,nl NED,DF,Union Berlin,de Bundesliga,26.0,1998.0,34,34,3060,34.0,1,1,2,1,0,0,2.6,2.6,1.4,4.0,0.12,32,4,12.5,0.94,0.12,0.03,0.25,0.08,995,1270,78.3,17773,6058,0.9,13,81,6,3,10,0,1,1,96,32,0.94,4,0.12,37,24,18,16,3,56.5,44,81,169,20,1,1654,182,64,3,60.0,883,13,0,13,6,1000,14,4,0,0,36,2,0,1,0,97,93,55.4
Matt Doherty,ie IRL,DF,Wolves,eng Premier League,32.0,1992.0,30,25,2109,23.4,2,1,3,2,0,0,1.0,1.0,1.5,2.6,0.11,10,3,30.0,0.43,0.13,0.2,0.67,0.1,1078,1302,82.8,20102,6585,1.2,12,94,15,1,22,0,2,22,79,25,1.07,3,0.13,38,21,25,13,0,68.0,22,60,102,14,3,1534,126,26,11,52.4,825,29,4,11,5,982,41,6,0,0,18,1,0,0,1,106,56,72.7
Jeremy Doku,be BEL,"FW,MF",Manchester City,eng Premier League,22.0,2002.0,29,16,1516,16.8,3,6,9,3,0,0,1.3,1.3,4.8,6.1,0.36,29,9,31.0,1.72,0.53,0.1,0.33,0.05,603,762,79.1,8464,1506,3.8,32,12,48,6,59,2,8,0,69,79,4.69,14,0.83,31,22,9,12,10,53.3,4,35,2,30,0,1027,4,161,107,53.2,796,213,109,59,59,854,286,1,0,0,10,3,0,0,0,63,0,0.0
Marc Domenech,es ESP,"FW,MF",Mallorca,es La Liga,18.0,2006.0,10,3,303,3.4,0,0,0,0,0,0,0.7,0.7,0.2,0.9,0.27,8,2,25.0,2.38,0.59,0.0,0.0,0.09,34,49,69.4,465,132,0.3,5,0,4,2,4,0,0,0,4,7,2.09,0,0.0,4,4,2,1,1,40.0,0,4,2,1,0,84,2,13,1,50.0,42,1,0,11,3,51,21,0,0,0,5,0,0,0,0,8,8,53.3
Benjamín Domínguez,ar ARG,FW,Bologna,it Serie A,20.0,2003.0,24,16,1281,14.2,3,2,5,3,0,0,2.2,2.2,0.8,3.1,0.21,30,17,56.7,2.11,1.19,0.1,0.18,0.07,272,348,78.2,3724,625,0.9,10,12,13,1,11,0,2,0,32,41,2.88,7,0.49,18,7,2,11,5,30.0,4,22,7,17,0,555,6,55,28,37.8,396,50,23,45,33,420,123,0,0,0,10,4,0,0,0,62,2,8.7
Carlos Dominguez,es ESP,DF,Celta Vigo,es La Liga,23.0,2001.0,19,13,1181,13.1,0,0,0,0,0,0,0.2,0.2,0.1,0.3,0.02,3,1,33.3,0.23,0.08,0.0,0.0,0.07,856,967,88.5,15954,5531,0.2,2,64,0,0,0,0,0,6,66,6,0.46,0,0.0,23,11,14,9,0,71.4,13,36,80,5,1,1116,109,7,2,66.7,683,15,0,5,0,802,4,1,0,0,8,0,0,0,1,45,28,65.1
Israel Domínguez,es ESP,FW,Sevilla,es La Liga,21.0,2003.0,1,0,18,0.2,0,0,0,0,0,0,0.0,0.0,0.0,0.0,0.0,0,0,,0.0,0.0,,,,2,2,100.0,24,0,0.0,0,0,0,0,0,0,0,0,0,0,0.0,0,0.0,0,0,0,0,0,,0,0,0,0,0,2,0,0,0,,1,0,0,0,0,2,0,0,0,0,0,0,0,0,0,0,0,0.0
Nicolás Domínguez,ar ARG,"MF,FW",Nott'ham Forest,eng Premier League,26.0,1998.0,34,23,1963,21.8,0,1,1,0,0,0,1.5,1.5,1.3,2.8,0.13,21,9,42.9,0.96,0.41,0.0,0.0,0.07,821,947,86.7,11995,3387,1.6,13,81,11,1,7,0,7,0,83,38,1.74,0,0.0,86,45,40,35,11,47.4,29,115,54,11,1,1218,78,33,3,33.3,471,16,2,23,12,676,33,9,0,0,33,3,0,0,0,114,27,54.0
Sergi Dominguez,es ESP,DF,Barcelona,es La Liga,19.0,2005.0,3,2,172,1.9,0,0,0,0,0,0,0.0,0.0,0.0,0.0,0.0,0,0,,0.0,0.0,,,,171,180,95.0,3171,1062,0.0,0,13,0,0,0,0,0,0,13,0,0.0,0,0.0,1,1,1,0,0,,3,4,7,0,0,191,13,0,0,,127,0,0,0,0,157,1,1,0,0,2,0,0,1,0,8,1,25.0
Patrick Dorgu,dk DEN,DF,Manchester Utd,eng Premier League,19.0,2004.0,12,10,842,9.4,0,0,0,0,0,0,0.4,0.4,0.7,1.2,0.12,10,2,20.0,1.07,0.21,0.0,0.0,0.04,400,494,81.0,5631,1295,1.3,12,23,11,2,39,1,0,1,34,24,2.57,1,0.11,31,24,15,14,2,69.6,4,35,23,8,2,602,16,32,3,23.1,354,41,7,12,10,399,83,3,1,0,17,2,0,0,0,37,15,62.5
Patrick Dorgu,dk DEN,"DF,FW",Lecce,it Serie A,19.0,2004.0,21,21,1840,20.4,3,1,4,3,0,0,3.3,3.3,1.5,4.8,0.23,36,10,27.8,1.76,0.49,0.08,0.3,0.09,580,748,77.5,9714,2661,1.0,19,42,21,8,40,1,3,7,54,58,2.84,7,0.34,45,27,21,19,5,51.1,18,63,42,24,2,1011,56,50,13,29.5,557,68,20,37,37,658,117,2,1,0,24,9,1,0,1,99,31,59.6
Alfie Dorrington,eng ENG,DF,Tottenham,eng Premier League,19.0,2005.0,1,0,14,0.2,0,0,0,0,0,0,0.0,0.0,0.0,0.0,0.0,0,0,,0.0,0.0,,,,15,16,93.8,304,39,0.0,0,0,0,0,0,0,0,0,0,0,0.0,0,0.0,0,0,0,0,0,,0,0,0,0,0,16,0,0,0,,12,0,0,0,0,13,0,0,0,0,0,0,0,0,0,3,0,
Niklas Dorsch,de GER,MF,Augsburg,de Bundesliga,26.0,1998.0,1,0,32,0.4,0,0,0,0,0,0,0.0,0.0,0.0,0.0,0.0,0,0,,0.0,0.0,,,,22,26,84.6,342,77,0.0,0,1,0,0,1,0,1,0,1,1,2.81,0,0.0,0,0,0,0,0,,0,0,0,1,0,29,1,0,0,0.0,15,1,0,0,0,21,0,0,0,0,0,0,0,0,0,2,0,
Niklas Dorsch,de GER,MF,Heidenheim,de Bundesliga,26.0,1998.0,22,19,1335,14.8,2,2,4,2,0,0,1.0,1.0,1.1,2.1,0.14,9,3,33.3,0.61,0.2,0.22,0.67,0.11,573,687,83.4,10988,3060,2.0,13,46,16,8,37,28,0,18,57,35,2.36,2,0.13,27,16,12,15,0,59.1,17,44,17,3,2,798,32,8,7,50.0,459,13,1,16,13,489,21,5,1,0,15,1,0,0,0,74,7,43.8
Alberto Dossena,it ITA,DF,Como,it Serie A,25.0,1998.0,23,20,1825,20.3,0,2,2,0,0,0,0.8,0.8,0.7,1.5,0.07,12,3,25.0,0.59,0.15,0.0,0.0,0.07,894,1020,87.6,16693,5441,0.4,5,33,1,0,1,0,0,3,36,11,0.54,2,0.1,33,20,23,8,2,57.1,22,55,89,8,1,1220,173,20,4,66.7,693,4,0,8,3,776,1,1,1,0,22,0,0,2,0,68,59,71.1
Abdoulaye Doucouré,ml MLI,MF,Everton,eng Premier League,31.0,1993.0,33,31,2564,28.5,3,2,5,3,0,0,4.1,4.1,2.4,6.6,0.23,31,9,29.0,1.09,0.32,0.1,0.33,0.13,725,903,80.3,10909,2254,1.4,28,44,15,0,23,0,0,2,82,58,2.04,3,0.11,48,28,21,20,7,32.6,10,58,20,27,1,1161,32,65,24,53.3,604,42,8,38,38,750,96,5,1,1,49,0,0,0,0,150,30,40.5
Cheick Doucouré,ml MLI,MF,Crystal Palace,eng Premier League,24.0,2000.0,13,4,452,5.0,0,0,0,0,0,0,0.4,0.4,0.0,0.4,0.08,7,0,0.0,1.39,0.0,0.0,,0.06,174,204,85.3,2909,823,0.1,1,17,3,0,1,0,0,0,19,9,1.79,3,0.6,16,8,6,8,2,45.5,11,27,10,4,1,263,11,4,2,40.0,133,2,1,4,7,160,7,1,0,0,7,1,0,0,0,31,5,50.0
Sékou Doucoure,fr FRA,DF,Nantes,fr Ligue 1,19.0,2005.0,2,0,12,0.1,0,0,0,0,0,0,0.0,0.0,0.0,0.0,0.0,0,0,,0.0,0.0,,,,4,5,80.0,90,54,0.0,0,0,0,0,0,0,0,0,0,0,0.0,0,0.0,0,0,0,0,0,,0,0,3,0,0,8,3,0,0,,5,0,0,0,0,5,0,0,0,0,0,0,0,0,0,0,0,
Désiré Doué,fr FRA,"FW,MF",Paris S-G,fr Ligue 1,19.0,2005.0,31,18,1730,19.2,6,6,12,6,0,0,5.1,5.1,7.8,13.0,0.67,55,20,36.4,2.86,1.04,0.11,0.3,0.09,933,1133,82.3,13916,3351,5.7,55,83,51,16,78,23,8,7,139,109,5.66,24,1.25,48,30,15,19,14,47.1,13,61,7,21,0,1461,4,123,57,44.2,899,97,47,54,37,1164,232,1,0,0,28,5,2,0,0,93,8,44.4
Guela Doué,ci CIV,DF,Strasbourg,fr Ligue 1,21.0,2002.0,32,30,2717,30.2,1,2,3,1,0,0,0.8,0.8,0.7,1.5,0.05,18,6,33.3,0.6,0.2,0.06,0.17,0.05,1688,2023,83.4,29943,12563,1.1,11,153,14,6,46,0,1,3,173,44,1.46,5,0.17,65,45,40,15,10,68.5,34,99,154,26,1,2421,155,31,27,65.9,1184,51,4,43,13,1505,54,7,0,0,41,1,0,1,0,162,58,61.1
Douglas,br BRA,MF,Nantes,fr Ligue 1,27.0,1997.0,28,28,2307,25.6,4,2,6,4,0,0,3.4,3.4,1.5,4.9,0.19,36,14,38.9,1.4,0.55,0.11,0.29,0.1,1029,1190,86.5,17476,5382,1.2,15,108,12,1,10,3,2,3,125,34,1.33,3,0.12,69,42,29,31,9,59.1,32,101,47,17,0,1478,69,44,12,60.0,715,14,1,18,14,941,34,8,0,0,42,1,0,1,0,111,23,39.7
Ismaël Doukouré,fr FRA,"DF,MF",Strasbourg,fr Ligue 1,21.0,2003.0,31,31,2639,29.3,1,1,2,1,0,0,0.6,0.6,1.1,1.6,0.06,3,1,33.3,0.1,0.03,0.33,1.0,0.19,1494,1685,88.7,25372,7657,0.5,11,101,1,0,1,0,2,2,116,22,0.75,4,0.14,40,22,19,18,3,68.0,25,65,102,13,3,1944,202,7,13,76.5,1149,20,0,21,18,1385,9,7,0,0,30,1,0,0,1,103,26,61.9
Issa Doumbia,it ITA,MF,Venezia,it Serie A,20.0,2003.0,24,10,939,10.4,0,0,0,0,0,0,1.0,1.0,0.1,1.2,0.11,16,5,31.3,1.53,0.48,0.0,0.0,0.06,203,271,74.9,2702,656,0.2,3,17,1,0,10,0,0,0,22,17,1.63,2,0.19,14,8,6,7,1,41.2,9,23,14,7,1,401,15,16,11,68.8,219,12,3,25,18,242,29,0,0,0,18,0,0,0,0,45,18,46.2
Kamory Doumbia,ml MLI,"MF,FW",Brest,fr Ligue 1,21.0,2003.0,30,13,1322,14.7,3,2,5,3,0,0,2.7,2.7,1.2,3.9,0.27,22,10,45.5,1.5,0.68,0.14,0.3,0.13,561,697,80.5,9267,2216,1.8,26,56,9,1,48,27,7,2,72,58,3.95,7,0.48,41,29,17,17,7,45.2,28,69,13,10,1,895,18,34,19,54.3,467,17,3,42,24,567,54,1,0,0,17,4,0,0,0,87,10,31.3
Amidou Doumbouya,fr FRA,DF,Nice,fr Ligue 1,16.0,2007.0,2,0,46,0.5,0,0,0,0,0,0,0.0,0.0,0.0,0.0,0.0,0,0,,0.0,0.0,,,,19,25,76.0,252,66,0.0,0,0,0,0,2,0,0,0,1,0,0.0,0,0.0,1,1,0,0,1,100.0,1,2,1,2,0,31,2,0,1,100.0,17,1,0,0,1,19,0,0,0,0,0,0,0,0,0,6,0,
Anastasios Douvikas,gr GRE,FW,Como,it Serie A,24.0,1999.0,13,6,580,6.4,2,2,4,2,0,0,2.5,2.5,1.1,3.7,0.57,14,5,35.7,2.17,0.78,0.14,0.4,0.18,81,106,76.4,1004,150,0.7,9,6,1,0,2,0,1,0,6,19,2.95,1,0.16,3,2,0,3,0,25.0,1,4,3,4,0,182,2,34,5,55.6,113,8,8,25,12,134,36,1,0,0,13,1,0,0,0,11,8,29.6
Anastasios Douvikas,gr GRE,FW,Celta Vigo,es La Liga,24.0,1999.0,20,6,700,7.8,3,1,4,3,0,0,4.4,4.4,0.2,4.7,0.6,17,9,52.9,2.19,1.16,0.18,0.33,0.26,76,107,71.0,1074,147,0.2,3,2,1,0,1,0,0,0,6,11,1.41,1,0.13,9,4,2,6,1,50.0,3,12,6,6,0,192,12,32,4,30.8,120,6,4,23,19,149,43,2,0,0,10,3,0,0,0,15,14,37.8
Artem Dovbyk,ua UKR,FW,Roma,it Serie A,27.0,1997.0,32,27,2418,26.9,12,2,14,10,2,2,11.9,10.3,2.4,12.7,0.53,61,25,41.0,2.27,0.93,0.16,0.4,0.17,321,433,74.1,3515,432,1.5,25,17,4,0,1,0,2,0,16,52,1.94,6,0.22,4,2,0,1,3,0.0,2,6,12,11,0,654,15,145,7,38.9,355,24,14,79,33,504,175,0,0,0,30,1,0,0,0,26,42,41.2
Flynn Downes,eng ENG,MF,Southampton,eng Premier League,25.0,1999.0,27,25,2151,23.9,1,0,1,1,0,0,0.6,0.6,1.1,1.7,0.07,10,3,30.0,0.42,0.13,0.1,0.33,0.06,1003,1109,90.4,14646,2893,1.4,15,62,12,0,4,0,7,1,66,31,1.3,2,0.08,49,25,23,21,5,41.7,32,81,51,13,4,1339,99,21,8,40.0,641,29,4,15,17,945,29,12,0,0,50,0,0,0,0,83,17,50.0
Tommy Doyle,eng ENG,MF,Wolves,eng Premier League,22.0,2001.0,24,3,488,5.4,0,1,1,0,0,0,0.6,0.6,0.5,1.1,0.2,9,2,22.2,1.66,0.37,0.0,0.0,0.06,321,392,81.9,6591,2010,0.3,7,44,3,0,15,12,0,6,40,17,3.13,3,0.55,11,6,6,3,2,40.0,5,16,11,8,1,463,22,4,5,55.6,260,6,0,9,4,303,4,1,0,0,5,0,0,0,0,43,1,14.3
Radu Drăgușin,ro ROU,DF,Tottenham,eng Premier League,22.0,2002.0,16,14,1252,13.9,0,0,0,0,0,0,0.1,0.1,0.4,0.5,0.04,5,1,20.0,0.36,0.07,0.0,0.0,0.02,716,840,85.2,13638,5250,0.2,4,52,2,1,1,0,1,3,37,8,0.58,1,0.07,10,6,8,2,0,50.0,15,25,49,5,4,961,148,12,0,0.0,623,7,0,8,2,669,2,1,0,0,6,0,0,0,0,48,33,60.0
Tim Drexler,de GER,DF,Hoffenheim,de Bundesliga,19.0,2005.0,8,5,357,4.0,0,0,0,0,0,0,0.1,0.1,0.0,0.1,0.02,2,2,100.0,0.5,0.5,0.0,0.0,0.03,153,180,85.0,2669,1021,0.2,1,13,2,0,1,0,1,2,16,6,1.51,1,0.25,17,7,11,6,0,75.0,1,18,9,3,1,223,18,0,0,,128,2,0,3,5,143,2,2,0,0,8,0,0,0,0,10,2,14.3
Domingos Duarte,pt POR,DF,Getafe,es La Liga,29.0,1995.0,22,21,1859,20.7,1,0,1,1,0,0,0.2,0.2,0.1,0.3,0.01,3,1,33.3,0.15,0.05,0.33,1.0,0.07,497,633,78.5,11101,3730,0.1,2,42,0,0,0,0,1,6,47,9,0.44,0,0.0,28,15,22,4,2,81.0,18,46,152,1,1,878,110,9,0,,373,3,0,2,2,394,3,4,2,1,24,0,0,2,0,63,28,60.9
Marvin Ducksch,de GER,FW,Werder Bremen,de Bundesliga,30.0,1994.0,32,30,2418,26.9,8,8,16,7,1,2,10.1,8.5,8.5,17.0,0.69,70,27,38.6,2.61,1.0,0.1,0.26,0.12,560,908,61.7,9835,3215,9.1,61,43,30,8,167,105,8,13,86,103,3.83,12,0.45,10,7,3,5,2,21.4,8,18,26,24,3,1105,31,116,7,36.8,538,26,12,31,11,673,166,3,0,0,6,0,0,0,0,65,19,39.6
Ondrej Duda,sk SVK,MF,Hellas Verona,it Serie A,29.0,1994.0,28,27,2395,26.6,1,3,4,1,0,0,1.0,1.0,3.2,4.2,0.16,25,5,20.0,0.94,0.19,0.04,0.2,0.04,943,1204,78.3,16680,5438,2.6,32,101,24,7,89,66,3,15,117,73,2.74,7,0.26,46,27,21,22,3,45.3,31,77,30,13,4,1467,73,5,25,59.5,711,23,2,53,22,789,26,12,1,1,51,4,0,0,0,188,14,48.3
Duk,cv CPV,"MF,FW",Leganés,es La Liga,24.0,2000.0,10,1,179,2.0,0,0,0,0,0,0,0.0,0.0,0.7,0.7,0.34,2,1,50.0,1.01,0.5,0.0,0.0,0.01,33,53,62.3,463,135,0.4,5,0,2,1,8,0,0,0,3,7,3.54,1,0.51,8,4,3,3,2,60.0,1,9,2,5,0,95,2,9,10,52.6,64,10,5,12,5,64,21,1,0,0,5,0,0,0,0,11,2,28.6
Denzel Dumfries,nl NED,"DF,FW",Inter,it Serie A,28.0,1996.0,28,19,1865,20.7,7,2,9,7,0,0,5.4,5.4,3.2,8.6,0.4,36,19,52.8,1.74,0.92,0.19,0.37,0.15,603,831,72.6,9776,2992,2.8,21,22,21,9,54,0,2,3,51,55,2.53,4,0.18,25,15,12,9,4,51.9,6,31,26,27,1,1047,35,95,13,28.9,534,55,15,27,14,665,173,4,0,0,53,4,2,0,0,65,57,76.0
Alfred Duncan,gh GHA,MF,Venezia,it Serie A,31.0,1993.0,16,12,957,10.6,0,0,0,0,0,0,0.8,0.8,1.1,1.9,0.18,15,4,26.7,1.41,0.38,0.0,0.0,0.05,404,498,81.1,6776,1898,1.0,11,37,19,4,17,11,4,6,53,32,3.01,2,0.19,17,8,4,11,2,35.7,8,25,8,7,0,587,15,6,13,59.1,311,11,0,14,14,381,12,2,0,0,22,0,0,0,0,52,10,55.6
Lewis Dunk,eng ENG,DF,Brighton,eng Premier League,32.0,1991.0,25,23,2083,23.1,0,0,0,0,0,0,0.8,0.8,0.5,1.3,0.06,12,3,25.0,0.52,0.13,0.0,0.0,0.07,1778,1953,91.0,32940,10612,1.0,6,157,6,0,5,0,2,10,142,19,0.82,3,0.13,17,10,8,7,2,57.9,13,30,79,7,2,2127,258,21,0,0.0,1341,20,0,9,3,1556,3,5,0,0,7,0,0,0,1,104,51,62.2
Jáder Durán,co COL,FW,Aston Villa,eng Premier League,20.0,2003.0,20,4,638,7.1,7,0,7,7,0,0,4.9,4.9,0.2,5.1,0.71,31,15,48.4,4.37,2.12,0.23,0.47,0.16,115,163,70.6,1558,307,0.3,4,10,1,0,3,0,2,0,13,18,2.54,1,0.14,8,7,1,2,5,25.0,0,8,13,4,0,263,13,47,3,21.4,133,7,2,16,15,192,44,3,1,0,14,3,0,0,0,19,19,50.0
Pablo Durán,es ESP,"FW,MF",Celta Vigo,es La Liga,23.0,2001.0,27,15,1394,15.5,4,4,8,4,0,0,3.6,3.6,2.8,6.5,0.42,26,9,34.6,1.68,0.58,0.15,0.44,0.14,284,400,71.0,4181,735,1.0,17,21,10,3,18,1,1,3,30,30,1.94,4,0.26,17,9,4,7,6,31.3,8,25,18,19,0,584,11,64,12,28.6,338,24,13,42,20,401,124,3,0,0,32,2,0,0,0,46,13,28.9
Julien Duranville,be BEL,"FW,MF",Dortmund,de Bundesliga,18.0,2006.0,12,2,283,3.1,0,0,0,0,0,0,0.2,0.2,0.3,0.6,0.18,5,2,40.0,1.59,0.64,0.0,0.0,0.05,59,84,70.2,856,171,0.9,1,3,1,1,13,0,1,1,7,7,2.21,1,0.32,3,0,0,3,0,50.0,0,3,3,2,0,135,2,17,12,40.0,102,16,9,6,15,109,33,3,0,0,10,4,1,0,0,5,0,0.0
Hugo Duro,es ESP,FW,Valencia,es La Liga,24.0,1999.0,31,25,2166,24.1,11,2,13,10,1,1,9.4,8.6,1.3,9.9,0.44,48,16,33.3,1.99,0.66,0.21,0.63,0.18,296,428,69.2,4100,492,0.5,14,18,3,0,7,0,0,1,28,29,1.2,5,0.21,13,8,4,7,2,38.5,10,23,11,15,0,634,15,90,7,35.0,297,13,7,58,32,471,88,5,0,0,38,5,2,1,1,46,59,36.9
Jean-Kevin Duverne,ht HAI,DF,Nantes,fr Ligue 1,27.0,1997.0,9,7,537,6.0,0,0,0,0,0,0,0.3,0.3,0.1,0.4,0.06,4,0,0.0,0.67,0.0,0.0,,0.07,238,304,78.3,3826,1571,0.1,1,22,2,2,9,0,0,0,22,5,0.84,0,0.0,21,12,13,4,4,55.6,8,29,23,5,0,378,28,3,2,40.0,161,6,1,6,3,198,8,2,0,0,14,1,0,0,0,20,9,75.0
Paulo Dybala,ar ARG,"FW,MF",Roma,it Serie A,30.0,1993.0,24,16,1417,15.7,6,3,9,3,3,3,6.4,4.0,5.0,9.0,0.72,47,15,31.9,2.99,0.95,0.06,0.2,0.09,596,729,81.8,9980,2382,5.2,40,47,26,5,62,36,2,16,79,84,5.34,8,0.51,17,7,3,9,5,42.1,2,19,2,16,0,909,6,75,11,25.6,595,41,17,40,28,709,122,2,0,0,6,11,2,0,0,63,8,32.0
Stefan Džodić,rs SRB,"DF,MF",Montpellier,fr Ligue 1,19.0,2005.0,7,2,242,2.7,0,0,0,0,0,0,0.1,0.1,0.0,0.1,0.03,3,0,0.0,1.12,0.0,0.0,,0.03,158,176,89.8,2852,874,0.0,0,13,0,0,0,0,0,1,10,2,0.74,0,0.0,8,5,3,5,0,62.5,5,13,10,0,1,210,19,2,0,,127,2,0,0,1,153,0,2,1,0,4,0,0,0,0,10,2,25.0
Adam Dźwigała,pl POL,"DF,MF",St. Pauli,de Bundesliga,28.0,1995.0,16,2,373,4.1,0,0,0,0,0,0,0.4,0.4,0.0,0.4,0.09,6,0,0.0,1.45,0.0,0.0,,0.07,173,212,81.6,2935,1208,0.1,0,11,1,0,3,0,1,0,14,5,1.21,0,0.0,20,10,13,6,1,68.8,4,24,28,5,0,280,30,6,1,50.0,110,1,0,2,2,152,4,2,1,0,5,0,0,0,0,13,13,76.5
Aron Dønnum,no NOR,"DF,MF",Toulouse,fr Ligue 1,26.0,1998.0,32,31,2689,29.9,2,2,4,2,0,0,2.1,2.1,4.6,6.7,0.22,31,5,16.1,1.04,0.17,0.06,0.4,0.07,880,1213,72.5,16244,5509,5.6,45,73,50,14,117,32,7,26,126,92,3.08,11,0.37,56,35,25,24,7,56.4,28,84,37,42,1,1542,58,72,47,45.2,862,94,26,44,38,913,142,6,0,0,38,3,0,0,0,171,12,41.4
Enzo Ebosse,cm CMR,DF,Udinese,it Serie A,25.0,1999.0,2,0,90,1.0,0,0,0,0,0,0,0.0,0.0,0.0,0.0,0.02,0,0,,0.0,0.0,,,,48,55,87.3,897,201,0.0,1,7,0,0,0,0,0,1,5,3,3.0,0,0.0,0,0,0,0,0,0.0,1,1,1,0,0,61,8,0,1,100.0,34,0,0,1,0,37,0,1,0,0,1,0,0,0,0,5,1,100.0
Tyronne Ebuehi,ng NGA,"DF,MF",Empoli,it Serie A,28.0,1995.0,4,0,74,0.8,0,0,0,0,0,0,0.0,0.0,0.0,0.0,0.0,0,0,,0.0,0.0,,,,33,46,71.7,463,189,0.1,0,3,1,1,2,0,0,0,4,1,1.23,0,0.0,3,2,1,2,0,100.0,2,5,0,0,0,59,1,3,1,100.0,20,3,2,3,2,19,3,0,0,0,0,0,0,0,0,6,3,60.0
Claudio Echeverri,ar ARG,FW,Manchester City,eng Premier League,18.0,2006.0,1,0,6,0.1,0,0,0,0,0,0,0.0,0.0,0.0,0.0,0.0,0,0,,0.0,0.0,,,,3,3,100.0,26,18,0.0,0,0,0,0,0,0,0,0,1,0,0.0,0,0.0,1,0,0,1,0,100.0,0,1,0,0,0,3,0,0,0,,3,0,0,0,1,3,1,0,0,0,0,0,0,0,0,1,0,
Éderson,br BRA,MF,Atalanta,it Serie A,25.0,1999.0,37,32,2881,32.0,4,1,5,4,0,0,4.1,4.1,4.3,8.4,0.26,39,12,30.8,1.22,0.37,0.1,0.33,0.1,1700,1966,86.5,31285,8498,4.8,37,193,41,5,23,2,6,30,216,98,3.06,10,0.31,52,32,19,28,5,64.7,35,87,36,28,1,2308,63,56,23,44.2,1490,40,12,44,41,1702,79,5,1,1,31,2,0,0,0,186,53,59.6
Noah Edjouma,fr FRA,"MF,FW",Toulouse,fr Ligue 1,18.0,2005.0,10,1,171,1.9,2,0,2,2,0,0,1.3,1.3,0.1,1.3,0.7,5,3,60.0,2.63,1.58,0.4,0.67,0.26,36,52,69.2,414,159,0.1,1,2,2,1,6,1,0,1,7,5,2.62,0,0.0,2,2,0,1,1,50.0,2,4,2,3,0,90,3,13,4,28.6,62,8,2,7,6,58,17,0,1,0,4,1,0,0,0,8,2,40.0
George Edmundson,eng ENG,DF,Ipswich Town,eng Premier League,26.0,1997.0,1,0,2,0.0,0,0,0,0,0,0,0.0,0.0,0.0,0.0,0.0,0,0,,0.0,0.0,,,,1,2,50.0,9,0,0.0,0,0,0,0,0,0,0,0,0,0,0.0,0,0.0,0,0,0,0,0,,0,0,0,1,0,3,1,0,0,,1,0,0,0,0,1,0,0,0,0,0,0,0,0,0,0,0,
Odsonne Édouard,fr FRA,"MF,FW",Crystal Palace,eng Premier League,26.0,1998.0,2,1,115,1.3,0,0,0,0,0,0,0.4,0.4,0.0,0.4,0.34,5,1,20.0,3.91,0.78,0.0,0.0,0.08,17,28,60.7,230,46,0.0,1,2,0,0,1,0,0,0,4,1,0.78,0,0.0,1,0,0,1,0,0.0,0,1,1,2,0,45,1,8,0,0.0,24,3,2,4,1,26,7,0,0,0,4,0,0,0,0,5,1,20.0
Odsonne Édouard,fr FRA,FW,Leicester City,eng Premier League,26.0,1998.0,4,0,29,0.3,0,0,0,0,0,0,0.0,0.0,0.0,0.0,0.13,0,0,,0.0,0.0,,,,6,8,75.0,59,5,0.0,1,0,0,0,0,0,0,0,1,2,6.21,0,0.0,1,1,1,0,0,,0,1,1,1,0,20,1,6,1,50.0,11,0,1,7,2,13,2,0,0,0,2,0,0,0,0,1,1,50.0
Samuel Edozie,eng ENG,"DF,FW",Southampton,eng Premier League,21.0,2003.0,2,0,65,0.7,0,0,0,0,0,0,0.0,0.0,0.1,0.1,0.14,0,0,,0.0,0.0,,,,25,33,75.8,316,67,0.2,1,0,3,0,4,0,0,0,4,4,5.54,0,0.0,3,1,0,1,2,100.0,0,3,0,2,0,43,0,10,2,50.0,34,6,4,4,0,39,23,1,0,0,2,1,0,0,0,1,0,
Ronnie Edwards,eng ENG,DF,Southampton,eng Premier League,21.0,2003.0,1,0,12,0.1,0,0,0,0,0,0,0.0,0.0,0.0,0.0,0.0,0,0,,0.0,0.0,,,,5,5,100.0,109,0,0.0,0,0,0,0,0,0,0,0,0,0,0.0,0,0.0,0,0,0,0,0,,0,0,0,0,0,6,3,0,0,,3,0,0,0,0,5,0,0,0,0,0,0,0,0,0,0,0,
Johannes Eggestein,de GER,FW,St. Pauli,de Bundesliga,26.0,1998.0,27,22,1853,20.6,3,4,7,2,1,2,4.7,3.1,2.1,5.2,0.33,34,10,29.4,1.65,0.49,0.06,0.2,0.09,404,547,73.9,5609,1043,1.3,24,25,9,2,35,0,4,2,43,43,2.09,4,0.19,5,3,0,2,3,20.0,0,5,8,28,0,713,6,78,7,41.2,384,25,8,53,30,543,138,3,0,0,11,2,0,0,0,58,28,24.8
Maximilian Eggestein,de GER,MF,Freiburg,de Bundesliga,27.0,1996.0,33,33,2845,31.6,2,0,2,2,0,0,2.0,2.0,1.5,3.5,0.11,36,10,27.8,1.14,0.32,0.06,0.2,0.05,1213,1452,83.5,18800,5136,2.5,19,131,16,3,9,0,2,0,141,51,1.61,5,0.16,57,32,21,26,10,55.8,39,96,54,32,1,1757,66,50,11,45.8,813,34,3,28,19,1093,41,4,0,0,22,4,0,0,0,154,60,51.7
Kingsley Ehizibue,nl NED,DF,Udinese,it Serie A,29.0,1995.0,33,30,2498,27.8,0,1,1,0,0,0,1.2,1.2,2.2,3.5,0.12,14,4,28.6,0.5,0.14,0.0,0.0,0.09,753,982,76.7,12800,4096,1.8,22,29,21,16,61,0,1,1,55,51,1.84,2,0.07,55,35,31,18,6,61.0,23,78,70,22,5,1272,81,35,12,40.0,576,54,9,29,21,629,116,5,0,0,33,3,0,0,0,110,29,46.8
Chidera Ejuke,ng NGA,FW,Sevilla,es La Liga,26.0,1998.0,25,9,966,10.7,2,1,3,2,0,0,1.1,1.1,1.9,3.0,0.28,20,8,40.0,1.86,0.75,0.1,0.25,0.05,363,445,81.6,5949,1122,1.2,21,18,20,5,22,23,2,8,38,45,4.19,2,0.19,19,13,8,9,2,45.0,5,24,8,17,0,612,6,43,47,55.3,416,75,26,35,22,443,101,0,0,0,6,3,0,0,0,63,4,30.8
Jeff Ekhator,it ITA,"FW,MF",Genoa,it Serie A,17.0,2006.0,24,6,769,8.5,1,1,2,1,0,0,1.3,1.3,1.0,2.3,0.27,10,3,30.0,1.17,0.35,0.1,0.33,0.13,110,165,66.7,1427,387,0.6,11,8,4,0,10,1,3,0,14,21,2.46,2,0.23,7,4,4,1,2,44.4,2,9,5,6,0,254,9,26,4,30.8,130,4,5,34,9,170,51,1,0,0,15,4,0,0,0,32,15,31.9
Hugo Ekitike,fr FRA,FW,Eint Frankfurt,de Bundesliga,22.0,2002.0,33,31,2563,28.5,15,8,23,14,1,3,21.6,19.3,6.8,26.0,0.99,114,44,38.6,4.0,1.55,0.12,0.32,0.17,486,644,75.5,6414,1191,5.4,44,24,31,4,17,0,6,5,53,101,3.55,12,0.42,16,12,3,8,5,33.3,7,23,24,23,0,1054,27,196,52,43.7,633,93,52,99,34,777,215,1,0,0,39,4,1,0,0,87,52,46.8
Jurgen Ekkelenkamp,nl NED,MF,Udinese,it Serie A,24.0,2000.0,34,20,1892,21.0,3,2,5,3,0,0,2.8,2.8,1.3,4.1,0.19,27,9,33.3,1.28,0.43,0.11,0.33,0.1,550,690,79.7,8583,2061,1.2,15,42,11,2,12,4,2,5,72,38,1.81,6,0.29,36,25,10,22,4,51.4,12,48,26,17,0,868,29,39,10,33.3,457,34,5,23,7,560,86,2,0,0,29,1,0,0,0,82,18,58.1
Jacques Ekomie,ga GAB,"DF,FW",Angers,fr Ligue 1,20.0,2003.0,18,7,697,7.7,0,0,0,0,0,0,0.0,0.0,0.0,0.0,0.0,1,0,0.0,0.13,0.0,0.0,,0.02,183,260,70.4,2542,1089,0.1,0,10,3,0,23,0,0,1,20,4,0.52,1,0.13,22,14,9,10,3,66.7,4,26,14,14,0,358,18,7,4,19.0,135,13,0,9,12,161,24,1,0,0,11,0,0,0,0,33,11,45.8
Emmanuel Ekong,se SWE,"MF,FW",Empoli,it Serie A,22.0,2002.0,15,0,186,2.1,0,0,0,0,0,0,0.1,0.1,0.1,0.2,0.1,4,1,25.0,1.94,0.48,0.0,0.0,0.03,30,44,68.2,444,85,0.1,2,2,2,0,0,0,0,0,5,6,2.9,0,0.0,4,3,0,2,2,100.0,1,5,1,2,0,84,0,6,7,35.0,50,8,5,8,9,65,19,1,0,0,3,0,0,0,0,10,2,22.2
Caleb Ekuban,gh GHA,FW,Genoa,it Serie A,30.0,1994.0,18,3,555,6.2,1,3,4,1,0,0,2.8,2.8,0.8,3.5,0.57,18,6,33.3,2.92,0.97,0.06,0.17,0.15,72,107,67.3,1030,181,0.2,8,6,1,0,3,0,1,0,8,14,2.27,3,0.49,3,3,1,1,1,100.0,1,4,6,4,0,174,6,26,3,30.0,97,7,4,17,12,125,42,1,0,0,15,1,0,0,0,20,12,38.7
Pierre Ekwah Elimby,fr FRA,MF,Saint-Étienne,fr Ligue 1,22.0,2002.0,29,29,2575,28.6,1,0,1,1,0,0,0.7,0.7,1.0,1.7,0.06,25,6,24.0,0.87,0.21,0.04,0.17,0.03,1405,1593,88.2,23713,7436,1.6,16,144,19,0,5,1,3,12,146,40,1.45,4,0.14,54,33,18,30,6,60.7,47,101,72,16,1,1885,123,7,18,56.3,907,20,1,29,17,1307,21,3,0,0,42,1,0,0,0,154,30,69.8
Anthony Elanga,se SWE,"FW,MF",Nott'ham Forest,eng Premier League,22.0,2002.0,38,31,2501,27.8,6,11,17,6,0,0,4.5,4.5,5.7,10.1,0.36,44,24,54.5,1.58,0.86,0.14,0.25,0.1,540,827,65.3,8021,2660,5.1,50,32,26,8,185,86,3,0,63,102,3.67,18,0.65,19,14,8,8,3,29.4,6,25,25,24,0,1115,29,110,25,30.1,600,102,48,79,43,764,229,1,0,0,9,11,0,0,0,89,24,39.3
Meschak Elia,cd COD,FW,Nantes,fr Ligue 1,26.0,1997.0,8,1,170,1.9,1,0,1,1,0,0,1.1,1.1,0.2,1.3,0.69,5,1,20.0,2.65,0.53,0.2,1.0,0.22,35,62,56.5,500,203,0.2,3,3,0,0,14,1,0,0,5,6,3.18,0,0.0,7,5,3,2,2,100.0,0,7,2,3,0,99,1,8,2,18.2,61,9,2,7,2,61,22,0,0,0,7,0,0,0,0,14,2,40.0
Mikael Ellertsson,is ISL,"DF,MF",Venezia,it Serie A,22.0,2002.0,36,29,2470,27.4,2,2,4,2,0,0,1.1,1.1,1.6,2.7,0.1,21,4,19.0,0.77,0.15,0.1,0.5,0.05,431,607,71.0,6351,2076,1.8,20,23,8,1,28,0,2,2,36,46,1.68,5,0.18,58,26,37,14,7,54.1,17,75,79,20,0,938,59,51,16,38.1,460,33,10,48,19,518,92,2,0,0,22,5,0,0,0,74,16,50.0
Harvey Elliott,eng ENG,MF,Liverpool,eng Premier League,21.0,2003.0,18,2,371,4.1,1,2,3,1,0,0,1.8,1.8,1.1,2.8,0.69,17,4,23.5,4.12,0.97,0.06,0.25,0.1,240,292,82.2,4164,1016,0.7,10,26,6,0,12,6,1,3,44,21,5.11,3,0.73,5,3,3,1,1,25.0,1,6,3,4,1,339,5,21,4,44.4,188,10,5,5,4,253,30,1,0,0,0,0,0,0,0,15,1,33.3
Elif Elmas,mk MKD,"FW,MF",Torino,it Serie A,24.0,1999.0,13,12,1021,11.3,4,0,4,4,0,0,1.4,1.4,0.4,1.8,0.16,19,9,47.4,1.67,0.79,0.21,0.44,0.07,270,336,80.4,4155,1051,1.1,9,22,15,5,23,2,0,3,34,29,2.56,3,0.26,10,7,3,5,2,40.0,6,16,5,4,2,444,5,38,13,34.2,303,42,14,22,10,324,58,0,0,0,13,2,0,0,0,33,2,40.0
Elif Elmas,mk MKD,MF,RB Leipzig,de Bundesliga,24.0,1999.0,2,0,44,0.5,0,0,0,0,0,0,0.3,0.3,0.0,0.3,0.7,2,0,0.0,4.09,0.0,0.0,,0.17,13,16,81.3,169,66,0.0,0,0,1,0,0,0,1,0,2,1,2.05,0,0.0,3,1,3,0,0,33.3,0,3,2,1,0,28,1,2,1,100.0,13,0,0,0,2,17,2,1,0,0,2,0,0,0,0,3,0,0.0
Aritz Elustondo,es ESP,DF,Real Sociedad,es La Liga,30.0,1994.0,22,16,1457,16.2,0,0,0,0,0,0,0.4,0.4,0.2,0.6,0.04,4,0,0.0,0.25,0.0,0.0,,0.11,775,907,85.4,14645,4879,0.4,4,58,2,0,4,0,3,5,51,11,0.68,1,0.06,20,11,15,3,2,57.9,11,31,96,9,0,1092,100,12,3,37.5,624,17,1,14,6,709,4,2,1,0,25,0,0,0,0,53,29,53.7
Nico Elvedi,ch SUI,DF,Gladbach,de Bundesliga,27.0,1996.0,25,25,2135,23.7,1,1,2,1,0,0,2.0,2.0,0.4,2.5,0.1,12,3,25.0,0.51,0.13,0.08,0.33,0.18,1400,1522,92.0,22765,6356,0.3,5,52,2,0,1,0,3,1,55,16,0.67,4,0.17,38,23,28,6,4,73.9,30,68,163,9,0,1827,352,17,0,,953,20,0,6,1,1152,5,1,0,0,9,0,0,0,1,89,46,51.1
Adri Embarba,es ESP,"FW,MF",Rayo Vallecano,es La Liga,32.0,1992.0,35,18,1607,17.9,1,1,2,1,0,0,2.1,2.1,2.7,4.8,0.27,37,12,32.4,2.07,0.67,0.03,0.08,0.06,383,599,63.9,6104,1485,2.5,20,23,17,10,114,35,4,2,45,46,2.58,2,0.11,41,20,17,17,7,38.3,13,54,14,27,2,847,17,44,20,35.7,467,47,12,61,24,527,114,4,0,0,25,6,0,0,0,67,13,28.3
Breel Embolo,ch SUI,"FW,MF",Monaco,fr Ligue 1,27.0,1997.0,29,19,1841,20.5,6,4,10,6,0,0,10.8,10.8,5.6,16.4,0.8,51,18,35.3,2.49,0.88,0.12,0.33,0.21,299,432,69.2,4346,1127,3.6,32,22,23,0,6,0,8,1,55,54,2.64,10,0.49,22,17,7,7,8,31.3,3,25,10,9,1,668,13,121,14,33.3,397,22,12,64,53,499,140,5,0,0,27,4,2,0,0,58,30,50.0
Emanuel Emegha,nl NED,FW,Strasbourg,fr Ligue 1,21.0,2003.0,27,27,2293,25.5,14,3,17,14,0,0,17.0,17.0,2.4,19.4,0.76,61,35,57.4,2.39,1.37,0.23,0.4,0.28,273,340,80.3,3373,347,0.7,18,4,4,0,0,0,0,0,14,32,1.26,4,0.16,6,6,1,2,3,33.3,1,7,30,7,0,577,36,99,7,25.0,341,37,32,59,30,423,104,5,0,0,36,3,0,0,0,60,26,40.0
Emerson,br BRA,DF,Milan,it Serie A,25.0,1999.0,17,16,1377,15.3,0,0,0,0,0,0,0.4,0.4,0.7,1.1,0.07,10,2,20.0,0.65,0.13,0.0,0.0,0.04,784,909,86.2,12560,3198,1.1,15,44,14,5,45,0,0,3,68,33,2.16,1,0.07,45,28,24,16,5,47.1,14,59,56,23,0,1102,56,22,7,38.9,584,23,3,18,10,710,71,5,0,0,34,2,0,0,0,59,24,63.2
Yunus Emre Konak,tr TUR,"FW,MF",Brentford,eng Premier League,18.0,2006.0,10,0,42,0.5,0,0,0,0,0,0,0.2,0.2,0.0,0.2,0.33,1,0,0.0,2.14,0.0,0.0,,0.15,26,36,72.2,458,84,0.0,0,2,0,0,0,0,0,0,2,0,0.0,0,0.0,4,4,0,4,0,50.0,0,4,0,1,0,53,0,0,0,0.0,17,1,1,3,3,28,2,0,0,0,3,0,0,0,0,2,5,35.7
Julio Enciso,py PAR,"MF,FW",Ipswich Town,eng Premier League,20.0,2004.0,13,12,869,9.7,2,3,5,2,0,0,1.7,1.7,1.4,3.1,0.32,32,11,34.4,3.31,1.14,0.06,0.18,0.05,171,248,69.0,2779,819,1.1,13,18,8,1,21,13,4,0,28,29,3.0,4,0.41,12,9,3,6,3,36.4,1,13,6,11,0,406,5,23,30,45.5,205,23,9,24,30,262,44,3,0,0,9,0,0,1,0,43,8,32.0
Julio Enciso,py PAR,"MF,FW",Brighton,eng Premier League,20.0,2004.0,12,2,294,3.3,0,0,0,0,0,0,1.0,1.0,0.2,1.2,0.38,20,11,55.0,6.12,3.37,0.0,0.0,0.05,99,150,66.0,1464,392,0.3,5,13,4,1,20,12,0,1,14,12,3.69,0,0.0,0,0,0,0,0,0.0,0,0,1,5,0,202,2,20,10,47.6,114,11,4,7,9,141,17,0,0,0,3,2,0,0,0,15,6,54.5
Wataru Endo,jp JPN,"MF,DF",Liverpool,eng Premier League,31.0,1993.0,20,1,273,3.0,0,0,0,0,0,0,0.0,0.0,0.1,0.1,0.02,0,0,,0.0,0.0,,,,182,194,93.8,2833,700,0.1,2,16,1,0,1,0,0,0,19,6,1.96,0,0.0,12,8,7,5,0,60.0,6,18,9,2,0,237,12,3,2,100.0,110,1,1,6,3,163,8,0,0,0,15,0,0,0,0,14,3,42.9
Endrick,br BRA,FW,Real Madrid,es La Liga,18.0,2006.0,22,3,363,4.0,1,0,1,1,0,0,2.5,2.5,0.5,3.0,0.73,24,6,25.0,5.95,1.49,0.04,0.17,0.1,59,75,78.7,939,120,0.2,4,1,2,0,2,0,0,1,8,8,1.96,2,0.49,1,1,1,0,0,33.3,4,5,1,0,0,127,1,23,4,36.4,83,12,10,10,3,103,32,1,0,0,10,1,1,0,0,7,6,60.0
Yannik Engelhardt,de GER,"MF,DF",Como,it Serie A,23.0,2001.0,26,11,1164,12.9,1,1,2,1,0,0,0.6,0.6,1.5,2.0,0.16,8,2,25.0,0.62,0.15,0.13,0.5,0.07,622,701,88.7,9648,2399,1.4,12,39,2,0,1,0,1,3,54,24,1.86,2,0.15,30,12,13,13,4,59.3,11,41,27,11,0,836,42,16,9,60.0,525,18,2,22,7,553,18,4,0,0,21,1,0,0,0,62,11,55.0
Arne Engels,be BEL,"MF,FW",Augsburg,de Bundesliga,20.0,2003.0,1,1,79,0.9,0,0,0,0,0,0,0.4,0.4,0.0,0.4,0.45,3,1,33.3,3.42,1.14,0.0,0.0,0.14,19,27,70.4,195,57,0.0,0,2,0,0,4,2,0,0,1,1,1.14,0,0.0,0,0,0,0,0,,0,0,0,1,0,32,1,2,0,0.0,17,1,0,0,0,24,5,1,0,0,3,0,0,0,0,0,1,100.0
Christian Eriksen,dk DEN,MF,Manchester Utd,eng Premier League,32.0,1992.0,23,11,1061,11.8,1,2,3,0,1,1,1.4,0.6,3.2,3.8,0.39,14,1,7.1,1.19,0.08,0.0,0.0,0.04,590,749,78.8,9936,3131,2.6,31,54,13,6,85,62,8,8,55,56,4.74,7,0.59,19,9,4,12,3,40.7,7,26,8,6,0,850,26,17,0,0.0,473,13,1,13,5,566,29,4,0,0,8,0,0,0,0,62,2,25.0
Martin Erlic,hr CRO,DF,Bologna,it Serie A,26.0,1998.0,8,5,334,3.7,0,0,0,0,0,0,0.2,0.2,0.0,0.2,0.06,6,0,0.0,1.62,0.0,0.0,,0.04,220,240,91.7,4604,1389,0.0,0,12,0,0,0,0,0,1,11,4,1.08,1,0.27,2,0,0,2,0,50.0,2,4,9,0,0,268,22,7,0,0.0,179,4,0,2,0,201,1,0,0,0,7,1,1,0,0,11,10,52.6
Patrick Erras,de GER,DF,Holstein Kiel,de Bundesliga,29.0,1995.0,10,10,832,9.2,1,0,1,1,0,0,0.9,0.9,0.1,1.0,0.11,8,1,12.5,0.87,0.11,0.13,1.0,0.11,469,510,92.0,8210,3076,0.2,3,10,0,0,0,0,0,0,25,8,0.87,0,0.0,8,5,6,2,0,22.2,9,17,64,3,0,622,124,14,0,,282,3,0,3,0,413,1,2,0,0,11,0,0,0,0,24,27,62.8
Alfonso Espino,uy URU,DF,Rayo Vallecano,es La Liga,32.0,1992.0,16,9,833,9.3,0,1,1,0,0,0,0.4,0.4,0.6,1.1,0.12,10,2,20.0,1.08,0.22,0.0,0.0,0.04,365,491,74.3,5664,2497,0.6,5,35,6,5,24,0,0,0,39,13,1.4,1,0.11,41,24,31,8,2,55.3,12,53,32,12,1,637,39,10,5,35.7,307,10,4,10,9,333,29,4,0,0,18,0,0,1,0,55,14,56.0
Sebastiano Esposito,it ITA,"FW,MF",Empoli,it Serie A,22.0,2002.0,33,27,2331,25.9,8,0,8,7,1,2,5.7,4.2,2.1,6.3,0.3,59,19,32.2,2.28,0.73,0.12,0.37,0.07,445,739,60.2,6868,2707,2.1,36,57,31,5,55,19,7,6,93,79,3.05,6,0.23,57,29,15,31,11,51.4,12,69,14,41,0,1081,11,95,29,43.3,565,31,11,88,50,712,106,1,0,0,47,7,2,0,0,106,26,31.7
Romain Esse,eng ENG,MF,Crystal Palace,eng Premier League,19.0,2005.0,7,1,138,1.5,1,1,2,1,0,0,0.3,0.3,0.4,0.7,0.48,1,1,100.0,0.65,0.65,1.0,1.0,0.32,32,42,76.2,475,202,0.4,3,2,1,0,0,0,1,0,7,8,5.18,3,1.94,9,6,4,3,2,100.0,1,10,2,1,0,73,1,9,2,33.3,38,1,2,6,2,43,14,0,0,0,2,1,0,0,0,9,3,60.0
Samuel Essende,cd COD,FW,Augsburg,de Bundesliga,26.0,1998.0,30,21,1636,18.2,7,2,9,7,0,0,4.2,4.2,1.3,5.5,0.3,44,13,29.5,2.42,0.72,0.16,0.54,0.1,195,301,64.8,2526,430,1.4,11,11,6,2,5,0,0,0,21,27,1.48,3,0.16,7,6,1,3,3,75.0,0,7,11,12,1,564,10,93,14,26.9,347,33,20,86,37,433,118,4,2,0,45,5,0,0,0,42,57,43.8
Dario Essugo,pt POR,MF,Las Palmas,es La Liga,19.0,2005.0,27,25,1938,21.5,1,0,1,1,0,0,0.7,0.7,0.4,1.0,0.05,23,4,17.4,1.07,0.19,0.04,0.25,0.03,812,951,85.4,13995,3936,0.7,13,73,8,0,1,0,4,10,76,36,1.67,1,0.05,59,45,28,26,5,60.9,42,101,47,7,7,1228,75,10,12,66.7,582,18,2,35,21,763,8,11,2,2,37,3,0,1,0,118,30,48.4
Estanis,es ESP,FW,Bologna,it Serie A,20.0,2003.0,1,0,9,0.1,0,0,0,0,0,0,0.1,0.1,0.2,0.2,2.35,2,0,0.0,20.0,0.0,0.0,,0.04,7,8,87.5,84,6,0.2,2,0,0,0,0,0,0,0,0,3,30.0,0,0.0,0,0,0,0,0,,0,0,0,1,0,13,0,6,2,66.7,5,1,1,0,0,6,1,0,0,0,1,0,0,0,0,0,0,
Nahuel Estévez,ar ARG,MF,Parma,it Serie A,28.0,1995.0,14,7,657,7.3,0,0,0,0,0,0,0.1,0.1,0.8,0.8,0.12,5,1,20.0,0.68,0.14,0.0,0.0,0.02,237,313,75.7,4221,1345,0.5,6,26,1,0,16,12,1,1,30,13,1.78,1,0.14,16,6,7,8,1,40.0,3,19,26,8,0,379,33,2,3,100.0,148,3,0,3,4,199,4,3,0,0,9,0,0,0,0,28,14,82.4
Pervis Estupiñán,ec ECU,DF,Brighton,eng Premier League,26.0,1998.0,30,26,2402,26.7,1,1,2,1,0,0,1.2,1.2,2.1,3.3,0.12,28,9,32.1,1.05,0.34,0.04,0.11,0.04,1338,1610,83.1,20347,6261,2.5,26,105,34,18,119,37,0,5,132,58,2.17,4,0.15,65,43,33,25,7,66.7,37,102,65,28,2,1915,89,35,19,55.9,1023,59,9,34,27,1144,112,5,0,0,36,4,0,0,0,147,46,63.9
Etienne Eto'o,cm CMR,FW,Rayo Vallecano,es La Liga,21.0,2002.0,2,0,40,0.4,0,0,0,0,0,0,0.0,0.0,0.0,0.0,0.0,0,0,,0.0,0.0,,,,1,5,20.0,10,3,0.1,0,0,0,0,0,0,0,0,0,0,0.0,0,0.0,0,0,0,0,0,0.0,0,0,1,0,0,13,1,2,0,0.0,4,0,0,2,0,9,1,0,0,0,0,0,0,0,0,0,6,75.0
Karl Etta,cm CMR,"MF,FW",Villarreal,es La Liga,20.0,2003.0,4,0,37,0.4,1,0,1,1,0,0,0.4,0.4,0.0,0.4,0.88,2,2,100.0,4.86,4.86,0.5,0.5,0.18,0,1,0.0,0,0,0.0,0,0,0,0,0,0,0,0,0,1,2.43,0,0.0,0,0,0,0,0,0.0,0,0,0,0,0,9,0,1,0,,5,0,0,4,0,5,0,0,0,0,0,1,0,0,0,0,1,100.0
Evanilson,br BRA,FW,Bournemouth,eng Premier League,24.0,1999.0,31,28,2319,25.8,10,1,11,10,0,1,12.5,11.7,1.9,13.6,0.56,72,31,43.1,2.79,1.2,0.14,0.32,0.16,244,342,71.3,3038,622,1.8,26,14,6,0,0,0,4,4,28,61,2.37,8,0.31,16,10,6,5,5,66.7,1,17,21,11,0,558,23,127,7,33.3,333,29,15,38,24,400,99,1,1,0,37,9,5,0,0,67,42,40.4
Jake Evans,,FW,Leicester City,eng Premier League,,,4,0,24,0.3,0,0,0,0,0,0,0.0,0.0,0.0,0.0,0.0,0,0,,0.0,0.0,,,,2,3,66.7,24,9,0.0,0,1,0,0,0,0,0,0,0,0,0.0,0,0.0,1,1,0,0,1,0.0,0,1,1,0,0,5,0,0,0,,1,0,0,0,1,3,1,0,0,0,0,0,0,0,0,0,0,0.0
Jonny Evans,nir NIR,DF,Manchester Utd,eng Premier League,36.0,1988.0,7,3,315,3.5,0,0,0,0,0,0,0.1,0.1,0.0,0.1,0.04,2,1,50.0,0.57,0.29,0.0,0.0,0.06,192,217,88.5,3090,906,0.0,0,10,1,0,0,0,0,0,10,2,0.57,0,0.0,8,6,4,4,0,50.0,5,13,15,1,0,250,36,3,1,100.0,143,3,0,1,0,151,3,1,0,0,5,0,0,0,0,16,9,75.0
Edu Expósito,es ESP,MF,Espanyol,es La Liga,27.0,1996.0,19,12,1045,11.6,0,2,2,0,0,0,1.0,1.0,3.2,4.2,0.36,18,6,33.3,1.55,0.52,0.0,0.0,0.06,318,485,65.6,5990,2287,2.4,28,36,14,4,66,33,13,5,64,44,3.79,2,0.17,23,13,9,13,1,39.1,15,38,21,8,2,630,22,26,15,53.6,340,23,4,29,18,382,41,3,0,0,14,3,0,0,0,63,11,50.0
Eberechi Eze,eng ENG,"MF,FW",Crystal Palace,eng Premier League,26.0,1998.0,34,31,2588,28.8,8,8,16,7,1,2,10.5,8.9,6.2,15.1,0.58,100,27,27.0,3.48,0.94,0.07,0.26,0.09,777,1047,74.2,13226,3540,4.7,58,49,39,4,112,62,11,6,97,135,4.69,10,0.35,39,22,14,16,9,47.2,11,50,10,17,3,1414,17,95,67,48.6,840,69,22,55,45,907,153,1,0,0,13,9,0,0,0,146,7,15.9
Abde Ezzalzouli,ma MAR,"FW,MF",Betis,es La Liga,22.0,2001.0,32,23,1984,22.0,2,2,4,2,0,1,8.0,7.2,2.0,9.3,0.46,61,25,41.0,2.77,1.13,0.03,0.08,0.12,542,757,71.6,6695,1928,2.1,27,42,19,2,49,1,2,4,68,66,2.99,7,0.32,37,25,17,16,4,55.6,7,44,19,27,0,1081,10,151,46,44.7,706,117,58,64,50,797,215,2,0,0,23,4,2,0,0,102,26,41.3
Giovanni Fabbian,it ITA,MF,Bologna,it Serie A,21.0,2003.0,30,9,1023,11.4,3,1,4,3,0,0,2.3,2.3,1.3,3.7,0.32,21,5,23.8,1.85,0.44,0.14,0.6,0.11,151,210,71.9,2182,369,0.6,9,15,5,1,9,0,2,1,17,19,1.67,0,0.0,10,6,1,3,6,53.8,2,12,4,9,0,328,5,47,2,12.5,198,14,5,30,18,236,43,2,0,0,21,1,0,0,0,31,19,35.2
Alieu Fadera,gm GAM,"FW,DF",Como,it Serie A,22.0,2001.0,28,20,1644,18.3,1,3,4,1,0,0,1.7,1.7,4.0,5.7,0.31,28,9,32.1,1.53,0.49,0.04,0.11,0.06,441,591,74.6,6233,1638,1.9,23,14,24,5,39,0,3,3,36,54,2.95,7,0.38,64,47,25,27,12,44.4,12,76,10,28,0,844,16,60,26,38.2,544,74,32,41,33,533,160,2,1,0,40,6,0,0,0,95,11,42.3
Wout Faes,be BEL,DF,Leicester City,eng Premier League,26.0,1998.0,34,30,2815,31.3,1,0,1,1,0,0,1.5,1.5,0.1,1.6,0.05,12,1,8.3,0.38,0.03,0.08,1.0,0.13,1376,1564,88.0,25369,9014,0.4,4,83,6,0,5,0,2,7,86,17,0.54,0,0.0,42,26,26,14,2,52.1,26,68,185,7,4,1906,318,27,5,83.3,1107,12,2,17,6,1268,1,4,0,0,23,0,0,0,0,90,45,55.6
Nicolò Fagioli,it ITA,MF,Fiorentina,it Serie A,23.0,2001.0,15,10,962,10.7,1,2,3,1,0,0,0.5,0.5,3.0,3.5,0.32,10,4,40.0,0.94,0.37,0.1,0.25,0.05,519,617,84.1,8944,2503,2.0,23,45,12,2,27,7,1,7,50,43,4.02,4,0.37,19,10,8,9,2,40.9,5,24,12,10,2,713,22,8,10,45.5,480,15,0,17,12,527,19,0,0,0,8,1,0,0,0,46,1,20.0
Nicolò Fagioli,it ITA,MF,Juventus,it Serie A,23.0,2001.0,17,5,571,6.3,0,0,0,0,0,0,0.6,0.6,0.1,0.7,0.11,12,1,8.3,1.89,0.16,0.0,0.0,0.05,370,418,88.5,6360,1203,0.5,4,36,8,0,13,5,2,6,41,10,1.57,1,0.16,14,10,7,6,1,66.7,2,16,5,3,0,470,11,10,2,66.7,311,19,2,11,2,387,18,4,0,0,11,0,0,0,0,33,2,50.0
Romain Faivre,fr FRA,"MF,FW",Brest,fr Ligue 1,26.0,1998.0,20,10,899,10.0,3,2,5,2,1,1,2.6,1.8,1.9,3.7,0.45,18,9,50.0,1.8,0.9,0.11,0.22,0.11,311,379,82.1,4587,1209,1.8,10,34,8,1,26,17,4,0,44,33,3.3,4,0.4,13,10,4,5,4,50.0,4,17,3,8,1,479,2,34,17,40.5,310,24,9,13,7,355,49,2,0,0,6,4,0,0,0,42,7,41.2
Davide Faraoni,it ITA,DF,Hellas Verona,it Serie A,32.0,1991.0,8,3,260,2.9,0,0,0,0,0,0,0.2,0.2,0.1,0.3,0.12,1,0,0.0,0.35,0.0,0.0,,0.21,65,95,68.4,1056,387,0.1,2,6,3,3,12,0,0,0,3,3,1.04,0,0.0,10,9,5,5,0,33.3,2,12,12,2,1,136,15,4,0,0.0,55,2,0,3,0,66,13,1,0,0,7,0,0,0,0,9,1,10.0
Abdul Fatawu Issahaku,gh GHA,FW,Leicester City,eng Premier League,20.0,2004.0,11,6,579,6.4,0,2,2,0,0,0,0.4,0.4,1.6,2.0,0.31,13,5,38.5,2.02,0.78,0.0,0.0,0.03,123,197,62.4,2150,601,1.4,6,7,7,2,30,1,2,2,17,17,2.64,3,0.47,21,15,13,2,6,57.9,4,25,12,18,0,326,19,26,29,42.0,217,42,15,18,12,216,60,0,0,0,11,4,0,0,0,38,14,51.9
Ansu Fati,es ESP,FW,Barcelona,es La Liga,21.0,2002.0,6,3,233,2.6,0,0,0,0,0,0,1.0,1.0,0.2,1.1,0.44,12,5,41.7,4.64,1.93,0.0,0.0,0.08,104,125,83.2,1100,142,0.4,4,3,5,0,0,1,2,0,6,11,4.25,0,0.0,4,1,0,2,2,50.0,1,5,0,3,1,170,0,22,5,45.5,107,7,4,10,4,134,32,1,0,0,2,0,0,0,0,7,2,22.2
Khalil Fayad,fr FRA,"MF,FW",Montpellier,fr Ligue 1,20.0,2004.0,20,10,1028,11.4,0,0,0,0,0,0,1.3,1.3,0.3,1.5,0.13,17,3,17.6,1.49,0.26,0.0,0.0,0.07,426,514,82.9,7173,1757,0.6,7,35,5,2,20,7,2,4,50,19,1.66,1,0.09,31,16,12,17,2,53.6,10,41,15,12,1,663,19,17,17,44.7,340,25,7,18,13,426,42,5,0,0,21,2,0,0,1,74,9,60.0
Jacopo Fazzini,it ITA,MF,Empoli,it Serie A,21.0,2003.0,20,16,1383,15.4,4,1,5,4,0,0,3.1,3.1,0.5,3.6,0.23,27,9,33.3,1.76,0.59,0.15,0.44,0.11,305,426,71.6,4559,1281,0.7,12,27,10,0,32,14,4,0,49,49,3.19,7,0.46,32,19,11,16,5,56.5,6,38,24,19,0,639,14,43,23,47.9,364,34,15,39,33,426,88,1,1,0,23,7,0,0,0,70,19,44.2
Nabil Fekir,fr FRA,MF,Betis,es La Liga,31.0,1993.0,2,2,180,2.0,0,1,1,0,0,0,0.7,0.7,0.6,1.2,0.62,7,1,14.3,3.5,0.5,0.0,0.0,0.1,67,82,81.7,1052,381,0.8,6,5,6,2,10,8,1,1,10,12,6.0,1,0.5,3,2,1,1,1,50.0,0,3,0,4,0,108,0,6,0,0.0,72,9,2,4,6,85,18,0,0,0,3,0,0,0,0,3,0,0.0
Mattia Felici,it ITA,"MF,FW",Cagliari,it Serie A,23.0,2001.0,20,9,925,10.3,0,3,3,0,0,0,0.6,0.6,1.0,1.6,0.16,10,6,60.0,0.97,0.58,0.0,0.0,0.06,188,277,67.9,2525,863,0.7,10,12,3,0,25,12,0,2,19,31,3.02,4,0.39,17,12,8,7,2,36.4,7,24,7,14,1,422,13,37,19,33.3,259,39,19,26,10,280,75,1,0,0,18,1,0,1,0,51,7,41.2
Luiz Felipe,it ITA,DF,Marseille,fr Ligue 1,27.0,1997.0,4,2,122,1.4,0,0,0,0,0,0,0.0,0.0,0.0,0.0,0.0,0,0,,0.0,0.0,,,,58,66,87.9,915,310,0.0,0,5,0,0,0,0,0,0,4,0,0.0,0,0.0,4,3,3,1,0,50.0,3,7,5,1,0,86,7,0,1,50.0,47,0,0,1,0,55,0,1,0,0,1,0,0,0,0,2,3,50.0
João Félix,pt POR,"FW,MF",Chelsea,eng Premier League,24.0,1999.0,12,3,369,4.1,1,1,2,1,0,0,2.2,2.2,1.0,3.2,0.78,20,5,25.0,4.88,1.22,0.05,0.2,0.11,171,199,85.9,2588,663,0.5,6,22,8,0,0,0,2,1,26,18,4.38,3,0.73,8,3,2,5,1,55.6,3,11,2,5,0,272,2,30,10,32.3,193,21,5,6,4,218,30,2,0,0,6,1,0,0,0,22,4,44.4
João Félix,pt POR,MF,Milan,it Serie A,24.0,1999.0,15,8,760,8.4,2,0,2,2,0,0,2.7,2.7,1.2,3.8,0.46,29,8,27.6,3.43,0.95,0.07,0.25,0.09,246,301,81.7,3663,1124,1.3,10,31,11,0,5,1,3,2,40,35,4.14,6,0.71,6,6,3,2,1,28.6,1,7,9,9,0,408,8,43,15,42.9,275,20,12,16,9,329,56,3,0,0,12,3,0,0,0,30,7,50.0
Kiko Femenía,es ESP,DF,Villarreal,es La Liga,33.0,1991.0,28,27,2227,24.7,0,1,1,0,0,0,0.4,0.4,1.3,1.7,0.07,3,0,0.0,0.12,0.0,0.0,,0.12,1339,1506,88.9,22076,7230,2.1,16,108,24,14,47,0,1,8,112,43,1.74,5,0.2,50,34,34,14,2,57.9,40,90,62,14,3,1710,95,9,17,70.8,902,52,0,22,10,1036,44,7,0,0,21,0,0,0,0,102,5,29.4
Evan Ferguson,ie IRL,FW,West Ham,eng Premier League,19.0,2004.0,8,1,156,1.7,0,0,0,0,0,0,0.6,0.6,0.3,0.9,0.5,5,1,20.0,2.88,0.58,0.0,0.0,0.11,28,37,75.7,375,21,0.3,2,1,0,0,0,0,1,1,1,4,2.31,0,0.0,3,1,0,1,2,,1,4,1,0,0,66,1,10,3,60.0,31,1,1,8,5,42,7,0,0,0,1,0,0,0,0,8,5,33.3
Evan Ferguson,ie IRL,FW,Brighton,eng Premier League,19.0,2004.0,13,2,246,2.7,1,0,1,1,0,0,0.5,0.5,0.4,1.0,0.35,7,2,28.6,2.56,0.73,0.14,0.5,0.08,43,58,74.1,484,44,0.4,3,1,0,0,0,0,0,0,1,4,1.47,0,0.0,4,3,0,3,1,40.0,0,4,4,1,0,88,7,9,1,50.0,42,2,2,5,6,52,9,0,0,0,3,0,0,0,0,10,4,30.8
Lewis Ferguson,sct SCO,MF,Bologna,it Serie A,24.0,1999.0,16,10,983,10.9,1,1,2,0,1,1,1.0,0.2,1.1,1.3,0.19,5,1,20.0,0.46,0.09,0.0,0.0,0.03,569,658,86.5,9928,2246,0.8,14,57,8,0,18,14,1,4,53,32,2.93,1,0.09,24,13,4,14,6,56.3,5,29,9,8,0,748,13,18,5,55.6,471,20,2,13,10,527,26,0,0,0,27,0,0,0,0,28,16,53.3
Zinedine Ferhat,dz ALG,"FW,MF",Angers,fr Ligue 1,31.0,1993.0,24,8,849,9.4,2,0,2,2,0,0,1.4,1.4,2.4,3.7,0.4,12,5,41.7,1.27,0.53,0.17,0.4,0.11,303,451,67.2,5059,1644,2.1,17,24,13,3,68,33,3,5,40,32,3.39,1,0.11,9,7,1,5,3,30.8,10,19,12,9,0,550,11,19,10,45.5,292,16,4,21,15,390,64,1,0,0,11,0,0,0,0,47,17,45.9
Bruno Fernandes,pt POR,MF,Manchester Utd,eng Premier League,29.0,1994.0,36,35,3018,33.5,8,10,18,5,3,3,9.9,7.6,8.5,16.1,0.55,93,26,28.0,2.77,0.78,0.05,0.19,0.08,1707,2242,76.1,30541,10698,8.0,91,214,85,11,186,91,31,22,325,193,5.76,13,0.39,84,50,27,38,19,40.0,26,110,35,55,3,2649,62,80,28,41.8,1542,77,14,43,43,1853,129,5,2,1,32,7,0,0,0,213,22,44.0
Edimilson Fernandes,ch SUI,"MF,DF",Brest,fr Ligue 1,28.0,1996.0,19,12,1105,12.3,0,1,1,0,0,0,0.4,0.4,0.6,1.0,0.08,10,2,20.0,0.81,0.16,0.0,0.0,0.04,486,572,85.0,8960,2318,0.6,8,40,3,0,7,0,2,5,40,16,1.3,1,0.08,9,7,3,6,0,53.8,20,29,38,5,1,684,61,7,3,75.0,399,7,0,17,9,458,3,1,0,0,7,2,0,1,0,69,15,55.6
Mateus Fernandes,pt POR,MF,Southampton,eng Premier League,20.0,2004.0,36,34,2909,32.3,2,4,6,2,0,0,4.0,4.0,3.0,7.0,0.22,42,14,33.3,1.3,0.43,0.05,0.14,0.1,1087,1361,79.9,18406,4369,3.6,34,98,27,6,113,54,9,10,145,78,2.41,7,0.22,89,48,45,28,16,45.8,28,117,35,36,7,1760,72,49,49,45.0,897,76,9,58,36,1077,108,8,0,0,46,6,0,0,0,179,15,62.5
Enzo Fernández,ar ARG,MF,Chelsea,eng Premier League,23.0,2001.0,36,32,2947,32.7,6,7,13,6,0,0,6.1,6.1,6.8,12.9,0.39,53,20,37.7,1.62,0.61,0.11,0.3,0.11,1518,1900,79.9,26776,7512,6.2,77,167,41,7,109,74,14,26,212,147,4.49,16,0.49,65,33,17,30,18,36.9,13,78,23,46,4,2210,37,81,26,47.3,1211,60,9,29,28,1622,126,8,0,0,52,4,0,0,0,156,14,32.6
Pelayo Fernandez,es ESP,DF,Rayo Vallecano,es La Liga,21.0,2003.0,2,1,98,1.1,0,0,0,0,0,0,0.0,0.0,0.0,0.0,0.0,0,0,,0.0,0.0,,,,24,28,85.7,476,180,0.0,0,1,0,0,0,0,0,0,1,0,0.0,0,0.0,0,0,0,0,0,,2,2,9,0,0,39,8,0,0,,16,0,0,0,1,16,0,1,0,0,2,0,0,0,0,4,3,50.0
Roberto Férnandez,es ESP,FW,Espanyol,es La Liga,22.0,2002.0,19,18,1497,16.6,6,0,6,6,0,0,3.6,3.6,0.6,4.2,0.25,21,9,42.9,1.26,0.54,0.29,0.67,0.17,187,259,72.2,2227,311,0.5,8,9,7,0,2,0,2,0,17,28,1.68,3,0.18,4,4,2,1,1,0.0,3,7,26,12,0,436,26,37,11,40.7,227,7,3,55,16,292,50,1,0,0,28,4,1,0,0,33,34,38.6
Valery Fernández,es ESP,"MF,FW",Mallorca,es La Liga,24.0,1999.0,18,1,309,3.4,2,0,2,2,0,0,0.8,0.8,0.0,0.9,0.25,3,3,100.0,0.87,0.87,0.67,0.67,0.28,88,99,88.9,1141,211,0.1,1,4,2,1,3,0,0,0,5,5,1.45,3,0.87,8,7,3,2,3,71.4,0,8,1,1,0,133,5,8,1,16.7,75,2,1,5,3,90,14,1,0,0,3,0,0,0,0,19,1,20.0
Matias Fernandez-Pardo,be BEL,"FW,MF",Lille,fr Ligue 1,19.0,2005.0,22,12,1065,11.8,4,2,6,4,0,0,2.9,2.9,2.8,5.7,0.48,23,12,52.2,1.94,1.01,0.17,0.33,0.12,224,307,73.0,3456,733,1.9,16,10,11,0,30,17,1,2,26,30,2.54,6,0.51,12,9,3,6,3,50.0,3,15,6,13,0,429,7,51,20,40.0,285,46,26,23,13,311,85,4,0,0,18,1,1,0,0,35,0,0.0
Jordan Ferri,fr FRA,MF,Montpellier,fr Ligue 1,32.0,1992.0,25,21,1773,19.7,0,2,2,0,0,0,0.4,0.4,0.9,1.3,0.07,14,3,21.4,0.71,0.15,0.0,0.0,0.03,1119,1267,88.3,19942,5049,1.3,13,119,11,4,25,0,2,7,137,47,2.39,5,0.25,42,23,18,22,2,40.9,9,51,20,10,0,1433,35,13,9,32.1,802,19,2,16,27,1066,42,6,1,0,35,4,0,3,0,132,13,46.4
Daniel Fila,cz CZE,FW,Venezia,it Serie A,21.0,2002.0,10,6,492,5.5,2,0,2,2,0,0,1.4,1.4,0.3,1.8,0.32,8,5,62.5,1.46,0.91,0.25,0.4,0.18,70,90,77.8,884,140,0.4,6,4,3,0,0,0,0,0,8,15,2.74,0,0.0,2,0,0,1,1,0.0,0,2,5,2,0,147,5,19,2,50.0,82,5,1,16,14,102,30,3,1,1,13,3,0,0,0,9,7,25.9
Karol Fila,pl POL,MF,Strasbourg,fr Ligue 1,26.0,1998.0,1,0,5,0.1,0,0,0,0,0,0,0.0,0.0,0.0,0.0,0.0,0,0,,0.0,0.0,,,,2,4,50.0,18,0,0.0,0,0,0,0,0,0,0,0,0,0,0.0,0,0.0,0,0,0,0,0,,0,0,0,1,0,4,0,0,0,,1,0,0,0,0,2,0,1,0,0,0,0,0,0,0,1,0,
Kilian Fischer,de GER,DF,Wolfsburg,de Bundesliga,23.0,2000.0,32,29,2297,25.5,1,0,1,1,0,0,0.3,0.3,0.5,0.8,0.03,6,1,16.7,0.24,0.04,0.17,1.0,0.05,976,1241,78.6,17089,5575,1.0,12,73,20,3,39,0,0,4,110,39,1.53,2,0.08,64,44,48,12,4,52.8,19,83,98,27,2,1529,87,20,10,43.5,704,51,5,31,9,794,89,7,0,0,34,0,0,0,0,84,21,36.8
Alessandro Florenzi,it ITA,FW,Milan,it Serie A,33.0,1991.0,1,0,5,0.1,0,0,0,0,0,0,0.0,0.0,0.0,0.0,0.0,0,0,,0.0,0.0,,,,3,4,75.0,54,43,0.0,0,0,0,0,1,0,0,0,0,0,0.0,0,0.0,0,0,0,0,0,,0,0,0,0,0,4,0,0,0,,4,0,0,0,0,4,0,0,0,0,0,0,0,0,0,0,0,
Mateo Flores,es ESP,MF,Betis,es La Liga,20.0,2004.0,6,1,153,1.7,0,0,0,0,0,0,0.0,0.0,0.0,0.0,0.0,0,0,,0.0,0.0,,,,56,69,81.2,955,282,0.1,0,3,1,1,1,0,0,0,9,2,1.18,0,0.0,3,1,3,0,0,100.0,2,5,3,2,0,84,4,1,0,,47,0,0,3,3,50,2,1,0,0,4,0,0,0,0,12,0,0.0
Phil Foden,eng ENG,"MF,FW",Manchester City,eng Premier League,24.0,2000.0,28,20,1777,19.7,7,2,9,7,0,0,5.2,5.2,4.8,9.9,0.5,54,16,29.6,2.73,0.81,0.13,0.44,0.1,791,941,84.1,12385,2615,5.3,43,41,39,6,80,46,7,2,103,88,4.46,9,0.46,13,5,5,4,4,38.9,9,22,7,26,1,1139,13,83,14,32.6,722,50,17,36,31,894,128,2,0,0,5,3,0,0,0,61,3,25.0
Malick Fofana,be BEL,FW,Lyon,fr Ligue 1,19.0,2005.0,29,16,1589,17.7,5,4,9,5,0,0,3.8,3.8,3.7,7.6,0.43,31,15,48.4,1.76,0.85,0.16,0.33,0.12,494,638,77.4,6737,1373,4.4,25,20,32,13,70,0,1,0,45,55,3.12,11,0.62,22,11,8,11,3,47.1,8,30,6,32,0,828,7,95,24,40.7,587,112,39,36,18,645,205,2,0,0,13,5,1,0,0,63,2,14.3
Rayan Fofana,fr FRA,"FW,MF",Lens,fr Ligue 1,18.0,2006.0,2,0,25,0.3,0,0,0,0,0,0,0.0,0.0,0.0,0.0,0.0,0,0,,0.0,0.0,,,,5,8,62.5,59,0,0.0,0,0,0,0,0,0,0,0,0,0,0.0,0,0.0,2,2,1,1,0,,0,2,0,1,0,14,0,0,0,0.0,7,0,0,1,0,6,2,0,0,0,1,0,0,0,0,2,0,0.0
Seko Fofana,ci CIV,MF,Rennes,fr Ligue 1,29.0,1995.0,16,9,844,9.4,1,1,2,1,0,0,1.8,1.8,1.2,2.9,0.31,24,6,25.0,2.56,0.64,0.04,0.17,0.07,499,552,90.4,7498,1759,1.0,13,38,13,2,5,0,1,9,72,32,3.41,2,0.21,11,7,4,6,1,28.6,7,18,7,5,0,640,11,25,12,50.0,394,32,5,9,6,514,38,3,0,0,9,1,0,0,0,42,7,70.0
Wesley Fofana,fr FRA,DF,Chelsea,eng Premier League,23.0,2000.0,14,14,1172,13.0,0,0,0,0,0,0,0.4,0.4,0.4,0.8,0.07,3,0,0.0,0.23,0.0,0.0,,0.13,724,803,90.2,12262,3415,0.2,6,54,1,0,1,0,0,0,32,15,1.15,0,0.0,13,12,6,7,0,42.9,14,27,55,4,2,933,81,10,8,53.3,557,19,1,16,5,665,4,7,0,0,24,0,0,0,0,54,27,69.2
Youssouf Fofana,fr FRA,MF,Milan,it Serie A,25.0,1999.0,35,29,2504,27.8,1,6,7,1,0,0,1.3,1.3,3.4,4.7,0.17,36,5,13.9,1.29,0.18,0.03,0.2,0.04,1237,1444,85.7,21531,7225,2.6,23,140,23,2,10,0,13,7,176,62,2.23,6,0.22,56,34,20,31,5,50.0,19,75,24,7,3,1655,35,21,14,45.2,986,44,5,30,20,1221,32,5,0,0,28,0,0,0,0,151,11,34.4
Jonas Föhrenbach,de GER,DF,Heidenheim,de Bundesliga,28.0,1996.0,27,22,1832,20.4,0,1,1,0,0,0,0.3,0.3,1.3,1.6,0.08,8,1,12.5,0.39,0.05,0.0,0.0,0.03,659,909,72.5,12027,5263,2.1,14,62,15,11,59,0,0,2,59,34,1.67,4,0.2,45,24,25,15,5,62.9,16,61,57,37,0,1112,72,17,7,41.2,521,36,4,16,3,584,50,3,0,0,14,1,0,0,0,67,14,45.2
Michael Folorunsho,it ITA,"FW,MF",Fiorentina,it Serie A,26.0,1998.0,14,6,650,7.2,0,0,0,0,0,0,1.1,1.1,0.6,1.7,0.23,9,3,33.3,1.25,0.42,0.0,0.0,0.12,178,252,70.6,2796,786,0.5,3,13,6,2,21,1,0,0,21,14,1.94,1,0.14,19,12,9,6,4,40.0,4,23,10,11,0,342,6,16,9,50.0,190,13,5,12,9,213,33,5,0,0,15,1,0,0,0,29,16,59.3
Michael Folorunsho,it ITA,"FW,MF",Napoli,it Serie A,26.0,1998.0,6,0,35,0.4,0,0,0,0,0,0,0.1,0.1,0.0,0.1,0.27,1,0,0.0,2.57,0.0,0.0,,0.1,10,14,71.4,134,39,0.0,0,0,0,0,0,0,0,0,0,0,0.0,0,0.0,3,2,0,3,0,50.0,1,4,1,0,1,26,0,1,0,0.0,6,0,0,2,0,13,2,0,0,0,2,0,0,0,0,2,2,50.0
Lamine Fomba,fr FRA,MF,Saint-Étienne,fr Ligue 1,26.0,1998.0,7,3,217,2.4,0,0,0,0,0,0,0.0,0.0,0.3,0.3,0.13,1,0,0.0,0.41,0.0,0.0,,0.02,121,145,83.4,2006,615,0.1,1,14,2,0,1,0,1,2,18,4,1.66,0,0.0,8,6,2,5,1,28.6,4,12,5,4,1,183,6,3,2,66.7,114,5,0,8,2,134,5,2,0,0,13,0,0,1,0,13,3,33.3
Carlos Forbs,pt POR,"MF,FW",Wolves,eng Premier League,20.0,2004.0,10,1,239,2.7,0,0,0,0,0,0,0.1,0.1,0.0,0.2,0.07,2,0,0.0,0.75,0.0,0.0,,0.07,60,91,65.9,788,228,0.1,1,2,3,1,9,0,0,0,8,5,1.89,1,0.38,8,5,5,2,1,66.7,1,9,2,9,1,121,3,13,7,58.3,75,10,8,7,4,85,28,2,0,0,2,0,0,0,0,11,1,25.0
Pablo Fornals,es ESP,"MF,FW",Betis,es La Liga,28.0,1996.0,26,22,1827,20.3,2,0,2,2,0,0,1.8,1.8,3.3,5.1,0.25,23,4,17.4,1.13,0.2,0.09,0.5,0.08,887,1109,80.0,14428,4985,2.9,36,93,33,8,54,23,10,10,146,88,4.33,9,0.44,21,13,12,6,3,33.3,23,44,15,26,1,1272,20,36,8,28.6,777,32,7,24,16,911,85,2,0,0,12,0,0,0,0,114,18,46.2
Omari Forson,eng ENG,"MF,FW",Monza,it Serie A,20.0,2004.0,9,1,223,2.5,0,0,0,0,0,0,0.2,0.2,0.5,0.7,0.3,5,1,20.0,2.02,0.4,0.0,0.0,0.05,92,113,81.4,1359,312,0.3,8,7,6,2,9,0,0,0,10,14,5.65,0,0.0,3,3,1,2,0,33.3,1,4,1,6,0,140,0,2,6,66.7,103,14,1,8,6,111,18,0,0,0,2,1,0,0,0,11,0,0.0
Héctor Fort,es ESP,DF,Barcelona,es La Liga,17.0,2006.0,17,5,585,6.5,0,0,0,0,0,0,0.2,0.2,0.9,1.1,0.17,6,0,0.0,0.92,0.0,0.0,,0.04,448,497,90.1,6222,1464,1.3,10,27,3,0,12,0,0,2,26,16,2.46,1,0.15,13,8,6,4,3,62.5,6,19,16,12,0,573,18,17,2,22.2,308,14,2,4,4,397,33,2,0,0,8,0,0,0,0,32,3,30.0
Dimitri Foulquier,fr FRA,DF,Valencia,es La Liga,31.0,1993.0,32,25,2299,25.5,0,1,1,0,0,0,0.4,0.4,1.4,1.8,0.07,13,2,15.4,0.51,0.08,0.0,0.0,0.03,1007,1276,78.9,15790,5913,2.0,10,77,15,6,57,0,2,4,97,36,1.41,4,0.16,48,31,29,13,6,66.7,16,64,86,43,1,1530,64,26,8,24.2,749,48,7,30,16,882,66,6,0,0,24,0,0,0,0,97,13,39.4
Juan Foyth,ar ARG,DF,Villarreal,es La Liga,26.0,1998.0,19,17,1517,16.9,1,0,1,1,0,0,2.4,2.4,0.3,2.8,0.16,17,5,29.4,1.01,0.3,0.06,0.2,0.14,838,963,87.0,15860,6523,0.9,7,53,8,2,4,0,3,6,65,20,1.19,1,0.06,25,15,15,6,4,68.8,19,44,119,8,3,1190,199,21,4,44.4,607,13,0,11,2,727,11,4,0,0,16,0,0,0,0,61,41,59.4
Matheus França,br BRA,"MF,FW",Crystal Palace,eng Premier League,20.0,2004.0,4,0,55,0.6,1,0,1,1,0,0,0.3,0.3,0.0,0.3,0.42,6,3,50.0,9.82,4.91,0.17,0.33,0.04,10,17,58.8,155,75,0.2,0,1,0,0,1,0,0,0,3,3,4.91,0,0.0,2,0,0,2,0,,1,3,1,1,0,33,2,7,0,,20,4,3,2,0,22,4,0,0,0,0,0,0,0,0,3,1,33.3
Alejandro Francés,es ESP,DF,Girona,es La Liga,21.0,2002.0,18,13,1173,13.0,0,0,0,0,0,0,0.2,0.2,0.3,0.6,0.04,6,0,0.0,0.46,0.0,0.0,,0.03,685,813,84.3,12756,3792,0.5,4,69,6,3,25,0,1,10,63,16,1.23,1,0.08,36,24,22,13,1,70.0,17,53,52,21,0,969,66,7,7,50.0,496,18,1,8,1,632,21,2,0,0,20,0,0,0,0,37,6,31.6
Przemysław Frankowski,pl POL,DF,Lens,fr Ligue 1,29.0,1995.0,18,16,1387,15.4,4,2,6,2,2,2,2.3,0.7,2.5,3.2,0.31,14,5,35.7,0.91,0.32,0.14,0.4,0.05,875,1092,80.1,13489,5466,2.9,20,90,36,10,78,13,4,2,117,46,2.99,5,0.32,32,21,17,10,5,63.3,19,51,28,31,0,1230,42,38,6,37.5,637,33,2,16,8,800,95,3,0,0,18,1,0,0,0,61,8,57.1
Enric Franquesa,es ESP,"DF,FW",Leganés,es La Liga,27.0,1997.0,12,7,616,6.8,1,0,1,1,0,0,0.3,0.3,0.1,0.4,0.06,3,1,33.3,0.44,0.15,0.33,1.0,0.1,158,225,70.2,2513,1004,0.1,2,5,2,2,16,0,0,0,12,6,0.88,0,0.0,17,9,9,6,2,69.2,5,22,12,9,0,306,12,6,9,42.9,133,11,2,21,2,151,30,1,0,0,8,0,0,0,0,29,5,50.0
Ryan Fraser,sct SCO,"FW,DF",Southampton,eng Premier League,30.0,1994.0,8,4,306,3.4,0,0,0,0,0,0,0.0,0.0,0.1,0.1,0.04,1,1,100.0,0.29,0.29,0.0,0.0,0.03,77,103,74.8,1121,208,0.1,2,3,1,0,12,2,0,0,8,5,1.47,0,0.0,6,2,2,4,0,66.7,1,7,9,2,0,131,12,3,2,66.7,74,10,2,4,2,94,18,0,1,0,1,0,0,1,0,10,2,40.0
Davide Frattesi,it ITA,MF,Inter,it Serie A,24.0,1999.0,27,9,1158,12.9,5,1,6,5,0,0,4.0,4.0,0.8,4.8,0.35,26,7,26.9,2.02,0.54,0.19,0.71,0.14,297,360,82.5,4304,880,0.8,7,20,5,1,8,0,5,0,31,19,1.4,2,0.15,17,8,6,10,1,55.6,5,22,14,10,1,499,20,44,7,38.9,296,23,7,20,4,345,50,1,0,0,11,2,1,0,0,48,10,43.5
Tyler Fredricson,eng ENG,DF,Manchester Utd,eng Premier League,19.0,2005.0,2,2,165,1.8,0,0,0,0,0,0,0.0,0.0,0.0,0.0,0.0,0,0,,0.0,0.0,,,,110,122,90.2,1932,434,0.0,0,8,0,0,0,0,0,0,8,3,1.63,0,0.0,5,3,3,2,0,50.0,1,6,11,2,0,141,11,1,1,100.0,86,2,0,2,0,95,0,0,0,0,0,0,0,0,0,12,7,58.3
Morten Frendrup,dk DEN,MF,Genoa,it Serie A,23.0,2001.0,35,35,3103,34.5,2,0,2,2,0,0,1.6,1.6,0.9,2.5,0.07,30,9,30.0,0.87,0.26,0.07,0.22,0.05,1067,1250,85.4,16062,3294,0.8,14,79,11,0,3,0,3,3,106,53,1.54,4,0.12,102,61,23,52,27,43.6,47,149,57,23,0,1647,84,22,10,41.7,737,24,5,41,24,876,29,5,0,0,51,3,0,0,1,184,30,44.8
Martin Frese,dk DEN,DF,Hellas Verona,it Serie A,26.0,1998.0,11,5,549,6.1,0,0,0,0,0,0,0.1,0.1,0.2,0.2,0.04,2,0,0.0,0.33,0.0,0.0,,0.03,182,256,71.1,3018,1155,0.2,5,14,4,0,10,0,0,0,19,10,1.64,1,0.16,18,11,7,10,1,53.8,8,26,16,3,1,320,19,4,0,0.0,153,7,0,4,0,174,12,0,0,0,9,1,0,0,0,14,10,50.0
Remo Freuler,ch SUI,MF,Bologna,it Serie A,32.0,1992.0,37,37,3204,35.6,1,2,3,1,0,0,1.3,1.3,1.5,2.7,0.08,17,4,23.5,0.48,0.11,0.06,0.25,0.07,1704,1944,87.7,28701,7341,1.6,36,204,24,4,19,0,3,5,208,74,2.08,3,0.08,79,40,28,40,11,41.8,38,117,57,16,1,2245,67,32,5,38.5,1216,39,1,32,14,1506,56,6,0,0,47,1,0,0,0,146,28,50.0
Marco Friedl,at AUT,DF,Werder Bremen,de Bundesliga,26.0,1998.0,26,25,2161,24.0,0,0,0,0,0,0,0.5,0.5,0.2,0.7,0.03,4,3,75.0,0.17,0.12,0.0,0.0,0.11,1324,1468,90.2,27567,9623,0.4,3,63,5,1,2,0,0,4,69,13,0.54,0,0.0,62,42,35,26,1,57.6,34,96,130,6,1,1769,251,5,6,75.0,1069,4,0,12,7,1101,1,10,2,1,26,0,0,0,2,141,46,51.7
Marvin Friedrich,de GER,DF,Gladbach,de Bundesliga,28.0,1995.0,22,9,989,11.0,0,1,1,0,0,0,0.4,0.4,0.6,1.1,0.1,7,2,28.6,0.64,0.18,0.0,0.0,0.06,624,706,88.4,10906,3760,0.5,3,23,1,0,0,0,0,0,36,9,0.82,1,0.09,15,9,12,3,0,56.3,5,20,57,6,0,822,90,17,2,100.0,502,11,0,5,3,583,3,0,0,0,5,0,0,0,0,42,34,64.2
Jeremie Frimpong,nl NED,"DF,MF",Leverkusen,de Bundesliga,23.0,2000.0,33,25,2314,25.7,5,5,10,5,0,0,4.1,4.1,4.2,8.3,0.32,34,16,47.1,1.32,0.62,0.15,0.31,0.12,715,940,76.1,10545,2224,4.7,30,28,29,18,116,0,0,2,55,66,2.57,11,0.43,33,25,14,12,7,55.2,8,41,22,29,1,1205,20,112,25,32.1,673,100,32,45,26,827,272,4,0,0,20,3,0,1,0,84,13,33.3
Jorge de Frutos,es ESP,"FW,MF",Rayo Vallecano,es La Liga,27.0,1997.0,36,30,2495,27.7,6,3,9,6,0,0,6.3,6.3,3.4,9.8,0.35,52,18,34.6,1.88,0.65,0.12,0.33,0.12,455,666,68.3,6332,1601,2.3,31,22,28,13,69,0,3,1,44,62,2.24,10,0.36,37,21,16,13,8,30.4,19,56,24,44,1,1010,25,107,32,30.8,605,77,28,81,38,675,201,3,1,0,41,4,0,0,0,111,15,38.5
Darío Fuentes,es ESP,DF,Sevilla,es La Liga,21.0,2003.0,1,0,5,0.1,0,0,0,0,0,0,0.0,0.0,0.0,0.0,0.0,0,0,,0.0,0.0,,,,0,2,0.0,0,0,0.0,0,0,0,0,0,0,0,0,0,0,0.0,0,0.0,0,0,0,0,0,,0,0,0,0,0,2,0,0,0,,0,0,0,0,0,0,0,1,0,0,0,0,0,0,0,0,0,
Chris Führich,de GER,"MF,FW",Stuttgart,de Bundesliga,26.0,1998.0,33,23,1981,22.0,2,3,5,2,0,0,2.9,2.9,3.7,6.6,0.3,36,12,33.3,1.64,0.55,0.06,0.17,0.08,807,1003,80.5,11366,3268,6.0,32,39,51,13,82,45,8,1,95,85,3.86,8,0.36,15,10,5,5,5,48.1,6,21,19,20,0,1220,20,115,40,47.1,782,114,54,37,26,905,202,1,0,0,9,0,0,0,0,64,5,38.5
Shiō Fukuda,jp JPN,FW,Gladbach,de Bundesliga,20.0,2004.0,6,0,60,0.7,1,0,1,1,0,0,0.4,0.4,0.0,0.4,0.65,3,1,33.3,4.5,1.5,0.33,1.0,0.14,5,10,50.0,49,13,0.0,0,0,0,0,1,0,0,0,1,2,3.0,1,1.5,0,0,0,0,0,,0,0,0,2,0,18,0,5,1,33.3,8,0,0,1,1,13,3,0,0,0,2,0,0,0,0,1,3,50.0
Angelo Fulgini,fr FRA,"MF,FW",Lens,fr Ligue 1,27.0,1996.0,23,11,1045,11.6,1,1,2,1,0,0,2.4,2.4,3.8,6.2,0.53,26,9,34.6,2.24,0.78,0.04,0.11,0.09,509,652,78.1,7393,1993,3.8,28,31,27,8,44,13,7,5,69,54,4.65,2,0.17,14,10,6,4,4,37.5,2,16,3,15,0,801,8,50,11,28.9,494,29,8,28,24,613,113,3,0,0,16,1,0,0,0,52,9,37.5
Niclas Füllkrug,de GER,FW,West Ham,eng Premier League,31.0,1993.0,18,6,790,8.8,3,2,5,3,0,0,2.2,2.2,1.9,4.1,0.46,16,7,43.8,1.82,0.8,0.19,0.43,0.14,133,198,67.2,1852,314,0.4,14,12,5,0,1,0,0,2,14,22,2.5,2,0.23,4,3,0,1,3,75.0,1,5,16,7,0,277,19,40,1,12.5,123,7,2,18,7,205,31,2,0,0,21,0,0,0,0,18,39,42.9
Kyogo Furuhashi,jp JPN,FW,Rennes,fr Ligue 1,29.0,1995.0,6,1,123,1.4,0,0,0,0,0,0,0.1,0.1,0.0,0.1,0.09,1,0,0.0,0.73,0.0,0.0,,0.13,3,11,27.3,43,0,0.0,0,0,0,0,0,0,0,0,0,0,0.0,0,0.0,2,2,1,1,0,100.0,0,2,0,1,0,20,0,2,0,,10,0,0,3,1,12,3,0,0,0,4,0,0,0,0,1,1,33.3
Manuel Fuster,es ESP,"FW,MF",Las Palmas,es La Liga,26.0,1997.0,28,8,1003,11.1,2,1,3,2,0,0,0.7,0.7,1.8,2.5,0.23,18,7,38.9,1.62,0.63,0.11,0.29,0.04,478,624,76.6,8055,2300,1.8,28,56,24,5,67,22,3,10,71,56,5.02,6,0.54,19,11,5,8,6,53.6,4,23,17,17,0,742,19,23,5,29.4,410,23,3,20,16,533,75,2,0,0,12,1,0,0,0,63,3,18.8
Matteo Gabbia,it ITA,DF,Milan,it Serie A,24.0,1999.0,26,24,2152,23.9,2,0,2,2,0,0,1.1,1.1,0.2,1.3,0.05,14,4,28.6,0.59,0.17,0.14,0.5,0.08,1316,1443,91.2,26811,7732,0.2,2,82,3,1,2,0,0,11,74,22,0.92,3,0.13,21,15,13,7,1,80.0,15,36,103,6,1,1635,188,21,1,100.0,1023,13,0,5,1,1214,2,4,0,0,20,1,1,0,0,69,47,56.6
Tommaso Gabellini,it ITA,FW,Torino,it Serie A,17.0,2006.0,1,0,10,0.1,0,0,0,0,0,0,0.1,0.1,0.0,0.1,0.45,1,0,0.0,9.0,0.0,0.0,,0.05,1,3,33.3,7,2,0.0,0,0,0,0,0,0,0,0,0,0,0.0,0,0.0,0,0,0,0,0,,0,0,0,0,0,4,0,0,0,,4,1,0,0,0,3,0,0,0,0,0,0,0,0,0,1,0,
Tiago Gabriel,pt POR,DF,Lecce,it Serie A,19.0,2004.0,2,0,96,1.1,0,0,0,0,0,0,0.0,0.0,0.0,0.0,0.0,0,0,,0.0,0.0,,,,35,40,87.5,745,271,0.0,0,3,1,0,0,0,1,0,1,1,0.94,0,0.0,0,0,0,0,0,,0,0,11,2,0,56,9,0,0,,31,0,0,0,0,32,0,0,0,0,0,0,0,0,0,2,5,83.3
Alessandro Gabrielloni,it ITA,"FW,MF",Como,it Serie A,30.0,1994.0,15,0,142,1.6,1,1,2,1,0,0,0.3,0.3,0.8,1.1,0.68,5,2,40.0,3.17,1.27,0.2,0.5,0.06,28,49,57.1,439,103,0.2,4,3,1,0,1,0,0,0,6,6,3.78,1,0.63,0,0,0,0,0,0.0,0,0,1,4,0,64,3,7,0,,43,5,1,2,3,44,13,1,0,0,6,1,0,0,0,12,3,21.4
Gianluca Gaetano,it ITA,"MF,FW",Cagliari,it Serie A,24.0,2000.0,28,8,1009,11.2,2,4,6,2,0,0,4.9,4.9,2.2,7.1,0.63,30,6,20.0,2.68,0.54,0.07,0.33,0.16,258,357,72.3,4219,1182,2.3,22,27,13,0,24,10,3,5,41,48,4.28,5,0.45,11,8,4,6,1,33.3,6,17,8,11,0,490,10,43,14,51.9,297,11,7,31,16,356,82,0,0,0,16,3,0,0,0,34,10,33.3
Roberto Gagliardini,it ITA,"MF,DF",Monza,it Serie A,30.0,1994.0,8,0,180,2.0,0,0,0,0,0,0,0.0,0.0,0.2,0.2,0.09,0,0,,0.0,0.0,,,,107,124,86.3,1852,449,0.0,1,12,0,0,1,0,0,1,11,4,2.0,0,0.0,3,2,1,2,0,25.0,2,5,4,2,0,141,7,1,1,50.0,101,5,0,4,4,106,3,1,0,0,6,1,0,0,0,6,4,40.0
Cody Gakpo,nl NED,FW,Liverpool,eng Premier League,25.0,1999.0,35,23,1935,21.5,10,4,14,10,0,0,7.1,7.1,4.4,11.5,0.53,57,22,38.6,2.65,1.02,0.18,0.45,0.12,480,634,75.7,6870,1656,3.8,38,24,27,8,74,1,3,4,52,80,3.72,8,0.37,28,16,6,13,9,52.0,12,40,19,10,1,888,28,110,31,50.8,605,59,28,45,24,677,278,5,0,0,20,5,1,0,0,77,17,39.5
Javi Galán,es ESP,DF,Atlético Madrid,es La Liga,29.0,1994.0,25,21,1784,19.8,0,3,3,0,0,0,0.2,0.2,3.9,4.1,0.2,9,0,0.0,0.45,0.0,0.0,,0.02,852,1028,82.9,12612,3739,3.1,15,44,22,14,57,0,1,2,54,33,1.66,6,0.3,51,31,31,15,5,51.0,12,63,47,24,0,1270,51,16,28,35.9,739,52,6,22,15,779,107,8,0,0,38,1,0,1,0,71,25,50.0
Iñigo Ruiz de Galarreta,es ESP,MF,Athletic Club,es La Liga,30.0,1993.0,26,18,1477,16.4,0,4,4,0,0,0,0.5,0.5,2.9,3.4,0.21,11,1,9.1,0.67,0.06,0.0,0.0,0.05,683,844,80.9,12772,3749,2.7,28,101,25,3,29,6,6,8,137,50,3.04,6,0.37,36,22,11,17,8,64.5,16,52,14,18,2,978,21,8,16,69.6,524,27,3,17,16,672,39,5,0,0,43,0,0,0,0,120,8,40.0
Conor Gallagher,eng ENG,MF,Atlético Madrid,es La Liga,24.0,2000.0,32,19,1633,18.1,3,3,6,3,0,0,2.8,2.8,1.2,3.9,0.22,22,4,18.2,1.21,0.22,0.14,0.75,0.13,714,840,85.0,9884,2176,1.1,12,47,14,1,13,1,3,1,64,32,1.76,8,0.44,45,32,16,19,10,44.9,20,65,23,18,0,1062,35,38,17,40.5,674,24,7,25,23,755,64,2,0,0,32,3,1,0,0,107,9,30.0
Antonino Gallo,it ITA,DF,Lecce,it Serie A,24.0,2000.0,31,31,2609,29.0,0,2,2,0,0,0,0.3,0.3,2.7,3.0,0.1,9,3,33.3,0.31,0.1,0.0,0.0,0.03,822,1241,66.2,15643,6924,2.7,44,78,28,22,116,21,1,4,107,72,2.48,3,0.1,65,42,46,15,4,54.8,20,85,133,32,0,1587,116,15,13,44.8,662,57,5,37,14,735,110,3,1,0,12,1,0,0,2,116,26,41.3
Cristian Gamboa,cr CRC,DF,Bochum,de Bundesliga,34.0,1989.0,12,1,226,2.5,1,0,1,1,0,0,0.2,0.2,0.2,0.3,0.14,4,1,25.0,1.59,0.4,0.25,1.0,0.04,75,124,60.5,1477,594,0.3,3,3,2,1,7,0,1,2,5,6,2.39,0,0.0,8,3,5,3,0,33.3,2,10,8,3,0,154,6,4,0,0.0,84,2,1,3,0,85,9,1,0,0,1,2,0,0,0,11,0,0.0
Idrissa Gana Gueye,sn SEN,MF,Everton,eng Premier League,34.0,1989.0,37,35,3063,34.0,0,3,3,0,0,0,1.1,1.1,1.7,2.8,0.08,27,5,18.5,0.79,0.15,0.0,0.0,0.04,1230,1422,86.5,20779,5681,2.0,19,154,10,3,7,0,2,7,145,60,1.76,4,0.12,133,80,61,55,17,58.6,48,181,36,22,1,1801,72,21,18,46.2,861,27,4,32,38,1048,27,9,0,0,55,3,0,0,0,194,24,61.5
Ignatius Ganago,cm CMR,"FW,MF",Nantes,fr Ligue 1,25.0,1999.0,11,1,241,2.7,0,0,0,0,0,0,0.4,0.4,0.3,0.7,0.25,7,0,0.0,2.61,0.0,0.0,,0.06,59,77,76.6,859,169,0.1,5,2,1,1,3,0,0,0,9,7,2.62,1,0.37,1,1,0,1,0,50.0,4,5,2,1,0,112,3,15,5,45.5,73,5,4,8,3,84,26,1,0,0,2,0,0,0,0,7,4,36.4
Silvère Ganvoula M'Boussy,cg CGO,FW,Monza,it Serie A,28.0,1996.0,7,4,326,3.6,0,0,0,0,0,0,0.4,0.4,0.2,0.6,0.16,4,1,25.0,1.1,0.28,0.0,0.0,0.09,37,60,61.7,595,78,0.0,1,3,0,0,0,0,0,0,4,4,1.1,0,0.0,0,0,0,0,0,0.0,1,1,5,4,0,103,4,11,2,25.0,73,3,3,18,8,83,21,0,0,0,4,1,0,0,0,6,15,55.6
Facundo Garcés,my MAS,DF,Alavés,es La Liga,24.0,1999.0,10,7,678,7.5,0,0,0,0,0,0,0.1,0.1,0.8,0.9,0.12,5,1,20.0,0.66,0.13,0.0,0.0,0.02,150,197,76.1,3011,1258,0.7,3,8,1,0,1,0,0,0,12,3,0.4,0,0.0,6,2,4,2,0,60.0,5,11,51,2,0,280,44,13,0,,114,3,0,2,0,129,3,2,0,0,7,0,0,1,0,14,13,48.1
Aleix García,es ESP,MF,Leverkusen,de Bundesliga,27.0,1997.0,28,17,1455,16.2,3,4,7,3,0,0,1.0,1.0,4.9,5.9,0.36,15,5,33.3,0.93,0.31,0.2,0.6,0.06,1212,1390,87.2,21055,6014,3.8,32,135,12,4,92,58,2,33,120,60,3.71,10,0.62,13,7,4,6,3,46.7,11,24,24,16,1,1503,45,11,4,80.0,787,27,1,10,5,1169,47,3,0,0,8,0,0,0,0,69,3,27.3
Álvaro García,es ESP,"FW,MF",Rayo Vallecano,es La Liga,31.0,1992.0,36,28,2559,28.4,4,5,9,4,0,0,7.6,7.6,5.0,12.6,0.44,71,26,36.6,2.5,0.91,0.06,0.15,0.11,543,841,64.6,8345,2525,5.9,50,27,44,18,109,1,2,6,71,104,3.66,7,0.25,33,24,19,8,6,38.7,32,65,42,43,1,1164,31,127,10,37.0,644,68,25,61,16,746,245,4,0,0,18,5,1,1,0,94,9,33.3
Andrés García,es ESP,"DF,MF",Aston Villa,eng Premier League,21.0,2003.0,7,5,318,3.5,0,0,0,0,0,0,0.0,0.0,0.2,0.2,0.06,2,0,0.0,0.57,0.0,0.0,,0.02,174,201,86.6,2725,577,0.4,3,9,8,5,18,0,0,0,15,3,0.85,0,0.0,9,5,5,3,1,50.0,2,11,10,5,2,256,8,2,5,27.8,159,26,2,10,6,168,28,0,0,0,1,0,0,0,0,15,0,0.0
Eric García,es ESP,"DF,MF",Barcelona,es La Liga,23.0,2001.0,29,14,1566,17.4,2,3,5,2,0,0,2.3,2.3,0.8,3.1,0.18,14,8,57.1,0.8,0.46,0.14,0.25,0.17,1234,1340,92.1,20485,7124,1.6,7,142,14,3,7,0,4,3,109,32,1.84,7,0.4,38,21,11,24,3,69.0,14,52,41,12,0,1517,66,25,5,41.7,852,18,1,17,5,1125,22,4,0,0,20,0,0,0,0,54,27,51.9
Fran Garcia,es ESP,DF,Real Madrid,es La Liga,24.0,1999.0,31,24,2171,24.1,0,2,2,0,0,0,0.9,0.9,1.8,2.7,0.11,14,3,21.4,0.58,0.12,0.0,0.0,0.06,1344,1551,86.7,19116,5223,2.3,24,87,23,9,66,0,1,5,119,56,2.32,3,0.12,51,36,29,16,6,54.9,28,79,67,38,1,1792,71,33,8,34.8,1001,78,15,20,10,1162,177,0,0,0,13,0,0,0,0,106,17,44.7
Gonzalo García,es ESP,"FW,DF",Real Madrid,es La Liga,20.0,2004.0,3,0,56,0.6,0,1,1,0,0,0,0.5,0.5,1.0,1.5,2.35,1,0,0.0,1.61,0.0,0.0,,0.49,19,20,95.0,245,20,0.6,1,0,0,0,0,0,0,0,0,2,3.21,1,1.61,0,0,0,0,0,,0,0,0,0,0,22,0,5,0,,14,0,0,0,3,17,3,0,0,0,0,0,0,0,0,1,1,100.0
Pablo Garcia,es ESP,FW,Betis,es La Liga,17.0,2006.0,3,0,38,0.4,0,0,0,0,0,0,0.0,0.0,0.0,0.0,0.0,0,0,,0.0,0.0,,,,10,14,71.4,186,18,0.2,0,0,0,0,2,0,0,1,0,2,4.62,0,0.0,0,0,0,0,0,,0,0,0,1,0,23,0,2,1,50.0,16,2,1,3,1,15,8,0,0,0,0,0,0,0,0,3,0,
Rubén García,es ESP,"FW,MF",Osasuna,es La Liga,31.0,1993.0,36,30,2413,26.8,5,5,10,5,0,0,3.2,3.2,3.6,6.8,0.25,27,10,37.0,1.01,0.37,0.19,0.5,0.12,903,1215,74.3,15826,3984,4.6,49,77,31,16,136,72,1,25,112,104,3.88,12,0.45,52,31,20,21,11,43.3,15,67,34,37,1,1467,31,64,12,33.3,779,37,13,39,21,969,157,2,0,0,36,4,1,0,0,122,28,43.1
Ulisses Garcia,ch SUI,DF,Marseille,fr Ligue 1,28.0,1996.0,20,10,930,10.3,2,2,4,2,0,0,1.5,1.5,1.4,2.9,0.28,8,2,25.0,0.77,0.19,0.25,1.0,0.19,535,632,84.7,8376,2370,1.2,8,40,10,5,35,0,0,2,53,20,1.93,7,0.68,14,11,7,5,2,28.6,8,22,18,15,0,712,24,21,7,38.9,386,23,1,15,11,480,87,2,0,0,8,2,1,0,0,48,17,73.9
Unai García,es ESP,DF,Osasuna,es La Liga,32.0,1992.0,3,1,65,0.7,0,0,0,0,0,0,0.0,0.0,0.0,0.0,0.0,0,0,,0.0,0.0,,,,36,38,94.7,805,278,0.0,0,1,0,0,0,0,0,1,3,0,0.0,0,0.0,0,0,0,0,0,,0,0,1,0,0,43,5,1,0,,19,0,0,1,0,31,0,0,0,0,3,0,0,0,0,2,1,16.7
Alejandro Garnacho,ar ARG,"MF,FW",Manchester Utd,eng Premier League,20.0,2004.0,36,23,2199,24.4,6,2,8,6,0,0,7.3,7.3,4.5,11.8,0.48,84,29,34.5,3.44,1.19,0.07,0.21,0.09,649,823,78.9,9138,1181,2.8,37,22,25,5,56,2,2,9,56,83,3.4,6,0.25,30,18,11,6,13,32.4,13,43,11,54,2,1159,13,176,26,29.2,840,141,67,64,48,888,290,3,0,0,12,6,0,0,0,108,3,11.1
James Garner,eng ENG,"MF,DF",Everton,eng Premier League,23.0,2001.0,21,17,1594,17.7,0,1,1,0,0,0,0.7,0.7,1.4,2.1,0.12,12,4,33.3,0.68,0.23,0.0,0.0,0.06,611,803,76.1,10658,3158,1.4,13,60,7,4,57,23,2,2,50,39,2.2,5,0.28,47,31,25,20,2,58.5,23,70,37,23,0,977,40,15,7,36.8,478,15,2,16,9,550,30,5,0,0,20,0,0,0,0,73,11,45.8
Yarek Gasiorowski,es ESP,DF,Valencia,es La Liga,19.0,2005.0,15,9,947,10.5,0,0,0,0,0,0,1.1,1.1,0.1,1.2,0.12,3,0,0.0,0.29,0.0,0.0,,0.38,387,482,80.3,7508,2627,0.3,3,43,3,1,3,0,1,1,38,7,0.67,0,0.0,19,16,16,3,0,69.2,26,45,60,7,0,620,73,6,0,,276,9,0,1,0,337,0,1,0,0,5,1,0,0,0,40,24,64.9
Federico Gatti,it ITA,DF,Juventus,it Serie A,26.0,1998.0,30,26,2195,24.4,1,0,1,1,0,0,2.5,2.5,0.5,2.9,0.12,25,9,36.0,1.03,0.37,0.04,0.11,0.1,1387,1460,95.0,25073,7810,0.3,6,58,3,0,1,0,0,1,73,26,1.07,2,0.08,28,23,18,8,2,58.3,18,46,76,6,2,1687,170,27,7,53.8,1165,24,1,12,8,1290,6,2,0,0,20,1,1,0,0,110,37,58.7
Gavi,es ESP,"MF,FW",Barcelona,es La Liga,19.0,2004.0,26,14,1085,12.1,1,1,2,1,0,0,0.9,0.9,1.6,2.4,0.2,11,1,9.1,0.91,0.08,0.09,1.0,0.08,733,814,90.0,10848,2687,1.5,14,92,11,1,9,1,1,5,77,39,3.24,4,0.33,30,21,10,15,5,57.7,10,40,7,7,0,943,10,34,9,50.0,557,13,1,19,9,712,42,4,0,0,38,0,0,0,0,61,21,44.7
Jean-Philippe Gbamin,ci CIV,MF,Nantes,fr Ligue 1,28.0,1995.0,14,2,216,2.4,0,0,0,0,0,0,0.5,0.5,0.0,0.5,0.22,2,0,0.0,0.83,0.0,0.0,,0.26,90,115,78.3,1338,427,0.0,0,11,1,0,0,0,0,2,12,4,1.67,0,0.0,2,1,0,2,0,25.0,3,5,2,2,0,143,4,4,1,50.0,83,2,0,5,1,90,1,1,0,0,3,1,0,0,0,13,7,70.0
Mory Gbane,ci CIV,"DF,MF",Reims,fr Ligue 1,23.0,2000.0,13,13,1125,12.5,0,1,1,0,0,0,0.2,0.2,0.6,0.8,0.06,4,2,50.0,0.32,0.16,0.0,0.0,0.04,447,524,85.3,7917,2675,0.8,7,37,2,0,2,0,3,8,35,18,1.44,1,0.08,20,11,16,4,0,54.2,18,38,90,6,1,694,108,7,5,71.4,363,3,0,8,4,410,9,2,0,0,12,1,0,0,0,49,15,62.5
Yann Gboho,fr FRA,"MF,FW",Toulouse,fr Ligue 1,23.0,2001.0,31,27,2333,25.9,5,4,9,5,0,0,5.4,5.4,3.5,8.9,0.35,50,26,52.0,1.93,1.0,0.1,0.19,0.11,478,644,74.2,6718,2050,4.1,30,53,28,0,26,0,7,1,103,87,3.36,7,0.27,31,18,7,15,9,40.0,6,37,4,33,1,953,5,124,50,41.0,690,116,37,66,50,709,189,2,0,0,16,6,1,0,0,107,5,15.6
Viggo Gebel,de GER,MF,RB Leipzig,de Bundesliga,16.0,2007.0,1,0,14,0.2,0,0,0,0,0,0,0.0,0.0,0.0,0.0,0.0,0,0,,0.0,0.0,,,,3,4,75.0,43,11,0.0,0,0,0,0,0,0,0,0,0,1,6.43,0,0.0,0,0,0,0,0,,0,0,0,0,0,6,0,1,0,0.0,5,0,0,1,0,5,3,0,0,0,0,1,0,0,0,0,1,100.0
Lutsharel Geertruida,nl NED,DF,RB Leipzig,de Bundesliga,24.0,2000.0,24,17,1557,17.3,1,0,1,1,0,0,1.1,1.1,1.0,2.0,0.12,8,1,12.5,0.46,0.06,0.13,1.0,0.14,961,1109,86.7,16254,5823,1.6,10,94,17,4,13,0,1,3,93,25,1.45,1,0.06,35,24,24,11,0,48.4,16,51,59,12,4,1266,61,19,7,50.0,642,21,3,14,4,839,34,2,0,0,17,0,0,1,0,83,12,66.7
Dennis Geiger,de GER,"MF,FW",Hoffenheim,de Bundesliga,26.0,1998.0,20,7,734,8.2,0,0,0,0,0,0,0.2,0.2,0.5,0.6,0.08,5,1,20.0,0.61,0.12,0.0,0.0,0.03,316,362,87.3,4775,1315,0.7,11,32,9,1,5,2,2,0,37,26,3.18,0,0.0,24,11,9,13,2,63.2,7,31,6,4,1,441,14,8,4,50.0,259,12,2,9,8,303,21,4,0,0,26,1,0,1,0,35,2,33.3
Valentin Gendrey,fr FRA,DF,Lecce,it Serie A,24.0,2000.0,2,2,180,2.0,0,0,0,0,0,0,0.2,0.2,0.1,0.3,0.14,2,0,0.0,1.0,0.0,0.0,,0.09,42,55,76.4,745,342,0.1,2,5,2,1,3,0,0,0,5,3,1.5,0,0.0,2,2,1,0,1,100.0,2,4,1,0,0,69,3,3,0,,32,7,0,1,0,39,4,0,0,0,1,0,0,0,0,3,1,25.0
Valentin Gendrey,fr FRA,DF,Hoffenheim,de Bundesliga,24.0,2000.0,22,14,1414,15.7,1,1,2,1,0,0,1.1,1.1,1.8,2.9,0.19,10,5,50.0,0.64,0.32,0.1,0.2,0.11,482,690,69.9,7957,3749,2.7,16,37,15,10,51,0,0,2,49,37,2.36,4,0.25,30,12,19,9,2,61.1,15,45,53,17,0,874,61,28,3,27.3,363,24,7,24,11,425,86,1,0,0,12,2,0,0,0,52,26,52.0
Denis Genreau,au AUS,MF,Toulouse,fr Ligue 1,25.0,1999.0,8,2,222,2.5,0,0,0,0,0,0,0.3,0.3,0.5,0.8,0.31,6,0,0.0,2.43,0.0,0.0,,0.05,105,127,82.7,1588,460,0.7,5,7,7,0,9,6,0,0,13,8,3.24,0,0.0,7,5,4,1,2,50.0,3,10,4,3,0,160,6,7,1,33.3,79,9,1,5,4,98,7,0,0,0,7,0,0,0,0,11,0,0.0
Tyrique George,eng ENG,FW,Chelsea,eng Premier League,18.0,2006.0,8,1,183,2.0,1,1,2,1,0,0,0.2,0.2,0.7,0.9,0.46,3,1,33.3,1.48,0.49,0.33,1.0,0.07,43,54,79.6,551,85,0.3,6,0,1,0,3,0,0,0,3,7,3.44,1,0.49,2,0,2,0,0,66.7,2,4,1,2,0,70,1,9,3,60.0,46,9,5,3,0,53,22,1,0,0,3,0,0,0,0,4,0,0.0
Yannick Gerhardt,de GER,"MF,DF",Wolfsburg,de Bundesliga,30.0,1994.0,29,15,1518,16.9,1,1,2,1,0,0,1.2,1.2,0.2,1.4,0.08,15,4,26.7,0.89,0.24,0.07,0.25,0.08,513,667,76.9,7872,2653,1.1,4,44,11,4,24,1,1,1,57,29,1.72,2,0.12,28,16,13,14,1,36.7,17,45,47,19,0,854,49,32,1,12.5,438,27,5,19,3,519,63,5,1,0,20,4,0,0,0,49,21,42.0
Max Geschwill,de GER,DF,Holstein Kiel,de Bundesliga,23.0,2001.0,19,13,1282,14.2,1,2,3,1,0,0,0.9,0.9,0.8,1.6,0.12,9,2,22.2,0.63,0.14,0.11,0.5,0.1,496,668,74.3,9477,4117,0.9,10,40,7,2,10,0,0,2,58,24,1.68,2,0.14,26,21,13,12,1,73.7,30,56,53,18,1,827,80,13,2,40.0,379,6,0,5,2,478,16,2,0,0,13,0,0,0,1,53,14,40.0
Daniele Ghilardi,it ITA,DF,Hellas Verona,it Serie A,21.0,2003.0,24,21,2029,22.5,0,0,0,0,0,0,0.6,0.6,0.2,0.8,0.04,12,4,33.3,0.53,0.18,0.0,0.0,0.05,633,807,78.4,12335,4429,0.4,6,59,3,3,10,0,1,10,57,16,0.71,1,0.04,44,29,27,17,0,61.0,30,74,106,10,0,1070,118,18,2,22.2,529,16,1,9,2,606,7,7,1,0,33,4,0,0,0,55,41,50.0
Lautaro Gianetti,ar ARG,DF,Udinese,it Serie A,30.0,1993.0,15,11,878,9.8,1,0,1,1,0,0,0.1,0.0,0.1,0.1,0.02,2,2,100.0,0.21,0.21,0.5,0.5,0.0,317,384,82.6,5789,2039,0.3,2,13,2,0,0,0,0,2,19,4,0.41,0,0.0,22,10,16,5,1,70.0,15,37,49,1,1,499,104,8,0,0.0,207,0,1,2,0,256,3,4,0,0,7,0,0,1,2,28,30,71.4
Dimitris Giannoulis,gr GRE,DF,Augsburg,de Bundesliga,28.0,1995.0,31,31,2650,29.4,1,4,5,1,0,0,1.1,1.1,4.2,5.3,0.18,13,4,30.8,0.44,0.14,0.08,0.25,0.09,1076,1440,74.7,17973,7355,5.4,42,71,55,23,120,13,2,2,104,76,2.58,6,0.2,47,32,27,16,4,59.1,47,94,75,54,0,1802,81,48,29,35.4,845,60,12,49,13,968,164,8,0,0,17,1,1,0,0,136,9,28.1
Morgan Gibbs-White,eng ENG,MF,Nott'ham Forest,eng Premier League,24.0,2000.0,34,34,2803,31.1,7,8,15,7,0,0,6.3,6.3,5.0,11.2,0.36,61,21,34.4,1.96,0.67,0.11,0.33,0.1,993,1269,78.3,15389,4754,4.7,51,128,41,10,45,1,19,12,164,115,3.69,19,0.61,43,22,14,23,6,51.5,23,66,29,27,1,1627,35,92,31,40.3,923,69,13,70,44,1227,137,11,1,1,38,5,1,0,0,127,40,42.1
Samuel Gigot,fr FRA,DF,Lazio,it Serie A,30.0,1993.0,15,7,683,7.6,2,0,2,2,0,0,1.3,1.3,0.0,1.3,0.17,4,3,75.0,0.53,0.4,0.5,0.67,0.33,287,312,92.0,4838,1235,0.1,0,13,0,0,0,0,0,0,12,6,0.79,1,0.13,4,3,1,3,0,0.0,13,17,36,2,0,391,54,8,1,50.0,205,7,0,4,1,258,5,2,0,0,8,0,0,1,0,15,18,78.3
Armin Gigovic,ba BIH,MF,Holstein Kiel,de Bundesliga,22.0,2002.0,31,23,1895,21.1,5,1,6,5,0,0,1.9,1.9,2.1,3.9,0.19,26,10,38.5,1.23,0.47,0.19,0.5,0.07,524,674,77.7,8461,2077,1.7,16,44,7,0,14,1,5,4,50,39,1.85,7,0.33,25,13,14,8,3,23.8,21,46,33,13,0,935,56,38,20,36.4,476,37,7,45,23,536,45,5,0,0,22,6,1,1,0,117,18,48.6
Bryan Gil,es ESP,"FW,MF",Girona,es La Liga,23.0,2001.0,25,21,1721,19.1,3,3,6,3,0,0,2.3,2.3,2.9,5.2,0.27,32,15,46.9,1.67,0.78,0.09,0.2,0.07,621,759,81.8,8853,1808,3.2,21,27,33,7,78,14,0,0,74,56,2.93,5,0.26,34,20,10,15,9,46.7,10,44,9,23,4,1019,9,82,41,39.4,715,76,34,56,39,795,210,4,0,0,22,4,0,0,0,78,0,0.0
Mario Gila,es ESP,DF,Lazio,it Serie A,23.0,2000.0,32,31,2741,30.5,1,0,1,1,0,0,1.1,1.1,0.6,1.7,0.05,15,4,26.7,0.49,0.13,0.07,0.25,0.07,1877,2049,91.6,36948,12033,1.0,15,161,9,1,6,0,4,20,157,38,1.25,1,0.03,55,37,35,18,2,66.1,28,83,115,11,4,2339,241,28,4,26.7,1477,48,0,17,7,1673,12,8,0,0,32,0,0,0,1,153,66,51.6
Billy Gilmour,sct SCO,MF,Brighton,eng Premier League,23.0,2001.0,2,1,98,1.1,0,0,0,0,0,0,0.1,0.1,0.0,0.1,0.07,1,0,0.0,0.92,0.0,0.0,,0.08,58,67,86.6,980,346,0.0,0,12,2,0,1,1,1,2,11,3,2.76,0,0.0,3,3,2,1,0,75.0,0,3,1,0,0,73,2,0,1,50.0,44,2,0,0,0,58,2,0,0,0,2,0,0,0,0,5,0,
Billy Gilmour,sct SCO,MF,Napoli,it Serie A,23.0,2001.0,26,13,1177,13.1,0,1,1,0,0,0,0.5,0.5,1.8,2.3,0.18,9,1,11.1,0.69,0.08,0.0,0.0,0.06,804,908,88.5,14176,3784,1.9,21,65,12,2,18,10,3,3,67,40,3.06,4,0.31,24,16,10,9,5,60.0,9,33,23,5,0,1006,43,5,5,50.0,540,11,0,11,5,782,18,0,0,0,14,2,0,0,0,64,9,47.4
Benedikt Gimber,de GER,DF,Heidenheim,de Bundesliga,27.0,1997.0,32,32,2671,29.7,0,0,0,0,0,0,0.7,0.7,0.3,1.0,0.03,14,1,7.1,0.47,0.03,0.0,0.0,0.05,1058,1282,82.5,21955,7019,0.5,3,47,2,0,3,0,0,6,46,15,0.51,1,0.03,72,46,48,23,1,60.3,31,103,131,16,1,1643,199,22,8,50.0,865,7,0,25,7,965,8,9,0,0,61,1,0,2,0,98,66,55.9
Santiago Giménez,mx MEX,FW,Milan,it Serie A,23.0,2001.0,14,7,669,7.4,5,2,7,5,0,1,4.8,4.0,0.9,4.9,0.77,22,9,40.9,2.96,1.21,0.23,0.56,0.18,79,98,80.6,962,169,0.5,6,5,2,1,2,1,1,0,6,16,2.15,4,0.54,5,3,0,4,1,75.0,1,6,13,2,0,189,13,37,7,36.8,101,13,5,22,2,121,38,3,1,0,11,0,0,0,0,14,7,38.9
Gvidas Gineitis,lt LTU,MF,Torino,it Serie A,20.0,2004.0,30,15,1430,15.9,3,1,4,3,0,0,1.3,1.3,2.0,3.3,0.21,29,8,27.6,1.83,0.5,0.1,0.38,0.04,399,534,74.7,6511,1895,2.2,21,38,7,2,51,25,2,0,36,39,2.45,2,0.13,25,15,8,10,7,52.0,18,43,32,26,0,715,36,24,8,47.1,388,15,4,25,10,427,43,5,0,0,23,2,0,0,0,57,14,43.8
Matthias Ginter,de GER,DF,Freiburg,de Bundesliga,30.0,1994.0,32,28,2561,28.5,2,1,3,2,0,0,2.8,2.8,0.7,3.5,0.12,24,4,16.7,0.84,0.14,0.08,0.5,0.12,1256,1521,82.6,24307,9697,1.5,9,97,8,1,13,0,2,9,113,27,0.95,4,0.14,30,17,15,11,4,53.6,19,49,146,10,5,1816,198,56,4,66.7,991,11,1,10,0,1205,16,5,0,0,13,2,1,0,0,93,98,61.6
Jamie Gittens,eng ENG,"FW,MF",Dortmund,de Bundesliga,19.0,2004.0,32,21,1776,19.7,8,3,11,8,0,0,3.6,3.6,2.5,6.1,0.31,52,24,46.2,2.64,1.22,0.15,0.33,0.07,427,558,76.5,5844,1011,4.1,21,17,24,4,49,2,4,3,42,73,3.7,10,0.51,31,19,12,12,7,77.8,10,41,4,22,0,873,8,110,77,45.0,627,113,63,49,35,653,180,4,0,0,25,3,1,0,0,63,5,41.7
Serge Gnabry,de GER,"FW,MF",Bayern Munich,de Bundesliga,29.0,1995.0,27,13,1242,13.8,7,5,12,7,0,1,7.5,6.8,5.1,11.9,0.92,48,17,35.4,3.48,1.23,0.15,0.41,0.14,498,597,83.4,7268,1449,4.3,24,21,21,2,22,1,5,1,48,56,4.06,13,0.94,20,11,6,7,7,66.7,6,26,9,14,0,758,9,96,18,45.0,468,44,25,25,7,581,149,0,0,0,19,0,0,0,0,47,4,28.6
Ben Godfrey,eng ENG,DF,Ipswich Town,eng Premier League,26.0,1998.0,3,2,159,1.8,0,0,0,0,0,0,0.0,0.0,0.0,0.0,0.0,0,0,,0.0,0.0,,,,47,57,82.5,657,255,0.0,0,5,1,0,0,0,0,0,4,1,0.57,0,0.0,1,0,1,0,0,100.0,2,3,3,3,0,68,6,1,0,,33,2,0,2,1,42,1,1,0,0,1,0,0,0,0,2,3,100.0
Ben Godfrey,eng ENG,DF,Atalanta,it Serie A,26.0,1998.0,1,0,23,0.3,0,0,0,0,0,0,0.0,0.0,0.0,0.0,0.0,0,0,,0.0,0.0,,,,8,10,80.0,122,16,0.0,0,2,0,0,0,0,0,0,1,0,0.0,0,0.0,0,0,0,0,0,0.0,0,0,0,1,0,12,0,1,0,,6,0,0,1,0,8,1,0,0,0,1,0,0,0,0,2,0,
Martial Godo,eng ENG,"FW,DF",Fulham,eng Premier League,21.0,2003.0,2,0,24,0.3,0,0,0,0,0,0,0.0,0.0,0.1,0.1,0.21,0,0,,0.0,0.0,,,,12,17,70.6,214,53,0.1,1,0,3,0,1,0,0,0,3,1,3.91,0,0.0,0,0,0,0,0,,1,1,0,2,0,25,0,7,1,25.0,18,2,2,0,0,15,6,0,0,0,1,0,0,0,0,1,0,0.0
Saba Goglichidze,ge GEO,DF,Empoli,it Serie A,20.0,2004.0,33,29,2539,28.2,0,1,1,0,0,0,0.3,0.3,0.3,0.6,0.02,6,0,0.0,0.21,0.0,0.0,,0.05,724,929,77.9,14820,5046,0.2,3,48,1,1,5,0,0,7,45,13,0.46,2,0.07,64,37,36,25,3,49.0,33,97,97,13,3,1200,108,13,4,40.0,564,12,2,19,5,663,9,3,1,0,26,0,0,0,0,108,28,34.1
Edoardo Goldaniga,it ITA,DF,Como,it Serie A,30.0,1993.0,32,28,2532,28.1,1,0,1,1,0,0,2.5,2.5,0.3,2.8,0.1,12,5,41.7,0.43,0.18,0.08,0.2,0.21,1310,1517,86.4,24165,9247,0.4,4,80,6,1,9,0,0,13,81,25,0.89,3,0.11,34,21,21,8,5,72.2,33,67,102,10,3,1757,154,25,3,42.9,1008,20,0,10,8,1189,8,12,1,1,44,0,0,0,0,74,52,59.8
Michael Golding,eng ENG,MF,Leicester City,eng Premier League,18.0,2006.0,1,0,1,0.0,0,0,0,0,0,0,0.0,0.0,0.0,0.0,0.0,0,0,,0.0,0.0,,,,0,0,,0,0,0.0,0,0,0,0,0,0,0,0,0,0,0.0,0,0.0,0,0,0,0,0,,0,0,0,0,0,0,0,0,0,,0,0,0,0,0,0,0,0,0,0,0,0,0,0,0,0,0,
Aleksandr Golovin,ru RUS,"MF,FW",Monaco,fr Ligue 1,28.0,1996.0,19,13,1153,12.8,3,0,3,3,0,0,2.3,2.3,2.4,4.7,0.37,24,9,37.5,1.87,0.7,0.13,0.33,0.1,523,678,77.1,8301,3070,3.2,24,77,31,3,23,7,9,4,112,48,3.74,1,0.08,38,24,9,20,9,43.6,12,50,7,13,0,840,7,31,22,59.5,504,39,9,27,18,563,72,1,0,0,25,1,0,0,0,101,9,40.9
André Gomes,pt POR,MF,Lille,fr Ligue 1,31.0,1993.0,20,16,1276,14.2,0,0,0,0,0,0,0.5,0.5,0.7,1.3,0.09,11,3,27.3,0.78,0.21,0.0,0.0,0.05,861,963,89.4,14106,3490,1.7,10,96,15,1,11,0,5,11,101,26,1.83,1,0.07,27,13,9,11,7,35.5,6,33,11,11,2,1086,28,13,10,41.7,632,18,0,25,19,862,28,3,0,0,24,0,0,0,0,92,9,56.3
Angel Gomes,eng ENG,MF,Lille,fr Ligue 1,23.0,2000.0,14,10,736,8.2,1,1,2,1,0,1,1.7,0.9,2.1,3.0,0.47,8,2,25.0,0.98,0.24,0.13,0.5,0.11,295,364,81.0,4789,1376,1.6,14,32,14,3,10,4,2,2,49,28,3.42,3,0.37,10,6,4,4,2,16.7,0,10,2,8,0,410,2,18,5,50.0,249,15,3,11,3,330,47,1,0,0,4,2,1,0,0,20,5,45.5
João Gomes,br BRA,MF,Wolves,eng Premier League,23.0,2001.0,36,35,2974,33.0,3,1,4,3,0,0,2.9,2.9,1.2,4.1,0.12,35,7,20.0,1.06,0.21,0.09,0.43,0.08,1380,1623,85.0,19707,4911,1.9,23,122,24,1,29,1,5,9,165,67,2.03,4,0.12,116,71,55,53,8,43.6,25,141,33,24,0,1998,62,45,30,46.2,1059,59,6,43,51,1335,76,11,1,1,70,2,0,0,0,200,11,29.7
Rodrigo Gomes,pt POR,"DF,FW",Wolves,eng Premier League,21.0,2003.0,25,7,810,9.0,2,0,2,2,0,0,0.7,0.7,0.9,1.6,0.18,7,3,42.9,0.78,0.33,0.29,0.67,0.1,212,309,68.6,3052,1023,0.7,12,12,14,4,23,1,1,0,27,22,2.45,1,0.11,23,15,14,9,0,57.1,7,30,20,10,1,417,24,29,5,33.3,217,23,7,21,9,246,81,0,0,0,4,0,0,0,0,28,8,32.0
Toti Gomes,pt POR,DF,Wolves,eng Premier League,25.0,1999.0,31,30,2614,29.0,0,1,1,0,0,0,0.7,0.7,0.9,1.7,0.06,7,2,28.6,0.24,0.07,0.0,0.0,0.1,1473,1714,85.9,24482,8584,0.6,9,87,6,3,13,0,0,3,86,21,0.72,1,0.03,61,43,42,15,4,80.4,25,86,152,21,5,2027,217,17,20,62.5,1205,27,0,20,15,1387,18,7,0,0,24,0,0,1,0,116,53,67.1
Carlos Gómez,co COL,"MF,DF",Rennes,fr Ligue 1,21.0,2002.0,17,2,381,4.2,3,0,3,3,0,0,1.3,1.3,0.2,1.6,0.37,9,5,55.6,2.13,1.18,0.33,0.6,0.15,84,115,73.0,1181,285,0.2,5,2,4,2,19,0,1,0,9,12,2.83,0,0.0,8,6,3,4,1,33.3,2,10,2,2,0,180,4,17,8,36.4,117,9,5,13,6,128,47,1,0,0,11,1,0,0,0,16,2,25.0
Dani Gómez,es ESP,FW,Valencia,es La Liga,26.0,1998.0,14,5,532,5.9,2,0,2,2,0,0,2.7,2.7,0.0,2.7,0.46,14,6,42.9,2.37,1.02,0.14,0.33,0.19,62,83,74.7,741,120,0.1,1,3,2,0,0,0,0,0,6,6,1.02,0,0.0,3,2,0,0,3,,2,5,4,6,0,137,4,22,3,30.0,71,3,2,11,8,90,24,0,0,0,7,0,0,0,0,14,7,22.6
Diego Gómez,py PAR,MF,Brighton,eng Premier League,21.0,2003.0,16,4,516,5.7,1,0,1,1,0,0,0.9,0.9,0.7,1.6,0.28,9,3,33.3,1.57,0.52,0.11,0.33,0.09,243,302,80.5,3715,931,1.2,8,14,7,1,12,6,4,2,27,19,3.32,4,0.7,21,13,11,8,2,54.5,8,29,10,9,1,403,21,10,6,50.0,193,8,0,10,9,247,23,0,0,0,8,1,1,0,0,32,10,71.4
Joe Gomez,eng ENG,DF,Liverpool,eng Premier League,27.0,1997.0,9,6,519,5.8,0,0,0,0,0,0,0.3,0.3,0.1,0.4,0.08,3,2,66.7,0.52,0.35,0.0,0.0,0.11,377,425,88.7,6689,2299,0.1,2,29,0,0,2,0,1,5,35,5,0.87,1,0.17,13,10,5,7,1,68.8,7,20,20,2,2,481,54,5,0,,303,5,1,1,2,335,2,1,0,0,2,0,0,0,0,34,9,69.2
Moi Gómez,es ESP,"MF,FW",Osasuna,es La Liga,30.0,1994.0,26,6,796,8.8,0,0,0,0,0,0,0.5,0.5,0.8,1.2,0.14,6,1,16.7,0.68,0.11,0.0,0.0,0.08,398,494,80.6,6612,1756,1.1,11,46,13,9,28,2,0,9,49,19,2.15,0,0.0,13,9,4,7,2,50.0,6,19,7,16,1,571,6,7,14,53.8,353,13,1,10,8,402,16,1,0,0,14,0,0,0,1,66,7,36.8
Sergi Gómez,es ESP,DF,Espanyol,es La Liga,32.0,1992.0,12,6,664,7.4,0,0,0,0,0,0,0.3,0.3,0.0,0.3,0.04,2,1,50.0,0.27,0.14,0.0,0.0,0.15,311,350,88.9,6125,1932,0.0,0,3,0,0,1,0,0,0,8,4,0.54,0,0.0,8,5,7,1,0,66.7,7,15,38,1,0,419,65,4,0,,222,0,0,1,0,292,1,1,0,0,6,0,0,0,0,15,11,33.3
Sergio Gómez,es ESP,"MF,DF",Real Sociedad,es La Liga,23.0,2000.0,37,31,2738,30.4,2,5,7,2,0,0,1.9,1.9,8.9,10.8,0.35,18,10,55.6,0.59,0.33,0.11,0.2,0.11,1076,1439,74.8,17323,4647,7.5,56,77,23,11,231,133,1,9,93,102,3.35,10,0.33,71,39,30,29,12,53.6,19,90,30,47,2,1724,38,52,22,43.1,843,43,6,45,16,1025,154,4,0,0,29,2,0,1,0,146,20,47.6
Unai Gómez,es ESP,"MF,FW",Athletic Club,es La Liga,21.0,2003.0,32,14,1284,14.3,1,3,4,1,0,0,1.9,1.9,0.8,2.7,0.19,19,4,21.1,1.33,0.28,0.05,0.25,0.1,223,305,73.1,3424,683,0.9,10,20,1,0,23,12,2,0,23,23,1.61,3,0.21,12,8,3,7,2,57.1,2,14,15,6,1,439,20,21,12,41.4,235,19,3,23,21,271,49,1,0,0,12,1,0,0,0,42,29,48.3
Tidiam Gomis,fr FRA,"MF,FW",RB Leipzig,de Bundesliga,17.0,2006.0,8,1,152,1.7,0,1,1,0,0,0,0.3,0.3,0.9,1.2,0.7,5,1,20.0,2.96,0.59,0.0,0.0,0.05,42,52,80.8,506,89,0.6,3,1,2,1,4,0,0,0,3,9,5.33,1,0.59,0,0,0,0,0,,1,1,0,1,0,70,0,10,5,71.4,33,5,1,4,3,47,14,2,0,0,3,0,0,0,0,5,1,25.0
Fabio González,es ESP,MF,Las Palmas,es La Liga,27.0,1997.0,2,0,53,0.6,0,0,0,0,0,0,0.1,0.1,0.0,0.1,0.12,2,0,0.0,3.4,0.0,0.0,,0.04,43,53,81.1,756,181,0.0,0,5,0,0,1,0,0,1,6,2,3.4,1,1.7,0,0,0,0,0,0.0,0,0,0,3,0,57,1,2,0,,37,0,0,1,0,42,0,0,0,0,1,0,0,0,0,3,1,100.0
Nicolás González,es ESP,MF,Manchester City,eng Premier League,22.0,2002.0,11,9,760,8.4,1,0,1,1,0,0,0.5,0.5,0.1,0.5,0.06,9,2,22.2,1.07,0.24,0.11,0.5,0.05,575,625,92.0,8643,1985,0.5,1,52,4,0,1,0,1,0,50,15,1.77,3,0.35,16,6,5,7,4,54.5,8,24,21,5,0,713,18,10,1,16.7,425,9,3,8,11,535,11,3,0,0,13,1,0,0,0,31,16,57.1
Nicolás González,ar ARG,"FW,MF",Juventus,it Serie A,26.0,1998.0,26,23,1750,19.4,3,2,5,3,0,0,4.1,4.1,1.1,5.1,0.26,45,21,46.7,2.31,1.08,0.07,0.14,0.09,484,637,76.0,7755,1634,1.2,19,28,19,1,15,1,3,2,69,47,2.42,4,0.21,24,13,10,9,5,36.0,9,33,37,24,2,883,44,65,17,32.1,458,35,10,38,15,611,123,3,0,0,30,4,0,0,0,69,59,55.7
Peter González,do DOM,"MF,FW",Getafe,es La Liga,22.0,2002.0,17,2,477,5.3,0,0,0,0,0,0,1.3,1.3,0.1,1.4,0.26,12,4,33.3,2.26,0.75,0.0,0.0,0.1,86,131,65.6,1192,347,0.3,4,1,5,3,14,0,0,0,6,13,2.44,1,0.19,11,6,2,5,4,66.7,2,13,5,6,0,211,3,16,3,20.0,111,8,4,17,15,122,33,1,0,0,9,1,0,0,0,20,10,43.5
Urko González,es ESP,MF,Espanyol,es La Liga,23.0,2001.0,17,16,1374,15.3,0,2,2,0,0,0,0.5,0.5,0.7,1.3,0.08,4,2,50.0,0.26,0.13,0.0,0.0,0.14,335,432,77.5,5763,1784,0.8,10,37,5,0,3,1,2,1,62,23,1.51,5,0.33,46,28,24,21,1,63.6,8,54,39,14,1,610,65,11,6,35.3,306,18,3,18,12,316,8,2,0,0,15,1,0,1,0,71,20,57.1
Urko González,es ESP,MF,Real Sociedad,es La Liga,23.0,2001.0,1,1,45,0.5,0,0,0,0,0,0,0.0,0.0,0.0,0.0,0.0,0,0,,0.0,0.0,,,,10,17,58.8,171,61,0.0,0,0,0,0,1,0,0,1,1,1,2.0,0,0.0,0,0,0,0,0,,0,0,0,1,0,20,2,1,0,,12,0,0,1,2,18,0,1,0,0,1,0,0,0,0,0,0,0.0
Anthony Gordon,eng ENG,"FW,MF",Newcastle Utd,eng Premier League,23.0,2001.0,34,28,2434,27.0,6,5,11,5,1,2,8.0,6.5,5.0,11.4,0.48,57,16,28.1,2.11,0.59,0.09,0.31,0.11,720,982,73.3,11128,3642,5.1,51,65,55,17,131,53,9,4,98,101,3.74,12,0.44,32,18,9,18,5,32.4,7,39,9,38,3,1267,16,128,38,36.9,818,121,56,36,38,924,214,2,0,0,20,8,1,0,0,97,8,50.0
Leon Goretzka,de GER,"MF,DF",Bayern Munich,de Bundesliga,29.0,1995.0,26,13,1325,14.7,4,1,5,4,0,0,2.8,2.8,1.7,4.4,0.3,32,11,34.4,2.17,0.75,0.13,0.36,0.09,1101,1225,89.9,17307,4696,2.4,12,147,15,0,5,0,5,8,127,28,1.9,2,0.14,21,11,5,12,4,50.0,20,41,25,12,1,1373,47,27,7,87.5,794,35,3,4,4,1051,28,2,0,0,12,1,0,0,0,77,31,54.4
Andoni Gorosabel,es ESP,DF,Athletic Club,es La Liga,27.0,1996.0,20,17,1485,16.5,0,2,2,0,0,0,0.3,0.3,1.8,2.1,0.13,2,1,50.0,0.12,0.06,0.0,0.0,0.17,736,884,83.3,11163,3242,1.7,15,57,16,10,41,0,0,0,51,32,1.94,2,0.12,47,28,31,9,7,66.7,18,65,62,21,0,1084,43,13,7,50.0,432,17,3,18,14,554,59,5,0,0,24,0,0,0,0,56,20,41.7
Robin Gosens,de GER,DF,Fiorentina,it Serie A,30.0,1994.0,31,28,2434,27.0,5,5,10,5,0,0,1.8,1.8,2.4,4.1,0.15,23,8,34.8,0.85,0.3,0.22,0.63,0.08,1020,1334,76.5,17177,6592,1.7,27,71,32,10,63,0,1,4,102,66,2.36,14,0.5,56,31,31,17,8,56.8,18,74,91,29,0,1606,85,56,4,40.0,781,31,1,31,5,962,91,6,0,0,24,1,0,0,0,69,71,62.3
Robin Gosens,de GER,DF,Union Berlin,de Bundesliga,30.0,1994.0,1,1,90,1.0,0,0,0,0,0,0,0.0,0.0,0.1,0.2,0.15,1,0,0.0,1.0,0.0,0.0,,0.02,23,42,54.8,381,218,0.1,1,3,2,0,1,0,0,0,4,5,5.0,1,1.0,0,0,0,0,0,0.0,1,1,2,0,0,51,1,1,0,,17,1,0,2,0,26,5,1,0,0,5,0,0,0,0,1,7,63.6
Mario Götze,de GER,"MF,FW",Eint Frankfurt,de Bundesliga,32.0,1992.0,24,18,1542,17.1,3,2,5,3,0,0,2.9,2.9,3.1,6.0,0.35,8,5,62.5,0.47,0.29,0.38,0.6,0.37,656,846,77.5,9147,2783,1.9,34,56,19,1,39,17,3,2,88,58,3.39,3,0.18,41,28,18,20,3,41.7,7,48,8,26,0,986,12,43,9,39.1,617,29,6,26,27,706,96,1,0,0,15,1,0,0,0,104,3,23.1
Amine Gouiri,dz ALG,"FW,MF",Marseille,fr Ligue 1,24.0,2000.0,14,12,1048,11.6,10,3,13,10,0,0,8.4,8.4,3.6,12.1,1.04,51,24,47.1,4.38,2.06,0.2,0.42,0.17,284,351,80.9,3844,846,2.5,26,8,8,0,57,49,1,0,20,56,4.81,7,0.6,5,5,0,1,4,66.7,1,6,1,5,0,472,3,82,10,45.5,248,17,11,22,15,328,97,0,0,0,11,1,0,0,0,24,2,16.7
Amine Gouiri,dz ALG,"MF,FW",Rennes,fr Ligue 1,24.0,2000.0,19,11,1037,11.5,3,2,5,3,0,0,3.5,3.5,0.4,3.9,0.34,31,16,51.6,2.69,1.39,0.1,0.19,0.11,277,354,78.2,3878,899,0.8,8,21,9,0,12,7,3,0,46,29,2.52,4,0.35,9,6,4,4,1,25.0,2,11,5,16,0,474,5,47,15,45.5,266,22,11,20,21,354,63,2,0,0,18,0,0,0,0,40,8,34.8
Lucas Gourna-Douath,fr FRA,MF,Roma,it Serie A,20.0,2003.0,6,2,229,2.5,0,0,0,0,0,0,0.1,0.1,0.1,0.2,0.09,3,0,0.0,1.18,0.0,0.0,,0.05,104,114,91.2,1637,307,0.1,2,11,0,0,2,0,0,0,9,4,1.58,0,0.0,9,4,5,4,0,33.3,0,9,2,2,0,147,1,3,2,40.0,76,4,1,1,5,104,9,2,0,0,9,0,0,0,0,8,0,0.0
Jeffrey Gouweleeuw,nl NED,DF,Augsburg,de Bundesliga,33.0,1991.0,33,33,2944,32.7,1,4,5,1,0,1,1.7,0.9,2.2,3.1,0.12,17,4,23.5,0.52,0.12,0.06,0.25,0.05,1400,1694,82.6,29407,12623,3.0,14,151,22,2,17,0,3,2,142,34,1.04,5,0.15,50,28,25,21,4,67.5,35,85,183,10,0,2061,260,42,7,58.3,1169,24,1,19,6,1234,19,9,0,0,22,0,0,1,0,141,62,63.9
Jonathan Gradit,fr FRA,DF,Lens,fr Ligue 1,31.0,1992.0,25,24,2112,23.5,0,0,0,0,0,0,0.8,0.8,0.7,1.5,0.06,16,4,25.0,0.68,0.17,0.0,0.0,0.05,1133,1332,85.1,20473,8262,0.9,11,109,10,2,10,0,2,7,127,25,1.07,0,0.0,44,23,22,19,3,57.5,25,69,122,11,2,1594,159,22,3,33.3,865,18,0,11,3,1086,4,4,0,0,29,0,0,0,0,73,64,59.3
José Gragera,es ESP,MF,Espanyol,es La Liga,23.0,2000.0,10,7,569,6.3,0,0,0,0,0,0,0.0,0.0,0.0,0.1,0.01,2,0,0.0,0.32,0.0,0.0,,0.02,190,217,87.6,3436,848,0.1,1,14,0,0,0,0,0,1,14,7,1.11,0,0.0,25,16,11,14,0,52.9,5,30,13,2,0,284,13,4,1,25.0,119,1,0,3,1,164,3,0,0,0,18,1,0,0,0,18,11,68.8
Samuel Grandsir,fr FRA,"MF,FW",Le Havre,fr Ligue 1,27.0,1996.0,6,0,84,0.9,0,0,0,0,0,0,0.0,0.0,0.6,0.6,0.67,0,0,,0.0,0.0,,,,20,32,62.5,357,133,0.3,3,8,2,1,5,2,1,0,6,4,4.29,0,0.0,5,5,0,3,2,66.7,0,5,0,1,0,42,0,0,0,0.0,24,5,0,0,1,23,5,0,0,0,2,0,0,0,0,9,0,0.0
Alberto Grassi,it ITA,MF,Empoli,it Serie A,29.0,1995.0,28,27,2203,24.5,1,0,1,1,0,0,1.0,1.0,0.8,1.9,0.08,11,4,36.4,0.45,0.16,0.09,0.25,0.09,634,850,74.6,10794,3479,0.7,7,65,7,0,10,0,2,1,74,27,1.1,2,0.08,39,21,16,18,5,63.6,33,72,43,14,1,1058,67,26,5,41.7,441,18,1,26,18,542,24,8,0,0,28,3,1,0,0,124,29,58.0
Ryan Gravenberch,nl NED,MF,Liverpool,eng Premier League,22.0,2002.0,37,37,3160,35.1,0,4,4,0,0,0,1.1,1.1,3.1,4.2,0.12,20,5,25.0,0.57,0.14,0.0,0.0,0.06,1718,1927,89.2,25904,6528,3.5,26,151,35,2,7,0,8,7,181,68,1.94,6,0.17,69,35,27,29,13,57.1,60,129,59,15,2,2343,117,26,37,45.7,1396,70,10,55,26,1669,55,6,1,0,47,0,0,0,0,193,26,65.0
Archie Gray,eng ENG,"DF,MF",Tottenham,eng Premier League,18.0,2006.0,28,19,1751,19.5,0,0,0,0,0,0,0.0,0.0,0.1,0.2,0.01,1,1,100.0,0.05,0.05,0.0,0.0,0.02,1001,1145,87.4,17440,5370,0.2,3,43,0,0,17,4,1,3,40,6,0.31,0,0.0,16,8,4,8,4,41.2,19,35,50,18,2,1286,150,3,7,53.8,878,7,0,12,11,941,17,1,0,0,17,0,0,0,1,69,11,50.0
Jack Grealish,eng ENG,"FW,MF",Manchester City,eng Premier League,28.0,1995.0,20,7,721,8.0,1,1,2,1,0,0,1.1,1.1,1.8,3.0,0.37,15,5,33.3,1.87,0.62,0.07,0.2,0.08,382,436,87.6,5685,986,1.7,24,23,16,0,20,9,0,0,52,47,5.86,2,0.25,9,5,4,2,3,40.0,2,11,6,11,1,521,15,71,13,44.8,376,69,46,10,16,423,118,3,0,0,5,1,0,0,0,26,1,12.5
Jacob Greaves,eng ENG,DF,Ipswich Town,eng Premier League,23.0,2000.0,25,25,2205,24.5,1,0,1,1,0,0,1.3,1.3,0.3,1.6,0.06,10,4,40.0,0.41,0.16,0.1,0.25,0.13,962,1121,85.8,15937,6129,0.2,5,75,2,0,1,0,0,0,69,20,0.82,1,0.04,40,21,20,17,3,62.9,21,61,148,4,3,1404,276,22,4,66.7,619,11,0,10,2,851,11,5,0,0,16,1,0,0,0,61,83,67.5
Mason Greenwood,eng ENG,"FW,MF",Marseille,fr Ligue 1,22.0,2001.0,34,32,2804,31.2,21,5,26,14,7,9,16.3,9.1,5.7,14.8,0.71,111,45,40.5,3.56,1.44,0.13,0.31,0.08,1089,1389,78.4,18128,4250,7.8,47,78,70,14,110,43,13,25,157,123,3.95,19,0.61,35,18,10,14,11,41.0,12,47,5,26,2,1746,4,151,54,41.9,1214,126,67,63,44,1451,295,3,0,0,24,7,2,0,0,88,8,53.3
Michael Gregoritsch,at AUT,FW,Freiburg,de Bundesliga,30.0,1994.0,20,5,639,7.1,2,1,3,2,0,0,1.8,1.8,0.4,2.2,0.31,16,6,37.5,2.25,0.85,0.13,0.33,0.11,100,158,63.3,1528,375,0.7,5,9,4,0,1,0,0,0,19,19,2.67,5,0.7,4,2,1,0,3,20.0,1,5,10,8,0,220,6,33,4,57.1,94,6,3,14,9,149,36,2,0,0,7,0,0,0,0,18,31,47.7
Antoine Griezmann,fr FRA,"FW,MF",Atlético Madrid,es La Liga,33.0,1991.0,38,29,2469,27.4,8,7,15,7,1,2,7.4,5.9,7.1,12.9,0.53,48,17,35.4,1.75,0.62,0.15,0.41,0.13,1094,1463,74.8,17074,4671,6.5,48,105,47,11,138,81,12,9,143,93,3.39,13,0.47,30,17,13,13,4,24.1,6,36,23,39,1,1678,28,93,15,42.9,969,46,6,41,20,1255,177,2,0,0,11,2,0,0,0,93,21,47.7
Vincenzo Grifo,it ITA,"FW,MF",Freiburg,de Bundesliga,31.0,1993.0,34,31,2432,27.0,8,11,19,8,0,3,7.9,5.6,6.9,12.5,0.55,63,26,41.3,2.33,0.96,0.13,0.31,0.09,1173,1529,76.7,20566,5422,8.0,66,104,48,10,155,72,10,10,128,121,4.48,15,0.56,30,22,12,13,5,44.1,9,39,23,29,2,1768,35,71,25,55.6,939,58,21,36,17,1186,147,2,0,0,15,1,0,0,0,134,15,48.4
Florian Grillitsch,at AUT,MF,Valladolid,es La Liga,28.0,1995.0,13,7,623,6.9,0,0,0,0,0,0,0.1,0.1,0.7,0.8,0.11,3,2,66.7,0.43,0.29,0.0,0.0,0.03,289,349,82.8,5492,1241,0.4,8,29,5,0,6,4,3,7,38,22,3.17,1,0.14,11,7,7,3,1,46.7,4,15,5,4,1,398,12,4,11,73.3,225,9,0,5,5,278,7,1,0,0,6,2,0,0,0,42,5,55.6
Florian Grillitsch,at AUT,MF,Hoffenheim,de Bundesliga,28.0,1995.0,8,8,601,6.7,0,0,0,0,0,0,0.2,0.2,0.2,0.3,0.05,6,1,16.7,0.9,0.15,0.0,0.0,0.03,361,417,86.6,6978,2150,0.8,5,39,4,2,4,0,3,8,44,17,2.55,0,0.0,15,9,5,9,1,57.1,8,23,18,9,0,488,29,3,5,41.7,270,4,0,5,10,330,4,1,0,0,4,0,0,0,0,31,7,31.8
Álex Grimaldo,es ESP,DF,Leverkusen,de Bundesliga,28.0,1995.0,32,31,2636,29.3,2,7,9,2,0,0,2.5,2.5,8.1,10.6,0.36,44,13,29.5,1.5,0.44,0.05,0.15,0.06,1700,2094,81.2,25433,7214,8.6,73,108,50,21,217,105,4,10,160,129,4.4,11,0.38,24,14,13,7,4,38.1,16,40,43,59,3,2365,53,87,20,40.0,1310,86,20,53,13,1686,252,6,1,1,15,3,1,0,0,142,16,48.5
Pascal Groß,de GER,"MF,DF",Dortmund,de Bundesliga,33.0,1991.0,30,28,2327,25.9,0,9,9,0,0,0,2.4,2.4,5.1,7.5,0.29,27,7,25.9,1.04,0.27,0.0,0.0,0.09,1589,1970,80.7,27293,8030,6.4,57,120,44,15,174,98,3,12,178,96,3.71,17,0.66,44,28,11,26,7,29.4,9,53,30,33,1,2178,60,50,3,33.3,1149,41,5,22,9,1510,122,5,1,0,18,1,0,1,0,96,24,42.9
Brajan Gruda,de GER,"MF,FW",Brighton,eng Premier League,20.0,2004.0,21,8,687,7.6,1,4,5,1,0,0,1.2,1.2,2.1,3.3,0.43,11,5,45.5,1.44,0.66,0.09,0.2,0.11,187,251,74.5,2759,970,1.9,23,12,12,1,29,17,2,2,26,39,5.1,6,0.78,16,8,6,6,4,50.0,2,18,5,3,1,344,4,46,13,43.3,202,22,13,14,21,222,57,0,0,0,7,1,0,0,0,26,3,37.5
Marco Grüll,at AUT,"FW,MF",Werder Bremen,de Bundesliga,26.0,1998.0,30,13,1181,13.1,6,1,7,6,0,0,4.0,4.0,1.8,5.8,0.44,25,10,40.0,1.91,0.76,0.24,0.6,0.16,251,327,76.8,3274,839,1.5,11,22,14,3,21,1,2,1,38,41,3.13,5,0.38,12,9,1,5,6,23.5,3,15,10,23,0,495,6,53,13,33.3,317,24,9,43,39,361,93,1,0,0,22,5,1,0,0,43,5,20.8
Albert Grønbaek,dk DEN,"FW,MF",Southampton,eng Premier League,23.0,2001.0,4,2,143,1.6,0,0,0,0,0,0,0.1,0.1,0.0,0.1,0.08,2,0,0.0,1.26,0.0,0.0,,0.06,13,18,72.2,135,43,0.0,1,2,0,0,1,0,0,0,1,2,1.26,0,0.0,4,1,1,1,2,30.0,0,4,1,1,0,38,2,2,0,0.0,18,1,1,5,4,21,3,0,0,0,0,0,0,0,0,6,2,100.0
Albert Grønbaek,dk DEN,"MF,FW",Rennes,fr Ligue 1,23.0,2001.0,16,9,813,9.0,2,1,3,2,0,0,1.5,1.5,1.0,2.5,0.28,22,9,40.9,2.44,1.0,0.09,0.22,0.07,155,247,62.8,2371,825,0.9,19,9,13,0,28,19,1,1,30,29,3.21,5,0.55,21,11,10,7,4,35.7,4,25,6,15,0,386,5,41,11,29.7,218,23,12,33,15,250,58,1,0,0,10,2,0,0,0,24,4,26.7
Sergi Guardiola,es ESP,FW,Rayo Vallecano,es La Liga,33.0,1991.0,16,1,362,4.0,0,0,0,0,0,0,2.4,2.4,0.1,2.5,0.62,11,3,27.3,2.73,0.75,0.0,0.0,0.22,56,84,66.7,703,192,0.2,5,2,3,1,4,0,0,0,3,9,2.24,0,0.0,5,3,0,5,0,66.7,1,6,2,5,0,130,3,18,0,0.0,81,2,1,11,5,96,22,1,0,0,9,0,0,0,0,7,6,33.3
Nemanja Gudelj,rs SRB,"MF,DF",Sevilla,es La Liga,32.0,1991.0,31,27,2493,27.7,1,1,2,0,1,1,1.6,0.8,0.6,1.5,0.08,22,5,22.7,0.79,0.18,0.0,0.0,0.04,1192,1371,86.9,20321,6020,1.0,14,72,7,0,31,23,1,9,64,34,1.23,2,0.07,42,24,16,22,4,60.0,27,69,94,6,1,1635,143,5,6,66.7,736,14,0,19,3,1007,5,6,0,0,26,1,0,0,0,74,46,63.9
Gabriel Gudmundsson,se SWE,DF,Lille,fr Ligue 1,25.0,1999.0,30,20,1785,19.8,2,0,2,2,0,0,0.7,0.7,1.4,2.1,0.11,18,5,27.8,0.91,0.25,0.11,0.4,0.04,866,1055,82.1,13909,3879,2.0,16,60,18,10,59,4,1,8,91,30,1.51,0,0.0,36,25,15,15,6,63.9,17,53,41,25,3,1267,69,38,20,39.2,728,71,9,20,19,837,115,3,0,0,30,2,0,0,0,83,12,60.0
Gonçalo Guedes,pt POR,"MF,FW",Wolves,eng Premier League,27.0,1996.0,29,10,995,11.1,2,4,6,2,0,0,3.2,3.2,1.3,4.5,0.4,27,8,29.6,2.44,0.72,0.07,0.25,0.12,259,349,74.2,4193,1060,0.9,14,18,17,5,22,1,1,5,40,30,2.71,8,0.72,16,5,2,6,8,25.0,5,21,4,10,0,484,6,40,9,32.1,304,41,8,38,18,337,79,1,0,0,15,1,0,0,0,36,5,27.8
Axel Gueguin,fr FRA,FW,Montpellier,fr Ligue 1,19.0,2005.0,1,0,23,0.3,0,0,0,0,0,0,0.0,0.0,0.0,0.0,0.0,0,0,,0.0,0.0,,,,5,6,83.3,75,34,0.1,0,0,0,0,1,1,0,0,1,0,0.0,0,0.0,1,1,0,1,0,100.0,0,1,0,1,0,9,0,1,0,0.0,2,0,0,1,0,4,1,0,0,0,4,0,0,0,0,0,0,
Marc Guéhi,eng ENG,DF,Crystal Palace,eng Premier League,24.0,2000.0,34,34,3059,34.0,3,2,5,3,0,0,2.0,2.0,1.8,3.7,0.11,15,7,46.7,0.44,0.21,0.2,0.43,0.13,1473,1765,83.5,28093,11512,2.0,16,133,11,3,13,0,7,14,134,44,1.29,5,0.15,61,34,36,23,2,66.0,28,89,163,9,2,2131,311,39,12,80.0,1142,22,1,16,18,1330,10,9,1,1,24,2,0,0,3,146,68,54.0
Mattéo Guendouzi,fr FRA,MF,Lazio,it Serie A,25.0,1999.0,37,37,3270,36.3,1,3,4,1,0,0,1.4,1.4,3.2,4.6,0.13,27,8,29.6,0.74,0.22,0.04,0.13,0.05,1961,2183,89.8,36189,9790,2.8,43,287,33,3,21,9,6,25,316,118,3.25,7,0.19,37,21,13,19,5,42.6,32,69,50,23,2,2437,70,39,15,60.0,1549,89,9,28,18,1836,64,7,0,0,28,1,0,1,0,173,18,45.0
Javier Guerra,es ESP,MF,Valencia,es La Liga,21.0,2003.0,36,31,2581,28.7,3,3,6,3,0,0,2.2,2.2,3.2,5.4,0.19,47,10,21.3,1.64,0.35,0.06,0.3,0.05,1023,1314,77.9,17160,5349,3.2,23,119,23,4,45,15,8,11,137,74,2.58,6,0.21,50,27,18,21,11,46.4,20,70,49,40,3,1669,65,49,29,37.2,927,50,13,50,54,1136,84,5,0,0,34,3,0,0,0,168,17,48.6
Raphaël Guerreiro,pt POR,"DF,MF",Bayern Munich,de Bundesliga,30.0,1993.0,23,19,1572,17.5,4,4,8,4,0,0,2.9,2.9,2.9,5.8,0.33,21,11,52.4,1.2,0.63,0.19,0.36,0.14,1206,1359,88.7,16390,4055,4.7,27,77,25,2,27,5,8,2,85,54,3.09,10,0.57,19,12,9,7,3,75.0,10,29,19,26,1,1487,34,55,10,50.0,820,39,5,16,15,1117,126,2,0,0,9,0,0,0,0,94,8,38.1
Evann Guessand,ci CIV,"FW,MF",Nice,fr Ligue 1,23.0,2001.0,33,30,2565,28.5,12,8,20,12,0,0,9.2,9.2,5.4,14.6,0.51,63,27,42.9,2.21,0.95,0.19,0.44,0.15,421,574,73.3,5792,1599,5.3,32,46,27,4,36,0,9,1,79,91,3.19,17,0.6,44,29,12,15,17,42.9,15,59,16,30,0,926,19,134,49,47.6,581,87,30,75,71,687,162,2,0,0,45,8,1,0,0,98,26,41.9
Ander Guevara,es ESP,MF,Alavés,es La Liga,27.0,1997.0,33,20,1947,21.6,0,1,1,0,0,0,0.9,0.9,0.6,1.5,0.07,12,3,25.0,0.55,0.14,0.0,0.0,0.07,762,995,76.6,13455,3959,0.6,12,95,11,1,5,0,0,6,112,41,1.89,5,0.23,49,30,19,29,1,41.7,14,63,43,19,1,1208,58,12,9,60.0,512,14,0,22,19,655,19,3,0,0,39,0,0,0,0,120,30,43.5
Pape Gueye,sn SEN,MF,Villarreal,es La Liga,25.0,1999.0,34,26,2224,24.7,4,0,4,4,0,0,3.4,3.4,1.1,4.5,0.18,55,17,30.9,2.23,0.69,0.07,0.24,0.06,911,1144,79.6,16801,5556,2.1,17,118,23,2,20,2,8,20,156,49,1.98,9,0.36,54,26,23,23,8,69.0,27,81,53,21,2,1456,72,65,11,33.3,853,36,7,33,19,1030,69,6,2,1,31,1,0,1,0,126,31,57.4
Morgan Guilavogui,gn GUI,"FW,MF",St. Pauli,de Bundesliga,26.0,1998.0,25,21,1807,20.1,6,2,8,6,0,0,7.1,7.1,1.9,9.1,0.45,41,15,36.6,2.04,0.75,0.15,0.4,0.18,362,549,65.9,4657,1289,2.4,27,29,10,3,13,0,1,3,41,52,2.59,4,0.2,32,17,11,16,5,45.2,13,45,33,24,0,832,30,103,21,43.8,384,42,22,50,24,565,135,6,0,0,48,2,0,0,0,71,66,46.8
Frederic Guilbert,fr FRA,DF,Lecce,it Serie A,29.0,1994.0,31,31,2435,27.1,0,1,1,0,0,0,0.3,0.3,1.8,2.1,0.08,11,0,0.0,0.41,0.0,0.0,,0.03,981,1278,76.8,18223,7869,2.1,19,81,23,15,54,1,4,2,88,45,1.66,2,0.07,65,36,30,29,6,65.5,47,112,113,27,3,1610,114,8,18,48.6,665,48,3,25,7,758,45,3,2,0,33,0,0,1,0,84,40,58.0
Luis Guilherme,br BRA,"MF,FW",West Ham,eng Premier League,18.0,2006.0,12,1,150,1.7,0,0,0,0,0,0,0.4,0.4,0.1,0.5,0.3,4,1,25.0,2.4,0.6,0.0,0.0,0.1,58,67,86.6,894,212,0.1,3,5,3,2,8,2,0,0,5,10,6.0,0,0.0,1,0,1,0,0,0.0,3,4,2,2,0,99,3,5,7,53.8,51,4,1,4,3,69,16,0,0,0,0,1,0,0,0,7,2,66.7
Hugo Guillamón,es ESP,MF,Valencia,es La Liga,24.0,2000.0,12,4,364,4.0,0,0,0,0,0,0,0.1,0.1,0.0,0.1,0.03,2,1,50.0,0.49,0.25,0.0,0.0,0.04,154,188,81.9,2607,748,0.3,2,11,4,1,1,0,0,3,15,7,1.73,1,0.25,11,8,1,9,1,90.0,5,16,9,1,1,228,13,1,1,50.0,85,0,0,3,3,146,5,2,0,0,6,0,0,0,0,21,5,55.6
Bruno Guimarães,br BRA,MF,Newcastle Utd,eng Premier League,26.0,1997.0,38,38,3271,36.3,5,6,11,5,0,0,4.3,4.3,6.1,10.4,0.29,45,13,28.9,1.24,0.36,0.11,0.38,0.1,1481,1798,82.4,24436,7860,5.4,52,180,77,6,28,5,22,14,271,133,3.66,18,0.5,83,47,41,30,12,47.8,29,112,44,38,5,2213,83,85,34,43.6,1400,64,15,56,76,1652,96,7,0,0,65,4,0,0,0,188,18,48.6
Carlos Guirao,es ESP,MF,Betis,es La Liga,21.0,2003.0,2,2,110,1.2,0,0,0,0,0,0,0.0,0.0,0.0,0.0,0.0,0,0,,0.0,0.0,,,,36,46,78.3,539,117,0.0,0,3,0,0,0,0,0,0,2,0,0.0,0,0.0,5,3,1,4,0,66.7,3,8,2,4,0,60,3,1,1,100.0,28,1,0,1,2,34,2,0,0,0,4,0,0,0,0,6,2,66.7
Bahereba Guirassy,fr FRA,"FW,MF",Nantes,fr Ligue 1,17.0,2006.0,19,2,348,3.9,2,0,2,2,0,0,0.7,0.7,0.1,0.8,0.2,7,4,57.1,1.81,1.03,0.29,0.5,0.1,85,120,70.8,1143,279,0.2,2,5,1,0,7,0,1,0,6,10,2.59,2,0.52,12,8,6,3,3,53.8,1,13,4,9,0,192,5,17,9,34.6,111,15,5,9,13,115,34,0,0,0,3,1,0,0,0,22,7,41.2
Serhou Guirassy,gn GUI,FW,Dortmund,de Bundesliga,28.0,1996.0,30,29,2598,28.9,21,4,25,18,3,4,22.7,19.6,3.9,23.5,0.92,86,33,38.4,2.98,1.14,0.21,0.55,0.23,456,627,72.7,5726,933,3.1,25,28,14,0,1,0,9,3,43,53,1.84,10,0.35,7,6,2,2,3,40.0,4,11,38,12,0,965,40,160,11,28.2,528,25,12,76,30,747,128,4,0,0,16,6,2,0,0,45,109,52.9
Marc Guiu,es ESP,FW,Chelsea,eng Premier League,18.0,2006.0,3,0,73,0.8,0,0,0,0,0,0,0.0,0.0,0.0,0.0,0.04,0,0,,0.0,0.0,,,,11,16,68.8,110,4,0.0,1,0,0,0,0,0,0,0,0,1,1.22,0,0.0,1,1,0,1,0,100.0,0,1,0,0,0,22,0,3,0,0.0,12,0,0,2,0,12,3,0,0,0,0,0,0,0,0,2,0,0.0
Arda Güler,tr TUR,"MF,FW",Real Madrid,es La Liga,19.0,2005.0,28,14,1250,13.9,3,4,7,3,0,0,3.3,3.3,4.5,7.7,0.56,39,16,41.0,2.81,1.15,0.08,0.19,0.08,763,886,86.1,12391,3189,4.4,40,82,31,5,57,47,10,8,93,79,5.69,11,0.79,30,16,11,8,11,40.9,7,37,8,13,0,1058,14,50,20,44.4,696,34,10,23,9,808,86,1,0,0,15,1,1,0,0,56,7,38.9
Gerard Gumbau,es ESP,MF,Rayo Vallecano,es La Liga,29.0,1994.0,22,7,849,9.4,0,1,1,0,0,0,1.1,1.1,1.3,2.4,0.26,13,5,38.5,1.38,0.53,0.0,0.0,0.08,317,420,75.5,5378,1645,0.8,17,37,3,1,38,23,0,5,41,29,3.07,1,0.11,17,12,8,7,2,46.7,5,22,13,11,0,507,21,10,2,50.0,276,2,0,8,2,331,21,4,0,0,21,0,0,0,0,27,17,43.6
Robert Gumny,pl POL,DF,Augsburg,de Bundesliga,26.0,1998.0,7,2,271,3.0,0,0,0,0,0,0,0.3,0.3,0.5,0.8,0.26,4,2,50.0,1.33,0.66,0.0,0.0,0.08,105,138,76.1,1618,572,0.4,3,6,3,2,5,0,0,0,10,8,2.66,0,0.0,3,3,1,2,0,33.3,1,4,6,6,0,170,10,5,2,25.0,87,5,0,3,1,95,13,2,0,0,4,1,0,0,0,11,3,50.0
İlkay Gündoğan,de GER,MF,Manchester City,eng Premier League,33.0,1990.0,33,25,2223,24.7,1,6,7,1,0,0,3.2,3.2,3.5,6.7,0.27,27,7,25.9,1.09,0.28,0.04,0.14,0.12,1525,1703,89.5,23600,4511,4.4,44,108,23,2,60,46,7,3,127,88,3.56,13,0.53,25,13,5,15,5,41.7,13,38,23,21,0,1892,45,67,17,41.5,1118,64,11,29,25,1480,96,1,0,0,15,1,1,0,0,116,14,56.0
Christian Günter,de GER,DF,Freiburg,de Bundesliga,31.0,1993.0,29,27,2314,25.7,2,2,4,2,0,0,0.8,0.6,2.5,3.2,0.13,21,6,28.6,0.82,0.23,0.1,0.33,0.03,851,1143,74.5,13929,4242,4.2,28,53,30,21,121,35,2,1,52,53,2.06,4,0.16,23,21,12,8,3,55.2,8,31,50,33,1,1304,63,27,3,33.3,559,19,7,15,4,764,109,0,0,0,14,2,0,0,1,61,7,31.8
Jon Guridi,es ESP,"MF,FW",Alavés,es La Liga,29.0,1995.0,33,27,2080,23.1,3,1,4,2,1,1,4.2,3.4,1.2,4.6,0.23,23,11,47.8,1.0,0.48,0.09,0.18,0.15,547,737,74.2,8208,2011,1.1,17,55,11,3,17,5,2,0,79,48,2.08,8,0.35,40,22,7,26,7,40.9,14,54,16,18,0,940,23,60,8,30.8,471,27,4,38,17,587,90,6,0,0,35,1,0,1,0,86,47,41.6
Gorka Guruzeta,es ESP,FW,Athletic Club,es La Liga,27.0,1996.0,36,21,1840,20.4,7,2,9,7,0,0,6.7,6.6,1.5,8.1,0.4,59,19,32.2,2.89,0.93,0.12,0.37,0.11,298,411,72.5,4403,655,0.7,15,23,2,0,5,0,1,4,31,29,1.42,1,0.05,16,8,1,13,2,22.6,9,25,23,13,0,643,23,78,11,55.0,286,8,2,48,20,415,64,2,0,0,40,0,0,0,0,61,36,34.3
Malo Gusto,fr FRA,DF,Chelsea,eng Premier League,21.0,2003.0,32,19,1862,20.7,0,1,1,0,0,0,1.7,1.7,1.4,3.1,0.15,22,4,18.2,1.06,0.19,0.0,0.0,0.08,1198,1385,86.5,19538,4892,1.9,22,111,19,7,53,0,2,3,119,58,2.8,4,0.19,45,29,27,15,3,52.1,24,69,49,26,5,1595,64,43,4,25.0,882,50,8,18,17,1072,85,4,0,0,20,0,0,0,0,119,9,37.5
Miguel Gutiérrez,es ESP,"DF,MF",Girona,es La Liga,23.0,2001.0,29,29,2458,27.3,1,5,6,1,0,0,1.6,1.6,4.1,5.8,0.21,28,9,32.1,1.03,0.33,0.04,0.11,0.06,1241,1502,82.6,20464,4847,4.6,41,59,51,27,153,22,4,11,103,74,2.71,8,0.29,37,24,18,16,3,45.9,16,53,34,41,3,1741,68,50,29,52.7,989,63,11,37,25,1146,199,4,0,0,29,1,0,1,0,144,4,20.0
Albert Guðmundsson,is ISL,"FW,MF",Fiorentina,it Serie A,27.0,1997.0,24,16,1273,14.1,6,1,7,4,2,2,4.5,2.9,1.8,4.8,0.45,25,13,52.0,1.77,0.92,0.16,0.31,0.12,415,500,83.0,5921,1164,1.0,15,34,2,0,24,7,1,1,37,39,2.76,5,0.35,9,5,2,4,3,41.2,6,15,9,14,1,624,9,32,15,55.6,402,35,11,29,14,466,59,2,0,0,13,4,1,0,0,53,4,25.0
Joško Gvardiol,hr CRO,DF,Manchester City,eng Premier League,22.0,2002.0,37,36,3277,36.4,5,0,5,5,0,0,4.6,4.3,2.1,6.3,0.18,40,12,30.0,1.1,0.33,0.13,0.42,0.11,2454,2721,90.2,39905,10760,2.9,26,247,20,1,22,0,6,11,264,76,2.09,7,0.19,58,39,25,21,12,52.5,44,102,122,33,8,3103,146,98,25,58.1,1997,91,15,29,16,2257,121,2,0,0,16,1,0,0,0,137,54,56.8
Emmanuel Gyasi,gh GHA,"DF,FW",Empoli,it Serie A,30.0,1994.0,37,37,3217,35.7,2,1,3,2,0,0,3.9,3.9,0.7,4.6,0.13,22,8,36.4,0.62,0.22,0.09,0.25,0.18,836,1084,77.1,12882,4732,1.7,17,44,20,8,37,0,2,3,53,40,1.12,5,0.14,52,29,32,14,6,63.2,11,63,77,35,0,1390,87,51,20,57.1,570,22,9,54,24,676,108,5,0,0,56,1,0,0,1,135,43,38.7
Christian Gytkjær,dk DEN,FW,Venezia,it Serie A,34.0,1990.0,29,6,754,8.4,2,1,3,1,1,1,2.4,1.6,0.5,2.1,0.34,16,5,31.3,1.91,0.6,0.06,0.2,0.1,87,157,55.4,1054,172,0.3,7,5,3,0,1,0,0,0,5,14,1.67,2,0.24,6,4,2,2,2,50.0,0,6,8,11,0,235,11,27,1,20.0,132,3,2,18,9,186,52,0,0,0,11,1,0,0,0,15,23,28.8
Erling Haaland,no NOR,FW,Manchester City,eng Premier League,24.0,2000.0,31,31,2736,30.4,22,3,25,19,3,4,22.0,18.8,3.0,21.8,0.82,104,55,52.9,3.42,1.81,0.18,0.35,0.19,255,381,66.9,3086,593,2.0,29,10,8,1,3,0,1,0,20,71,2.34,9,0.3,11,6,3,3,5,37.5,5,16,23,10,0,639,22,190,13,36.1,310,24,23,45,27,478,124,2,0,0,24,2,0,0,0,34,57,53.3
Nicolas Haas,ch SUI,MF,Empoli,it Serie A,28.0,1996.0,10,2,287,3.2,0,0,0,0,0,0,0.0,0.0,0.1,0.1,0.02,1,0,0.0,0.31,0.0,0.0,,0.01,99,121,81.8,1517,372,0.0,2,5,0,0,0,0,0,0,9,8,2.51,0,0.0,11,8,4,5,2,55.6,4,15,6,1,0,155,4,1,0,0.0,73,2,0,3,3,83,2,1,0,0,11,0,0,0,0,19,3,37.5
Janik Haberer,de GER,"MF,DF",Union Berlin,de Bundesliga,30.0,1994.0,28,21,1696,18.8,0,0,0,0,0,0,0.7,0.7,0.8,1.6,0.08,15,3,20.0,0.8,0.16,0.0,0.0,0.05,570,740,77.0,9150,2503,1.9,7,41,10,2,15,0,1,1,59,34,1.8,1,0.05,39,29,16,21,2,59.1,17,56,37,23,0,911,41,17,2,33.3,444,13,0,13,11,507,22,1,0,0,22,3,0,0,0,83,15,34.1
Robin Hack,de GER,"FW,MF",Gladbach,de Bundesliga,25.0,1998.0,33,27,2172,24.1,4,7,11,4,0,0,5.4,5.4,3.6,9.0,0.38,59,24,40.7,2.44,0.99,0.07,0.17,0.09,684,898,76.2,10640,3174,3.8,32,52,34,12,61,23,12,9,95,75,3.11,11,0.46,22,17,11,8,3,42.9,9,31,28,28,0,1186,26,84,25,39.7,684,51,21,65,44,809,141,4,0,0,19,3,1,0,0,123,19,41.3
Saad El Haddad,ma MAR,MF,Venezia,it Serie A,19.0,2005.0,3,0,30,0.3,0,0,0,0,0,0,0.0,0.0,0.0,0.0,0.07,0,0,,0.0,0.0,,,,11,14,78.6,169,13,0.0,1,1,0,0,0,0,0,0,1,2,6.0,0,0.0,0,0,0,0,0,,0,0,0,1,0,22,0,1,0,,15,1,0,4,2,15,6,0,0,0,1,0,0,0,0,1,0,0.0
Munir El Haddadi,ma MAR,"FW,MF",Leganés,es La Liga,28.0,1995.0,25,10,862,9.6,4,0,4,4,0,0,1.6,1.6,0.8,2.3,0.24,21,9,42.9,2.19,0.94,0.19,0.44,0.07,201,268,75.0,2666,657,0.5,8,19,6,1,13,2,1,0,29,21,2.2,2,0.21,12,9,5,4,3,25.0,1,13,1,6,1,372,1,17,7,33.3,242,11,1,22,25,299,42,1,1,0,14,5,0,0,0,33,10,29.4
Amadou Haidara,ml MLI,MF,RB Leipzig,de Bundesliga,26.0,1998.0,28,16,1320,14.7,0,1,1,0,0,0,1.4,1.4,0.9,2.2,0.15,18,1,5.6,1.23,0.07,0.0,0.0,0.08,723,902,80.2,11273,3363,1.2,5,65,13,2,12,0,8,1,65,29,1.98,3,0.2,30,17,12,16,2,41.4,18,48,56,11,1,1100,62,14,7,58.3,505,7,0,6,7,691,24,7,0,0,23,1,0,0,0,88,30,51.7
Massadio Haïdara,ml MLI,DF,Brest,fr Ligue 1,31.0,1992.0,22,20,1678,18.6,0,0,0,0,0,0,0.3,0.3,0.5,0.8,0.04,10,1,10.0,0.54,0.05,0.0,0.0,0.03,693,882,78.6,10603,4219,0.8,8,53,11,4,49,0,1,3,77,31,1.66,1,0.05,27,16,16,9,2,44.8,26,53,73,22,0,1106,60,13,15,53.6,486,44,5,26,7,635,76,3,2,1,20,7,1,0,0,54,25,67.6
Antoine Hainaut,fr FRA,"DF,FW",Parma,it Serie A,22.0,2002.0,25,10,1206,13.4,2,0,2,2,0,0,0.8,0.8,1.0,1.8,0.14,6,3,50.0,0.45,0.22,0.33,0.67,0.14,372,496,75.0,5978,2498,1.4,9,28,15,8,26,1,0,3,34,19,1.42,2,0.15,26,14,15,8,3,69.2,15,41,59,7,1,676,53,14,13,48.1,322,22,3,22,9,349,37,4,0,0,13,1,0,0,0,58,33,67.3
Mohamed Haj,tn TUN,MF,Parma,it Serie A,19.0,2005.0,15,3,453,5.0,1,2,3,1,0,0,0.6,0.6,1.2,1.8,0.36,7,3,42.9,1.39,0.6,0.14,0.33,0.09,118,151,78.1,1736,541,0.7,9,12,6,3,7,2,0,0,13,20,3.96,2,0.4,3,1,2,1,0,50.0,4,7,5,4,0,207,10,18,4,28.6,122,6,4,10,1,135,28,4,0,0,6,1,0,0,0,15,6,50.0
Achraf Hakimi,ma MAR,DF,Paris S-G,fr Ligue 1,25.0,1998.0,25,24,2066,23.0,4,6,10,4,0,0,2.9,2.9,6.2,9.1,0.4,32,12,37.5,1.39,0.52,0.13,0.33,0.09,1898,2140,88.7,26053,7482,5.3,50,138,37,9,80,4,2,8,183,104,4.53,11,0.48,48,36,18,20,10,49.1,31,79,18,32,3,2371,40,81,26,50.0,1384,93,21,38,15,1817,274,4,0,0,19,3,0,0,0,136,9,42.9
Lewis Hall,eng ENG,DF,Newcastle Utd,eng Premier League,19.0,2004.0,27,24,2189,24.3,0,4,4,0,0,0,0.4,0.4,4.3,4.7,0.19,11,1,9.1,0.45,0.04,0.0,0.0,0.04,1300,1592,81.7,21999,8891,3.7,34,114,17,5,110,55,4,2,123,63,2.59,6,0.25,58,41,28,22,8,54.1,18,76,75,27,3,1820,95,47,11,52.4,950,41,13,33,20,1094,80,3,0,0,9,1,0,0,0,119,30,49.2
Sébastien Haller,ci CIV,FW,Leganés,es La Liga,30.0,1994.0,8,5,404,4.5,0,0,0,0,0,0,0.4,0.4,0.2,0.6,0.13,4,1,25.0,0.89,0.22,0.0,0.0,0.1,54,90,60.0,648,93,0.2,1,4,0,0,0,0,2,0,4,4,0.89,0,0.0,2,0,1,0,1,50.0,0,2,7,1,0,129,7,11,1,33.3,56,3,0,17,5,94,14,0,0,0,4,0,0,0,0,10,26,60.5
Ali Al Hamadi,iq IRQ,FW,Ipswich Town,eng Premier League,22.0,2002.0,11,0,134,1.5,0,0,0,0,0,0,0.4,0.4,0.1,0.4,0.28,4,0,0.0,2.69,0.0,0.0,,0.09,25,30,83.3,278,29,0.0,2,0,0,0,0,0,0,0,3,8,5.37,0,0.0,1,0,0,0,1,0.0,0,1,2,1,0,53,2,9,4,57.1,29,4,4,7,4,36,14,3,0,0,8,1,0,0,0,4,5,35.7
Andreas Hanche-Olsen,no NOR,DF,Mainz 05,de Bundesliga,27.0,1997.0,22,12,1284,14.3,1,1,2,1,0,0,0.8,0.8,0.3,1.1,0.08,12,2,16.7,0.84,0.14,0.08,0.5,0.07,530,642,82.6,9209,3287,0.6,3,26,0,0,1,0,0,2,34,5,0.35,1,0.07,21,13,12,8,1,75.0,12,33,85,3,2,812,114,21,1,100.0,394,2,0,8,3,469,5,4,1,1,20,0,0,1,0,44,49,63.6
Florent Hanin,dz ALG,DF,Angers,fr Ligue 1,34.0,1990.0,33,31,2672,29.7,1,2,3,1,0,0,0.9,0.9,1.9,2.8,0.1,11,1,9.1,0.37,0.03,0.09,1.0,0.09,1282,1654,77.5,20970,8837,2.5,25,93,37,21,107,0,2,9,99,60,2.02,9,0.3,69,48,45,17,7,54.9,47,116,99,28,2,1965,115,18,11,47.8,904,48,3,27,7,1113,108,2,0,0,16,3,0,0,0,132,15,34.9
Ridgeciano Haps,sr SUR,DF,Venezia,it Serie A,31.0,1993.0,25,14,1369,15.2,1,1,2,1,0,0,1.2,1.2,0.7,1.9,0.13,15,3,20.0,0.99,0.2,0.07,0.33,0.08,460,592,77.7,7888,2684,0.8,7,33,12,6,26,0,0,6,52,20,1.31,2,0.13,30,16,19,8,3,63.6,7,37,48,15,0,738,58,26,5,33.3,365,26,7,13,6,420,47,3,0,0,14,1,0,1,0,54,14,43.8
Amine Harit,ma MAR,MF,Marseille,fr Ligue 1,27.0,1997.0,13,8,519,5.8,2,4,6,2,0,0,0.8,0.8,2.4,3.2,0.56,8,5,62.5,1.39,0.87,0.25,0.4,0.1,213,255,83.5,2938,865,1.5,19,18,8,0,7,6,4,1,35,33,5.72,8,1.39,8,7,0,6,2,50.0,3,11,1,6,1,313,1,20,8,40.0,221,13,4,15,12,259,34,1,1,0,6,2,1,0,0,24,1,16.7
Marcus Harness,eng ENG,MF,Ipswich Town,eng Premier League,28.0,1996.0,2,0,45,0.5,0,0,0,0,0,0,0.0,0.0,0.0,0.0,0.0,0,0,,0.0,0.0,,,,10,16,62.5,89,23,0.1,0,0,2,0,0,0,0,0,2,2,4.0,0,0.0,1,0,0,0,1,0.0,0,1,1,1,0,22,4,3,0,0.0,9,0,0,0,0,9,1,0,0,0,0,0,0,0,0,2,0,
Phil Harres,de GER,FW,Holstein Kiel,de Bundesliga,22.0,2002.0,26,17,1544,17.2,8,1,9,8,0,0,5.9,5.9,1.3,7.2,0.42,37,17,45.9,2.16,0.99,0.22,0.47,0.16,150,265,56.6,2460,482,1.1,10,17,4,2,6,0,0,1,16,22,1.28,5,0.29,10,10,3,4,3,50.0,5,15,20,14,0,481,22,61,5,20.8,240,12,10,64,24,318,71,3,0,0,35,4,0,0,0,40,54,45.4
Jack Harrison,eng ENG,FW,Everton,eng Premier League,27.0,1996.0,34,24,2076,23.1,1,0,1,1,0,0,3.5,3.5,3.7,7.2,0.31,29,7,24.1,1.26,0.3,0.03,0.14,0.12,414,659,62.8,6596,2477,3.1,33,28,25,11,131,32,4,2,51,57,2.47,4,0.17,32,22,12,12,8,32.6,10,42,35,33,2,948,36,69,24,32.0,524,73,17,52,41,612,127,0,0,0,13,4,1,0,0,73,4,12.5
Abdou Harroui,nl NED,"MF,FW",Hellas Verona,it Serie A,26.0,1998.0,10,5,463,5.1,1,2,3,1,0,0,2.2,2.2,0.4,2.6,0.51,15,4,26.7,2.92,0.78,0.07,0.25,0.15,160,202,79.2,2324,580,0.6,4,16,3,2,9,0,1,0,21,15,2.92,3,0.58,9,6,6,3,0,100.0,2,11,5,6,0,283,5,17,6,30.0,175,23,4,12,10,203,34,1,0,0,10,0,0,0,0,22,8,53.3
Taylor Harwood-Bellis,eng ENG,DF,Southampton,eng Premier League,22.0,2002.0,34,32,2825,31.4,1,0,1,1,0,0,1.8,1.8,1.0,2.8,0.09,20,8,40.0,0.64,0.25,0.05,0.13,0.09,1892,2164,87.4,35252,12592,0.7,14,178,10,1,10,0,3,9,125,37,1.18,2,0.06,28,20,13,12,3,54.3,30,58,141,11,6,2475,340,42,3,100.0,1433,29,0,16,5,1792,9,9,0,0,35,1,0,0,0,123,63,56.3
Hans Hateboer,nl NED,DF,Rennes,fr Ligue 1,30.0,1994.0,26,18,1684,18.7,0,0,0,0,0,0,0.4,0.4,1.5,1.9,0.1,8,0,0.0,0.43,0.0,0.0,,0.05,962,1128,85.3,16725,5848,1.4,15,75,12,6,33,0,0,7,92,30,1.6,2,0.11,31,16,14,12,5,50.0,29,60,64,21,2,1305,77,17,6,60.0,696,28,5,11,5,876,63,3,0,0,20,0,0,0,0,62,42,63.6
Kai Havertz,de GER,"FW,MF",Arsenal,eng Premier League,25.0,1999.0,23,21,1875,20.8,9,3,12,9,0,0,9.5,9.5,2.4,12.0,0.57,53,21,39.6,2.54,1.01,0.17,0.43,0.18,407,519,78.4,4905,1033,1.7,17,27,9,1,11,0,1,0,61,42,2.02,3,0.14,16,9,3,6,7,26.7,6,22,33,11,1,785,31,107,9,23.7,418,35,18,44,23,584,113,5,0,0,38,0,0,0,0,41,63,44.7
Ayden Heaven,eng ENG,DF,Manchester Utd,eng Premier League,17.0,2006.0,4,2,170,1.9,0,0,0,0,0,0,0.1,0.1,0.0,0.2,0.08,2,0,0.0,1.06,0.0,0.0,,0.07,90,106,84.9,1542,458,0.0,1,4,0,0,0,0,0,0,7,4,2.12,0,0.0,4,3,1,3,0,100.0,4,8,9,3,0,136,30,2,2,50.0,95,1,0,3,1,93,1,1,0,0,4,1,0,0,0,11,2,40.0
Jan Paul van Hecke,nl NED,DF,Brighton,eng Premier League,24.0,2000.0,34,33,2958,32.9,1,1,2,1,0,0,1.3,1.3,1.5,2.8,0.09,17,5,29.4,0.52,0.15,0.06,0.2,0.08,2016,2286,88.2,39486,15217,1.4,15,226,17,4,11,0,4,19,228,52,1.58,3,0.09,45,29,24,19,2,56.1,24,69,142,7,2,2589,272,33,5,45.5,1715,55,0,12,7,1820,5,8,1,1,25,1,0,0,0,131,82,62.1
Hwang Hee-chan,kr KOR,"MF,FW",Wolves,eng Premier League,28.0,1996.0,21,5,661,7.3,2,0,2,2,0,0,0.8,0.8,0.1,0.9,0.13,5,3,60.0,0.68,0.41,0.4,0.67,0.16,166,204,81.4,2152,420,0.3,3,7,4,2,8,0,1,0,12,9,1.22,1,0.14,6,4,2,1,3,33.3,2,8,11,9,0,271,10,24,2,14.3,159,15,7,14,10,181,42,0,0,0,6,0,0,0,0,28,3,25.0
Liam Henderson,sct SCO,MF,Empoli,it Serie A,28.0,1996.0,36,27,2337,26.0,0,4,4,0,0,0,0.7,0.7,3.9,4.5,0.17,22,3,13.6,0.85,0.12,0.0,0.0,0.03,730,1002,72.9,13025,4242,3.0,33,93,22,11,98,48,5,5,108,59,2.27,5,0.19,42,22,17,22,3,41.5,15,57,42,9,0,1197,43,16,6,54.5,490,18,4,22,9,671,54,10,0,0,83,1,0,0,0,89,13,39.4
Ramon Hendriks,nl NED,DF,Stuttgart,de Bundesliga,23.0,2001.0,25,10,1154,12.8,0,1,1,0,0,0,0.6,0.6,1.0,1.6,0.12,5,1,20.0,0.39,0.08,0.0,0.0,0.11,576,688,83.7,9614,3599,1.5,6,43,5,2,12,0,0,1,36,13,1.01,2,0.16,20,9,11,7,2,69.2,19,39,63,9,0,839,67,11,5,55.6,418,8,2,6,4,499,22,3,0,0,12,0,0,0,0,40,29,60.4
Paul Hennrich,de GER,MF,Hoffenheim,de Bundesliga,19.0,2005.0,1,0,12,0.1,0,0,0,0,0,0,0.0,0.0,0.0,0.0,0.0,0,0,,0.0,0.0,,,,2,3,66.7,24,0,0.0,0,0,0,0,0,0,0,0,0,0,0.0,0,0.0,0,0,0,0,0,,0,0,0,0,0,6,0,0,0,0.0,3,1,0,1,0,2,0,0,0,0,0,0,0,0,0,2,0,0.0
Benjamin Henrichs,de GER,DF,RB Leipzig,de Bundesliga,27.0,1997.0,15,10,935,10.4,0,2,2,0,0,0,0.5,0.4,1.4,1.8,0.18,11,1,9.1,1.06,0.1,0.0,0.0,0.04,360,476,75.6,5784,2051,2.0,11,33,10,3,19,0,1,3,29,20,1.93,4,0.39,32,16,18,10,4,51.9,15,47,33,13,0,606,42,8,9,69.2,290,9,0,9,6,345,55,3,0,0,13,0,0,0,0,60,8,61.5
Henrique,br BRA,DF,Valladolid,es La Liga,30.0,1994.0,5,4,352,3.9,0,0,0,0,0,0,0.0,0.0,0.0,0.1,0.01,1,0,0.0,0.26,0.0,0.0,,0.03,169,197,85.8,2689,766,0.0,2,13,0,0,3,1,1,0,12,6,1.53,0,0.0,6,2,3,2,1,25.0,3,9,12,5,0,237,16,1,3,42.9,132,2,0,3,4,165,4,0,0,0,5,1,0,1,0,9,1,33.3
Luis Henrique,br BRA,"DF,FW",Marseille,fr Ligue 1,22.0,2001.0,33,29,2613,29.0,7,7,14,7,0,0,4.2,4.2,4.2,8.3,0.29,30,14,46.7,1.03,0.48,0.23,0.5,0.14,1156,1427,81.0,17828,5190,5.0,53,95,47,20,97,8,2,6,143,105,3.62,15,0.52,16,9,7,6,3,90.0,10,26,30,31,0,1643,32,79,51,56.0,1015,84,29,30,19,1282,280,0,0,0,8,0,0,0,0,116,0,0.0
Rico Henry,eng ENG,DF,Brentford,eng Premier League,27.0,1997.0,5,0,99,1.1,0,0,0,0,0,0,0.0,0.0,0.0,0.0,0.0,0,0,,0.0,0.0,,,,33,49,67.3,503,195,0.0,0,4,0,0,2,0,0,0,4,2,1.84,1,0.92,2,2,1,0,1,0.0,1,3,2,3,0,66,6,1,0,0.0,30,0,0,3,2,27,5,0,0,0,2,0,0,0,0,7,2,66.7
Mario Hermoso,es ESP,DF,Roma,it Serie A,29.0,1995.0,8,2,251,2.8,0,0,0,0,0,0,0.1,0.1,0.0,0.1,0.02,1,0,0.0,0.36,0.0,0.0,,0.06,182,202,90.1,3429,979,0.1,0,17,2,1,3,0,0,2,14,4,1.43,0,0.0,2,1,2,0,0,0.0,4,6,13,4,0,227,24,1,2,66.7,104,3,0,0,1,163,5,2,1,1,7,0,0,0,0,11,3,37.5
Mario Hermoso,es ESP,DF,Leverkusen,de Bundesliga,29.0,1995.0,4,3,293,3.3,0,0,0,0,0,0,0.4,0.4,0.2,0.6,0.17,4,0,0.0,1.23,0.0,0.0,,0.09,213,249,85.5,3432,1065,0.3,2,14,1,0,5,0,0,3,20,5,1.54,0,0.0,0,0,0,0,0,,9,9,15,0,1,288,28,6,3,60.0,147,2,0,3,1,183,3,0,0,0,2,0,0,0,0,15,9,56.3
Javi Hernández,es ESP,DF,Leganés,es La Liga,26.0,1998.0,31,27,2389,26.5,2,1,3,2,0,0,0.8,0.8,1.5,2.2,0.08,17,6,35.3,0.64,0.23,0.12,0.33,0.04,797,1060,75.2,12398,4703,1.4,17,54,11,4,52,4,1,4,80,41,1.54,3,0.11,26,15,16,7,3,37.0,23,49,98,21,0,1323,115,27,16,55.2,603,40,5,27,26,675,90,6,0,0,49,2,0,0,0,112,21,47.7
Aridane Hernández,es ESP,DF,Rayo Vallecano,es La Liga,35.0,1989.0,14,11,1025,11.4,0,0,0,0,0,0,0.9,0.9,0.0,1.0,0.08,8,2,25.0,0.7,0.18,0.0,0.0,0.11,463,527,87.9,8326,2714,0.1,2,18,0,0,0,0,0,5,38,9,0.79,0,0.0,13,11,9,4,0,75.0,6,19,99,2,2,680,148,12,3,50.0,328,2,0,4,1,362,0,1,0,0,5,0,0,0,1,48,40,67.8
Lucas Hernández,fr FRA,DF,Paris S-G,fr Ligue 1,28.0,1996.0,16,10,877,9.7,0,0,0,0,0,0,0.0,0.0,0.1,0.1,0.01,3,0,0.0,0.31,0.0,0.0,,0.01,832,907,91.7,14282,4851,0.2,1,55,1,0,2,0,1,5,50,11,1.13,0,0.0,24,18,13,9,2,60.9,7,31,37,8,2,1004,64,2,2,66.7,541,6,0,5,2,746,4,2,0,0,9,0,0,0,1,45,13,68.4
Theo Hernández,fr FRA,DF,Milan,it Serie A,26.0,1997.0,33,30,2696,30.0,4,3,7,4,0,1,2.7,1.9,4.7,6.6,0.25,43,14,32.6,1.44,0.47,0.09,0.29,0.04,1373,1639,83.8,21883,6748,4.1,47,96,32,12,111,75,4,10,132,107,3.57,12,0.4,36,28,23,10,3,53.8,17,53,75,37,3,1901,84,59,24,43.6,1046,93,25,32,20,1186,148,4,1,0,17,4,1,1,0,129,37,69.8
Hernani,br BRA,MF,Parma,it Serie A,30.0,1994.0,25,15,1327,14.7,3,3,6,0,3,3,2.8,0.5,1.5,2.0,0.3,17,3,17.6,1.15,0.2,0.0,0.0,0.03,463,615,75.3,8295,2603,1.3,25,45,14,2,33,18,2,8,78,43,2.92,5,0.34,47,26,25,18,4,54.0,19,66,12,20,1,782,30,16,8,33.3,419,29,3,23,12,477,40,7,0,0,33,2,0,0,0,68,18,48.6
Jorge Herrando,es ESP,DF,Osasuna,es La Liga,23.0,2001.0,18,15,1366,15.2,1,0,1,1,0,0,1.2,1.2,0.0,1.2,0.08,12,3,25.0,0.79,0.2,0.08,0.33,0.1,625,732,85.4,11580,4279,0.1,0,29,0,0,2,0,0,6,38,13,0.86,0,0.0,17,11,9,5,3,60.0,12,29,65,5,2,871,90,17,1,100.0,505,7,0,4,1,585,1,3,0,0,25,0,0,1,0,36,29,72.5
Ander Herrera,es ESP,MF,Athletic Club,es La Liga,34.0,1989.0,8,2,273,3.0,0,0,0,0,0,1,1.7,0.9,0.1,1.1,0.61,7,3,42.9,2.31,0.99,0.0,0.0,0.16,181,200,90.5,2856,628,0.3,2,25,1,0,1,0,0,0,16,11,3.64,0,0.0,8,4,1,7,0,50.0,2,10,10,0,0,237,12,6,2,40.0,116,2,0,3,2,169,5,2,0,0,6,0,0,0,0,14,3,60.0
Yangel Herrera,ve VEN,MF,Girona,es La Liga,26.0,1998.0,29,27,2257,25.1,4,3,7,4,0,0,3.6,3.6,1.5,5.1,0.2,39,14,35.9,1.56,0.56,0.1,0.29,0.09,868,1068,81.3,14298,3657,1.3,17,97,13,3,44,0,2,10,110,50,1.99,6,0.24,66,39,31,27,8,50.8,31,97,50,22,2,1405,75,60,19,40.4,812,31,3,54,35,968,99,10,1,0,72,4,1,0,0,106,50,52.6
Juan Herzog,es ESP,DF,Las Palmas,es La Liga,21.0,2003.0,19,15,1315,14.6,0,0,0,0,0,0,0.9,0.9,0.0,0.9,0.06,12,2,16.7,0.82,0.14,0.0,0.0,0.07,559,647,86.4,10419,3151,0.0,0,17,0,0,0,0,0,3,27,3,0.21,0,0.0,12,12,12,0,0,56.3,18,30,86,3,0,812,129,20,0,0.0,376,0,0,2,0,472,1,1,0,0,6,0,0,0,0,41,44,63.8
Son Heung-min,kr KOR,FW,Tottenham,eng Premier League,32.0,1992.0,30,24,2110,23.4,7,9,16,6,1,2,7.2,5.7,8.2,13.9,0.66,55,24,43.6,2.35,1.02,0.11,0.25,0.11,730,925,78.9,10322,2867,5.1,50,40,51,6,78,38,4,4,111,117,4.99,15,0.64,17,9,3,8,6,18.5,5,22,17,26,1,1134,16,122,29,34.9,761,96,44,25,32,867,265,1,0,0,6,5,1,0,0,85,6,33.3
Isak Hien,se SWE,DF,Atalanta,it Serie A,25.0,1999.0,30,27,2327,25.9,0,0,0,0,0,0,1.0,1.0,0.1,1.1,0.04,8,2,25.0,0.31,0.08,0.0,0.0,0.12,1146,1277,89.7,22379,7040,0.2,2,43,1,0,1,0,0,1,51,5,0.19,1,0.04,48,28,27,21,0,61.4,31,79,82,13,2,1546,164,15,6,54.5,845,7,1,23,9,923,3,10,0,0,36,0,0,1,0,141,68,54.8
Omar El Hilali,ma MAR,DF,Espanyol,es La Liga,20.0,2003.0,36,36,3153,35.0,0,2,2,0,0,0,0.0,0.0,0.8,0.9,0.02,2,0,0.0,0.06,0.0,0.0,,0.01,1245,1577,78.9,23391,8719,1.4,8,81,11,6,57,0,1,16,84,28,0.8,3,0.09,111,79,81,24,6,67.4,46,157,145,25,2,1992,160,5,17,58.6,888,35,2,21,7,981,61,11,0,0,52,1,0,2,0,132,36,54.5
James Hill,eng ENG,DF,Bournemouth,eng Premier League,22.0,2002.0,10,6,448,5.0,0,1,1,0,0,0,0.3,0.3,0.3,0.6,0.11,6,0,0.0,1.21,0.0,0.0,,0.05,159,245,64.9,3098,1094,0.3,3,20,6,0,10,0,0,0,16,8,1.61,1,0.2,15,8,6,6,3,27.3,9,24,31,5,0,319,19,8,1,50.0,146,3,0,2,0,179,8,1,0,0,7,0,0,0,0,13,14,53.8
Piero Hincapié,ec ECU,DF,Leverkusen,de Bundesliga,22.0,2002.0,32,28,2670,29.7,2,2,4,2,0,0,2.9,2.9,3.2,6.1,0.21,22,3,13.6,0.74,0.1,0.09,0.67,0.13,1855,2110,87.9,30779,10852,3.5,16,160,16,7,37,0,2,7,152,35,1.18,3,0.1,52,40,27,15,10,61.0,32,84,114,21,1,2456,214,48,5,29.4,1366,52,6,19,5,1705,72,8,0,0,26,0,0,0,1,105,65,60.2
Roger Hinojo,es ESP,DF,Espanyol,es La Liga,19.0,2005.0,1,0,9,0.1,0,0,0,0,0,0,0.0,0.0,0.0,0.0,0.0,0,0,,0.0,0.0,,,,5,10,50.0,51,3,0.0,0,0,0,0,2,0,0,0,0,0,0.0,0,0.0,0,0,0,0,0,,0,0,1,1,0,11,1,0,0,,8,1,0,0,0,8,2,0,0,0,0,0,0,0,0,0,0,0.0
Jack Hinshelwood,eng ENG,"MF,DF",Brighton,eng Premier League,19.0,2005.0,26,22,1842,20.5,5,2,7,5,0,0,2.7,2.7,1.5,4.2,0.21,18,10,55.6,0.88,0.49,0.28,0.5,0.15,870,1046,83.2,13114,3047,1.5,17,36,9,2,27,8,0,8,68,35,1.71,3,0.15,27,19,8,10,9,40.7,16,43,37,11,1,1199,50,35,2,18.2,590,19,2,18,3,762,54,5,0,0,18,1,0,0,0,63,20,55.6
George Hirst,sct SCO,FW,Ipswich Town,eng Premier League,25.0,1999.0,26,5,661,7.3,3,1,4,3,0,0,2.1,2.1,0.3,2.5,0.34,14,7,50.0,1.91,0.95,0.21,0.43,0.15,69,122,56.6,785,188,0.3,4,1,4,0,3,0,0,0,13,9,1.22,3,0.41,3,3,1,0,2,25.0,2,5,10,5,0,188,12,28,2,33.3,101,9,7,21,16,161,31,3,0,0,13,1,0,0,0,12,32,58.2
Adam Hložek,cz CZE,"FW,MF",Hoffenheim,de Bundesliga,22.0,2002.0,27,22,1871,20.8,8,4,12,8,0,0,5.6,5.6,3.5,9.1,0.44,59,24,40.7,2.84,1.15,0.14,0.33,0.1,348,508,68.5,5351,1301,3.2,20,37,19,4,20,0,1,1,68,57,2.74,10,0.48,22,10,7,8,7,55.0,4,26,20,19,0,761,20,114,33,51.6,429,54,19,51,37,552,102,2,0,0,15,4,0,0,0,66,40,50.6
Ki-Jana Hoever,nl NED,DF,Auxerre,fr Ligue 1,22.0,2002.0,30,26,2124,23.6,1,2,3,1,0,0,0.5,0.5,2.7,3.2,0.13,10,5,50.0,0.42,0.21,0.1,0.2,0.05,768,1084,70.8,13172,5159,1.7,24,66,28,14,78,0,1,12,79,49,2.08,4,0.17,51,38,26,16,9,55.6,21,72,70,33,1,1349,75,29,9,25.7,656,59,12,32,12,756,128,4,1,1,22,1,0,0,0,91,24,55.8
Nicolas Höfler,de GER,MF,Freiburg,de Bundesliga,34.0,1990.0,20,7,794,8.8,0,0,0,0,0,0,0.2,0.2,0.1,0.3,0.04,4,0,0.0,0.45,0.0,0.0,,0.06,325,376,86.4,5222,1357,0.4,3,31,4,0,1,0,0,0,30,13,1.47,1,0.11,33,23,13,18,2,64.5,14,47,28,7,1,482,37,4,4,100.0,199,1,1,10,10,267,3,3,0,0,12,1,0,0,0,27,28,65.1
Jonas Hofmann,de GER,"MF,DF",Leverkusen,de Bundesliga,32.0,1992.0,11,4,356,4.0,2,1,3,2,0,0,1.0,1.0,0.4,1.4,0.35,9,5,55.6,2.28,1.26,0.22,0.4,0.11,167,191,87.4,2309,339,0.5,7,5,5,0,5,4,1,0,14,16,4.04,1,0.25,2,0,0,2,0,25.0,0,2,3,0,0,218,4,16,2,50.0,121,10,3,5,2,178,29,1,0,0,1,1,0,0,0,11,0,0.0
Philipp Hofmann,de GER,FW,Bochum,de Bundesliga,31.0,1993.0,32,27,2277,25.3,3,3,6,3,0,0,5.5,5.5,3.3,8.8,0.35,54,19,35.2,2.13,0.75,0.06,0.16,0.1,441,694,63.5,6603,1417,2.6,26,40,9,0,10,0,2,2,53,55,2.17,3,0.12,17,12,4,6,7,53.3,4,21,33,12,0,938,40,100,10,50.0,486,8,2,55,32,731,112,4,0,0,36,2,0,1,0,52,164,56.6
Lucas Höler,de GER,"FW,MF",Freiburg,de Bundesliga,30.0,1994.0,31,21,1867,20.7,6,4,10,6,0,1,7.7,6.9,2.9,9.8,0.51,34,17,50.0,1.64,0.82,0.18,0.35,0.21,390,595,65.5,4821,957,1.7,22,34,9,1,14,0,1,1,47,51,2.46,6,0.29,37,24,18,15,4,37.5,7,44,36,19,0,854,40,89,18,52.9,395,21,7,52,24,571,122,3,0,0,30,4,0,0,0,68,80,56.7
Mason Holgate,jm JAM,"FW,DF",Everton,eng Premier League,27.0,1996.0,1,0,6,0.1,0,0,0,0,0,0,0.0,0.0,0.0,0.0,0.0,0,0,,0.0,0.0,,,,2,2,100.0,55,0,0.0,0,0,0,0,0,0,0,0,0,0,0.0,0,0.0,0,0,0,0,0,,0,0,0,0,0,3,0,0,0,,1,0,0,1,0,1,0,0,0,0,0,0,0,0,0,0,0,0.0
Benedict Hollerbach,de GER,"FW,MF",Union Berlin,de Bundesliga,23.0,2001.0,34,30,2540,28.2,9,1,10,9,0,0,7.0,7.0,1.6,8.6,0.31,76,24,31.6,2.69,0.85,0.12,0.38,0.09,441,674,65.4,6054,1428,2.3,26,24,22,3,73,0,3,4,68,79,2.8,7,0.25,43,22,8,23,12,41.2,2,45,13,54,1,1112,19,138,42,36.5,710,103,52,111,94,781,214,3,0,0,42,6,2,1,0,111,29,30.9
Emil Holm,se SWE,DF,Bologna,it Serie A,24.0,2000.0,21,12,1137,12.6,1,1,2,1,0,0,0.6,0.6,0.7,1.3,0.1,10,3,30.0,0.79,0.24,0.1,0.33,0.06,560,735,76.2,10735,3499,0.9,10,47,14,8,40,0,1,11,49,28,2.22,2,0.16,34,21,17,14,3,64.5,10,44,51,12,1,909,44,26,10,40.0,442,29,5,26,14,490,43,3,0,0,16,1,1,0,0,47,31,60.8
Lewis Holtby,de GER,MF,Holstein Kiel,de Bundesliga,33.0,1990.0,25,13,1238,13.8,0,1,1,0,0,0,0.5,0.5,1.5,2.1,0.15,7,0,0.0,0.51,0.0,0.0,,0.08,540,706,76.5,8993,2690,1.8,21,29,5,1,46,26,2,2,47,37,2.69,3,0.22,34,20,19,10,5,42.9,21,55,26,17,3,847,43,14,7,46.7,372,14,1,15,8,485,34,1,1,0,13,3,2,1,0,72,8,40.0
Gerrit Holtmann,ph PHI,"DF,FW",Bochum,de Bundesliga,29.0,1995.0,23,12,1136,12.6,2,1,3,2,0,0,2.0,2.0,2.9,4.9,0.39,31,8,25.8,2.46,0.63,0.06,0.25,0.07,270,411,65.7,4724,1601,2.8,20,16,25,16,91,0,0,2,33,43,3.4,3,0.24,24,19,14,8,2,50.0,16,40,15,28,0,571,23,28,6,30.0,336,50,9,33,10,353,97,2,0,0,26,0,0,0,0,49,12,42.9
Franck Honorat,fr FRA,FW,Gladbach,de Bundesliga,27.0,1996.0,19,18,1439,16.0,4,7,11,4,0,0,4.5,4.5,5.3,9.8,0.61,31,9,29.0,1.94,0.56,0.13,0.44,0.15,409,606,67.5,6591,2419,4.9,50,24,26,17,125,59,0,1,45,83,5.19,8,0.5,17,7,10,4,3,25.0,5,22,28,26,1,762,30,60,12,37.5,373,63,26,22,12,456,124,0,0,0,7,0,0,0,0,72,9,42.9
Mathias Honsak,at AUT,"FW,DF",Heidenheim,de Bundesliga,27.0,1996.0,22,12,1181,13.1,5,1,6,5,0,0,3.3,3.3,1.6,4.9,0.38,29,10,34.5,2.21,0.76,0.17,0.5,0.12,324,462,70.1,5737,1580,1.9,14,22,12,9,50,13,0,0,29,41,3.13,5,0.38,15,8,10,5,0,43.5,10,25,31,16,0,646,39,33,9,39.1,338,37,9,38,12,376,58,1,0,0,14,2,0,0,0,55,22,51.2
Cédric Hountondji,bj BEN,DF,Angers,fr Ligue 1,30.0,1994.0,3,3,270,3.0,0,0,0,0,0,0,0.0,0.0,0.0,0.0,0.0,0,0,,0.0,0.0,,,,85,100,85.0,1652,391,0.0,0,3,0,0,0,0,0,0,1,1,0.33,0,0.0,6,4,4,2,0,42.9,4,10,14,0,0,127,20,1,0,,48,0,0,2,0,64,0,0,0,0,2,0,0,0,0,9,5,62.5
Ilyes Housni,fr FRA,"FW,MF",Le Havre,fr Ligue 1,19.0,2005.0,12,3,230,2.6,0,0,0,0,0,0,0.2,0.2,0.2,0.4,0.17,5,0,0.0,1.96,0.0,0.0,,0.05,38,64,59.4,498,91,0.4,2,1,0,0,5,0,0,1,4,6,2.34,0,0.0,7,5,2,3,2,50.0,1,8,2,6,0,106,2,15,3,25.0,67,8,8,7,9,70,24,0,0,0,5,2,0,0,0,7,0,0.0
Harry Howell,eng ENG,FW,Brighton,eng Premier League,15.0,2008.0,1,0,7,0.1,0,0,0,0,0,0,0.0,0.0,0.0,0.0,0.0,0,0,,0.0,0.0,,,,8,9,88.9,100,8,0.1,0,0,0,0,0,0,0,0,0,0,0.0,0,0.0,1,1,1,0,0,50.0,0,1,0,0,0,12,1,3,0,,9,0,1,0,0,10,3,0,0,0,0,0,0,0,0,0,0,
Robin Hranáč,cz CZE,DF,Hoffenheim,de Bundesliga,24.0,2000.0,4,2,219,2.4,0,0,0,0,0,0,0.0,0.0,0.0,0.0,0.0,0,0,,0.0,0.0,,,,127,147,86.4,2387,731,0.0,0,8,0,0,0,0,0,0,4,1,0.41,0,0.0,0,0,0,0,0,0.0,5,5,9,1,1,170,14,1,0,,107,2,0,1,0,118,0,0,0,0,5,0,0,0,0,12,5,35.7
Callum Hudson-Odoi,eng ENG,"FW,MF",Nott'ham Forest,eng Premier League,23.0,2000.0,31,25,2194,24.4,5,2,7,5,0,0,2.5,2.5,2.7,5.2,0.21,37,17,45.9,1.52,0.7,0.14,0.29,0.07,691,843,82.0,10242,2075,2.6,44,38,33,11,79,5,5,6,71,94,3.86,11,0.45,22,14,8,8,6,66.7,13,35,12,16,1,1035,16,74,37,58.7,641,130,47,45,23,784,189,2,0,0,12,4,1,0,0,92,3,23.1
Will Hughes,eng ENG,MF,Crystal Palace,eng Premier League,29.0,1995.0,33,24,2108,23.4,0,3,3,0,0,0,1.1,1.1,3.1,4.2,0.18,22,1,4.5,0.94,0.04,0.0,0.0,0.05,737,970,76.0,11688,4132,2.6,33,76,15,3,71,54,1,2,87,67,2.86,6,0.26,66,36,20,33,13,45.2,22,88,28,11,3,1203,48,17,5,31.3,532,20,1,21,30,659,27,11,0,0,65,5,0,1,0,121,19,51.4
Dean Huijsen,es ESP,DF,Bournemouth,eng Premier League,19.0,2005.0,32,26,2427,27.0,3,2,5,3,0,0,1.9,1.9,2.0,3.9,0.14,18,3,16.7,0.67,0.11,0.17,1.0,0.1,1355,1625,83.4,27219,10928,1.6,15,180,7,2,12,0,2,15,132,43,1.59,3,0.11,36,26,19,16,1,62.1,51,87,198,12,4,2021,254,30,2,40.0,1118,41,0,20,1,1271,10,10,0,0,31,1,0,0,0,105,68,60.7
Mats Hummels,de GER,DF,Roma,it Serie A,35.0,1988.0,14,11,915,10.2,0,0,0,0,0,0,0.5,0.5,0.1,0.5,0.05,8,1,12.5,0.79,0.1,0.0,0.0,0.06,389,437,89.0,7200,2611,0.1,2,15,0,0,2,0,1,0,26,8,0.79,1,0.1,30,15,16,14,0,61.1,26,56,43,7,0,560,57,10,4,66.7,279,4,0,0,1,324,1,1,0,0,9,1,0,0,1,41,23,60.5
Omari Hutchinson,eng ENG,"MF,FW",Ipswich Town,eng Premier League,20.0,2003.0,31,30,2583,28.7,3,2,5,3,0,0,2.9,2.9,3.5,6.4,0.22,45,18,40.0,1.57,0.63,0.07,0.17,0.06,690,885,78.0,10875,2022,2.5,31,45,27,15,81,5,4,2,75,81,2.82,6,0.21,32,13,14,10,8,27.1,11,43,15,39,1,1259,17,92,51,37.2,779,97,37,80,58,893,159,5,0,0,30,5,0,0,0,110,6,18.8
Elseid Hysaj,al ALB,DF,Lazio,it Serie A,30.0,1994.0,11,4,424,4.7,0,3,3,0,0,0,0.2,0.2,1.6,1.8,0.38,2,0,0.0,0.42,0.0,0.0,,0.08,214,264,81.1,3839,922,1.1,6,19,9,6,18,0,1,1,14,10,2.12,3,0.64,11,6,6,5,0,100.0,5,16,21,5,0,318,19,10,3,50.0,153,4,1,5,0,183,18,2,1,1,5,0,0,0,0,20,8,57.1
Hong Hyunseok,kr KOR,MF,Mainz 05,de Bundesliga,25.0,1999.0,23,4,530,5.9,0,1,1,0,0,0,0.5,0.5,1.5,1.9,0.33,5,2,40.0,0.85,0.34,0.0,0.0,0.1,180,231,77.9,2268,626,1.2,9,11,7,1,5,1,0,0,23,22,3.73,3,0.51,8,3,3,3,2,25.0,7,15,9,8,0,292,6,16,4,40.0,142,10,2,11,12,186,31,0,0,0,3,0,0,0,0,25,3,25.0
Pierre Højbjerg,dk DEN,MF,Marseille,fr Ligue 1,28.0,1995.0,30,30,2664,29.6,2,4,6,2,0,0,3.3,3.3,3.9,7.1,0.24,33,8,24.2,1.11,0.27,0.06,0.25,0.1,2674,2895,92.4,41468,12509,4.4,43,231,29,0,19,13,10,13,263,100,3.38,10,0.34,64,45,25,32,7,53.6,42,106,33,20,2,3174,80,49,7,29.2,1950,36,6,33,25,2594,43,5,0,0,30,2,0,0,0,171,21,53.8
Oscar Højlund,dk DEN,MF,Eint Frankfurt,de Bundesliga,19.0,2005.0,20,7,722,8.0,1,0,1,1,0,0,1.0,1.0,1.1,2.0,0.25,6,2,33.3,0.75,0.25,0.17,0.5,0.16,359,408,88.0,5424,1631,0.3,6,30,4,0,1,0,0,2,49,17,2.12,1,0.12,21,12,8,9,4,50.0,5,26,11,3,1,497,10,11,8,72.7,291,17,5,18,11,338,9,0,0,0,12,0,0,0,0,40,7,29.2
Rasmus Højlund,dk DEN,FW,Manchester Utd,eng Premier League,21.0,2003.0,32,23,2004,22.3,4,0,4,4,0,0,5.3,5.3,1.8,7.1,0.32,32,13,40.6,1.44,0.58,0.13,0.31,0.16,251,336,74.7,2741,486,1.1,16,14,5,1,8,0,2,0,18,34,1.53,1,0.04,3,1,0,2,1,0.0,2,5,6,6,0,515,6,74,9,27.3,308,28,17,63,33,408,101,2,0,0,17,4,1,0,0,35,31,24.8
Pablo Ibáñez,es ESP,MF,Osasuna,es La Liga,25.0,1998.0,28,13,1294,14.4,1,1,2,1,0,0,1.6,1.6,1.6,3.2,0.22,20,5,25.0,1.39,0.35,0.05,0.2,0.08,384,513,74.9,6247,1346,0.4,6,35,4,2,13,1,2,5,51,20,1.39,4,0.28,20,10,7,12,1,25.0,18,38,21,14,0,673,20,31,13,48.1,368,21,3,20,16,423,31,4,0,0,28,3,0,0,0,56,19,44.2
Hafiz Ibrahim,ng NGA,FW,Reims,fr Ligue 1,18.0,2005.0,11,2,391,4.3,0,1,1,0,0,0,0.5,0.5,0.6,1.1,0.25,7,0,0.0,1.61,0.0,0.0,,0.07,30,50,60.0,369,79,0.1,4,1,0,0,1,0,0,0,2,4,0.92,1,0.23,3,2,0,1,2,0.0,2,5,6,2,0,109,4,16,3,37.5,51,6,4,19,8,61,16,2,1,1,12,0,0,0,0,14,8,25.8
Arijon Ibrahimović,de GER,MF,Lazio,it Serie A,18.0,2005.0,1,0,8,0.1,0,0,0,0,0,0,0.1,0.1,0.0,0.1,0.85,2,0,0.0,22.5,0.0,0.0,,0.04,3,4,75.0,31,0,0.0,0,0,0,0,0,0,0,0,0,1,11.25,0,0.0,0,0,0,0,0,,0,0,0,0,0,6,0,0,0,,1,0,0,0,0,2,0,0,0,0,0,0,0,0,0,0,0,
Arijon Ibrahimović,de GER,FW,Bayern Munich,de Bundesliga,18.0,2005.0,1,0,1,0.0,0,0,0,0,0,0,0.0,0.0,0.0,0.0,0.0,0,0,,0.0,0.0,,,,3,3,100.0,45,0,0.0,0,0,0,0,0,0,0,0,0,0,0.0,0,0.0,0,0,0,0,0,,0,0,0,0,0,3,0,0,1,100.0,3,0,0,0,0,3,0,0,0,0,0,0,0,0,0,0,0,
Stanis Idumbo,be BEL,"FW,MF",Sevilla,es La Liga,19.0,2005.0,14,3,284,3.2,1,1,2,1,0,0,0.6,0.6,0.7,1.3,0.42,4,2,50.0,1.27,0.63,0.25,0.5,0.16,63,76,82.9,1003,217,0.1,6,2,1,0,0,0,1,0,8,7,2.21,1,0.32,9,5,3,4,2,60.0,4,13,2,3,0,130,6,6,9,47.4,88,10,4,12,11,91,20,0,0,0,1,0,0,0,0,19,1,100.0
Jay Idzes,id IDN,DF,Venezia,it Serie A,24.0,2000.0,35,35,3127,34.7,1,0,1,1,0,0,1.8,1.8,0.7,2.5,0.07,15,3,20.0,0.43,0.09,0.07,0.33,0.12,1457,1694,86.0,26675,9202,0.4,8,65,4,1,6,0,1,3,84,24,0.69,0,0.0,45,29,24,17,4,51.5,32,77,156,12,0,2078,274,33,1,14.3,1051,15,0,31,7,1166,15,5,0,0,50,1,0,3,0,113,57,41.3
Iglesias,es ESP,DF,Getafe,es La Liga,26.0,1998.0,37,32,2888,32.1,0,1,1,0,0,0,1.6,1.6,2.2,3.8,0.12,21,3,14.3,0.65,0.09,0.0,0.0,0.08,686,1202,57.1,13129,6832,1.8,20,84,24,14,84,0,0,14,84,59,1.84,5,0.16,81,47,42,33,6,51.1,50,131,133,42,1,1627,104,15,13,40.6,554,32,4,36,15,569,67,4,0,0,45,5,0,0,0,107,35,47.9
Borja Iglesias,es ESP,FW,Celta Vigo,es La Liga,31.0,1993.0,37,24,1952,21.7,11,3,14,11,0,0,9.3,9.3,3.2,12.6,0.58,46,28,60.9,2.12,1.29,0.24,0.39,0.2,346,489,70.8,4981,820,1.4,18,20,9,0,6,0,8,8,28,36,1.66,7,0.32,10,9,2,5,3,26.7,7,17,10,21,0,685,16,83,11,34.4,396,22,13,62,32,514,108,2,0,0,40,5,2,0,0,46,14,34.1
Igor,br BRA,DF,Brighton,eng Premier League,26.0,1998.0,13,10,961,10.7,0,0,0,0,0,0,0.0,0.0,0.2,0.2,0.02,1,0,0.0,0.09,0.0,0.0,,0.05,671,730,91.9,12145,3851,0.3,2,39,2,1,4,0,3,4,49,14,1.31,0,0.0,5,5,2,2,1,40.0,4,9,39,5,1,816,109,1,5,83.3,530,9,0,1,0,606,1,4,0,0,9,1,0,0,0,42,8,57.1
Kelechi Iheanacho,ng NGA,FW,Sevilla,es La Liga,27.0,1996.0,9,5,400,4.4,0,0,0,0,0,0,1.5,1.5,0.3,1.8,0.41,9,2,22.2,2.03,0.45,0.0,0.0,0.16,60,80,75.0,831,125,0.2,5,1,1,0,0,0,0,2,5,12,2.7,0,0.0,1,0,0,1,0,33.3,0,1,1,1,0,108,2,14,2,50.0,60,6,2,10,4,81,17,0,0,0,5,0,0,0,0,7,2,20.0
Jonathan Ikone,fr FRA,FW,Como,it Serie A,26.0,1998.0,13,5,540,6.0,2,0,2,2,0,0,1.8,1.8,0.2,1.9,0.32,16,5,31.3,2.67,0.83,0.13,0.4,0.11,136,168,81.0,1947,407,0.6,2,8,7,0,1,0,4,1,17,14,2.33,3,0.5,15,9,4,3,8,54.5,0,15,1,3,1,257,4,31,8,27.6,168,23,12,9,14,188,55,1,0,0,3,2,0,0,0,18,4,80.0
Jonathan Ikone,fr FRA,"FW,MF",Fiorentina,it Serie A,26.0,1998.0,14,1,334,3.7,0,0,0,0,0,0,0.8,0.8,0.1,0.9,0.23,9,5,55.6,2.43,1.35,0.0,0.0,0.09,86,102,84.3,1227,271,0.4,2,7,4,0,1,0,0,1,13,13,3.5,0,0.0,5,2,3,2,0,50.0,1,6,1,4,0,148,2,19,7,41.2,101,12,4,4,7,110,39,0,0,0,3,2,0,0,0,19,0,0.0
George Ilenikhena,ng NGA,FW,Monaco,fr Ligue 1,17.0,2006.0,23,6,717,8.0,3,2,5,3,0,0,5.1,5.1,1.4,6.5,0.81,21,9,42.9,2.64,1.13,0.14,0.33,0.24,87,121,71.9,1117,192,0.5,9,3,3,0,0,0,1,0,10,17,2.14,3,0.38,4,2,0,3,1,50.0,2,6,0,2,0,189,0,36,3,17.6,121,8,5,12,16,163,58,0,0,0,14,2,0,0,0,10,14,46.7
Andrej Ilic,rs SRB,FW,Union Berlin,de Bundesliga,24.0,2000.0,16,11,937,10.4,7,0,7,6,1,1,4.9,4.1,0.3,4.4,0.5,27,11,40.7,2.59,1.06,0.22,0.55,0.15,110,191,57.6,1223,314,0.2,6,16,0,0,3,0,1,1,13,15,1.44,2,0.19,2,2,0,2,0,0.0,5,7,6,4,1,302,10,45,1,14.3,151,5,4,32,9,209,59,1,0,0,14,2,0,0,0,16,52,48.1
Ivan Ilić,rs SRB,MF,Torino,it Serie A,23.0,2001.0,19,9,920,10.2,1,0,1,1,0,0,0.9,0.9,1.1,2.1,0.2,11,4,36.4,1.08,0.39,0.09,0.25,0.09,451,541,83.4,7640,1954,0.9,9,39,16,3,27,11,2,3,45,31,3.03,6,0.59,5,2,0,4,1,25.0,5,10,10,11,0,619,12,11,6,40.0,412,24,1,19,9,477,41,4,0,0,11,3,0,0,0,28,4,22.2
Rareş Ilie,ro ROU,MF,Nice,fr Ligue 1,21.0,2003.0,2,0,13,0.1,0,0,0,0,0,0,0.0,0.0,0.4,0.4,2.72,1,0,0.0,6.92,0.0,0.0,,0.04,8,10,80.0,160,84,0.2,4,1,2,0,3,1,0,0,3,7,48.46,0,0.0,1,1,1,0,0,100.0,0,1,0,2,0,13,0,3,3,75.0,6,2,1,0,0,8,1,0,0,0,0,0,0,0,0,2,0,
Samuel Iling-Junior,eng ENG,"FW,MF",Bologna,it Serie A,20.0,2003.0,7,0,118,1.3,1,0,1,1,0,0,0.1,0.1,0.1,0.3,0.19,4,1,25.0,3.05,0.76,0.25,1.0,0.03,62,87,71.3,1038,245,0.2,1,4,3,1,9,1,0,1,7,7,5.29,0,0.0,3,2,1,1,1,0.0,2,5,2,3,0,110,0,6,3,42.9,64,5,1,3,1,79,27,0,0,0,2,0,0,0,0,8,0,0.0
Danny Ings,eng ENG,"FW,MF",West Ham,eng Premier League,32.0,1992.0,15,1,284,3.2,1,2,3,1,0,0,2.3,2.3,1.3,3.5,1.12,14,5,35.7,4.44,1.58,0.07,0.2,0.16,63,92,68.5,830,126,0.1,6,4,1,0,3,0,1,0,5,12,3.8,2,0.63,4,2,2,2,0,33.3,1,5,4,4,0,139,2,27,4,57.1,63,6,2,6,6,96,29,0,0,0,0,1,1,0,0,9,8,44.4
Alessio Iovine,it ITA,"DF,FW",Como,it Serie A,33.0,1991.0,10,3,387,4.3,0,0,0,0,0,0,0.0,0.0,0.2,0.2,0.06,1,0,0.0,0.23,0.0,0.0,,0.02,170,226,75.2,3106,912,0.2,3,7,3,3,17,0,0,1,6,5,1.16,0,0.0,5,2,2,3,0,40.0,3,8,21,5,1,266,13,4,1,100.0,120,9,2,1,0,149,8,2,0,0,5,1,0,0,0,16,2,22.2
Tim Iroegbunam,eng ENG,MF,Everton,eng Premier League,21.0,2003.0,18,5,574,6.4,0,1,1,0,0,0,0.2,0.2,0.2,0.4,0.07,5,0,0.0,0.78,0.0,0.0,,0.05,115,158,72.8,1921,621,0.1,3,10,1,0,1,0,0,0,15,10,1.57,1,0.16,29,14,14,10,5,60.9,16,45,12,5,1,269,24,12,8,40.0,127,8,2,11,18,113,9,4,0,0,15,1,0,0,0,51,11,73.3
Jackson Irvine,au AUS,MF,St. Pauli,de Bundesliga,31.0,1993.0,29,29,2610,29.0,0,6,6,0,0,0,3.2,3.0,3.9,7.0,0.25,41,12,29.3,1.41,0.41,0.0,0.0,0.07,684,969,70.6,10496,3807,2.5,32,93,12,2,18,0,6,4,117,56,1.93,5,0.17,56,28,24,26,6,55.6,36,92,63,17,2,1286,77,75,9,39.1,464,19,5,42,13,710,58,2,0,0,38,1,0,1,0,125,85,56.7
Andy Irving,sct SCO,MF,West Ham,eng Premier League,24.0,2000.0,10,1,166,1.8,0,0,0,0,0,0,0.1,0.1,0.2,0.4,0.19,4,2,50.0,2.17,1.08,0.0,0.0,0.03,109,124,87.9,1705,439,0.1,1,14,1,1,2,0,1,0,9,5,2.68,0,0.0,7,4,3,3,1,20.0,1,8,5,1,0,150,7,0,1,100.0,73,0,0,1,3,104,4,2,0,0,6,0,0,0,0,10,1,50.0
Alexander Isak,se SWE,FW,Newcastle Utd,eng Premier League,24.0,1999.0,34,34,2756,30.6,23,6,29,19,4,4,20.3,17.2,4.3,21.6,0.81,95,41,43.2,3.1,1.34,0.2,0.46,0.18,519,689,75.3,7434,1644,3.6,41,35,31,1,16,3,6,3,88,92,3.01,14,0.46,12,5,2,3,7,33.3,3,15,17,24,1,1025,20,189,42,46.2,615,83,43,66,55,740,217,1,0,0,27,2,1,0,0,55,26,32.1
Gustav Isaksen,dk DEN,FW,Lazio,it Serie A,23.0,2001.0,37,29,2210,24.6,4,2,6,4,0,0,5.2,5.2,2.1,7.3,0.3,54,24,44.4,2.2,0.98,0.07,0.17,0.1,610,796,76.6,10259,1771,2.8,35,19,24,10,110,50,2,5,46,93,3.79,9,0.37,16,9,7,8,1,25.0,10,26,21,32,1,1084,17,120,44,41.9,698,95,53,46,31,805,249,5,0,0,23,8,1,0,0,68,13,35.1
Isco,es ESP,MF,Betis,es La Liga,32.0,1992.0,22,17,1547,17.2,9,8,17,4,5,6,8.6,3.9,4.4,8.2,0.76,38,9,23.7,2.21,0.52,0.11,0.44,0.1,957,1173,81.6,16027,4614,3.9,61,120,31,5,92,72,6,27,152,111,6.46,14,0.81,20,13,3,13,4,25.0,11,31,7,24,0,1381,9,68,27,45.8,893,38,5,54,27,1059,112,5,0,0,23,3,0,0,0,71,13,38.2
Ismaily,br BRA,DF,Lille,fr Ligue 1,34.0,1990.0,16,10,904,10.0,0,1,1,0,0,0,0.7,0.7,1.0,1.7,0.17,10,4,40.0,1.0,0.4,0.0,0.0,0.07,552,632,87.3,8555,2786,1.3,5,45,9,4,16,4,1,0,54,24,2.39,1,0.1,33,17,17,12,4,65.4,13,46,49,11,0,778,34,22,8,42.1,384,15,2,13,10,480,51,4,0,0,13,0,0,0,0,46,12,44.4
Ardian Ismajli,al ALB,DF,Empoli,it Serie A,27.0,1996.0,29,29,2508,27.9,0,0,0,0,0,0,0.3,0.3,0.0,0.4,0.01,5,0,0.0,0.18,0.0,0.0,,0.06,872,1005,86.8,17912,6132,0.1,2,12,0,0,0,0,0,2,38,8,0.29,1,0.04,30,23,21,9,0,80.0,56,86,249,4,3,1410,245,7,0,,592,3,0,8,3,668,1,3,0,0,21,0,0,0,0,83,77,58.8
Yanis Issoufou,fr FRA,"MF,FW",Montpellier,fr Ligue 1,17.0,2006.0,4,1,77,0.9,0,0,0,0,0,0,0.1,0.1,0.0,0.1,0.07,2,0,0.0,2.34,0.0,0.0,,0.03,10,20,50.0,131,32,0.0,0,0,1,0,3,0,0,0,2,0,0.0,0,0.0,6,4,4,1,1,60.0,0,6,1,3,0,28,2,3,1,50.0,16,3,0,1,0,14,2,0,0,0,1,0,0,0,0,3,0,0.0
Ko Itakura,jp JPN,DF,Gladbach,de Bundesliga,27.0,1997.0,31,31,2790,31.0,3,0,3,3,0,0,1.6,1.6,0.8,2.5,0.08,21,7,33.3,0.68,0.23,0.14,0.43,0.08,1617,1817,89.0,29287,9848,1.5,7,60,8,4,9,0,1,3,69,25,0.81,1,0.03,40,29,23,16,1,61.8,28,68,171,11,0,2170,326,32,12,52.2,1326,23,0,9,8,1513,5,5,0,0,28,1,0,1,0,95,65,65.0
Hiroki Ito,jp JPN,DF,Bayern Munich,de Bundesliga,25.0,1999.0,6,3,250,2.8,1,0,1,1,0,0,0.4,0.4,0.4,0.8,0.27,1,1,100.0,0.36,0.36,1.0,1.0,0.36,183,211,86.7,2740,750,0.6,3,14,3,1,2,0,1,1,18,5,1.81,1,0.36,2,0,1,1,0,100.0,6,8,15,3,1,245,11,5,1,33.3,126,3,1,3,1,175,6,1,0,0,2,0,0,0,0,13,5,83.3
Junya Ito,jp JPN,"FW,MF",Reims,fr Ligue 1,31.0,1993.0,33,31,2690,29.9,4,3,7,4,0,0,4.6,4.6,7.1,11.7,0.39,31,11,35.5,1.04,0.37,0.13,0.36,0.15,811,1214,66.8,12385,4724,9.1,82,69,67,28,234,92,7,6,133,129,4.32,9,0.3,45,30,19,16,10,28.3,13,58,15,40,2,1533,19,83,47,42.7,837,100,25,85,39,1034,256,1,0,0,14,1,0,0,0,135,17,37.8
Diego Iturralde,es ESP,FW,Sevilla,es La Liga,21.0,2003.0,1,1,37,0.4,0,0,0,0,0,0,0.1,0.1,0.0,0.1,0.21,1,0,0.0,2.43,0.0,0.0,,0.09,5,7,71.4,53,0,0.0,0,0,0,0,0,0,0,0,0,0,0.0,0,0.0,0,0,0,0,0,,1,1,1,1,0,16,1,1,0,0.0,9,0,0,2,0,10,1,0,0,0,1,0,0,0,0,1,1,100.0
Marko Ivezić,rs SRB,DF,Holstein Kiel,de Bundesliga,22.0,2001.0,23,18,1657,18.4,0,0,0,0,0,0,0.6,0.6,0.2,0.8,0.04,7,0,0.0,0.38,0.0,0.0,,0.08,803,934,86.0,15522,5455,0.3,4,33,2,0,1,0,1,2,40,12,0.65,1,0.05,29,19,20,6,3,35.7,27,56,103,10,2,1176,175,14,4,57.1,596,3,0,17,7,746,9,5,0,0,27,1,0,0,0,71,34,53.1
Alex Iwobi,ng NGA,"FW,MF",Fulham,eng Premier League,28.0,1996.0,38,35,2981,33.1,9,6,15,9,0,0,4.7,4.7,7.0,11.8,0.36,68,29,42.6,2.05,0.88,0.13,0.31,0.07,1150,1532,75.1,19530,5723,7.0,59,115,86,19,126,2,15,21,213,122,3.68,16,0.48,44,25,14,21,9,64.7,14,58,29,52,1,1861,33,116,48,49.5,1312,144,37,62,40,1447,246,1,0,0,19,2,0,0,0,140,7,18.4
Armando Izzo,it ITA,DF,Monza,it Serie A,32.0,1992.0,30,28,2435,27.1,1,1,2,1,0,0,0.4,0.4,0.8,1.2,0.05,6,2,33.3,0.22,0.07,0.17,0.5,0.07,1305,1485,87.9,24799,7620,0.3,11,55,6,1,8,0,2,7,72,20,0.74,2,0.07,40,15,30,9,1,50.0,45,85,101,12,0,1768,264,14,6,66.7,1009,12,0,21,6,1085,12,12,0,0,65,0,0,0,0,90,52,44.8
Fellipe Jack,br BRA,DF,Como,it Serie A,18.0,2006.0,7,1,171,1.9,0,0,0,0,0,0,0.0,0.0,0.1,0.1,0.03,0,0,,0.0,0.0,,,,77,98,78.6,1441,479,0.0,1,6,1,0,0,0,0,1,8,2,1.05,0,0.0,9,4,8,1,0,60.0,4,13,5,8,0,127,10,1,0,0.0,62,2,0,5,0,71,1,2,0,0,5,0,0,0,0,4,4,57.1
Nicolas Jackson,sn SEN,FW,Chelsea,eng Premier League,23.0,2001.0,30,28,2220,24.7,10,5,15,10,0,0,12.3,12.3,4.3,16.6,0.67,76,34,44.7,3.08,1.38,0.13,0.29,0.16,303,399,75.9,4088,884,1.9,28,22,10,1,3,0,1,0,38,69,2.8,10,0.41,22,13,6,7,9,50.0,3,25,15,15,0,687,19,141,18,29.5,417,47,32,71,41,514,129,7,1,0,35,9,0,0,0,48,21,36.8
Jérémy Jacquet,fr FRA,DF,Rennes,fr Ligue 1,19.0,2005.0,11,11,927,10.3,0,1,1,0,0,0,0.8,0.8,0.8,1.6,0.16,8,3,37.5,0.78,0.29,0.0,0.0,0.1,424,508,83.5,8419,3020,0.7,4,49,1,0,3,0,1,4,40,9,0.87,1,0.1,26,17,11,8,7,63.6,27,53,45,10,1,627,55,10,5,62.5,353,8,1,6,3,408,4,0,0,0,13,0,0,0,0,41,19,65.5
Lee Jae-sung,kr KOR,MF,Mainz 05,de Bundesliga,31.0,1992.0,33,31,2650,29.4,7,6,13,7,0,0,5.3,5.3,5.0,10.3,0.35,40,15,37.5,1.36,0.51,0.18,0.47,0.13,813,1049,77.5,11608,2904,4.7,34,56,22,3,31,0,4,4,105,73,2.48,14,0.48,42,21,16,19,7,38.5,35,77,38,38,0,1385,43,124,11,36.7,699,28,10,73,27,938,165,4,0,0,23,5,2,1,0,119,50,41.0
Ivan Jaime Pajuelo,es ESP,MF,Valencia,es La Liga,23.0,2000.0,9,2,297,3.3,0,0,0,0,0,0,0.6,0.6,0.3,1.0,0.3,8,3,37.5,2.42,0.91,0.0,0.0,0.08,80,106,75.5,1220,391,0.3,4,5,8,1,6,4,0,2,15,12,3.65,0,0.0,8,5,2,3,3,80.0,2,10,0,4,0,149,0,13,5,31.3,100,8,2,13,7,111,14,0,0,0,8,1,0,0,0,19,4,50.0
Kristijan Jakić,hr CRO,MF,Augsburg,de Bundesliga,27.0,1997.0,31,27,2306,25.6,0,1,1,0,0,0,0.8,0.8,1.2,2.0,0.08,18,4,22.2,0.7,0.16,0.0,0.0,0.04,900,1085,82.9,15354,4552,1.8,16,95,11,0,13,0,4,11,106,42,1.64,7,0.27,46,23,20,19,7,51.2,28,74,50,29,1,1361,74,34,14,48.3,703,24,3,39,21,828,49,2,0,0,23,1,0,0,0,133,35,53.8
Ismail Jakobs,sn SEN,DF,Monaco,fr Ligue 1,24.0,1999.0,2,2,180,2.0,0,0,0,0,0,0,0.0,0.0,0.2,0.2,0.11,0,0,,0.0,0.0,,,,85,105,81.0,1245,497,0.2,4,7,5,3,14,0,0,0,6,8,4.0,1,0.5,5,5,3,0,2,60.0,2,7,6,2,0,121,6,1,0,,67,9,1,0,0,77,17,0,0,0,1,0,0,0,0,5,1,14.3
Jordan James,wls WAL,MF,Rennes,fr Ligue 1,20.0,2004.0,23,14,1178,13.1,0,1,1,0,0,0,0.9,0.9,1.9,2.8,0.21,17,3,17.6,1.3,0.23,0.0,0.0,0.05,483,574,84.1,8380,2504,1.7,24,55,12,2,34,29,1,9,67,44,3.36,6,0.46,30,19,8,18,4,53.3,14,44,17,8,1,704,17,19,9,42.9,336,21,6,13,11,474,15,4,0,0,26,1,0,0,0,54,10,58.8
Reece James,eng ENG,"DF,MF",Chelsea,eng Premier League,24.0,1999.0,19,12,1063,11.8,1,1,2,1,0,0,0.4,0.4,0.7,1.1,0.1,11,3,27.3,0.93,0.25,0.09,0.33,0.04,717,854,84.0,12618,4375,1.2,11,80,5,1,43,19,4,2,64,18,1.52,3,0.25,10,9,6,3,1,33.3,13,23,23,10,4,952,43,7,7,41.2,486,7,1,7,9,607,12,1,0,0,8,0,0,0,0,66,23,71.9
Vitaly Janelt,de GER,MF,Brentford,eng Premier League,26.0,1998.0,32,27,2254,25.0,1,3,4,1,0,0,0.8,0.8,2.2,3.0,0.12,14,4,28.6,0.56,0.16,0.07,0.25,0.06,872,1057,82.5,14466,4279,2.4,14,78,23,7,30,0,3,6,80,32,1.28,3,0.12,38,22,14,13,11,58.3,27,65,53,16,1,1289,118,32,3,25.0,651,17,3,16,10,814,38,3,0,0,24,0,0,0,2,107,19,63.3
Adnan Januzaj,be BEL,"MF,FW",Las Palmas,es La Liga,29.0,1995.0,18,5,598,6.6,2,1,3,2,0,0,0.8,0.8,1.1,1.9,0.29,16,5,31.3,2.41,0.75,0.13,0.4,0.05,242,350,69.1,4610,1469,1.6,17,28,14,4,65,30,8,8,41,37,5.57,5,0.75,10,6,1,6,3,55.6,2,12,3,19,0,459,5,15,14,36.8,262,24,5,31,9,319,58,5,0,0,5,5,0,0,0,30,4,22.2
Luca Jaquez,ch SUI,DF,Stuttgart,de Bundesliga,21.0,2003.0,5,2,253,2.8,0,0,0,0,0,0,0.2,0.2,0.0,0.2,0.08,1,0,0.0,0.36,0.0,0.0,,0.21,194,212,91.5,3215,1007,0.1,0,18,1,0,1,0,0,2,18,5,1.77,0,0.0,3,0,3,0,0,33.3,3,6,4,1,0,227,10,1,0,,166,5,0,1,0,182,0,0,0,0,4,0,0,0,0,11,4,66.7
Ali Jasim,iq IRQ,"FW,DF",Como,it Serie A,20.0,2004.0,2,0,10,0.1,0,0,0,0,0,0,0.0,0.0,0.0,0.0,0.0,0,0,,0.0,0.0,,,,7,9,77.8,71,35,0.0,0,2,0,0,1,0,0,0,1,1,9.0,0,0.0,1,0,1,0,0,100.0,0,1,0,0,0,11,0,0,0,,7,1,0,0,0,8,1,0,0,0,1,0,0,0,0,1,1,100.0
Mikel Jauregizar,es ESP,MF,Athletic Club,es La Liga,20.0,2003.0,34,25,2244,24.9,2,1,3,2,0,0,1.1,1.1,1.4,2.5,0.1,21,8,38.1,0.84,0.32,0.1,0.25,0.05,904,1121,80.6,16776,4632,1.2,23,106,11,1,27,18,5,13,118,73,2.93,9,0.36,84,48,25,45,14,49.4,29,113,36,13,2,1418,43,12,20,47.6,706,14,1,35,23,848,31,4,1,0,46,3,1,0,0,144,34,49.3
Dominik Javorček,sk SVK,"DF,MF",Holstein Kiel,de Bundesliga,21.0,2002.0,13,4,386,4.3,0,2,2,0,0,0,0.0,0.0,1.0,1.0,0.24,1,0,0.0,0.23,0.0,0.0,,0.02,115,163,70.6,2137,930,0.7,4,7,2,1,20,9,1,0,4,7,1.63,2,0.47,3,0,3,0,0,20.0,5,8,26,7,1,221,30,2,4,80.0,91,7,0,5,1,113,23,2,0,0,7,0,0,0,0,7,3,30.0
Gaby Jean,fr FRA,DF,Lecce,it Serie A,24.0,2000.0,19,16,1388,15.4,0,0,0,0,0,0,0.1,0.1,0.1,0.2,0.01,1,1,100.0,0.06,0.06,0.0,0.0,0.09,727,862,84.3,12291,5135,0.1,1,33,1,1,1,0,0,4,42,4,0.26,0,0.0,14,7,8,5,1,54.5,9,23,71,10,1,992,136,3,2,66.7,500,8,0,5,5,618,3,0,0,0,15,0,0,1,0,55,41,63.1
Daniel Jebbison,eng ENG,FW,Bournemouth,eng Premier League,20.0,2003.0,16,0,119,1.3,1,0,1,1,0,0,1.0,1.0,0.2,1.2,0.9,5,2,40.0,3.78,1.51,0.2,0.5,0.2,33,42,78.6,361,44,0.1,3,1,1,0,3,0,0,0,3,6,4.54,0,0.0,5,3,3,2,0,66.7,1,6,1,1,0,78,3,14,4,57.1,44,4,5,13,5,47,16,1,0,0,2,1,0,0,0,10,2,16.7
Finn Jeltsch,de GER,DF,Stuttgart,de Bundesliga,18.0,2006.0,12,9,780,8.7,0,0,0,0,0,0,0.1,0.1,0.1,0.1,0.02,2,0,0.0,0.23,0.0,0.0,,0.03,582,639,91.1,9402,2308,0.3,2,29,1,0,3,0,3,0,31,2,0.23,0,0.0,18,13,6,11,1,80.0,13,31,27,4,2,727,46,2,2,66.7,476,8,1,10,1,525,5,2,0,0,7,0,0,0,0,34,12,60.0
Malcolm Jeng,se SWE,DF,Reims,fr Ligue 1,19.0,2005.0,3,2,107,1.2,0,0,0,0,0,0,0.0,0.0,0.0,0.0,0.0,0,0,,0.0,0.0,,,,35,41,85.4,531,230,0.0,0,2,0,0,0,0,0,0,3,0,0.0,0,0.0,0,0,0,0,0,,3,3,10,0,0,57,15,0,0,,25,0,0,0,0,33,0,0,0,0,1,0,0,0,0,3,4,50.0
Fredrik Jensen,fi FIN,MF,Augsburg,de Bundesliga,26.0,1997.0,20,9,763,8.5,0,0,0,0,0,0,0.7,0.7,0.7,1.4,0.16,11,0,0.0,1.3,0.0,0.0,,0.06,157,226,69.5,2651,686,0.6,11,8,7,3,20,2,0,1,20,19,2.25,0,0.0,7,7,1,3,3,80.0,4,11,17,17,0,318,17,24,7,53.8,190,16,3,16,10,224,58,0,0,0,5,2,0,0,0,15,6,31.6
Mathias Jensen,dk DEN,MF,Brentford,eng Premier League,28.0,1996.0,24,8,862,9.6,0,2,2,0,0,0,0.2,0.2,1.7,1.9,0.2,6,1,16.7,0.63,0.1,0.0,0.0,0.04,363,486,74.7,6736,2465,1.7,16,42,19,3,33,14,2,5,61,41,4.28,5,0.52,14,10,6,6,2,50.0,8,22,13,7,2,573,27,9,9,52.9,300,6,0,9,7,350,27,2,0,0,7,0,0,0,0,48,8,61.5
Moritz Jenz,de GER,DF,Mainz 05,de Bundesliga,25.0,1999.0,19,18,1600,17.8,0,0,0,0,0,0,1.6,1.6,0.3,1.8,0.1,10,4,40.0,0.56,0.23,0.0,0.0,0.16,712,845,84.3,12788,4551,0.4,3,37,2,0,0,0,0,1,47,11,0.62,2,0.11,36,20,18,18,0,76.2,30,66,128,1,2,1098,161,20,2,40.0,510,1,1,7,0,592,3,4,0,0,27,0,0,0,0,73,73,64.0
Gabriel Jesus,br BRA,FW,Arsenal,eng Premier League,27.0,1997.0,17,6,608,6.8,3,0,3,3,0,0,3.0,3.0,0.7,3.7,0.54,20,7,35.0,2.96,1.04,0.15,0.43,0.15,156,203,76.8,2030,378,0.5,8,10,9,1,7,0,1,0,19,18,2.66,4,0.59,10,6,4,3,3,44.4,4,14,8,12,0,299,9,48,9,40.9,179,15,11,13,13,217,57,4,0,0,14,1,0,0,0,28,9,33.3
Juan Jesus,br BRA,DF,Napoli,it Serie A,33.0,1991.0,15,12,1074,11.9,0,1,1,0,0,0,0.3,0.3,0.0,0.4,0.03,3,0,0.0,0.25,0.0,0.0,,0.11,764,853,89.6,15673,4982,0.1,1,40,2,0,0,0,1,0,50,9,0.75,1,0.08,25,14,16,9,0,60.0,9,34,42,10,0,952,79,3,0,,589,3,0,4,1,712,2,2,0,0,14,0,0,0,0,30,24,60.0
Alejandro Jiménez,es ESP,"DF,FW",Milan,it Serie A,19.0,2005.0,22,14,1266,14.1,0,1,1,0,0,0,0.8,0.8,1.3,2.1,0.15,15,5,33.3,1.07,0.36,0.0,0.0,0.06,452,564,80.1,7535,1817,1.3,12,33,12,5,37,0,3,3,37,34,2.42,4,0.28,24,13,8,14,2,40.7,15,39,23,21,0,729,23,37,26,55.3,423,55,17,27,13,437,72,6,0,0,12,3,0,0,0,69,9,40.9
Raúl Jiménez,mx MEX,FW,Fulham,eng Premier League,33.0,1991.0,38,30,2494,27.7,12,3,15,9,3,3,12.0,9.6,3.3,12.9,0.55,93,30,32.3,3.36,1.08,0.1,0.3,0.1,458,643,71.2,6916,1618,2.1,24,41,14,3,23,0,3,5,62,66,2.38,7,0.25,35,24,9,17,9,36.4,10,45,23,28,3,999,35,165,21,42.0,549,35,17,74,45,734,125,4,0,0,39,5,1,0,0,80,91,47.9
Kim Jisoo,kr KOR,DF,Brentford,eng Premier League,19.0,2004.0,3,0,30,0.3,0,0,0,0,0,0,0.0,0.0,0.0,0.0,0.0,0,0,,0.0,0.0,,,,25,28,89.3,552,202,0.0,0,1,0,0,0,0,0,0,2,0,0.0,0,0.0,0,0,0,0,0,,0,0,2,0,0,30,1,0,0,,15,0,0,0,1,22,0,0,0,0,1,0,0,0,0,0,0,
João Pedro,br BRA,"FW,MF",Brighton,eng Premier League,22.0,2001.0,27,23,1948,21.6,10,6,16,5,5,5,8.9,5.0,5.0,10.0,0.64,42,15,35.7,1.94,0.69,0.12,0.33,0.12,482,661,72.9,6847,1766,3.1,30,42,36,5,22,4,10,3,78,72,3.32,9,0.42,16,12,6,6,4,36.4,9,25,12,20,0,940,12,122,29,33.7,616,66,30,72,38,732,128,4,1,0,26,10,3,1,0,59,41,48.8
John Joe,ie IRL,"MF,FW",Getafe,es La Liga,20.0,2003.0,4,0,48,0.5,0,0,0,0,0,0,0.1,0.1,0.0,0.1,0.26,2,0,0.0,3.75,0.0,0.0,,0.07,16,20,80.0,193,48,0.0,0,0,0,0,0,0,0,0,0,0,0.0,0,0.0,0,0,0,0,0,,0,0,1,1,0,33,1,1,2,40.0,21,1,0,4,1,23,6,1,0,0,1,0,0,0,0,3,2,50.0
John Joe,ie IRL,MF,Reims,fr Ligue 1,20.0,2003.0,13,5,545,6.1,0,0,0,0,0,0,0.2,0.2,0.0,0.2,0.03,8,1,12.5,1.32,0.17,0.0,0.0,0.02,165,223,74.0,2681,557,0.2,1,12,2,0,5,0,0,1,14,9,1.48,0,0.0,24,15,11,10,3,36.8,6,30,9,9,0,310,13,6,6,33.3,150,6,1,5,9,173,9,0,0,0,14,1,0,0,0,31,10,43.5
Joelinton,br BRA,"MF,FW",Newcastle Utd,eng Premier League,27.0,1996.0,29,29,2393,26.6,4,3,7,4,0,0,3.9,3.9,2.5,6.4,0.24,45,13,28.9,1.69,0.49,0.09,0.31,0.09,863,1043,82.7,12199,3384,2.3,23,80,17,2,16,0,7,2,116,61,2.29,9,0.34,57,35,23,23,11,56.8,23,80,47,23,2,1360,67,83,15,32.6,729,40,9,39,53,934,110,10,0,0,58,1,0,0,0,149,59,56.2
Jofre,es ESP,"MF,FW",Espanyol,es La Liga,23.0,2001.0,37,26,2165,24.1,3,3,6,3,0,0,2.5,2.5,2.5,5.0,0.21,40,10,25.0,1.66,0.42,0.08,0.3,0.06,352,525,67.0,5352,1421,1.9,24,17,15,9,54,2,2,2,48,56,2.33,5,0.21,22,16,14,5,3,56.5,15,37,29,26,0,839,23,71,39,34.8,535,65,27,64,40,576,156,5,0,0,28,7,0,0,0,105,5,22.7
Þórir Jóhann Helgason,is ISL,MF,Lecce,it Serie A,23.0,2000.0,21,13,1156,12.8,0,4,4,0,0,0,1.2,1.2,1.1,2.3,0.18,16,5,31.3,1.25,0.39,0.0,0.0,0.08,255,395,64.6,4973,1486,0.9,22,23,13,4,71,52,0,3,38,39,3.04,7,0.55,10,7,3,6,1,53.8,6,16,11,10,2,491,13,24,8,57.1,230,20,2,26,10,282,58,0,0,0,10,3,0,0,0,46,17,50.0
Carl Johansson,se SWE,DF,Holstein Kiel,de Bundesliga,30.0,1994.0,10,7,568,6.3,0,0,0,0,0,0,0.0,0.0,0.4,0.5,0.07,1,1,100.0,0.16,0.16,0.0,0.0,0.05,268,305,87.9,4810,1547,0.3,6,4,2,0,0,0,0,0,12,8,1.27,0,0.0,4,2,4,0,0,42.9,10,14,54,0,1,396,92,11,0,,155,0,0,2,0,218,0,0,1,0,5,0,0,1,0,18,29,58.0
Ben Johnson,eng ENG,"DF,FW",Ipswich Town,eng Premier League,24.0,2000.0,23,14,1354,15.0,1,2,3,1,0,0,1.1,1.1,1.3,2.3,0.16,7,3,42.9,0.47,0.2,0.14,0.33,0.15,298,416,71.6,4835,2045,0.9,12,22,3,2,37,13,2,4,27,24,1.6,5,0.33,38,22,23,12,3,48.8,13,51,54,23,1,626,60,12,8,33.3,259,16,3,23,17,292,33,5,1,1,27,2,0,0,0,57,19,51.4
Brennan Johnson,wls WAL,FW,Tottenham,eng Premier League,23.0,2001.0,33,24,2177,24.2,11,3,14,11,0,0,10.4,10.4,2.3,12.7,0.52,54,20,37.0,2.23,0.83,0.2,0.55,0.19,449,638,70.4,5932,1611,2.0,19,25,35,6,53,0,0,1,71,46,1.9,7,0.29,39,26,9,20,10,47.1,4,43,14,41,0,853,18,125,19,43.2,544,60,35,26,17,626,197,5,0,0,27,5,2,0,0,63,7,25.9
Paul Joly,fr FRA,DF,Auxerre,fr Ligue 1,24.0,2000.0,26,10,1009,11.2,0,1,1,0,0,0,0.6,0.6,1.3,1.9,0.17,10,5,50.0,0.89,0.45,0.0,0.0,0.06,424,617,68.7,7496,2740,1.5,16,38,18,8,55,0,2,9,51,32,2.85,3,0.27,49,32,30,17,2,60.0,25,74,32,19,5,800,29,16,6,22.2,394,28,4,24,12,435,61,3,1,0,10,1,0,1,0,56,13,61.9
Curtis Jones,eng ENG,"MF,DF",Liverpool,eng Premier League,23.0,2001.0,33,19,1712,19.0,3,3,6,3,0,0,4.3,4.3,1.1,5.4,0.29,34,13,38.2,1.79,0.68,0.09,0.23,0.13,1021,1097,93.1,15072,3158,1.6,22,84,19,1,8,1,2,2,117,52,2.74,8,0.42,39,22,6,23,10,63.0,7,46,10,10,3,1288,41,58,12,54.5,789,30,8,26,36,967,79,3,1,1,18,2,1,0,0,97,14,51.9
Frenkie de Jong,nl NED,MF,Barcelona,es La Liga,27.0,1997.0,26,9,1143,12.7,2,2,4,2,0,0,0.7,0.7,2.0,2.6,0.21,5,3,60.0,0.39,0.24,0.4,0.67,0.13,1084,1148,94.4,16878,4702,2.0,21,140,12,0,6,0,4,2,120,43,3.39,11,0.87,19,11,5,8,6,50.0,12,31,7,11,1,1226,15,13,5,62.5,815,36,1,5,7,993,24,3,0,0,14,0,0,1,0,57,10,58.8
Joan Jordán,es ESP,MF,Alavés,es La Liga,30.0,1994.0,25,15,1414,15.7,5,2,7,2,3,4,4.8,1.6,2.3,4.0,0.45,13,4,30.8,0.83,0.25,0.15,0.5,0.13,685,915,74.9,13015,4116,2.6,31,102,15,5,106,63,0,18,104,55,3.5,3,0.19,32,18,11,17,4,56.7,9,41,21,16,0,1038,26,11,6,85.7,481,7,1,16,7,620,35,4,0,0,28,2,0,0,0,61,16,55.2
Jorginho,it ITA,MF,Arsenal,eng Premier League,32.0,1991.0,15,9,704,7.8,0,0,0,0,0,0,0.1,0.1,0.4,0.5,0.06,2,0,0.0,0.26,0.0,0.0,,0.03,411,474,86.7,6468,1609,0.6,3,44,10,0,1,0,4,1,48,12,1.54,0,0.0,12,4,1,7,4,40.0,7,19,2,5,2,522,9,3,1,25.0,302,12,0,12,9,389,6,5,0,0,15,2,0,0,0,55,1,14.3
Jota,pt POR,"FW,MF",Rennes,fr Ligue 1,25.0,1999.0,9,3,334,3.7,1,0,1,1,0,0,1.3,1.3,0.3,1.6,0.44,4,2,50.0,1.08,0.54,0.25,0.5,0.33,95,132,72.0,1498,360,0.4,5,10,6,2,16,3,1,1,16,7,1.89,1,0.27,5,2,2,3,0,57.1,3,8,2,4,0,172,1,16,4,30.8,114,13,5,7,2,130,35,0,0,0,3,0,0,0,0,11,1,50.0
Diogo Jota,pt POR,FW,Liverpool,eng Premier League,27.0,1996.0,26,14,1196,13.3,6,3,9,6,0,0,7.9,7.9,1.8,9.8,0.74,51,13,25.5,3.84,0.98,0.12,0.46,0.16,216,310,69.7,3313,829,1.1,11,29,3,1,8,0,1,2,34,37,2.79,9,0.68,14,8,2,8,4,36.8,8,22,6,15,0,485,6,97,11,33.3,263,37,21,40,22,333,88,2,0,0,23,1,1,0,0,41,22,40.7
Antoine Joujou,fr FRA,"MF,FW",Le Havre,fr Ligue 1,21.0,2003.0,26,9,943,10.5,0,2,2,0,0,0,0.6,0.6,3.0,3.7,0.35,11,2,18.2,1.05,0.19,0.0,0.0,0.06,169,261,64.8,2486,687,2.9,15,8,15,10,37,1,1,1,18,37,3.53,3,0.29,16,11,10,4,2,60.0,9,25,19,14,0,417,15,39,30,49.2,249,44,17,32,17,253,85,1,0,0,7,2,0,0,0,59,5,21.7
Luka Jović,rs SRB,"FW,MF",Milan,it Serie A,26.0,1997.0,15,6,557,6.2,2,0,2,2,0,0,2.4,2.4,1.4,3.8,0.61,11,4,36.4,1.78,0.65,0.18,0.5,0.22,115,141,81.6,1787,418,1.0,12,11,8,1,2,0,3,1,26,16,2.59,0,0.0,0,0,0,0,0,,1,1,3,1,0,171,4,18,4,57.1,99,8,1,9,6,144,24,1,0,0,4,0,0,0,0,9,9,50.0
Juanmi,es ESP,"FW,MF",Getafe,es La Liga,31.0,1993.0,13,8,696,7.7,0,0,0,0,0,0,2.9,2.9,0.3,3.2,0.41,13,6,46.2,1.68,0.78,0.0,0.0,0.22,105,137,76.6,1513,254,0.2,4,3,4,0,0,0,0,0,8,9,1.16,1,0.13,14,11,4,7,3,31.6,2,16,3,10,0,220,1,20,4,40.0,125,6,1,27,8,141,28,2,0,0,19,0,0,0,0,23,6,42.9
Juanmi,es ESP,"FW,MF",Betis,es La Liga,31.0,1993.0,11,2,244,2.7,0,0,0,0,0,0,0.7,0.7,0.4,1.0,0.39,6,1,16.7,2.21,0.37,0.0,0.0,0.11,58,70,82.9,674,153,0.1,4,2,1,0,1,0,0,0,4,5,1.84,0,0.0,7,4,3,3,1,66.7,1,8,4,5,0,109,3,14,4,50.0,62,4,2,7,4,74,18,2,0,0,6,1,0,0,0,14,6,85.7
Juanpe,es ESP,DF,Girona,es La Liga,33.0,1991.0,12,8,727,8.1,0,0,0,0,0,0,0.1,0.1,0.2,0.2,0.03,2,0,0.0,0.25,0.0,0.0,,0.04,507,581,87.3,10530,3421,0.1,3,32,1,0,1,0,0,11,26,3,0.37,0,0.0,8,5,5,3,0,75.0,8,16,56,5,1,676,86,1,0,,377,2,0,3,1,467,0,2,0,0,4,0,0,0,0,22,25,73.5
Jubal,br BRA,DF,Auxerre,fr Ligue 1,30.0,1993.0,30,30,2640,29.3,6,0,6,3,3,4,5.2,2.0,0.9,2.9,0.21,26,7,26.9,0.89,0.24,0.12,0.43,0.08,918,1057,86.8,18586,5601,0.8,6,34,7,0,0,0,0,10,33,15,0.51,1,0.03,60,39,46,13,1,70.0,25,85,201,5,1,1458,274,38,3,75.0,698,1,0,7,2,797,3,7,0,0,27,1,1,2,1,90,72,69.2
Anthony Jung,de GER,DF,Werder Bremen,de Bundesliga,32.0,1991.0,28,20,1898,21.1,0,0,0,0,0,0,0.0,0.0,0.1,0.1,0.0,1,0,0.0,0.05,0.0,0.0,,0.04,1354,1512,89.6,24384,8795,0.5,2,100,6,1,4,0,0,0,121,14,0.66,1,0.05,34,22,22,11,1,64.7,25,59,77,11,1,1695,231,1,7,77.8,1044,20,0,13,2,1165,6,1,0,0,9,0,0,2,0,81,34,63.0
Hamed Junior Traorè,ci CIV,MF,Auxerre,fr Ligue 1,24.0,2000.0,26,26,2093,23.3,10,2,12,10,0,0,7.9,7.9,2.7,10.6,0.46,68,27,39.7,2.92,1.16,0.15,0.37,0.12,474,640,74.1,7145,2293,2.8,27,53,27,5,42,11,9,7,99,71,3.05,7,0.3,41,20,11,17,13,29.6,8,49,11,16,0,971,9,87,34,34.7,615,66,19,70,53,675,146,5,0,0,30,6,1,0,0,100,12,37.5
Vinicius Júnior,br BRA,FW,Real Madrid,es La Liga,24.0,2000.0,30,24,2253,25.0,11,8,19,9,2,3,10.4,8.2,8.0,16.2,0.73,78,24,30.8,3.12,0.96,0.12,0.38,0.11,673,901,74.7,10433,2523,7.0,58,53,36,6,56,8,15,16,85,135,5.39,18,0.72,21,10,7,4,10,27.8,3,24,1,45,2,1264,4,199,82,42.9,952,169,106,72,49,1059,256,8,1,0,30,11,2,0,0,71,1,12.5
Josip Juranović,hr CRO,"DF,MF",Union Berlin,de Bundesliga,28.0,1995.0,17,13,1159,12.9,0,1,1,0,0,0,0.3,0.3,1.8,2.1,0.16,6,2,33.3,0.47,0.16,0.0,0.0,0.05,379,588,64.5,7589,3252,2.7,27,34,22,12,78,27,0,3,52,51,3.97,2,0.16,21,13,12,6,3,40.0,7,28,42,15,2,709,41,7,11,45.8,307,19,3,12,3,320,45,4,0,0,8,0,0,0,0,62,4,44.4
David Jurásek,cz CZE,DF,Hoffenheim,de Bundesliga,23.0,2000.0,14,6,619,6.9,0,1,1,0,0,0,0.1,0.1,0.9,1.0,0.14,5,2,40.0,0.73,0.29,0.0,0.0,0.02,307,439,69.9,5143,1776,0.9,7,22,11,9,55,0,1,2,22,19,2.76,1,0.15,6,3,3,2,1,40.0,6,12,17,17,0,499,16,9,3,25.0,238,17,1,6,5,310,42,0,0,0,1,1,0,0,0,40,3,60.0
Stanko Jurić,hr CRO,MF,Valladolid,es La Liga,27.0,1996.0,26,19,1729,19.2,0,0,0,0,0,0,0.8,0.8,0.5,1.3,0.07,8,2,25.0,0.42,0.1,0.0,0.0,0.1,636,755,84.2,10454,2996,0.3,4,40,4,0,0,0,1,1,57,9,0.47,2,0.1,48,24,26,19,3,39.6,24,72,52,14,0,981,90,10,6,60.0,388,5,2,21,14,544,8,7,1,1,38,0,0,0,0,92,50,69.4
James Justin,eng ENG,DF,Leicester City,eng Premier League,26.0,1998.0,36,34,2912,32.4,2,2,4,2,0,0,1.5,1.5,0.8,2.3,0.07,25,6,24.0,0.77,0.19,0.08,0.33,0.06,1205,1541,78.2,18606,5922,0.8,14,76,23,8,57,0,1,2,91,33,1.02,2,0.06,58,37,29,23,6,58.2,46,104,141,40,3,1948,151,38,9,30.0,866,39,4,31,15,1077,96,6,0,0,29,5,0,0,0,88,69,55.6
Mohamed Kaba,fr FRA,MF,Lecce,it Serie A,22.0,2001.0,15,2,452,5.0,0,0,0,0,0,0,0.3,0.3,0.0,0.4,0.08,4,0,0.0,0.8,0.0,0.0,,0.09,139,172,80.8,2228,625,0.1,1,18,1,0,1,0,1,1,18,10,1.99,0,0.0,13,8,7,5,1,80.0,4,17,10,4,1,240,14,6,2,33.3,136,3,0,13,5,162,8,1,0,0,6,1,0,0,0,19,8,40.0
Yusuf Kabadayı,de GER,"FW,MF",Augsburg,de Bundesliga,20.0,2004.0,5,0,71,0.8,1,0,1,1,0,0,0.6,0.6,0.0,0.7,0.89,4,1,25.0,5.07,1.27,0.25,1.0,0.16,16,25,64.0,251,69,0.0,1,0,1,0,1,0,0,0,3,4,5.07,0,0.0,1,0,0,1,0,,0,1,0,1,0,42,0,2,2,33.3,29,2,0,6,0,30,8,0,0,0,1,0,0,0,0,6,0,0.0
Almugera Kabar,de GER,DF,Dortmund,de Bundesliga,18.0,2006.0,5,1,137,1.5,0,0,0,0,0,0,0.0,0.0,0.5,0.5,0.36,0,0,,0.0,0.0,,,,89,98,90.8,1317,221,0.4,3,7,2,1,1,0,0,0,6,3,1.99,0,0.0,5,3,2,2,1,100.0,1,6,4,0,0,114,0,1,1,50.0,71,5,0,0,3,78,2,2,1,1,2,0,0,0,0,4,2,40.0
Christian Kabasele,be BEL,DF,Udinese,it Serie A,33.0,1991.0,16,12,1161,12.9,2,0,2,2,0,0,1.5,1.5,0.4,1.9,0.14,15,4,26.7,1.16,0.31,0.13,0.5,0.1,481,564,85.3,9338,3292,0.5,6,44,1,0,2,0,0,5,44,12,0.93,0,0.0,17,9,10,7,0,78.6,14,31,75,3,1,715,101,23,1,100.0,393,9,0,9,3,438,7,0,0,0,20,0,0,2,0,33,35,63.6
Issa Kaboré,bf BFA,"DF,FW",Werder Bremen,de Bundesliga,23.0,2001.0,9,3,308,3.4,0,0,0,0,0,0,0.7,0.7,0.8,1.5,0.45,7,0,0.0,2.05,0.0,0.0,,0.1,142,180,78.9,2066,736,0.5,7,4,5,3,19,0,0,1,8,15,4.38,4,1.17,8,4,2,5,1,66.7,2,10,7,5,0,253,12,16,7,33.3,128,15,5,9,2,137,35,0,0,0,4,1,1,0,0,20,6,66.7
Yaya Kader Fofana,ml MLI,"MF,FW",Reims,fr Ligue 1,20.0,2004.0,12,8,634,7.0,1,1,2,1,0,0,0.6,0.6,1.7,2.3,0.32,13,4,30.8,1.85,0.57,0.08,0.25,0.05,177,232,76.3,2512,795,1.0,7,14,10,1,6,1,3,0,22,22,3.12,5,0.71,17,11,8,5,4,33.3,3,20,2,5,0,317,7,17,14,63.6,209,19,6,14,8,220,29,4,0,0,16,1,0,0,0,33,4,28.6
Pavel Kadeřábek,cz CZE,DF,Hoffenheim,de Bundesliga,32.0,1992.0,24,18,1576,17.5,2,0,2,2,0,0,0.8,0.8,2.0,2.7,0.16,14,3,21.4,0.8,0.17,0.14,0.67,0.05,609,869,70.1,9600,3689,1.7,21,45,16,12,74,0,1,1,47,41,2.34,1,0.06,25,14,14,4,7,48.4,20,45,54,16,1,1016,52,31,5,62.5,456,15,1,6,3,605,86,6,0,0,21,0,0,0,0,25,57,56.4
Tino Kadewere,zw ZIM,"MF,FW",Nantes,fr Ligue 1,28.0,1996.0,12,6,512,5.7,1,2,3,1,0,0,1.7,1.7,1.0,2.7,0.47,8,6,75.0,1.41,1.05,0.13,0.17,0.21,130,173,75.1,1947,547,0.5,8,7,3,0,2,0,1,0,19,19,3.34,2,0.35,14,8,5,3,6,46.2,6,20,8,7,0,242,6,20,4,26.7,133,5,1,14,7,156,27,1,0,0,6,0,0,0,0,34,15,55.6
Ferdi Kadioglu,tr TUR,"DF,MF",Brighton,eng Premier League,24.0,1999.0,6,5,385,4.3,1,0,1,1,0,0,0.4,0.4,0.2,0.6,0.14,4,1,25.0,0.94,0.23,0.25,1.0,0.11,144,175,82.3,2372,698,0.3,5,10,9,4,9,0,1,0,15,13,3.03,2,0.47,10,6,4,5,1,40.0,8,18,17,1,0,231,13,9,3,42.9,124,1,0,6,2,144,27,1,0,0,5,1,0,0,0,14,3,75.0
Arnaud Kalimuendo,fr FRA,"FW,MF",Rennes,fr Ligue 1,22.0,2002.0,33,31,2578,28.6,17,3,20,12,5,8,14.9,8.9,2.0,10.9,0.59,68,29,42.6,2.37,1.01,0.18,0.41,0.13,477,605,78.8,7080,1245,2.1,19,36,14,1,13,0,3,5,72,49,1.71,6,0.21,19,12,6,9,4,46.7,4,23,16,24,1,885,18,126,21,33.9,521,50,27,59,59,684,167,2,0,0,29,2,1,0,0,63,22,27.2
Pierre Kalulu,fr FRA,DF,Juventus,it Serie A,24.0,2000.0,29,25,2337,26.0,1,0,1,1,0,0,0.7,0.7,0.5,1.2,0.05,7,3,42.9,0.27,0.12,0.14,0.33,0.1,1932,2076,93.1,32032,9746,0.8,11,133,11,5,22,0,2,4,117,36,1.39,1,0.04,41,25,29,9,3,75.0,17,58,68,11,1,2275,182,17,4,36.4,1559,48,2,19,7,1752,24,2,1,0,26,3,0,1,0,95,27,36.5
Justin-Noël Kalumba,fr FRA,"FW,MF",Angers,fr Ligue 1,19.0,2004.0,2,0,31,0.3,0,0,0,0,0,0,0.0,0.0,0.0,0.0,0.05,1,0,0.0,2.9,0.0,0.0,,0.02,9,11,81.8,108,2,0.0,0,0,0,0,1,0,0,0,0,0,0.0,0,0.0,0,0,0,0,0,,1,1,1,0,0,18,0,1,1,50.0,13,1,0,2,2,14,3,0,0,0,0,0,0,0,0,2,0,
Daichi Kamada,jp JPN,MF,Crystal Palace,eng Premier League,27.0,1996.0,34,15,1564,17.4,0,0,0,0,0,0,1.1,1.1,1.9,3.0,0.17,20,4,20.0,1.15,0.23,0.0,0.0,0.05,603,752,80.2,9772,2644,1.6,20,48,14,3,31,16,4,5,89,52,2.99,3,0.17,47,29,19,24,4,34.1,18,65,14,18,0,937,19,32,7,36.8,485,25,6,16,20,600,56,4,1,0,28,2,0,0,0,89,4,23.5
Waren Kamanzi,no NOR,"DF,MF",Toulouse,fr Ligue 1,23.0,2000.0,24,11,1022,11.4,1,1,2,1,0,0,1.3,1.3,1.0,2.2,0.2,7,2,28.6,0.62,0.18,0.14,0.5,0.18,399,481,83.0,5867,1419,0.5,12,27,8,0,16,0,1,0,33,23,2.02,3,0.26,29,13,12,12,5,50.0,9,38,25,20,0,613,22,27,16,55.2,332,29,9,15,15,349,62,3,0,0,16,2,0,0,0,56,7,87.5
Boubacar Kamara,fr FRA,MF,Aston Villa,eng Premier League,24.0,1999.0,26,20,1726,19.2,1,0,1,1,0,0,0.8,0.8,0.9,1.7,0.09,10,3,30.0,0.52,0.16,0.1,0.33,0.08,825,931,88.6,13054,4037,0.8,11,91,10,0,1,0,5,0,85,27,1.41,2,0.1,50,21,28,18,4,51.8,19,69,51,8,3,1113,95,12,9,33.3,591,19,2,12,17,754,7,2,0,0,30,1,0,0,0,87,21,44.7
Glen Kamara,fi FIN,MF,Rennes,fr Ligue 1,28.0,1995.0,13,8,662,7.4,0,1,1,0,0,0,0.2,0.2,0.2,0.3,0.05,1,0,0.0,0.14,0.0,0.0,,0.17,372,412,90.3,5500,1464,0.7,5,34,8,0,0,0,1,0,34,20,2.72,2,0.27,23,11,10,11,2,64.7,7,30,7,3,0,476,11,13,4,50.0,268,5,0,7,6,350,22,0,0,0,7,0,0,0,0,42,2,25.0
Hassane Kamara,ci CIV,DF,Udinese,it Serie A,30.0,1994.0,30,25,2001,22.2,1,4,5,1,0,0,0.9,0.9,2.7,3.6,0.16,17,3,17.6,0.76,0.13,0.06,0.33,0.05,780,1031,75.7,13889,4252,2.3,24,48,28,22,106,15,0,6,61,44,1.98,6,0.27,35,25,20,11,4,57.1,26,61,49,29,1,1241,57,24,18,39.1,618,52,5,24,10,703,103,8,1,1,25,1,0,0,0,92,21,65.6
Noham Kamara,fr FRA,DF,Paris S-G,fr Ligue 1,17.0,2007.0,2,0,76,0.8,0,0,0,0,0,0,0.0,0.0,0.0,0.0,0.0,0,0,,0.0,0.0,,,,74,79,93.7,1308,459,0.0,0,8,0,0,0,0,1,0,5,1,1.18,0,0.0,1,1,0,1,0,,1,2,1,0,0,84,3,0,0,,56,2,0,0,0,60,0,0,0,0,0,0,0,0,0,4,2,100.0
Willy Kambwala,fr FRA,DF,Villarreal,es La Liga,19.0,2004.0,19,12,1117,12.4,0,0,0,0,0,0,0.3,0.3,0.1,0.5,0.04,4,1,25.0,0.32,0.08,0.0,0.0,0.08,521,594,87.7,9621,3410,0.1,1,9,1,0,0,0,0,2,16,5,0.4,0,0.0,17,12,14,2,1,83.3,10,27,56,5,1,706,118,6,5,100.0,367,2,1,9,5,463,0,1,1,0,5,0,0,0,0,30,16,47.1
Jakub Kamiński,pl POL,"DF,MF",Wolfsburg,de Bundesliga,22.0,2002.0,22,12,1130,12.6,0,2,2,0,0,0,0.9,0.9,3.3,4.2,0.34,15,3,20.0,1.19,0.24,0.0,0.0,0.06,328,466,70.4,5109,1624,3.6,24,20,13,4,50,20,0,2,40,43,3.42,5,0.4,17,8,8,3,6,40.9,13,30,23,17,1,603,31,36,8,36.4,301,41,16,20,11,311,69,2,0,0,10,1,1,0,1,52,7,26.9
Kevin Kampl,si SVN,MF,RB Leipzig,de Bundesliga,33.0,1990.0,26,18,1593,17.7,1,0,1,1,0,0,0.8,0.8,1.4,2.2,0.13,7,2,28.6,0.4,0.11,0.14,0.5,0.12,1046,1175,89.0,15992,4680,2.7,16,81,24,4,29,17,4,1,106,44,2.49,5,0.28,27,18,11,10,6,61.5,24,51,25,19,0,1316,37,13,13,68.4,793,21,3,13,12,957,32,5,0,0,20,0,0,0,0,100,3,18.8
Nordine Kandil,fr FRA,MF,Strasbourg,fr Ligue 1,22.0,2001.0,1,0,10,0.1,0,0,0,0,0,0,0.0,0.0,0.0,0.0,0.0,0,0,,0.0,0.0,,,,3,6,50.0,51,6,0.0,0,0,0,0,0,0,0,0,0,0,0.0,0,0.0,0,0,0,0,0,,0,0,1,0,0,8,1,0,1,100.0,5,1,0,0,0,7,0,0,0,0,2,0,0,0,0,0,1,50.0
Harry Kane,eng ENG,FW,Bayern Munich,de Bundesliga,31.0,1993.0,31,28,2381,26.5,26,9,35,17,9,9,20.3,13.3,5.3,18.6,0.97,105,45,42.9,3.97,1.7,0.16,0.38,0.13,509,645,78.9,9141,2258,5.6,35,56,36,2,13,1,17,14,97,89,3.36,21,0.79,13,11,3,8,2,33.3,2,15,16,21,0,917,20,162,23,43.4,513,29,21,41,22,716,143,5,0,0,9,5,2,0,0,61,29,59.2
Lee Kang-in,kr KOR,"FW,MF",Paris S-G,fr Ligue 1,23.0,2001.0,30,19,1663,18.5,6,6,12,6,0,0,3.5,3.5,5.6,9.1,0.5,41,14,34.1,2.22,0.76,0.15,0.43,0.09,1110,1268,87.5,17230,4215,6.4,56,103,43,7,94,84,13,10,143,97,5.26,6,0.33,25,17,7,11,7,54.3,3,28,3,16,1,1432,13,68,29,56.9,938,50,18,22,26,1172,138,1,0,0,21,0,0,0,0,73,5,33.3
Yann Karamoh,fr FRA,"MF,FW",Torino,it Serie A,26.0,1998.0,29,10,1046,11.6,0,1,1,0,0,0,1.2,1.2,0.9,2.2,0.18,25,6,24.0,2.15,0.52,0.0,0.0,0.05,189,282,67.0,2731,585,1.0,9,8,9,1,23,0,2,1,28,24,2.06,2,0.17,5,2,2,1,2,44.4,3,8,5,18,0,412,8,49,12,31.6,292,37,21,26,26,328,80,2,0,0,12,0,0,0,0,42,5,35.7
Atakan Karazor,,MF,Stuttgart,de Bundesliga,27.0,1996.0,32,31,2618,29.1,2,4,6,2,0,0,2.3,2.0,2.6,4.6,0.17,14,7,50.0,0.48,0.24,0.14,0.29,0.15,1608,1857,86.6,24010,7326,2.5,15,150,18,0,4,0,6,5,140,43,1.48,7,0.24,59,29,19,28,12,50.9,32,91,51,24,1,2124,86,27,12,57.1,1112,19,1,30,16,1426,33,10,1,1,38,3,0,0,0,171,57,56.4
Jesper Karlsson,se SWE,FW,Bologna,it Serie A,26.0,1998.0,7,3,298,3.3,1,0,1,1,0,0,0.7,0.7,0.1,0.8,0.25,6,2,33.3,1.81,0.6,0.17,0.5,0.12,72,96,75.0,962,159,0.1,2,2,2,1,4,0,0,0,6,9,2.72,1,0.3,1,0,0,0,1,0.0,0,1,3,6,0,128,1,6,2,33.3,97,6,0,6,9,106,31,1,0,0,6,0,0,0,0,8,2,33.3
Jesper Karlsson,se SWE,FW,Lecce,it Serie A,26.0,1998.0,13,6,495,5.5,1,0,1,0,1,1,1.5,0.7,0.6,1.3,0.38,9,4,44.4,1.64,0.73,0.0,0.0,0.07,109,158,69.0,1711,437,0.5,10,7,9,4,28,15,0,2,12,18,3.26,0,0.0,3,2,3,0,0,25.0,0,3,4,7,0,202,5,9,6,66.7,111,11,1,10,6,136,32,2,0,0,4,0,0,1,0,12,1,14.3
Jesper Karlström,se SWE,MF,Udinese,it Serie A,29.0,1995.0,37,36,3186,35.4,0,3,3,0,0,0,0.7,0.7,1.1,1.8,0.05,13,2,15.4,0.37,0.06,0.0,0.0,0.06,1331,1600,83.2,23418,7576,1.4,21,139,21,4,15,0,0,5,135,59,1.67,3,0.08,61,34,32,21,8,49.0,35,96,82,20,5,1882,101,24,6,40.0,1002,23,4,34,18,1199,46,9,0,0,42,2,0,0,0,146,31,50.0
Lior Kasa,il ISR,"MF,FW",Genoa,it Serie A,18.0,2005.0,8,2,230,2.6,0,0,0,0,0,0,1.1,1.1,0.1,1.2,0.48,5,2,40.0,1.96,0.78,0.0,0.0,0.23,62,72,86.1,1186,344,0.1,2,6,1,0,2,2,0,2,7,5,1.97,0,0.0,4,4,2,2,0,40.0,3,7,5,0,0,111,8,6,1,20.0,58,1,0,6,1,64,7,2,0,0,4,0,0,0,0,14,1,25.0
Grigoris Kastanos,cy CYP,"MF,FW",Hellas Verona,it Serie A,26.0,1998.0,27,8,872,9.7,1,1,2,1,0,0,1.0,1.0,1.7,2.7,0.28,22,5,22.7,2.27,0.52,0.05,0.2,0.05,224,323,69.3,3767,1289,1.0,12,30,7,1,23,15,3,3,34,24,2.47,2,0.21,23,16,8,7,8,42.9,7,30,8,8,0,438,8,14,0,0.0,239,12,1,8,10,262,27,4,0,0,15,1,0,0,0,48,15,46.9
Mikkel Kaufmann,dk DEN,FW,Heidenheim,de Bundesliga,23.0,2001.0,9,3,372,4.1,0,0,0,0,0,0,0.5,0.5,0.1,0.6,0.15,3,3,100.0,0.73,0.73,0.0,0.0,0.18,45,91,49.5,716,193,0.5,3,6,6,0,1,0,1,1,10,12,2.92,1,0.24,6,4,1,3,2,40.0,2,8,7,4,0,139,6,12,2,28.6,77,4,4,11,2,99,21,2,0,0,5,3,1,0,0,13,17,47.2
Joachim Kayi Sanda,fr FRA,DF,Southampton,eng Premier League,17.0,2006.0,2,0,14,0.2,0,0,0,0,0,0,0.0,0.0,0.0,0.0,0.0,0,0,,0.0,0.0,,,,15,15,100.0,304,57,0.0,0,0,0,0,0,0,0,0,1,0,0.0,0,0.0,0,0,0,0,0,,2,2,0,0,0,19,1,1,0,,14,0,0,1,0,15,0,0,0,0,0,0,0,0,0,0,0,0.0
Michael Kayode,it ITA,DF,Brentford,eng Premier League,20.0,2004.0,12,6,528,5.9,0,1,1,0,0,0,0.2,0.2,1.2,1.5,0.25,2,0,0.0,0.34,0.0,0.0,,0.1,184,241,76.3,3294,961,0.7,8,12,3,2,10,0,0,0,12,19,3.24,3,0.51,17,11,12,5,0,69.2,7,24,19,3,0,313,23,13,9,50.0,144,12,3,13,3,143,24,2,0,0,8,1,0,0,0,34,9,69.2
Michael Kayode,it ITA,"DF,FW",Fiorentina,it Serie A,20.0,2004.0,5,1,127,1.4,0,0,0,0,0,0,0.1,0.1,0.2,0.3,0.21,1,0,0.0,0.71,0.0,0.0,,0.1,43,68,63.2,688,215,0.0,1,4,1,0,6,0,0,0,8,4,2.83,0,0.0,1,1,1,0,0,,2,3,7,4,0,88,5,2,3,50.0,42,3,1,1,3,43,6,0,0,0,1,0,0,0,0,6,2,100.0
Moise Kean,it ITA,FW,Fiorentina,it Serie A,24.0,2000.0,31,30,2615,29.1,17,3,20,16,1,2,19.4,17.9,1.9,19.7,0.71,98,45,45.9,3.37,1.55,0.16,0.36,0.18,228,326,69.9,3457,552,1.1,19,15,10,1,8,1,1,5,26,57,1.9,7,0.23,7,5,1,2,4,75.0,5,12,26,15,1,700,28,132,44,43.6,454,42,32,97,53,541,143,5,0,0,40,5,0,1,0,52,51,51.5
Michael Keane,eng ENG,DF,Everton,eng Premier League,31.0,1993.0,14,11,1049,11.7,3,0,3,3,0,0,0.6,0.6,0.1,0.7,0.06,10,4,40.0,0.86,0.34,0.3,0.75,0.06,312,377,82.8,7049,2396,0.0,2,21,0,0,1,0,0,12,14,6,0.51,0,0.0,12,9,8,2,2,53.3,16,28,65,7,2,513,106,17,0,0.0,229,1,0,2,2,286,3,5,0,0,9,0,0,0,0,26,26,56.5
Yassine Kechta,ma MAR,"MF,FW",Le Havre,fr Ligue 1,22.0,2002.0,31,25,2096,23.3,2,0,2,2,0,0,2.5,2.5,1.2,3.7,0.16,29,9,31.0,1.25,0.39,0.07,0.22,0.09,599,756,79.2,10281,3000,1.4,15,60,18,5,36,11,2,8,97,48,2.06,4,0.17,60,36,32,21,7,42.3,26,86,32,15,2,1014,29,27,13,37.1,533,44,4,35,24,627,85,4,0,0,42,10,1,0,0,113,10,27.0
Thilo Kehrer,de GER,DF,Monaco,fr Ligue 1,27.0,1996.0,27,27,2383,26.5,4,0,4,4,0,0,1.5,1.5,0.3,1.8,0.07,12,8,66.7,0.45,0.3,0.33,0.5,0.12,1622,1804,89.9,29814,12429,0.5,5,125,1,0,2,0,1,7,139,26,0.98,3,0.11,37,23,26,11,0,57.9,36,73,113,7,1,2060,187,17,1,33.3,1193,16,0,6,2,1419,2,1,0,0,23,0,0,0,0,132,54,61.4
Abdoulaye Keita,es ESP,"FW,MF",Getafe,es La Liga,21.0,2002.0,3,1,95,1.1,0,0,0,0,0,0,0.0,0.0,0.0,0.0,0.05,2,0,0.0,1.89,0.0,0.0,,0.02,15,27,55.6,257,66,0.1,0,3,1,1,1,0,0,1,2,1,0.95,0,0.0,2,2,0,1,1,50.0,0,2,3,1,0,41,3,1,1,33.3,22,1,0,3,3,25,4,0,0,0,6,0,0,0,0,6,3,50.0
Mandela Keita,be BEL,MF,Parma,it Serie A,22.0,2002.0,30,24,1826,20.3,0,2,2,0,0,0,0.1,0.1,1.0,1.2,0.06,5,4,80.0,0.25,0.2,0.0,0.0,0.03,660,729,90.5,11055,2730,0.8,15,55,3,0,0,0,2,2,50,33,1.63,4,0.2,44,25,13,25,6,51.4,21,65,29,6,2,907,48,0,17,54.8,558,13,0,30,18,579,5,6,1,1,28,2,0,1,0,94,14,50.0
Yannik Keitel,de GER,MF,Stuttgart,de Bundesliga,24.0,2000.0,11,2,270,3.0,0,0,0,0,0,0,0.5,0.5,0.0,0.6,0.19,5,2,40.0,1.67,0.67,0.0,0.0,0.11,156,190,82.1,2404,735,0.1,1,17,3,0,2,0,0,1,11,2,0.67,0,0.0,9,6,3,5,1,90.0,4,13,6,5,0,225,7,4,1,100.0,105,2,1,2,1,164,3,1,0,0,2,0,0,0,0,7,4,50.0
Andu Kelati,de GER,"MF,DF",Holstein Kiel,de Bundesliga,21.0,2002.0,8,2,288,3.2,1,1,2,1,0,0,0.9,0.9,0.8,1.7,0.53,6,3,50.0,1.87,0.94,0.17,0.33,0.14,95,123,77.2,1834,544,0.3,4,12,3,2,6,0,1,0,19,9,2.81,1,0.31,7,4,2,4,1,40.0,3,10,3,5,0,159,4,9,3,75.0,88,3,0,8,4,106,11,2,1,1,4,0,0,0,0,19,0,0.0
Thomas Keller,de GER,"DF,MF",Heidenheim,de Bundesliga,24.0,1999.0,6,2,148,1.6,0,0,0,0,0,0,0.0,0.0,0.0,0.0,0.01,1,0,0.0,0.61,0.0,0.0,,0.02,71,89,79.8,1388,474,0.0,0,5,0,0,0,0,0,0,6,1,0.61,0,0.0,6,5,5,1,0,66.7,4,10,11,0,0,115,11,0,0,,51,0,0,2,0,71,0,2,0,0,6,0,0,0,0,3,4,50.0
Lloyd Kelly,eng ENG,DF,Newcastle Utd,eng Premier League,25.0,1998.0,10,4,303,3.4,0,1,1,0,0,0,0.4,0.4,0.5,0.9,0.26,3,0,0.0,0.89,0.0,0.0,,0.14,146,181,80.7,2636,867,0.1,2,6,1,1,1,0,0,0,9,2,0.59,1,0.3,5,4,4,1,0,100.0,1,6,17,5,0,215,26,4,2,66.7,120,0,0,3,2,129,5,2,0,0,5,0,0,0,0,19,6,75.0
Lloyd Kelly,eng ENG,DF,Juventus,it Serie A,25.0,1998.0,12,11,1013,11.3,0,0,0,0,0,0,0.4,0.4,0.1,0.5,0.05,7,1,14.3,0.62,0.09,0.0,0.0,0.06,559,673,83.1,9185,2902,0.3,3,54,2,0,14,0,1,2,36,12,1.07,0,0.0,15,11,5,9,1,77.8,2,17,56,13,3,797,92,18,0,0.0,433,10,0,9,3,520,26,1,0,0,14,0,0,0,0,55,36,59.0
Aljoscha Kemlein,de GER,MF,Union Berlin,de Bundesliga,19.0,2004.0,15,11,922,10.2,1,0,1,1,0,0,0.9,0.9,0.6,1.5,0.15,11,3,27.3,1.07,0.29,0.09,0.33,0.09,351,465,75.5,5960,1692,0.7,10,28,6,1,5,3,0,4,42,21,2.05,2,0.2,10,4,4,5,1,35.7,6,16,15,8,0,549,16,18,6,66.7,260,5,1,11,1,329,19,3,0,0,15,0,0,1,0,58,19,57.6
Marc-Oliver Kempf,de GER,DF,Como,it Serie A,29.0,1995.0,31,30,2615,29.1,0,0,0,0,0,0,1.6,1.6,1.2,2.7,0.09,20,4,20.0,0.69,0.14,0.0,0.0,0.08,1498,1718,87.2,26411,9892,1.2,10,116,9,1,4,0,3,14,85,34,1.17,2,0.07,30,20,15,14,1,54.2,33,63,136,12,4,2010,305,26,4,80.0,1136,17,1,12,5,1313,4,6,1,1,21,0,0,0,0,106,108,73.5
Kenedy,br BRA,"MF,FW",Valladolid,es La Liga,28.0,1996.0,2,0,9,0.1,0,0,0,0,0,0,0.0,0.0,0.0,0.0,0.29,1,0,0.0,10.0,0.0,0.0,,0.03,1,2,50.0,10,0,0.0,0,0,0,0,0,0,0,0,0,0,0.0,0,0.0,0,0,0,0,0,,0,0,0,0,0,5,0,2,0,0.0,4,1,0,0,1,3,2,0,0,0,0,0,0,0,0,1,0,
Luca Kerber,de GER,"MF,DF",Heidenheim,de Bundesliga,22.0,2002.0,23,7,783,8.7,2,0,2,2,0,0,0.6,0.6,0.7,1.3,0.15,7,5,71.4,0.8,0.57,0.29,0.4,0.09,182,247,73.7,3338,795,0.4,6,10,5,1,3,0,1,1,16,9,1.03,1,0.11,26,16,17,8,1,51.6,5,31,25,3,1,364,33,11,1,20.0,175,1,1,12,4,199,12,4,0,0,22,1,0,0,0,27,11,39.3
Milos Kerkez,hu HUN,DF,Bournemouth,eng Premier League,20.0,2003.0,38,38,3336,37.1,2,5,7,2,0,0,0.6,0.5,3.9,4.4,0.12,19,5,26.3,0.51,0.13,0.11,0.4,0.03,1346,1776,75.8,20911,6878,2.6,35,87,41,27,142,7,2,3,159,83,2.24,9,0.24,52,26,25,20,7,63.2,45,97,106,55,4,2158,112,69,22,45.8,1094,106,16,49,22,1196,197,4,0,0,30,5,0,0,0,169,28,36.4
Reda Khadra,de GER,"MF,FW",Reims,fr Ligue 1,23.0,2001.0,4,0,78,0.9,0,0,0,0,0,0,0.0,0.0,0.0,0.0,0.03,0,0,,0.0,0.0,,,,22,30,73.3,338,98,0.0,1,1,1,0,3,0,1,0,4,2,2.25,0,0.0,1,1,1,0,0,0.0,0,1,1,0,0,38,1,1,4,57.1,28,4,0,1,0,25,7,0,0,0,0,0,0,0,0,7,0,
Bilal El Khannouss,ma MAR,"MF,FW",Leicester City,eng Premier League,20.0,2004.0,32,27,2182,24.2,2,3,5,2,0,0,1.3,1.3,4.6,5.8,0.24,30,7,23.3,1.24,0.29,0.07,0.29,0.04,798,1063,75.1,14413,4123,3.1,42,89,31,6,89,36,11,8,128,78,3.22,7,0.29,50,30,16,29,5,53.1,6,56,10,26,3,1268,18,35,34,56.7,732,73,12,38,38,851,89,4,0,0,30,3,0,0,0,92,19,44.2
Wahbi Khazri,tn TUN,"FW,MF",Montpellier,fr Ligue 1,33.0,1991.0,30,10,1118,12.4,1,1,2,1,0,0,2.3,2.3,2.2,4.4,0.37,36,6,16.7,2.9,0.48,0.03,0.17,0.06,229,337,68.0,3894,1196,1.8,18,27,8,5,48,20,3,5,33,39,3.27,2,0.17,25,18,5,16,4,38.1,5,30,7,13,0,486,14,34,7,26.9,259,24,10,21,25,306,53,4,0,0,23,4,0,0,0,44,8,27.6
Rani Khedira,de GER,MF,Union Berlin,de Bundesliga,30.0,1994.0,32,31,2723,30.3,1,1,2,1,0,0,1.4,1.4,0.6,2.1,0.07,14,1,7.1,0.46,0.03,0.07,1.0,0.1,700,950,73.7,9960,3196,1.0,12,66,10,3,22,0,1,1,80,33,1.09,2,0.07,68,40,30,35,3,63.2,44,112,55,23,0,1246,81,30,5,45.5,506,12,2,24,10,617,34,7,0,0,45,0,0,1,0,108,42,50.0
Abdukodir Khusanov,uz UZB,DF,Manchester City,eng Premier League,20.0,2004.0,6,6,503,5.6,0,0,0,0,0,0,0.0,0.0,0.1,0.1,0.02,1,0,0.0,0.18,0.0,0.0,,0.02,360,395,91.1,6126,1976,0.1,2,23,0,0,1,0,0,1,25,5,0.89,0,0.0,5,4,4,1,0,66.7,3,8,29,3,1,445,45,1,0,0.0,274,1,0,2,1,332,2,1,0,0,3,0,0,0,1,27,6,60.0
Abdukodir Khusanov,uz UZB,DF,Lens,fr Ligue 1,20.0,2004.0,13,11,975,10.8,0,0,0,0,0,0,0.2,0.2,0.3,0.6,0.05,6,4,66.7,0.55,0.37,0.0,0.0,0.04,483,548,88.1,8942,3769,0.2,2,39,4,1,5,0,0,3,43,11,1.02,0,0.0,15,11,9,5,1,63.6,26,41,57,3,0,683,90,4,1,100.0,339,2,0,5,1,392,6,2,1,0,13,0,0,1,0,50,27,69.2
Kialonda,ao ANG,DF,Lecce,it Serie A,26.0,1997.0,24,24,2144,23.8,0,1,1,0,0,0,1.1,1.1,0.4,1.6,0.07,16,0,0.0,0.67,0.0,0.0,,0.07,801,926,86.5,17161,5538,0.7,6,29,0,0,3,0,0,5,34,15,0.63,1,0.04,34,12,24,10,0,70.6,32,66,132,5,1,1229,206,32,8,80.0,572,4,1,14,1,719,5,3,0,0,9,0,0,1,0,58,90,67.2
Kiké,es ESP,FW,Alavés,es La Liga,34.0,1989.0,35,29,2542,28.2,13,0,13,10,3,3,9.6,7.2,0.9,8.2,0.37,60,24,40.0,2.12,0.85,0.17,0.42,0.12,384,588,65.3,5279,915,1.6,13,30,6,1,13,0,4,6,50,38,1.35,4,0.14,19,14,1,12,6,35.3,1,20,23,18,0,894,24,120,13,37.1,548,25,10,98,42,719,158,5,1,1,49,6,1,0,0,90,110,52.4
Max Kilman,eng ENG,DF,West Ham,eng Premier League,27.0,1997.0,38,38,3348,37.2,0,1,1,0,0,0,1.6,1.6,1.2,2.8,0.08,13,2,15.4,0.35,0.05,0.0,0.0,0.13,1697,1958,86.7,32592,10820,1.2,16,109,4,0,4,0,0,12,113,32,0.86,5,0.13,39,24,16,20,3,85.2,38,77,212,9,6,2374,464,32,16,72.7,1270,31,2,17,4,1581,6,5,0,0,23,0,0,0,0,146,113,67.3
Joshua Kimmich,de GER,MF,Bayern Munich,de Bundesliga,29.0,1995.0,33,32,2847,31.6,3,7,10,3,0,0,1.8,1.8,7.4,9.2,0.29,34,10,29.4,1.07,0.32,0.09,0.3,0.05,3269,3652,89.5,58907,17234,10.5,83,437,53,10,176,117,21,42,362,159,5.03,18,0.57,47,29,11,29,7,60.0,25,72,34,30,3,3867,72,19,12,54.5,2399,51,1,21,7,3047,77,4,0,0,15,1,0,0,0,190,12,57.1
Presnel Kimpembe,fr FRA,DF,Paris S-G,fr Ligue 1,28.0,1995.0,2,0,23,0.3,0,0,0,0,0,0,0.0,0.0,0.0,0.0,0.0,0,0,,0.0,0.0,,,,18,18,100.0,334,114,0.0,0,0,0,0,0,0,0,0,1,0,0.0,0,0.0,1,0,1,0,0,,0,1,1,0,0,24,5,0,0,,12,0,0,0,0,16,0,0,0,0,0,0,0,0,0,3,0,
Joshua King,eng ENG,MF,Fulham,eng Premier League,17.0,2007.0,8,1,130,1.4,0,0,0,0,0,0,0.3,0.3,0.4,0.7,0.51,3,0,0.0,2.08,0.0,0.0,,0.11,54,64,84.4,928,172,0.7,3,5,2,0,2,0,0,1,9,8,5.54,2,1.38,7,5,3,4,0,0.0,1,8,1,3,0,87,2,10,4,50.0,44,3,0,1,6,60,16,0,0,0,3,0,0,0,0,5,1,33.3
Joshua King,no NOR,"FW,MF",Toulouse,fr Ligue 1,32.0,1992.0,28,21,1673,18.6,6,3,9,6,0,0,6.6,6.6,2.0,8.7,0.47,50,20,40.0,2.69,1.08,0.12,0.3,0.13,253,358,70.7,3233,592,1.6,17,13,10,1,9,0,0,1,29,31,1.67,4,0.22,11,11,4,4,3,41.7,6,17,19,8,0,574,22,94,35,54.7,307,39,15,47,33,393,108,2,0,0,35,2,1,0,0,60,35,40.7
Cédric Kipré,ci CIV,DF,Reims,fr Ligue 1,27.0,1996.0,28,26,2190,24.3,0,1,1,0,0,0,0.6,0.6,1.3,2.0,0.08,9,1,11.1,0.37,0.04,0.0,0.0,0.07,1148,1292,88.9,21071,7534,1.4,10,86,10,4,12,0,3,5,77,31,1.27,3,0.12,42,30,30,11,1,74.4,32,74,162,2,2,1596,239,16,10,83.3,925,16,0,15,3,1063,3,4,2,0,24,0,0,1,0,73,41,63.1
Jakub Kiwior,pl POL,DF,Arsenal,eng Premier League,24.0,2000.0,17,10,1122,12.5,1,0,1,1,0,0,0.2,0.2,0.3,0.5,0.04,3,1,33.3,0.24,0.08,0.33,1.0,0.06,673,736,91.4,11598,3392,0.3,5,65,3,0,2,0,3,1,48,8,0.64,0,0.0,22,8,13,7,2,73.3,6,28,58,1,3,846,100,5,3,60.0,492,5,1,3,2,615,1,1,0,0,10,0,0,0,0,31,11,45.8
Tim Kleindienst,de GER,FW,Gladbach,de Bundesliga,28.0,1995.0,31,31,2737,30.4,16,7,23,15,1,2,13.6,11.9,6.2,18.0,0.65,73,36,49.3,2.4,1.18,0.21,0.42,0.16,466,765,60.9,6509,1615,4.0,29,30,22,1,16,0,7,6,63,68,2.24,14,0.46,30,15,6,15,9,28.6,12,42,66,43,1,1149,74,137,14,37.8,545,45,24,82,42,797,145,5,1,1,75,4,2,1,0,74,149,54.8
Lukas Klostermann,de GER,DF,RB Leipzig,de Bundesliga,28.0,1996.0,28,20,1838,20.4,1,0,1,1,0,0,0.3,0.3,0.1,0.4,0.02,4,2,50.0,0.2,0.1,0.25,0.5,0.08,1071,1211,88.4,18474,6021,0.7,2,80,7,1,11,0,0,1,83,17,0.83,2,0.1,27,14,18,7,2,58.3,24,51,143,18,3,1472,161,13,4,80.0,752,16,1,9,0,988,26,5,0,0,13,0,0,0,0,74,20,40.0
Justin Kluivert,nl NED,MF,Bournemouth,eng Premier League,25.0,1999.0,34,29,2340,26.0,12,6,18,6,6,6,10.3,5.6,4.8,10.5,0.58,57,23,40.4,2.19,0.88,0.11,0.26,0.1,582,782,74.4,8844,2330,3.7,45,45,35,6,85,35,5,6,105,101,3.88,12,0.46,23,11,4,11,8,18.2,14,37,24,18,1,1086,24,134,36,41.4,646,81,38,55,27,710,173,8,0,0,47,5,1,0,0,78,8,22.2
Ansgar Knauff,de GER,"MF,DF",Eint Frankfurt,de Bundesliga,22.0,2002.0,30,18,1597,17.7,4,5,9,4,0,0,4.9,4.9,5.2,10.0,0.57,30,9,30.0,1.69,0.51,0.13,0.44,0.16,363,544,66.7,5092,1811,4.5,27,17,24,6,32,0,4,0,58,62,3.5,10,0.56,41,22,18,16,7,46.2,12,53,24,21,0,775,20,75,26,46.4,435,53,19,47,17,477,146,3,0,0,27,6,0,0,0,76,19,41.3
Magnus Knudsen,no NOR,MF,Holstein Kiel,de Bundesliga,23.0,2001.0,31,22,1850,20.6,0,1,1,0,0,0,0.7,0.7,1.3,2.0,0.1,12,4,33.3,0.58,0.19,0.0,0.0,0.06,656,781,84.0,11194,3078,2.0,8,39,11,2,8,1,1,1,54,32,1.56,4,0.19,48,29,21,21,6,56.8,12,60,44,13,0,987,60,9,9,56.3,488,16,2,26,10,613,25,7,0,0,28,4,0,0,0,79,10,26.3
Robin Koch,de GER,DF,Eint Frankfurt,de Bundesliga,28.0,1996.0,30,30,2586,28.7,3,0,3,3,0,0,1.7,1.7,0.2,2.0,0.07,15,6,40.0,0.52,0.21,0.2,0.5,0.12,1631,1799,90.7,30310,10229,0.5,7,98,5,0,1,0,0,6,93,21,0.73,4,0.14,24,11,14,8,2,45.5,25,49,197,16,4,2148,399,29,1,33.3,1244,9,0,12,3,1397,4,3,0,0,24,0,0,1,0,112,102,68.0
Magnus Kofod Andersen,dk DEN,MF,Venezia,it Serie A,25.0,1999.0,14,7,695,7.7,1,1,2,1,0,0,0.3,0.3,0.5,0.7,0.1,8,2,25.0,1.04,0.26,0.13,0.5,0.03,247,309,79.9,3986,1038,0.6,9,18,3,0,16,9,0,1,24,20,2.59,3,0.39,13,4,3,9,1,40.0,6,19,12,3,0,370,14,8,2,50.0,230,7,0,8,6,238,18,1,0,0,7,1,0,0,0,31,8,53.3
Derrick Köhn,de GER,"DF,FW",Werder Bremen,de Bundesliga,25.0,1999.0,27,14,1343,14.9,2,2,4,2,0,0,0.7,0.7,1.6,2.4,0.16,13,4,30.8,0.87,0.27,0.15,0.5,0.06,581,733,79.3,8631,2102,2.0,16,22,16,6,58,5,1,2,39,38,2.55,4,0.27,20,10,7,10,3,71.4,10,30,26,28,0,908,34,31,15,36.6,549,36,7,23,12,587,122,2,0,0,14,3,0,0,0,57,8,38.1
Dominik Kohr,de GER,"DF,MF",Mainz 05,de Bundesliga,30.0,1994.0,28,28,2295,25.5,2,0,2,2,0,0,1.6,1.6,0.6,2.1,0.08,13,5,38.5,0.51,0.2,0.15,0.4,0.14,1109,1368,81.1,20892,7386,1.7,11,76,13,3,16,0,5,11,101,29,1.14,2,0.08,62,46,34,21,7,63.6,42,104,127,21,0,1693,220,22,5,55.6,835,26,4,20,7,998,31,11,1,0,46,0,0,2,0,99,38,52.8
Koka,eg EGY,FW,Le Havre,fr Ligue 1,31.0,1993.0,16,10,851,9.5,3,1,4,2,1,1,4.9,4.2,0.6,4.8,0.59,20,8,40.0,2.12,0.85,0.1,0.25,0.21,132,169,78.1,2080,292,0.7,5,8,2,0,0,0,0,8,12,11,1.16,3,0.32,4,1,1,3,0,0.0,4,8,6,4,1,232,6,31,6,50.0,114,0,0,6,12,159,20,2,0,0,14,0,0,0,0,24,20,48.8
Koke,es ESP,MF,Atlético Madrid,es La Liga,32.0,1992.0,32,20,1926,21.4,1,1,2,1,0,0,1.1,1.1,1.4,2.5,0.12,11,4,36.4,0.51,0.19,0.09,0.25,0.1,1444,1640,88.0,22797,7027,2.2,16,134,22,6,22,12,3,6,132,51,2.38,5,0.23,46,23,18,22,6,48.8,20,66,29,16,2,1829,52,10,9,40.9,1138,22,0,15,8,1339,18,4,0,0,23,0,0,0,1,122,8,47.1
Sead Kolašinac,ba BIH,DF,Atalanta,it Serie A,31.0,1993.0,23,23,1903,21.1,0,2,2,0,0,0,0.8,0.8,1.8,2.6,0.12,10,2,20.0,0.47,0.09,0.0,0.0,0.08,1115,1275,87.5,17226,6037,1.5,17,105,12,2,10,0,0,1,142,37,1.75,4,0.19,41,26,21,20,0,53.3,25,66,53,17,1,1458,71,27,3,20.0,878,52,2,17,16,1001,47,7,0,0,38,1,0,0,1,135,34,56.7
Randal Kolo Muani,fr FRA,FW,Juventus,it Serie A,25.0,1998.0,16,13,1160,12.9,8,1,9,7,1,1,4.7,3.9,1.6,5.5,0.49,25,13,52.0,1.94,1.01,0.28,0.54,0.16,151,216,69.9,1910,347,0.8,17,8,9,0,8,0,2,1,20,27,2.09,3,0.23,11,7,3,5,3,80.0,4,15,2,7,0,364,3,71,18,40.9,213,21,14,41,23,269,100,0,0,0,27,1,0,0,0,33,10,27.0
Randal Kolo Muani,fr FRA,FW,Paris S-G,fr Ligue 1,25.0,1998.0,10,2,358,4.0,2,1,3,1,1,1,4.7,3.9,0.9,4.7,1.39,15,6,40.0,3.77,1.51,0.07,0.17,0.26,57,78,73.1,755,123,0.6,5,0,3,0,0,0,2,1,5,13,3.27,3,0.75,4,4,1,1,2,0.0,0,4,5,3,0,132,5,31,7,50.0,78,8,5,11,10,104,35,0,0,0,7,1,1,0,0,8,9,75.0
Marco Komenda,hr CRO,DF,Holstein Kiel,de Bundesliga,27.0,1996.0,19,17,1307,14.5,0,0,0,0,0,0,0.1,0.1,0.8,0.9,0.06,3,0,0.0,0.21,0.0,0.0,,0.03,592,751,78.8,11619,5591,0.8,9,66,9,5,16,0,1,2,53,23,1.58,1,0.07,26,17,12,13,1,73.3,6,32,68,6,0,905,109,11,1,100.0,440,13,1,3,0,596,16,3,0,0,16,0,0,0,0,37,15,32.6
Mert Kömür,de GER,MF,Augsburg,de Bundesliga,19.0,2005.0,20,5,654,7.3,2,1,3,2,0,0,1.1,1.1,1.5,2.6,0.36,13,7,53.8,1.79,0.96,0.15,0.29,0.09,159,221,71.9,2402,734,1.3,13,3,2,1,26,21,0,0,11,25,3.44,1,0.14,3,2,2,0,1,0.0,3,6,7,10,1,313,8,17,12,54.5,185,18,4,22,23,217,46,1,0,0,7,1,0,0,0,32,11,37.9
Ibrahima Konaté,fr FRA,DF,Liverpool,eng Premier League,25.0,1999.0,31,30,2560,28.4,1,2,3,1,0,0,1.7,1.7,1.0,2.7,0.1,19,3,15.8,0.67,0.11,0.05,0.33,0.09,1718,1905,90.2,31820,10824,0.9,10,143,9,0,0,0,1,5,115,31,1.09,7,0.25,40,26,25,13,2,71.4,17,57,133,9,3,2185,223,23,3,50.0,1290,25,0,8,2,1576,3,5,0,0,27,0,0,0,0,98,74,71.8
Ismael Konate,ci CIV,"FW,MF",Empoli,it Serie A,18.0,2006.0,12,0,116,1.3,0,1,1,0,0,0,0.2,0.2,0.0,0.2,0.19,3,2,66.7,2.33,1.55,0.0,0.0,0.07,15,33,45.5,244,47,0.0,2,2,0,0,1,0,0,1,2,3,2.31,1,0.77,4,2,4,0,0,66.7,0,4,1,1,0,51,3,4,2,100.0,23,5,2,5,1,35,7,0,0,0,5,0,0,0,0,3,5,38.5
Geoffrey Kondogbia,cf CTA,"DF,MF",Marseille,fr Ligue 1,31.0,1993.0,25,22,2020,22.4,0,0,0,0,0,0,0.5,0.5,0.2,0.7,0.03,8,1,12.5,0.36,0.04,0.0,0.0,0.06,1668,1803,92.5,26671,8282,1.1,5,120,13,2,4,0,2,3,105,24,1.07,0,0.0,60,38,31,26,3,79.4,22,82,64,10,4,2013,155,15,10,66.7,1301,20,0,13,13,1550,11,1,0,0,19,0,0,0,0,108,27,64.3
Abdoul Koné,fr FRA,DF,Reims,fr Ligue 1,19.0,2005.0,4,1,133,1.5,0,0,0,0,0,0,0.0,0.0,0.0,0.0,0.0,0,0,,0.0,0.0,,,,44,65,67.7,881,175,0.0,0,1,0,0,0,0,0,0,3,1,0.68,0,0.0,5,3,4,1,0,60.0,1,6,5,6,0,86,11,1,1,50.0,39,0,0,5,1,42,1,0,0,0,3,0,0,0,0,7,2,100.0
Amadou Koné,ml MLI,MF,Reims,fr Ligue 1,19.0,2005.0,24,17,1293,14.4,0,0,0,0,0,0,0.5,0.5,0.3,0.9,0.06,14,4,28.6,0.97,0.28,0.0,0.0,0.04,518,602,86.0,8977,2485,0.5,8,53,8,0,3,0,3,3,68,28,1.95,2,0.14,49,32,32,16,1,62.9,19,68,38,3,2,788,61,3,15,60.0,469,19,0,19,12,526,12,3,1,0,19,1,0,1,0,79,22,50.0
Ismaël Koné,ca CAN,"MF,FW",Marseille,fr Ligue 1,22.0,2002.0,8,3,360,4.0,0,0,0,0,0,0,0.3,0.3,0.4,0.6,0.16,4,0,0.0,1.0,0.0,0.0,,0.07,156,180,86.7,2484,457,0.2,4,9,1,0,3,0,1,0,10,6,1.5,0,0.0,8,4,3,3,2,75.0,4,12,2,3,1,221,6,5,2,25.0,131,2,2,4,6,170,10,0,0,0,4,1,0,0,0,14,2,28.6
Ismaël Koné,ca CAN,MF,Rennes,fr Ligue 1,22.0,2002.0,13,4,469,5.2,2,1,3,2,0,0,0.2,0.2,1.3,1.5,0.28,6,3,50.0,1.15,0.58,0.33,0.67,0.03,176,208,84.6,3271,662,1.3,5,19,3,0,2,1,2,5,30,10,1.92,1,0.19,9,6,4,4,1,71.4,4,13,5,3,0,259,9,6,6,60.0,171,16,1,10,5,195,16,1,0,0,8,0,0,1,0,19,2,100.0
Manu Koné,fr FRA,MF,Roma,it Serie A,23.0,2001.0,34,31,2572,28.6,2,1,3,2,0,0,3.4,3.4,1.7,5.0,0.18,34,8,23.5,1.19,0.28,0.06,0.25,0.1,1160,1273,91.1,18915,4440,1.6,19,113,15,1,2,0,4,5,144,67,2.34,6,0.21,41,26,17,17,7,47.5,24,65,28,14,0,1555,34,40,30,41.7,1006,70,13,54,45,1181,50,6,0,0,28,6,0,1,0,131,20,37.7
Ezri Konsa,eng ENG,DF,Aston Villa,eng Premier League,26.0,1997.0,34,33,2936,32.6,2,0,2,2,0,0,1.3,1.3,0.4,1.7,0.05,11,5,45.5,0.34,0.15,0.18,0.4,0.12,1555,1673,92.9,26299,8781,0.6,6,106,2,0,5,0,6,0,90,24,0.74,3,0.09,34,18,20,10,4,80.0,24,58,114,21,4,1915,250,22,8,44.4,1132,24,2,17,10,1338,11,1,0,0,9,0,0,0,0,97,31,57.4
Teun Koopmeiners,nl NED,"MF,FW",Juventus,it Serie A,26.0,1998.0,28,23,1994,22.2,3,3,6,3,0,0,3.9,3.9,2.9,6.8,0.31,42,10,23.8,1.9,0.45,0.07,0.3,0.09,761,953,79.9,12045,3133,3.8,38,63,18,3,113,74,4,3,89,63,2.84,3,0.14,32,16,6,19,7,33.3,8,40,26,12,2,1170,38,50,10,45.5,591,32,5,40,16,790,127,3,0,0,32,2,0,0,0,51,22,50.0
Kacper Koscierski,de GER,DF,Bochum,de Bundesliga,17.0,2007.0,1,0,7,0.1,0,0,0,0,0,0,0.0,0.0,0.0,0.0,0.0,0,0,,0.0,0.0,,,,0,0,,0,0,0.0,0,0,0,0,0,0,0,0,0,0,0.0,0,0.0,0,0,0,0,0,,0,0,0,0,0,0,0,0,0,,0,0,0,0,0,0,0,0,0,0,0,0,0,0,0,0,0,
Odilon Kossounou,ci CIV,DF,Atalanta,it Serie A,23.0,2001.0,18,12,1125,12.5,0,0,0,0,0,0,0.5,0.5,0.0,0.6,0.04,6,4,66.7,0.48,0.32,0.0,0.0,0.09,599,679,88.2,10625,3587,0.2,1,53,2,0,3,0,1,3,46,7,0.56,0,0.0,16,11,8,6,2,46.2,13,29,25,6,1,790,49,15,5,41.7,456,13,4,12,3,532,14,1,0,0,15,0,0,0,0,62,23,57.5
Christian Kouamé,ci CIV,"FW,MF",Fiorentina,it Serie A,26.0,1997.0,18,5,622,6.9,0,1,1,0,0,0,1.1,1.1,1.5,2.5,0.37,11,1,9.1,1.59,0.14,0.0,0.0,0.1,137,197,69.5,2017,386,0.7,9,10,4,1,6,0,0,0,16,22,3.19,0,0.0,13,8,4,4,5,0.0,2,15,10,4,0,286,10,35,7,35.0,151,7,3,17,13,205,46,1,0,0,13,1,0,0,0,20,29,60.4
Christian Kouamé,ci CIV,"FW,MF",Empoli,it Serie A,26.0,1997.0,8,5,507,5.6,1,0,1,1,0,0,2.7,2.7,0.7,3.3,0.59,16,5,31.3,2.84,0.89,0.06,0.2,0.17,93,153,60.8,1277,304,0.6,8,9,8,1,2,0,1,2,13,23,4.08,0,0.0,5,4,0,3,2,50.0,0,5,4,2,0,217,6,22,5,38.5,114,5,1,13,7,171,39,0,0,0,7,2,0,0,0,18,48,66.7
Henri Koudossou,de GER,DF,Augsburg,de Bundesliga,24.0,1999.0,21,4,748,8.3,0,0,0,0,0,0,0.1,0.1,0.8,0.9,0.1,2,0,0.0,0.24,0.0,0.0,,0.04,283,359,78.8,4431,1567,0.8,10,10,12,6,24,0,0,0,23,18,2.17,2,0.24,18,10,6,11,1,57.9,15,33,37,10,0,469,32,12,8,47.1,220,19,4,14,2,240,48,1,0,0,7,0,0,0,0,39,8,53.3
Konstantinos Koulierakis,gr GRE,DF,Wolfsburg,de Bundesliga,20.0,2003.0,30,28,2468,27.4,0,2,2,0,0,0,1.0,1.0,1.0,1.9,0.07,22,3,13.6,0.8,0.11,0.0,0.0,0.04,1292,1557,83.0,26360,9632,0.8,10,103,12,4,13,0,1,30,104,31,1.13,4,0.15,40,20,25,13,2,62.5,33,73,147,9,2,1886,283,30,7,58.3,1049,20,0,18,2,1205,8,4,0,0,24,0,0,0,0,93,59,60.2
Emmanuel Koum Mbondo,fr FRA,DF,Marseille,fr Ligue 1,18.0,2006.0,1,0,12,0.1,0,0,0,0,0,0,0.0,0.0,0.0,0.0,0.0,0,0,,0.0,0.0,,,,8,9,88.9,101,26,0.0,0,0,0,0,0,0,0,0,0,0,0.0,0,0.0,0,0,0,0,0,,0,0,0,0,0,9,0,0,0,,4,0,0,0,1,8,0,0,0,0,0,0,0,0,0,0,0,
Jules Koundé,fr FRA,DF,Barcelona,es La Liga,25.0,1998.0,32,29,2605,28.9,2,3,5,2,0,0,1.8,1.8,3.9,5.7,0.2,18,6,33.3,0.62,0.21,0.11,0.33,0.11,1856,2140,86.7,28736,8279,3.8,32,154,29,8,63,0,6,13,165,59,2.04,7,0.24,63,43,29,23,11,66.7,20,83,68,25,2,2453,79,79,22,44.0,1287,44,7,41,13,1625,190,4,0,0,22,0,0,0,0,107,30,56.6
Boubakar Kouyaté,ml MLI,DF,Montpellier,fr Ligue 1,27.0,1997.0,11,8,756,8.4,0,0,0,0,0,0,0.5,0.5,0.0,0.5,0.06,8,0,0.0,0.95,0.0,0.0,,0.07,211,253,83.4,4030,1313,0.0,0,14,1,0,0,0,0,0,12,3,0.41,0,0.0,22,17,16,6,0,57.9,12,34,54,1,0,375,53,9,0,,174,3,0,3,0,212,0,6,1,1,15,0,0,0,0,18,22,59.5
Mateo Kovačić,hr CRO,MF,Manchester City,eng Premier League,30.0,1994.0,31,25,2198,24.4,6,2,8,6,0,0,1.9,1.9,3.6,5.5,0.23,45,12,26.7,1.84,0.49,0.13,0.5,0.04,1742,1882,92.6,27279,7278,3.2,33,206,30,0,0,0,15,8,164,73,2.99,8,0.33,69,38,23,38,8,47.7,24,93,21,14,1,2123,53,17,22,53.7,1445,56,3,19,29,1729,16,5,1,0,24,4,0,0,0,114,10,52.6
Viktor Kovalenko,ua UKR,MF,Empoli,it Serie A,28.0,1996.0,6,0,77,0.9,0,0,0,0,0,0,0.1,0.1,0.0,0.1,0.12,3,1,33.3,3.51,1.17,0.0,0.0,0.03,26,37,70.3,410,67,0.0,0,4,0,0,1,0,0,1,4,0,0.0,0,0.0,2,1,0,2,0,0.0,0,2,0,0,0,44,0,3,1,100.0,21,1,0,1,2,31,3,0,0,0,2,0,0,0,0,3,3,50.0
Mateusz Kowalski,pl POL,MF,Parma,it Serie A,19.0,2005.0,1,1,56,0.6,0,0,0,0,0,0,0.4,0.4,0.0,0.4,0.69,1,0,0.0,1.61,0.0,0.0,,0.43,8,12,66.7,95,24,0.0,0,1,0,0,0,0,0,0,0,0,0.0,0,0.0,0,0,0,0,0,,0,0,1,1,0,18,1,2,0,,9,0,0,2,2,14,2,0,0,0,1,0,0,0,0,0,0,0.0
Goduine Koyalipou,cf CTA,FW,Lens,fr Ligue 1,24.0,2000.0,15,12,885,9.8,4,0,4,4,0,0,4.8,4.8,0.8,5.6,0.57,42,14,33.3,4.27,1.42,0.1,0.29,0.12,132,189,69.8,1852,286,0.7,10,4,6,0,2,0,0,1,20,26,2.64,1,0.1,3,2,0,3,0,100.0,1,4,8,12,0,318,9,60,12,48.0,174,15,8,29,16,233,68,0,0,0,7,1,0,0,0,15,16,40.0
Caleb Kporha,eng ENG,DF,Crystal Palace,eng Premier League,18.0,2006.0,2,0,13,0.1,0,0,0,0,0,0,0.0,0.0,0.0,0.0,0.0,0,0,,0.0,0.0,,,,5,7,71.4,72,21,0.0,0,0,1,1,2,0,0,0,0,0,0.0,0,0.0,2,1,2,0,0,100.0,0,2,1,0,0,11,1,0,0,,4,1,0,0,2,3,0,0,0,0,0,0,0,0,0,1,0,0.0
Emil Krafth,se SWE,DF,Newcastle Utd,eng Premier League,29.0,1994.0,12,2,342,3.8,0,0,0,0,0,0,0.0,0.0,0.1,0.1,0.03,1,0,0.0,0.26,0.0,0.0,,0.03,124,158,78.5,2017,786,0.0,1,6,1,0,2,0,0,0,8,3,0.79,0,0.0,4,2,2,1,1,66.7,2,6,16,4,0,199,34,4,0,0.0,82,5,0,2,2,98,3,2,0,0,5,0,0,0,0,19,8,50.0
Alex Král,cz CZE,MF,Espanyol,es La Liga,26.0,1998.0,37,29,2714,30.2,0,1,1,0,0,0,1.5,1.5,1.5,3.0,0.1,21,2,9.5,0.7,0.07,0.0,0.0,0.07,602,837,71.9,10136,2618,1.6,12,74,12,4,38,4,6,6,78,42,1.39,1,0.03,55,37,28,24,3,53.3,28,83,51,30,2,1155,84,45,29,52.7,618,49,7,52,29,684,79,1,0,0,31,4,0,0,0,127,38,57.6
Andrej Kramarić,hr CRO,"MF,FW",Hoffenheim,de Bundesliga,33.0,1991.0,32,32,2767,30.7,11,8,19,8,3,3,11.8,9.5,4.3,13.7,0.52,66,23,34.8,2.15,0.75,0.12,0.35,0.15,1021,1314,77.7,15494,4102,5.7,49,101,38,15,116,44,5,5,143,102,3.32,14,0.46,15,8,5,8,2,54.5,7,22,11,34,1,1554,11,131,20,42.6,938,75,22,46,38,1153,202,4,0,0,12,2,0,0,0,136,8,25.8
Frans Krätzig,de GER,"DF,MF",Heidenheim,de Bundesliga,21.0,2003.0,16,15,1217,13.5,1,2,3,1,0,0,0.6,0.6,1.8,2.5,0.18,9,3,33.3,0.67,0.22,0.11,0.33,0.07,419,552,75.9,6940,2169,1.8,28,28,14,5,38,24,1,1,37,45,3.33,2,0.15,32,18,14,12,6,57.1,17,49,15,12,0,676,23,26,9,45.0,372,25,6,21,8,403,57,1,0,0,7,0,0,1,0,60,3,42.9
Frans Krätzig,de GER,DF,Stuttgart,de Bundesliga,21.0,2003.0,1,1,56,0.6,0,0,0,0,0,0,0.0,0.0,0.0,0.0,0.0,0,0,,0.0,0.0,,,,36,41,87.8,510,123,0.0,0,3,0,0,1,0,0,0,2,0,0.0,0,0.0,2,1,1,0,1,33.3,0,2,1,0,0,48,4,0,0,,30,0,0,1,0,33,2,0,0,0,1,0,0,0,0,3,1,100.0
Tom Krauß,de GER,MF,Bochum,de Bundesliga,23.0,2001.0,14,13,1077,12.0,0,0,0,0,0,0,0.4,0.4,0.7,1.1,0.09,11,2,18.2,0.92,0.17,0.0,0.0,0.03,492,615,80.0,8962,2811,1.0,12,76,9,0,10,1,1,3,84,40,3.34,1,0.08,35,18,20,13,2,50.0,11,46,19,13,1,768,23,8,12,52.2,430,16,1,23,7,461,20,2,0,0,14,5,0,0,0,78,9,52.9
Ladislav Krejčí,cz CZE,DF,Girona,es La Liga,25.0,1999.0,28,27,2440,27.1,2,0,2,2,0,0,1.7,1.7,0.3,2.0,0.07,18,5,27.8,0.66,0.18,0.11,0.4,0.09,1924,2135,90.1,35129,12417,0.8,8,150,12,2,11,0,3,8,144,29,1.07,4,0.15,23,16,19,4,0,53.8,34,57,93,7,5,2351,259,28,7,58.3,1523,29,1,15,8,1805,6,9,0,0,24,1,1,0,1,101,55,69.6
Rasmus Kristensen,dk DEN,DF,Eint Frankfurt,de Bundesliga,27.0,1997.0,30,28,2513,27.9,5,3,8,5,0,0,2.5,2.5,3.1,5.6,0.2,24,8,33.3,0.86,0.29,0.21,0.63,0.1,1263,1626,77.7,20684,8380,4.8,20,134,35,9,59,0,2,9,172,60,2.15,10,0.36,59,33,37,17,5,59.7,20,79,97,38,1,1955,125,61,22,44.9,1084,51,9,37,15,1218,162,4,0,0,24,2,0,0,0,121,44,59.5
Thomas Kristensen,dk DEN,DF,Udinese,it Serie A,22.0,2002.0,24,19,1754,19.5,1,0,1,1,0,0,0.9,0.9,0.3,1.2,0.06,4,1,25.0,0.21,0.05,0.25,1.0,0.23,757,947,79.9,14606,5161,0.6,4,66,7,2,10,0,1,3,76,17,0.87,1,0.05,31,21,16,11,4,62.5,21,52,80,17,2,1144,105,14,10,76.9,618,19,1,16,9,693,19,5,0,0,31,0,0,1,0,63,61,65.6
Nikola Krstović,me MNE,FW,Lecce,it Serie A,24.0,2000.0,37,37,3057,34.0,11,5,16,9,2,3,12.1,9.7,2.9,12.6,0.44,134,38,28.4,3.95,1.12,0.07,0.24,0.07,434,654,66.4,6532,1347,1.7,30,38,15,1,8,0,4,4,56,87,2.56,7,0.21,18,9,4,7,7,43.8,7,25,24,28,0,1051,30,152,17,26.2,571,42,24,86,40,786,149,6,0,0,57,5,0,0,0,72,91,41.6
Lukas Kübler,de GER,DF,Freiburg,de Bundesliga,31.0,1992.0,28,22,1842,20.5,5,1,6,5,0,0,2.7,2.7,0.8,3.5,0.17,18,10,55.6,0.88,0.49,0.28,0.5,0.15,800,1037,77.1,13701,4401,1.1,11,77,15,5,30,0,0,3,78,26,1.27,4,0.2,40,21,17,20,3,56.3,53,93,61,15,3,1268,75,26,0,0.0,519,24,3,12,7,681,49,5,0,0,25,0,0,0,0,73,42,65.6
Takefusa Kubo,jp JPN,"MF,FW",Real Sociedad,es La Liga,23.0,2001.0,36,27,2372,26.4,5,0,5,5,0,0,3.6,3.6,4.5,8.0,0.31,43,14,32.6,1.63,0.53,0.12,0.36,0.08,694,962,72.1,9938,2961,3.8,45,59,45,11,85,28,7,2,110,114,4.33,8,0.3,31,20,11,11,9,40.0,17,48,13,43,1,1341,10,118,75,47.8,878,133,57,89,48,988,218,5,0,0,21,9,1,0,0,118,11,36.7
Mohammed Kudus,gh GHA,"FW,MF",West Ham,eng Premier League,23.0,2000.0,32,31,2590,28.8,5,3,8,5,0,0,6.9,6.9,3.1,10.0,0.35,75,21,28.0,2.61,0.73,0.07,0.24,0.09,715,855,83.6,11695,1800,2.7,31,46,29,15,81,1,2,13,79,107,3.72,10,0.35,38,23,9,18,11,37.0,4,42,8,29,2,1274,13,127,92,44.2,842,98,42,77,93,989,216,2,1,0,39,2,0,0,0,138,11,21.6
Dejan Kulusevski,se SWE,"MF,FW",Tottenham,eng Premier League,24.0,2000.0,32,27,2389,26.5,7,4,11,7,0,0,4.2,4.2,6.2,10.4,0.39,47,17,36.2,1.77,0.64,0.15,0.41,0.09,658,893,73.7,9216,2920,3.9,65,62,52,6,89,62,11,1,124,128,4.82,9,0.34,45,23,17,13,15,37.3,13,58,10,42,1,1276,24,158,38,32.5,823,120,40,77,74,895,210,3,0,0,48,3,0,0,0,121,10,40.0
Sael Kumbedi,fr FRA,DF,Lyon,fr Ligue 1,19.0,2005.0,14,12,951,10.6,0,0,0,0,0,0,0.3,0.3,0.3,0.6,0.06,4,2,50.0,0.38,0.19,0.0,0.0,0.08,436,509,85.7,6027,1630,0.8,5,19,14,2,14,0,1,0,37,15,1.42,4,0.38,28,14,11,13,4,70.0,8,36,32,11,1,629,28,20,9,40.9,324,23,6,10,11,419,71,2,0,0,17,1,0,0,0,32,3,30.0
Marash Kumbulla,al ALB,DF,Espanyol,es La Liga,24.0,2000.0,35,34,2972,33.0,3,0,3,3,0,0,1.8,1.8,0.0,1.9,0.06,16,5,31.3,0.48,0.15,0.19,0.6,0.11,1189,1407,84.5,23425,8594,0.3,1,43,4,2,6,0,0,7,71,16,0.48,2,0.06,51,26,35,14,2,58.5,34,85,224,8,2,1845,331,24,4,50.0,998,11,0,14,1,1155,3,9,0,0,37,1,0,0,1,74,71,61.7
Jonah Kusi-Asare,se SWE,FW,Bayern Munich,de Bundesliga,17.0,2007.0,1,0,3,0.0,0,0,0,0,0,0,0.0,0.0,0.0,0.0,1.12,1,0,0.0,30.0,0.0,0.0,,0.04,1,1,100.0,6,6,0.0,0,1,0,0,0,0,0,0,0,0,0.0,0,0.0,1,0,0,0,1,,0,1,0,0,0,3,0,1,0,,1,0,0,0,0,2,0,0,0,0,0,0,0,0,0,0,1,50.0
Daler Kuzyaev,ru RUS,MF,Le Havre,fr Ligue 1,31.0,1993.0,12,6,567,6.3,1,0,1,1,0,0,0.2,0.2,0.6,0.8,0.12,4,3,75.0,0.63,0.48,0.25,0.33,0.05,211,260,81.2,3222,949,0.7,2,12,3,0,6,2,1,1,32,4,0.63,0,0.0,13,8,7,4,2,22.2,9,22,8,2,0,317,16,4,2,66.7,140,4,0,5,2,199,9,1,0,0,8,0,0,0,0,27,7,63.6
Khvicha Kvaratskhelia,ge GEO,"FW,MF",Napoli,it Serie A,23.0,2001.0,17,15,1178,13.1,5,3,8,4,1,1,4.1,3.4,3.7,7.0,0.6,49,16,32.7,3.74,1.22,0.08,0.25,0.07,352,461,76.4,5985,1769,3.0,28,31,23,4,51,30,7,5,57,57,4.35,6,0.46,15,9,4,10,1,26.7,4,19,7,14,0,659,2,74,19,26.4,405,74,37,25,21,471,89,1,0,0,12,3,0,0,0,45,4,44.4
Khvicha Kvaratskhelia,ge GEO,FW,Paris S-G,fr Ligue 1,23.0,2001.0,14,11,916,10.2,4,3,7,4,0,0,3.3,3.3,4.9,8.2,0.8,34,15,44.1,3.34,1.47,0.12,0.27,0.1,468,547,85.6,6585,1480,3.8,25,32,20,4,33,27,5,3,43,60,5.89,8,0.79,19,13,4,12,3,56.5,2,21,4,15,0,668,4,71,25,47.2,444,50,28,19,25,555,131,0,0,0,12,3,0,0,0,27,3,37.5
Moritz-Broni Kwarteng,gh GHA,"MF,FW",Bochum,de Bundesliga,26.0,1998.0,7,0,172,1.9,0,0,0,0,0,0,0.2,0.2,0.2,0.4,0.19,6,1,16.7,3.14,0.52,0.0,0.0,0.03,62,78,79.5,933,228,0.2,4,7,6,0,1,0,0,0,12,9,4.68,0,0.0,4,3,1,1,2,50.0,0,4,1,7,0,104,1,3,6,85.7,63,4,1,6,2,77,16,1,0,0,3,0,0,0,0,8,0,0.0
Giorgos Kyriakopoulos,gr GRE,DF,Monza,it Serie A,28.0,1996.0,34,33,2845,31.6,2,4,6,2,0,0,0.9,0.9,3.3,4.2,0.13,27,9,33.3,0.85,0.28,0.07,0.22,0.03,1055,1411,74.8,17169,6200,2.6,41,75,25,15,170,45,3,2,97,70,2.21,6,0.19,43,26,20,18,5,49.2,23,66,79,39,0,1692,92,33,16,37.2,865,67,11,27,17,942,132,5,0,0,24,5,0,1,1,94,26,44.1
Luca de la Torre,us USA,MF,Celta Vigo,es La Liga,26.0,1998.0,1,0,4,0.0,0,0,0,0,0,0,0.0,0.0,0.0,0.0,0.0,0,0,,0.0,0.0,,,,4,5,80.0,55,0,0.0,0,0,0,0,0,0,0,0,0,0,0.0,0,0.0,0,0,0,0,0,,0,0,0,0,0,8,0,0,0,0.0,5,0,0,0,0,4,0,0,0,0,1,0,0,0,0,0,0,0.0
Rémy Labeau Lascary,gp GLP,"FW,MF",Lens,fr Ligue 1,21.0,2003.0,14,6,637,7.1,2,1,3,2,0,0,2.5,2.5,1.1,3.6,0.51,14,5,35.7,1.98,0.71,0.14,0.4,0.18,127,174,73.0,1772,335,0.6,7,7,9,6,19,0,1,1,7,20,2.83,5,0.71,16,10,7,6,3,45.5,1,17,7,3,0,275,3,31,12,46.2,162,17,9,32,7,198,71,5,0,0,23,1,0,0,0,21,6,46.2
Gaëtan Laborde,fr FRA,FW,Nice,fr Ligue 1,30.0,1994.0,28,20,1829,20.3,11,4,15,7,4,4,11.7,8.6,3.5,12.0,0.75,70,20,28.6,3.44,0.98,0.1,0.35,0.12,346,497,69.6,4628,917,2.6,27,26,12,2,27,0,3,2,40,63,3.1,7,0.34,19,13,9,8,2,40.9,6,25,20,15,0,730,28,127,18,48.6,362,30,13,48,18,494,131,1,0,0,29,2,1,0,0,49,48,50.5
Alexandre Lacazette,fr FRA,FW,Lyon,fr Ligue 1,33.0,1991.0,30,24,2051,22.8,15,2,17,10,5,6,16.3,11.7,3.4,15.0,0.86,53,31,58.5,2.33,1.36,0.19,0.32,0.22,393,547,71.8,5201,1351,4.9,26,34,25,4,17,0,4,7,66,56,2.46,5,0.22,13,6,3,7,3,31.3,8,21,7,20,0,742,11,137,14,45.2,418,24,10,51,20,572,159,5,0,0,48,3,0,1,0,28,16,33.3
Younes Lachaab,fr FRA,"MF,FW",Lille,fr Ligue 1,19.0,2005.0,2,0,9,0.1,0,0,0,0,0,0,0.1,0.1,0.0,0.1,0.95,1,0,0.0,10.0,0.0,0.0,,0.09,1,2,50.0,4,0,0.0,0,0,0,0,0,0,0,0,0,2,20.0,0,0.0,1,1,0,0,1,100.0,1,2,0,1,0,8,0,4,1,100.0,3,1,1,2,0,3,1,0,0,0,1,0,0,0,0,0,0,0.0
Maxence Lacroix,fr FRA,DF,Crystal Palace,eng Premier League,24.0,2000.0,35,35,3116,34.6,1,1,2,1,0,0,3.4,3.4,1.0,4.4,0.13,30,5,16.7,0.87,0.14,0.03,0.2,0.11,1207,1477,81.7,24841,9717,1.0,8,71,4,2,7,0,3,7,65,28,0.81,4,0.12,68,41,52,15,1,68.1,54,122,207,12,2,1934,362,45,8,57.1,1030,8,0,21,6,1136,7,5,0,0,34,0,0,1,0,130,60,54.5
Yoel Lago,es ESP,DF,Celta Vigo,es La Liga,20.0,2004.0,8,7,583,6.5,0,1,1,0,0,0,0.0,0.0,0.1,0.1,0.02,0,0,,0.0,0.0,,,,394,426,92.5,7470,2948,0.1,1,25,0,0,0,0,2,1,31,2,0.31,1,0.15,12,8,8,3,1,77.8,4,16,30,1,0,487,64,2,3,60.0,289,1,0,5,1,360,0,2,0,0,16,0,0,1,0,22,3,33.3
Konrad Laimer,at AUT,DF,Bayern Munich,de Bundesliga,27.0,1997.0,29,19,1699,18.9,2,2,4,2,0,0,2.1,2.1,2.7,4.8,0.25,18,6,33.3,0.95,0.32,0.11,0.33,0.12,1075,1225,87.8,14939,3794,3.2,20,104,25,4,21,0,3,2,141,62,3.28,8,0.42,49,27,19,22,8,47.9,8,57,24,28,1,1421,39,66,17,56.7,816,87,18,35,23,1014,113,8,0,0,35,1,0,0,0,81,15,53.6
Stefan Lainer,at AUT,DF,Gladbach,de Bundesliga,31.0,1992.0,21,6,757,8.4,1,0,1,1,0,0,0.3,0.3,1.0,1.3,0.15,4,1,25.0,0.48,0.12,0.25,1.0,0.08,356,460,77.4,5867,1918,0.4,9,21,7,6,29,0,2,0,25,15,1.78,1,0.12,22,13,16,5,1,85.7,12,34,30,8,0,565,33,6,5,50.0,288,25,2,7,7,323,32,2,0,0,11,0,0,0,1,24,5,35.7
Kenny Lala,mg MAD,DF,Brest,fr Ligue 1,32.0,1991.0,30,29,2686,29.8,3,2,5,0,3,3,3.0,0.6,4.3,4.9,0.24,9,4,44.4,0.3,0.13,0.0,0.0,0.07,1367,1796,76.1,27268,10357,5.0,41,124,40,13,126,10,4,13,138,80,2.68,6,0.2,66,42,36,23,7,66.7,25,91,75,44,2,2043,110,7,15,62.5,1054,58,2,29,16,1229,91,5,0,0,18,0,0,1,0,154,8,38.1
Adam Lallana,eng ENG,MF,Southampton,eng Premier League,36.0,1988.0,14,5,361,4.0,0,2,2,0,0,0,0.2,0.2,0.9,1.1,0.27,3,0,0.0,0.75,0.0,0.0,,0.06,221,260,85.0,2891,980,0.5,4,21,9,3,4,0,1,0,24,9,2.24,2,0.5,8,5,4,4,0,16.7,5,13,5,3,0,318,19,6,5,41.7,178,6,0,10,6,245,10,4,0,0,8,1,0,0,0,19,2,50.0
Mathis Lambourde,fr FRA,"FW,MF",Hellas Verona,it Serie A,18.0,2006.0,7,0,89,1.0,1,0,1,1,0,0,0.2,0.2,0.1,0.2,0.24,2,1,50.0,2.02,1.01,0.5,1.0,0.08,13,23,56.5,184,27,0.1,1,0,0,0,1,0,0,0,0,2,2.0,1,1.0,3,1,2,1,0,33.3,0,3,1,1,0,38,2,4,1,33.3,24,1,1,3,6,26,12,1,0,0,4,0,0,0,0,3,2,33.3
Mohamed Lamine Bayo,gn GUI,FW,Lille,fr Ligue 1,26.0,1998.0,12,4,309,3.4,2,1,3,2,0,0,2.2,2.2,0.5,2.7,0.8,10,4,40.0,2.91,1.17,0.2,0.5,0.22,41,58,70.7,509,90,0.2,4,1,2,0,0,0,0,0,4,12,3.51,2,0.58,1,1,0,0,1,100.0,0,1,4,2,0,98,4,17,2,50.0,59,4,3,13,5,70,20,1,0,0,6,0,0,0,0,5,4,50.0
Tariq Lamptey,gh GHA,DF,Brighton,eng Premier League,23.0,2000.0,15,10,860,9.6,2,2,4,2,0,0,0.4,0.4,0.8,1.2,0.12,6,2,33.3,0.63,0.21,0.33,1.0,0.06,335,413,81.1,5168,1326,0.8,5,12,6,5,28,1,0,1,14,17,1.78,3,0.31,17,11,8,9,0,36.0,7,24,23,6,1,535,29,11,10,32.3,292,32,3,11,5,302,45,0,0,0,15,1,0,1,0,39,1,6.7
Will Lankshear,eng ENG,"FW,MF",Tottenham,eng Premier League,19.0,2005.0,3,0,11,0.1,0,0,0,0,0,0,0.0,0.0,0.0,0.0,0.0,0,0,,0.0,0.0,,,,0,1,0.0,0,0,0.0,0,0,0,0,0,0,0,0,0,0,0.0,0,0.0,0,0,0,0,0,,0,0,0,0,0,3,0,0,0,,3,0,0,2,0,3,1,0,0,0,2,0,0,0,0,0,0,
Gianluca Lapadula,pe PER,"FW,MF",Cagliari,it Serie A,34.0,1990.0,12,1,310,3.4,0,0,0,0,0,0,1.4,1.4,0.1,1.4,0.42,15,3,20.0,4.35,0.87,0.0,0.0,0.1,38,63,60.3,433,77,0.2,3,3,1,0,3,0,0,0,7,13,3.77,0,0.0,2,0,1,0,1,0.0,0,2,1,4,0,96,1,22,2,100.0,43,7,5,6,1,71,16,1,0,0,9,0,0,0,0,5,11,57.9
Cyle Larin,ca CAN,FW,Mallorca,es La Liga,29.0,1995.0,32,21,1764,19.6,7,2,9,6,1,1,6.9,6.1,1.4,7.5,0.42,38,14,36.8,1.94,0.71,0.16,0.43,0.16,214,317,67.5,2655,399,0.4,8,11,3,0,6,0,0,0,20,21,1.07,3,0.15,12,6,1,6,5,33.3,1,13,16,11,0,561,20,72,8,26.7,316,20,9,72,58,429,95,4,0,0,32,4,1,0,0,46,66,43.4
Hugo Larsson,se SWE,MF,Eint Frankfurt,de Bundesliga,20.0,2004.0,33,28,2393,26.6,3,1,4,3,0,0,3.1,3.1,2.1,5.2,0.19,21,10,47.6,0.79,0.38,0.14,0.3,0.15,1080,1243,86.9,16893,4921,1.9,21,89,19,3,8,0,2,5,121,57,2.14,5,0.19,47,27,17,25,5,50.0,30,77,35,17,1,1478,79,26,12,63.2,803,16,4,23,11,1006,33,2,0,0,21,1,0,1,0,121,13,48.1
Juanmi Latasa,es ESP,FW,Valladolid,es La Liga,23.0,2001.0,28,14,1398,15.5,3,0,3,3,0,0,4.2,4.2,0.9,5.1,0.33,40,13,32.5,2.58,0.84,0.08,0.23,0.11,154,260,59.2,2311,420,0.4,13,11,5,1,5,0,1,3,17,30,1.93,0,0.0,4,2,1,1,2,33.3,0,4,11,1,1,390,16,74,8,53.3,153,3,0,31,18,291,40,6,1,0,40,2,0,1,0,24,90,60.8
Toni Lato,es ESP,DF,Mallorca,es La Liga,26.0,1997.0,14,7,621,6.9,0,0,0,0,0,0,0.0,0.0,0.4,0.4,0.06,0,0,,0.0,0.0,,,,236,314,75.2,4131,1522,0.8,6,19,11,10,23,0,0,0,26,14,2.03,1,0.15,17,11,6,5,6,63.6,6,23,33,5,0,396,30,3,0,0.0,155,15,1,6,2,188,35,1,1,0,12,1,0,0,0,30,6,46.2
Roméo Lavia,be BEL,MF,Chelsea,eng Premier League,20.0,2004.0,16,11,797,8.9,0,1,1,0,0,0,0.3,0.3,0.7,1.0,0.11,2,0,0.0,0.23,0.0,0.0,,0.13,389,424,91.7,6552,1692,0.4,7,49,3,0,0,0,3,3,31,14,1.58,2,0.23,22,13,5,13,4,47.6,16,38,10,1,1,493,17,1,10,62.5,295,3,0,3,7,359,7,4,0,0,16,0,0,1,0,40,12,66.7
Valentino Lazaro,at AUT,"DF,FW",Torino,it Serie A,28.0,1996.0,33,26,2307,25.6,0,6,6,0,0,0,1.0,1.0,3.3,4.4,0.17,16,2,12.5,0.62,0.08,0.0,0.0,0.06,880,1172,75.1,14662,4254,3.4,33,57,23,15,145,57,0,1,76,52,2.03,8,0.31,26,12,10,12,4,50.0,11,37,38,27,1,1368,53,27,14,37.8,726,35,7,33,12,868,131,6,0,0,30,0,0,1,0,94,16,39.0
Darko Lazović,rs SRB,"DF,MF",Hellas Verona,it Serie A,33.0,1990.0,27,17,1459,16.2,2,3,5,1,1,1,2.5,1.7,3.4,5.1,0.36,19,3,15.8,1.17,0.19,0.05,0.33,0.09,315,505,62.4,5171,1949,1.8,18,21,15,7,70,12,2,0,40,23,1.42,4,0.25,21,10,5,14,2,39.3,11,32,39,23,0,659,47,29,7,31.8,318,22,7,13,10,385,88,0,0,0,9,1,1,0,0,59,9,40.9
Manuel Lazzari,it ITA,DF,Lazio,it Serie A,30.0,1993.0,25,16,1406,15.6,0,1,1,0,0,0,0.1,0.1,1.3,1.4,0.09,6,2,33.3,0.38,0.13,0.0,0.0,0.02,609,770,79.1,9626,2660,1.6,20,36,22,14,97,0,1,3,66,36,2.3,2,0.13,26,16,13,11,2,58.3,10,36,19,23,0,896,24,17,15,62.5,518,72,6,27,7,577,96,3,0,0,12,1,0,1,0,50,5,27.8
Julien Le Cardinal,fr FRA,DF,Brest,fr Ligue 1,26.0,1997.0,16,15,1378,15.3,0,1,1,0,0,0,0.4,0.4,0.3,0.7,0.05,10,3,30.0,0.65,0.2,0.0,0.0,0.04,704,815,86.4,14529,5467,0.4,5,43,0,0,6,0,1,12,39,14,0.91,2,0.13,27,15,16,8,3,68.8,33,60,75,2,0,994,136,13,4,66.7,539,7,0,3,6,658,1,3,0,0,12,1,0,1,1,48,29,61.7
Jérémy Le Douaron,fr FRA,FW,Brest,fr Ligue 1,26.0,1998.0,2,1,102,1.1,0,0,0,0,0,0,0.2,0.2,0.0,0.2,0.14,2,1,50.0,1.76,0.88,0.0,0.0,0.08,11,14,78.6,181,36,0.0,0,0,0,0,0,0,0,0,1,0,0.0,0,0.0,1,0,0,0,1,0.0,0,1,0,0,0,23,0,3,0,0.0,13,1,1,1,1,19,7,0,0,0,2,0,0,0,0,2,3,60.0
Enzo Le Fée,fr FRA,MF,Roma,it Serie A,24.0,2000.0,6,4,318,3.5,0,0,0,0,0,0,0.2,0.2,0.1,0.3,0.1,4,2,50.0,1.13,0.57,0.0,0.0,0.06,226,263,85.9,3851,949,0.2,3,26,2,0,7,3,1,2,28,9,2.55,0,0.0,7,4,5,2,0,33.3,5,12,2,1,0,297,6,6,4,50.0,204,15,1,4,4,221,3,1,0,0,6,0,0,0,0,22,2,33.3
Robin Le Normand,es ESP,DF,Atlético Madrid,es La Liga,27.0,1996.0,27,24,2151,23.9,1,0,1,1,0,0,1.5,1.5,0.5,1.9,0.08,11,3,27.3,0.46,0.13,0.09,0.33,0.13,1174,1298,90.4,20104,6230,1.0,3,41,2,0,1,0,0,5,55,7,0.29,1,0.04,27,18,23,4,0,60.0,10,37,120,3,1,1523,193,19,2,50.0,1001,11,0,14,6,1100,6,8,0,0,35,0,0,1,0,82,54,58.1
Rafael Leão,pt POR,FW,Milan,it Serie A,25.0,1999.0,34,25,2323,25.8,8,8,16,8,0,0,7.6,7.6,8.4,15.9,0.62,66,29,43.9,2.56,1.12,0.12,0.28,0.11,630,849,74.2,10407,2763,6.2,58,37,51,10,55,8,10,4,93,113,4.38,16,0.62,16,10,4,8,4,37.9,6,22,4,27,0,1135,7,152,59,45.7,780,123,67,53,36,940,262,5,0,0,19,6,1,0,0,66,26,56.5
Pierre Lees-Melou,fr FRA,MF,Brest,fr Ligue 1,31.0,1993.0,20,17,1526,17.0,2,2,4,2,0,0,1.3,1.3,2.8,4.0,0.24,22,8,36.4,1.3,0.47,0.09,0.25,0.06,902,1057,85.3,17471,5270,2.2,19,110,13,4,22,2,8,21,105,52,3.07,4,0.24,48,33,20,19,9,46.3,12,60,23,19,0,1228,53,22,12,57.1,697,23,5,25,8,855,36,7,0,0,32,3,0,0,0,125,4,36.4
Jordan Lefort,fr FRA,DF,Angers,fr Ligue 1,30.0,1993.0,34,34,3060,34.0,0,1,1,0,0,0,0.6,0.6,1.1,1.6,0.05,9,1,11.1,0.26,0.03,0.0,0.0,0.06,1446,1749,82.7,27893,12926,1.2,10,89,11,4,12,0,5,9,89,26,0.76,1,0.03,52,30,42,9,1,68.2,32,84,206,21,3,2144,335,19,8,47.1,1196,6,0,16,2,1420,13,3,0,0,14,1,0,1,0,110,40,58.8
Diogo Leite,pt POR,DF,Union Berlin,de Bundesliga,25.0,1999.0,30,29,2546,28.3,1,2,3,1,0,0,1.4,1.4,1.0,2.4,0.08,18,8,44.4,0.64,0.28,0.06,0.13,0.08,1099,1398,78.6,20381,8856,2.4,13,110,11,3,10,0,0,7,116,33,1.17,3,0.11,64,32,43,17,4,66.0,57,121,162,19,1,1803,205,36,10,66.7,853,20,0,18,7,959,16,3,0,0,25,4,0,0,1,104,78,55.3
Maxim Leitsch,de GER,DF,Mainz 05,de Bundesliga,26.0,1998.0,14,6,674,7.5,1,0,1,1,0,0,1.2,1.2,0.2,1.4,0.19,6,1,16.7,0.8,0.13,0.17,1.0,0.2,289,370,78.1,5085,1676,0.2,2,26,0,0,3,0,0,0,25,7,0.93,0,0.0,12,4,6,4,2,77.8,10,22,42,2,1,473,63,13,0,0.0,173,4,0,8,3,240,5,2,0,0,10,0,0,0,0,36,19,38.8
Florian Lejeune,fr FRA,DF,Rayo Vallecano,es La Liga,33.0,1991.0,37,37,3325,36.9,2,3,5,2,0,0,3.6,3.6,1.9,5.4,0.15,58,17,29.3,1.57,0.46,0.03,0.12,0.06,1728,2062,83.8,37399,15842,1.1,14,168,7,3,8,0,0,35,143,37,1.0,4,0.11,46,28,30,14,2,53.5,41,87,181,19,1,2486,298,38,4,66.7,1469,21,1,17,4,1612,5,8,0,0,50,0,0,3,0,156,92,60.5
Stefan Lekovic,rs SRB,DF,Monza,it Serie A,20.0,2004.0,7,3,367,4.1,0,0,0,0,0,0,0.1,0.1,0.0,0.1,0.03,3,0,0.0,0.74,0.0,0.0,,0.04,162,188,86.2,2783,902,0.0,0,14,0,0,0,0,0,0,15,6,1.47,0,0.0,9,4,6,2,1,38.5,7,16,5,2,0,225,16,2,2,66.7,128,4,0,3,0,156,2,0,0,0,5,1,0,0,1,18,6,50.0
Iñigo Lekue,es ESP,DF,Athletic Club,es La Liga,31.0,1993.0,16,8,773,8.6,0,0,0,0,0,0,0.2,0.2,0.5,0.7,0.08,2,0,0.0,0.23,0.0,0.0,,0.09,345,439,78.6,5873,1993,0.5,8,31,2,2,16,0,0,1,35,16,1.86,1,0.12,15,12,12,3,0,52.9,9,24,29,6,2,521,32,4,6,42.9,245,13,1,5,5,268,21,1,0,0,5,0,0,0,0,39,6,75.0
Nunzio Lella,it ITA,MF,Venezia,it Serie A,24.0,2000.0,1,0,5,0.1,0,0,0,0,0,0,0.0,0.0,0.0,0.0,0.0,0,0,,0.0,0.0,,,,1,1,100.0,6,0,0.0,0,0,0,0,0,0,0,0,0,1,15.0,0,0.0,0,0,0,0,0,,0,0,0,0,0,1,0,0,0,,2,0,0,0,0,3,0,0,0,0,1,1,0,0,0,0,0,
Thomas Lemar,fr FRA,MF,Atlético Madrid,es La Liga,28.0,1995.0,5,0,85,0.9,0,0,0,0,0,0,0.3,0.3,0.2,0.5,0.5,2,1,50.0,2.12,1.06,0.0,0.0,0.14,57,68,83.8,893,323,0.2,2,1,4,0,3,2,0,0,8,4,4.24,0,0.0,2,1,1,1,0,50.0,0,2,1,1,0,78,0,1,0,0.0,55,1,0,1,1,62,4,0,0,0,1,0,0,0,0,3,0,0.0
Félix Lemaréchal,fr FRA,"MF,FW",Strasbourg,fr Ligue 1,20.0,2003.0,27,20,1779,19.8,4,3,7,4,0,0,3.5,3.5,2.9,6.4,0.32,25,9,36.0,1.26,0.46,0.16,0.44,0.14,551,694,79.4,8118,1519,2.0,29,35,10,4,26,9,7,0,58,56,2.83,6,0.3,35,24,13,17,5,48.3,14,49,19,20,0,935,25,56,24,50.0,466,35,8,53,22,627,90,2,0,0,30,0,0,0,0,62,14,35.9
Mario Lemina,ga GAB,"MF,DF",Wolves,eng Premier League,30.0,1993.0,17,15,1364,15.2,1,3,4,1,0,0,1.4,1.4,1.1,2.5,0.17,18,5,27.8,1.19,0.33,0.06,0.2,0.08,493,613,80.4,9479,2966,1.2,10,43,13,4,10,0,6,4,48,26,1.71,5,0.33,51,31,27,19,5,69.0,27,78,50,7,3,809,92,18,10,62.5,382,8,2,21,11,482,21,4,0,0,17,0,0,1,0,73,25,61.0
Clément Lenglet,fr FRA,DF,Atlético Madrid,es La Liga,29.0,1995.0,23,23,1972,21.9,2,1,3,2,0,0,2.4,2.4,1.1,3.5,0.16,10,4,40.0,0.46,0.18,0.2,0.5,0.24,1193,1364,87.5,23967,9766,0.7,5,74,0,0,4,0,0,13,79,17,0.78,2,0.09,27,17,19,8,0,73.3,22,49,104,13,1,1583,229,17,3,100.0,1065,16,0,8,3,1162,1,9,0,0,29,0,0,2,0,74,37,49.3
Giovanni Leoni,it ITA,DF,Parma,it Serie A,17.0,2006.0,17,14,1199,13.3,1,0,1,1,0,0,0.1,0.1,0.0,0.1,0.01,2,1,50.0,0.15,0.08,0.5,1.0,0.07,562,641,87.7,10423,3033,0.1,1,21,0,0,3,0,0,3,21,3,0.23,0,0.0,14,6,10,4,0,50.0,15,29,63,4,1,774,92,5,3,100.0,449,0,0,6,2,492,5,3,1,0,11,0,0,0,0,34,17,63.0
Esteban Lepaul,fr FRA,FW,Angers,fr Ligue 1,24.0,2000.0,28,18,1629,18.1,9,0,9,9,0,0,5.1,5.1,0.8,6.0,0.33,41,17,41.5,2.27,0.94,0.22,0.53,0.13,241,359,67.1,3512,623,1.7,7,13,7,2,15,0,1,3,20,22,1.22,1,0.06,11,6,2,6,3,25.0,4,15,10,15,0,504,14,60,6,28.6,246,26,10,34,13,348,68,2,0,0,16,2,0,0,0,45,35,42.7
Johann Lepenant,fr FRA,MF,Nantes,fr Ligue 1,21.0,2002.0,29,23,2048,22.8,2,1,3,2,0,0,1.4,1.4,0.9,2.3,0.1,20,5,25.0,0.88,0.22,0.1,0.4,0.07,582,725,80.3,8940,2329,1.8,8,70,12,1,16,1,2,0,89,37,1.63,6,0.26,68,33,30,27,11,45.1,18,86,25,30,0,992,32,36,18,50.0,502,25,3,46,21,596,62,3,0,0,51,1,0,0,0,89,20,52.6
Jefferson Lerma,co COL,"MF,DF",Crystal Palace,eng Premier League,29.0,1994.0,33,26,2274,25.3,0,1,1,0,0,0,1.1,1.1,1.6,2.7,0.11,26,8,30.8,1.03,0.32,0.0,0.0,0.04,844,1121,75.3,14709,5135,1.7,10,87,18,2,12,0,9,8,97,47,1.86,3,0.12,35,17,15,16,4,52.8,42,77,80,22,1,1406,124,29,7,53.8,649,13,0,15,18,803,26,9,0,0,35,0,0,0,0,154,41,51.3
Louis Leroux,fr FRA,"MF,DF",Nantes,fr Ligue 1,18.0,2006.0,16,8,816,9.1,2,1,3,2,0,0,1.5,1.5,1.3,2.8,0.31,9,5,55.6,0.99,0.55,0.22,0.4,0.17,248,300,82.7,3997,1075,0.7,12,13,8,0,6,0,0,1,31,30,3.31,3,0.33,25,18,10,12,3,72.7,8,33,19,8,1,411,19,14,8,40.0,214,11,3,12,6,224,14,1,0,0,10,1,0,0,0,43,4,44.4
Robert Lewandowski,pl POL,FW,Barcelona,es La Liga,35.0,1988.0,34,32,2667,29.6,27,2,29,24,3,4,27.1,24.0,2.3,26.3,0.99,111,45,40.5,3.75,1.52,0.22,0.53,0.22,383,522,73.4,4856,900,1.5,19,31,9,0,5,0,3,6,48,50,1.69,3,0.1,10,5,1,5,4,45.5,3,13,26,22,0,841,32,179,20,57.1,472,27,16,75,45,667,164,1,0,0,30,5,0,0,0,45,37,48.7
Jamie Leweling,de GER,"MF,FW",Stuttgart,de Bundesliga,23.0,2001.0,27,22,1663,18.5,2,2,4,2,0,0,1.6,1.6,3.8,5.4,0.29,29,16,55.2,1.57,0.87,0.07,0.13,0.05,409,580,70.5,5858,1400,3.3,25,25,26,9,58,0,2,1,51,52,2.82,9,0.49,16,6,6,3,7,44.0,11,27,17,31,1,801,18,67,41,50.0,540,55,17,42,38,598,164,4,0,0,17,4,2,0,0,73,6,60.0
Rico Lewis,eng ENG,"DF,MF",Manchester City,eng Premier League,19.0,2004.0,28,21,1893,21.0,1,2,3,1,0,0,1.4,1.4,0.3,1.7,0.08,10,2,20.0,0.48,0.1,0.1,0.5,0.14,1201,1312,91.5,17279,3228,1.0,7,92,14,0,6,0,3,0,107,31,1.47,3,0.14,30,19,13,12,5,61.9,13,43,45,22,1,1477,53,46,9,42.9,865,39,8,20,19,1061,78,5,1,1,12,1,0,0,0,95,6,30.0
Keane Lewis-Potter,eng ENG,"DF,FW",Brentford,eng Premier League,23.0,2001.0,38,36,3093,34.4,1,3,4,1,0,0,3.1,3.1,3.2,6.3,0.18,28,14,50.0,0.81,0.41,0.04,0.07,0.11,982,1273,77.1,16310,5025,4.9,26,69,47,18,78,5,5,9,98,71,2.07,8,0.23,49,27,26,16,7,62.0,21,70,76,29,3,1613,102,74,41,40.6,868,98,35,51,20,966,156,7,0,0,18,6,1,0,0,146,27,43.5
Myles Lewis-Skelly,eng ENG,DF,Arsenal,eng Premier League,17.0,2006.0,23,15,1369,15.2,1,0,1,1,0,0,0.2,0.2,0.4,0.6,0.04,3,1,33.3,0.2,0.07,0.33,1.0,0.05,708,776,91.2,10525,2307,0.5,8,66,10,2,10,0,3,2,71,29,1.91,0,0.0,22,14,10,9,3,90.9,7,29,27,2,0,905,28,17,12,42.9,526,37,7,13,9,616,37,3,2,0,11,6,0,1,0,53,11,52.4
Ben Lhassine Kone,ci CIV,MF,Como,it Serie A,24.0,2000.0,4,0,51,0.6,0,0,0,0,0,0,0.0,0.0,0.0,0.0,0.03,1,0,0.0,1.76,0.0,0.0,,0.02,23,24,95.8,452,148,0.0,0,3,1,0,0,0,0,0,3,0,0.0,0,0.0,2,2,1,0,1,66.7,1,3,1,0,0,35,2,0,1,100.0,25,0,0,5,5,23,1,1,0,0,1,0,0,0,0,7,0,0.0
Mattia Liberali,it ITA,MF,Milan,it Serie A,17.0,2007.0,1,1,61,0.7,0,0,0,0,0,0,0.1,0.1,0.0,0.1,0.14,2,0,0.0,2.95,0.0,0.0,,0.03,24,31,77.4,362,80,0.0,1,4,1,0,2,0,0,0,5,1,1.48,0,0.0,2,1,0,1,1,100.0,0,2,0,2,0,38,0,2,0,0.0,30,1,0,1,2,30,4,0,0,0,1,0,0,0,0,4,1,100.0
Philipp Lienhart,at AUT,DF,Freiburg,de Bundesliga,28.0,1996.0,32,31,2770,30.8,1,0,1,1,0,0,0.5,0.5,0.8,1.2,0.04,8,1,12.5,0.26,0.03,0.13,1.0,0.06,1943,2253,86.2,37592,13902,1.0,6,148,9,0,9,0,0,18,138,26,0.84,2,0.06,22,13,12,10,0,48.4,36,58,124,12,3,2520,237,19,4,40.0,1444,44,1,10,2,1712,9,5,0,0,22,1,0,0,0,113,57,61.3
Matthijs de Ligt,nl NED,DF,Manchester Utd,eng Premier League,24.0,1999.0,29,25,2123,23.6,2,0,2,2,0,0,2.5,2.5,0.3,2.8,0.12,18,9,50.0,0.76,0.38,0.11,0.22,0.14,1241,1380,89.9,21810,5955,0.3,6,63,2,1,6,0,0,9,55,14,0.59,1,0.04,30,22,17,12,1,71.9,33,63,96,11,0,1608,184,29,2,50.0,1078,7,0,5,3,1158,6,3,0,0,16,0,0,2,0,68,58,66.7
Pedro Lima,br BRA,DF,Wolves,eng Premier League,18.0,2006.0,3,1,70,0.8,0,0,0,0,0,0,0.1,0.1,0.1,0.1,0.16,1,1,100.0,1.29,1.29,0.0,0.0,0.06,28,38,73.7,457,188,0.1,2,2,3,2,5,0,0,0,4,4,5.14,0,0.0,1,0,0,0,1,33.3,2,3,5,2,0,48,0,3,1,33.3,22,4,1,1,0,30,11,0,0,0,1,0,0,0,0,3,0,0.0
Victor Lindelöf,se SWE,DF,Manchester Utd,eng Premier League,30.0,1994.0,16,6,704,7.8,0,0,0,0,0,0,0.0,0.0,0.1,0.1,0.01,0,0,,0.0,0.0,,,,362,386,93.8,6074,1912,0.1,3,17,2,1,1,0,1,0,26,4,0.51,0,0.0,7,2,5,1,1,75.0,8,15,36,1,2,452,60,3,0,,263,5,0,1,1,313,4,1,0,0,8,0,0,0,0,29,17,53.1
Jesper Lindstrøm,dk DEN,FW,Everton,eng Premier League,24.0,2000.0,25,15,1239,13.8,0,1,1,0,0,0,2.1,2.1,2.0,4.1,0.3,28,10,35.7,2.03,0.73,0.0,0.0,0.08,297,428,69.4,4593,1335,2.0,19,18,12,7,71,25,1,0,25,46,3.35,1,0.07,45,25,24,19,2,34.5,12,57,17,18,0,625,22,40,8,18.6,302,30,7,31,24,347,81,2,0,0,15,3,0,0,0,70,6,33.3
Karol Linetty,pl POL,MF,Torino,it Serie A,29.0,1995.0,28,18,1540,17.1,1,0,1,1,0,0,1.1,1.1,0.9,2.0,0.12,17,4,23.5,0.99,0.23,0.06,0.25,0.06,478,565,84.6,8244,2067,0.9,10,45,10,1,4,2,1,3,47,24,1.4,2,0.12,39,23,17,19,3,48.8,12,51,31,9,1,732,48,13,7,33.3,397,18,2,17,9,450,19,6,0,0,39,0,0,0,0,63,8,36.4
Samuel Lino,br BRA,"MF,DF",Atlético Madrid,es La Liga,24.0,1999.0,31,21,1552,17.2,3,4,7,3,0,0,6.0,6.0,2.9,8.9,0.52,45,18,40.0,2.61,1.04,0.07,0.17,0.13,652,821,79.4,9905,2363,2.2,22,41,24,6,41,2,1,3,73,49,2.84,6,0.35,33,17,25,4,4,42.3,8,41,13,31,0,1038,21,75,27,48.2,678,72,25,31,18,772,179,3,0,0,15,3,1,0,0,85,13,52.0
Pol Lirola,es ESP,DF,Marseille,fr Ligue 1,26.0,1997.0,19,5,680,7.6,1,2,3,1,0,0,0.6,0.6,0.7,1.3,0.17,6,1,16.7,0.79,0.13,0.17,1.0,0.1,330,397,83.1,4737,940,0.7,8,15,4,1,14,0,1,0,21,16,2.12,2,0.26,13,9,5,8,0,38.5,4,17,12,13,0,460,18,14,1,33.3,248,12,4,6,4,305,40,1,1,0,9,0,0,0,1,29,4,36.4
Dailon Livramento,cv CPV,"FW,MF",Hellas Verona,it Serie A,23.0,2001.0,29,8,940,10.4,1,1,2,1,0,0,1.8,1.8,0.9,2.7,0.26,13,4,30.8,1.24,0.38,0.08,0.25,0.14,97,180,53.9,1330,282,0.9,8,9,3,1,18,0,0,3,13,19,1.82,4,0.38,15,11,2,7,6,53.8,3,18,9,14,0,307,11,39,6,24.0,161,23,9,30,12,202,67,2,1,0,21,1,0,0,0,21,32,38.6
Valentino Livramento,eng ENG,DF,Newcastle Utd,eng Premier League,21.0,2002.0,37,32,2840,31.6,0,1,1,0,0,0,0.3,0.3,2.6,2.9,0.09,6,2,33.3,0.19,0.06,0.0,0.0,0.05,1403,1643,85.4,20773,6686,2.7,25,108,28,6,52,1,1,1,158,45,1.43,2,0.06,54,36,35,15,4,54.2,23,77,108,27,1,1964,119,41,25,44.6,1023,83,13,32,39,1144,119,1,0,0,6,1,0,0,0,189,27,43.5
Marin Ljubicic,hr CRO,"FW,MF",Union Berlin,de Bundesliga,22.0,2002.0,13,1,281,3.1,1,1,2,1,0,0,0.4,0.4,0.6,1.1,0.34,2,1,50.0,0.64,0.32,0.5,1.0,0.22,34,60,56.7,453,132,0.4,2,3,1,0,1,0,0,1,6,9,2.88,3,0.96,2,1,0,2,0,33.3,0,2,7,3,0,90,6,11,1,33.3,52,1,0,6,1,59,19,1,0,0,9,3,0,0,0,12,3,21.4
Javier Llabrés,es ESP,FW,Mallorca,es La Liga,21.0,2002.0,1,1,57,0.6,0,0,0,0,0,0,0.0,0.0,0.1,0.1,0.21,1,0,0.0,1.58,0.0,0.0,,0.05,20,24,83.3,294,88,0.1,1,0,1,1,4,0,0,0,3,3,4.74,0,0.0,0,0,0,0,0,,0,0,0,0,0,29,2,0,0,,17,3,0,1,2,19,8,0,0,0,0,0,0,0,0,3,1,100.0
Diego Llorente,es ESP,DF,Betis,es La Liga,30.0,1993.0,30,29,2519,28.0,2,0,2,2,0,0,1.5,1.5,0.3,1.8,0.06,11,4,36.4,0.39,0.14,0.18,0.5,0.14,1383,1595,86.7,27425,8921,0.4,6,68,3,0,1,0,0,11,81,15,0.54,2,0.07,36,20,23,12,1,65.8,43,79,154,9,1,1915,235,22,6,66.7,1127,7,1,11,4,1243,3,4,0,0,20,1,0,1,1,93,77,63.1
Marcos Llorente,es ESP,"DF,MF",Atlético Madrid,es La Liga,29.0,1995.0,33,28,2513,27.9,2,4,6,2,0,0,0.8,0.8,4.3,5.1,0.18,16,5,31.3,0.57,0.18,0.13,0.4,0.05,1337,1563,85.5,20093,5694,3.1,28,90,26,14,62,0,1,2,111,56,2.01,12,0.43,69,52,38,27,4,65.5,27,96,51,34,1,1808,78,58,14,46.7,1116,82,15,29,9,1217,151,0,1,0,23,1,1,0,0,131,15,50.0
Gautier Lloris,fr FRA,DF,Le Havre,fr Ligue 1,29.0,1995.0,31,31,2768,30.8,2,1,3,2,0,0,1.2,1.2,0.9,2.0,0.07,11,2,18.2,0.36,0.07,0.18,1.0,0.11,1317,1511,87.2,25779,9345,0.5,5,88,5,1,3,0,0,6,99,21,0.68,3,0.1,68,43,52,16,0,71.7,34,102,192,10,0,1885,267,21,4,57.1,1028,13,0,13,3,1240,7,5,0,0,31,0,0,2,0,100,64,65.3
Giovani Lo Celso,ar ARG,"MF,FW",Betis,es La Liga,28.0,1996.0,25,15,1457,16.2,8,3,11,6,2,3,4.8,2.4,4.9,7.3,0.59,31,16,51.6,1.91,0.99,0.19,0.38,0.08,766,970,79.0,12440,4308,5.2,43,89,41,1,95,67,15,8,132,93,5.74,9,0.56,34,22,8,17,9,68.0,5,39,3,21,1,1167,7,53,21,38.2,702,26,9,38,31,832,66,4,0,0,13,4,0,0,0,76,5,31.3
Stanislav Lobotka,sk SVK,MF,Napoli,it Serie A,29.0,1994.0,32,31,2636,29.3,0,1,1,0,0,0,0.3,0.3,1.2,1.5,0.05,7,0,0.0,0.24,0.0,0.0,,0.05,1600,1762,90.8,28161,6745,1.9,17,110,20,1,2,0,3,10,118,54,1.84,6,0.2,47,30,16,21,10,61.3,21,68,57,10,1,1967,105,9,8,72.7,1123,30,2,13,12,1459,32,3,0,0,24,0,0,1,0,166,6,50.0
Manuel Locatelli,it ITA,MF,Juventus,it Serie A,26.0,1998.0,36,34,2822,31.4,2,2,4,1,1,1,1.8,1.0,2.5,3.5,0.14,24,7,29.2,0.77,0.22,0.04,0.14,0.04,2134,2431,87.8,40150,14489,2.7,29,327,31,2,24,8,3,33,294,98,3.13,8,0.26,72,49,29,35,8,57.1,23,95,77,14,0,2752,155,18,8,36.4,1559,33,1,25,8,2032,33,9,0,0,46,2,0,1,0,141,35,61.4
Bradley Locko,fr FRA,DF,Brest,fr Ligue 1,22.0,2002.0,2,1,97,1.1,0,0,0,0,0,0,0.0,0.0,0.0,0.0,0.02,1,0,0.0,0.93,0.0,0.0,,0.03,37,42,88.1,605,214,0.0,0,2,0,0,1,0,0,0,2,1,0.93,0,0.0,2,2,1,1,0,100.0,1,3,3,3,0,56,5,1,1,100.0,27,1,0,3,1,30,2,1,0,0,1,0,0,1,0,2,1,100.0
Ruben Loftus-Cheek,eng ENG,MF,Milan,it Serie A,28.0,1996.0,19,10,1037,11.5,0,0,0,0,0,0,0.7,0.7,1.9,2.6,0.22,9,2,22.2,0.78,0.17,0.0,0.0,0.08,435,485,89.7,6891,1390,0.9,16,40,7,2,7,0,1,2,51,34,2.95,2,0.17,19,8,6,9,4,50.0,3,22,20,4,0,593,21,25,11,47.8,362,27,9,20,7,464,32,3,0,0,23,3,0,0,0,48,18,62.1
Elysée Logbo,fr FRA,FW,Le Havre,fr Ligue 1,20.0,2004.0,1,0,27,0.3,0,0,0,0,0,0,0.2,0.2,0.0,0.2,0.61,1,0,0.0,3.33,0.0,0.0,,0.18,3,4,75.0,36,0,0.0,0,0,0,0,0,0,0,0,0,0,0.0,0,0.0,0,0,0,0,0,,0,0,0,0,0,6,0,2,0,,5,0,0,0,3,4,2,0,0,0,0,0,0,0,0,1,0,0.0
Enzo Loiodice,fr FRA,MF,Las Palmas,es La Liga,23.0,2000.0,17,7,684,7.6,0,0,0,0,0,0,0.3,0.3,0.2,0.4,0.06,7,4,57.1,0.92,0.53,0.0,0.0,0.04,377,443,85.1,6435,1576,0.2,5,30,1,0,10,7,0,3,31,13,1.71,0,0.0,17,7,8,9,0,30.0,10,27,7,11,2,532,13,4,4,30.8,279,3,1,11,12,380,3,3,0,0,10,1,0,0,0,29,7,46.7
Sean Longstaff,eng ENG,MF,Newcastle Utd,eng Premier League,26.0,1997.0,25,8,798,8.9,0,0,0,0,0,0,0.6,0.6,0.2,0.8,0.09,6,1,16.7,0.68,0.11,0.0,0.0,0.1,295,349,84.5,4407,1175,0.2,4,26,1,0,5,1,2,3,40,14,1.58,2,0.23,27,16,10,9,8,66.7,7,34,8,12,0,434,24,21,2,28.6,248,4,2,9,7,308,22,2,0,0,9,0,0,0,0,31,7,50.0
Ademola Lookman,ng NGA,"MF,FW",Atalanta,it Serie A,26.0,1997.0,31,28,2247,25.0,15,5,20,14,1,1,10.3,9.5,7.1,16.7,0.7,81,32,39.5,3.24,1.28,0.17,0.44,0.12,684,944,72.5,9662,2659,7.9,61,29,43,13,124,84,3,1,73,135,5.41,15,0.6,32,15,9,15,8,57.9,3,35,5,35,1,1274,1,199,37,35.6,827,142,81,72,51,974,316,4,0,0,31,2,0,0,0,69,17,56.7
David López,es ESP,DF,Mallorca,es La Liga,21.0,2003.0,2,2,169,1.9,0,0,0,0,0,0,0.0,0.0,0.0,0.0,0.0,0,0,,0.0,0.0,,,,43,53,81.1,763,267,0.0,0,0,1,0,0,0,0,0,4,0,0.0,0,0.0,3,2,3,0,0,100.0,1,4,10,1,0,71,13,0,0,,38,0,0,1,0,41,0,0,0,0,0,0,0,0,0,2,2,28.6
David López,es ESP,DF,Girona,es La Liga,34.0,1989.0,29,27,2429,27.0,1,1,2,1,0,0,0.9,0.9,0.6,1.5,0.06,12,3,25.0,0.44,0.11,0.08,0.33,0.07,1879,2041,92.1,35775,12404,1.3,4,145,6,0,3,0,0,16,132,24,0.89,3,0.11,32,24,22,7,3,58.1,14,46,111,8,2,2263,259,17,6,66.7,1405,17,0,11,7,1698,7,4,0,0,12,0,0,1,0,95,30,50.8
Diego López,es ESP,"MF,FW",Valencia,es La Liga,22.0,2002.0,38,35,2737,30.4,8,5,13,8,0,0,6.6,6.6,5.0,11.6,0.38,44,14,31.8,1.45,0.46,0.18,0.57,0.15,680,943,72.1,10541,2502,4.7,38,43,34,9,67,0,5,3,85,69,2.27,9,0.3,31,18,11,16,4,34.0,16,47,15,47,0,1257,11,100,23,29.9,715,76,24,71,27,881,219,3,0,0,21,3,1,1,0,105,14,20.3
Fer López,,"FW,MF",Celta Vigo,es La Liga,,,17,7,671,7.5,2,0,2,2,0,0,2.7,2.7,1.9,4.6,0.62,20,5,25.0,2.68,0.67,0.1,0.4,0.14,220,260,84.6,3701,847,1.4,14,19,12,0,2,2,7,4,43,30,4.02,3,0.4,9,5,1,6,2,15.4,2,11,7,5,0,365,6,32,18,52.9,264,27,7,33,20,298,58,2,0,0,13,1,0,0,0,25,2,18.2
Fermin López,es ESP,"MF,FW",Barcelona,es La Liga,21.0,2003.0,28,12,1252,13.9,6,5,11,6,0,0,5.6,5.6,3.9,9.5,0.69,41,15,36.6,2.95,1.08,0.15,0.4,0.14,552,675,81.8,8398,2128,4.3,29,65,20,6,47,28,8,5,79,57,4.1,7,0.5,19,15,3,9,7,25.0,5,24,3,12,0,858,5,59,25,45.5,490,31,12,36,16,649,108,4,1,0,27,1,0,0,0,66,9,33.3
Javi López,es ESP,DF,Real Sociedad,es La Liga,22.0,2002.0,29,21,1936,21.5,0,0,0,0,0,0,0.1,0.1,0.4,0.5,0.03,5,1,20.0,0.23,0.05,0.0,0.0,0.02,814,1038,78.4,13096,4784,1.0,5,49,14,7,60,0,0,8,73,20,0.93,2,0.09,40,23,23,12,5,62.2,11,51,59,27,2,1247,56,12,18,46.2,571,36,4,24,22,674,64,4,0,0,30,2,0,0,0,92,10,34.5
Roberto López,es ESP,MF,Leganés,es La Liga,24.0,2000.0,13,3,396,4.4,0,1,1,0,0,0,0.5,0.5,0.9,1.4,0.31,6,1,16.7,1.36,0.23,0.0,0.0,0.08,152,208,73.1,2443,735,0.5,10,22,2,1,24,12,0,3,20,15,3.41,1,0.23,8,6,4,4,0,33.3,1,9,7,6,2,242,5,2,2,50.0,122,3,0,6,5,141,11,0,0,0,1,0,0,0,0,28,1,16.7
Unai López,es ESP,MF,Rayo Vallecano,es La Liga,28.0,1995.0,32,23,1707,19.0,3,1,4,3,0,0,1.6,1.6,1.0,2.6,0.14,26,11,42.3,1.37,0.58,0.12,0.27,0.06,1041,1236,84.2,17637,4425,1.3,19,106,11,2,33,19,5,8,112,53,2.79,2,0.11,31,21,14,12,5,47.2,21,52,20,19,0,1410,41,20,15,65.2,828,22,3,24,19,1036,40,9,1,0,18,1,0,0,0,117,10,35.7
Iker Losada,es ESP,"FW,MF",Celta Vigo,es La Liga,22.0,2001.0,12,4,358,4.0,1,0,1,1,0,0,1.1,1.1,0.3,1.5,0.38,3,2,66.7,0.75,0.5,0.33,0.5,0.38,96,128,75.0,1448,366,0.6,5,14,6,2,5,0,3,2,17,8,2.02,0,0.0,3,3,0,1,2,20.0,1,4,8,4,0,162,4,15,2,40.0,87,9,4,9,3,123,23,2,0,0,3,0,0,0,0,8,2,22.2
Iker Losada,es ESP,"MF,FW",Betis,es La Liga,22.0,2001.0,10,3,336,3.7,0,0,0,0,0,0,0.5,0.5,0.3,0.8,0.21,5,1,20.0,1.34,0.27,0.0,0.0,0.1,107,142,75.4,1421,331,0.2,6,4,5,1,4,0,2,1,14,8,2.14,0,0.0,10,7,2,4,4,50.0,3,13,2,6,0,180,1,6,2,33.3,101,9,1,6,5,130,16,0,0,0,1,0,0,0,0,19,3,42.9
Anthony Losilla,fr FRA,MF,Bochum,de Bundesliga,38.0,1986.0,21,13,1137,12.6,0,0,0,0,0,0,0.1,0.1,0.4,0.5,0.04,5,0,0.0,0.4,0.0,0.0,,0.03,321,419,76.6,5128,1937,0.7,7,23,9,3,4,0,0,1,45,19,1.5,2,0.16,30,16,15,12,3,51.5,18,48,27,8,1,547,37,2,1,20.0,223,3,1,10,7,284,11,1,0,0,18,1,0,0,0,45,29,55.8
Jordan Lotomba,ch SUI,"MF,DF",Nice,fr Ligue 1,25.0,1998.0,2,0,35,0.4,0,0,0,0,0,0,0.0,0.0,0.0,0.0,0.0,0,0,,0.0,0.0,,,,17,21,81.0,249,51,0.0,0,1,0,0,2,0,0,0,3,2,5.14,0,0.0,0,0,0,0,0,,0,0,1,0,0,24,2,0,1,33.3,19,4,0,0,1,17,2,0,0,0,2,0,0,0,0,2,0,
Tom Louchet,fr FRA,"DF,MF",Nice,fr Ligue 1,21.0,2003.0,22,7,775,8.6,1,0,1,1,0,0,0.8,0.8,1.2,1.9,0.22,12,4,33.3,1.39,0.46,0.08,0.25,0.07,371,454,81.7,5712,2114,1.3,14,28,9,2,35,8,0,0,36,31,3.6,1,0.12,27,17,17,5,5,73.9,18,45,20,10,0,579,24,23,4,30.8,246,19,3,12,7,317,37,1,0,0,8,0,0,0,0,36,11,78.6
Sandi Lovrić,si SVN,MF,Udinese,it Serie A,26.0,1998.0,36,31,2308,25.6,2,3,5,2,0,0,2.6,2.6,3.4,6.0,0.24,49,12,24.5,1.91,0.47,0.04,0.17,0.05,749,952,78.7,13335,3733,2.4,32,81,21,4,90,49,3,6,120,81,3.16,10,0.39,46,29,25,17,4,50.0,22,68,27,17,1,1258,39,38,21,43.8,670,60,7,53,28,786,71,5,0,0,54,4,1,0,0,118,1,5.6
Pol Lozano,es ESP,MF,Espanyol,es La Liga,24.0,1999.0,30,27,1943,21.6,0,1,1,0,0,0,0.2,0.2,0.8,1.0,0.05,8,2,25.0,0.37,0.09,0.0,0.0,0.02,694,828,83.8,12350,4139,1.0,17,95,11,4,19,10,4,8,115,40,1.84,2,0.09,53,34,23,25,5,43.1,22,75,31,14,0,1026,61,1,5,26.3,506,18,0,18,15,596,12,12,0,0,56,0,0,0,0,86,10,38.5
Lorenzo Lucca,it ITA,FW,Udinese,it Serie A,23.0,2000.0,33,27,2353,26.1,12,1,13,11,1,1,7.6,6.8,1.6,8.4,0.35,64,25,39.1,2.45,0.96,0.17,0.44,0.11,240,375,64.0,3772,404,0.8,14,17,1,0,5,0,1,3,18,33,1.26,4,0.15,10,6,3,2,5,45.5,7,17,27,10,0,641,27,109,12,48.0,350,15,9,73,29,478,98,10,0,0,65,3,0,0,0,44,59,46.5
Jhon Lucumí,co COL,DF,Bologna,it Serie A,26.0,1998.0,32,29,2614,29.0,0,1,1,0,0,0,0.6,0.6,0.4,1.0,0.03,13,2,15.4,0.45,0.07,0.0,0.0,0.05,1859,2040,91.1,35721,10917,0.7,8,112,0,0,4,0,0,16,108,34,1.17,2,0.07,53,30,23,29,1,70.7,26,79,88,7,7,2294,195,22,10,71.4,1464,34,0,13,4,1557,7,8,1,0,22,0,0,1,0,176,45,50.0
Yannik Lührs,de GER,DF,Dortmund,de Bundesliga,20.0,2003.0,3,1,127,1.4,0,0,0,0,0,0,0.0,0.0,0.0,0.0,0.03,0,0,,0.0,0.0,,,,152,166,91.6,2551,603,0.0,1,5,0,0,0,0,0,0,1,2,1.41,0,0.0,1,1,1,0,0,,2,3,4,1,0,176,11,0,0,,131,2,0,0,1,140,1,0,0,0,2,0,0,0,0,5,4,80.0
José Luis Gayà,es ESP,DF,Valencia,es La Liga,29.0,1995.0,23,22,1803,20.0,0,1,1,0,0,0,1.0,1.0,2.6,3.6,0.18,12,4,33.3,0.6,0.2,0.0,0.0,0.09,775,996,77.8,13655,4068,3.2,24,44,31,23,84,0,1,5,59,39,1.95,5,0.25,57,40,39,15,3,69.0,25,82,61,20,0,1202,51,18,7,35.0,555,29,4,16,4,678,156,7,0,0,28,0,0,0,0,93,10,47.6
José Luis Palomino,ar ARG,DF,Cagliari,it Serie A,34.0,1990.0,18,10,1081,12.0,1,0,1,1,0,0,0.5,0.5,0.0,0.5,0.04,2,1,50.0,0.17,0.08,0.5,1.0,0.24,508,586,86.7,9656,3667,0.2,1,32,2,0,0,0,0,3,35,7,0.58,1,0.08,27,15,16,9,2,71.4,22,49,46,5,0,707,101,5,0,0.0,384,4,0,3,1,422,1,3,0,0,11,0,0,1,0,50,16,57.1
Douglas Luiz,br BRA,MF,Juventus,it Serie A,26.0,1998.0,19,3,529,5.9,0,0,0,0,0,0,0.6,0.6,1.0,1.6,0.27,8,2,25.0,1.36,0.34,0.0,0.0,0.08,379,438,86.5,6855,1625,1.3,15,19,9,1,26,18,1,4,35,28,4.75,1,0.17,13,8,7,5,1,66.7,4,17,5,1,0,487,14,8,11,78.6,276,16,0,8,7,347,12,2,0,0,14,0,0,1,0,31,5,55.6
Romelu Lukaku,be BEL,FW,Napoli,it Serie A,31.0,1993.0,36,35,2843,31.6,14,10,24,11,3,4,13.0,9.8,4.0,13.8,0.54,60,20,33.3,1.9,0.63,0.18,0.55,0.17,353,497,71.0,4407,659,2.6,35,15,11,1,4,0,6,2,36,76,2.4,16,0.51,4,2,0,2,2,25.0,1,5,17,21,0,725,18,143,6,23.1,380,31,23,55,53,589,219,4,0,0,47,2,0,0,0,34,42,42.9
Castello Lukeba,fr FRA,DF,RB Leipzig,de Bundesliga,21.0,2002.0,23,18,1577,17.5,0,0,0,0,0,0,0.4,0.4,0.2,0.6,0.04,4,1,25.0,0.23,0.06,0.0,0.0,0.1,1054,1238,85.1,17686,7070,0.5,4,90,7,1,11,0,0,9,80,17,0.97,1,0.06,31,17,15,12,4,70.8,17,48,74,22,0,1445,125,14,20,62.5,806,18,2,20,11,993,23,2,0,0,12,0,0,0,0,74,26,66.7
Dodi Lukebakio,be BEL,FW,Sevilla,es La Liga,26.0,1997.0,38,36,3092,34.4,11,2,13,10,1,1,10.1,9.3,4.5,13.8,0.42,93,38,40.9,2.71,1.11,0.11,0.26,0.1,780,1052,74.1,12204,2657,4.0,54,50,24,6,124,64,7,12,93,119,3.46,9,0.26,22,14,8,8,6,55.6,11,33,17,30,2,1494,11,145,84,50.3,889,131,65,117,57,1110,247,3,1,0,39,8,0,0,0,120,18,46.2
Saša Lukić,rs SRB,MF,Fulham,eng Premier League,27.0,1996.0,30,28,2344,26.0,0,2,2,0,0,0,1.2,1.2,2.7,3.9,0.15,18,2,11.1,0.69,0.08,0.0,0.0,0.06,1100,1260,87.3,18730,4635,1.4,26,104,17,7,62,42,1,4,98,55,2.11,4,0.15,68,39,22,40,6,41.8,28,96,35,23,1,1493,57,21,8,47.1,825,39,4,23,8,963,33,12,0,0,66,1,0,1,0,109,19,43.2
Milos Lukovic,rs SRB,"FW,MF",Strasbourg,fr Ligue 1,18.0,2005.0,2,0,12,0.1,0,0,0,0,0,0,0.0,0.0,0.0,0.0,0.0,0,0,,0.0,0.0,,,,2,3,66.7,43,0,0.0,0,0,0,0,0,0,0,0,0,0,0.0,0,0.0,0,0,0,0,0,,0,0,0,0,0,4,0,0,0,,3,0,0,1,0,3,0,0,0,0,0,0,0,0,0,0,0,
Daniel Luna,co COL,MF,Mallorca,es La Liga,21.0,2003.0,2,0,20,0.2,0,0,0,0,0,0,0.0,0.0,0.0,0.0,0.0,0,0,,0.0,0.0,,,,8,13,61.5,88,16,0.0,0,1,0,0,3,1,0,0,0,1,4.5,0,0.0,0,0,0,0,0,,0,0,0,0,0,17,0,1,1,33.3,11,1,1,0,0,11,2,0,0,0,0,0,0,0,0,2,0,
Massimo Luongo,au AUS,MF,Ipswich Town,eng Premier League,31.0,1992.0,11,2,201,2.2,0,0,0,0,0,0,0.0,0.0,0.0,0.0,0.0,0,0,,0.0,0.0,,,,50,66,75.8,722,183,0.0,0,1,0,0,1,0,0,1,6,0,0.0,0,0.0,9,6,6,2,1,62.5,2,11,2,1,0,87,9,2,0,,46,0,0,2,3,50,1,0,0,0,1,0,0,0,0,10,2,100.0
Sebastiano Luperto,it ITA,DF,Cagliari,it Serie A,27.0,1996.0,36,36,3240,36.0,1,3,4,1,0,0,2.2,2.2,1.3,3.4,0.1,21,5,23.8,0.58,0.14,0.05,0.2,0.1,1315,1568,83.9,24675,8234,0.8,8,87,6,1,8,0,1,2,96,30,0.83,5,0.14,48,27,31,16,1,64.3,33,81,161,12,1,1913,251,29,1,16.7,1060,22,2,12,3,1190,11,4,0,0,23,1,0,1,0,139,61,53.0
Zito Luvumbo,ao ANG,"FW,MF",Cagliari,it Serie A,22.0,2002.0,26,19,1606,17.8,2,2,4,2,0,0,2.1,2.1,3.1,5.2,0.29,23,4,17.4,1.29,0.22,0.09,0.5,0.09,181,302,59.9,2768,863,2.1,17,16,13,8,65,2,0,1,31,35,1.96,4,0.22,10,6,4,3,3,31.6,4,14,4,16,0,477,4,67,25,39.7,347,70,35,67,29,367,125,2,0,0,38,3,0,0,0,50,6,26.1
Charalambos Lykogiannis,gr GRE,DF,Bologna,it Serie A,30.0,1993.0,17,12,1048,11.6,0,4,4,0,0,0,0.2,0.2,1.6,1.8,0.16,6,2,33.3,0.52,0.17,0.0,0.0,0.04,504,706,71.4,9875,3209,2.1,19,43,13,12,106,36,0,11,49,33,2.83,5,0.43,23,14,14,8,1,50.0,11,34,41,20,1,810,32,11,4,50.0,368,10,1,7,3,471,36,3,0,0,10,0,0,0,0,35,26,66.7
Senne Lynen,be BEL,MF,Werder Bremen,de Bundesliga,25.0,1999.0,32,32,2733,30.4,0,1,1,0,0,0,1.1,1.1,0.6,1.7,0.06,24,3,12.5,0.79,0.1,0.0,0.0,0.05,1099,1326,82.9,17538,5076,1.1,8,81,15,1,5,0,2,4,91,32,1.05,6,0.2,72,39,36,30,6,56.5,65,137,75,16,5,1717,122,13,12,42.9,849,9,3,35,15,959,28,9,0,0,38,0,0,0,0,191,25,47.2
Mathias Løvik,no NOR,"DF,FW",Parma,it Serie A,20.0,2003.0,6,0,92,1.0,0,0,0,0,0,0,0.1,0.1,0.1,0.2,0.18,1,0,0.0,0.98,0.0,0.0,,0.1,40,54,74.1,663,123,0.0,1,1,1,0,3,0,0,0,1,1,0.98,0,0.0,1,0,0,1,0,33.3,2,3,3,2,0,70,5,2,2,50.0,42,0,0,6,1,45,6,0,0,0,2,0,0,0,0,2,2,50.0
Othmane Maamma,ma MAR,"FW,MF",Montpellier,fr Ligue 1,18.0,2005.0,12,2,361,4.0,1,1,2,1,0,0,0.7,0.7,0.2,0.9,0.29,10,3,30.0,2.49,0.75,0.1,0.33,0.1,51,78,65.4,657,162,0.5,3,2,2,1,12,0,1,0,2,4,1.33,1,0.33,3,1,2,1,0,25.0,1,4,2,2,1,149,3,13,7,23.3,95,8,3,17,10,110,24,1,0,0,4,1,0,0,0,12,1,20.0
Ian Maatsen,nl NED,DF,Aston Villa,eng Premier League,22.0,2002.0,29,10,1139,12.7,1,2,3,1,0,0,0.9,0.9,2.7,3.6,0.28,19,5,26.3,1.5,0.4,0.05,0.2,0.05,609,747,81.5,9635,2492,2.4,19,22,19,3,51,5,1,2,50,52,4.11,7,0.55,29,17,17,9,3,70.8,15,44,39,25,3,917,56,47,13,44.8,505,31,13,22,25,564,104,2,0,0,11,0,0,1,0,67,10,62.5
Alexis Mac Allister,ar ARG,MF,Liverpool,eng Premier League,25.0,1998.0,35,30,2599,28.9,5,5,10,5,0,0,2.8,2.8,4.7,7.5,0.26,38,13,34.2,1.32,0.45,0.13,0.38,0.07,1273,1524,83.5,20344,5748,5.6,45,122,35,2,86,71,6,3,177,120,4.15,15,0.52,95,58,28,51,16,52.9,22,117,29,31,1,1860,56,60,16,38.1,914,36,5,31,22,1227,80,6,0,0,62,2,0,0,0,148,19,35.8
Deiver Machado,co COL,"DF,MF",Lens,fr Ligue 1,30.0,1993.0,27,20,1805,20.1,1,4,5,1,0,0,2.3,2.3,2.1,4.3,0.22,23,5,21.7,1.15,0.25,0.04,0.2,0.1,763,913,83.6,10421,3399,2.9,20,30,19,15,51,5,1,1,45,45,2.24,8,0.4,36,26,14,14,8,56.7,16,52,34,16,2,1123,50,33,23,48.9,605,42,7,33,20,661,80,7,2,1,28,1,0,0,0,89,16,50.0
Lanroy Machine,fr FRA,FW,Angers,fr Ligue 1,18.0,2005.0,2,0,8,0.1,0,0,0,0,0,0,0.1,0.1,0.0,0.1,0.62,1,0,0.0,11.25,0.0,0.0,,0.06,3,5,60.0,39,12,0.0,0,0,0,0,1,0,0,0,0,0,0.0,0,0.0,0,0,0,0,0,,0,0,0,0,0,7,0,1,0,,4,0,0,0,0,3,1,0,0,0,0,0,0,0,0,1,0,0.0
Shuto Machino,jp JPN,"FW,MF",Holstein Kiel,de Bundesliga,24.0,1999.0,32,23,1953,21.7,11,2,13,9,2,2,6.5,4.9,3.0,7.9,0.44,49,21,42.9,2.26,0.97,0.18,0.43,0.1,454,707,64.2,8004,2740,2.6,27,35,20,6,35,7,3,0,59,74,3.41,9,0.41,8,5,4,3,1,37.5,7,15,28,27,1,899,33,63,10,55.6,449,30,13,44,20,581,108,2,0,0,19,2,0,0,0,50,27,39.1
Darwin Machís,ve VEN,"MF,FW",Valladolid,es La Liga,31.0,1993.0,18,7,639,7.1,0,1,1,0,0,0,0.9,0.9,0.5,1.4,0.2,14,2,14.3,1.97,0.28,0.0,0.0,0.06,160,268,59.7,2925,865,0.9,8,17,5,4,68,24,1,4,19,15,2.11,1,0.14,5,4,3,2,0,33.3,5,10,13,7,0,334,10,6,5,25.0,173,17,1,5,4,219,43,0,0,0,4,1,0,0,0,34,6,75.0
Yvann Macon,fr FRA,DF,Saint-Étienne,fr Ligue 1,25.0,1998.0,12,10,790,8.8,0,0,0,0,0,0,0.3,0.3,0.2,0.5,0.07,10,2,20.0,1.14,0.23,0.0,0.0,0.03,301,408,73.8,4965,1708,0.3,6,30,7,0,23,0,0,1,46,10,1.29,0,0.0,19,11,9,7,3,47.6,2,21,10,11,1,493,23,16,9,47.4,256,25,6,11,4,307,40,4,0,0,26,0,0,0,0,42,3,20.0
James Maddison,eng ENG,MF,Tottenham,eng Premier League,27.0,1996.0,31,21,1809,20.1,9,7,16,9,0,0,5.8,5.8,4.2,10.0,0.5,39,17,43.6,1.94,0.85,0.23,0.53,0.15,1021,1256,81.3,16664,5028,5.9,41,123,32,5,98,59,12,5,164,95,4.73,18,0.9,31,19,8,16,7,31.0,12,43,19,15,1,1464,26,77,33,42.9,1026,45,20,23,25,1125,95,6,0,0,32,6,0,0,0,76,5,41.7
Eros Maddy,nl NED,DF,Auxerre,fr Ligue 1,23.0,2001.0,2,0,15,0.2,0,0,0,0,0,0,0.0,0.0,0.1,0.1,0.52,0,0,,0.0,0.0,,,,6,6,100.0,67,22,0.0,1,0,0,0,0,0,0,0,1,1,6.0,0,0.0,0,0,0,0,0,,0,0,0,0,0,8,0,0,0,0.0,7,1,0,1,1,7,4,1,0,0,3,0,0,0,0,0,0,
Noni Madueke,eng ENG,FW,Chelsea,eng Premier League,22.0,2002.0,32,27,2033,22.6,7,3,10,7,0,0,9.6,9.6,4.2,13.9,0.61,80,30,37.5,3.54,1.33,0.09,0.23,0.12,530,685,77.4,7705,1853,3.2,32,16,35,8,63,1,1,4,69,79,3.5,8,0.35,25,18,8,12,5,36.8,10,35,11,15,0,980,22,184,45,44.1,641,154,93,52,25,756,226,3,0,0,22,4,0,0,0,84,11,36.7
Pablo Maffeo,es ESP,DF,Mallorca,es La Liga,27.0,1997.0,30,28,2368,26.3,0,2,2,0,0,0,0.3,0.3,4.1,4.4,0.17,7,1,14.3,0.27,0.04,0.0,0.0,0.04,736,1039,70.8,12522,5186,3.5,29,49,34,25,96,0,4,2,74,60,2.28,4,0.15,60,40,43,14,3,73.9,25,85,103,33,1,1389,96,20,40,47.1,671,46,7,46,32,701,122,7,0,0,22,5,0,0,0,107,21,53.8
Gabriel Magalhães,br BRA,DF,Arsenal,eng Premier League,26.0,1997.0,28,28,2363,26.3,3,1,4,3,0,0,2.6,2.6,0.9,3.5,0.13,22,5,22.7,0.84,0.19,0.14,0.6,0.12,1480,1641,90.2,25788,7938,1.2,13,145,8,0,9,0,1,8,126,35,1.33,6,0.23,25,15,12,8,5,75.0,16,41,93,8,2,1873,189,40,4,80.0,1116,10,0,9,2,1366,11,4,0,0,19,1,1,0,0,63,53,58.9
Soungoutou Magassa,fr FRA,MF,Monaco,fr Ligue 1,20.0,2003.0,21,12,1025,11.4,0,1,1,0,0,0,0.5,0.5,0.9,1.4,0.12,8,3,37.5,0.7,0.26,0.0,0.0,0.06,540,638,84.6,9268,2731,0.7,7,67,10,2,7,0,4,7,63,19,1.67,1,0.09,47,25,14,27,6,54.3,21,68,19,9,1,781,29,8,15,65.2,386,6,1,12,13,500,11,5,1,0,28,0,0,0,0,90,13,38.2
Edmond-Paris Maghoma,eng ENG,"MF,FW",Brentford,eng Premier League,23.0,2001.0,8,0,119,1.3,0,0,0,0,0,0,0.1,0.1,0.1,0.2,0.17,1,0,0.0,0.76,0.0,0.0,,0.12,76,84,90.5,1259,343,0.0,1,2,0,0,3,0,0,0,13,4,3.03,1,0.76,2,1,0,2,0,33.3,1,3,2,2,0,101,2,4,3,75.0,68,4,1,2,0,75,4,0,0,0,2,0,0,0,0,7,1,25.0
Giangiacomo Magnani,it ITA,DF,Hellas Verona,it Serie A,28.0,1995.0,17,11,1065,11.8,1,0,1,1,0,0,1.1,1.1,0.0,1.2,0.1,11,2,18.2,0.93,0.17,0.09,0.5,0.1,317,393,80.7,6348,2269,0.1,1,22,0,0,2,0,0,2,31,4,0.34,0,0.0,20,15,14,6,0,100.0,17,37,73,2,1,540,82,14,1,25.0,251,4,0,4,1,274,7,2,0,0,8,0,0,0,0,38,29,61.7
Hugo Magnetti,fr FRA,MF,Brest,fr Ligue 1,26.0,1998.0,32,27,2323,25.8,1,0,1,1,0,0,0.8,0.8,0.4,1.2,0.05,19,6,31.6,0.74,0.23,0.05,0.17,0.04,920,1083,84.9,14889,3635,0.7,6,70,6,1,18,0,0,8,80,28,1.08,4,0.15,52,32,21,27,4,45.1,18,70,37,17,0,1315,44,13,9,37.5,694,21,5,23,23,869,20,5,0,0,29,1,0,0,0,111,10,50.0
Frank Magri,cm CMR,"FW,MF",Toulouse,fr Ligue 1,24.0,1999.0,31,17,1516,16.8,5,1,6,5,0,0,6.0,6.0,1.5,7.5,0.45,44,18,40.9,2.61,1.07,0.11,0.28,0.14,178,251,70.9,2361,438,1.9,9,15,7,1,4,0,3,1,25,29,1.72,3,0.18,8,2,1,6,1,37.5,4,12,11,9,0,420,10,70,4,22.2,244,17,7,43,31,316,80,5,1,0,26,7,0,0,0,21,40,32.8
Harry Maguire,eng ENG,DF,Manchester Utd,eng Premier League,31.0,1993.0,27,19,1758,19.5,1,0,1,1,0,0,1.8,1.8,0.6,2.4,0.12,15,6,40.0,0.77,0.31,0.07,0.17,0.12,965,1128,85.5,17965,6236,0.3,9,48,4,0,4,0,0,9,51,20,1.02,0,0.0,30,15,23,6,1,73.9,40,70,78,5,1,1328,147,44,2,40.0,782,7,3,10,2,856,7,7,0,0,18,0,0,0,0,68,64,71.9
Jon Magunazelaia,es ESP,MF,Real Sociedad,es La Liga,23.0,2001.0,2,0,7,0.1,0,0,0,0,0,0,0.0,0.0,0.0,0.0,0.0,0,0,,0.0,0.0,,,,7,13,53.8,117,30,0.1,0,0,0,0,0,0,1,0,1,1,12.86,1,12.86,1,1,1,0,0,,0,1,0,1,0,16,0,0,0,,9,0,0,0,0,9,0,0,0,0,1,0,0,0,0,5,3,100.0
Arne Maier,de GER,MF,Augsburg,de Bundesliga,25.0,1999.0,28,7,938,10.4,0,0,0,0,0,0,1.5,1.5,1.5,3.0,0.29,18,6,33.3,1.73,0.58,0.0,0.0,0.08,450,588,76.5,7914,2094,2.6,25,40,10,3,67,46,2,3,44,44,4.23,4,0.38,13,7,4,8,1,53.8,6,19,14,17,1,699,16,21,7,43.8,390,19,5,21,9,451,56,0,1,0,9,0,0,0,0,72,4,36.4
Patrick Mainka,de GER,DF,Heidenheim,de Bundesliga,29.0,1994.0,34,34,3060,34.0,1,1,2,1,0,0,1.9,1.9,0.3,2.3,0.07,25,8,32.0,0.74,0.24,0.04,0.13,0.08,1425,1669,85.4,28334,12007,0.7,7,88,5,0,4,0,1,1,102,28,0.82,2,0.06,58,30,36,20,2,63.6,68,126,206,17,0,2136,286,43,6,54.5,1171,21,1,16,8,1257,12,3,0,0,17,0,0,0,0,152,109,63.7
Kobbie Mainoo,eng ENG,MF,Manchester Utd,eng Premier League,19.0,2005.0,25,19,1651,18.3,0,0,0,0,0,0,0.7,0.7,1.6,2.3,0.12,15,2,13.3,0.82,0.11,0.0,0.0,0.05,723,836,86.5,9649,2346,1.8,14,50,12,1,7,0,2,4,65,34,1.85,3,0.16,46,29,18,14,14,60.0,19,65,14,17,1,1061,25,36,23,46.0,652,22,10,36,36,760,47,5,0,0,27,1,0,0,0,88,19,38.0
Ainsley Maitland-Niles,eng ENG,DF,Lyon,fr Ligue 1,26.0,1997.0,32,20,1985,22.1,1,4,5,1,0,0,2.9,2.9,3.4,6.4,0.29,22,7,31.8,1.0,0.32,0.05,0.14,0.13,1049,1234,85.0,16150,5054,3.2,27,66,30,7,48,11,4,7,102,55,2.49,6,0.27,71,44,30,26,15,63.2,25,96,61,28,6,1509,67,68,17,42.5,750,33,10,28,20,916,110,1,0,0,16,0,0,0,0,89,15,51.7
Lovro Majer,hr CRO,MF,Wolfsburg,de Bundesliga,26.0,1998.0,9,3,304,3.4,2,1,3,1,1,1,1.4,0.6,1.1,1.7,0.72,6,4,66.7,1.78,1.18,0.17,0.25,0.1,98,141,69.5,1511,571,0.8,8,13,3,0,17,10,1,2,17,13,3.85,2,0.59,2,1,0,1,1,20.0,1,3,2,3,1,175,4,10,5,50.0,111,8,2,5,7,122,10,1,0,0,6,0,0,0,0,12,3,42.9
Hamidou Makalou,ml MLI,"FW,MF",Brest,fr Ligue 1,18.0,2006.0,4,0,32,0.4,0,0,0,0,0,0,0.0,0.0,0.0,0.0,0.0,0,0,,0.0,0.0,,,,17,18,94.4,211,58,0.0,0,3,0,0,0,0,1,0,2,0,0.0,0,0.0,0,0,0,0,0,,0,0,0,0,0,23,1,0,1,100.0,16,1,0,1,2,19,0,0,0,0,0,0,0,0,0,3,0,
Jordy Makengo,fr FRA,DF,Freiburg,de Bundesliga,22.0,2001.0,19,7,745,8.3,0,0,0,0,0,0,0.0,0.0,0.2,0.2,0.03,0,0,,0.0,0.0,,,,242,306,79.1,3945,879,0.5,2,12,5,5,25,0,0,0,15,9,1.09,1,0.12,16,9,10,5,1,62.5,7,23,29,3,0,393,23,3,4,33.3,203,9,1,11,5,228,35,1,0,0,5,0,0,0,0,26,5,45.5
Antoine Makoumbou,cg CGO,MF,Cagliari,it Serie A,26.0,1998.0,33,27,2150,23.9,0,3,3,0,0,0,0.3,0.3,0.9,1.3,0.05,7,0,0.0,0.29,0.0,0.0,,0.04,1051,1183,88.8,16948,4056,1.0,8,70,14,3,7,0,3,2,92,38,1.59,5,0.21,42,23,28,11,3,76.0,17,59,28,11,0,1367,59,4,10,52.6,818,11,0,17,24,957,14,4,1,1,27,1,0,1,0,109,4,18.2
Nikola Maksimović,rs SRB,DF,Montpellier,fr Ligue 1,32.0,1991.0,7,7,581,6.5,0,0,0,0,0,0,0.0,0.0,0.0,0.1,0.01,1,0,0.0,0.15,0.0,0.0,,0.02,288,310,92.9,5904,1883,0.1,2,12,2,0,0,0,0,2,11,8,1.24,0,0.0,9,5,6,3,0,85.7,6,15,30,2,1,378,57,4,2,100.0,214,1,0,6,1,252,0,2,0,0,3,0,0,0,0,14,8,38.1
Tyrell Malacia,nl NED,DF,Manchester Utd,eng Premier League,24.0,1999.0,3,2,100,1.1,0,0,0,0,0,0,0.0,0.0,0.0,0.0,0.03,0,0,,0.0,0.0,,,,49,55,89.1,642,260,0.0,1,7,1,0,1,0,0,0,3,2,1.8,0,0.0,2,1,2,0,0,50.0,1,3,1,2,1,62,2,0,1,100.0,37,3,0,1,2,43,6,1,0,0,3,1,0,0,0,3,0,
Jarzinho Malanga,de GER,DF,Stuttgart,de Bundesliga,18.0,2006.0,1,0,2,0.0,0,0,0,0,0,0,0.0,0.0,0.0,0.0,0.0,0,0,,0.0,0.0,,,,2,2,100.0,25,0,0.0,0,0,0,0,0,0,0,0,0,0,0.0,0,0.0,0,0,0,0,0,,0,0,0,0,0,3,0,0,0,,1,0,0,1,0,3,2,0,0,0,0,0,0,0,0,0,0,
Julián Malatini,ar ARG,DF,Werder Bremen,de Bundesliga,23.0,2001.0,10,5,454,5.0,1,1,2,1,0,0,0.2,0.2,0.5,0.7,0.14,3,1,33.3,0.59,0.2,0.33,1.0,0.08,261,302,86.4,4349,1255,0.5,2,13,4,1,3,0,1,0,24,5,0.99,2,0.4,11,9,5,5,1,45.5,7,18,17,4,0,363,25,4,2,66.7,224,8,0,3,1,245,4,1,0,0,9,0,0,0,0,19,10,66.7
Daniel Maldini,it ITA,"MF,FW",Monza,it Serie A,22.0,2001.0,20,16,1306,14.5,3,0,3,3,0,0,4.8,4.8,0.9,5.7,0.39,39,13,33.3,2.69,0.9,0.08,0.23,0.13,261,382,68.3,4254,837,1.1,12,14,8,2,38,11,1,4,34,40,2.75,5,0.34,14,6,5,9,0,46.2,4,18,12,14,2,584,13,41,30,41.7,388,41,10,36,31,426,66,5,0,0,15,4,0,0,0,52,22,44.9
Daniel Maldini,it ITA,"FW,MF",Atalanta,it Serie A,22.0,2001.0,10,2,258,2.9,3,0,3,3,0,0,1.9,1.9,0.2,2.1,0.74,10,5,50.0,3.49,1.74,0.3,0.6,0.19,61,97,62.9,788,163,0.3,3,3,1,0,5,3,0,1,7,9,3.14,1,0.35,2,2,0,1,1,50.0,2,4,3,5,0,140,4,24,6,33.3,95,12,10,8,5,113,30,0,0,0,3,0,0,0,0,8,8,61.5
Youssef Maleh,ma MAR,MF,Empoli,it Serie A,25.0,1998.0,22,17,1510,16.8,0,1,1,0,0,0,0.9,0.9,0.9,1.8,0.1,17,3,17.6,1.01,0.18,0.0,0.0,0.05,398,560,71.1,6528,2261,0.4,12,62,11,2,16,0,1,1,72,30,1.79,2,0.12,45,23,17,23,5,50.0,16,61,25,12,0,744,18,15,4,30.8,299,10,1,25,10,419,37,5,1,1,32,2,0,0,0,96,9,33.3
Donyell Malen,nl NED,FW,Aston Villa,eng Premier League,25.0,1999.0,14,2,305,3.4,3,0,3,3,0,0,2.2,2.2,0.2,2.4,0.69,15,9,60.0,4.43,2.66,0.2,0.33,0.14,53,77,68.8,712,144,0.2,3,2,2,0,8,0,0,2,6,6,1.76,0,0.0,7,4,3,3,1,25.0,0,7,1,3,0,129,2,25,4,36.4,79,12,7,8,7,87,30,0,0,0,1,0,0,0,0,9,4,50.0
Donyell Malen,nl NED,"FW,MF",Dortmund,de Bundesliga,25.0,1999.0,14,6,614,6.8,3,0,3,3,0,0,2.9,2.9,0.2,3.2,0.46,19,6,31.6,2.79,0.88,0.16,0.5,0.15,136,190,71.6,1735,423,0.5,1,6,6,1,13,1,1,3,17,12,1.76,3,0.44,0,0,0,0,0,0.0,3,3,6,10,0,278,3,46,11,34.4,187,23,17,16,9,214,75,1,0,0,2,0,0,0,0,15,1,25.0
Ruslan Malinovskyi,ua UKR,"MF,FW",Genoa,it Serie A,31.0,1993.0,9,4,383,4.3,0,2,2,0,0,0,0.2,0.2,1.5,1.7,0.41,9,3,33.3,2.11,0.7,0.0,0.0,0.03,164,201,81.6,2906,846,0.7,8,22,9,0,3,2,6,1,32,17,3.98,2,0.47,12,8,4,7,1,50.0,1,13,4,4,0,242,6,0,3,75.0,151,3,0,7,5,163,10,2,0,0,9,1,0,0,0,16,7,53.8
Lennard Maloney,us USA,MF,Heidenheim,de Bundesliga,24.0,1999.0,11,10,760,8.4,0,0,0,0,0,0,0.3,0.3,0.0,0.4,0.04,3,0,0.0,0.36,0.0,0.0,,0.11,194,271,71.6,3751,1219,0.1,1,12,1,0,1,0,0,2,14,7,0.83,0,0.0,20,11,12,7,1,60.9,14,34,38,6,0,378,38,5,1,25.0,147,1,0,11,1,161,0,1,0,0,11,0,0,0,0,40,16,57.1
Lennard Maloney,us USA,MF,Mainz 05,de Bundesliga,24.0,1999.0,5,0,26,0.3,0,0,0,0,0,0,0.0,0.0,0.0,0.0,0.0,0,0,,0.0,0.0,,,,8,14,57.1,115,58,0.0,0,0,0,0,0,0,1,0,0,0,0.0,0,0.0,2,1,0,1,1,100.0,0,2,3,1,0,28,3,0,0,,5,1,0,1,1,6,0,1,0,0,2,0,0,0,0,1,2,100.0
Aaron Malouda,fr FRA,FW,Lille,fr Ligue 1,18.0,2005.0,1,0,2,0.0,0,0,0,0,0,0,0.0,0.0,0.0,0.0,0.0,0,0,,0.0,0.0,,,,0,0,,0,0,0.0,0,0,0,0,0,0,0,0,0,0,0.0,0,0.0,0,0,0,0,0,,0,0,0,0,0,0,0,0,0,,1,0,0,0,1,1,0,0,0,0,0,0,0,0,0,0,0,
Dennis Man,ro ROU,"FW,MF",Parma,it Serie A,25.0,1998.0,33,23,1995,22.2,4,4,8,4,0,0,5.5,5.5,4.2,9.7,0.44,49,20,40.8,2.21,0.9,0.08,0.2,0.11,631,793,79.6,8923,2252,2.7,45,46,25,5,33,30,4,3,60,80,3.61,7,0.32,13,6,7,3,3,25.0,8,21,11,28,0,1027,8,87,25,33.3,665,67,31,44,31,741,142,0,0,0,8,1,0,0,0,72,9,34.6
Hianga Mananga Mbock,fr FRA,MF,Brest,fr Ligue 1,24.0,1999.0,1,0,21,0.2,0,0,0,0,0,0,0.0,0.0,0.0,0.0,0.07,1,1,100.0,4.29,4.29,0.0,0.0,0.02,14,17,82.4,232,77,0.0,0,0,0,0,0,0,0,0,0,0,0.0,0,0.0,0,0,0,0,0,,1,1,0,0,0,19,0,0,0,,14,0,0,0,0,15,0,0,0,0,1,0,0,0,0,0,1,100.0
Gianluca Mancini,it ITA,DF,Roma,it Serie A,28.0,1996.0,37,36,3143,34.9,2,0,2,2,0,0,1.7,1.7,0.9,2.6,0.07,22,5,22.7,0.63,0.14,0.09,0.4,0.08,1689,1965,86.0,31192,10669,0.8,14,138,17,4,33,0,1,4,139,41,1.17,2,0.06,42,26,22,18,2,58.8,35,77,103,19,0,2240,177,42,1,11.1,1341,45,3,10,8,1609,23,8,0,0,49,1,0,0,0,99,60,63.8
Reinildo Mandava,mz MOZ,DF,Atlético Madrid,es La Liga,30.0,1994.0,19,10,941,10.5,0,0,0,0,0,0,0.1,0.1,0.1,0.2,0.02,1,1,100.0,0.1,0.1,0.0,0.0,0.07,515,612,84.2,7852,2969,0.2,2,24,2,0,8,0,0,1,34,7,0.67,1,0.1,18,11,10,7,1,55.6,16,34,35,7,0,717,56,8,4,22.2,421,14,2,8,4,459,15,4,0,0,19,0,0,1,0,52,10,41.7
Aïssa Mandi,dz ALG,DF,Lille,fr Ligue 1,32.0,1991.0,24,20,1733,19.3,0,0,0,0,0,0,0.3,0.3,0.4,0.8,0.04,6,2,33.3,0.31,0.1,0.0,0.0,0.06,1104,1244,88.7,22008,6980,1.2,5,107,6,2,10,0,1,16,82,23,1.19,2,0.1,31,17,12,15,4,72.7,15,46,54,7,0,1395,97,22,3,75.0,736,12,0,8,4,990,21,3,0,0,7,0,0,0,0,67,14,38.9
Rolando Mandragora,it ITA,MF,Fiorentina,it Serie A,27.0,1997.0,28,22,1856,20.6,4,2,6,3,1,1,2.7,1.9,4.8,6.6,0.35,37,14,37.8,1.79,0.68,0.08,0.21,0.05,724,931,77.8,13418,4153,2.7,31,69,16,7,39,31,4,6,92,56,2.61,5,0.23,23,13,9,12,2,45.2,15,38,54,17,1,1119,63,24,7,50.0,580,11,0,11,4,732,34,7,0,0,18,3,0,0,0,61,14,46.7
Mateus Mane,,MF,Wolves,eng Premier League,,,1,0,2,0.0,0,0,0,0,0,0,0.0,0.0,0.0,0.0,0.0,0,0,,0.0,0.0,,,,4,5,80.0,60,0,0.0,0,0,0,0,0,0,0,0,0,0,0.0,0,0.0,0,0,0,0,0,,0,0,0,0,0,6,0,0,0,,2,0,0,0,0,4,0,0,0,0,0,0,0,0,0,0,1,100.0
Orel Mangala,be BEL,MF,Everton,eng Premier League,26.0,1998.0,19,14,1261,14.0,1,0,1,1,0,0,1.1,1.1,0.6,1.8,0.13,16,6,37.5,1.14,0.43,0.06,0.17,0.07,437,490,89.2,6998,1567,0.6,8,50,8,1,6,0,0,1,34,24,1.72,1,0.07,16,8,3,11,2,62.5,21,37,24,10,1,621,22,13,14,58.3,298,6,3,12,12,406,19,2,0,0,24,1,0,0,0,49,6,42.9
Orel Mangala,be BEL,MF,Lyon,fr Ligue 1,26.0,1998.0,1,1,67,0.7,0,0,0,0,0,0,0.1,0.1,0.0,0.1,0.1,1,0,0.0,1.34,0.0,0.0,,0.05,29,32,90.6,535,176,0.1,1,5,0,0,1,0,0,0,7,3,4.03,0,0.0,1,0,0,0,1,0.0,0,1,1,2,0,42,1,2,0,0.0,26,1,0,0,0,29,3,0,0,0,0,0,0,0,0,6,0,
Ryan Manning,ie IRL,"DF,MF",Southampton,eng Premier League,28.0,1996.0,24,18,1462,16.2,0,1,1,0,0,0,0.3,0.3,3.2,3.6,0.22,8,1,12.5,0.49,0.06,0.0,0.0,0.04,619,803,77.1,10360,3336,2.8,34,33,12,8,84,32,1,3,35,50,3.08,3,0.18,28,17,16,10,2,53.8,17,45,47,21,0,968,72,22,11,30.6,483,14,4,17,5,573,74,2,0,0,19,1,0,0,0,65,15,71.4
Javier Manquillo,es ESP,DF,Celta Vigo,es La Liga,30.0,1994.0,10,7,515,5.7,0,0,0,0,0,0,0.0,0.0,0.0,0.0,0.0,0,0,,0.0,0.0,,,,335,373,89.8,5537,1582,0.1,0,22,2,0,3,0,1,0,24,1,0.18,0,0.0,7,5,4,3,0,20.0,7,14,14,5,0,413,20,1,0,0.0,248,3,1,1,0,312,5,1,0,0,9,0,0,0,0,18,5,38.5
Johan Manzambi,ch SUI,"FW,MF",Freiburg,de Bundesliga,18.0,2005.0,11,4,335,3.7,2,1,3,2,0,0,1.3,1.3,0.4,1.8,0.47,11,3,27.3,2.96,0.81,0.18,0.67,0.12,108,143,75.5,1826,276,0.6,3,6,3,0,5,0,1,0,10,13,3.49,2,0.54,8,2,1,3,4,25.0,4,12,7,3,0,209,7,14,6,60.0,118,7,1,7,9,129,12,2,0,0,7,2,0,0,0,14,9,64.3
Alberto Manzoni,it ITA,MF,Atalanta,it Serie A,19.0,2005.0,1,0,6,0.1,0,0,0,0,0,0,0.1,0.1,0.0,0.1,0.94,1,0,0.0,15.0,0.0,0.0,,0.06,11,12,91.7,196,29,0.0,0,4,0,0,0,0,0,0,0,1,15.0,0,0.0,0,0,0,0,0,,0,0,0,0,0,14,0,0,0,,8,0,0,0,0,13,0,0,0,0,1,1,0,0,0,0,1,100.0
Sekou Mara,fr FRA,"FW,MF",Strasbourg,fr Ligue 1,22.0,2002.0,25,7,768,8.5,1,1,2,1,0,0,2.0,2.0,1.0,3.0,0.35,19,5,26.3,2.23,0.59,0.05,0.2,0.11,128,185,69.2,1759,307,0.5,5,9,2,0,3,0,2,1,11,10,1.17,2,0.23,9,6,0,5,4,33.3,3,12,3,11,0,303,4,30,11,40.7,181,9,5,29,15,223,47,2,0,0,18,0,0,0,0,21,19,45.2
Alessandro Marcandalli,it ITA,DF,Genoa,it Serie A,21.0,2002.0,2,1,46,0.5,0,0,0,0,0,0,0.0,0.0,0.0,0.0,0.0,0,0,,0.0,0.0,,,,12,20,60.0,236,47,0.0,0,0,0,0,0,0,0,0,1,0,0.0,0,0.0,1,0,1,0,0,,0,1,2,1,0,24,6,0,0,,11,0,0,0,0,11,0,0,0,0,0,0,0,0,0,3,2,100.0
Alessandro Marcandalli,it ITA,DF,Venezia,it Serie A,21.0,2002.0,8,5,354,3.9,0,0,0,0,0,0,0.3,0.3,0.0,0.3,0.07,2,1,50.0,0.51,0.25,0.0,0.0,0.14,110,150,73.3,1891,791,0.0,0,10,0,0,0,0,0,1,10,1,0.25,0,0.0,8,6,6,2,0,50.0,2,10,26,1,0,200,18,4,0,0.0,89,2,0,4,0,101,1,2,0,0,9,0,0,1,0,16,12,50.0
Marcão,br BRA,DF,Sevilla,es La Liga,28.0,1996.0,12,6,552,6.1,0,0,0,0,0,0,0.0,0.0,0.0,0.0,0.0,0,0,,0.0,0.0,,,,284,315,90.2,5073,2049,0.1,0,14,0,0,0,0,0,0,19,2,0.33,0,0.0,10,7,6,4,0,60.0,7,17,29,4,1,382,58,3,2,40.0,216,0,0,4,3,247,1,6,1,1,9,0,0,1,0,27,14,73.7
Solly March,eng ENG,"FW,MF",Brighton,eng Premier League,30.0,1994.0,8,1,168,1.9,0,0,0,0,0,0,0.1,0.1,0.3,0.4,0.19,2,0,0.0,1.07,0.0,0.0,,0.04,60,95,63.2,990,222,0.3,3,2,4,4,20,6,0,1,2,7,3.77,2,1.08,6,3,2,2,2,62.5,2,8,2,7,1,118,3,7,1,25.0,57,5,3,3,1,67,20,2,0,0,2,0,0,0,0,7,1,33.3
Filip Marchwiński,pl POL,MF,Lecce,it Serie A,22.0,2002.0,1,0,15,0.2,0,0,0,0,0,0,0.0,0.0,0.0,0.0,0.0,0,0,,0.0,0.0,,,,4,5,80.0,60,6,0.0,0,0,0,0,0,0,0,0,0,0,0.0,0,0.0,0,0,0,0,0,,0,0,0,1,0,5,0,0,0,,3,0,0,0,0,4,0,0,0,0,0,0,0,0,0,1,0,
Óscar de Marcos,es ESP,DF,Athletic Club,es La Liga,35.0,1989.0,26,17,1564,17.4,0,4,4,0,0,0,1.0,1.0,2.6,3.6,0.21,8,2,25.0,0.46,0.12,0.0,0.0,0.12,800,1010,79.2,14337,5393,2.2,19,101,25,16,55,0,4,2,102,47,2.7,8,0.46,32,15,15,13,4,56.8,16,48,35,20,0,1158,36,16,4,23.5,478,26,2,11,7,627,78,0,0,0,16,1,0,0,0,89,8,40.0
Alberto Marí,es ESP,FW,Valencia,es La Liga,23.0,2001.0,1,0,7,0.1,0,0,0,0,0,0,0.0,0.0,0.0,0.0,0.0,0,0,,0.0,0.0,,,,2,4,50.0,33,7,0.0,0,0,0,0,0,0,0,0,1,1,12.86,0,0.0,0,0,0,0,0,,0,0,0,0,0,4,0,0,0,,2,0,0,0,0,4,2,0,0,0,1,0,0,0,0,0,0,
Pablo Marí,es ESP,DF,Monza,it Serie A,30.0,1993.0,19,19,1628,18.1,0,0,0,0,0,0,0.2,0.2,0.1,0.3,0.01,2,0,0.0,0.11,0.0,0.0,,0.08,997,1112,89.7,19296,6940,0.1,3,50,0,0,1,0,0,5,58,16,0.88,1,0.06,26,15,14,12,0,52.4,37,63,85,2,2,1296,228,5,6,100.0,765,5,0,4,5,861,1,4,1,1,27,0,0,1,0,59,40,65.6
Pablo Marí,es ESP,DF,Fiorentina,it Serie A,30.0,1993.0,13,12,1098,12.2,0,0,0,0,0,0,0.1,0.1,0.0,0.1,0.01,5,1,20.0,0.41,0.08,0.0,0.0,0.03,565,619,91.3,10152,3710,0.1,0,31,0,0,0,0,0,0,27,10,0.82,0,0.0,14,9,11,3,0,54.5,25,39,94,2,0,784,134,5,0,0.0,409,2,0,0,2,467,0,2,0,0,14,0,0,0,0,39,31,72.1
José María Giménez,uy URU,DF,Atlético Madrid,es La Liga,29.0,1995.0,27,20,1999,22.2,0,1,1,0,0,0,0.4,0.4,0.2,0.7,0.03,5,1,20.0,0.23,0.05,0.0,0.0,0.09,1250,1362,91.8,25411,9603,0.3,2,61,0,0,0,0,1,18,64,7,0.32,1,0.05,26,16,18,8,0,60.7,27,53,115,4,2,1582,272,11,2,66.7,1006,3,0,6,3,1094,1,5,0,0,13,0,0,0,1,78,38,50.7
Luca Marianucci,it ITA,DF,Empoli,it Serie A,20.0,2004.0,18,12,1069,11.9,0,0,0,0,0,0,0.6,0.6,0.2,0.8,0.07,8,2,25.0,0.67,0.17,0.0,0.0,0.08,354,461,76.8,7473,3116,0.2,3,29,2,1,7,0,0,9,28,12,1.01,0,0.0,28,12,17,11,0,57.9,19,47,63,4,1,609,64,5,5,50.0,299,12,0,7,3,311,3,0,1,0,11,0,0,0,0,43,28,45.9
Mirko Marić,hr CRO,"FW,MF",Monza,it Serie A,29.0,1995.0,8,1,106,1.2,0,0,0,0,0,0,0.2,0.2,0.0,0.2,0.19,1,0,0.0,0.85,0.0,0.0,,0.18,26,41,63.4,384,111,0.1,1,1,3,1,2,0,0,0,3,2,1.68,0,0.0,1,0,1,0,0,50.0,1,2,1,2,0,54,1,6,1,100.0,25,1,0,3,1,40,8,0,0,0,2,0,0,0,0,4,6,33.3
Mirko Marić,hr CRO,FW,Venezia,it Serie A,29.0,1995.0,10,4,356,4.0,0,0,0,0,0,0,0.6,0.6,0.0,0.6,0.16,6,0,0.0,1.52,0.0,0.0,,0.1,85,114,74.6,1122,251,0.1,2,9,1,0,3,0,0,0,9,9,2.27,0,0.0,6,3,5,1,0,40.0,1,7,10,0,0,161,11,12,2,33.3,83,4,0,12,5,110,27,0,0,0,3,0,0,0,0,11,13,37.1
Arkaitz Mariezkurrena,es ESP,"FW,MF",Real Sociedad,es La Liga,19.0,2005.0,9,1,241,2.7,2,0,2,2,0,0,1.0,1.0,0.1,1.1,0.41,10,5,50.0,3.73,1.87,0.2,0.4,0.1,47,68,69.1,662,125,0.2,2,1,4,1,5,0,0,0,4,7,2.61,1,0.37,1,0,1,0,0,0.0,1,2,4,5,0,105,5,8,3,60.0,60,3,1,9,6,68,12,1,0,0,13,0,0,0,0,10,4,57.1
Rafa Marín,es ESP,DF,Napoli,it Serie A,22.0,2002.0,4,1,142,1.6,0,0,0,0,0,0,0.2,0.2,0.0,0.2,0.14,2,1,50.0,1.27,0.63,0.0,0.0,0.11,115,118,97.5,2493,903,0.0,0,4,0,0,0,0,0,3,5,0,0.0,0,0.0,1,0,1,0,0,50.0,1,2,4,0,0,131,10,2,0,,78,2,0,1,0,108,0,1,0,0,2,0,0,0,0,4,2,50.0
Pablo Marín,es ESP,MF,Real Sociedad,es La Liga,21.0,2003.0,23,14,1239,13.8,1,2,3,1,0,0,1.4,1.4,1.0,2.4,0.17,21,7,33.3,1.53,0.51,0.05,0.14,0.07,374,467,80.1,5952,1090,0.8,14,38,9,2,12,0,2,0,45,26,1.89,2,0.15,25,17,6,13,6,52.6,5,30,14,11,0,641,20,24,20,57.1,349,20,6,40,17,419,47,3,0,0,19,2,0,1,0,62,18,40.9
Răzvan Marin,ro ROU,MF,Cagliari,it Serie A,28.0,1996.0,33,13,1406,15.6,3,2,5,1,2,2,2.4,0.8,3.6,4.5,0.39,21,8,38.1,1.34,0.51,0.05,0.13,0.04,564,741,76.1,10324,3201,3.5,34,56,20,2,77,44,5,4,84,62,3.97,2,0.13,22,13,8,11,3,52.0,2,24,20,17,2,860,20,22,13,54.2,471,22,4,18,16,544,29,4,0,0,25,1,0,0,0,70,9,34.6
Guillermo Maripán,cl CHI,DF,Torino,it Serie A,30.0,1994.0,28,27,2340,26.0,1,1,2,1,0,0,0.9,0.9,1.0,2.0,0.08,12,5,41.7,0.46,0.19,0.08,0.2,0.08,1151,1333,86.3,23605,8277,0.9,5,79,5,0,2,0,2,6,96,19,0.73,2,0.08,40,23,25,14,1,63.6,41,81,138,9,1,1636,159,23,2,25.0,962,14,2,19,5,1044,9,4,1,0,29,0,0,0,0,90,72,60.5
Mika Mármol,es ESP,DF,Las Palmas,es La Liga,23.0,2001.0,30,27,2399,26.7,0,1,1,0,0,0,0.4,0.4,1.5,1.9,0.07,10,0,0.0,0.38,0.0,0.0,,0.04,1112,1495,74.4,20092,8991,2.0,16,119,16,7,57,0,0,7,106,39,1.46,4,0.15,61,29,35,24,2,65.4,38,99,121,24,2,1820,145,16,7,46.7,793,33,1,15,5,1065,62,5,0,0,33,0,0,1,0,78,28,57.1
Omar Marmoush,eg EGY,"FW,MF",Manchester City,eng Premier League,25.0,1999.0,16,14,1175,13.1,7,0,7,7,0,0,5.5,5.5,2.8,8.3,0.64,49,17,34.7,3.75,1.3,0.14,0.41,0.11,252,318,79.2,3443,849,2.1,15,10,29,4,28,14,2,0,37,39,2.99,2,0.15,13,8,2,9,2,50.0,6,19,3,3,0,504,6,68,20,43.5,320,29,15,45,19,361,78,0,0,0,15,7,1,0,0,37,5,31.3
Omar Marmoush,eg EGY,FW,Eint Frankfurt,de Bundesliga,25.0,1999.0,17,17,1448,16.1,15,9,24,13,2,2,8.8,7.3,6.2,13.5,0.94,75,34,45.3,4.66,2.11,0.17,0.38,0.1,300,430,69.8,4868,1774,4.1,34,30,22,1,78,50,5,2,50,91,5.66,21,1.31,12,8,0,3,9,42.9,2,14,2,10,0,671,1,109,46,45.5,442,73,45,66,37,483,125,2,0,0,8,9,1,0,0,51,7,33.3
Mario Maroto,es ESP,MF,Valladolid,es La Liga,20.0,2003.0,2,0,64,0.7,0,1,1,0,0,0,0.0,0.0,0.1,0.1,0.12,1,0,0.0,1.41,0.0,0.0,,0.02,31,41,75.6,568,112,0.0,1,3,0,0,2,2,0,0,2,2,2.81,1,1.41,0,0,0,0,0,0.0,2,2,2,1,0,49,1,1,1,100.0,22,0,0,1,0,31,0,0,0,0,2,0,0,0,0,2,1,50.0
Marquinhos,br BRA,DF,Paris S-G,fr Ligue 1,30.0,1994.0,22,19,1725,19.2,2,0,2,2,0,0,1.1,1.1,0.8,1.9,0.1,8,3,37.5,0.42,0.16,0.25,0.67,0.14,1736,1830,94.9,33775,10072,1.0,9,184,4,1,3,0,3,13,151,31,1.62,1,0.05,30,19,8,16,6,75.8,11,41,64,6,0,1990,179,13,3,75.0,1335,29,0,4,1,1603,4,3,0,0,18,0,0,1,0,103,32,65.3
Ange Martial Tia,ml MLI,"MF,DF",Reims,fr Ligue 1,17.0,2006.0,6,2,171,1.9,0,0,0,0,0,0,1.3,1.3,0.0,1.3,0.7,4,2,50.0,2.11,1.05,0.0,0.0,0.32,44,62,71.0,605,192,0.0,2,3,1,0,3,2,0,0,8,4,2.11,0,0.0,4,3,1,2,1,33.3,2,6,4,0,0,92,5,3,3,42.9,43,2,0,5,5,46,9,0,0,0,3,0,0,0,0,12,5,62.5
Aarón Martín,es ESP,DF,Genoa,it Serie A,27.0,1997.0,36,35,3085,34.3,0,8,8,0,0,0,0.9,0.9,5.5,6.4,0.19,16,4,25.0,0.47,0.12,0.0,0.0,0.06,1221,1685,72.5,23065,8738,6.1,65,77,30,21,256,106,0,3,90,95,2.77,13,0.38,71,47,41,26,4,64.7,19,90,73,30,1,1951,87,20,12,44.4,878,50,4,22,17,1039,108,5,0,0,38,2,0,1,0,146,20,37.7
Carlos Martín,es ESP,"FW,MF",Alavés,es La Liga,22.0,2002.0,26,16,1333,14.8,2,2,4,2,0,0,2.3,2.3,2.7,5.0,0.34,26,12,46.2,1.76,0.81,0.08,0.17,0.09,261,400,65.3,3767,914,1.4,13,15,7,4,24,0,4,2,21,29,1.96,3,0.2,43,21,18,16,9,26.5,5,48,20,23,0,612,21,40,9,25.0,305,13,4,32,19,375,67,3,0,0,32,2,0,0,0,55,15,44.1
Diego Martín,es ESP,FW,Las Palmas,es La Liga,20.0,2003.0,2,0,40,0.4,0,0,0,0,0,0,0.0,0.0,0.0,0.0,0.08,1,0,0.0,2.25,0.0,0.0,,0.04,8,15,53.3,123,40,0.0,0,1,0,0,4,0,0,0,2,2,4.5,0,0.0,1,1,0,0,1,100.0,0,1,1,3,0,19,0,1,0,,10,1,0,0,0,12,5,0,0,0,0,1,0,0,0,1,0,0.0
Gerard Martín,es ESP,DF,Barcelona,es La Liga,22.0,2002.0,28,11,1038,11.5,1,3,4,1,0,0,0.5,0.5,1.1,1.6,0.14,7,2,28.6,0.61,0.17,0.14,0.5,0.07,656,789,83.1,9965,2760,1.7,12,27,16,4,36,0,1,1,40,27,2.34,3,0.26,22,10,10,7,5,68.8,13,35,27,23,0,909,29,19,4,36.4,413,10,1,7,4,586,122,2,0,0,14,1,0,0,0,42,14,70.0
Iván Martín,es ESP,MF,Girona,es La Liga,25.0,1999.0,32,24,2039,22.7,1,1,2,1,0,0,1.8,1.8,1.9,3.6,0.16,11,3,27.3,0.49,0.13,0.09,0.33,0.16,1251,1387,90.2,19711,3825,2.1,22,101,15,3,21,0,1,1,131,56,2.47,4,0.18,32,19,14,14,4,44.1,11,43,15,17,1,1577,35,18,25,53.2,1044,57,1,43,27,1264,76,1,0,0,21,1,0,0,0,110,4,18.2
Jon Martin,es ESP,DF,Real Sociedad,es La Liga,18.0,2006.0,13,6,904,10.0,0,1,1,0,0,0,0.6,0.6,0.2,0.8,0.08,9,1,11.1,0.9,0.1,0.0,0.0,0.07,468,539,86.8,9130,2975,0.2,4,19,2,0,0,0,0,1,34,8,0.8,1,0.1,11,9,7,3,1,66.7,7,18,80,3,1,677,99,13,0,,375,4,0,8,0,432,0,2,0,0,20,0,0,0,0,22,53,85.5
Jonas Martin,fr FRA,MF,Brest,fr Ligue 1,34.0,1990.0,17,5,496,5.5,1,0,1,1,0,0,0.4,0.4,0.3,0.7,0.14,3,1,33.3,0.54,0.18,0.33,1.0,0.14,277,312,88.8,4280,1049,0.4,3,21,3,2,3,0,0,1,21,8,1.45,2,0.36,13,7,10,2,1,54.5,8,21,12,6,1,369,21,8,2,50.0,169,8,0,4,5,254,9,2,0,0,7,0,0,1,0,30,6,40.0
Mario Martín,es ESP,MF,Valladolid,es La Liga,20.0,2004.0,30,20,1748,19.4,0,1,1,0,0,0,1.8,1.8,1.4,3.2,0.16,28,13,46.4,1.44,0.67,0.0,0.0,0.06,677,801,84.5,11986,2955,1.2,12,52,3,1,11,1,2,4,66,33,1.7,1,0.05,62,32,31,27,4,42.9,21,83,46,14,7,1083,80,25,19,50.0,558,18,2,37,23,673,22,8,3,1,50,6,0,1,0,83,31,47.7
Gabriel Martinelli,br BRA,"FW,MF",Arsenal,eng Premier League,23.0,2001.0,33,25,2290,25.4,8,4,12,8,0,0,7.4,7.4,5.0,12.4,0.49,55,24,43.6,2.16,0.94,0.15,0.33,0.14,499,699,71.4,7113,1534,4.7,40,11,37,15,92,3,5,2,52,74,2.91,7,0.27,23,15,9,6,8,30.4,5,28,19,37,0,994,17,182,33,30.3,670,124,64,50,38,752,289,1,0,0,16,3,0,0,0,78,17,30.4
Arnau Martinez,es ESP,"DF,MF",Girona,es La Liga,21.0,2003.0,32,30,2624,29.2,2,2,4,2,0,0,1.2,1.2,2.2,3.5,0.12,19,6,31.6,0.65,0.21,0.11,0.33,0.07,1603,1855,86.4,25826,6911,1.8,18,155,14,4,58,1,6,5,162,56,1.92,6,0.21,51,28,30,15,6,50.8,31,82,76,35,2,2108,89,55,20,54.1,1183,41,5,25,14,1402,102,3,0,0,20,2,0,1,0,125,29,56.9
Iñigo Martínez,es ESP,DF,Barcelona,es La Liga,33.0,1991.0,28,28,2490,27.7,0,4,4,0,0,0,0.5,0.5,2.6,3.1,0.11,13,2,15.4,0.47,0.07,0.0,0.0,0.04,2217,2435,91.0,41890,14576,1.8,16,259,9,1,8,0,3,34,260,45,1.63,9,0.33,25,14,20,5,0,72.7,18,43,108,15,1,2652,146,26,3,100.0,1711,70,0,11,3,2003,11,5,0,0,18,2,1,0,0,126,58,63.7
Javi Martínez,es ESP,MF,Osasuna,es La Liga,24.0,1999.0,1,0,6,0.1,0,0,0,0,0,0,0.0,0.0,0.0,0.0,0.0,0,0,,0.0,0.0,,,,9,9,100.0,126,55,0.0,0,1,0,0,0,0,0,0,1,0,0.0,0,0.0,0,0,0,0,0,,0,0,0,0,0,10,0,0,0,,6,0,0,0,0,10,0,0,0,0,0,0,0,0,0,0,0,
Lautaro Martínez,ar ARG,FW,Inter,it Serie A,26.0,1997.0,30,30,2474,27.5,12,3,15,12,0,0,13.5,13.5,4.3,17.8,0.62,99,33,33.3,3.6,1.2,0.12,0.36,0.13,472,634,74.4,7494,1609,4.3,36,41,22,1,11,0,9,10,68,77,2.7,8,0.28,30,16,10,12,8,52.0,10,40,15,21,0,981,15,162,17,36.2,625,34,12,70,54,754,197,1,0,0,41,4,0,0,0,73,35,47.9
Lisandro Martínez,ar ARG,DF,Manchester Utd,eng Premier League,26.0,1998.0,20,20,1751,19.5,2,1,3,2,0,0,1.3,1.3,1.1,2.4,0.13,17,6,35.3,0.87,0.31,0.12,0.33,0.08,1200,1342,89.4,20292,7055,1.3,9,91,18,2,9,0,5,3,117,26,1.34,2,0.1,40,24,25,12,3,58.3,32,72,57,7,1,1524,156,18,6,85.7,1017,23,2,1,3,1069,7,7,0,0,22,0,0,0,0,81,16,55.2
Lucas Martínez Quarta,ar ARG,DF,Fiorentina,it Serie A,28.0,1996.0,8,4,351,3.9,1,0,1,1,0,0,0.7,0.7,0.0,0.7,0.19,3,1,33.3,0.77,0.26,0.33,1.0,0.24,226,255,88.6,4391,1769,0.1,1,15,0,0,0,0,0,3,14,4,1.03,0,0.0,12,7,9,3,0,61.5,3,15,25,1,1,316,39,6,2,100.0,181,3,1,5,1,208,2,1,0,0,8,0,0,0,0,13,12,54.5
Ramón Martínez,es ESP,DF,Sevilla,es La Liga,21.0,2002.0,5,2,261,2.9,1,0,1,1,0,0,0.3,0.3,0.1,0.4,0.14,4,3,75.0,1.38,1.03,0.25,0.33,0.08,119,130,91.5,2397,541,0.0,1,10,0,0,0,0,0,0,5,6,2.07,0,0.0,6,3,5,1,0,60.0,2,8,23,0,0,167,26,3,1,100.0,85,1,0,1,1,108,2,0,0,0,1,0,0,0,0,5,7,70.0
Toni Martínez,es ESP,FW,Alavés,es La Liga,27.0,1997.0,28,9,1012,11.2,4,0,4,4,0,0,3.6,3.6,0.6,4.2,0.37,46,15,32.6,4.09,1.33,0.09,0.27,0.08,140,240,58.3,1676,280,0.9,11,11,4,1,7,0,2,3,11,27,2.4,1,0.09,12,7,5,4,3,50.0,1,13,15,2,0,401,15,70,9,60.0,162,13,7,41,11,272,57,1,0,0,17,2,0,1,0,30,79,53.7
Kevin Martins,it ITA,"MF,DF",Monza,it Serie A,19.0,2005.0,9,1,183,2.0,0,1,1,0,0,0,0.0,0.0,0.4,0.4,0.19,0,0,,0.0,0.0,,,,38,56,67.9,633,139,0.2,2,6,1,1,6,0,0,0,6,2,0.98,1,0.49,5,4,3,2,0,50.0,1,6,4,3,1,80,3,2,4,66.7,51,3,2,8,1,49,10,1,0,0,3,0,0,0,0,12,2,66.7
Javi Martón,es ESP,"FW,MF",Athletic Club,es La Liga,25.0,1999.0,3,0,53,0.6,0,0,0,0,0,0,0.0,0.0,0.0,0.0,0.0,0,0,,0.0,0.0,,,,6,7,85.7,68,2,0.0,0,1,0,0,0,0,0,0,0,1,1.73,0,0.0,0,0,0,0,0,,0,0,0,0,0,14,0,0,0,,6,0,0,5,0,8,3,1,0,0,1,0,0,0,0,2,2,66.7
Adam Marušić,me MNE,DF,Lazio,it Serie A,31.0,1992.0,35,26,2337,26.0,4,0,4,4,0,0,2.0,2.0,0.6,2.6,0.1,23,10,43.5,0.89,0.39,0.17,0.4,0.09,1053,1240,84.9,16214,5156,0.6,13,72,16,9,54,0,0,3,84,33,1.27,3,0.12,32,20,18,12,2,60.0,16,48,61,15,0,1433,76,31,10,43.5,683,23,0,12,13,926,108,1,0,0,20,0,0,0,1,83,29,52.7
Marvin,es ESP,"DF,FW",Las Palmas,es La Liga,24.0,2000.0,23,9,1038,11.5,0,0,0,0,0,0,0.2,0.2,1.1,1.3,0.12,5,0,0.0,0.43,0.0,0.0,,0.04,370,502,73.7,6233,1918,1.2,6,24,14,10,52,0,0,0,30,14,1.21,2,0.17,25,13,12,9,4,42.3,15,40,34,19,0,658,32,19,2,11.1,309,29,1,26,8,347,72,4,0,0,20,0,0,1,0,53,10,37.0
Omar Mascarell,gq EQG,MF,Mallorca,es La Liga,31.0,1993.0,32,21,1992,22.1,1,0,1,1,0,0,0.5,0.5,0.2,0.7,0.03,9,2,22.2,0.41,0.09,0.11,0.5,0.05,809,963,84.0,14242,3936,0.3,3,72,3,0,5,0,1,9,75,15,0.68,0,0.0,27,13,13,13,1,40.0,49,76,59,10,3,1189,98,10,10,66.7,589,10,1,11,9,727,12,5,1,0,30,1,0,0,0,90,44,63.8
Adam Masina,ma MAR,DF,Torino,it Serie A,30.0,1994.0,28,20,1919,21.3,1,2,3,1,0,0,0.7,0.7,0.3,1.0,0.05,8,2,25.0,0.38,0.09,0.13,0.5,0.09,1066,1267,84.1,19972,7055,0.7,4,72,6,2,14,0,1,8,73,21,0.98,4,0.19,33,15,22,10,1,57.5,27,60,95,4,2,1502,187,12,6,50.0,853,15,1,12,8,971,10,5,0,0,23,1,1,0,0,88,66,74.2
Patrizio Masini,it ITA,MF,Genoa,it Serie A,23.0,2001.0,26,16,1538,17.1,1,0,1,1,0,0,0.4,0.4,0.2,0.6,0.04,8,1,12.5,0.47,0.06,0.13,1.0,0.05,499,649,76.9,7915,1746,0.4,6,29,4,3,26,0,2,4,44,24,1.4,3,0.18,54,29,18,26,10,47.5,15,69,37,24,0,878,44,22,10,40.0,391,16,1,25,12,459,27,3,0,0,36,5,0,0,0,87,28,53.8
Giorgos Masouras,gr GRE,"FW,MF",Bochum,de Bundesliga,30.0,1994.0,14,12,1055,11.7,2,1,3,2,0,0,3.9,3.9,1.1,5.0,0.43,30,15,50.0,2.56,1.28,0.07,0.13,0.13,200,284,70.4,2740,688,1.1,10,11,7,4,26,0,0,1,19,29,2.47,5,0.43,18,10,6,7,5,43.8,4,22,3,9,1,403,7,53,5,35.7,220,26,13,28,6,260,82,1,0,0,12,1,0,0,0,44,26,41.9
Erhan Mašović,rs SRB,DF,Bochum,de Bundesliga,25.0,1998.0,16,10,910,10.1,1,1,2,1,0,0,0.6,0.6,0.9,1.5,0.15,7,4,57.1,0.69,0.4,0.14,0.25,0.09,349,422,82.7,7445,2958,0.5,3,28,0,0,0,0,1,2,35,7,0.69,1,0.1,14,10,10,4,0,46.4,12,26,55,4,0,539,75,11,0,0.0,290,1,0,5,3,323,4,2,0,0,12,0,0,0,0,32,22,59.5
Han-Noah Massengo,fr FRA,MF,Auxerre,fr Ligue 1,23.0,2001.0,17,11,1046,11.6,0,0,0,0,0,0,0.4,0.4,0.4,0.8,0.07,6,3,50.0,0.52,0.26,0.0,0.0,0.07,375,443,84.7,5808,1487,0.6,3,23,3,2,9,0,0,5,28,12,1.03,1,0.09,17,11,5,8,4,66.7,17,34,10,5,2,548,21,7,10,34.5,345,13,2,11,11,378,13,5,0,0,17,2,0,0,0,57,7,38.9
Clinton Mata,ao ANG,DF,Lyon,fr Ligue 1,31.0,1992.0,29,27,2370,26.3,0,4,4,0,0,0,0.2,0.2,1.4,1.6,0.06,5,0,0.0,0.19,0.0,0.0,,0.05,1448,1636,88.5,23759,8137,2.2,11,86,14,7,38,0,0,3,88,25,0.95,6,0.23,41,29,23,14,4,77.8,46,87,72,13,3,1877,188,14,14,46.7,1168,20,0,15,10,1287,23,6,0,0,27,1,0,0,0,129,21,55.3
Jaime Mata,es ESP,"FW,MF",Las Palmas,es La Liga,35.0,1988.0,30,4,656,7.3,0,0,0,0,0,0,2.6,2.6,0.1,2.8,0.38,17,6,35.3,2.33,0.82,0.0,0.0,0.15,127,187,67.9,1817,282,0.3,3,8,3,1,9,0,0,0,10,16,2.19,1,0.14,8,2,2,6,0,33.3,3,11,11,6,0,270,11,38,5,55.6,118,6,2,17,3,192,48,9,0,0,20,1,0,0,0,18,26,46.4
Igor Matanovic,hr CRO,FW,Eint Frankfurt,de Bundesliga,21.0,2003.0,16,2,312,3.5,1,0,1,1,0,0,1.1,1.1,0.0,1.2,0.34,12,4,33.3,3.46,1.15,0.08,0.25,0.1,57,75,76.0,837,209,0.1,1,8,1,0,0,0,1,0,6,8,2.31,1,0.29,2,0,0,2,0,0.0,1,3,9,3,0,133,8,17,3,60.0,78,2,2,21,9,103,19,0,0,0,6,0,0,0,0,8,10,40.0
Pape Matar Sarr,sn SEN,MF,Tottenham,eng Premier League,21.0,2002.0,36,22,1913,21.3,3,2,5,3,0,0,3.7,3.7,1.6,5.3,0.25,34,13,38.2,1.6,0.61,0.09,0.23,0.11,889,1029,86.4,13609,3128,0.8,15,85,12,2,14,0,1,3,88,45,2.12,7,0.33,49,36,19,23,7,48.0,30,79,25,20,1,1253,47,28,11,36.7,772,33,5,29,22,872,53,6,0,0,34,0,0,1,0,115,34,43.0
Eliot Matazo,be BEL,MF,Monaco,fr Ligue 1,22.0,2002.0,3,1,68,0.8,0,0,0,0,0,0,0.0,0.0,0.1,0.1,0.08,0,0,,0.0,0.0,,,,35,41,85.4,533,168,0.0,1,1,0,0,0,0,0,0,7,1,1.3,0,0.0,3,2,0,3,0,,1,4,2,0,0,54,2,0,0,0.0,23,0,0,3,0,31,3,0,0,0,0,0,0,0,0,7,1,100.0
Jean-Philippe Mateta,fr FRA,FW,Crystal Palace,eng Premier League,27.0,1997.0,37,33,2648,29.4,14,2,16,12,2,2,13.5,11.9,3.2,15.1,0.57,68,29,42.6,2.31,0.99,0.18,0.41,0.18,291,447,65.1,3849,1016,2.3,29,34,16,2,26,0,7,0,52,65,2.21,10,0.34,18,12,5,11,2,18.8,2,20,23,17,0,739,26,94,20,43.5,400,45,10,72,45,539,122,2,0,0,27,5,0,0,0,68,63,37.1
Nemanja Matić,rs SRB,MF,Lyon,fr Ligue 1,35.0,1988.0,29,25,2010,22.3,0,1,1,0,0,0,0.1,0.1,1.3,1.3,0.06,2,1,50.0,0.09,0.04,0.0,0.0,0.03,1230,1415,86.9,20931,6355,2.0,17,164,16,1,9,0,4,12,150,49,2.2,4,0.18,42,29,15,21,6,56.1,18,60,31,18,1,1569,70,32,8,61.5,979,35,8,13,21,1165,15,1,0,0,13,0,0,0,0,125,15,53.6
Rudy Matondo,fr FRA,MF,Auxerre,fr Ligue 1,16.0,2008.0,5,0,66,0.7,0,0,0,0,0,0,0.0,0.0,0.0,0.0,0.0,0,0,,0.0,0.0,,,,22,24,91.7,340,65,0.0,0,0,0,0,0,0,0,0,2,0,0.0,0,0.0,1,1,1,0,0,0.0,0,1,2,1,0,29,2,0,0,0.0,22,1,0,1,0,21,1,1,0,0,4,0,0,0,0,2,0,
Chrislain Matsima,fr FRA,DF,Augsburg,de Bundesliga,22.0,2002.0,30,28,2551,28.3,1,1,2,1,0,0,1.8,1.8,0.3,2.1,0.07,14,2,14.3,0.49,0.07,0.07,0.5,0.13,1139,1324,86.0,20152,6622,0.7,5,95,7,0,3,0,2,2,84,17,0.6,1,0.04,31,20,19,11,1,65.4,52,83,163,17,0,1669,229,24,7,58.3,910,14,2,20,9,989,13,4,0,0,10,0,0,1,1,143,68,70.8
Jean Mattéo Bahoya,fr FRA,"MF,FW",Eint Frankfurt,de Bundesliga,19.0,2005.0,24,10,921,10.2,2,3,5,2,0,0,1.9,1.9,1.7,3.6,0.35,10,3,30.0,0.98,0.29,0.2,0.67,0.19,260,350,74.3,3692,1155,2.3,18,15,11,4,31,8,1,1,28,41,4.01,6,0.59,29,18,11,13,5,61.5,4,33,10,12,1,475,8,33,17,56.7,267,24,10,19,17,293,93,3,0,0,9,2,0,0,0,51,13,65.0
Alan Matturro,uy URU,DF,Genoa,it Serie A,19.0,2004.0,13,9,900,10.0,0,0,0,0,0,0,0.2,0.2,0.2,0.4,0.04,4,3,75.0,0.4,0.3,0.0,0.0,0.05,280,359,78.0,5637,1806,0.3,3,10,4,2,8,0,0,1,15,9,0.9,0,0.0,11,6,6,5,0,21.4,14,25,38,7,0,458,51,9,3,60.0,218,12,1,6,3,260,9,2,0,0,10,0,0,1,0,26,16,50.0
Azor Matusiwa,nl NED,MF,Rennes,fr Ligue 1,26.0,1998.0,29,23,2078,23.1,1,3,4,1,0,0,1.2,1.2,1.8,3.1,0.13,11,2,18.2,0.48,0.09,0.09,0.5,0.11,975,1119,87.1,16247,4831,1.6,17,109,18,1,1,0,4,7,134,46,1.99,6,0.26,64,39,32,30,2,74.4,34,98,52,13,0,1358,74,15,17,77.3,619,19,3,22,17,818,26,3,0,0,29,2,0,1,0,134,28,60.9
Neal Maupay,fr FRA,FW,Marseille,fr Ligue 1,27.0,1996.0,22,13,1042,11.6,4,4,8,4,0,0,4.1,4.1,2.2,6.3,0.54,19,10,52.6,1.64,0.86,0.21,0.4,0.22,250,297,84.2,3404,651,1.3,13,15,12,0,1,0,1,0,37,22,1.9,5,0.43,9,4,1,6,2,50.0,2,11,0,9,0,386,2,48,6,42.9,201,12,7,34,20,300,81,3,1,1,10,0,0,0,0,21,8,36.4
Maurides,br BRA,FW,St. Pauli,de Bundesliga,30.0,1994.0,1,0,2,0.0,0,0,0,0,0,0,0.0,0.0,0.0,0.0,0.0,0,0,,0.0,0.0,,,,1,2,50.0,12,0,0.0,0,0,0,0,0,0,0,0,0,0,0.0,0,0.0,0,0,0,0,0,,0,0,0,0,0,2,0,0,0,,1,0,0,0,0,2,0,0,0,0,0,0,0,0,0,0,0,
Stephy Mavididi,eng ENG,FW,Leicester City,eng Premier League,26.0,1998.0,30,16,1615,17.9,4,1,5,4,0,0,1.8,1.8,2.6,4.4,0.25,26,7,26.9,1.45,0.39,0.15,0.57,0.07,460,613,75.0,6191,1429,3.3,22,32,26,7,69,7,6,0,57,50,2.78,7,0.39,34,19,16,10,8,33.3,11,45,15,24,0,863,23,61,35,36.8,583,91,27,39,35,623,138,2,0,0,18,2,0,0,0,83,9,37.5
Konstantinos Mavropanos,gr GRE,DF,West Ham,eng Premier League,26.0,1997.0,33,21,2045,22.7,0,0,0,0,0,0,1.5,1.5,0.5,2.0,0.09,18,5,27.8,0.79,0.22,0.0,0.0,0.09,1092,1265,86.3,21548,7277,0.4,5,64,4,1,2,0,1,24,61,16,0.7,0,0.0,35,24,24,10,1,59.3,40,75,126,10,1,1532,244,24,9,52.9,864,17,1,12,0,1008,2,6,1,1,17,0,0,0,0,77,57,69.5
Christian Mawissa,fr FRA,DF,Monaco,fr Ligue 1,19.0,2005.0,22,17,1501,16.7,0,0,0,0,0,0,0.1,0.1,0.0,0.1,0.01,1,1,100.0,0.06,0.06,0.0,0.0,0.07,827,945,87.5,13430,4378,0.1,1,51,0,0,3,0,0,0,44,7,0.42,0,0.0,42,29,27,13,2,59.1,26,68,48,12,1,1138,101,6,10,35.7,718,13,1,18,11,768,10,3,0,0,19,1,0,1,0,70,31,63.3
Keke Maximilian Topp,de GER,"FW,MF",Werder Bremen,de Bundesliga,20.0,2004.0,19,1,252,2.8,2,2,4,2,0,0,1.0,1.0,2.0,3.0,1.08,7,4,57.1,2.5,1.43,0.29,0.5,0.14,48,88,54.5,637,193,0.8,10,4,5,2,6,0,0,0,9,11,3.93,2,0.71,3,1,0,2,1,50.0,1,4,4,7,0,135,3,29,3,33.3,81,10,3,12,14,104,27,1,0,0,8,0,0,0,0,15,10,40.0
Borja Mayoral,es ESP,FW,Getafe,es La Liga,27.0,1997.0,24,7,1114,12.4,5,1,6,4,1,1,3.4,2.6,0.9,3.6,0.35,19,8,42.1,1.54,0.65,0.21,0.5,0.14,197,254,77.6,2876,459,0.3,8,11,2,0,9,0,0,5,13,19,1.54,2,0.16,5,4,2,2,1,33.3,2,7,6,7,0,366,9,40,6,30.0,209,10,8,23,20,251,43,0,0,0,9,0,0,0,0,36,17,29.3
Senny Mayulu,fr FRA,MF,Paris S-G,fr Ligue 1,18.0,2006.0,20,8,808,9.0,2,2,4,2,0,0,2.9,2.9,2.1,4.9,0.55,25,8,32.0,2.78,0.89,0.08,0.25,0.12,404,460,87.8,6268,1045,2.0,12,32,14,1,9,4,0,4,46,38,4.23,6,0.67,25,16,8,14,3,57.1,5,30,12,12,0,592,17,40,15,45.5,341,29,8,21,21,438,56,1,0,0,20,2,0,0,0,32,1,9.1
Noussair Mazraoui,ma MAR,DF,Manchester Utd,eng Premier League,26.0,1997.0,37,34,2838,31.5,0,1,1,0,0,0,0.7,0.7,1.5,2.2,0.07,13,3,23.1,0.41,0.1,0.0,0.0,0.05,1526,1781,85.7,23059,8056,1.9,20,125,20,5,23,0,7,6,115,56,1.78,1,0.03,115,68,58,42,15,62.8,34,149,95,35,1,2139,167,30,26,54.2,1172,42,3,25,17,1289,58,3,0,0,38,3,0,1,0,149,50,62.5
Luca Mazzitelli,it ITA,MF,Como,it Serie A,28.0,1995.0,11,3,335,3.7,1,1,2,1,0,0,0.2,0.2,0.6,0.8,0.21,7,3,42.9,1.88,0.81,0.14,0.33,0.03,156,197,79.2,2770,917,0.6,6,21,4,0,12,0,1,2,27,13,3.5,1,0.27,9,6,4,5,0,71.4,3,12,10,4,0,235,9,10,4,80.0,132,2,0,3,5,170,14,1,0,0,9,0,0,0,0,14,2,25.0
Pasquale Mazzocchi,it ITA,"DF,FW",Napoli,it Serie A,29.0,1995.0,20,7,702,7.8,0,0,0,0,0,0,0.3,0.3,0.4,0.6,0.08,3,1,33.3,0.38,0.13,0.0,0.0,0.09,244,304,80.3,3786,1012,0.6,5,6,8,3,13,0,2,0,23,18,2.3,0,0.0,15,7,7,5,3,53.3,5,20,25,6,0,385,27,10,10,58.8,206,20,2,13,11,228,43,3,0,0,9,1,0,0,0,31,5,38.5
Samuel Mbangula,be BEL,FW,Juventus,it Serie A,20.0,2004.0,23,7,709,7.9,3,3,6,3,0,0,0.6,0.6,1.4,2.0,0.25,9,5,55.6,1.14,0.63,0.33,0.6,0.07,230,269,85.5,3018,589,0.8,15,15,10,4,17,0,0,0,17,23,2.92,5,0.63,15,10,7,6,2,53.8,3,18,4,3,0,349,6,20,9,33.3,229,25,7,13,10,270,44,1,0,0,6,1,1,0,0,33,2,22.2
Ethan Mbappé,fr FRA,"MF,FW",Lille,fr Ligue 1,17.0,2006.0,10,1,222,2.5,0,0,0,0,0,0,1.1,1.1,1.5,2.6,1.05,11,4,36.4,4.46,1.62,0.0,0.0,0.1,105,139,75.5,1752,478,1.2,6,8,5,3,14,11,0,2,8,19,7.74,2,0.81,6,2,3,2,1,0.0,1,7,0,3,0,177,1,17,3,37.5,107,6,4,9,5,136,32,3,0,0,5,0,0,0,0,8,1,33.3
Kylian Mbappé,fr FRA,FW,Real Madrid,es La Liga,25.0,1998.0,34,34,2907,32.3,31,3,34,24,7,9,25.9,18.6,7.7,26.3,1.04,152,75,49.3,4.71,2.32,0.16,0.32,0.12,949,1145,82.9,13622,2382,6.6,51,75,52,3,35,6,6,19,140,133,4.12,15,0.46,8,5,1,3,4,20.0,1,9,1,33,1,1572,1,320,83,44.4,1065,150,96,84,49,1355,386,3,1,0,25,8,3,0,0,36,4,40.0
Ibrahim Mbaye,fr FRA,"FW,MF",Paris S-G,fr Ligue 1,16.0,2008.0,9,4,340,3.8,1,1,2,1,0,0,1.8,1.8,1.1,2.9,0.78,12,7,58.3,3.18,1.85,0.08,0.14,0.15,128,148,86.5,1753,259,0.3,3,6,3,0,5,0,0,0,9,8,2.12,2,0.53,4,2,1,2,1,37.5,2,6,2,2,0,198,2,16,5,31.3,161,15,7,10,11,170,54,0,0,0,6,0,0,0,0,10,2,33.3
Bryan Mbeumo,cm CMR,FW,Brentford,eng Premier League,24.0,1999.0,38,38,3414,37.9,20,7,27,15,5,6,12.3,7.5,8.3,15.9,0.54,79,34,43.0,2.08,0.9,0.19,0.44,0.1,872,1319,66.1,13902,4325,9.3,70,63,59,19,202,87,13,9,141,144,3.8,20,0.53,49,31,18,15,16,60.0,14,63,55,50,1,1781,62,168,52,46.8,1077,130,75,106,47,1204,351,3,0,0,25,4,0,0,0,156,34,31.5
James Mcatee,eng ENG,"MF,FW",Manchester City,eng Premier League,21.0,2002.0,15,3,349,3.9,3,0,3,3,0,0,2.8,2.8,0.5,3.3,0.85,12,4,33.3,3.09,1.03,0.25,0.75,0.23,100,125,80.0,1491,254,0.8,3,7,2,0,8,1,1,0,7,4,1.03,1,0.26,5,2,0,4,1,14.3,2,7,1,4,0,168,2,21,2,28.6,96,7,1,5,1,122,32,1,0,0,6,0,0,0,0,8,2,40.0
Kasey McAteer,ie IRL,FW,Leicester City,eng Premier League,22.0,2001.0,18,9,852,9.5,1,1,2,1,0,0,1.0,1.0,0.7,1.7,0.18,13,7,53.8,1.37,0.74,0.08,0.14,0.08,183,252,72.6,2556,613,0.6,9,13,6,2,21,0,0,0,14,20,2.11,2,0.21,23,16,11,9,3,48.3,5,28,15,13,0,379,21,30,6,24.0,224,19,9,20,16,243,71,3,0,0,18,2,0,0,0,45,13,43.3
Oliver McBurnie,sct SCO,FW,Las Palmas,es La Liga,28.0,1996.0,34,20,1837,20.4,3,6,9,3,0,0,4.8,4.8,2.8,7.6,0.37,32,12,37.5,1.57,0.59,0.09,0.25,0.15,276,419,65.9,3391,779,1.0,24,23,7,1,2,0,0,0,27,42,2.06,6,0.29,15,7,5,8,2,41.7,6,21,24,5,0,605,29,93,16,47.1,269,7,7,38,21,426,75,3,0,0,32,3,0,0,0,40,87,48.3
John McGinn,sct SCO,"MF,FW",Aston Villa,eng Premier League,29.0,1994.0,34,27,2223,24.7,1,4,5,1,0,0,3.1,2.8,3.5,6.3,0.27,31,5,16.1,1.26,0.2,0.03,0.2,0.09,699,854,81.9,11807,3243,2.7,31,70,29,8,60,22,9,2,103,76,3.08,8,0.32,33,24,10,14,9,41.9,14,47,18,17,3,1072,31,58,20,42.6,581,32,7,37,29,744,87,7,0,0,43,5,1,0,0,100,17,58.6
Scott McKenna,sct SCO,DF,Las Palmas,es La Liga,27.0,1996.0,29,28,2466,27.4,0,0,0,0,0,0,1.1,1.1,0.7,1.8,0.07,10,0,0.0,0.36,0.0,0.0,,0.11,1276,1471,86.7,23646,7874,0.4,4,50,1,0,2,0,0,6,45,12,0.44,0,0.0,21,13,16,5,0,75.0,9,30,163,5,2,1745,272,23,3,100.0,912,11,2,8,4,1140,3,5,1,0,13,0,0,1,1,69,85,65.9
Weston McKennie,us USA,"MF,DF",Juventus,it Serie A,25.0,1998.0,32,27,2310,25.7,2,4,6,2,0,0,2.9,2.9,3.6,6.5,0.25,22,8,36.4,0.86,0.31,0.09,0.25,0.13,928,1117,83.1,14100,3768,3.5,32,70,22,2,19,0,6,4,101,60,2.34,9,0.35,33,12,18,11,4,59.1,14,47,37,19,0,1350,51,57,20,58.8,719,28,7,41,26,911,153,3,0,0,32,3,0,1,0,104,35,53.8
Mark McKenzie,us USA,DF,Toulouse,fr Ligue 1,25.0,1999.0,30,29,2496,27.7,1,1,2,1,0,0,1.4,1.4,0.5,1.9,0.07,8,2,25.0,0.29,0.07,0.13,0.5,0.17,1167,1356,86.1,21104,8135,0.2,4,101,0,0,1,0,0,6,97,14,0.5,1,0.04,52,31,31,20,1,73.3,22,74,141,9,1,1648,181,15,4,44.4,878,10,1,13,7,969,5,1,1,0,30,0,0,1,0,128,44,56.4
Dwight McNeil,eng ENG,"MF,FW",Everton,eng Premier League,24.0,1999.0,21,15,1371,15.2,4,6,10,4,0,0,1.1,1.1,5.2,6.3,0.41,25,10,40.0,1.64,0.66,0.16,0.4,0.04,461,619,74.5,8501,2790,4.3,37,40,36,10,105,45,8,5,69,72,4.73,10,0.66,13,8,6,5,2,42.9,6,19,2,16,1,748,6,25,24,53.3,443,38,5,26,33,510,80,1,0,0,6,2,0,0,0,76,3,15.0
Scott McTominay,sct SCO,MF,Manchester Utd,eng Premier League,27.0,1996.0,2,0,19,0.2,0,0,0,0,0,0,0.1,0.1,0.0,0.1,0.33,1,0,0.0,4.74,0.0,0.0,,0.07,10,10,100.0,186,99,0.0,0,2,0,0,0,0,0,0,1,1,4.74,0,0.0,0,0,0,0,0,0.0,0,0,1,0,0,14,1,1,0,0.0,10,0,0,1,1,9,2,0,0,0,0,0,0,0,0,1,1,100.0
Scott McTominay,sct SCO,MF,Napoli,it Serie A,27.0,1996.0,34,33,2938,32.6,12,4,16,12,0,0,7.4,7.4,2.7,10.1,0.31,76,33,43.4,2.33,1.01,0.16,0.36,0.1,777,924,84.1,12625,2930,1.7,26,72,22,1,11,0,9,8,112,69,2.11,10,0.31,43,25,12,27,4,50.0,24,67,51,20,0,1314,52,106,39,44.3,726,56,15,68,48,944,131,3,0,0,45,5,1,0,0,143,66,56.9
Jakov Medić,hr CRO,DF,Bochum,de Bundesliga,25.0,1998.0,23,17,1603,17.8,1,0,1,1,0,0,0.9,0.9,0.2,1.0,0.06,14,3,21.4,0.79,0.17,0.07,0.33,0.06,667,763,87.4,13727,4502,0.5,3,31,4,1,1,0,2,2,27,10,0.56,1,0.06,13,11,9,3,1,44.4,22,35,111,2,4,975,167,22,2,66.7,498,2,0,7,3,544,3,2,0,0,10,0,0,1,0,73,30,52.6
Facundo Medina,ar ARG,DF,Lens,fr Ligue 1,25.0,1999.0,29,29,2543,28.3,0,1,1,0,0,0,1.8,1.8,2.0,3.8,0.13,27,3,11.1,0.96,0.11,0.0,0.0,0.07,1655,1889,87.6,27012,9960,3.4,24,157,30,2,16,0,3,5,174,68,2.41,3,0.11,44,29,22,18,4,57.1,32,76,70,18,0,2176,121,31,10,37.0,1328,46,2,27,14,1514,42,15,1,1,29,0,0,1,0,165,30,55.6
Ben Mee,eng ENG,DF,Brentford,eng Premier League,34.0,1989.0,7,2,183,2.0,0,0,0,0,0,0,0.0,0.0,0.0,0.0,0.0,0,0,,0.0,0.0,,,,93,120,77.5,1751,688,0.0,0,10,0,0,0,0,0,1,11,0,0.0,0,0.0,2,2,0,2,0,100.0,4,6,7,1,0,138,18,3,0,,78,3,1,0,0,86,2,2,0,0,5,0,0,0,0,11,5,50.0
Jayden Meghoma,eng ENG,DF,Brentford,eng Premier League,18.0,2006.0,1,0,5,0.1,0,0,0,0,0,0,0.0,0.0,0.0,0.0,0.0,0,0,,0.0,0.0,,,,3,3,100.0,28,7,0.0,0,0,0,0,0,0,0,0,0,0,0.0,0,0.0,0,0,0,0,0,,0,0,0,0,0,3,1,0,0,,1,0,0,0,0,2,0,0,0,0,0,0,0,0,0,1,0,
Henrik Meister,dk DEN,FW,Rennes,fr Ligue 1,20.0,2003.0,4,0,63,0.7,1,0,1,1,0,0,0.1,0.1,0.3,0.3,0.45,2,1,50.0,2.86,1.43,0.5,1.0,0.03,11,14,78.6,94,32,0.0,2,1,0,0,0,0,0,0,1,3,4.29,1,1.43,2,0,0,2,0,,1,3,0,0,0,31,0,3,0,,12,2,1,7,2,14,4,0,0,0,3,0,0,0,0,7,2,40.0
Bamo Meïté,ci CIV,DF,Montpellier,fr Ligue 1,22.0,2001.0,7,6,424,4.7,0,0,0,0,0,0,0.0,0.0,0.0,0.0,0.0,1,0,0.0,0.21,0.0,0.0,,0.02,153,173,88.4,2471,785,0.0,0,4,0,0,0,0,0,0,7,2,0.42,0,0.0,5,3,2,1,2,50.0,4,9,14,3,3,210,25,2,1,50.0,99,1,0,3,3,142,1,2,1,0,8,0,0,0,0,8,5,45.5
Bamo Meïté,ci CIV,DF,Marseille,fr Ligue 1,22.0,2001.0,3,0,26,0.3,0,0,0,0,0,0,0.0,0.0,0.0,0.0,0.0,0,0,,0.0,0.0,,,,26,28,92.9,333,121,0.0,0,2,0,0,0,0,0,0,0,0,0.0,0,0.0,0,0,0,0,0,,0,0,1,1,0,31,1,0,0,0.0,21,0,0,0,0,24,0,0,0,0,1,0,0,0,0,0,0,
Mohamed Meité,fr FRA,FW,Rennes,fr Ligue 1,16.0,2007.0,12,5,544,6.0,2,0,2,2,0,0,2.5,2.5,0.6,3.1,0.51,15,5,33.3,2.48,0.83,0.13,0.4,0.16,62,94,66.0,781,184,0.4,5,3,3,0,2,0,1,0,6,13,2.17,1,0.17,2,0,0,2,0,100.0,0,2,5,4,0,155,4,29,1,9.1,100,8,5,21,17,126,37,0,0,0,14,1,0,0,0,5,15,57.7
Mateo Mejía,es ESP,FW,Sevilla,es La Liga,21.0,2003.0,1,0,11,0.1,0,0,0,0,0,0,0.0,0.0,0.0,0.0,0.0,0,0,,0.0,0.0,,,,0,1,0.0,0,0,0.0,0,0,0,0,0,0,0,0,0,1,8.18,0,0.0,0,0,0,0,0,,0,0,0,0,0,2,0,0,0,0.0,1,0,0,0,0,1,0,0,0,0,0,1,0,0,0,0,1,100.0
Farid El Melali,dz ALG,FW,Angers,fr Ligue 1,27.0,1997.0,32,22,1893,21.0,2,3,5,2,0,0,3.6,3.6,3.1,6.7,0.32,46,14,30.4,2.19,0.67,0.04,0.14,0.08,372,532,69.9,5612,1779,3.0,25,18,14,2,87,55,0,0,43,67,3.18,11,0.52,28,16,15,6,7,37.1,16,44,12,21,1,842,11,70,52,43.7,472,62,31,64,40,517,113,1,0,0,21,7,3,0,0,100,6,22.2
Filippo Melegoni,it ITA,"MF,FW",Genoa,it Serie A,25.0,1999.0,3,1,89,1.0,0,1,1,0,0,0,0.0,0.0,0.5,0.5,0.55,1,0,0.0,1.01,0.0,0.0,,0.04,9,16,56.3,197,105,0.2,1,1,1,0,2,0,1,0,1,1,1.01,1,1.01,1,1,1,0,0,0.0,0,1,2,3,0,27,2,1,1,50.0,13,0,0,3,1,15,2,0,0,0,0,0,0,0,0,2,1,100.0
Arthur Melo,br BRA,MF,Girona,es La Liga,27.0,1996.0,15,10,941,10.5,0,0,0,0,0,0,0.2,0.2,0.2,0.4,0.04,6,1,16.7,0.57,0.1,0.0,0.0,0.03,668,723,92.4,12132,2545,0.6,5,70,4,1,7,1,0,0,70,15,1.43,1,0.1,25,11,8,12,5,51.9,8,33,12,7,1,806,31,2,8,57.1,539,24,0,10,9,625,17,2,0,0,16,0,0,0,0,49,0,0.0
Nuno Mendes,pt POR,DF,Paris S-G,fr Ligue 1,22.0,2002.0,24,19,1676,18.6,1,3,4,1,0,0,2.2,2.2,5.0,7.2,0.39,21,9,42.9,1.13,0.48,0.05,0.11,0.1,1293,1488,86.9,22683,6256,4.1,30,119,34,13,60,9,3,25,127,72,3.87,6,0.32,30,19,15,12,3,59.0,18,48,37,21,2,1701,55,42,31,58.5,990,58,12,28,22,1215,108,3,0,0,13,3,1,1,0,108,15,57.7
Brais Méndez,es ESP,MF,Real Sociedad,es La Liga,27.0,1997.0,27,19,1531,17.0,3,2,5,3,0,0,3.5,3.5,2.0,5.5,0.33,28,9,32.1,1.65,0.53,0.11,0.33,0.13,631,810,77.9,9572,2725,2.3,23,68,13,3,52,29,3,12,91,43,2.53,2,0.12,24,13,6,14,4,37.5,7,31,16,22,1,1020,17,58,14,28.0,554,32,8,37,34,744,86,4,0,0,41,2,0,0,0,76,18,40.0
Antoine Mendy,sn SEN,DF,Nice,fr Ligue 1,20.0,2004.0,18,8,825,9.2,0,0,0,0,0,0,0.6,0.6,0.1,0.7,0.07,9,1,11.1,0.98,0.11,0.0,0.0,0.07,394,486,81.1,6764,2080,0.3,2,29,7,3,7,0,1,2,35,13,1.42,2,0.22,30,21,16,14,0,65.5,8,38,29,6,1,595,44,11,5,41.7,314,12,1,11,4,365,15,2,0,0,13,1,0,0,0,48,17,56.7
Ferland Mendy,fr FRA,DF,Real Madrid,es La Liga,29.0,1995.0,14,12,1005,11.2,0,1,1,0,0,0,0.0,0.0,0.5,0.5,0.05,0,0,,0.0,0.0,,,,630,671,93.9,9091,2431,0.7,3,44,1,0,1,0,0,2,36,5,0.45,1,0.09,17,14,7,6,4,75.0,9,26,8,8,1,739,30,4,3,50.0,447,12,1,10,9,535,40,1,1,0,5,0,0,0,0,36,4,66.7
Nampalys Mendy,sn SEN,MF,Lens,fr Ligue 1,32.0,1992.0,10,7,588,6.5,0,1,1,0,0,0,0.2,0.2,0.1,0.3,0.04,3,0,0.0,0.46,0.0,0.0,,0.07,260,290,89.7,4085,1076,0.2,1,34,2,1,2,0,0,3,28,11,1.68,2,0.31,15,8,4,7,4,42.9,9,24,8,4,0,357,11,3,1,25.0,204,2,0,7,9,245,3,2,0,0,11,1,0,0,0,30,1,50.0
Nobel Mendy,fr FRA,DF,Betis,es La Liga,19.0,2004.0,2,1,108,1.2,0,0,0,0,0,0,0.0,0.0,0.0,0.0,0.0,0,0,,0.0,0.0,,,,46,53,86.8,1082,444,0.0,0,5,0,0,0,0,0,0,3,1,0.83,0,0.0,0,0,0,0,0,,4,4,10,0,1,71,18,0,0,,35,0,0,1,0,38,0,1,0,0,1,0,0,0,0,7,1,100.0
Gideon Mensah,gh GHA,DF,Auxerre,fr Ligue 1,26.0,1998.0,29,26,2280,25.3,0,1,1,0,0,0,0.2,0.2,2.6,2.8,0.11,4,1,25.0,0.16,0.04,0.0,0.0,0.04,1056,1321,79.9,17277,6655,1.7,22,68,26,14,76,0,2,12,93,51,2.01,5,0.2,68,45,37,21,10,50.0,50,118,83,37,0,1627,95,15,29,53.7,880,52,7,39,31,888,101,2,0,0,33,0,0,1,0,172,16,45.7
Mikel Merino,es ESP,"MF,FW",Arsenal,eng Premier League,28.0,1996.0,28,17,1586,17.6,7,2,9,7,0,0,5.9,5.9,2.0,7.9,0.45,38,13,34.2,2.16,0.74,0.18,0.54,0.16,451,577,78.2,6182,1776,1.2,17,40,24,4,13,0,5,1,69,43,2.44,4,0.23,46,28,7,26,13,55.6,15,61,26,12,2,783,37,79,9,39.1,388,11,4,24,27,504,94,4,1,1,41,2,0,0,0,86,59,51.8
Quentin Merlin,fr FRA,DF,Marseille,fr Ligue 1,22.0,2002.0,27,21,1589,17.7,1,3,4,1,0,0,2.1,2.1,3.0,5.0,0.28,26,9,34.6,1.47,0.51,0.04,0.11,0.08,943,1145,82.4,15694,3325,2.4,25,57,27,9,95,26,0,4,86,59,3.34,9,0.51,22,17,12,5,5,56.3,14,36,17,27,1,1296,17,49,4,21.1,732,40,9,20,9,924,169,1,0,0,11,1,0,0,0,69,7,31.8
Víctor Meseguer,es ESP,MF,Valladolid,es La Liga,25.0,1999.0,14,2,418,4.6,0,0,0,0,0,0,0.7,0.7,0.0,0.7,0.15,6,0,0.0,1.29,0.0,0.0,,0.11,148,189,78.3,2262,703,0.3,1,17,1,1,3,0,1,1,22,8,1.72,1,0.22,10,6,4,4,2,20.0,2,12,4,6,1,234,5,11,1,25.0,100,2,0,7,3,151,22,1,0,0,8,1,0,0,0,25,10,55.6
Rafik Messali,fr FRA,DF,Toulouse,fr Ligue 1,21.0,2003.0,13,5,456,5.1,0,1,1,0,0,0,0.3,0.3,1.0,1.3,0.25,4,0,0.0,0.79,0.0,0.0,,0.07,166,227,73.1,2756,890,1.0,11,15,8,3,16,0,0,0,21,16,3.16,2,0.39,15,8,6,6,3,87.5,10,25,12,10,0,298,12,12,4,44.4,155,13,5,16,12,176,29,0,0,0,9,0,0,0,0,28,6,60.0
Junior Messias,br BRA,"MF,FW",Genoa,it Serie A,33.0,1991.0,17,8,847,9.4,1,1,2,1,0,1,2.4,1.4,0.7,2.1,0.33,17,5,29.4,1.81,0.53,0.06,0.2,0.08,149,234,63.7,2611,897,0.6,8,23,8,2,22,2,2,1,32,23,2.44,3,0.32,13,7,6,6,1,30.0,6,19,20,8,0,397,23,18,10,22.7,226,32,5,34,5,251,49,1,0,0,8,4,0,0,0,39,14,35.0
Connor Metcalfe,au AUS,"MF,FW",St. Pauli,de Bundesliga,24.0,1999.0,10,3,358,4.0,0,0,0,0,0,0,0.7,0.7,0.2,0.9,0.22,6,3,50.0,1.51,0.75,0.0,0.0,0.12,76,118,64.4,1191,445,0.2,3,6,2,1,7,3,0,0,8,6,1.5,0,0.0,2,0,1,1,0,0.0,3,5,8,3,0,156,10,4,3,50.0,58,6,2,5,0,80,11,2,1,1,5,2,0,0,0,9,13,54.2
Karol Mets,ee EST,DF,St. Pauli,de Bundesliga,31.0,1993.0,10,10,900,10.0,0,0,0,0,0,0,0.1,0.1,0.2,0.3,0.03,3,0,0.0,0.3,0.0,0.0,,0.04,526,631,83.4,10181,3728,0.4,3,49,3,1,3,0,0,5,54,9,0.9,0,0.0,13,8,6,7,0,57.1,12,25,60,3,0,736,99,8,0,0.0,343,5,0,4,0,466,2,1,0,0,7,0,0,1,0,35,24,70.6
Thomas Meunier,be BEL,DF,Lille,fr Ligue 1,32.0,1991.0,30,21,1928,21.4,2,0,2,2,0,0,1.9,1.9,0.7,2.5,0.12,28,11,39.3,1.31,0.51,0.07,0.18,0.07,1188,1477,80.4,20433,6391,2.4,13,123,31,7,62,2,2,8,136,37,1.73,7,0.33,53,38,32,15,6,67.3,34,87,64,23,0,1736,71,58,14,50.0,899,64,5,24,11,1122,148,5,0,0,27,1,0,1,0,88,33,63.5
Shumaira Mheuka,eng ENG,MF,Chelsea,eng Premier League,16.0,2007.0,1,0,1,0.0,0,0,0,0,0,0,0.1,0.1,0.0,0.1,5.06,1,1,100.0,90.0,90.0,0.0,0.0,0.06,0,0,,0,0,0.0,0,0,0,0,0,0,0,0,0,0,0.0,0,0.0,0,0,0,0,0,,0,0,0,0,0,2,0,1,0,,1,0,0,0,0,2,0,0,0,0,0,0,0,0,0,0,1,100.0
Lucas Michal,fr FRA,"FW,MF",Monaco,fr Ligue 1,19.0,2005.0,8,0,117,1.3,0,0,0,0,0,0,0.2,0.2,0.9,1.1,0.87,3,1,33.3,2.31,0.77,0.0,0.0,0.08,36,44,81.8,411,71,0.6,1,0,2,0,2,0,0,0,4,7,5.38,1,0.77,5,3,3,2,0,50.0,1,6,2,0,0,64,2,6,1,25.0,38,4,1,1,3,44,11,0,0,0,5,0,0,0,0,4,3,37.5
Florian Micheler,at AUT,MF,Hoffenheim,de Bundesliga,19.0,2005.0,1,0,32,0.4,0,0,0,0,0,0,0.0,0.0,0.0,0.0,0.0,0,0,,0.0,0.0,,,,11,12,91.7,158,45,0.0,0,1,0,0,0,0,0,0,1,0,0.0,0,0.0,0,0,0,0,0,0.0,0,0,0,0,0,12,0,0,1,100.0,11,1,0,0,0,10,1,1,0,0,1,0,0,0,0,1,0,
Miguel,es ESP,FW,Leganés,es La Liga,24.0,1999.0,34,17,1724,19.2,1,3,4,0,1,2,4.9,3.3,1.4,4.8,0.33,33,14,42.4,1.72,0.73,0.0,0.0,0.1,139,237,58.6,2021,381,0.8,7,9,5,1,9,0,4,1,16,28,1.46,6,0.31,16,7,6,4,6,28.6,4,20,23,12,1,472,26,60,8,22.2,258,14,9,72,26,327,90,3,0,0,23,6,0,0,0,27,29,23.2
Valentin Mihaila,ro ROU,"FW,MF",Parma,it Serie A,24.0,2000.0,21,16,1288,14.3,0,3,3,0,0,0,2.4,2.4,1.2,3.6,0.25,31,11,35.5,2.17,0.77,0.0,0.0,0.08,325,431,75.4,4879,1423,1.1,17,28,17,3,33,40,3,4,41,48,3.36,5,0.35,29,15,8,13,8,40.9,8,37,6,8,0,582,5,31,10,37.0,332,25,11,29,20,389,72,2,0,0,17,3,0,1,0,39,13,32.5
Georges Mikautadze,ge GEO,FW,Lyon,fr Ligue 1,23.0,2000.0,34,13,1449,16.1,11,6,17,8,3,4,10.3,7.0,4.3,11.4,0.91,52,22,42.3,3.23,1.37,0.15,0.36,0.14,326,426,76.5,4382,925,3.7,21,21,14,0,9,0,4,3,54,49,3.05,12,0.75,7,6,1,3,3,33.3,4,11,6,14,0,653,9,119,17,28.8,402,37,21,49,20,510,140,2,0,0,7,3,2,0,0,44,15,27.3
Igor Miladinović,rs SRB,"FW,MF",Saint-Étienne,fr Ligue 1,21.0,2003.0,3,0,26,0.3,0,0,0,0,0,0,0.0,0.0,0.0,0.0,0.0,0,0,,0.0,0.0,,,,12,15,80.0,199,27,0.0,0,2,0,0,0,0,0,0,1,0,0.0,0,0.0,0,0,0,0,0,,1,1,1,0,0,20,2,0,0,0.0,10,0,0,1,1,14,1,0,0,0,0,0,0,0,0,4,2,100.0
Nikola Milenković,rs SRB,DF,Nott'ham Forest,eng Premier League,26.0,1997.0,37,37,3330,37.0,5,2,7,5,0,0,4.0,4.0,1.1,5.1,0.14,29,8,27.6,0.78,0.22,0.17,0.63,0.14,850,1033,82.3,17093,6325,0.5,9,53,2,0,0,0,0,3,51,21,0.57,3,0.08,51,29,36,13,2,79.4,27,78,209,3,1,1412,257,64,1,100.0,547,3,2,4,2,727,6,4,0,0,20,0,0,0,0,85,101,72.1
Lewis Miley,eng ENG,MF,Newcastle Utd,eng Premier League,18.0,2006.0,14,1,313,3.5,1,0,1,1,0,0,0.5,0.5,0.0,0.6,0.16,3,2,66.7,0.86,0.58,0.33,0.5,0.18,168,191,88.0,2439,402,0.3,1,11,4,0,0,0,1,0,17,4,1.15,0,0.0,14,11,5,7,2,50.0,2,16,5,4,2,235,5,6,1,33.3,112,2,0,8,1,163,8,0,0,0,3,0,0,0,0,16,6,46.2
Éder Militão,br BRA,DF,Real Madrid,es La Liga,26.0,1998.0,12,11,938,10.4,1,1,2,1,0,0,0.6,0.6,0.5,1.1,0.11,10,3,30.0,0.96,0.29,0.1,0.33,0.06,636,712,89.3,13095,4633,0.2,6,56,3,0,2,0,0,15,46,12,1.15,1,0.1,19,17,14,5,0,58.3,12,31,35,3,0,819,92,13,5,62.5,533,7,0,6,3,603,1,2,0,0,18,0,0,0,0,44,21,63.6
Luis Milla,es ESP,MF,Getafe,es La Liga,29.0,1994.0,33,32,2875,31.9,1,4,5,0,1,1,1.8,1.0,3.9,4.9,0.18,31,7,22.6,0.97,0.22,0.0,0.0,0.03,1129,1536,73.5,20495,6152,4.9,70,149,26,10,201,113,4,23,152,130,4.07,6,0.19,61,40,28,25,8,48.6,24,85,28,17,3,1802,43,20,21,53.8,799,32,4,46,17,890,30,6,0,0,38,5,0,1,0,168,31,47.0
Pere Milla,es ESP,"MF,FW",Espanyol,es La Liga,31.0,1992.0,20,1,456,5.1,3,0,3,3,0,0,1.5,1.5,0.3,1.8,0.35,11,5,45.5,2.17,0.99,0.27,0.6,0.13,97,165,58.8,1707,456,0.3,5,9,5,0,14,7,5,2,13,13,2.57,1,0.2,6,2,5,0,1,5.6,3,9,5,12,0,239,5,17,2,28.6,117,9,4,16,6,140,27,3,0,0,5,0,0,0,0,25,11,57.9
Enzo Millot,fr FRA,"MF,FW",Stuttgart,de Bundesliga,22.0,2002.0,29,22,1843,20.5,6,5,11,6,0,1,7.6,6.7,3.1,9.8,0.52,43,17,39.5,2.1,0.83,0.14,0.35,0.16,967,1140,84.8,13665,3306,3.5,23,89,30,3,41,20,5,6,118,66,3.22,10,0.49,30,13,10,15,5,34.3,13,43,6,26,1,1397,9,75,31,46.3,848,44,12,46,36,1067,123,9,0,0,25,3,0,1,0,99,8,29.6
James Milner,eng ENG,MF,Brighton,eng Premier League,38.0,1986.0,4,3,170,1.9,0,0,0,0,0,0,0.2,0.2,0.2,0.4,0.21,2,0,0.0,1.06,0.0,0.0,,0.08,55,74,74.3,899,347,0.2,4,3,1,1,8,6,2,0,10,8,4.24,0,0.0,5,2,1,3,1,100.0,2,7,2,1,1,93,3,4,1,100.0,47,1,0,0,0,59,10,1,0,0,3,1,0,0,0,2,0,0.0
Kim Min-jae,kr KOR,DF,Bayern Munich,de Bundesliga,27.0,1996.0,27,27,2283,25.4,2,0,2,2,0,0,1.6,1.6,0.3,1.9,0.08,7,5,71.4,0.28,0.2,0.29,0.4,0.23,2340,2530,92.5,39041,15291,0.9,6,236,2,0,0,0,1,5,181,26,1.03,2,0.08,35,20,18,13,4,52.4,37,72,91,10,4,2764,161,14,3,60.0,1644,16,1,14,5,2098,5,2,0,0,25,1,0,0,0,153,82,65.6
Yerry Mina,co COL,DF,Cagliari,it Serie A,29.0,1994.0,31,31,2569,28.5,1,0,1,1,0,0,2.3,2.3,0.3,2.6,0.09,26,8,30.8,0.91,0.28,0.04,0.13,0.09,1198,1394,85.9,22018,8376,0.7,4,63,6,1,1,0,1,2,76,26,0.91,2,0.07,66,32,43,21,2,76.9,37,103,163,8,3,1797,332,43,3,37.5,948,17,0,20,13,969,9,6,1,1,40,0,0,0,0,158,94,65.3
Takumi Minamino,jp JPN,"MF,FW",Monaco,fr Ligue 1,29.0,1995.0,31,27,2231,24.8,6,3,9,6,0,0,8.9,8.9,6.6,15.5,0.62,57,20,35.1,2.3,0.81,0.11,0.3,0.16,520,736,70.7,7341,2545,4.8,40,66,33,0,23,0,15,2,114,80,3.23,7,0.28,33,19,7,14,12,35.7,10,43,20,30,0,1016,24,135,12,30.0,567,51,27,56,23,709,193,4,0,0,31,0,0,0,0,88,19,38.8
Lucas Mincarelli,fr FRA,DF,Montpellier,fr Ligue 1,20.0,2004.0,10,8,715,7.9,1,0,1,1,0,0,0.6,0.6,0.3,0.9,0.11,7,2,28.6,0.88,0.25,0.14,0.5,0.09,309,379,81.5,5124,1980,0.6,3,24,2,2,21,5,0,0,25,6,0.75,0,0.0,17,10,6,9,2,46.2,9,26,27,6,0,462,35,8,1,20.0,255,15,2,5,2,297,16,0,0,0,5,0,0,0,0,25,5,35.7
Tyrone Mings,eng ENG,DF,Aston Villa,eng Premier League,31.0,1993.0,14,12,1120,12.4,0,0,0,0,0,0,0.8,0.8,0.2,1.0,0.08,9,1,11.1,0.72,0.08,0.0,0.0,0.09,596,676,88.2,10642,3364,0.2,3,48,5,0,1,0,0,3,40,18,1.45,2,0.16,7,6,6,1,0,100.0,7,14,61,7,1,794,146,17,2,66.7,484,7,1,3,1,532,1,1,0,0,4,1,0,0,0,38,27,55.1
Óscar Mingueza,es ESP,"MF,DF",Celta Vigo,es La Liga,25.0,1999.0,34,31,2729,30.3,4,6,10,4,0,0,1.5,1.5,5.6,7.1,0.23,33,10,30.3,1.09,0.33,0.12,0.4,0.04,1692,2197,77.0,29803,11814,6.4,35,176,69,11,139,35,15,14,200,97,3.2,14,0.46,38,24,21,12,5,37.7,22,60,46,40,7,2460,63,42,25,41.7,1386,69,12,41,14,1692,194,6,1,0,24,3,1,0,0,138,11,50.0
Kim Minsu,kr KOR,"MF,FW",Girona,es La Liga,18.0,2006.0,3,0,22,0.2,0,0,0,0,0,0,0.0,0.0,0.0,0.0,0.0,0,0,,0.0,0.0,,,,9,10,90.0,105,8,0.0,0,0,0,0,0,0,0,0,0,0,0.0,0,0.0,1,0,0,1,0,,0,1,0,0,0,18,0,0,0,0.0,12,0,0,3,1,15,2,0,0,0,0,0,0,0,0,1,0,0.0
Yankuba Minteh,gm GAM,"FW,MF",Brighton,eng Premier League,20.0,2004.0,32,20,1838,20.4,6,4,10,6,0,0,4.1,4.1,5.0,9.1,0.44,34,16,47.1,1.66,0.78,0.18,0.38,0.12,348,557,62.5,5531,1843,5.0,29,14,36,9,91,16,4,4,48,64,3.14,13,0.64,48,35,25,13,10,37.8,11,59,31,36,0,836,30,146,46,46.9,481,90,67,53,28,511,201,6,0,0,21,2,0,0,0,85,17,33.3
Bojan Miovski,mk MKD,FW,Girona,es La Liga,25.0,1999.0,17,12,869,9.7,2,1,3,2,0,0,2.7,2.7,0.2,2.9,0.3,14,4,28.6,1.45,0.41,0.14,0.5,0.19,86,113,76.1,1260,106,0.2,4,2,1,1,3,0,0,0,4,10,1.03,4,0.41,7,5,2,2,3,28.6,2,9,7,4,0,182,5,29,3,42.9,88,4,4,17,6,121,33,0,0,0,13,2,1,0,0,13,13,37.1
Rafa Mir,es ESP,"FW,MF",Valencia,es La Liga,27.0,1997.0,20,5,753,8.4,1,2,3,1,0,0,3.0,3.0,0.7,3.8,0.45,27,7,25.9,3.23,0.84,0.04,0.14,0.11,144,200,72.0,2224,401,0.5,4,15,4,2,7,0,0,1,20,11,1.31,4,0.48,12,6,8,4,0,33.3,5,17,9,9,0,294,12,27,2,14.3,145,10,0,12,8,203,28,4,0,0,13,0,0,0,0,18,12,36.4
Juan Miranda,es ESP,DF,Bologna,it Serie A,24.0,2000.0,31,25,2277,25.3,0,6,6,0,0,0,0.7,0.7,6.1,6.8,0.27,22,5,22.7,0.87,0.2,0.0,0.0,0.03,1420,1877,75.7,27816,10135,5.6,57,156,52,30,211,80,5,4,163,96,3.79,13,0.51,32,18,11,14,7,42.4,23,55,50,27,1,2080,62,20,7,35.0,1047,34,4,23,8,1270,88,4,1,0,26,1,0,0,0,97,36,52.2
Fabio Miretti,it ITA,"MF,FW",Genoa,it Serie A,20.0,2003.0,25,22,1677,18.6,3,3,6,3,0,0,3.1,3.1,2.0,5.1,0.27,24,6,25.0,1.29,0.32,0.13,0.5,0.13,422,567,74.4,7280,2006,2.1,22,24,13,2,61,33,5,8,54,53,2.84,6,0.32,28,15,6,14,8,54.5,7,35,13,14,2,847,15,56,25,34.2,461,33,14,63,36,549,100,2,0,0,23,4,0,0,0,85,11,32.4
Tyrick Mitchell,eng ENG,DF,Crystal Palace,eng Premier League,24.0,1999.0,37,37,3092,34.4,0,5,5,0,0,0,1.3,1.3,6.4,7.7,0.22,12,3,25.0,0.35,0.09,0.0,0.0,0.11,976,1355,72.0,15688,5986,3.7,41,51,33,16,105,0,0,2,70,72,2.1,7,0.2,91,55,57,27,7,54.3,19,110,108,61,2,1754,114,43,16,42.1,820,63,9,38,30,902,171,2,0,0,23,2,1,0,0,168,20,48.8
Kaoru Mitoma,jp JPN,"FW,MF",Brighton,eng Premier League,27.0,1997.0,36,28,2603,28.9,10,4,14,10,0,0,9.2,9.2,4.6,13.8,0.48,57,27,47.4,1.97,0.93,0.18,0.37,0.16,749,988,75.8,9777,2226,4.0,37,36,36,8,75,0,9,1,89,87,3.01,10,0.35,45,27,15,14,16,38.8,14,59,10,39,0,1375,17,164,52,39.7,830,146,56,53,23,966,291,1,0,0,40,4,0,0,0,99,26,49.1
Maximilian Mittelstädt,de GER,DF,Stuttgart,de Bundesliga,27.0,1997.0,31,28,2469,27.4,1,7,8,1,0,0,0.9,0.9,4.7,5.6,0.2,21,4,19.0,0.77,0.15,0.05,0.25,0.04,1698,2035,83.4,27337,8592,7.0,47,160,61,31,164,16,2,11,182,98,3.57,15,0.55,79,54,42,30,7,72.6,47,126,96,28,2,2385,106,32,21,55.3,1251,62,2,24,8,1541,155,5,0,0,24,0,0,0,0,119,24,55.8
Koji Miyoshi,jp JPN,"FW,MF",Bochum,de Bundesliga,27.0,1997.0,15,6,464,5.2,1,0,1,1,0,0,1.1,1.1,0.8,1.9,0.36,12,5,41.7,2.33,0.97,0.08,0.2,0.09,77,130,59.2,1216,422,0.6,5,10,4,0,9,2,4,1,15,9,1.75,0,0.0,8,5,2,1,5,44.4,2,10,2,15,0,201,3,21,5,35.7,120,11,3,14,5,124,23,0,1,0,10,0,0,0,0,22,2,13.3
Henrikh Mkhitaryan,am ARM,MF,Inter,it Serie A,35.0,1989.0,31,29,2328,25.9,1,4,5,1,0,0,1.5,1.5,2.7,4.2,0.16,23,2,8.7,0.89,0.08,0.04,0.5,0.07,1326,1518,87.4,21510,5499,4.1,29,156,53,5,22,5,5,11,199,101,3.8,12,0.45,43,24,17,16,10,44.4,16,59,41,26,0,1747,45,44,7,26.9,1036,72,13,27,15,1301,93,4,0,0,33,1,0,0,0,131,23,63.9
Jakub Moder,pl POL,MF,Brighton,eng Premier League,25.0,1999.0,4,0,11,0.1,0,0,0,0,0,0,0.0,0.0,0.2,0.2,1.45,0,0,,0.0,0.0,,,,18,22,81.8,254,82,0.5,3,0,1,1,1,0,0,0,4,4,32.73,0,0.0,1,0,1,0,0,0.0,0,1,3,0,0,27,2,1,0,,13,2,0,0,0,14,0,0,0,0,0,0,0,0,0,2,0,0.0
Rui Modesto,ao ANG,"DF,MF",Udinese,it Serie A,24.0,1999.0,20,4,608,6.8,0,1,1,0,0,0,0.5,0.5,0.8,1.3,0.19,3,2,66.7,0.44,0.3,0.0,0.0,0.17,231,310,74.5,3481,983,0.5,14,15,6,5,26,1,1,1,22,23,3.4,2,0.3,16,12,4,9,3,77.8,8,24,13,8,0,388,9,14,3,37.5,166,16,4,9,3,212,43,1,0,0,10,0,0,0,0,26,10,41.7
Luka Modrić,hr CRO,MF,Real Madrid,es La Liga,38.0,1985.0,35,17,1827,20.3,2,6,8,2,0,0,1.6,1.6,7.0,8.5,0.42,22,6,27.3,1.08,0.3,0.09,0.33,0.07,1724,1969,87.6,29739,9647,6.3,66,225,34,2,112,98,11,24,208,122,6.01,15,0.74,31,20,16,13,2,43.8,27,58,17,15,0,2124,39,26,14,58.3,1419,62,13,23,13,1649,63,7,0,0,23,0,0,0,0,105,6,31.6
Max Moerstedt,de GER,FW,Hoffenheim,de Bundesliga,,,12,5,451,5.0,0,0,0,0,0,0,0.8,0.8,0.6,1.3,0.27,12,4,33.3,2.39,0.8,0.0,0.0,0.06,69,103,67.0,784,204,0.6,7,5,2,0,1,0,1,0,10,16,3.18,0,0.0,5,5,1,3,1,50.0,0,5,5,2,0,159,6,31,1,25.0,84,6,3,13,11,125,36,2,0,0,6,3,0,0,0,11,16,42.1
Terem Moffi,ng NGA,FW,Nice,fr Ligue 1,25.0,1999.0,5,0,58,0.6,1,0,1,1,0,0,2.3,2.3,0.0,2.3,3.53,6,4,66.7,9.31,6.21,0.17,0.25,0.46,6,10,60.0,93,30,0.0,0,2,0,0,0,0,0,0,1,5,7.63,2,3.05,0,0,0,0,0,,0,0,0,0,0,17,0,5,1,100.0,9,1,1,0,1,15,4,0,0,0,1,0,0,0,0,1,3,75.0
Mostafa Mohamed,eg EGY,FW,Nantes,fr Ligue 1,26.0,1997.0,30,11,1252,13.9,5,0,5,5,0,0,5.5,5.5,0.4,5.9,0.43,43,16,37.2,3.09,1.15,0.12,0.31,0.13,160,247,64.8,2461,647,0.4,6,16,6,0,4,0,2,0,20,17,1.22,2,0.14,18,9,6,8,4,33.3,10,28,27,9,0,452,34,76,12,46.2,239,11,2,47,22,285,50,3,0,0,32,1,1,0,0,50,57,53.8
Johan Mojica,co COL,DF,Mallorca,es La Liga,31.0,1992.0,36,30,2755,30.6,1,2,3,1,0,0,0.9,0.9,4.1,5.0,0.16,17,3,17.6,0.56,0.1,0.06,0.33,0.05,1217,1641,74.2,21542,9303,4.4,40,102,53,33,143,1,2,9,130,83,2.71,6,0.2,35,23,26,6,3,47.5,26,61,84,51,3,1949,96,18,33,37.1,1024,66,5,52,27,1115,142,5,0,0,18,2,1,2,0,181,9,33.3
David Mokwa,fr FRA,"DF,FW",Hoffenheim,de Bundesliga,20.0,2004.0,2,0,22,0.2,0,0,0,0,0,0,0.3,0.3,0.0,0.3,1.21,2,2,100.0,8.18,8.18,0.0,0.0,0.15,1,4,25.0,9,0,0.0,0,0,0,0,0,0,0,0,0,0,0.0,0,0.0,1,0,1,0,0,,0,1,0,0,0,11,0,2,1,100.0,5,0,0,2,2,5,0,0,0,0,1,0,0,0,0,1,2,50.0
Alberto Moleiro,es ESP,"FW,MF",Las Palmas,es La Liga,20.0,2003.0,35,32,2714,30.2,6,1,7,6,0,0,5.6,5.6,3.3,8.9,0.3,68,24,35.3,2.25,0.8,0.09,0.25,0.08,845,1039,81.3,11961,2734,3.6,41,75,29,5,32,2,9,1,116,106,3.52,6,0.2,27,12,12,14,1,37.5,18,45,8,24,0,1416,4,102,64,42.7,946,97,28,76,48,1097,179,5,0,0,31,5,0,0,0,132,5,18.5
Nahuel Molina,ar ARG,DF,Atlético Madrid,es La Liga,26.0,1998.0,30,17,1590,17.7,0,3,3,0,0,0,0.8,0.8,1.5,2.3,0.13,9,1,11.1,0.51,0.06,0.0,0.0,0.09,945,1182,79.9,14192,5083,1.9,13,43,19,5,55,9,2,6,61,44,2.49,5,0.28,44,19,21,21,2,55.4,13,57,53,37,0,1366,59,24,15,50.0,782,35,4,21,3,883,96,1,0,0,13,0,0,0,0,66,10,45.5
Florent Mollet,fr FRA,"MF,FW",Nantes,fr Ligue 1,32.0,1991.0,9,3,242,2.7,0,0,0,0,0,0,0.3,0.3,0.3,0.7,0.24,6,2,33.3,2.23,0.74,0.0,0.0,0.05,83,106,78.3,1300,307,0.2,6,9,3,1,13,10,0,0,9,10,3.7,0,0.0,2,2,1,1,0,100.0,1,3,4,4,0,125,5,5,2,66.7,85,3,0,2,1,84,12,1,0,0,2,0,0,0,0,13,1,20.0
Jon Moncayola,es ESP,MF,Osasuna,es La Liga,26.0,1998.0,32,26,2099,23.3,0,0,0,0,0,0,1.6,1.6,3.7,5.3,0.23,21,9,42.9,0.9,0.39,0.0,0.0,0.08,738,992,74.4,13615,4472,4.6,33,76,25,13,107,47,1,9,107,67,2.87,4,0.17,70,41,29,33,8,51.7,11,81,20,21,0,1198,37,33,4,33.3,571,25,6,24,8,727,51,8,0,0,34,0,0,0,0,91,15,48.4
Jeremy Monga,,"FW,MF",Leicester City,eng Premier League,,,7,0,112,1.2,0,0,0,0,0,0,0.2,0.2,0.0,0.2,0.14,3,1,33.3,2.41,0.8,0.0,0.0,0.05,18,29,62.1,215,53,0.0,1,2,1,0,4,0,0,0,3,2,1.61,0,0.0,2,1,0,1,1,100.0,0,2,1,5,0,51,1,5,2,28.6,37,6,3,5,2,32,10,0,0,0,0,0,0,0,0,10,0,0.0
Gonzalo Montiel,ar ARG,"DF,MF",Sevilla,es La Liga,27.0,1997.0,6,1,113,1.3,0,0,0,0,0,0,0.0,0.0,0.0,0.0,0.02,1,0,0.0,0.8,0.0,0.0,,0.03,68,78,87.2,1288,364,0.1,0,8,1,1,3,1,0,0,2,2,1.59,0,0.0,4,2,3,1,0,75.0,2,6,11,1,0,99,9,2,0,0.0,37,3,0,2,0,57,3,1,0,0,3,0,0,0,0,4,1,100.0
Mikey Moore,eng ENG,FW,Tottenham,eng Premier League,16.0,2007.0,10,3,366,4.1,0,1,1,0,0,0,0.2,0.2,0.3,0.5,0.13,3,0,0.0,0.74,0.0,0.0,,0.07,67,96,69.8,853,226,0.6,3,2,5,1,16,6,0,0,9,12,2.95,2,0.49,2,1,2,0,0,0.0,1,3,4,5,0,142,4,13,2,11.8,106,12,5,10,7,107,40,0,0,0,3,2,0,0,0,11,1,14.3
Álvaro Morata,es ESP,"FW,MF",Milan,it Serie A,31.0,1992.0,16,13,1099,12.2,5,0,5,5,0,0,3.9,3.9,0.8,4.7,0.39,27,10,37.0,2.21,0.82,0.19,0.5,0.15,202,268,75.4,3147,538,0.3,7,15,3,0,13,0,3,5,26,21,1.72,3,0.25,16,10,5,8,3,62.5,5,21,5,4,0,383,6,61,6,35.3,215,18,7,24,16,292,63,5,0,0,25,2,0,0,0,31,14,41.2
Morato,br BRA,DF,Nott'ham Forest,eng Premier League,23.0,2001.0,26,6,907,10.1,0,0,0,0,0,0,0.2,0.2,0.0,0.2,0.02,2,1,50.0,0.2,0.1,0.0,0.0,0.09,238,309,77.0,3987,1931,0.0,0,19,0,0,0,0,1,0,19,3,0.3,0,0.0,22,14,18,3,1,61.9,10,32,78,11,2,457,90,2,2,100.0,164,1,0,6,3,206,1,5,0,0,11,0,0,0,0,36,6,30.0
Diego Moreira,pt POR,"DF,MF",Strasbourg,fr Ligue 1,19.0,2004.0,32,29,2568,28.5,2,7,9,2,0,0,2.0,2.0,7.3,9.3,0.33,25,8,32.0,0.88,0.28,0.08,0.25,0.08,1028,1327,77.5,16315,3941,7.4,30,30,37,10,93,9,7,6,87,67,2.35,10,0.35,44,28,17,19,8,48.0,35,79,65,30,0,1701,82,81,57,45.6,953,99,36,65,33,1098,245,4,1,0,26,2,0,1,0,139,27,48.2
Alberto Moreno,es ESP,DF,Como,it Serie A,32.0,1992.0,24,21,1727,19.2,0,0,0,0,0,0,0.4,0.4,1.2,1.6,0.08,14,6,42.9,0.73,0.31,0.0,0.0,0.03,893,1082,82.5,15712,5538,1.6,19,63,23,12,49,0,1,5,81,36,1.88,2,0.1,25,11,17,8,0,46.2,14,39,40,20,2,1224,58,17,3,42.9,722,23,4,18,3,805,58,4,0,0,17,0,0,0,0,74,11,35.5
Álex Moreno,es ESP,"DF,MF",Nott'ham Forest,eng Premier League,31.0,1993.0,15,11,955,10.6,0,1,1,0,0,0,0.2,0.2,1.3,1.4,0.13,6,0,0.0,0.57,0.0,0.0,,0.03,308,428,72.0,4574,1911,1.1,8,25,9,2,19,0,3,1,34,16,1.51,2,0.19,25,18,20,5,0,38.5,15,40,43,10,0,559,60,8,8,38.1,229,26,4,13,6,258,34,2,0,0,12,0,0,0,0,50,3,21.4
Gerard Moreno,es ESP,FW,Villarreal,es La Liga,32.0,1992.0,17,6,721,8.0,3,2,5,0,3,3,4.2,1.8,3.6,5.5,0.98,23,9,39.1,2.87,1.12,0.0,0.0,0.08,235,305,77.0,4192,1161,1.9,17,30,15,2,10,0,2,2,53,39,4.87,4,0.5,7,4,3,2,2,25.0,2,9,8,10,0,404,8,48,18,58.1,243,19,9,17,9,324,60,0,0,0,10,2,1,0,0,25,17,81.0
Matias Moreno,ar ARG,DF,Fiorentina,it Serie A,20.0,2003.0,4,2,144,1.6,0,0,0,0,0,0,0.0,0.0,0.0,0.0,0.01,0,0,,0.0,0.0,,,,58,71,81.7,1022,367,0.0,1,5,2,0,2,0,0,1,6,3,1.87,0,0.0,8,8,5,3,0,100.0,1,9,9,3,0,98,8,1,3,100.0,55,1,0,1,1,55,1,0,0,0,4,0,0,1,0,5,3,42.9
Xavier Moreno,es ESP,FW,Valladolid,es La Liga,19.0,2004.0,1,1,45,0.5,0,0,0,0,0,0,0.0,0.0,0.0,0.0,0.0,0,0,,0.0,0.0,,,,3,13,23.1,66,11,0.0,0,0,0,0,2,0,0,0,1,0,0.0,0,0.0,0,0,0,0,0,,0,0,1,1,0,17,1,2,0,0.0,8,1,0,0,1,9,5,0,0,0,0,0,0,0,0,1,1,100.0
Tete Morente,es ESP,"FW,MF",Lecce,it Serie A,27.0,1996.0,31,23,2021,22.5,3,2,5,3,0,0,2.9,2.9,1.6,4.5,0.2,41,13,31.7,1.83,0.58,0.07,0.23,0.07,545,729,74.8,9087,2766,1.2,25,54,23,9,56,4,3,5,102,61,2.72,4,0.18,27,17,10,11,6,27.8,14,41,31,29,1,983,24,40,30,54.5,560,48,6,43,15,643,144,5,0,0,26,2,0,0,0,104,37,61.7
Mateu Morey,es ESP,DF,Mallorca,es La Liga,24.0,2000.0,16,8,741,8.2,0,0,0,0,0,0,0.4,0.4,0.3,0.7,0.08,3,1,33.3,0.36,0.12,0.0,0.0,0.14,301,390,77.2,4650,1337,0.2,4,14,3,1,16,0,1,0,17,12,1.46,1,0.12,22,18,13,6,3,54.5,15,37,32,9,2,502,38,7,9,52.9,254,17,6,8,10,272,32,1,0,0,17,1,0,0,0,41,8,57.1
Ilaix Moriba,gn GUI,MF,Celta Vigo,es La Liga,21.0,2003.0,33,22,2132,23.7,1,1,2,1,0,0,1.7,1.7,1.5,3.2,0.14,34,11,32.4,1.44,0.46,0.03,0.09,0.05,843,984,85.7,13441,3569,2.4,20,107,19,2,6,0,3,11,119,55,2.32,5,0.21,68,42,24,30,14,56.1,14,82,33,7,1,1305,36,39,15,30.6,769,34,9,51,25,905,64,9,1,1,32,4,1,0,0,108,24,49.0
Manu Morlanes,es ESP,MF,Mallorca,es La Liga,25.0,1999.0,23,15,1338,14.9,0,0,0,0,0,0,0.6,0.6,0.3,0.9,0.06,11,1,9.1,0.74,0.07,0.0,0.0,0.05,630,709,88.9,10235,3100,0.7,10,84,10,3,8,1,2,5,88,35,2.35,0,0.0,43,27,18,20,5,60.0,24,67,16,3,0,845,32,8,3,37.5,459,16,0,8,10,534,39,7,0,0,15,0,0,0,0,79,10,38.5
Nikola Moro,hr CRO,MF,Bologna,it Serie A,26.0,1998.0,22,15,1208,13.4,0,2,2,0,0,0,0.5,0.5,0.8,1.3,0.1,14,2,14.3,1.04,0.15,0.0,0.0,0.03,646,805,80.2,12659,3406,1.0,20,98,10,2,33,19,1,9,93,48,3.56,6,0.44,35,27,7,21,7,66.7,13,48,18,11,0,923,19,3,7,58.3,486,17,0,11,4,592,21,1,0,0,22,0,0,0,0,73,17,51.5
Raúl Moro,es ESP,"MF,FW",Valladolid,es La Liga,21.0,2002.0,33,26,2341,26.0,4,5,9,4,0,0,4.1,4.1,5.7,9.8,0.38,46,16,34.8,1.77,0.62,0.09,0.25,0.09,517,797,64.9,10214,3063,5.5,44,41,38,22,149,51,7,14,81,94,3.61,9,0.35,22,13,15,4,3,40.6,10,32,20,32,1,1050,17,108,57,43.2,607,112,60,47,11,713,190,2,0,0,4,3,0,0,0,85,8,33.3
Sam Morsy,eg EGY,MF,Ipswich Town,eng Premier League,32.0,1991.0,33,31,2751,30.6,1,1,2,1,0,0,0.4,0.4,1.2,1.6,0.05,13,3,23.1,0.43,0.1,0.08,0.33,0.03,1249,1445,86.4,20142,5579,1.5,24,149,17,4,15,0,2,5,120,51,1.67,2,0.07,68,41,40,24,4,43.5,29,97,47,22,5,1683,97,6,17,58.6,852,22,3,17,13,1137,13,10,0,0,48,1,0,1,1,157,18,42.9
Gabriel Moscardo,br BRA,"MF,DF",Reims,fr Ligue 1,18.0,2005.0,6,0,84,0.9,0,0,0,0,0,0,0.2,0.2,0.0,0.2,0.22,2,0,0.0,2.14,0.0,0.0,,0.1,30,38,78.9,414,80,0.1,0,1,2,0,0,0,0,0,3,0,0.0,0,0.0,3,1,2,1,0,33.3,0,3,1,0,0,54,0,2,1,50.0,29,1,0,3,3,36,3,1,0,0,1,0,0,0,0,4,3,75.0
Cristhian Mosquera,es ESP,DF,Valencia,es La Liga,20.0,2004.0,37,37,3319,36.9,1,0,1,1,0,0,0.4,0.4,0.0,0.4,0.01,5,2,40.0,0.14,0.05,0.2,0.5,0.08,1858,2053,90.5,32827,11556,0.3,0,118,1,0,2,0,0,6,123,14,0.38,1,0.03,56,36,41,13,2,77.5,35,91,128,9,4,2367,233,7,5,55.6,1401,35,0,18,10,1583,6,6,0,0,14,0,0,3,0,190,41,44.6
Daniel Mosquera,co COL,FW,Hellas Verona,it Serie A,24.0,1999.0,35,12,1375,15.3,5,1,6,5,0,0,6.6,6.6,1.3,7.9,0.52,57,15,26.3,3.73,0.98,0.09,0.33,0.12,230,335,68.7,2878,544,0.9,12,21,4,0,2,0,1,0,25,43,2.82,3,0.2,11,8,3,5,3,6.7,2,13,10,9,0,509,12,74,16,64.0,250,17,9,43,17,352,83,4,0,0,44,1,0,0,0,54,79,47.0
Yerson Mosquera,co COL,DF,Wolves,eng Premier League,23.0,2001.0,5,5,441,4.9,0,0,0,0,0,0,0.3,0.3,0.1,0.4,0.09,2,0,0.0,0.41,0.0,0.0,,0.17,205,240,85.4,3996,1184,0.0,2,16,1,1,2,0,0,1,7,5,1.02,0,0.0,11,7,9,2,0,64.3,10,21,14,3,0,294,43,7,0,,168,0,0,4,1,182,0,2,0,0,6,0,0,0,0,24,11,64.7
Dany Mota,pt POR,"FW,MF",Monza,it Serie A,26.0,1998.0,31,24,2104,23.4,5,2,7,5,0,0,5.1,5.1,1.8,6.9,0.29,42,11,26.2,1.8,0.47,0.12,0.45,0.12,412,569,72.4,6464,1039,1.7,22,27,19,6,38,0,4,6,47,55,2.35,3,0.13,13,3,2,3,8,50.0,9,22,27,24,3,820,24,80,13,33.3,501,53,12,63,29,605,139,3,0,0,30,7,0,0,0,61,60,45.8
Yael Mouanga,fr FRA,DF,Montpellier,fr Ligue 1,19.0,2005.0,14,10,946,10.5,0,0,0,0,0,0,0.1,0.1,0.2,0.3,0.03,1,0,0.0,0.1,0.0,0.0,,0.1,420,479,87.7,7555,2597,0.1,2,25,1,1,2,0,0,1,22,6,0.57,0,0.0,14,8,9,3,2,77.8,10,24,50,4,0,589,92,4,5,100.0,337,4,2,9,3,386,2,3,0,0,10,0,0,0,0,29,14,48.3
Aimen Moueffek,fr FRA,MF,Saint-Étienne,fr Ligue 1,23.0,2001.0,22,13,1039,11.5,0,1,1,0,0,0,1.1,1.1,1.1,2.2,0.19,10,2,20.0,0.87,0.17,0.0,0.0,0.11,336,396,84.8,4817,1133,1.0,10,39,8,1,4,0,2,0,43,21,1.82,3,0.26,20,12,3,11,6,43.5,5,25,26,7,1,554,35,25,11,45.8,302,20,4,34,13,350,31,2,0,0,20,0,0,0,0,59,9,34.6
Youssoufa Moukoko,de GER,"FW,MF",Nice,fr Ligue 1,19.0,2004.0,11,2,204,2.3,2,1,3,2,0,0,2.2,2.2,0.8,3.0,1.32,6,2,33.3,2.65,0.88,0.33,1.0,0.37,36,44,81.8,522,206,0.2,5,2,1,1,1,0,0,0,6,6,2.62,1,0.44,3,2,2,1,0,50.0,0,3,0,0,0,75,0,14,2,28.6,43,2,1,3,4,46,12,0,0,0,1,0,0,0,0,14,2,100.0
Steve Mounié,bj BEN,"FW,MF",Augsburg,de Bundesliga,29.0,1994.0,16,1,347,3.9,1,0,1,1,0,0,3.2,3.2,0.0,3.2,0.83,22,7,31.8,5.71,1.82,0.05,0.14,0.15,69,110,62.7,1037,191,0.2,1,5,1,0,3,0,0,0,11,7,1.82,0,0.0,4,4,0,1,3,0.0,1,5,5,6,1,164,5,36,1,25.0,86,8,3,12,5,129,27,2,0,0,9,0,0,0,0,8,26,51.0
Mason Mount,eng ENG,MF,Manchester Utd,eng Premier League,25.0,1999.0,17,8,622,6.9,1,0,1,1,0,0,3.2,3.2,0.6,3.8,0.55,20,9,45.0,2.89,1.3,0.05,0.11,0.17,207,253,81.8,3015,709,0.6,8,19,8,2,13,4,2,2,33,22,3.18,0,0.0,15,5,5,8,2,75.0,4,19,4,8,0,339,11,31,1,10.0,215,15,2,16,9,249,41,3,0,0,16,1,0,0,0,18,4,33.3
Santiago Mouriño,uy URU,DF,Alavés,es La Liga,22.0,2002.0,25,20,1849,20.5,0,1,1,0,0,0,0.9,0.9,0.9,1.8,0.09,13,3,23.1,0.63,0.15,0.0,0.0,0.07,539,691,78.0,9882,4329,0.6,7,47,5,2,4,0,2,3,46,11,0.54,2,0.1,43,28,31,12,0,55.3,29,72,120,8,0,952,116,14,4,36.4,442,14,0,7,11,440,1,7,0,0,32,2,1,0,0,85,38,57.6
Louis Mouton,fr FRA,MF,Saint-Étienne,fr Ligue 1,22.0,2002.0,24,12,1045,11.6,0,1,1,0,0,0,1.3,1.3,1.3,2.6,0.22,19,3,15.8,1.64,0.26,0.0,0.0,0.07,442,551,80.2,7284,2076,1.3,16,42,13,1,21,13,5,4,54,28,2.41,2,0.17,49,25,14,25,10,59.5,10,59,19,14,0,703,20,24,12,50.0,366,18,2,14,13,456,51,2,0,0,24,0,0,0,0,63,5,31.3
Divin Mubama,eng ENG,FW,Manchester City,eng Premier League,19.0,2004.0,1,0,28,0.3,0,0,0,0,0,0,0.0,0.0,0.0,0.0,0.12,1,0,0.0,3.21,0.0,0.0,,0.04,2,3,66.7,44,18,0.0,0,0,0,0,0,0,0,0,1,0,0.0,0,0.0,0,0,0,0,0,,0,0,0,1,0,5,0,1,0,,2,0,0,0,1,3,0,0,0,0,0,0,0,0,0,1,0,0.0
Mykhailo Mudryk,ua UKR,FW,Chelsea,eng Premier League,23.0,2001.0,7,1,151,1.7,0,0,0,0,0,0,0.3,0.3,1.0,1.2,0.73,1,1,100.0,0.6,0.6,0.0,0.0,0.25,28,42,66.7,431,165,0.5,2,2,2,1,7,2,1,0,5,6,3.6,0,0.0,2,2,2,0,0,,0,2,1,1,0,62,3,6,3,37.5,39,7,0,3,7,42,12,0,0,0,2,1,0,0,0,9,2,33.3
Ngal'Ayel Mukau,cd COD,MF,Lille,fr Ligue 1,19.0,2004.0,22,14,1190,13.2,0,1,1,0,0,0,0.8,0.8,0.7,1.5,0.11,11,2,18.2,0.83,0.15,0.0,0.0,0.07,575,645,89.1,9354,1964,0.7,12,52,8,1,5,0,1,2,57,20,1.51,1,0.08,33,18,9,22,2,58.6,15,48,22,17,0,778,19,16,9,52.9,426,19,3,18,8,570,43,4,0,0,19,0,0,0,0,63,14,50.0
Nordi Mukiele,fr FRA,DF,Leverkusen,de Bundesliga,26.0,1997.0,15,10,899,10.0,1,0,1,1,0,0,1.4,1.4,1.0,2.4,0.24,7,3,42.9,0.7,0.3,0.14,0.33,0.2,488,607,80.4,7457,2544,0.9,9,44,4,2,13,0,0,1,36,15,1.5,1,0.1,20,16,8,8,4,66.7,16,36,37,15,2,725,27,22,9,52.9,363,20,6,10,3,441,28,4,0,0,6,0,0,0,1,46,16,48.5
Thomas Müller,de GER,"MF,FW",Bayern Munich,de Bundesliga,34.0,1989.0,30,12,1225,13.6,1,4,5,1,0,0,3.8,3.8,2.9,6.7,0.49,30,11,36.7,2.2,0.81,0.03,0.09,0.13,473,631,75.0,6759,1456,4.1,35,24,24,12,46,0,8,3,50,73,5.36,9,0.66,8,5,2,3,3,25.0,2,10,14,16,0,763,13,103,8,47.1,386,24,7,24,20,619,143,3,0,0,14,0,0,0,0,24,19,39.6
Abdul Mumin,gh GHA,DF,Rayo Vallecano,es La Liga,26.0,1998.0,24,24,2017,22.4,2,1,3,2,0,0,0.6,0.6,0.2,0.8,0.03,10,3,30.0,0.45,0.13,0.2,0.67,0.06,900,1085,82.9,17231,7016,0.1,1,40,1,0,6,0,0,8,40,11,0.49,3,0.13,37,25,30,7,0,63.0,23,60,125,4,0,1351,253,13,5,50.0,725,12,2,16,5,819,6,6,1,0,22,1,0,0,0,93,31,55.4
Marshall Munetsi,zw ZIM,"MF,FW",Wolves,eng Premier League,28.0,1996.0,14,12,1078,12.0,2,1,3,2,0,0,3.3,3.3,1.8,5.1,0.42,22,7,31.8,1.84,0.58,0.09,0.29,0.15,152,212,71.7,1898,390,1.1,9,7,3,2,10,0,1,0,10,21,1.75,1,0.08,24,10,7,11,6,56.5,6,30,18,5,0,364,21,36,3,27.3,148,9,4,32,12,182,35,0,0,0,19,2,0,0,0,35,29,55.8
Marshall Munetsi,zw ZIM,MF,Reims,fr Ligue 1,28.0,1996.0,19,19,1692,18.8,4,2,6,4,0,0,4.0,4.0,2.0,5.9,0.32,32,10,31.3,1.7,0.53,0.13,0.4,0.12,263,384,68.5,3758,1197,1.8,19,14,5,2,11,0,2,0,26,41,2.18,4,0.21,36,18,22,9,5,57.9,17,53,35,11,0,594,40,60,6,50.0,206,8,2,26,5,294,48,5,0,0,28,4,0,0,0,72,41,46.1
Rodrigo Muniz,br BRA,FW,Fulham,eng Premier League,23.0,2001.0,31,8,964,10.7,8,1,9,8,0,0,5.8,5.8,0.7,6.5,0.61,39,19,48.7,3.64,1.77,0.21,0.42,0.15,92,142,64.8,1540,528,0.2,7,13,3,0,1,0,3,2,27,17,1.59,2,0.19,10,5,3,5,2,100.0,5,15,14,4,0,311,14,55,6,33.3,157,6,3,47,24,237,31,1,0,0,11,2,0,0,0,14,67,51.5
Aihen Muñoz,es ESP,DF,Real Sociedad,es La Liga,26.0,1997.0,21,13,1098,12.2,0,0,0,0,0,0,0.2,0.2,0.3,0.4,0.04,6,0,0.0,0.49,0.0,0.0,,0.03,448,631,71.0,7078,2813,0.3,3,38,3,2,35,0,0,1,38,10,0.82,0,0.0,24,12,14,8,2,50.0,14,38,47,17,0,763,44,4,7,58.3,356,26,3,10,3,404,28,5,0,0,15,0,0,1,0,43,23,57.5
Álex Muñoz,es ESP,DF,Las Palmas,es La Liga,30.0,1994.0,21,18,1415,15.7,3,0,3,3,0,0,0.9,0.9,0.5,1.4,0.09,9,5,55.6,0.57,0.32,0.33,0.6,0.1,618,775,79.7,9935,3534,0.7,7,34,9,8,27,0,0,2,45,15,0.95,0,0.0,39,29,22,16,1,55.3,16,55,69,13,0,974,82,19,2,22.2,398,15,1,10,1,544,53,3,0,0,30,2,0,1,0,35,24,53.3
Daniel Muñoz,co COL,DF,Crystal Palace,eng Premier League,28.0,1996.0,37,37,3228,35.9,4,5,9,4,0,0,4.9,4.9,5.5,10.5,0.29,37,14,37.8,1.03,0.39,0.11,0.29,0.13,1129,1492,75.7,17091,5219,3.6,46,59,35,15,74,2,2,2,97,85,2.37,11,0.31,123,80,57,41,25,56.7,44,167,108,39,1,2010,119,107,21,37.5,806,62,18,55,20,956,206,10,0,0,56,1,0,0,0,171,58,42.6
Iker Muñoz,es ESP,MF,Osasuna,es La Liga,21.0,2002.0,23,4,610,6.8,0,1,1,0,0,0,0.5,0.5,1.0,1.4,0.21,11,0,0.0,1.62,0.0,0.0,,0.04,239,303,78.9,4147,1069,0.7,6,30,6,2,7,0,1,0,24,15,2.21,2,0.29,5,2,3,2,0,33.3,4,9,12,9,1,365,14,7,2,50.0,184,6,0,6,4,242,10,2,0,0,12,2,0,0,0,28,10,45.5
Javier Muñoz,es ESP,"MF,DF",Las Palmas,es La Liga,29.0,1995.0,35,28,2588,28.8,1,3,4,1,0,0,1.3,1.3,2.5,3.7,0.13,25,6,24.0,0.87,0.21,0.04,0.17,0.05,918,1178,77.9,15854,4646,2.3,29,115,32,13,51,3,3,18,108,58,2.02,8,0.28,45,35,18,17,10,34.8,31,76,39,29,3,1411,44,32,21,58.3,700,36,7,29,15,939,91,5,0,0,30,3,0,0,0,112,15,36.6
Víctor Muñoz,es ESP,"FW,DF",Real Madrid,es La Liga,21.0,2003.0,2,0,36,0.4,0,0,0,0,0,0,0.5,0.5,0.0,0.5,1.23,1,0,0.0,2.5,0.0,0.0,,0.49,11,12,91.7,150,21,0.3,0,0,1,1,2,0,0,0,0,1,2.5,1,2.5,0,0,0,0,0,,0,0,0,1,0,17,0,4,0,0.0,15,3,2,1,1,16,9,0,0,0,2,0,0,0,0,1,0,
Murillo,br BRA,DF,Nott'ham Forest,eng Premier League,22.0,2002.0,36,36,3188,35.4,2,0,2,2,0,0,1.4,1.4,1.2,2.6,0.07,25,6,24.0,0.71,0.17,0.08,0.33,0.06,1138,1450,78.5,22680,10645,1.1,13,139,13,1,14,0,8,22,115,44,1.24,2,0.06,53,36,38,12,3,58.7,36,89,249,6,3,1918,421,24,27,73.0,821,22,1,19,10,989,5,6,0,0,27,1,0,1,0,142,44,66.7
Vedat Muriqi,xk KVX,FW,Mallorca,es La Liga,30.0,1994.0,29,24,2058,22.9,7,2,9,5,2,3,9.7,7.3,2.2,9.5,0.52,52,16,30.8,2.27,0.7,0.1,0.31,0.14,295,487,60.6,4299,870,1.7,26,23,6,0,10,0,3,2,30,45,1.97,6,0.26,7,5,3,2,2,42.9,7,14,43,19,0,733,48,114,9,34.6,334,23,10,55,26,550,103,1,2,0,29,4,1,1,1,49,135,57.9
Jacob Murphy,eng ENG,FW,Newcastle Utd,eng Premier League,29.0,1995.0,35,31,2360,26.2,8,12,20,8,0,0,5.7,5.7,8.9,14.6,0.56,43,15,34.9,1.64,0.57,0.19,0.53,0.13,688,1004,68.5,10412,3438,6.2,42,58,41,15,120,16,5,6,83,82,3.13,15,0.57,28,19,10,12,6,45.5,13,41,35,51,1,1271,27,92,35,50.7,733,79,27,32,37,911,231,4,0,0,11,3,1,0,0,98,5,23.8
Bob Murphy Omoregbe,it ITA,MF,Milan,it Serie A,20.0,2003.0,1,0,3,0.0,0,0,0,0,0,0,0.0,0.0,0.0,0.0,0.0,0,0,,0.0,0.0,,,,1,2,50.0,8,7,0.0,0,0,0,0,1,0,0,0,0,0,0.0,0,0.0,0,0,0,0,0,,0,0,0,0,0,2,0,1,0,,1,0,0,0,0,1,1,0,0,0,1,0,0,0,0,0,0,
Yunus Musah,us USA,"MF,FW",Milan,it Serie A,21.0,2002.0,29,19,1571,17.5,0,2,2,0,0,0,1.9,1.9,1.8,3.8,0.22,22,5,22.7,1.26,0.29,0.0,0.0,0.09,631,724,87.2,10809,2425,1.5,23,60,17,7,24,1,3,2,84,45,2.58,4,0.23,27,19,13,9,5,70.6,7,34,9,11,3,888,19,37,21,56.8,581,51,12,46,13,671,74,5,0,0,36,1,0,0,0,60,8,36.4
Jamal Musiala,de GER,MF,Bayern Munich,de Bundesliga,21.0,2003.0,25,21,1798,20.0,12,2,14,12,0,0,9.3,9.3,4.5,13.8,0.69,68,31,45.6,3.4,1.55,0.18,0.39,0.14,778,942,82.6,10803,2645,5.9,41,75,24,0,8,7,14,2,107,111,5.56,9,0.45,36,21,7,16,13,41.4,8,44,5,33,1,1278,7,163,72,51.1,792,71,36,67,33,1031,156,3,0,0,20,9,1,0,0,75,7,33.3
Florent Muslija,xk KVX,"FW,MF",Freiburg,de Bundesliga,26.0,1998.0,9,0,168,1.9,0,0,0,0,0,0,0.3,0.3,0.3,0.6,0.3,3,2,66.7,1.61,1.07,0.0,0.0,0.09,71,98,72.4,1104,287,0.3,3,1,2,0,14,6,1,0,7,7,3.77,1,0.54,5,4,3,1,1,100.0,1,6,1,1,0,121,3,3,4,57.1,83,5,2,7,1,86,14,0,0,0,0,0,0,0,0,12,0,0.0
Almoatasem Al Musrati,ly LBY,MF,Monaco,fr Ligue 1,28.0,1996.0,10,3,386,4.3,1,1,2,1,0,0,0.5,0.5,0.4,0.9,0.21,11,3,27.3,2.56,0.7,0.09,0.33,0.04,255,291,87.6,4815,1607,0.5,5,38,4,0,0,0,4,5,41,15,3.51,1,0.23,14,11,5,8,1,63.6,5,19,9,0,0,339,6,7,2,50.0,195,2,0,3,2,237,5,0,0,0,5,0,0,0,0,19,17,77.3
Kingstone Mutandwa,zm ZAM,"FW,MF",Cagliari,it Serie A,21.0,2003.0,6,0,127,1.4,0,0,0,0,0,0,0.4,0.4,0.0,0.4,0.25,4,0,0.0,2.83,0.0,0.0,,0.09,19,28,67.9,221,17,0.0,0,1,0,0,1,0,0,0,0,1,0.71,0,0.0,0,0,0,0,0,,0,0,0,0,0,44,0,4,1,33.3,25,1,0,7,0,31,7,0,0,0,7,1,0,0,0,6,3,42.9
Junior Mwanga,fr FRA,MF,Le Havre,fr Ligue 1,21.0,2003.0,11,11,952,10.6,1,2,3,1,0,0,1.3,1.3,1.0,2.3,0.22,16,3,18.8,1.51,0.28,0.06,0.33,0.08,366,445,82.2,7166,2289,1.4,7,37,4,2,21,10,1,4,42,24,2.27,5,0.47,26,16,10,13,3,57.9,8,34,18,3,2,555,27,12,7,43.8,315,15,2,9,15,342,15,1,1,0,19,0,0,0,0,61,9,56.3
Junior Mwanga,fr FRA,MF,Strasbourg,fr Ligue 1,21.0,2003.0,8,2,296,3.3,0,0,0,0,0,0,0.0,0.0,0.0,0.0,0.01,0,0,,0.0,0.0,,,,133,147,90.5,2097,556,0.1,1,11,0,0,0,0,0,1,10,2,0.61,0,0.0,17,9,9,7,1,55.6,2,19,2,1,0,177,6,1,2,33.3,99,2,0,5,6,119,2,0,0,0,6,0,0,0,0,16,2,100.0
Phillipp Mwene,at AUT,DF,Mainz 05,de Bundesliga,30.0,1994.0,32,32,2607,29.0,1,4,5,1,0,0,1.5,1.5,1.9,3.4,0.12,21,4,19.0,0.72,0.14,0.05,0.25,0.07,954,1272,75.0,16061,5575,3.8,22,68,38,19,85,12,2,2,106,63,2.18,10,0.35,51,29,23,22,6,41.3,24,75,51,39,1,1555,68,49,22,44.0,775,62,12,47,26,893,144,7,0,0,24,2,0,0,0,110,20,37.0
Vitaliy Mykolenko,ua UKR,DF,Everton,eng Premier League,25.0,1999.0,35,35,3082,34.2,1,2,3,1,0,0,0.5,0.5,2.6,3.1,0.09,14,1,7.1,0.41,0.03,0.07,1.0,0.04,986,1322,74.6,16470,6579,2.2,24,102,40,24,101,0,2,3,110,43,1.26,4,0.12,63,38,39,14,10,51.8,44,107,145,23,2,1678,125,32,8,40.0,697,33,1,23,11,860,99,4,0,0,22,0,0,1,0,88,47,56.0
Joakim Mæhle,dk DEN,DF,Wolfsburg,de Bundesliga,27.0,1997.0,28,25,2188,24.3,3,4,7,3,0,0,2.0,2.0,2.2,4.3,0.18,18,7,38.9,0.74,0.29,0.17,0.43,0.11,975,1205,80.9,15467,5670,3.1,20,70,18,4,25,1,2,1,88,41,1.69,8,0.33,34,15,26,6,2,37.8,25,59,57,30,2,1464,65,43,19,31.7,791,59,6,37,8,844,117,6,0,0,9,1,0,1,0,122,17,58.6
Obite N'Dicka,ci CIV,DF,Roma,it Serie A,24.0,1999.0,38,38,3420,38.0,0,1,1,0,0,0,1.0,1.0,0.7,1.8,0.05,18,5,27.8,0.47,0.13,0.0,0.0,0.06,2295,2492,92.1,42188,14137,0.4,8,124,3,0,0,0,0,4,107,33,0.87,3,0.08,32,26,17,15,0,66.7,33,65,150,9,2,2823,360,26,0,0.0,1734,29,0,20,3,2065,5,2,0,0,37,0,0,0,0,134,61,55.5
Konan N'dri,ci CIV,"FW,MF",Lecce,it Serie A,23.0,2000.0,11,2,306,3.4,0,0,0,0,0,0,0.5,0.5,0.2,0.7,0.21,9,2,22.2,2.65,0.59,0.0,0.0,0.06,45,67,67.2,718,112,0.1,6,1,2,2,13,2,0,1,2,13,3.84,0,0.0,3,3,0,0,3,66.7,1,4,0,1,0,122,1,9,7,35.0,78,16,2,11,8,84,22,0,0,0,7,3,0,0,0,7,1,25.0
Loïc N'Gatta,fr FRA,DF,Auxerre,fr Ligue 1,20.0,2003.0,2,0,13,0.1,0,0,0,0,0,0,0.0,0.0,0.0,0.0,0.0,0,0,,0.0,0.0,,,,13,15,86.7,199,64,0.0,0,3,0,0,1,0,0,0,1,0,0.0,0,0.0,1,1,0,1,0,50.0,0,1,1,1,0,19,2,0,0,,12,2,0,1,2,13,0,1,0,0,1,0,0,0,0,4,0,
Nathan N'Goumou,cm CMR,FW,Gladbach,de Bundesliga,24.0,2000.0,19,9,828,9.2,2,1,3,2,0,0,1.9,1.9,1.3,3.2,0.34,24,13,54.2,2.61,1.41,0.08,0.15,0.08,195,265,73.6,2561,561,1.3,6,11,9,3,22,0,1,0,16,22,2.39,5,0.54,17,11,11,4,2,54.5,4,21,16,7,0,386,13,55,9,33.3,215,30,16,12,11,258,85,0,0,0,7,1,1,0,0,21,9,34.6
Djylian N'Guessan,fr FRA,FW,Saint-Étienne,fr Ligue 1,15.0,2008.0,8,3,181,2.0,0,0,0,0,0,0,0.4,0.4,0.1,0.5,0.27,3,0,0.0,1.49,0.0,0.0,,0.13,44,53,83.0,606,138,0.1,2,6,1,0,0,0,0,0,9,3,1.49,1,0.5,6,4,5,1,0,40.0,0,6,1,1,0,80,0,9,2,20.0,49,1,2,4,4,61,16,0,0,0,1,0,0,0,0,4,4,36.4
Stanley N'Soki,fr FRA,DF,Hoffenheim,de Bundesliga,25.0,1999.0,22,16,1308,14.5,0,0,0,0,0,0,0.1,0.1,0.4,0.5,0.03,3,1,33.3,0.21,0.07,0.0,0.0,0.03,719,838,85.8,12972,4938,0.4,7,50,7,1,1,0,0,4,52,19,1.31,1,0.07,22,16,13,7,2,52.2,26,48,58,8,3,1005,110,4,11,68.8,529,10,0,16,5,615,6,3,1,0,12,0,0,0,2,79,22,61.1
Mickael Nade,fr FRA,DF,Saint-Étienne,fr Ligue 1,25.0,1999.0,26,25,2306,25.6,1,2,3,1,0,0,0.7,0.7,0.6,1.3,0.05,5,2,40.0,0.2,0.08,0.2,0.5,0.14,1229,1366,90.0,21143,6996,0.5,7,73,3,0,1,0,1,1,72,16,0.65,5,0.2,59,43,40,19,0,77.8,33,92,132,8,8,1665,280,10,3,37.5,825,17,1,16,5,1076,2,1,0,0,19,1,1,1,1,113,28,75.7
Bilal Nadir,ma MAR,MF,Marseille,fr Ligue 1,20.0,2003.0,15,5,383,4.3,1,0,1,1,0,0,0.6,0.6,0.4,1.0,0.24,8,3,37.5,1.88,0.7,0.13,0.33,0.07,220,252,87.3,3076,571,0.4,7,15,5,0,6,3,1,0,18,17,3.99,1,0.23,10,3,4,6,0,66.7,4,14,7,9,0,305,7,11,4,44.4,167,18,3,7,8,232,25,2,0,0,4,2,0,0,0,19,4,66.7
Mahamadou Nagida,cm CMR,DF,Rennes,fr Ligue 1,19.0,2005.0,12,4,430,4.8,2,0,2,2,0,0,1.5,1.5,0.3,1.8,0.38,6,3,50.0,1.26,0.63,0.33,0.67,0.25,174,226,77.0,2662,707,0.3,3,10,4,2,29,0,0,2,15,10,2.06,0,0.0,8,6,4,3,1,80.0,9,17,6,8,0,289,8,9,5,35.7,169,22,3,10,7,179,55,1,0,0,5,1,0,0,0,37,5,31.3
Keito Nakamura,jp JPN,"FW,MF",Reims,fr Ligue 1,24.0,2000.0,32,31,2649,29.4,11,2,13,11,0,0,9.1,9.1,2.9,12.1,0.41,84,32,38.1,2.85,1.09,0.13,0.34,0.11,575,775,74.2,8999,1919,3.4,26,32,24,10,56,4,3,10,82,68,2.31,7,0.24,24,16,7,10,7,35.5,13,37,19,27,0,1110,28,129,30,38.5,675,90,33,67,43,776,197,5,0,0,29,0,0,0,0,116,7,33.3
Sebastian Nanasi,se SWE,"MF,FW",Strasbourg,fr Ligue 1,22.0,2002.0,31,26,2107,23.4,6,4,10,6,0,0,6.5,6.5,4.9,11.4,0.49,28,12,42.9,1.2,0.51,0.21,0.5,0.23,643,812,79.2,9577,2783,4.7,37,74,39,2,66,55,10,1,126,85,3.63,17,0.73,20,13,6,12,2,36.4,7,27,18,13,0,992,22,73,19,47.5,557,53,15,20,15,690,127,1,0,0,9,1,0,0,0,71,3,21.4
Yael Nandjou,fr FRA,DF,Nice,fr Ligue 1,19.0,2005.0,3,2,154,1.7,0,0,0,0,0,0,0.2,0.2,0.7,1.0,0.57,1,0,0.0,0.58,0.0,0.0,,0.22,50,66,75.8,723,256,0.6,2,5,1,1,4,0,0,0,3,4,2.34,0,0.0,4,1,2,1,1,50.0,4,8,7,3,0,89,10,6,1,100.0,27,2,1,1,0,40,9,0,0,0,6,0,0,1,0,8,3,75.0
Nikolas Nartey,dk DEN,MF,Stuttgart,de Bundesliga,24.0,2000.0,1,0,22,0.2,0,0,0,0,0,0,0.0,0.0,0.0,0.0,0.0,0,0,,0.0,0.0,,,,4,5,80.0,60,27,0.0,0,0,0,0,0,0,0,0,0,0,0.0,0,0.0,0,0,0,0,0,,0,0,4,0,0,9,3,0,0,,3,0,0,0,0,2,0,0,0,0,0,0,0,0,0,2,1,100.0
Matija Nastasić,rs SRB,DF,Leganés,es La Liga,31.0,1993.0,26,24,2110,23.4,1,0,1,1,0,0,0.1,0.1,0.1,0.2,0.01,2,1,50.0,0.09,0.04,0.5,1.0,0.03,704,852,82.6,14179,4820,0.4,2,37,1,0,0,0,0,2,59,6,0.26,1,0.04,25,11,21,4,0,68.0,21,46,165,4,0,1128,190,7,1,100.0,499,1,0,5,0,626,0,3,0,0,15,1,1,2,0,50,39,69.6
Natan,br BRA,DF,Betis,es La Liga,23.0,2001.0,31,23,2175,24.2,1,1,2,1,0,0,0.3,0.3,0.6,1.0,0.04,9,4,44.4,0.37,0.17,0.11,0.25,0.04,1122,1265,88.7,21511,7065,0.8,5,52,3,1,2,0,0,11,52,11,0.46,0,0.0,35,24,24,9,2,86.7,28,63,123,0,2,1514,197,19,2,66.7,929,12,0,15,8,994,6,5,1,0,19,1,0,0,0,75,65,68.4
Pau Navarro,es ESP,DF,Villarreal,es La Liga,19.0,2005.0,17,8,916,10.2,0,0,0,0,0,0,0.0,0.0,0.0,0.0,0.0,1,0,0.0,0.1,0.0,0.0,,0.01,517,577,89.6,8684,3122,0.2,1,28,1,0,2,0,0,2,40,6,0.59,1,0.1,23,17,15,6,2,48.7,4,27,41,2,0,668,51,2,3,42.9,322,3,0,4,4,403,7,1,0,0,10,0,0,0,0,46,9,39.1
Roberto Navarro,es ESP,"MF,FW",Mallorca,es La Liga,22.0,2002.0,23,15,1278,14.2,1,0,1,1,0,0,2.0,2.0,1.9,3.9,0.28,18,6,33.3,1.27,0.42,0.06,0.17,0.11,357,473,75.5,5122,1424,1.5,13,27,14,3,29,7,5,0,51,44,3.1,2,0.14,29,22,14,11,4,47.4,19,48,12,13,0,683,16,42,35,52.2,425,45,10,47,34,441,85,3,0,0,14,2,0,0,0,94,5,35.7
Jesús Navas,es ESP,"FW,MF",Sevilla,es La Liga,38.0,1985.0,15,3,424,4.7,1,0,1,1,0,0,0.5,0.5,0.5,1.0,0.22,3,2,66.7,0.64,0.42,0.33,0.5,0.18,203,262,77.5,3443,816,0.6,10,16,6,5,33,1,0,4,23,15,3.18,0,0.0,5,2,3,0,2,0.0,4,9,6,7,0,295,6,5,4,66.7,150,13,1,5,4,219,48,0,0,0,1,0,0,0,0,10,5,50.0
Michel Ndary Adopo,fr FRA,MF,Cagliari,it Serie A,24.0,2000.0,35,27,2409,26.8,1,1,2,1,0,0,1.1,1.1,2.3,3.4,0.13,20,4,20.0,0.75,0.15,0.05,0.25,0.06,813,979,83.0,12961,3819,1.3,19,90,14,3,8,0,2,2,106,50,1.87,5,0.19,55,32,16,31,8,51.7,27,82,25,14,0,1222,51,32,19,45.2,656,20,1,39,26,783,61,5,1,1,29,0,0,0,0,135,29,54.7
Youssouf Ndayishimiye,bi BDI,DF,Nice,fr Ligue 1,25.0,1998.0,23,22,1932,21.5,3,0,3,3,0,0,0.9,0.9,0.2,1.1,0.05,11,4,36.4,0.51,0.19,0.27,0.75,0.08,1177,1316,89.4,20069,6861,0.4,5,94,5,0,2,0,2,5,86,30,1.4,2,0.09,40,21,25,14,1,59.3,21,61,117,9,4,1581,179,10,6,75.0,906,17,0,14,7,1040,9,5,0,0,19,3,1,0,0,114,37,56.9
Iliman Ndiaye,sn SEN,FW,Everton,eng Premier League,24.0,2000.0,33,29,2430,27.0,9,0,9,7,2,2,6.2,4.7,1.9,6.5,0.3,35,15,42.9,1.3,0.56,0.2,0.47,0.13,602,736,81.8,9038,1875,1.4,18,42,14,5,38,10,2,2,59,65,2.41,8,0.3,53,28,20,16,17,44.9,20,73,24,22,1,1084,36,83,68,47.6,621,86,32,55,44,674,122,3,0,0,24,6,0,0,0,172,6,24.0
Junior Ndiaye,fr FRA,FW,Montpellier,fr Ligue 1,19.0,2005.0,15,4,441,4.9,0,0,0,0,0,0,0.5,0.5,0.4,0.9,0.19,5,2,40.0,1.02,0.41,0.0,0.0,0.1,57,80,71.3,757,112,0.5,5,2,4,0,1,0,1,0,7,9,1.84,0,0.0,3,2,2,1,0,25.0,0,3,2,3,0,124,2,16,2,25.0,61,5,5,14,4,90,26,0,0,0,9,0,0,0,0,4,6,27.3
Rassoul Ndiaye,sn SEN,MF,Le Havre,fr Ligue 1,22.0,2001.0,27,11,1061,11.8,1,0,1,1,0,0,1.7,1.7,0.6,2.4,0.2,18,5,27.8,1.53,0.42,0.06,0.2,0.1,325,441,73.7,5176,1445,0.9,10,30,9,3,32,11,1,2,46,22,1.87,2,0.17,35,25,19,12,4,44.0,12,47,24,13,0,578,34,22,3,25.0,261,6,0,15,4,324,30,2,0,0,12,1,1,0,0,66,13,38.2
Wilfred Ndidi,ng NGA,MF,Leicester City,eng Premier League,27.0,1996.0,28,28,2324,25.8,0,5,5,0,0,0,2.0,2.0,1.9,3.9,0.15,22,8,36.4,0.85,0.31,0.0,0.0,0.09,839,1045,80.3,12034,3031,1.5,17,68,11,3,30,0,4,4,70,31,1.2,4,0.15,85,51,45,32,8,49.2,31,116,80,26,0,1400,119,61,13,39.4,670,18,2,37,33,834,75,8,0,0,39,0,0,0,1,127,61,50.8
Wilfried Ndollo,cm CMR,DF,Montpellier,fr Ligue 1,19.0,2005.0,8,3,401,4.5,0,0,0,0,0,0,0.0,0.0,0.0,0.0,0.01,0,0,,0.0,0.0,,,,151,190,79.5,2006,581,0.1,1,4,0,0,6,0,0,0,7,4,0.9,0,0.0,6,5,4,1,1,50.0,7,13,11,7,0,251,9,2,1,12.5,119,5,1,11,5,143,18,0,0,0,7,1,0,1,1,22,1,12.5
Tanguy Ndombele,fr FRA,MF,Nice,fr Ligue 1,27.0,1996.0,18,12,1131,12.6,1,2,3,1,0,0,2.4,2.4,2.4,4.8,0.38,11,2,18.2,0.88,0.16,0.09,0.5,0.21,415,476,87.2,6290,1904,1.3,18,41,8,0,3,0,6,0,61,31,2.46,4,0.32,35,23,10,21,4,60.0,14,49,9,3,0,611,17,25,25,53.2,366,22,6,28,21,436,36,2,0,0,10,2,0,0,0,67,3,23.1
Cher Ndour,it ITA,"MF,DF",Fiorentina,it Serie A,20.0,2004.0,9,4,406,4.5,0,0,0,0,0,0,0.1,0.1,0.0,0.2,0.04,4,0,0.0,0.89,0.0,0.0,,0.04,184,227,81.1,2792,521,0.1,1,15,3,3,7,0,0,1,17,10,2.22,0,0.0,4,1,2,1,1,20.0,2,6,7,5,1,265,7,8,2,50.0,155,12,1,5,6,186,26,1,0,0,6,1,0,0,0,20,14,50.0
Dan Ndoye,ch SUI,FW,Bologna,it Serie A,23.0,2000.0,30,26,2143,23.8,8,4,12,6,2,2,7.0,5.4,3.8,9.2,0.45,50,17,34.0,2.1,0.71,0.12,0.35,0.11,519,704,73.7,8220,1854,2.7,27,39,26,2,44,1,6,9,74,88,3.7,9,0.38,26,19,8,8,10,57.1,9,35,4,28,0,1021,4,105,37,38.5,755,132,50,82,46,825,231,4,0,0,23,15,1,0,0,89,14,40.0
Paul Nebel,de GER,MF,Mainz 05,de Bundesliga,21.0,2002.0,31,26,2345,26.1,10,4,14,10,0,0,5.8,5.8,4.1,9.8,0.38,44,18,40.9,1.69,0.69,0.23,0.56,0.13,853,1167,73.1,13018,2789,5.6,35,38,41,19,111,17,12,4,91,84,3.23,6,0.23,38,24,11,18,9,31.4,13,51,30,62,2,1516,29,73,25,39.1,894,67,19,67,43,1079,219,5,1,1,37,9,0,0,0,124,17,22.7
Kosta Nedeljković,rs SRB,DF,Aston Villa,eng Premier League,18.0,2005.0,5,0,126,1.4,0,0,0,0,0,0,0.0,0.0,0.0,0.0,0.0,0,0,,0.0,0.0,,,,47,53,88.7,853,185,0.0,0,5,0,0,1,0,0,0,6,0,0.0,0,0.0,7,5,1,3,3,66.7,0,7,3,0,0,66,4,0,1,50.0,27,1,0,1,0,32,0,0,0,0,0,0,0,0,0,4,0,0.0
Kosta Nedeljković,rs SRB,DF,RB Leipzig,de Bundesliga,18.0,2005.0,10,6,479,5.3,0,0,0,0,0,0,0.5,0.5,0.3,0.7,0.14,4,0,0.0,0.75,0.0,0.0,,0.13,194,238,81.5,3195,1052,0.6,3,9,9,2,17,0,0,0,16,6,1.13,0,0.0,11,8,5,6,0,60.0,2,13,14,2,0,283,16,5,1,25.0,120,10,1,4,1,170,27,1,0,0,7,0,0,0,0,11,0,0.0
Loïc Nego,hu HUN,"DF,FW",Le Havre,fr Ligue 1,33.0,1991.0,31,28,2459,27.3,0,0,0,0,0,0,0.8,0.8,0.7,1.4,0.05,11,2,18.2,0.4,0.07,0.0,0.0,0.07,922,1228,75.1,15621,6488,1.6,13,83,30,15,75,0,1,2,102,44,1.61,4,0.15,58,35,37,16,5,64.1,29,87,82,28,0,1469,96,34,17,53.1,742,64,3,19,9,900,123,4,0,0,27,5,0,0,0,111,19,55.9
Ivan Nekić,hr CRO,DF,Holstein Kiel,de Bundesliga,23.0,2000.0,1,1,71,0.8,0,0,0,0,0,0,0.0,0.0,0.0,0.0,0.0,0,0,,0.0,0.0,,,,32,42,76.2,619,249,0.0,0,3,0,0,0,0,0,0,2,0,0.0,0,0.0,1,1,1,0,0,50.0,3,4,2,2,0,50,3,0,0,0.0,19,0,0,1,1,35,0,0,0,0,1,0,0,1,0,1,0,
Reiss Nelson,eng ENG,FW,Arsenal,eng Premier League,24.0,1999.0,1,0,3,0.0,0,0,0,0,0,0,0.0,0.0,0.0,0.0,0.0,0,0,,0.0,0.0,,,,0,0,,0,0,0.0,0,0,0,0,0,0,0,0,0,0,0.0,0,0.0,1,0,0,1,0,0.0,0,1,1,0,0,2,0,0,0,,1,0,0,0,0,1,0,0,0,0,1,0,0,0,0,0,0,
Reiss Nelson,eng ENG,FW,Fulham,eng Premier League,24.0,1999.0,11,5,487,5.4,1,1,2,1,0,0,1.1,1.1,1.0,2.1,0.39,12,6,50.0,2.22,1.11,0.08,0.17,0.09,232,268,86.6,3429,761,1.0,13,7,15,3,23,5,2,2,35,31,5.73,1,0.18,8,6,3,3,2,38.5,5,13,2,2,0,347,5,35,13,37.1,259,45,21,14,8,274,63,1,0,0,6,0,0,0,0,29,0,0.0
Victor Nelsson,dk DEN,DF,Roma,it Serie A,25.0,1998.0,4,1,187,2.1,0,0,0,0,0,0,0.0,0.0,0.0,0.0,0.02,1,0,0.0,0.48,0.0,0.0,,0.03,106,120,88.3,1908,447,0.0,0,7,0,0,0,0,0,0,4,0,0.0,0,0.0,5,4,3,1,1,60.0,2,7,9,0,0,141,6,2,1,100.0,66,0,0,4,0,99,0,0,0,0,2,0,0,0,0,4,7,77.8
David Nemeth,at AUT,DF,St. Pauli,de Bundesliga,23.0,2001.0,24,24,2137,23.7,0,1,1,0,0,0,0.2,0.2,0.1,0.3,0.01,5,1,20.0,0.21,0.04,0.0,0.0,0.04,957,1107,86.4,17042,5403,0.3,3,54,4,1,7,0,0,3,65,8,0.34,2,0.08,43,29,25,16,2,58.1,18,61,94,14,2,1338,158,10,4,44.4,697,14,0,12,3,833,5,3,0,0,21,0,0,0,0,87,37,54.4
David Neres,br BRA,FW,Napoli,it Serie A,27.0,1997.0,28,13,1283,14.3,2,4,6,2,0,0,2.7,2.7,3.5,6.2,0.44,29,7,24.1,2.03,0.49,0.07,0.29,0.09,420,555,75.7,6127,1548,3.2,26,23,21,14,92,35,3,0,32,59,4.14,9,0.63,21,11,10,4,7,66.7,7,28,4,20,0,724,8,60,33,44.0,443,73,30,38,23,513,143,1,0,0,14,1,0,0,0,52,3,23.1
Pedro Neto,pt POR,FW,Chelsea,eng Premier League,24.0,2000.0,35,24,2269,25.2,4,6,10,4,0,0,3.5,3.5,6.7,10.2,0.4,59,17,28.8,2.34,0.67,0.07,0.24,0.06,702,895,78.4,11347,2418,4.8,46,30,37,23,149,56,0,5,60,90,3.57,9,0.36,23,9,9,9,5,42.9,9,32,6,26,0,1153,13,116,34,32.7,746,126,45,45,30,838,253,8,0,0,21,4,0,0,0,81,11,26.8
Luca Netz,de GER,DF,Gladbach,de Bundesliga,21.0,2003.0,24,8,969,10.8,0,2,2,0,0,0,0.2,0.2,1.9,2.1,0.2,3,0,0.0,0.28,0.0,0.0,,0.07,428,528,81.1,6096,1762,1.0,16,30,13,7,16,0,0,0,28,27,2.51,4,0.37,24,14,14,8,2,68.4,10,34,36,12,0,666,44,17,6,28.6,288,16,3,14,10,387,55,2,0,0,8,0,0,0,0,42,11,44.0
Florian Neuhaus,de GER,MF,Gladbach,de Bundesliga,27.0,1997.0,18,2,382,4.2,0,1,1,0,0,0,0.6,0.6,0.3,0.9,0.22,9,3,33.3,2.12,0.71,0.0,0.0,0.07,194,233,83.3,3468,1108,0.6,6,19,7,3,9,0,0,3,27,17,4.02,1,0.24,10,3,7,3,0,41.2,6,16,5,3,1,292,11,9,5,55.6,159,10,1,9,1,193,8,1,0,0,4,0,0,0,0,24,0,0.0
João Neves,pt POR,"MF,DF",Paris S-G,fr Ligue 1,19.0,2004.0,29,22,1844,20.5,3,8,11,3,0,0,3.0,3.0,4.0,7.0,0.34,28,11,39.3,1.37,0.54,0.11,0.27,0.11,1491,1634,91.2,23851,5397,3.9,33,128,22,2,15,0,11,17,144,68,3.32,14,0.68,63,31,20,26,17,60.0,23,86,22,13,1,1851,46,55,16,53.3,1018,35,3,26,16,1397,80,1,0,0,17,3,0,0,0,123,21,63.6
Yvan Neyou,cm CMR,MF,Leganés,es La Liga,27.0,1997.0,30,27,2312,25.7,1,1,2,1,0,0,0.6,0.6,0.6,1.3,0.05,16,3,18.8,0.62,0.12,0.06,0.33,0.04,974,1127,86.4,15217,3867,1.1,13,86,10,1,15,0,2,9,96,30,1.17,2,0.08,53,33,21,26,6,46.8,26,79,38,13,1,1379,45,9,19,45.2,806,24,1,28,21,934,30,14,0,0,33,3,0,0,0,121,22,53.7
Cyril Ngonge,be BEL,FW,Napoli,it Serie A,24.0,2000.0,18,1,216,2.4,0,0,0,0,0,0,0.7,0.7,0.4,1.1,0.44,13,6,46.2,5.42,2.5,0.0,0.0,0.05,68,87,78.2,1031,234,0.2,3,6,1,1,11,5,0,1,8,12,4.98,0,0.0,8,5,4,4,0,57.1,2,10,4,1,0,145,2,10,7,33.3,93,7,4,4,7,110,36,2,0,0,8,1,0,0,0,8,4,40.0
Mikayil Ngor Faye,sn SEN,DF,Rennes,fr Ligue 1,20.0,2004.0,11,7,688,7.6,0,0,0,0,0,0,0.4,0.4,0.0,0.4,0.05,6,3,50.0,0.78,0.39,0.0,0.0,0.06,473,534,88.6,8626,2543,0.3,1,35,1,0,1,0,0,2,35,4,0.52,1,0.13,15,12,10,3,2,77.8,12,27,30,6,0,617,41,7,2,33.3,386,12,1,9,4,415,4,1,1,0,10,0,0,1,0,41,14,60.9
Steve Ngoura,fr FRA,FW,Le Havre,fr Ligue 1,19.0,2005.0,8,2,289,3.2,0,0,0,0,0,0,1.3,1.3,0.4,1.7,0.54,10,2,20.0,3.11,0.62,0.0,0.0,0.13,37,57,64.9,556,181,0.1,2,2,2,0,2,0,0,0,8,6,1.87,0,0.0,4,2,1,1,2,100.0,0,4,2,4,0,106,3,18,7,58.3,54,3,1,14,9,74,19,0,0,0,5,1,0,0,0,7,5,45.5
Bernard Nguene,cm CMR,FW,Nice,fr Ligue 1,17.0,2006.0,1,0,13,0.1,0,0,0,0,0,0,0.0,0.0,0.0,0.0,0.0,0,0,,0.0,0.0,,,,2,2,100.0,17,0,0.0,0,0,0,0,0,0,0,0,0,0,0.0,0,0.0,0,0,0,0,0,,0,0,0,0,0,5,0,0,0,0.0,4,0,0,1,0,5,1,0,0,0,1,0,0,0,0,0,0,0.0
Moussa Niakhate,sn SEN,DF,Lyon,fr Ligue 1,28.0,1996.0,31,30,2726,30.3,0,0,0,0,0,0,0.1,0.1,1.0,1.1,0.04,2,1,50.0,0.07,0.03,0.0,0.0,0.06,1688,1869,90.3,29756,11730,1.1,7,88,13,3,5,0,4,6,111,21,0.69,2,0.07,47,27,37,8,2,75.0,25,72,143,14,3,2133,277,7,3,100.0,1331,34,0,9,4,1510,5,2,0,0,34,0,0,0,0,119,43,64.2
Abdoulaye Niakhate Ndiaye,sn SEN,DF,Brest,fr Ligue 1,22.0,2002.0,22,19,1707,19.0,1,0,1,1,0,0,1.0,1.0,0.0,1.0,0.05,11,2,18.2,0.58,0.11,0.09,0.5,0.09,804,931,86.4,15938,5904,0.2,1,36,2,0,2,0,0,8,39,11,0.58,0,0.0,49,33,36,12,1,67.6,11,60,144,5,3,1203,192,21,2,25.0,598,5,0,15,5,740,4,4,1,0,20,2,0,2,0,72,46,56.8
Ibrahima Niane,sn SEN,FW,Angers,fr Ligue 1,25.0,1999.0,24,8,943,10.5,3,1,4,2,1,1,5.7,4.9,1.0,6.0,0.64,29,10,34.5,2.77,0.95,0.07,0.2,0.17,130,190,68.4,1720,295,0.4,9,13,2,0,2,0,1,2,9,21,2.0,4,0.38,7,3,3,2,2,100.0,2,9,6,4,2,312,8,50,6,31.6,182,19,8,35,17,230,50,0,0,0,15,5,1,0,0,32,26,41.3
Tanguy Nianzou,fr FRA,DF,Sevilla,es La Liga,22.0,2002.0,6,6,518,5.8,0,0,0,0,0,0,0.2,0.2,0.0,0.2,0.03,2,0,0.0,0.35,0.0,0.0,,0.09,285,314,90.8,4654,1465,0.0,0,6,0,0,0,0,0,1,10,1,0.17,0,0.0,7,5,6,0,1,83.3,8,15,27,0,0,376,49,6,3,100.0,207,4,0,3,0,263,0,3,1,1,10,0,0,0,1,9,17,89.5
Rasmus Nicolaisen,dk DEN,DF,Toulouse,fr Ligue 1,27.0,1997.0,7,7,623,6.9,0,1,1,0,0,0,0.4,0.4,0.2,0.7,0.1,5,0,0.0,0.72,0.0,0.0,,0.09,339,385,88.1,6199,2362,0.2,2,20,2,0,0,0,1,0,27,9,1.3,1,0.14,6,3,4,2,0,60.0,10,16,25,3,0,445,58,8,1,50.0,268,3,0,1,2,289,2,0,0,0,4,0,0,0,1,29,21,70.0
Hans Nicolussi Caviglia,it ITA,MF,Venezia,it Serie A,24.0,2000.0,35,33,2861,31.8,4,2,6,4,0,0,2.4,2.4,2.1,4.5,0.14,53,20,37.7,1.67,0.63,0.08,0.2,0.04,1119,1411,79.3,19770,6616,2.3,29,123,15,1,72,51,5,24,140,66,2.08,4,0.13,47,28,17,22,8,45.3,28,75,55,28,2,1739,85,11,17,34.0,901,20,1,40,37,1027,22,7,1,1,50,0,0,1,0,147,27,54.0
Julian Niehues,de GER,MF,Heidenheim,de Bundesliga,23.0,2001.0,8,0,154,1.7,0,0,0,0,0,0,0.2,0.2,0.1,0.4,0.22,2,1,50.0,1.17,0.58,0.0,0.0,0.12,66,84,78.6,1008,363,0.2,3,9,1,0,0,0,1,1,6,4,2.34,0,0.0,3,1,3,0,0,20.0,0,3,8,1,0,106,11,2,1,50.0,43,0,0,2,1,67,3,1,0,0,1,0,0,0,0,4,3,42.9
Oliver Nielsen,dk DEN,DF,Lazio,it Serie A,21.0,2003.0,2,0,35,0.4,0,0,0,0,0,0,0.0,0.0,0.0,0.0,0.0,0,0,,0.0,0.0,,,,18,20,90.0,279,151,0.0,0,2,0,0,0,0,0,0,0,0,0.0,0,0.0,0,0,0,0,0,,1,1,2,1,0,23,3,0,0,,10,0,0,0,0,13,0,1,0,0,2,0,0,0,0,1,0,0.0
Saúl Ñíguez,es ESP,MF,Sevilla,es La Liga,29.0,1994.0,24,17,1553,17.3,1,6,7,1,0,0,2.8,2.8,2.5,5.3,0.31,42,9,21.4,2.43,0.52,0.02,0.11,0.07,516,659,78.3,8573,2296,2.3,22,51,8,2,19,1,3,4,66,50,2.9,8,0.46,47,32,16,24,7,38.7,22,69,34,15,0,904,35,49,12,42.9,386,13,3,26,13,536,39,8,1,0,44,1,0,1,0,86,40,54.8
Eybi Nije,se SWE,"FW,MF",Torino,it Serie A,19.0,2005.0,16,0,394,4.4,1,0,1,1,0,0,1.5,1.5,0.4,1.9,0.44,9,5,55.6,2.06,1.14,0.11,0.2,0.17,63,95,66.3,942,197,0.3,4,4,4,1,6,0,1,1,7,9,2.06,1,0.23,5,1,3,1,1,0.0,0,5,1,1,0,167,2,14,7,36.8,108,10,5,14,9,115,26,1,0,0,12,1,0,0,0,12,12,41.4
Tamás Nikitscher,hu HUN,"MF,DF",Valladolid,es La Liga,24.0,1999.0,13,9,858,9.5,0,0,0,0,0,0,0.1,0.1,0.0,0.1,0.01,2,1,50.0,0.21,0.1,0.0,0.0,0.04,284,311,91.3,4518,985,0.1,2,13,1,0,1,0,0,1,13,4,0.42,0,0.0,17,8,8,9,0,61.5,11,28,16,1,1,401,29,6,5,71.4,189,2,0,6,9,236,7,2,0,0,18,0,0,0,0,34,15,62.5
Adrian Niño,es ESP,FW,Atlético Madrid,es La Liga,20.0,2004.0,1,0,12,0.1,0,0,0,0,0,0,0.2,0.2,0.0,0.2,1.44,2,0,0.0,15.0,0.0,0.0,,0.1,0,0,,0,0,0.0,0,0,0,0,0,0,0,0,0,0,0.0,0,0.0,0,0,0,0,0,,0,0,0,0,0,2,0,2,0,,1,0,0,0,0,1,1,0,0,0,0,0,0,0,0,0,0,0.0
Justin Njinmah,de GER,"FW,MF",Werder Bremen,de Bundesliga,23.0,2000.0,26,10,952,10.6,3,2,5,3,0,0,3.7,3.7,1.6,5.2,0.49,31,8,25.8,2.93,0.76,0.1,0.38,0.12,150,243,61.7,2157,521,1.5,12,8,10,3,19,0,1,1,23,39,3.69,4,0.38,6,2,1,4,1,60.0,3,9,1,16,0,349,2,58,11,40.7,230,33,12,23,7,264,103,1,0,0,7,5,1,0,0,20,15,42.9
Eddie Nketiah,eng ENG,"FW,MF",Crystal Palace,eng Premier League,25.0,1999.0,29,9,1034,11.5,3,1,4,3,0,0,5.8,5.8,1.7,7.4,0.65,43,16,37.2,3.74,1.39,0.07,0.19,0.13,179,241,74.3,2722,563,0.9,13,11,5,0,5,0,2,0,19,31,2.69,3,0.26,15,8,7,4,4,53.8,3,18,12,12,0,412,11,67,11,35.5,246,41,14,34,17,294,79,6,1,1,31,5,1,0,0,26,21,35.6
Niels Nkounkou,fr FRA,"DF,MF",Eint Frankfurt,de Bundesliga,23.0,2000.0,12,4,382,4.2,0,0,0,0,0,0,0.2,0.2,1.3,1.5,0.35,4,0,0.0,0.94,0.0,0.0,,0.04,162,235,68.9,2745,1036,1.2,9,11,4,2,23,0,1,1,15,16,3.77,1,0.24,13,10,7,3,3,57.1,7,20,15,10,0,295,16,8,7,43.8,178,17,1,7,4,175,21,1,0,0,5,0,0,0,0,24,3,37.5
Christopher Nkunku,fr FRA,FW,Chelsea,eng Premier League,26.0,1997.0,27,9,921,10.2,3,2,5,3,0,0,4.8,4.8,2.1,6.9,0.68,25,11,44.0,2.44,1.07,0.12,0.27,0.19,299,334,89.5,3928,760,1.0,14,26,7,0,4,2,2,1,25,34,3.32,4,0.39,12,8,3,4,5,75.0,7,19,10,3,0,448,10,52,10,37.0,280,17,13,18,17,356,68,2,0,0,16,1,0,0,0,29,16,42.1
Felix Nmecha,de GER,MF,Dortmund,de Bundesliga,23.0,2000.0,26,19,1509,16.8,4,1,5,4,0,0,1.3,1.3,1.1,2.4,0.15,18,6,33.3,1.07,0.36,0.22,0.67,0.07,794,903,87.9,14123,3259,1.1,14,91,12,0,6,0,4,9,85,32,1.91,6,0.36,34,22,6,19,9,54.5,23,57,30,12,1,1083,54,19,17,65.4,632,21,4,19,14,782,27,3,0,0,22,2,1,1,0,85,23,53.5
Lukas Nmecha,de GER,"FW,MF",Wolfsburg,de Bundesliga,25.0,1998.0,19,3,467,5.2,3,0,3,3,0,0,4.5,4.5,0.3,4.8,0.92,20,9,45.0,3.85,1.73,0.15,0.33,0.23,76,119,63.9,978,189,0.5,3,2,5,1,6,0,2,0,6,8,1.54,1,0.19,2,0,1,1,0,0.0,2,4,4,9,0,183,7,24,4,50.0,109,8,3,14,3,139,32,1,0,0,7,1,0,0,0,15,16,57.1
Arnaud Nordin,fr FRA,FW,Montpellier,fr Ligue 1,26.0,1998.0,16,14,1166,13.0,4,1,5,3,1,2,4.1,2.5,0.9,3.4,0.39,26,11,42.3,2.01,0.85,0.12,0.27,0.1,232,332,69.9,3260,583,1.1,15,6,12,6,35,0,3,0,23,30,2.32,3,0.23,24,15,6,16,2,52.4,5,29,7,15,0,499,6,49,23,45.1,323,51,22,37,14,359,111,2,0,0,13,2,0,0,0,47,12,38.7
Arnaud Nordin,fr FRA,"DF,MF",Mainz 05,de Bundesliga,26.0,1998.0,6,0,80,0.9,0,0,0,0,0,0,0.0,0.0,0.5,0.5,0.54,1,0,0.0,1.13,0.0,0.0,,0.02,34,48,70.8,478,122,0.4,3,2,0,0,9,1,0,1,1,4,4.5,0,0.0,2,0,0,2,0,100.0,0,2,2,2,0,68,3,7,1,20.0,34,3,3,5,3,42,15,0,0,0,1,0,0,0,0,5,1,25.0
Brooke Norton-Cuffy,eng ENG,"DF,FW",Genoa,it Serie A,20.0,2004.0,14,8,719,8.0,0,0,0,0,0,0,0.3,0.3,0.2,0.4,0.05,5,2,40.0,0.63,0.25,0.0,0.0,0.05,197,262,75.2,3037,1174,0.1,2,10,2,1,12,0,0,0,18,13,1.63,3,0.38,12,7,9,3,0,81.8,3,15,12,9,0,344,19,8,7,35.0,190,12,3,14,9,209,21,0,0,0,7,0,0,0,0,26,12,42.9
Tijjani Noslin,nl NED,"FW,MF",Lazio,it Serie A,25.0,1999.0,30,8,861,9.6,2,2,4,2,0,0,2.0,2.0,1.6,3.6,0.38,19,6,31.6,1.99,0.63,0.11,0.33,0.11,186,248,75.0,2629,593,1.1,12,12,11,5,15,0,3,3,16,27,2.82,4,0.42,6,5,2,1,3,12.5,1,7,7,9,0,347,8,47,8,42.1,194,13,6,24,13,252,56,2,0,0,21,2,0,0,0,22,27,48.2
Hugo Novoa,es ESP,"DF,MF",Alavés,es La Liga,21.0,2003.0,5,2,237,2.6,0,0,0,0,0,0,0.5,0.5,0.2,0.7,0.26,1,0,0.0,0.38,0.0,0.0,,0.49,53,69,76.8,798,261,0.2,2,0,2,2,7,0,0,1,2,6,2.28,0,0.0,8,5,4,3,1,100.0,0,8,6,3,0,100,8,1,3,30.0,50,7,0,6,2,47,10,0,0,0,1,0,0,0,0,9,1,11.1
Plamedi Nsingi,,MF,Nantes,fr Ligue 1,23.0,2000.0,1,0,16,0.2,0,0,0,0,0,0,0.2,0.2,0.0,0.2,1.21,1,1,100.0,5.63,5.63,0.0,0.0,0.23,2,6,33.3,24,0,0.0,0,0,0,0,0,0,0,0,0,0,0.0,0,0.0,1,0,1,0,0,0.0,0,1,0,1,0,8,0,1,0,,4,0,0,0,0,5,0,0,0,0,0,0,0,0,0,1,3,100.0
Randy Nteka,ao ANG,FW,Rayo Vallecano,es La Liga,26.0,1997.0,24,16,1129,12.5,3,0,3,3,0,0,2.6,2.6,0.5,3.1,0.25,16,8,50.0,1.28,0.64,0.19,0.38,0.16,144,223,64.6,1834,230,0.3,9,5,2,0,4,0,0,0,8,21,1.67,0,0.0,16,5,3,9,4,41.7,4,20,20,9,0,366,24,40,5,33.3,159,10,5,32,17,241,44,6,0,0,39,3,0,0,0,26,41,44.6
Ernest Nuamah,gh GHA,"FW,MF",Lyon,fr Ligue 1,20.0,2003.0,23,13,1052,11.7,3,1,4,3,0,0,2.2,2.2,1.5,3.7,0.32,28,13,46.4,2.4,1.11,0.11,0.23,0.08,358,448,79.9,5021,917,1.3,18,11,17,4,30,8,2,1,33,35,2.99,2,0.17,21,11,15,4,2,44.4,8,29,8,18,1,597,13,51,22,51.2,388,44,18,31,22,431,131,2,0,0,18,1,0,1,0,60,13,48.1
Gustavo Nunes,br BRA,"FW,MF",Brentford,eng Premier League,18.0,2005.0,3,0,12,0.1,0,0,0,0,0,0,0.0,0.0,0.0,0.0,0.0,0,0,,0.0,0.0,,,,1,1,100.0,15,0,0.0,0,0,0,0,0,0,0,0,0,0,0.0,0,0.0,3,2,2,0,1,100.0,0,3,2,0,0,7,1,1,0,,1,1,1,1,0,1,0,0,0,0,0,0,0,0,0,0,0,
Matheus Nunes,pt POR,"DF,MF",Manchester City,eng Premier League,25.0,1998.0,26,19,1674,18.6,1,6,7,1,0,0,1.2,1.2,4.4,5.6,0.3,9,4,44.4,0.48,0.22,0.11,0.25,0.14,1065,1234,86.3,16409,2994,3.3,23,53,26,7,45,7,3,8,79,46,2.47,8,0.43,35,22,15,14,6,42.1,15,50,38,24,2,1416,47,62,19,46.3,866,63,24,32,13,1013,175,4,0,0,30,3,0,1,0,70,14,42.4
Darwin Núñez,uy URU,FW,Liverpool,eng Premier League,25.0,1999.0,30,8,1133,12.6,5,2,7,5,0,0,5.8,5.8,1.3,7.1,0.57,34,13,38.2,2.7,1.03,0.15,0.38,0.17,163,230,70.9,2390,587,0.5,11,9,3,1,3,0,1,6,27,31,2.46,4,0.32,21,18,11,4,6,38.9,4,25,12,13,0,366,10,74,8,34.8,201,23,12,24,21,248,78,8,0,0,27,2,1,0,0,41,20,37.7
Unai Núñez,es ESP,DF,Athletic Club,es La Liga,27.0,1997.0,10,7,645,7.2,0,0,0,0,0,0,0.2,0.2,0.1,0.3,0.04,1,0,0.0,0.14,0.0,0.0,,0.23,283,325,87.1,6367,2366,0.1,1,16,1,0,0,0,0,7,26,2,0.28,0,0.0,10,5,7,3,0,57.1,17,27,46,0,1,415,55,2,2,66.7,225,2,0,6,0,245,0,4,0,0,10,0,0,0,0,28,13,52.0
Antonio Nusa,no NOR,"MF,DF",RB Leipzig,de Bundesliga,19.0,2005.0,25,16,1558,17.3,3,3,6,3,0,0,1.6,1.6,2.8,4.4,0.26,24,7,29.2,1.39,0.4,0.13,0.43,0.07,420,566,74.2,5993,1905,2.6,20,31,20,6,35,1,8,1,52,41,2.37,5,0.29,30,17,16,9,5,50.0,8,38,11,16,0,802,19,54,39,45.3,480,57,26,38,31,557,123,0,0,0,14,4,0,1,0,78,6,28.6
Ethan Nwaneri,eng ENG,"FW,MF",Arsenal,eng Premier League,17.0,2007.0,26,11,895,9.9,4,2,6,4,0,0,1.2,1.2,1.2,2.4,0.24,24,9,37.5,2.41,0.91,0.17,0.44,0.05,342,425,80.5,4906,1216,1.8,16,17,16,6,54,27,3,1,33,29,2.91,3,0.3,11,7,4,4,3,33.3,2,13,4,14,1,544,3,44,37,59.7,365,46,17,23,17,398,113,1,0,0,9,1,0,0,0,34,4,33.3
Allan Nyom,cm CMR,"DF,MF",Getafe,es La Liga,36.0,1988.0,20,10,887,9.9,1,2,3,1,0,0,0.5,0.5,0.3,0.8,0.09,9,4,44.4,0.91,0.41,0.11,0.25,0.06,280,352,79.5,4530,1658,0.3,5,23,5,4,15,0,0,0,22,11,1.12,3,0.3,18,11,7,9,2,88.2,4,22,23,1,0,443,21,15,4,44.4,206,5,0,16,4,235,21,4,0,0,18,2,0,1,0,32,8,33.3
Rabby Nzingoula,cg CGO,MF,Montpellier,fr Ligue 1,18.0,2005.0,27,20,1689,18.8,1,0,1,1,0,0,1.0,1.0,1.6,2.6,0.14,19,6,31.6,1.01,0.32,0.05,0.17,0.06,454,592,76.7,7468,1487,1.2,8,32,6,0,16,2,7,2,40,35,1.92,0,0.0,64,42,26,31,7,46.6,29,93,23,27,0,850,38,23,25,48.1,454,25,6,33,23,503,38,11,0,0,37,6,0,0,0,99,17,45.9
M'Bala Nzola,ao ANG,FW,Lens,fr Ligue 1,27.0,1996.0,21,16,1460,16.2,6,1,7,6,0,0,8.6,8.6,1.3,9.9,0.61,47,18,38.3,2.9,1.11,0.13,0.33,0.19,227,302,75.2,2579,415,0.9,20,7,9,0,1,0,0,1,22,39,2.4,5,0.31,5,4,0,1,4,33.3,5,10,7,8,0,490,4,95,14,36.8,284,26,14,62,47,381,118,3,1,0,30,1,0,0,0,36,38,51.4
Marwann Nzuzi,fr FRA,DF,Saint-Étienne,fr Ligue 1,20.0,2004.0,2,2,125,1.4,0,0,0,0,0,0,0.0,0.0,0.1,0.1,0.08,2,1,50.0,1.44,0.72,0.0,0.0,0.02,46,55,83.6,707,322,0.1,1,3,1,1,1,0,0,0,2,1,0.72,0,0.0,2,2,1,0,1,50.0,2,4,6,1,0,72,3,0,0,0.0,34,2,0,3,2,40,5,2,0,0,2,0,0,0,0,3,2,66.7
Christian Nørgaard,dk DEN,MF,Brentford,eng Premier League,30.0,1994.0,34,34,2819,31.3,5,4,9,5,0,0,4.3,4.3,1.3,5.6,0.18,39,15,38.5,1.25,0.48,0.13,0.33,0.11,1164,1427,81.6,19339,6409,1.4,18,137,27,4,17,0,4,5,154,58,1.85,13,0.42,79,49,37,35,7,59.3,49,128,70,25,1,1802,176,57,7,50.0,826,14,4,34,20,1075,42,8,1,0,44,2,0,0,0,193,49,62.0
Jake O'Brien,ie IRL,DF,Everton,eng Premier League,23.0,2001.0,20,17,1571,17.5,2,0,2,2,0,0,0.8,0.8,0.6,1.3,0.08,6,3,50.0,0.34,0.17,0.33,0.67,0.13,577,725,79.6,10580,3946,0.3,6,41,8,5,18,0,0,1,50,16,0.92,0,0.0,26,17,21,5,0,68.0,4,30,93,12,0,900,93,22,4,40.0,391,7,2,5,5,481,25,5,0,0,13,0,0,0,0,52,41,57.7
Matt O'Riley,dk DEN,MF,Brighton,eng Premier League,23.0,2000.0,21,11,938,10.4,2,2,4,1,1,1,2.8,2.0,2.4,4.4,0.5,21,6,28.6,2.01,0.58,0.05,0.17,0.1,316,413,76.5,5018,1362,2.0,21,30,8,1,51,36,2,2,38,40,3.84,5,0.48,16,9,4,8,4,30.8,13,29,9,15,1,525,20,47,8,61.5,275,22,8,19,4,307,52,1,0,0,16,1,1,0,1,29,5,38.5
Dara O'Shea,ie IRL,DF,Ipswich Town,eng Premier League,25.0,1999.0,35,35,3122,34.7,0,2,2,0,0,0,1.3,1.3,0.5,1.8,0.05,22,2,9.1,0.63,0.06,0.0,0.0,0.06,1234,1579,78.2,24503,10549,0.7,3,89,4,1,8,0,0,14,80,24,0.69,4,0.12,49,31,33,13,3,64.7,33,82,225,12,4,2022,393,51,1,50.0,897,3,0,12,4,1162,8,6,0,0,21,2,0,0,0,110,114,57.3
Adam Obert,sk SVK,DF,Cagliari,it Serie A,21.0,2002.0,21,13,1077,12.0,1,1,2,1,0,0,0.9,0.9,0.4,1.3,0.11,9,2,22.2,0.75,0.17,0.11,0.5,0.11,413,537,76.9,6894,2626,0.2,10,36,4,1,11,0,0,3,50,25,2.09,4,0.33,31,18,12,17,2,59.3,23,54,48,17,2,710,67,13,5,35.7,298,12,0,26,7,330,19,4,0,0,22,1,0,0,0,59,25,53.2
Chidozie Obi-Martin,dk DEN,FW,Manchester Utd,eng Premier League,16.0,2007.0,7,1,165,1.8,0,0,0,0,0,0,0.7,0.7,0.0,0.7,0.36,5,1,20.0,2.73,0.55,0.0,0.0,0.13,20,24,83.3,259,49,0.0,0,1,0,0,0,0,0,0,1,2,1.09,0,0.0,2,1,0,0,2,100.0,0,2,1,0,0,47,3,9,1,33.3,22,2,1,5,1,29,12,1,0,0,3,0,0,0,0,9,2,33.3
Lucas Ocampos,ar ARG,FW,Sevilla,es La Liga,30.0,1994.0,2,2,175,1.9,0,1,1,0,0,0,0.2,0.2,0.3,0.5,0.25,4,2,50.0,2.06,1.03,0.0,0.0,0.04,65,91,71.4,1020,296,0.1,3,8,2,1,4,1,0,2,7,7,3.6,2,1.03,3,2,2,0,1,50.0,0,3,2,4,0,115,1,5,2,25.0,63,5,0,5,3,84,20,0,0,0,3,0,0,0,0,6,3,42.9
Jens Odgaard,dk DEN,"MF,FW",Bologna,it Serie A,25.0,1999.0,29,24,1952,21.7,6,1,7,6,0,0,3.6,3.6,1.8,5.4,0.25,49,22,44.9,2.26,1.01,0.12,0.27,0.07,374,500,74.8,5524,1386,1.4,16,34,15,3,24,5,2,2,50,45,2.08,6,0.28,20,14,3,12,5,28.6,9,29,12,22,1,759,11,68,15,28.3,454,35,12,56,33,548,99,1,0,0,42,4,0,0,0,70,43,41.0
Wilson Odobert,fr FRA,"FW,MF",Tottenham,eng Premier League,19.0,2004.0,16,9,850,9.4,1,0,1,1,0,0,1.6,1.6,1.0,2.6,0.27,13,4,30.8,1.38,0.42,0.08,0.25,0.12,212,274,77.4,2878,567,0.8,6,11,12,3,25,1,0,1,27,16,1.7,1,0.11,14,5,5,4,5,57.1,4,18,5,13,1,381,7,35,12,37.5,265,45,18,21,17,273,66,0,0,0,2,0,0,0,0,34,4,33.3
David Odogu,de GER,DF,Wolfsburg,de Bundesliga,18.0,2006.0,3,2,195,2.2,0,0,0,0,0,0,0.2,0.2,0.0,0.2,0.1,2,0,0.0,0.92,0.0,0.0,,0.11,87,99,87.9,1800,625,0.0,0,6,1,0,0,0,0,0,8,1,0.46,0,0.0,6,4,4,2,0,60.0,2,8,25,0,1,143,20,3,0,,78,1,0,1,0,79,0,0,0,0,2,0,0,0,0,4,9,75.0
Álvaro Odriozola,es ESP,DF,Real Sociedad,es La Liga,28.0,1995.0,2,0,43,0.5,0,0,0,0,0,0,0.0,0.0,0.0,0.0,0.0,0,0,,0.0,0.0,,,,22,30,73.3,344,111,0.0,0,4,1,1,1,0,0,0,3,1,2.09,0,0.0,1,1,1,0,0,,0,1,1,0,0,35,1,0,0,,21,0,0,3,1,22,0,1,0,0,2,0,0,0,0,2,1,100.0
Tim Oermann,de GER,DF,Bochum,de Bundesliga,20.0,2003.0,29,26,2213,24.6,0,2,2,0,0,0,0.2,0.2,0.6,0.8,0.03,9,0,0.0,0.37,0.0,0.0,,0.02,771,936,82.4,14338,4177,0.7,7,50,8,3,14,0,1,2,61,20,0.81,3,0.12,50,31,25,21,4,60.5,22,72,64,16,0,1172,93,2,6,42.9,605,15,3,24,9,639,16,0,0,0,16,0,0,0,0,99,27,42.2
Chiedozie Ogbene,ie IRL,FW,Ipswich Town,eng Premier League,27.0,1997.0,5,3,238,2.6,0,0,0,0,0,0,0.0,0.0,0.1,0.1,0.03,0,0,,0.0,0.0,,,,32,43,74.4,415,27,0.0,2,0,0,0,4,0,0,0,0,3,1.13,0,0.0,7,3,1,2,4,50.0,1,8,3,5,0,70,3,6,1,14.3,41,7,2,4,2,43,15,0,0,0,2,1,0,0,0,6,1,14.3
Ifechukwu Ogbus,ch SUI,DF,Freiburg,de Bundesliga,18.0,2005.0,2,0,19,0.2,0,0,0,0,0,0,0.0,0.0,0.0,0.0,0.0,0,0,,0.0,0.0,,,,6,10,60.0,98,26,0.0,0,0,0,0,0,0,0,0,0,0,0.0,0,0.0,1,1,0,0,1,0.0,1,2,2,0,0,15,1,0,0,,4,0,0,1,0,3,0,0,0,0,1,0,0,0,0,1,0,
Thiago Ojeda,ar ARG,MF,Villarreal,es La Liga,21.0,2003.0,1,0,8,0.1,0,0,0,0,0,0,0.0,0.0,0.0,0.0,0.12,1,0,0.0,11.25,0.0,0.0,,0.01,7,8,87.5,103,15,0.0,0,1,0,0,1,0,0,0,2,0,0.0,0,0.0,0,0,0,0,0,,0,0,1,0,0,11,1,0,0,,5,1,0,1,0,7,0,1,0,0,1,0,0,0,0,0,0,
Hamzat Ojediran,ng NGA,"MF,FW",Lens,fr Ligue 1,20.0,2003.0,17,1,416,4.6,1,0,1,1,0,0,0.6,0.6,0.4,1.0,0.22,10,3,30.0,2.16,0.65,0.1,0.33,0.06,203,254,79.9,3132,917,0.4,2,21,2,0,2,0,3,0,22,9,1.96,2,0.44,28,15,12,13,3,36.8,10,38,7,2,0,343,11,7,6,54.5,151,4,0,6,0,172,2,5,0,0,17,0,0,0,0,26,9,37.5
Noah Okafor,ch SUI,FW,Milan,it Serie A,24.0,2000.0,11,5,414,4.6,1,0,1,1,0,0,1.5,1.5,0.3,1.9,0.41,13,7,53.8,2.83,1.52,0.08,0.14,0.12,77,105,73.3,1323,270,0.7,4,4,7,2,13,1,0,0,12,11,2.39,2,0.43,2,1,0,0,2,0.0,2,4,1,2,0,163,1,28,12,48.0,111,21,10,12,9,123,48,0,0,0,6,0,0,0,0,8,2,28.6
Noah Okafor,ch SUI,"FW,MF",Napoli,it Serie A,24.0,2000.0,4,0,40,0.4,0,0,0,0,0,0,0.0,0.0,0.6,0.7,1.47,1,0,0.0,2.25,0.0,0.0,,0.02,11,17,64.7,236,47,0.2,3,2,1,1,3,0,0,0,1,4,9.0,0,0.0,3,2,3,0,0,100.0,0,3,1,0,0,29,0,6,2,28.6,15,7,3,2,2,18,6,0,0,0,2,0,0,0,0,3,2,50.0
Caleb Okoli,it ITA,DF,Leicester City,eng Premier League,23.0,2001.0,19,12,1125,12.5,1,0,1,1,0,0,0.6,0.6,0.0,0.6,0.05,4,2,50.0,0.32,0.16,0.25,0.5,0.15,559,648,86.3,9749,3849,0.2,0,21,1,0,1,0,1,3,32,4,0.32,0,0.0,25,14,8,15,2,61.1,15,40,79,8,3,806,152,10,0,,468,3,0,10,2,484,2,4,0,0,16,0,0,0,0,44,23,52.3
Yllan Okou,fr FRA,DF,Hellas Verona,it Serie A,21.0,2002.0,1,0,2,0.0,0,0,0,0,0,0,0.0,0.0,0.0,0.0,0.0,0,0,,0.0,0.0,,,,0,2,0.0,0,0,0.0,0,0,0,0,0,0,0,0,0,0,0.0,0,0.0,0,0,0,0,0,,0,0,0,0,0,3,0,0,0,,1,0,0,0,0,1,0,0,0,0,0,0,0,0,0,0,0,
Joseph Okumu,ke KEN,DF,Reims,fr Ligue 1,27.0,1997.0,22,20,1695,18.8,1,0,1,1,0,0,1.0,1.0,0.1,1.2,0.06,12,2,16.7,0.64,0.11,0.08,0.5,0.08,883,1083,81.5,19248,8117,0.4,4,121,4,1,5,0,3,15,116,25,1.33,3,0.16,30,15,21,9,0,62.5,25,55,137,8,2,1348,188,14,14,77.8,710,18,0,12,2,819,1,5,1,1,15,0,0,2,0,94,35,63.6
Aingeru Olabarrieta,es ESP,FW,Athletic Club,es La Liga,18.0,2005.0,1,1,54,0.6,0,0,0,0,0,0,0.0,0.0,0.0,0.0,0.0,0,0,,0.0,0.0,,,,9,18,50.0,114,24,0.0,0,0,0,0,4,0,0,0,1,0,0.0,0,0.0,0,0,0,0,0,,1,1,1,2,0,25,1,0,1,25.0,15,2,0,0,1,18,3,0,0,0,1,0,0,0,0,4,1,100.0
Kazeem Olaigbe,be BEL,"MF,FW",Rennes,fr Ligue 1,21.0,2003.0,10,3,299,3.3,0,2,2,0,0,0,0.3,0.3,1.9,2.2,0.67,6,2,33.3,1.81,0.6,0.0,0.0,0.05,124,141,87.9,1749,319,1.5,15,2,8,2,10,2,1,2,18,25,7.53,4,1.2,6,4,3,3,0,50.0,0,6,0,3,0,176,2,15,13,59.1,111,17,9,3,5,140,32,0,0,0,6,0,0,0,0,13,0,0.0
Olasagasti,es ESP,MF,Real Sociedad,es La Liga,23.0,2000.0,22,7,857,9.5,1,1,2,1,0,0,0.9,0.9,0.8,1.7,0.18,13,2,15.4,1.37,0.21,0.08,0.5,0.07,314,407,77.1,4887,942,0.7,6,34,8,0,10,4,0,5,38,16,1.68,2,0.21,21,10,7,9,5,44.4,15,36,10,7,0,512,13,20,3,23.1,258,11,2,11,4,335,41,2,0,0,15,1,0,0,0,42,12,35.3
Ben Old,nz NZL,"FW,MF",Saint-Étienne,fr Ligue 1,21.0,2002.0,13,4,528,5.9,0,0,0,0,0,0,1.0,1.0,0.8,1.8,0.31,11,2,18.2,1.87,0.34,0.0,0.0,0.09,108,146,74.0,1641,467,0.5,9,6,4,1,19,5,2,0,14,16,2.73,1,0.17,7,5,3,3,1,27.3,2,9,2,7,0,218,4,23,9,40.9,134,16,8,19,6,163,48,0,0,0,4,1,0,0,0,24,1,16.7
Finn Ole Becker,de GER,MF,Hoffenheim,de Bundesliga,24.0,2000.0,13,7,670,7.4,0,1,1,0,0,0,0.1,0.1,0.3,0.4,0.05,4,2,50.0,0.54,0.27,0.0,0.0,0.03,316,383,82.5,5058,1752,0.4,8,38,7,1,8,1,0,1,45,20,2.69,3,0.4,11,5,4,6,1,25.0,10,21,20,3,0,461,21,2,6,42.9,256,3,0,9,8,300,7,1,0,0,5,1,0,0,0,50,7,77.8
Michael Olise,fr FRA,"FW,MF",Bayern Munich,de Bundesliga,22.0,2001.0,34,28,2334,25.9,12,15,27,12,0,0,9.7,9.7,12.0,21.7,0.84,86,36,41.9,3.32,1.39,0.14,0.33,0.11,1290,1585,81.4,19018,5660,12.5,90,89,111,13,131,72,25,7,184,169,6.51,25,0.96,36,23,10,21,5,44.7,8,44,16,44,2,1957,18,148,72,47.7,1305,119,46,59,29,1556,381,3,0,0,22,9,2,0,0,105,11,47.8
Brian Oliván,es ESP,DF,Espanyol,es La Liga,30.0,1994.0,17,12,1017,11.3,0,1,1,0,0,0,0.4,0.4,1.1,1.5,0.13,6,1,16.7,0.53,0.09,0.0,0.0,0.06,317,458,69.2,5671,2788,0.8,15,44,12,9,55,9,0,3,40,24,2.09,1,0.09,13,10,7,6,0,30.8,10,23,23,13,0,540,27,8,1,25.0,248,21,0,10,1,299,57,2,0,0,13,0,0,0,0,28,3,23.1
Lucas Oliveira Rosa,br BRA,DF,Valladolid,es La Liga,24.0,2000.0,21,21,1890,21.0,0,1,1,0,0,0,0.9,0.9,2.0,2.8,0.13,8,3,37.5,0.38,0.14,0.0,0.0,0.11,637,833,76.5,10312,3479,1.5,13,34,6,4,36,0,4,3,50,31,1.48,1,0.05,53,33,40,11,2,68.6,28,81,69,26,2,1076,76,21,14,45.2,447,31,5,29,11,550,74,6,0,0,35,1,0,0,0,87,18,64.3
Mathías Olivera,uy URU,DF,Napoli,it Serie A,26.0,1997.0,32,26,2370,26.3,0,2,2,0,0,0,1.1,1.1,1.7,2.8,0.11,16,2,12.5,0.61,0.08,0.0,0.0,0.07,1350,1580,85.4,21815,7058,0.8,25,121,11,4,22,0,1,6,126,42,1.59,5,0.19,63,35,31,25,7,60.4,28,91,74,32,1,1884,98,42,5,31.3,957,46,6,27,13,1205,62,4,0,0,28,3,1,0,0,93,41,53.2
Dani Olmo,es ESP,"MF,FW",Barcelona,es La Liga,26.0,1998.0,25,13,1212,13.5,10,3,13,8,2,2,6.5,4.9,3.0,7.9,0.7,40,15,37.5,2.97,1.11,0.2,0.53,0.12,520,641,81.1,7634,2216,3.7,26,49,29,1,21,11,11,6,81,66,4.9,12,0.89,16,11,8,5,3,28.6,3,19,11,18,1,797,18,77,23,51.1,505,33,7,35,26,662,97,1,0,0,21,5,3,0,0,46,9,50.0
Warmed Omari,km COM,DF,Lyon,fr Ligue 1,24.0,2000.0,1,0,8,0.1,0,0,0,0,0,0,0.0,0.0,0.0,0.0,0.0,0,0,,0.0,0.0,,,,6,6,100.0,145,40,0.0,0,0,0,0,0,0,0,0,0,0,0.0,0,0.0,0,0,0,0,0,,0,0,1,0,0,7,0,0,0,,3,0,0,0,0,5,0,0,0,0,0,0,0,0,0,0,0,
Becir Omeragic,ch SUI,DF,Montpellier,fr Ligue 1,22.0,2002.0,22,21,1799,20.0,0,0,0,0,0,0,0.3,0.3,0.1,0.4,0.02,7,3,42.9,0.35,0.15,0.0,0.0,0.04,832,903,92.1,14911,4349,0.4,3,44,5,2,7,0,0,2,51,9,0.45,0,0.0,32,16,19,12,1,76.2,13,45,78,7,0,1084,158,8,11,78.6,609,21,1,6,4,723,3,1,0,0,13,0,0,0,1,75,20,37.0
Andrew Omobamidele,ie IRL,DF,Strasbourg,fr Ligue 1,22.0,2002.0,10,6,539,6.0,0,0,0,0,0,0,0.0,0.0,0.0,0.0,0.0,0,0,,0.0,0.0,,,,367,390,94.1,6665,2470,0.0,0,7,0,0,0,0,0,0,9,1,0.17,0,0.0,7,4,4,3,0,40.0,8,15,41,2,0,468,80,0,1,50.0,258,0,0,4,1,324,0,5,1,1,13,0,0,1,0,25,9,75.0
Ado Onaiwu,jp JPN,"MF,FW",Auxerre,fr Ligue 1,28.0,1995.0,31,9,957,10.6,4,1,5,4,0,0,4.0,4.0,1.1,5.1,0.47,23,14,60.9,2.16,1.32,0.17,0.29,0.18,241,329,73.3,3189,813,1.1,10,21,9,4,7,0,1,0,33,28,2.63,1,0.09,11,7,2,6,3,28.6,3,14,12,14,0,458,9,30,11,44.0,268,17,4,29,22,346,74,1,1,0,9,2,0,0,0,45,37,58.7
Amadou Onana,be BEL,MF,Aston Villa,eng Premier League,22.0,2001.0,26,20,1617,18.0,3,0,3,3,0,0,2.1,2.1,0.7,2.8,0.16,17,6,35.3,0.95,0.33,0.18,0.5,0.12,703,802,87.7,11058,2897,0.8,10,69,12,2,2,0,3,0,75,32,1.78,4,0.22,55,30,23,26,6,55.2,26,81,41,11,3,998,71,23,14,70.0,553,29,1,11,9,671,16,4,0,0,32,0,0,0,0,72,32,60.4
Jean Onana,cm CMR,MF,Genoa,it Serie A,24.0,2000.0,9,2,304,3.4,0,0,0,0,0,0,0.0,0.0,0.1,0.1,0.03,1,0,0.0,0.3,0.0,0.0,,0.02,108,134,80.6,1788,423,0.1,2,8,0,0,1,0,0,0,11,4,1.18,0,0.0,12,6,2,10,0,55.6,4,16,8,0,1,183,8,1,2,50.0,82,1,0,6,7,96,4,1,0,0,12,0,0,0,0,13,6,37.5
Jacob Ondrejka,se SWE,"MF,FW",Parma,it Serie A,21.0,2002.0,12,3,422,4.7,5,0,5,5,0,0,1.3,1.3,0.6,1.9,0.4,14,10,71.4,2.99,2.13,0.36,0.5,0.09,95,127,74.8,1400,463,1.1,7,3,3,0,16,13,2,0,11,14,2.99,1,0.21,12,6,5,7,0,83.3,7,19,2,3,0,192,4,19,6,75.0,107,13,8,10,3,108,21,0,0,0,1,1,0,0,0,18,0,0.0
Karim Onisiwo,at AUT,"MF,FW",Mainz 05,de Bundesliga,32.0,1992.0,6,1,110,1.2,0,0,0,0,0,0,0.1,0.1,0.3,0.4,0.33,3,0,0.0,2.45,0.0,0.0,,0.02,15,24,62.5,223,31,0.2,1,0,1,1,2,0,0,0,0,2,1.64,1,0.82,1,1,0,0,1,,0,1,0,1,0,45,1,5,1,50.0,23,1,0,5,2,28,8,0,0,0,3,1,0,0,0,4,3,33.3
Paul Onuachu,ng NGA,FW,Southampton,eng Premier League,30.0,1994.0,25,11,1050,11.7,4,1,5,4,0,0,3.6,3.6,0.5,4.1,0.35,34,15,44.1,2.91,1.29,0.12,0.27,0.11,160,263,60.8,2292,365,0.3,8,13,2,0,0,0,0,4,13,9,0.77,1,0.09,7,2,1,5,1,42.9,1,8,16,8,1,440,17,67,8,30.8,214,7,2,50,36,358,40,4,0,0,28,0,0,0,0,19,93,61.2
Frank Onyeka,ng NGA,MF,Brentford,eng Premier League,26.0,1998.0,2,0,25,0.3,0,0,0,0,0,0,0.0,0.0,0.0,0.0,0.0,0,0,,0.0,0.0,,,,6,7,85.7,71,19,0.0,0,0,1,0,0,0,0,0,1,0,0.0,0,0.0,0,0,0,0,0,,0,0,0,0,0,10,0,0,0,,6,0,0,2,1,6,0,0,0,0,2,0,0,0,0,2,0,
Frank Onyeka,ng NGA,MF,Augsburg,de Bundesliga,26.0,1998.0,31,30,2586,28.7,0,1,1,0,0,0,1.4,1.4,1.3,2.7,0.09,24,6,25.0,0.84,0.21,0.0,0.0,0.06,852,1019,83.6,13719,3131,2.0,17,70,12,5,20,2,2,1,106,50,1.74,4,0.14,58,45,22,28,8,55.0,36,94,36,25,2,1339,60,37,18,33.3,754,46,8,49,34,815,71,8,0,0,47,5,0,0,0,147,16,43.2
Loïs Openda,be BEL,"FW,MF",RB Leipzig,de Bundesliga,24.0,2000.0,33,28,2453,27.3,9,5,14,9,0,1,9.0,8.2,3.4,11.6,0.45,77,31,40.3,2.83,1.14,0.12,0.29,0.11,377,591,63.8,4849,996,2.3,28,24,20,1,27,0,2,6,47,66,2.42,10,0.37,9,4,3,4,2,27.3,5,14,12,36,0,904,12,158,22,29.7,521,58,37,82,27,718,229,5,1,1,29,11,4,0,0,54,19,38.0
Christopher Operi,ci CIV,"DF,FW",Le Havre,fr Ligue 1,27.0,1997.0,13,13,1169,13.0,0,2,2,0,0,0,0.3,0.3,2.2,2.5,0.19,7,1,14.3,0.54,0.08,0.0,0.0,0.04,533,747,71.4,9424,3412,3.2,24,36,20,13,128,35,1,6,52,36,2.77,3,0.23,13,9,6,2,5,58.3,14,27,30,22,0,878,41,12,14,51.9,418,28,3,14,11,501,65,2,1,1,9,2,0,0,0,51,11,64.7
Fredrik Oppegard,no NOR,DF,Auxerre,fr Ligue 1,21.0,2002.0,9,2,273,3.0,0,0,0,0,0,0,0.1,0.1,0.1,0.2,0.07,3,1,33.3,0.99,0.33,0.0,0.0,0.04,125,154,81.2,1650,509,0.1,2,4,3,2,6,0,0,0,7,8,2.64,0,0.0,6,4,4,1,1,42.9,2,8,12,2,1,184,11,4,1,33.3,99,5,1,4,4,111,11,0,0,0,3,0,0,0,0,14,2,28.6
Victor Orakpo,ng NGA,FW,Nice,fr Ligue 1,18.0,2006.0,4,0,36,0.4,0,0,0,0,0,0,0.3,0.3,0.0,0.3,0.81,2,0,0.0,5.0,0.0,0.0,,0.16,15,17,88.2,218,43,0.0,0,1,0,0,0,0,0,0,1,1,2.5,0,0.0,0,0,0,0,0,,0,0,0,1,0,21,0,3,2,100.0,14,2,1,1,0,18,4,0,0,0,0,0,0,0,0,3,1,20.0
Ike Orazi,ie IRL,MF,Reims,fr Ligue 1,17.0,2007.0,1,0,3,0.0,0,0,0,0,0,0,0.0,0.0,0.0,0.0,0.0,0,0,,0.0,0.0,,,,1,1,100.0,11,0,0.0,0,0,0,0,0,0,0,0,0,0,0.0,0,0.0,0,0,0,0,0,,0,0,0,0,0,2,0,0,0,0.0,2,1,0,0,0,2,1,0,0,0,0,0,0,0,0,0,0,
Gift Orban,ng NGA,"FW,DF",Lyon,fr Ligue 1,22.0,2002.0,3,2,186,2.1,2,0,2,2,0,0,1.2,1.2,0.0,1.2,0.6,4,3,75.0,1.94,1.45,0.5,0.67,0.3,22,33,66.7,369,117,0.1,1,1,1,0,1,1,0,0,2,2,0.97,0,0.0,0,0,0,0,0,0.0,0,0,0,4,0,49,0,10,2,40.0,26,1,1,6,0,35,12,1,0,0,5,0,0,0,0,5,1,20.0
Gift Orban,ng NGA,FW,Hoffenheim,de Bundesliga,22.0,2002.0,13,7,687,7.6,4,0,4,4,0,0,3.4,3.4,0.2,3.6,0.47,11,4,36.4,1.44,0.52,0.36,1.0,0.31,102,144,70.8,1446,244,0.9,2,1,2,1,6,1,1,1,7,12,1.57,2,0.26,3,1,2,1,0,16.7,0,3,3,10,0,208,1,22,4,36.4,108,8,3,14,5,123,35,2,0,0,15,1,0,0,0,18,10,37.0
Willi Orban,hu HUN,DF,RB Leipzig,de Bundesliga,31.0,1992.0,25,25,2222,24.7,5,0,5,5,0,0,4.0,4.0,1.0,5.0,0.2,22,7,31.8,0.89,0.28,0.23,0.71,0.18,1530,1750,87.4,28362,10446,0.7,8,106,7,1,5,0,0,2,106,21,0.85,3,0.12,38,21,23,14,1,71.9,21,59,169,13,4,2101,268,45,3,75.0,1083,15,2,15,4,1320,8,4,2,0,23,0,0,1,0,122,104,69.3
Ivan Ordets,ua UKR,DF,Bochum,de Bundesliga,32.0,1992.0,22,21,1861,20.7,0,0,0,0,0,0,0.7,0.7,0.7,1.5,0.07,11,0,0.0,0.53,0.0,0.0,,0.07,708,885,80.0,15122,5555,1.8,7,31,0,0,0,0,0,2,48,18,0.87,1,0.05,18,8,13,5,0,76.9,41,59,139,4,3,1156,170,48,1,100.0,510,2,0,6,0,578,4,6,0,0,22,2,0,0,0,77,95,67.9
Lewis Orford,eng ENG,MF,West Ham,eng Premier League,18.0,2006.0,2,0,49,0.5,0,0,0,0,0,0,0.0,0.0,0.0,0.0,0.09,1,0,0.0,1.84,0.0,0.0,,0.03,33,38,86.8,583,83,0.0,2,2,1,1,1,0,0,0,0,2,3.67,0,0.0,0,0,0,0,0,,1,1,0,0,0,42,1,2,0,,22,0,0,1,0,31,1,0,0,0,0,0,0,0,0,7,0,0.0
Gaetano Oristanio,it ITA,"FW,MF",Venezia,it Serie A,21.0,2002.0,37,29,2315,25.7,3,3,6,3,0,0,4.1,4.1,2.6,6.8,0.26,44,12,27.3,1.71,0.47,0.07,0.25,0.09,307,443,69.3,4984,1398,2.2,33,32,22,8,59,9,4,6,64,69,2.68,7,0.27,17,13,5,8,4,46.7,6,23,6,20,1,758,5,88,55,44.7,543,72,30,80,72,569,131,3,0,0,50,9,0,0,0,84,14,26.9
Aimar Oroz,es ESP,MF,Osasuna,es La Liga,22.0,2001.0,37,35,2966,33.0,5,4,9,4,1,1,4.2,3.5,2.9,6.5,0.22,47,15,31.9,1.43,0.46,0.09,0.27,0.08,924,1128,81.9,14880,3661,3.5,41,91,36,5,29,5,9,7,163,92,2.79,8,0.24,35,19,16,13,6,30.4,20,55,10,30,0,1432,13,73,49,48.5,913,74,17,58,55,1038,142,8,0,0,28,4,0,0,0,164,18,45.0
Riccardo Orsolini,it ITA,FW,Bologna,it Serie A,27.0,1997.0,30,23,1878,20.9,15,4,19,12,3,3,10.1,7.8,3.7,11.5,0.66,72,25,34.7,3.45,1.2,0.17,0.48,0.11,425,646,65.8,7551,2206,2.9,30,34,29,11,70,20,4,13,69,59,2.83,5,0.24,16,13,6,6,4,45.5,8,24,10,31,1,916,9,88,33,45.2,589,61,25,48,25,675,186,2,0,0,27,5,0,0,0,65,23,54.8
Ángel Ortíz,es ESP,DF,Betis,es La Liga,20.0,2004.0,5,4,353,3.9,0,1,1,0,0,0,0.0,0.0,0.1,0.2,0.04,2,0,0.0,0.51,0.0,0.0,,0.02,167,225,74.2,2516,1084,0.2,3,15,3,2,19,0,0,0,15,6,1.53,2,0.51,12,8,8,3,1,47.1,5,17,7,10,0,272,7,7,4,50.0,133,4,1,7,2,153,20,0,0,0,6,1,0,0,0,16,5,41.7
Gabriel Osei Misehouy,nl NED,"FW,MF",Girona,es La Liga,19.0,2005.0,9,1,257,2.9,1,0,1,1,0,0,0.9,0.9,0.3,1.2,0.41,6,2,33.3,2.1,0.7,0.17,0.5,0.15,90,103,87.4,1327,247,0.3,4,11,4,0,6,3,0,0,15,6,2.1,0,0.0,1,1,0,1,0,0.0,0,1,0,0,0,128,1,7,7,63.6,100,5,0,7,7,107,22,0,0,0,1,1,0,0,0,11,0,0.0
Gabriel Osho,ng NGA,DF,Auxerre,fr Ligue 1,25.0,1998.0,20,20,1654,18.4,1,0,1,1,0,0,1.0,1.0,0.1,1.1,0.06,7,3,42.9,0.38,0.16,0.14,0.33,0.14,669,753,88.8,12927,4606,0.2,1,49,0,0,3,0,0,6,43,3,0.16,0,0.0,23,15,17,3,3,65.0,12,35,87,3,0,944,132,11,4,57.1,539,12,0,7,3,613,2,1,1,0,11,0,0,0,0,52,19,67.9
Yordan Osorio,ve VEN,DF,Parma,it Serie A,30.0,1994.0,3,2,172,1.9,0,0,0,0,0,0,0.0,0.0,0.1,0.1,0.08,1,0,0.0,0.52,0.0,0.0,,0.01,104,119,87.4,1866,555,0.1,1,1,0,0,0,0,0,0,3,1,0.52,0,0.0,5,3,4,1,0,100.0,4,9,6,1,1,141,12,1,0,,88,1,0,1,0,89,0,0,0,0,5,0,0,0,0,6,2,66.7
Patrick Osterhage,de GER,MF,Freiburg,de Bundesliga,24.0,2000.0,30,27,2267,25.2,1,0,1,1,0,0,1.7,1.7,1.4,3.1,0.12,21,3,14.3,0.83,0.12,0.05,0.33,0.08,858,1025,83.7,12951,2657,2.1,16,71,13,1,20,0,0,4,73,41,1.63,4,0.16,45,29,16,27,2,46.7,18,63,37,24,0,1259,45,35,11,40.7,636,26,4,26,20,800,50,6,1,1,25,4,0,0,0,106,31,46.3
William Osula,dk DEN,FW,Newcastle Utd,eng Premier League,20.0,2003.0,14,0,134,1.5,1,0,1,1,0,0,0.2,0.2,0.1,0.3,0.21,4,1,25.0,2.69,0.67,0.25,1.0,0.04,18,29,62.1,200,68,0.1,2,2,1,0,4,0,0,0,4,4,2.69,0,0.0,2,0,1,0,1,0.0,4,6,2,0,0,56,1,8,3,50.0,37,5,2,7,6,42,17,0,0,0,4,0,0,0,0,2,6,75.0
Jibril Othman,tn TUN,FW,Saint-Étienne,fr Ligue 1,20.0,2004.0,1,0,5,0.1,0,0,0,0,0,0,0.0,0.0,0.0,0.0,0.0,0,0,,0.0,0.0,,,,1,1,100.0,10,0,0.0,0,0,0,0,0,0,0,0,0,0,0.0,0,0.0,0,0,0,0,0,,0,0,0,0,0,1,0,0,0,,1,0,0,0,0,0,0,0,0,0,0,0,0,0,0,1,0,
Sebastian Otoa,dk DEN,DF,Genoa,it Serie A,20.0,2004.0,3,3,179,2.0,0,0,0,0,0,0,0.0,0.0,0.0,0.0,0.0,0,0,,0.0,0.0,,,,56,64,87.5,1121,241,0.0,0,0,0,0,0,0,0,0,0,0,0.0,0,0.0,1,0,1,0,0,50.0,3,4,14,0,0,88,16,0,0,,49,0,0,2,1,48,0,1,1,0,5,0,0,0,0,5,6,66.7
David Otorbi,es ESP,MF,Valencia,es La Liga,16.0,2007.0,1,0,14,0.2,0,0,0,0,0,0,0.0,0.0,0.0,0.0,0.0,0,0,,0.0,0.0,,,,2,4,50.0,27,4,0.0,0,0,0,0,0,0,0,0,0,0,0.0,0,0.0,0,0,0,0,0,,0,0,0,0,0,6,0,0,0,0.0,3,1,0,1,0,4,0,0,0,0,0,0,0,0,0,0,0,
Dango Ouattara,bf BFA,FW,Bournemouth,eng Premier League,22.0,2002.0,32,21,2005,22.3,7,4,11,7,0,0,8.4,8.4,5.5,13.8,0.62,62,20,32.3,2.78,0.9,0.11,0.35,0.14,367,612,60.0,5725,1706,3.3,35,21,26,11,88,3,5,5,43,72,3.23,6,0.27,35,26,14,11,10,41.5,11,46,51,22,0,959,62,128,39,47.6,492,79,38,63,32,577,191,3,0,0,16,1,0,0,0,92,45,41.7
Guimissongui Ouattara,fr FRA,"DF,FW",Strasbourg,fr Ligue 1,18.0,2005.0,17,3,471,5.2,1,1,2,1,0,0,0.3,0.3,0.5,0.8,0.16,5,2,40.0,0.96,0.38,0.2,0.5,0.07,167,195,85.6,2758,602,0.1,3,11,2,0,3,0,0,1,18,9,1.72,3,0.57,6,4,3,1,2,60.0,9,15,12,3,2,251,16,7,2,50.0,119,7,4,7,4,164,14,1,0,0,7,0,0,0,0,26,3,33.3
Kassoum Ouattara,fr FRA,"DF,FW",Monaco,fr Ligue 1,19.0,2004.0,12,5,391,4.3,0,1,1,0,0,0,0.2,0.2,1.2,1.4,0.31,2,1,50.0,0.46,0.23,0.0,0.0,0.08,172,217,79.3,2919,1053,1.3,6,11,8,7,17,0,0,3,16,9,2.07,1,0.23,9,7,5,4,0,28.6,5,14,2,6,1,274,4,9,5,33.3,137,15,4,12,7,151,35,2,0,0,10,1,0,0,0,27,4,33.3
Remi Oudin,fr FRA,"MF,FW",Lecce,it Serie A,27.0,1996.0,11,3,299,3.3,0,0,0,0,0,0,0.1,0.1,0.6,0.7,0.22,3,1,33.3,0.9,0.3,0.0,0.0,0.04,96,143,67.1,1996,648,1.1,6,9,5,2,23,10,2,4,13,14,4.23,1,0.3,3,1,1,1,1,50.0,2,5,1,5,0,168,5,2,3,50.0,94,2,0,5,3,104,16,1,0,0,2,0,0,0,0,18,1,50.0
Assan Ouedraogo,de GER,MF,RB Leipzig,de Bundesliga,18.0,2006.0,3,0,50,0.6,0,0,0,0,0,0,0.1,0.1,0.0,0.1,0.11,1,0,0.0,1.8,0.0,0.0,,0.06,15,20,75.0,206,37,0.0,0,0,0,0,1,0,0,0,1,0,0.0,0,0.0,0,0,0,0,0,,0,0,0,1,0,30,0,4,0,0.0,23,2,3,2,6,26,2,0,0,0,1,0,0,0,0,6,0,
Zinédine Ould Khaled,fr FRA,MF,Angers,fr Ligue 1,24.0,2000.0,10,4,343,3.8,0,0,0,0,0,0,0.0,0.0,0.0,0.0,0.01,1,1,100.0,0.26,0.26,0.0,0.0,0.03,112,123,91.1,1885,405,0.0,0,7,0,0,0,0,0,0,11,1,0.26,0,0.0,9,7,5,3,1,15.4,2,11,12,2,0,167,11,5,0,0.0,82,2,1,4,3,106,5,1,0,0,8,0,0,0,0,17,1,12.5
Cheick Oumar Conde,gn GUI,MF,Venezia,it Serie A,24.0,2000.0,9,1,151,1.7,0,0,0,0,0,0,0.0,0.0,0.0,0.0,0.02,1,0,0.0,0.6,0.0,0.0,,0.01,34,51,66.7,484,222,0.1,1,6,1,0,0,0,0,0,8,5,2.96,0,0.0,6,5,3,2,1,40.0,4,10,3,1,0,80,8,3,2,40.0,31,2,0,2,5,35,5,2,0,0,5,1,0,0,0,13,7,70.0
Beres Owusu,fr FRA,DF,Saint-Étienne,fr Ligue 1,20.0,2003.0,1,1,90,1.0,0,0,0,0,0,0,0.0,0.0,0.0,0.0,0.03,0,0,,0.0,0.0,,,,20,32,62.5,375,121,0.0,1,1,1,0,1,0,0,0,3,2,2.0,0,0.0,2,2,1,1,0,100.0,0,2,5,1,0,44,5,1,0,,19,0,0,1,1,20,0,0,0,0,1,0,0,0,0,2,2,100.0
Elisha Owusu,gh GHA,MF,Auxerre,fr Ligue 1,26.0,1997.0,28,28,2344,26.0,1,3,4,1,0,0,0.4,0.4,1.0,1.4,0.05,7,3,42.9,0.27,0.12,0.14,0.33,0.05,693,847,81.8,11213,2794,0.6,14,53,6,1,8,0,0,10,78,33,1.27,5,0.19,73,41,29,39,5,64.6,42,115,35,13,1,1097,46,5,9,39.1,521,8,2,26,24,566,33,7,0,0,49,0,0,1,1,154,16,38.1
Mikel Oyarzabal,es ESP,FW,Real Sociedad,es La Liga,27.0,1997.0,35,28,2250,25.0,9,3,12,5,4,4,9.9,6.8,2.4,9.2,0.5,39,13,33.3,1.56,0.52,0.13,0.38,0.17,371,505,73.5,4901,837,1.8,15,19,10,3,10,0,2,3,28,38,1.52,5,0.2,25,16,9,10,6,43.5,4,29,15,17,0,729,15,107,9,45.0,393,31,16,63,30,532,133,4,1,0,14,6,1,0,0,48,32,30.5
Daniel Oyegoke,eng ENG,DF,Hellas Verona,it Serie A,21.0,2003.0,5,0,103,1.1,0,0,0,0,0,0,0.0,0.0,0.0,0.0,0.03,1,0,0.0,0.87,0.0,0.0,,0.03,32,46,69.6,421,208,0.0,0,1,1,0,4,0,0,0,2,0,0.0,0,0.0,2,2,1,0,1,100.0,1,3,7,1,0,65,7,1,2,66.7,32,2,0,2,2,31,5,1,0,0,2,0,0,0,0,5,0,0.0
Salih Özcan,tr TUR,MF,Wolfsburg,de Bundesliga,26.0,1998.0,11,3,353,3.9,0,0,0,0,0,0,0.1,0.1,0.8,0.9,0.23,2,0,0.0,0.51,0.0,0.0,,0.06,164,216,75.9,2596,801,0.6,5,19,4,0,8,4,3,2,22,11,2.8,0,0.0,2,2,1,0,1,20.0,7,9,5,5,0,252,8,3,4,66.7,128,6,0,5,1,142,5,0,0,0,5,0,0,0,0,27,5,55.6
Salih Özcan,tr TUR,MF,Dortmund,de Bundesliga,26.0,1998.0,11,3,391,4.3,0,0,0,0,0,0,0.3,0.3,0.4,0.7,0.17,4,0,0.0,0.92,0.0,0.0,,0.08,194,250,77.6,3162,1029,0.3,5,25,7,1,3,0,1,0,31,10,2.3,0,0.0,11,7,6,4,1,53.8,11,22,10,1,0,307,13,7,2,100.0,127,4,2,4,1,161,4,0,0,0,11,0,0,0,0,33,15,65.2
Cenk Özkacar,tr TUR,DF,Valladolid,es La Liga,23.0,2000.0,11,8,757,8.4,0,0,0,0,0,0,0.1,0.1,0.0,0.1,0.02,2,0,0.0,0.24,0.0,0.0,,0.06,331,392,84.4,6430,2436,0.3,1,11,0,0,0,0,0,3,15,1,0.12,0,0.0,9,5,7,2,0,28.6,18,27,69,3,1,507,88,6,0,,244,2,0,4,1,306,0,1,0,0,5,0,0,1,0,30,11,42.3
Nico O’Reilly,eng ENG,DF,Manchester City,eng Premier League,19.0,2005.0,9,6,528,5.9,2,0,2,2,0,0,1.3,1.3,0.4,1.6,0.28,8,3,37.5,1.36,0.51,0.25,0.67,0.16,305,353,86.4,4042,780,0.7,4,28,1,1,8,0,1,0,17,12,2.05,2,0.34,9,4,3,3,3,50.0,4,13,12,3,0,419,14,18,9,60.0,249,16,0,14,15,298,26,0,0,0,6,1,0,0,0,31,6,40.0
Jon Pacheco,es ESP,DF,Real Sociedad,es La Liga,23.0,2001.0,14,9,854,9.5,0,0,0,0,0,0,0.1,0.1,0.1,0.2,0.02,1,0,0.0,0.11,0.0,0.0,,0.09,411,494,83.2,7915,2381,0.4,1,28,2,0,0,0,1,9,27,4,0.42,0,0.0,15,9,12,3,0,83.3,9,24,49,5,2,585,74,5,1,50.0,313,12,1,4,0,358,0,3,0,0,18,0,0,0,0,35,19,52.8
Willian Pacho,ec ECU,DF,Paris S-G,fr Ligue 1,22.0,2001.0,28,23,2132,23.7,0,1,1,0,0,0,0.3,0.3,0.3,0.6,0.02,4,1,25.0,0.17,0.04,0.0,0.0,0.08,1865,1968,94.8,33030,9702,0.4,3,69,1,0,0,0,0,3,53,13,0.55,3,0.13,56,32,34,22,0,71.9,40,96,91,7,1,2223,244,8,2,28.6,1399,3,0,15,4,1697,1,2,0,0,20,0,0,0,0,119,29,52.7
Simone Pafundi,it ITA,"MF,DF",Udinese,it Serie A,18.0,2006.0,9,0,116,1.3,0,0,0,0,0,0,0.1,0.1,0.7,0.7,0.57,2,1,50.0,1.55,0.78,0.0,0.0,0.03,57,77,74.0,1004,168,0.3,3,4,0,0,14,8,0,1,0,6,4.66,0,0.0,3,3,2,0,1,25.0,0,3,1,1,0,95,1,1,1,14.3,56,3,0,2,1,57,7,0,0,0,1,0,0,0,0,3,0,0.0
Exequiel Palacios,ar ARG,MF,Leverkusen,de Bundesliga,25.0,1998.0,24,11,1155,12.8,1,6,7,1,0,0,1.5,1.5,2.3,3.8,0.3,13,8,61.5,1.01,0.62,0.08,0.13,0.12,922,1023,90.1,13196,3782,2.4,28,97,19,2,4,1,11,2,97,47,3.67,9,0.7,22,15,8,10,4,55.6,13,35,15,15,1,1144,19,12,8,66.7,660,15,1,17,20,901,40,2,0,0,9,0,0,0,0,76,1,11.1
Tomás Palacios,ar ARG,DF,Monza,it Serie A,21.0,2003.0,8,5,446,5.0,0,0,0,0,0,0,0.0,0.0,0.0,0.0,0.01,1,0,0.0,0.2,0.0,0.0,,0.04,321,362,88.7,5597,2094,0.1,0,21,1,0,1,0,1,2,21,5,1.01,0,0.0,11,5,9,2,0,69.2,8,19,17,6,2,417,58,1,8,88.9,293,3,0,3,4,305,2,2,0,0,2,1,0,0,0,29,6,60.0
Tomás Palacios,ar ARG,DF,Inter,it Serie A,21.0,2003.0,2,0,11,0.1,0,0,0,0,0,0,0.0,0.0,0.0,0.0,0.0,0,0,,0.0,0.0,,,,15,15,100.0,243,75,0.0,0,2,0,0,0,0,0,0,3,1,8.18,0,0.0,0,0,0,0,0,,1,1,0,0,0,15,0,0,0,,14,0,0,0,0,14,0,0,0,0,0,0,0,0,0,2,0,
Isaac Palazón Camacho,es ESP,"MF,FW",Rayo Vallecano,es La Liga,29.0,1994.0,35,25,2162,24.0,4,4,8,4,0,0,4.7,4.7,4.4,9.2,0.38,61,18,29.5,2.54,0.75,0.07,0.22,0.08,783,1015,77.1,13214,3942,4.7,48,77,19,4,111,92,13,6,117,110,4.57,5,0.21,22,17,10,6,6,23.5,8,30,13,23,1,1285,12,43,25,37.9,716,30,7,54,43,913,123,5,0,0,39,9,0,0,0,102,18,31.0
Marco Palestra,it ITA,DF,Atalanta,it Serie A,19.0,2005.0,9,2,222,2.5,0,0,0,0,0,0,0.0,0.0,0.2,0.2,0.1,0,0,,0.0,0.0,,,,85,109,78.0,1246,347,0.5,3,7,3,3,12,0,0,0,6,8,3.21,0,0.0,6,4,3,2,1,100.0,2,8,4,4,0,137,4,12,4,33.3,89,13,6,3,1,94,14,0,0,0,1,0,0,0,0,7,2,50.0
João Palhinha,pt POR,MF,Bayern Munich,de Bundesliga,29.0,1995.0,17,6,673,7.5,0,0,0,0,0,0,0.7,0.7,0.2,0.9,0.12,10,3,30.0,1.34,0.4,0.0,0.0,0.07,510,552,92.4,8227,1663,0.5,4,47,2,0,2,0,0,3,32,13,1.74,1,0.13,20,14,6,11,3,68.8,4,24,9,3,1,631,18,13,2,50.0,330,3,1,6,7,499,7,2,1,0,13,0,0,1,0,17,20,64.5
Nicolas Pallois,fr FRA,DF,Nantes,fr Ligue 1,36.0,1987.0,26,23,2017,22.4,0,2,2,0,0,0,0.4,0.4,0.4,0.8,0.04,3,1,33.3,0.13,0.04,0.0,0.0,0.14,731,874,83.6,14898,5456,0.4,3,56,1,1,7,0,1,4,52,11,0.49,1,0.04,61,27,44,13,4,58.7,28,89,164,8,3,1192,191,2,3,42.9,570,6,1,8,3,626,5,9,0,0,22,0,0,1,1,96,20,55.6
Matteo Palma,de GER,DF,Udinese,it Serie A,16.0,2008.0,1,0,5,0.1,0,0,0,0,0,0,0.0,0.0,0.0,0.0,0.0,0,0,,0.0,0.0,,,,5,7,71.4,80,13,0.0,0,0,0,0,0,0,0,0,1,0,0.0,0,0.0,0,0,0,0,0,,0,0,1,0,0,9,1,0,0,,5,0,0,0,0,5,0,0,0,0,1,0,0,0,0,1,1,100.0
Cole Palmer,eng ENG,"MF,FW",Chelsea,eng Premier League,22.0,2002.0,37,36,3191,35.5,15,8,23,11,4,5,17.3,13.3,10.9,24.2,0.79,121,44,36.4,3.41,1.24,0.09,0.25,0.11,1140,1480,77.0,21582,5611,9.1,87,163,64,17,144,75,22,14,214,202,5.7,15,0.42,34,20,12,10,12,44.4,11,45,20,48,1,1851,23,144,51,45.1,1173,120,41,71,37,1366,187,7,0,0,15,8,1,0,0,106,2,22.2
Emerson Palmieri,it ITA,DF,West Ham,eng Premier League,29.0,1994.0,31,26,2113,23.5,2,1,3,2,0,0,2.0,2.0,1.5,3.4,0.15,16,7,43.8,0.68,0.3,0.13,0.29,0.12,861,1077,79.9,12546,4549,2.2,16,51,13,5,64,25,1,2,66,41,1.75,2,0.09,60,31,37,18,5,56.3,21,81,59,23,0,1325,82,28,10,33.3,555,47,9,24,7,747,83,5,0,0,25,2,0,0,0,84,18,47.4
Mats Pannewig,de GER,MF,Bochum,de Bundesliga,19.0,2004.0,14,2,267,3.0,0,0,0,0,0,0,0.8,0.8,0.1,0.9,0.31,9,3,33.3,3.03,1.01,0.0,0.0,0.09,91,121,75.2,1470,350,0.1,1,4,0,0,3,1,1,1,10,11,3.72,0,0.0,10,6,7,3,0,25.0,2,12,8,3,0,182,10,10,1,33.3,97,3,1,11,8,103,16,1,0,0,5,0,0,0,0,24,5,33.3
Lucas Paquetá,br BRA,"MF,FW",West Ham,eng Premier League,26.0,1997.0,33,27,2380,26.4,4,0,4,2,2,2,5.3,3.7,3.1,6.8,0.32,39,3,7.7,1.47,0.11,0.05,0.67,0.1,1126,1456,77.3,18683,6014,3.3,36,132,44,4,29,4,18,12,155,82,3.1,6,0.23,66,37,25,30,11,49.1,18,84,37,26,6,1796,62,59,21,44.7,921,26,2,54,51,1268,85,10,0,0,53,5,0,1,0,149,48,45.7
Aitor Paredes,es ESP,DF,Athletic Club,es La Liga,24.0,2000.0,23,21,1812,20.1,3,0,3,3,0,0,2.3,2.3,0.1,2.3,0.12,6,3,50.0,0.3,0.15,0.5,1.0,0.38,789,947,83.3,16864,6216,0.2,2,42,2,0,1,0,0,6,46,8,0.4,1,0.05,15,13,10,5,0,53.3,22,37,114,5,4,1154,127,11,0,0.0,596,4,0,7,1,708,2,4,1,1,23,0,0,1,0,62,30,50.8
Kevin Paredes,us USA,DF,Wolfsburg,de Bundesliga,21.0,2003.0,2,2,123,1.4,0,1,1,0,0,0,0.4,0.4,0.1,0.4,0.32,4,0,0.0,2.93,0.0,0.0,,0.09,37,47,78.7,605,198,0.1,2,4,2,0,1,0,0,0,7,6,4.39,1,0.73,3,1,3,0,0,66.7,1,4,0,0,0,64,3,5,0,0.0,39,1,0,2,1,48,12,1,0,0,1,2,0,0,0,7,1,50.0
Leandro Paredes,ar ARG,MF,Roma,it Serie A,30.0,1994.0,22,15,1373,15.3,3,1,4,1,2,2,2.3,0.7,1.5,2.2,0.25,24,7,29.2,1.57,0.46,0.04,0.14,0.03,1105,1256,88.0,21192,6511,1.6,21,110,15,3,57,37,6,11,106,48,3.15,2,0.13,26,14,9,12,5,50.0,19,45,33,10,2,1381,78,5,3,100.0,826,17,0,6,1,996,14,4,0,0,15,0,0,1,0,83,9,81.8
Daniel Parejo,es ESP,MF,Villarreal,es La Liga,35.0,1989.0,36,26,2273,25.3,3,3,6,2,1,2,2.5,0.8,1.8,2.7,0.17,12,2,16.7,0.48,0.08,0.17,1.0,0.07,1354,1548,87.5,25577,7819,1.9,23,176,17,3,37,35,3,14,176,77,3.05,12,0.48,52,40,27,20,5,53.7,24,76,40,12,1,1732,90,12,8,66.7,898,19,0,17,13,1200,26,8,0,0,20,1,0,0,0,142,24,72.7
Iago Parente,es ESP,DF,Valladolid,es La Liga,18.0,2006.0,1,1,71,0.8,0,0,0,0,0,0,0.0,0.0,0.0,0.0,0.04,0,0,,0.0,0.0,,,,27,37,73.0,466,230,0.0,1,3,0,0,1,0,0,0,4,2,2.54,0,0.0,0,0,0,0,0,,0,0,2,2,0,40,2,0,0,,32,0,0,0,0,32,1,0,0,0,0,0,0,0,0,1,0,
Fabiano Parisi,it ITA,"DF,MF",Fiorentina,it Serie A,23.0,2000.0,25,11,1049,11.7,2,0,2,2,0,0,0.5,0.5,0.8,1.3,0.1,8,4,50.0,0.69,0.34,0.25,0.5,0.05,383,476,80.5,6092,1888,0.9,4,27,9,3,12,0,1,1,40,14,1.12,2,0.16,27,17,11,12,4,57.1,17,44,17,13,0,607,19,16,10,38.5,341,25,10,18,16,340,35,3,0,0,16,2,0,0,0,64,13,43.3
Thomas Partey,gh GHA,"MF,DF",Arsenal,eng Premier League,31.0,1993.0,35,31,2797,31.1,4,2,6,4,0,0,2.3,2.3,2.1,4.3,0.14,26,9,34.6,0.84,0.29,0.15,0.44,0.09,1678,1920,87.4,26697,7155,2.6,20,168,33,2,12,0,6,4,185,62,2.0,13,0.42,89,53,26,39,24,60.5,35,124,49,13,4,2193,74,33,24,68.6,1256,36,3,24,17,1561,48,4,0,0,45,1,0,0,0,138,28,50.9
Mario Pašalić,hr CRO,MF,Atalanta,it Serie A,29.0,1995.0,34,23,1967,21.9,3,4,7,3,0,1,6.6,5.8,3.3,9.1,0.45,45,11,24.4,2.06,0.5,0.07,0.27,0.13,1198,1373,87.3,21236,6027,2.2,32,132,24,1,11,2,3,8,149,71,3.25,9,0.41,26,16,11,13,2,42.3,12,38,28,12,1,1580,46,70,5,27.8,1048,44,6,24,22,1212,68,1,0,0,19,0,0,0,0,112,30,50.8
Álvaro Pascual,es ESP,FW,Sevilla,es La Liga,22.0,2002.0,8,4,408,4.5,1,0,1,1,0,0,1.1,1.1,0.0,1.1,0.25,11,4,36.4,2.43,0.88,0.09,0.25,0.1,48,74,64.9,770,93,0.1,2,4,1,0,3,0,1,0,3,6,1.32,1,0.22,5,3,0,3,2,20.0,2,7,9,6,0,132,9,20,1,50.0,67,4,3,22,5,84,27,1,0,0,11,0,0,0,0,12,11,39.3
Felix Passlack,de GER,"DF,MF",Bochum,de Bundesliga,26.0,1998.0,31,30,2334,25.9,1,6,7,1,0,0,1.3,1.3,3.9,5.2,0.2,26,6,23.1,1.0,0.23,0.04,0.17,0.05,660,997,66.2,11947,3957,3.7,25,58,27,11,113,13,3,2,65,48,1.85,7,0.27,53,23,32,13,8,54.5,18,71,63,63,1,1290,78,48,12,38.7,588,43,12,24,12,658,118,4,0,0,29,2,0,2,0,114,10,31.3
Patric,es ESP,DF,Lazio,it Serie A,31.0,1993.0,10,5,607,6.7,1,0,1,1,0,0,1.1,1.1,0.0,1.1,0.16,2,1,50.0,0.3,0.15,0.5,1.0,0.53,356,403,88.3,7390,2194,0.1,1,23,2,1,2,0,0,4,30,11,1.63,0,0.0,9,6,6,3,0,60.0,3,12,22,0,1,449,38,4,0,,276,4,0,2,0,320,5,2,0,0,5,0,0,0,0,29,7,53.8
Nathan Patterson,sct SCO,DF,Everton,eng Premier League,22.0,2001.0,10,3,347,3.9,0,1,1,0,0,0,0.1,0.1,0.4,0.5,0.13,1,0,0.0,0.26,0.0,0.0,,0.07,130,176,73.9,2272,806,0.4,4,9,5,3,14,0,1,0,13,11,2.85,1,0.26,11,6,7,4,0,50.0,2,13,7,0,0,215,11,5,9,75.0,95,6,2,4,2,117,18,1,0,0,6,0,0,0,0,12,1,12.5
Benjamin Pavard,fr FRA,DF,Inter,it Serie A,28.0,1996.0,23,18,1584,17.6,0,1,1,0,0,0,0.5,0.5,0.8,1.3,0.08,8,1,12.5,0.45,0.06,0.0,0.0,0.07,1050,1150,91.3,19188,5573,1.0,8,84,8,2,11,0,0,4,92,21,1.19,1,0.06,29,16,12,12,5,72.0,16,45,52,7,0,1291,112,35,0,0.0,855,13,1,5,1,996,26,4,0,0,18,1,0,0,0,46,40,55.6
Aleksandar Pavlovic,de GER,MF,Bayern Munich,de Bundesliga,20.0,2004.0,21,18,1451,16.1,1,0,1,1,0,0,0.6,0.6,0.2,0.8,0.05,9,4,44.4,0.56,0.25,0.11,0.25,0.06,1437,1541,93.3,22476,5374,1.9,7,169,13,1,5,0,5,6,128,30,1.86,3,0.19,38,21,13,15,10,68.8,5,43,14,9,0,1648,17,11,5,100.0,1035,15,3,13,2,1401,33,2,0,0,17,0,0,0,0,72,12,54.5
Strahinja Pavlović,rs SRB,DF,Milan,it Serie A,23.0,2001.0,24,21,1864,20.7,2,1,3,2,0,0,1.8,1.8,1.1,2.9,0.14,17,8,47.1,0.82,0.39,0.12,0.25,0.11,1208,1369,88.2,21120,7800,0.4,6,98,5,1,10,0,0,2,94,29,1.4,3,0.14,52,31,32,19,1,58.0,16,68,82,13,0,1589,143,18,4,33.3,1036,40,0,18,4,1147,10,3,1,0,20,3,1,0,0,67,45,68.2
Leonardo Pavoletti,it ITA,"FW,MF",Cagliari,it Serie A,35.0,1988.0,26,1,445,4.9,2,0,2,2,0,0,2.7,2.7,1.0,3.7,0.74,18,7,38.9,3.64,1.42,0.11,0.29,0.15,92,158,58.2,1149,333,0.7,9,9,6,0,0,0,0,0,17,17,3.42,1,0.2,1,0,0,1,0,,0,1,3,5,0,225,4,28,0,0.0,86,1,0,18,2,168,26,5,0,0,25,1,0,0,0,9,56,56.0
Martín Payero,ar ARG,MF,Udinese,it Serie A,25.0,1998.0,25,16,1381,15.3,1,1,2,1,0,0,1.2,1.2,1.3,2.5,0.16,31,5,16.1,2.02,0.33,0.03,0.2,0.04,353,454,77.8,6081,1375,1.1,15,46,8,6,39,17,2,5,51,51,3.32,5,0.33,24,16,4,14,6,50.0,13,37,13,12,0,649,12,26,30,42.9,368,33,6,27,13,390,44,5,0,0,35,10,1,2,0,75,21,51.2
Nicolas Pays,fr FRA,"FW,MF",Montpellier,fr Ligue 1,20.0,2003.0,9,4,447,5.0,0,0,0,0,0,0,1.3,1.3,0.1,1.5,0.29,11,1,9.1,2.21,0.2,0.0,0.0,0.12,139,179,77.7,2176,467,0.5,3,8,5,3,17,2,1,0,14,11,2.21,1,0.2,13,6,3,4,6,50.0,4,17,2,5,0,247,3,17,10,38.5,170,21,5,8,13,188,53,0,0,0,2,1,0,0,0,20,5,55.6
Nicolás Paz,ar ARG,"MF,FW",Como,it Serie A,19.0,2004.0,35,30,2687,29.9,6,8,14,6,0,1,9.3,8.5,6.0,14.5,0.51,109,37,33.9,3.65,1.24,0.06,0.16,0.08,992,1231,80.6,13933,3946,3.9,54,116,38,2,41,22,15,3,163,144,4.82,16,0.54,51,33,18,26,7,47.1,21,72,16,29,0,1683,21,85,69,51.1,1093,77,16,101,45,1265,171,6,0,0,47,6,0,1,0,118,31,57.4
Mads Pedersen,dk DEN,DF,Augsburg,de Bundesliga,27.0,1996.0,7,2,235,2.6,0,0,0,0,0,0,0.1,0.1,0.0,0.1,0.03,2,0,0.0,0.77,0.0,0.0,,0.03,70,90,77.8,1324,613,0.2,0,7,2,0,5,0,0,1,11,4,1.53,0,0.0,8,7,5,2,1,80.0,2,10,6,3,0,123,7,5,2,25.0,53,1,1,4,1,58,10,0,0,0,5,0,0,1,0,11,1,33.3
Marcus Pedersen,no NOR,DF,Torino,it Serie A,24.0,2000.0,29,15,1362,15.1,0,0,0,0,0,0,0.6,0.6,0.4,1.0,0.06,8,3,37.5,0.53,0.2,0.0,0.0,0.07,376,516,72.9,5860,1387,0.4,7,14,8,7,56,0,0,0,19,15,0.99,0,0.0,13,8,6,6,1,62.5,13,26,34,24,1,655,27,27,7,28.0,365,44,9,22,12,391,77,3,0,0,16,1,0,1,0,43,6,24.0
Alfonso Pedraza,es ESP,"DF,MF",Villarreal,es La Liga,28.0,1996.0,12,4,460,5.1,0,2,2,0,0,0,0.5,0.5,1.4,1.9,0.37,5,2,40.0,0.98,0.39,0.0,0.0,0.09,157,213,73.7,2500,918,1.4,9,7,8,6,26,0,2,1,9,17,3.33,3,0.59,3,2,2,0,1,50.0,6,9,16,13,0,274,17,16,9,47.4,155,21,6,5,2,165,43,0,0,0,4,0,0,0,0,18,5,71.4
Pedri,es ESP,MF,Barcelona,es La Liga,21.0,2002.0,37,35,2879,32.0,4,5,9,4,0,0,2.2,2.2,7.4,9.6,0.3,25,11,44.0,0.78,0.34,0.16,0.36,0.09,2404,2749,87.4,40804,10163,9.0,70,331,79,4,58,41,27,16,360,165,5.16,17,0.53,61,34,14,38,9,34.3,26,87,21,43,1,3060,37,50,40,65.6,2012,92,8,48,35,2389,136,3,0,0,10,4,0,0,0,254,7,53.8
Pedro,es ESP,"FW,MF",Lazio,it Serie A,37.0,1987.0,30,6,1102,12.2,10,1,11,8,2,2,5.3,3.8,1.7,5.4,0.57,37,16,43.2,3.02,1.31,0.22,0.5,0.1,482,604,79.8,7852,1822,2.1,22,53,25,5,65,24,11,2,76,50,4.09,3,0.25,19,14,5,9,5,47.6,3,22,3,11,1,722,4,61,16,50.0,435,48,15,20,21,546,89,2,0,0,17,0,0,0,0,59,1,14.3
Kévin Pedro,fr FRA,DF,Saint-Étienne,fr Ligue 1,18.0,2006.0,1,0,10,0.1,0,0,0,0,0,0,0.0,0.0,0.0,0.0,0.0,0,0,,0.0,0.0,,,,6,11,54.5,89,35,0.0,0,0,0,0,1,0,0,0,0,0,0.0,0,0.0,3,0,2,1,0,100.0,2,5,1,0,0,17,4,0,1,100.0,8,2,0,0,0,4,1,0,0,0,1,0,0,0,0,2,0,
Adrià Pedrosa,es ESP,DF,Sevilla,es La Liga,26.0,1998.0,31,27,2298,25.5,1,1,2,1,0,0,0.9,0.9,1.6,2.5,0.1,24,7,29.2,0.94,0.27,0.04,0.14,0.04,886,1196,74.1,15011,5325,1.7,20,66,22,10,97,10,1,9,79,47,1.84,4,0.16,56,32,34,16,6,57.4,24,80,85,34,0,1526,90,21,17,45.9,617,41,6,37,15,826,96,7,0,0,38,1,0,0,0,100,11,28.2
Jordan Pefok,us USA,FW,Reims,fr Ligue 1,28.0,1996.0,7,6,380,4.2,1,0,1,1,0,0,0.9,0.9,0.7,1.6,0.38,11,2,18.2,2.61,0.47,0.09,0.5,0.08,39,50,78.0,488,65,0.2,3,4,1,0,1,0,0,1,4,9,2.13,0,0.0,3,2,0,3,0,66.7,2,5,5,2,0,90,6,17,2,50.0,52,3,1,6,8,58,7,0,0,0,11,1,0,0,0,7,10,50.0
Jordan Pefok,us USA,FW,Union Berlin,de Bundesliga,28.0,1996.0,18,10,908,10.1,0,1,1,0,0,0,3.2,3.2,0.9,4.1,0.4,23,7,30.4,2.28,0.69,0.0,0.0,0.14,132,191,69.1,1569,321,0.4,14,7,2,0,0,0,0,1,12,26,2.58,0,0.0,11,6,6,0,5,42.9,4,15,18,3,0,326,23,43,7,53.8,158,3,0,24,17,212,40,2,0,0,22,2,0,0,0,31,44,55.7
Pejiño,es ESP,FW,Las Palmas,es La Liga,28.0,1996.0,1,0,16,0.2,0,0,0,0,0,0,0.0,0.0,0.0,0.0,0.17,1,0,0.0,5.63,0.0,0.0,,0.03,6,7,85.7,87,22,0.0,0,0,1,0,1,0,0,0,1,1,5.63,0,0.0,1,1,0,1,0,100.0,0,1,0,0,0,9,0,0,0,,9,1,0,1,0,7,2,0,0,0,1,0,0,0,0,2,0,
Pietro Pellegri,it ITA,FW,Empoli,it Serie A,23.0,2001.0,11,5,414,4.6,3,0,3,3,0,0,0.3,0.3,0.6,0.9,0.19,8,4,50.0,1.74,0.87,0.38,0.75,0.04,50,72,69.4,725,123,0.2,7,3,2,0,3,0,0,0,8,15,3.27,2,0.44,7,2,0,6,1,50.0,0,7,3,10,0,128,4,14,5,35.7,80,12,6,16,15,91,28,2,0,0,10,0,0,0,0,15,3,13.0
Lorenzo Pellegrini,it ITA,MF,Roma,it Serie A,28.0,1996.0,25,20,1626,18.1,2,1,3,1,1,1,4.7,3.9,2.5,6.4,0.4,41,13,31.7,2.27,0.72,0.02,0.08,0.1,519,653,79.5,8369,1865,2.7,27,35,19,0,49,36,5,0,61,60,3.32,5,0.28,24,16,5,13,6,42.1,6,30,22,13,0,825,21,53,11,40.7,463,27,5,26,16,589,82,4,0,0,26,2,0,0,0,61,10,33.3
Luca Pellegrini,it ITA,DF,Lazio,it Serie A,25.0,1999.0,22,10,1067,11.9,0,4,4,0,0,0,0.7,0.7,1.8,2.4,0.2,13,4,30.8,1.1,0.34,0.0,0.0,0.05,541,717,75.5,9376,3332,1.6,20,63,21,12,89,5,0,4,72,46,3.88,12,1.01,23,11,11,10,2,53.1,19,42,32,19,0,851,29,15,11,39.3,420,21,4,17,9,516,61,5,0,0,18,1,1,0,0,41,8,53.3
Mateo Pellegrino,ar ARG,FW,Parma,it Serie A,23.0,2001.0,13,8,737,8.2,3,1,4,3,0,0,3.3,3.3,0.7,4.0,0.49,22,9,40.9,2.69,1.1,0.14,0.33,0.15,89,164,54.3,1520,423,0.6,5,11,6,1,4,0,1,2,15,20,2.44,3,0.37,3,2,1,2,0,25.0,1,4,6,6,0,263,6,39,3,33.3,164,6,3,29,16,210,37,2,0,0,27,1,0,0,0,20,49,52.7
Théo Pellenard,fr FRA,DF,Auxerre,fr Ligue 1,30.0,1994.0,2,0,45,0.5,0,0,0,0,0,0,0.0,0.0,0.0,0.0,0.0,0,0,,0.0,0.0,,,,15,20,75.0,239,37,0.1,0,1,1,1,2,0,0,0,1,1,2.0,0,0.0,3,2,2,1,0,33.3,0,3,3,0,0,28,6,0,0,,7,1,0,1,0,11,1,0,0,0,4,0,0,0,0,0,0,
Andy Pelmard,fr FRA,DF,Lecce,it Serie A,24.0,2000.0,3,1,129,1.4,0,0,0,0,0,0,0.0,0.0,0.0,0.0,0.0,0,0,,0.0,0.0,,,,27,34,79.4,525,145,0.0,0,0,0,0,0,0,0,0,1,1,0.7,0,0.0,6,6,5,1,0,100.0,0,6,5,1,0,48,5,0,1,100.0,19,1,0,0,0,19,0,1,0,0,2,0,0,0,0,4,0,0.0
Andy Pelmard,fr FRA,DF,Las Palmas,es La Liga,24.0,2000.0,4,2,205,2.3,0,0,0,0,0,0,0.0,0.0,0.0,0.1,0.03,1,0,0.0,0.44,0.0,0.0,,0.01,98,115,85.2,1674,470,0.1,1,9,4,0,2,0,0,0,13,3,1.32,0,0.0,5,0,3,2,0,80.0,2,7,20,3,0,152,11,0,1,50.0,71,1,0,3,0,90,5,1,0,0,2,1,0,0,0,4,1,50.0
Timothee Pembele,fr FRA,DF,Le Havre,fr Ligue 1,21.0,2002.0,20,12,1113,12.4,1,0,1,1,0,0,1.3,1.3,0.1,1.4,0.11,8,3,37.5,0.65,0.24,0.13,0.33,0.16,424,520,81.5,6665,2391,0.5,3,25,7,3,28,0,1,2,43,12,0.97,1,0.08,30,22,17,9,4,60.9,11,41,42,23,0,680,45,20,15,51.7,368,27,4,19,12,398,44,3,0,0,9,2,0,0,0,46,10,41.7
Faris Pemi Moumbagna,cm CMR,FW,Marseille,fr Ligue 1,24.0,2000.0,1,0,8,0.1,0,0,0,0,0,0,0.0,0.0,0.0,0.0,0.0,0,0,,0.0,0.0,,,,0,0,,0,0,0.0,0,0,0,0,0,0,0,0,0,0,0.0,0,0.0,0,0,0,0,0,,0,0,0,0,0,0,0,0,0,,1,0,0,0,1,1,0,0,0,0,1,0,0,0,0,0,0,
Rubén Peña,es ESP,"FW,DF",Osasuna,es La Liga,33.0,1991.0,25,7,775,8.6,0,0,0,0,0,0,0.7,0.7,0.6,1.3,0.15,10,3,30.0,1.16,0.35,0.0,0.0,0.07,183,309,59.2,3045,1408,0.7,13,20,10,6,52,4,0,1,27,23,2.67,1,0.12,12,5,4,3,5,20.8,6,18,12,19,0,418,13,18,10,37.0,219,18,4,25,12,256,57,1,0,0,12,2,1,0,0,33,7,31.8
Nicolas Pépé,ci CIV,"FW,MF",Villarreal,es La Liga,29.0,1995.0,28,15,1500,16.7,3,6,9,3,0,0,3.8,3.8,4.8,8.6,0.52,38,17,44.7,2.28,1.02,0.08,0.18,0.1,499,631,79.1,6872,1622,4.1,33,25,27,3,44,20,5,2,60,65,3.9,7,0.42,22,9,12,6,4,35.3,5,27,12,24,0,842,20,89,27,42.2,518,76,30,52,20,622,159,3,0,0,20,4,1,0,0,53,16,47.1
Peque,es ESP,"MF,FW",Sevilla,es La Liga,21.0,2002.0,26,14,1134,12.6,1,1,2,1,0,0,2.5,2.5,1.2,3.7,0.29,19,4,21.1,1.51,0.32,0.05,0.25,0.13,279,349,79.9,4138,852,0.9,12,25,6,1,10,4,5,0,35,32,2.54,3,0.24,16,5,4,10,2,41.2,8,24,5,13,0,485,3,35,11,42.3,266,14,1,23,26,346,44,1,0,0,22,3,0,1,0,41,8,23.5
Sergiu Perciun,md MDA,"FW,MF",Torino,it Serie A,18.0,2006.0,5,0,152,1.7,0,0,0,0,0,0,0.0,0.0,0.1,0.2,0.1,2,1,50.0,1.18,0.59,0.0,0.0,0.02,34,52,65.4,535,160,0.5,2,2,3,2,5,0,0,0,4,8,4.77,1,0.6,2,2,0,0,2,25.0,1,3,2,1,0,72,3,6,2,40.0,48,2,2,6,1,52,12,0,0,0,3,1,0,0,0,10,0,0.0
Óscar Perea,co COL,"MF,DF",Strasbourg,fr Ligue 1,18.0,2005.0,2,0,14,0.2,0,0,0,0,0,0,0.0,0.0,0.0,0.0,0.09,1,0,0.0,6.43,0.0,0.0,,0.01,10,10,100.0,156,25,0.0,0,0,0,0,0,0,0,0,2,1,6.43,0,0.0,0,0,0,0,0,,0,0,0,0,0,13,0,0,2,100.0,8,1,0,2,0,10,4,0,0,0,0,0,0,0,0,1,0,
Andreas Pereira,br BRA,MF,Fulham,eng Premier League,28.0,1996.0,33,25,2013,22.4,2,4,6,2,0,1,3.8,3.0,4.6,7.6,0.38,38,8,21.1,1.7,0.36,0.05,0.25,0.08,670,970,69.1,12139,3902,4.6,57,67,19,4,171,109,5,8,104,104,4.65,8,0.36,24,13,8,11,5,23.8,8,32,17,26,3,1148,22,46,14,46.7,578,29,9,29,22,676,81,7,0,0,28,4,1,0,0,100,13,36.1
Mathias Pereira Lage,pt POR,"FW,MF",Brest,fr Ligue 1,27.0,1996.0,29,18,1571,17.5,2,7,9,2,0,0,3.3,3.3,3.5,6.8,0.39,36,15,41.7,2.06,0.86,0.06,0.13,0.09,308,490,62.9,4867,1688,3.3,22,23,14,6,99,46,2,2,41,53,3.04,10,0.57,37,24,16,13,8,46.2,20,57,20,20,2,714,24,37,10,35.7,317,32,9,38,18,387,100,4,0,0,30,5,0,1,0,77,35,46.1
Pedro Pereira,pt POR,DF,Monza,it Serie A,26.0,1998.0,35,32,2665,29.6,1,3,4,1,0,0,1.2,1.2,1.6,2.8,0.1,13,6,46.2,0.44,0.2,0.08,0.17,0.09,925,1146,80.7,15992,5248,1.4,14,54,15,10,57,0,2,2,66,35,1.18,4,0.13,53,32,30,18,5,63.6,21,74,85,30,5,1409,109,33,14,56.0,798,52,7,25,18,872,107,10,0,0,48,0,0,0,0,88,27,40.3
Ricardo Pereira,pt POR,DF,Leicester City,eng Premier League,30.0,1993.0,10,4,388,4.3,0,0,0,0,0,0,0.1,0.1,0.0,0.1,0.02,2,1,50.0,0.46,0.23,0.0,0.0,0.05,207,248,83.5,3368,956,0.1,0,19,1,0,3,0,0,1,18,3,0.7,0,0.0,13,8,4,6,3,50.0,4,17,11,3,0,296,17,5,6,66.7,151,3,2,3,1,172,5,1,0,0,6,0,0,0,0,19,4,66.7
Gastón Pereiro,uy URU,MF,Genoa,it Serie A,29.0,1995.0,2,0,31,0.3,0,0,0,0,0,0,0.0,0.0,0.0,0.0,0.0,0,0,,0.0,0.0,,,,11,15,73.3,139,33,0.0,0,1,0,0,1,1,0,0,2,1,2.9,0,0.0,1,0,0,1,0,100.0,0,1,1,1,0,17,1,2,0,,7,0,0,0,0,13,2,0,0,0,0,0,0,0,0,0,1,50.0
Ayoze Pérez,es ESP,FW,Villarreal,es La Liga,31.0,1993.0,30,22,1970,21.9,19,2,21,19,0,0,12.7,12.7,3.0,15.7,0.71,75,31,41.3,3.43,1.42,0.25,0.61,0.18,314,414,75.8,5024,1316,1.9,32,37,21,5,15,0,8,0,73,72,3.26,5,0.23,27,14,5,18,4,25.0,8,35,15,12,0,705,7,136,34,43.6,429,59,33,62,34,514,124,4,0,0,22,4,0,0,0,56,13,28.9
Carles Pérez,es ESP,"MF,FW",Getafe,es La Liga,26.0,1998.0,27,15,1431,15.9,3,0,3,3,0,0,2.4,2.4,1.5,3.9,0.24,34,9,26.5,2.14,0.57,0.09,0.33,0.07,226,336,67.3,3455,818,1.3,17,17,14,8,42,7,2,0,20,40,2.52,1,0.06,33,23,11,14,8,43.8,6,39,22,11,0,551,16,44,21,42.0,298,31,9,37,20,327,77,2,0,0,44,3,0,0,0,50,13,32.5
Francisco Perez,es ESP,"FW,MF",Valencia,es La Liga,21.0,2002.0,26,4,570,6.3,0,0,0,0,0,0,0.3,0.3,2.6,2.9,0.45,6,1,16.7,0.95,0.16,0.0,0.0,0.05,169,230,73.5,2529,533,1.5,7,7,6,2,27,1,1,2,13,16,2.53,1,0.16,17,12,7,8,2,62.5,3,20,6,16,0,327,5,16,8,36.4,198,24,4,17,14,230,71,1,0,0,6,0,0,0,0,27,5,41.7
Kike Pérez,es ESP,MF,Venezia,it Serie A,27.0,1997.0,16,13,1114,12.4,1,0,1,1,0,0,0.9,0.9,1.2,2.1,0.17,13,7,53.8,1.05,0.57,0.08,0.14,0.07,475,635,74.8,8317,3029,1.5,16,61,13,3,49,30,2,5,60,31,2.5,2,0.16,41,25,18,12,11,40.9,10,51,15,15,0,793,29,10,13,46.4,443,18,2,24,22,474,31,4,0,0,31,0,0,0,0,71,14,46.7
Kike Pérez,es ESP,MF,Valladolid,es La Liga,27.0,1997.0,19,14,1191,13.2,2,0,2,2,0,0,2.1,2.1,1.0,3.1,0.24,20,4,20.0,1.51,0.3,0.1,0.5,0.11,440,564,78.0,8065,2480,1.1,17,47,5,0,33,18,2,13,67,36,2.72,1,0.08,37,26,15,19,3,57.7,7,44,18,7,0,723,19,18,8,36.4,344,19,4,25,13,441,28,6,0,0,32,2,0,0,0,60,12,44.4
Luis Pérez,es ESP,DF,Valladolid,es La Liga,29.0,1995.0,30,28,2558,28.4,0,0,0,0,0,0,0.2,0.2,2.1,2.2,0.08,5,2,40.0,0.18,0.07,0.0,0.0,0.03,905,1195,75.7,16078,5899,2.6,27,57,32,29,105,0,2,6,89,53,1.86,2,0.07,41,30,25,11,5,60.0,29,70,86,29,0,1444,88,9,12,57.1,585,41,3,28,5,792,117,2,0,0,13,0,0,1,0,77,15,30.6
Nehuén Pérez,ar ARG,DF,Udinese,it Serie A,24.0,2000.0,2,2,180,2.0,0,0,0,0,0,0,0.0,0.0,0.0,0.0,0.0,0,0,,0.0,0.0,,,,49,60,81.7,1023,477,0.0,0,5,0,0,0,0,0,2,4,0,0.0,0,0.0,1,1,0,0,1,0.0,1,2,7,1,0,74,13,1,1,100.0,28,2,1,0,0,34,2,0,0,0,3,0,0,0,0,6,3,75.0
Romain Perraud,fr FRA,DF,Betis,es La Liga,26.0,1997.0,28,22,2002,22.2,2,2,4,2,0,0,0.6,0.6,1.6,2.1,0.1,20,5,25.0,0.9,0.22,0.1,0.4,0.03,921,1157,79.6,12710,4374,1.4,16,61,16,11,71,0,0,5,62,36,1.62,5,0.23,36,22,15,16,5,45.7,22,58,71,45,1,1419,62,28,11,31.4,766,51,10,33,14,842,106,8,1,0,26,0,0,1,0,95,9,34.6
Gaëtan Perrin,fr FRA,"MF,FW",Auxerre,fr Ligue 1,28.0,1996.0,34,31,2691,29.9,10,11,21,10,0,0,6.1,6.1,7.8,13.9,0.47,59,26,44.1,1.97,0.87,0.17,0.38,0.1,728,1031,70.6,13238,4768,4.7,73,87,34,7,162,110,9,12,142,125,4.18,18,0.6,49,26,22,12,15,43.8,12,61,4,43,1,1327,6,98,60,47.2,798,83,37,46,63,888,125,2,0,0,24,3,0,0,0,124,3,18.8
Máximo Perrone,ar ARG,MF,Como,it Serie A,21.0,2003.0,26,20,1857,20.6,0,3,3,0,0,0,0.9,0.9,2.2,3.1,0.15,10,2,20.0,0.48,0.1,0.0,0.0,0.09,1214,1343,90.4,19177,6168,1.7,30,97,16,0,4,1,7,6,98,49,2.37,4,0.19,38,27,19,14,5,34.2,20,58,43,14,0,1502,62,15,3,37.5,934,16,1,20,16,1165,19,6,0,0,26,1,0,0,0,96,11,44.0
Noah Pesch,hr CRO,FW,Gladbach,de Bundesliga,19.0,2005.0,1,0,6,0.1,0,0,0,0,0,0,0.0,0.0,0.0,0.0,0.0,0,0,,0.0,0.0,,,,2,4,50.0,32,11,0.0,0,0,1,0,0,0,0,0,1,0,0.0,0,0.0,1,0,0,0,1,,0,1,0,0,0,5,0,0,0,,2,0,0,0,0,2,1,0,0,0,1,0,0,0,0,1,0,
Matteo Pessina,it ITA,MF,Monza,it Serie A,27.0,1997.0,11,10,854,9.5,0,0,0,0,0,0,0.2,0.2,0.1,0.3,0.03,3,0,0.0,0.32,0.0,0.0,,0.06,424,490,86.5,7412,1478,0.2,4,31,4,1,6,0,0,1,28,9,0.95,1,0.11,15,4,3,11,1,64.3,12,27,7,3,0,559,16,5,5,50.0,333,8,1,9,13,397,20,2,0,0,5,0,0,0,0,58,10,55.6
Andrea Petagna,it ITA,FW,Monza,it Serie A,29.0,1995.0,13,2,335,3.7,0,0,0,0,0,0,0.2,0.2,0.0,0.2,0.05,4,0,0.0,1.07,0.0,0.0,,0.04,45,70,64.3,696,55,0.1,1,2,0,0,1,0,0,1,1,2,0.54,0,0.0,2,1,0,1,1,50.0,1,3,2,2,0,100,1,12,2,50.0,66,2,1,9,4,74,17,1,0,0,6,0,0,0,0,7,7,29.2
Prosper Peter,ng NGA,"MF,FW",Angers,fr Ligue 1,16.0,2007.0,2,0,27,0.3,0,0,0,0,0,0,0.0,0.0,0.0,0.0,0.0,0,0,,0.0,0.0,,,,1,2,50.0,10,0,0.0,0,0,0,0,0,0,0,0,0,0,0.0,0,0.0,2,1,0,2,0,,0,2,0,0,0,4,0,0,0,0.0,2,0,0,0,0,2,1,0,0,0,1,0,0,0,0,1,0,0.0
Léo Pétrot,fr FRA,DF,Saint-Étienne,fr Ligue 1,27.0,1997.0,31,29,2634,29.3,0,3,3,0,0,0,0.6,0.6,1.6,2.2,0.08,7,3,42.9,0.24,0.1,0.0,0.0,0.1,1114,1385,80.4,17729,6679,1.5,16,73,17,7,51,6,1,2,93,40,1.42,6,0.21,62,39,38,19,5,66.7,42,104,103,28,1,1708,172,25,7,50.0,766,28,4,24,17,974,100,4,0,0,22,0,0,3,0,115,40,51.9
Giuseppe Pezzella,it ITA,"DF,FW",Empoli,it Serie A,26.0,1997.0,35,34,2878,32.0,0,3,3,0,0,0,0.6,0.6,4.6,5.2,0.16,15,3,20.0,0.47,0.09,0.0,0.0,0.04,829,1246,66.5,13802,5619,4.4,36,56,30,22,178,20,2,0,80,59,1.85,5,0.16,55,31,28,17,10,50.9,15,70,110,60,2,1579,88,33,17,33.3,673,77,12,46,32,778,143,7,0,0,49,2,0,1,0,88,36,65.5
Valentín Pezzolesi,es ESP,DF,Las Palmas,es La Liga,17.0,2007.0,1,0,6,0.1,0,0,0,0,0,0,0.0,0.0,0.0,0.0,0.0,0,0,,0.0,0.0,,,,2,5,40.0,45,4,0.0,0,0,0,0,0,0,0,0,0,0,0.0,0,0.0,0,0,0,0,0,,0,0,1,0,1,6,1,0,0,,2,0,0,0,0,1,0,0,0,0,0,0,0,0,0,1,0,
Maximilian Philipp,de GER,"MF,FW",Freiburg,de Bundesliga,30.0,1994.0,2,0,17,0.2,0,0,0,0,0,0,0.0,0.0,0.0,0.0,0.22,1,0,0.0,5.29,0.0,0.0,,0.04,3,7,42.9,21,0,0.0,0,0,0,0,0,0,0,0,0,0,0.0,0,0.0,0,0,0,0,0,,0,0,0,1,0,9,0,0,0,,3,0,0,1,0,6,0,0,0,0,0,0,0,0,0,0,0,0.0
Kalvin Phillips,eng ENG,MF,Ipswich Town,eng Premier League,28.0,1995.0,19,14,1237,13.7,0,0,0,0,0,0,0.4,0.4,0.2,0.7,0.05,11,2,18.2,0.8,0.15,0.0,0.0,0.04,436,551,79.1,8581,2474,0.5,5,49,6,1,20,11,1,6,51,17,1.24,3,0.22,35,19,8,20,7,38.5,19,54,37,9,2,739,61,5,5,41.7,310,4,0,25,10,394,4,6,1,1,28,0,0,0,0,68,7,24.1
Jaden Philogene Bidace,eng ENG,"FW,MF",Aston Villa,eng Premier League,22.0,2002.0,11,2,332,3.7,0,0,0,0,0,0,0.5,0.5,0.3,0.8,0.2,7,0,0.0,1.9,0.0,0.0,,0.07,63,86,73.3,850,161,0.2,1,1,3,0,4,0,1,0,4,5,1.36,0,0.0,11,5,4,7,0,66.7,3,14,2,9,1,145,4,14,4,26.7,75,7,7,7,3,83,17,4,1,1,12,1,0,0,0,21,0,0.0
Jaden Philogene Bidace,eng ENG,"FW,DF",Ipswich Town,eng Premier League,22.0,2002.0,10,5,474,5.3,2,0,2,2,0,0,2.0,2.0,0.2,2.2,0.42,12,5,41.7,2.28,0.95,0.17,0.4,0.17,95,131,72.5,1536,414,0.2,5,7,4,3,13,0,0,1,10,9,1.71,0,0.0,14,7,6,6,2,53.3,10,24,9,5,1,220,10,18,5,27.8,127,13,5,11,10,133,36,1,0,0,8,1,0,0,0,23,5,62.5
Pica,es ESP,DF,Alavés,es La Liga,22.0,2002.0,9,5,499,5.5,0,0,0,0,0,0,0.3,0.3,0.0,0.4,0.06,4,1,25.0,0.72,0.18,0.0,0.0,0.08,155,201,77.1,3111,1328,0.0,1,15,1,0,2,0,0,1,15,3,0.54,0,0.0,9,7,7,2,0,44.4,9,18,26,2,0,263,33,5,1,100.0,124,3,0,2,1,133,0,1,0,0,6,0,0,0,0,13,18,62.1
Roberto Piccoli,it ITA,FW,Cagliari,it Serie A,23.0,2001.0,37,37,3127,34.7,10,1,11,9,1,1,12.7,12.0,0.9,12.9,0.39,97,28,28.9,2.79,0.81,0.09,0.32,0.12,343,517,66.3,4700,823,0.5,13,32,7,0,8,0,0,4,37,57,1.64,8,0.23,13,9,2,6,5,25.0,3,16,31,17,0,919,29,144,14,22.2,511,30,14,114,46,666,165,6,0,0,60,13,2,0,0,54,110,42.8
Benedikt Pichler,at AUT,FW,Holstein Kiel,de Bundesliga,27.0,1997.0,18,7,785,8.7,1,2,3,1,0,0,2.3,2.3,1.1,3.4,0.39,20,9,45.0,2.29,1.03,0.05,0.11,0.11,134,212,63.2,1987,336,1.2,12,11,7,2,11,0,2,0,19,30,3.44,3,0.34,5,2,1,0,4,50.0,2,7,11,9,0,310,13,44,8,44.4,152,18,8,23,12,230,58,1,0,0,14,2,0,0,0,15,41,56.9
Amos Pieper,de GER,DF,Werder Bremen,de Bundesliga,26.0,1998.0,23,16,1498,16.6,0,0,0,0,0,0,0.4,0.4,0.6,1.0,0.06,7,1,14.3,0.42,0.06,0.0,0.0,0.06,790,932,84.8,15392,4871,0.6,4,40,8,1,4,0,2,13,62,5,0.3,0,0.0,32,17,16,11,5,63.6,24,56,98,7,1,1136,168,11,2,66.7,570,11,0,4,3,671,3,3,0,0,11,0,0,0,0,56,40,50.0
Marvin Pieringer,de GER,"FW,MF",Heidenheim,de Bundesliga,24.0,1999.0,31,26,2206,24.5,7,4,11,4,3,3,8.9,6.6,4.0,10.6,0.53,57,17,29.8,2.33,0.69,0.07,0.24,0.12,363,552,65.8,4923,1299,2.3,30,36,12,1,11,0,5,1,59,69,2.81,7,0.29,23,13,5,12,6,50.0,8,31,32,22,0,849,31,97,16,45.7,467,23,5,69,24,607,115,7,0,0,50,7,2,0,0,63,73,37.1
Nicholas Pierini,it ITA,MF,Venezia,it Serie A,25.0,1998.0,2,0,83,0.9,0,0,0,0,0,0,0.0,0.0,0.1,0.1,0.13,1,0,0.0,1.08,0.0,0.0,,0.03,15,20,75.0,210,65,0.1,2,1,0,0,3,2,0,0,2,2,2.17,0,0.0,0,0,0,0,0,0.0,0,0,0,0,0,28,1,3,0,0.0,16,1,0,2,3,18,4,0,0,0,1,0,0,0,0,2,1,25.0
Santiago Pierotti,ar ARG,FW,Lecce,it Serie A,23.0,2001.0,36,22,1937,21.5,4,2,6,4,0,0,3.1,3.1,2.4,5.5,0.25,32,7,21.9,1.49,0.33,0.13,0.57,0.1,311,436,71.3,4334,1135,1.4,25,27,9,3,17,0,2,2,38,50,2.32,2,0.09,46,24,22,18,6,45.1,14,60,32,24,0,730,45,81,22,44.9,353,43,21,60,33,406,85,6,1,1,55,3,0,0,0,111,49,44.5
Balthazar Pierret,fr FRA,MF,Lecce,it Serie A,24.0,2000.0,30,21,1723,19.1,0,0,0,0,0,0,0.2,0.2,0.4,0.6,0.03,6,0,0.0,0.31,0.0,0.0,,0.03,696,833,83.6,10978,3431,0.6,10,80,5,1,9,4,0,7,82,39,2.04,0,0.0,51,31,25,23,3,43.3,19,70,31,6,1,1020,61,13,13,54.2,512,13,1,25,10,635,13,2,0,0,34,2,0,1,0,93,27,45.0
Andrea Pinamonti,it ITA,FW,Genoa,it Serie A,25.0,1999.0,36,33,2850,31.7,10,1,11,10,0,1,7.7,7.0,1.7,8.7,0.3,78,29,37.2,2.46,0.92,0.13,0.34,0.09,419,667,62.8,6023,1027,1.3,15,24,9,3,17,0,4,2,46,48,1.52,5,0.16,10,6,0,7,3,25.0,1,11,28,28,2,952,32,116,11,47.8,491,20,11,67,34,710,132,4,0,0,21,2,0,0,0,53,83,42.8
Ethan Pinnock,jm JAM,DF,Brentford,eng Premier League,31.0,1993.0,22,21,1913,21.3,2,0,2,2,0,0,1.1,1.1,1.2,2.3,0.11,10,6,60.0,0.47,0.28,0.2,0.33,0.11,924,1080,85.6,17045,6094,0.7,8,48,4,1,9,0,0,0,41,21,0.99,0,0.0,35,19,15,16,4,54.2,24,59,142,8,4,1348,294,24,3,33.3,633,3,0,2,4,760,9,2,0,0,8,1,0,1,1,50,63,59.4
Yeremi Pino,es ESP,"MF,FW",Villarreal,es La Liga,21.0,2002.0,34,25,1934,21.5,4,7,11,4,0,0,3.9,3.9,5.3,9.2,0.43,29,8,27.6,1.35,0.37,0.14,0.5,0.13,523,708,73.9,7895,2225,3.8,37,35,32,8,47,1,6,1,66,67,3.12,11,0.51,60,32,20,32,8,49.2,8,68,18,43,0,986,30,104,25,43.1,565,42,21,52,23,668,213,11,0,0,49,3,1,0,0,93,12,42.9
Nicola Pintus,it ITA,DF,Cagliari,it Serie A,19.0,2005.0,1,0,4,0.0,0,0,0,0,0,0,0.0,0.0,0.0,0.0,0.0,0,0,,0.0,0.0,,,,1,1,100.0,11,0,0.0,0,0,0,0,0,0,0,0,0,0,0.0,0,0.0,0,0,0,0,0,,0,0,2,0,0,3,1,0,0,,1,0,0,0,0,1,0,0,0,0,0,0,0,0,0,0,0,
Niccolò Pisilli,it ITA,MF,Roma,it Serie A,19.0,2004.0,28,11,1227,13.6,2,1,3,2,0,0,2.7,2.7,0.7,3.4,0.25,27,7,25.9,1.98,0.51,0.07,0.29,0.1,471,564,83.5,7869,1905,1.0,10,67,8,2,10,1,3,3,63,35,2.57,5,0.37,24,11,11,8,5,54.5,11,35,16,7,0,718,19,34,5,35.7,389,22,6,27,15,507,44,7,0,0,19,3,0,0,0,58,3,12.5
Damián Pizarro,cl CHI,"FW,MF",Udinese,it Serie A,19.0,2005.0,2,0,16,0.2,0,0,0,0,0,0,0.0,0.0,0.0,0.0,0.0,0,0,,0.0,0.0,,,,2,3,66.7,25,0,0.0,0,0,0,0,0,0,0,0,0,0,0.0,0,0.0,0,0,0,0,0,,0,0,0,0,0,3,0,0,0,,0,0,0,0,0,1,0,0,0,0,0,0,0,0,0,0,0,0.0
Alassane Pléa,fr FRA,"MF,FW",Gladbach,de Bundesliga,31.0,1993.0,30,24,1902,21.1,11,4,15,10,1,1,7.4,6.6,3.1,9.8,0.5,41,12,29.3,1.94,0.57,0.24,0.83,0.16,573,795,72.1,9118,3029,3.3,25,80,35,8,45,1,15,8,116,72,3.41,14,0.66,7,3,0,2,5,30.8,2,9,7,40,1,979,3,77,17,39.5,601,51,14,40,22,773,141,3,0,0,17,5,1,0,0,66,15,31.9
Tommaso Pobega,it ITA,MF,Bologna,it Serie A,25.0,1999.0,21,13,1178,13.1,2,2,4,2,0,0,2.1,2.0,1.4,3.4,0.27,24,8,33.3,1.83,0.61,0.08,0.25,0.08,384,468,82.1,6373,1664,0.8,12,51,5,3,8,0,1,4,42,27,2.06,4,0.31,33,19,12,15,6,73.3,14,47,16,4,0,608,24,20,3,37.5,293,12,2,13,6,358,23,6,2,1,33,2,1,0,0,45,14,46.7
Daniel Podence,pt POR,"MF,FW",Wolves,eng Premier League,28.0,1995.0,2,0,48,0.5,0,0,0,0,0,0,0.0,0.0,0.0,0.0,0.07,1,0,0.0,1.87,0.0,0.0,,0.04,11,16,68.8,132,78,0.0,0,1,1,0,1,0,0,0,2,0,0.0,0,0.0,0,0,0,0,0,0.0,0,0,0,2,0,20,0,0,2,100.0,13,1,0,0,0,17,3,0,0,0,0,0,0,0,0,1,0,0.0
Joel Pohjanpalo,fi FIN,FW,Venezia,it Serie A,29.0,1994.0,20,19,1603,17.8,6,0,6,3,3,4,7.5,4.3,1.7,6.0,0.51,34,13,38.2,1.91,0.73,0.09,0.23,0.13,211,350,60.3,3005,737,1.0,15,25,7,0,3,0,3,1,29,33,1.85,3,0.17,3,3,1,2,0,0.0,4,7,24,5,0,491,24,66,3,30.0,249,9,4,23,11,343,72,1,0,0,12,3,1,0,0,20,46,43.8
Matteo Politano,it ITA,"FW,MF",Napoli,it Serie A,30.0,1993.0,37,34,2804,31.2,3,4,7,3,0,0,3.1,3.1,4.8,7.9,0.25,56,14,25.0,1.8,0.45,0.05,0.21,0.06,873,1261,69.2,14730,4786,5.2,56,65,55,23,229,78,1,10,129,105,3.37,10,0.32,29,15,17,11,1,34.9,13,42,50,57,1,1561,49,90,32,40.0,920,135,38,47,24,1137,278,3,0,0,14,3,1,0,0,95,6,23.1
Alfie Pond,eng ENG,DF,Wolves,eng Premier League,20.0,2004.0,1,0,1,0.0,0,0,0,0,0,0,0.0,0.0,0.0,0.0,0.0,0,0,,0.0,0.0,,,,1,1,100.0,23,0,0.0,0,0,0,0,0,0,0,0,0,0,0.0,0,0.0,0,0,0,0,0,,0,0,0,0,0,1,0,0,0,,1,0,0,0,0,1,0,0,0,0,0,0,0,0,0,0,0,
Marin Pongračić,hr CRO,DF,Fiorentina,it Serie A,26.0,1997.0,19,14,1292,14.4,0,0,0,0,0,0,0.2,0.2,0.2,0.4,0.03,2,1,50.0,0.14,0.07,0.0,0.0,0.09,691,775,89.2,13999,4692,0.3,5,43,3,0,1,1,1,5,34,12,0.79,1,0.07,18,13,13,4,1,63.6,12,30,69,4,2,922,136,6,9,64.3,560,7,1,10,7,585,5,3,1,1,26,0,0,0,1,73,25,69.4
Finn Porath,de GER,"DF,MF",Holstein Kiel,de Bundesliga,27.0,1997.0,31,20,1970,21.9,2,3,5,2,0,0,1.9,1.8,2.0,3.8,0.18,29,12,41.4,1.32,0.55,0.07,0.17,0.09,489,731,66.9,9754,3567,1.8,22,54,22,12,84,9,0,4,58,61,2.79,11,0.5,45,26,24,14,7,49.1,21,66,67,27,0,999,73,33,16,44.4,418,42,11,15,15,507,69,3,0,0,31,3,0,0,0,79,26,51.0
Pedro Porro,es ESP,DF,Tottenham,eng Premier League,24.0,1999.0,33,28,2610,29.0,2,6,8,2,0,0,1.6,1.6,5.0,6.6,0.23,39,8,20.5,1.34,0.28,0.05,0.25,0.04,1385,1892,73.2,24256,9602,4.6,57,124,57,27,196,53,4,16,154,108,3.72,8,0.28,66,49,34,22,10,57.1,36,102,84,75,2,2237,128,32,14,35.0,1187,65,5,25,18,1291,109,5,0,0,25,4,0,0,0,152,12,34.3
Portu,es ESP,"FW,MF",Girona,es La Liga,32.0,1992.0,27,6,779,8.7,1,2,3,1,0,0,1.6,1.6,1.7,3.3,0.38,8,3,37.5,0.92,0.35,0.13,0.33,0.21,169,237,71.3,2427,444,1.5,14,12,7,3,26,10,1,0,16,25,2.88,4,0.46,13,7,5,5,3,70.0,0,13,2,8,0,301,4,25,4,40.0,168,20,4,11,3,214,79,4,0,0,14,0,0,0,0,24,10,45.5
Stefan Posch,at AUT,DF,Bologna,it Serie A,27.0,1997.0,14,7,714,7.9,0,0,0,0,0,0,0.3,0.3,0.7,1.0,0.13,2,0,0.0,0.25,0.0,0.0,,0.14,396,505,78.4,7784,2928,0.5,10,40,11,7,18,0,0,4,36,18,2.26,1,0.13,26,15,12,9,5,60.0,5,31,22,12,0,602,33,13,3,27.3,295,11,1,9,12,348,35,1,0,0,16,1,0,0,0,43,13,61.9
Stefan Posch,at AUT,DF,Atalanta,it Serie A,27.0,1997.0,5,4,387,4.3,0,0,0,0,0,0,0.2,0.2,0.0,0.2,0.05,3,2,66.7,0.7,0.47,0.0,0.0,0.07,205,245,83.7,3257,1119,0.1,0,21,2,0,5,0,0,0,23,5,1.16,1,0.23,18,11,7,8,3,88.9,4,22,13,6,0,299,21,4,1,50.0,202,5,0,3,5,199,5,0,0,0,11,0,0,0,0,22,4,40.0
Tom Pouilly,fr FRA,"DF,MF",Lens,fr Ligue 1,21.0,2003.0,10,2,273,3.0,0,0,0,0,0,0,0.4,0.4,0.4,0.9,0.28,5,2,40.0,1.65,0.66,0.0,0.0,0.08,171,218,78.4,2634,802,0.6,3,8,9,4,11,1,0,1,11,8,2.64,0,0.0,9,6,5,1,3,50.0,4,13,11,4,0,257,6,9,2,66.7,152,12,3,7,0,171,34,1,0,0,3,0,0,0,0,16,0,0.0
Yussuf Poulsen,dk DEN,"FW,MF",RB Leipzig,de Bundesliga,30.0,1994.0,22,2,378,4.2,2,0,2,2,0,0,3.3,3.3,0.6,3.9,0.93,15,8,53.3,3.57,1.9,0.13,0.25,0.23,84,141,59.6,952,285,0.5,7,7,5,0,2,0,0,0,12,15,3.57,2,0.48,10,5,2,6,2,50.0,0,10,14,8,0,221,14,32,1,16.7,89,2,0,16,10,148,30,1,0,0,8,2,0,0,0,16,27,71.1
Beñat Prados,es ESP,MF,Athletic Club,es La Liga,23.0,2001.0,30,21,1715,19.1,1,0,1,1,0,0,1.0,1.0,1.1,2.1,0.11,16,5,31.3,0.84,0.26,0.06,0.2,0.06,647,789,82.0,10848,2659,1.3,11,70,6,1,9,0,4,3,78,21,1.1,3,0.16,55,36,20,27,8,47.2,28,83,26,10,0,991,33,24,15,50.0,480,20,1,25,20,604,32,7,0,0,40,0,0,0,0,91,29,56.9
Alexander Prass,at AUT,DF,Hoffenheim,de Bundesliga,23.0,2001.0,23,19,1566,17.4,0,1,1,0,0,0,0.9,0.9,2.8,3.6,0.21,12,1,8.3,0.69,0.06,0.0,0.0,0.07,704,969,72.7,11665,4086,2.8,18,43,27,11,54,1,3,2,63,35,2.01,5,0.29,42,23,24,15,3,40.7,9,51,53,30,4,1199,71,32,20,47.6,605,28,5,21,10,689,66,1,0,0,17,1,1,0,0,92,15,44.1
Matteo Prati,it ITA,MF,Cagliari,it Serie A,20.0,2003.0,12,8,570,6.3,0,0,0,0,0,0,0.1,0.1,0.7,0.8,0.12,4,0,0.0,0.63,0.0,0.0,,0.03,180,250,72.0,3556,1034,0.4,6,20,4,1,5,2,1,2,23,11,1.74,1,0.16,10,4,2,7,1,27.3,7,17,10,5,1,313,12,3,3,27.3,155,2,0,4,2,177,7,1,0,0,8,1,0,0,0,24,1,14.3
Abdón Prats,es ESP,"FW,MF",Mallorca,es La Liga,31.0,1992.0,24,3,456,5.1,2,0,2,1,1,1,2.2,1.5,0.1,1.6,0.47,13,4,30.8,2.57,0.79,0.08,0.25,0.11,58,87,66.7,837,164,0.1,3,5,1,0,0,0,0,0,7,7,1.39,1,0.2,2,1,1,1,0,50.0,1,3,5,1,0,146,6,25,1,33.3,77,0,0,17,12,104,14,4,0,0,6,1,1,0,0,13,19,37.3
David Preu,de GER,"MF,DF",Union Berlin,de Bundesliga,19.0,2004.0,5,1,121,1.3,0,0,0,0,0,0,0.1,0.1,0.0,0.1,0.1,2,0,0.0,1.49,0.0,0.0,,0.07,20,37,54.1,323,131,0.0,0,2,1,0,4,0,0,0,3,4,2.98,0,0.0,1,1,0,1,0,0.0,0,1,2,1,0,63,5,2,2,28.6,31,1,1,4,2,32,9,1,0,0,1,0,0,0,0,4,0,0.0
Grischa Prömel,de GER,MF,Hoffenheim,de Bundesliga,29.0,1995.0,2,2,174,1.9,0,0,0,0,0,0,0.0,0.0,0.0,0.0,0.0,0,0,,0.0,0.0,,,,80,95,84.2,1274,250,0.0,0,5,0,0,2,0,0,0,5,2,1.03,1,0.52,0,0,0,0,0,0.0,2,2,4,1,0,106,4,0,0,0.0,70,2,0,2,2,82,3,0,0,0,0,0,0,0,0,7,1,25.0
Ivan Prtajin,hr CRO,FW,Union Berlin,de Bundesliga,28.0,1996.0,5,2,161,1.8,0,0,0,0,0,0,0.5,0.5,0.1,0.7,0.37,8,2,25.0,4.47,1.12,0.0,0.0,0.07,18,48,37.5,204,37,0.1,1,0,1,1,3,0,0,0,1,1,0.56,0,0.0,3,2,0,1,2,,0,3,3,2,0,78,3,12,1,100.0,38,1,1,6,3,55,17,0,0,0,1,0,0,0,0,4,10,37.0
Javi Puado,es ESP,"FW,MF",Espanyol,es La Liga,26.0,1998.0,35,35,2974,33.0,12,4,16,7,5,5,11.6,7.7,3.0,10.7,0.44,66,19,28.8,2.0,0.57,0.11,0.37,0.12,521,678,76.8,7991,1449,2.1,22,36,15,4,27,1,6,6,75,55,1.66,7,0.21,22,17,14,4,4,40.0,5,27,19,19,0,985,27,102,21,34.4,623,73,22,71,33,703,113,8,0,0,22,4,1,0,0,105,9,23.1
Tymoteusz Puchacz,pl POL,DF,Holstein Kiel,de Bundesliga,25.0,1999.0,10,5,396,4.4,0,1,1,0,0,0,0.1,0.1,0.6,0.7,0.16,4,1,25.0,0.91,0.23,0.0,0.0,0.02,137,195,70.3,2283,769,0.7,8,6,6,6,37,13,0,1,8,14,3.18,1,0.23,9,4,6,3,0,71.4,3,12,11,6,0,247,15,2,9,47.4,109,13,0,8,5,125,30,0,0,0,2,0,0,0,0,32,4,50.0
Diego Pugno,it ITA,FW,Juventus,it Serie A,18.0,2006.0,1,0,7,0.1,0,0,0,0,0,0,0.0,0.0,0.1,0.1,0.76,0,0,,0.0,0.0,,,,2,2,100.0,28,0,0.0,1,0,0,0,0,0,0,0,0,1,12.86,0,0.0,0,0,0,0,0,,0,0,0,0,0,4,0,0,0,0.0,2,0,0,0,0,1,0,0,0,0,0,0,0,0,0,1,0,0.0
Christian Pulisic,us USA,"FW,MF",Milan,it Serie A,25.0,1998.0,34,29,2478,27.5,11,9,20,8,3,4,12.0,8.9,6.4,15.2,0.67,53,20,37.7,1.92,0.73,0.15,0.4,0.17,825,1078,76.5,12131,3064,6.3,69,56,35,8,119,72,15,2,105,125,4.54,14,0.51,43,29,17,14,12,40.5,5,48,13,25,2,1367,15,128,39,44.8,859,121,37,57,40,985,191,1,0,0,20,5,1,0,0,94,11,20.8
Jarell Quansah,eng ENG,DF,Liverpool,eng Premier League,21.0,2003.0,13,4,495,5.5,0,0,0,0,0,0,0.1,0.1,0.1,0.2,0.04,1,0,0.0,0.18,0.0,0.0,,0.1,356,392,90.8,6327,2038,0.2,2,22,1,0,2,0,0,1,19,3,0.55,0,0.0,12,8,8,4,0,70.0,7,19,28,2,1,464,80,6,1,33.3,268,3,1,5,2,321,4,2,0,0,9,0,0,1,1,19,7,41.2
Leopold Querfeld,at AUT,DF,Union Berlin,de Bundesliga,20.0,2003.0,27,17,1747,19.4,2,2,4,2,0,0,1.1,1.1,1.0,2.2,0.11,16,4,25.0,0.82,0.21,0.13,0.5,0.07,648,802,80.8,13517,5754,1.2,10,53,5,0,0,0,1,12,49,26,1.34,2,0.1,25,12,21,4,0,72.2,19,44,144,6,2,1066,176,34,3,33.3,531,3,0,5,2,574,5,8,0,0,20,1,0,1,0,66,65,54.6
Dani Raba,es ESP,"FW,MF",Leganés,es La Liga,28.0,1995.0,29,24,1879,20.9,8,6,14,4,4,5,7.5,3.6,5.3,8.9,0.61,39,12,30.8,1.87,0.57,0.1,0.33,0.09,435,648,67.1,7619,2499,4.6,47,50,24,4,90,46,15,3,69,107,5.12,14,0.67,37,23,17,15,5,40.5,14,51,19,16,1,930,23,43,46,50.5,523,42,10,53,40,572,101,6,0,0,40,11,1,0,0,90,5,25.0
Adrien Rabiot,fr FRA,MF,Marseille,fr Ligue 1,29.0,1995.0,29,27,2485,27.6,9,4,13,9,0,0,7.3,7.3,3.8,11.1,0.4,48,22,45.8,1.74,0.8,0.19,0.41,0.15,1309,1543,84.8,18021,4031,3.8,28,147,24,5,40,0,6,0,168,66,2.39,11,0.4,49,31,17,21,11,59.4,21,70,32,38,0,1822,36,100,26,52.0,1096,79,16,52,31,1445,174,4,0,0,53,2,0,1,0,124,34,56.7
Hamza Rafia,tn TUN,MF,Lecce,it Serie A,25.0,1999.0,18,14,1058,11.8,0,0,0,0,0,0,0.5,0.5,1.4,1.9,0.16,10,2,20.0,0.85,0.17,0.0,0.0,0.05,409,527,77.6,6442,2203,1.3,16,47,15,6,45,25,2,1,51,36,3.06,0,0.0,44,27,14,25,5,46.9,4,48,18,11,1,651,16,12,10,45.5,317,13,2,21,20,411,32,4,0,0,26,1,0,0,0,62,5,27.8
Antonio Raillo,es ESP,DF,Mallorca,es La Liga,32.0,1991.0,36,36,3207,35.6,2,0,2,2,0,0,2.0,2.0,1.6,3.7,0.1,35,8,22.9,0.98,0.22,0.06,0.25,0.06,1572,1773,88.7,29700,10641,1.0,13,86,6,0,3,0,1,4,108,27,0.76,1,0.03,31,18,18,10,3,70.0,29,60,222,10,1,2185,376,66,2,66.7,1108,31,0,7,6,1282,20,7,1,0,50,0,0,0,0,104,132,61.1
Antonio Raimondo,it ITA,"FW,DF",Venezia,it Serie A,20.0,2004.0,9,0,94,1.0,0,0,0,0,0,0,0.3,0.3,0.1,0.4,0.4,1,1,100.0,0.96,0.96,0.0,0.0,0.32,17,26,65.4,200,48,0.2,1,0,0,0,1,0,1,0,2,2,1.91,0,0.0,2,1,1,1,0,,0,2,0,0,1,34,0,5,0,,21,2,1,5,3,28,7,0,0,0,2,0,0,0,0,4,1,14.3
Ylber Ramadani,al ALB,MF,Lecce,it Serie A,28.0,1996.0,29,21,1807,20.1,1,1,2,1,0,0,0.6,0.6,1.1,1.7,0.09,17,6,35.3,0.85,0.3,0.06,0.17,0.04,696,848,82.1,12407,3503,0.4,16,52,4,0,6,1,2,4,60,35,1.74,4,0.2,51,28,24,27,0,63.5,24,75,26,10,3,1038,64,8,13,54.2,537,9,2,21,22,651,7,4,0,0,18,0,0,0,0,117,15,37.5
Benito Ramírez,es ESP,"DF,FW",Las Palmas,es La Liga,29.0,1995.0,19,2,478,5.3,0,0,0,0,0,0,0.3,0.3,0.9,1.2,0.22,10,1,10.0,1.88,0.19,0.0,0.0,0.03,259,326,79.4,4000,1078,1.0,13,11,8,6,39,5,0,0,16,28,5.29,0,0.0,10,5,4,6,0,56.3,1,11,14,13,1,406,16,9,3,20.0,211,14,1,10,6,251,62,2,1,0,5,2,0,0,0,32,4,26.7
Sandro Ramírez,es ESP,"FW,MF",Las Palmas,es La Liga,29.0,1995.0,31,25,2034,22.6,9,3,12,8,1,1,4.1,3.3,3.4,6.7,0.33,51,20,39.2,2.26,0.88,0.16,0.4,0.06,438,682,64.2,7317,2293,3.2,28,33,10,3,122,60,3,3,52,59,2.61,6,0.27,27,15,10,13,4,43.3,16,43,22,26,2,930,26,64,16,34.0,469,52,24,49,28,575,121,6,0,0,26,8,1,1,0,93,12,42.9
Jacobo Ramón,es ESP,DF,Real Madrid,es La Liga,19.0,2005.0,3,2,204,2.3,1,0,1,1,0,0,0.2,0.2,0.2,0.4,0.16,2,1,50.0,0.88,0.44,0.5,1.0,0.08,84,90,93.3,1402,513,0.0,1,3,0,0,0,0,0,0,1,4,1.76,0,0.0,7,3,4,3,0,100.0,3,10,8,2,2,117,9,3,0,,59,0,0,2,1,71,2,1,0,0,2,0,0,0,0,5,8,53.3
Gonçalo Ramos,pt POR,FW,Paris S-G,fr Ligue 1,23.0,2001.0,22,12,1066,11.8,10,3,13,8,2,3,13.6,11.3,2.2,13.4,1.33,52,29,55.8,4.39,2.45,0.15,0.28,0.22,193,241,80.1,2279,367,1.4,15,9,9,0,1,0,2,0,24,30,2.54,6,0.51,11,6,5,5,1,50.0,0,11,5,8,0,353,6,97,1,9.1,155,11,4,16,11,282,63,1,0,0,8,2,1,0,0,18,20,57.1
Jacob Ramsey,eng ENG,"FW,MF",Aston Villa,eng Premier League,23.0,2001.0,29,19,1623,18.0,1,3,4,1,0,0,1.6,1.6,2.3,3.9,0.22,19,4,21.1,1.05,0.22,0.05,0.25,0.08,497,586,84.8,6645,1578,2.2,21,31,21,1,12,0,3,3,68,51,2.83,8,0.44,30,15,14,10,6,50.0,8,38,8,15,1,762,12,74,25,54.3,496,61,21,42,23,577,114,4,1,1,13,6,1,0,0,83,7,35.0
Luca Ranieri,it ITA,DF,Fiorentina,it Serie A,25.0,1999.0,35,34,2981,33.1,0,3,3,0,0,0,1.1,1.1,1.7,2.7,0.08,10,4,40.0,0.3,0.12,0.0,0.0,0.11,1538,1800,85.4,28999,10523,1.4,16,84,11,5,9,0,0,8,80,28,0.82,6,0.18,42,24,28,12,2,80.0,27,69,154,14,1,2124,271,16,9,47.4,1234,25,2,10,3,1404,11,7,0,0,24,0,0,1,0,95,48,46.2
Grant Ranos,am ARM,FW,Gladbach,de Bundesliga,21.0,2003.0,2,0,20,0.2,0,0,0,0,0,0,0.0,0.0,0.0,0.0,0.0,0,0,,0.0,0.0,,,,8,12,66.7,71,16,0.0,0,0,0,0,0,0,0,0,1,0,0.0,0,0.0,1,0,0,1,0,0.0,0,1,0,0,0,17,0,0,0,,10,1,0,0,1,11,2,1,0,0,1,0,0,0,0,0,0,0.0
Lilian Raolisoa,fr FRA,"DF,FW",Angers,fr Ligue 1,24.0,2000.0,29,14,1318,14.6,0,3,3,0,0,0,0.7,0.7,2.0,2.7,0.18,14,1,7.1,0.96,0.07,0.0,0.0,0.05,392,564,69.5,6526,2904,1.7,14,31,16,8,77,22,4,3,47,32,2.19,4,0.27,41,24,24,13,4,44.7,15,56,45,19,0,751,47,19,23,43.4,404,33,3,21,16,435,62,1,2,0,16,0,0,1,0,76,15,57.7
Raphinha,br BRA,"FW,MF",Barcelona,es La Liga,27.0,1996.0,36,32,2839,31.5,18,9,27,16,2,2,19.2,17.6,12.7,30.3,1.01,112,40,35.7,3.55,1.27,0.14,0.4,0.16,1064,1497,71.1,17773,4933,10.1,91,87,67,18,215,140,11,15,135,163,5.17,22,0.7,36,22,6,19,11,48.7,11,47,26,36,0,1863,31,183,52,50.5,1016,94,46,53,29,1316,349,4,0,0,11,10,2,0,0,94,9,60.0
Marcus Rashford,eng ENG,"FW,MF",Manchester Utd,eng Premier League,26.0,1997.0,15,12,978,10.9,4,1,5,4,0,0,1.7,1.7,2.1,3.8,0.35,16,9,56.3,1.47,0.83,0.25,0.44,0.11,253,343,73.8,3508,868,1.4,15,13,16,8,27,1,6,5,21,29,2.67,1,0.09,7,4,2,2,3,33.3,4,11,7,10,0,440,3,34,9,23.1,293,20,12,14,6,341,79,2,0,0,8,0,0,0,0,24,5,41.7
Marcus Rashford,eng ENG,FW,Aston Villa,eng Premier League,26.0,1997.0,10,4,444,4.9,2,2,4,1,1,1,3.1,2.3,2.3,4.5,1.08,18,5,27.8,3.65,1.01,0.06,0.2,0.13,117,164,71.3,1772,447,2.1,13,2,9,2,28,21,3,1,13,27,5.49,3,0.61,10,7,2,3,5,66.7,1,11,3,9,0,227,2,30,9,40.9,127,22,15,8,1,149,42,0,0,0,1,3,0,0,0,14,1,11.1
Giacomo Raspadori,it ITA,"FW,MF",Napoli,it Serie A,24.0,2000.0,26,11,1103,12.3,6,1,7,6,0,0,4.0,4.0,2.4,6.4,0.52,42,14,33.3,3.43,1.14,0.14,0.43,0.1,280,410,68.3,5058,1374,2.2,28,27,7,3,67,39,2,2,42,51,4.16,4,0.33,18,9,6,10,2,66.7,3,21,13,18,0,549,10,54,9,64.3,263,18,5,25,9,343,57,1,0,0,12,2,0,0,0,43,5,31.3
Andrei Ratiu,ro ROU,DF,Rayo Vallecano,es La Liga,26.0,1998.0,35,34,3065,34.1,2,3,5,2,0,0,1.8,1.8,5.7,7.5,0.22,31,7,22.6,0.91,0.21,0.06,0.29,0.06,1435,1759,81.6,21787,7420,3.9,36,105,23,11,77,0,3,2,145,91,2.67,5,0.15,71,41,40,21,10,60.0,27,98,73,56,2,2193,85,71,76,51.7,1190,122,31,69,49,1365,167,5,0,0,24,2,0,0,0,169,20,37.7
Raúl,es ESP,"FW,MF",Osasuna,es La Liga,23.0,2000.0,32,5,750,8.3,4,0,4,4,0,0,3.5,3.5,0.7,4.1,0.5,25,12,48.0,3.0,1.44,0.16,0.33,0.14,116,168,69.0,1510,219,0.4,3,11,1,0,6,0,0,1,16,16,1.92,2,0.24,13,8,3,6,4,50.0,0,13,6,7,0,266,8,42,11,55.0,153,10,4,24,13,196,49,1,0,0,11,4,0,0,0,14,20,47.6
David Raum,de GER,DF,RB Leipzig,de Bundesliga,26.0,1998.0,22,21,1783,19.8,1,5,6,1,0,0,0.5,0.5,6.5,6.9,0.35,9,4,44.4,0.45,0.2,0.11,0.25,0.05,841,1212,69.4,14506,6549,7.4,48,55,21,13,188,58,1,5,71,73,3.68,7,0.35,38,28,16,14,8,57.1,9,47,47,32,4,1389,58,56,11,39.3,593,36,4,16,9,787,127,5,0,0,23,0,0,0,0,92,13,39.4
Rayan Raveloson,mg MAD,"MF,DF",Auxerre,fr Ligue 1,27.0,1997.0,13,7,724,8.0,1,0,1,1,0,0,0.8,0.8,0.2,1.0,0.12,16,5,31.3,1.99,0.62,0.06,0.2,0.05,271,313,86.6,5021,1334,0.3,3,19,6,0,8,4,1,6,31,17,2.11,0,0.0,6,5,2,4,0,33.3,5,11,22,9,0,401,30,11,7,53.8,216,5,1,11,11,240,12,3,0,0,9,1,0,0,0,44,8,47.1
Abderrahman Rebbach,dz ALG,"FW,MF",Alavés,es La Liga,25.0,1998.0,8,4,385,4.3,0,0,0,0,0,0,0.2,0.2,0.3,0.5,0.11,6,1,16.7,1.4,0.23,0.0,0.0,0.03,74,118,62.7,1234,255,0.4,6,2,5,3,17,7,0,1,5,10,2.34,0,0.0,3,2,3,0,0,0.0,0,3,6,6,0,173,4,18,3,21.4,103,16,7,9,5,107,34,1,0,0,5,0,0,0,0,16,1,8.3
Ante Rebić,hr CRO,"FW,MF",Lecce,it Serie A,30.0,1993.0,27,7,788,8.8,1,0,1,1,0,0,2.1,2.1,2.1,4.2,0.48,13,5,38.5,1.48,0.57,0.08,0.2,0.16,182,298,61.1,2549,865,1.2,18,18,11,3,32,8,2,0,36,30,3.43,1,0.11,12,9,5,5,2,33.3,2,14,4,24,1,429,5,43,8,26.7,223,17,7,39,14,312,63,3,2,0,19,5,0,0,0,33,27,42.2
Harrison Reed,eng ENG,MF,Fulham,eng Premier League,29.0,1995.0,12,0,108,1.2,0,0,0,0,0,0,0.2,0.2,0.1,0.3,0.27,3,2,66.7,2.5,1.67,0.0,0.0,0.08,39,55,70.9,550,138,0.1,1,1,1,0,6,1,0,0,4,1,0.89,0,0.0,6,3,3,2,1,33.3,1,7,3,3,0,78,2,5,0,0.0,31,1,0,2,2,38,7,2,0,0,6,0,0,1,0,10,1,33.3
Remy Rees-Dottin,eng ENG,FW,Bournemouth,eng Premier League,18.0,2006.0,1,0,1,0.0,0,0,0,0,0,0,0.0,0.0,0.0,0.0,0.0,0,0,,0.0,0.0,,,,0,0,,0,0,0.0,0,0,0,0,0,0,0,0,0,0,0.0,0,0.0,0,0,0,0,0,,0,0,0,0,0,0,0,0,0,,0,0,0,0,0,0,0,0,0,0,0,0,0,0,0,0,0,
Sergio Reguilón,es ESP,DF,Tottenham,eng Premier League,27.0,1996.0,4,1,196,2.2,0,0,0,0,0,0,0.1,0.1,0.0,0.1,0.07,2,0,0.0,0.92,0.0,0.0,,0.06,93,136,68.4,1503,540,0.3,1,13,2,1,12,2,0,0,13,1,0.46,0,0.0,4,3,1,3,0,40.0,4,8,8,4,0,167,9,3,2,33.3,88,5,1,2,1,97,12,2,0,0,2,0,0,0,0,14,5,71.4
Tijjani Reijnders,nl NED,MF,Milan,it Serie A,26.0,1998.0,37,36,3128,34.8,10,4,14,10,0,0,7.5,7.5,3.5,11.0,0.32,77,28,36.4,2.22,0.81,0.13,0.36,0.1,1355,1549,87.5,22565,6476,3.6,47,135,56,2,46,31,14,3,230,117,3.37,10,0.29,26,13,6,14,6,38.5,38,64,28,16,2,1863,41,82,36,50.7,1214,111,29,36,32,1390,121,2,1,0,28,3,1,0,0,125,5,25.0
Vitor Reis,br BRA,DF,Manchester City,eng Premier League,18.0,2006.0,1,0,1,0.0,0,0,0,0,0,0,0.0,0.0,0.0,0.0,0.0,0,0,,0.0,0.0,,,,2,2,100.0,50,10,0.0,0,0,0,0,0,0,0,0,0,0,0.0,0,0.0,0,0,0,0,0,,0,0,1,0,0,3,1,0,1,100.0,2,0,0,0,0,2,0,0,0,0,0,0,0,0,0,0,0,
Rocco Reitz,de GER,MF,Gladbach,de Bundesliga,22.0,2002.0,27,21,1830,20.3,2,1,3,2,0,0,1.7,1.7,2.1,3.8,0.19,23,7,30.4,1.13,0.34,0.09,0.29,0.07,684,878,77.9,11785,4189,2.2,16,69,16,4,22,0,10,3,91,45,2.21,5,0.25,52,24,24,24,4,55.8,53,105,59,22,2,1199,75,37,17,47.2,614,18,1,25,23,726,30,1,0,0,20,2,0,0,0,94,18,52.9
Nicolai Remberg,de GER,MF,Holstein Kiel,de Bundesliga,24.0,2000.0,32,26,2417,26.9,0,1,1,0,0,0,1.5,1.5,0.8,2.3,0.09,24,2,8.3,0.89,0.07,0.0,0.0,0.06,756,970,77.9,14270,3495,1.1,9,73,10,3,8,0,2,9,80,30,1.12,3,0.11,45,25,24,17,4,46.3,29,74,100,16,0,1316,121,26,7,28.0,552,25,0,22,18,743,31,11,0,0,43,3,0,0,2,101,86,62.3
Devyne Rensch,nl NED,DF,Roma,it Serie A,21.0,2003.0,14,5,469,5.2,0,1,1,0,0,0,0.3,0.3,0.8,1.0,0.2,3,2,66.7,0.58,0.38,0.0,0.0,0.09,213,260,81.9,3089,957,0.8,2,14,4,2,11,0,0,1,14,14,2.69,1,0.19,17,13,8,8,1,90.0,7,24,12,4,1,319,17,8,0,0.0,161,2,1,5,2,203,25,0,0,0,1,3,0,0,0,13,10,58.8
Daniel Requena,es ESP,MF,Villarreal,es La Liga,20.0,2004.0,1,0,10,0.1,0,0,0,0,0,0,0.0,0.0,0.0,0.0,0.0,0,0,,0.0,0.0,,,,4,5,80.0,48,9,0.0,0,0,0,0,0,0,0,0,0,0,0.0,0,0.0,0,0,0,0,0,,0,0,0,1,0,5,0,1,0,,2,0,0,0,0,5,1,0,0,0,1,0,0,0,0,0,0,
Mateo Retegui,it ITA,FW,Atalanta,it Serie A,25.0,1999.0,36,32,2383,26.5,25,8,33,21,4,5,18.9,14.9,4.9,19.8,0.9,99,32,32.3,3.74,1.21,0.21,0.66,0.15,440,575,76.5,6210,971,2.2,38,29,9,1,15,0,2,6,46,76,2.87,14,0.53,14,9,0,9,5,18.8,4,18,17,19,0,874,19,173,12,40.0,557,21,11,96,48,704,199,3,0,0,32,4,2,0,0,69,51,42.9
Elvis Rexhbeçaj,xk KVX,MF,Augsburg,de Bundesliga,26.0,1997.0,27,22,1785,19.8,1,1,2,1,0,0,1.4,1.4,1.1,2.5,0.13,29,5,17.2,1.46,0.25,0.03,0.2,0.05,469,670,70.0,7805,2278,2.0,16,39,23,2,71,29,5,5,94,56,2.82,5,0.25,27,19,9,14,4,42.9,16,43,22,37,1,887,36,31,10,31.3,463,31,8,31,25,539,82,8,0,0,13,3,0,0,0,85,10,34.5
Gio Reyna,us USA,MF,Dortmund,de Bundesliga,21.0,2002.0,16,3,350,3.9,2,0,2,2,0,0,0.2,0.2,0.2,0.4,0.1,3,2,66.7,0.77,0.51,0.67,1.0,0.06,167,212,78.8,2403,629,0.7,2,17,6,3,15,5,2,0,22,6,1.54,0,0.0,7,0,3,0,4,80.0,0,7,9,4,0,262,7,6,4,57.1,150,5,0,9,7,181,19,3,0,0,8,0,0,0,0,19,7,53.8
Chadi Riad,ma MAR,DF,Crystal Palace,eng Premier League,21.0,2003.0,1,1,90,1.0,0,0,0,0,0,0,0.0,0.0,0.0,0.0,0.0,0,0,,0.0,0.0,,,,70,82,85.4,1411,568,0.0,0,8,1,0,0,0,0,1,7,0,0.0,0,0.0,5,2,2,2,1,66.7,2,7,0,2,0,90,5,0,0,,58,2,0,1,0,69,0,0,0,0,1,0,0,0,0,4,2,33.3
Alexsandro Ribeiro,br BRA,DF,Lille,fr Ligue 1,24.0,1999.0,30,30,2700,30.0,1,1,2,1,0,0,1.6,1.6,0.4,2.0,0.07,21,4,19.0,0.7,0.13,0.05,0.25,0.08,2204,2417,91.2,43718,14857,1.0,9,191,6,2,8,0,3,10,178,40,1.33,4,0.13,32,19,18,13,1,66.7,27,59,143,9,3,2712,300,38,5,62.5,1737,25,0,22,10,1982,8,10,0,0,28,0,0,1,1,175,64,71.9
Samuele Ricci,it ITA,MF,Torino,it Serie A,22.0,2001.0,34,34,2825,31.4,1,1,2,1,0,0,1.3,1.3,0.6,1.8,0.06,22,7,31.8,0.7,0.22,0.05,0.14,0.06,1177,1338,88.0,20766,4393,1.2,15,102,13,0,30,9,3,6,116,48,1.53,4,0.13,35,21,15,14,6,64.3,25,60,51,16,2,1589,78,19,6,27.3,960,43,6,35,18,1073,30,8,1,0,38,2,0,0,0,130,14,48.3
Declan Rice,eng ENG,MF,Arsenal,eng Premier League,25.0,1999.0,35,33,2825,31.4,4,7,11,4,0,0,3.5,3.5,6.6,10.1,0.32,48,14,29.2,1.53,0.45,0.08,0.29,0.07,1376,1650,83.4,23402,6234,5.6,59,137,35,5,164,108,5,17,192,111,3.54,10,0.32,53,25,22,25,6,41.5,25,78,51,15,0,1948,82,81,14,48.3,1031,90,16,36,32,1266,94,7,1,1,21,5,0,0,0,156,37,59.7
Chris Richards,us USA,DF,Crystal Palace,eng Premier League,24.0,2000.0,24,22,1922,21.4,1,0,1,1,0,0,1.4,1.4,0.1,1.5,0.07,12,6,50.0,0.56,0.28,0.08,0.17,0.12,684,857,79.8,12185,4230,0.6,2,23,1,1,5,0,2,5,39,9,0.42,2,0.09,47,30,24,17,6,58.5,19,66,121,13,0,1118,134,19,1,16.7,517,6,0,5,5,614,2,4,1,1,11,1,1,0,0,51,48,53.9
Amir Richardson,ma MAR,MF,Fiorentina,it Serie A,22.0,2002.0,26,10,1024,11.4,1,1,2,1,0,0,0.9,0.9,0.6,1.5,0.12,11,5,45.5,0.97,0.44,0.09,0.2,0.08,539,615,87.6,8473,1942,0.7,8,46,6,1,5,0,1,2,47,19,1.56,4,0.33,30,13,13,15,2,42.9,6,36,29,8,1,748,35,18,11,57.9,451,19,2,19,10,524,31,6,0,0,30,1,0,0,0,51,19,54.3
Richarlison,br BRA,FW,Tottenham,eng Premier League,27.0,1997.0,15,4,504,5.6,4,1,5,4,0,0,3.7,3.7,0.9,4.6,0.82,17,7,41.2,3.04,1.25,0.24,0.57,0.22,62,103,60.2,937,280,0.6,4,8,4,2,7,0,0,3,11,8,1.43,1,0.18,5,3,0,4,1,0.0,0,5,8,6,0,173,8,29,1,6.3,89,8,3,9,8,120,22,2,0,0,7,1,0,0,0,11,10,30.3
Diego Rico,es ESP,DF,Getafe,es La Liga,31.0,1993.0,33,32,2819,31.3,0,3,3,0,0,0,0.4,0.4,2.7,3.1,0.1,16,3,18.8,0.51,0.1,0.0,0.0,0.02,1058,1564,67.6,19166,10727,3.4,36,114,46,29,148,12,0,9,136,75,2.39,8,0.26,81,49,47,29,5,55.3,34,115,102,44,2,1929,78,11,6,42.9,694,27,3,48,13,772,84,9,1,0,38,2,1,0,0,132,26,57.8
Fabian Rieder,ch SUI,"MF,FW",Stuttgart,de Bundesliga,22.0,2002.0,21,8,867,9.6,1,3,4,1,0,0,1.4,1.4,2.0,3.4,0.35,20,7,35.0,2.08,0.73,0.05,0.14,0.07,281,398,70.6,4721,1342,2.4,12,26,11,2,39,28,2,0,38,35,3.63,5,0.52,17,14,4,9,4,30.4,10,27,7,20,1,492,6,17,9,47.4,253,20,3,21,13,315,61,1,0,0,14,3,1,0,0,45,4,23.5
Luis Rioja,es ESP,FW,Alavés,es La Liga,30.0,1993.0,1,0,23,0.3,0,0,0,0,0,0,0.0,0.0,0.1,0.1,0.57,0,0,,0.0,0.0,,,,5,11,45.5,70,27,0.1,1,0,0,0,6,0,0,0,1,1,3.91,0,0.0,2,1,0,1,1,50.0,0,2,0,0,0,15,0,2,0,,8,4,2,0,0,10,3,0,0,0,1,0,0,0,0,1,0,
Luis Rioja,es ESP,"MF,FW",Valencia,es La Liga,30.0,1993.0,36,33,2831,31.5,5,3,8,3,2,2,3.3,1.7,4.5,6.2,0.25,28,12,42.9,0.89,0.38,0.11,0.25,0.06,821,1212,67.7,13662,3934,5.5,35,42,60,25,203,56,6,14,103,82,2.61,10,0.32,33,21,14,12,7,33.3,22,55,44,61,1,1505,39,59,43,47.3,816,93,28,42,40,1031,228,6,0,0,18,2,0,0,0,111,15,40.5
Rodrigo Riquelme,es ESP,"MF,DF",Atlético Madrid,es La Liga,24.0,2000.0,16,4,516,5.7,0,1,1,0,0,0,0.9,0.9,0.8,1.7,0.3,14,4,28.6,2.44,0.7,0.0,0.0,0.06,210,269,78.1,2838,854,0.8,15,17,12,3,34,13,1,0,24,29,5.05,1,0.17,11,5,4,6,1,54.5,2,13,3,10,0,354,6,23,6,25.0,246,43,10,11,6,259,62,0,0,0,8,0,0,0,0,21,3,50.0
Alberto Risco,es ESP,"MF,FW",Getafe,es La Liga,18.0,2005.0,5,0,69,0.8,0,0,0,0,0,0,0.2,0.2,0.1,0.3,0.41,4,1,25.0,5.22,1.3,0.0,0.0,0.04,25,34,73.5,340,98,0.2,4,1,4,3,4,0,0,0,3,6,7.71,0,0.0,4,4,2,0,2,16.7,0,4,0,1,0,57,0,5,1,16.7,32,3,2,5,4,33,6,0,0,0,1,0,0,0,0,5,1,25.0
Mihailo Ristić,rs SRB,"DF,MF",Celta Vigo,es La Liga,28.0,1995.0,10,6,429,4.8,0,1,1,0,0,0,0.0,0.0,0.2,0.2,0.05,2,0,0.0,0.42,0.0,0.0,,0.01,191,246,77.6,3446,915,0.1,4,10,2,1,13,7,0,0,10,10,2.1,1,0.21,7,7,4,2,1,66.7,2,9,18,9,0,302,16,0,2,15.4,153,8,0,7,4,179,11,1,0,0,8,0,0,0,0,17,3,25.0
Lars Ritzka,de GER,"DF,MF",St. Pauli,de Bundesliga,26.0,1998.0,21,11,922,10.2,1,0,1,1,0,0,0.4,0.4,0.2,0.6,0.06,8,1,12.5,0.78,0.1,0.13,1.0,0.06,304,425,71.5,5109,1802,0.3,5,25,5,2,19,1,0,1,21,12,1.17,0,0.0,49,29,28,16,5,61.0,11,60,41,18,0,567,40,6,0,0.0,161,8,0,6,4,263,34,1,0,0,10,1,0,0,0,35,7,24.1
Gorka Rivera Alonso,es ESP,"DF,MF",Getafe,es La Liga,19.0,2004.0,1,0,20,0.2,0,0,0,0,0,0,0.0,0.0,0.0,0.0,0.0,0,0,,0.0,0.0,,,,5,11,45.5,94,27,0.0,0,1,0,0,0,0,0,0,1,0,0.0,0,0.0,2,0,0,2,0,100.0,0,2,0,0,0,17,0,0,0,0.0,5,0,0,2,0,5,0,0,0,0,1,0,0,0,0,1,0,0.0
Sergi Roberto,es ESP,MF,Como,it Serie A,32.0,1992.0,13,8,696,7.7,0,1,1,0,0,0,0.7,0.7,0.7,1.4,0.18,6,1,16.7,0.78,0.13,0.0,0.0,0.11,457,506,90.3,6059,1422,0.5,15,28,6,0,6,3,2,0,36,24,3.1,1,0.13,14,8,5,5,4,71.4,9,23,14,10,0,582,19,9,3,30.0,340,10,2,14,5,429,19,4,0,0,7,0,0,2,0,48,7,43.8
Andrew Robertson,sct SCO,DF,Liverpool,eng Premier League,30.0,1994.0,33,29,2482,27.6,0,1,1,0,0,0,1.2,1.2,4.6,5.8,0.21,15,2,13.3,0.54,0.07,0.0,0.0,0.08,1559,1885,82.7,26310,8407,4.3,40,150,31,17,147,59,4,6,176,80,2.9,4,0.14,39,22,25,10,4,60.8,21,60,54,35,2,2084,92,53,7,38.9,1107,64,6,25,13,1399,108,3,1,0,11,0,0,1,1,105,7,33.3
Antonee Robinson,us USA,DF,Fulham,eng Premier League,26.0,1997.0,36,35,3167,35.2,0,10,10,0,0,0,0.7,0.7,4.2,4.9,0.14,16,2,12.5,0.45,0.06,0.0,0.0,0.04,1595,2076,76.8,27385,10017,4.1,43,115,56,29,170,0,1,5,131,80,2.27,11,0.31,95,61,57,31,7,47.4,62,157,133,47,2,2523,139,70,38,45.8,1343,118,30,44,20,1509,274,8,0,0,31,0,0,0,0,157,50,65.8
Jay Robinson,eng ENG,"MF,FW",Southampton,eng Premier League,17.0,2007.0,4,1,137,1.5,0,0,0,0,0,0,0.0,0.0,0.7,0.7,0.47,1,1,100.0,0.66,0.66,0.0,0.0,0.05,23,34,67.6,264,100,0.5,3,1,1,0,1,0,0,0,1,8,5.26,1,0.66,4,1,3,0,1,100.0,0,4,1,2,0,54,4,5,6,54.5,33,3,1,1,6,29,10,0,0,0,3,0,0,0,0,12,0,0.0
Marc Roca,es ESP,MF,Betis,es La Liga,27.0,1996.0,14,11,906,10.1,2,2,4,2,0,0,1.1,1.1,1.0,2.1,0.21,12,4,33.3,1.19,0.4,0.17,0.5,0.09,465,538,86.4,7964,2303,0.5,12,51,6,2,10,1,0,4,59,24,2.38,1,0.1,20,14,10,9,1,52.9,14,34,14,10,2,632,27,19,4,80.0,385,11,0,9,7,427,13,4,0,0,16,0,0,0,0,51,5,27.8
Rodri,es ESP,MF,Manchester City,eng Premier League,28.0,1996.0,3,1,73,0.8,0,0,0,0,0,0,0.0,0.0,0.0,0.0,0.06,0,0,,0.0,0.0,,,,64,68,94.1,1142,277,0.1,1,3,1,0,0,0,0,0,4,2,2.47,0,0.0,2,1,1,1,0,,1,3,1,0,0,74,1,0,0,0.0,39,1,0,0,0,56,1,0,0,0,1,0,0,0,0,7,1,100.0
Rodri,es ESP,FW,Betis,es La Liga,24.0,2000.0,3,1,118,1.3,0,0,0,0,0,0,0.2,0.2,0.1,0.2,0.19,2,2,100.0,1.53,1.53,0.0,0.0,0.08,56,66,84.8,941,282,0.3,2,4,5,0,6,3,0,1,8,11,8.39,0,0.0,2,1,1,1,0,50.0,1,3,1,3,1,86,3,6,2,33.3,57,4,3,5,2,63,11,0,0,0,2,0,0,0,0,10,0,0.0
Alejandro Rodriguez,pt POR,MF,Lyon,fr Ligue 1,16.0,2008.0,1,0,20,0.2,0,0,0,0,0,0,0.0,0.0,0.0,0.0,0.0,0,0,,0.0,0.0,,,,1,2,50.0,16,0,0.0,0,0,0,0,1,0,0,0,0,0,0.0,0,0.0,0,0,0,0,0,,0,0,0,1,0,8,0,4,0,,1,0,0,1,0,2,1,0,0,0,0,0,0,0,0,1,0,0.0
Álvaro Rodríguez,uy URU,FW,Getafe,es La Liga,20.0,2004.0,22,7,852,9.5,2,0,2,2,0,0,1.2,1.2,0.3,1.5,0.16,25,10,40.0,2.64,1.06,0.08,0.2,0.05,110,239,46.0,1496,344,0.4,5,15,2,1,5,0,2,1,13,16,1.69,0,0.0,10,7,0,7,3,50.0,3,13,12,2,0,415,15,55,16,48.5,186,6,2,37,20,300,50,6,0,0,30,1,0,0,0,31,104,55.3
Óscar Rodríguez Arnaiz,es ESP,"MF,FW",Leganés,es La Liga,26.0,1998.0,29,12,1330,14.8,1,4,5,1,0,0,2.1,2.1,2.2,4.3,0.29,33,6,18.2,2.23,0.41,0.03,0.17,0.06,400,555,72.1,6923,2124,1.7,19,31,21,7,55,29,4,13,60,48,3.25,9,0.61,32,17,10,16,6,43.8,20,52,20,13,0,749,19,21,21,40.4,381,24,8,34,14,491,66,6,1,0,19,2,1,1,0,56,12,33.3
Arturo Rodríguez,es ESP,FW,Las Palmas,es La Liga,17.0,2006.0,1,0,21,0.2,0,0,0,0,0,0,0.0,0.0,0.0,0.0,0.0,0,0,,0.0,0.0,,,,5,7,71.4,56,0,0.0,0,0,0,0,2,0,0,0,0,0,0.0,0,0.0,0,0,0,0,0,,0,0,0,0,0,11,0,2,0,0.0,7,1,1,0,0,8,2,0,0,0,0,0,0,0,0,1,0,0.0
Damián Rodríguez,es ESP,MF,Celta Vigo,es La Liga,21.0,2003.0,17,10,927,10.3,0,0,0,0,0,0,0.1,0.1,0.8,0.9,0.09,4,0,0.0,0.39,0.0,0.0,,0.03,726,814,89.2,12535,3486,1.4,17,85,4,0,30,31,2,6,71,26,2.52,2,0.19,14,9,3,10,1,37.5,7,21,13,10,0,876,15,4,0,0.0,529,8,0,4,6,680,12,3,0,0,13,0,0,0,0,49,0,0.0
Dani Rodríguez,es ESP,"MF,FW",Mallorca,es La Liga,36.0,1988.0,37,26,2162,24.0,4,7,11,4,0,0,2.8,2.8,3.1,6.0,0.25,31,10,32.3,1.29,0.42,0.13,0.4,0.09,498,715,69.7,8276,2537,3.4,33,42,17,6,116,57,8,8,78,62,2.58,12,0.5,49,29,18,21,10,51.9,12,61,30,17,0,971,27,54,16,47.1,512,37,5,50,46,611,108,5,0,0,51,3,0,0,0,70,27,42.2
Daniel Rodriguez,es ESP,FW,Barcelona,es La Liga,18.0,2005.0,1,1,37,0.4,0,0,0,0,0,0,0.0,0.0,0.0,0.0,0.06,2,0,0.0,4.86,0.0,0.0,,0.01,15,20,75.0,202,28,0.0,0,0,2,0,3,0,0,0,2,2,4.86,0,0.0,0,0,0,0,0,,0,0,0,0,0,25,0,3,0,0.0,20,4,2,3,0,23,9,0,0,0,0,0,0,0,0,0,0,
Guido Rodríguez,ar ARG,MF,West Ham,eng Premier League,30.0,1994.0,23,16,1149,12.8,0,1,1,0,0,0,0.2,0.2,0.2,0.4,0.03,8,1,12.5,0.63,0.08,0.0,0.0,0.03,480,569,84.4,8091,2164,0.2,4,37,1,0,5,0,1,5,33,12,0.94,1,0.08,36,19,21,15,0,51.5,13,49,35,13,1,709,54,5,3,50.0,327,4,2,4,7,408,7,6,0,0,18,0,0,0,0,53,11,61.1
James Rodríguez,co COL,"MF,FW",Rayo Vallecano,es La Liga,33.0,1991.0,6,1,140,1.6,0,0,0,0,0,0,0.3,0.3,0.2,0.5,0.29,4,2,50.0,2.57,1.29,0.0,0.0,0.07,78,98,79.6,1368,440,0.3,2,12,1,0,13,6,1,0,13,6,3.86,0,0.0,3,2,1,2,0,0.0,1,4,0,0,0,116,1,4,5,71.4,71,3,1,5,0,85,7,1,0,0,2,0,0,0,0,8,2,40.0
Javi Rodríguez,es ESP,DF,Celta Vigo,es La Liga,21.0,2003.0,36,26,2514,27.9,3,2,5,3,0,0,2.3,2.3,1.0,3.3,0.12,12,5,41.7,0.43,0.18,0.25,0.6,0.2,1488,1716,86.7,26876,8180,1.0,13,110,10,1,4,0,2,9,114,35,1.25,3,0.11,53,38,35,17,1,70.2,33,86,96,18,2,1994,121,23,10,45.5,1187,29,1,22,5,1411,51,7,0,0,37,3,0,0,0,87,40,53.3
Jesus Rodríguez,es ESP,FW,Betis,es La Liga,18.0,2005.0,21,15,1111,12.3,2,0,2,2,0,0,2.3,2.3,0.2,2.5,0.2,23,8,34.8,1.86,0.65,0.09,0.25,0.1,241,331,72.8,3111,935,0.7,8,15,19,2,18,3,0,0,35,34,2.75,5,0.41,16,14,6,6,4,27.8,6,22,3,16,0,532,5,69,30,35.7,361,53,39,38,20,381,99,0,0,0,17,7,1,0,0,58,3,27.3
Kirian Rodríguez,es ESP,MF,Las Palmas,es La Liga,28.0,1996.0,21,21,1758,19.5,0,3,3,0,0,0,1.6,1.6,1.5,3.0,0.16,21,8,38.1,1.08,0.41,0.0,0.0,0.08,1026,1204,85.2,16191,4876,1.4,16,106,14,1,18,6,8,4,128,49,2.51,7,0.36,33,17,12,18,3,51.2,10,43,21,15,0,1357,47,15,11,68.8,763,25,0,20,14,1027,39,2,0,0,9,2,0,0,0,100,13,43.3
Ricardo Rodríguez,ch SUI,DF,Betis,es La Liga,31.0,1992.0,18,15,1274,14.2,0,1,1,0,0,0,0.2,0.2,0.4,0.6,0.04,5,1,20.0,0.35,0.07,0.0,0.0,0.04,610,744,82.0,9246,3362,0.6,7,50,8,5,15,0,0,3,63,27,1.91,2,0.14,28,15,16,5,7,65.4,8,36,51,8,0,866,39,7,4,57.1,434,19,1,4,3,498,32,0,0,0,12,0,0,0,0,55,27,61.4
Rodrygo,br BRA,"FW,MF",Real Madrid,es La Liga,23.0,2001.0,30,22,1928,21.4,6,5,11,6,0,0,4.0,3.9,3.0,6.9,0.33,54,20,37.0,2.52,0.93,0.11,0.3,0.07,939,1093,85.9,12276,3000,4.2,49,66,26,2,81,57,1,3,108,106,4.95,9,0.42,21,14,14,5,2,30.4,11,32,9,15,0,1340,14,127,49,44.1,889,113,50,47,15,1068,253,0,0,0,8,5,1,0,0,71,7,30.4
Mads Roerslev,dk DEN,DF,Brentford,eng Premier League,25.0,1999.0,19,11,1101,12.2,0,2,2,0,0,0,0.2,0.2,3.0,3.2,0.26,5,2,40.0,0.41,0.16,0.0,0.0,0.04,422,536,78.7,6925,2249,2.1,14,37,11,4,31,0,0,1,51,21,1.72,2,0.16,18,8,14,3,1,39.3,4,22,35,11,0,645,49,20,7,36.8,352,17,0,9,6,406,54,2,0,0,6,1,0,0,0,39,10,41.7
Mads Roerslev,dk DEN,DF,Wolfsburg,de Bundesliga,25.0,1999.0,7,2,298,3.3,0,0,0,0,0,0,0.0,0.0,0.0,0.0,0.01,0,0,,0.0,0.0,,,,146,174,83.9,2541,750,0.2,1,11,1,1,7,0,0,0,13,6,1.81,2,0.6,10,9,8,1,1,66.7,5,15,16,6,0,215,17,2,2,33.3,102,7,1,2,6,129,18,0,0,0,2,1,0,0,0,8,2,22.2
Morgan Rogers,eng ENG,"FW,MF",Aston Villa,eng Premier League,22.0,2002.0,37,37,3114,34.6,8,10,18,8,0,0,6.6,6.6,7.8,14.4,0.42,55,20,36.4,1.59,0.58,0.15,0.4,0.12,664,907,73.2,9771,3327,5.2,51,73,56,3,27,0,22,6,123,105,3.04,16,0.46,43,22,15,15,13,51.1,6,49,20,45,2,1362,43,142,66,41.3,794,114,33,114,74,956,188,10,0,0,50,5,1,0,0,119,13,20.0
Merlin Röhl,de GER,"MF,FW",Freiburg,de Bundesliga,22.0,2002.0,19,11,965,10.7,0,1,1,0,0,0,0.8,0.8,1.7,2.5,0.23,12,3,25.0,1.12,0.28,0.0,0.0,0.06,190,250,76.0,2824,560,1.1,9,17,4,3,12,0,0,0,22,25,2.33,3,0.28,16,10,4,10,2,81.8,6,22,2,12,0,403,6,28,12,30.0,217,20,9,45,22,256,60,2,0,0,21,2,0,0,0,49,14,29.2
Alessio Romagnoli,it ITA,DF,Lazio,it Serie A,29.0,1995.0,32,31,2672,29.7,2,0,2,2,0,0,2.4,2.4,0.3,2.6,0.09,20,7,35.0,0.67,0.24,0.1,0.29,0.12,1624,1770,91.8,27954,9785,0.3,9,107,5,0,0,0,1,0,90,27,0.91,1,0.03,48,29,20,26,2,81.5,26,74,118,7,1,2042,270,41,1,33.3,1064,8,0,6,1,1371,4,4,2,0,29,0,0,0,0,96,84,64.1
Carlos Romero,es ESP,DF,Espanyol,es La Liga,22.0,2001.0,34,28,2554,28.4,2,1,3,2,0,0,2.0,2.0,2.1,4.2,0.15,29,6,20.7,1.02,0.21,0.07,0.33,0.07,719,1007,71.4,11960,4409,2.4,29,47,26,12,92,21,1,5,64,62,2.18,4,0.14,73,47,49,16,8,54.9,30,103,102,34,1,1366,114,29,22,42.3,593,50,12,33,13,656,113,7,0,0,34,1,0,2,0,125,14,36.8
Cristian Romero,ar ARG,DF,Tottenham,eng Premier League,26.0,1998.0,18,18,1416,15.7,1,0,1,1,0,0,1.6,1.6,0.6,2.2,0.14,16,8,50.0,1.02,0.51,0.06,0.13,0.1,1094,1223,89.5,20402,8197,0.8,7,109,8,1,3,0,4,2,71,20,1.27,4,0.25,35,29,26,8,1,70.0,21,56,57,7,2,1377,157,23,1,25.0,896,12,0,10,5,936,3,3,0,0,14,0,0,0,0,90,41,60.3
Isaac Romero,es ESP,FW,Sevilla,es La Liga,24.0,2000.0,31,26,2156,24.0,4,2,6,4,0,1,6.8,6.0,2.1,8.1,0.37,53,17,32.1,2.21,0.71,0.08,0.24,0.11,310,441,70.3,4995,703,2.2,20,20,11,4,18,0,1,1,29,44,1.84,7,0.29,13,7,4,4,5,18.8,7,20,27,17,0,751,21,89,21,32.3,382,21,14,79,61,520,95,10,1,0,38,5,1,1,0,59,29,36.3
Luka Romero,ar ARG,"FW,MF",Alavés,es La Liga,19.0,2004.0,6,2,199,2.2,0,0,0,0,0,1,0.8,0.0,0.2,0.2,0.45,1,0,0.0,0.45,0.0,0.0,,0.02,34,49,69.4,515,110,0.4,4,0,1,1,10,4,0,0,0,8,3.62,1,0.45,4,4,1,1,2,66.7,1,5,0,1,0,69,0,5,1,33.3,42,3,1,5,7,45,12,0,0,0,3,1,1,0,0,9,2,33.3
Oriol Romeu,es ESP,MF,Girona,es La Liga,32.0,1991.0,25,17,1356,15.1,0,0,0,0,0,0,0.1,0.1,0.3,0.4,0.03,5,1,20.0,0.33,0.07,0.0,0.0,0.03,798,883,90.4,13866,3011,0.7,8,81,2,1,8,0,2,7,73,20,1.33,1,0.07,38,25,14,19,5,53.8,12,50,20,11,4,1032,48,4,4,50.0,600,22,1,13,13,782,8,5,0,0,28,0,0,1,0,71,13,41.9
Valentin Rongier,fr FRA,"MF,DF",Marseille,fr Ligue 1,29.0,1994.0,25,17,1562,17.4,3,1,4,3,0,0,1.0,1.0,1.1,2.1,0.12,14,7,50.0,0.81,0.4,0.21,0.43,0.07,1271,1408,90.3,18466,4560,1.5,11,110,7,0,7,0,1,3,110,35,2.02,6,0.35,50,28,14,31,5,62.8,33,83,28,25,5,1602,51,13,11,68.8,896,25,4,19,17,1226,28,5,0,0,37,1,0,1,0,86,13,54.2
Marten de Roon,nl NED,"MF,DF",Atalanta,it Serie A,33.0,1991.0,36,34,3058,34.0,4,4,8,4,0,0,0.9,0.9,2.3,3.2,0.09,14,4,28.6,0.41,0.12,0.29,1.0,0.06,1950,2258,86.4,36232,11018,2.9,25,236,27,3,28,0,1,17,242,73,2.15,14,0.41,74,48,32,38,4,45.5,47,121,67,17,1,2538,89,19,6,46.2,1475,37,1,24,9,1754,32,5,0,0,48,1,0,0,0,140,46,61.3
Vitor Roque,br BRA,FW,Betis,es La Liga,19.0,2005.0,22,14,1235,13.7,4,0,4,4,0,0,6.1,6.1,1.2,7.3,0.53,41,18,43.9,2.99,1.31,0.1,0.22,0.15,142,195,72.8,1986,451,0.7,12,4,10,3,6,1,1,0,17,34,2.48,4,0.29,11,6,1,6,4,20.0,7,18,4,7,0,365,3,57,10,25.6,213,24,16,41,35,239,57,4,0,0,30,5,2,0,0,35,15,34.1
Pablo Rosario,do DOM,"MF,DF",Nice,fr Ligue 1,27.0,1997.0,29,21,1775,19.7,3,1,4,2,1,1,3.8,3.0,0.6,3.5,0.22,16,7,43.8,0.81,0.35,0.13,0.29,0.19,641,754,85.0,10685,3770,0.9,16,63,14,1,3,0,3,2,89,35,1.78,2,0.1,30,20,6,19,5,55.0,31,61,43,11,2,950,78,19,9,52.9,473,17,2,20,15,653,25,6,1,0,24,0,0,0,0,60,24,60.0
Lasse Rosenboom,de GER,DF,Holstein Kiel,de Bundesliga,22.0,2002.0,26,21,1734,19.3,2,2,4,2,0,0,1.9,1.9,1.1,3.0,0.16,12,5,41.7,0.62,0.26,0.17,0.4,0.16,329,505,65.1,6079,2248,1.2,14,36,8,4,18,0,1,1,34,25,1.3,3,0.16,47,35,25,16,6,68.1,19,66,71,22,3,780,77,36,7,36.8,284,19,3,36,13,335,50,3,0,0,19,1,0,0,0,57,30,43.5
Max Rosenfelder,de GER,DF,Freiburg,de Bundesliga,21.0,2003.0,25,13,1249,13.9,1,0,1,1,0,0,0.4,0.4,0.7,1.0,0.08,5,1,20.0,0.36,0.07,0.2,1.0,0.08,576,675,85.3,9763,2723,0.2,5,23,4,0,9,0,0,0,29,15,1.08,1,0.07,27,17,17,10,0,73.7,7,34,65,18,0,826,94,11,14,56.0,445,24,4,5,2,515,18,2,0,0,9,1,0,2,0,60,12,35.3
Valentin Rosier,fr FRA,DF,Leganés,es La Liga,27.0,1996.0,32,28,2595,28.8,1,2,3,1,0,0,0.9,0.9,1.1,2.0,0.07,14,4,28.6,0.49,0.14,0.07,0.25,0.06,956,1206,79.3,14806,5646,1.3,11,72,17,4,39,0,0,2,74,35,1.21,6,0.21,72,52,48,16,8,63.2,52,124,149,27,2,1615,149,28,23,51.1,746,41,7,31,21,802,89,8,0,0,44,0,0,0,0,121,26,60.5
Tom Rothe,de GER,"DF,MF",Union Berlin,de Bundesliga,19.0,2004.0,26,19,1670,18.6,3,3,6,3,0,0,1.8,1.8,1.3,3.1,0.17,23,9,39.1,1.24,0.49,0.13,0.33,0.08,547,803,68.1,8464,3573,1.5,12,34,15,8,46,0,1,4,50,35,1.89,7,0.38,45,28,27,15,3,56.9,18,63,57,36,1,1074,65,38,5,25.0,456,25,3,23,31,522,91,4,1,0,25,3,1,0,0,77,43,49.4
Anthony Rouault,fr FRA,DF,Rennes,fr Ligue 1,23.0,2001.0,11,11,972,10.8,0,0,0,0,0,0,0.5,0.5,0.0,0.5,0.05,7,3,42.9,0.65,0.28,0.0,0.0,0.07,623,680,91.6,12133,4445,0.2,1,39,2,0,0,0,0,1,36,10,0.93,0,0.0,12,8,10,2,0,100.0,8,20,65,7,0,786,119,9,0,,485,3,0,1,2,557,0,3,0,0,7,0,0,0,0,48,28,65.1
Anthony Rouault,fr FRA,DF,Stuttgart,de Bundesliga,23.0,2001.0,18,14,1212,13.5,1,0,1,1,0,0,0.5,0.5,0.3,0.8,0.06,5,1,20.0,0.37,0.07,0.2,1.0,0.1,787,874,90.0,14146,5635,0.5,6,49,1,0,1,0,1,0,52,11,0.82,0,0.0,15,11,10,3,2,66.7,19,34,63,3,1,1014,125,11,2,40.0,573,6,0,4,4,697,4,1,0,0,18,1,0,0,0,63,33,61.1
Jonas Rouhi,se SWE,DF,Juventus,it Serie A,20.0,2004.0,5,1,210,2.3,0,0,0,0,0,0,0.0,0.0,0.0,0.0,0.0,0,0,,0.0,0.0,,,,126,159,79.2,2022,643,0.0,0,9,0,0,3,0,0,1,9,0,0.0,0,0.0,4,1,1,3,0,0.0,3,7,2,6,0,192,4,2,2,40.0,84,1,0,5,5,118,7,0,0,0,4,0,0,0,0,15,0,0.0
Jérôme Roussillon,fr FRA,"DF,MF",Union Berlin,de Bundesliga,31.0,1993.0,7,1,136,1.5,0,0,0,0,0,0,0.1,0.1,0.0,0.1,0.06,2,0,0.0,1.32,0.0,0.0,,0.05,45,71,63.4,839,414,0.0,0,6,2,0,10,0,0,1,11,1,0.66,0,0.0,0,0,0,0,0,0.0,2,2,7,3,0,96,11,5,1,33.3,40,2,1,2,1,43,7,0,0,0,1,0,0,0,0,2,2,50.0
Nicolò Rovella,it ITA,MF,Lazio,it Serie A,22.0,2001.0,33,31,2718,30.2,0,3,3,0,0,0,1.5,1.5,2.2,3.7,0.12,28,8,28.6,0.93,0.26,0.0,0.0,0.06,1862,2078,89.6,34282,8459,2.1,31,174,24,3,37,16,9,16,159,71,2.35,3,0.1,84,50,39,38,7,51.9,47,131,46,11,3,2354,91,16,18,72.0,1451,45,2,22,14,1749,42,13,0,0,43,3,0,0,0,154,11,36.7
Jon Rowe,eng ENG,"FW,MF",Marseille,fr Ligue 1,21.0,2003.0,28,6,807,9.0,3,3,6,3,0,0,3.5,3.5,4.5,8.0,0.89,36,15,41.7,4.01,1.67,0.08,0.2,0.1,233,291,80.1,3211,692,2.2,18,8,14,5,28,6,5,1,31,38,4.24,7,0.78,15,11,5,4,6,42.9,2,17,4,8,0,438,3,55,20,41.7,294,30,11,35,13,342,96,2,0,0,14,2,0,0,0,21,7,33.3
Amir Rrahmani,xk KVX,DF,Napoli,it Serie A,30.0,1994.0,38,38,3406,37.8,1,3,4,1,0,0,2.9,2.9,1.1,4.0,0.11,28,3,10.7,0.74,0.08,0.04,0.33,0.1,2531,2781,91.0,49903,17211,0.7,11,202,9,0,1,0,2,15,188,42,1.11,4,0.11,39,31,19,19,1,64.0,27,66,179,11,2,3152,268,34,4,66.7,1859,30,0,9,6,2254,2,2,0,0,42,0,0,0,1,135,124,69.3
Tommaso Rubino,it ITA,MF,Fiorentina,it Serie A,17.0,2006.0,1,0,8,0.1,0,0,0,0,0,0,0.0,0.0,0.0,0.0,0.53,0,0,,0.0,0.0,,,,1,3,33.3,22,19,0.1,1,0,0,0,0,0,1,0,1,1,11.25,0,0.0,0,0,0,0,0,0.0,0,0,0,0,0,3,0,0,0,,3,0,0,0,0,1,0,0,0,0,1,0,0,0,0,2,0,
Antonio Rüdiger,de GER,DF,Real Madrid,es La Liga,31.0,1993.0,29,26,2291,25.5,0,0,0,0,0,0,1.7,1.7,0.5,2.3,0.09,24,4,16.7,0.94,0.16,0.0,0.0,0.07,1706,1858,91.8,32076,10610,0.9,7,117,6,1,4,0,3,18,94,28,1.1,2,0.08,20,13,14,6,0,73.3,9,29,96,5,1,2069,233,23,3,42.9,1373,20,2,7,2,1584,4,3,0,0,15,3,2,1,0,102,35,59.3
Matteo Ruggeri,it ITA,DF,Atalanta,it Serie A,22.0,2002.0,30,19,1751,19.5,0,3,3,0,0,0,0.2,0.2,2.0,2.2,0.11,3,2,66.7,0.15,0.1,0.0,0.0,0.08,1107,1315,84.2,17350,4754,1.8,24,67,24,21,82,6,0,2,114,39,2.0,4,0.21,39,24,15,14,10,64.1,22,61,50,25,1,1479,50,13,6,54.5,785,60,0,13,4,973,104,2,0,0,12,0,0,0,0,124,23,60.5
Aitor Ruibal,es ESP,"DF,FW",Betis,es La Liga,28.0,1996.0,29,13,1313,14.6,1,3,4,1,0,0,0.9,0.9,2.4,3.3,0.23,16,4,25.0,1.1,0.27,0.06,0.25,0.06,495,612,80.9,7589,3113,1.9,20,36,12,6,32,2,1,1,50,36,2.46,4,0.27,32,23,22,4,6,53.2,14,46,40,14,1,790,45,33,14,51.9,398,21,7,27,16,459,64,5,0,0,10,1,0,0,0,71,7,35.0
Abel Ruiz,es ESP,FW,Girona,es La Liga,24.0,2000.0,23,17,1346,15.0,4,0,4,3,1,2,4.6,3.0,0.5,3.5,0.34,21,7,33.3,1.4,0.47,0.14,0.43,0.14,239,272,87.9,3608,480,0.7,8,14,5,0,4,0,1,1,23,17,1.14,1,0.07,6,2,2,2,2,40.0,5,11,7,5,0,391,11,59,7,35.0,225,21,10,32,18,281,71,3,0,0,7,1,0,0,0,21,9,32.1
Ferrán Ruiz,es ESP,MF,Girona,es La Liga,21.0,2003.0,1,0,18,0.2,0,0,0,0,0,0,0.0,0.0,0.0,0.0,0.0,0,0,,0.0,0.0,,,,3,6,50.0,39,15,0.0,0,0,0,0,0,0,0,0,1,0,0.0,0,0.0,0,0,0,0,0,,1,1,0,0,0,9,0,0,0,,5,0,0,1,0,4,0,0,0,0,0,0,0,0,0,1,0,0.0
Fabián Ruiz Peña,es ESP,MF,Paris S-G,fr Ligue 1,28.0,1996.0,30,21,1923,21.4,4,5,9,4,0,0,4.3,4.3,4.7,9.0,0.42,43,12,27.9,2.01,0.56,0.09,0.33,0.1,1458,1627,89.6,23743,6285,5.1,36,155,36,3,27,3,7,15,205,89,4.16,14,0.65,37,24,13,15,9,44.7,16,53,27,27,1,1807,47,62,14,70.0,1037,47,8,24,16,1430,92,1,0,0,6,0,0,0,0,135,5,38.5
Georginio Rutter,fr FRA,"MF,FW",Brighton,eng Premier League,22.0,2002.0,28,19,1656,18.4,5,3,8,5,0,0,4.6,4.6,2.5,7.1,0.39,50,12,24.0,2.72,0.65,0.1,0.42,0.09,237,355,66.8,3344,1174,1.7,19,30,16,1,9,0,12,0,67,64,3.47,8,0.43,39,15,13,18,8,38.9,10,49,13,14,2,641,20,79,27,38.0,361,42,16,45,37,411,79,2,0,0,34,9,0,1,0,66,25,35.2
Julian Ryerson,no NOR,DF,Dortmund,de Bundesliga,26.0,1997.0,29,27,2259,25.1,2,3,5,2,0,0,0.7,0.7,4.5,5.2,0.21,18,5,27.8,0.72,0.2,0.11,0.4,0.04,1234,1447,85.3,20090,5214,4.8,36,82,31,22,110,22,1,4,92,56,2.23,5,0.2,46,30,26,13,7,56.8,22,68,26,31,1,1684,39,39,36,57.1,1002,66,12,42,20,1090,136,6,1,1,31,0,0,0,0,120,10,30.3
Elias Saad,tn TUN,"FW,MF",St. Pauli,de Bundesliga,24.0,1999.0,18,10,900,10.0,3,2,5,3,0,0,2.8,2.8,0.8,3.6,0.36,26,8,30.8,2.6,0.8,0.12,0.38,0.11,182,239,76.2,2622,585,1.1,14,17,14,3,14,0,2,1,27,35,3.5,4,0.4,20,13,7,8,5,50.0,3,23,1,12,0,427,3,44,16,29.6,301,29,14,57,36,319,76,1,0,0,17,5,0,0,0,43,8,26.7
Youssouf Sabaly,sn SEN,DF,Betis,es La Liga,31.0,1993.0,22,20,1581,17.6,0,1,1,0,0,0,0.2,0.2,0.8,1.0,0.06,5,0,0.0,0.28,0.0,0.0,,0.04,862,994,86.7,11913,4253,0.9,11,49,7,5,31,0,2,3,62,19,1.08,3,0.17,40,25,21,15,4,75.0,13,53,40,20,0,1170,43,26,8,40.0,620,25,4,27,12,680,63,1,0,0,18,0,0,0,0,87,9,40.9
Emmanuel Sabbi,us USA,"FW,MF",Le Havre,fr Ligue 1,26.0,1997.0,15,7,653,7.3,0,0,0,0,0,0,1.9,1.9,0.6,2.5,0.35,15,4,26.7,2.07,0.55,0.0,0.0,0.13,91,128,71.1,1424,409,0.3,4,5,5,1,15,1,1,0,15,20,2.76,2,0.28,14,7,7,4,3,62.5,3,17,4,4,0,230,3,23,11,37.9,130,11,3,20,10,149,39,1,0,0,11,3,0,0,0,26,9,40.9
Stefano Sabelli,it ITA,DF,Genoa,it Serie A,31.0,1993.0,34,23,2058,22.9,0,2,2,0,0,0,0.1,0.1,1.9,2.1,0.09,6,1,16.7,0.26,0.04,0.0,0.0,0.02,825,1204,68.5,15435,7657,1.7,18,79,31,12,60,3,3,4,88,38,1.66,2,0.09,58,31,27,25,6,38.5,22,80,65,28,0,1428,61,10,4,30.8,641,36,1,22,4,759,43,3,0,0,25,2,0,0,0,92,16,38.1
Marcel Sabitzer,at AUT,MF,Dortmund,de Bundesliga,30.0,1994.0,26,18,1616,18.0,1,0,1,1,0,0,1.8,1.8,1.6,3.3,0.19,21,8,38.1,1.17,0.45,0.05,0.13,0.08,728,858,84.8,10980,2905,1.6,12,75,12,2,23,0,4,3,97,42,2.34,6,0.33,29,19,7,15,7,59.3,10,39,29,15,1,1028,37,31,6,40.0,577,24,3,22,12,717,70,3,0,0,12,1,0,0,0,58,17,56.7
Falaye Sacko,ml MLI,DF,Montpellier,fr Ligue 1,29.0,1995.0,16,14,1233,13.7,0,1,1,0,0,0,0.0,0.0,0.2,0.2,0.01,0,0,,0.0,0.0,,,,542,648,83.6,8853,3284,0.2,7,37,2,1,12,0,0,2,59,20,1.57,1,0.08,14,8,9,4,1,47.4,13,27,21,14,0,734,40,8,2,22.2,371,21,4,9,1,421,34,1,0,0,15,0,0,2,0,52,8,36.4
Umar Sadiq,ng NGA,FW,Valencia,es La Liga,27.0,1997.0,16,9,825,9.2,5,0,5,5,0,0,3.4,3.4,0.7,4.1,0.45,20,7,35.0,2.18,0.76,0.25,0.71,0.19,125,173,72.3,1721,228,0.4,6,4,0,0,0,0,0,3,7,15,1.64,3,0.33,10,5,3,5,2,66.7,1,11,7,5,0,301,8,41,11,44.0,175,9,3,41,24,229,49,4,0,0,29,1,0,0,0,14,23,54.8
Umar Sadiq,ng NGA,FW,Real Sociedad,es La Liga,27.0,1997.0,7,2,227,2.5,0,0,0,0,0,0,0.2,0.2,0.2,0.4,0.15,5,0,0.0,1.98,0.0,0.0,,0.04,25,48,52.1,349,77,0.1,1,2,0,0,2,0,0,0,5,3,1.19,0,0.0,2,1,1,1,0,50.0,1,3,2,2,0,85,1,16,5,55.6,49,5,3,14,6,66,18,1,0,0,8,0,0,0,0,5,9,45.0
Alexis Saelemaekers,be BEL,"DF,FW",Roma,it Serie A,25.0,1999.0,22,17,1389,15.4,7,3,10,7,0,0,2.5,2.5,2.6,5.1,0.33,25,12,48.0,1.62,0.78,0.28,0.58,0.1,630,773,81.5,9155,2444,2.0,24,35,22,7,53,6,3,5,53,55,3.57,10,0.65,33,20,22,7,4,51.4,9,42,8,20,1,945,11,47,22,42.3,582,39,14,39,14,709,136,4,0,0,13,4,2,0,0,75,8,72.7
Alexis Saelemaekers,be BEL,"DF,FW",Milan,it Serie A,25.0,1999.0,1,1,90,1.0,0,0,0,0,0,0,0.0,0.0,0.1,0.1,0.06,0,0,,0.0,0.0,,,,66,78,84.6,1070,288,0.3,2,5,1,0,10,4,0,0,4,9,9.0,0,0.0,1,1,0,0,1,100.0,1,2,0,0,0,81,0,2,0,,59,7,1,1,0,61,13,0,0,0,0,0,0,0,0,4,0,
Jorge Sáenz,es ESP,DF,Leganés,es La Liga,27.0,1996.0,23,19,1690,18.8,1,0,1,1,0,0,1.3,1.3,0.1,1.4,0.07,8,3,37.5,0.43,0.16,0.13,0.33,0.16,752,898,83.7,14899,5767,0.3,2,35,1,0,0,0,0,7,36,10,0.53,0,0.0,37,23,18,18,1,55.0,25,62,161,2,0,1181,153,12,4,57.1,579,5,0,6,1,687,2,4,1,0,30,1,0,1,1,58,41,51.9
Modibo Sagnan,ml MLI,DF,Montpellier,fr Ligue 1,25.0,1999.0,27,24,2141,23.8,2,0,2,2,0,0,0.7,0.7,0.6,1.3,0.06,11,3,27.3,0.46,0.13,0.18,0.67,0.07,857,967,88.6,17324,5954,0.5,6,45,3,0,1,0,0,12,51,15,0.66,2,0.09,57,35,38,16,3,59.1,29,86,110,7,5,1224,177,17,13,65.0,657,13,0,8,9,762,3,10,0,0,33,1,0,1,0,90,37,48.7
Richie Sagrado,be BEL,DF,Venezia,it Serie A,20.0,2004.0,3,3,140,1.6,0,0,0,0,0,0,0.1,0.1,0.0,0.1,0.03,1,0,0.0,0.64,0.0,0.0,,0.05,24,31,77.4,291,114,0.0,0,2,0,0,0,0,0,0,2,0,0.0,0,0.0,2,2,1,1,0,100.0,3,5,4,1,0,46,4,0,0,,21,0,0,3,0,24,5,1,0,0,2,0,0,0,0,6,2,100.0
Osame Sahraoui,ma MAR,"FW,MF",Lille,fr Ligue 1,23.0,2001.0,30,10,1293,14.4,3,3,6,3,0,0,2.9,2.9,3.6,6.5,0.45,23,8,34.8,1.6,0.56,0.13,0.38,0.13,515,614,83.9,7130,2046,4.3,29,47,41,3,12,1,6,0,89,67,4.66,6,0.42,13,9,4,4,5,37.5,7,20,8,23,1,804,11,67,35,44.3,535,69,23,39,23,631,159,1,0,0,8,1,0,0,0,58,0,0.0
Wesley Saïd,fr FRA,FW,Lens,fr Ligue 1,29.0,1995.0,24,11,905,10.1,3,0,3,3,0,0,3.2,3.2,1.0,4.2,0.42,17,7,41.2,1.69,0.7,0.18,0.43,0.19,193,248,77.8,2430,495,1.0,9,11,12,0,8,0,2,1,24,27,2.69,0,0.0,16,11,3,10,3,46.2,2,18,2,3,0,325,3,41,9,47.4,185,16,8,18,9,239,53,4,0,0,22,2,0,0,0,17,10,38.5
Théo Sainte-Luce,fr FRA,DF,Montpellier,fr Ligue 1,25.0,1998.0,16,11,1018,11.3,1,0,1,1,0,0,1.0,1.0,0.8,1.8,0.17,8,4,50.0,0.71,0.35,0.13,0.25,0.15,257,347,74.1,3744,1534,0.8,8,14,8,5,23,0,0,0,22,12,1.11,0,0.0,24,11,16,4,4,48.5,12,36,33,8,1,490,45,18,12,60.0,199,19,5,20,8,237,33,3,0,0,8,0,0,0,0,38,15,51.7
Bukayo Saka,eng ENG,"FW,MF",Arsenal,eng Premier League,22.0,2001.0,25,20,1729,19.2,6,10,16,5,1,1,6.8,6.0,7.6,13.7,0.75,66,22,33.3,3.44,1.15,0.08,0.23,0.09,552,731,75.5,8408,2487,7.8,58,15,38,12,117,64,4,2,70,117,6.09,23,1.2,29,15,9,11,9,54.2,3,32,8,21,0,979,6,162,41,45.6,628,96,51,34,40,711,255,3,0,0,15,4,1,0,0,70,10,33.3
Faik Sakar,de GER,MF,RB Leipzig,de Bundesliga,16.0,2008.0,1,0,1,0.0,0,0,0,0,0,0,0.0,0.0,0.0,0.0,0.0,0,0,,0.0,0.0,,,,0,0,,0,0,0.0,0,0,0,0,0,0,0,0,0,0,0.0,0,0.0,0,0,0,0,0,,0,0,0,0,0,0,0,0,0,,0,0,0,0,0,0,0,0,0,0,0,0,0,0,0,0,0,
Marco Sala,it ITA,DF,Como,it Serie A,25.0,1999.0,8,3,261,2.9,0,0,0,0,0,0,0.0,0.0,0.1,0.1,0.04,0,0,,0.0,0.0,,,,115,152,75.7,1728,523,0.2,1,8,2,1,9,0,0,1,16,6,2.07,0,0.0,9,6,5,3,1,62.5,1,10,9,5,0,173,9,1,1,50.0,113,10,1,1,1,116,16,3,0,0,5,0,0,0,0,11,1,33.3
Marco Sala,it ITA,DF,Lecce,it Serie A,25.0,1999.0,2,0,72,0.8,0,0,0,0,0,0,0.0,0.0,0.4,0.4,0.46,0,0,,0.0,0.0,,,,36,50,72.0,557,177,0.1,1,2,3,1,8,1,0,0,6,1,1.25,0,0.0,1,0,0,1,0,0.0,0,1,0,0,0,52,0,0,0,,32,5,0,0,0,37,9,0,0,0,1,0,0,0,0,1,0,0.0
Ibrahim Salah,ma MAR,FW,Brest,fr Ligue 1,22.0,2001.0,12,4,358,4.0,1,1,2,1,0,0,0.6,0.6,0.6,1.1,0.29,13,4,30.8,3.27,1.01,0.08,0.25,0.04,88,129,68.2,1255,239,0.4,6,2,2,2,15,1,0,1,7,11,2.76,2,0.5,4,2,1,1,2,16.7,2,6,0,7,0,186,0,16,9,36.0,124,15,6,12,6,138,40,0,0,0,6,0,0,0,0,20,1,25.0
Mohamed Salah,eg EGY,FW,Liverpool,eng Premier League,32.0,1992.0,38,38,3371,37.5,29,18,47,20,9,9,25.2,18.2,14.2,32.4,1.05,121,50,41.3,3.23,1.33,0.17,0.4,0.15,892,1263,70.6,13343,3919,9.1,88,53,93,15,79,0,19,3,144,169,4.51,27,0.72,21,11,7,5,9,47.1,9,30,5,62,0,1695,11,356,58,42.3,1149,154,126,116,67,1407,488,1,0,0,25,5,0,0,0,101,9,39.1
Anass Salah-Eddine,nl NED,DF,Roma,it Serie A,22.0,2002.0,3,2,152,1.7,0,1,1,0,0,0,0.3,0.3,0.1,0.5,0.27,2,1,50.0,1.18,0.59,0.0,0.0,0.16,86,103,83.5,1414,246,0.1,2,2,1,1,6,0,0,0,2,4,2.37,1,0.59,1,1,1,0,0,,1,2,2,4,2,117,3,4,0,0.0,61,8,2,2,1,86,15,0,0,0,2,0,0,0,0,6,0,0.0
Amine Salama,fr FRA,FW,Reims,fr Ligue 1,24.0,2000.0,17,2,373,4.1,0,0,0,0,0,0,0.7,0.7,0.3,1.0,0.25,9,3,33.3,2.17,0.72,0.0,0.0,0.08,62,82,75.6,976,197,0.2,5,5,2,0,4,0,0,2,9,8,1.93,0,0.0,3,2,0,2,1,0.0,1,4,0,4,0,132,1,22,7,41.2,81,12,5,18,9,96,28,0,0,0,2,0,0,0,0,11,2,40.0
Jan Salas,es ESP,"MF,FW",Mallorca,es La Liga,18.0,2005.0,4,0,43,0.5,0,0,0,0,0,0,0.1,0.1,0.0,0.1,0.12,2,0,0.0,4.19,0.0,0.0,,0.03,20,26,76.9,275,70,0.1,0,4,1,0,1,0,0,0,4,1,2.09,0,0.0,3,1,2,1,0,100.0,0,3,0,0,0,32,1,0,0,,13,1,0,1,0,21,4,0,0,0,0,0,0,0,0,2,1,100.0
Kike Salas,es ESP,DF,Sevilla,es La Liga,22.0,2002.0,31,25,2238,24.9,3,2,5,3,0,0,1.9,1.9,0.6,2.5,0.1,23,6,26.1,0.92,0.24,0.13,0.5,0.08,1109,1412,78.5,21141,7603,0.9,6,69,3,1,9,0,1,13,59,17,0.68,4,0.16,47,28,24,16,7,58.7,32,79,146,16,0,1710,177,27,3,60.0,717,7,0,11,2,1022,18,6,0,0,21,0,0,0,0,95,77,70.0
Manolis Saliakas,gr GRE,"MF,DF",St. Pauli,de Bundesliga,27.0,1996.0,30,26,2314,25.7,2,1,3,2,0,0,1.5,1.5,2.6,4.1,0.16,29,6,20.7,1.13,0.23,0.07,0.33,0.05,958,1334,71.8,17972,7070,2.9,26,77,31,14,82,7,2,15,93,59,2.29,5,0.19,46,22,24,18,4,51.0,20,66,62,29,0,1560,73,30,3,33.3,653,28,2,6,6,876,80,4,0,0,16,3,1,0,0,84,14,56.0
William Saliba,fr FRA,DF,Arsenal,eng Premier League,23.0,2001.0,35,35,3039,33.8,2,0,2,2,0,0,2.3,2.3,0.9,3.1,0.09,6,2,33.3,0.18,0.06,0.33,1.0,0.38,2413,2559,94.3,41458,12540,1.3,7,180,6,0,3,0,1,10,138,27,0.8,1,0.03,62,37,37,23,2,75.0,21,83,119,4,7,2824,190,18,12,63.2,1756,16,1,19,8,2137,6,2,1,0,28,0,0,1,0,154,61,62.9
Mohammed Salisu,gh GHA,DF,Monaco,fr Ligue 1,25.0,1999.0,15,11,1023,11.4,1,0,1,1,0,0,0.8,0.8,0.1,0.8,0.07,8,4,50.0,0.7,0.35,0.13,0.25,0.1,662,775,85.4,11709,5228,0.2,3,51,2,0,0,0,0,3,68,14,1.23,1,0.09,28,18,16,11,1,81.3,16,44,54,7,2,905,106,14,0,0.0,545,8,0,6,1,596,3,2,0,0,9,0,0,0,0,55,35,66.0
Roland Sallai,hu HUN,"FW,MF",Freiburg,de Bundesliga,27.0,1997.0,2,0,46,0.5,0,0,0,0,0,0,0.1,0.1,0.1,0.2,0.41,3,1,33.3,5.87,1.96,0.0,0.0,0.04,11,17,64.7,218,78,0.0,1,2,0,0,4,2,0,0,3,3,5.87,0,0.0,2,1,1,1,0,,1,3,0,0,0,25,0,2,0,0.0,16,4,2,1,1,18,2,0,0,0,0,0,0,0,0,0,0,0.0
Yoann Salmier,gf GUF,DF,Le Havre,fr Ligue 1,31.0,1992.0,13,9,797,8.9,0,0,0,0,0,0,0.8,0.8,0.2,1.1,0.12,5,2,40.0,0.56,0.23,0.0,0.0,0.17,283,346,81.8,5596,1997,0.2,2,20,1,0,1,0,1,4,24,3,0.34,1,0.11,14,7,9,4,1,76.9,10,24,59,4,0,462,74,9,4,80.0,205,7,0,4,0,236,1,3,0,0,8,0,0,1,0,22,20,64.5
Lazar Samardzic,rs SRB,MF,Atalanta,it Serie A,22.0,2002.0,31,7,1169,13.0,2,1,3,2,0,0,2.0,2.0,2.9,4.9,0.37,33,12,36.4,2.54,0.92,0.06,0.17,0.06,539,692,77.9,9402,2297,4.0,35,60,30,3,60,37,6,15,92,77,5.93,6,0.46,21,15,5,7,9,48.0,2,23,6,8,0,867,6,54,27,45.0,573,54,21,36,19,658,99,3,0,0,19,0,0,0,0,50,4,14.8
Diadie Samassékou,ml MLI,MF,Hoffenheim,de Bundesliga,28.0,1996.0,8,6,290,3.2,0,0,0,0,0,0,0.1,0.1,0.0,0.1,0.02,3,1,33.3,0.93,0.31,0.0,0.0,0.02,144,156,92.3,2024,473,0.1,0,15,2,0,0,0,0,0,11,4,1.24,0,0.0,5,5,1,2,2,50.0,5,10,5,1,0,190,8,1,4,80.0,92,3,0,1,3,122,2,0,0,0,5,1,0,0,0,18,3,33.3
Mama Samba Baldé,gw GNB,FW,Lyon,fr Ligue 1,28.0,1995.0,2,0,33,0.4,0,0,0,0,0,0,0.1,0.1,0.0,0.1,0.31,1,0,0.0,2.73,0.0,0.0,,0.11,4,6,66.7,37,22,0.0,0,1,0,0,0,0,0,0,1,1,2.73,0,0.0,2,2,0,2,0,,1,3,1,0,0,15,1,2,0,0.0,7,1,0,1,1,9,2,0,0,0,1,0,0,0,0,1,1,100.0
Mama Samba Baldé,gw GNB,FW,Brest,fr Ligue 1,28.0,1995.0,27,12,1149,12.8,2,3,5,2,0,0,3.0,3.0,2.1,5.1,0.4,29,8,27.6,2.27,0.63,0.07,0.25,0.1,183,253,72.3,2828,595,1.3,16,13,5,2,10,0,1,3,22,42,3.29,5,0.39,13,9,4,4,5,21.4,6,19,14,11,0,434,13,62,17,30.9,257,35,23,37,19,311,100,4,0,0,19,5,0,0,0,37,35,41.7
Albert Sambi Lokonga,be BEL,MF,Sevilla,es La Liga,24.0,1999.0,22,16,1471,16.3,0,2,2,0,0,0,0.9,0.9,1.0,1.9,0.12,13,5,38.5,0.8,0.31,0.0,0.0,0.07,799,894,89.4,13113,3894,0.9,19,81,8,0,2,0,5,10,93,35,2.14,3,0.18,22,15,10,9,3,71.4,9,31,24,5,3,1018,42,17,4,40.0,533,24,1,19,13,746,20,4,0,0,22,0,0,0,0,69,28,66.7
Junior Sambia,fr FRA,"DF,FW",Empoli,it Serie A,27.0,1996.0,17,2,387,4.3,0,0,0,0,0,0,0.4,0.4,0.3,0.7,0.16,10,1,10.0,2.33,0.23,0.0,0.0,0.04,124,182,68.1,2254,916,0.3,6,14,9,7,28,7,1,2,21,11,2.56,0,0.0,14,10,3,6,5,100.0,2,16,5,4,0,244,5,8,7,36.8,105,5,1,8,6,113,20,0,0,0,6,0,0,0,0,18,7,50.0
Chuky san jose,es ESP,MF,Valladolid,es La Liga,20.0,2004.0,18,9,728,8.1,2,0,2,2,0,0,2.2,2.2,1.2,3.4,0.42,16,7,43.8,1.98,0.87,0.13,0.29,0.14,112,163,68.7,1897,530,1.5,8,10,5,3,24,9,0,1,15,15,1.86,2,0.25,8,2,3,3,2,22.2,0,8,4,9,0,232,5,12,4,44.4,107,6,1,14,5,145,27,1,0,0,3,2,0,0,0,20,2,16.7
Antonio Sanabria,py PAR,FW,Torino,it Serie A,28.0,1996.0,26,16,1318,14.6,2,1,3,2,0,1,2.9,2.1,0.5,2.6,0.23,18,4,22.2,1.23,0.27,0.11,0.5,0.12,210,268,78.4,2844,451,0.7,9,13,3,0,0,0,2,1,18,21,1.44,3,0.21,3,3,1,1,1,25.0,1,4,13,2,0,377,16,34,6,54.5,227,6,1,32,23,301,54,2,0,0,16,3,1,0,0,24,26,31.0
Oihan Sancet,es ESP,MF,Athletic Club,es La Liga,24.0,2000.0,29,19,1620,18.0,15,1,16,12,3,3,9.7,7.3,1.9,9.2,0.64,47,17,36.2,2.61,0.94,0.26,0.71,0.16,461,569,81.0,6927,1632,1.5,21,66,15,1,18,0,5,4,90,50,2.77,8,0.44,13,8,6,6,1,35.7,5,18,6,14,0,767,9,68,24,48.0,464,52,8,56,45,610,115,2,0,0,16,3,0,0,0,77,12,48.0
Alexis Sánchez,cl CHI,FW,Udinese,it Serie A,35.0,1988.0,13,6,437,4.9,0,0,0,0,0,0,0.8,0.8,0.2,1.0,0.2,7,0,0.0,1.44,0.0,0.0,,0.12,125,163,76.7,1951,551,0.3,3,11,5,0,8,6,1,2,19,18,3.71,0,0.0,3,1,0,2,1,14.3,4,7,1,4,1,211,3,14,4,57.1,121,2,0,17,8,161,19,0,0,0,4,2,0,0,0,17,2,14.3
Antonio Sánchez,es ESP,"MF,DF",Mallorca,es La Liga,27.0,1997.0,33,12,1395,15.5,0,0,0,0,0,0,1.1,1.1,0.6,1.7,0.11,17,2,11.8,1.1,0.13,0.0,0.0,0.06,391,537,72.8,6493,1870,1.0,5,36,8,4,33,3,1,2,38,18,1.16,0,0.0,28,16,16,8,4,38.9,18,46,36,13,1,729,35,20,14,56.0,367,18,7,26,7,404,53,3,0,0,24,1,0,0,0,77,6,27.3
Iván Sánchez,es ESP,"MF,FW",Valladolid,es La Liga,31.0,1992.0,32,11,1404,15.6,2,1,3,2,0,0,0.7,0.7,2.9,3.5,0.23,15,5,33.3,0.96,0.32,0.13,0.4,0.04,422,591,71.4,7754,2475,2.9,24,52,23,15,114,25,2,13,77,64,4.11,5,0.32,37,20,18,10,9,44.4,14,51,10,15,0,755,12,22,28,57.1,467,60,11,24,21,520,93,4,0,0,15,5,0,0,0,59,11,50.0
Javi Sánchez,es ESP,DF,Valladolid,es La Liga,27.0,1997.0,25,25,2026,22.5,2,0,2,2,0,0,0.5,0.5,0.3,0.8,0.03,11,5,45.5,0.49,0.22,0.18,0.4,0.04,1015,1163,87.3,20366,7564,0.4,6,42,1,0,0,0,0,11,34,14,0.62,2,0.09,26,16,19,6,1,65.4,22,48,111,6,3,1387,228,11,2,100.0,720,4,0,8,1,968,4,6,0,0,19,0,0,2,0,57,34,52.3
Juanlu Sánchez,es ESP,"MF,DF",Sevilla,es La Liga,20.0,2003.0,32,18,1722,19.1,4,4,8,4,0,0,2.1,2.1,2.8,5.0,0.26,13,6,46.2,0.68,0.31,0.31,0.67,0.17,568,697,81.5,8314,2421,1.7,24,51,14,5,40,0,0,2,68,40,2.09,5,0.26,50,34,28,15,7,59.3,17,67,19,31,0,884,22,31,11,39.3,427,44,8,24,12,558,83,6,1,1,18,0,0,0,0,66,19,50.0
Manu Sánchez,es ESP,DF,Alavés,es La Liga,23.0,2000.0,33,30,2634,29.3,1,0,1,1,0,0,1.7,1.7,1.2,2.9,0.1,12,2,16.7,0.41,0.07,0.08,0.5,0.15,807,1117,72.2,12801,4914,1.3,16,53,21,13,78,4,1,3,78,40,1.37,3,0.1,83,56,40,33,10,59.4,30,113,76,43,1,1477,71,29,8,21.6,562,47,5,39,20,627,97,6,1,0,56,2,0,1,1,105,8,20.0
Jadon Sancho,eng ENG,FW,Chelsea,eng Premier League,24.0,2000.0,31,19,1764,19.6,3,4,7,3,0,0,2.2,2.2,3.7,5.8,0.3,24,8,33.3,1.22,0.41,0.13,0.38,0.09,663,803,82.6,8932,2093,3.1,38,28,48,0,25,1,7,1,90,70,3.57,10,0.51,13,7,3,3,7,41.7,2,15,8,24,2,975,13,121,45,46.4,653,102,57,30,21,760,225,2,0,0,6,3,2,0,0,99,6,35.3
Philipp Sander,de GER,MF,Gladbach,de Bundesliga,26.0,1998.0,27,16,1400,15.6,1,0,1,1,0,0,1.2,1.2,0.6,1.8,0.12,18,7,38.9,1.16,0.45,0.06,0.14,0.07,610,754,80.9,9432,2395,1.0,13,50,7,4,22,7,4,2,60,28,1.8,1,0.06,33,17,16,15,2,43.5,23,56,44,15,3,921,53,17,11,61.1,473,16,5,16,7,575,29,2,0,0,16,0,0,0,0,82,32,62.7
James Sands,us USA,"MF,DF",St. Pauli,de Bundesliga,24.0,2000.0,7,5,453,5.0,0,0,0,0,0,0,0.1,0.1,0.0,0.1,0.01,1,0,0.0,0.2,0.0,0.0,,0.05,155,204,76.0,2286,644,0.1,1,8,3,0,2,0,0,2,16,7,1.39,0,0.0,15,6,5,8,2,100.0,5,20,8,5,0,259,12,6,1,100.0,119,0,0,3,3,152,6,1,0,0,11,0,0,0,0,21,17,68.0
Leroy Sané,de GER,FW,Bayern Munich,de Bundesliga,28.0,1996.0,30,17,1637,18.2,11,5,16,11,0,0,10.2,10.2,5.5,15.8,0.87,67,29,43.3,3.68,1.59,0.16,0.38,0.15,750,909,82.5,10629,1878,6.1,36,24,35,7,51,15,5,2,64,76,4.18,9,0.49,23,15,4,8,11,52.2,7,30,3,28,0,1184,8,121,39,39.0,787,75,38,65,27,953,266,2,0,0,16,5,1,0,0,82,7,53.8
Arouna Sangante,sn SEN,DF,Le Havre,fr Ligue 1,22.0,2002.0,16,16,1244,13.8,3,0,3,3,0,0,1.0,1.0,0.1,1.1,0.08,7,4,57.1,0.51,0.29,0.43,0.75,0.14,693,796,87.1,13010,4432,0.1,3,47,3,1,2,0,0,1,48,12,0.87,0,0.0,25,16,11,14,0,58.8,21,46,65,3,3,949,95,15,5,83.3,546,11,0,12,7,625,3,4,1,0,22,0,0,0,0,53,33,60.0
Ibrahim Sangaré,ci CIV,MF,Nott'ham Forest,eng Premier League,26.0,1997.0,13,7,590,6.6,0,1,1,0,0,0,0.0,0.0,0.4,0.4,0.06,1,1,100.0,0.15,0.15,0.0,0.0,0.02,276,323,85.4,4521,1475,0.2,4,28,4,1,2,0,1,2,27,8,1.22,0,0.0,28,14,8,17,3,47.1,6,34,13,9,1,407,26,7,0,0.0,171,1,0,5,4,236,4,3,0,0,15,0,0,0,0,42,10,50.0
Nhoa Sangui,fr FRA,"DF,MF",Reims,fr Ligue 1,18.0,2006.0,26,10,1158,12.9,0,2,2,0,0,0,0.1,0.1,0.5,0.6,0.05,3,0,0.0,0.23,0.0,0.0,,0.03,510,608,83.9,7468,2154,0.5,5,42,4,2,16,0,0,3,45,18,1.4,5,0.39,16,9,6,6,4,75.0,8,24,23,15,0,708,30,9,10,52.6,362,21,3,17,15,440,53,3,0,0,9,0,0,0,0,64,6,33.3
Maroan Sannadi,ma MAR,FW,Athletic Club,es La Liga,23.0,2001.0,16,7,754,8.4,1,1,2,1,0,0,3.5,3.5,0.6,4.1,0.48,19,7,36.8,2.27,0.84,0.05,0.14,0.18,115,159,72.3,1558,325,0.7,7,13,8,0,6,0,1,0,15,16,1.91,2,0.24,5,0,1,4,0,28.6,1,6,2,9,1,282,2,44,14,46.7,198,21,9,41,18,237,67,0,0,0,20,2,1,0,0,24,14,45.2
Kaishu Sano,jp JPN,MF,Mainz 05,de Bundesliga,23.0,2000.0,34,34,3043,33.8,0,0,0,0,0,0,0.9,0.9,1.2,2.1,0.06,20,2,10.0,0.59,0.06,0.0,0.0,0.04,1153,1439,80.1,18623,5611,2.0,19,133,19,1,11,0,0,7,159,62,1.83,5,0.15,61,36,22,31,8,48.1,65,126,56,26,1,1814,68,39,32,62.7,894,53,9,39,31,1027,46,3,0,0,16,4,0,0,0,190,83,52.9
Morgan Sanson,fr FRA,MF,Nice,fr Ligue 1,29.0,1994.0,6,3,235,2.6,3,0,3,3,0,0,1.5,1.5,0.1,1.6,0.6,9,4,44.4,3.45,1.53,0.33,0.75,0.17,83,106,78.3,1450,365,0.1,1,7,3,1,4,0,1,2,13,6,2.29,0,0.0,6,3,2,4,0,33.3,4,10,2,2,0,145,2,9,2,40.0,89,5,1,8,2,106,17,0,0,0,3,0,0,0,0,10,1,33.3
Nicola Sansone,it ITA,"MF,FW",Lecce,it Serie A,32.0,1991.0,5,0,65,0.7,0,0,0,0,0,0,0.2,0.2,0.0,0.3,0.36,3,1,33.3,4.15,1.38,0.0,0.0,0.07,18,22,81.8,294,98,0.1,1,2,0,0,4,3,0,0,1,5,6.92,0,0.0,0,0,0,0,0,,0,0,0,0,0,29,1,3,0,0.0,20,0,0,1,1,20,5,1,0,0,0,1,0,0,0,1,0,0.0
Baptiste Santamaria,fr FRA,MF,Nice,fr Ligue 1,29.0,1995.0,13,11,927,10.3,0,0,0,0,0,0,0.9,0.9,1.0,1.9,0.18,16,3,18.8,1.55,0.29,0.0,0.0,0.06,389,471,82.6,6339,1799,0.3,9,40,4,0,3,1,3,4,45,21,2.04,1,0.1,20,10,10,7,3,59.1,18,38,19,9,1,589,25,14,8,61.5,277,10,0,15,7,394,11,1,0,0,16,1,0,1,0,49,24,64.9
Baptiste Santamaria,fr FRA,MF,Rennes,fr Ligue 1,29.0,1995.0,10,5,482,5.4,0,1,1,0,0,0,0.1,0.1,0.3,0.4,0.07,4,1,25.0,0.75,0.19,0.0,0.0,0.03,254,308,82.5,4350,1435,0.3,4,32,4,0,4,0,1,2,28,10,1.87,2,0.37,11,4,7,3,1,54.5,12,23,7,9,0,377,12,4,1,20.0,198,3,0,12,5,256,9,1,0,0,5,1,1,0,1,34,13,50.0
Jesús Santiago,es ESP,MF,Getafe,es La Liga,20.0,2004.0,19,4,372,4.1,0,0,0,0,0,0,0.0,0.0,0.0,0.0,0.01,1,0,0.0,0.24,0.0,0.0,,0.02,99,136,72.8,1514,475,0.2,0,10,0,0,3,0,0,0,16,6,1.45,0,0.0,14,8,6,8,0,50.0,1,15,3,3,0,184,7,4,1,14.3,97,4,0,8,0,97,4,5,0,0,14,2,0,0,0,21,1,16.7
Andrey Santos,br BRA,MF,Strasbourg,fr Ligue 1,20.0,2004.0,32,32,2855,31.7,10,3,13,10,0,0,5.1,5.1,3.3,8.4,0.27,46,16,34.8,1.45,0.5,0.22,0.63,0.11,1401,1588,88.2,23008,7859,2.0,27,141,15,0,0,0,8,1,149,56,1.77,6,0.19,110,74,47,51,12,58.6,32,142,67,23,1,1983,108,36,18,48.6,1015,29,3,44,11,1276,26,8,0,0,29,2,1,1,0,188,37,60.7
Tiago Santos,pt POR,DF,Lille,fr Ligue 1,22.0,2002.0,7,4,404,4.5,0,0,0,0,0,0,0.4,0.4,0.6,1.0,0.22,8,4,50.0,1.78,0.89,0.0,0.0,0.05,175,223,78.5,2807,603,0.8,5,15,8,4,19,0,0,0,17,16,3.56,3,0.67,12,7,4,5,3,66.7,2,14,4,6,0,285,6,21,12,57.1,191,24,4,13,3,206,43,1,0,0,6,1,1,0,0,15,6,60.0
Pablo Sarabia,es ESP,"MF,FW",Wolves,eng Premier League,32.0,1992.0,23,7,814,9.0,3,2,5,3,0,0,2.9,2.9,1.8,4.6,0.51,17,8,47.1,1.88,0.88,0.18,0.38,0.17,308,445,69.2,5160,1909,1.9,15,39,20,3,47,24,5,2,60,28,3.1,5,0.55,16,8,4,8,4,62.5,4,20,7,19,1,552,4,24,6,40.0,325,15,0,22,14,387,62,3,0,0,16,0,0,0,0,34,5,26.3
Jeremy Sarmiento,ec ECU,MF,Brighton,eng Premier League,22.0,2002.0,1,0,9,0.1,0,0,0,0,0,0,0.0,0.0,0.0,0.0,0.0,0,0,,0.0,0.0,,,,6,6,100.0,74,1,0.0,0,0,0,0,0,0,0,0,0,0,0.0,0,0.0,0,0,0,0,0,,0,0,0,0,0,8,0,0,0,,6,0,0,1,0,7,2,0,0,0,0,0,0,0,0,1,0,
Amin Sarr,se SWE,FW,Hellas Verona,it Serie A,23.0,2001.0,32,25,1907,21.2,4,1,5,4,0,0,3.2,3.2,2.1,5.4,0.25,23,7,30.4,1.09,0.33,0.17,0.57,0.15,322,460,70.0,4253,808,1.0,22,26,16,2,7,0,1,1,41,45,2.13,4,0.19,22,12,3,8,11,50.0,3,25,14,16,0,681,21,58,14,42.4,345,31,11,57,26,495,103,1,0,0,47,2,0,1,0,42,65,41.7
Ismaila Sarr,sn SEN,MF,Crystal Palace,eng Premier League,26.0,1998.0,38,30,2711,30.1,8,6,14,8,0,0,10.7,10.7,8.5,19.2,0.64,59,29,49.2,1.96,0.96,0.14,0.28,0.19,490,742,66.0,7257,2202,6.7,44,28,42,9,55,0,13,1,85,110,3.65,12,0.4,22,10,10,9,3,32.0,9,31,40,26,0,1091,48,135,17,27.9,607,75,28,70,43,739,183,4,0,0,14,14,1,0,0,113,37,41.6
Malang Sarr,fr FRA,DF,Lens,fr Ligue 1,25.0,1999.0,21,15,1385,15.4,0,0,0,0,0,0,0.3,0.3,0.3,0.6,0.04,6,1,16.7,0.39,0.06,0.0,0.0,0.04,854,955,89.4,17516,5632,0.6,5,62,2,0,1,0,1,8,54,21,1.36,2,0.13,21,13,12,6,3,59.3,22,43,63,11,3,1105,111,9,2,50.0,665,4,1,4,4,754,1,0,0,0,13,0,0,3,0,69,18,78.3
Mamadou Sarr,fr FRA,DF,Strasbourg,fr Ligue 1,18.0,2005.0,27,27,2365,26.3,0,1,1,0,0,0,0.8,0.8,0.3,1.1,0.04,5,0,0.0,0.19,0.0,0.0,,0.16,1593,1699,93.8,29195,9910,0.3,5,60,1,1,1,0,0,2,52,12,0.46,2,0.08,37,21,24,11,2,66.7,25,62,117,13,3,1953,247,12,10,52.6,1241,7,1,16,10,1464,1,4,0,0,29,0,0,1,0,98,30,50.8
Martin Satriano,uy URU,"FW,DF",Lens,fr Ligue 1,23.0,2001.0,7,0,88,1.0,0,0,0,0,0,0,0.4,0.4,0.1,0.5,0.5,5,0,0.0,5.11,0.0,0.0,,0.07,18,30,60.0,218,72,0.1,2,0,0,0,1,0,0,0,2,2,2.02,0,0.0,3,1,1,1,1,100.0,0,3,2,2,0,52,1,11,1,50.0,24,2,1,5,2,35,14,0,0,0,4,0,0,0,0,6,5,50.0
Téji Savanier,fr FRA,MF,Montpellier,fr Ligue 1,32.0,1991.0,31,27,2363,26.3,2,5,7,0,2,2,3.8,2.3,6.9,9.1,0.42,45,14,31.1,1.71,0.53,0.0,0.0,0.05,1031,1481,69.6,22715,7412,7.2,67,165,31,12,199,112,13,49,183,122,4.83,7,0.28,29,25,7,16,6,41.9,15,44,21,27,4,1748,23,35,27,40.3,909,26,4,46,31,1131,108,4,1,0,22,7,0,0,0,117,18,43.9
Sávio,br BRA,"FW,MF",Manchester City,eng Premier League,20.0,2004.0,29,21,1766,19.6,1,8,9,1,0,0,5.0,5.0,6.9,11.9,0.61,55,21,38.2,2.8,1.07,0.02,0.05,0.09,692,856,80.8,10296,1727,6.1,46,19,47,8,84,18,5,7,67,111,5.66,15,0.76,23,17,5,10,8,52.6,6,29,9,33,1,1095,14,154,52,46.0,783,137,75,42,38,852,246,3,0,0,17,7,2,0,0,79,1,33.3
Nicolò Savona,it ITA,DF,Juventus,it Serie A,21.0,2003.0,28,19,1724,19.2,2,1,3,2,0,0,0.5,0.5,1.2,1.7,0.09,6,4,66.7,0.31,0.21,0.33,0.5,0.08,982,1097,89.5,16461,4872,0.9,16,62,12,9,34,0,0,2,59,29,1.51,2,0.1,29,13,19,9,1,52.0,11,40,38,14,0,1227,60,15,6,54.5,778,35,0,9,4,869,44,5,0,0,13,0,0,0,0,72,9,33.3
Saba Sazonov,ge GEO,DF,Torino,it Serie A,22.0,2002.0,1,0,3,0.0,0,0,0,0,0,0,0.0,0.0,0.0,0.0,0.0,0,0,,0.0,0.0,,,,0,0,,0,0,0.0,0,0,0,0,0,0,0,0,0,0,0.0,0,0.0,0,0,0,0,0,,0,0,0,0,0,1,1,0,0,,0,0,0,0,0,0,0,0,0,0,0,0,0,0,0,0,0,
Joe Scally,us USA,DF,Gladbach,de Bundesliga,21.0,2002.0,32,30,2578,28.6,0,0,0,0,0,0,0.4,0.4,1.1,1.5,0.05,6,1,16.7,0.21,0.03,0.0,0.0,0.06,1300,1559,83.4,21091,6630,1.3,11,60,15,7,50,0,5,10,68,28,0.98,2,0.07,45,32,25,18,2,58.7,16,61,86,34,2,1850,107,22,31,52.5,980,52,3,25,23,1163,69,6,0,0,23,1,0,1,0,97,24,46.2
Giorgio Scalvini,it ITA,DF,Atalanta,it Serie A,20.0,2003.0,6,4,272,3.0,0,0,0,0,0,0,0.1,0.1,0.0,0.1,0.05,4,0,0.0,1.32,0.0,0.0,,0.04,165,195,84.6,2779,1088,0.1,0,14,2,0,0,0,1,2,20,1,0.33,0,0.0,8,4,5,3,0,55.6,4,12,7,3,0,228,11,4,5,71.4,158,5,0,2,0,171,7,2,0,0,7,0,0,0,0,13,8,57.1
Gianluca Scamacca,it ITA,FW,Atalanta,it Serie A,25.0,1999.0,1,0,6,0.1,0,0,0,0,0,0,0.1,0.1,0.0,0.1,1.29,1,1,100.0,15.0,15.0,0.0,0.0,0.09,1,1,100.0,8,0,0.0,0,0,0,0,0,0,0,0,0,0,0.0,0,0.0,0,0,0,0,0,,0,0,0,0,0,2,0,1,0,,2,0,0,0,0,2,0,0,0,0,0,0,0,0,0,0,0,
Oliver Scarles,eng ENG,"DF,FW",West Ham,eng Premier League,18.0,2005.0,15,7,665,7.4,0,0,0,0,0,0,0.1,0.1,0.1,0.2,0.03,3,0,0.0,0.41,0.0,0.0,,0.04,293,372,78.8,4388,1151,0.1,2,10,5,1,15,0,1,1,22,6,0.81,0,0.0,21,11,17,3,1,63.6,11,32,26,5,0,466,32,9,2,28.6,219,12,2,12,3,272,44,1,0,0,5,0,0,0,0,34,6,50.0
Dane Scarlett,eng ENG,"FW,MF",Tottenham,eng Premier League,20.0,2004.0,3,0,34,0.4,0,1,1,0,0,0,0.0,0.0,0.0,0.1,0.22,1,1,100.0,2.65,2.65,0.0,0.0,0.04,3,5,60.0,37,20,0.0,1,0,0,0,0,0,0,0,1,1,2.65,1,2.65,1,0,0,1,0,,0,1,1,1,0,9,1,1,0,,5,1,0,0,1,4,1,0,0,0,0,0,0,0,0,3,1,100.0
Kevin Schade,de GER,FW,Brentford,eng Premier League,22.0,2001.0,38,26,2293,25.5,11,2,13,11,0,0,8.2,8.2,3.7,11.9,0.47,55,27,49.1,2.16,1.06,0.2,0.41,0.15,323,541,59.7,4930,1389,1.8,23,32,11,3,38,0,1,4,38,57,2.24,9,0.35,39,25,17,10,12,56.5,5,44,34,20,0,883,43,146,30,33.7,434,61,38,60,36,543,165,3,0,0,21,5,1,0,0,83,90,52.9
András Schäfer,hu HUN,MF,Union Berlin,de Bundesliga,25.0,1999.0,26,17,1534,17.0,1,1,2,1,0,0,0.6,0.6,0.9,1.5,0.09,12,1,8.3,0.7,0.06,0.08,1.0,0.05,414,563,73.5,5736,1421,1.3,10,30,12,2,17,3,0,1,55,29,1.7,3,0.18,52,26,23,24,5,61.0,22,74,36,19,0,799,39,20,13,44.8,362,23,4,27,9,400,42,3,0,0,27,5,0,0,0,72,28,59.6
Fabian Schär,ch SUI,DF,Newcastle Utd,eng Premier League,32.0,1991.0,34,33,2934,32.6,4,0,4,4,0,0,3.7,3.7,0.4,4.1,0.13,40,11,27.5,1.23,0.34,0.1,0.36,0.09,1654,1977,83.7,33173,12752,1.0,5,161,13,0,13,0,4,31,118,37,1.13,4,0.12,36,21,16,18,2,40.0,45,81,138,8,3,2319,266,42,8,61.5,1438,18,2,12,6,1609,22,9,1,0,35,2,0,0,0,134,56,44.1
Patrik Schick,cz CZE,FW,Leverkusen,de Bundesliga,28.0,1996.0,31,19,1684,18.7,21,0,21,20,1,1,12.7,11.9,0.6,12.5,0.71,68,32,47.1,3.63,1.71,0.29,0.63,0.17,287,368,78.0,3565,473,0.9,11,11,6,0,1,0,0,0,21,34,1.82,3,0.16,6,5,1,3,2,20.0,4,10,17,9,1,578,16,108,10,38.5,312,7,7,43,30,452,107,4,0,0,24,5,1,0,0,29,45,45.0
Stefan Schimmer,de GER,"FW,MF",Heidenheim,de Bundesliga,30.0,1994.0,13,0,247,2.7,0,0,0,0,0,0,1.1,1.1,0.3,1.3,0.48,10,2,20.0,3.64,0.73,0.0,0.0,0.11,32,53,60.4,526,90,0.3,4,0,2,1,3,0,0,0,3,4,1.45,0,0.0,2,0,1,1,0,50.0,0,2,4,4,0,84,5,15,0,0.0,38,0,0,5,0,48,15,1,0,0,2,1,0,0,0,9,3,16.7
Joël Schingtienne,be BEL,DF,Venezia,it Serie A,21.0,2002.0,16,12,1122,12.5,0,0,0,0,0,0,0.0,0.0,0.1,0.1,0.01,0,0,,0.0,0.0,,,,420,487,86.2,6496,2235,0.1,3,16,2,0,0,0,0,0,28,10,0.8,0,0.0,27,16,18,7,2,63.2,14,41,25,4,5,611,48,4,5,55.6,299,5,0,16,5,320,4,2,0,0,7,0,0,1,0,49,4,22.2
Xaver Schlager,at AUT,MF,RB Leipzig,de Bundesliga,26.0,1997.0,4,2,181,2.0,0,0,0,0,0,0,0.1,0.1,0.7,0.8,0.38,1,0,0.0,0.5,0.0,0.0,,0.06,85,98,86.7,1392,408,0.4,1,6,1,0,1,0,1,1,6,2,0.99,0,0.0,4,2,2,1,1,42.9,0,4,3,0,0,123,5,1,1,100.0,56,5,0,3,2,89,2,1,0,0,4,0,0,0,0,8,0,0.0
Keven Schlotterbeck,de GER,DF,Augsburg,de Bundesliga,27.0,1997.0,18,15,1297,14.4,3,1,4,3,0,0,0.8,0.8,0.6,1.4,0.1,12,4,33.3,0.83,0.28,0.25,0.75,0.06,577,683,84.5,11012,4463,0.5,7,40,3,1,3,0,2,5,59,24,1.67,2,0.14,19,17,9,9,1,75.0,15,34,73,3,1,845,101,19,3,100.0,424,3,0,8,0,510,2,4,1,1,10,0,0,2,0,55,40,69.0
Nico Schlotterbeck,de GER,DF,Dortmund,de Bundesliga,24.0,1999.0,23,23,1982,22.0,0,4,4,0,0,0,1.3,1.3,2.1,3.4,0.15,17,4,23.5,0.77,0.18,0.0,0.0,0.08,1856,2080,89.2,35474,13457,2.1,18,226,10,2,14,5,3,21,195,50,2.27,6,0.27,38,24,21,16,1,60.0,22,60,79,22,1,2297,193,21,14,63.6,1467,37,1,12,10,1674,14,7,2,1,18,1,0,1,0,157,52,65.8
Jeffrey Schlupp,gh GHA,"MF,DF",Crystal Palace,eng Premier League,31.0,1992.0,12,0,103,1.1,0,0,0,0,0,0,0.2,0.2,0.2,0.3,0.28,4,2,50.0,3.5,1.75,0.0,0.0,0.04,39,50,78.0,591,144,0.1,3,4,2,0,4,0,0,0,5,7,6.06,0,0.0,2,0,1,0,1,0.0,0,2,2,0,0,79,2,6,1,100.0,30,4,1,7,0,41,9,0,0,0,1,0,0,0,0,6,3,42.9
Romano Schmid,at AUT,MF,Werder Bremen,de Bundesliga,24.0,2000.0,32,32,2834,31.5,5,4,9,4,1,1,4.3,3.5,6.2,9.7,0.33,47,13,27.7,1.49,0.41,0.09,0.31,0.07,1239,1663,74.5,20032,7214,8.8,68,170,90,24,145,40,20,7,279,151,4.8,13,0.41,43,25,10,22,11,47.1,11,54,9,39,2,1988,25,104,45,47.4,1315,107,28,75,55,1502,201,4,0,0,28,7,1,0,0,167,23,45.1
Niklas Schmidt,de GER,MF,Toulouse,fr Ligue 1,26.0,1998.0,9,2,205,2.3,0,1,1,0,0,0,0.1,0.1,0.7,0.8,0.34,3,1,33.3,1.32,0.44,0.0,0.0,0.03,142,180,78.9,2834,884,0.9,5,23,4,0,16,12,0,3,23,12,5.27,1,0.44,6,4,1,5,0,57.1,1,7,4,4,0,194,7,2,0,0.0,109,2,0,0,2,123,1,0,0,0,5,0,0,0,0,24,1,50.0
Jan Schöppner,de GER,MF,Heidenheim,de Bundesliga,25.0,1999.0,33,32,2681,29.8,4,3,7,4,0,0,3.9,3.9,3.4,7.3,0.25,41,13,31.7,1.38,0.44,0.1,0.31,0.09,778,1042,74.7,13993,3872,2.1,25,67,19,3,12,0,3,9,107,56,1.88,4,0.13,56,30,19,27,10,34.5,43,99,95,26,1,1440,103,64,14,43.8,704,35,5,40,24,801,48,8,0,0,32,1,0,0,0,130,57,48.7
Marvin Schulz,de GER,"MF,DF",Holstein Kiel,de Bundesliga,29.0,1995.0,12,3,306,3.4,0,0,0,0,0,0,0.0,0.0,0.7,0.7,0.2,3,1,33.3,0.88,0.29,0.0,0.0,0.01,128,164,78.0,2387,704,0.5,4,7,3,2,12,10,0,0,11,8,2.34,0,0.0,6,5,2,2,2,25.0,0,6,17,0,0,220,22,1,1,25.0,95,5,1,8,2,114,2,3,0,0,6,0,0,1,0,18,2,33.3
Léo Scienza,br BRA,"FW,MF",Heidenheim,de Bundesliga,25.0,1998.0,25,13,1153,12.8,3,3,6,3,0,0,2.0,2.0,3.7,5.8,0.45,38,15,39.5,2.97,1.17,0.08,0.2,0.05,262,395,66.3,4508,1847,4.1,34,30,14,8,81,31,1,1,30,82,6.39,7,0.55,17,12,10,5,2,38.9,5,22,9,13,1,584,8,44,37,44.6,368,70,17,41,13,369,90,1,0,0,16,18,0,0,0,53,3,18.8
Alex Scott,eng ENG,MF,Bournemouth,eng Premier League,20.0,2003.0,20,8,755,8.4,0,0,0,0,0,0,0.7,0.7,0.9,1.6,0.19,15,6,40.0,1.79,0.72,0.0,0.0,0.05,286,342,83.6,4583,1359,1.0,12,41,5,1,7,5,2,4,52,29,3.45,2,0.24,27,14,11,8,8,45.2,10,37,15,6,0,485,24,18,6,23.1,247,15,3,23,8,294,33,3,0,0,17,3,0,0,0,52,7,50.0
Jérémy Sebas,mq MTQ,"FW,MF",Strasbourg,fr Ligue 1,21.0,2003.0,13,1,190,2.1,0,0,0,0,0,0,0.7,0.7,0.0,0.7,0.35,6,2,33.3,2.84,0.95,0.0,0.0,0.12,27,41,65.9,344,73,0.0,1,4,2,0,2,0,0,0,3,4,1.91,0,0.0,3,2,1,1,1,66.7,0,3,4,3,0,70,2,9,6,75.0,41,6,2,6,4,46,10,0,0,0,6,0,0,0,0,10,3,50.0
Aleksandar Sedlar,rs SRB,DF,Alavés,es La Liga,32.0,1991.0,9,7,594,6.6,0,0,0,0,0,0,0.0,0.0,0.0,0.0,0.0,1,0,0.0,0.15,0.0,0.0,,0.03,195,236,82.6,3966,1454,0.0,0,14,0,0,0,0,0,1,12,2,0.3,0,0.0,18,10,7,11,0,80.0,10,28,24,1,1,296,27,2,0,0.0,141,2,0,0,0,156,1,1,1,0,9,0,0,0,0,18,9,60.0
Alidu Seidu,gh GHA,DF,Rennes,fr Ligue 1,24.0,2000.0,11,10,803,8.9,0,0,0,0,0,0,0.1,0.1,0.3,0.4,0.05,3,0,0.0,0.34,0.0,0.0,,0.04,426,518,82.2,7350,2223,0.4,5,33,8,0,4,0,1,3,41,12,1.34,0,0.0,22,18,14,6,2,80.0,14,36,17,7,0,616,41,5,9,50.0,338,23,4,5,10,337,17,4,0,0,10,1,0,0,0,67,9,45.0
Nicolas Seiwald,at AUT,"MF,DF",RB Leipzig,de Bundesliga,23.0,2001.0,30,20,2084,23.2,0,0,0,0,0,0,0.2,0.2,1.7,2.0,0.08,5,0,0.0,0.22,0.0,0.0,,0.04,1115,1348,82.7,18798,6983,2.7,20,123,27,3,46,26,8,3,140,49,2.12,3,0.13,53,31,19,29,5,50.0,31,84,76,21,2,1607,107,8,4,40.0,760,17,2,9,8,1025,30,2,0,0,27,0,0,0,0,125,24,41.4
Hiroki Sekine,jp JPN,DF,Reims,fr Ligue 1,21.0,2002.0,15,9,887,9.9,0,0,0,0,0,0,0.1,0.1,0.2,0.4,0.04,5,0,0.0,0.51,0.0,0.0,,0.03,407,504,80.8,6476,2340,0.5,3,32,9,5,21,0,0,1,39,19,1.93,1,0.1,9,7,6,2,1,41.2,5,14,51,15,1,628,68,10,6,50.0,328,22,2,12,10,384,40,1,0,0,4,1,0,0,0,21,11,50.0
Nélson Semedo,pt POR,DF,Wolves,eng Premier League,30.0,1993.0,34,32,2886,32.1,0,4,4,0,0,0,0.9,0.9,2.8,3.7,0.12,18,7,38.9,0.56,0.22,0.0,0.0,0.05,1096,1357,80.8,16627,5130,1.7,25,70,28,13,63,0,1,5,80,60,1.87,6,0.19,62,36,32,21,9,59.6,23,85,104,36,3,1717,123,27,32,45.1,901,67,10,42,21,995,119,8,0,0,48,3,0,1,0,139,28,40.0
Antoine Semenyo,gh GHA,FW,Bournemouth,eng Premier League,24.0,2000.0,37,36,3203,35.6,11,5,16,11,0,0,10.0,10.0,5.8,15.8,0.44,125,40,32.0,3.51,1.12,0.09,0.28,0.08,821,1119,73.4,11674,2915,4.3,46,49,45,8,59,3,9,6,109,132,3.71,13,0.37,55,35,17,25,13,37.2,11,66,39,40,2,1653,46,191,69,51.1,979,140,67,84,77,1140,282,9,0,0,73,5,1,0,0,158,66,46.5
Marvin Senaya,tg TOG,DF,Strasbourg,fr Ligue 1,23.0,2001.0,10,1,227,2.5,0,0,0,0,0,0,0.0,0.0,0.1,0.1,0.06,1,0,0.0,0.4,0.0,0.0,,0.01,110,138,79.7,1854,596,0.0,2,6,1,1,1,0,0,0,5,3,1.19,0,0.0,8,3,5,2,1,50.0,7,15,12,4,0,173,12,0,0,0.0,72,1,0,0,1,86,2,3,0,0,4,0,0,1,0,13,3,50.0
Marcos Senesi,ar ARG,DF,Bournemouth,eng Premier League,27.0,1997.0,17,13,1106,12.3,0,0,0,0,0,0,0.8,0.8,0.2,1.1,0.09,3,0,0.0,0.24,0.0,0.0,,0.28,561,735,76.3,11536,5815,0.5,3,79,13,3,11,0,0,2,62,16,1.3,1,0.08,39,21,23,14,2,45.2,14,53,58,1,0,889,73,16,6,60.0,554,12,0,7,6,565,7,5,0,0,22,0,0,0,0,71,32,52.5
Stefano Sensi,it ITA,MF,Monza,it Serie A,28.0,1995.0,12,2,274,3.0,1,0,1,0,1,1,0.9,0.2,0.2,0.4,0.38,6,1,16.7,1.97,0.33,0.0,0.0,0.03,257,299,86.0,4852,1499,0.3,3,36,4,1,12,5,0,3,38,15,4.89,0,0.0,8,5,4,4,0,83.3,3,11,3,1,1,329,6,1,5,71.4,245,4,0,1,3,262,8,0,0,0,3,1,0,0,0,16,2,40.0
Suat Serdar,de GER,MF,Hellas Verona,it Serie A,27.0,1997.0,22,16,1376,15.3,2,1,3,2,0,0,1.9,1.9,1.0,2.9,0.19,30,8,26.7,1.96,0.52,0.07,0.25,0.06,357,477,74.8,5878,1693,0.5,10,47,5,1,9,2,3,5,56,29,1.9,1,0.07,35,22,12,19,4,38.5,8,43,21,19,0,660,31,30,19,51.4,370,18,3,24,15,395,35,4,1,1,33,4,0,0,0,74,14,50.0
Sergi,es ESP,DF,Leganés,es La Liga,32.0,1992.0,36,33,2957,32.9,2,0,2,2,0,0,1.5,1.5,0.4,1.9,0.06,13,5,38.5,0.4,0.15,0.15,0.4,0.11,1271,1518,83.7,25210,9824,0.5,5,59,5,0,1,0,0,7,77,12,0.37,3,0.09,40,29,22,16,2,56.3,39,79,185,8,2,1875,243,22,4,80.0,977,3,0,7,2,1199,2,2,1,0,30,1,1,1,1,80,63,52.1
Nicolás Serrano,es ESP,FW,Athletic Club,es La Liga,21.0,2003.0,4,1,112,1.2,0,0,0,0,0,0,0.2,0.2,0.0,0.2,0.15,5,1,20.0,4.02,0.8,0.0,0.0,0.03,25,44,56.8,342,90,0.1,1,2,1,1,13,5,0,0,4,2,1.61,0,0.0,1,1,0,1,0,33.3,1,2,1,0,0,68,1,4,3,33.3,27,2,1,1,3,44,18,0,0,0,2,0,0,0,0,3,0,0.0
Benjamin Šeško,si SVN,"FW,MF",RB Leipzig,de Bundesliga,21.0,2003.0,33,30,2380,26.4,13,5,18,11,2,2,10.0,8.4,2.1,10.5,0.46,66,29,43.9,2.5,1.1,0.17,0.38,0.13,415,614,67.6,5132,1145,1.7,19,25,9,0,7,0,3,1,46,51,1.93,9,0.34,7,3,0,4,3,27.3,5,12,20,26,0,901,25,91,39,52.0,444,47,14,66,55,692,141,2,1,1,26,2,0,0,0,62,70,58.8
Ryan Sessegnon,eng ENG,"FW,DF",Fulham,eng Premier League,24.0,2000.0,16,7,580,6.4,4,2,6,4,0,0,1.6,1.6,1.1,2.7,0.42,14,8,57.1,2.17,1.24,0.29,0.5,0.12,189,241,78.4,2728,859,1.1,12,18,7,2,16,1,0,0,22,24,3.72,4,0.62,27,13,11,11,5,45.0,3,30,18,9,0,363,15,45,8,38.1,180,18,10,19,8,210,59,1,0,0,20,1,0,0,0,30,8,42.1
Stephan El Shaarawy,it ITA,"DF,MF",Roma,it Serie A,31.0,1992.0,31,12,1098,12.2,3,4,7,3,0,0,2.7,2.7,1.2,3.9,0.32,28,12,42.9,2.3,0.98,0.11,0.25,0.09,399,504,79.2,5710,1604,2.0,15,19,21,3,27,2,4,0,49,47,3.85,9,0.74,16,12,4,6,6,50.0,10,26,13,12,0,635,14,45,17,44.7,381,42,12,22,10,429,77,2,0,0,7,3,1,0,0,48,5,20.8
Luke Shaw,eng ENG,DF,Manchester Utd,eng Premier League,29.0,1995.0,7,4,349,3.9,0,0,0,0,0,0,0.0,0.0,0.7,0.7,0.19,1,0,0.0,0.26,0.0,0.0,,0.03,249,290,85.9,4252,1388,0.8,5,20,3,1,11,4,1,1,24,10,2.58,0,0.0,4,3,2,2,0,100.0,2,6,7,6,0,317,26,4,0,0.0,226,7,0,2,0,248,7,1,0,0,3,0,0,0,1,9,3,60.0
Eldor Shomurodov,uz UZB,"FW,MF",Roma,it Serie A,29.0,1995.0,27,11,1097,12.2,4,4,8,4,0,0,4.7,4.7,1.3,6.1,0.5,29,13,44.8,2.38,1.07,0.14,0.31,0.16,215,286,75.2,2887,467,1.4,17,10,6,0,6,0,1,2,21,32,2.62,7,0.57,14,6,2,7,5,50.0,3,17,5,14,0,446,5,52,8,28.6,246,19,9,49,19,333,62,1,0,0,14,0,0,0,0,36,26,40.6
Djibril Sidibé,fr FRA,DF,Toulouse,fr Ligue 1,32.0,1992.0,28,24,2101,23.3,0,3,3,0,0,0,0.4,0.4,2.9,3.3,0.14,5,1,20.0,0.21,0.04,0.0,0.0,0.08,1018,1277,79.7,17651,8086,3.5,18,89,30,12,45,1,6,4,121,35,1.5,7,0.3,65,36,34,22,9,62.0,20,85,64,16,1,1475,80,15,11,57.9,817,16,0,24,9,898,50,1,0,0,20,1,0,0,0,99,17,63.0
Armindo Sieb,de GER,"FW,MF",Mainz 05,de Bundesliga,21.0,2003.0,27,5,762,8.5,2,2,4,2,0,0,2.8,2.8,1.1,3.9,0.47,29,7,24.1,3.43,0.83,0.07,0.29,0.1,136,195,69.7,1814,544,0.6,8,12,8,2,6,0,1,0,18,17,2.0,4,0.47,10,4,4,5,1,30.0,1,11,7,6,0,333,4,46,11,30.6,184,28,8,33,25,238,64,2,0,0,13,1,0,0,0,29,15,37.5
Vincent Sierro,ch SUI,MF,Toulouse,fr Ligue 1,28.0,1995.0,29,27,2402,26.7,5,1,6,3,2,2,4.2,2.7,3.6,6.3,0.29,30,7,23.3,1.12,0.26,0.1,0.43,0.09,1076,1372,78.4,19073,5824,3.6,30,102,26,1,64,38,6,14,147,63,2.36,4,0.15,44,27,15,23,6,48.2,16,60,44,18,1,1646,68,37,12,42.9,914,15,5,47,18,1074,27,4,0,0,34,2,0,0,0,125,31,47.0
Tim Siersleben,de GER,DF,Heidenheim,de Bundesliga,24.0,2000.0,16,14,1182,13.1,0,0,0,0,0,0,0.6,0.6,0.5,1.1,0.08,4,2,50.0,0.3,0.15,0.0,0.0,0.15,581,719,80.8,12037,5686,0.6,6,35,8,2,10,0,0,6,31,15,1.14,0,0.0,21,14,12,8,1,41.2,20,41,66,7,0,869,113,7,3,50.0,472,8,1,5,4,560,12,4,0,0,16,0,0,1,0,37,20,48.8
Zain Silcott-Duberry,ms MSR,FW,Bournemouth,eng Premier League,19.0,2005.0,1,0,1,0.0,0,0,0,0,0,0,0.0,0.0,0.0,0.0,0.0,0,0,,0.0,0.0,,,,1,2,50.0,25,0,0.0,0,0,0,0,0,0,0,0,0,0,0.0,0,0.0,1,1,0,0,1,100.0,0,1,0,1,0,3,0,0,0,,1,0,0,0,0,2,0,0,0,0,0,0,0,0,0,0,0,0.0
Kiliann Sildillia,fr FRA,DF,Freiburg,de Bundesliga,22.0,2002.0,21,8,801,8.9,2,0,2,2,0,0,0.5,0.5,0.7,1.1,0.13,7,2,28.6,0.79,0.22,0.29,1.0,0.07,336,459,73.2,6274,2162,0.7,7,20,6,4,19,0,0,1,29,16,1.8,1,0.11,17,10,8,6,3,53.8,11,28,38,13,0,576,38,11,6,66.7,253,11,2,8,6,315,34,2,0,0,10,0,0,1,0,33,21,48.8
André Silva,pt POR,FW,Werder Bremen,de Bundesliga,28.0,1995.0,7,4,375,4.2,1,0,1,0,1,2,2.6,1.0,0.4,1.4,0.71,12,5,41.7,2.88,1.2,0.0,0.0,0.08,82,116,70.7,1137,188,0.6,5,3,6,1,4,0,1,0,10,15,3.6,1,0.24,2,2,1,1,0,0.0,0,2,3,8,0,176,4,26,1,6.3,103,6,4,13,9,124,28,1,0,0,4,1,0,0,0,10,12,50.0
André Silva,pt POR,"FW,MF",RB Leipzig,de Bundesliga,28.0,1995.0,8,0,132,1.5,1,2,3,0,1,1,1.3,0.5,0.6,1.1,1.28,7,2,28.6,4.77,1.36,0.0,0.0,0.07,30,42,71.4,435,156,0.1,3,3,1,0,0,0,1,0,4,7,4.81,2,1.37,1,1,1,0,0,0.0,1,2,2,4,0,65,3,10,0,,35,6,3,6,1,39,11,0,0,0,0,1,0,0,0,7,1,16.7
Bernardo Silva,pt POR,"MF,FW",Manchester City,eng Premier League,29.0,1994.0,33,29,2670,29.7,4,4,8,4,0,0,3.9,3.9,5.1,9.0,0.3,32,11,34.4,1.08,0.37,0.13,0.36,0.12,1547,1783,86.8,23646,4501,4.5,53,87,40,7,60,16,4,6,134,92,3.1,8,0.27,56,37,17,30,9,44.6,23,79,32,35,3,2054,50,141,28,45.9,1288,101,32,25,34,1518,200,7,0,0,27,3,0,0,0,107,5,33.3
Caio Henrique Oliveira Silva,br BRA,DF,Monaco,fr Ligue 1,27.0,1997.0,27,21,1929,21.4,0,6,6,0,0,0,0.2,0.2,5.0,5.2,0.24,4,1,25.0,0.19,0.05,0.0,0.0,0.04,1025,1383,74.1,16220,5772,5.9,35,84,38,12,126,36,6,3,102,64,2.99,9,0.42,37,26,16,19,2,52.3,22,59,59,37,0,1571,53,36,14,73.7,787,57,5,26,7,916,142,3,0,0,16,3,0,0,0,110,13,44.8
Fábio Silva,pt POR,FW,Las Palmas,es La Liga,22.0,2002.0,24,22,1866,20.7,10,3,13,8,2,3,8.8,6.4,2.0,8.4,0.52,46,20,43.5,2.22,0.96,0.17,0.4,0.14,309,466,66.3,4149,710,1.8,16,13,14,3,21,0,3,3,26,43,2.08,5,0.24,12,7,4,5,3,28.6,4,16,27,24,0,706,32,101,21,39.6,330,30,21,58,30,491,119,7,0,0,39,5,0,0,0,48,51,49.5
Jota Silva,pt POR,"FW,MF",Nott'ham Forest,eng Premier League,24.0,1999.0,31,5,854,9.5,3,1,4,3,0,0,2.1,2.1,2.9,5.0,0.53,23,7,30.4,2.42,0.74,0.13,0.43,0.09,118,196,60.2,1692,471,1.8,14,4,9,3,21,1,1,1,18,29,3.06,3,0.32,27,14,12,13,2,22.2,12,39,17,12,0,357,19,46,10,29.4,175,21,9,24,12,202,59,5,0,0,24,3,1,0,0,43,21,41.2
Eric da Silva Moreira,de GER,"MF,DF",Nott'ham Forest,eng Premier League,18.0,2006.0,2,0,30,0.3,0,0,0,0,0,0,0.0,0.0,0.0,0.0,0.0,0,0,,0.0,0.0,,,,7,8,87.5,86,7,0.0,0,0,0,0,0,0,0,0,0,0,0.0,0,0.0,2,2,2,0,0,33.3,1,3,0,0,0,13,3,0,0,0.0,4,1,0,1,0,3,1,0,0,0,0,0,0,0,0,2,0,
Abdallah Sima,sn SEN,"FW,MF",Brest,fr Ligue 1,23.0,2001.0,27,14,1238,13.8,7,2,9,7,0,0,5.9,5.9,1.0,6.9,0.5,37,18,48.6,2.69,1.31,0.19,0.39,0.16,231,332,69.6,3140,660,0.9,13,13,6,1,16,0,0,1,24,28,2.04,3,0.22,15,11,2,5,8,36.4,1,16,9,15,0,510,10,66,6,26.1,299,36,20,53,22,378,92,2,0,0,16,3,0,0,0,61,41,48.2
Mohamed Simakan,fr FRA,DF,RB Leipzig,de Bundesliga,24.0,2000.0,1,1,54,0.6,0,0,0,0,0,0,0.0,0.0,0.3,0.3,0.46,0,0,,0.0,0.0,,,,42,50,84.0,779,306,0.2,3,5,2,1,1,0,0,0,7,3,5.0,0,0.0,0,0,0,0,0,,2,2,0,1,0,52,0,2,0,0.0,27,3,0,0,0,39,4,0,0,0,0,0,0,0,0,3,3,75.0
Giovanni Simeone,ar ARG,FW,Napoli,it Serie A,29.0,1995.0,30,1,419,4.7,1,1,2,1,0,0,2.6,2.6,0.8,3.4,0.73,13,3,23.1,2.79,0.64,0.08,0.33,0.2,79,113,69.9,988,151,0.3,8,5,2,0,3,0,1,1,7,12,2.59,2,0.43,2,0,0,1,1,16.7,1,3,6,6,0,194,8,22,6,50.0,110,11,3,21,14,144,30,1,0,0,7,1,0,0,0,25,8,19.0
Giuliano Simeone,ar ARG,MF,Atlético Madrid,es La Liga,21.0,2002.0,33,26,1926,21.4,2,6,8,2,0,0,2.2,2.2,5.2,7.4,0.35,22,7,31.8,1.03,0.33,0.09,0.29,0.1,600,795,75.5,7159,2076,4.7,24,30,27,10,49,1,2,0,49,50,2.34,9,0.42,27,13,6,11,10,50.0,14,41,22,40,1,1034,20,87,30,44.1,652,69,24,55,20,748,189,4,0,0,23,3,1,0,0,72,11,32.4
Moses Simon,ng NGA,"FW,MF",Nantes,fr Ligue 1,29.0,1995.0,32,31,2609,29.0,8,10,18,4,4,4,5.8,2.7,6.7,9.4,0.43,40,13,32.5,1.38,0.45,0.1,0.31,0.07,505,815,62.0,8898,2519,5.7,56,27,41,24,222,67,5,1,59,108,3.73,15,0.52,20,14,4,7,9,31.8,12,32,13,48,0,1131,10,129,65,44.2,731,147,60,67,55,778,222,2,0,0,11,6,1,0,0,118,10,20.8
Xavi Simons,nl NED,MF,RB Leipzig,de Bundesliga,21.0,2003.0,25,25,2150,23.9,10,6,16,10,0,0,5.1,5.1,6.3,11.4,0.48,50,23,46.0,2.09,0.96,0.2,0.43,0.1,944,1201,78.6,14792,3997,6.0,51,79,60,4,79,58,23,4,140,108,4.52,12,0.5,28,21,5,15,8,46.2,12,40,19,25,1,1557,13,82,33,33.0,869,85,22,73,55,1112,185,5,0,0,24,11,0,0,0,128,19,42.2
Jahmai Simpson-Pusey,eng ENG,DF,Manchester City,eng Premier League,18.0,2005.0,2,1,96,1.1,0,0,0,0,0,0,0.0,0.0,0.0,0.0,0.0,0,0,,0.0,0.0,,,,107,115,93.0,1754,549,0.0,0,3,0,0,0,0,0,0,3,0,0.0,0,0.0,1,0,1,0,0,0.0,0,1,2,0,0,123,9,1,0,0.0,79,1,0,1,0,101,0,1,0,0,0,0,0,0,0,3,1,25.0
Danel Sinani,lu LUX,"FW,MF",St. Pauli,de Bundesliga,27.0,1997.0,26,14,1250,13.9,2,2,4,2,0,0,1.7,1.7,3.0,4.6,0.33,35,12,34.3,2.52,0.86,0.06,0.17,0.05,390,546,71.4,6196,2012,2.5,24,45,16,3,67,54,5,2,60,60,4.32,4,0.29,14,11,2,7,5,42.9,1,15,13,12,0,693,11,30,10,45.5,297,16,6,31,16,433,64,3,0,0,25,3,0,0,0,52,10,23.8
Lassine Sinayoko,ml MLI,"FW,MF",Auxerre,fr Ligue 1,24.0,1999.0,34,25,2299,25.5,5,8,13,4,1,1,6.5,5.7,5.5,11.3,0.47,60,16,26.7,2.35,0.63,0.07,0.25,0.1,528,688,76.7,7014,1529,3.4,37,28,17,3,25,1,5,0,62,96,3.76,20,0.78,33,20,10,14,9,47.8,13,46,38,26,0,993,35,127,28,38.4,576,53,28,51,43,690,193,5,0,0,36,5,2,0,0,76,27,29.7
Wilfried Singo,ci CIV,DF,Monaco,fr Ligue 1,23.0,2000.0,27,23,2096,23.3,1,2,3,1,0,0,1.9,1.9,1.5,3.4,0.14,17,5,29.4,0.73,0.21,0.06,0.2,0.11,1252,1452,86.2,23389,7968,1.5,7,102,11,1,10,0,1,10,118,19,0.82,2,0.09,37,23,24,10,3,71.4,43,80,110,8,2,1703,141,29,6,46.2,951,35,4,11,7,1091,27,4,0,0,36,0,0,0,0,138,51,63.8
Luis Sinisterra,co COL,"FW,MF",Bournemouth,eng Premier League,25.0,1999.0,12,1,236,2.6,1,1,2,1,0,0,1.2,1.2,1.4,2.6,1.0,13,6,46.2,4.96,2.29,0.08,0.17,0.09,73,93,78.5,1067,200,1.3,9,6,2,2,7,0,0,1,6,14,5.29,1,0.38,7,2,3,2,2,0.0,1,8,8,4,0,155,7,23,8,40.0,95,19,10,6,3,102,38,0,0,0,4,0,0,0,0,17,3,30.0
Daley Sinkgraven,nl NED,DF,Las Palmas,es La Liga,29.0,1995.0,2,1,91,1.0,0,0,0,0,0,0,0.0,0.0,0.0,0.0,0.02,0,0,,0.0,0.0,,,,50,66,75.8,682,211,0.0,1,2,1,0,4,0,0,0,3,2,1.98,0,0.0,5,1,3,2,0,33.3,1,6,2,1,0,77,4,1,1,100.0,46,2,1,1,1,50,7,0,0,0,2,0,0,0,0,6,1,100.0
Jailson Siqueira,br BRA,"DF,MF",Celta Vigo,es La Liga,28.0,1995.0,13,6,614,6.8,0,0,0,0,0,0,0.1,0.1,0.0,0.2,0.02,4,2,50.0,0.59,0.29,0.0,0.0,0.04,435,481,90.4,7809,2959,0.1,1,33,0,0,1,0,0,2,43,8,1.17,0,0.0,13,11,9,3,1,81.8,9,22,28,5,1,551,56,8,3,75.0,369,10,2,1,5,414,3,2,0,0,4,0,0,0,1,32,18,51.4
Ayanda Sishuba,be BEL,FW,Rennes,fr Ligue 1,19.0,2005.0,1,0,3,0.0,0,0,0,0,0,0,0.0,0.0,0.0,0.0,0.0,0,0,,0.0,0.0,,,,0,0,,0,0,0.0,0,0,0,0,0,0,0,0,0,0,0.0,0,0.0,1,0,1,0,0,100.0,0,1,0,0,0,1,1,0,0,,1,0,0,0,1,1,0,0,0,0,0,0,0,0,0,0,0,
Ibrahim Sissoko,ml MLI,FW,Saint-Étienne,fr Ligue 1,28.0,1995.0,20,8,819,9.1,3,1,4,2,1,1,4.3,3.5,0.6,4.1,0.54,21,4,19.0,2.31,0.44,0.1,0.5,0.17,118,178,66.3,1734,203,0.3,7,9,1,0,3,0,1,2,12,21,2.31,1,0.11,11,9,5,3,3,40.0,2,13,13,7,0,297,15,37,3,27.3,149,14,6,34,13,206,36,1,0,0,37,4,0,0,0,23,26,38.2
Ibrahima Sissoko,ml MLI,MF,Bochum,de Bundesliga,26.0,1997.0,32,30,2610,29.0,2,1,3,2,0,0,1.7,1.7,1.6,3.3,0.11,25,8,32.0,0.86,0.28,0.08,0.25,0.07,804,1072,75.0,13473,4262,2.7,27,77,16,5,21,0,4,3,105,65,2.24,3,0.1,66,44,30,31,5,53.3,36,102,61,28,0,1429,80,51,32,52.5,691,35,3,40,32,792,69,11,1,1,75,4,1,1,0,154,76,58.5
Niama Sissoko,ml MLI,"FW,MF",Reims,fr Ligue 1,18.0,2005.0,4,0,47,0.5,0,0,0,0,0,0,0.3,0.3,0.0,0.3,0.54,3,0,0.0,5.74,0.0,0.0,,0.09,7,11,63.6,136,5,0.0,0,0,1,0,0,0,0,0,1,1,1.91,0,0.0,0,0,0,0,0,,0,0,0,1,0,24,0,6,0,0.0,14,1,0,4,2,15,2,0,0,0,3,0,0,0,0,2,1,25.0
Tim Skarke,de GER,"FW,MF",Union Berlin,de Bundesliga,27.0,1996.0,33,11,1164,12.9,0,2,2,0,0,0,2.1,2.1,1.2,3.3,0.25,20,9,45.0,1.55,0.7,0.0,0.0,0.1,243,347,70.0,3324,789,1.2,16,12,15,9,29,0,0,2,25,34,2.63,4,0.31,14,11,5,8,1,52.6,5,19,17,15,0,487,10,31,10,41.7,293,26,10,34,21,336,96,1,0,0,10,3,0,0,0,56,10,20.0
Ellyes Skhiri,tn TUN,MF,Eint Frankfurt,de Bundesliga,29.0,1995.0,30,26,2231,24.8,1,2,3,1,0,0,1.4,1.4,1.4,2.8,0.11,13,2,15.4,0.52,0.08,0.08,0.5,0.11,1153,1303,88.5,17520,4942,2.0,22,82,18,0,3,0,2,1,105,49,1.98,5,0.2,40,22,15,21,4,40.9,31,71,45,20,4,1544,86,21,11,73.3,823,17,3,25,7,1047,27,6,0,0,22,1,0,0,0,105,19,50.0
Oliver Skipp,eng ENG,MF,Leicester City,eng Premier League,23.0,2000.0,24,10,1129,12.5,0,0,0,0,0,0,0.4,0.4,0.3,0.6,0.05,5,1,20.0,0.4,0.08,0.0,0.0,0.07,419,502,83.5,6399,1568,0.3,9,32,4,0,5,0,2,0,35,15,1.2,0,0.0,21,4,6,12,3,60.0,11,32,11,12,2,612,29,9,7,58.3,347,16,3,12,7,419,19,8,0,0,21,1,0,0,0,46,12,66.7
Leo Skiri Østigård,no NOR,DF,Rennes,fr Ligue 1,24.0,1999.0,16,14,1227,13.6,1,0,1,1,0,0,0.7,0.7,0.2,0.9,0.07,6,2,33.3,0.44,0.15,0.17,0.5,0.11,676,797,84.8,12920,4774,0.2,2,42,0,0,0,0,0,4,50,8,0.59,0,0.0,20,18,16,4,0,68.2,15,35,81,6,1,948,112,11,1,50.0,490,3,0,7,1,589,1,4,0,0,18,0,0,0,0,51,47,70.1
Leo Skiri Østigård,no NOR,DF,Hoffenheim,de Bundesliga,24.0,1999.0,11,11,927,10.3,0,0,0,0,0,0,0.3,0.3,0.1,0.4,0.04,5,0,0.0,0.49,0.0,0.0,,0.06,484,577,83.9,8829,3676,0.3,3,38,3,1,2,0,0,1,51,9,0.87,0,0.0,9,7,5,4,0,66.7,9,18,111,2,0,747,117,12,2,66.7,344,0,0,1,1,379,1,0,1,0,19,0,0,1,1,44,60,65.2
Andreas Skov Olsen,dk DEN,"FW,MF",Wolfsburg,de Bundesliga,24.0,1999.0,12,4,535,5.9,1,1,2,1,0,0,0.8,0.8,1.9,2.7,0.46,7,1,14.3,1.18,0.17,0.14,1.0,0.12,217,270,80.4,3677,768,1.3,18,12,10,2,29,9,0,4,22,32,5.38,1,0.17,8,6,5,3,0,100.0,2,10,12,6,0,329,9,27,4,28.6,188,22,7,7,5,226,48,0,0,0,2,1,0,0,0,18,3,50.0
Robert Skov,dk DEN,"DF,MF",Union Berlin,de Bundesliga,28.0,1996.0,15,11,852,9.5,2,2,4,1,1,1,1.7,0.9,2.4,3.3,0.43,16,5,31.3,1.69,0.53,0.06,0.2,0.06,305,463,65.9,5404,2361,3.5,19,18,16,5,61,25,2,1,36,37,3.9,5,0.53,15,11,8,7,0,50.0,8,23,9,10,0,564,19,23,5,29.4,263,25,8,21,3,291,45,1,0,0,14,1,0,0,0,43,9,50.0
Milan Škriniar,sk SVK,DF,Paris S-G,fr Ligue 1,29.0,1995.0,5,4,382,4.2,0,0,0,0,0,0,0.2,0.2,0.1,0.3,0.06,3,0,0.0,0.71,0.0,0.0,,0.05,361,374,96.5,6457,2316,0.0,1,15,0,0,0,0,0,2,20,6,1.41,0,0.0,7,5,3,4,0,100.0,3,10,16,0,0,417,51,3,0,0.0,244,3,0,2,0,309,0,1,0,0,4,0,0,0,0,25,7,58.3
Steven Skrzybski,de GER,"MF,FW",Holstein Kiel,de Bundesliga,31.0,1992.0,24,15,1323,14.7,6,3,9,5,1,1,3.5,2.7,2.9,5.6,0.44,32,12,37.5,2.18,0.82,0.16,0.42,0.09,312,446,70.0,5441,1645,3.3,22,36,16,7,31,7,5,2,64,51,3.47,5,0.34,19,6,7,6,6,29.2,11,30,11,13,0,619,9,45,13,59.1,313,17,6,40,22,398,71,0,0,0,16,4,0,0,0,58,6,24.0
Naatan Skyttä,fi FIN,FW,Toulouse,fr Ligue 1,22.0,2002.0,1,0,5,0.1,0,0,0,0,0,0,0.0,0.0,0.0,0.0,0.0,0,0,,0.0,0.0,,,,4,4,100.0,32,1,0.0,0,1,0,0,0,0,0,0,0,0,0.0,0,0.0,1,0,0,0,1,,0,1,0,0,0,5,0,0,0,,4,0,0,0,0,3,0,0,0,0,1,0,0,0,0,1,0,
William Smallbone,ie IRL,MF,Southampton,eng Premier League,24.0,2000.0,18,6,690,7.7,1,0,1,1,0,0,0.6,0.6,0.7,1.3,0.17,7,1,14.3,0.91,0.13,0.14,1.0,0.08,270,356,75.8,4399,1203,0.9,10,13,4,3,36,25,1,2,27,16,2.09,0,0.0,20,13,9,9,2,31.8,2,22,14,8,2,431,17,17,4,66.7,193,5,1,12,6,262,25,1,0,0,11,0,0,1,0,23,4,40.0
Adam Smith,eng ENG,DF,Bournemouth,eng Premier League,33.0,1991.0,25,19,1590,17.7,0,0,0,0,0,0,0.7,0.7,0.4,1.1,0.06,3,0,0.0,0.17,0.0,0.0,,0.22,514,679,75.7,8452,2723,0.7,8,49,10,5,33,0,1,2,49,23,1.3,2,0.11,24,12,11,7,6,51.9,15,39,49,15,1,825,41,8,6,37.5,366,15,1,13,7,403,34,7,0,0,19,3,0,0,0,50,14,48.3
Eric Smith,se SWE,"DF,MF",St. Pauli,de Bundesliga,27.0,1997.0,32,32,2827,31.4,1,1,2,1,0,0,1.4,1.4,1.5,2.9,0.09,24,9,37.5,0.76,0.29,0.04,0.11,0.06,1355,1677,80.8,26591,9803,2.8,28,118,19,4,102,59,4,8,118,66,2.1,2,0.06,46,29,26,17,3,57.5,37,83,104,7,4,1956,161,8,3,60.0,838,16,0,11,7,1130,11,7,0,0,27,1,0,0,0,139,30,44.8
Justin Smith,ca CAN,MF,Espanyol,es La Liga,21.0,2003.0,5,3,209,2.3,0,0,0,0,0,0,0.0,0.0,0.0,0.0,0.02,0,0,,0.0,0.0,,,,40,61,65.6,654,165,0.0,1,3,0,0,1,0,0,0,6,2,0.86,1,0.43,9,3,3,6,0,66.7,4,13,3,1,0,95,3,0,1,33.3,41,4,0,4,1,49,7,0,0,0,5,0,0,0,0,8,3,100.0
Emile Smith Rowe,eng ENG,MF,Fulham,eng Premier League,24.0,2000.0,34,25,2043,22.7,6,3,9,6,0,0,4.5,4.5,1.4,6.0,0.26,37,11,29.7,1.63,0.48,0.16,0.55,0.12,922,1023,90.1,13141,2429,2.0,24,80,15,1,16,1,2,2,126,73,3.22,12,0.53,31,18,7,14,10,33.3,11,42,16,18,0,1223,20,60,16,45.7,779,53,12,36,18,940,127,3,0,0,19,2,0,0,0,75,6,23.1
Ivan Smolčić,hr CRO,DF,Como,it Serie A,23.0,2000.0,9,7,630,7.0,0,0,0,0,0,0,0.4,0.4,0.1,0.6,0.08,7,3,42.9,1.0,0.43,0.0,0.0,0.07,327,394,83.0,5985,1848,0.1,2,18,3,0,4,0,0,4,23,8,1.14,0,0.0,16,9,8,7,1,69.2,10,26,24,4,0,475,29,10,0,0.0,231,3,0,8,3,256,9,2,0,0,11,0,0,1,0,27,11,52.4
Eduard Sobol,ua UKR,DF,Strasbourg,fr Ligue 1,29.0,1995.0,10,0,95,1.1,0,0,0,0,0,0,0.0,0.0,0.0,0.0,0.0,0,0,,0.0,0.0,,,,22,34,64.7,357,175,0.0,0,1,0,0,1,0,0,0,3,0,0.0,0,0.0,0,0,0,0,0,0.0,2,2,14,1,0,53,12,0,0,,19,0,0,1,0,18,2,2,0,0,4,0,0,0,0,4,3,50.0
Simon Sohm,ch SUI,MF,Parma,it Serie A,23.0,2001.0,37,36,2989,33.2,4,0,4,4,0,0,3.1,3.1,2.1,5.2,0.16,34,13,38.2,1.02,0.39,0.12,0.31,0.09,1050,1233,85.2,16773,4583,2.1,20,122,24,3,15,6,9,2,140,78,2.35,3,0.09,28,17,11,13,4,45.7,26,54,36,14,0,1467,45,45,15,42.9,876,69,12,33,23,1042,67,6,0,0,19,3,0,0,0,127,29,50.0
Alex Sola,es ESP,"MF,FW",Getafe,es La Liga,25.0,1999.0,19,13,1029,11.4,0,1,1,0,0,0,1.0,1.0,0.7,1.6,0.14,15,2,13.3,1.31,0.17,0.0,0.0,0.06,155,242,64.0,2177,529,0.8,9,12,2,1,18,0,0,2,23,26,2.28,2,0.18,21,14,9,12,0,36.0,7,28,11,10,1,446,8,35,21,34.4,265,24,10,54,21,302,61,4,0,0,24,3,0,0,0,47,18,39.1
Arnau Solà,es ESP,MF,Villarreal,es La Liga,21.0,2003.0,1,0,13,0.1,0,0,0,0,0,0,0.0,0.0,0.0,0.0,0.0,0,0,,0.0,0.0,,,,1,2,50.0,11,3,0.0,0,0,0,0,0,0,0,0,0,0,0.0,0,0.0,0,0,0,0,0,0.0,0,0,0,0,0,3,0,0,0,,1,0,0,0,0,2,0,0,0,0,1,0,0,0,0,0,0,
Dominic Solanke,eng ENG,FW,Tottenham,eng Premier League,26.0,1997.0,27,25,2201,24.5,9,3,12,8,1,1,10.9,10.1,2.9,13.1,0.57,59,24,40.7,2.41,0.98,0.14,0.33,0.17,255,361,70.6,3429,944,1.2,14,28,9,0,4,0,3,1,47,37,1.51,8,0.33,18,11,1,12,5,25.0,1,19,23,15,0,655,33,112,17,33.3,385,31,14,69,51,459,88,0,0,0,36,2,0,0,1,38,46,43.4
Ola Solbakken,no NOR,"MF,FW",Empoli,it Serie A,25.0,1998.0,21,8,760,8.4,0,0,0,0,0,0,0.8,0.8,0.4,1.2,0.14,4,3,75.0,0.47,0.36,0.0,0.0,0.2,141,199,70.9,2301,627,0.3,9,14,5,1,7,0,1,5,20,12,1.42,1,0.12,7,4,0,6,1,50.0,2,9,8,6,0,263,7,15,7,46.7,150,18,6,15,8,194,32,2,0,0,8,0,0,0,0,19,9,32.1
Carlos Soler,es ESP,"MF,FW",West Ham,eng Premier League,27.0,1997.0,31,14,1409,15.7,1,1,2,1,0,0,1.8,1.8,1.4,3.2,0.21,25,8,32.0,1.6,0.51,0.04,0.13,0.07,570,669,85.2,8890,2414,1.9,18,43,13,0,34,21,4,6,56,51,3.26,2,0.13,16,11,9,6,1,30.4,8,24,21,10,2,794,27,26,8,44.4,367,17,4,14,14,539,37,6,0,0,26,3,0,0,0,64,10,45.5
Julio Soler,ar ARG,"DF,FW",Bournemouth,eng Premier League,19.0,2005.0,3,0,11,0.1,0,0,0,0,0,0,0.0,0.0,0.0,0.0,0.0,0,0,,0.0,0.0,,,,11,14,78.6,104,18,0.0,0,0,0,0,1,0,0,0,0,0,0.0,0,0.0,1,1,1,0,0,100.0,0,1,0,1,0,17,0,0,0,,12,0,0,1,0,14,2,0,0,0,0,0,0,0,0,0,0,
Oumar Solet,fr FRA,DF,Udinese,it Serie A,24.0,2000.0,19,19,1672,18.6,1,2,3,1,0,0,0.8,0.8,1.2,2.0,0.11,12,7,58.3,0.65,0.38,0.08,0.14,0.06,982,1110,88.5,19162,5319,0.8,17,54,9,2,9,0,3,8,65,33,1.78,3,0.16,33,19,18,13,2,70.0,17,50,78,8,4,1325,175,15,25,80.6,806,20,2,17,11,874,6,3,1,1,17,0,0,0,0,92,20,50.0
Jhon Solis,co COL,MF,Girona,es La Liga,19.0,2004.0,19,3,535,5.9,1,0,1,1,0,0,0.7,0.7,0.1,0.7,0.12,4,1,25.0,0.67,0.17,0.25,1.0,0.16,264,295,89.5,4005,885,0.3,2,29,1,1,3,0,1,0,29,6,1.01,0,0.0,13,7,3,9,1,42.9,4,17,6,1,1,364,11,6,5,41.7,229,9,1,9,10,274,15,3,0,0,9,0,0,0,0,27,3,37.5
Borna Sosa,hr CRO,DF,Torino,it Serie A,26.0,1998.0,19,14,1181,13.1,0,0,0,0,0,0,0.3,0.3,0.7,1.0,0.07,4,1,25.0,0.3,0.08,0.0,0.0,0.08,546,686,79.6,9165,2699,0.9,11,43,22,12,51,5,0,4,51,24,1.83,1,0.08,26,19,14,7,5,64.0,14,40,33,10,0,781,29,14,3,42.9,417,13,1,9,1,454,49,0,0,0,12,0,0,1,0,53,16,45.7
Ramón Sosa,py PAR,"FW,MF",Nott'ham Forest,eng Premier League,24.0,1999.0,19,1,295,3.3,1,0,1,1,0,0,1.0,1.0,0.5,1.5,0.45,11,5,45.5,3.36,1.53,0.09,0.2,0.09,66,97,68.0,1016,283,0.4,8,2,5,3,8,4,0,1,6,14,4.23,0,0.0,5,3,3,0,2,20.0,4,9,5,2,0,154,6,15,8,61.5,75,12,5,6,5,81,17,1,0,0,6,0,0,0,0,25,4,36.4
Hugo Sotelo,es ESP,MF,Celta Vigo,es La Liga,20.0,2003.0,24,15,1254,13.9,0,0,0,0,0,0,0.2,0.2,1.7,1.8,0.13,4,0,0.0,0.29,0.0,0.0,,0.05,873,1018,85.8,16257,4277,1.8,19,100,12,3,50,39,3,19,83,40,2.87,0,0.0,28,17,8,10,10,41.9,5,33,9,10,1,1097,17,10,8,40.0,656,21,2,11,12,860,38,5,0,0,19,0,0,0,0,71,2,16.7
Florian Sotoca,fr FRA,"FW,MF",Lens,fr Ligue 1,33.0,1990.0,31,22,1794,19.9,1,1,2,1,0,0,4.6,4.6,1.5,6.1,0.31,47,18,38.3,2.36,0.9,0.02,0.06,0.1,732,996,73.5,10828,2837,2.9,18,74,29,9,75,2,8,5,105,53,2.66,3,0.15,22,13,3,8,11,54.5,14,36,25,42,0,1186,25,89,16,41.0,679,44,7,20,22,932,170,2,1,0,15,3,0,0,0,79,43,62.3
Riccardo Sottil,it ITA,"FW,MF",Fiorentina,it Serie A,25.0,1999.0,18,8,833,9.3,1,1,2,1,0,0,0.9,0.9,0.9,1.7,0.19,22,6,27.3,2.38,0.65,0.05,0.17,0.04,196,278,70.5,3011,484,1.0,12,5,12,4,41,5,1,0,18,35,3.78,4,0.43,5,4,3,1,1,75.0,4,9,3,8,0,356,2,41,11,40.7,272,71,27,21,8,285,100,1,0,0,7,4,1,0,0,44,4,30.8
Riccardo Sottil,it ITA,"FW,MF",Milan,it Serie A,25.0,1999.0,6,1,123,1.4,0,0,0,0,0,0,0.2,0.2,0.3,0.5,0.36,2,0,0.0,1.46,0.0,0.0,,0.09,41,55,74.5,638,143,0.5,3,2,3,2,9,2,0,1,3,5,3.6,0,0.0,1,1,1,0,0,,0,1,0,0,0,63,1,6,1,25.0,47,11,3,3,1,45,14,0,0,0,1,0,0,0,0,5,1,100.0
Tomáš Souček,cz CZE,MF,West Ham,eng Premier League,29.0,1995.0,35,30,2567,28.5,9,1,10,9,0,0,6.7,6.7,1.0,7.8,0.27,55,17,30.9,1.93,0.6,0.16,0.53,0.13,715,969,73.8,11811,3221,1.3,14,62,8,1,14,0,0,11,74,44,1.54,3,0.11,46,21,20,23,3,59.1,20,66,85,26,1,1280,128,102,6,50.0,506,9,3,20,15,764,68,8,0,0,47,2,1,0,0,63,99,57.6
Matìas Soulé,ar ARG,"MF,DF",Roma,it Serie A,21.0,2003.0,27,22,1781,19.8,5,5,10,5,0,0,3.0,3.0,5.2,8.3,0.42,42,13,31.0,2.12,0.66,0.12,0.38,0.07,785,955,82.2,11957,2869,3.4,51,53,34,12,88,38,5,2,89,90,4.55,8,0.4,26,16,12,7,7,43.5,9,35,25,15,0,1271,24,73,35,32.4,794,84,32,56,32,915,191,3,0,0,12,2,0,0,0,105,10,37.0
Boubakary Soumaré,fr FRA,MF,Leicester City,eng Premier League,25.0,1999.0,31,25,2171,24.1,0,0,0,0,0,0,0.3,0.3,0.4,0.7,0.03,7,0,0.0,0.29,0.0,0.0,,0.04,1073,1234,87.0,16191,4336,1.0,11,95,16,3,10,0,3,1,105,35,1.45,3,0.12,37,20,24,12,1,63.6,27,64,34,15,4,1441,73,18,27,60.0,847,34,4,24,22,1013,23,8,0,0,24,2,0,0,0,140,21,65.6
Issa Soumaré,sn SEN,"FW,MF",Le Havre,fr Ligue 1,23.0,2000.0,29,21,1902,21.1,5,4,9,5,0,0,3.8,3.8,3.1,6.9,0.33,43,19,44.2,2.03,0.9,0.12,0.26,0.09,339,554,61.2,5031,1198,1.9,28,17,16,4,42,0,1,4,45,52,2.46,9,0.43,25,14,8,10,7,26.5,16,41,32,21,0,839,30,87,16,28.1,495,61,13,62,32,596,144,0,0,0,17,7,0,0,0,98,84,60.0
Djibril Sow,ch SUI,MF,Sevilla,es La Liga,27.0,1997.0,30,24,2062,22.9,2,1,3,2,0,0,2.4,2.4,1.6,4.0,0.18,22,6,27.3,0.96,0.26,0.09,0.33,0.11,883,994,88.8,14168,3459,1.0,21,87,10,1,9,2,0,5,100,64,2.79,4,0.17,25,14,13,10,2,47.1,28,53,26,11,1,1197,35,32,10,40.0,604,23,3,36,9,827,50,5,0,0,23,3,0,0,0,110,24,51.1
Saidou Sow,gn GUI,DF,Strasbourg,fr Ligue 1,22.0,2002.0,12,11,1018,11.3,0,1,1,0,0,0,0.3,0.3,0.2,0.5,0.04,4,1,25.0,0.35,0.09,0.0,0.0,0.08,577,636,90.7,10281,3407,0.1,2,12,2,0,0,0,0,0,16,6,0.53,1,0.09,9,5,6,3,0,50.0,15,24,37,1,2,735,112,8,1,50.0,465,0,0,4,3,548,2,2,0,0,7,0,0,1,0,36,16,51.6
Saidou Sow,gn GUI,DF,Nantes,fr Ligue 1,22.0,2002.0,9,9,799,8.9,1,0,1,1,0,0,0.6,0.6,0.4,1.1,0.12,5,2,40.0,0.56,0.23,0.2,0.5,0.13,332,399,83.2,6320,2485,0.0,2,21,0,0,0,0,0,1,15,9,1.01,0,0.0,17,11,13,4,0,60.0,13,30,46,1,1,511,111,6,4,66.7,288,2,0,2,2,314,0,1,0,0,7,0,0,2,0,32,13,41.9
Djed Spence,eng ENG,DF,Tottenham,eng Premier League,23.0,2000.0,25,19,1792,19.9,1,2,3,1,0,0,0.6,0.6,1.8,2.3,0.12,10,3,30.0,0.5,0.15,0.1,0.33,0.06,992,1161,85.4,14185,4261,1.4,11,78,18,8,25,0,2,2,105,29,1.46,5,0.25,47,34,25,15,7,76.7,21,68,74,19,2,1428,81,25,38,50.0,794,59,7,28,33,872,70,4,1,1,21,0,0,0,1,109,21,60.0
Leonardo Spinazzola,it ITA,"DF,FW",Napoli,it Serie A,31.0,1993.0,27,17,1517,16.9,1,1,2,1,0,0,0.8,0.8,3.5,4.2,0.25,12,4,33.3,0.71,0.24,0.08,0.25,0.07,710,895,79.3,12378,3751,3.4,26,62,34,8,65,12,3,5,88,47,2.79,3,0.18,17,10,6,9,2,43.5,9,26,31,26,1,1051,38,38,28,43.8,603,83,24,17,18,679,81,1,0,0,6,1,0,0,0,62,3,50.0
Anton Stach,de GER,"MF,DF",Hoffenheim,de Bundesliga,25.0,1998.0,30,29,2585,28.7,1,2,3,1,0,0,2.0,2.0,2.2,4.2,0.15,35,10,28.6,1.22,0.35,0.03,0.1,0.06,1270,1537,82.6,22480,8033,3.2,26,120,33,10,24,1,4,9,152,63,2.19,5,0.17,66,46,25,37,4,68.1,46,112,101,26,2,1925,141,32,15,42.9,1002,33,5,23,10,1136,36,8,0,0,38,3,0,0,0,171,53,56.4
Jens Stage,dk DEN,MF,Werder Bremen,de Bundesliga,27.0,1996.0,28,26,2204,24.5,10,5,15,10,0,0,7.2,7.2,2.8,10.0,0.41,44,15,34.1,1.8,0.61,0.23,0.67,0.16,768,998,77.0,12751,3913,3.9,23,67,26,4,23,0,7,10,104,63,2.57,15,0.61,49,30,22,24,3,54.3,18,67,42,22,2,1271,43,83,8,47.1,668,28,6,27,10,834,89,10,0,0,38,4,0,0,0,114,34,56.7
Josip Stanišić,hr CRO,DF,Bayern Munich,de Bundesliga,24.0,2000.0,14,9,876,9.7,0,2,2,0,0,0,0.3,0.3,1.5,1.8,0.18,2,0,0.0,0.21,0.0,0.0,,0.13,716,782,91.6,12338,3732,1.4,14,77,12,2,11,0,1,12,76,23,2.36,4,0.41,13,11,6,4,3,46.7,6,19,29,4,1,876,55,10,5,71.4,533,20,3,11,6,606,30,0,0,0,2,0,0,0,0,64,11,64.7
Jay Stansfield,eng ENG,MF,Fulham,eng Premier League,21.0,2002.0,1,0,1,0.0,0,0,0,0,0,0,0.0,0.0,0.0,0.0,0.0,0,0,,0.0,0.0,,,,0,0,,0,0,0.0,0,0,0,0,0,0,0,0,0,0,0.0,0,0.0,0,0,0,0,0,,0,0,0,0,0,0,0,0,0,,0,0,0,0,0,0,0,0,0,0,1,0,0,0,0,0,0,
Carl Starfelt,se SWE,DF,Celta Vigo,es La Liga,29.0,1995.0,28,26,2270,25.2,1,0,1,1,0,0,0.5,0.5,0.2,0.7,0.03,5,1,20.0,0.2,0.04,0.2,1.0,0.1,1539,1643,93.7,27778,9742,0.2,6,56,1,0,0,0,1,5,66,18,0.71,1,0.04,40,20,25,14,1,66.7,31,71,129,4,3,1901,265,11,1,100.0,1104,11,1,9,0,1337,1,5,0,0,21,0,0,0,0,77,60,54.1
Niklas Stark,de GER,DF,Werder Bremen,de Bundesliga,29.0,1995.0,26,25,2106,23.4,0,1,1,0,0,0,1.1,1.1,0.1,1.2,0.05,12,3,25.0,0.51,0.13,0.0,0.0,0.09,1098,1283,85.6,21262,7753,0.3,1,66,3,0,3,0,0,2,62,11,0.47,2,0.09,33,21,20,11,2,66.7,36,69,129,8,1,1558,161,14,1,100.0,882,7,0,7,0,1003,3,6,1,1,30,1,0,0,0,73,48,60.8
Lucas Stassin,be BEL,FW,Saint-Étienne,fr Ligue 1,19.0,2004.0,28,23,1887,21.0,12,4,16,12,0,0,7.0,7.0,3.4,10.4,0.53,44,23,52.3,2.1,1.1,0.27,0.52,0.18,350,473,74.0,4654,669,3.1,18,13,12,1,19,0,5,1,35,34,1.7,8,0.4,16,11,3,5,8,30.0,3,19,8,23,0,655,9,85,15,41.7,326,26,13,57,20,455,149,4,0,0,32,2,1,0,0,34,15,34.1
Orri Steinn Óskarsson,is ISL,FW,Real Sociedad,es La Liga,19.0,2004.0,23,9,944,10.5,3,0,3,3,0,0,5.2,5.2,0.2,5.4,0.52,19,7,36.8,1.81,0.67,0.16,0.43,0.27,104,197,52.8,1158,178,0.5,5,4,3,1,7,0,0,0,9,10,0.95,0,0.0,6,6,2,1,3,25.0,2,8,11,9,0,285,9,37,2,25.0,122,6,5,17,11,207,50,1,0,0,7,1,0,0,0,15,31,36.0
Pascal Stenzel,de GER,DF,Stuttgart,de Bundesliga,28.0,1996.0,10,4,290,3.2,0,0,0,0,0,0,0.3,0.3,0.6,0.9,0.28,8,2,25.0,2.48,0.62,0.0,0.0,0.04,181,218,83.0,3439,898,0.6,5,9,4,2,25,15,0,3,12,13,4.03,0,0.0,3,2,1,0,2,40.0,2,5,6,3,0,246,6,6,0,,136,2,0,2,0,146,16,0,0,0,4,0,0,0,0,11,3,33.3
Jack Stephens,eng ENG,DF,Southampton,eng Premier League,30.0,1994.0,19,17,1389,15.4,1,0,1,1,0,0,0.6,0.6,0.2,0.7,0.05,4,2,50.0,0.26,0.13,0.25,0.5,0.14,879,955,92.0,15471,4366,0.3,3,51,5,0,1,0,0,2,63,13,0.84,0,0.0,34,20,25,9,0,56.7,13,47,53,4,2,1097,128,11,0,0.0,631,14,1,3,3,783,2,2,2,0,13,0,0,1,0,44,6,37.5
Leonidas Stergiou,ch SUI,DF,Stuttgart,de Bundesliga,22.0,2002.0,12,11,852,9.5,1,2,3,1,0,0,1.1,1.1,0.9,2.0,0.21,3,1,33.3,0.32,0.11,0.33,1.0,0.35,440,534,82.4,6941,2177,0.7,4,30,1,0,13,0,1,0,39,12,1.27,6,0.63,24,13,9,11,4,84.2,14,38,39,9,0,642,32,9,4,66.7,339,11,2,6,4,376,32,0,1,0,6,0,0,0,0,35,6,42.9
Raheem Sterling,eng ENG,"FW,MF",Arsenal,eng Premier League,29.0,1994.0,17,7,499,5.5,0,2,2,0,0,0,1.4,1.4,0.5,1.9,0.34,11,0,0.0,1.98,0.0,0.0,,0.13,158,201,78.6,2022,403,0.5,8,4,9,2,16,1,0,1,18,19,3.43,3,0.54,9,4,1,3,5,50.0,1,10,4,7,0,274,2,38,10,33.3,201,27,15,13,14,211,79,1,0,0,12,0,0,0,0,16,1,25.0
Enzo Sternal,fr FRA,"FW,MF",Marseille,fr Ligue 1,17.0,2007.0,2,0,24,0.3,0,0,0,0,0,0,0.0,0.0,0.0,0.0,0.09,0,0,,0.0,0.0,,,,7,8,87.5,77,1,0.0,1,0,0,0,0,0,0,0,0,1,3.75,0,0.0,0,0,0,0,0,,0,0,0,0,0,13,0,0,1,33.3,10,0,0,2,0,12,0,1,0,0,0,0,0,0,0,0,0,0.0
Finley Stevens,wls WAL,DF,St. Pauli,de Bundesliga,21.0,2003.0,1,0,1,0.0,0,0,0,0,0,0,0.0,0.0,0.0,0.0,0.0,0,0,,0.0,0.0,,,,1,2,50.0,8,8,0.0,0,0,0,0,0,0,0,0,0,0,0.0,0,0.0,0,0,0,0,0,,0,0,0,0,0,2,0,0,0,,1,0,0,0,0,1,0,0,0,0,0,0,0,0,0,0,0,
Ross Stewart,sct SCO,FW,Southampton,eng Premier League,28.0,1996.0,12,4,389,4.3,1,0,1,1,0,0,1.1,1.1,0.0,1.1,0.25,9,2,22.2,2.08,0.46,0.11,0.5,0.12,67,95,70.5,861,86,0.1,0,2,1,0,0,0,0,0,2,5,1.16,0,0.0,6,4,1,1,4,37.5,1,7,7,3,0,140,9,15,3,60.0,64,3,4,7,9,100,10,1,0,0,7,1,0,0,0,6,13,36.1
Angelo Stiller,de GER,MF,Stuttgart,de Bundesliga,23.0,2001.0,32,31,2741,30.5,1,8,9,1,0,0,1.8,1.8,7.2,9.0,0.29,21,4,19.0,0.69,0.13,0.05,0.25,0.08,2219,2540,87.4,37222,12647,8.6,59,271,50,10,95,48,15,6,289,111,3.64,10,0.33,49,27,18,25,6,46.7,26,75,50,15,4,2781,75,35,20,66.7,1588,39,3,21,25,2112,69,6,0,0,21,3,1,0,1,140,18,39.1
Kevin Stöger,at AUT,MF,Gladbach,de Bundesliga,30.0,1993.0,31,16,1551,17.2,3,3,6,1,2,2,3.9,2.3,5.3,7.6,0.53,24,9,37.5,1.39,0.52,0.04,0.11,0.1,847,1117,75.8,14479,4517,4.2,54,90,39,8,116,67,13,12,121,106,6.15,8,0.46,37,21,23,10,4,41.0,16,53,26,23,3,1318,31,34,17,47.2,699,40,5,29,25,911,95,3,0,0,22,9,0,0,0,75,5,25.0
Stoichkov,es ESP,"MF,FW",Alavés,es La Liga,30.0,1993.0,16,6,699,7.8,0,1,1,0,0,0,1.1,1.1,1.2,2.3,0.3,18,3,16.7,2.32,0.39,0.0,0.0,0.06,132,214,61.7,2161,697,0.7,7,16,10,1,13,0,6,1,26,28,3.6,2,0.26,14,9,6,7,1,54.5,1,15,7,13,0,304,6,28,6,33.3,179,9,3,20,7,194,41,1,0,0,9,4,0,0,0,44,5,25.0
Petar Stojanović,si SVN,MF,Empoli,it Serie A,28.0,1995.0,1,0,3,0.0,0,0,0,0,0,0,0.0,0.0,0.0,0.0,0.0,0,0,,0.0,0.0,,,,1,3,33.3,9,4,0.0,0,0,0,0,0,0,0,0,0,0,0.0,0,0.0,0,0,0,0,0,,0,0,0,0,0,3,1,0,0,,2,0,0,0,0,1,0,0,0,0,0,0,0,0,0,1,0,
John Stones,eng ENG,"DF,MF",Manchester City,eng Premier League,30.0,1994.0,11,6,548,6.1,2,0,2,2,0,0,0.4,0.4,0.1,0.5,0.08,2,2,100.0,0.33,0.33,1.0,1.0,0.22,367,403,91.1,6382,1601,0.2,2,42,0,0,0,0,0,3,21,8,1.31,2,0.33,6,2,3,2,1,100.0,4,10,19,2,1,442,40,4,2,100.0,292,10,0,2,0,333,2,1,0,0,2,0,0,0,0,22,8,57.1
Jørgen Strand Larsen,no NOR,FW,Wolves,eng Premier League,24.0,2000.0,35,30,2587,28.7,14,4,18,14,0,0,10.3,10.3,3.0,13.3,0.46,54,33,61.1,1.88,1.15,0.26,0.42,0.19,295,457,64.6,3818,697,1.0,21,19,4,1,6,0,1,2,29,42,1.46,6,0.21,10,6,2,3,5,14.8,6,16,29,19,0,736,36,108,8,40.0,345,17,9,90,34,534,112,4,0,0,46,2,0,0,0,42,67,40.1
Gabriel Strefezza,br BRA,"FW,MF",Como,it Serie A,27.0,1997.0,37,32,2619,29.1,6,4,10,6,0,0,3.7,3.7,3.9,7.6,0.26,58,21,36.2,1.99,0.72,0.1,0.29,0.06,875,1158,75.6,13294,3416,4.1,57,67,29,9,123,63,8,10,106,111,3.82,4,0.14,57,39,20,20,17,38.2,13,70,26,41,0,1483,27,93,36,43.9,1033,80,33,49,53,1110,190,5,0,0,46,4,0,0,0,108,10,29.4
Cristhian Stuani,uy URU,FW,Girona,es La Liga,37.0,1986.0,32,6,1078,12.0,11,2,13,8,3,3,8.1,5.8,0.6,6.5,0.73,31,16,51.6,2.59,1.34,0.26,0.5,0.19,107,154,69.5,1450,161,1.0,6,1,3,0,2,0,1,0,10,14,1.17,3,0.25,9,7,1,7,1,62.5,7,16,11,3,0,256,10,55,2,40.0,96,2,2,24,7,156,36,4,0,0,35,0,0,0,0,14,22,56.4
Álex Suárez,es ESP,DF,Las Palmas,es La Liga,31.0,1993.0,30,30,2460,27.3,0,0,0,0,0,0,0.5,0.5,0.1,0.6,0.02,6,3,50.0,0.22,0.11,0.0,0.0,0.09,1165,1357,85.9,21803,7921,0.2,3,50,3,0,1,0,1,9,53,14,0.51,2,0.07,40,23,30,9,1,74.1,13,53,107,13,2,1609,225,19,0,0.0,816,6,0,12,1,1020,3,12,0,0,27,0,0,1,2,68,25,34.2
Denis Suárez,es ESP,MF,Villarreal,es La Liga,30.0,1994.0,21,7,608,6.8,1,1,2,1,0,0,0.9,0.9,1.5,2.4,0.36,10,3,30.0,1.48,0.44,0.1,0.33,0.09,228,291,78.4,3710,1203,1.8,14,21,8,3,25,11,0,5,35,28,4.14,3,0.44,12,8,7,2,3,40.0,3,15,3,8,0,358,5,23,10,58.8,197,27,5,13,8,257,24,0,0,0,1,0,0,0,0,25,1,14.3
Gabriel Suazo,cl CHI,DF,Toulouse,fr Ligue 1,26.0,1997.0,30,23,2163,24.0,0,6,6,0,0,0,0.8,0.8,3.8,4.7,0.19,7,4,57.1,0.29,0.17,0.0,0.0,0.12,994,1248,79.6,15858,6514,4.8,40,75,38,12,78,20,3,9,109,82,3.41,11,0.46,59,39,25,22,12,41.7,36,95,40,27,1,1484,54,39,25,64.1,782,42,8,36,14,889,118,0,0,0,32,2,0,0,1,125,13,40.6
Luka Sučić,hr CRO,MF,Real Sociedad,es La Liga,21.0,2002.0,29,21,1792,19.9,1,1,2,1,0,0,3.3,3.3,2.6,5.9,0.3,43,11,25.6,2.16,0.55,0.02,0.09,0.08,727,882,82.4,11561,2321,2.2,25,52,13,2,18,1,5,7,79,55,2.76,5,0.25,25,18,8,12,5,38.5,15,40,16,15,1,1094,20,32,25,47.2,666,30,5,33,16,779,56,4,0,0,11,2,0,0,0,109,26,51.0
Yukinari Sugawara,jp JPN,"DF,MF",Southampton,eng Premier League,24.0,2000.0,30,16,1557,17.3,1,1,2,1,0,0,0.5,0.5,2.2,2.7,0.16,14,5,35.7,0.81,0.29,0.07,0.2,0.03,713,891,80.0,11241,3454,2.5,17,47,21,9,70,10,1,7,72,39,2.25,1,0.06,31,18,16,14,1,61.3,11,42,53,22,3,1066,67,29,9,45.0,564,33,7,18,5,709,78,4,0,0,15,0,0,2,0,44,5,35.7
Niklas Süle,de GER,DF,Dortmund,de Bundesliga,28.0,1995.0,15,12,1053,11.7,0,0,0,0,0,0,0.6,0.6,0.1,0.7,0.06,9,2,22.2,0.77,0.17,0.0,0.0,0.07,870,938,92.8,15061,5368,0.4,3,74,0,0,1,0,0,4,47,15,1.28,1,0.09,14,12,9,5,0,71.4,4,18,46,2,1,1038,103,9,3,42.9,668,15,0,3,0,798,10,1,0,0,5,1,0,1,0,53,12,66.7
Ibrahim Sulemana,gh GHA,MF,Atalanta,it Serie A,21.0,2003.0,9,3,283,3.1,2,0,2,2,0,0,0.6,0.6,0.0,0.6,0.19,5,2,40.0,1.59,0.64,0.4,1.0,0.11,159,180,88.3,2852,722,0.1,1,18,1,0,0,0,1,0,12,3,0.95,0,0.0,9,4,4,5,0,25.0,0,9,1,0,0,209,5,1,1,25.0,135,2,0,7,3,155,2,1,0,0,2,0,0,0,0,13,9,69.2
Kamaldeen Sulemana,gh GHA,"FW,MF",Southampton,eng Premier League,22.0,2002.0,26,17,1402,15.6,1,1,2,1,0,0,1.5,1.5,1.0,2.5,0.16,29,8,27.6,1.86,0.51,0.03,0.13,0.05,285,357,79.8,4101,627,0.8,10,6,13,7,26,0,0,2,27,30,1.93,3,0.19,22,17,9,5,8,66.7,6,28,9,9,0,587,17,59,39,37.9,380,63,28,50,25,410,87,2,0,0,22,1,0,0,0,63,13,32.5
Crysencio Summerville,nl NED,"FW,MF",West Ham,eng Premier League,22.0,2001.0,19,7,786,8.7,1,1,2,1,0,0,1.6,1.6,1.7,3.3,0.38,14,4,28.6,1.6,0.46,0.07,0.25,0.12,194,254,76.4,2881,640,1.7,17,13,12,5,21,8,3,0,18,35,4.01,1,0.11,13,7,2,8,3,33.3,0,13,7,13,0,372,9,38,13,33.3,207,29,13,20,16,259,71,2,0,0,9,5,0,0,0,38,4,30.8
Tomáš Suslov,sk SVK,"MF,FW",Hellas Verona,it Serie A,22.0,2002.0,31,27,2080,23.1,0,1,1,0,0,0,1.6,1.6,1.9,3.5,0.15,32,7,21.9,1.38,0.3,0.0,0.0,0.05,387,529,73.2,7405,2018,1.7,27,40,22,2,49,20,2,9,82,74,3.2,4,0.17,54,38,23,24,7,31.9,18,72,17,20,1,811,18,28,36,46.8,462,39,10,54,34,466,77,7,1,1,54,6,0,0,0,88,5,16.7
Suso,es ESP,"FW,MF",Sevilla,es La Liga,30.0,1993.0,16,4,606,6.7,0,2,2,0,0,0,0.7,0.7,1.6,2.3,0.35,16,4,25.0,2.38,0.59,0.0,0.0,0.05,285,385,74.0,4789,1573,1.3,22,31,13,4,59,30,2,5,43,45,6.68,3,0.45,10,7,3,6,1,36.4,4,14,2,11,0,463,1,15,14,43.8,280,20,2,9,15,334,74,3,0,0,6,1,0,0,0,31,2,28.6
Mattias Svanberg,se SWE,MF,Wolfsburg,de Bundesliga,25.0,1999.0,20,14,1219,13.5,3,1,4,3,0,0,3.6,3.6,1.7,5.4,0.4,21,7,33.3,1.55,0.52,0.14,0.43,0.17,259,377,68.7,3931,1508,1.6,13,36,4,1,35,14,0,0,36,29,2.14,5,0.37,20,10,6,11,3,47.4,15,35,26,12,0,520,27,25,10,40.0,235,11,1,19,10,279,39,4,0,0,16,4,0,0,0,48,12,37.5
Daniel Svensson,se SWE,"DF,FW",Dortmund,de Bundesliga,22.0,2002.0,12,8,781,8.7,1,3,4,1,0,0,0.8,0.8,1.2,1.9,0.22,6,2,33.3,0.69,0.23,0.17,0.5,0.13,394,497,79.3,6346,2266,1.3,10,29,11,4,36,19,0,3,41,20,2.3,3,0.35,15,11,5,6,4,63.6,5,20,30,12,0,580,24,25,1,20.0,303,11,5,6,7,358,51,0,0,0,4,0,0,0,0,31,6,28.6
Marin Šverko,hr CRO,DF,Venezia,it Serie A,26.0,1998.0,16,12,1117,12.4,1,0,1,1,0,0,0.3,0.3,0.3,0.7,0.05,3,1,33.3,0.24,0.08,0.33,1.0,0.11,495,602,82.2,8857,3962,0.3,2,39,5,0,2,0,2,2,38,13,1.05,1,0.08,20,9,14,6,0,83.3,16,36,45,10,3,711,95,3,6,60.0,356,8,0,8,4,388,1,3,0,0,9,1,0,1,0,44,20,50.0
Michael Svoboda,at AUT,DF,Venezia,it Serie A,25.0,1998.0,16,15,1314,14.6,1,0,1,1,0,0,0.2,0.2,0.6,0.8,0.06,4,4,100.0,0.27,0.27,0.25,0.25,0.04,703,829,84.8,12684,4404,1.2,5,44,2,0,2,0,3,0,43,16,1.1,0,0.0,26,14,19,6,1,42.1,22,48,66,8,2,984,147,15,2,66.7,509,13,2,12,11,563,5,1,0,0,7,0,0,0,0,71,35,55.6
Williot Swedberg,se SWE,"FW,MF",Celta Vigo,es La Liga,20.0,2004.0,32,15,1348,15.0,4,5,9,4,0,0,5.2,5.2,2.6,7.9,0.52,32,15,46.9,2.14,1.0,0.13,0.27,0.17,266,363,73.3,3749,737,2.2,16,16,12,1,18,0,4,1,28,36,2.4,8,0.53,23,16,9,10,4,65.0,3,26,10,18,1,562,6,72,10,22.7,351,34,18,50,16,412,116,1,0,0,21,1,0,0,0,46,8,34.8
Abakar Sylla,ci CIV,DF,Strasbourg,fr Ligue 1,21.0,2002.0,21,10,950,10.6,1,0,1,1,0,0,0.4,0.4,0.1,0.5,0.05,5,1,20.0,0.47,0.09,0.2,1.0,0.08,583,658,88.6,9980,3603,0.1,1,21,1,0,1,0,0,1,21,4,0.38,1,0.09,27,15,14,11,2,88.2,11,38,63,7,0,791,151,9,3,50.0,425,0,0,5,4,497,3,2,1,0,17,0,0,0,1,39,20,57.1
Issiaga Sylla,gn GUI,DF,Montpellier,fr Ligue 1,30.0,1994.0,19,15,1156,12.8,1,0,1,1,0,0,1.8,1.8,0.6,2.4,0.19,11,2,18.2,0.86,0.16,0.09,0.5,0.17,435,563,77.3,7255,3005,0.7,7,45,16,10,36,0,2,3,53,20,1.62,2,0.16,25,10,17,7,1,51.7,10,35,34,16,1,683,50,14,9,60.0,335,33,1,16,8,394,46,2,0,0,13,0,0,0,0,51,22,55.0
Mamadou Sylla,sn SEN,"FW,MF",Valladolid,es La Liga,30.0,1994.0,29,17,1583,17.6,5,1,6,1,4,4,5.1,2.0,1.7,3.6,0.39,18,3,16.7,1.02,0.17,0.06,0.33,0.11,177,282,62.8,2675,420,0.6,14,13,5,0,9,0,0,1,22,22,1.25,5,0.28,8,4,3,3,2,22.2,3,11,14,12,1,431,14,37,5,29.4,188,15,6,43,20,284,52,5,0,0,16,4,2,0,0,35,41,41.4
Sammie Szmodics,ie IRL,"FW,MF",Ipswich Town,eng Premier League,28.0,1995.0,20,13,992,11.0,4,0,4,4,0,0,3.4,3.4,0.2,3.6,0.33,21,12,57.1,1.91,1.09,0.19,0.33,0.16,149,201,74.1,2458,724,0.5,5,11,4,1,14,6,0,0,19,10,0.91,0,0.0,16,10,4,10,2,26.9,6,22,14,13,0,318,17,33,4,33.3,179,16,7,24,17,193,47,2,0,0,9,0,0,1,0,42,6,35.3
Dominik Szoboszlai,hu HUN,MF,Liverpool,eng Premier League,23.0,2000.0,36,29,2491,27.7,6,6,12,6,0,0,7.3,7.3,7.4,14.7,0.53,67,22,32.8,2.42,0.79,0.09,0.27,0.11,1114,1322,84.3,17528,3641,5.9,56,88,33,5,41,17,5,14,131,119,4.3,16,0.58,38,20,14,19,5,37.8,9,47,19,27,2,1584,32,104,21,51.2,805,72,18,37,23,1073,127,6,0,0,44,3,0,0,0,133,19,45.2
Alexander Sørloth,no NOR,FW,Atlético Madrid,es La Liga,28.0,1995.0,35,15,1566,17.4,20,2,22,19,1,1,16.8,16.0,1.6,17.6,1.06,78,40,51.3,4.48,2.3,0.24,0.48,0.21,229,359,63.8,2905,601,0.7,13,19,10,1,5,0,1,0,31,30,1.73,5,0.29,9,5,2,5,2,50.0,1,10,28,5,0,602,29,116,14,37.8,323,32,15,63,32,454,81,4,0,0,26,2,0,0,0,41,98,66.2
Musa Al-Taamari,jo JOR,"FW,MF",Montpellier,fr Ligue 1,27.0,1997.0,15,12,1116,12.4,2,1,3,2,0,0,2.6,2.6,1.5,4.1,0.33,27,11,40.7,2.18,0.89,0.07,0.18,0.09,235,304,77.3,3364,662,1.1,12,12,12,1,14,1,1,1,30,35,2.82,5,0.4,14,10,4,5,5,53.3,3,17,3,14,2,470,1,55,23,32.4,316,55,25,48,20,342,76,3,0,0,7,5,1,0,0,49,8,44.4
Musa Al-Taamari,jo JOR,"FW,MF",Rennes,fr Ligue 1,27.0,1997.0,11,7,567,6.3,1,0,1,1,0,0,2.4,2.4,1.3,3.8,0.6,14,3,21.4,2.22,0.48,0.07,0.33,0.17,108,132,81.8,1444,233,1.4,10,5,3,0,6,0,0,0,8,22,3.5,1,0.16,4,1,1,1,2,0.0,2,6,2,5,0,206,2,41,7,35.0,114,21,9,21,7,147,39,1,0,0,4,2,1,0,0,17,2,18.2
Haris Tabakovic,ba BIH,FW,Hoffenheim,de Bundesliga,30.0,1994.0,22,6,821,9.1,3,1,4,3,0,0,3.3,3.3,1.2,4.6,0.5,30,10,33.3,3.29,1.1,0.1,0.3,0.11,134,213,62.9,1672,273,0.9,9,8,2,1,4,0,0,0,7,16,1.76,3,0.33,3,1,1,0,2,0.0,1,4,16,5,0,334,20,50,4,33.3,165,4,3,25,10,240,45,0,0,0,15,0,0,0,0,13,45,54.9
Nicolás Tagliafico,ar ARG,DF,Lyon,fr Ligue 1,31.0,1992.0,24,22,1902,21.1,3,1,4,3,0,0,3.0,3.0,0.8,3.8,0.18,28,7,25.0,1.32,0.33,0.11,0.43,0.11,1159,1338,86.6,17462,5435,1.4,5,72,8,3,37,0,0,1,97,28,1.32,6,0.28,57,37,24,22,11,60.4,36,93,55,24,0,1582,77,46,1,12.5,822,31,4,21,4,1024,81,7,0,0,41,2,2,0,0,102,25,49.0
Jonathan Tah,de GER,DF,Leverkusen,de Bundesliga,28.0,1996.0,33,33,2970,33.0,3,0,3,3,0,0,1.1,1.1,0.4,1.5,0.05,24,7,29.2,0.73,0.21,0.13,0.43,0.05,2145,2309,92.9,38573,15060,1.9,4,202,6,3,6,0,2,4,169,30,0.91,5,0.15,19,12,12,6,1,62.5,36,55,157,7,2,2626,224,43,3,60.0,1551,15,0,16,10,1888,9,3,0,0,16,1,0,0,0,165,77,77.0
Adrien Tameze,cm CMR,"MF,DF",Torino,it Serie A,30.0,1994.0,20,9,649,7.2,0,0,0,0,0,0,0.4,0.4,0.8,1.2,0.17,7,3,42.9,0.97,0.42,0.0,0.0,0.06,259,301,86.0,4112,904,0.7,6,10,6,1,9,0,0,0,23,8,1.11,0,0.0,5,2,2,3,0,10.0,10,15,8,7,1,368,15,13,4,26.7,214,16,0,10,3,257,21,3,0,0,8,0,0,1,0,25,11,57.9
Axel Tapé,fr FRA,"DF,MF",Paris S-G,fr Ligue 1,16.0,2007.0,2,2,180,2.0,0,0,0,0,0,0,0.0,0.0,0.0,0.1,0.03,1,0,0.0,0.5,0.0,0.0,,0.05,142,151,94.0,2651,619,0.0,1,6,0,0,0,0,0,0,5,1,0.5,0,0.0,3,1,1,2,0,100.0,1,4,5,2,0,174,11,0,1,33.3,129,1,0,5,2,143,1,1,0,0,2,0,0,0,0,11,1,20.0
Renato Tapia,pe PER,"MF,DF",Leganés,es La Liga,29.0,1995.0,34,28,2424,26.9,1,0,1,1,0,0,0.6,0.6,0.4,1.0,0.04,14,6,42.9,0.52,0.22,0.07,0.17,0.05,838,1070,78.3,14894,4774,0.8,8,80,9,0,12,0,4,20,83,24,0.89,4,0.15,61,35,30,27,4,48.0,27,88,86,25,2,1397,134,13,19,51.4,663,17,3,33,15,779,20,8,0,0,38,1,0,0,0,155,32,57.1
Edmond Tapsoba,bf BFA,DF,Leverkusen,de Bundesliga,25.0,1999.0,29,29,2507,27.9,0,0,0,0,0,0,1.1,1.1,0.2,1.3,0.05,21,2,9.5,0.75,0.07,0.0,0.0,0.05,1703,1972,86.4,29215,10275,1.3,4,195,9,2,8,0,1,9,164,34,1.22,6,0.22,39,24,19,16,4,56.4,24,63,89,14,3,2214,145,23,11,57.9,1326,52,1,16,5,1564,17,4,0,0,34,1,0,1,1,124,54,62.8
Florian Tardieu,fr FRA,MF,Saint-Étienne,fr Ligue 1,32.0,1992.0,24,13,1252,13.9,2,4,6,2,0,0,0.6,0.6,1.3,1.9,0.15,16,3,18.8,1.15,0.22,0.13,0.67,0.04,869,1013,85.8,13919,5229,1.6,19,127,24,0,24,16,4,6,139,45,3.48,5,0.39,18,14,6,9,3,35.3,15,33,21,7,0,1141,42,16,3,23.1,598,11,0,15,9,846,44,0,0,0,10,2,0,1,0,83,14,63.6
Mehdi Taremi,ir IRN,FW,Inter,it Serie A,32.0,1992.0,25,7,807,9.0,1,2,3,0,1,1,3.5,2.7,1.6,4.2,0.56,13,5,38.5,1.45,0.56,0.0,0.0,0.21,185,231,80.1,2442,471,1.1,15,12,5,0,1,0,4,0,25,33,3.64,4,0.44,7,1,2,2,3,25.0,0,7,11,8,0,318,11,45,6,54.5,186,10,6,14,5,230,47,1,0,0,9,4,1,0,0,29,19,44.2
Matt Targett,eng ENG,DF,Newcastle Utd,eng Premier League,28.0,1995.0,2,0,21,0.2,0,0,0,0,0,0,0.0,0.0,0.0,0.0,0.0,0,0,,0.0,0.0,,,,14,15,93.3,187,49,0.1,0,0,1,1,1,0,0,0,0,0,0.0,0,0.0,0,0,0,0,0,0.0,1,1,1,0,0,17,0,0,0,,4,0,0,0,0,12,1,0,0,0,0,0,0,0,0,2,0,
Oussama Targhalline,ma MAR,MF,Le Havre,fr Ligue 1,22.0,2002.0,14,12,990,11.0,0,0,0,0,0,0,0.1,0.1,0.7,0.9,0.08,5,0,0.0,0.45,0.0,0.0,,0.03,348,437,79.6,5782,1714,1.2,6,50,13,2,16,2,5,5,66,20,1.82,2,0.18,19,14,12,3,4,41.7,19,38,14,10,2,551,25,11,5,38.5,330,25,1,17,21,385,34,0,0,0,11,0,0,0,0,43,8,57.1
James Tarkowski,eng ENG,DF,Everton,eng Premier League,31.0,1992.0,33,33,2922,32.5,1,1,2,1,0,0,1.3,1.3,2.9,4.2,0.13,15,4,26.7,0.46,0.12,0.07,0.25,0.09,1045,1290,81.0,22119,8229,2.4,16,83,11,0,1,0,2,13,75,38,1.17,4,0.12,64,40,39,22,3,61.5,41,105,213,12,4,1706,355,57,5,71.4,727,9,0,13,7,927,3,6,0,0,35,0,0,1,0,98,102,75.6
César Tárrega,es ESP,DF,Valencia,es La Liga,22.0,2002.0,34,34,3026,33.6,2,0,2,2,0,0,1.9,1.9,0.1,2.1,0.06,20,6,30.0,0.59,0.18,0.1,0.33,0.1,1428,1692,84.4,27168,9416,0.2,3,79,1,0,1,0,0,10,79,10,0.3,0,0.0,49,37,33,13,3,61.3,22,71,222,14,2,2096,330,37,11,73.3,1134,20,0,16,4,1318,1,7,0,0,56,0,0,2,2,104,87,58.4
Nuno Tavares,pt POR,DF,Lazio,it Serie A,24.0,2000.0,23,22,1686,18.7,0,8,8,0,0,0,1.1,1.1,4.8,5.9,0.32,28,5,17.9,1.49,0.27,0.0,0.0,0.04,820,1042,78.7,13097,5090,4.9,33,69,44,23,126,9,2,6,111,63,3.37,11,0.59,28,21,15,8,5,41.2,21,49,44,29,2,1302,61,39,49,46.7,736,98,20,45,32,811,100,4,1,1,18,2,0,1,0,104,11,50.0
Marcus Tavernier,eng ENG,"FW,MF",Bournemouth,eng Premier League,25.0,1999.0,29,20,1939,21.5,3,5,8,3,0,0,5.5,5.5,4.0,9.5,0.44,57,17,29.8,2.65,0.79,0.05,0.18,0.1,689,934,73.8,11654,3481,3.6,43,80,40,14,108,49,5,9,128,98,4.55,11,0.51,43,24,15,19,9,37.0,5,48,11,26,0,1196,20,58,28,43.1,705,53,9,46,47,790,129,6,0,0,34,5,0,0,0,119,26,44.1
Charlie Taylor,eng ENG,DF,Southampton,eng Premier League,30.0,1993.0,8,3,356,4.0,0,0,0,0,0,0,0.0,0.0,0.1,0.1,0.02,0,0,,0.0,0.0,,,,196,223,87.9,3602,910,0.2,1,9,3,1,9,2,0,0,9,2,0.51,1,0.25,7,5,4,3,0,71.4,5,12,31,3,1,279,35,2,2,100.0,116,3,0,1,1,172,7,1,0,0,2,0,0,0,0,10,6,75.0
Jack Taylor,ie IRL,MF,Ipswich Town,eng Premier League,26.0,1998.0,32,4,860,9.6,1,0,1,1,0,0,0.7,0.7,0.5,1.3,0.13,19,4,21.1,1.99,0.42,0.05,0.25,0.04,349,421,82.9,6188,1673,0.8,5,30,8,1,7,3,2,3,43,22,2.3,2,0.21,20,10,6,11,3,44.4,9,29,24,5,0,534,32,8,4,36.4,254,11,1,10,6,345,23,4,0,0,16,0,0,0,0,53,7,46.7
Loum Tchaouna,fr FRA,"FW,MF",Lazio,it Serie A,20.0,2003.0,24,6,660,7.3,1,0,1,1,0,0,2.5,2.5,0.6,3.1,0.42,23,8,34.8,3.14,1.09,0.04,0.13,0.11,172,247,69.6,2582,567,0.7,10,9,8,1,32,15,1,2,20,25,3.4,6,0.82,8,4,2,2,4,33.3,4,12,14,5,2,341,14,33,5,50.0,188,22,8,26,6,246,66,4,1,1,10,0,0,0,0,18,5,16.1
Jackson Tchatchoua,cm CMR,"DF,MF",Hellas Verona,it Serie A,22.0,2001.0,36,36,3167,35.2,2,3,5,2,0,0,1.6,1.6,2.8,4.5,0.13,18,3,16.7,0.51,0.09,0.11,0.67,0.09,837,1126,74.3,12483,4001,3.0,34,39,29,18,118,0,2,6,72,60,1.71,3,0.09,50,31,34,13,3,65.1,14,64,75,35,2,1403,83,35,21,52.5,685,88,18,50,15,748,163,7,1,0,26,0,0,1,0,121,30,46.9
Enzo Tchato,cm CMR,DF,Montpellier,fr Ligue 1,21.0,2002.0,27,21,1899,21.1,0,0,0,0,0,0,0.1,0.1,1.5,1.7,0.08,4,2,50.0,0.19,0.09,0.0,0.0,0.03,757,1010,75.0,12674,4703,1.2,14,46,13,12,77,0,1,0,62,33,1.56,0,0.0,48,26,26,18,4,59.1,22,70,59,28,0,1204,79,14,6,42.9,532,44,3,16,5,670,95,3,0,0,21,0,0,0,0,60,19,61.3
Aurélien Tchouaméni,fr FRA,"DF,MF",Real Madrid,es La Liga,24.0,2000.0,32,31,2689,29.9,0,0,0,0,0,0,1.7,1.7,0.6,2.2,0.07,19,3,15.8,0.64,0.1,0.0,0.0,0.09,1869,2025,92.3,32598,10694,0.9,5,176,9,1,12,0,0,9,154,34,1.14,0,0.0,47,23,25,19,3,51.2,46,93,92,10,1,2324,216,25,10,62.5,1440,19,1,23,8,1689,13,5,0,0,26,0,0,1,0,143,74,73.3
Álvaro Tejero,es ESP,"MF,DF",Espanyol,es La Liga,28.0,1996.0,28,13,1238,13.8,1,4,5,1,0,0,0.6,0.6,2.9,3.5,0.26,17,4,23.5,1.24,0.29,0.06,0.25,0.04,453,626,72.4,8414,3082,3.6,33,26,21,12,113,53,1,4,46,55,4.0,9,0.65,14,4,7,6,1,30.4,13,27,34,15,1,757,33,13,3,21.4,336,27,2,17,6,394,72,2,0,0,14,1,0,0,0,64,10,45.5
Martín Tejón,es ESP,"MF,DF",Valencia,es La Liga,20.0,2004.0,4,0,49,0.5,0,0,0,0,0,0,0.1,0.1,0.0,0.1,0.21,1,0,0.0,1.84,0.0,0.0,,0.08,20,26,76.9,328,95,0.0,1,2,0,0,1,0,0,0,4,1,1.87,0,0.0,2,0,0,2,0,50.0,0,2,0,0,0,34,1,2,2,50.0,17,0,0,1,3,23,6,0,0,0,1,0,0,0,0,4,0,0.0
Mathys Tel,fr FRA,FW,Tottenham,eng Premier League,19.0,2005.0,13,11,911,10.1,2,1,3,1,1,1,3.0,2.2,2.6,4.7,0.55,22,8,36.4,2.17,0.79,0.05,0.13,0.1,185,266,69.5,3172,666,1.5,14,12,14,4,35,8,2,1,21,28,2.77,2,0.2,16,6,5,6,5,38.5,2,18,8,12,2,414,9,40,15,28.3,266,28,11,28,15,279,72,2,0,0,14,4,1,0,0,38,4,36.4
Mathys Tel,fr FRA,"FW,MF",Bayern Munich,de Bundesliga,19.0,2005.0,8,2,256,2.8,0,1,1,0,0,0,0.7,0.7,0.3,1.0,0.36,10,3,30.0,3.52,1.05,0.0,0.0,0.07,108,128,84.4,1721,329,0.6,1,5,4,1,5,2,0,1,9,4,1.41,2,0.7,2,2,0,2,0,,1,3,1,2,0,157,0,14,6,50.0,109,6,3,4,6,135,34,0,0,0,5,0,0,0,0,10,1,100.0
Nathan Tella,ng NGA,"MF,FW",Leverkusen,de Bundesliga,25.0,1999.0,27,17,1359,15.1,2,4,6,2,0,0,3.1,3.1,1.5,4.6,0.31,28,10,35.7,1.85,0.66,0.07,0.2,0.11,256,343,74.6,3452,603,1.6,18,15,10,2,25,0,2,1,22,32,2.12,7,0.46,16,11,4,7,5,38.5,4,20,10,20,0,529,8,67,19,37.3,308,38,17,39,16,389,130,1,0,0,22,2,0,0,0,37,11,30.6
Nahuel Tenaglia,ar ARG,DF,Alavés,es La Liga,28.0,1996.0,34,33,2922,32.5,2,1,3,2,0,0,2.2,2.2,1.6,3.7,0.12,27,8,29.6,0.83,0.25,0.07,0.25,0.08,1017,1410,72.1,17640,8188,1.4,19,85,19,9,85,0,0,4,103,51,1.57,4,0.12,96,61,61,30,5,60.2,47,143,123,35,2,1835,105,48,17,48.6,757,42,5,36,15,829,98,11,0,0,37,8,3,0,0,117,46,46.9
Casper Tengstedt,dk DEN,FW,Hellas Verona,it Serie A,24.0,2000.0,25,20,1517,16.9,6,1,7,5,1,1,5.3,4.5,0.9,5.4,0.37,37,10,27.0,2.2,0.59,0.14,0.5,0.12,201,298,67.4,2875,528,1.1,12,11,8,1,10,0,4,2,29,24,1.42,3,0.18,7,5,0,5,2,44.4,4,11,29,18,0,458,30,58,9,33.3,238,29,13,36,6,303,85,2,0,0,6,2,0,0,0,37,20,24.7
Filippo Terracciano,it ITA,"DF,MF",Milan,it Serie A,21.0,2003.0,13,6,539,6.0,0,0,0,0,0,0,0.2,0.2,0.1,0.3,0.04,3,1,33.3,0.5,0.17,0.0,0.0,0.06,226,257,87.9,3828,822,0.1,2,21,1,1,3,0,1,1,14,4,0.67,0,0.0,9,6,1,6,2,50.0,6,15,11,2,0,303,10,3,0,0.0,162,5,0,1,5,194,9,3,0,0,11,0,0,0,0,21,10,66.7
Ramón Terrats,es ESP,"MF,FW",Villarreal,es La Liga,23.0,2000.0,11,1,131,1.5,0,0,0,0,0,0,0.1,0.1,0.3,0.3,0.22,2,0,0.0,1.37,0.0,0.0,,0.03,64,79,81.0,1157,305,0.4,1,7,2,1,5,0,1,2,7,4,2.73,0,0.0,3,3,1,2,0,50.0,2,5,3,2,0,106,8,2,1,16.7,64,1,0,6,2,75,3,1,0,0,2,1,0,0,0,11,3,60.0
Ramón Terrats,es ESP,"MF,FW",Getafe,es La Liga,23.0,2000.0,15,15,1219,13.5,4,1,5,4,0,0,2.2,2.2,2.5,4.7,0.35,19,8,42.1,1.4,0.59,0.21,0.5,0.11,228,352,64.8,3750,1171,1.1,16,29,9,3,35,12,5,3,36,32,2.36,2,0.15,20,10,7,8,5,28.6,8,28,16,11,0,493,15,23,25,50.0,256,8,4,33,12,291,37,1,0,0,13,2,0,0,0,53,14,51.9
Martin Terrier,fr FRA,"MF,FW",Leverkusen,de Bundesliga,27.0,1997.0,15,7,584,6.5,2,1,3,2,0,0,2.4,2.4,0.9,3.3,0.52,16,6,37.5,2.47,0.92,0.13,0.33,0.15,163,199,81.9,2144,377,1.7,8,6,5,1,5,2,2,0,14,21,3.24,3,0.46,4,2,1,0,3,25.0,1,5,1,6,0,250,3,35,2,50.0,129,11,4,11,6,205,35,1,0,0,2,2,0,0,0,8,11,45.8
Tanner Tessmann,us USA,MF,Lyon,fr Ligue 1,22.0,2001.0,25,13,1234,13.7,1,0,1,1,0,0,1.0,1.0,0.6,1.6,0.11,18,10,55.6,1.31,0.73,0.06,0.1,0.05,685,766,89.4,11703,2664,0.8,7,64,3,0,14,5,1,16,56,18,1.31,1,0.07,25,15,11,10,4,48.0,19,44,29,7,1,915,49,20,10,50.0,575,11,1,12,11,679,27,3,0,0,14,2,0,0,0,63,4,17.4
Kenny Tete,nl NED,DF,Fulham,eng Premier League,28.0,1995.0,22,21,1774,19.7,0,2,2,0,0,0,1.4,1.4,0.9,2.3,0.12,24,2,8.3,1.22,0.1,0.0,0.0,0.06,772,956,80.8,12358,4026,0.7,9,65,13,6,38,0,1,2,63,36,1.83,4,0.2,56,38,29,14,13,60.5,32,88,67,23,0,1205,79,37,9,45.0,611,34,7,17,10,695,54,5,0,0,35,2,0,0,0,74,24,52.2
Teddy Teuma,mt MLT,MF,Reims,fr Ligue 1,30.0,1993.0,17,9,750,8.3,1,0,1,0,1,1,1.4,0.6,1.1,1.7,0.3,13,2,15.4,1.56,0.24,0.0,0.0,0.05,494,624,79.2,7958,2302,1.3,13,41,9,4,44,23,3,8,47,28,3.36,0,0.0,18,10,6,6,6,28.0,12,30,8,17,1,722,19,12,3,25.0,350,9,0,11,11,502,34,1,0,0,11,1,0,0,0,42,4,33.3
Jordan Teze,nl NED,DF,Monaco,fr Ligue 1,24.0,1999.0,16,8,569,6.3,1,0,1,1,0,0,1.2,1.2,1.5,2.7,0.43,5,2,40.0,0.79,0.32,0.2,0.5,0.24,287,363,79.1,4858,1860,2.0,13,28,9,3,12,3,1,1,31,19,3.01,0,0.0,18,9,8,9,1,43.8,6,24,15,9,0,434,15,15,5,50.0,171,9,2,8,3,237,41,2,1,0,10,0,0,0,0,29,7,46.7
Florian Thauvin,fr FRA,"FW,MF",Udinese,it Serie A,31.0,1993.0,25,24,1956,21.7,8,3,11,7,1,3,8.1,5.7,3.8,9.5,0.55,51,23,45.1,2.35,1.06,0.14,0.3,0.11,544,819,66.4,9660,3359,4.7,39,58,43,20,168,56,5,13,90,93,4.28,9,0.41,20,14,9,8,3,40.0,7,27,10,28,0,1062,8,82,39,42.4,682,92,34,60,38,790,148,0,0,0,10,3,0,0,0,68,5,33.3
Arthur Theate,be BEL,DF,Eint Frankfurt,de Bundesliga,24.0,2000.0,31,31,2704,30.0,0,0,0,0,0,0,2.4,2.4,1.0,3.4,0.11,36,9,25.0,1.2,0.3,0.0,0.0,0.07,1539,1863,82.6,28003,10918,1.7,13,184,22,5,26,0,7,13,171,47,1.56,7,0.23,36,25,19,16,1,50.0,39,75,170,18,3,2230,237,33,10,76.9,1321,50,1,21,7,1431,24,6,1,1,14,3,0,0,0,123,54,55.1
Norman Theuerkauf,de GER,MF,Heidenheim,de Bundesliga,37.0,1987.0,1,0,22,0.2,0,0,0,0,0,0,0.0,0.0,0.0,0.0,0.14,1,0,0.0,4.09,0.0,0.0,,0.03,17,20,85.0,298,71,0.0,0,2,0,0,0,0,0,0,2,1,4.09,0,0.0,0,0,0,0,0,,0,0,0,0,0,21,0,1,0,,8,0,0,0,0,13,0,0,0,0,1,0,0,0,0,0,0,
Thiago,br BRA,"FW,MF",Brentford,eng Premier League,23.0,2001.0,8,1,175,1.9,0,0,0,0,0,0,0.1,0.1,0.1,0.2,0.1,2,0,0.0,1.03,0.0,0.0,,0.06,40,56,71.4,568,73,0.0,2,2,2,0,2,0,0,0,4,3,1.55,0,0.0,5,3,2,1,2,0.0,2,7,3,0,1,83,7,4,3,60.0,45,3,1,6,2,51,8,0,0,0,3,0,0,0,0,12,7,58.3
Malick Thiaw,de GER,DF,Milan,it Serie A,22.0,2001.0,22,19,1806,20.1,0,0,0,0,0,0,0.6,0.6,0.1,0.7,0.04,7,0,0.0,0.35,0.0,0.0,,0.08,1181,1269,93.1,23117,7754,0.2,4,87,1,0,3,0,2,6,89,21,1.05,1,0.05,24,17,15,6,3,60.0,15,39,76,2,1,1432,133,15,3,75.0,905,12,0,8,2,1044,1,2,0,0,24,0,0,0,3,65,49,64.5
Denis Thomalla,de GER,MF,Heidenheim,de Bundesliga,31.0,1992.0,1,0,4,0.0,0,0,0,0,0,0,0.0,0.0,0.0,0.0,0.0,0,0,,0.0,0.0,,,,1,1,100.0,22,0,0.0,0,0,0,0,0,0,0,0,0,0,0.0,0,0.0,0,0,0,0,0,,0,0,0,0,0,1,0,0,0,,1,0,0,0,0,0,0,0,0,0,0,0,0,0,0,1,0,
Luke Thomas,eng ENG,DF,Leicester City,eng Premier League,23.0,2001.0,14,13,1110,12.3,0,0,0,0,0,0,0.4,0.4,0.5,0.9,0.07,5,0,0.0,0.41,0.0,0.0,,0.07,493,629,78.4,8065,2702,0.5,9,32,5,2,29,8,0,0,37,16,1.3,1,0.08,31,25,23,5,3,51.2,21,52,49,14,1,775,50,8,3,50.0,371,5,2,12,4,431,16,3,0,0,16,0,0,1,0,42,13,54.2
Sorba Thomas,wls WAL,"FW,MF",Nantes,fr Ligue 1,24.0,1999.0,25,15,1321,14.7,1,3,4,1,0,0,1.5,1.5,3.7,5.2,0.35,9,1,11.1,0.61,0.07,0.11,1.0,0.17,360,550,65.5,6320,2228,3.0,36,27,24,17,130,53,0,1,34,54,3.68,6,0.41,14,6,7,5,2,55.6,9,23,27,16,1,674,25,20,9,37.5,372,41,7,26,25,427,93,3,0,0,13,1,0,0,0,66,7,29.2
Adrien Thomasson,fr FRA,MF,Lens,fr Ligue 1,30.0,1993.0,33,31,2615,29.1,3,7,10,3,0,0,5.9,5.9,6.0,11.9,0.41,41,11,26.8,1.41,0.38,0.07,0.27,0.15,1318,1612,81.8,20594,5103,5.2,56,99,29,7,58,24,4,9,149,109,3.75,11,0.38,90,47,42,25,23,54.7,19,109,28,33,2,1995,52,112,26,43.3,1056,30,9,67,41,1361,138,7,0,0,51,3,0,1,0,206,17,27.4
Morten Thorsby,no NOR,"MF,FW",Genoa,it Serie A,28.0,1996.0,30,22,1898,21.1,0,1,1,0,0,0,2.8,2.8,2.1,4.9,0.23,15,6,40.0,0.71,0.28,0.0,0.0,0.19,353,530,66.6,4602,1701,1.2,27,45,10,1,9,0,3,0,58,55,2.61,2,0.09,49,30,19,20,10,58.6,5,54,28,20,1,753,29,66,9,40.9,295,24,6,45,28,470,76,6,0,0,53,2,0,2,1,51,107,51.9
Khéphren Thuram,fr FRA,MF,Juventus,it Serie A,23.0,2001.0,35,26,2326,25.8,4,5,9,4,0,0,3.5,3.5,3.6,7.1,0.28,36,10,27.8,1.39,0.39,0.11,0.4,0.1,1228,1389,88.4,18876,4695,1.8,25,124,19,0,13,0,6,1,123,56,2.17,10,0.39,44,21,16,24,4,56.3,14,58,39,17,2,1661,73,44,39,55.7,1067,74,12,28,23,1258,52,5,0,0,36,2,0,0,0,110,28,49.1
Marcus Thuram,fr FRA,FW,Inter,it Serie A,26.0,1997.0,31,26,2200,24.4,14,4,18,14,0,0,9.9,9.9,4.4,14.3,0.56,64,27,42.2,2.62,1.1,0.22,0.52,0.15,412,559,73.7,5263,1082,4.1,39,24,27,4,13,0,4,2,53,90,3.54,16,0.63,18,8,7,5,6,21.4,3,21,15,12,0,830,21,160,24,45.3,453,62,36,55,29,612,170,1,0,0,30,9,2,0,0,71,45,57.0
Cheikh Tidiane Niasse,sn SEN,MF,Hellas Verona,it Serie A,24.0,2000.0,11,8,755,8.4,0,0,0,0,0,0,0.4,0.4,0.1,0.5,0.06,3,1,33.3,0.36,0.12,0.0,0.0,0.13,192,240,80.0,3132,544,0.3,4,16,2,0,2,0,0,2,25,12,1.43,0,0.0,18,15,6,12,0,52.6,17,35,17,6,2,353,17,9,1,14.3,160,5,1,14,7,181,15,4,0,0,11,1,0,0,0,26,19,47.5
Youri Tielemans,be BEL,MF,Aston Villa,eng Premier League,27.0,1997.0,36,35,3026,33.6,3,7,10,3,0,1,3.3,2.5,7.0,9.5,0.31,40,12,30.0,1.19,0.36,0.08,0.25,0.06,1694,2061,82.2,29049,10244,5.7,60,229,38,4,119,85,24,8,235,122,3.63,12,0.36,84,58,32,44,8,54.8,23,107,47,37,4,2385,103,45,31,50.8,1288,39,9,31,29,1667,48,4,0,0,41,2,0,0,0,145,22,55.0
Kieran Tierney,sct SCO,"DF,FW",Arsenal,eng Premier League,27.0,1997.0,13,2,259,2.9,1,0,1,1,0,0,0.4,0.4,1.4,1.7,0.6,2,1,50.0,0.69,0.35,0.5,1.0,0.18,145,173,83.8,2325,699,0.7,8,13,5,2,14,0,1,0,15,10,3.47,0,0.0,7,5,4,1,2,66.7,3,10,9,2,0,199,8,6,2,50.0,108,8,1,3,0,143,29,0,0,0,1,0,0,0,0,6,5,50.0
Phillip Tietz,de GER,FW,Augsburg,de Bundesliga,27.0,1997.0,34,19,1686,18.7,7,2,9,6,1,1,6.1,5.3,1.2,6.5,0.39,51,19,37.3,2.72,1.01,0.12,0.32,0.1,300,481,62.4,4032,671,1.4,22,18,9,1,1,1,1,0,29,48,2.56,5,0.27,11,6,2,7,2,62.5,5,16,26,21,1,677,22,89,15,48.4,347,8,4,46,17,502,113,4,0,0,36,2,0,0,0,48,78,47.9
Jurriën Timber,nl NED,DF,Arsenal,eng Premier League,23.0,2001.0,30,27,2417,26.9,1,3,4,1,0,0,1.2,1.2,0.8,2.1,0.08,14,4,28.6,0.52,0.15,0.07,0.25,0.09,1194,1395,85.6,17327,4642,1.3,17,107,17,2,28,0,2,1,146,52,1.94,9,0.34,58,38,17,30,11,66.7,22,80,44,25,1,1661,51,66,24,45.3,890,57,11,33,24,1052,104,7,0,0,31,1,0,0,0,94,22,52.4
Jean-Clair Todibo,fr FRA,DF,West Ham,eng Premier League,24.0,1999.0,27,20,1825,20.3,0,0,0,0,0,0,0.4,0.4,0.0,0.4,0.02,5,0,0.0,0.25,0.0,0.0,,0.07,951,1082,87.9,16772,5965,0.1,2,44,1,0,3,0,0,4,38,5,0.25,0,0.0,47,28,30,15,2,72.2,26,73,83,7,3,1297,165,11,9,56.3,760,9,0,14,11,890,5,3,0,0,16,0,0,0,0,79,28,51.9
Harry Toffolo,eng ENG,DF,Nott'ham Forest,eng Premier League,28.0,1995.0,4,1,137,1.5,0,0,0,0,0,0,0.0,0.0,0.0,0.0,0.01,1,0,0.0,0.66,0.0,0.0,,0.02,47,67,70.1,653,304,0.0,0,1,0,0,4,1,0,0,2,0,0.0,0,0.0,5,3,3,1,1,75.0,2,7,12,3,0,88,9,2,0,,17,0,0,0,0,30,4,1,0,0,1,0,0,0,0,2,1,100.0
Umut Tohumcu,de GER,"MF,FW",Hoffenheim,de Bundesliga,19.0,2004.0,12,3,375,4.2,0,1,1,0,0,0,0.1,0.1,0.4,0.5,0.12,3,1,33.3,0.72,0.24,0.0,0.0,0.04,110,133,82.7,1577,398,0.3,3,8,0,0,8,4,0,0,13,6,1.44,1,0.24,9,5,3,5,1,71.4,3,12,6,1,0,169,8,0,4,57.1,91,3,0,3,7,102,5,3,0,0,6,1,0,0,0,13,0,0.0
Corentin Tolisso,fr FRA,MF,Lyon,fr Ligue 1,29.0,1994.0,32,27,2329,25.9,7,4,11,7,0,0,5.3,5.3,4.9,10.2,0.4,51,18,35.3,1.97,0.7,0.14,0.39,0.1,1359,1602,84.8,20673,6018,4.9,31,147,35,4,32,1,5,13,166,81,3.13,15,0.58,57,25,21,26,10,52.3,22,79,41,41,1,1917,79,88,11,52.4,1073,31,3,31,20,1409,133,4,0,0,44,1,0,1,0,128,54,48.2
John Tolkin,us USA,"DF,MF",Holstein Kiel,de Bundesliga,22.0,2002.0,11,9,737,8.2,0,2,2,0,0,0,0.1,0.1,0.7,0.7,0.09,3,0,0.0,0.37,0.0,0.0,,0.02,250,368,67.9,4390,1920,1.1,11,14,5,1,38,20,1,1,17,20,2.44,2,0.24,18,11,11,7,0,85.7,8,26,54,8,0,479,35,5,5,50.0,174,6,0,5,6,219,12,0,0,0,2,1,0,0,0,21,8,57.1
Rafael Tolói,it ITA,DF,Atalanta,it Serie A,33.0,1990.0,11,2,468,5.2,0,0,0,0,0,0,0.1,0.1,0.2,0.3,0.05,3,0,0.0,0.58,0.0,0.0,,0.02,257,293,87.7,4198,1287,0.5,3,20,5,0,2,0,0,1,26,7,1.35,0,0.0,10,5,3,5,2,36.4,8,18,11,0,0,340,19,3,2,66.7,195,5,0,6,3,234,5,1,0,0,6,1,0,0,0,33,9,90.0
Raúl de Tomás,es ESP,"DF,FW",Rayo Vallecano,es La Liga,29.0,1994.0,2,0,22,0.2,0,0,0,0,0,0,0.0,0.0,0.0,0.0,0.0,0,0,,0.0,0.0,,,,5,6,83.3,50,0,0.0,0,0,0,0,0,0,0,0,0,0,0.0,0,0.0,2,2,1,0,1,,0,2,0,0,0,11,0,1,0,0.0,8,0,0,2,1,10,2,0,0,0,1,0,0,0,0,2,0,
Tiago Tomás,pt POR,"FW,MF",Wolfsburg,de Bundesliga,22.0,2002.0,32,23,1884,20.9,6,1,7,6,0,0,5.4,5.4,2.6,8.1,0.38,42,20,47.6,2.01,0.96,0.14,0.3,0.13,329,475,69.3,4977,1438,1.5,20,33,13,3,22,0,5,3,50,55,2.63,8,0.38,33,19,15,11,7,42.9,9,42,19,17,0,782,18,78,29,36.3,503,31,14,55,35,556,125,7,0,0,30,6,1,0,0,74,9,23.1
Takehiro Tomiyasu,jp JPN,DF,Arsenal,eng Premier League,25.0,1998.0,1,0,7,0.1,0,0,0,0,0,0,0.2,0.2,0.0,0.2,2.37,1,0,0.0,12.86,0.0,0.0,,0.18,3,4,75.0,42,10,0.0,0,0,0,0,0,0,0,0,1,1,12.86,0,0.0,0,0,0,0,0,,0,0,1,0,0,7,1,1,0,,1,0,0,0,0,2,0,0,0,0,0,0,0,0,0,0,0,
Fikayo Tomori,eng ENG,DF,Milan,it Serie A,26.0,1997.0,22,19,1593,17.7,0,1,1,0,0,0,0.1,0.1,0.7,0.8,0.05,2,0,0.0,0.11,0.0,0.0,,0.04,1019,1103,92.4,18036,6914,0.8,8,58,6,3,6,0,2,4,63,22,1.24,3,0.17,40,25,21,16,3,68.0,20,60,61,5,2,1260,119,7,2,100.0,721,8,0,9,2,871,3,4,1,1,10,0,0,0,0,60,28,48.3
Sandro Tonali,it ITA,MF,Newcastle Utd,eng Premier League,24.0,2000.0,36,28,2630,29.2,4,2,6,4,0,0,4.4,4.4,2.2,6.6,0.22,35,12,34.3,1.2,0.41,0.11,0.33,0.13,1285,1535,83.7,20569,5348,2.8,28,104,30,5,54,19,7,7,128,78,2.67,9,0.31,51,32,22,23,6,49.0,34,85,33,27,2,1818,64,45,20,54.1,979,37,6,30,23,1257,53,5,0,0,37,6,1,0,0,177,12,50.0
Luka Topalović,si SVN,MF,Inter,it Serie A,18.0,2006.0,1,0,11,0.1,0,0,0,0,0,0,0.0,0.0,0.0,0.0,0.0,0,0,,0.0,0.0,,,,5,9,55.6,73,11,0.0,0,0,0,0,0,0,0,0,0,0,0.0,0,0.0,1,1,0,1,0,,0,1,0,0,0,11,0,3,0,0.0,5,0,0,0,0,6,1,0,0,0,0,0,0,0,0,0,0,
Pablo Torre,es ESP,"MF,FW",Barcelona,es La Liga,21.0,2003.0,10,4,310,3.4,3,1,4,3,0,0,0.4,0.4,0.8,1.1,0.33,6,4,66.7,1.74,1.16,0.5,0.75,0.06,180,220,81.8,2702,678,1.3,8,13,4,1,13,14,3,0,17,18,5.24,3,0.87,5,4,1,3,1,50.0,3,8,5,4,1,254,5,10,2,33.3,130,5,0,5,6,190,20,0,0,0,4,1,0,0,0,15,1,14.3
David Torres,es ESP,DF,Valladolid,es La Liga,21.0,2003.0,18,15,1387,15.4,0,0,0,0,0,0,0.3,0.3,0.0,0.3,0.02,3,1,33.3,0.19,0.06,0.0,0.0,0.09,589,714,82.5,11231,4594,0.1,1,27,1,1,3,0,0,3,37,3,0.19,0,0.0,13,8,12,1,0,63.6,10,23,74,10,0,846,139,5,1,50.0,451,11,0,2,3,547,3,5,0,0,13,0,0,0,1,27,20,48.8
Ferrán Torres,es ESP,"FW,MF",Barcelona,es La Liga,24.0,2000.0,27,12,1106,12.3,10,6,16,10,0,0,8.0,8.0,3.1,11.0,0.9,48,22,45.8,3.91,1.79,0.21,0.45,0.17,267,360,74.2,3409,773,2.6,19,17,18,2,17,9,2,2,35,38,3.09,7,0.57,8,4,2,3,3,37.5,4,12,5,14,0,498,3,81,11,52.4,291,23,13,28,13,397,98,1,1,0,5,3,0,0,0,27,5,35.7
Pau Torres,es ESP,DF,Aston Villa,eng Premier League,27.0,1997.0,24,23,2020,22.4,0,0,0,0,0,0,0.5,0.5,0.1,0.6,0.03,8,2,25.0,0.36,0.09,0.0,0.0,0.06,1217,1369,88.9,21319,7907,0.4,3,110,8,0,3,0,4,12,97,14,0.62,2,0.09,21,15,11,8,2,58.8,10,31,75,4,2,1518,237,17,15,88.2,965,40,0,6,5,1090,8,2,0,0,8,0,0,0,0,62,18,38.3
Lucas Torró,es ESP,MF,Osasuna,es La Liga,30.0,1994.0,35,35,2957,32.9,3,0,3,3,0,0,2.3,2.3,1.2,3.5,0.11,31,7,22.6,0.94,0.21,0.1,0.43,0.07,1026,1363,75.3,17419,5017,1.7,10,114,5,0,1,0,1,27,109,38,1.16,3,0.09,74,41,34,35,5,56.3,45,119,70,10,3,1706,105,55,6,66.7,736,10,0,42,23,981,30,10,0,0,75,1,0,2,0,172,159,70.4
Lorenzo Tosto,it ITA,DF,Empoli,it Serie A,18.0,2006.0,1,0,1,0.0,0,0,0,0,0,0,0.0,0.0,0.0,0.0,0.0,0,0,,0.0,0.0,,,,4,4,100.0,72,24,0.0,0,0,0,0,0,0,0,0,0,0,0.0,0,0.0,0,0,0,0,0,,0,0,0,0,0,4,0,0,0,,3,0,0,0,0,4,0,0,0,0,0,0,0,0,0,0,0,
Abdoulaye Touré,gn GUI,MF,Le Havre,fr Ligue 1,30.0,1994.0,28,26,2324,25.8,10,1,11,2,8,9,9.4,2.2,0.4,2.6,0.38,38,6,15.8,1.47,0.23,0.05,0.33,0.06,868,1059,82.0,16170,4315,1.1,7,90,10,5,11,0,3,12,109,49,1.9,5,0.19,61,34,31,21,9,55.9,34,95,42,8,5,1354,78,28,17,51.5,714,17,0,29,30,832,28,5,0,0,30,7,1,0,0,160,30,61.2
Bazoumana Touré,ci CIV,"FW,MF",Hoffenheim,de Bundesliga,18.0,2006.0,13,7,609,6.8,0,3,3,0,0,0,1.4,1.4,1.9,3.3,0.49,19,5,26.3,2.81,0.74,0.0,0.0,0.07,125,187,66.8,1869,423,1.8,13,9,11,5,24,1,0,2,14,25,3.7,4,0.59,12,10,2,7,3,25.0,3,15,2,8,0,291,4,36,12,54.5,183,24,11,36,8,198,56,1,0,0,13,1,0,0,0,27,12,41.4
Birama Touré,ml MLI,"MF,DF",Montpellier,fr Ligue 1,32.0,1992.0,8,2,300,3.3,0,0,0,0,0,0,0.0,0.0,0.1,0.1,0.04,3,1,33.3,0.9,0.3,0.0,0.0,0.01,101,123,82.1,1809,621,0.0,3,4,0,0,0,0,0,1,9,6,1.79,0,0.0,8,5,5,2,1,66.7,6,14,7,0,0,157,21,3,0,,86,0,1,6,0,99,2,2,0,0,2,0,0,0,0,14,4,50.0
Ousmane Toure,fr FRA,DF,Lille,fr Ligue 1,19.0,2005.0,1,0,6,0.1,0,0,0,0,0,0,0.0,0.0,0.0,0.0,0.0,0,0,,0.0,0.0,,,,4,6,66.7,92,47,0.0,0,0,0,0,0,0,0,0,2,0,0.0,0,0.0,0,0,0,0,0,,1,1,2,0,0,8,0,0,0,,4,0,0,0,0,2,0,0,0,0,0,0,0,0,0,1,1,100.0
Souleymane Touré,fr FRA,DF,Udinese,it Serie A,21.0,2003.0,12,11,733,8.1,1,0,1,1,0,0,0.4,0.4,0.0,0.4,0.05,4,2,50.0,0.49,0.25,0.25,0.5,0.09,474,517,91.7,8403,2159,0.2,2,34,4,1,6,0,0,2,26,8,0.98,0,0.0,7,6,4,3,0,80.0,9,16,17,3,1,585,57,10,5,50.0,378,6,1,7,0,424,3,2,2,0,15,0,0,0,1,23,7,58.3
Lucas Tousart,fr FRA,MF,Union Berlin,de Bundesliga,27.0,1997.0,15,6,561,6.2,0,1,1,0,0,0,0.4,0.4,0.5,0.8,0.14,9,5,55.6,1.44,0.8,0.0,0.0,0.04,108,162,66.7,1573,561,0.6,3,7,4,0,2,0,0,1,18,12,1.93,2,0.32,17,9,6,9,2,41.7,7,24,27,3,0,264,31,20,5,45.5,94,4,1,8,5,101,13,2,0,0,11,1,0,0,0,32,20,57.1
Conor Townsend,eng ENG,DF,Ipswich Town,eng Premier League,31.0,1993.0,6,3,335,3.7,0,1,1,0,0,0,0.0,0.0,0.7,0.7,0.18,1,0,0.0,0.27,0.0,0.0,,0.03,80,127,63.0,1418,756,0.2,4,7,2,2,12,4,1,0,8,5,1.34,1,0.27,11,8,9,2,0,72.7,4,15,16,3,0,172,28,5,0,,53,2,0,2,2,75,13,1,0,0,2,0,0,0,0,8,6,60.0
Adama Traoré,es ESP,"FW,MF",Fulham,eng Premier League,28.0,1996.0,36,18,1772,19.7,2,7,9,2,0,0,4.0,4.0,4.9,8.9,0.45,39,12,30.8,1.98,0.61,0.05,0.17,0.1,424,587,72.2,6645,1683,4.5,42,36,38,22,100,0,6,2,68,82,4.16,10,0.51,20,13,9,6,5,38.5,1,21,6,19,4,801,4,91,48,49.5,538,100,33,37,25,607,161,3,0,0,24,1,0,0,0,87,25,49.0
Boubacar Traoré,ml MLI,MF,Wolves,eng Premier League,22.0,2001.0,1,0,1,0.0,0,0,0,0,0,0,0.0,0.0,0.0,0.0,0.0,0,0,,0.0,0.0,,,,0,0,,0,0,0.0,0,0,0,0,0,0,0,0,0,0,0.0,0,0.0,2,0,0,2,0,100.0,0,2,0,0,0,2,0,0,0,,0,0,0,0,0,0,0,0,0,0,0,0,0,0,0,0,0,0.0
Hamari Traoré,ml MLI,DF,Real Sociedad,es La Liga,32.0,1992.0,11,9,700,7.8,0,1,1,0,0,0,0.0,0.0,0.2,0.3,0.04,1,0,0.0,0.13,0.0,0.0,,0.04,381,460,82.8,6499,2206,0.4,3,17,5,2,9,0,0,1,26,13,1.67,2,0.26,19,12,10,7,2,68.2,9,28,21,8,0,529,22,9,6,60.0,252,12,5,6,1,299,20,2,0,0,12,0,0,0,0,29,9,50.0
Omar Traoré,de GER,DF,Heidenheim,de Bundesliga,26.0,1998.0,30,30,2616,29.1,0,1,1,0,0,0,0.5,0.5,1.6,2.2,0.07,16,3,18.8,0.55,0.1,0.0,0.0,0.03,989,1399,70.7,17339,7260,3.3,20,101,36,14,107,1,0,5,117,54,1.86,2,0.07,50,26,31,16,3,61.0,21,71,66,65,0,1712,70,21,25,39.1,922,103,6,40,22,994,115,7,0,0,23,3,0,1,0,136,15,38.5
Óscar Trejo,ar ARG,MF,Rayo Vallecano,es La Liga,36.0,1988.0,19,6,496,5.5,1,0,1,1,0,0,0.6,0.6,1.0,1.6,0.28,5,2,40.0,0.91,0.36,0.2,0.5,0.12,261,312,83.7,3441,775,0.3,9,30,5,0,7,3,1,0,37,18,3.27,1,0.18,8,5,1,5,2,33.3,4,12,5,4,0,409,7,13,8,36.4,227,15,3,25,26,311,28,1,0,0,17,1,0,0,0,25,5,41.7
Philipp Treu,de GER,"MF,DF",St. Pauli,de Bundesliga,23.0,2000.0,33,33,2881,32.0,0,2,2,0,0,0,1.2,1.2,2.5,3.7,0.12,19,4,21.1,0.59,0.12,0.0,0.0,0.07,1225,1532,80.0,18854,5713,2.8,22,62,19,8,60,0,1,1,105,69,2.16,5,0.16,61,42,35,17,9,57.4,19,80,87,45,2,1867,94,46,13,33.3,825,58,11,34,12,979,117,2,0,0,20,4,0,0,1,147,21,36.8
Ryan Trevitt,eng ENG,MF,Brentford,eng Premier League,21.0,2003.0,1,0,4,0.0,0,0,0,0,0,0,0.0,0.0,0.0,0.0,0.0,0,0,,0.0,0.0,,,,4,7,57.1,73,23,0.0,0,1,0,0,0,0,0,0,0,0,0.0,0,0.0,1,1,1,0,0,,0,1,0,1,0,7,1,0,0,,4,0,0,0,0,4,1,0,0,0,0,0,0,0,0,2,0,
Christopher Trimmel,at AUT,"DF,MF",Union Berlin,de Bundesliga,37.0,1987.0,26,20,1740,19.3,0,3,3,0,0,0,0.2,0.2,2.1,2.3,0.12,9,3,33.3,0.47,0.16,0.0,0.0,0.03,474,783,60.5,9565,4987,3.2,35,60,18,10,111,50,1,2,73,57,2.94,6,0.31,38,25,23,14,1,66.7,18,56,92,26,0,979,91,13,2,25.0,365,18,2,10,8,423,45,5,0,0,14,1,0,0,0,63,23,63.9
Kieran Trippier,eng ENG,DF,Newcastle Utd,eng Premier League,33.0,1990.0,25,14,1309,14.5,0,3,3,0,0,0,0.1,0.1,1.4,1.5,0.1,4,0,0.0,0.28,0.0,0.0,,0.03,1036,1256,82.5,17676,6130,1.5,22,70,22,2,82,62,3,3,117,54,3.71,6,0.41,38,21,18,14,6,61.1,12,50,49,16,0,1388,50,13,4,50.0,609,26,4,11,8,847,58,1,0,0,16,0,0,0,0,68,22,59.5
Leandro Trossard,be BEL,FW,Arsenal,eng Premier League,29.0,1994.0,38,28,2546,28.3,8,7,15,8,0,0,7.2,7.2,6.1,13.3,0.47,72,21,29.2,2.55,0.74,0.11,0.38,0.1,711,954,74.5,11435,2972,4.1,41,45,48,10,86,10,7,5,101,93,3.29,8,0.28,31,20,6,16,9,35.3,9,40,18,41,0,1278,17,158,38,44.2,828,80,30,66,52,956,226,4,1,1,27,4,0,0,0,104,6,20.0
Adrien Truffert,fr FRA,"DF,MF",Rennes,fr Ligue 1,22.0,2001.0,33,31,2752,30.6,2,2,4,2,0,0,2.4,2.3,3.2,5.5,0.18,23,10,43.5,0.75,0.33,0.09,0.2,0.1,1263,1601,78.9,19719,6114,4.0,39,56,39,20,145,38,1,3,104,76,2.49,8,0.26,61,36,27,21,13,66.7,27,88,56,39,1,1906,71,57,16,36.4,971,69,15,36,25,1186,243,3,0,0,25,3,0,0,0,139,27,50.0
Kostas Tsimikas,gr GRE,DF,Liverpool,eng Premier League,28.0,1996.0,18,9,837,9.3,0,1,1,0,0,0,0.4,0.4,2.1,2.5,0.27,4,2,50.0,0.43,0.22,0.0,0.0,0.1,550,654,84.1,9357,3100,2.3,16,42,12,4,64,41,1,1,76,31,3.33,2,0.21,31,20,15,11,5,60.9,11,42,20,9,0,741,33,13,5,41.7,368,17,2,6,4,472,43,2,0,0,9,1,0,0,0,31,5,38.5
Viktor Tsyhankov,ua UKR,"FW,MF",Girona,es La Liga,26.0,1997.0,27,23,1913,21.3,2,5,7,2,0,0,2.8,2.8,3.9,6.7,0.31,35,9,25.7,1.65,0.42,0.06,0.22,0.08,646,871,74.2,9793,2532,4.3,33,38,24,6,124,80,3,1,65,65,3.06,8,0.38,19,12,4,7,8,47.4,15,34,16,23,1,1064,23,74,15,42.9,650,62,27,32,25,770,195,1,0,0,14,4,1,0,0,69,9,33.3
Axel Tuanzebe,cd COD,DF,Ipswich Town,eng Premier League,26.0,1997.0,22,20,1710,19.0,0,1,1,0,0,0,0.2,0.2,0.3,0.5,0.03,4,0,0.0,0.21,0.0,0.0,,0.05,682,814,83.8,10396,4020,0.3,5,63,6,1,10,0,0,1,61,19,1.0,2,0.11,31,19,21,4,6,65.4,23,54,56,14,1,971,97,8,4,40.0,402,10,1,11,1,516,15,5,1,1,17,1,0,0,1,49,22,55.0
Beñat Turrientes,es ESP,MF,Real Sociedad,es La Liga,22.0,2002.0,21,11,942,10.5,0,0,0,0,0,0,0.6,0.6,0.2,0.7,0.07,7,1,14.3,0.67,0.1,0.0,0.0,0.08,405,452,89.6,6925,1458,0.4,3,40,2,1,19,10,0,6,42,12,1.15,0,0.0,15,6,4,10,1,26.7,5,20,14,2,1,561,27,8,13,54.2,317,18,1,20,11,392,28,4,0,0,13,0,0,0,0,45,10,35.7
Tuta,br BRA,"DF,MF",Eint Frankfurt,de Bundesliga,25.0,1999.0,30,26,2274,25.3,2,1,3,2,0,0,1.1,1.1,0.3,1.4,0.06,13,5,38.5,0.51,0.2,0.15,0.4,0.08,1265,1442,87.7,22286,8026,0.7,4,79,11,0,3,0,4,2,78,26,1.03,1,0.04,44,27,25,17,2,70.0,40,84,135,16,1,1772,215,26,13,76.5,1007,11,2,22,7,1130,12,8,0,0,30,0,0,0,1,120,45,50.6
Christantus Uche,ng NGA,"FW,MF",Getafe,es La Liga,21.0,2003.0,33,30,2486,27.6,4,6,10,4,0,0,3.8,3.8,2.9,6.7,0.24,50,14,28.0,1.81,0.51,0.08,0.29,0.08,387,592,65.4,5080,1266,3.1,29,37,16,4,22,0,1,2,49,78,2.82,10,0.36,35,21,8,19,8,45.0,10,45,19,23,0,971,17,105,32,35.2,553,43,18,113,67,726,148,8,2,1,55,15,0,0,0,110,91,42.3
Destiny Udogie,it ITA,DF,Tottenham,eng Premier League,21.0,2002.0,25,24,1924,21.4,0,1,1,0,0,0,0.3,0.3,1.5,1.8,0.08,5,1,20.0,0.23,0.05,0.0,0.0,0.06,972,1115,87.2,14117,4770,1.2,16,89,6,1,19,0,0,0,121,36,1.68,3,0.14,75,47,42,26,7,68.8,22,97,36,34,1,1376,63,49,13,40.6,758,54,12,37,19,819,94,2,0,0,29,1,0,0,1,111,13,50.0
Manuel Ugarte Ribeiro,uy URU,MF,Manchester Utd,eng Premier League,23.0,2001.0,29,22,1785,19.8,1,2,3,1,0,0,1.0,1.0,1.1,2.1,0.11,19,4,21.1,0.96,0.2,0.05,0.25,0.05,800,910,87.9,13018,2801,0.7,10,59,9,3,7,0,2,5,61,31,1.56,4,0.2,77,49,34,34,9,44.1,27,104,17,12,2,1161,46,16,18,56.3,668,16,1,32,25,728,20,11,0,0,41,2,0,0,1,122,18,50.0
Lesley Ugochukwu,fr FRA,MF,Southampton,eng Premier League,20.0,2004.0,26,18,1655,18.4,1,1,2,1,0,0,0.9,0.9,1.0,1.9,0.1,10,1,10.0,0.54,0.05,0.1,1.0,0.09,600,706,85.0,9335,2081,0.6,14,54,7,1,6,0,2,0,49,24,1.3,1,0.05,50,24,16,30,4,50.0,14,64,23,11,2,879,50,24,19,67.9,479,29,6,12,13,600,20,7,0,0,31,2,0,1,0,67,20,52.6
Lukas Ullrich,de GER,DF,Gladbach,de Bundesliga,20.0,2004.0,26,24,1903,21.1,1,2,3,1,0,0,0.9,0.9,1.8,2.7,0.13,8,2,25.0,0.38,0.09,0.13,0.5,0.11,647,850,76.1,9822,3416,1.9,8,29,9,6,47,0,1,0,39,28,1.32,5,0.24,25,16,18,6,1,35.7,23,48,74,39,1,1073,82,26,8,33.3,531,31,4,21,12,612,71,4,0,0,22,1,0,2,0,73,14,42.4
Enes Ünal,tr TUR,"FW,MF",Bournemouth,eng Premier League,27.0,1997.0,17,2,345,3.8,2,1,3,2,0,0,2.7,2.7,0.4,3.1,0.82,20,7,35.0,5.22,1.83,0.1,0.29,0.14,63,99,63.6,685,192,0.3,4,4,4,0,4,0,1,1,12,9,2.35,3,0.78,1,0,0,0,1,0.0,0,1,6,6,0,172,6,26,1,8.3,91,4,1,17,13,133,22,2,0,0,6,1,0,0,0,16,24,52.2
Deniz Undav,de GER,"FW,MF",Stuttgart,de Bundesliga,28.0,1996.0,27,20,1726,19.2,9,3,12,9,0,0,11.7,11.7,3.6,15.2,0.79,75,31,41.3,3.91,1.62,0.12,0.29,0.16,431,589,73.2,6294,1741,3.8,26,38,27,2,11,0,6,5,70,58,3.02,8,0.42,11,10,2,3,6,5.9,3,14,10,21,0,797,11,118,10,41.7,469,31,12,51,28,624,141,4,0,0,25,0,0,0,0,48,21,40.4
Naci Ünüvar,nl NED,"MF,DF",Espanyol,es La Liga,21.0,2003.0,2,0,31,0.3,0,0,0,0,0,0,0.0,0.0,0.0,0.1,0.23,1,0,0.0,2.9,0.0,0.0,,0.05,13,18,72.2,193,38,0.1,1,1,1,1,2,0,0,0,1,2,5.63,0,0.0,2,2,1,1,0,50.0,0,2,0,2,0,23,0,2,0,0.0,14,1,0,0,0,15,4,0,0,0,0,1,0,0,0,3,0,
Dayot Upamecano,fr FRA,DF,Bayern Munich,de Bundesliga,25.0,1998.0,20,20,1759,19.5,2,0,2,2,0,0,1.2,1.2,0.5,1.7,0.09,13,6,46.2,0.67,0.31,0.15,0.33,0.09,1805,1923,93.9,34017,11145,1.2,7,197,3,1,6,0,0,2,137,20,1.02,0,0.0,36,22,18,16,2,55.2,34,70,45,7,1,2101,96,17,3,50.0,1440,17,0,6,4,1632,4,6,0,0,20,0,0,0,0,115,59,58.4
Kacper Urbanski,pl POL,MF,Bologna,it Serie A,19.0,2004.0,7,1,247,2.7,1,0,1,1,0,0,0.3,0.3,0.5,0.8,0.29,4,1,25.0,1.46,0.36,0.25,1.0,0.08,106,126,84.1,1689,395,0.3,9,14,5,1,8,7,1,0,15,8,2.91,0,0.0,5,2,4,0,1,66.7,2,7,5,4,0,163,6,10,3,60.0,107,5,0,8,3,110,19,2,0,0,5,0,0,0,0,16,2,20.0
Kacper Urbanski,pl POL,MF,Monza,it Serie A,19.0,2004.0,8,6,500,5.6,0,0,0,0,0,0,0.1,0.1,0.1,0.3,0.05,5,1,20.0,0.9,0.18,0.0,0.0,0.03,215,249,86.3,3905,1045,0.3,4,30,2,0,4,1,1,2,41,7,1.26,0,0.0,5,3,1,2,2,57.1,2,7,9,6,0,304,11,3,3,37.5,187,10,0,6,10,222,14,1,0,0,8,0,0,0,0,23,6,31.6
Can Uzun,tr TUR,"MF,FW",Eint Frankfurt,de Bundesliga,18.0,2005.0,20,6,675,7.5,4,1,5,4,0,0,3.0,3.0,1.1,4.1,0.55,27,11,40.7,3.6,1.47,0.15,0.36,0.11,239,299,79.9,3821,1135,1.1,14,25,18,4,18,6,2,1,42,38,5.06,3,0.4,10,4,1,4,5,50.0,1,11,3,11,0,395,4,31,11,50.0,265,11,4,19,14,315,45,1,0,0,8,1,0,0,0,31,5,62.5
Josha Vagnoman,de GER,"DF,MF",Stuttgart,de Bundesliga,23.0,2000.0,26,19,1834,20.4,1,1,2,1,0,0,1.5,1.5,2.1,3.5,0.17,15,6,40.0,0.74,0.29,0.07,0.17,0.1,725,902,80.4,11327,3154,2.2,22,36,18,9,43,0,1,1,47,29,1.42,1,0.05,26,14,11,13,2,50.0,14,40,57,27,1,1105,61,36,8,28.6,541,24,10,27,19,675,96,4,0,0,18,1,0,1,0,92,22,52.4
Lautaro Valenti,ar ARG,DF,Parma,it Serie A,25.0,1999.0,20,18,1556,17.3,1,0,1,1,0,0,0.2,0.2,0.2,0.4,0.02,7,2,28.6,0.4,0.12,0.14,0.5,0.04,701,830,84.5,13631,4181,0.2,4,26,3,1,2,0,0,1,28,11,0.64,0,0.0,17,12,13,3,1,77.8,13,30,94,6,1,1011,161,12,0,0.0,556,3,1,9,0,629,3,6,1,1,24,0,0,0,0,48,24,53.3
Óscar Valentín,es ESP,MF,Rayo Vallecano,es La Liga,29.0,1994.0,34,18,1835,20.4,0,0,0,0,0,0,0.4,0.4,0.9,1.3,0.06,5,1,20.0,0.25,0.05,0.0,0.0,0.09,688,830,82.9,10843,3821,1.1,13,74,6,1,2,0,0,4,86,44,2.16,3,0.15,55,41,21,20,14,43.4,21,76,51,19,2,1068,79,14,5,45.5,509,13,1,18,8,571,8,5,0,0,57,3,0,0,0,109,33,45.8
Nicolás Valentini,ar ARG,DF,Hellas Verona,it Serie A,23.0,2001.0,14,13,1129,12.5,0,0,0,0,0,0,0.3,0.3,0.8,1.2,0.09,8,0,0.0,0.64,0.0,0.0,,0.04,316,468,67.5,6762,3269,0.4,6,52,2,0,5,0,1,8,42,11,0.88,0,0.0,35,23,22,12,1,64.5,15,50,97,11,0,654,75,14,2,100.0,268,4,1,5,2,304,1,5,1,1,22,0,0,1,0,43,50,79.4
Germán Valera,es ESP,MF,Valencia,es La Liga,22.0,2002.0,8,1,148,1.6,0,0,0,0,0,0,0.1,0.1,0.0,0.2,0.09,3,2,66.7,1.82,1.22,0.0,0.0,0.04,34,47,72.3,474,50,0.0,1,3,0,0,6,0,0,0,2,5,3.04,0,0.0,1,1,1,0,0,0.0,4,5,2,1,1,73,2,4,3,37.5,46,1,0,5,1,46,10,0,0,0,2,0,0,0,0,4,1,33.3
Emanuele Valeri,it ITA,DF,Parma,it Serie A,25.0,1998.0,35,34,2873,31.9,2,6,8,1,1,1,1.8,1.0,4.7,5.8,0.21,26,4,15.4,0.81,0.13,0.04,0.25,0.04,783,1193,65.6,14224,6316,3.4,36,69,31,19,129,9,1,11,93,75,2.35,10,0.31,51,31,33,15,3,49.2,29,80,103,26,4,1528,104,33,12,25.5,740,79,9,42,5,739,109,1,0,0,28,5,0,0,0,124,19,50.0
Martin Valjent,sk SVK,DF,Mallorca,es La Liga,28.0,1995.0,31,31,2763,30.7,3,0,3,3,0,0,0.8,0.8,0.1,0.9,0.03,12,5,41.7,0.39,0.16,0.25,0.6,0.07,1195,1391,85.9,22418,8493,0.5,4,84,4,0,11,0,1,4,91,26,0.85,3,0.1,30,21,22,7,1,60.0,18,48,195,13,1,1723,224,16,6,60.0,948,23,1,13,1,1049,17,4,0,0,15,1,0,0,0,102,49,54.4
Álex Valle,es ESP,DF,Como,it Serie A,20.0,2004.0,15,12,1030,11.4,0,0,0,0,0,0,0.3,0.3,0.7,1.0,0.08,9,1,11.1,0.79,0.09,0.0,0.0,0.03,562,661,85.0,8597,3030,0.5,11,51,9,4,16,0,0,4,44,25,2.18,0,0.0,26,12,12,12,2,71.4,8,34,42,20,0,799,26,12,9,50.0,425,19,5,18,8,460,30,2,0,0,14,0,0,0,0,51,6,28.6
Jesús Vallejo,es ESP,DF,Real Madrid,es La Liga,27.0,1997.0,4,1,138,1.5,0,1,1,0,0,0,0.0,0.0,0.1,0.1,0.08,0,0,,0.0,0.0,,,,60,67,89.6,1094,392,0.2,2,5,1,0,0,0,0,0,5,3,1.96,1,0.65,0,0,0,0,0,,2,2,8,0,0,78,7,0,0,,50,0,0,0,0,52,1,0,0,0,0,0,0,0,0,8,3,50.0
Mattia Valoti,it ITA,MF,Monza,it Serie A,30.0,1993.0,5,0,40,0.4,0,0,0,0,0,0,0.0,0.0,0.0,0.0,0.0,0,0,,0.0,0.0,,,,12,19,63.2,235,60,0.0,0,0,0,0,0,0,0,0,0,0,0.0,0,0.0,3,3,3,0,0,0.0,0,3,2,0,0,27,2,0,0,,7,0,0,0,1,12,0,1,0,0,2,0,0,0,0,3,0,0.0
Federico Valverde,uy URU,"MF,DF",Real Madrid,es La Liga,26.0,1998.0,36,34,3032,33.7,6,4,10,6,0,0,2.7,2.7,3.1,5.8,0.17,57,22,38.6,1.69,0.65,0.11,0.27,0.05,2010,2237,89.9,34974,10229,3.2,39,232,31,2,26,3,3,50,226,87,2.58,13,0.39,50,30,22,23,5,67.4,55,105,52,23,1,2543,98,43,16,57.1,1525,66,5,35,1,1905,76,4,0,0,12,0,0,0,0,174,27,64.3
Ignace Van Der Brempt,be BEL,DF,Como,it Serie A,22.0,2002.0,20,14,1257,14.0,0,1,1,0,0,0,0.5,0.5,0.5,0.9,0.07,7,3,42.9,0.5,0.21,0.0,0.0,0.07,551,679,81.1,8534,2594,0.4,10,32,6,3,20,0,0,2,42,22,1.58,3,0.21,40,32,27,10,3,72.7,17,57,34,17,0,841,44,14,13,46.4,432,19,5,21,10,463,34,3,0,0,21,3,0,0,0,59,18,54.5
Siebe Van Der Heyden,be BEL,"DF,MF",Mallorca,es La Liga,26.0,1998.0,2,1,97,1.1,0,0,0,0,0,0,0.0,0.0,0.1,0.1,0.1,1,0,0.0,0.93,0.0,0.0,,0.03,65,73,89.0,1164,308,0.1,1,7,1,1,2,0,0,1,5,2,1.86,0,0.0,1,1,0,1,0,,2,3,3,0,0,83,5,1,1,33.3,57,1,0,0,2,63,1,0,0,0,2,0,0,0,0,5,2,66.7
Siebe Van Der Heyden,be BEL,"DF,MF",St. Pauli,de Bundesliga,26.0,1998.0,13,11,872,9.7,1,0,1,1,0,0,1.7,1.7,0.0,1.8,0.18,3,2,66.7,0.31,0.21,0.33,0.5,0.58,386,487,79.3,6732,2240,0.2,2,36,6,3,18,0,0,1,28,8,0.83,0,0.0,17,10,10,7,0,44.4,17,34,43,12,2,602,54,11,1,20.0,265,10,0,3,4,364,26,4,1,1,16,0,0,2,0,32,31,64.6
Virgil van Dijk,nl NED,DF,Liverpool,eng Premier League,33.0,1991.0,37,37,3330,37.0,3,1,4,3,0,0,2.2,2.2,0.7,3.0,0.08,27,8,29.6,0.73,0.22,0.11,0.38,0.08,2688,2935,91.6,49037,19110,1.0,12,290,7,0,1,0,1,22,198,48,1.3,4,0.11,38,20,17,19,2,59.1,56,94,190,9,4,3301,450,48,3,60.0,1856,22,3,10,5,2281,6,5,0,0,17,1,0,0,0,115,119,72.1
Vanderson,br BRA,DF,Monaco,fr Ligue 1,23.0,2001.0,29,23,2064,22.9,1,3,4,1,0,0,2.2,2.2,3.1,5.3,0.23,21,8,38.1,0.92,0.35,0.05,0.13,0.11,1090,1403,77.7,18537,6599,3.8,23,76,29,12,59,0,4,13,102,58,2.53,8,0.35,76,48,37,30,9,70.3,39,115,65,30,2,1714,71,64,24,50.0,876,57,13,38,14,976,151,6,1,1,28,1,0,0,0,153,22,46.8
Jamie Vardy,eng ENG,FW,Leicester City,eng Premier League,37.0,1987.0,35,35,2823,31.4,9,4,13,8,1,2,11.2,9.6,3.0,12.6,0.45,56,23,41.1,1.79,0.73,0.14,0.35,0.17,258,389,66.3,3776,424,2.6,19,11,10,1,11,0,1,1,22,47,1.5,10,0.32,19,13,7,7,5,30.8,5,24,24,15,0,586,30,111,11,47.8,285,29,16,34,14,382,120,5,0,0,25,6,2,0,0,39,50,47.6
Ruben Vargas,ch SUI,"FW,MF",Sevilla,es La Liga,25.0,1998.0,11,9,671,7.5,2,1,3,2,0,0,2.0,2.0,0.8,2.7,0.37,17,5,29.4,2.28,0.67,0.12,0.4,0.12,166,247,67.2,2714,696,0.9,13,11,9,5,37,16,0,0,14,31,4.16,3,0.4,7,4,1,5,1,37.5,3,10,10,13,0,362,8,30,12,36.4,186,29,11,31,6,231,63,0,0,0,11,1,0,0,0,31,7,53.8
Ruben Vargas,ch SUI,"MF,FW",Augsburg,de Bundesliga,25.0,1998.0,8,3,305,3.4,0,0,0,0,0,0,0.7,0.7,0.7,1.4,0.4,9,1,11.1,2.66,0.3,0.0,0.0,0.08,118,141,83.7,2132,400,1.1,6,7,5,1,12,2,0,1,13,17,5.0,0,0.0,2,1,1,1,0,25.0,2,4,1,0,1,179,2,12,6,50.0,109,9,1,11,7,137,24,3,0,0,5,1,0,0,0,14,3,37.5
Johan Vásquez,mx MEX,DF,Genoa,it Serie A,25.0,1998.0,36,34,3041,33.8,3,0,3,3,0,0,2.4,2.4,0.3,2.7,0.08,36,8,22.2,1.07,0.24,0.08,0.38,0.07,1491,1760,84.7,28470,8998,0.4,7,76,6,2,7,0,0,4,96,25,0.74,0,0.0,56,31,24,27,5,59.1,50,106,150,19,1,2190,304,46,5,71.4,1202,37,2,24,5,1387,12,9,0,0,31,2,1,1,0,122,93,55.4
Denis Vavro,sk SVK,DF,Wolfsburg,de Bundesliga,28.0,1996.0,29,27,2461,27.3,2,0,2,2,0,0,1.4,1.4,0.2,1.6,0.06,25,6,24.0,0.91,0.22,0.08,0.33,0.05,1297,1493,86.9,29352,9952,0.5,7,102,6,0,8,0,0,24,96,27,0.99,5,0.18,21,13,16,5,0,47.8,37,58,234,3,3,1901,306,20,3,50.0,1036,9,2,8,1,1142,3,4,0,0,7,1,0,0,0,89,80,70.2
José Luis García Vayá,es ESP,MF,Valencia,es La Liga,25.0,1998.0,34,18,1742,19.4,2,2,4,0,2,2,2.1,0.5,2.1,2.6,0.22,12,4,33.3,0.62,0.21,0.0,0.0,0.04,970,1237,78.4,18326,6217,2.6,32,163,6,3,109,72,4,25,142,53,2.74,3,0.15,43,25,24,13,6,57.6,19,62,42,12,0,1406,61,12,8,61.5,645,13,1,16,11,857,19,8,1,0,26,1,0,0,0,99,23,52.3
Robinio Vaz,fr FRA,FW,Marseille,fr Ligue 1,17.0,2007.0,2,0,75,0.8,0,0,0,0,0,0,0.5,0.5,0.0,0.5,0.61,2,0,0.0,2.4,0.0,0.0,,0.25,2,8,25.0,27,0,0.1,0,0,0,0,1,0,0,0,0,3,3.6,2,2.4,1,1,0,0,1,0.0,0,1,2,0,0,20,1,9,0,0.0,12,3,2,1,1,14,6,1,0,0,1,2,1,0,0,1,2,50.0
Jesus Vazquez,es ESP,DF,Valencia,es La Liga,21.0,2003.0,19,10,919,10.2,0,0,0,0,0,0,0.1,0.1,0.6,0.8,0.08,5,1,20.0,0.49,0.1,0.0,0.0,0.03,345,447,77.2,4732,1323,0.6,3,18,3,2,23,0,0,0,21,9,0.88,1,0.1,23,18,12,9,2,52.6,10,33,30,22,0,586,36,14,14,38.9,250,32,5,14,8,284,48,3,0,0,17,0,0,0,0,42,12,48.0
Lucas Vázquez,es ESP,DF,Real Madrid,es La Liga,33.0,1991.0,32,25,2189,24.3,1,5,6,1,0,0,1.4,1.4,4.7,6.1,0.25,15,3,20.0,0.62,0.12,0.07,0.33,0.1,1415,1624,87.1,21508,5227,3.9,33,65,29,2,63,16,1,7,99,65,2.67,8,0.33,58,34,33,17,8,56.3,17,75,35,27,1,1850,66,58,19,52.8,1031,37,17,34,13,1331,194,4,0,0,29,2,0,0,0,83,6,31.6
Matías Vecino,uy URU,MF,Lazio,it Serie A,32.0,1991.0,20,7,877,9.7,2,3,5,2,0,0,2.3,2.3,2.4,4.6,0.47,16,4,25.0,1.64,0.41,0.13,0.5,0.14,322,397,81.1,5633,1465,2.8,11,32,3,0,2,0,4,4,29,22,2.25,4,0.41,13,7,3,9,1,22.2,5,18,15,9,0,475,19,33,1,100.0,231,4,1,6,10,334,14,7,0,0,20,0,0,0,0,29,30,51.7
Danilo Veiga,pt POR,DF,Lecce,it Serie A,21.0,2002.0,13,2,374,4.2,0,0,0,0,0,0,0.6,0.6,0.3,0.9,0.21,5,0,0.0,1.2,0.0,0.0,,0.12,104,161,64.6,1712,550,0.2,6,11,5,3,17,0,0,0,10,14,3.38,1,0.24,8,6,4,4,0,46.2,4,12,14,5,0,225,10,5,6,42.9,111,10,1,10,5,111,13,0,0,0,6,2,0,0,0,19,5,31.3
Renato Veiga,pt POR,"DF,MF",Chelsea,eng Premier League,21.0,2003.0,7,1,181,2.0,0,0,0,0,0,0,0.1,0.1,0.0,0.1,0.07,3,1,33.3,1.49,0.5,0.0,0.0,0.05,118,139,84.9,2171,435,0.2,0,6,1,0,0,0,0,0,7,1,0.49,0,0.0,9,6,6,3,0,33.3,1,10,2,1,0,167,2,3,3,60.0,85,4,1,1,0,110,3,2,0,0,6,0,0,0,0,9,3,50.0
Renato Veiga,pt POR,DF,Juventus,it Serie A,21.0,2003.0,13,12,1093,12.1,0,1,1,0,0,0,1.0,1.0,0.1,1.1,0.09,12,5,41.7,0.99,0.41,0.0,0.0,0.09,500,568,88.0,10016,3525,0.2,2,35,2,0,0,0,1,4,40,9,0.74,1,0.08,17,12,7,9,1,64.3,19,36,81,1,0,727,130,11,1,100.0,388,9,0,2,0,423,0,2,0,0,9,0,0,0,0,38,27,71.1
Alejo Véliz,ar ARG,FW,Espanyol,es La Liga,20.0,2003.0,27,10,1127,12.5,1,0,1,1,0,0,2.3,2.3,0.6,2.8,0.22,19,6,31.6,1.52,0.48,0.05,0.17,0.12,122,187,65.2,1608,182,0.1,3,9,0,0,0,0,0,0,8,14,1.1,4,0.31,1,1,0,1,0,14.3,4,5,23,2,1,317,25,30,1,20.0,123,2,0,34,12,205,27,3,0,0,20,5,1,0,0,20,51,46.8
Miloš Veljković,rs SRB,DF,Werder Bremen,de Bundesliga,28.0,1995.0,14,11,1029,11.4,0,1,1,0,0,0,0.6,0.6,0.2,0.7,0.06,2,1,50.0,0.17,0.09,0.0,0.0,0.28,562,648,86.7,11481,3929,0.6,3,50,4,3,9,0,0,12,64,14,1.22,1,0.09,10,5,6,3,1,46.7,2,12,47,7,1,738,67,5,0,,460,9,0,2,2,507,2,1,0,0,5,0,0,1,0,32,24,57.1
Joël Veltman,nl NED,DF,Brighton,eng Premier League,32.0,1992.0,21,19,1697,18.9,0,0,0,0,0,0,0.5,0.5,0.5,0.9,0.05,6,1,16.7,0.32,0.05,0.0,0.0,0.08,745,929,80.2,12563,3243,1.3,6,66,9,5,24,0,2,3,85,23,1.22,2,0.11,43,29,24,16,3,59.6,19,62,66,21,0,1133,65,10,4,26.7,548,32,3,19,7,626,34,5,0,0,27,2,0,1,0,68,21,53.8
Micky van de Ven,nl NED,DF,Tottenham,eng Premier League,23.0,2001.0,13,12,1015,11.3,0,2,2,0,0,0,0.6,0.6,1.2,1.7,0.15,6,2,33.3,0.53,0.18,0.0,0.0,0.09,729,802,90.9,13817,4206,0.7,2,50,1,0,0,0,0,1,51,11,0.98,2,0.18,10,6,5,4,1,57.1,10,20,39,5,1,895,110,9,4,50.0,620,8,1,5,5,651,1,4,0,0,10,1,0,0,0,63,19,48.7
Lorenzo Venturino,it ITA,"FW,MF",Genoa,it Serie A,18.0,2006.0,6,1,167,1.9,2,0,2,2,0,0,0.7,0.7,0.2,0.9,0.49,4,3,75.0,2.16,1.62,0.5,0.67,0.18,28,55,50.9,508,169,0.1,3,2,3,1,10,0,0,0,7,6,3.23,1,0.54,5,3,4,0,1,50.0,0,5,5,8,0,86,2,6,4,66.7,39,5,2,8,1,44,10,0,0,0,3,0,0,0,0,8,1,50.0
Nikolas Veratschnig,at AUT,"DF,MF",Mainz 05,de Bundesliga,21.0,2003.0,15,2,364,4.0,0,0,0,0,0,0,0.2,0.2,0.3,0.5,0.13,7,1,14.3,1.73,0.25,0.0,0.0,0.03,106,146,72.6,1640,532,0.3,5,7,4,1,7,0,0,0,7,9,2.23,0,0.0,9,6,1,4,4,66.7,5,14,8,6,0,200,7,18,2,18.2,99,7,2,7,3,102,30,1,0,0,9,1,0,0,0,12,2,16.7
Simone Verdi,it ITA,"MF,FW",Como,it Serie A,32.0,1992.0,9,0,115,1.3,0,0,0,0,0,0,0.1,0.1,0.5,0.6,0.47,2,2,100.0,1.57,1.57,0.0,0.0,0.06,31,60,51.7,576,243,0.6,6,2,3,3,14,5,1,0,5,8,6.26,0,0.0,2,2,0,1,1,0.0,0,2,2,4,0,75,2,1,2,100.0,44,3,1,0,4,51,13,1,0,0,1,0,0,0,0,5,0,
Jordan Veretout,fr FRA,MF,Lyon,fr Ligue 1,31.0,1993.0,27,19,1553,17.3,2,0,2,2,0,0,1.9,1.9,0.6,2.5,0.14,21,9,42.9,1.22,0.52,0.1,0.22,0.09,792,944,83.9,13258,3471,0.9,13,86,12,0,26,8,1,6,99,36,2.09,1,0.06,30,14,14,14,2,42.5,5,35,23,14,1,1085,32,28,5,55.6,597,35,6,22,7,770,60,3,0,0,23,0,0,0,0,88,12,44.4
Arthur Vermeeren,be BEL,MF,RB Leipzig,de Bundesliga,19.0,2005.0,28,18,1572,17.5,0,2,2,0,0,0,0.4,0.4,0.9,1.3,0.07,4,1,25.0,0.23,0.06,0.0,0.0,0.09,821,953,86.1,12663,3480,1.3,12,71,6,0,3,0,2,1,77,28,1.6,2,0.11,32,19,14,13,5,29.8,23,55,25,18,2,1109,46,6,6,40.0,536,14,1,19,12,753,20,7,0,0,22,0,0,0,0,94,8,28.6
Yorbe Vertessen,be BEL,"MF,FW",Union Berlin,de Bundesliga,23.0,2001.0,17,7,718,8.0,1,0,1,1,0,0,1.3,1.3,1.6,2.9,0.36,27,5,18.5,3.38,0.63,0.04,0.2,0.05,133,201,66.2,1979,567,1.8,15,6,14,2,23,14,1,0,16,32,4.0,0,0.0,6,3,3,2,1,25.0,3,9,6,7,0,342,5,26,19,37.3,194,18,4,28,17,227,42,2,0,0,14,3,0,0,0,32,6,35.3
Mikel Vesga,es ESP,MF,Athletic Club,es La Liga,31.0,1993.0,25,10,988,11.0,0,0,0,0,0,1,1.2,0.4,1.0,1.4,0.2,5,2,40.0,0.46,0.18,0.0,0.0,0.08,429,539,79.6,7559,2180,0.7,12,51,5,0,8,0,3,4,64,21,1.91,1,0.09,22,15,7,13,2,42.9,15,37,26,4,0,653,30,11,7,58.3,291,10,3,11,9,400,22,1,0,0,14,0,0,0,0,66,25,61.0
Jannik Vestergaard,dk DEN,DF,Leicester City,eng Premier League,31.0,1992.0,18,16,1391,15.5,0,0,0,0,0,0,0.1,0.1,0.1,0.2,0.01,3,2,66.7,0.19,0.13,0.0,0.0,0.03,870,959,90.7,14697,5807,0.1,3,34,1,0,0,0,0,2,32,7,0.45,0,0.0,22,10,16,6,0,60.0,16,38,74,4,1,1092,196,10,4,100.0,672,3,0,2,0,757,2,5,0,0,12,0,0,0,1,46,26,57.8
Ben Viadere,fr FRA,MF,Auxerre,fr Ligue 1,18.0,2005.0,1,0,5,0.1,0,0,0,0,0,0,0.0,0.0,0.0,0.0,0.85,0,0,,0.0,0.0,,,,2,6,33.3,37,27,0.1,1,0,0,0,4,3,0,0,0,1,18.0,0,0.0,0,0,0,0,0,,0,0,0,1,0,7,0,0,1,50.0,4,1,0,0,0,4,1,0,0,0,0,0,0,0,0,0,0,0.0
Carlos Vicente,es ESP,"FW,MF",Alavés,es La Liga,25.0,1999.0,37,35,3092,34.4,5,5,10,4,1,1,3.5,2.7,5.4,8.1,0.26,35,13,37.1,1.02,0.38,0.11,0.31,0.08,720,1140,63.2,12031,4061,5.9,63,36,38,29,269,85,3,2,68,107,3.11,9,0.26,47,31,26,11,10,39.1,14,61,40,67,0,1551,28,86,34,32.1,781,104,28,83,49,898,226,3,0,0,38,5,0,0,0,133,34,36.2
Pau Victor,es ESP,FW,Barcelona,es La Liga,22.0,2001.0,21,2,319,3.5,2,1,3,2,0,0,3.0,3.0,0.9,3.9,1.09,14,8,57.1,3.95,2.26,0.14,0.25,0.22,98,121,81.0,1416,221,0.4,8,5,4,0,3,0,0,0,11,13,3.64,2,0.56,3,1,0,2,1,0.0,2,5,5,2,0,170,5,21,7,58.3,92,6,6,7,8,125,28,2,0,0,7,1,0,0,0,14,3,75.0
Nacho Vidal,es ESP,DF,Osasuna,es La Liga,29.0,1995.0,5,1,124,1.4,0,0,0,0,0,0,0.0,0.0,0.0,0.0,0.0,0,0,,0.0,0.0,,,,37,49,75.5,613,304,0.0,0,1,0,0,2,0,0,0,1,0,0.0,0,0.0,2,0,0,1,1,25.0,0,2,6,2,0,65,5,0,2,100.0,24,3,0,2,2,33,5,0,0,0,2,0,0,0,0,5,3,75.0
Gabriel Vidovic,hr CRO,MF,Mainz 05,de Bundesliga,20.0,2003.0,1,0,4,0.0,0,0,0,0,0,0,0.1,0.1,0.0,0.1,1.17,1,0,0.0,22.5,0.0,0.0,,0.05,6,6,100.0,113,0,0.0,0,0,0,0,0,0,0,0,0,0,0.0,0,0.0,0,0,0,0,0,,0,0,0,0,0,8,0,1,0,,3,0,0,1,0,5,2,0,0,0,0,0,0,0,0,0,0,
Gabriel Vidovic,hr CRO,MF,Bayern Munich,de Bundesliga,20.0,2003.0,4,0,24,0.3,0,0,0,0,0,0,0.1,0.1,0.0,0.1,0.41,1,0,0.0,3.75,0.0,0.0,,0.11,8,8,100.0,104,10,0.0,0,0,0,0,0,0,0,0,0,0,0.0,0,0.0,0,0,0,0,0,,0,0,0,0,0,14,0,3,0,0.0,11,0,0,1,0,9,3,0,0,0,0,0,0,0,0,1,0,0.0
Sergio Viera,es ESP,MF,Las Palmas,es La Liga,19.0,2005.0,2,1,96,1.1,0,0,0,0,0,0,0.0,0.0,0.0,0.0,0.02,1,0,0.0,0.94,0.0,0.0,,0.02,45,51,88.2,782,110,0.0,0,5,0,0,0,0,0,1,2,2,1.87,0,0.0,1,1,0,1,0,0.0,1,2,1,1,0,59,1,1,1,50.0,32,0,0,2,0,46,2,1,0,0,1,0,0,0,0,5,1,33.3
Samuele Vignato,it ITA,MF,Monza,it Serie A,20.0,2004.0,17,3,470,5.2,0,0,0,0,0,0,0.3,0.3,0.0,0.3,0.06,4,1,25.0,0.77,0.19,0.0,0.0,0.07,126,167,75.4,1778,293,0.2,1,9,2,0,14,0,1,1,17,7,1.34,1,0.19,6,3,0,4,2,42.9,0,6,6,5,0,214,5,7,4,30.8,139,5,1,8,10,163,30,0,0,0,3,0,0,0,0,12,5,27.8
Asier Villalibre,es ESP,FW,Alavés,es La Liga,26.0,1997.0,16,2,333,3.7,1,1,2,0,1,1,1.6,0.8,1.0,1.8,0.69,8,1,12.5,2.16,0.27,0.0,0.0,0.1,44,69,63.8,645,153,0.3,1,3,4,0,2,0,1,0,7,7,1.89,1,0.27,2,2,0,1,1,50.0,1,3,7,1,0,116,6,22,2,16.7,55,4,3,9,5,75,18,2,0,0,11,2,0,0,0,7,22,64.7
Carlos Vinícius,br BRA,"MF,FW",Fulham,eng Premier League,29.0,1995.0,3,0,16,0.2,0,0,0,0,0,0,0.0,0.0,0.0,0.0,0.21,1,1,100.0,5.63,5.63,0.0,0.0,0.04,1,3,33.3,14,0,0.0,0,0,0,0,0,0,0,0,0,2,11.25,0,0.0,0,0,0,0,0,0.0,0,0,0,1,0,7,0,2,1,100.0,7,1,1,1,0,6,3,0,0,0,0,1,0,0,0,0,0,
Nicolas Viola,it ITA,"FW,MF",Cagliari,it Serie A,34.0,1989.0,27,18,1267,14.1,3,1,4,3,0,0,2.2,2.2,1.9,4.1,0.29,31,9,29.0,2.2,0.64,0.1,0.33,0.07,285,452,63.1,5124,2017,2.6,28,34,11,2,79,45,4,1,46,59,4.19,4,0.28,14,7,6,7,1,10.0,3,17,5,16,0,595,8,34,11,36.7,326,21,7,30,21,389,70,2,0,0,20,3,0,0,0,52,21,46.7
Viti,es ESP,DF,Las Palmas,es La Liga,26.0,1997.0,29,23,1982,22.0,0,2,2,0,0,0,0.1,0.1,1.4,1.4,0.06,3,2,66.7,0.14,0.09,0.0,0.0,0.02,757,934,81.0,12326,4296,1.3,12,40,13,8,45,0,1,3,44,29,1.32,3,0.14,71,46,43,21,7,68.9,27,98,61,18,0,1186,62,23,9,45.0,491,43,4,28,6,559,65,5,0,0,28,1,0,0,0,85,18,48.6
Mattia Viti,it ITA,DF,Empoli,it Serie A,22.0,2002.0,30,30,2572,28.6,1,0,1,1,0,0,0.8,0.8,0.2,1.0,0.03,11,2,18.2,0.38,0.07,0.09,0.5,0.07,933,1163,80.2,17070,5753,0.2,5,71,3,0,0,0,1,5,86,23,0.8,0,0.0,65,45,42,20,3,65.4,48,113,128,8,4,1506,260,12,6,54.5,633,17,0,20,17,752,10,3,0,0,30,2,0,0,0,97,61,54.0
Vitinha,pt POR,"FW,MF",Genoa,it Serie A,24.0,2000.0,25,16,1328,14.8,2,3,5,2,0,0,1.6,1.6,3.3,5.0,0.34,33,5,15.2,2.24,0.34,0.06,0.4,0.05,191,322,59.3,2886,753,2.0,16,12,10,7,45,2,3,2,19,41,2.78,3,0.2,23,8,12,6,5,36.7,12,35,22,21,0,572,32,54,22,32.4,309,38,16,54,34,348,71,2,0,0,23,5,0,0,0,53,31,52.5
Vitinha,pt POR,MF,Paris S-G,fr Ligue 1,24.0,2000.0,29,20,2042,22.7,5,1,6,3,2,2,3.4,1.8,2.6,4.4,0.27,25,12,48.0,1.1,0.53,0.12,0.25,0.07,2236,2403,93.1,39605,9228,3.8,27,257,37,3,21,6,13,22,224,73,3.22,4,0.18,43,23,13,27,3,52.1,14,57,19,19,2,2581,58,32,27,67.5,1756,53,9,30,19,2160,57,1,0,0,9,0,0,0,0,144,1,16.7
Daniel Vivian,es ESP,DF,Athletic Club,es La Liga,25.0,1999.0,32,28,2608,29.0,4,0,4,4,0,0,1.9,1.9,0.4,2.3,0.08,18,5,27.8,0.62,0.17,0.22,0.8,0.11,1526,1753,87.1,31626,11850,0.7,10,166,10,3,8,0,2,11,185,34,1.17,1,0.03,40,26,23,14,3,65.6,47,87,152,13,2,2085,147,26,10,58.8,1169,36,1,19,13,1325,6,3,0,0,27,0,0,1,0,164,43,58.1
Dušan Vlahović,rs SRB,FW,Juventus,it Serie A,24.0,2000.0,29,21,1784,19.8,10,4,14,6,4,4,12.3,9.2,1.3,10.5,0.69,73,25,34.2,3.68,1.26,0.08,0.24,0.13,253,366,69.1,3895,421,0.9,15,11,7,0,9,0,3,4,22,41,2.07,8,0.4,4,2,0,1,3,20.0,1,5,9,12,3,564,14,125,9,32.1,308,27,17,51,28,431,117,3,0,0,27,2,0,0,0,36,39,48.1
Vanja Vlahović,rs SRB,"FW,MF",Atalanta,it Serie A,20.0,2004.0,3,0,60,0.7,0,0,0,0,0,0,0.2,0.2,0.1,0.3,0.38,1,1,100.0,1.5,1.5,0.0,0.0,0.16,4,6,66.7,44,0,0.1,2,0,0,0,0,0,0,0,0,3,4.5,1,1.5,1,1,0,0,1,,0,1,0,0,0,18,0,7,0,0.0,13,0,0,6,1,12,5,0,0,0,0,1,1,0,0,0,0,0.0
Nikola Vlašić,hr CRO,"MF,FW",Torino,it Serie A,26.0,1997.0,30,23,2117,23.5,5,4,9,3,2,2,3.4,1.8,2.4,4.2,0.25,30,10,33.3,1.28,0.43,0.1,0.3,0.06,613,768,79.8,8813,2258,2.0,32,57,24,4,26,1,3,4,94,70,2.98,8,0.34,37,19,11,17,9,40.0,9,46,15,19,0,983,15,59,24,50.0,607,53,12,44,42,713,110,0,0,0,28,3,0,0,0,93,27,48.2
Alessandro Vogliacco,it ITA,DF,Genoa,it Serie A,25.0,1998.0,12,8,715,7.9,2,0,2,2,0,0,1.3,1.3,0.0,1.4,0.17,5,2,40.0,0.63,0.25,0.4,1.0,0.27,266,341,78.0,5278,2121,0.2,1,35,4,3,11,0,0,4,26,6,0.76,0,0.0,15,3,7,7,1,83.3,9,24,20,8,0,407,37,5,0,0.0,208,9,1,2,1,258,2,3,0,0,12,0,0,1,0,20,11,57.9
Alessandro Vogliacco,it ITA,DF,Parma,it Serie A,25.0,1998.0,10,10,772,8.6,0,0,0,0,0,0,0.1,0.1,0.1,0.2,0.02,1,1,100.0,0.12,0.12,0.0,0.0,0.1,437,477,91.6,8499,3028,0.1,3,26,1,0,2,0,0,4,21,5,0.58,0,0.0,5,2,5,0,0,60.0,3,8,37,0,0,551,64,3,1,100.0,370,2,0,4,0,395,0,2,0,0,10,0,0,0,1,24,17,56.7
Kevin Vogt,de GER,DF,Union Berlin,de Bundesliga,32.0,1991.0,18,16,1367,15.2,1,0,1,0,1,1,0.8,0.0,0.0,0.0,0.05,0,0,,0.0,0.0,,,,790,897,88.1,16194,7116,0.3,2,71,8,0,0,0,0,3,70,17,1.12,0,0.0,12,8,7,5,0,61.5,9,21,75,2,1,1030,139,2,4,80.0,560,11,1,5,2,619,2,6,0,0,10,0,0,1,0,90,14,51.9
Mërgim Vojvoda,xk KVX,DF,Torino,it Serie A,29.0,1995.0,17,12,1105,12.3,0,0,0,0,0,0,0.4,0.4,0.4,0.8,0.07,5,0,0.0,0.41,0.0,0.0,,0.08,662,792,83.6,12050,3725,0.9,11,47,16,9,40,6,2,9,64,27,2.2,1,0.08,18,10,5,9,4,50.0,7,25,24,12,1,875,43,6,6,54.5,577,18,1,8,8,606,34,4,0,0,13,1,0,0,0,53,8,44.4
Mërgim Vojvoda,xk KVX,DF,Como,it Serie A,29.0,1995.0,11,8,717,8.0,1,2,3,1,0,0,0.2,0.2,2.0,2.3,0.28,4,1,25.0,0.5,0.13,0.25,1.0,0.06,375,460,81.5,6049,2206,0.9,12,31,11,4,26,9,0,0,43,20,2.51,2,0.25,9,6,5,4,0,77.8,3,12,18,3,0,521,32,14,3,27.3,293,16,4,4,4,343,40,2,0,0,8,0,0,0,0,28,6,50.0
Kevin Volland,de GER,"FW,MF",Union Berlin,de Bundesliga,32.0,1992.0,4,0,61,0.7,0,0,0,0,0,0,0.0,0.0,0.1,0.1,0.08,0,0,,0.0,0.0,,,,10,14,71.4,110,49,0.2,1,1,0,0,0,0,0,0,2,1,1.48,0,0.0,0,0,0,0,0,,0,0,1,0,0,20,0,4,0,,12,0,0,1,2,14,4,1,0,0,3,0,0,0,0,2,3,75.0
Aster Vranckx,be BEL,MF,Wolfsburg,de Bundesliga,21.0,2002.0,14,6,556,6.2,0,0,0,0,0,0,0.0,0.0,0.0,0.0,0.01,0,0,,0.0,0.0,,,,166,202,82.2,2747,773,0.4,1,16,2,0,3,0,1,2,20,6,0.97,1,0.16,11,6,3,8,0,33.3,10,21,13,10,0,276,30,4,5,83.3,123,5,0,13,5,144,6,1,0,0,12,1,0,0,0,22,7,33.3
Stefan de Vrij,nl NED,DF,Inter,it Serie A,32.0,1992.0,25,17,1636,18.2,3,0,3,3,0,0,1.1,1.1,0.0,1.1,0.06,13,3,23.1,0.72,0.17,0.23,1.0,0.08,1309,1403,93.3,24028,7772,0.3,1,64,1,0,0,0,2,3,76,14,0.73,3,0.16,18,11,12,5,1,75.0,22,40,89,4,0,1613,151,19,3,37.5,988,11,0,4,1,1162,5,2,0,0,8,0,0,0,0,66,65,63.1
Ibrahima Wadji,sn SEN,"FW,MF",Saint-Étienne,fr Ligue 1,29.0,1995.0,10,2,347,3.9,0,0,0,0,0,0,0.8,0.8,0.0,0.8,0.2,12,1,8.3,3.11,0.26,0.0,0.0,0.06,53,63,84.1,680,65,0.1,1,2,1,0,2,0,0,0,4,8,2.09,1,0.26,7,6,3,3,1,42.9,1,8,0,1,0,112,0,16,7,70.0,65,11,3,19,10,77,24,1,0,0,11,0,0,0,0,7,4,28.6
Robert Wagner,de GER,MF,St. Pauli,de Bundesliga,21.0,2003.0,12,5,407,4.5,0,0,0,0,0,0,0.1,0.1,0.0,0.1,0.02,2,0,0.0,0.44,0.0,0.0,,0.05,98,130,75.4,1406,458,0.1,0,6,0,0,2,0,0,1,10,3,0.67,0,0.0,8,3,2,6,0,30.8,2,10,12,4,0,183,9,3,1,50.0,59,1,0,5,6,92,9,1,0,0,6,0,0,0,0,22,5,41.7
Elye Wahi,fr FRA,FW,Marseille,fr Ligue 1,21.0,2003.0,13,7,574,6.4,3,1,4,2,1,1,6.0,5.2,0.4,5.6,1.0,16,9,56.3,2.51,1.41,0.13,0.22,0.33,88,111,79.3,1129,158,0.2,6,7,0,0,2,0,0,1,7,16,2.5,4,0.63,0,0,0,0,0,0.0,1,1,0,6,0,161,0,30,2,20.0,103,7,5,15,11,126,41,1,0,0,17,0,0,0,0,8,4,23.5
Elye Wahi,fr FRA,"FW,MF",Eint Frankfurt,de Bundesliga,21.0,2003.0,8,1,196,2.2,0,0,0,0,0,0,1.3,1.3,0.1,1.4,0.62,9,2,22.2,4.13,0.92,0.0,0.0,0.14,27,42,64.3,366,99,0.3,1,2,3,1,5,0,0,0,5,4,1.83,0,0.0,0,0,0,0,0,0.0,0,0,1,2,0,66,1,14,6,75.0,43,6,4,7,5,52,19,1,0,0,2,0,0,0,0,8,2,20.0
Hauke Wahl,de GER,DF,St. Pauli,de Bundesliga,30.0,1994.0,33,33,2970,33.0,0,0,0,0,0,0,0.9,0.9,0.5,1.4,0.04,11,4,36.4,0.33,0.12,0.0,0.0,0.08,1520,1755,86.6,26509,9297,1.6,9,120,8,1,8,0,0,0,142,26,0.79,0,0.0,36,27,21,13,2,60.5,31,67,170,11,4,2096,246,28,8,80.0,1040,30,1,10,9,1305,10,1,0,0,13,1,0,0,0,129,47,48.5
Kyle Walker,eng ENG,DF,Manchester City,eng Premier League,34.0,1990.0,15,9,970,10.8,0,0,0,0,0,0,0.1,0.1,0.4,0.6,0.05,5,2,40.0,0.46,0.19,0.0,0.0,0.03,724,826,87.7,11928,3918,1.3,7,63,7,4,14,0,2,7,64,17,1.58,0,0.0,17,10,7,7,3,53.8,3,20,13,8,1,892,26,5,3,50.0,499,12,0,9,2,630,11,3,0,0,6,0,0,0,0,46,9,56.3
Kyle Walker,eng ENG,DF,Milan,it Serie A,34.0,1990.0,11,7,659,7.3,0,0,0,0,0,0,0.0,0.0,0.9,1.0,0.13,2,0,0.0,0.27,0.0,0.0,,0.02,370,422,87.7,6392,1909,0.5,6,26,2,0,11,0,0,2,32,10,1.37,0,0.0,17,9,12,4,1,76.5,9,26,15,3,1,492,33,6,5,71.4,310,11,2,6,4,323,19,1,0,0,7,0,0,0,0,37,6,66.7
Kyle Walker-Peters,eng ENG,DF,Southampton,eng Premier League,27.0,1997.0,33,33,2918,32.4,0,2,2,0,0,0,0.8,0.8,2.8,3.6,0.11,20,6,30.0,0.62,0.19,0.0,0.0,0.04,1493,1693,88.2,22418,6584,2.3,24,119,30,4,51,3,5,2,139,63,1.94,7,0.22,44,29,22,15,7,45.7,19,63,90,33,1,2022,151,59,38,41.3,1271,114,24,32,39,1433,144,5,0,0,28,3,0,0,0,135,11,34.4
Sebastian Walukiewicz,pl POL,DF,Torino,it Serie A,24.0,2000.0,29,20,1661,18.5,0,0,0,0,0,0,0.4,0.4,0.3,0.7,0.04,6,1,16.7,0.33,0.05,0.0,0.0,0.07,761,938,81.1,13048,4435,0.6,4,74,14,5,24,0,0,3,80,16,0.87,1,0.05,38,20,18,16,4,74.2,18,56,60,13,0,1119,68,9,6,27.3,557,25,0,9,5,694,31,6,0,0,29,0,0,0,0,52,23,39.0
Sebastian Walukiewicz,pl POL,DF,Empoli,it Serie A,24.0,2000.0,2,2,180,2.0,0,0,0,0,0,0,0.0,0.0,0.1,0.1,0.04,0,0,,0.0,0.0,,,,48,62,77.4,874,473,0.0,1,6,1,0,2,0,0,1,8,4,2.0,0,0.0,1,0,1,0,0,0.0,1,2,15,0,0,83,16,0,0,,32,2,0,2,0,33,3,0,0,0,4,0,0,0,0,6,5,62.5
Aaron Wan-Bissaka,eng ENG,DF,West Ham,eng Premier League,26.0,1997.0,36,35,3154,35.0,2,5,7,2,0,0,1.2,1.2,3.5,4.7,0.14,16,5,31.3,0.46,0.14,0.13,0.4,0.07,1472,1815,81.1,20696,7523,2.8,33,94,35,11,76,0,5,1,149,93,2.65,10,0.29,70,49,33,32,5,71.9,66,136,125,62,0,2256,147,48,64,52.5,1092,110,15,35,22,1322,167,1,0,0,25,2,0,0,1,174,22,40.0
Paul Wanner,de GER,"MF,FW",Heidenheim,de Bundesliga,18.0,2005.0,29,20,1771,19.7,3,2,5,2,1,1,3.7,2.9,1.3,4.1,0.25,24,5,20.8,1.22,0.25,0.08,0.4,0.12,518,709,73.1,7975,2039,1.8,20,43,13,3,52,25,4,2,64,51,2.59,7,0.36,40,27,16,21,3,46.9,4,44,20,19,0,935,19,41,25,42.4,496,28,6,45,37,575,65,2,0,0,23,5,0,0,0,90,12,40.0
Joel Ward,eng ENG,DF,Crystal Palace,eng Premier League,34.0,1989.0,2,1,71,0.8,0,0,0,0,0,0,0.0,0.0,0.0,0.0,0.06,0,0,,0.0,0.0,,,,14,24,58.3,306,77,0.0,1,0,0,0,0,0,0,0,1,1,1.27,0,0.0,2,0,0,2,0,,0,2,3,1,0,32,3,0,0,0.0,15,0,0,0,0,16,1,1,0,0,4,0,0,0,0,7,1,100.0
James Ward-Prowse,eng ENG,MF,West Ham,eng Premier League,29.0,1994.0,15,12,1039,11.5,1,1,2,1,0,0,1.6,1.6,1.9,3.6,0.31,13,5,38.5,1.13,0.43,0.08,0.2,0.13,677,768,88.2,11241,3140,1.8,20,76,5,2,49,34,0,9,54,34,2.95,1,0.09,20,14,8,8,4,36.8,8,28,15,4,0,849,30,11,2,40.0,427,11,0,3,6,593,9,2,0,0,10,0,0,0,0,52,10,66.7
James Ward-Prowse,eng ENG,MF,Nott'ham Forest,eng Premier League,29.0,1994.0,9,5,400,4.4,0,1,1,0,0,0,0.1,0.1,1.1,1.2,0.26,2,1,50.0,0.45,0.23,0.0,0.0,0.03,145,182,79.7,2296,768,0.8,4,16,2,0,19,8,0,1,16,10,2.25,2,0.45,4,1,1,3,0,100.0,5,9,8,1,0,205,13,1,0,,92,1,0,3,3,115,3,2,1,1,7,0,0,0,0,19,3,37.5
Kjell-Arik Wätjen,de GER,MF,Dortmund,de Bundesliga,18.0,2006.0,2,0,16,0.2,0,0,0,0,0,0,0.0,0.0,0.0,0.0,0.0,0,0,,0.0,0.0,,,,3,8,37.5,42,16,0.0,0,0,0,0,0,0,0,0,0,0,0.0,0,0.0,0,0,0,0,0,,0,0,2,0,0,12,2,0,0,,4,0,0,2,0,5,0,0,0,0,0,0,0,0,0,2,0,
Ollie Watkins,eng ENG,FW,Aston Villa,eng Premier League,28.0,1995.0,38,31,2598,28.9,16,8,24,14,2,2,15.3,13.8,3.3,17.1,0.65,82,36,43.9,2.84,1.25,0.17,0.39,0.17,307,424,72.4,3915,656,2.1,24,12,13,0,7,0,1,1,31,53,1.84,12,0.42,10,7,0,6,4,27.3,8,18,15,17,2,695,18,168,10,24.4,409,55,38,60,50,552,165,2,0,0,29,6,2,0,0,43,52,42.3
Timothy Weah,us USA,"DF,FW",Juventus,it Serie A,24.0,2000.0,30,18,1638,18.2,5,2,7,5,0,0,3.4,3.4,1.6,5.1,0.28,21,9,42.9,1.15,0.49,0.24,0.56,0.16,659,787,83.7,10475,2680,1.2,19,38,13,6,44,2,2,2,56,36,1.98,3,0.16,36,19,15,13,8,56.0,14,50,27,21,2,977,31,35,13,38.2,565,45,18,26,15,652,120,4,0,0,20,2,0,0,0,60,19,44.2
Adam Webster,eng ENG,DF,Brighton,eng Premier League,29.0,1995.0,14,11,887,9.9,0,0,0,0,0,0,0.2,0.2,0.5,0.7,0.08,5,1,20.0,0.51,0.1,0.0,0.0,0.05,636,725,87.7,11765,4541,0.3,3,64,2,0,2,0,0,3,63,14,1.42,4,0.41,10,6,5,4,1,42.9,20,30,41,5,2,824,119,15,1,33.3,476,8,0,5,1,552,2,1,0,0,7,0,0,1,0,35,24,80.0
Julian Weigl,de GER,MF,Gladbach,de Bundesliga,28.0,1995.0,33,33,2881,32.0,0,2,2,0,0,0,0.7,0.7,1.1,1.9,0.06,19,6,31.6,0.59,0.19,0.0,0.0,0.04,1557,1763,88.3,28131,8594,1.9,11,121,18,1,11,1,5,6,122,51,1.59,6,0.19,53,25,24,24,5,60.9,48,101,86,23,3,2075,122,9,7,87.5,1061,11,1,13,10,1416,9,8,0,0,23,1,0,3,0,133,39,67.2
Nelson Weiper,de GER,"FW,MF",Mainz 05,de Bundesliga,19.0,2005.0,23,7,704,7.8,3,2,5,3,0,0,4.1,4.1,1.9,6.0,0.77,22,12,54.5,2.81,1.53,0.14,0.25,0.19,116,173,67.1,1561,339,0.7,10,12,5,0,6,0,0,0,13,16,2.05,2,0.26,5,4,2,3,0,50.0,2,7,5,9,1,311,5,50,10,47.6,149,12,5,54,11,213,62,2,0,0,19,0,0,0,0,20,34,43.6
Mitchell Weiser,de GER,"DF,MF",Werder Bremen,de Bundesliga,30.0,1994.0,32,32,2868,31.9,5,9,14,5,0,0,5.4,5.4,4.7,10.1,0.32,43,15,34.9,1.35,0.47,0.12,0.33,0.13,1151,1558,73.9,17209,6937,5.4,42,74,40,12,78,0,10,7,125,87,2.73,13,0.41,61,40,19,34,8,50.0,22,83,61,64,3,1949,60,109,35,41.7,990,65,13,71,36,1210,200,9,1,1,30,5,0,0,0,152,31,38.3
Noah Weißhaupt,de GER,"FW,MF",St. Pauli,de Bundesliga,22.0,2001.0,19,13,1160,12.9,1,0,1,1,0,0,2.1,2.1,1.8,3.9,0.3,18,4,22.2,1.4,0.31,0.06,0.25,0.12,226,363,62.3,3943,1254,1.8,18,19,15,11,72,24,1,5,33,42,3.26,1,0.08,6,4,3,0,3,37.5,2,8,8,8,1,509,6,43,13,34.2,306,42,17,37,11,355,94,0,0,0,10,9,0,0,0,51,15,44.1
Noah Weißhaupt,de GER,FW,Freiburg,de Bundesliga,22.0,2001.0,3,0,80,0.9,0,0,0,0,0,0,0.0,0.0,0.0,0.0,0.05,1,0,0.0,1.13,0.0,0.0,,0.04,37,50,74.0,540,95,0.1,0,2,2,1,8,2,0,0,6,4,4.5,0,0.0,0,0,0,0,0,0.0,0,0,1,3,0,59,1,5,1,25.0,49,8,4,3,0,52,10,0,0,0,1,0,0,0,0,3,0,
Danny Welbeck,eng ENG,FW,Brighton,eng Premier League,33.0,1990.0,30,24,2115,23.5,10,4,14,9,1,1,9.6,8.8,1.4,10.1,0.46,59,23,39.0,2.51,0.98,0.15,0.39,0.15,417,491,84.9,4936,1008,1.4,23,18,14,0,3,0,0,0,47,53,2.26,8,0.34,26,16,6,15,5,40.0,5,31,14,13,0,726,18,102,13,35.1,448,21,8,49,28,547,95,5,0,0,11,6,0,0,0,46,17,34.7
Welington,br BRA,DF,Southampton,eng Premier League,23.0,2001.0,10,6,482,5.4,0,0,0,0,0,0,0.0,0.0,0.1,0.1,0.02,3,0,0.0,0.56,0.0,0.0,,0.01,145,186,78.0,2273,695,0.2,3,8,5,4,17,6,0,1,11,7,1.31,1,0.19,21,9,15,5,1,63.2,7,28,36,8,0,276,31,3,5,55.6,100,5,1,9,4,120,19,1,0,0,6,0,0,1,0,21,5,55.6
Timo Werner,de GER,"FW,MF",Tottenham,eng Premier League,28.0,1996.0,18,4,516,5.7,0,3,3,0,0,0,1.0,1.0,2.5,3.5,0.61,8,3,37.5,1.4,0.52,0.0,0.0,0.12,158,236,66.9,2383,597,1.5,10,3,15,2,28,2,2,2,30,18,3.13,3,0.52,6,4,3,3,0,23.1,1,7,7,15,0,298,8,33,10,52.6,215,42,18,14,6,227,89,0,0,0,3,1,0,0,0,18,0,0.0
Adam Wharton,eng ENG,MF,Crystal Palace,eng Premier League,20.0,2004.0,20,16,1318,14.6,0,2,2,0,0,0,0.4,0.4,3.0,3.4,0.23,13,5,38.5,0.89,0.34,0.0,0.0,0.03,548,725,75.6,10271,3780,2.2,26,78,18,5,39,26,5,1,107,59,4.03,6,0.41,34,14,14,16,4,38.6,20,54,27,12,0,872,30,11,2,20.0,430,14,2,17,13,533,11,2,0,0,12,0,0,0,0,102,7,30.4
Ben White,eng ENG,DF,Arsenal,eng Premier League,26.0,1997.0,17,13,1198,13.3,0,2,2,0,0,0,0.5,0.5,1.4,1.8,0.14,9,2,22.2,0.68,0.15,0.0,0.0,0.05,580,692,83.8,9173,2998,1.4,10,55,11,2,17,0,1,7,59,23,1.73,2,0.15,20,14,10,4,6,42.1,16,36,44,7,0,813,55,28,0,0.0,394,23,4,10,6,494,42,2,0,0,10,0,0,0,0,37,18,66.7
Silvan Widmer,ch SUI,DF,Mainz 05,de Bundesliga,31.0,1993.0,27,3,504,5.6,0,1,1,0,0,0,0.3,0.3,0.4,0.7,0.13,3,1,33.3,0.54,0.18,0.0,0.0,0.11,208,281,74.0,3639,1198,0.5,2,15,6,2,12,0,0,0,23,10,1.78,2,0.36,11,5,3,6,2,66.7,5,16,27,4,0,363,26,12,0,0.0,146,3,1,8,3,190,36,3,0,0,5,0,0,0,0,16,12,46.2
Mats Wieffer,nl NED,"DF,MF",Brighton,eng Premier League,24.0,1999.0,25,10,1015,11.3,1,3,4,1,0,0,0.8,0.8,1.6,2.4,0.21,9,4,44.4,0.8,0.35,0.11,0.25,0.08,594,698,85.1,9762,2650,1.0,16,53,9,2,13,0,0,1,62,32,2.83,6,0.53,58,34,27,27,4,68.1,17,75,28,14,3,867,55,22,7,46.7,483,18,1,19,9,533,23,6,0,0,23,2,1,1,0,68,32,56.1
Mateusz Wieteska,pl POL,DF,Cagliari,it Serie A,27.0,1997.0,5,1,184,2.0,0,0,0,0,0,0,0.2,0.2,0.2,0.4,0.18,1,0,0.0,0.49,0.0,0.0,,0.21,82,95,86.3,1672,723,0.2,1,3,1,0,0,0,0,0,5,2,0.97,0,0.0,1,0,0,1,0,100.0,7,8,6,1,0,116,18,2,0,,69,1,0,1,0,70,0,1,0,0,4,0,0,1,0,11,2,22.2
Caleb Wiley,us USA,"DF,MF",Strasbourg,fr Ligue 1,19.0,2004.0,6,3,266,3.0,0,1,1,0,0,0,0.0,0.0,0.7,0.7,0.24,1,0,0.0,0.34,0.0,0.0,,0.03,97,123,78.9,1476,602,0.3,2,2,3,2,7,0,1,2,7,4,1.35,1,0.34,1,0,0,1,0,0.0,4,5,5,4,0,149,7,4,0,0.0,70,3,0,7,4,90,9,1,0,0,2,1,0,0,0,17,0,0.0
Iñaki Williams,gh GHA,FW,Athletic Club,es La Liga,30.0,1994.0,35,29,2652,29.5,6,8,14,6,0,0,7.6,7.6,7.8,15.4,0.52,63,24,38.1,2.14,0.81,0.1,0.25,0.12,525,830,63.3,7922,2296,5.0,43,38,51,15,115,0,7,7,76,80,2.72,14,0.48,17,10,4,8,5,52.2,12,29,32,35,0,1169,35,138,33,32.7,739,107,49,65,44,898,302,1,0,0,22,3,1,0,0,87,30,60.0
Neco Williams,wls WAL,DF,Nott'ham Forest,eng Premier League,23.0,2001.0,35,28,2594,28.8,1,3,4,1,0,0,2.3,2.3,1.6,3.9,0.13,37,7,18.9,1.28,0.24,0.03,0.14,0.06,843,1116,75.5,12607,5011,1.5,18,69,22,10,59,2,1,4,89,51,1.77,6,0.21,90,57,63,19,8,61.6,31,121,137,31,3,1565,155,45,18,39.1,650,68,16,36,21,744,103,7,0,0,24,3,0,0,0,110,40,57.1
Nico Williams,es ESP,FW,Athletic Club,es La Liga,22.0,2002.0,29,22,1996,22.2,5,5,10,5,0,0,4.2,4.2,3.5,7.7,0.35,54,19,35.2,2.43,0.86,0.09,0.26,0.08,497,705,70.5,7797,1800,4.2,40,23,29,8,107,40,0,3,69,112,5.05,13,0.59,28,18,10,11,7,34.4,7,35,9,36,0,1064,8,113,68,36.4,697,118,58,62,46,767,254,1,0,0,17,5,0,0,0,96,11,39.3
Willian,br BRA,"FW,MF",Fulham,eng Premier League,35.0,1988.0,10,2,257,2.9,0,0,0,0,0,0,0.3,0.3,0.5,0.8,0.28,7,0,0.0,2.45,0.0,0.0,,0.04,178,208,85.6,3198,855,0.7,7,19,10,2,16,7,0,4,40,17,5.93,0,0.0,4,2,0,3,1,33.3,1,5,1,1,0,231,1,7,1,14.3,148,11,2,3,1,183,33,0,0,0,1,0,0,0,0,14,1,25.0
Joe Willock,eng ENG,"MF,FW",Newcastle Utd,eng Premier League,24.0,1999.0,32,11,1086,12.1,0,2,2,0,0,0,1.6,1.6,2.1,3.8,0.31,18,3,16.7,1.49,0.25,0.0,0.0,0.09,300,363,82.6,4282,903,0.9,22,28,8,0,18,0,0,2,41,45,3.73,4,0.33,30,17,15,12,3,58.1,6,36,7,8,0,533,12,55,12,34.3,325,38,16,37,23,372,86,4,0,0,23,1,0,0,0,40,5,26.3
Callum Wilson,eng ENG,FW,Newcastle Utd,eng Premier League,32.0,1992.0,18,2,370,4.1,0,0,0,0,0,0,0.4,0.4,0.1,0.5,0.12,6,1,16.7,1.46,0.24,0.0,0.0,0.06,40,53,75.5,504,89,0.1,3,2,0,0,2,0,0,0,4,10,2.43,0,0.0,2,2,0,1,1,0.0,1,3,1,4,0,95,1,19,1,14.3,47,5,5,16,12,60,17,1,0,0,4,1,0,0,0,11,2,11.1
Harry Wilson,wls WAL,"FW,MF",Fulham,eng Premier League,27.0,1997.0,25,12,1162,12.9,6,1,7,6,0,0,4.2,4.2,1.1,5.3,0.41,43,17,39.5,3.33,1.32,0.14,0.35,0.1,326,445,73.3,5413,1378,1.2,20,26,15,1,41,27,1,5,51,44,3.41,3,0.23,20,14,13,3,4,66.7,7,27,10,6,1,598,11,63,9,37.5,342,22,11,19,6,390,96,2,0,0,12,2,1,0,0,55,5,20.0
Patrick Wimmer,at AUT,"MF,FW",Wolfsburg,de Bundesliga,23.0,2001.0,29,22,1770,19.7,3,4,7,3,0,0,3.7,3.7,2.9,6.7,0.34,41,10,24.4,2.08,0.51,0.07,0.3,0.09,427,650,65.7,7363,2757,3.4,24,55,23,4,42,21,7,4,91,71,3.61,12,0.61,47,35,19,21,7,32.6,32,79,15,39,2,920,20,63,37,53.6,504,46,13,43,27,532,75,5,1,0,36,5,0,0,0,92,36,42.4
Jonas Wind,dk DEN,"FW,MF",Wolfsburg,de Bundesliga,25.0,1999.0,31,21,1966,21.8,9,3,12,8,1,2,5.7,4.0,4.2,8.1,0.45,38,11,28.9,1.74,0.5,0.21,0.73,0.1,432,612,70.6,6257,2209,4.7,34,66,24,0,7,0,6,0,100,65,2.97,6,0.27,10,6,1,8,1,50.0,6,16,15,20,0,810,17,88,6,30.0,450,17,12,55,28,637,94,2,0,0,15,5,0,0,0,59,98,49.5
Harry Winks,eng ENG,MF,Leicester City,eng Premier League,28.0,1996.0,22,17,1538,17.1,0,2,2,0,0,0,0.2,0.2,1.2,1.5,0.09,10,4,40.0,0.59,0.23,0.0,0.0,0.02,910,1045,87.1,14101,5048,1.5,17,110,7,5,34,16,4,2,101,39,2.28,3,0.18,24,11,12,10,2,43.3,9,33,20,11,0,1158,49,1,3,25.0,696,19,0,13,8,827,11,4,0,0,9,1,0,0,0,106,8,57.1
Ben Winterburn,eng ENG,"MF,FW",Bournemouth,eng Premier League,19.0,2004.0,4,0,24,0.3,0,0,0,0,0,0,0.0,0.0,0.0,0.0,0.0,0,0,,0.0,0.0,,,,5,7,71.4,93,44,0.0,0,0,0,0,0,0,0,0,0,0,0.0,0,0.0,0,0,0,0,0,0.0,2,2,0,0,0,9,0,1,0,,6,2,1,0,0,6,2,0,0,0,0,0,0,0,0,2,1,100.0
Florian Wirtz,de GER,"MF,FW",Leverkusen,de Bundesliga,21.0,2003.0,31,25,2351,26.1,10,12,22,8,2,4,9.4,6.1,7.0,13.1,0.63,74,35,47.3,2.83,1.34,0.11,0.23,0.08,1370,1749,78.3,18566,5171,9.4,57,96,65,8,101,42,26,8,176,148,5.66,26,0.99,32,20,10,12,10,40.9,10,42,6,40,1,2096,10,137,82,49.1,1217,131,53,58,47,1638,309,3,0,0,22,4,1,0,0,113,9,20.0
Yoane Wissa,cd COD,FW,Brentford,eng Premier League,27.0,1996.0,35,34,2919,32.4,19,4,23,19,0,0,18.5,18.5,2.6,21.1,0.65,90,41,45.6,2.77,1.26,0.21,0.46,0.21,450,588,76.5,6490,1617,1.8,27,44,13,1,20,1,5,1,67,69,2.13,10,0.31,22,12,6,8,8,40.7,8,30,21,23,3,925,34,163,15,30.6,550,60,34,77,35,658,154,5,0,0,34,10,1,0,0,81,30,45.5
Dani de Wit,nl NED,"MF,FW",Bochum,de Bundesliga,26.0,1998.0,28,11,1153,12.8,2,1,3,2,0,0,2.1,2.1,0.5,2.7,0.21,20,7,35.0,1.56,0.55,0.1,0.29,0.11,296,411,72.0,4084,1104,0.5,10,24,5,2,8,0,1,0,33,22,1.72,2,0.16,29,17,11,15,3,58.1,12,41,23,8,1,558,27,37,1,12.5,244,5,0,11,3,311,37,1,0,0,24,2,2,0,0,36,41,46.1
Axel Witsel,be BEL,DF,Atlético Madrid,es La Liga,35.0,1989.0,14,9,852,9.5,0,1,1,0,0,0,0.0,0.0,0.5,0.6,0.06,1,0,0.0,0.11,0.0,0.0,,0.03,494,545,90.6,8980,3351,0.7,2,17,0,0,0,0,0,2,21,4,0.42,2,0.21,16,12,4,10,2,85.7,11,27,34,1,1,645,82,4,1,50.0,405,2,1,9,0,418,1,1,0,0,4,1,0,0,0,32,23,59.0
Maximilian Wittek,de GER,DF,Bochum,de Bundesliga,28.0,1995.0,33,32,2706,30.1,0,0,0,0,0,0,1.4,1.4,4.4,5.7,0.19,41,7,17.1,1.36,0.23,0.0,0.0,0.03,1077,1525,70.6,20095,8995,6.2,46,114,37,18,164,72,8,6,141,100,3.33,6,0.2,65,42,40,19,6,70.4,27,92,89,39,3,1882,105,20,12,40.0,769,47,7,38,12,860,83,8,0,0,34,4,0,0,0,115,23,50.0
Marius Wolf,de GER,DF,Augsburg,de Bundesliga,29.0,1995.0,32,28,2144,23.8,1,3,4,1,0,0,0.7,0.7,3.2,3.9,0.16,12,2,16.7,0.5,0.08,0.08,0.5,0.06,826,1205,68.5,14566,6535,4.4,45,76,25,13,115,38,3,3,117,80,3.36,6,0.25,27,16,13,11,3,37.2,24,51,51,46,1,1427,54,46,19,44.2,627,36,8,25,16,769,95,2,0,0,19,3,0,0,0,82,8,50.0
Nick Woltemade,de GER,"FW,MF",Stuttgart,de Bundesliga,22.0,2002.0,28,17,1622,18.0,12,2,14,10,2,3,10.2,8.0,4.6,12.6,0.82,46,23,50.0,2.55,1.28,0.22,0.43,0.17,345,489,70.6,4286,1058,3.4,37,31,23,0,6,0,5,2,52,79,4.38,10,0.55,10,7,2,4,4,60.0,1,11,15,14,1,788,19,159,31,43.7,470,31,22,84,50,623,141,5,1,1,24,3,0,0,0,53,47,43.1
Jeong Woo-yeong,kr KOR,"MF,FW",Union Berlin,de Bundesliga,24.0,1999.0,23,17,1263,14.0,3,2,5,3,0,0,2.8,2.8,1.7,4.4,0.31,25,6,24.0,1.78,0.43,0.12,0.5,0.11,381,506,75.3,4914,1386,2.1,18,30,20,5,36,8,2,0,63,49,3.49,5,0.36,10,7,5,5,0,27.3,11,21,11,25,0,621,12,34,12,57.1,386,32,6,23,16,423,93,2,0,0,16,1,0,0,0,68,14,34.1
Chris Wood,nz NZL,FW,Nott'ham Forest,eng Premier League,32.0,1991.0,36,35,2959,32.9,20,3,23,17,3,3,13.4,11.0,2.6,13.6,0.49,65,32,49.2,1.98,0.97,0.26,0.53,0.17,315,490,64.3,4434,1018,1.5,22,19,12,1,1,0,2,1,42,44,1.34,5,0.15,6,5,2,2,2,27.3,5,11,29,7,1,770,40,105,4,30.8,376,14,5,75,28,563,94,1,0,0,25,0,0,0,0,50,94,39.7
Nathan Wood-Gordon,eng ENG,DF,Southampton,eng Premier League,22.0,2002.0,11,9,773,8.6,0,0,0,0,0,0,0.2,0.2,0.0,0.3,0.03,2,0,0.0,0.23,0.0,0.0,,0.12,444,476,93.3,7532,1915,0.0,1,11,0,0,3,0,0,0,17,3,0.35,0,0.0,14,8,8,5,1,72.7,5,19,39,1,2,564,75,3,4,66.7,313,2,0,5,1,419,0,2,0,0,9,0,0,0,0,20,15,65.2
Christopher Wooh,cm CMR,DF,Rennes,fr Ligue 1,22.0,2001.0,20,17,1456,16.2,0,0,0,0,0,0,1.3,1.3,0.1,1.4,0.09,10,4,40.0,0.62,0.25,0.0,0.0,0.13,749,860,87.1,14386,5490,0.3,2,51,2,0,0,0,0,2,59,16,0.99,1,0.06,36,19,21,13,2,66.7,23,59,63,5,0,1028,118,13,7,58.3,558,14,0,12,4,695,2,6,1,0,33,3,0,1,1,53,42,70.0
Luke Woolfenden,eng ENG,DF,Ipswich Town,eng Premier League,25.0,1998.0,15,12,1187,13.2,0,0,0,0,0,0,0.0,0.0,0.0,0.0,0.0,1,0,0.0,0.08,0.0,0.0,,0.03,496,562,88.3,9196,3071,0.0,0,31,0,0,0,0,0,2,15,2,0.15,0,0.0,9,6,5,4,0,40.0,19,28,76,2,0,694,147,3,0,,368,7,0,4,0,442,0,2,0,0,5,0,0,0,0,38,15,50.0
Granit Xhaka,ch SUI,MF,Leverkusen,de Bundesliga,31.0,1992.0,33,33,2888,32.1,2,7,9,2,0,0,0.9,0.9,4.4,5.3,0.17,21,3,14.3,0.65,0.09,0.1,0.67,0.04,2528,2818,89.7,42166,11905,5.1,50,372,40,6,30,1,8,22,318,120,3.74,18,0.56,48,26,15,27,6,57.1,12,60,52,26,6,3052,85,15,7,43.8,1611,42,0,18,14,2368,72,3,0,0,33,2,0,0,1,179,41,61.2
Lamine Yamal,es ESP,FW,Barcelona,es La Liga,17.0,2007.0,35,31,2856,31.7,9,13,22,9,0,0,9.8,9.8,13.9,23.8,0.75,144,46,31.9,4.54,1.45,0.06,0.2,0.07,1161,1553,74.8,16208,4559,11.6,64,78,95,16,108,20,33,4,160,188,5.92,29,0.91,42,28,8,17,17,42.1,16,58,3,57,0,2094,9,226,161,50.9,1486,181,95,102,49,1723,433,3,0,0,30,11,2,0,0,123,1,25.0
Daniel Yáñez,es ESP,FW,Real Madrid,es La Liga,17.0,2007.0,1,0,2,0.0,0,0,0,0,0,0,0.0,0.0,0.0,0.0,0.0,0,0,,0.0,0.0,,,,0,0,,0,0,0.0,0,0,0,0,0,0,0,0,0,0,0.0,0,0.0,0,0,0,0,0,,0,0,0,0,0,0,0,0,0,,1,0,0,0,0,1,0,0,0,0,0,0,0,0,0,0,0,
Erencan Yardimci,tr TUR,"FW,MF",Hoffenheim,de Bundesliga,22.0,2002.0,8,3,313,3.5,0,0,0,0,0,0,1.0,1.0,0.0,1.0,0.3,6,1,16.7,1.73,0.29,0.0,0.0,0.17,34,56,60.7,531,56,0.0,0,3,1,0,1,0,0,1,4,5,1.44,2,0.58,4,3,1,3,0,50.0,1,5,2,0,0,99,4,12,0,,41,4,1,13,3,67,12,2,0,0,8,0,0,0,0,4,17,37.0
Yehor Yarmoliuk,ua UKR,MF,Brentford,eng Premier League,20.0,2004.0,31,15,1450,16.1,0,0,0,0,0,0,0.6,0.6,0.9,1.5,0.09,9,2,22.2,0.56,0.12,0.0,0.0,0.07,661,760,87.0,11716,2679,0.9,9,71,8,4,16,0,4,9,63,26,1.62,2,0.12,49,28,21,21,7,50.9,13,62,33,12,0,960,61,15,13,48.1,520,15,3,26,21,599,47,6,0,0,19,1,0,0,0,113,8,44.4
Ryan Yates,eng ENG,MF,Nott'ham Forest,eng Premier League,26.0,1997.0,35,18,1915,21.3,2,1,3,2,0,0,2.3,2.3,1.2,3.5,0.16,33,9,27.3,1.55,0.42,0.06,0.22,0.07,618,758,81.5,9172,2063,0.5,18,48,4,0,8,2,0,0,53,38,1.78,3,0.14,42,21,24,14,4,45.9,26,68,61,19,1,1041,80,41,9,50.0,425,18,1,24,18,545,16,10,0,0,53,2,0,0,0,104,45,60.0
John Yeboah,ec ECU,"FW,MF",Venezia,it Serie A,24.0,2000.0,33,11,1226,13.6,1,1,2,1,0,0,3.0,3.0,1.9,4.9,0.36,30,10,33.3,2.2,0.73,0.03,0.1,0.1,258,354,72.9,3414,982,1.5,20,19,12,0,26,10,3,0,42,53,3.89,3,0.22,6,3,1,3,2,10.0,4,10,2,14,0,517,0,55,24,40.7,374,50,25,46,30,409,88,6,0,0,14,5,1,0,0,45,6,37.5
Bertuğ Yıldırım,tr TUR,FW,Getafe,es La Liga,22.0,2002.0,22,14,1083,12.0,1,0,1,1,0,0,2.5,2.5,1.2,3.7,0.31,19,7,36.8,1.58,0.58,0.05,0.14,0.13,101,186,54.3,1304,287,0.6,9,9,9,3,7,0,0,0,14,21,1.75,1,0.08,10,5,0,7,3,28.6,1,11,16,4,0,323,21,46,7,43.8,133,8,2,40,15,209,48,7,0,0,33,4,1,0,0,24,73,53.7
Kenan Yıldız,tr TUR,"FW,MF",Juventus,it Serie A,19.0,2005.0,35,28,2402,26.7,7,4,11,7,0,0,4.3,4.3,5.0,9.3,0.35,61,22,36.1,2.29,0.82,0.11,0.32,0.07,896,1124,79.7,13767,3753,4.8,57,70,52,13,115,50,9,2,121,130,4.87,10,0.37,54,30,13,26,15,56.3,5,59,13,24,3,1485,17,103,59,53.2,964,115,43,86,41,1116,223,2,1,0,25,5,0,0,0,123,8,23.5
Leny Yoro,fr FRA,DF,Manchester Utd,eng Premier League,18.0,2005.0,21,12,1165,12.9,0,0,0,0,0,0,0.7,0.7,0.1,0.8,0.06,5,1,20.0,0.39,0.08,0.0,0.0,0.15,708,766,92.4,11513,3678,0.2,2,44,5,1,1,0,2,1,52,9,0.7,0,0.0,29,11,19,9,1,68.4,18,47,43,5,0,894,87,13,2,50.0,614,19,1,3,4,656,4,5,0,0,9,0,0,0,0,46,16,50.0
Ashley Young,eng ENG,DF,Everton,eng Premier League,39.0,1985.0,32,19,1875,20.8,1,3,4,1,0,0,0.3,0.3,2.3,2.6,0.12,6,3,50.0,0.29,0.14,0.17,0.33,0.04,708,999,70.9,13051,5809,2.9,26,78,25,14,75,15,3,4,90,47,2.25,6,0.29,58,33,25,25,8,61.4,25,83,64,20,2,1194,61,9,7,35.0,487,24,1,11,1,618,32,7,1,0,30,2,0,0,0,75,10,47.6
Etienne Youte Kinkoue,fr FRA,DF,Le Havre,fr Ligue 1,22.0,2002.0,28,26,2320,25.8,0,0,0,0,0,0,1.3,1.3,0.2,1.5,0.06,14,1,7.1,0.54,0.04,0.0,0.0,0.09,1124,1262,89.1,23138,7156,0.3,3,62,3,1,2,0,0,5,63,14,0.54,1,0.04,19,10,11,7,1,65.0,29,48,158,4,3,1544,270,15,2,100.0,861,12,0,6,1,1041,4,4,1,0,14,0,0,2,1,65,26,55.3
Illia Zabarnyi,ua UKR,DF,Bournemouth,eng Premier League,21.0,2002.0,36,35,3109,34.5,0,1,1,0,0,0,1.3,1.3,0.7,2.0,0.06,12,1,8.3,0.35,0.03,0.0,0.0,0.11,1404,1710,82.1,29649,10860,0.8,12,153,7,0,6,0,6,7,140,29,0.84,1,0.03,52,36,31,20,1,68.0,41,93,182,10,2,2062,234,16,6,66.7,1282,27,0,14,3,1306,4,4,1,0,20,0,0,0,0,157,77,63.6
Eloge Zabi,ci CIV,"DF,MF",Reims,fr Ligue 1,17.0,2006.0,2,0,18,0.2,0,0,0,0,0,0,0.0,0.0,0.0,0.0,0.0,0,0,,0.0,0.0,,,,9,12,75.0,122,54,0.0,0,1,0,0,0,0,0,0,2,1,5.0,0,0.0,0,0,0,0,0,,0,0,1,0,0,14,1,0,0,,9,1,0,0,0,10,1,0,1,0,1,0,0,0,0,3,0,
Mattia Zaccagni,it ITA,FW,Lazio,it Serie A,29.0,1995.0,34,33,2686,29.8,8,6,14,6,2,2,6.4,4.9,4.6,9.5,0.37,46,14,30.4,1.54,0.47,0.13,0.43,0.11,872,1151,75.8,14136,3758,4.1,55,51,39,6,156,101,10,6,114,107,3.59,9,0.3,38,27,13,21,4,50.0,29,67,22,31,2,1458,26,100,44,45.8,911,91,27,49,40,1084,264,10,0,0,35,6,0,0,0,86,19,47.5
Dan-Axel Zagadou,fr FRA,"DF,MF",Stuttgart,de Bundesliga,25.0,1999.0,2,0,29,0.3,0,0,0,0,0,0,0.0,0.0,0.0,0.0,0.0,0,0,,0.0,0.0,,,,9,9,100.0,153,22,0.0,0,0,0,0,0,0,0,0,0,0,0.0,0,0.0,0,0,0,0,0,,1,1,1,0,0,12,1,0,0,,6,0,0,0,0,9,0,1,0,0,1,0,0,0,0,0,0,
Yoram Zague,fr FRA,"DF,FW",Paris S-G,fr Ligue 1,18.0,2006.0,4,2,183,2.0,0,0,0,0,0,0,0.1,0.1,0.1,0.1,0.05,1,1,100.0,0.49,0.49,0.0,0.0,0.05,172,183,94.0,2831,596,0.1,2,4,2,1,4,0,0,0,10,3,1.48,0,0.0,8,6,3,1,4,75.0,2,10,2,2,0,203,3,5,2,100.0,148,5,1,1,0,158,17,0,0,0,2,0,0,0,0,5,1,50.0
Wilfried Zaha,ci CIV,FW,Lyon,fr Ligue 1,31.0,1992.0,4,1,73,0.8,0,0,0,0,0,0,0.1,0.1,0.0,0.1,0.07,1,1,100.0,1.23,1.23,0.0,0.0,0.06,28,32,87.5,388,49,0.0,0,0,0,0,0,0,0,0,1,0,0.0,0,0.0,1,1,1,0,0,50.0,1,2,0,2,0,49,0,4,3,60.0,30,1,1,2,6,39,9,0,0,0,2,0,0,0,0,2,0,
Warren Zaïre-Emery,fr FRA,"MF,DF",Paris S-G,fr Ligue 1,18.0,2006.0,29,23,2050,22.8,1,2,3,1,0,0,1.7,1.7,1.4,3.1,0.14,17,7,41.2,0.75,0.31,0.06,0.14,0.1,1557,1677,92.8,22787,4864,1.4,18,116,9,1,9,0,2,18,135,52,2.28,4,0.18,51,26,17,21,13,51.1,23,74,20,22,2,1908,49,32,20,54.1,1211,49,6,39,32,1506,92,3,0,0,25,0,0,0,0,136,9,39.1
Miha Zajc,si SVN,MF,Toulouse,fr Ligue 1,30.0,1994.0,19,1,262,2.9,0,0,0,0,0,0,0.2,0.2,0.1,0.3,0.1,6,2,33.3,2.06,0.69,0.0,0.0,0.04,153,185,82.7,2433,507,0.2,3,16,6,0,7,4,1,0,24,6,2.05,0,0.0,4,4,1,2,1,60.0,3,7,7,2,0,215,5,5,3,75.0,121,7,0,3,2,147,9,2,0,0,5,1,0,0,0,14,3,27.3
Denis Zakaria,ch SUI,MF,Monaco,fr Ligue 1,27.0,1996.0,26,24,2144,23.8,6,4,10,4,2,2,5.2,3.6,1.4,5.0,0.28,29,9,31.0,1.22,0.38,0.14,0.44,0.12,1062,1175,90.4,15671,4921,2.0,16,91,23,2,7,0,4,2,113,52,2.18,10,0.42,41,26,15,19,7,72.7,34,75,39,8,1,1425,60,40,21,58.3,823,27,8,35,23,972,36,5,0,0,32,1,0,2,0,165,18,60.0
Arsen Zakharyan,ru RUS,"MF,FW",Real Sociedad,es La Liga,21.0,2003.0,3,1,73,0.8,1,0,1,1,0,0,0.2,0.2,0.1,0.3,0.36,4,2,50.0,4.93,2.47,0.25,0.5,0.05,28,33,84.8,451,106,0.1,1,3,1,0,1,1,2,1,3,6,7.4,0,0.0,1,1,1,0,0,100.0,1,2,0,0,0,44,1,2,1,100.0,21,0,0,1,0,36,4,0,0,0,1,0,0,0,0,2,0,
Nicola Zalewski,pl POL,"DF,FW",Roma,it Serie A,22.0,2002.0,12,4,533,5.9,0,0,0,0,0,0,0.3,0.3,0.8,1.1,0.18,5,0,0.0,0.84,0.0,0.0,,0.06,194,265,73.2,3235,575,0.6,10,10,14,7,29,0,0,1,17,20,3.37,0,0.0,8,6,3,2,3,28.6,4,12,8,12,2,325,9,15,2,12.5,193,31,6,8,4,221,54,0,0,0,2,2,0,0,0,23,5,38.5
Nicola Zalewski,pl POL,"DF,MF",Inter,it Serie A,22.0,2002.0,11,4,435,4.8,1,1,2,1,0,0,0.2,0.2,1.7,1.9,0.39,5,3,60.0,1.03,0.62,0.2,0.33,0.05,205,245,83.7,3270,669,1.8,11,11,11,6,23,0,2,3,18,20,4.14,1,0.21,7,4,3,2,2,66.7,2,9,5,7,1,293,6,16,9,45.0,206,29,8,10,7,225,47,4,0,0,7,1,0,0,0,21,2,40.0
Andre-Frank Zambo Anguissa,cm CMR,MF,Napoli,it Serie A,28.0,1995.0,35,32,2852,31.7,6,4,10,6,0,0,4.4,4.4,2.4,6.8,0.22,44,12,27.3,1.39,0.38,0.14,0.5,0.1,1275,1509,84.5,19289,4960,2.6,26,128,21,2,23,0,1,6,144,75,2.37,9,0.28,42,26,8,28,6,44.1,35,77,40,25,1,1825,59,73,25,53.2,915,24,8,48,35,1325,119,5,0,0,39,1,1,1,0,150,67,57.3
Francesco Zampano,it ITA,DF,Venezia,it Serie A,30.0,1993.0,24,17,1639,18.2,1,2,3,1,0,0,1.0,1.0,0.8,1.8,0.1,7,4,57.1,0.38,0.22,0.14,0.25,0.14,416,568,73.2,6763,2156,0.7,12,26,17,6,49,1,0,5,41,25,1.37,3,0.16,31,20,19,10,2,45.2,6,37,29,24,2,731,42,26,8,28.6,418,42,9,28,17,439,85,5,0,0,24,2,0,0,0,77,10,35.7
Nicolò Zaniolo,it ITA,FW,Fiorentina,it Serie A,25.0,1999.0,9,4,343,3.8,0,0,0,0,0,0,0.7,0.6,0.2,0.9,0.22,9,4,44.4,2.36,1.05,0.0,0.0,0.07,52,74,70.3,859,175,0.2,5,4,1,0,4,1,0,1,5,10,2.42,0,0.0,3,1,1,2,0,0.0,0,3,2,4,0,131,2,12,6,35.3,100,8,1,18,10,116,20,2,1,0,11,3,0,0,0,11,3,25.0
Nicolò Zaniolo,it ITA,"FW,MF",Atalanta,it Serie A,25.0,1999.0,14,0,356,4.0,2,2,4,2,0,0,0.9,0.9,0.5,1.5,0.37,11,4,36.4,2.78,1.01,0.18,0.5,0.08,85,102,83.3,1138,252,0.6,7,5,5,0,4,0,1,0,13,15,3.79,3,0.76,0,0,0,0,0,0.0,1,1,0,1,0,153,0,25,6,37.5,118,7,5,18,14,147,33,4,0,0,9,2,0,0,0,11,4,44.4
Alessandro Zanoli,it ITA,"FW,DF",Genoa,it Serie A,23.0,2000.0,31,19,1711,19.0,1,0,1,1,0,0,0.4,0.4,1.6,2.0,0.11,11,3,27.3,0.58,0.16,0.09,0.33,0.04,339,507,66.9,5557,1725,1.1,19,10,21,13,65,0,2,1,27,32,1.68,1,0.05,29,20,11,14,4,43.5,12,41,40,24,0,720,29,43,20,35.7,364,65,24,32,9,442,90,3,0,0,17,1,0,0,0,60,19,50.0
Duván Zapata,co COL,FW,Torino,it Serie A,33.0,1991.0,7,7,587,6.5,3,0,3,3,0,0,3.4,3.4,0.5,3.9,0.59,21,8,38.1,3.22,1.23,0.14,0.38,0.16,87,126,69.0,1223,191,0.5,9,4,4,1,3,0,0,0,7,20,3.07,1,0.15,7,5,2,0,5,0.0,2,9,7,3,0,192,11,39,1,11.1,104,6,4,9,8,141,36,1,0,0,10,1,0,0,0,15,20,41.7
Gabriele Zappa,it ITA,DF,Cagliari,it Serie A,24.0,1999.0,37,35,3060,34.0,2,0,2,2,0,0,0.9,0.9,3.6,4.5,0.13,11,5,45.5,0.32,0.15,0.18,0.4,0.08,1318,1723,76.5,22297,10963,3.3,28,126,24,15,72,0,1,11,146,57,1.68,2,0.06,40,23,20,17,3,50.0,23,63,93,44,1,2017,120,34,13,44.8,1100,57,4,31,7,1191,82,4,0,0,25,0,0,0,0,123,21,43.8
Davide Zappacosta,it ITA,DF,Atalanta,it Serie A,32.0,1992.0,30,26,2067,23.0,4,2,6,4,0,0,2.2,2.2,2.1,4.3,0.19,39,12,30.8,1.7,0.52,0.1,0.33,0.06,986,1192,82.7,15489,4983,3.0,23,60,37,23,95,13,2,2,107,53,2.31,6,0.26,26,16,15,5,6,51.3,11,37,32,23,2,1416,41,47,12,29.3,780,67,14,26,17,889,139,3,0,0,19,0,0,0,0,89,9,42.9
Bryan Zaragoza,es ESP,"FW,MF",Osasuna,es La Liga,23.0,2001.0,27,22,1836,20.4,1,6,7,1,0,0,2.7,2.7,3.2,5.9,0.29,42,13,31.0,2.06,0.64,0.02,0.08,0.06,358,554,64.6,6526,1835,5.1,36,23,34,20,104,28,4,5,50,71,3.49,9,0.44,13,9,8,4,1,28.6,4,17,8,19,0,782,4,84,57,43.5,544,105,51,41,15,585,140,4,0,0,19,5,0,0,0,55,2,16.7
Anass Zaroury,ma MAR,"FW,MF",Lens,fr Ligue 1,23.0,2000.0,28,16,1405,15.6,2,2,4,2,0,0,1.7,1.7,2.9,4.6,0.29,35,12,34.3,2.24,0.77,0.06,0.17,0.05,506,746,67.8,8251,2733,3.3,35,39,34,13,125,39,3,5,65,72,4.61,4,0.26,23,17,6,12,5,34.6,6,29,15,31,0,893,11,26,17,48.6,541,49,8,27,14,660,107,3,1,1,13,3,1,0,0,59,2,28.6
Oier Zarraga,es ESP,MF,Udinese,it Serie A,25.0,1999.0,22,9,896,10.0,1,0,1,1,0,0,0.4,0.4,0.4,0.8,0.08,6,1,16.7,0.6,0.1,0.17,1.0,0.07,238,289,82.4,3845,859,0.6,6,27,8,5,20,2,0,1,28,15,1.51,0,0.0,19,13,7,10,2,45.5,2,21,8,8,0,359,13,3,2,40.0,186,7,0,9,4,230,23,0,0,0,12,0,0,0,0,25,6,35.3
David Zec,si SVN,DF,Holstein Kiel,de Bundesliga,24.0,2000.0,18,18,1541,17.1,2,0,2,2,0,0,1.2,1.2,0.5,1.8,0.1,11,5,45.5,0.64,0.29,0.18,0.4,0.11,733,836,87.7,13801,5255,0.3,8,25,1,0,1,0,0,3,34,13,0.76,0,0.0,23,10,17,6,0,65.0,17,40,93,8,3,1049,206,24,5,55.6,527,3,1,11,5,633,2,5,0,0,21,0,0,0,0,76,35,42.7
Jordan Zemura,zw ZIM,DF,Udinese,it Serie A,24.0,1999.0,23,13,1415,15.7,1,2,3,1,0,0,1.0,1.0,1.0,2.0,0.13,14,3,21.4,0.89,0.19,0.07,0.33,0.07,475,621,76.5,7519,2859,1.4,11,24,15,9,39,5,0,0,42,30,1.91,4,0.25,31,14,14,12,5,58.6,16,47,41,20,0,815,44,23,20,41.7,403,25,3,24,17,434,76,2,0,0,22,1,0,0,0,60,6,30.0
Alessio Zerbin,it ITA,DF,Venezia,it Serie A,25.0,1999.0,18,17,1518,16.9,1,1,2,1,0,0,1.9,1.9,2.1,3.9,0.23,16,6,37.5,0.95,0.36,0.06,0.17,0.12,400,612,65.4,6494,2778,2.3,24,26,21,10,74,18,1,4,54,42,2.49,2,0.12,51,28,30,12,9,55.8,15,66,25,26,1,864,34,53,21,33.3,383,53,20,37,19,401,70,4,0,0,36,3,0,0,0,69,10,45.5
Alessio Zerbin,it ITA,"FW,DF",Napoli,it Serie A,25.0,1999.0,2,0,2,0.0,0,0,0,0,0,0,0.0,0.0,0.0,0.0,0.0,0,0,,0.0,0.0,,,,0,0,,0,0,0.0,0,0,0,0,0,0,0,0,0,0,0.0,0,0.0,2,1,2,0,0,100.0,0,2,0,0,0,3,0,0,0,0.0,0,0,0,0,0,0,0,0,0,0,0,0,0,0,0,0,0,
Kevin Zeroli,it ITA,MF,Monza,it Serie A,19.0,2005.0,8,4,395,4.4,0,1,1,0,0,0,0.8,0.8,0.5,1.2,0.28,6,1,16.7,1.37,0.23,0.0,0.0,0.13,71,96,74.0,1047,261,0.0,2,6,0,0,2,0,0,1,5,2,0.46,1,0.23,6,2,3,3,0,0.0,2,8,11,4,0,146,12,9,0,0.0,83,2,0,9,3,90,8,0,0,0,5,0,0,0,0,15,5,55.6
Kevin Zeroli,it ITA,MF,Milan,it Serie A,19.0,2005.0,1,0,12,0.1,0,0,0,0,0,0,0.0,0.0,0.0,0.0,0.0,0,0,,0.0,0.0,,,,9,9,100.0,133,28,0.0,0,1,0,0,0,0,0,0,2,0,0.0,0,0.0,1,1,0,1,0,,0,1,0,0,0,9,0,0,0,,7,1,0,0,1,8,3,0,0,0,0,0,0,0,0,1,0,
Cedric Zesiger,ch SUI,DF,Augsburg,de Bundesliga,26.0,1998.0,15,15,1221,13.6,0,2,2,0,0,0,1.2,1.2,1.3,2.5,0.18,10,2,20.0,0.74,0.15,0.0,0.0,0.12,455,579,78.6,8607,3229,1.1,7,45,6,4,13,0,2,5,40,13,0.96,3,0.22,13,7,7,6,0,61.5,21,34,96,15,1,771,101,9,1,25.0,398,4,0,8,3,424,7,7,1,1,15,0,0,0,0,57,27,58.7
Cedric Zesiger,ch SUI,DF,Wolfsburg,de Bundesliga,26.0,1998.0,7,5,522,5.8,0,0,0,0,0,0,0.1,0.1,0.0,0.1,0.01,2,1,50.0,0.34,0.17,0.0,0.0,0.03,189,237,79.7,3261,1271,0.2,1,15,2,1,3,0,0,2,19,5,0.86,0,0.0,13,8,6,5,2,50.0,3,16,28,4,0,303,48,0,3,100.0,135,3,0,1,1,154,2,4,0,0,14,0,0,1,0,16,3,23.1
Nathan Zeze,fr FRA,DF,Nantes,fr Ligue 1,19.0,2005.0,18,17,1512,16.8,0,0,0,0,0,0,0.3,0.3,0.0,0.3,0.02,6,2,33.3,0.36,0.12,0.0,0.0,0.05,737,859,85.8,14468,5641,0.2,1,47,2,0,1,0,1,4,46,10,0.6,0,0.0,38,22,22,16,0,69.7,23,61,120,2,1,1083,155,6,3,75.0,600,2,0,9,1,678,0,6,0,0,17,1,0,0,0,63,28,52.8
Edon Zhegrova,xk KVX,"FW,MF",Lille,fr Ligue 1,25.0,1999.0,12,12,978,10.9,4,1,5,4,0,0,2.3,2.3,2.2,4.5,0.41,23,9,39.1,2.12,0.83,0.17,0.44,0.1,316,416,76.0,4971,1467,2.4,16,17,26,3,58,33,2,1,54,38,3.5,3,0.28,5,2,3,0,2,28.6,4,9,1,8,0,524,0,35,23,41.8,360,37,18,23,29,396,81,1,0,0,10,2,0,0,0,42,3,60.0
Piotr Zieliński,pl POL,MF,Inter,it Serie A,30.0,1994.0,26,8,980,10.9,2,2,4,0,2,2,2.6,1.1,0.9,2.0,0.32,15,4,26.7,1.38,0.37,0.0,0.0,0.07,636,711,89.5,9848,3091,1.0,14,77,6,0,28,16,2,4,65,40,3.67,7,0.64,14,10,6,7,1,46.2,6,20,13,6,1,803,27,14,6,33.3,510,26,1,8,6,588,24,0,0,0,9,0,0,0,0,58,9,75.0
Oleksandr Zinchenko,ua UKR,"DF,MF",Arsenal,eng Premier League,27.0,1996.0,15,5,527,5.9,0,1,1,0,0,0,0.6,0.6,0.2,0.8,0.14,10,0,0.0,1.71,0.0,0.0,,0.07,382,451,84.7,6080,1345,0.5,3,30,11,3,13,1,2,3,48,22,3.76,2,0.34,6,1,1,3,2,37.5,5,11,10,3,0,499,16,20,3,60.0,281,10,3,3,4,348,14,1,0,0,8,1,0,0,0,19,12,52.2
Joshua Zirkzee,nl NED,"FW,MF",Manchester Utd,eng Premier League,23.0,2001.0,32,14,1402,15.6,3,1,4,3,0,0,4.8,4.8,1.5,6.3,0.41,28,11,39.3,1.8,0.71,0.11,0.27,0.17,292,410,71.2,3600,901,1.1,12,26,6,0,4,0,6,2,44,31,1.99,3,0.19,14,8,3,8,3,50.0,6,20,8,15,1,587,16,56,11,31.4,327,14,4,41,30,418,69,2,0,0,9,1,1,0,0,57,21,28.0
Budu Zivzivadze,ge GEO,FW,Heidenheim,de Bundesliga,30.0,1994.0,15,10,958,10.6,2,3,5,2,0,0,1.7,1.7,1.5,3.2,0.3,22,9,40.9,2.07,0.85,0.09,0.22,0.08,142,205,69.3,2120,442,1.4,12,7,8,2,4,0,1,0,20,26,2.45,4,0.38,17,11,1,9,7,50.0,3,20,7,10,0,332,7,37,9,30.0,185,11,2,27,16,219,43,0,0,0,9,1,0,0,0,33,23,26.7
Luck Zogbé,ci CIV,DF,Brest,fr Ligue 1,19.0,2005.0,13,7,638,7.1,0,0,0,0,0,0,0.3,0.3,0.1,0.4,0.06,8,1,12.5,1.13,0.14,0.0,0.0,0.03,253,328,77.1,4265,1357,0.1,4,12,2,2,14,0,0,0,19,15,2.11,1,0.14,32,18,17,11,4,69.2,14,46,22,7,1,436,30,5,4,21.1,196,4,0,9,5,202,19,2,0,0,9,2,0,0,0,51,12,75.0
Nadir Zortea,it ITA,"DF,MF",Cagliari,it Serie A,25.0,1999.0,35,33,2713,30.1,6,2,8,6,0,0,3.1,3.1,2.4,5.5,0.18,33,10,30.3,1.09,0.33,0.18,0.6,0.09,557,827,67.4,9098,3140,2.2,28,42,31,21,119,7,1,1,63,57,1.89,3,0.1,30,14,16,12,2,37.8,19,49,47,41,2,1115,43,31,38,43.7,661,69,8,57,31,732,144,2,0,0,33,1,0,1,0,96,17,36.2
Aristide Zossou,ci CIV,MF,Auxerre,fr Ligue 1,19.0,2005.0,3,0,16,0.2,0,0,0,0,0,0,0.0,0.0,0.0,0.0,0.0,0,0,,0.0,0.0,,,,16,18,88.9,230,35,0.0,0,1,1,0,1,0,1,1,2,0,0.0,0,0.0,0,0,0,0,0,,0,0,0,1,0,21,0,0,0,0.0,14,1,0,0,1,17,3,0,0,0,2,0,0,0,0,0,0,
Yanis Zouaoui,dz ALG,"DF,FW",Le Havre,fr Ligue 1,30.0,1994.0,17,9,976,10.8,0,2,2,0,0,0,0.1,0.1,2.9,3.1,0.28,5,2,40.0,0.46,0.18,0.0,0.0,0.03,408,595,68.6,7484,2710,3.1,28,23,14,9,110,49,1,1,32,40,3.69,3,0.28,20,10,10,8,2,73.3,8,28,43,18,0,725,38,8,13,72.2,319,33,3,18,4,364,33,3,0,0,8,0,0,0,0,41,7,63.6
Igor Zubeldia,es ESP,DF,Real Sociedad,es La Liga,27.0,1997.0,28,27,2269,25.2,0,0,0,0,0,0,0.6,0.6,0.4,1.1,0.04,12,4,33.3,0.48,0.16,0.0,0.0,0.05,1281,1483,86.4,24957,7655,0.6,4,93,6,0,1,0,3,12,101,17,0.67,1,0.04,34,22,21,10,3,53.8,31,65,100,5,2,1732,163,14,6,100.0,1036,22,1,8,1,1145,3,6,1,0,38,0,0,1,0,86,65,44.8
Martín Zubimendi,es ESP,MF,Real Sociedad,es La Liga,25.0,1999.0,36,33,2962,32.9,2,1,3,2,0,0,2.6,2.6,1.1,3.7,0.11,24,6,25.0,0.73,0.18,0.08,0.33,0.11,1482,1772,83.6,25341,7363,1.3,19,172,23,1,12,1,2,11,195,46,1.4,6,0.18,73,37,31,29,13,63.6,44,117,79,24,3,2131,122,59,19,67.9,1074,38,5,39,17,1412,43,6,0,0,44,1,1,0,0,140,53,62.4
Edhy Zuliani,fr FRA,DF,Toulouse,fr Ligue 1,19.0,2004.0,1,0,9,0.1,0,0,0,0,0,0,0.0,0.0,0.0,0.0,0.0,0,0,,0.0,0.0,,,,2,2,100.0,22,0,0.0,0,0,0,0,0,0,0,0,0,0,0.0,0,0.0,0,0,0,0,0,,1,1,0,0,0,3,0,0,0,,2,0,0,0,0,2,0,0,0,0,0,0,0,0,0,0,0,
Szymon Żurkowski,pl POL,MF,Empoli,it Serie A,26.0,1997.0,5,0,106,1.2,0,0,0,0,0,0,0.1,0.1,0.0,0.1,0.07,2,0,0.0,1.7,0.0,0.0,,0.04,27,33,81.8,338,109,0.0,0,0,1,0,0,0,0,0,1,1,0.85,0,0.0,6,4,2,4,0,100.0,1,7,2,2,0,59,5,4,2,50.0,28,1,1,5,4,29,3,0,0,0,2,0,0,0,0,10,0,
Martin Ødegaard,no NOR,MF,Arsenal,eng Premier League,25.0,1998.0,30,26,2325,25.8,3,8,11,2,1,1,4.8,4.0,5.4,9.5,0.4,48,15,31.3,1.86,0.58,0.04,0.13,0.08,1237,1499,82.5,19237,5460,6.7,63,132,86,5,86,37,25,3,258,124,4.8,18,0.7,19,11,9,7,3,16.0,6,25,6,27,1,1694,9,115,25,42.4,1174,92,26,38,40,1336,154,4,0,0,12,2,0,0,0,97,8,53.3
Milan Đurić,ba BIH,FW,Monza,it Serie A,34.0,1990.0,18,13,1270,14.1,4,1,5,4,0,0,2.9,2.9,1.1,4.0,0.28,23,10,43.5,1.63,0.71,0.17,0.4,0.13,131,266,49.2,1564,442,0.2,5,16,2,0,0,0,0,2,21,7,0.5,1,0.07,1,1,0,1,0,0.0,2,3,17,1,0,358,18,31,4,66.7,150,2,1,15,14,289,30,3,0,0,17,0,0,0,0,13,132,72.5
Milan Đurić,ba BIH,FW,Parma,it Serie A,34.0,1990.0,9,3,268,3.0,1,0,1,1,0,0,0.3,0.3,0.0,0.3,0.08,5,1,20.0,1.68,0.34,0.2,1.0,0.05,35,84,41.7,390,154,0.1,0,3,3,0,0,0,0,0,7,5,1.68,1,0.34,0,0,0,0,0,0.0,0,0,2,2,0,104,2,17,2,100.0,40,0,0,2,2,83,6,1,0,0,2,2,0,0,0,8,35,70.0
