Player,Squad,Comp,Pos,Group,Style,Goals,Assists,Minutes,Games,Gls_p90,npxG_p90,Sh_p90,npxG_per_Sh,xA_p90,KP_p90,xGChain_p90,xGBuildup_p90,Ast_p90
Erling Haaland,Manchester City,EPL,F S,attack,Elite Finisher,27,8,2979,35,0.8157099697885197,0.7779655821643927,3.776435045317221,0.2060052861571312,0.1663953804740192,0.7552870090634441,0.9889834662308504,0.1559984467338399,
Thiago,Brentford,EPL,F S,attack,Elite Finisher,22,1,3292,38,0.6014580801944107,0.4877074134116256,2.296476306196841,0.2123720641469671,0.09432083623821,0.6561360874848117,0.6204165242168767,0.1347167316240282,
Antoine Semenyo,"Bournemouth,Manchester City",EPL,F M,attack,Lower-Tier Finisher,17,4,3220,37,0.4751552795031056,0.316242368955466,2.319875776397516,0.1363186650651406,0.1154395172094798,1.062111801242236,0.58333942887622,0.2206318469324745,
Ollie Watkins,Aston Villa,EPL,F S,attack,Elite Finisher,16,3,2908,37,0.4951856946354883,0.5827012733669064,2.568775790921596,0.2268400673294462,0.0871533509523209,0.7118294360385145,0.6730162889467348,0.1343444566193717,
Morgan Gibbs-White,Nottingham Forest,EPL,F M S,attack,Lower-Tier Finisher,15,4,3142,37,0.4296626352641629,0.3125231061427173,2.377466581795035,0.1314521552209394,0.1290267113866527,1.3749204328453215,0.4945521812025222,0.1550713914875142,
João Pedro,Chelsea,EPL,F M S,attack,Elite Finisher,15,5,2698,35,0.5003706449221645,0.5245132597123278,2.435137138621201,0.2153937252212877,0.1328840829967745,0.9673832468495182,0.6431402129192234,0.159982461116385,
Dominic Calvert-Lewin,Leeds,EPL,F S,attack,Elite Finisher,14,1,2732,35,0.4612005856515373,0.4897130313868011,2.404831625183016,0.2036371387745419,0.05086764922341,0.6588579795021963,0.5938362982737699,0.0911975908263601,
Viktor Gyokeres,Arsenal,EPL,F S,attack,Elite Finisher,14,1,2255,36,0.5587583148558758,0.4624892148269781,2.1951219512195124,0.2106895311989567,0.1059141844436691,0.7982261640798226,0.589697686240837,0.1300925408178184,
Danny Welbeck,Brighton,EPL,F S,attack,Elite Finisher,13,1,2286,37,0.5118110236220472,0.4108422608151446,2.204724409448819,0.1863463111554406,0.0890760015197626,0.7874015748031497,0.5899550869151599,0.1888459790718015,
Eli Junior Kroupi,Bournemouth,EPL,F M S,attack,Elite Finisher,13,0,1708,33,0.6850117096018735,0.3860717555464396,2.740046838407494,0.1408996919814784,0.0956787420294969,1.1592505854800936,0.6142283153809625,0.2678431862358885,
Jean-Philippe Mateta,Crystal Palace,EPL,F S,attack,Elite Finisher,12,0,2225,32,0.4853932584269663,0.523122552589754,2.548314606741573,0.2052817776917465,0.0505463987086596,0.3640449438202247,0.6136491424581978,0.0968261416122484,
Richarlison,Tottenham,EPL,F M S,attack,Elite Finisher,11,4,1926,32,0.5140186915887851,0.4610409645502952,2.850467289719626,0.1617422400225625,0.1592611300837353,0.8878504672897196,0.5227973890952139,0.105441673005992,
Bryan Mbeumo,Manchester United,EPL,F M S,attack,Elite Finisher,11,3,2676,33,0.3699551569506726,0.447619106743752,2.4551569506726456,0.1823179192764505,0.171222299287271,1.5134529147982063,0.7505428485338463,0.2040869027121418,
Hugo Ekitike,Liverpool,EPL,F S,attack,Elite Finisher,11,4,1835,28,0.5395095367847411,0.5852299355762205,3.188010899182561,0.1835721250910025,0.1221893791728513,1.0299727520435968,0.8005830521317203,0.2396617635414613,
Benjamin Sesko,Manchester United,EPL,F S,attack,Elite Finisher,11,1,1636,30,0.6051344743276283,0.6878799019315369,3.355745721271393,0.204985704837886,0.0328828785386309,0.4951100244498778,0.7826673892078452,0.0896433232725577,
Zian Flemming,Burnley,EPL,F S,attack,Lower-Tier Finisher,11,0,1795,29,0.5515320334261838,0.402741577657858,2.607242339832869,0.1544703273281741,0.0343372191725335,0.5013927576601671,0.3923531326940049,0.0861687169495897,
Matheus Cunha,Manchester United,EPL,F M S,attack,Elite Dual-Threat,10,2,2506,33,0.3591380686352753,0.254129747788036,3.232242617717478,0.0786233515996072,0.1328114437270859,1.1851556264964087,0.6321355273556157,0.3607286976506162,
Cole Palmer,Chelsea,EPL,F M S,attack,Elite Dual-Threat,10,1,2007,26,0.4484304932735426,0.2551796332402614,2.8699551569506725,0.0889141534571535,0.0952078309327765,1.0762331838565022,0.7561443859686232,0.4725640413305417,
Morgan Rogers,Aston Villa,EPL,F M,attack,Link-Up Forward,10,6,3301,37,0.2726446531354135,0.1948270233620553,2.290215086337473,0.0850693127140403,0.2038022644718518,1.308694335049985,0.496347080323686,0.1957669954265077,
Jarrod Bowen,West Ham,EPL,F M,attack,Link-Up Forward,9,11,3416,38,0.23711943793911,0.1979268898869007,2.081381733021077,0.0950939881650707,0.2221539627871883,1.1592505854800936,0.3788817404557795,0.1021592041850526,
Raúl Jiménez,Fulham,EPL,F S,attack,Lower-Tier Finisher,9,3,2215,36,0.3656884875846501,0.3645471862304964,2.966139954853273,0.122902894596735,0.0789940301370943,1.015801354401806,0.4287207110976259,0.0633030391338178,
Ismaila Sarr,Crystal Palace,EPL,F M S,attack,Lower-Tier Finisher,9,1,2181,28,0.3713892709766161,0.3821100680954354,1.980742778541953,0.1929125135454038,0.0908031610277528,0.7840440165061898,0.5239003415038858,0.1313364201134386,
Beto,Everton,EPL,F S,attack,Elite Finisher,9,1,1552,37,0.5219072164948454,0.6348522552337076,2.493556701030928,0.2545970801350682,0.0582324532124684,0.6958762886597938,0.7015138530393236,0.0540249388348119,
Nick Woltemade,Newcastle United,EPL,F M S,attack,Lower-Tier Finisher,8,3,1953,33,0.3686635944700461,0.3456621266867158,1.4746543778801844,0.2344021296594292,0.1336997902784754,1.0138248847926268,0.4051740873553511,0.1060351525102892,
Kevin Schade,Brentford,EPL,F M S,attack,Lower-Tier Finisher,8,3,2781,35,0.2588996763754045,0.3583016542530948,1.844660194174757,0.1942372125687829,0.1477429492573908,0.9385113268608414,0.562304108973267,0.1277355460335521,
Jaidon Anthony,Burnley,EPL,F M S,attack,Link-Up Forward,8,2,2777,37,0.2592725963269716,0.180338814892854,1.7824990997479293,0.1011718967590819,0.1417702586022177,1.1991357580122437,0.4029258214363874,0.1890692581530951,
Noah Okafor,Leeds,EPL,F M S,attack,Elite Finisher,8,1,1592,28,0.4522613065326633,0.3559690355042454,1.9786432160804024,0.1799056204834154,0.127725119014556,1.0741206030150754,0.6171086545794942,0.2160597671216456,
Thierno Barry,Everton,EPL,F S,attack,Lower-Tier Finisher,8,0,1921,38,0.3748047891723061,0.4286514512054285,1.780322748568454,0.2407717654285462,0.0470351133513022,0.5622071837584591,0.4801705593019258,0.1008291078420168,
Callum Wilson,West Ham,EPL,F M S,attack,Elite Finisher,7,1,1229,32,0.5126118795768918,0.5567449209279554,2.7827502034174127,0.2000700315264494,0.0751898584446352,0.5858421480878763,0.5050275137419135,0.0466923507959547,
Mohamed Salah,Liverpool,EPL,F M S,attack,Elite Dual-Threat,7,7,2163,27,0.2912621359223301,0.3360548324045956,2.7877947295423025,0.1205450418724942,0.2674681282681044,2.0388349514563107,0.7228815442935439,0.2620402145898292,
Phil Foden,Manchester City,EPL,F M S,attack,Elite Dual-Threat,7,5,2083,33,0.3024483917426788,0.2889929833431628,2.3763802208353337,0.121610582687638,0.2638703436186994,2.28996639462314,0.8604215875901087,0.4860423150214362,
Harvey Barnes,Newcastle United,EPL,F M S,attack,Lower-Tier Finisher,7,1,1947,37,0.3235747303543914,0.3721351828856626,2.6810477657935285,0.1388021458004569,0.1435863417508697,1.0631741140215716,0.5895323692914243,0.191992281323359,
Bukayo Saka,Arsenal,EPL,F M S,attack,Elite Dual-Threat,7,5,2239,31,0.2813756141134435,0.3191614176831763,2.853952657436355,0.1118313637234165,0.3437926698278081,2.492184010719071,0.7682583848777335,0.3230931387915575,
Eberechi Eze,"Arsenal,Crystal Palace",EPL,F M S,attack,Lower-Tier Finisher,7,2,1928,33,0.3267634854771784,0.2244145078178789,2.940871369294606,0.0763088485137337,0.1229338802849386,0.7935684647302904,0.4834224586085226,0.1901795993620893,
Dango Ouattara,Brentford,EPL,F M S,attack,Lower-Tier Finisher,7,3,2303,32,0.2735562310030395,0.3397694346222006,2.188449848024316,0.1552557555426444,0.2291303003207657,1.0551454624402952,0.5177431525375421,0.0987065618447684,
Brian Brobbey,Sunderland,EPL,F S,attack,Lower-Tier Finisher,7,1,1943,31,0.3242408646423057,0.3294234101267985,1.667524446731858,0.1975523721840646,0.0698708077653958,0.6948018528049408,0.4302253181759959,0.0741545642317261,
Cody Gakpo,Liverpool,EPL,F M S,attack,Elite Dual-Threat,7,5,2758,36,0.2284263959390862,0.3206486303421404,2.839013778100073,0.1129436682609991,0.2151232387227606,1.7295141406816534,0.6112562183579774,0.190275764616883,
Lukas Nmecha,Leeds,EPL,F S,attack,Elite Finisher,6,1,1076,31,0.5018587360594795,0.4898802995453259,2.509293680297397,0.1952263712262114,0.1409002586153637,0.9200743494423792,0.5822801611431248,0.1227415703777154,
Wilson Isidor,Sunderland,EPL,F S,attack,Lower-Tier Finisher,6,0,1142,32,0.4728546409807355,0.4428610286223596,3.388791593695271,0.1306840554746084,0.0,0.0,0.4753916117243612,0.0531842560228449,
Leandro Trossard,Arsenal,EPL,F M S,attack,Link-Up Forward,6,6,2026,31,0.2665350444225074,0.2999927938629865,2.354392892398816,0.1274183229279686,0.2215798439868052,1.5992102665350445,0.6029302288335908,0.2203606755674062,
Anthony Gordon,Newcastle United,EPL,F M S,attack,Lower-Tier Finisher,6,2,1888,26,0.2860169491525424,0.3085498846633265,2.288135593220339,0.1348477273713797,0.1770863329234012,1.2394067796610169,0.5232646348452101,0.1927114826709947,
Dominik Szoboszlai,Liverpool,EPL,D F M,attack,Elite Dual-Threat,6,7,3236,36,0.1668726823238566,0.110219459993965,1.946847960444994,0.056614313101662,0.2457247208919012,2.169344870210136,0.5991630589103669,0.4188957611819538,
Valentín Castellanos,West Ham,EPL,F S,attack,Lower-Tier Finisher,6,0,1430,18,0.3776223776223776,0.4481022406656008,3.146853146853147,0.1423969342559576,0.0470460094250999,0.7552447552447552,0.426681104852082,0.0716824424160006,
Evanilson,Bournemouth,EPL,F S,attack,Lower-Tier Finisher,6,1,2810,36,0.1921708185053381,0.3788994851512205,2.306049822064057,0.1643067211844027,0.098299210075806,0.9608540925266904,0.5108555018557136,0.1116387555475124,
Igor Jesus,Nottingham Forest,EPL,F M S,attack,Lower-Tier Finisher,6,4,2379,37,0.2269861286254728,0.243552758747155,2.648171500630517,0.0919701608030923,0.0862679843794352,0.5674653215636822,0.3228861405684473,0.0699251035785051,
Pedro Neto,Chelsea,EPL,F M S,attack,Link-Up Forward,5,6,2667,34,0.1687289088863892,0.1737792528872415,1.5523059617547803,0.1119490984179403,0.2677335740560487,1.7885264341957254,0.6504524367179458,0.3316167304952314,
Florian Wirtz,Liverpool,EPL,F M S,attack,Elite Dual-Threat,5,3,2426,33,0.1854905193734542,0.2810860940186891,1.8920032976092327,0.1485653298669586,0.1997460156943271,2.225886232481451,0.7657605365551363,0.398546791488039,
Enzo Le Fée,Sunderland,EPL,F M S,attack,Link-Up Forward,5,6,2953,36,0.1523874026413816,0.067783114896148,1.0971892990179477,0.0617788698420756,0.2299958139833326,1.6153064679986455,0.4016911294128363,0.2175666993850374,
Jéremy Doku,Manchester City,EPL,F M S,attack,Elite Dual-Threat,5,5,1783,30,0.2523836231071228,0.2019041117732019,1.968592260235558,0.1025626869776692,0.3812715346939063,2.9781267526640494,0.951181609116691,0.4897369160272486,
Crysencio Summerville,West Ham,EPL,F M S,attack,Lower-Tier Finisher,5,2,2509,31,0.1793543244320446,0.2044292563411428,1.937026703866082,0.1055376551769397,0.1160676872796476,1.00438421681945,0.3978573051925293,0.1421451327253998,
Tijjani Reijnders,Manchester City,EPL,F M S,attack,Elite Dual-Threat,5,2,1642,28,0.2740560292326431,0.2664875882324943,2.6857490864799027,0.0992228162988108,0.1684509600023767,0.9866017052375152,0.7230681212262753,0.3931949355602083,
Diego Gómez,Brighton,EPL,F M S,attack,Lower-Tier Finisher,5,1,2186,32,0.2058554437328454,0.2642257451799792,1.729185727355901,0.1528035658633425,0.0861482963490846,0.8234217749313816,0.5931192494022225,0.2923545995318183,
Mikel Merino,Arsenal,EPL,F M S,attack,Elite Finisher,4,3,1002,22,0.3592814371257484,0.4686685908072723,1.9760479041916168,0.2371747111054984,0.2057011972019772,1.0778443113772456,0.7516940714356428,0.3424071887519188,
Lucas Paquetá,West Ham,EPL,F M,attack,Link-Up Forward,4,1,1544,18,0.233160621761658,0.0535393713845586,1.3406735751295336,0.0399346808781442,0.175568158895144,1.3406735751295336,0.2486451427389534,0.0891056824041231,
Mathis Cherki,Manchester City,EPL,F M S,attack,Elite Dual-Threat,4,12,1792,33,0.2008928571428571,0.2331030485012369,2.7622767857142856,0.0843880127099427,0.54164292301201,3.013392857142857,1.0451560481825646,0.5603710518438935,
Mathys Tel,Tottenham,EPL,F M S,attack,Link-Up Forward,4,1,1324,31,0.2719033232628399,0.1921207755466422,2.3791540785498486,0.0807517164519854,0.2320693673149561,1.9712990936555888,0.4204810106721664,0.1772918930597986,
Brenden Aaronson,Leeds,EPL,F M S,attack,Link-Up Forward,4,5,2517,37,0.1430274135876043,0.2102963797552722,1.6448152562574492,0.1278541033439662,0.2024806856984745,1.2157330154946364,0.4721188749696202,0.1247267727434848,
Jørgen Strand Larsen,"Crystal Palace,Wolverhampton Wanderers",EPL,F S,attack,Lower-Tier Finisher,4,1,2353,36,0.1529961750956226,0.1909342236877045,1.6829579260518488,0.1134515728124163,0.0262603271971078,0.3824904377390565,0.2704116121596268,0.0982632291061139,
Chemsdine Talbi,Sunderland,EPL,F M S,attack,Lower-Tier Finisher,4,1,1556,28,0.2313624678663239,0.1344085145073734,1.4460154241645244,0.0929509549215436,0.0347263410874189,0.6940874035989717,0.1866951275612095,0.0687671549723586,
Dominic Solanke,Tottenham,EPL,F S,attack,Lower-Tier Finisher,3,0,989,15,0.2730030333670374,0.3263627591611642,1.820020222446916,0.1793182048946619,0.0543866674175638,0.5460060667340748,0.4281235866708148,0.1538732147486494,
Chris Wood,Nottingham Forest,EPL,F S,attack,Lower-Tier Finisher,3,0,913,15,0.2957283680175246,0.3317236335619647,2.267250821467689,0.146310955286026,0.0317113734332911,0.4928806133625411,0.3221297758628348,0.0499806959112659,
Jacob Murphy,Newcastle United,EPL,D F M S,attack,Link-Up Forward,3,2,1630,33,0.1656441717791411,0.1722669366495741,2.3190184049079754,0.0742844197721708,0.2642329439657963,1.2699386503067485,0.4654586095180065,0.1509149844981044,
Georginio Rutter,Brighton,EPL,F M S,attack,Link-Up Forward,3,3,1784,32,0.1513452914798206,0.1479779431155795,2.118834080717489,0.0698393255339137,0.2319924293019111,1.2612107623318387,0.547776817805614,0.2125923547605595,
Lyle Foster,Burnley,EPL,F M S,attack,Lower-Tier Finisher,3,2,1375,26,0.1963636363636363,0.2351248067346486,1.309090909090909,0.1796092273667454,0.0750080170414664,0.6545454545454545,0.3910961720482869,0.1394338518245653,
Tolu Arokodare,Wolverhampton Wanderers,EPL,F S,attack,Lower-Tier Finisher,3,1,1357,33,0.1989683124539425,0.4420671663497552,3.0508474576271185,0.144899793414642,0.0769117277996805,0.7295504789977892,0.3584388184224584,0.073118864297153,
Kaoru Mitoma,Brighton,EPL,F M S,attack,Link-Up Forward,3,1,1723,25,0.1567034242600116,0.2501604387572319,1.6715031921067904,0.1496619569370523,0.1850751196091007,1.567034242600116,0.589549741510451,0.2412409927518697,
Keane Lewis-Potter,Brentford,EPL,D F M S,attack,Link-Up Forward,3,3,1949,36,0.1385325808106721,0.1484573719064476,1.4315033350436122,0.1037073182242531,0.1253389121592809,0.8773730118009235,0.3621638230138433,0.147384018587066,
Rodrigo Gomes,Wolverhampton Wanderers,EPL,D F M S,attack,Lower-Tier Finisher,3,0,951,22,0.2839116719242902,0.2161927341427712,1.987381703470032,0.1087826932115214,0.0143198905166015,0.2839116719242902,0.3195900698589037,0.0954079118554336,
Jack Grealish,Everton,EPL,F M S,attack,Link-Up Forward,2,6,1645,20,0.1094224924012158,0.1687808325938812,1.4224924012158056,0.1186514827422797,0.2493919556264094,2.0790273556231003,0.5083023500501385,0.180135037965144,
Adam Armstrong,Wolverhampton Wanderers,EPL,F M,attack,Lower-Tier Finisher,2,2,1170,14,0.1538461538461538,0.1574930369567412,1.3846153846153846,0.1137449711354242,0.1154858038689081,0.4615384615384615,0.2195357428147242,0.0551057314643493,
Xavi Simons,Tottenham,EPL,F M S,attack,Link-Up Forward,2,5,1768,28,0.1018099547511312,0.1382727225677729,2.138009049773756,0.0646735908729689,0.2367366686499176,1.7307692307692308,0.4851173347692381,0.264868578800881,
Hee-Chan Hwang,Wolverhampton Wanderers,EPL,F M S,attack,Link-Up Forward,2,2,1469,26,0.1225323349217154,0.1164408634214518,1.1640571817562968,0.1000301920269665,0.1152757017374282,0.918992511912866,0.3160138650739615,0.1070246023586852,
Yeremi Pino,Crystal Palace,EPL,F M S,attack,Link-Up Forward,2,2,2134,34,0.0843486410496719,0.1844274152538127,1.8978444236176195,0.0971773096670707,0.3585700286751317,2.024367385192128,0.567947955415414,0.1934695412206699,
Loum Tchaouna,Burnley,EPL,F M S,attack,Link-Up Forward,2,1,1268,29,0.1419558359621451,0.0893627659546957,1.6324921135646688,0.0547400904495431,0.0851477669663609,0.9227129337539433,0.29907888277472,0.140117437766765,
Brennan Johnson,"Crystal Palace,Tottenham",EPL,D F M S,attack,Lower-Tier Finisher,2,1,1709,34,0.1053247513165594,0.1365756170225813,1.211234640140433,0.1127573572423147,0.0674629933377885,1.0005851375073145,0.2759311966502122,0.101849825452248,
Noni Madueke,Arsenal,EPL,F M S,attack,Link-Up Forward,2,1,1246,26,0.1444622792937399,0.1442035424551458,1.8057784911717496,0.0798567172884941,0.2897174772096388,1.5890850722311396,0.4859810181105596,0.2379251967511629,
Mohammed Kudus,Tottenham,EPL,F M,attack,Link-Up Forward,2,5,1577,19,0.1141407736207989,0.1348189111520254,1.4838300570703866,0.0908587277293778,0.1469071225671259,1.1984781230183892,0.2832181211242059,0.080270159637618,
Randal Kolo Muani,Tottenham,EPL,F M S,attack,Lower-Tier Finisher,1,1,1704,30,0.0528169014084507,0.1426353917332549,1.056338028169014,0.1350281708408147,0.0975641074367392,1.0035211267605633,0.224264215671418,0.0417091517748547,
Gabriel Martinelli,Arsenal,EPL,F M S,attack,Elite Dual-Threat,1,4,1025,30,0.0878048780487804,0.4703762846022117,2.546341463414634,0.1847263186656195,0.2255857733509889,1.1414634146341465,0.8800910360202556,0.3166701625214844,
Jean-Ricner Bellegarde,Wolverhampton Wanderers,EPL,F M S,attack,Link-Up Forward,1,1,1268,26,0.0709779179810725,0.061737055815345,1.4905362776025235,0.041419358081406,0.0863486684106689,0.9227129337539433,0.3691389036294344,0.2485268966189059,
Dan Ndoye,Nottingham Forest,EPL,F M S,attack,Link-Up Forward,1,1,1184,24,0.0760135135135135,0.089118839571932,1.1402027027027029,0.0781605230023463,0.1180402120587894,1.0641891891891893,0.3058633589299043,0.1377932409554518,
Liam Delap,Chelsea,EPL,F S,attack,Lower-Tier Finisher,1,0,1064,28,0.0845864661654135,0.4254783435262516,3.045112781954887,0.1397249868863986,0.0143166782012335,0.2537593984962406,0.6357445572572935,0.2876478820493011,
Alejandro Garnacho,Chelsea,EPL,F M S,attack,Elite Dual-Threat,1,4,1285,24,0.0700389105058365,0.2879856950404115,2.311284046692607,0.1245998714232083,0.2954916375388431,2.0311284046692606,0.9072480737757126,0.4570707322210653,
Rodrigo Muniz,Fulham,EPL,F S,attack,Lower-Tier Finisher,1,1,1001,21,0.0899100899100899,0.4086675930704985,2.877122877122877,0.1420403682859614,0.0864473337048923,0.7192807192807192,0.4343544091139878,0.116707550158927,
Joshua King,Fulham,EPL,F M S,attack,Lower-Tier Finisher,1,2,1306,32,0.0689127105666156,0.2618412247318403,1.791730474732006,0.1461387348289673,0.0716391979156213,1.0336906584992342,0.4263578877024136,0.1792760284340856,
Marcus Edwards,Burnley,EPL,F M S,attack,Link-Up Forward,1,3,1054,23,0.0853889943074003,0.1949865246930316,1.9639468690702089,0.0992829937325871,0.2174011362713021,1.7077798861480076,0.5202748552600958,0.2696655770548155,
Jhon Arias,Wolverhampton Wanderers,EPL,F M S,attack,Lower-Tier Finisher,1,0,1140,23,0.0789473684210526,0.2599852691453539,1.263157894736842,0.2058216714067385,0.0707547287701776,0.868421052631579,0.3850757706616269,0.1061916582678493,
Jacob Bruun Larsen,Burnley,EPL,F M S,attack,Link-Up Forward,0,1,1003,28,0.0,0.1285050694616223,1.5254237288135593,0.0842422122026191,0.1236747275826225,1.0767696909272184,0.4063574688050409,0.2021206392983674,
Dwight McNeil,Everton,EPL,F M S,attack,Link-Up Forward,0,1,1184,22,0.0,0.1112285616014756,1.8243243243243243,0.0609697300630311,0.1321941755107931,1.1402027027027029,0.3512510432031107,0.1922480974069519,
Anthony Elanga,Newcastle United,EPL,F M S,attack,Link-Up Forward,0,1,1289,32,0.0,0.1014819335339835,1.1869666408068271,0.0854968708008527,0.1221542639832703,1.047323506594259,0.2994684242665814,0.1287067461039226,
Wilson Odobert,Tottenham,EPL,F M S,attack,Link-Up Forward,0,2,946,24,0.0,0.2340550121042019,1.9978858350951376,0.1171513446828439,0.1857485315008345,1.9027484143763207,0.5678012719610214,0.2743211595329749,
Oscar Bobb,"Fulham,Manchester City",EPL,F M S,attack,Link-Up Forward,0,1,1046,23,0.0,0.1229629831755423,1.032504780114723,0.1190919262977937,0.1735548450331957,1.892925430210325,0.4955752103110458,0.3049762036658496,
Kylian Mbappe-Lottin,Real Madrid,La_Liga,F S,attack,Elite Finisher,25,5,2623,31,0.857796416317194,0.6555976624218188,5.009531071292414,0.1308700660983585,0.2484395152885996,2.2302706824247043,0.9561666067983646,0.2481978226792503,
Vedat Muriqi,Mallorca,La_Liga,F S,attack,Elite Finisher,23,1,3150,37,0.6571428571428571,0.4693669096167598,3.257142857142857,0.1441038757595315,0.0710088664665818,0.6857142857142857,0.5400645051683698,0.1326725646454308,
Ante Budimir,Osasuna,La_Liga,F S,attack,Lower-Tier Finisher,17,0,2995,37,0.5108514190317195,0.3980297043372275,3.095158597662772,0.1285975150474645,0.0514558496976734,0.4808013355592654,0.3767283103539171,0.0371833040514254,
Ferrán Torres,Barcelona,La_Liga,F M S,attack,Elite Finisher,16,2,2025,33,0.7111111111111111,0.7192609766291248,3.066666666666667,0.234541622813845,0.1403446993066205,1.022222222222222,1.0236146868930922,0.2390772045900424,
Vinícius Júnior,Real Madrid,La_Liga,F M S,attack,Elite Dual-Threat,16,5,2865,36,0.5026178010471204,0.33572903926928,3.141361256544503,0.1068737441673874,0.2247703684913238,2.1675392670157065,0.7239634712953219,0.268620214654201,
Lamine Yamal,Barcelona,La_Liga,F M S,attack,Elite Dual-Threat,16,11,2291,28,0.6285464862505455,0.4592938234339318,4.596246180707115,0.0999280293909912,0.4936838023192182,2.867743343518114,1.3221132953983372,0.6281209226481418,
Mikel Oyarzabal,Real Sociedad,La_Liga,F S,attack,Elite Finisher,15,4,2727,34,0.4950495049504951,0.3572745568951954,2.607260726072607,0.1370306211889167,0.1966156803760001,1.386138613861386,0.6699203855969723,0.223005441672141,
Robert Lewandowski,Barcelona,La_Liga,F S,attack,Elite Finisher,14,2,1630,31,0.7730061349693252,0.7640045705519936,3.478527607361963,0.2196344708994267,0.125863548048252,0.7177914110429449,1.0737605846367,0.337743267245545,
Borja Iglesias,Celta Vigo,La_Liga,F S,attack,Elite Finisher,14,2,1903,35,0.6621124540199685,0.4084065396199712,2.1755123489227537,0.1877288997335278,0.0785066778573373,0.8039936941671046,0.6434731544262161,0.2111029356798324,
Antonio Martínez,Alaves,La_Liga,F S,attack,Lower-Tier Finisher,14,3,2750,37,0.4581818181818182,0.3957772564888001,3.0436363636363635,0.130034343529773,0.1250182833251628,0.7854545454545455,0.5027518919584426,0.1139231829074296,
Alexander Sørloth,Atletico Madrid,La_Liga,F S,attack,Elite Finisher,13,0,1955,35,0.59846547314578,0.6411686838054291,3.130434782608696,0.2048177739934009,0.05633566900135,0.4603580562659847,0.7321692956444782,0.1311774626040779,
Raphinha,Barcelona,La_Liga,F M S,attack,Elite Dual-Threat,13,3,1424,22,0.821629213483146,0.5623300209133938,4.10814606741573,0.136881700817209,0.3733254493910066,2.528089887640449,1.1991393780649713,0.497381297892399,
Georges Mikautadze,Villarreal,La_Liga,F S,attack,Elite Finisher,13,6,2155,33,0.54292343387471,0.6290433821019883,2.7563805104408354,0.2282135502407044,0.1733054110646386,1.211136890951276,0.8340821088380299,0.0883715580284526,
Lucas Boyé,Alaves,La_Liga,F M S,attack,Elite Finisher,11,1,1960,29,0.5051020408163265,0.407478445219066,2.8928571428571423,0.1408567464954796,0.1244207672033535,1.2857142857142856,0.5599042681492485,0.1733458614765609,
Juan Camilo Hernández,Real Betis,La_Liga,F S,attack,Elite Finisher,11,3,2623,32,0.3774304231795654,0.3999758013561397,3.0537552420892107,0.1309783429409681,0.1671132860542639,1.1666031261913838,0.6556134405955985,0.1854726409676633,
Carlos Espí,Levante,La_Liga,F S,attack,Elite Finisher,11,0,1328,25,0.7454819277108434,0.6698921278500594,3.862951807228916,0.1734145703284364,0.0467570060134741,0.6099397590361446,0.6318719286740901,0.0244662013740828,
Gerard Moreno,Villarreal,La_Liga,F S,attack,Elite Dual-Threat,10,0,1368,22,0.6578947368421052,0.3148291622729678,2.56578947368421,0.1227026478602336,0.1976834507168907,1.513157894736842,0.6485683287150766,0.325751308547823,
André Silva,Elche,La_Liga,F S,attack,Lower-Tier Finisher,10,0,1858,31,0.4843918191603875,0.4169052398931014,2.761033369214209,0.1509960888345775,0.0754154178808143,1.0656620021528525,0.4585773756063922,0.1091295552507155,
Hugo Duro,Valencia,La_Liga,F S,attack,Lower-Tier Finisher,10,0,1979,36,0.4547751389590702,0.3900093389105592,1.637190500252653,0.2382186671925915,0.0789700181398986,0.7731177362304194,0.5067451379933461,0.1273225042394853,
Gorka Guruzeta,Athletic Club,La_Liga,F M S,attack,Elite Finisher,10,3,2401,35,0.3748438150770512,0.4116846028496603,3.1486880466472305,0.1307479803494754,0.1312517381891117,0.9745939192003332,0.6037957407378967,0.1577188141383339,
Jorge De Frutos,Rayo Vallecano,La_Liga,F M S,attack,Lower-Tier Finisher,10,1,2526,36,0.3562945368171021,0.4058210436042372,2.244655581947744,0.1807943485263321,0.1191747082826502,1.1045130641330168,0.5769364268357496,0.0795845558530609,
Abdessamad Ezzalzouli,Real Betis,La_Liga,F M S,attack,Elite Finisher,10,8,2275,29,0.3956043956043956,0.4075225260886517,2.8879120879120883,0.141113203478186,0.245987281186895,1.265934065934066,0.7396931842788235,0.1950463596444863,
Akor Adams,Sevilla,La_Liga,F S,attack,Lower-Tier Finisher,10,3,2048,32,0.439453125,0.3435428754937675,2.6806640625,0.1281558850657988,0.0505323240122379,0.5712890625,0.4276721942960648,0.0579297166677861,
Alberto Moleiro,Villarreal,La_Liga,F M S,attack,Link-Up Forward,10,5,2535,38,0.3550295857988166,0.199328334969,1.6331360946745563,0.1220524949629021,0.2051293914311031,1.349112426035503,0.5408036018220278,0.1952962343024431,
Pablo Fornals,Real Betis,La_Liga,F M S,attack,Elite Dual-Threat,9,6,2912,37,0.2781593406593406,0.1527196375568714,1.3289835164835164,0.1149146213347828,0.2439300827157509,2.5961538461538463,0.7147497646792045,0.3948944559989876,
Nicolas Pepe,Villarreal,La_Liga,F M S,attack,Elite Dual-Threat,9,8,2497,37,0.3243892671205446,0.2997722127316329,2.3428113736483778,0.1279540538787841,0.2912329394455356,1.9823788546255507,0.7790034308113548,0.2810746543989642,
Ferrán Jutglà,Celta Vigo,La_Liga,F M S,attack,Lower-Tier Finisher,9,3,1702,30,0.4759106933019977,0.3488932369872227,2.3795534665099884,0.146621306012902,0.0821840411356347,0.7931844888366627,0.4754688998314385,0.1513126081667761,
Federico Viñas,Real Oviedo,La_Liga,F M S,attack,Lower-Tier Finisher,9,1,2575,34,0.3145631067961165,0.2933260234524902,2.0970873786407767,0.1398730574796597,0.1058243309699216,1.013592233009709,0.3074473738525677,0.0923012381763134,
Vladyslav Vanat,Girona,La_Liga,F,attack,Lower-Tier Finisher,9,1,2003,27,0.4043934098851722,0.3265251923041884,1.2131802296555168,0.2691481317634935,0.094543819939248,0.5391912131802297,0.3977035606280899,0.0730872017722456,
Marcus Rashford,Barcelona,La_Liga,F M S,attack,Elite Dual-Threat,8,7,1739,32,0.4140310523289247,0.4501431915039318,3.9332949971247846,0.1144442997113066,0.2568871159558498,2.380678550891317,0.896684480006279,0.3998952698285995,
Rafa Mir,Elche,La_Liga,F M S,attack,Lower-Tier Finisher,8,0,1834,27,0.3925845147219193,0.3326412361123342,3.386041439476554,0.0982389737568471,0.0838913011792214,0.4416575790621592,0.56728403057574,0.2232699751378633,
Kike García,Espanyol,La_Liga,F S,attack,Elite Finisher,8,1,1694,37,0.4250295159386068,0.452526473190631,3.187721369539552,0.1419592306638757,0.1411895163097763,1.009445100354191,0.6757211762809204,0.1128465073664783,
Gonçalo Guedes,Real Sociedad,La_Liga,F M S,attack,Link-Up Forward,8,4,1833,32,0.392798690671031,0.2033850154039219,2.258592471358429,0.0900494524723161,0.1308713732333015,1.1783960720130933,0.5897524477319515,0.3770855178907148,
Julián Álvarez,Atletico Madrid,La_Liga,F S,attack,Elite Dual-Threat,8,4,1926,29,0.3738317757009345,0.3114377490514628,2.5233644859813085,0.12342162647595,0.2927693878692166,2.196261682242991,0.8155164825860585,0.3647826207262055,
Antony,Real Betis,La_Liga,F M S,attack,Elite Dual-Threat,8,6,2495,32,0.2885771543086172,0.3255500895361264,3.246492985971944,0.1002774658509426,0.2396600749903547,2.0200400801603204,0.7939578185458939,0.3699215597124072,
Antoine Griezmann,Atletico Madrid,La_Liga,F S,attack,Elite Dual-Threat,7,4,1428,34,0.4411764705882353,0.5227250826912894,2.96218487394958,0.1764660562844352,0.3144014074208857,2.016806722689076,1.0873641264664025,0.4502577621082799,
Pere Milla,Espanyol,La_Liga,F M S,attack,Lower-Tier Finisher,7,1,2005,33,0.314214463840399,0.3435954161712951,2.6483790523690773,0.1297380055411387,0.1840403035673268,1.5261845386533666,0.5023788342489268,0.1498990473186509,
Raul García,Osasuna,La_Liga,F S,attack,Elite Finisher,7,1,926,36,0.6803455723542117,0.6743394405245138,3.7904967602591793,0.1779026558192876,0.109105402780757,1.1663066954643628,0.7025615753481249,0.1130095904503926,
Dani Olmo,Barcelona,La_Liga,F M S,attack,Elite Dual-Threat,7,8,2109,33,0.2987197724039829,0.3735888278533096,2.987197724039829,0.1250633076099412,0.2841034904917222,2.1337126600284493,0.9626917334360892,0.4570049332563433,
Iván Romero,Levante,La_Liga,F M S,attack,Lower-Tier Finisher,7,1,2339,32,0.2693458743052586,0.3405586991725109,2.2702009405728942,0.1500125795413377,0.1110373392650183,0.9619495510902096,0.5664505488340762,0.181724472523258,
Etta Eyong,"Levante,Villarreal",La_Liga,F S,attack,Elite Finisher,7,4,1657,33,0.380205190102595,0.558210178387987,2.715751357875679,0.2055453923530876,0.1532858017524035,0.8147254073627037,0.6549463377996839,0.1125353555980222,
Alvaro Rodríguez,Elche,La_Liga,F S,attack,Elite Finisher,7,5,2199,34,0.286493860845839,0.498426681521665,3.028649386084584,0.1645706115114326,0.1580351349195061,1.3096862210095497,0.6160631897448884,0.1148473226057433,
Tajon Buchanan,Villarreal,La_Liga,F M S,attack,Lower-Tier Finisher,7,1,1873,35,0.3363587827015483,0.1317898836185747,1.2973838761345435,0.101581255974317,0.124769153056524,0.7207688200747464,0.3761418202411616,0.1310297908898874,
Roberto Fernández,Espanyol,La_Liga,F S,attack,Lower-Tier Finisher,7,3,2388,38,0.2638190954773869,0.3223669477130038,2.2236180904522613,0.1449740623613283,0.1189759202493382,0.6783919597989949,0.4576275204238131,0.077361087501985,
Ilyas Chaira,Real Oviedo,La_Liga,F M S,attack,Lower-Tier Finisher,7,2,2584,37,0.2438080495356037,0.2515007180865312,2.9256965944272446,0.0859626793036503,0.0723881572888639,0.7662538699690402,0.3902730806773938,0.1205492938289147,
Brais Méndez,Real Sociedad,La_Liga,F M S,attack,Link-Up Forward,6,2,1708,29,0.3161592505854801,0.2396122365044888,1.8969555035128804,0.1263141049227366,0.1753455636787295,1.370023419203747,0.645199293506264,0.2941390880344292,
Martín Satriano,Getafe,La_Liga,F M,attack,Lower-Tier Finisher,6,1,1609,18,0.3356121814791796,0.2635395424087423,1.9577377252952144,0.1346143249954496,0.1390011279830434,0.8390304536979492,0.4794216758905544,0.1065551833874176,
Largie Ramazani,Valencia,La_Liga,F M S,attack,Elite Dual-Threat,6,1,1200,27,0.45,0.3178789383731782,3.825,0.0831056048034453,0.1842222772305831,1.275,0.7413030134048313,0.2972374371718615,
Viktor Tsygankov,Girona,La_Liga,F M S,attack,Link-Up Forward,6,5,2672,32,0.2020958083832335,0.2463411817237913,1.684131736526946,0.1462719194591045,0.1435173561825824,1.8525449101796407,0.5085620842874049,0.184310255195767,
Fermín López,Barcelona,La_Liga,F M S,attack,Elite Dual-Threat,6,9,1780,30,0.3033707865168539,0.3803803697019145,3.438202247191011,0.1106335062204914,0.3866918209228623,1.7191011235955056,1.244079853209217,0.6281620464549306,
Gonzalo García,Real Madrid,La_Liga,F S,attack,Elite Finisher,6,1,923,30,0.5850487540628386,0.5137950270350937,2.047670639219935,0.2509168306631701,0.1594256904714802,1.267605633802817,0.7872717181787718,0.1894668462652942,
Víctor Muñoz,Osasuna,La_Liga,F M S,attack,Lower-Tier Finisher,6,2,2705,34,0.199630314232902,0.2367181330712688,2.6950092421441774,0.0878357407349495,0.0802573985325485,0.8983364140480592,0.3844304759323926,0.1275919918039755,
Ayoze Pérez,Villarreal,La_Liga,F S,attack,Elite Finisher,5,4,1154,26,0.389948006932409,0.3992343380840646,1.9497400346620453,0.2047628560662269,0.2008942340660446,1.3258232235701908,0.7016731102658723,0.1412814674314686,
Iago Aspas,Celta Vigo,La_Liga,F M S,attack,Elite Dual-Threat,5,3,1082,32,0.4158964879852126,0.2455294693091991,2.3290203327171906,0.1054217800764101,0.3708489618802963,2.4953789279112755,0.9338250169668232,0.5186804777266054,
Federico Valverde,Real Madrid,La_Liga,D F M S,attack,Link-Up Forward,5,8,2765,33,0.162748643761302,0.0730283908970371,1.6600361663652805,0.0439920481111781,0.1631545973689064,1.3996383363471971,0.6202851866538658,0.4980524116840759,
Nicolás González,Atletico Madrid,La_Liga,D F M S,attack,Lower-Tier Finisher,5,0,1480,24,0.304054054054054,0.3445843422433009,2.614864864864865,0.1317790249405905,0.1048463157604675,0.7297297297297298,0.6376605035384764,0.3202447401787582,
Azz-Eddine Ounahi,Girona,La_Liga,F M S,attack,Elite Dual-Threat,5,2,1777,24,0.253235790658413,0.1573543384100992,2.583005064715813,0.0609190978986375,0.2755446550915867,1.7726505346088912,0.662333803418049,0.4084904390226339,
Williot Swedberg,Celta Vigo,La_Liga,F M S,attack,Lower-Tier Finisher,5,5,1237,29,0.3637833468067906,0.3774860864482585,1.6734033953112368,0.2255798497277757,0.1443955396349476,0.7275666936135813,0.6203168084605528,0.2377798356772336,
Carlos Vicente,Alaves,La_Liga,F M S,attack,Link-Up Forward,5,0,1250,21,0.36,0.1069142637848854,0.8639999999999999,0.1237433608621358,0.2777175340801477,1.872,0.4012272318899631,0.1173449099510908,
Alexis Sánchez,Sevilla,La_Liga,F M S,attack,Link-Up Forward,4,2,1278,28,0.2816901408450704,0.1941751758240058,1.7605633802816902,0.1102914998680353,0.1289746157405242,1.9014084507042253,0.4665711207289091,0.2065244166862586,
Umar Sadiq,"Real Sociedad,Valencia",La_Liga,F S,attack,Elite Finisher,4,2,1028,25,0.3501945525291828,0.4774622631110685,2.626459143968872,0.1817893357326587,0.150300308551045,0.8754863813229572,0.715280996784133,0.1435097636734697,
Borja Mayoral,Getafe,La_Liga,F S,attack,Lower-Tier Finisher,4,1,1072,16,0.335820895522388,0.2306481712296216,1.2593283582089552,0.1831517330060402,0.0470971711216244,0.419776119402985,0.2243855054127121,0.0369726965132642,
Carlos Soler,Real Sociedad,La_Liga,F M S,attack,Link-Up Forward,4,3,2346,33,0.1534526854219949,0.1253672151604805,1.3427109974424551,0.093368725957615,0.1933965781379653,1.7647058823529411,0.4626632031158108,0.3097933877373824,
Aitor Ruibal,Real Betis,La_Liga,D F M S,attack,Lower-Tier Finisher,4,2,1809,27,0.1990049751243781,0.2199001000054291,1.5422885572139302,0.142580387422875,0.0893354423307067,0.945273631840796,0.4999824783843548,0.225360822117892,
Álvaro García,Rayo Vallecano,La_Liga,F M S,attack,Link-Up Forward,4,5,2123,32,0.1695713612812058,0.2912738453728435,1.9924634950541689,0.1461877952072214,0.3109354405561694,1.6957136128120585,0.6189217768237522,0.0862074057908059,
German Valera,Elche,La_Liga,D F M S,attack,Link-Up Forward,4,5,2888,36,0.1246537396121883,0.0903271691979443,0.8725761772853186,0.103517803430025,0.2303921703927714,1.4023545706371192,0.4457506561945927,0.2415014821081487,
Diego López,Valencia,La_Liga,F M S,attack,Lower-Tier Finisher,4,1,1781,34,0.2021336327905671,0.1756834183181105,1.4149354295339696,0.1241635587399027,0.1026982701227177,0.8085345311622685,0.421184584527689,0.1611836750430548,
Giuliano Simeone,Atletico Madrid,La_Liga,D F M S,attack,Elite Dual-Threat,4,6,2153,31,0.1672085462145843,0.2550447291767685,1.5048769159312587,0.1694787968881428,0.2310356489459249,1.2122619600557365,0.775713431806798,0.3781048002744961,
Hugo Álvarez,Celta Vigo,La_Liga,D F M S,attack,Link-Up Forward,4,2,1359,28,0.2649006622516556,0.1505027131627727,0.9271523178807948,0.1623279263398477,0.1623001710715278,1.6556291390728477,0.5632386948691298,0.3338809625942581,
Javier Guerra,Valencia,La_Liga,F M S,attack,Link-Up Forward,4,6,2086,36,0.1725790987535954,0.1296499236518104,1.3374880153403643,0.0969353909454038,0.1495936059518891,1.3374880153403643,0.4775822672757212,0.2683171641915565,
Arda Güler,Real Madrid,La_Liga,F M S,attack,Elite Dual-Threat,4,9,2076,33,0.1734104046242774,0.2085852304559653,2.1242774566473988,0.0981911425003591,0.3836009827189449,3.034682080924856,0.6988190795494125,0.3763073767303904,
Isaac Romero,Sevilla,La_Liga,F M S,attack,Lower-Tier Finisher,4,0,1506,29,0.2390438247011952,0.2868036478312604,2.450199203187251,0.117053196106742,0.064675215802404,0.8366533864541833,0.4759595002162741,0.1671297538773234,
Alberto Reina,Real Oviedo,La_Liga,F M S,attack,Link-Up Forward,4,1,2616,38,0.1376146788990825,0.1341443891859177,0.860091743119266,0.155965209826827,0.1448422756127227,1.2041284403669723,0.2873888252614869,0.1079763425620905,
Alemão,Rayo Vallecano,La_Liga,F S,attack,Lower-Tier Finisher,4,0,1118,26,0.3220035778175313,0.33122490055206,2.012522361359571,0.1645819728076458,0.0250586269386712,0.5635062611806798,0.5117248098177699,0.1666799954043731,
Iñaki Williams,Athletic Club,La_Liga,F M S,attack,Lower-Tier Finisher,3,6,2188,30,0.1234003656307129,0.3256602801290601,2.3446069469835464,0.1388976009595289,0.1731400517831936,1.0283363802559415,0.532847340644373,0.1534872357197228,
Ander Barrenetxea,Real Sociedad,La_Liga,F M S,attack,Elite Dual-Threat,3,5,1794,30,0.1505016722408027,0.1572247544914035,1.7558528428093645,0.0895432411293898,0.3309108079551255,2.25752508361204,0.6537175742305044,0.3133330340606213,
Ruben Vargas,Sevilla,La_Liga,F M S,attack,Link-Up Forward,3,6,1670,24,0.1616766467065868,0.1445951811902359,2.2095808383233533,0.0654400955522205,0.1676244046427532,1.5089820359281436,0.3747820768750713,0.1587862875312567,
Luis Rioja,Valencia,La_Liga,D F M S,attack,Link-Up Forward,3,6,2676,37,0.100896860986547,0.0885087389899877,1.4798206278026906,0.0598104508932341,0.1462970364571553,1.2780269058295963,0.3782310318034727,0.1955697338844361,
Arnaut Danjuma Groeneveld,Valencia,La_Liga,F M S,attack,Link-Up Forward,3,2,1612,30,0.1674937965260546,0.2503221979360131,2.009925558312655,0.1245430194669299,0.2371366821095421,0.9491315136476428,0.5521593789197966,0.1323968176464215,
Isi Palazón,Rayo Vallecano,La_Liga,F M S,attack,Link-Up Forward,3,3,2294,31,0.1176983435047951,0.1262093672273906,2.040104620749782,0.0618641641922295,0.1668232477350451,1.5300784655623365,0.433137567840523,0.2618102376441022,
Joel Roca,Girona,La_Liga,F M S,attack,Lower-Tier Finisher,3,1,1463,32,0.1845522898154477,0.2779398376716687,2.9528366370471635,0.0941263848411229,0.1200230288244809,0.9842788790157212,0.5104015488559488,0.1226107826709788,
Luka Sucic,Real Sociedad,La_Liga,F M S,attack,Lower-Tier Finisher,3,1,1003,22,0.2691924227318046,0.1579408297279955,2.0638085742771684,0.0765288174962219,0.032472018698455,0.8075772681954139,0.3111324245657991,0.1388602162936957,
Thiago Almada,Atletico Madrid,La_Liga,F M S,attack,Elite Dual-Threat,3,1,1327,27,0.2034664657121326,0.2412626043400013,1.4242652599849284,0.1693944317244348,0.1895287876194953,1.8990203466465712,0.7406688472585922,0.4215628507504269,
Adrián Liso,Getafe,La_Liga,F M S,attack,Lower-Tier Finisher,3,0,1725,28,0.1565217391304348,0.1438538244561008,1.3565217391304347,0.1060460885413564,0.007866646543793,0.208695652173913,0.1612203055749768,0.0166977576263572,
Luis Vázquez,Getafe,La_Liga,F S,attack,Lower-Tier Finisher,3,1,1232,17,0.2191558441558441,0.1950808863727037,1.8262987012987013,0.106817623116076,0.0120572002102657,0.2922077922077922,0.297846764306441,0.1264300649719578,
Salomón Rondón,Real Oviedo,La_Liga,F S,attack,Lower-Tier Finisher,2,0,1054,16,0.1707779886148007,0.2595851858600663,2.049335863377609,0.1266679564335694,0.0165212324748003,0.4269449715370019,0.2661615489952026,0.0286660791044273,
Rubén García,Osasuna,La_Liga,F M S,attack,Link-Up Forward,2,5,2297,35,0.0783630822812364,0.1017491197846846,1.214627775359164,0.0837697950342009,0.2297509405770066,1.7631693513278188,0.2789837208567986,0.1496046924704915,
Alex Berenguer,Athletic Club,La_Liga,F M S,attack,Link-Up Forward,2,3,2191,31,0.0821542674577818,0.2165548998814897,1.8073938840712005,0.1198161074849353,0.2247442832086549,2.0127795527156547,0.4520685575300566,0.1695328384352187,
Giovani Lo Celso,Real Betis,La_Liga,F M S,attack,Elite Dual-Threat,2,3,1396,24,0.1289398280802292,0.1872038788810628,1.9340974212034383,0.096791338858505,0.1855707013136293,2.0630372492836675,0.6880835155265294,0.4362180939259109,
Takefusa Kubo,Real Sociedad,La_Liga,F M S,attack,Link-Up Forward,2,4,1531,24,0.1175702155453951,0.1563170262576512,1.6459830176355323,0.0949687965081206,0.2678401670877954,1.8811234487263224,0.4574050167897883,0.1994571214569775,
Álex Baena,Atletico Madrid,La_Liga,F M S,attack,Elite Dual-Threat,2,3,1615,27,0.1114551083591331,0.0993106135919736,1.61609907120743,0.0614508202877537,0.3658669202850884,2.5634674922600618,0.6374483839738478,0.3545780180154755,
Víctor García,Levante,La_Liga,F M S,attack,Link-Up Forward,2,1,1065,21,0.1690140845070422,0.161223708061685,1.6056338028169013,0.1004112567752599,0.1492335523518038,1.1830985915492958,0.2774143979792863,0.0739045413866849,
Fran Pérez,Rayo Vallecano,La_Liga,F M S,attack,Lower-Tier Finisher,2,1,1226,29,0.1468189233278956,0.1841706302940699,1.2479608482871123,0.147577250157209,0.1229144629853706,0.9543230016313214,0.4678212050925849,0.1947477677165489,
Pablo Durán,Celta Vigo,La_Liga,F M S,attack,Lower-Tier Finisher,2,2,1451,30,0.124052377670572,0.2670471470220223,2.2949689869055825,0.1163619850837701,0.1333722246452642,0.6202618883528601,0.428024615147642,0.0957606002870693,
Mateo Joseph,Mallorca,La_Liga,F M S,attack,Lower-Tier Finisher,2,3,1707,29,0.1054481546572935,0.2845430997755175,1.7398945518453426,0.1635404280527974,0.0838485090569421,0.6854130052724077,0.3806238131751495,0.0908653961694251,
Mario Martín,Getafe,La_Liga,F M S,attack,Lower-Tier Finisher,2,1,2158,35,0.0834105653382761,0.1230740755886198,1.0843373493975903,0.1135016474872827,0.0382055377370166,0.3336422613531047,0.1659677559086937,0.0591165800013538,
Peque,Sevilla,La_Liga,F M S,attack,Link-Up Forward,2,1,952,26,0.1890756302521008,0.0723765609480691,1.418067226890756,0.0510388785352309,0.0577704128496223,1.418067226890756,0.291719923261553,0.1902157710591222,
Oso,Sevilla,La_Liga,D F M S,attack,Link-Up Forward,2,3,1397,21,0.1288475304223335,0.0960448154420961,1.0952040085898354,0.0876958216814433,0.136340737060171,1.2884753042233357,0.3187205855525982,0.1671692065270611,
Martim Neto,Elche,La_Liga,F M S,attack,Link-Up Forward,2,5,1367,25,0.1316752011704462,0.06852319853785,0.7900512070226774,0.0867326040752232,0.1854585357767958,1.711777615215801,0.4520591874228792,0.3240639934535653,
Jan Virgili,Mallorca,La_Liga,F M S,attack,Link-Up Forward,2,4,1807,31,0.0996126175982291,0.1291616152668929,1.5938018815716657,0.0810399440233595,0.1877932792233626,1.5439955727725514,0.3518113161230539,0.1326848721460505,
Tani Oluwaseyi,Villarreal,La_Liga,F S,attack,Lower-Tier Finisher,2,2,949,28,0.1896733403582718,0.3431775178701408,1.5173867228661748,0.2261635169852525,0.1941794665182918,0.5690200210748156,0.5682195550629632,0.0375714412918834,
Edu Expósito,Espanyol,La_Liga,F M S,attack,Link-Up Forward,1,6,2593,36,0.0347088314693405,0.0894964586658208,1.5271885846509836,0.0586021003334529,0.2786714194440906,2.846124180485924,0.3761484150117858,0.2374258321001292,
Brahim Diaz,Real Madrid,La_Liga,F M S,attack,Link-Up Forward,1,6,1243,30,0.0724054706355591,0.1237831462836994,1.0860820595333869,0.1139721858004729,0.2632500353244553,2.1721641190667738,0.538467866363347,0.2029999089595874,
Grady Diangana,Elche,La_Liga,F M S,attack,Link-Up Forward,1,0,937,20,0.096051227321238,0.1302171547637741,1.536819637139808,0.0847315791761502,0.1047193051267141,0.96051227321238,0.4550350019499548,0.2555437942841583,
Lucien Agoume,Sevilla,La_Liga,F M S,attack,Link-Up Forward,1,3,2728,34,0.032991202346041,0.0273669339495211,0.4948680351906158,0.0553014783809582,0.1052408139262337,0.8907624633431085,0.3185952216580706,0.2277820790937591,
Jon Ander Olasagasti,Levante,La_Liga,F M S,attack,Link-Up Forward,1,5,1712,33,0.0525700934579439,0.1120931208111937,1.4719626168224298,0.076152151916176,0.2355265174937983,1.892523364485981,0.4123692533271125,0.2476312740483956,
Bryan Zaragoza,Celta Vigo,La_Liga,F M S,attack,Link-Up Forward,1,1,1138,19,0.0790861159929701,0.0923068011228669,2.0562390158172232,0.0448910853324028,0.1790202085930454,1.4235500878734622,0.4906230941676717,0.3208583249892182,
Ramón Terrats,Espanyol,La_Liga,F M S,attack,Link-Up Forward,1,2,1020,29,0.088235294117647,0.1049160212552284,1.3235294117647058,0.0792698827261726,0.2087021131506737,1.4117647058823528,0.3695909305037382,0.1100112824865123,
Rodrigo Mendoza,"Atletico Madrid,Elche",La_Liga,F M S,attack,Link-Up Forward,1,1,1243,24,0.0724054706355591,0.0810285376823917,1.2308930008045054,0.0658290668883744,0.0948068441048396,1.0860820595333869,0.3367965814394521,0.1955244703141917,
Unai Gómez,Athletic Club,La_Liga,F M S,attack,Lower-Tier Finisher,1,1,930,26,0.0967741935483871,0.2003674361133768,2.225806451612903,0.0900201524567344,0.0594853530487706,0.7741935483870968,0.2953741977652234,0.0767558367862816,
Abderrahmane Rebbach,Alaves,La_Liga,D F M S,attack,Link-Up Forward,1,4,1479,30,0.0608519269776876,0.1799366660567253,2.0689655172413794,0.0869693885940839,0.3011819412724,1.8255578093306288,0.3759208678232003,0.1335765977539348,
Lucas Beltrán,Valencia,La_Liga,F S,attack,Lower-Tier Finisher,1,2,1377,27,0.065359477124183,0.3108801813248326,2.2222222222222223,0.1398960815961746,0.1301393811317051,0.915032679738562,0.6378924768734602,0.2181030706399017,
Fernando López,Celta Vigo,La_Liga,F M S,attack,Link-Up Forward,1,1,1179,17,0.0763358778625954,0.1400152431758305,0.9923664122137404,0.1410922835079523,0.1030676875917511,0.8396946564885497,0.4580451713036035,0.2825997125727075,
Roger Brugué,Levante,La_Liga,F M S,attack,Lower-Tier Finisher,1,1,1008,19,0.0892857142857142,0.3909539379778184,2.5,0.1563815751911274,0.0746374856680631,0.7142857142857142,0.5857887245448572,0.2713324262627533,
Franco Mastantuono,Real Madrid,La_Liga,D F M S,attack,Elite Dual-Threat,1,0,1026,23,0.087719298245614,0.235287427183306,2.631578947368421,0.0894092223296562,0.2509989777351157,1.4035087719298245,0.670957342443759,0.3851169272603696,
Carles Aleñá,Alaves,La_Liga,F M S,attack,Link-Up Forward,0,4,2002,34,0.0,0.1009510342984438,1.3036963036963036,0.0774344715193427,0.1828753844891618,1.6633366633366633,0.3523277504263551,0.1749264146131533,
Jon Guridi,Alaves,La_Liga,F M S,attack,Link-Up Forward,0,0,1251,28,0.0,0.1165750408344131,1.079136690647482,0.1080262045065561,0.0389650732064418,0.7913669064748201,0.3811451046318888,0.2634870156431369,
Bryan Gil Salvatierra,Girona,La_Liga,F M S,attack,Link-Up Forward,0,3,1607,29,0.0,0.1759808622856984,1.512134411947729,0.1163791134539577,0.2030248327300129,1.1761045426260113,0.6210735655148057,0.3918390299582433,
Aimar Oroz,Osasuna,La_Liga,F M S,attack,Link-Up Forward,0,2,2175,31,0.0,0.068044031360026,1.2000000000000002,0.0567033594666883,0.1547997499077484,1.5310344827586209,0.2957721097715969,0.1823850231694764,
André Almeida,Valencia,La_Liga,F M S,attack,Link-Up Forward,0,2,1007,22,0.0,0.0781717874635059,0.804369414101291,0.0971839382416672,0.1952830833394927,1.6981132075471697,0.5635336296801209,0.3851474002891524,
Haissem Hassan,Real Oviedo,La_Liga,F M S,attack,Link-Up Forward,0,3,1937,38,0.0,0.0911485098752399,1.5797625193598348,0.0576976024929214,0.0835174948907907,0.8828084667010841,0.2504653175528294,0.1162882147103963,
Pedro Díaz,Rayo Vallecano,La_Liga,F M S,attack,Link-Up Forward,0,1,1868,34,0.0,0.0851774420260154,2.119914346895075,0.0401796620466153,0.0789228449695259,1.10813704496788,0.3851460066087527,0.2832743439651882,
Filip Ugrinic,Valencia,La_Liga,F M S,attack,Link-Up Forward,0,3,1515,27,0.0,0.0368876290867234,1.188118811881188,0.0310470878146588,0.2209839876741171,1.4257425742574257,0.4099999597609633,0.3243370378703469,
Thiago Fernández,Real Oviedo,La_Liga,F M S,attack,Link-Up Forward,0,4,919,17,0.0,0.085127022597732,1.4689880304679,0.0579494324202338,0.2809740352050135,1.17519042437432,0.4074169077198056,0.168021603814763,
Harry Kane,Bayern Munich,Bundesliga,F M S,attack,Elite Finisher,36,5,2385,31,1.3584905660377358,0.8016770536536878,4.4905660377358485,0.1785247220321237,0.2793709202054537,1.509433962264151,1.293946385945914,0.3991460202718681,
Deniz Undav,VfB Stuttgart,Bundesliga,F M S,attack,Elite Finisher,19,6,2261,29,0.7563025210084033,0.728429613123355,4.935869084475896,0.1475787952752603,0.2223047674071309,1.512605042016807,1.2092800580100225,0.3857970273114778,
Serhou Guirassy,Borussia Dortmund,Bundesliga,F S,attack,Elite Finisher,17,1,2366,33,0.6466610312764158,0.6709241992238962,3.195266272189349,0.2099744253126638,0.0733996412794744,0.760777683854607,0.728925049906425,0.1590483392953293,
Patrik Schick,Bayer Leverkusen,Bundesliga,F M S,attack,Elite Finisher,16,3,2005,28,0.7182044887780548,0.7017057467242725,3.231920199501247,0.2171172873737911,0.1432835478010469,0.628428927680798,0.8460224835281062,0.166545258361168,
Andrej Kramaric,Hoffenheim,Bundesliga,F M S,attack,Elite Finisher,14,6,2256,34,0.5585106382978724,0.3705862447361839,2.5930851063829787,0.1429132595085181,0.1807376179977894,1.3962765957446808,0.7249604658956856,0.3115945494674305,
Jonathan Burkardt,Eintracht Frankfurt,Bundesliga,F S,attack,Elite Finisher,13,1,1351,22,0.8660251665433013,0.6718940528552236,2.7313101406365656,0.2459969824952322,0.0445081502871986,0.5995558845299778,0.8156601810823715,0.2141733393403973,
Haris Tabakovic,Borussia M.Gladbach,Bundesliga,F S,attack,Elite Finisher,13,2,2424,32,0.4826732673267326,0.4761304390515283,2.487623762376238,0.1913996988824054,0.0699224261022956,0.594059405940594,0.4734856114575252,0.105498409115405,
Said El Mala,FC Cologne,Bundesliga,F M S,attack,Elite Finisher,13,4,1965,34,0.5954198473282443,0.5416016279229225,3.3893129770992365,0.1597968767069884,0.1917356630886784,0.9160305343511452,0.7898357557203934,0.1527793572945449,
Nadiem Amiri,Mainz 05,Bundesliga,F M S,attack,Elite Dual-Threat,12,2,2112,26,0.5113636363636364,0.1978338369041342,2.301136363636364,0.0859722352966114,0.2795488578902388,2.7272727272727275,0.5229406412532129,0.2497341047009368,
Ermedin Demirovic,VfB Stuttgart,Bundesliga,F S,attack,Elite Finisher,12,3,1507,25,0.7166556071665562,0.4721934563902409,2.448573324485733,0.1928443194525997,0.1301718575171706,1.0152621101526211,0.7871156332454463,0.2583424878747319,
Yan Diomande,RasenBallsport Leipzig,Bundesliga,F M S,attack,Elite Dual-Threat,12,8,2507,33,0.4307937774232149,0.2882803019803384,1.9026725169525327,0.1515133578752009,0.3607494279661999,2.046270442760272,1.0579449690263203,0.5173585167370877,
Igor Matanovic,Freiburg,Bundesliga,F S,attack,Elite Finisher,11,2,1536,31,0.64453125,0.4726480436875135,2.98828125,0.1581671884758215,0.1310301416015135,1.2890625,0.5734965036572247,0.080864409537753,
Fisnik Asllani,Hoffenheim,Bundesliga,F M S,attack,Elite Finisher,10,7,2429,33,0.370522848909016,0.3521755314173277,2.704816797035817,0.1302030998192829,0.2001467251060503,1.259777686290655,0.7319561671197242,0.2468357845594874,
Maximilian Beier,Borussia Dortmund,Bundesliga,D F M S,attack,Elite Finisher,9,6,2069,32,0.3914934751087482,0.3588067291150524,2.1749637506041566,0.1649713605642318,0.215579624372859,1.0874818753020783,0.6978680972782323,0.2217897622535026,
Rômulo,RasenBallsport Leipzig,Bundesliga,F M S,attack,Elite Finisher,9,4,2246,30,0.3606411398040961,0.6082358497890743,2.524487978628673,0.2409343419093934,0.1445290368906191,1.0017809439002672,0.9511294509993264,0.2813643140375004,
Serge Gnabry,Bayern Munich,Bundesliga,F M S,attack,Elite Dual-Threat,8,6,1280,21,0.5625,0.440473737748107,3.515625,0.1252903076261282,0.3621575561046484,1.5468750000000002,1.145267036394216,0.5723762968409574,
Tim Lemperle,Hoffenheim,Bundesliga,F M S,attack,Lower-Tier Finisher,8,2,2008,29,0.3585657370517928,0.3878918295240111,2.3754980079681274,0.1632886359924977,0.1154339856809502,1.1653386454183268,0.5990356195484292,0.1310644999417324,
Nicolas Jackson,Bayern Munich,Bundesliga,F M S,attack,Elite Finisher,8,1,991,23,0.7265388496468214,0.7712211364581354,3.451059535822401,0.2234737269678398,0.1897749970324044,1.5438950554994952,1.1837642895495737,0.2900630745127061,
Dzenan Pejcinovic,Wolfsburg,Bundesliga,F S,attack,Elite Finisher,8,0,1445,30,0.4982698961937716,0.5164212143067979,3.176470588235294,0.1625770489484364,0.1024871233940949,0.7474048442906575,0.6142374263902333,0.1090315874008571,
Mohammed Amoura,Wolfsburg,Bundesliga,F M S,attack,Elite Finisher,8,3,1949,30,0.3694202154951256,0.424774312168138,2.770651616213443,0.1533120619288335,0.1834449533462952,1.108260646485377,0.6909440599836834,0.2053485637871866,
Julian Brandt,Borussia Dortmund,Bundesliga,F M S,attack,Elite Dual-Threat,7,4,1601,29,0.3935040599625234,0.2869346644671204,2.136164896939413,0.1343223385414794,0.2975971832857476,1.6864459712679576,0.7658927669303072,0.3211018408670193,
Chris Führich,VfB Stuttgart,Bundesliga,F M S,attack,Elite Dual-Threat,7,7,1727,33,0.3647944412275622,0.2226161870719313,2.3451071221771858,0.0949279395242532,0.4079432554918352,2.553561088592936,0.9293326849390748,0.5250791513771422,
Ragnar Ache,FC Cologne,Bundesliga,F S,attack,Elite Finisher,7,4,1739,29,0.3622771707878091,0.5694239219846637,2.6912018401380102,0.2115872222930193,0.1537707953672596,1.4491086831512363,0.6710579976130999,0.1822715278183629,
Jakub Kaminski,FC Cologne,Bundesliga,D F M,attack,Link-Up Forward,7,3,3031,34,0.207852193995381,0.2365498185767391,1.8409765753876608,0.1284914874742108,0.1659641884075596,1.4846585285384362,0.5474542755620073,0.2799452844231642,
Karim Adeyemi,Borussia Dortmund,Bundesliga,F M S,attack,Elite Finisher,7,4,1218,28,0.5172413793103449,0.3853611567337525,2.29064039408867,0.1682329350902188,0.2555245127565608,1.1822660098522166,0.8822915071777523,0.3026015180268604,
Fábio Vieira,Hamburger SV,Bundesliga,F M S,attack,Link-Up Forward,7,5,2241,29,0.2811244979919678,0.166138336623469,2.3694779116465865,0.070116009863125,0.1862912062914615,1.566265060240964,0.4939268225706724,0.2191135074838577,
Michael Gregoritsch,Augsburg,Bundesliga,F S,attack,Elite Finisher,6,2,926,17,0.5831533477321814,0.5304435829050662,2.8185745140388767,0.1881956926322188,0.1475837652130981,0.6803455723542117,0.6750256446699087,0.2141004174617853,
Oliver Burke,Union Berlin,Bundesliga,F M S,attack,Lower-Tier Finisher,6,2,1699,29,0.3178340200117716,0.3198120138855139,1.8010594467333725,0.1775688273174797,0.1213171968281514,1.2183637433784578,0.4919637892046628,0.0958630695868899,
Arnaud Kalimuendo Muinga,Eintracht Frankfurt,Bundesliga,F M S,attack,Lower-Tier Finisher,6,1,1431,19,0.3773584905660377,0.3069142322495298,1.8867924528301887,0.1626645430922508,0.1004714731993915,1.3836477987421385,0.4731668651385127,0.129105740068656,
Anton Kade,Augsburg,Bundesliga,D F M S,attack,Lower-Tier Finisher,6,0,1740,28,0.3103448275862069,0.3471875701677696,2.4827586206896552,0.1398394379842405,0.1600447524467418,1.293103448275862,0.5646535733650471,0.0953231158762656,
Phillip Tietz,"Augsburg,Mainz 05",Bundesliga,F S,attack,Elite Finisher,6,2,1811,29,0.2981778023191607,0.538747768585834,2.534511319712866,0.2125647513962844,0.0954738950222105,0.9442297073440088,0.7532137652528939,0.2079098593610251,
Fabian Rieder,Augsburg,Bundesliga,D F M S,attack,Link-Up Forward,6,3,2387,32,0.22622538751571,0.0999505344971821,1.4327607875994974,0.0697607970306355,0.202662861528703,1.6589861751152073,0.4385592301064422,0.2447473554617198,
Budu Zivzivadze,FC Heidenheim,Bundesliga,F S,attack,Lower-Tier Finisher,6,0,1148,20,0.470383275261324,0.4562699125644844,2.1951219512195124,0.2078562935015984,0.0712345532735465,0.5487804878048781,0.4495383605672507,0.0594524542706976,
Alexis Claude Maurice,Augsburg,Bundesliga,F M S,attack,Link-Up Forward,5,4,2135,29,0.2107728337236534,0.2033316476021913,2.9929742388758784,0.0679363173130952,0.1355552244364377,1.3489461358313817,0.4581938597005061,0.2247908842516517,
Rayan Philippe,Hamburger SV,Bundesliga,F M S,attack,Lower-Tier Finisher,5,0,1272,28,0.3537735849056603,0.3458687788718995,2.759433962264151,0.125340480548449,0.0959780529352291,1.0613207547169812,0.4537994221713886,0.0885926099177801,
Marius Bülter,FC Cologne,Bundesliga,F M S,attack,Link-Up Forward,5,4,1578,32,0.2851711026615969,0.2269781813266273,2.3954372623574143,0.0947543836331793,0.2682790910194809,1.4828897338403042,0.5916990043715833,0.2179322608112722,
Ritsu Doan,Eintracht Frankfurt,Bundesliga,D F M S,attack,Link-Up Forward,5,5,2425,31,0.1855670103092783,0.1531247059401777,1.5216494845360826,0.1006307349335856,0.2418846361262282,1.447422680412371,0.5149345608024867,0.2578660540935612,
Tiago Tomás,VfB Stuttgart,Bundesliga,F M S,attack,Elite Finisher,5,3,996,27,0.4518072289156626,0.500030285084104,3.1626506024096384,0.1581048139504024,0.1137527162545775,0.993975903614458,0.7545318185766957,0.2423008653638233,
Justin Njinmah,Werder Bremen,Bundesliga,D F M S,attack,Lower-Tier Finisher,5,0,1963,33,0.2292409577177789,0.3107924139107209,2.842587875700459,0.109334320520922,0.0568424424671786,0.7794192562404484,0.5118080889744475,0.1473602136123547,
Andrej Ilic,Union Berlin,Bundesliga,F M S,attack,Lower-Tier Finisher,5,9,2238,32,0.2010723860589812,0.4164670810762583,2.855227882037534,0.1458612406022951,0.1911594667010029,1.206434316353887,0.5357499518519112,0.0959509974295627,
Danel Sinani,St. Pauli,Bundesliga,F M S,attack,Link-Up Forward,5,3,2080,30,0.2163461538461538,0.1503440143468861,2.1201923076923075,0.0709105555196197,0.1603241473427401,1.9471153846153848,0.4098272937206694,0.2266745679349137,
Bazoumana Touré,Hoffenheim,Bundesliga,D F M S,attack,Link-Up Forward,5,9,2379,30,0.189155107187894,0.1945194672595845,1.815889029003783,0.1071207899561462,0.2735000995573826,1.664564943253468,0.6103536309756592,0.2276492744336588,
Christian Kofane,Bayer Leverkusen,Bundesliga,F M S,attack,Elite Finisher,5,4,1231,29,0.3655564581640942,0.5882806193831004,3.363119415109667,0.1749211213672938,0.163954481721578,1.2428919577579205,0.817698652089659,0.1366514499525438,
Ilyas Ansah,Union Berlin,Bundesliga,F M S,attack,Lower-Tier Finisher,5,1,1960,33,0.2295918367346938,0.1756844439363221,1.5153061224489797,0.1159399023956873,0.0699035931302576,0.7806122448979592,0.3020289723989458,0.1369973769677537,
Ransford Königsdörffer,Hamburger SV,Bundesliga,F M S,attack,Lower-Tier Finisher,5,0,2425,33,0.1855670103092783,0.2724202847857143,2.4123711340206184,0.1129263573684371,0.0479904860258102,0.7422680412371134,0.3882028030442823,0.1042593481768038,
Nikolas Nartey,VfB Stuttgart,Bundesliga,F M S,attack,Elite Dual-Threat,4,3,1255,28,0.2868525896414343,0.3156433590943832,1.5776892430278886,0.2000668765977025,0.2405479964744522,1.7211155378486054,0.903164983181602,0.385009485189302,
Woo-Yeong Jeong,Union Berlin,Bundesliga,F M S,attack,Lower-Tier Finisher,4,1,1182,28,0.3045685279187817,0.204176302989803,1.6751269035532994,0.1218870657242157,0.0325234489146676,0.4568527918781725,0.317387505987574,0.1130312225464637,
Ansgar Knauff,Eintracht Frankfurt,Bundesliga,D F M S,attack,Link-Up Forward,4,1,1302,28,0.2764976958525346,0.2558085964863888,2.350230414746544,0.1088440498775419,0.2010507309972415,1.1751152073732718,0.6511647631049431,0.2709716427985424,
Romano Schmid,Werder Bremen,Bundesliga,F M,attack,Link-Up Forward,4,8,3004,34,0.1198402130492676,0.146944001078303,1.707723035952064,0.086046740592441,0.3078958283850648,2.6065246338215715,0.5362797191815473,0.2081128071805092,
Patrick Wimmer,Wolfsburg,Bundesliga,F M S,attack,Lower-Tier Finisher,4,3,1678,25,0.2145411203814064,0.1950928876653793,1.2872467222884385,0.1515582710659752,0.1206562618466362,0.8581644815256257,0.4464858581053362,0.1862555216160892,
Jae-Sung Lee,Mainz 05,Bundesliga,F M S,attack,Lower-Tier Finisher,4,2,2229,28,0.161507402422611,0.1704922164909411,1.2113055181695829,0.1407507965030769,0.1342967837236691,0.8882907133243607,0.400282428681369,0.1470611570340307,
Marvin Pieringer,FC Heidenheim,Bundesliga,F M S,attack,Lower-Tier Finisher,4,1,1689,27,0.2131438721136767,0.2692063637805663,1.7051509769094138,0.1578783154254779,0.1178113696683152,0.9058614564831262,0.423671306006703,0.1798603500754012,
Antonio Nusa,RasenBallsport Leipzig,Bundesliga,F M S,attack,Elite Dual-Threat,4,3,2048,31,0.17578125,0.228701942396583,2.6806640625,0.0853154058339165,0.2086755810069007,1.4501953125,0.7346721502744913,0.3536881851869111,
Bilal El Khannouss,VfB Stuttgart,Bundesliga,F M S,attack,Elite Dual-Threat,4,5,1654,25,0.2176541717049576,0.1682885234923233,2.285368802902056,0.0736373592212441,0.2870740638223748,2.3941958887545343,0.6144507837109042,0.2958609342367862,
Assan Ouédraogo,RasenBallsport Leipzig,Bundesliga,F M S,attack,Elite Dual-Threat,4,3,970,19,0.3711340206185567,0.2604592446353018,2.5051546391752577,0.1039693281054496,0.2793108636378935,1.2989690721649485,0.7731659844056847,0.5302412505309606,
Andréas Hountondji,St. Pauli,Bundesliga,F M S,attack,Lower-Tier Finisher,4,0,1092,21,0.3296703296703296,0.3462020547390189,1.7307692307692308,0.2000278538492109,0.0581715226807928,0.4945054945054945,0.3098407189699483,0.0092716111832267,
Jean-Luc Dompe,Hamburger SV,Bundesliga,F M S,attack,Link-Up Forward,3,0,1132,20,0.2385159010600707,0.1130637183847965,1.9876325088339224,0.0568836129829287,0.3216179418163671,2.6236749116607774,0.4272334013042096,0.1108702872435532,
Lucas Höler,Freiburg,Bundesliga,F M S,attack,Lower-Tier Finisher,3,1,2070,33,0.1304347826086956,0.2281018736893716,1.434782608695652,0.1589800937835014,0.090562579586454,1.0434782608695652,0.3590264394069495,0.113693427051539,
Sheraldo Becker,Mainz 05,Bundesliga,F S,attack,Elite Dual-Threat,3,3,975,14,0.2769230769230769,0.4449243699128811,2.6769230769230767,0.1662073795651567,0.3268921215946858,1.5692307692307692,0.984236433299688,0.2283364912638297,
Jan Thielmann,FC Cologne,Bundesliga,D F M S,attack,Link-Up Forward,3,1,1582,26,0.1706700379266751,0.1167361518219772,1.5360303413400758,0.0759985976059127,0.056789362727748,0.7964601769911505,0.405445731964372,0.2735137887176611,
Eren Sami Dinkci,"FC Heidenheim,Freiburg",Bundesliga,D F M S,attack,Lower-Tier Finisher,3,1,1401,22,0.1927194860813704,0.2644868351806282,1.8629550321199144,0.1419716689992567,0.0717579342057924,0.6423982869379015,0.4245474033967075,0.14994592655139,
Jean Négoce,Eintracht Frankfurt,Bundesliga,F M S,attack,Link-Up Forward,3,4,1322,27,0.2042360060514372,0.1481672888058104,1.97428139183056,0.0750487186978089,0.2734801211815648,2.1104387291981848,0.5868848073951416,0.2672884126057152,
Samuel Mbangula,Werder Bremen,Bundesliga,F M S,attack,Link-Up Forward,3,2,1160,26,0.2327586206896551,0.1425007853881809,1.3189655172413792,0.1080398111439802,0.0804516784204491,1.0862068965517242,0.3339241094052277,0.1480197984452262,
Marco Grüll,Werder Bremen,Bundesliga,F M S,attack,Link-Up Forward,3,1,2039,33,0.1324178518881804,0.1865088056303403,1.897989210397253,0.0982665257571741,0.1021064284781488,1.4565963707699852,0.4212393819812599,0.2181250916208383,
Shuto Machino,Borussia M.Gladbach,Bundesliga,F M S,attack,Lower-Tier Finisher,3,1,1046,32,0.2581261950286806,0.3284212317581272,2.1510516252390057,0.152679381519556,0.0932072137747793,1.2045889101338434,0.5177222337862245,0.1279709084461626,
Jens Castrop,Borussia M.Gladbach,Bundesliga,D F M S,attack,Lower-Tier Finisher,3,1,1613,26,0.1673899566026038,0.2399939719428206,1.6738995660260385,0.1433741765717665,0.0784294419937524,1.004339739615623,0.4826214779988255,0.2280239254739701,
Martijn Kaars,St. Pauli,Bundesliga,F S,attack,Lower-Tier Finisher,3,1,1331,29,0.2028549962434259,0.206033479293583,1.555221637866266,0.132478531854956,0.0905946949126015,0.67618332081142,0.418846228332794,0.2160312052029671,
Franck Honorat,Borussia M.Gladbach,Bundesliga,D F M S,attack,Link-Up Forward,2,6,2021,28,0.0890648193963384,0.039823783975406,0.7570509648688768,0.0526038349113043,0.3269451822604448,2.003958436417616,0.4065913763422591,0.1389846409947963,
Linton Maina,FC Cologne,Bundesliga,D F M S,attack,Link-Up Forward,2,0,1007,24,0.1787487586891757,0.1151905262467285,1.7874875868917577,0.0644426999613642,0.2846029440224052,1.519364448857994,0.5547045795256207,0.1802840901218732,
Pereira Lage,St. Pauli,Bundesliga,D F M S,attack,Lower-Tier Finisher,2,2,2067,28,0.0870827285921625,0.1928358495841005,1.872278664731495,0.1029952715995699,0.0898111659725276,1.0449927431059507,0.3011878084050727,0.0950041712844319,
Arijon Ibrahimovic,FC Heidenheim,Bundesliga,D F M S,attack,Link-Up Forward,2,4,2196,32,0.081967213114754,0.2011454399278173,1.926229508196721,0.1044244411540158,0.2773737874584364,2.295081967213115,0.5139371597009604,0.1484911064770011,
Farès Chaïbi,Eintracht Frankfurt,Bundesliga,D F M S,attack,Link-Up Forward,2,9,1822,28,0.0987925356750823,0.1741009018548512,1.7288693743139407,0.1007021724379488,0.2487123181223542,1.9758507135016468,0.547517957503199,0.2833874229214979,
Mert Kömür,Augsburg,Bundesliga,F M S,attack,Lower-Tier Finisher,2,4,1455,28,0.1237113402061855,0.2873507927066272,2.536082474226804,0.1133049873680603,0.1711429331413249,1.2989690721649485,0.4361561887043038,0.1089359431421941,
Mathias Honsak,FC Heidenheim,Bundesliga,F M S,attack,Lower-Tier Finisher,2,1,1263,27,0.1425178147268408,0.2364731841497211,2.209026128266033,0.1070486134699275,0.1030234389467222,0.7838479809976248,0.4350976991044654,0.1383022932145488,
Adam Daghim,Wolfsburg,Bundesliga,F M S,attack,Link-Up Forward,2,3,1328,27,0.1355421686746988,0.2106873502292816,1.8298192771084336,0.1151410704133687,0.2083748322490782,1.2198795180722892,0.6632503193904118,0.3019630876145359,
Marius Wolf,Augsburg,Bundesliga,D F M S,attack,Link-Up Forward,1,1,1002,29,0.0898203592814371,0.1539876374756237,1.2574850299401197,0.1224568355163293,0.3315682081271431,1.8862275449101795,0.3917170588127867,0.1260676163856587,
Benedict Hollerbach,Mainz 05,Bundesliga,F M S,attack,Lower-Tier Finisher,1,2,903,14,0.0996677740863787,0.2969192089110712,2.1926910299003324,0.1354131543670188,0.1875510579129786,0.3986710963455149,0.487226106449219,0.1305108412209143,
Joel Chima Fujita,St. Pauli,Bundesliga,F M S,attack,Link-Up Forward,1,3,2689,32,0.0334696913350687,0.047145924801419,1.0710301227222014,0.0440192332607694,0.1456877871427938,1.004090740052064,0.3239283067347082,0.1625390238117866,
Cameron Puertas,Werder Bremen,Bundesliga,F M S,attack,Link-Up Forward,1,2,1867,28,0.048205677557579,0.1070300106759306,1.7836100696304231,0.0600075164960848,0.1168211517794667,1.349758971612212,0.3399524602282794,0.2292526223914759,
Florian Neuhaus,Borussia M.Gladbach,Bundesliga,F M S,attack,Link-Up Forward,0,1,945,17,0.0,0.1326097468623802,2.095238095238096,0.0632910155479542,0.095487389536131,0.8571428571428572,0.4619631550851322,0.3228346581260363,
Lautaro Martínez,Inter,Serie_A,F S,attack,Elite Finisher,17,6,2205,30,0.6938775510204082,0.6995440820346074,3.755102040816327,0.1862916305418247,0.2567949123224433,1.5102040816326532,1.134129303450487,0.4001030655843871,
Donyell Malen,Roma,Serie_A,F,attack,Elite Finisher,14,2,1499,18,0.8405603735823883,0.7300574731596158,4.202801867911941,0.1737073257565498,0.0929680544935201,0.4803202134756504,0.8952272775830866,0.231518340411983,
Tasos Douvikas,Como,Serie_A,F S,attack,Elite Finisher,14,1,2279,38,0.5528740675734972,0.5690420318939227,2.566915313734094,0.2216832120831196,0.0885379772932448,0.9477841158402808,0.7132794753210672,0.1275705653167166,
Marcus Thuram,Inter,Serie_A,F S,attack,Elite Finisher,13,6,1933,29,0.6052767718572167,0.5538509714629634,3.445421624418003,0.1607498390147009,0.2080662536496981,1.3502327987584066,0.7652459945385159,0.1935384167185794,
Rasmus Højlund,Napoli,Serie_A,F S,attack,Elite Finisher,13,5,2784,33,0.4202586206896552,0.4057450407256918,1.9396551724137927,0.2091841098852455,0.1056238404145978,1.066810344827586,0.630819861704869,0.1490896379631334,
Nico Paz,Como,Serie_A,F M S,attack,Elite Dual-Threat,12,6,2905,35,0.3717728055077452,0.2286240663988557,3.7487091222030977,0.0609874116518527,0.2178823836083666,1.580034423407917,0.6119875347309084,0.2748899072626679,
Giovanni Simeone,Torino,Serie_A,F M S,attack,Elite Finisher,11,0,2273,32,0.4355477342718874,0.4427428848162995,3.088429388473384,0.1433553528757049,0.0735768854242757,0.9106907171139462,0.5563624390125196,0.0595749187206597,
Keinan Davis,Udinese,Serie_A,F S,attack,Lower-Tier Finisher,10,4,2106,30,0.4273504273504273,0.2925188438250468,2.1367521367521367,0.1368988189101219,0.1849446046906404,1.3247863247863247,0.5737307559475939,0.2207168475048154,
Federico Bonazzoli,Cremonese,Serie_A,F S,attack,Lower-Tier Finisher,10,1,2571,35,0.3500583430571762,0.2359205517263663,2.625437572928821,0.0898595168131093,0.0536563754942411,0.455075845974329,0.3584748909231645,0.1331597101160672,
Riccardo Orsolini,Bologna,Serie_A,F M S,attack,Lower-Tier Finisher,10,1,2146,35,0.4193849021435228,0.2651514166762977,3.438956197576887,0.077102295418338,0.071666541041499,1.0904007455731597,0.537255560868148,0.2811766905625041,
Gianluca Scamacca,Atalanta,Serie_A,F S,attack,Elite Finisher,10,1,1318,24,0.6828528072837633,0.501636592628878,3.8922610015174506,0.1288805124921757,0.0926380005152118,1.1608497723823976,0.6965787032243197,0.2528307102451013,
Kenan Yildiz,Juventus,Serie_A,F M S,attack,Elite Dual-Threat,10,6,2877,36,0.3128258602711157,0.2222499504444559,3.034410844629823,0.0732431967272279,0.3384898630931305,2.3774765380604794,0.7111772694027709,0.3201562514173195,
Nikola Krstovic,Atalanta,Serie_A,F S,attack,Elite Finisher,10,5,1781,33,0.5053340819764177,0.7921103921032301,5.002807411566535,0.158333177142071,0.1632536148808265,1.1622683885457608,0.9917671283616032,0.158986563050198,
Andrea Pinamonti,Sassuolo,Serie_A,F S,attack,Lower-Tier Finisher,9,3,2610,36,0.3103448275862069,0.3714958079287718,2.5172413793103448,0.1475805264374572,0.0614769330312465,0.5862068965517241,0.4139698353307,0.0736694105997167,
Rafael Leão,AC Milan,Serie_A,F S,attack,Elite Finisher,9,3,1874,29,0.4322305229455709,0.3880116097398476,3.0256136606189967,0.1282422851238931,0.2390454068984697,1.1045891141942368,0.7555901995097688,0.2322337820354686,
Mateo Pellegrino,Parma Calcio 1913,Serie_A,F S,attack,Lower-Tier Finisher,9,1,3012,37,0.2689243027888446,0.2733618438715093,2.181274900398406,0.1253220507977147,0.0639774187735144,0.6573705179282868,0.3355301354559086,0.0664605382751985,
Moise Kean,Fiorentina,Serie_A,F S,attack,Elite Finisher,8,1,2042,26,0.3525954946131244,0.6107266409182146,4.319294809010774,0.1413949887477317,0.0027768305219147,0.1322233104799216,0.5187385106490273,0.0372762014919729,
Domenico Berardi,Sassuolo,Serie_A,F M S,attack,Link-Up Forward,8,4,1995,26,0.3609022556390977,0.2029914183584147,1.8045112781954888,0.1124910776736214,0.2281928066920517,1.488721804511278,0.5879824373282884,0.3070371466919891,
Christian Pulisic,AC Milan,Serie_A,F S,attack,Elite Dual-Threat,8,4,1612,30,0.4466501240694789,0.4903868024720447,3.0148883374689825,0.1626550464166535,0.2813051400068343,2.1215880893300247,0.9085284225369986,0.3510867375603163,
Nikola Vlasic,Torino,Serie_A,F M S,attack,Link-Up Forward,8,3,3079,37,0.2338421565443325,0.1052765278118448,1.432283208834037,0.0735025916400612,0.1368101839533909,1.5784345566742448,0.4341848989868172,0.249359789599349,
Jamie Vardy,Cremonese,Serie_A,F S,attack,Lower-Tier Finisher,7,2,2120,29,0.2971698113207547,0.2666871054888756,1.2735849056603774,0.2093987643097837,0.0901539079177211,0.6367924528301887,0.4325968861966482,0.1137550544028856,
Christopher Nkunku,AC Milan,Serie_A,F S,attack,Elite Finisher,7,3,1343,32,0.4690990320178704,0.4110651939818864,1.943410275502606,0.2115174542213308,0.1081421220299253,1.0722263588979897,0.5844612644010307,0.167046062653844,
Armand Lauriente,Sassuolo,Serie_A,F M S,attack,Link-Up Forward,7,9,2655,38,0.2372881355932203,0.148889792009683,2.406779661016949,0.0618626600603612,0.288641675138625,1.830508474576271,0.5026332388742495,0.2646796556852631,
Dusan Vlahovic,Juventus,Serie_A,F S,attack,Elite Finisher,7,1,972,19,0.6481481481481481,0.6274381045390058,4.537037037037037,0.1382924801841074,0.1154758553538057,1.1111111111111112,0.7441155003659703,0.1459358461822072,
Sebastiano Esposito,Cagliari,Serie_A,F M S,attack,Link-Up Forward,7,5,2751,36,0.2290076335877862,0.1630245904349838,1.8647764449291169,0.0874231283209825,0.1824789037095177,2.322791712104689,0.3757821266400255,0.1558349609188126,
Lorenzo Colombo,Genoa,Serie_A,F S,attack,Lower-Tier Finisher,7,1,2373,38,0.2654867256637168,0.2986017811817367,2.5031605562579013,0.1192899034922999,0.0709979664463686,0.7206068268015171,0.3953423351520382,0.1233649348037131,
Gift Orban,Verona,Serie_A,F S,attack,Elite Finisher,7,2,2055,28,0.3065693430656934,0.4694940491042433,3.722627737226277,0.1261189896613359,0.110818802834536,0.9197080291970804,0.6647722650128994,0.1121407143336578,
Santiago Castro,Bologna,Serie_A,F S,attack,Lower-Tier Finisher,7,2,2381,35,0.2645947081058379,0.3136992505964726,2.381352372952541,0.1317315547919226,0.1032910730763299,1.0583788324233516,0.410819302181213,0.0593832673224104,
Stefano Moreo,Pisa,Serie_A,F M S,attack,Lower-Tier Finisher,7,1,2336,37,0.2696917808219178,0.1810636054660665,2.0034246575342465,0.0903770475146862,0.1366387039330494,0.8861301369863013,0.3822051935146677,0.1420427029170989,
Francesco Pio Esposito,Inter,Serie_A,F S,attack,Elite Finisher,7,3,1535,35,0.4104234527687296,0.5783754880949612,3.342019543973941,0.1730616713890381,0.1205869798308863,1.231270358306189,0.791572884720195,0.2108481057740578,
Che Adams,Torino,Serie_A,F M S,attack,Lower-Tier Finisher,6,2,1899,33,0.2843601895734597,0.3132513209612448,2.5118483412322274,0.1247094881562691,0.1521006806078256,1.1848341232227488,0.5847206130023535,0.1861170385368345,
Jonathan Christian David,Juventus,Serie_A,F S,attack,Elite Finisher,6,4,1784,35,0.3026905829596413,0.5399505393433429,2.0683856502242155,0.2610492580456704,0.2135109920848177,1.664798206278027,0.7266062588562495,0.2081276886969086,
Matìas Soulè Malvano,Roma,Serie_A,F M S,attack,Elite Dual-Threat,6,5,2207,33,0.2446760308110557,0.1907937024522945,2.120525600362483,0.0899747225026098,0.1817811807000602,1.835070231082918,0.6467076568215694,0.3874447327706409,
Martin Baturina,Como,Serie_A,F M S,attack,Elite Dual-Threat,6,3,1579,29,0.3419886003799873,0.1083586487843595,1.5959468017732743,0.067896153345438,0.3816671103257934,3.476884103863205,0.6759495669273994,0.4026243485335763,
Pedro,Lazio,Serie_A,F M S,attack,Link-Up Forward,5,2,954,29,0.4716981132075472,0.0689684112011542,2.0754716981132075,0.0332302344878288,0.2646914647259521,1.8867924528301887,0.348481083605087,0.154378795117702,
Nicolo Zaniolo,Udinese,Serie_A,F M S,attack,Link-Up Forward,5,6,2308,32,0.1949740034662045,0.2395806841526432,2.8076256499133447,0.0853321325654784,0.2219984974378019,1.988734835355286,0.469527198558599,0.1344995110891307,
Jens Odgaard,Bologna,Serie_A,F M S,attack,Lower-Tier Finisher,5,1,1391,26,0.3235082674335011,0.1765577756618313,2.264557872034508,0.0779656717287642,0.0605790673786577,0.9058231488138032,0.3877631502961143,0.2026756303579065,
Lameck Banda,Lecce,Serie_A,F M S,attack,Link-Up Forward,5,4,1768,32,0.254524886877828,0.1652371234943188,1.9343891402714928,0.0854208287537882,0.169401096919661,1.170814479638009,0.3881206811822917,0.1330413102652726,
Jurgen Ekkelenkamp,Udinese,Serie_A,F M S,attack,Lower-Tier Finisher,5,3,2234,31,0.2014324082363473,0.1905574357585653,1.3294538943598926,0.1433351217119982,0.1029334607848442,1.0877350044762757,0.4180830887176143,0.1560625654037445,
Albert Gudmundsson,Fiorentina,Serie_A,F M S,attack,Link-Up Forward,5,4,2290,33,0.1965065502183406,0.1383553530907006,1.6113537117903929,0.0858628072026299,0.1487481607750513,1.218340611353712,0.4261584074915627,0.2379371991267175,
Vitinha,Genoa,Serie_A,F M S,attack,Lower-Tier Finisher,5,1,2262,35,0.1989389920424403,0.2749017665202208,2.586206896551724,0.106295349721152,0.0866393449985538,0.636604774535809,0.3839617622620981,0.1053785529995549,
Arthur Atta,Udinese,Serie_A,F M S,attack,Link-Up Forward,5,3,2575,32,0.174757281553398,0.1480158394401513,1.992233009708738,0.0742964496215184,0.1137194713414872,1.188349514563107,0.5051136678283653,0.2867821027063629,
Gennaro Borrelli,Cagliari,Serie_A,F S,attack,Lower-Tier Finisher,5,1,1263,27,0.3562945368171021,0.3263629473427271,2.137767220902613,0.1526653342569867,0.0620516288954755,0.8551068883610452,0.4080134461193639,0.1848923271818356,
Gustav Isaksen,Lazio,Serie_A,F S,attack,Lower-Tier Finisher,5,1,1606,30,0.2801992528019925,0.303090529210151,2.6899128268991284,0.1126767106276626,0.0494469834113514,0.9526774595267746,0.4381109459283918,0.1425722665947909,
Ange-Yoan Bonny,Inter,Serie_A,F S,attack,Elite Finisher,5,4,1112,33,0.4046762589928057,0.37081110209106,1.7805755395683451,0.2082535078410398,0.2161671838508718,1.3758992805755397,0.783660305369136,0.2629781115076525,
Federico Bernardeschi,Bologna,Serie_A,F M S,attack,Elite Dual-Threat,4,2,1198,29,0.3005008347245409,0.1816499520105641,2.929883138564274,0.0619990434497594,0.2682193374737027,2.1786310517529217,0.6061164630679584,0.236995377039882,
Lorenzo Pellegrini,Roma,Serie_A,F M S,attack,Link-Up Forward,4,2,1508,24,0.2387267904509283,0.1941249455975008,1.909814323607427,0.1016459784586913,0.1789553066473503,1.7307692307692308,0.4521753181473646,0.2927609753673921,
Roberto Piccoli,Fiorentina,Serie_A,F S,attack,Lower-Tier Finisher,4,1,1653,32,0.2177858439201452,0.3717292536611241,2.558983666061706,0.1452644104732477,0.0864097254076962,0.8166969147005445,0.4520194177869065,0.0806397782763746,
M&#039;Bala Nzola,"Pisa,Sassuolo",Serie_A,F S,attack,Lower-Tier Finisher,4,1,1514,30,0.23778071334214,0.2992015332721734,2.318361955085865,0.1290572995367722,0.0736435105509888,1.1889035667107002,0.442345354391097,0.1008896566275384,
Matteo Cancellieri,Lazio,Serie_A,F M S,attack,Lower-Tier Finisher,4,3,1740,30,0.2068965517241379,0.2698774518894738,2.1206896551724137,0.127259286256825,0.099496893520499,0.9310344827586208,0.4474313058087538,0.0943024938701298,
Caleb Ekuban,Genoa,Serie_A,F M S,attack,Lower-Tier Finisher,4,1,944,31,0.3813559322033898,0.3929867388254379,2.764830508474577,0.1421377323567867,0.1192479796897051,1.048728813559322,0.4740019965822161,0.0561341122720169,
Kristian Thorstvedt,Sassuolo,Serie_A,F M S,attack,Link-Up Forward,4,4,2450,32,0.1469387755102041,0.2440967483636067,1.5795918367346935,0.1545315332017665,0.0965924385250831,1.1755102040816328,0.5924639504174797,0.3270761729123033,
Walid Cheddira,"Lecce,Sassuolo",Serie_A,F S,attack,Lower-Tier Finisher,4,1,1193,33,0.3017602682313495,0.3436674725667129,2.489522212908634,0.138045553795316,0.0457979242995768,0.8298407376362111,0.4440032022482928,0.1216622728273609,
Tijjani Noslin,Lazio,Serie_A,F S,attack,Elite Dual-Threat,4,2,1113,29,0.3234501347708895,0.3492697409411887,2.830188679245283,0.12340864179922,0.1930653863659284,1.3746630727762803,0.6990959443844795,0.2568867587235899,
Semih Kiliçsoy,Cagliari,Serie_A,F S,attack,Lower-Tier Finisher,4,0,973,22,0.3699897225077081,0.1899819603746896,1.5724563206577593,0.1208185931010281,0.0361496025078067,1.0174717368961972,0.2766721362663473,0.0969919502804053,
Nikola Stulic,Lecce,Serie_A,F S,attack,Lower-Tier Finisher,4,0,1713,34,0.2101576182136602,0.2474616229250348,1.733800350262697,0.1427278653436312,0.1103612913174355,1.0507880910683012,0.3292202629351209,0.0707227395824605,
Kieron Bowie,Verona,Serie_A,F,attack,Lower-Tier Finisher,4,0,1211,14,0.2972749793559042,0.3046549406920849,2.4525185796862097,0.1242212569623282,0.0327674124134561,0.8918249380677126,0.3803514180555755,0.0613180123358768,
Ruben Loftus-Cheek,AC Milan,Serie_A,F M S,attack,Lower-Tier Finisher,3,1,1122,28,0.2406417112299465,0.3320337970178316,2.3262032085561497,0.1427363679134126,0.0835197529491575,0.8021390374331551,0.5883707770988106,0.3559211924433071,
Duván Zapata,Torino,Serie_A,F S,attack,Lower-Tier Finisher,3,1,1088,28,0.2481617647058823,0.3012138935874271,2.8125,0.1070982732755296,0.2217247039045426,0.8272058823529412,0.4962674578692873,0.0453199993182138,
Mattia Zaccagni,Lazio,Serie_A,F M,attack,Lower-Tier Finisher,3,0,2127,26,0.1269393511988716,0.2379073683114667,1.438645980253879,0.1653689452282646,0.1180195443763046,1.4809590973201692,0.3985408202801503,0.1759534632742447,
Nicolò Cambiaghi,Bologna,Serie_A,F M S,attack,Link-Up Forward,3,4,1510,28,0.1788079470198675,0.1738488794372275,1.4304635761589404,0.1215332444213951,0.1806100036899577,1.0728476821192054,0.3968702984097975,0.1090674627300919,
Alexis Saelemaekers,AC Milan,Serie_A,D F M S,attack,Link-Up Forward,3,3,2819,35,0.0957786449095423,0.1148766895267833,1.372827243703441,0.0836789115700264,0.1528604886732115,1.6920893934019157,0.5812750422667002,0.3533525490534035,
Jonathan Rowe,Bologna,Serie_A,F M S,attack,Lower-Tier Finisher,3,2,1612,28,0.1674937965260546,0.277876952841009,2.679900744416873,0.1036892703656728,0.1507250396604129,1.1724565756823822,0.4596361164904891,0.0771627192692854,
Charles De Ketelaere,Atalanta,Serie_A,F M S,attack,Elite Dual-Threat,3,5,2206,31,0.1223934723481414,0.1854655436212272,1.8766999093381689,0.0988253597170114,0.434604811221226,2.611060743427017,0.8089793564841247,0.3092952150300969,
Jeff Ekhator,Genoa,Serie_A,F M S,attack,Lower-Tier Finisher,3,0,930,30,0.2903225806451613,0.3084973933235291,1.935483870967742,0.1593903198838234,0.0841387252533628,0.967741935483871,0.469093789977412,0.124898113851105,
David Neres,Napoli,Serie_A,F M S,attack,Elite Dual-Threat,3,3,932,16,0.2896995708154506,0.1433584261126017,1.6416309012875536,0.0873268321156501,0.3656109546355167,1.834763948497854,0.709996627755623,0.3445541227532175,
Francisco Conceição,Juventus,Serie_A,D F M S,attack,Elite Dual-Threat,3,5,2124,31,0.1271186440677966,0.3596504627711187,3.0932203389830506,0.1162705605671013,0.1764154940906722,1.779661016949153,0.7940745402238,0.4038117857555211,
Giovane,"Napoli,Verona",Serie_A,F M S,attack,Link-Up Forward,3,5,1873,33,0.1441537640149492,0.2051463702796012,2.6908702616123867,0.0762379268916057,0.2093789263569252,1.5376401494927925,0.423381137316057,0.114881892027746,
Paulo Dybala,Roma,Serie_A,F M S,attack,Elite Dual-Threat,2,6,1360,22,0.1323529411764706,0.3655465716660461,2.8455882352941178,0.1284608107146828,0.4211066054207656,3.6397058823529416,0.7554932961185626,0.2237326133694938,
Matteo Politano,Napoli,Serie_A,D F M S,attack,Link-Up Forward,2,6,2249,34,0.0800355713650511,0.1254086568040575,1.9608714984437527,0.0639555712363549,0.2242684797638519,1.4806580702534462,0.5193237933587397,0.3284234648405604,
Gianluca Gaetano,Cagliari,Serie_A,F M S,attack,Link-Up Forward,2,4,1920,33,0.09375,0.0935736423562048,1.59375,0.0587128736352657,0.1038212767598452,1.265625,0.3603295914799673,0.2646861828980036,
Gabriel Strefezza,Parma Calcio 1913,Serie_A,F S,attack,Link-Up Forward,2,2,1026,14,0.175438596491228,0.0926536640250369,2.1052631578947367,0.0440104904118925,0.0938050518335218,1.1403508771929824,0.259076537270295,0.1855164583314929,
Daniel Maldini,"Atalanta,Lazio",Serie_A,F M S,attack,Lower-Tier Finisher,2,1,944,21,0.1906779661016949,0.2681984596538468,2.192796610169492,0.1223088627600151,0.1131784027122687,1.048728813559322,0.4485807923789499,0.1664631946162336,
Mergim Vojvoda,Como,Serie_A,D F M S,attack,Link-Up Forward,2,2,1602,30,0.1123595505617977,0.0826460249680146,1.0112359550561798,0.0817277358017034,0.1738350525017032,1.6292134831460674,0.4449179636712154,0.2711608919597576,
Matteo Tramoni,Pisa,Serie_A,F M S,attack,Link-Up Forward,2,2,1630,27,0.1104294478527607,0.1353889549825272,1.5460122699386505,0.0875730145323489,0.1592668262053212,1.5460122699386505,0.3926040702985108,0.1672286455136683,
Cristian Volpato,Sassuolo,Serie_A,F M S,attack,Link-Up Forward,2,4,1060,24,0.1698113207547169,0.1485018712064286,1.7830188679245282,0.0832867637454044,0.2458926244146841,1.9528301886792447,0.5248184283879006,0.1921777244973576,
Michael Folorunsho,Cagliari,Serie_A,D F M S,attack,Lower-Tier Finisher,2,0,2032,27,0.0885826771653543,0.1305331065279145,1.594488188976378,0.0818652075508402,0.0418096800897578,0.6200787401574803,0.2327252130297298,0.1190779372677573,
Henrik Meister,Pisa,Serie_A,F S,attack,Lower-Tier Finisher,2,0,1494,28,0.1204819277108433,0.3203938458204628,1.2048192771084336,0.2659268920309842,0.0391413242253194,0.3012048192771084,0.4413406816816114,0.0830506325800375,
Alieu Fadera,Sassuolo,Serie_A,F S,attack,Lower-Tier Finisher,2,1,959,28,0.1876955161626694,0.2216673400000561,1.2200208550573517,0.1816914350940631,0.0824751932566307,0.656934306569343,0.3792788696449106,0.165685350939678,
Jesús Rodriguez,Como,Serie_A,F M S,attack,Elite Dual-Threat,2,9,1728,31,0.1041666666666666,0.2042422458180226,2.34375,0.0871433582156896,0.3630893704636643,1.875,0.7238029676955194,0.2331083147631338,
Antonio Sanabria,Cremonese,Serie_A,F S,attack,Lower-Tier Finisher,1,1,921,25,0.0977198697068403,0.2912000304615847,1.1726384364820848,0.2483289148658514,0.1938570973976038,0.5863192182410424,0.387943696036498,0.0363217571489391,
Patrick Cutrone,Parma Calcio 1913,Serie_A,F S,attack,Lower-Tier Finisher,1,0,908,15,0.0991189427312775,0.3242598438639571,2.4779735682819384,0.1308568614348769,0.0653262883588868,0.2973568281938326,0.3963928898726692,0.0819025869124327,
Riccardo Sottil,Lecce,Serie_A,F M S,attack,Link-Up Forward,1,2,1078,21,0.0834879406307977,0.0631960391555956,1.6697588126159555,0.0378474056720733,0.3253455126592423,2.0037105751391464,0.1758871397179773,0.0659103766740308,
Boulaye Dia,Lazio,Serie_A,F M S,attack,Lower-Tier Finisher,1,2,1257,27,0.071599045346062,0.1931863003421512,0.8591885441527447,0.2248473884537816,0.122591442470761,1.0739856801909309,0.3832475727241762,0.1831471988917962,
Eljif Elmas,Napoli,Serie_A,F M S,attack,Link-Up Forward,1,3,1791,33,0.050251256281407,0.182999412730411,1.3567839195979898,0.13487734493834,0.0880490964624899,1.206030150753769,0.4115691060322013,0.2073609393707771,
Jack Harrison,Fiorentina,Serie_A,D F M S,attack,Link-Up Forward,1,3,983,15,0.091556459816887,0.0840034839789082,1.190233977619532,0.0705772861121938,0.1220245409040642,1.3733468972533065,0.4979277212297807,0.3478226564741207,
Fabiano Parisi,Fiorentina,Serie_A,D F M S,attack,Link-Up Forward,1,1,1550,23,0.0580645161290322,0.0756141166473108,1.3935483870967742,0.0542601300015424,0.1114194863746243,1.103225806451613,0.3941516587450619,0.2592270409748439,
Abdou Harroui,Verona,Serie_A,F M S,attack,Link-Up Forward,1,0,908,23,0.0991189427312775,0.0408531630633292,1.1894273127753303,0.0343469185754656,0.0680555344819776,1.3876651982378854,0.3615409748409239,0.2678207580168374,
Cyril Ngonge,Torino,Serie_A,F S,attack,Lower-Tier Finisher,1,1,987,20,0.0911854103343465,0.2519040487955769,2.188449848024316,0.1151061556302011,0.0512807329374968,1.094224924012158,0.4315380138376201,0.1454986963919321,
Marco Palestra,Cagliari,Serie_A,D F M S,attack,Link-Up Forward,1,4,3087,37,0.0291545189504373,0.0481990720729178,0.8454810495626822,0.0570078680034855,0.1282085611894944,0.932944606413994,0.246182138659603,0.1129266627013422,
Santiago Pierotti,Lecce,Serie_A,F M S,attack,Lower-Tier Finisher,1,2,2661,37,0.0338218714768883,0.1274813368303329,1.0822998872604284,0.1177874435088597,0.0880506836936264,0.7440811724915445,0.2481047769120171,0.080577034824512,
Álvaro Morata,Como,Serie_A,F S,attack,Lower-Tier Finisher,0,1,917,26,0.0,0.4072443790928813,2.257360959651036,0.1804072925739962,0.0762744737238569,0.9814612868047984,0.3605843540748242,0.0642871515746172,
Amin Sarr,Verona,Serie_A,F M S,attack,Link-Up Forward,0,1,1046,34,0.0,0.1391604028456981,1.6347992351816445,0.0851238487582457,0.1179032487684351,1.2906309751434033,0.3571176887035768,0.1648221550470157,
Santiago Giménez,AC Milan,Serie_A,F S,attack,Lower-Tier Finisher,0,1,905,16,0.0,0.3768535519008478,2.685082872928177,0.1403508084239783,0.0545063989844111,0.3977900552486188,0.4287907454848948,0.1191886645942432,
Esteban Lepaul,"Angers,Rennes",Ligue_1,F S,attack,Elite Finisher,21,5,2761,34,0.6845345889170591,0.4138003462269141,2.835929011227816,0.1459135065047905,0.1103484129944019,0.7497283592901123,0.5546219331070332,0.1304314287675545,
Mason Greenwood,Marseille,Ligue_1,F M S,attack,Elite Dual-Threat,16,7,2503,32,0.575309628445865,0.2968735915217645,4.170994806232521,0.0711757279290207,0.2747944237190308,2.0135836995605274,0.8376663824029139,0.4524112087787924,
Joaquín Panichelli,Strasbourg,Ligue_1,F M S,attack,Elite Finisher,16,1,2202,27,0.6539509536784741,0.4150716841159952,2.370572207084469,0.1750934575523795,0.1206733662716293,0.8583106267029973,0.5985948816449342,0.1583284061473137,
Folarin Balogun,Monaco,Ligue_1,F S,attack,Elite Finisher,13,4,2281,30,0.512932924156072,0.4661196175552757,3.038141166155195,0.1534226331376023,0.165336451467481,0.9469530907496712,0.6303465823328114,0.0775227491882274,
Odsonne Edouard,Lens,Ligue_1,F S,attack,Elite Finisher,12,3,1879,29,0.5747738158594997,0.6026491028925344,2.8738690792974984,0.2096995674694577,0.100536892292679,0.9579563597658328,0.7238693005182819,0.1557515743979118,
Lassine Sinayoko,Auxerre,Ligue_1,F M,attack,Lower-Tier Finisher,12,4,2811,32,0.384204909284952,0.3385050264420733,2.977588046958378,0.1136843045792913,0.1583640704283306,1.28068303094984,0.4880169762364065,0.0985786708900774,
Corentin Tolisso,Lyon,Ligue_1,F M S,attack,Elite Dual-Threat,11,4,2319,30,0.426908150064683,0.3212147264863047,2.095730918499353,0.1532709775147614,0.1754620276213193,1.2807244501940491,0.766067379316915,0.3904233018917068,
Anssumane Fati,Monaco,Ligue_1,F M S,attack,Elite Finisher,11,0,1058,25,0.9357277882797732,0.7016389272290164,3.657844990548204,0.191817567185607,0.1618208299568785,1.275992438563327,1.1006890235922964,0.3432941026915224,
Bradley Barcola,Paris Saint Germain,Ligue_1,F S,attack,Elite Finisher,11,1,1778,29,0.5568053993250843,0.5900100769875288,3.340832395950506,0.176605709913102,0.2421252572169387,1.923509561304837,1.0465898060452514,0.3848010438512194,
Pierre-Emerick Aubameyang,Marseille,Ligue_1,F M S,attack,Elite Finisher,10,5,2074,30,0.4339440694310511,0.6737361408198898,2.6036644165863065,0.2587645844556391,0.2229146668781762,1.171648987463838,0.8926976468457176,0.1609439088396275,
Ousmane Dembélé,Paris Saint Germain,Ligue_1,F S,attack,Elite Dual-Threat,10,7,1050,22,0.8571428571428572,0.3706813873989241,3.857142857142857,0.0961025819182395,0.4463559789316995,3.5142857142857142,0.875224263540336,0.3831461702074323,
Ahmadou Bamba Dieng,Lorient,Ligue_1,F S,attack,Elite Finisher,10,1,1239,22,0.7263922518159805,0.577786142326729,3.2687651331719128,0.1767597605784734,0.0835596045059745,0.7990314769975787,0.5245866391077169,0.1084338957511483,
Pablo Pagis,Lorient,Ligue_1,F M S,attack,Elite Dual-Threat,10,5,1799,28,0.500277932184547,0.3134904299169497,2.951639799888828,0.1062089045989816,0.2376896787585981,2.151195108393552,0.5088831172358367,0.1448732477226079,
Pavel Sulc,Lyon,Ligue_1,F M S,attack,Elite Finisher,10,3,1562,27,0.5761843790012804,0.4725248572415411,2.535211267605634,0.1863848048008301,0.1987438098731404,1.267605633802817,0.8510356406453476,0.3130391697791642,
Romain Del Castillo,Brest,Ligue_1,F M,attack,Link-Up Forward,9,3,2686,32,0.3015636634400596,0.0772429035445335,1.139240506329114,0.0678021042224238,0.2201387987902758,1.8428890543559195,0.4282001748387039,0.2067360424069786,
Breel Embolo,Rennes,Ligue_1,F S,attack,Elite Finisher,9,3,1870,31,0.4331550802139037,0.4348613546593463,1.9732620320855616,0.2203768924696416,0.070546150840022,0.7219251336898397,0.5687522786086734,0.1836187496363001,
Ilan Kebbal,Paris FC,Ligue_1,F M S,attack,Link-Up Forward,9,4,2247,29,0.3604806408544727,0.1266319015733549,2.0026702269692924,0.0632315295189619,0.2008251151012801,2.403204272363151,0.5505909344979695,0.3025420340591263,
Gauthier Hein,Metz,Ligue_1,F M S,attack,Link-Up Forward,8,7,2355,29,0.3057324840764331,0.1320657343336731,1.681528662420382,0.0785390920090404,0.1703676354306139,2.21656050955414,0.3590190510271461,0.1599528454006857,
Amine Gouiri,Marseille,Ligue_1,F M S,attack,Elite Finisher,8,3,1318,22,0.5462822458270107,0.4941853289866935,2.5948406676783,0.1904491998843456,0.2723599318273603,2.2534142640364188,0.7680801488176464,0.1927188720853719,
Sofiane Diop,Nice,Ligue_1,F M S,attack,Lower-Tier Finisher,8,2,2191,33,0.3286170698311273,0.273724555134406,2.2181652213601097,0.1234013375101818,0.1470366185203718,1.478776814240073,0.5689217873718478,0.2227352970266576,
Yann Gboho,Toulouse,Ligue_1,F M S,attack,Link-Up Forward,8,4,2709,32,0.2657807308970099,0.187576084685484,1.9269102990033224,0.097345519810915,0.137792940180365,1.893687707641196,0.4395658279648453,0.1704112444060585,
Ludovic Ajorque,Brest,Ligue_1,F,attack,Lower-Tier Finisher,8,9,2834,32,0.2540578687367678,0.3130117254877225,1.746647847565279,0.1792071171782233,0.1212347267706922,1.302046577275935,0.5214164884736,0.1621453675008316,
Khvicha Kvaratskhelia,Paris Saint Germain,Ligue_1,F S,attack,Elite Dual-Threat,8,4,1477,28,0.4874746106973595,0.439833435951937,3.960731211916046,0.1110485444275232,0.3499461433263187,2.0717670954637777,1.0413053402010055,0.5387912682568454,
Hákon Haraldsson,Lille,Ligue_1,F M S,attack,Elite Dual-Threat,8,2,2517,32,0.2860548271752086,0.2930879635743006,1.7878426698450536,0.1639338676258921,0.1620025157093717,1.8951132300357567,0.6753289489535099,0.3264581359461109,
Issa Soumaré,Le Havre,Ligue_1,F M S,attack,Lower-Tier Finisher,8,5,2942,34,0.2447314751869476,0.3660273823012134,2.355540448674371,0.1553899796147431,0.1340031546346189,0.8871515975526852,0.4967984232486794,0.1059093358112913,
Matias Fernandez-Pardo,Lille,Ligue_1,F M S,attack,Lower-Tier Finisher,8,5,2408,29,0.2990033222591362,0.3584917342797714,2.5415282392026577,0.1410536104813218,0.1814591712929444,1.345514950166113,0.634508785788601,0.2304930737175579,
Olivier Giroud,Lille,Ligue_1,F S,attack,Lower-Tier Finisher,7,1,1610,30,0.391304347826087,0.3258382030155348,2.291925465838509,0.1421678880365883,0.1035036837092097,1.0062111801242235,0.5032319291870786,0.1207258869656679,
Désiré Doué,Paris Saint Germain,Ligue_1,F M S,attack,Elite Dual-Threat,7,4,1372,23,0.4591836734693877,0.4872537659530041,3.607871720116618,0.1350529630075801,0.2527229157452941,1.9023323615160348,0.9890934979168388,0.4270861957645799,
Emersonn,Toulouse,Ligue_1,F S,attack,Lower-Tier Finisher,7,2,1607,28,0.3920348475420038,0.4152789679845632,2.8562538892345986,0.145392876154944,0.1052231093093187,1.0640945861854387,0.4575103831401543,0.0833679733400342,
Matthis Abline,Nantes,Ligue_1,F M S,attack,Lower-Tier Finisher,6,4,2591,33,0.2084137398687765,0.2654399253163431,2.952527981474334,0.0899025943130254,0.1419244386652568,1.0420686993438826,0.4271615335278555,0.1344080193709425,
Maghnes Akliouche,Monaco,Ligue_1,F M S,attack,Link-Up Forward,6,6,2430,31,0.2222222222222222,0.2449874394331817,1.7777777777777777,0.1378054346811647,0.1983422283773069,1.6296296296296295,0.7024875274962848,0.3078784463168294,
Gonçalo Ramos,Paris Saint Germain,Ligue_1,F S,attack,Elite Finisher,6,1,1293,30,0.4176334106728538,0.5461618041926498,4.037122969837587,0.135284906670708,0.1067733062591118,1.183294663573086,0.550655469281076,0.2159264007812309,
Mousa Al Tamari,Rennes,Ligue_1,D F M S,attack,Link-Up Forward,6,6,2265,33,0.23841059602649,0.1711399625148007,2.543046357615894,0.0672972248430596,0.1733589945916111,1.3509933774834435,0.5363804450789035,0.2288662239119706,
Ludovic Blas,Rennes,Ligue_1,D F M S,attack,Elite Dual-Threat,5,4,1521,32,0.2958579881656805,0.1907731016778205,2.7810650887573964,0.0685971365607482,0.4129635163489178,2.840236686390533,0.7758011538314925,0.3882939691418374,
Willem Geubbels,Paris FC,Ligue_1,F S,attack,Lower-Tier Finisher,5,0,1013,24,0.4442250740375123,0.4533692739852442,2.665350444225074,0.1700974350174268,0.0481053753245735,0.6219151036525173,0.5289619587369168,0.0812162028814997,
Eric Junior Dina Ebimbe,Brest,Ligue_1,D F M S,attack,Lower-Tier Finisher,5,0,1161,27,0.3875968992248062,0.3393273550814898,2.0930232558139537,0.1621230696500451,0.0925867320146671,0.6201550387596899,0.4035781959230586,0.1112216563765392,
Sepe Elye Wahi,Nice,Ligue_1,F S,attack,Lower-Tier Finisher,5,1,937,14,0.48025613660619,0.3337387405455175,2.2091782283884736,0.1510691786913768,0.0766689727518194,0.768409818569904,0.4656831060586896,0.1010656571502746,
Kamory Doumbia,Brest,Ligue_1,F M S,attack,Link-Up Forward,5,4,1805,24,0.2493074792243767,0.2492065151838632,2.14404432132964,0.1162319793041015,0.2216914479628494,1.3462603878116344,0.6456226455537896,0.2445475349816754,
Frank Magri,Toulouse,Ligue_1,F M S,attack,Lower-Tier Finisher,5,1,1297,17,0.3469545104086353,0.2384416205821445,2.2898997686969933,0.1041275359915964,0.0581705893491127,0.9714726291441788,0.2416666832651279,0.0748774012063867,
Remy Labeau Lascary,Brest,Ligue_1,F M S,attack,Elite Finisher,5,1,1177,27,0.3823279524214104,0.4082838491478914,2.59983007646559,0.1570425132179961,0.203182016489054,0.9940526762956668,0.6555287746005172,0.1278637080099639,
Aiyegun Tosin,Lorient,Ligue_1,F M S,attack,Elite Finisher,5,0,1068,27,0.4213483146067416,0.4952272923998115,2.528089887640449,0.195889906771481,0.0873160656290442,0.9269662921348314,0.5261375216160263,0.0362626619092869,
Endrick,Lyon,Ligue_1,F M S,attack,Elite Dual-Threat,5,7,1248,16,0.360576923076923,0.4121571122400033,3.5336538461538463,0.1166376589740417,0.3279770479107705,2.1634615384615388,0.8036526308681529,0.156926942201188,
Prosper Peter,Angers,Ligue_1,F S,attack,Lower-Tier Finisher,5,0,1257,29,0.3579952267303102,0.4349167887254803,1.6467780429594274,0.2641016441680815,0.0643228795068218,0.7875894988066825,0.5293408815964594,0.0405820441123338,
Alimami Gory,Paris FC,Ligue_1,D F M S,attack,Lower-Tier Finisher,5,1,959,24,0.4692387904066736,0.3651805404997096,1.7831074035453598,0.2048000809001295,0.0630125962392008,0.4692387904066736,0.4691623941227033,0.0939910554126045,
Jean-Victor Makengo,Lorient,Ligue_1,F M S,attack,Link-Up Forward,4,2,1842,31,0.1954397394136807,0.1656838398159812,1.905537459283388,0.0869486133735149,0.0934321998318214,1.270358306188925,0.3228136302800151,0.1929264626062265,
Habib Diallo,Metz,Ligue_1,F S,attack,Lower-Tier Finisher,4,1,1908,25,0.1886792452830188,0.2437755089464052,1.7924528301886793,0.136001073412205,0.0350591655434021,0.5660377358490566,0.3044779304819146,0.0804388397900422,
Marshall Munetsi,Paris FC,Ligue_1,F M S,attack,Lower-Tier Finisher,4,1,985,15,0.3654822335025381,0.3784851021875585,1.736040609137056,0.2180162723127164,0.0769333682084446,0.6395939086294417,0.3849092596376002,0.1481643151208229,
Mohamed Ali-Cho,Nice,Ligue_1,F M S,attack,Link-Up Forward,4,3,1717,24,0.209668025626092,0.2242896000946339,1.6773442050087362,0.1337170983897522,0.1844592260584087,1.2055911473500291,0.5075786956821894,0.2434220847260938,
Nuno Mendes,Paris Saint Germain,Ligue_1,D F S,attack,Elite Dual-Threat,4,5,1251,20,0.2877697841726618,0.2194278740839992,2.158273381294964,0.1016682483255863,0.3636887756665405,2.0863309352517985,0.8376557200396662,0.667017689175743,
Mostafa Mohamed,Nantes,Ligue_1,F S,attack,Lower-Tier Finisher,4,0,1152,24,0.3125,0.2358458320668433,2.65625,0.0887890191310468,0.0889751139038708,0.703125,0.2321671627578325,0.0172688813472632,
Rassoul Ndiaye,Le Havre,Ligue_1,F M S,attack,Link-Up Forward,4,4,2600,33,0.1384615384615384,0.1066386228642211,1.176923076923077,0.0906079802114297,0.0962796268698114,1.0038461538461538,0.3239110748856686,0.1710368007922975,
Aron Dønnum,Toulouse,Ligue_1,D F M,attack,Link-Up Forward,4,4,2438,28,0.14766201804758,0.0857766617129238,1.4766201804758,0.05808986146003,0.2321641075549382,2.3256767842493846,0.4143345518797098,0.2199084868263438,
Senny Mayulu,Paris Saint Germain,Ligue_1,D F M S,attack,Link-Up Forward,4,4,1704,26,0.2112676056338028,0.2544747359237411,1.8485915492957747,0.1376587142901761,0.2123416098766029,2.059859154929577,0.6138824457368276,0.270590989286421,
Sidiki Chérif,Angers,Ligue_1,F M S,attack,Lower-Tier Finisher,4,0,1187,19,0.3032855939342881,0.2144522103147539,2.122999157540017,0.1010137990649257,0.0456473297536021,0.3791069924178601,0.4317998810786606,0.1931414341910255,
Afonso Moreira,Lyon,Ligue_1,D F M S,attack,Elite Dual-Threat,4,7,1695,27,0.2123893805309734,0.1678524172279687,2.1238938053097343,0.0790305131115019,0.3147243392381784,1.6991150442477876,0.7027805364171489,0.2979546260517255,
Santiago Hidalgo,Toulouse,Ligue_1,F M S,attack,Lower-Tier Finisher,4,6,1387,29,0.2595529920692141,0.2790865720274557,2.20620043258832,0.1265010050333598,0.1766788274004099,0.8435472242249459,0.4515116997788342,0.1358915789411406,
Youssef El-Arabi,Nantes,Ligue_1,F S,attack,Lower-Tier Finisher,3,0,943,25,0.2863202545068929,0.3287797917395609,1.4316012725344642,0.2296587730447451,0.0542867060628258,0.8589607635206787,0.2596719899192089,0.0477271310368815,
Jonathan Ikone,Paris FC,Ligue_1,F M S,attack,Lower-Tier Finisher,3,1,1107,23,0.2439024390243902,0.2953574185570081,2.032520325203252,0.145315849930048,0.2061465615785218,1.1382113821138211,0.5965326214587785,0.1797369151277755,
Ignatius Ganago,Nantes,Ligue_1,F M S,attack,Lower-Tier Finisher,3,1,934,14,0.2890792291220557,0.2643292183076416,2.21627408993576,0.1192673864248006,0.0788141438454325,0.6745182012847966,0.3803087678404895,0.1541968259154729,
Moses Simon,Paris FC,Ligue_1,F M S,attack,Link-Up Forward,3,3,2062,29,0.1309408341416101,0.1257990840930856,1.483996120271581,0.0847704939215498,0.188779651135871,1.440349175557711,0.4215753464900846,0.1760405624261854,
Lee Kang-In,Paris Saint Germain,Ligue_1,F M S,attack,Elite Dual-Threat,3,4,1527,27,0.1768172888015717,0.186151390335356,2.180746561886051,0.0853613132258524,0.3893650896949712,3.418467583497053,0.7695021138166046,0.4669463732929384,
Takumi Minamino,Monaco,Ligue_1,F M S,attack,Lower-Tier Finisher,3,2,976,15,0.2766393442622951,0.310985384524235,1.9364754098360653,0.1605935107384409,0.1936738876068628,0.8299180327868853,0.6279467698950015,0.1481627002472943,
Fodé Doucouré,Le Havre,Ligue_1,F M S,attack,Link-Up Forward,3,1,1271,26,0.2124311565696302,0.183025087309777,1.4162077104642017,0.1292360477615148,0.1777129405032312,1.2745869394177811,0.5201045838701241,0.1991706483658142,
Sékou Mara,Auxerre,Ligue_1,F S,attack,Lower-Tier Finisher,3,2,1231,27,0.2193338748984565,0.2233015328560971,2.412672623883022,0.0925535982982678,0.0802041961834936,0.6580016246953696,0.3749129372693532,0.0986891909359457,
Julio Enciso,Strasbourg,Ligue_1,F M S,attack,Elite Dual-Threat,3,6,1918,27,0.140771637122002,0.3244851056459176,2.862356621480709,0.1133629203331275,0.2073076807692787,1.2200208550573517,0.7424078550873415,0.280902253733841,
Abner,Lyon,Ligue_1,D F M S,attack,Link-Up Forward,3,2,2182,26,0.1237396883593033,0.0924605633004967,0.7011915673693858,0.1318620582494665,0.1286813135896523,0.8661778185151238,0.5557005289740566,0.3713506203926724,
Tom Louchet,Nice,Ligue_1,D F M S,attack,Link-Up Forward,3,2,1344,27,0.2008928571428571,0.2089395058283116,1.40625,0.1485792041445771,0.2226640306512958,1.3392857142857142,0.5283385450145163,0.2149184185171699,
Mamadou Coulibaly,Monaco,Ligue_1,F M S,attack,Link-Up Forward,3,3,1402,25,0.1925820256776034,0.1275693227971416,0.834522111269615,0.1528651201381133,0.1131589040053894,0.7703281027104137,0.5115771682111921,0.3595220100150554,
Ibrahim Mbaye,Paris Saint Germain,Ligue_1,F M S,attack,Elite Dual-Threat,3,2,973,24,0.277492291880781,0.3171490505720581,2.2199383350462485,0.1428639010215799,0.2185620456543451,1.8499486125385405,0.7981646048309011,0.2910943509664344,
Giorgi Tsitaishvili,Metz,Ligue_1,D F M S,attack,Link-Up Forward,3,2,2475,33,0.109090909090909,0.0558807332746007,1.1272727272727274,0.0495716182274683,0.1553498472679745,1.6,0.2949033577333797,0.113630501655015,
Danny Namaso,Auxerre,Ligue_1,F M S,attack,Lower-Tier Finisher,3,3,2544,30,0.1061320754716981,0.2588624677199097,2.1580188679245285,0.1199537555335975,0.1397510661572253,1.1320754716981132,0.416811214636941,0.1513160138285525,
Amine Sbaï,Angers,Ligue_1,F M S,attack,Link-Up Forward,3,1,1865,25,0.1447721179624664,0.1730991633204448,1.6407506702412868,0.1054999802590293,0.1332288953817721,1.3029490616621984,0.4171375085976744,0.1469918625484203,
Achraf Hakimi,Paris Saint Germain,Ligue_1,D F S,attack,Link-Up Forward,2,2,1382,18,0.130246020260492,0.1824625858338886,1.7583212735166425,0.1037709027252815,0.0949328341528061,1.3675832127351666,0.6431425697211979,0.4859205786079471,
Mbwana Samatta,Le Havre,Ligue_1,F S,attack,Lower-Tier Finisher,2,1,1550,27,0.1161290322580645,0.340387689478455,2.438709677419354,0.1395769626168268,0.1109499177745273,1.0451612903225806,0.464354075046797,0.1002368093017608,
Jean-Phillipe Krasso,Paris FC,Ligue_1,F S,attack,Link-Up Forward,2,2,1082,25,0.166358595194085,0.2947842231529891,2.245841035120148,0.131257831050014,0.2626652913959955,1.9131238447319776,0.6616851427831623,0.1586960343120692,
Mika Biereth,Monaco,Ligue_1,F M S,attack,Link-Up Forward,2,2,1051,32,0.1712654614652712,0.2746837676904181,1.6270218839200763,0.1688261051711283,0.1976295322052191,1.5413891531874404,0.6424808647522576,0.2084845469309305,
Lilian Raolisoa,Angers,Ligue_1,D F M S,attack,Link-Up Forward,2,4,1975,32,0.0911392405063291,0.0473757081865509,0.7291139240506329,0.0649770997697487,0.1607849905385246,1.0025316455696205,0.3805166104030383,0.2067840784175109,
Yassine Kechta,Le Havre,Ligue_1,F M S,attack,Link-Up Forward,2,1,1343,30,0.1340282948622487,0.103239226942065,1.4072970960536113,0.073359937451425,0.123260113412732,1.0052122114668651,0.3817445336413179,0.1753318931127961,
Sofiane Boufal,Le Havre,Ligue_1,F M S,attack,Link-Up Forward,1,4,1050,17,0.0857142857142857,0.0636492339095899,1.6285714285714286,0.0390828629269411,0.3115317938051054,2.314285714285714,0.4395671830645629,0.1690424578530447,
Josué Casimir,Auxerre,Ligue_1,D F M S,attack,Link-Up Forward,1,0,1509,31,0.0596421471172962,0.1179937573212752,1.312127236580517,0.0899255453524264,0.0839629409386671,0.5964214711729622,0.3154409591249277,0.1516331484907901,
Dehmaine Assoumani,Nantes,Ligue_1,D F M S,attack,Link-Up Forward,1,0,1261,27,0.0713719270420301,0.1283579601032525,2.069785884218874,0.0620150910690426,0.1455623875420118,1.4274385408406025,0.284561962192076,0.1264026726712011,
Dermane Karim,Lorient,Ligue_1,F M S,attack,Link-Up Forward,1,2,1371,30,0.0656455142231947,0.089243875502627,1.050328227571116,0.0849676064681261,0.1625994631217658,1.050328227571116,0.4058048438435701,0.2009112778358177,
Cheick Tidiane Sabaly,Metz,Ligue_1,F M S,attack,Lower-Tier Finisher,0,2,972,14,0.0,0.132366923822297,0.7407407407407408,0.1786953471601009,0.1744336836660901,0.925925925925926,0.3375416738843476,0.050892061036494,
Johann Lepenant,Nantes,Ligue_1,F M S,attack,Link-Up Forward,0,1,2265,28,0.0,0.0337864513330112,0.8741721854304636,0.0386496526612476,0.0878893793714757,1.3112582781456954,0.2259281719757231,0.1636012305832462,
Khalis Merah,Lyon,Ligue_1,F M S,attack,Link-Up Forward,0,1,1187,22,0.0,0.102554550072729,0.4549283909014321,0.2254300943265358,0.1143008888728144,0.9098567818028644,0.5098390729553376,0.3791524899814344,
Harry Wilson,Fulham,EPL,M S,midfield,Moderate Attacking Involvement,10,7,2751,36,0.3271537622682661,,,,0.1800546730536411,1.2104689203925845,0.3628695333293246,0.135201573140326,0.2290076335877862
Enzo Fernández,Chelsea,EPL,M S,midfield,Elite Attacking Involvement,10,4,3149,36,0.2858050174658622,,,,0.2533928645143588,1.9434741187678628,0.797463997029698,0.4618492049734984,0.1143220069863448
Bruno Fernandes,Manchester United,EPL,M,midfield,Elite Attacking Involvement,9,21,3082,35,0.2628163530175211,,,,0.5185405959814574,4.00064892926671,0.7576168963678379,0.340604368575512,0.6132381570408825
Casemiro,Manchester United,EPL,M S,midfield,High Attacking Involvement,9,2,2649,34,0.3057757644394111,,,,0.1079619967822715,1.2231030577576445,0.5493343004267051,0.4034734496663272,0.0679501698754246
Bruno Guimarães,Newcastle United,EPL,M S,midfield,Moderate Attacking Involvement,9,5,2467,29,0.3283340089177138,,,,0.1411584681741829,1.6051884880421563,0.5143212592421779,0.3416780771836367,0.1824077827320632
Kiernan Dewsbury-Hall,Everton,EPL,M S,midfield,Moderate Attacking Involvement,8,4,2649,31,0.2718006795016987,,,,0.2233701635949474,1.2231030577576445,0.4851006917309517,0.2758991128489763,0.1359003397508493
Marcus Tavernier,Bournemouth,EPL,M S,midfield,Moderate Attacking Involvement,7,4,2779,34,0.2267002518891687,,,,0.1994559863604371,1.6840590140338252,0.577388826493588,0.264034930183631,0.129543001079525
Emiliano Buendía,Aston Villa,EPL,M S,midfield,Moderate Attacking Involvement,6,2,1778,36,0.3037120359955005,,,,0.1835554099408124,1.5185601799775028,0.4660032432279113,0.1865737571268938,0.1012373453318335
Iliman Ndiaye,Everton,EPL,M,midfield,Moderate Attacking Involvement,6,3,2805,32,0.1925133689839572,,,,0.1430061758759825,0.962566844919786,0.4961644073619562,0.220288620504705,0.0962566844919786
Martín Zubimendi,Arsenal,EPL,D M S,midfield,Low Attacking Involvement,5,1,3040,38,0.1480263157894736,,,,0.0322053042657085,0.5625,0.3989812934673146,0.3308598661341851,0.0296052631578947
John McGinn,Aston Villa,EPL,M S,midfield,Moderate Attacking Involvement,5,4,2221,30,0.2026114362899594,,,,0.1970394534670665,1.5803692030616838,0.4429459266233745,0.2387639109417628,0.1620891490319675
Tomas Soucek,West Ham,EPL,M S,midfield,Low Attacking Involvement,5,0,2206,35,0.2039891205802357,,,,0.0335276345718155,0.4487760652765186,0.2961866428243065,0.1851705660205926,0.0
Anton Stach,Leeds,EPL,M S,midfield,Moderate Attacking Involvement,5,3,2394,29,0.18796992481203,,,,0.2239904103842669,2.293233082706766,0.3815013210156133,0.2333408785997925,0.112781954887218
Ryan Gravenberch,Liverpool,EPL,M S,midfield,Low Attacking Involvement,5,3,3008,36,0.1496010638297872,,,,0.0708770600117822,0.867686170212766,0.3902240686720495,0.3207099810738037,0.0897606382978723
João Palhinha,Tottenham,EPL,D M S,midfield,Low Attacking Involvement,5,2,2180,33,0.2064220183486238,,,,0.0317492975357817,0.3302752293577982,0.1973326998130512,0.136438296347378,0.0825688073394495
Nico O&#039;Reilly,Manchester City,EPL,D M S,midfield,High Attacking Involvement,5,3,2646,34,0.1700680272108843,,,,0.130865297400627,0.782312925170068,0.72248998465536,0.5033270906986428,0.1020408163265306
Rayan,Bournemouth,EPL,M S,midfield,Moderate Attacking Involvement,5,2,1146,15,0.3926701570680628,,,,0.2182385173787153,1.099476439790576,0.4977393058172539,0.2216957364699447,0.1570680628272251
Alex Iwobi,Fulham,EPL,M,midfield,Moderate Attacking Involvement,4,3,2473,29,0.1455721795390214,,,,0.1321055479061492,1.5285078851597251,0.3793823908151305,0.2402808661077411,0.109179134654266
Declan Rice,Arsenal,EPL,D M S,midfield,Moderate Attacking Involvement,4,5,3111,36,0.1157184185149469,,,,0.2360496532779075,1.8225650916104144,0.5349346457216297,0.3748370762896457,0.1446480231436837
Mikkel Damsgaard,Brentford,EPL,M S,midfield,Moderate Attacking Involvement,4,4,2085,33,0.1726618705035971,,,,0.2792240443954364,1.8129496402877696,0.5329842271564676,0.2794145475671017,0.1726618705035971
Elliot Anderson,Nottingham Forest,EPL,M S,midfield,Moderate Attacking Involvement,4,4,3329,38,0.1081405827575848,,,,0.130921401943453,1.486933012916792,0.4402016247735972,0.3232834501693863,0.1081405827575848
Jack Hinshelwood,Brighton,EPL,D M S,midfield,Moderate Attacking Involvement,4,3,1773,27,0.2030456852791878,,,,0.1196583002559878,0.8121827411167514,0.5896321252026231,0.3017995897018667,0.1522842639593908
Patrick Dorgu,Manchester United,EPL,D M S,midfield,Moderate Attacking Involvement,4,4,1436,26,0.2506963788300835,,,,0.194997089191192,1.692200557103064,0.4372871451437847,0.1251167324981276,0.2506963788300835
Callum Hudson-Odoi,Nottingham Forest,EPL,M S,midfield,Moderate Attacking Involvement,3,4,1857,30,0.1453957996768982,,,,0.1906530778578246,2.132471728594507,0.5393088721370802,0.2776536266642934,0.1938610662358643
Ryan Sessegnon,Fulham,EPL,D M S,midfield,Low Attacking Involvement,3,1,1830,27,0.1475409836065573,,,,0.1095950718908036,0.6885245901639344,0.4061989933863038,0.2502450975971144,0.0491803278688524
Mathias Jensen,Brentford,EPL,M S,midfield,Moderate Attacking Involvement,3,1,2258,36,0.1195748449955712,,,,0.2125712972550106,1.3153232949512843,0.4142572101126396,0.2792415954172611,0.0398582816651904
Samuel Chukwueze,Fulham,EPL,M S,midfield,Elite Attacking Involvement,3,4,1052,23,0.2566539923954373,,,,0.2426261890382141,2.0532319391634983,0.6078380089918923,0.2440197026700546,0.3422053231939163
Emile Smith-Rowe,Fulham,EPL,M S,midfield,Low Attacking Involvement,3,0,1933,37,0.1396792550439731,,,,0.0660030252506895,0.8380755302638385,0.4000074118645587,0.1930782862250446,0.0
Mason Mount,Manchester United,EPL,M S,midfield,High Attacking Involvement,3,0,1021,23,0.2644466209598433,,,,0.1213335323564336,1.2340842311459357,0.5825113269147425,0.4085516757865406,0.0
Amine Adli,Bournemouth,EPL,M S,midfield,Moderate Attacking Involvement,3,1,1036,31,0.2606177606177606,,,,0.1110162157529396,1.4768339768339769,0.5329748764670091,0.1884339535501012,0.0868725868725868
Chimuanya Ugochukwu,Burnley,EPL,M S,midfield,Low Attacking Involvement,3,1,2407,35,0.1121728292480265,,,,0.0168020249660524,0.3739094308267552,0.2717093867685074,0.1835551992133043,0.0373909430826755
Moisés Caicedo,Chelsea,EPL,M S,midfield,High Attacking Involvement,3,1,2811,33,0.096051227321238,,,,0.0841031979725735,0.576307363927428,0.5509893921389779,0.4917839436673558,0.032017075773746
Yasin Ayari,Brighton,EPL,M S,midfield,Low Attacking Involvement,3,3,1918,29,0.140771637122002,,,,0.0657309680532302,0.7038581856100105,0.3707353985160434,0.2569901134539105,0.140771637122002
Alex Scott,Bournemouth,EPL,M S,midfield,Low Attacking Involvement,3,1,2915,37,0.0926243567753001,,,,0.089287168105128,0.8027444253859348,0.4707227866221251,0.339362343246082,0.0308747855917667
Yankuba Minteh,Brighton,EPL,M S,midfield,Moderate Attacking Involvement,3,4,2410,34,0.1120331950207468,,,,0.2181480831903293,1.6431535269709543,0.6128654936985479,0.320180874124664,0.1493775933609958
Mateus Fernandes,West Ham,EPL,M S,midfield,Low Attacking Involvement,3,4,3044,36,0.0886990801576872,,,,0.0986348427330362,1.0939553219448097,0.3051020780029986,0.2066491481220244,0.1182654402102496
Mateus Mané,Wolverhampton Wanderers,EPL,M S,midfield,Moderate Attacking Involvement,3,1,1784,27,0.1513452914798206,,,,0.1655579417434441,1.5134529147982063,0.2652307071241721,0.1252714175320619,0.0504484304932735
Joelinton,Newcastle United,EPL,M S,midfield,Low Attacking Involvement,2,1,1958,27,0.0919305413687436,,,,0.0855585534232112,0.7814096016343207,0.4605073018895655,0.3332554026620046,0.0459652706843718
Idrissa Gueye,Everton,EPL,M,midfield,Low Attacking Involvement,2,3,2120,25,0.0849056603773584,,,,0.0719019636195504,0.5518867924528302,0.3879631353709143,0.2927668145462379,0.1273584905660377
Josh Cullen,Burnley,EPL,M,midfield,Low Attacking Involvement,2,2,1533,18,0.1174168297455968,,,,0.1066651705236934,0.7632093933463796,0.3618054367499808,0.2715589460386455,0.1174168297455968
Bernardo Silva,Manchester City,EPL,M S,midfield,High Attacking Involvement,2,4,2917,38,0.0617072334590332,,,,0.1629957439167821,1.4501199862872811,0.7771643632904773,0.5986446637454653,0.1234144669180665
Ibrahim Sangare,Nottingham Forest,EPL,M S,midfield,Low Attacking Involvement,2,2,2111,28,0.0852676456655613,,,,0.0617845722905186,0.5116058739933681,0.316442386222953,0.2255090766099746,0.0852676456655613
Justin Kluivert,Bournemouth,EPL,M S,midfield,Moderate Attacking Involvement,2,0,934,20,0.1927194860813704,,,,0.2211284760098577,2.119914346895075,0.5118402049775043,0.2233214760538214,0.0
Sean Longstaff,Leeds,EPL,M S,midfield,Moderate Attacking Involvement,2,2,999,23,0.1801801801801801,,,,0.249389671796077,2.2522522522522523,0.3104369087262196,0.1638051417765316,0.1801801801801801
Tyler Adams,Bournemouth,EPL,M S,midfield,Low Attacking Involvement,2,2,1805,25,0.0997229916897507,,,,0.0613441039650724,0.3490304709141274,0.3425440397165158,0.2925664822356852,0.0997229916897507
James Garner,Everton,EPL,D M,midfield,Moderate Attacking Involvement,2,7,3417,38,0.0526777875329236,,,,0.159786861059538,1.4749780509218613,0.2971912697906081,0.2194933695890356,0.1843722563652326
James Justin,Leeds,EPL,D M S,midfield,Low Attacking Involvement,2,1,1895,29,0.0949868073878627,,,,0.1221887047026591,0.6174142480211081,0.2441933474117659,0.1308970889740065,0.0474934036939313
Reece James,Chelsea,EPL,D M S,midfield,High Attacking Involvement,2,4,1927,29,0.0934094447327451,,,,0.1865079397355947,1.2610275038920602,0.5385816056855491,0.4555929139194615,0.1868188894654903
Amad Diallo Traore,Manchester United,EPL,D M S,midfield,High Attacking Involvement,2,3,2341,32,0.0768902178556172,,,,0.217108268486491,1.5378043571123452,0.7182047012532969,0.3864385939844904,0.1153353267834259
Alexis Mac Allister,Liverpool,EPL,M S,midfield,Moderate Attacking Involvement,2,4,2683,37,0.0670890793887439,,,,0.0955886005184797,1.1405143496086472,0.4423172324354352,0.2799171929956149,0.1341781587774878
Jacob Ramsey,Newcastle United,EPL,M S,midfield,Moderate Attacking Involvement,2,3,1421,28,0.1266713581984518,,,,0.0992082389704699,1.3933849401829697,0.3475631393733409,0.2693042809367809,0.1900070372976777
Malo Gusto,Chelsea,EPL,D M S,midfield,High Attacking Involvement,2,3,2306,34,0.0780572419774501,,,,0.1485286322272894,1.0537727666955767,0.6376456660569904,0.5289679315144717,0.1170858629661752
Pape Sarr,Tottenham,EPL,M S,midfield,Moderate Attacking Involvement,2,4,1347,26,0.1336302895322939,,,,0.1625991199281739,0.734966592427617,0.4688477373468318,0.3313476432172917,0.2672605790645879
Amadou Onana,Aston Villa,EPL,M S,midfield,Low Attacking Involvement,2,0,1793,25,0.1003904071388734,,,,0.0252948627000538,0.3513664249860569,0.3420945530268013,0.2666954668233565,0.0
Habib Diarra,Sunderland,EPL,M S,midfield,Low Attacking Involvement,2,2,1414,20,0.1272984441301273,,,,0.041038514598361,0.4455445544554455,0.2619969972990232,0.1197248887365533,0.1272984441301273
Archie Gray,Tottenham,EPL,D M S,midfield,Low Attacking Involvement,2,2,1497,24,0.1202404809619238,,,,0.0997047690312585,0.4809619238476954,0.2146419092736585,0.1303693929683409,0.1202404809619238
Ryan Christie,Bournemouth,EPL,M S,midfield,High Attacking Involvement,2,0,942,26,0.1910828025477706,,,,0.1547365724020133,1.0509554140127388,0.7349083489578241,0.4313885330987774,0.0
Ladislav Krejcí,Wolverhampton Wanderers,EPL,D M S,midfield,Low Attacking Involvement,2,1,2385,28,0.0754716981132075,,,,0.0562595490295931,0.3396226415094339,0.1565626709247535,0.0978006564502446,0.0377358490566037
Maxim De Cuyper,Brighton,EPL,D M S,midfield,Moderate Attacking Involvement,2,3,1412,30,0.1274787535410765,,,,0.2986589818863098,2.039660056657224,0.435992392708703,0.2227613708748358,0.1912181303116147
Trai Hume,Sunderland,EPL,D M S,midfield,Low Attacking Involvement,2,1,3041,38,0.0591910555738244,,,,0.061683348468537,0.7990792502466294,0.2435637146769846,0.1243747827811034,0.0295955277869122
Ao Tanaka,Leeds,EPL,M S,midfield,Low Attacking Involvement,2,0,1330,28,0.1353383458646616,,,,0.0918762431500997,1.218045112781955,0.460564967104815,0.2918866773493083,0.0
Granit Xhaka,Sunderland,EPL,M S,midfield,Moderate Attacking Involvement,1,6,2896,34,0.0310773480662983,,,,0.1151409642950976,1.0566298342541436,0.3249237678323753,0.2791186174421535,0.18646408839779
Pascal Groß,Brighton,EPL,M S,midfield,High Attacking Involvement,1,3,1635,19,0.055045871559633,,,,0.1813314968224512,2.146788990825688,0.5511478364057497,0.4558089441799243,0.1651376146788991
Jordan Henderson,Brentford,EPL,M S,midfield,Moderate Attacking Involvement,1,3,1935,32,0.0465116279069767,,,,0.1544433269909648,0.883720930232558,0.4088300913572312,0.2851928753215213,0.1395348837209302
Sasa Lukic,Fulham,EPL,M S,midfield,Moderate Attacking Involvement,1,2,1731,26,0.0519930675909878,,,,0.1124743908075567,1.4038128249566724,0.3237225958815997,0.1745927585950654,0.1039861351819757
Rodri,Manchester City,EPL,M S,midfield,High Attacking Involvement,1,0,1500,21,0.06,,,,0.1365677726268768,1.5599999999999998,0.7282756327092648,0.6423566937446594,0.0
Martin Odegaard,Arsenal,EPL,M S,midfield,Elite Attacking Involvement,1,6,1347,24,0.0668151447661469,,,,0.3326338855238561,2.538975501113585,0.7840068861510281,0.5070524894630324,0.4008908685968819
Boubacar Kamara,Aston Villa,EPL,M S,midfield,Low Attacking Involvement,1,3,1434,18,0.0627615062761506,,,,0.0457545998993341,0.9414225941422594,0.357612092320702,0.2680067991580674,0.1882845188284518
Rodrigo Bentancur,Tottenham,EPL,M S,midfield,Low Attacking Involvement,1,1,1931,26,0.0466079751424132,,,,0.0408933282955701,0.4660797514241326,0.2176207402004348,0.194634885919304,0.0466079751424132
Douglas Luiz,"Aston Villa,Nottingham Forest",EPL,M S,midfield,Moderate Attacking Involvement,1,0,936,21,0.0961538461538461,,,,0.175282859440463,1.826923076923077,0.391425068418567,0.2702795470563265,0.0
Ethan Ampadu,Leeds,EPL,M,midfield,Low Attacking Involvement,1,1,3130,35,0.0287539936102236,,,,0.0338248946099949,0.5463258785942492,0.3412062085528201,0.3073885322878726,0.0287539936102236
Curtis Jones,Liverpool,EPL,D M S,midfield,Moderate Attacking Involvement,1,2,1910,34,0.0471204188481675,,,,0.1335437758557537,1.0366492146596855,0.5004274971997706,0.3410153541109325,0.0942408376963351
David Brooks,Bournemouth,EPL,M S,midfield,Elite Attacking Involvement,1,3,1191,31,0.0755667506297229,,,,0.3171415363323479,1.889168765743073,0.9215648141067936,0.2014974404304694,0.2267002518891687
Pedro Porro,Tottenham,EPL,D M S,midfield,Moderate Attacking Involvement,1,2,2815,34,0.0319715808170515,,,,0.1358041375227021,1.69449378330373,0.3390572756184778,0.2810861027367797,0.063943161634103
Marc Cucurella,Chelsea,EPL,D M S,midfield,Moderate Attacking Involvement,1,4,2714,34,0.0331613854089904,,,,0.1506083356813639,1.2932940309506264,0.5027002933886048,0.3980534039053437,0.1326455416359616
Evann Guessand,"Aston Villa,Crystal Palace",EPL,M S,midfield,Low Attacking Involvement,1,2,920,21,0.0978260869565217,,,,0.1210826496067254,0.4891304347826087,0.3697212188423652,0.1274256007138477,0.1956521739130435
Nicolás Domínguez,Nottingham Forest,EPL,M S,midfield,Low Attacking Involvement,1,1,1210,27,0.0743801652892562,,,,0.0951969910351451,0.8181818181818181,0.4013034219522614,0.3145301462081838,0.0743801652892562
Conor Gallagher,Tottenham,EPL,M S,midfield,Low Attacking Involvement,1,1,1229,16,0.0732302685109845,,,,0.0626213133086558,0.9519934906427988,0.3056231165036522,0.1870547239861903,0.0732302685109845
Jayden Bogle,Leeds,EPL,D M S,midfield,Low Attacking Involvement,1,2,2822,34,0.031892274982282,,,,0.1124252532598906,0.6697377746279235,0.3514909382096362,0.2030623309092475,0.0637845499645641
Hannibal Mejbri,Burnley,EPL,M S,midfield,Moderate Attacking Involvement,1,4,1251,27,0.0719424460431654,,,,0.2041862854104248,1.5107913669064748,0.4282800545714956,0.2428469989153978,0.2877697841726618
Vitaly Janelt,Brentford,EPL,M S,midfield,Moderate Attacking Involvement,1,4,1421,25,0.0633356790992259,,,,0.2413759407188211,1.3300492610837438,0.4006635328200315,0.2300916191250777,0.2533427163969036
Nico González,Manchester City,EPL,M S,midfield,High Attacking Involvement,1,0,1576,25,0.0571065989847715,,,,0.0507398611135535,0.6281725888324873,0.8448926469093652,0.8093559583010823,0.0
Hugo Bueno,Wolverhampton Wanderers,EPL,D M S,midfield,Moderate Attacking Involvement,1,2,2351,35,0.0382815823054019,,,,0.1410022647342292,1.4547001276052742,0.2121980324774181,0.1121381232106954,0.0765631646108039
Omari Hutchinson,Nottingham Forest,EPL,M S,midfield,Moderate Attacking Involvement,1,5,1664,31,0.0540865384615384,,,,0.2667293627746403,1.7848557692307692,0.5586372069956269,0.3039132683121492,0.2704326923076923
Soungoutou Magassa,West Ham,EPL,M S,midfield,Low Attacking Involvement,1,0,976,22,0.0922131147540983,,,,0.0688264541973008,0.4610655737704918,0.2230311358122338,0.1412299387328723,0.0
Kobbie Mainoo,Manchester United,EPL,M S,midfield,High Attacking Involvement,1,2,1623,28,0.055452865064695,,,,0.0659921910448512,1.2199630314232903,0.5740802201430371,0.5421707106757627,0.11090573012939
João Gomes,Wolverhampton Wanderers,EPL,M S,midfield,Low Attacking Involvement,1,1,2845,35,0.031634446397188,,,,0.0456094615658997,0.5061511423550088,0.196194404994771,0.1606743443357923,0.031634446397188
Lewis Miley,Newcastle United,EPL,D M S,midfield,Moderate Attacking Involvement,1,4,1470,23,0.0612244897959183,,,,0.1421200090220996,0.9183673469387754,0.4313735208112975,0.3623397964604046,0.2448979591836734
Yehor Yarmolyuk,Brentford,EPL,M S,midfield,Low Attacking Involvement,1,2,2679,37,0.0335946248600224,,,,0.0422414634710496,0.4703247480403135,0.312026893899412,0.2660451958337663,0.0671892497200448
Andrey Santos,Chelsea,EPL,M S,midfield,Low Attacking Involvement,1,0,1217,27,0.0739523418241577,,,,0.0509071287040154,0.5916187345932621,0.4677212481358645,0.3250215687745403,0.0
Alejandro Jiménez,Bournemouth,EPL,D M S,midfield,Low Attacking Involvement,1,0,2354,31,0.038232795242141,,,,0.065105947845488,0.5734919286321155,0.2799532795285357,0.1861781960221904,0.0
Adam Wharton,Crystal Palace,EPL,M S,midfield,Moderate Attacking Involvement,1,5,2596,34,0.034668721109399,,,,0.229665246104767,1.5254237288135593,0.5089078933281826,0.3661553431818913,0.1733436055469953
Lucas Bergvall,Tottenham,EPL,M S,midfield,Low Attacking Involvement,1,3,956,23,0.0941422594142259,,,,0.0274546259125717,0.4707112970711297,0.3082403257122909,0.1593437478156706,0.2824267782426778
André,Wolverhampton Wanderers,EPL,M S,midfield,Low Attacking Involvement,1,0,2763,35,0.0325732899022801,,,,0.0406462294489436,0.5863192182410424,0.2026127571246134,0.1800029736970845,0.0
Ferdi Kadioglu,Brighton,EPL,D M S,midfield,Low Attacking Involvement,1,0,3145,37,0.0286168521462639,,,,0.0642321790629236,0.629570747217806,0.400887435542002,0.3346973671348371,0.0
Josh Laurent,Burnley,EPL,D M S,midfield,Low Attacking Involvement,1,0,1720,33,0.0523255813953488,,,,0.0384860238504357,0.627906976744186,0.1656691285478341,0.0881023551878887,0.0
Kevin,Fulham,EPL,M S,midfield,Moderate Attacking Involvement,1,1,1002,26,0.0898203592814371,,,,0.1114114848506486,1.2574850299401197,0.4329369280732678,0.2597270682900252,0.0898203592814371
Kyle Walker,Burnley,EPL,D M S,midfield,Low Attacking Involvement,0,2,3101,36,0.0,,,,0.0483344134119913,0.3772976459206707,0.2681649565697918,0.2632966409270675,0.0580457916801031
James Ward-Prowse,"Burnley,West Ham",EPL,M S,midfield,Moderate Attacking Involvement,0,1,1082,18,0.0,,,,0.2852600373933694,1.9131238447319776,0.2971361428086066,0.255843292553384,0.0831792975970425
Jefferson Lerma,Crystal Palace,EPL,D M S,midfield,Low Attacking Involvement,0,2,1693,31,0.0,,,,0.0948533381908093,0.6910809214412286,0.4048715998807551,0.3212329470681778,0.106320141760189
Aaron Wan-Bissaka,West Ham,EPL,D M S,midfield,Low Attacking Involvement,0,2,2093,25,0.0,,,,0.0614474933083639,0.7740086000955566,0.1645976140769443,0.1327021225327532,0.0860009555661729
Youri Tielemans,Aston Villa,EPL,M S,midfield,Moderate Attacking Involvement,0,4,1861,25,0.0,,,,0.1442257291950137,1.5475550779150995,0.4752443585102434,0.362100977228413,0.1934443847393874
Victor Lindelöf,Aston Villa,EPL,D M S,midfield,Low Attacking Involvement,0,1,938,17,0.0,,,,0.0573869820819226,0.1918976545842217,0.2441504269814504,0.2425465810853344,0.0959488272921108
Will Hughes,Crystal Palace,EPL,M S,midfield,Low Attacking Involvement,0,0,1567,31,0.0,,,,0.1106512845608559,1.206126356094448,0.4054123034133756,0.3091550894656908,0.0
Daichi Kamada,Crystal Palace,EPL,M S,midfield,Low Attacking Involvement,0,0,1924,28,0.0,,,,0.1209556149210385,0.9355509355509356,0.4623601556050817,0.3417553603620096,0.0
Timothy Castagne,Fulham,EPL,D M S,midfield,Low Attacking Involvement,0,0,1849,30,0.0,,,,0.0849870598047423,0.8761492698756085,0.3325523633264073,0.2725594126498009,0.0
Joe Willock,Newcastle United,EPL,M S,midfield,Moderate Attacking Involvement,0,2,979,24,0.0,,,,0.1928524098590214,1.2870275791624106,0.4636076675296073,0.3130875380597514,0.1838610827374872
Rayan Ait Nouri,Manchester City,EPL,D M S,midfield,High Attacking Involvement,0,2,981,17,0.0,,,,0.1589911292657393,1.1009174311926606,0.6702134394249237,0.6043525330653978,0.1834862385321101
Sandro Tonali,Newcastle United,EPL,M S,midfield,Low Attacking Involvement,0,2,2586,35,0.0,,,,0.1308778065565775,1.1136890951276102,0.3737686155255876,0.2927953099481882,0.0696055684454756
Ilia Gruev,Leeds,EPL,M S,midfield,Low Attacking Involvement,0,3,1310,23,0.0,,,,0.1026137458117863,0.7557251908396947,0.246257733809584,0.153232678173835,0.2061068702290076
Sander Berge,Fulham,EPL,M S,midfield,Low Attacking Involvement,0,1,2935,35,0.0,,,,0.0608709877867765,0.6439522998296423,0.3257113794528036,0.2759476232467762,0.0306643952299829
Florentino Luís,Burnley,EPL,M S,midfield,Low Attacking Involvement,0,2,2146,31,0.0,,,,0.0225439056049327,0.5452003727865797,0.2059937891257859,0.1746945788663745,0.0838769804287045
Jeremie Frimpong,Liverpool,EPL,D M S,midfield,Moderate Attacking Involvement,0,1,1027,21,0.0,,,,0.2358526325156185,1.314508276533593,0.5218989675558066,0.3561776041251833,0.0876338851022395
Tim Iroegbunam,Everton,EPL,M S,midfield,Low Attacking Involvement,0,2,1496,29,0.0,,,,0.1111600694139513,0.481283422459893,0.2655865838452377,0.1711390340043341,0.1203208556149732
Gabriel Gudmundsson,Leeds,EPL,D M S,midfield,Low Attacking Involvement,0,0,2657,32,0.0,,,,0.1050528375544761,0.7113285660519383,0.2291691137178414,0.1446743072899136,0.0
Lamare Bogarde,Aston Villa,EPL,D M S,midfield,Low Attacking Involvement,0,0,1011,28,0.0,,,,0.0036634206329679,0.1780415430267062,0.1742184778968375,0.170555057927126,0.0
Carlos Baleba,Brighton,EPL,M S,midfield,Low Attacking Involvement,0,0,1692,31,0.0,,,,0.0432171383278167,0.4787234042553191,0.3114905828075047,0.2451010620558356,0.0
Djed Spence,Tottenham,EPL,D M S,midfield,Low Attacking Involvement,0,0,2068,30,0.0,,,,0.0809614287420919,0.4352030947775629,0.2487723613464106,0.1342479371406296,0.0
Lutsharel Geertruida,Sunderland,EPL,D M S,midfield,Low Attacking Involvement,0,0,1659,28,0.0,,,,0.0419747735968172,0.4339963833634719,0.2459727453697762,0.1784775605186092,0.0
Noah Sadiki,Sunderland,EPL,M,midfield,Low Attacking Involvement,0,1,2914,33,0.0,,,,0.028710974464749,0.5868222374742622,0.2577278267927135,0.1935905223525676,0.030885380919698
El Hadji Malick Diouf,West Ham,EPL,D M S,midfield,Low Attacking Involvement,0,5,2711,32,0.0,,,,0.1080192415279376,0.9627443747694576,0.2303797363780084,0.1689452323918301,0.1659904094430099
Freddie Potts,West Ham,EPL,M S,midfield,Low Attacking Involvement,0,1,1152,22,0.0,,,,0.0943367458239663,0.625,0.2472417354874778,0.1769324665656313,0.078125
Samú Costa,Mallorca,La_Liga,M S,midfield,Low Attacking Involvement,7,2,2731,34,0.2306847308678139,,,,0.0652502807377623,0.5602343463932625,0.3124360443020927,0.170009259856809,0.0659099231050897
Mauro Arambarri,Getafe,La_Liga,M,midfield,Low Attacking Involvement,6,2,3279,37,0.1646843549862763,,,,0.026805497917252,0.6038426349496798,0.163625046382475,0.0554450619488627,0.0548947849954254
Roberto Navarro,Athletic Club,La_Liga,M S,midfield,Moderate Attacking Involvement,6,1,1246,32,0.4333868378812199,,,,0.1489999106999959,1.7335473515248796,0.5996287539362142,0.3319118455213825,0.0722311396468699
Jude Bellingham,Real Madrid,La_Liga,M S,midfield,High Attacking Involvement,6,4,1933,28,0.2793585100879462,,,,0.1414455143099798,1.676151060527677,0.6502574603991131,0.3890886080566461,0.1862390067252974
Nico Williams,Athletic Club,La_Liga,M S,midfield,Moderate Attacking Involvement,6,3,1715,25,0.314868804664723,,,,0.2171830619595749,1.7842565597667637,0.5666792530881419,0.172338934034196,0.1574344023323615
Djibril Sow,Sevilla,La_Liga,M S,midfield,Moderate Attacking Involvement,5,4,2235,33,0.2013422818791946,,,,0.0812889515053506,1.0067114093959733,0.2665359909652464,0.1735223446466378,0.1610738255033557
Pape Alassane Gueye,Villarreal,La_Liga,M S,midfield,High Attacking Involvement,5,2,2280,31,0.1973684210526315,,,,0.087689049382645,0.986842105263158,0.6017368551539747,0.405795048505656,0.0789473684210526
Oihan Sancet,Athletic Club,La_Liga,M S,midfield,Low Attacking Involvement,4,0,1832,28,0.1965065502183406,,,,0.0710050927426291,1.3264192139737991,0.3716164451869261,0.1084213839908939,0.0
Guido Rodríguez,Valencia,La_Liga,M S,midfield,Low Attacking Involvement,4,0,1310,16,0.2748091603053435,,,,0.0243283124597927,0.4809160305343511,0.33618501936377,0.2884380749732483,0.0
Pablo Torre,Mallorca,La_Liga,M S,midfield,Moderate Attacking Involvement,4,4,1614,35,0.2230483271375464,,,,0.164747932167606,1.8959107806691449,0.4612348516745195,0.258769190257422,0.2230483271375464
Thomas Lemar,Girona,La_Liga,M S,midfield,Moderate Attacking Involvement,3,1,1252,27,0.2156549520766773,,,,0.0992689850463415,1.365814696485623,0.449108385578387,0.2743005797530289,0.0718849840255591
Manuel Morlanes,Mallorca,La_Liga,M S,midfield,Low Attacking Involvement,3,0,1801,32,0.149916712937257,,,,0.0703219225995246,0.8495280399777901,0.4154679751947216,0.2771726186319498,0.0
Santiago Comesaña,Villarreal,La_Liga,M S,midfield,High Attacking Involvement,3,6,2428,34,0.1112026359143327,,,,0.1144914797168145,1.0008237232289952,0.6623403264686797,0.4390691055170578,0.2224052718286655
Carlos Álvarez,Levante,La_Liga,M S,midfield,Moderate Attacking Involvement,3,1,1910,30,0.1413612565445026,,,,0.2166594183998894,1.8848167539267016,0.5178051954037778,0.2904523400911641,0.0471204188481675
Kervin Arriaga,Levante,La_Liga,M S,midfield,Low Attacking Involvement,3,3,1511,27,0.1786896095301125,,,,0.0692267013401838,0.4169424222369292,0.3052938952401014,0.2260436391313686,0.1786896095301125
Koke,Atletico Madrid,La_Liga,M S,midfield,High Attacking Involvement,2,2,2237,34,0.0804649083594099,,,,0.138447580698363,1.4081358962896735,0.6394077642626351,0.582103229331408,0.0804649083594099
Omar Mascarell,Mallorca,La_Liga,D M S,midfield,Low Attacking Involvement,2,2,2251,30,0.0799644602398933,,,,0.0245333637881681,0.3198578409595735,0.2492678419056732,0.2191223809929992,0.0799644602398933
Pepelu,Valencia,La_Liga,D M S,midfield,Low Attacking Involvement,2,0,2253,31,0.0798934753661784,,,,0.0502168722500337,0.8388814913448736,0.2942926437034707,0.2742646597499417,0.0
Aleix Febas,Elche,La_Liga,M,midfield,Low Attacking Involvement,2,2,3178,36,0.0566393958464443,,,,0.0595349256949155,0.7646318439269982,0.4770034719129603,0.4105484493597263,0.0566393958464443
Nemanja Gudelj,Sevilla,La_Liga,D M S,midfield,Low Attacking Involvement,2,0,2349,34,0.0766283524904214,,,,0.0318798893827131,0.3065134099616858,0.2018203120321834,0.1605632865508854,0.0
Pol Lozano,Espanyol,La_Liga,M S,midfield,Low Attacking Involvement,2,1,2211,33,0.0814111261872456,,,,0.0534647160552169,0.8955223880597015,0.2981560978421807,0.2676108207432313,0.0407055630936228
Alfonso Espino,Rayo Vallecano,La_Liga,D M S,midfield,Moderate Attacking Involvement,2,0,1472,30,0.1222826086956521,,,,0.1879389687952504,1.1616847826086956,0.4717174124569915,0.25164555745584,0.0
Pedri,Barcelona,La_Liga,M S,midfield,Elite Attacking Involvement,2,9,2117,29,0.0850259801606046,,,,0.2528493112084237,2.6783183750590456,1.0730341207860743,0.824114961393906,0.3826169107227208
Nahuel Molina,Atletico Madrid,La_Liga,D M S,midfield,High Attacking Involvement,2,2,1292,26,0.1393188854489164,,,,0.2097356215770999,1.3931888544891642,0.62493699908418,0.4274021807319885,0.1393188854489164
Ilaix Moriba,Celta Vigo,La_Liga,M S,midfield,Low Attacking Involvement,2,3,2484,36,0.072463768115942,,,,0.0910880883642728,0.6159420289855072,0.401779345297457,0.2581565289933612,0.108695652173913
Antonio Blanco,Alaves,La_Liga,M,midfield,Low Attacking Involvement,2,3,3137,36,0.0573796620975454,,,,0.0454894562005749,0.6311762830729997,0.3142366865409344,0.2721408836467557,0.0860694931463181
Pathé Ciss,Rayo Vallecano,La_Liga,D M S,midfield,Low Attacking Involvement,2,1,1974,29,0.0911854103343465,,,,0.0218674058298435,0.547112462006079,0.4900491591203267,0.4046245434499801,0.0455927051671732
Arnau Martinez,Girona,La_Liga,D M S,midfield,Low Attacking Involvement,2,3,2715,35,0.0662983425414364,,,,0.089662502216206,0.7624309392265194,0.3619193818975877,0.2975612141974064,0.0994475138121547
Mikel Jauregizar,Athletic Club,La_Liga,M S,midfield,Low Attacking Involvement,2,0,2872,36,0.0626740947075208,,,,0.0494733487526966,0.8774373259052926,0.2781392668742261,0.2129726925499031,0.0
Tyrhys Dolan,Espanyol,La_Liga,M S,midfield,Moderate Attacking Involvement,2,5,2481,36,0.0725513905683192,,,,0.1603538154465616,1.1608222490931075,0.3574954785357039,0.1569595363919038,0.181378476420798
Denis Suárez,Alaves,La_Liga,M S,midfield,Moderate Attacking Involvement,1,2,1407,30,0.0639658848614072,,,,0.1106062356327007,1.535181236673774,0.505621849672436,0.3818745475047941,0.1279317697228145
Daniel Parejo,Villarreal,La_Liga,M S,midfield,Moderate Attacking Involvement,1,0,1474,33,0.0610583446404341,,,,0.1082166564288161,1.5264586160108546,0.431518290934925,0.3770469702158523,0.0
Alfonso,Villarreal,La_Liga,D M S,midfield,Moderate Attacking Involvement,1,3,1700,27,0.0529411764705882,,,,0.2235068840577322,1.1117647058823528,0.4051087665535948,0.2332737204125698,0.1588235294117647
Sergi Darder,Mallorca,La_Liga,M S,midfield,Moderate Attacking Involvement,1,5,2715,38,0.0331491712707182,,,,0.1837516338024185,1.8895027624309395,0.3520804372158169,0.2383759823416807,0.1657458563535911
Axel Witsel,Girona,La_Liga,M S,midfield,Low Attacking Involvement,1,2,2546,32,0.035349567949725,,,,0.0784151488805346,0.6009426551453261,0.3567252188221568,0.3304333441641301,0.0706991358994501
Kiko Femenía,Getafe,La_Liga,D M S,midfield,Low Attacking Involvement,1,1,2070,28,0.0434782608695652,,,,0.0834297144218631,0.7391304347826088,0.1657014750754055,0.0560808434434559,0.0434782608695652
Marc Roca,Real Betis,La_Liga,M S,midfield,Low Attacking Involvement,1,2,2020,29,0.0445544554455445,,,,0.0918879194351116,0.8465346534653465,0.3656191795898398,0.3142830945901794,0.0891089108910891
Aurelien Tchouameni,Real Madrid,La_Liga,M S,midfield,Low Attacking Involvement,1,0,2656,33,0.0338855421686747,,,,0.0783883465358606,0.8132530120481928,0.4704345852635936,0.3848426016496427,0.0
Fran Beltrán,"Celta Vigo,Girona",La_Liga,M S,midfield,Low Attacking Involvement,1,0,1544,27,0.0582901554404145,,,,0.0526658423881919,0.7577720207253886,0.434938741557136,0.3746072340749417,0.0
Adrià Pedrosa,"Elche,Sevilla",La_Liga,D M S,midfield,Moderate Attacking Involvement,1,1,1053,27,0.0854700854700854,,,,0.1343032840687112,1.965811965811966,0.4091993160545826,0.2351012093643856,0.0854700854700854
Leander Dendoncker,Real Oviedo,La_Liga,M S,midfield,Low Attacking Involvement,1,0,1338,19,0.0672645739910313,,,,0.0289653322028806,0.4708520179372197,0.1446735845970599,0.0985703276963111,0.0
Eduardo Camavinga,Real Madrid,La_Liga,D M S,midfield,Low Attacking Involvement,1,0,1507,29,0.059721300597213,,,,0.1089715318508352,0.8958195089581952,0.4313595448364148,0.3464172669026973,0.0
Frenkie de Jong,Barcelona,La_Liga,M S,midfield,Elite Attacking Involvement,1,5,1597,25,0.0563556668753913,,,,0.2872024342865591,1.9724483406386977,1.1533008847308668,0.913115301861678,0.2817783343769567
Eric Garcia,Barcelona,La_Liga,D M S,midfield,High Attacking Involvement,1,1,2761,34,0.0325968851865266,,,,0.0640604809015633,0.9779065555957986,0.8041026024434584,0.7677092537963921,0.0325968851865266
Pablo Martínez,Levante,La_Liga,M S,midfield,Moderate Attacking Involvement,1,5,1878,27,0.047923322683706,,,,0.262449202722849,1.7252396166134183,0.3912070083964509,0.2364972436104339,0.2396166134185303
Batista Mendy,Sevilla,La_Liga,M S,midfield,Low Attacking Involvement,1,0,1632,27,0.0551470588235294,,,,0.027028836621492,0.4963235294117647,0.2279970695620731,0.1932817281511447,0.0
Luis Milla,Getafe,La_Liga,M,midfield,Moderate Attacking Involvement,1,10,3288,37,0.0273722627737226,,,,0.1873354796476553,2.1350364963503647,0.2116217219906376,0.1308517280055115,0.2737226277372263
Tete Morente,Elche,La_Liga,D M S,midfield,Low Attacking Involvement,1,1,940,13,0.0957446808510638,,,,0.1256781441575669,1.1489361702127658,0.2563944370188611,0.1378210386697282,0.0957446808510638
Óscar Mingueza,Celta Vigo,La_Liga,D M S,midfield,High Attacking Involvement,1,4,1949,34,0.0461775269368907,,,,0.1891690082637819,1.4315033350436122,0.6006771391147739,0.4873130117194691,0.1847101077475628
Juan Iglesias,Getafe,La_Liga,D M S,midfield,Low Attacking Involvement,1,2,3189,37,0.0282220131702728,,,,0.0565231051418653,0.4797742238946378,0.2034982622566923,0.1423574506409417,0.0564440263405456
Inigo Ruiz de Galarreta,Athletic Club,La_Liga,M S,midfield,Moderate Attacking Involvement,1,2,2289,34,0.0393184796854521,,,,0.1307920433048691,1.1795543905635648,0.3956588956272305,0.3327849773424012,0.0786369593709043
José Ángel Carmona,Sevilla,La_Liga,D M S,midfield,Low Attacking Involvement,1,3,2561,35,0.0351425224521671,,,,0.0828176323245892,0.7731354939476767,0.3298890360291757,0.2664095562421242,0.1054275673565013
Fran García,Real Madrid,La_Liga,D M S,midfield,Low Attacking Involvement,1,1,930,13,0.0967741935483871,,,,0.02923483413554,0.4838709677419355,0.4484528263490046,0.383376746047889,0.0967741935483871
Óscar Valentín,Rayo Vallecano,La_Liga,M S,midfield,Low Attacking Involvement,1,0,2143,33,0.0419972001866542,,,,0.0395426966599351,0.4199720018665422,0.4352337010317785,0.3402439958006978,0.0
Pablo Barrios Rivas,Atletico Madrid,La_Liga,M S,midfield,High Attacking Involvement,1,1,1672,23,0.0538277511961722,,,,0.0915042680919919,1.076555023923445,0.578212656490683,0.4406517901921279,0.0538277511961722
Pablo Ibáñez,Alaves,La_Liga,M S,midfield,Low Attacking Involvement,1,1,2278,37,0.0395083406496927,,,,0.0509069506749445,0.7506584723441616,0.2844044608714041,0.1943122225554367,0.0395083406496927
Sergi Altimira,Real Betis,La_Liga,M S,midfield,Low Attacking Involvement,1,2,1176,24,0.0765306122448979,,,,0.0425218007698351,0.8418367346938775,0.3303359166662,0.2876659899912014,0.1530612244897959
Abel Bretones,Osasuna,La_Liga,D M S,midfield,Low Attacking Involvement,1,2,1600,28,0.05625,,,,0.0823237006086856,0.7312500000000001,0.1896996016963385,0.120772081852192,0.1125
Miguel Román,Celta Vigo,La_Liga,M S,midfield,High Attacking Involvement,1,0,1297,19,0.069390902081727,,,,0.1450256790690061,1.17964533538936,0.5906834176748004,0.4390948245541674,0.0
Alejandro Rego,Athletic Club,La_Liga,M S,midfield,Low Attacking Involvement,1,1,1231,29,0.0731112916328188,,,,0.0584560201013843,0.8042242079610074,0.2317463476921997,0.163943660146671,0.0731112916328188
Unai Elgezabal,Levante,La_Liga,D M S,midfield,Low Attacking Involvement,1,0,963,12,0.0934579439252336,,,,0.0125149146557968,0.1869158878504672,0.1369765978828769,0.1369765978828769,0.0
Marc Aguado,Elche,La_Liga,M S,midfield,Low Attacking Involvement,1,2,2539,35,0.0354470263883418,,,,0.020370361108704,0.3899172902717605,0.1981185122373631,0.1782753360951073,0.0708940527766837
Jon Gorrotxategi,Real Sociedad,La_Liga,M S,midfield,Low Attacking Involvement,1,3,2235,30,0.0402684563758389,,,,0.0398691947503177,0.7248322147651007,0.3869322828648474,0.3441172550063605,0.1208053691275167
Ángel Pérez,Alaves,La_Liga,D M S,midfield,Moderate Attacking Involvement,1,3,1292,16,0.0696594427244582,,,,0.1440784822134503,1.671826625386997,0.3627797123188897,0.1804574194505533,0.2089783281733746
Trent Alexander-Arnold,Real Madrid,La_Liga,D M S,midfield,Moderate Attacking Involvement,0,4,1175,21,0.0,,,,0.1553665408745725,2.1446808510638298,0.4809404768525285,0.4093629863033903,0.3063829787234042
Moi Gómez,Osasuna,La_Liga,M S,midfield,Moderate Attacking Involvement,0,2,1202,26,0.0,,,,0.1430811068839618,1.1980033277870217,0.3853282959707167,0.23625872783617,0.1497504159733777
Marcos Llorente,Atletico Madrid,La_Liga,D M S,midfield,High Attacking Involvement,0,4,2190,29,0.0,,,,0.172699569737258,0.821917808219178,0.699189792833712,0.5144451967606397,0.1643835616438356
Gerard Gumbau,Rayo Vallecano,La_Liga,M S,midfield,Moderate Attacking Involvement,0,3,1153,28,0.0,,,,0.1962642082645649,1.795316565481353,0.4725843914344274,0.3489051089789282,0.2341717259323504
Unai López,Rayo Vallecano,La_Liga,M S,midfield,Moderate Attacking Involvement,0,4,1637,28,0.0,,,,0.1385912841280368,1.979230299328039,0.3856510401429766,0.2777541068336479,0.2199144777031154
Djené Dakonam,Getafe,La_Liga,D M S,midfield,Low Attacking Involvement,0,0,2601,34,0.0,,,,0.0077022262768349,0.1038062283737024,0.1001617101675292,0.0937904161642785,0.0
Sergio Gómez,Real Sociedad,La_Liga,D M S,midfield,Moderate Attacking Involvement,0,6,2712,35,0.0,,,,0.2460689821375319,1.4933628318584071,0.3949284428664673,0.2819515900084732,0.1991150442477876
Lucas Torró,Osasuna,La_Liga,M S,midfield,Low Attacking Involvement,0,1,2362,34,0.0,,,,0.0480911358410238,0.5715495342929721,0.1952199011356597,0.1430653825135716,0.0381033022861981
Andrei Ratiu,Rayo Vallecano,La_Liga,D M S,midfield,Moderate Attacking Involvement,0,4,2791,35,0.0,,,,0.19976131571974,1.4188462916517377,0.5188263645205434,0.3673065276646307,0.1289860265137943
Iván Martín,Girona,La_Liga,M S,midfield,Low Attacking Involvement,0,1,2558,35,0.0,,,,0.076581981175807,0.9147771696637998,0.3812012991535188,0.298347131183853,0.0351837372947615
Jon Moncayola,Osasuna,La_Liga,D M S,midfield,Moderate Attacking Involvement,0,4,3061,36,0.0,,,,0.1428315413605247,1.1466840901666122,0.3002923204691649,0.1513875352644094,0.117608624632473
Sofyan Amrabat,Real Betis,La_Liga,M S,midfield,Low Attacking Involvement,0,0,1297,17,0.0,,,,0.0166247930929191,0.4857363145720894,0.2759945894675523,0.2481501083749252,0.0
Juanlu Sanchez,Sevilla,La_Liga,D M S,midfield,Low Attacking Involvement,0,3,2016,32,0.0,,,,0.0847614488364862,0.9821428571428572,0.2406518843158015,0.1498140258315418,0.1339285714285714
Oriol Rey,Levante,La_Liga,M S,midfield,Low Attacking Involvement,0,1,1316,20,0.0,,,,0.0176153089822833,0.6838905775075989,0.4486936790582732,0.4156553442377631,0.0683890577507598
Urko Gonzalez,"Espanyol,Real Sociedad",La_Liga,M S,midfield,Low Attacking Involvement,0,1,2615,36,0.0,,,,0.011675334092137,0.3441682600382409,0.2042025245127782,0.1814185215755015,0.034416826003824
Beñat Turrientes,Real Sociedad,La_Liga,M S,midfield,Low Attacking Involvement,0,3,1355,27,0.0,,,,0.0787925537112014,0.7970479704797048,0.3705905878510862,0.2699776829471227,0.1992619926199262
Hugo Sotelo,Celta Vigo,La_Liga,M S,midfield,Moderate Attacking Involvement,0,2,1350,20,0.0,,,,0.1475091833621263,1.6666666666666663,0.4729265629003445,0.4297089830040932,0.1333333333333333
Antonio Sánchez,Mallorca,La_Liga,D M S,midfield,Low Attacking Involvement,0,0,1016,30,0.0,,,,0.0937923626226233,1.062992125984252,0.3509322389608293,0.2188859633756728,0.0
Marc Casadó,Barcelona,La_Liga,M S,midfield,High Attacking Involvement,0,1,957,24,0.0,,,,0.0546955389662596,1.316614420062696,0.7721902537495365,0.6477879117415243,0.0940438871473354
Pablo Marín,Real Sociedad,La_Liga,M S,midfield,Low Attacking Involvement,0,1,1491,34,0.0,,,,0.1118968023545665,0.7847082494969819,0.4252247512715323,0.2482539169505329,0.0603621730382293
Iker Muñoz,Osasuna,La_Liga,M S,midfield,Low Attacking Involvement,0,0,928,19,0.0,,,,0.0244664671782661,0.4849137931034483,0.1828327050617221,0.1538240906967107,0.0
Johnny Cardoso,Atletico Madrid,La_Liga,M S,midfield,Low Attacking Involvement,0,0,905,15,0.0,,,,0.0333658791872677,0.2983425414364641,0.2737170545106435,0.2457399658899939,0.0
Kwasi Sibo,Real Oviedo,La_Liga,M S,midfield,Low Attacking Involvement,0,0,1782,27,0.0,,,,0.0025254116403033,0.1515151515151515,0.2223133405839855,0.2053669418650444,0.0
Álvaro Núñez,"Celta Vigo,Elche",La_Liga,D M S,midfield,Low Attacking Involvement,0,2,2006,25,0.0,,,,0.1138084703371122,0.942173479561316,0.4347214740557096,0.3905206343487781,0.0897308075772681
Santiago Colombatto,Real Oviedo,La_Liga,M S,midfield,Low Attacking Involvement,0,1,2157,33,0.0,,,,0.1176957503966313,1.043115438108484,0.2699423545740949,0.2216630811532324,0.0417246175243393
Kareem Tunde,Levante,La_Liga,M S,midfield,Low Attacking Involvement,0,1,1183,21,0.0,,,,0.0480786949358345,0.4564666103127641,0.2824957334276664,0.1593173497111638,0.0760777683854607
Nicolás Fonseca,Real Oviedo,La_Liga,M S,midfield,Low Attacking Involvement,0,0,1028,19,0.0,,,,0.0085441595313034,0.2626459143968871,0.2455986162705586,0.2325397603402225,0.0
Michael Olise,Bayern Munich,Bundesliga,M S,midfield,Elite Attacking Involvement,15,19,2308,32,0.5849220103986135,,,,0.6646353110228786,3.080589254766032,1.5211341661793312,0.6618589211571672,0.7409012131715771
Luis Díaz,Bayern Munich,Bundesliga,M S,midfield,Elite Attacking Involvement,15,14,2464,32,0.5478896103896104,,,,0.3697423474461009,2.374188311688312,1.334712667566083,0.5573633612910672,0.5113636363636364
Christoph Baumgartner,RasenBallsport Leipzig,Bundesliga,M S,midfield,Elite Attacking Involvement,13,8,2811,33,0.4162219850586979,,,,0.1374438866424268,1.184631803628602,0.7684502989578526,0.2676922790388096,0.256136606189968
Jens Stage,Werder Bremen,Bundesliga,M,midfield,Moderate Attacking Involvement,10,2,2489,29,0.3615910004017678,,,,0.1257186190757635,0.9401366010445962,0.4567222024342916,0.2058344869734102,0.0723182000803535
Can Uzun,Eintracht Frankfurt,Bundesliga,M S,midfield,Elite Attacking Involvement,8,4,1178,21,0.6112054329371817,,,,0.2010923216565305,1.4516129032258065,0.6522512279691235,0.2338662909593667,0.3056027164685908
Grischa Prömel,Hoffenheim,Bundesliga,M S,midfield,Moderate Attacking Involvement,7,2,1696,33,0.3714622641509434,,,,0.1390067498608193,0.902122641509434,0.5677472958385171,0.1851210692888653,0.1061320754716981
Vincenzo Grifo,Freiburg,Bundesliga,M S,midfield,Elite Attacking Involvement,7,4,1733,33,0.363531448355453,,,,0.2797946330015878,2.0253894979803806,0.5284976665375554,0.2674024700215629,0.2077322562031159
Jamie Leweling,VfB Stuttgart,Bundesliga,D M S,midfield,Elite Attacking Involvement,7,9,2385,32,0.2641509433962264,,,,0.2284793621807728,1.5471698113207546,0.6544412662679294,0.3403913008295139,0.3396226415094339
Maximilian Mittelstädt,VfB Stuttgart,Bundesliga,D M S,midfield,High Attacking Involvement,6,4,2200,32,0.2454545454545454,,,,0.225822517377409,1.5136363636363637,0.6662176482040774,0.4946394138630818,0.1636363636363636
Malik Tillman,Bayer Leverkusen,Bundesliga,M S,midfield,Moderate Attacking Involvement,6,1,1681,29,0.3212373587150505,,,,0.1929997841138913,1.4455681142177277,0.6735913377479029,0.2708287650673854,0.0535395597858417
Leon Goretzka,Bayern Munich,Bundesliga,M S,midfield,High Attacking Involvement,5,3,2004,31,0.2245508982035928,,,,0.1053992744038874,0.9431137724550898,0.7424317246224887,0.6303595079382335,0.1347305389221557
Rani Khedira,Union Berlin,Bundesliga,M,midfield,Low Attacking Involvement,5,1,2854,32,0.1576734407848633,,,,0.0730259849323767,0.5045550105115627,0.2080275190337583,0.1015324492435628,0.0315346881569726
Paul Nebel,Mainz 05,Bundesliga,M S,midfield,Moderate Attacking Involvement,5,2,2087,30,0.2156205079060852,,,,0.2304015807971665,1.7680881648298994,0.6072644339753899,0.1831375958713036,0.0862482031624341
Albert Sambi Lokonga,Hamburger SV,Bundesliga,M S,midfield,Low Attacking Involvement,5,0,1724,26,0.2610208816705336,,,,0.0718685744974217,1.3051044083526682,0.3392897446028318,0.2348708822726858,0.0
Derry Scherhant,Freiburg,Bundesliga,M S,midfield,Moderate Attacking Involvement,5,1,1253,31,0.3591380686352753,,,,0.1411298076575362,1.5802075019952115,0.3928215152837472,0.1260266119297608,0.071827613727055
Johan Manzambi,Freiburg,Bundesliga,M S,midfield,Moderate Attacking Involvement,5,4,2145,27,0.2097902097902098,,,,0.1501491872163919,0.7972027972027973,0.5227393194824664,0.3232645930370667,0.1678321678321678
Lennart Karl,Bayern Munich,Bundesliga,M S,midfield,Elite Attacking Involvement,5,5,1268,26,0.3548895899053627,,,,0.198084491551839,1.6324921135646688,1.2581023282873849,0.6462427797177894,0.3548895899053627
Ernest Poku,Bayer Leverkusen,Bundesliga,D M S,midfield,Elite Attacking Involvement,5,5,1471,29,0.3059143439836845,,,,0.193247301649634,1.6519374575118966,0.6577303453287163,0.2678405543134619,0.3059143439836845
Yuito Suzuki,Freiburg,Bundesliga,M S,midfield,Moderate Attacking Involvement,4,2,1645,25,0.2188449848024316,,,,0.1148751331974489,1.3677811550151977,0.4615535673127711,0.1710728163233644,0.1094224924012158
Nathaniel Brown,Eintracht Frankfurt,Bundesliga,D M S,midfield,Moderate Attacking Involvement,4,4,2668,33,0.1349325337331334,,,,0.1072718011218121,1.146926536731634,0.339175869830824,0.203839324532018,0.1349325337331334
Wouter Burger,Hoffenheim,Bundesliga,M,midfield,Moderate Attacking Involvement,4,5,2486,30,0.1448109412711182,,,,0.2129631345658559,1.8463395012067576,0.5159671164296824,0.2579705405392934,0.1810136765888978
Maximilian Eggestein,Freiburg,Bundesliga,M,midfield,Low Attacking Involvement,3,1,3060,34,0.088235294117647,,,,0.0415618983919129,0.5588235294117647,0.3207241008606027,0.2402675391777473,0.0294117647058823
Christian Eriksen,Wolfsburg,Bundesliga,M S,midfield,Elite Attacking Involvement,3,9,2446,31,0.1103843008994276,,,,0.2908324944205698,2.2812755519215044,0.5257641405281432,0.3303818626653704,0.3311529026982829
Aleix García,Bayer Leverkusen,Bundesliga,M S,midfield,High Attacking Involvement,3,7,2708,33,0.0997045790251107,,,,0.201600825281998,1.6285081240768091,0.7111197525664251,0.6156669495155432,0.2326440177252585
Konrad Laimer,Bayern Munich,Bundesliga,D M S,midfield,Elite Attacking Involvement,3,9,1997,29,0.1352028042063094,,,,0.2248733310037305,1.937906860290436,0.9248252204047124,0.6648253244671991,0.4056084126189284
Xaver Schlager,RasenBallsport Leipzig,Bundesliga,M S,midfield,High Attacking Involvement,3,1,1844,26,0.1464208242950108,,,,0.1072662851900476,1.024945770065076,0.9928960103638584,0.830161304651495,0.0488069414316702
Tom Bischof,Bayern Munich,Bundesliga,D M S,midfield,High Attacking Involvement,3,3,1282,26,0.2106084243369735,,,,0.2002244085282691,1.684867394695788,0.7925868876766583,0.5629429112184159,0.2106084243369735
Ibrahim Maza,Bayer Leverkusen,Bundesliga,M S,midfield,High Attacking Involvement,3,4,1845,28,0.1463414634146341,,,,0.2141733357637393,1.3658536585365857,0.8744729495630031,0.4731512378628661,0.1951219512195122
Aleksandar Pavlovic,Bayern Munich,Bundesliga,M S,midfield,High Attacking Involvement,3,1,1451,24,0.186078566505858,,,,0.121076818565863,1.3025499655410062,0.8967801086928088,0.775397639955265,0.062026188835286
Jan Schöppner,FC Heidenheim,Bundesliga,M S,midfield,Low Attacking Involvement,3,3,2286,31,0.1181102362204724,,,,0.1172209001608251,0.5511811023622047,0.3599115951338739,0.2099645267952028,0.1181102362204724
Alexander Prass,Hoffenheim,Bundesliga,D M S,midfield,Moderate Attacking Involvement,3,2,1269,32,0.2127659574468085,,,,0.1536643207865826,1.2765957446808511,0.4526753627186548,0.2401986331117491,0.1418439716312056
Chema Andres,VfB Stuttgart,Bundesliga,M S,midfield,High Attacking Involvement,3,0,1299,25,0.207852193995381,,,,0.0844281256482796,1.039260969976905,0.5942616452125287,0.5206369010701466,0.0
Julian Niehues,FC Heidenheim,Bundesliga,M S,midfield,Low Attacking Involvement,3,0,1416,24,0.1906779661016949,,,,0.0463077483572444,0.4449152542372881,0.2756035475502327,0.1790540848495596,0.0
Robin Fellhauer,Augsburg,Bundesliga,D M S,midfield,Low Attacking Involvement,3,2,2829,34,0.0954400848356309,,,,0.068152771743206,0.9862142099681868,0.2755599269052831,0.1458903007833474,0.0636267232237539
Joshua Kimmich,Bayern Munich,Bundesliga,M S,midfield,Elite Attacking Involvement,2,8,2268,29,0.0793650793650793,,,,0.3003765745384116,2.2222222222222223,1.1025985046511604,0.8692709392025357,0.3174603174603174
Danny da Costa,Mainz 05,Bundesliga,D M S,midfield,Low Attacking Involvement,2,3,2689,34,0.0669393826701375,,,,0.0946901138461835,0.5355150613611007,0.3312824107152394,0.2407415491878964,0.1004090740052063
Jonas Hofmann,Bayer Leverkusen,Bundesliga,D M S,midfield,High Attacking Involvement,2,2,997,23,0.1805416248746238,,,,0.2487220231410015,1.444332998996991,0.8838130107360593,0.5229228586817876,0.1805416248746238
Silvan Widmer,Mainz 05,Bundesliga,D M S,midfield,Low Attacking Involvement,2,1,1855,27,0.0970350404312668,,,,0.0877655216384769,0.3881401617250674,0.3738082964023489,0.2405255067681848,0.0485175202156334
Elvis Rexhbecaj,Augsburg,Bundesliga,D M S,midfield,Low Attacking Involvement,2,0,1098,26,0.1639344262295081,,,,0.0579449563424606,0.7377049180327869,0.2112733830743637,0.1170888089681746,0.0
Han-Noah Massengo,Augsburg,Bundesliga,M S,midfield,Low Attacking Involvement,2,1,2455,33,0.0733197556008146,,,,0.0599603814598317,0.6232179226069247,0.327521681762822,0.213292152228217,0.0366598778004073
Andras Schafer,Union Berlin,Bundesliga,M S,midfield,Low Attacking Involvement,2,1,1420,28,0.1267605633802817,,,,0.0492395603058623,0.380281690140845,0.3506366058160931,0.2111108651463414,0.0633802816901408
Robert Andrich,Bayer Leverkusen,Bundesliga,D M S,midfield,Low Attacking Involvement,2,0,2550,32,0.0705882352941176,,,,0.0189911092576735,0.4235294117647058,0.5228670364245772,0.509200603503953,0.0
Eric Martel,FC Cologne,Bundesliga,D M S,midfield,Low Attacking Involvement,2,2,2579,31,0.0697944939899185,,,,0.0718115526748031,0.48856145792943,0.3434942582403333,0.2737806647287962,0.0697944939899185
Felix Nmecha,Borussia Dortmund,Bundesliga,M S,midfield,Low Attacking Involvement,2,3,2208,29,0.0815217391304347,,,,0.0743300674999456,0.8152173913043479,0.4907791347890768,0.3705869674297941,0.1222826086956521
Joe Scally,Borussia M.Gladbach,Bundesliga,D M S,midfield,Low Attacking Involvement,2,3,2615,32,0.0688336520076481,,,,0.0556878145164445,0.6195028680688337,0.3317957199134118,0.2399325401132239,0.1032504780114722
Angelo Stiller,VfB Stuttgart,Bundesliga,M S,midfield,High Attacking Involvement,2,5,2752,34,0.065406976744186,,,,0.1983375950319811,1.7659883720930232,0.6426951014788734,0.4871043250598231,0.1635174418604651
Lovro Majer,Wolfsburg,Bundesliga,M S,midfield,Moderate Attacking Involvement,2,3,1390,28,0.1294964028776978,,,,0.1898300294637037,1.359712230215827,0.5328841802778004,0.1838708189215591,0.1942446043165467
Kristijan Jakic,Augsburg,Bundesliga,D M S,midfield,Low Attacking Involvement,2,1,1655,26,0.1087613293051359,,,,0.0739991967974292,0.7069486404833838,0.236726581560746,0.1722270459713262,0.0543806646525679
Yannick Engelhardt,Borussia M.Gladbach,Bundesliga,M S,midfield,Low Attacking Involvement,2,2,2506,31,0.071827613727055,,,,0.038731682165589,0.538707102952913,0.3162821126226202,0.2398893337976261,0.071827613727055
Aaron Zehnter,Wolfsburg,Bundesliga,D M S,midfield,Low Attacking Involvement,2,0,1467,20,0.1226993865030674,,,,0.0646557642912572,0.98159509202454,0.3537672107890705,0.1904029675696525,0.0
Yan Couto,Borussia Dortmund,Bundesliga,D M S,midfield,Moderate Attacking Involvement,2,2,989,19,0.1820020222446916,,,,0.2593320313204528,1.5470171890798785,0.6267211402044137,0.3997472075875415,0.1820020222446916
Hugo Larsson,Eintracht Frankfurt,Bundesliga,M S,midfield,Low Attacking Involvement,2,2,1839,25,0.097879282218597,,,,0.0580873304513111,0.929853181076672,0.2755935418421059,0.1838066151781922,0.097879282218597
Jan-Niklas Beste,Freiburg,Bundesliga,M S,midfield,Moderate Attacking Involvement,2,2,1721,28,0.10459035444509,,,,0.1974581108839272,1.8826263800116207,0.5401483038413288,0.3048521692754743,0.10459035444509
Philipp Sander,Borussia M.Gladbach,Bundesliga,D M S,midfield,Low Attacking Involvement,2,0,2475,30,0.0727272727272727,,,,0.029630109058185,0.4,0.3656653008677743,0.3265488391572779,0.0
Eric Smith,St. Pauli,Bundesliga,D M S,midfield,Low Attacking Involvement,2,2,2313,27,0.0778210116731517,,,,0.0348442721140755,0.7003891050583657,0.2293014037875813,0.223122992795613,0.0778210116731517
Daniel Svensson,Borussia Dortmund,Bundesliga,D M S,midfield,Moderate Attacking Involvement,2,2,2454,33,0.0733496332518337,,,,0.1576173064369517,1.2836185819070904,0.3907154431033761,0.232748568472441,0.0733496332518337
Ísak Bergmann Jóhannesson,FC Cologne,Bundesliga,M S,midfield,Moderate Attacking Involvement,2,2,1830,31,0.0983606557377049,,,,0.1186057281848348,1.6229508196721312,0.4720227884769928,0.3493230605772773,0.0983606557377049
Yannick Gerhardt,Wolfsburg,Bundesliga,D M S,midfield,Low Attacking Involvement,1,0,1080,19,0.0833333333333333,,,,0.0753962186475595,0.6666666666666667,0.2089742018530766,0.0982604407084485,0.0
Maximilian Arnold,Wolfsburg,Bundesliga,M S,midfield,Moderate Attacking Involvement,1,4,1837,25,0.0489929232444202,,,,0.2081184715507111,1.4207947740881872,0.2516347128303725,0.2116641521537002,0.195971692977681
Marnon Busch,FC Heidenheim,Bundesliga,D M S,midfield,Moderate Attacking Involvement,1,5,1901,29,0.047343503419253,,,,0.1537946911003521,0.7574960547080484,0.2955463095575469,0.2178783000283715,0.2367175170962651
Bakery Jatta,Hamburger SV,Bundesliga,D M S,midfield,Low Attacking Involvement,1,1,934,15,0.0963597430406852,,,,0.0285767520153675,0.4817987152034261,0.2889653292885428,0.1398277485132919,0.0963597430406852
Marcel Sabitzer,Borussia Dortmund,Bundesliga,M S,midfield,Low Attacking Involvement,1,2,1835,26,0.0490463215258855,,,,0.1098667553318943,0.7356948228882834,0.4380539038931641,0.3106391711886312,0.0980926430517711
Jonas Föhrenbach,FC Heidenheim,Bundesliga,D M S,midfield,Low Attacking Involvement,1,1,2333,27,0.0385769395627946,,,,0.0872315397502856,0.8486926703814831,0.1576579682667892,0.1138452678939596,0.0385769395627946
Joshua Vagnoman,VfB Stuttgart,Bundesliga,D M S,midfield,Moderate Attacking Involvement,1,3,1589,27,0.0566393958464443,,,,0.1201845063605797,0.9062303335431088,0.4290303710409685,0.1810567000091938,0.1699181875393329
Kevin Stöger,Borussia M.Gladbach,Bundesliga,M S,midfield,Moderate Attacking Involvement,1,1,1322,29,0.0680786686838124,,,,0.1396248795433074,1.8381240544629347,0.4629588367927498,0.3545642619087458,0.0680786686838124
Philipp Mwene,Mainz 05,Bundesliga,D M S,midfield,Low Attacking Involvement,1,2,2081,29,0.0432484382508409,,,,0.0925118822276821,0.7784718885151369,0.3683652928665616,0.2606149360265427,0.0864968765016818
Vladimir Coufal,Hoffenheim,Bundesliga,D M,midfield,Moderate Attacking Involvement,1,8,3032,34,0.0296833773087071,,,,0.2219928715975173,1.7216358839050132,0.4576609561116604,0.3265359342629016,0.2374670184696569
Joakim Maehle,Wolfsburg,Bundesliga,D M S,midfield,Moderate Attacking Involvement,1,2,1226,16,0.0734094616639478,,,,0.1208505512794045,1.0277324632952691,0.369325241668007,0.2538835401624004,0.1468189233278956
Patrick Osterhage,Freiburg,Bundesliga,M S,midfield,Low Attacking Involvement,1,0,1190,20,0.0756302521008403,,,,0.0251828347246686,0.453781512605042,0.2335313812148671,0.1184161279131384,0.0
Kaishu Sano,Mainz 05,Bundesliga,M,midfield,Low Attacking Involvement,1,2,3060,34,0.0294117647058823,,,,0.1064428946222452,0.7352941176470589,0.4153014143161914,0.3215276101494536,0.0588235294117647
Oscar Højlund,Eintracht Frankfurt,Bundesliga,M S,midfield,Low Attacking Involvement,1,1,1082,24,0.0831792975970425,,,,0.0886723947282639,0.5822550831792976,0.2646604577310094,0.1519422286814991,0.0831792975970425
Philipp Treu,Freiburg,Bundesliga,D M S,midfield,Low Attacking Involvement,1,2,2195,28,0.041002277904328,,,,0.074324101235098,0.8200455580865603,0.3155577280611682,0.1986912342047229,0.082004555808656
Manolis Saliakas,St. Pauli,Bundesliga,D M S,midfield,Low Attacking Involvement,1,3,1118,17,0.0805008944543828,,,,0.0725367290304377,0.9660107334525938,0.2318776425887199,0.1431930531316131,0.2415026833631484
James Sands,St. Pauli,Bundesliga,M S,midfield,Low Attacking Involvement,1,0,1957,24,0.0459887583035258,,,,0.0444335996053872,0.459887583035258,0.2219566673337347,0.1648018436908996,0.0
Louis Oppie,St. Pauli,Bundesliga,D M S,midfield,Low Attacking Involvement,1,0,1606,23,0.0560398505603985,,,,0.0630775640995832,0.5603985056039851,0.2669423194033827,0.1546267435942796,0.0
Nicolás Capaldo,Hamburger SV,Bundesliga,D M S,midfield,Low Attacking Involvement,1,3,2029,26,0.0443568260226712,,,,0.0818956508119891,0.975850172498768,0.2840955299726917,0.1176460273931066,0.1330704780680138
Ellyes Skhiri,Eintracht Frankfurt,Bundesliga,D M S,midfield,Low Attacking Involvement,0,0,1439,25,0.0,,,,0.0191786764493785,0.4378040305767894,0.3850578793464972,0.3474706455759699,0.0
Janik Haberer,Union Berlin,Bundesliga,D M S,midfield,Low Attacking Involvement,0,1,1662,28,0.0,,,,0.0793914171440076,1.1371841155234657,0.1421987295439903,0.0874601842647263,0.0541516245487364
Niklas Dorsch,FC Heidenheim,Bundesliga,M S,midfield,Low Attacking Involvement,0,1,2293,32,0.0,,,,0.0813050193868892,0.941997383340602,0.3766220375185534,0.3575125667585382,0.039249890972525
Tom Krauß,FC Cologne,Bundesliga,D M S,midfield,Low Attacking Involvement,0,2,1779,26,0.0,,,,0.0639576239363741,0.7588532883642496,0.3615223530296732,0.3045277525537331,0.1011804384485666
Exequiel Palacios,Bayer Leverkusen,Bundesliga,M S,midfield,High Attacking Involvement,0,1,1079,18,0.0,,,,0.1097661370896597,1.0843373493975903,0.6415099465737915,0.5920703924046112,0.0834105653382761
Rocco Reitz,Borussia M.Gladbach,Bundesliga,M,midfield,Moderate Attacking Involvement,0,4,2669,31,0.0,,,,0.1346384826628857,0.9441738478831024,0.4448187701353847,0.2733326933541048,0.1348819782690146
Atakan Karazor,VfB Stuttgart,Bundesliga,M S,midfield,Low Attacking Involvement,0,1,1906,28,0.0,,,,0.0765521366223458,0.6138509968520462,0.5396659117962105,0.4228311371163769,0.0472193074501574
William Mikelbrencis,Hamburger SV,Bundesliga,D M S,midfield,Moderate Attacking Involvement,0,4,1384,26,0.0,,,,0.1831664597330281,1.0404624277456649,0.3226901367414376,0.0547089370915052,0.2601156069364161
Vinicius Souza,Wolfsburg,Bundesliga,M S,midfield,Low Attacking Involvement,0,0,1794,24,0.0,,,,0.0391085294346297,0.4013377926421405,0.2520578774470948,0.2215100652584962,0.0
Sael Kumbedi,Wolfsburg,Bundesliga,D M S,midfield,Moderate Attacking Involvement,0,5,1825,24,0.0,,,,0.1538838949309636,0.8876712328767123,0.3013819702428906,0.2010031872518258,0.2465753424657534
Aljoscha Kemlein,Union Berlin,Bundesliga,M S,midfield,Low Attacking Involvement,0,2,1984,30,0.0,,,,0.071246875393685,0.6350806451612903,0.3155469300033855,0.226902155601795,0.0907258064516129
Senne Lynen,Werder Bremen,Bundesliga,D M,midfield,Low Attacking Involvement,0,0,2766,31,0.0,,,,0.0402605983503405,0.455531453362256,0.295903321543462,0.2413684032441252,0.0
Nicolas Seiwald,RasenBallsport Leipzig,Bundesliga,D M S,midfield,Low Attacking Involvement,0,2,2730,33,0.0,,,,0.0596399988651603,0.4945054945054945,0.5363009981811047,0.4626351451439844,0.0659340659340659
Lukas Ullrich,Borussia M.Gladbach,Bundesliga,D M S,midfield,Low Attacking Involvement,0,0,1301,23,0.0,,,,0.0626905386455694,0.9684857801691008,0.3864034039643432,0.2979076418919714,0.0
Nicolai Remberg,Hamburger SV,Bundesliga,D M,midfield,Low Attacking Involvement,0,2,2880,32,0.0,,,,0.0673207953805103,0.4062499999999999,0.2830751130823046,0.2245556820416823,0.0625
Lars Ritzka,St. Pauli,Bundesliga,D M S,midfield,Low Attacking Involvement,0,0,974,21,0.0,,,,0.0809051935394625,0.5544147843942505,0.1354508569035717,0.0721504024729071,0.0
Jackson Irvine,St. Pauli,Bundesliga,M S,midfield,Low Attacking Involvement,0,1,1617,24,0.0,,,,0.0505690173987223,0.6122448979591837,0.2611736989889384,0.1522812770475704,0.0556586270871985
Leon Avdullahu,Hoffenheim,Bundesliga,M S,midfield,Low Attacking Involvement,0,1,2860,33,0.0,,,,0.0417039278191286,0.6923076923076923,0.4107169012988468,0.3682806907951103,0.0314685314685314
Arkadiusz Pyrka,St. Pauli,Bundesliga,D M S,midfield,Low Attacking Involvement,0,1,2596,31,0.0,,,,0.0770695023461085,0.8320493066255779,0.288628715503737,0.2293439833189035,0.034668721109399
Jobe Bellingham,Borussia Dortmund,Bundesliga,M S,midfield,Low Attacking Involvement,0,1,1779,32,0.0,,,,0.0390734992494169,0.4553119730185497,0.4857513222460199,0.4286028500049552,0.0505902192242833
Kristoffer Lund,FC Cologne,Bundesliga,D M S,midfield,Low Attacking Involvement,0,2,2319,33,0.0,,,,0.0676811832987629,0.7761966364812418,0.3201635778528598,0.2625651722038972,0.0776196636481242
Miro Muheim,Hamburger SV,Bundesliga,D M S,midfield,Moderate Attacking Involvement,0,4,2443,29,0.0,,,,0.1286635221932518,1.4735980352026197,0.2322754771969038,0.1808821228098366,0.1473598035202619
Ezequiél Fernández,Bayer Leverkusen,Bundesliga,M S,midfield,High Attacking Involvement,0,1,1009,20,0.0,,,,0.0709256705919389,0.7135777998017839,0.7091910011025202,0.6566778392640816,0.0891972249752229
Scott McTominay,Napoli,Serie_A,M S,midfield,Low Attacking Involvement,10,3,2798,33,0.3216583273766976,,,,0.0645043850451004,0.7076483202287348,0.4966563313634928,0.258575477520852,0.0964974982130092
Hakan Calhanoglu,Inter,Serie_A,M S,midfield,Elite Attacking Involvement,9,4,1674,22,0.4838709677419355,,,,0.1869021489294946,2.1505376344086025,0.5560844764113426,0.464377018713182,0.2150537634408602
Rolando Mandragora,Fiorentina,Serie_A,M S,midfield,Moderate Attacking Involvement,7,3,2470,34,0.2550607287449393,,,,0.1049583522293731,1.2753036437246963,0.3563396944494744,0.2159224770782206,0.1093117408906882
Piotr Zielinski,Inter,Serie_A,M S,midfield,High Attacking Involvement,6,3,2048,34,0.263671875,,,,0.1862312861976534,1.2744140625,0.6128855529914291,0.4946626302989898,0.1318359375
Adrien Rabiot,AC Milan,Serie_A,M S,midfield,Moderate Attacking Involvement,6,4,2546,29,0.2120974076983503,,,,0.1392013841299142,0.9544383346425764,0.5536856082577525,0.3544369187624503,0.1413982717989002
Ruslan Malinovskiy,Genoa,Serie_A,M S,midfield,Moderate Attacking Involvement,6,3,2279,34,0.2369460289600702,,,,0.1714858462557543,1.500658183413778,0.3739179052108471,0.2599284823979004,0.1184730144800351
Lucas Da Cunha,Como,Serie_A,M S,midfield,High Attacking Involvement,6,4,2765,36,0.1952983725135623,,,,0.196000505656435,1.464737793851718,0.5693428105932355,0.4138243819568406,0.1301989150090416
Cesare Casadei,Torino,Serie_A,M S,midfield,Low Attacking Involvement,6,0,1971,33,0.273972602739726,,,,0.0826801481703509,0.776255707762557,0.4579290832694807,0.3161097025354158,0.0
Ismaël Koné,Sassuolo,Serie_A,M S,midfield,Low Attacking Involvement,6,0,2795,35,0.1932021466905187,,,,0.0566645395477204,0.7406082289803221,0.3919600462840872,0.2525906607172117,0.0
Kevin De Bruyne,Napoli,Serie_A,M S,midfield,Elite Attacking Involvement,5,2,1176,18,0.3826530612244898,,,,0.307913007528274,2.7551020408163263,0.6038893228016642,0.4070062948656933,0.1530612244897959
Weston McKennie,Juventus,Serie_A,D M S,midfield,High Attacking Involvement,5,5,2857,36,0.1575078753937696,,,,0.1698560054300859,1.512075603780189,0.6675634279424676,0.3827201276574261,0.1575078753937696
Wesley,Roma,Serie_A,D M S,midfield,Moderate Attacking Involvement,5,0,2474,30,0.1818916734033953,,,,0.1947020759042608,1.2004850444624091,0.5144376979904398,0.2809880281630647,0.0
Henrikh Mkhitaryan,Inter,Serie_A,M S,midfield,High Attacking Involvement,4,1,1547,30,0.2327084680025856,,,,0.1926080618142773,1.3380736910148674,1.0682867302329946,0.7028156904348383,0.0581771170006464
Franck Zambo,Napoli,Serie_A,M S,midfield,Moderate Attacking Involvement,4,1,1253,18,0.2873104549082202,,,,0.1114101411443254,0.9337589784517158,0.3526989178968399,0.2140801019241166,0.071827613727055
Mario Pasalic,Atalanta,Serie_A,M S,midfield,Elite Attacking Involvement,3,4,1922,33,0.1404786680541103,,,,0.2926316199694352,1.873048907388137,0.7693062934338364,0.486763699404686,0.1873048907388137
Davide Zappacosta,Atalanta,Serie_A,D M S,midfield,Moderate Attacking Involvement,3,3,2605,35,0.1036468330134357,,,,0.1556597108418218,1.4510556621881,0.4956753561827364,0.3242039479701395,0.1036468330134357
Danilo Cataldi,Lazio,Serie_A,M S,midfield,Low Attacking Involvement,3,3,2007,27,0.1345291479820627,,,,0.0919921910849654,1.031390134529148,0.2717428666126033,0.2147599164764042,0.1345291479820627
Nicolò Barella,Inter,Serie_A,M S,midfield,Elite Attacking Involvement,3,8,2561,34,0.1054275673565013,,,,0.2799321749538171,2.4599765716516986,0.7118291168828952,0.433365535871073,0.281140179617337
Leonardo Spinazzola,Napoli,Serie_A,D M S,midfield,Moderate Attacking Involvement,3,3,1906,32,0.1416579223504722,,,,0.1230670141099179,1.5110178384050368,0.491166422554025,0.3551612518764915,0.1416579223504722
Lassana Coulibaly,Lecce,Serie_A,M S,midfield,Low Attacking Involvement,3,1,2708,33,0.0997045790251107,,,,0.0391322526560774,0.6646971935007385,0.2522129155599142,0.1613572821058223,0.0332348596750369
Robin Gosens,Fiorentina,Serie_A,D M S,midfield,Low Attacking Involvement,3,1,1908,26,0.1415094339622641,,,,0.0453458780001075,0.5188679245283019,0.1906421352705022,0.1121379964861948,0.0471698113207547
Kephren Thuram,Juventus,Serie_A,M S,midfield,Moderate Attacking Involvement,3,3,2481,35,0.1088270858524788,,,,0.0962443078137222,0.9068923821039904,0.4634022567209482,0.3093135469292427,0.1088270858524788
Morten Thorsby,"Cremonese,Genoa",Serie_A,M S,midfield,Low Attacking Involvement,3,1,1390,24,0.1942446043165467,,,,0.051558352316723,0.5827338129496402,0.2699052246702875,0.1161287035190051,0.0647482014388489
Adrián Bernabé,Parma Calcio 1913,Serie_A,D M S,midfield,Moderate Attacking Involvement,3,1,2542,32,0.1062155782848151,,,,0.1643310355998569,1.947285601888277,0.3021368353842317,0.1536914594559384,0.035405192761605
Tommaso Pobega,Bologna,Serie_A,M S,midfield,Low Attacking Involvement,3,1,1446,26,0.1867219917012448,,,,0.0342956385324048,0.3734439834024896,0.3310022624286811,0.2085585432335796,0.0622406639004149
Andrea Cambiaso,Juventus,Serie_A,D M S,midfield,High Attacking Involvement,3,4,2846,36,0.0948699929725931,,,,0.2165592751365602,1.7709065354884046,0.6011692998578703,0.4233903859565931,0.1264933239634574
Máximo Perrone,Como,Serie_A,M S,midfield,High Attacking Involvement,3,4,2758,36,0.0978970268310369,,,,0.0827464587686609,1.0442349528643946,0.5381977865290088,0.3994618460976337,0.1305293691080493
Cher Ndour,Fiorentina,Serie_A,M S,midfield,Low Attacking Involvement,3,0,1875,33,0.144,,,,0.0166938144117593,0.336,0.301796124458313,0.2080211826860905,0.0
Kenneth Taylor,Lazio,Serie_A,M,midfield,Low Attacking Involvement,3,2,1418,17,0.1904090267983074,,,,0.068777443490376,0.8251057827926657,0.2885870970733075,0.1677073606083692,0.1269393511988716
Suat Serdar,Verona,Serie_A,M S,midfield,Low Attacking Involvement,2,0,1102,20,0.1633393829401088,,,,0.1147958806660127,0.9800362976406534,0.3736656916136777,0.1471441900002653,0.0
Bryan Cristante,Roma,Serie_A,M S,midfield,Low Attacking Involvement,2,1,3116,37,0.0577663671373555,,,,0.0659082162604022,0.7798459563543004,0.372501857499849,0.3164468994435875,0.0288831835686777
Luka Modric,AC Milan,Serie_A,M S,midfield,High Attacking Involvement,2,3,2827,34,0.0636717368234878,,,,0.1281683357596545,1.5917934205871949,0.4850891870942307,0.4424665503000934,0.0955076052352317
Matteo Guendouzi,Lazio,Serie_A,M,midfield,Low Attacking Involvement,2,1,1434,16,0.1255230125523012,,,,0.0641250262372039,0.9414225941422594,0.3568580704565826,0.2947255389796079,0.0627615062761506
Mehdi Leris,Pisa,Serie_A,D M S,midfield,Moderate Attacking Involvement,2,3,1910,34,0.0942408376963351,,,,0.1152281617326418,1.3193717277486912,0.2382330618291625,0.0890093102212507,0.1413612565445026
Toma Basic,Lazio,Serie_A,M,midfield,Moderate Attacking Involvement,2,3,1764,23,0.1020408163265306,,,,0.1230941813116019,1.1224489795918369,0.3278812621149938,0.2400569329323361,0.1530612244897959
Youssouf Fofana,AC Milan,Serie_A,M S,midfield,Moderate Attacking Involvement,2,3,2231,33,0.080681308830121,,,,0.1467751798018352,1.4522635589421784,0.5389048062525406,0.257079621166632,0.1210219632451815
Marco Brescianini,"Atalanta,Fiorentina",Serie_A,M S,midfield,Moderate Attacking Involvement,2,1,1018,26,0.1768172888015717,,,,0.1097833868097843,0.8840864440078585,0.4293598716141755,0.217244165459161,0.0884086444007858
Maxence Caqueret,Como,Serie_A,M S,midfield,Elite Attacking Involvement,2,6,1493,30,0.1205626255860683,,,,0.1675820811879331,1.5673141326188882,0.6432838824172789,0.4483843379081972,0.3616878767582049
Nicolo Fagioli,Fiorentina,Serie_A,M S,midfield,Moderate Attacking Involvement,2,3,2588,33,0.0695517774343122,,,,0.1816814896755692,2.2256568778979906,0.5329954573075638,0.3854239355179681,0.1043276661514683
Kouadio Kone,Roma,Serie_A,M S,midfield,High Attacking Involvement,2,3,2468,29,0.072933549432739,,,,0.1276152976071597,0.9116693679092382,0.5295080189386343,0.3963753754783247,0.1094003241491086
Kingsley Ehizibue,Udinese,Serie_A,D M S,midfield,Low Attacking Involvement,2,0,1810,32,0.0994475138121547,,,,0.0344578795526073,0.3977900552486188,0.2417059163074137,0.1403457583314147,0.0
Lazar Samardzic,Atalanta,Serie_A,M S,midfield,High Attacking Involvement,2,1,1005,26,0.1791044776119403,,,,0.212854225244095,2.5074626865671643,0.7657307266855419,0.4070202737713038,0.0895522388059701
Nicola Zalewski,Atalanta,Serie_A,D M S,midfield,Moderate Attacking Involvement,2,4,1917,33,0.0938967136150234,,,,0.2414767710850552,1.6901408450704225,0.4858708680725432,0.2799331507877285,0.1877934272300469
Kamaldeen Sulemana,Atalanta,Serie_A,M S,midfield,High Attacking Involvement,2,1,993,25,0.1812688821752265,,,,0.2066225494930571,1.178247734138973,0.7167169456215423,0.3523612597512695,0.0906344410876132
Éderson,Atalanta,Serie_A,M S,midfield,High Attacking Involvement,2,1,2253,30,0.0798934753661784,,,,0.0882992878328071,0.9986684420772304,0.6493505766086984,0.489121470029916,0.0399467376830892
Niccolò Pisilli,Roma,Serie_A,M S,midfield,Moderate Attacking Involvement,2,4,1263,25,0.1425178147268408,,,,0.158064562092909,0.8551068883610452,0.4671965471763084,0.2869136165606296,0.2850356294536817
Giovanni Fabbian,"Bologna,Fiorentina",Serie_A,M S,midfield,Low Attacking Involvement,2,0,1160,29,0.1551724137931034,,,,0.1282499204389751,0.6982758620689655,0.391379343666907,0.1538372163596595,0.0
Davide Bartesaghi,AC Milan,Serie_A,D M S,midfield,Moderate Attacking Involvement,2,0,2447,31,0.0735594605639558,,,,0.1439422304530045,1.618308132407029,0.3607168468952325,0.2934683001024362,0.0
Assane Diao,Como,Serie_A,M S,midfield,Moderate Attacking Involvement,2,1,1098,17,0.1639344262295081,,,,0.1379007926271831,0.7377049180327869,0.5275739477489326,0.1475600052441729,0.081967213114754
Brooke Norton-Cuffy,Genoa,Serie_A,D M S,midfield,Low Attacking Involvement,2,1,2221,27,0.0810445745159837,,,,0.0763475108608261,0.8509680324178298,0.2896604708109498,0.143974486756055,0.0405222872579918
Rafik Belghali,Verona,Serie_A,D M S,midfield,Low Attacking Involvement,2,0,1935,26,0.0930232558139534,,,,0.1027916969168324,1.3023255813953487,0.3116617290259794,0.132250189131429,0.0
Petar Sucic,Inter,Serie_A,M S,midfield,High Attacking Involvement,2,2,1763,34,0.1020986954055587,,,,0.2062901244902908,1.4804310833806011,0.7763765197642405,0.5578508494095374,0.1020986954055587
Omri Gandelman,Lecce,Serie_A,M S,midfield,Low Attacking Involvement,2,1,971,19,0.1853759011328527,,,,0.1039004516159591,0.6488156539649845,0.2951422361340508,0.0960581993682254,0.0926879505664263
Nemanja Matic,Sassuolo,Serie_A,M S,midfield,Low Attacking Involvement,1,1,2686,34,0.0335070737155621,,,,0.0306665828508378,0.6701414743112435,0.3878313741124529,0.3653522108751539,0.0335070737155621
Manuel Locatelli,Juventus,Serie_A,M,midfield,High Attacking Involvement,1,2,3031,36,0.0296931705707687,,,,0.1136278228005268,1.39557901682613,0.6473677281409512,0.5501247347028037,0.0593863411415374
Remo Freuler,Bologna,Serie_A,M S,midfield,Low Attacking Involvement,1,2,2236,29,0.0402504472271914,,,,0.0540069992610708,0.8855098389982111,0.389428208019811,0.2877584909012271,0.0805008944543828
Roberto Gagliardini,Verona,Serie_A,M S,midfield,Low Attacking Involvement,1,0,2212,29,0.0406871609403255,,,,0.0270300887434138,0.650994575045208,0.1605268987274609,0.1272873000189608,0.0
Marten de Roon,Atalanta,Serie_A,D M S,midfield,Low Attacking Involvement,1,2,2720,34,0.0330882352941176,,,,0.0525016944773276,0.7610294117647058,0.5123194196220378,0.4495289475068121,0.0661764705882353
Jean-Daniel Akpa-Akpro,Verona,Serie_A,M S,midfield,Low Attacking Involvement,1,0,1531,22,0.0587851077726975,,,,0.0227633846289849,0.6466361854996734,0.1521843647040489,0.0905350153714632,0.0
Aarón Martín,Genoa,Serie_A,D M S,midfield,Moderate Attacking Involvement,1,5,2167,33,0.0415320719889247,,,,0.2727867241598146,2.5749884633133364,0.2722089283209574,0.1557367420778964,0.2076603599446239
Stanislav Lobotka,Napoli,Serie_A,M S,midfield,Low Attacking Involvement,1,1,2442,32,0.0368550368550368,,,,0.0391349436243863,0.8108108108108109,0.3664022616822391,0.3305860410423844,0.0368550368550368
Antoine Bernede,Verona,Serie_A,M S,midfield,Low Attacking Involvement,1,2,2349,32,0.0383141762452107,,,,0.0743537861497009,1.1111111111111112,0.2265874968691804,0.1359076015793957,0.0766283524904214
Ndary Adopo,Cagliari,Serie_A,D M S,midfield,Low Attacking Involvement,1,2,3074,38,0.029277813923227,,,,0.0714521995844366,0.7905009759271308,0.2578909100301772,0.1703866586457542,0.0585556278464541
Mehmet Zeki Çelik,Roma,Serie_A,D M S,midfield,Low Attacking Involvement,1,2,2747,34,0.0327630141973061,,,,0.0790468629139052,0.8846013833272661,0.4539689260274225,0.3818672398545328,0.0655260283946123
Samuele Ricci,AC Milan,Serie_A,M S,midfield,Moderate Attacking Involvement,1,4,1273,31,0.0706991358994501,,,,0.1966594326260842,1.4139827179890023,0.6185329453222225,0.3764291176863618,0.2827965435978005
Rafael Obrador,Torino,Serie_A,D M S,midfield,Low Attacking Involvement,1,3,1135,16,0.079295154185022,,,,0.0837701229042156,0.8722466960352422,0.2223200884684592,0.1648574427492292,0.237885462555066
Nikola Moro,Bologna,Serie_A,M S,midfield,Low Attacking Involvement,1,0,1784,30,0.0504484304932735,,,,0.1035373012019496,1.3116591928251122,0.3146962836622824,0.2567163115521818,0.0
Alessandro Zanoli,Udinese,Serie_A,D M S,midfield,Low Attacking Involvement,1,2,1314,19,0.0684931506849315,,,,0.1064282651888589,1.0273972602739725,0.2427106640263371,0.1630105574500479,0.136986301369863
Youssef Maleh,"Cremonese,Lecce",Serie_A,M S,midfield,Low Attacking Involvement,1,0,1574,23,0.0571791613722998,,,,0.0368966301607282,0.5146124523506989,0.1697834839705932,0.1043572459604207,0.0
Morten Frendrup,Genoa,Serie_A,M S,midfield,Low Attacking Involvement,1,0,3093,36,0.02909796314258,,,,0.0395229625290713,0.4073714839961203,0.1757104616164149,0.1394708818285414,0.0
Michel Aebischer,Pisa,Serie_A,M S,midfield,Low Attacking Involvement,1,2,2911,35,0.0309172105805565,,,,0.1062408520426436,1.0511851597389212,0.3064111168923419,0.2200405589586085,0.061834421161113
Emirhan Ilkhan,Torino,Serie_A,M S,midfield,Moderate Attacking Involvement,1,2,1028,19,0.0875486381322957,,,,0.1071191815829723,1.050583657587549,0.3115630248409301,0.1898535562983572,0.1750972762645914
Dodô,Fiorentina,Serie_A,D M,midfield,Moderate Attacking Involvement,1,2,3158,36,0.0284990500316656,,,,0.1535437717394427,1.4534515516149462,0.414041482540882,0.2979684436954487,0.0569981000633312
Mikael Ellertsson,Genoa,Serie_A,D M S,midfield,Low Attacking Involvement,1,1,2770,36,0.0324909747292418,,,,0.0812730319555916,0.51985559566787,0.2030873100881865,0.1025375590326822,0.0324909747292418
Lewis Ferguson,Bologna,Serie_A,M S,midfield,Low Attacking Involvement,1,0,1576,27,0.0571065989847715,,,,0.0894171268877757,0.9137055837563453,0.2969620955947238,0.2497990072709579,0.0
Ylber Ramadani,Lecce,Serie_A,M,midfield,Low Attacking Involvement,1,0,3236,37,0.0278121137206427,,,,0.0386270597704878,0.5284301606922126,0.2000686461543399,0.1402586930211546,0.0
Matteo Prati,"Cagliari,Torino",Serie_A,M S,midfield,Low Attacking Involvement,1,1,1893,33,0.0475435816164817,,,,0.0807900433524522,0.618066561014263,0.2878916146390128,0.2026558235264051,0.0475435816164817
Marcus Pedersen,Torino,Serie_A,D M S,midfield,Low Attacking Involvement,1,2,2148,29,0.0418994413407821,,,,0.1210001788710831,0.8379888268156425,0.3474535072721832,0.1685512725617632,0.0837988826815642
Martín Payero,Cremonese,Serie_A,M S,midfield,Low Attacking Involvement,1,0,1469,25,0.0612661674608577,,,,0.0342112482405585,0.7964601769911505,0.2034986896822045,0.1377164019199457,0.0
Neil El Aynaoui,Roma,Serie_A,M S,midfield,Moderate Attacking Involvement,1,2,958,25,0.0939457202505219,,,,0.1666607846173463,1.1273486430062631,0.5558703759284632,0.3490333125142999,0.1878914405010438
Jesper Karlström,Udinese,Serie_A,M,midfield,Low Attacking Involvement,1,0,3164,36,0.0284450063211125,,,,0.0255621152849898,0.4551201011378002,0.2233707741981398,0.1867927197548272,0.0
Fisayo Dele-Bashiru,Lazio,Serie_A,M S,midfield,High Attacking Involvement,1,0,1159,24,0.0776531492666091,,,,0.086979152115642,0.8541846419327006,0.5119052713831711,0.4406267799102766,0.0
Mandela Keita,Parma Calcio 1913,Serie_A,M S,midfield,Low Attacking Involvement,1,1,3016,37,0.029840848806366,,,,0.0084716785237173,0.3282493368700265,0.088333086992567,0.071186396563228,0.029840848806366
Devyne Rensch,Roma,Serie_A,D M S,midfield,Moderate Attacking Involvement,1,4,1180,24,0.0762711864406779,,,,0.2071866126794178,0.7627118644067796,0.3711762956296235,0.274955800324047,0.3050847457627118
Jari Vandeputte,Cremonese,Serie_A,M S,midfield,Moderate Attacking Involvement,1,5,1977,32,0.0455235204855842,,,,0.2853417095808773,2.458270106221548,0.3370767149209343,0.1878151074277974,0.2276176024279211
Idrissa Touré,Pisa,Serie_A,D M S,midfield,Low Attacking Involvement,1,0,2283,32,0.0394218134034165,,,,0.1406007469723517,0.7884362680683311,0.2883124047138883,0.1197611316475581,0.0
Christian Ordóñez,Parma Calcio 1913,Serie_A,M S,midfield,Low Attacking Involvement,1,0,1076,28,0.0836431226765799,,,,0.0226214975049393,0.5018587360594795,0.1560216131152716,0.1248504982683046,0.0
Oliver Sørensen,Parma Calcio 1913,Serie_A,D M S,midfield,Low Attacking Involvement,1,1,1834,34,0.0490730643402399,,,,0.0363286696384572,0.4416575790621592,0.2474491420783906,0.1676248802601348,0.0490730643402399
Jakub Piotrowski,Udinese,Serie_A,M S,midfield,Low Attacking Involvement,1,1,1702,33,0.0528789659224441,,,,0.0411622496879934,0.6345475910693302,0.3443900074538382,0.1698978348185344,0.0528789659224441
Giuseppe Pezzella,Cremonese,Serie_A,D M S,midfield,Low Attacking Involvement,0,1,2599,31,0.0,,,,0.0575700043526841,0.9349749903809156,0.173456969955114,0.1288244698810125,0.0346287033474413
Alberto Grassi,Cremonese,Serie_A,M S,midfield,Low Attacking Involvement,0,0,1758,30,0.0,,,,0.0231607020562419,0.409556313993174,0.1890218966567425,0.1383225347865817,0.0
Alessandro Deiola,Cagliari,Serie_A,D M S,midfield,Low Attacking Involvement,0,2,1444,20,0.0,,,,0.0371154750196825,0.3739612188365651,0.2833109208282052,0.1851345629268777,0.1246537396121883
Stefano Sabelli,Genoa,Serie_A,D M S,midfield,Low Attacking Involvement,0,0,930,16,0.0,,,,0.031141021318974,0.5806451612903226,0.3613280607988277,0.3097252888725169,0.0
Hassane Kamara,Udinese,Serie_A,D M S,midfield,Low Attacking Involvement,0,2,1883,26,0.0,,,,0.1201506630793031,1.0993096123207646,0.3048491700534104,0.1965981559354101,0.0955921402018056
Alessio Zerbin,Cremonese,Serie_A,D M S,midfield,Low Attacking Involvement,0,3,1643,32,0.0,,,,0.1362157471895182,0.931223371880706,0.2812360083129953,0.1081419209153258,0.1643335362142422
Marius Marin,Pisa,Serie_A,M S,midfield,Low Attacking Involvement,0,0,1307,23,0.0,,,,0.0015133876972008,0.1377199693955623,0.2221991871244914,0.2147934270570911,0.0
Adrien Tameze,Torino,Serie_A,D M S,midfield,Low Attacking Involvement,0,0,1110,24,0.0,,,,0.0214950911247649,0.6486486486486487,0.313636496990315,0.2862244150978891,0.0
Valentino Lazaro,Torino,Serie_A,D M S,midfield,Low Attacking Involvement,0,2,2273,31,0.0,,,,0.1466416502088715,1.227452705675319,0.2501078265249152,0.195791928767109,0.0791904971403431
Raoul Bellanova,Atalanta,Serie_A,D M S,midfield,Moderate Attacking Involvement,0,1,1374,24,0.0,,,,0.1272458814117065,1.3755458515283845,0.3804725533408239,0.2700269970164419,0.0655021834061135
Hans Nicolussi Caviglia,"Fiorentina,Parma Calcio 1913",Serie_A,M S,midfield,Moderate Attacking Involvement,0,4,1456,26,0.0,,,,0.1078378417846429,1.1744505494505495,0.2689417901801989,0.1935709109094894,0.2472527472527472
Domagoj Bradaric,Verona,Serie_A,D M S,midfield,Low Attacking Involvement,0,1,1976,29,0.0,,,,0.1363924008073956,1.2753036437246963,0.2914451430118095,0.1528823286340183,0.0455465587044534
Cheikh Niasse,Verona,Serie_A,D M S,midfield,Low Attacking Involvement,0,1,973,20,0.0,,,,0.0549139450749292,1.0174717368961972,0.2509672110680134,0.1916678054956958,0.092497430626927
Simon Sohm,"Bologna,Fiorentina",Serie_A,M S,midfield,Low Attacking Involvement,0,1,1447,28,0.0,,,,0.1271785620816242,0.9329647546648238,0.3093895809525404,0.2302694736974109,0.0621976503109882
Nahuel Estévez,Parma Calcio 1913,Serie_A,M S,midfield,Low Attacking Involvement,0,1,1001,32,0.0,,,,0.0992398793166214,0.989010989010989,0.211585363220576,0.1206278565389054,0.0899100899100899
Kristjan Asllani,Torino,Serie_A,M S,midfield,Low Attacking Involvement,0,0,1145,15,0.0,,,,0.0888257844934817,1.25764192139738,0.2105636966199203,0.1795813412157469,0.0
Teun Koopmeiners,Juventus,Serie_A,D M S,midfield,Low Attacking Involvement,0,0,1803,33,0.0,,,,0.0366255754415881,0.7986688851913478,0.4034136895852755,0.3376818385080569,0.0
Romano Floriani,Cremonese,Serie_A,D M S,midfield,Low Attacking Involvement,0,1,1156,28,0.0,,,,0.10138963974342,0.7006920415224913,0.1537138008058174,0.0933457696633123,0.0778546712802768
Samuele Angori,Pisa,Serie_A,D M S,midfield,Low Attacking Involvement,0,2,2619,35,0.0,,,,0.1324999059432048,1.3058419243986257,0.2769627417293713,0.1921439094027293,0.0687285223367697
Warren Bondo,Cremonese,Serie_A,M S,midfield,Low Attacking Involvement,0,0,1788,27,0.0,,,,0.0081436032266824,0.1510067114093959,0.1733225477615609,0.1508020621336896,0.0
Emanuele Valeri,Parma Calcio 1913,Serie_A,D M S,midfield,Moderate Attacking Involvement,0,2,2637,34,0.0,,,,0.128916722973459,1.74061433447099,0.2212575868522246,0.1695954351790834,0.068259385665529
Tommaso Barbieri,Cremonese,Serie_A,D M S,midfield,Low Attacking Involvement,0,1,1696,29,0.0,,,,0.0973089026585924,0.5306603773584906,0.2699216070391659,0.1237573300846325,0.053066037735849
Gvidas Gineitis,Torino,Serie_A,M S,midfield,Low Attacking Involvement,0,1,1778,29,0.0,,,,0.1354213425925229,1.3160854893138358,0.2845812605272798,0.2083843885486185,0.0506186726659167
Lorenzo Bernasconi,Atalanta,Serie_A,D M S,midfield,Moderate Attacking Involvement,0,3,1570,23,0.0,,,,0.1803502054517246,1.5477707006369426,0.4450803912915052,0.371107207089188,0.1719745222929936
Ebenezer Akinsanmiro,Pisa,Serie_A,M S,midfield,Low Attacking Involvement,0,1,1441,24,0.0,,,,0.1026268932311734,0.9993060374739764,0.2684186643802565,0.1121056887226167,0.0624566273421235
Luca Lipani,Sassuolo,Serie_A,M S,midfield,Low Attacking Involvement,0,1,1011,24,0.0,,,,0.0987837252618872,0.9792284866468842,0.4293816568169643,0.2951008055458613,0.0890207715133531
Patrizio Masini,Genoa,Serie_A,M S,midfield,Low Attacking Involvement,0,1,1379,28,0.0,,,,0.0808004620319544,0.5873821609862219,0.3235238840083569,0.1742632210827375,0.0652646845540246
Lennon Miller,Udinese,Serie_A,M S,midfield,Moderate Attacking Involvement,0,2,985,24,0.0,,,,0.1229370732597893,1.1878172588832487,0.2201163037230974,0.1138300503684482,0.182741116751269
Sascha Britschgi,Parma Calcio 1913,Serie_A,D M S,midfield,Low Attacking Involvement,0,2,2103,29,0.0,,,,0.0870896559527486,0.7275320970042796,0.1742581399383499,0.0788676859505378,0.0855920114122681
Wesley Said,Lens,Ligue_1,M S,midfield,Elite Attacking Involvement,12,2,2061,29,0.5240174672489083,,,,0.258468221141001,1.1790393013100435,0.9048502290352984,0.3301179903563453,0.0873362445414847
Florian Thauvin,Lens,Ligue_1,M S,midfield,Elite Attacking Involvement,11,6,2510,33,0.3944223107569721,,,,0.3536986288247236,2.8685258964143427,0.9161617509219276,0.4062224675815894,0.2151394422310756
Martial Godo,Strasbourg,Ligue_1,M S,midfield,Elite Attacking Involvement,10,1,1602,28,0.5617977528089887,,,,0.1269295307273945,1.2359550561797754,0.8588814691462544,0.2848803122224432,0.0561797752808988
Sebastian Nanasi,Strasbourg,Ligue_1,M S,midfield,Elite Attacking Involvement,7,2,1039,19,0.6063522617901829,,,,0.2115780203867635,1.4725697786333012,0.7452328679894918,0.1874362981382531,0.1732435033686236
Igor Paixão,Marseille,Ligue_1,D M S,midfield,Moderate Attacking Involvement,6,5,1979,30,0.2728650833754421,,,,0.1147829905668101,1.3188479029813038,0.6026113702020993,0.3269959897360096,0.2273875694795351
Aleksandr Golovin,Monaco,Ligue_1,M S,midfield,Moderate Attacking Involvement,5,5,1695,25,0.2654867256637168,,,,0.1225107146707256,1.2743362831858407,0.5984358500722236,0.2691773648118287,0.2654867256637168
João Neves,Paris Saint Germain,Ligue_1,M S,midfield,High Attacking Involvement,5,1,1280,21,0.3515625,,,,0.1740439206187147,0.984375,0.6533464722451754,0.498510111530777,0.0703125
Pierre-Emile Højbjerg,Marseille,Ligue_1,M S,midfield,High Attacking Involvement,4,5,2716,32,0.1325478645066274,,,,0.1467753290466207,1.325478645066274,0.659476292006869,0.5121555584153663,0.1656848306332842
Felix Correia,Lille,Ligue_1,M S,midfield,Elite Attacking Involvement,4,5,2124,34,0.1694915254237288,,,,0.2486325096402127,1.652542372881356,0.7756882480550874,0.3948470606800106,0.211864406779661
Diego Moreira,Strasbourg,Ligue_1,D M S,midfield,Elite Attacking Involvement,4,7,2063,27,0.174503150751333,,,,0.3027724018803482,1.6141541444498304,0.6191005055321777,0.3831680140616503,0.3053805138148328
Adrien Thomasson,Lens,Ligue_1,M S,midfield,Elite Attacking Involvement,3,9,2714,32,0.0994841562269712,,,,0.2811416736670118,2.652910832719233,0.7751741741530669,0.4456345376942249,0.2984524686809137
Angel Gomes,Marseille,Ligue_1,M S,midfield,High Attacking Involvement,3,0,919,14,0.2937976060935799,,,,0.104559837507086,1.7627856365614798,0.7366776732997451,0.4733084499434658,0.0
Mahdi Camara,Rennes,Ligue_1,D M S,midfield,Low Attacking Involvement,3,1,2670,32,0.1011235955056179,,,,0.0737373332043042,0.7752808988764045,0.4195240682221196,0.290788563868303,0.0337078651685393
Warren Zaïre-Emery,Paris Saint Germain,Ligue_1,D M S,midfield,High Attacking Involvement,3,4,2460,32,0.1097560975609756,,,,0.1564977873775472,1.5365853658536586,0.7660286641656989,0.6084640097872512,0.1463414634146341
Kévin Danois,Auxerre,Ligue_1,M S,midfield,Moderate Attacking Involvement,3,1,2852,33,0.0946704067321178,,,,0.1457031972792527,1.640953716690042,0.2901436331607453,0.1736064770534572,0.0315568022440392
Lamine Camara,Monaco,Ligue_1,M S,midfield,Moderate Attacking Involvement,3,4,1870,24,0.1443850267379679,,,,0.2449531822569947,1.6844919786096255,0.5357177297181306,0.3744785149785924,0.1925133689839572
Ali Abdi,Nice,Ligue_1,D M S,midfield,Moderate Attacking Involvement,3,0,1156,22,0.2335640138408304,,,,0.1595523424936413,1.3235294117647058,0.2140940088379135,0.1273481514720587,0.0
Mamadou Sangaré,Lens,Ligue_1,M S,midfield,High Attacking Involvement,3,4,2347,29,0.1150404772049424,,,,0.1088510226247206,1.4188325521942906,0.6947717691157022,0.5315275177554815,0.1533873029399233
Noah Cadiou,Lorient,Ligue_1,M S,midfield,Low Attacking Involvement,3,1,1851,28,0.1458670988654781,,,,0.0336969869944902,0.4862236628849271,0.3276441504384845,0.2391617889765112,0.0486223662884927
Nabil Bentaleb,Lille,Ligue_1,M S,midfield,High Attacking Involvement,2,2,1253,26,0.1436552274541101,,,,0.1272582461059997,0.8619313647246608,0.7236456227728892,0.607873135776291,0.1436552274541101
Benjamin André,Lille,Ligue_1,M S,midfield,Low Attacking Involvement,2,2,2328,27,0.0773195876288659,,,,0.0747328247639744,0.8891752577319587,0.4529050520870873,0.3639428780327752,0.0773195876288659
Valentin Rongier,Rennes,Ligue_1,M,midfield,Moderate Attacking Involvement,2,5,2750,31,0.0654545454545454,,,,0.1437169599363749,1.44,0.5001982423798604,0.4252771577442233,0.1636363636363636
Denis Zakaria,Monaco,Ligue_1,D M S,midfield,Low Attacking Involvement,2,1,2039,24,0.0882785679254536,,,,0.0629874413112263,0.2648357037763609,0.3403979376718482,0.2907109772672309,0.0441392839627268
Jessy Deminguet,Metz,Ligue_1,M S,midfield,Low Attacking Involvement,2,0,2059,31,0.0874210781932977,,,,0.0263204220492409,0.1748421563865954,0.2435106936807826,0.1807891186408159,0.0
Timothy Weah,Marseille,Ligue_1,D M S,midfield,High Attacking Involvement,2,2,2286,29,0.0787401574803149,,,,0.1489831656804235,1.1811023622047243,0.6806857891263455,0.5031335077387845,0.0787401574803149
Joris Chotard,Brest,Ligue_1,M S,midfield,Low Attacking Involvement,2,1,2790,33,0.064516129032258,,,,0.0171324400111071,0.3548387096774194,0.3216245448697478,0.2795767872143657,0.032258064516129
Melvin Bard,Nice,Ligue_1,D M S,midfield,Low Attacking Involvement,2,1,2393,29,0.0752193898871709,,,,0.067848797589447,0.5641454241537819,0.2759175216238144,0.2161049619675106,0.0376096949435854
Tyler Morton,Lyon,Ligue_1,M,midfield,Low Attacking Involvement,2,2,2549,29,0.0706159278148293,,,,0.0857464269369185,0.9886229894076108,0.4294995826268228,0.3533898976040663,0.0706159278148293
Louis Mouton,Angers,Ligue_1,M S,midfield,Low Attacking Involvement,2,1,1947,32,0.0924499229583975,,,,0.1080519629955199,1.0169491525423728,0.3685628265595904,0.1491185852422598,0.0462249614791987
Guemissongui Ouattara,Strasbourg,Ligue_1,D M S,midfield,Low Attacking Involvement,2,0,1763,28,0.1020986954055587,,,,0.0911250840016744,0.3062960862166761,0.4524058110957042,0.3209037662093367,0.0
Yassin Belkhdim,Angers,Ligue_1,M S,midfield,Low Attacking Involvement,2,2,2175,27,0.0827586206896551,,,,0.0632525600364495,0.6206896551724138,0.3107295574042304,0.1883830663715971,0.0827586206896551
Guela Doué,Strasbourg,Ligue_1,D M S,midfield,Moderate Attacking Involvement,2,6,2065,24,0.0871670702179176,,,,0.1194454222989717,0.8280871670702179,0.4369299847804028,0.3333283790881062,0.261501210653753
Himad Abdelli,"Angers,Marseille",Ligue_1,M S,midfield,High Attacking Involvement,2,0,1075,21,0.1674418604651162,,,,0.0464561715548814,0.7534883720930233,0.5193042545124542,0.4735059917146383,0.0
Samuel Amo-Ameyaw,Strasbourg,Ligue_1,D M S,midfield,Moderate Attacking Involvement,2,2,1010,25,0.1782178217821782,,,,0.1095831329002976,1.1584158415841583,0.4398013746531883,0.2913988223022754,0.1782178217821782
Cristian Cásseres Jr.,Toulouse,Ligue_1,M S,midfield,Moderate Attacking Involvement,2,3,2596,31,0.0693374422187981,,,,0.1089529040842123,1.2827426810477658,0.3140715600632832,0.2444262431793845,0.1040061633281972
Amir Murillo,Marseille,Ligue_1,D M S,midfield,High Attacking Involvement,2,1,978,16,0.1840490797546012,,,,0.178493720942114,1.012269938650307,0.8695511471914368,0.651223426970419,0.0920245398773006
Arthur Avom,Lorient,Ligue_1,M S,midfield,Moderate Attacking Involvement,2,1,2095,31,0.0859188544152744,,,,0.1364048035339694,1.3317422434367543,0.4000475001087977,0.2884173682426282,0.0429594272076372
Beraldo,Paris Saint Germain,Ligue_1,D M S,midfield,High Attacking Involvement,2,1,1579,20,0.1139962001266624,,,,0.0859755096087696,0.7979734008866372,0.6429982678923447,0.6085828414742444,0.0569981000633312
Valentín Barco,Strasbourg,Ligue_1,M S,midfield,High Attacking Involvement,2,4,2187,27,0.0823045267489712,,,,0.2179117336746596,1.5637860082304529,0.7026044661064207,0.4508241197791855,0.1646090534979424
Rudy Matondo,"Auxerre,Paris FC",Ligue_1,D M S,midfield,Low Attacking Involvement,2,0,1333,27,0.1350337584396099,,,,0.0163339291519673,0.3375843960990247,0.2068214445107316,0.1621119096939468,0.0
Ainsley Maitland-Niles,Lyon,Ligue_1,D M S,midfield,Low Attacking Involvement,1,4,2496,30,0.0360576923076923,,,,0.1262373358790333,0.7572115384615384,0.4246232677877952,0.270269743744463,0.1442307692307692
Fabián,Paris Saint Germain,Ligue_1,M S,midfield,High Attacking Involvement,1,4,1138,20,0.0790861159929701,,,,0.1729593844838794,1.5026362038664325,0.6747305561479031,0.475493618851832,0.3163444639718805
Jean-Philippe Gbamin,Metz,Ligue_1,D M S,midfield,Low Attacking Involvement,1,1,2487,31,0.0361881785283474,,,,0.0524787969136806,0.5428226779252111,0.2233115837440811,0.1767817805931241,0.0361881785283474
Laurent Abergel,Lorient,Ligue_1,M S,midfield,Low Attacking Involvement,1,0,2347,28,0.0383468257349808,,,,0.0330500440210942,0.5752023860247124,0.2961040627247839,0.2619899503813686,0.0
Pierre Lees-Melou,"Brest,Paris FC",Ligue_1,M S,midfield,Moderate Attacking Involvement,1,3,1971,24,0.045662100456621,,,,0.1306546105233502,0.867579908675799,0.4076689451116405,0.2821545588643583,0.136986301369863
Hugo Magnetti,Brest,Ligue_1,M S,midfield,Low Attacking Involvement,1,1,2721,33,0.0330760749724366,,,,0.0403279859609614,0.5622932745314223,0.285412361342234,0.2475045779627535,0.0330760749724366
Hichem Boudaoui,Nice,Ligue_1,M S,midfield,Low Attacking Involvement,1,2,1697,25,0.0530347672362993,,,,0.0846997083043465,0.8485562757807896,0.3372614848952681,0.1704355962706195,0.1060695344725987
Boubacar Traore,Metz,Ligue_1,M S,midfield,Low Attacking Involvement,1,0,1414,20,0.0636492220650636,,,,0.0141296135406556,0.2545968882602546,0.1517418291764874,0.0960957179704873,0.0
Jonathan Clauss,Nice,Ligue_1,D M S,midfield,Moderate Attacking Involvement,1,6,2529,30,0.0355871886120996,,,,0.2864835665849604,2.277580071174377,0.4332501768694654,0.2086753532741205,0.2135231316725978
Vitinha,Paris Saint Germain,Ligue_1,M S,midfield,High Attacking Involvement,1,7,2122,29,0.0424128180961357,,,,0.1465485700819567,1.4420358152686146,0.8517153379415195,0.7497582115710455,0.29688972667295
Quentin Merlin,Rennes,Ligue_1,D M S,midfield,Moderate Attacking Involvement,1,5,2534,33,0.0355169692186266,,,,0.1595850129506676,1.669297553275454,0.4263177819567679,0.3100497648487457,0.1775848460931334
Przemyslaw Frankowski,Rennes,Ligue_1,D M S,midfield,Moderate Attacking Involvement,1,2,1230,19,0.073170731707317,,,,0.1915912476209242,2.1219512195121952,0.4468424657541441,0.3936319282596431,0.1463414634146341
Tanner Tessmann,Lyon,Ligue_1,D M S,midfield,High Attacking Involvement,1,0,1938,29,0.0464396284829721,,,,0.0651189594618953,0.6037151702786377,0.5742608128121302,0.4730355028703162,0.0
Junior Mwanga,"Nantes,Strasbourg",Ligue_1,D M,midfield,Low Attacking Involvement,1,1,1651,20,0.0545124167171411,,,,0.0584445235577227,0.9812235009085404,0.2829441439127972,0.1911160998443521,0.0545124167171411
Samir El Mourabet,Strasbourg,Ligue_1,M S,midfield,Moderate Attacking Involvement,1,2,2145,33,0.0419580419580419,,,,0.11370699919135,1.1748251748251748,0.4118481774430175,0.3042721754083267,0.0839160839160839
Simon Ebonog,Le Havre,Ligue_1,M S,midfield,Low Attacking Involvement,1,0,1775,30,0.0507042253521126,,,,0.0171927499309392,0.3549295774647887,0.1667793838700778,0.0707131872242185,0.0
Yanis Zouaoui,Le Havre,Ligue_1,D M S,midfield,Low Attacking Involvement,1,1,2380,30,0.0378151260504201,,,,0.1200938569068783,1.361344537815126,0.2332140160881045,0.1965007477698205,0.0378151260504201
Ngal&#039;ayel Mukau,Lille,Ligue_1,M S,midfield,Low Attacking Involvement,1,0,1548,30,0.0581395348837209,,,,0.0297285739310778,0.7558139534883721,0.3977307668605516,0.2907817094954987,0.0
Louis Leroux,Nantes,Ligue_1,D M S,midfield,Low Attacking Involvement,1,1,1443,23,0.0623700623700623,,,,0.0465606616930009,0.997920997920998,0.1931721660581547,0.1132225201091498,0.0623700623700623
Jordan Teze,Monaco,Ligue_1,D M S,midfield,Moderate Attacking Involvement,1,2,2515,33,0.0357852882703777,,,,0.1497454890836896,1.252485089463221,0.4248305725055945,0.3076476948946773,0.0715705765407554
Adam Karabec,Lyon,Ligue_1,M S,midfield,Moderate Attacking Involvement,1,0,922,21,0.0976138828633405,,,,0.2045204575878614,2.049891540130152,0.5398679729914717,0.3106258249156775,0.0
Alexis Vossah,Toulouse,Ligue_1,M S,midfield,Low Attacking Involvement,1,1,1097,23,0.0820419325432999,,,,0.0568901037045142,0.5742935278030994,0.2221360963615593,0.1680380823863237,0.0820419325432999
Samir Chergui,Paris FC,Ligue_1,D M S,midfield,Low Attacking Involvement,1,0,1157,15,0.0777873811581676,,,,0.0114174283132948,0.1555747623163353,0.3532533806747883,0.3232150460458976,0.0
Adama Camara,Paris FC,Ligue_1,D M S,midfield,Low Attacking Involvement,1,0,2198,29,0.0409463148316651,,,,0.0571306423793417,0.6551410373066424,0.37258243176398,0.2992870364409343,0.0
Pathé Mboup,Brest,Ligue_1,M S,midfield,Low Attacking Involvement,1,0,1028,28,0.0875486381322957,,,,0.1274415176608219,0.7879377431906615,0.6331521081683816,0.1967061553893299,0.0
Pape Diop,Toulouse,Ligue_1,M S,midfield,Moderate Attacking Involvement,1,2,1277,16,0.0704776820673453,,,,0.1207246909249127,1.409553641346907,0.2904277278318966,0.1923298386064888,0.1409553641346906
Ben Chilwell,Strasbourg,Ligue_1,D M S,midfield,Low Attacking Involvement,0,2,1613,20,0.0,,,,0.0791804671694016,0.3905765654060756,0.4166320778697415,0.3494964045185482,0.1115933044017358
Benjamin Stambouli,Metz,Ligue_1,M S,midfield,Low Attacking Involvement,0,0,948,19,0.0,,,,0.0868643932280283,0.7594936708860759,0.1927276743175108,0.1479749440486672,0.0
Morgan Sanson,Nice,Ligue_1,M S,midfield,Low Attacking Involvement,0,2,1759,31,0.0,,,,0.0749726243891063,0.6139852188743604,0.2511766533917446,0.0999741183277251,0.1023308698123934
Maxime Lopez,Paris FC,Ligue_1,M S,midfield,High Attacking Involvement,0,3,1972,26,0.0,,,,0.2421433365248279,2.0081135902636915,0.7227987514121145,0.5440661594324554,0.1369168356997971
Caio Henrique,Monaco,Ligue_1,D M S,midfield,Moderate Attacking Involvement,0,2,1527,22,0.0,,,,0.1884931447771185,1.237721021611002,0.2654520340249205,0.2293424772314566,0.1178781925343811
Elisha Owusu,Auxerre,Ligue_1,M S,midfield,Low Attacking Involvement,0,0,2366,29,0.0,,,,0.0383624533586525,0.4564666103127641,0.2102832936477907,0.1860003599964731,0.0
Ibrahima Sissoko,Nantes,Ligue_1,D M S,midfield,Low Attacking Involvement,0,0,901,14,0.0,,,,0.0897421980158867,0.3995560488346282,0.4060619094147534,0.3414871401828481,0.0
Haris Belkebla,Angers,Ligue_1,M,midfield,Low Attacking Involvement,0,0,2894,33,0.0,,,,0.0182995868656261,0.497581202487906,0.2150277977998535,0.1957511979669497,0.0
Lucas Gourna Douath,Le Havre,Ligue_1,M S,midfield,Low Attacking Involvement,0,0,1275,15,0.0,,,,0.0129371512023841,0.4235294117647058,0.1574172770714058,0.1400091034086311,0.0
Krépin Diatta,Monaco,Ligue_1,D M S,midfield,Moderate Attacking Involvement,0,1,997,18,0.0,,,,0.158820648340428,1.083249749247743,0.4656868045374288,0.293418786963943,0.0902708124373119
Deiver Machado,"Lens,Nantes",Ligue_1,D M S,midfield,Low Attacking Involvement,0,1,1201,19,0.0,,,,0.1045152836546711,0.5245628642797668,0.300826466301895,0.1300325980417734,0.0749375520399667
Salis Abdul Samed,Nice,Ligue_1,M S,midfield,Low Attacking Involvement,0,0,935,18,0.0,,,,0.001257436708572,0.0962566844919786,0.1665447986221568,0.1652873618239387,0.0
Ismaël Doukouré,Strasbourg,Ligue_1,D M,midfield,Low Attacking Involvement,0,2,2090,25,0.0,,,,0.0316075840430182,0.2583732057416268,0.3513669897423406,0.3439313878782057,0.0861244019138756
Branco van den Boomen,Angers,Ligue_1,M S,midfield,Moderate Attacking Involvement,0,1,1254,15,0.0,,,,0.1675993592242162,2.0095693779904304,0.4127486645016802,0.2970882504732843,0.0717703349282296
Loïc Négo,Le Havre,Ligue_1,D M S,midfield,Low Attacking Involvement,0,0,2339,30,0.0,,,,0.0591284654199975,0.5771697306541257,0.1575354837572386,0.1221089634141283,0.0
Mohamed Kaba,Nantes,Ligue_1,M S,midfield,Moderate Attacking Involvement,0,2,1028,13,0.0,,,,0.1709192908633544,1.050583657587549,0.3633153287092304,0.1438834031514736,0.1750972762645914
Ayyoub Bouaddi,Lille,Ligue_1,D M S,midfield,Low Attacking Involvement,0,1,2354,30,0.0,,,,0.0766165020931812,0.8028887000849617,0.4609657949020258,0.4021317957834789,0.038232795242141
Kassoum Ouattara,Monaco,Ligue_1,D M S,midfield,Moderate Attacking Involvement,0,3,992,15,0.0,,,,0.2451840051329664,1.5423387096774193,0.6537153287940929,0.3713417669848328,0.2721774193548387
Djaoui Cissé,Rennes,Ligue_1,M S,midfield,Low Attacking Involvement,0,0,965,24,0.0,,,,0.0782347293522382,1.212435233160622,0.4139338016625822,0.3212444321710829,0.0
Fredrik Oppegård,Auxerre,Ligue_1,D M S,midfield,Low Attacking Involvement,0,0,1238,23,0.0,,,,0.0454834857067884,0.7996768982229403,0.1857933021257353,0.1192779435591113,0.0
Ayumu Seko,Le Havre,Ligue_1,D M S,midfield,Low Attacking Involvement,0,0,2629,30,0.0,,,,0.0157519935259362,0.3423354887790034,0.2063721367191649,0.1901674162300311,0.0
Alpha Touré,Metz,Ligue_1,D M S,midfield,Low Attacking Involvement,0,1,1591,30,0.0,,,,0.0246019276721832,0.6222501571338781,0.1844257862780695,0.12629420354864,0.0565681961030798
Charles Vanhoutte,Nice,Ligue_1,M S,midfield,Low Attacking Involvement,0,2,1801,26,0.0,,,,0.0574209532394864,0.7495835646862854,0.3439042262157952,0.2782570424570864,0.0999444752915047
Quinten Timber,Marseille,Ligue_1,M S,midfield,Low Attacking Involvement,0,0,1135,15,0.0,,,,0.0364768728285634,0.6343612334801763,0.2944245469071266,0.2479719113279544,0.0
