id,player_name,games,time,goals,xG,assists,xA,shots,key_passes,yellow_cards,red_cards,position,team_title,npg,npxG,xGChain,xGBuildup,Comp,Group,Gls_p90,Ast_p90,npxG_p90,Sh_p90,xA_p90,KP_p90,xGChain_p90,xGBuildup_p90,npxG_per_Sh
8260,Erling Haaland,35,2979,27,28.795336209237576,8,5.507687093690038,125,25,2,0,F S,Manchester City,24,25.7506607696414,32.735352732241154,5.163548586890101,EPL,attack,0.8157099697885197,0.2416918429003021,0.7779655821643927,3.7764350453172204,0.16639538047401928,0.7552870090634441,0.9889834662308505,0.15599844673383992,0.2060052861571312
13222,Thiago,38,3292,22,24.68977300822735,1,3.4500465877354145,84,24,7,0,F S,Brentford,14,17.83925338834524,22.6934577524662,4.9276386722922325,EPL,attack,0.6014580801944107,0.027339003645200484,0.48770741341162566,2.296476306196841,0.09432083623821,0.6561360874848117,0.6204165242168767,0.13471673162402822,0.21237206414696716
11363,Antoine Semenyo,37,3220,17,12.836786897853017,4,4.130169393494725,83,38,7,0,F M,"Bournemouth,Manchester City",16,11.31444920040667,20.870588455349207,7.893717190250754,EPL,attack,0.4751552795031056,0.11180124223602485,0.316242368955466,2.3198757763975153,0.11543951720947988,1.0621118012422361,0.58333942887622,0.2206318469324745,0.13631866506514062
8865,Ollie Watkins,37,2908,16,18.82772558834404,3,2.816021606326103,83,23,4,0,F S,Aston Villa,16,18.82772558834404,21.74590409174561,4.3408186649903655,EPL,attack,0.49518569463548834,0.09284731774415404,0.5827012733669064,2.5687757909215954,0.08715335095232093,0.7118294360385145,0.6730162889467348,0.1343444566193717,0.22684006732944628
6857,Morgan Gibbs-White,37,3142,15,11.671697720885277,4,4.5044658575207,83,48,1,0,F M S,Nottingham Forest,14,10.910528883337976,17.26536614820361,5.41371457837522,EPL,attack,0.42966263526416293,0.11457670273711011,0.31252310614271733,2.377466581795035,0.12902671138665278,1.3749204328453215,0.49455218120252226,0.15507139148751428,0.13145215522093948
8272,João Pedro,35,2698,15,15.723741941154003,5,3.983569510281086,73,29,5,0,F M S,Chelsea,15,15.723741941154003,19.279914382845163,4.795918667688966,EPL,attack,0.5003706449221645,0.16679021497405486,0.5245132597123278,2.435137138621201,0.13288408299677454,0.9673832468495182,0.6431402129192234,0.15998246111638506,0.21539372522128772
5555,Dominic Calvert-Lewin,35,2732,14,18.671318570151925,1,1.5441157519817352,73,20,3,0,F S,Leeds,10,14.865511130541565,18.026230743154883,2.768353534862399,EPL,attack,0.4612005856515373,0.03294289897510981,0.48971303138680117,2.404831625183016,0.050867649223410014,0.6588579795021963,0.5938362982737699,0.09119759082636014,0.20363713877454198
7254,Viktor Gyokeres,36,2255,14,13.871430788189173,1,2.6537387324497104,55,20,5,0,F S,Arsenal,11,11.58792421594262,14.77520313858986,3.259540883824229,EPL,attack,0.5587583148558758,0.03991130820399113,0.46248921482697813,2.1951219512195124,0.10591418444366915,0.7982261640798226,0.589697686240837,0.13009254081781846,0.21068953119895673
501,Danny Welbeck,37,2286,13,12.718900069594383,1,2.2625304386019707,56,20,5,0,F S,Brighton,12,10.435393424704673,14.98485920764506,4.79668786842376,EPL,attack,0.5118110236220472,0.03937007874015748,0.4108422608151446,2.204724409448819,0.08907600151976262,0.7874015748031497,0.5899550869151599,0.18884597907180156,0.1863463111554406
11504,Eli Junior Kroupi,33,1708,13,8.849121669307351,0,1.81576990429312,52,22,5,0,F M S,Bournemouth,11,7.326783983036876,11.65668847411871,5.08306846767664,EPL,attack,0.6850117096018735,0.0,0.38607175554643963,2.740046838407494,0.09567874202949696,1.1592505854800936,0.6142283153809625,0.2678431862358885,0.1408996919814784
5735,Jean-Philippe Mateta,32,2225,12,15.977427493780851,0,1.2496193014085293,63,9,2,0,F S,Crystal Palace,8,12.93275199458003,15.170770466327667,2.393757389858365,EPL,attack,0.4853932584269663,0.0,0.523122552589754,2.548314606741573,0.05054639870865961,0.36404494382022473,0.6136491424581978,0.09682614161224846,0.20528177769174652
6026,Richarlison,32,1926,11,9.866276641376317,4,3.4081881837919354,61,19,5,0,F M S,Tottenham,11,9.866276641376317,11.187864126637578,2.256451802328229,EPL,attack,0.5140186915887851,0.18691588785046728,0.4610409645502952,2.850467289719626,0.1592611300837353,0.8878504672897196,0.5227973890952139,0.10544167300599201,0.16174224002256257
6552,Bryan Mbeumo,33,2676,11,13.309208107180892,3,5.091009698808193,73,45,4,0,F M S,Manchester United,11,13.309208107180892,22.316140696406364,6.068183907307684,EPL,attack,0.36995515695067266,0.10089686098654709,0.447619106743752,2.4551569506726456,0.17122229928727106,1.5134529147982063,0.7505428485338463,0.20408690271214183,0.18231791927645058
8995,Hugo Ekitike,28,1835,11,11.932188130915163,4,2.49130567535758,65,21,0,0,F S,Liverpool,11,11.932188130915163,16.322998896241188,4.886437067762017,EPL,attack,0.5395095367847411,0.19618528610354224,0.5852299355762205,3.1880108991825615,0.12218937917285136,1.0299727520435968,0.8005830521317203,0.23966176354146132,0.1835721250910025
11974,Benjamin Sesko,30,1636,11,12.504127995111048,1,0.5977376587688923,61,9,2,0,F S,Manchester United,11,12.504127995111048,14.22715387493372,1.6295164097100496,EPL,attack,0.6051344743276283,0.0550122249388753,0.6878799019315369,3.3557457212713935,0.03288287853863099,0.4951100244498778,0.7826673892078452,0.08964332327255774,0.20498570483788603
13729,Zian Flemming,29,1795,11,9.554794699884951,0,0.6848367601633072,52,10,5,0,F S,Burnley,9,8.032457021065056,7.825265257619321,1.7185871880501509,EPL,attack,0.5515320334261838,0.0,0.402741577657858,2.607242339832869,0.03433721917253351,0.5013927576601671,0.39235313269400496,0.08616871694958975,0.15447032732817417
5596,Harry Wilson,36,2751,10,5.759745923802257,7,5.503671173006296,78,37,7,0,M S,Fulham,10,5.759745923802257,11.091712068766356,4.132661418989301,EPL,midfield,0.3271537622682661,0.22900763358778628,0.18843225486812182,2.5517993456924755,0.1800546730536411,1.2104689203925845,0.3628695333293246,0.13520157314032608,0.07384289645900328
7080,Matheus Cunha,33,2506,10,7.076101643964648,2,3.698060866445303,90,33,4,0,F M S,Manchester United,10,7.076101643964648,17.601462572813034,10.04429018124938,EPL,attack,0.3591380686352753,0.07182761372705507,0.25412974778803604,3.232242617717478,0.1328114437270859,1.1851556264964087,0.6321355273556157,0.3607286976506162,0.0786233515996072
8497,Cole Palmer,26,2007,10,10.257518742233517,1,2.123134629800916,64,24,5,0,F M S,Chelsea,5,5.69050582125783,16.862019807100296,10.53817812167108,EPL,attack,0.4484304932735426,0.04484304932735426,0.2551796332402614,2.8699551569506725,0.0952078309327765,1.0762331838565022,0.7561443859686232,0.47256404133054175,0.08891415345715359
11356,Enzo Fernández,36,3149,10,11.91719657368958,4,8.865934781730175,72,68,10,0,M S,Chelsea,8,10.394858876243234,27.90237918496132,16.159590516239405,EPL,midfield,0.2858050174658622,0.11432200698634487,0.297090282267987,2.0577961257542077,0.2533928645143588,1.9434741187678628,0.797463997029698,0.4618492049734984,0.1443730399478227
12412,Morgan Rogers,37,3301,10,7.145822267979384,6,7.475014166906476,84,48,7,0,F M,Aston Villa,10,7.145822267979384,18.204907912760973,7.18029835447669,EPL,attack,0.27264465313541353,0.1635867918812481,0.1948270233620553,2.2902150863374735,0.20380226447185182,1.308694335049985,0.496347080323686,0.19576699542650774,0.0850693127140403
1228,Bruno Fernandes,35,3082,9,11.931805820204318,21,17.75713463127613,85,137,5,0,M,Manchester United,5,7.364792761392891,25.94416971784085,11.6638073772192,EPL,midfield,0.2628163530175211,0.6132381570408825,0.2150653304754576,2.482154445165477,0.5185405959814574,4.00064892926671,0.7576168963678379,0.340604368575512,0.0866446207222693
1776,Jarrod Bowen,38,3416,9,8.273593910038471,11,8.43197707645595,79,44,4,0,F M,West Ham,8,7.512425065040588,14.380666948854923,3.877509349957109,EPL,attack,0.23711943793911006,0.2898126463700234,0.19792688988690074,2.0813817330210775,0.22215396278718838,1.1592505854800936,0.37888174045577955,0.10215920418505263,0.09509398816507074
2248,Casemiro,34,2649,9,6.577375870198011,2,3.177681438624859,52,36,9,1,M S,Manchester United,9,6.577375870198011,16.168739575892687,11.8755685351789,EPL,midfield,0.3057757644394111,0.06795016987542468,0.22346690385723708,1.766704416761042,0.10796199678227153,1.2231030577576445,0.5493343004267051,0.40347344966632726,0.1264879975038079
4105,Raúl Jiménez,36,2215,9,12.016586696729064,3,1.944130852818489,73,25,5,0,F S,Fulham,5,8.971911305561662,10.551293056458237,1.5579581297934055,EPL,attack,0.3656884875846501,0.1218961625282167,0.3645471862304964,2.966139954853273,0.07899403013709436,1.0158013544018059,0.4287207110976259,0.06330303913381784,0.12290289459673509
5675,Ismaila Sarr,28,2181,9,11.5433072373271,1,2.200463268905878,48,19,2,0,F M S,Crystal Palace,6,9.259800650179386,12.695851609110832,3.182719247415662,EPL,attack,0.37138927097661617,0.04126547455295736,0.38211006809543546,1.9807427785419534,0.09080316102775289,0.7840440165061898,0.5239003415038858,0.1313364201134386,0.19291251354540387
8327,Bruno Guimarães,29,2467,9,6.597308051772416,5,3.869310455396771,42,44,6,0,M S,Newcastle United,7,5.074970376677811,14.09811718389392,9.365775737911465,EPL,midfield,0.3283340089177138,0.18240778273206323,0.18514281876814065,1.5322253749493313,0.14115846817418298,1.6051884880421565,0.5143212592421779,0.34167807718363674,0.12083262801613837
9983,Beto,37,1552,9,10.947674445807934,1,1.0041863042861223,43,12,3,0,F S,Everton,9,10.947674445807934,12.09721666574478,0.9316300563514232,EPL,attack,0.5219072164948454,0.05798969072164949,0.6348522552337076,2.493556701030928,0.05823245321246843,0.6958762886597938,0.7015138530393236,0.054024938834811916,0.2545970801350682
8117,Nick Woltemade,33,1953,8,8.262036986649036,3,2.9012854490429163,32,22,0,0,F M S,Newcastle United,7,7.500868149101734,8.79227769561112,2.300962809473276,EPL,attack,0.3686635944700461,0.1382488479262673,0.34566212668671586,1.4746543778801844,0.13369979027847542,1.0138248847926268,0.4051740873553511,0.10603515251028924,0.2344021296594292
9156,Kevin Schade,35,2781,8,11.832689953967929,3,4.565257132053375,57,29,6,1,F M S,Brentford,8,11.071521116420628,17.37519696727395,3.947028372436762,EPL,attack,0.2588996763754045,0.09708737864077668,0.3583016542530948,1.8446601941747574,0.1477429492573908,0.9385113268608414,0.562304108973267,0.12773554603355217,0.19423721256878296
9739,Kiernan Dewsbury-Hall,31,2649,8,4.330071024596691,4,6.574528481811285,39,36,6,0,M S,Everton,8,4.330071024596691,14.27813035994768,8.12063055485487,EPL,midfield,0.2718006795016987,0.13590033975084936,0.14711453084699969,1.3250283125707814,0.2233701635949474,1.2231030577576445,0.4851006917309517,0.27589911284897634,0.11102746216914593
10746,Jaidon Anthony,37,2777,8,5.564454321749508,2,4.374400090426207,55,37,4,0,F M S,Burnley,8,5.564454321749508,12.432500068098308,5.833836998790503,EPL,attack,0.2592725963269716,0.0648181490817429,0.18033881489285408,1.7824990997479293,0.1417702586022177,1.1991357580122435,0.4029258214363874,0.18906925815309517,0.10117189675908198
11966,Noah Okafor,28,1592,8,6.296696716919541,1,2.259315438568592,35,19,3,0,F M S,Leeds,8,6.296696716919541,10.915966423228385,3.821857213973999,EPL,attack,0.45226130653266333,0.056532663316582916,0.35596903550424547,1.9786432160804022,0.12772511901455608,1.0741206030150754,0.6171086545794942,0.21605976712164568,0.17990562048341546
12916,Thierno Barry,38,1921,8,9.149327086284757,0,1.003938363865018,38,12,3,0,F S,Everton,8,9.149327086284757,10.248973826877773,2.152141290716827,EPL,attack,0.3748047891723061,0.0,0.4286514512054285,1.7803227485684539,0.04703511335130225,0.5622071837584591,0.48017055930192587,0.10082910784201687,0.24077176542854622
468,Callum Wilson,32,1229,7,7.60266119800508,1,1.0267592892050743,38,8,1,0,F M S,West Ham,7,7.60266119800508,6.896431270986795,0.6376099903136492,EPL,attack,0.5126118795768918,0.07323026851098453,0.5567449209279554,2.7827502034174127,0.07518985844463523,0.5858421480878763,0.5050275137419135,0.046692350795954775,0.20007003152644948
1250,Mohamed Salah,27,2163,7,8.837686643004417,7,6.428150682710111,67,49,1,0,F M S,Liverpool,6,8.076517805457115,17.373253114521503,6.297699823975563,EPL,attack,0.29126213592233013,0.29126213592233013,0.3360548324045956,2.7877947295423025,0.26746812826810445,2.0388349514563107,0.7228815442935439,0.26204021458982923,0.12054504187249426
6055,Phil Foden,33,2083,7,6.688582047820091,5,6.107132508419454,55,53,4,0,F M S,Manchester City,7,6.688582047820091,19.91397963277996,11.249179357662795,EPL,attack,0.30244839174267885,0.2160345655304849,0.28899298334316287,2.3763802208353337,0.26387034361869943,2.2899663946231397,0.8604215875901087,0.4860423150214362,0.12161058268763802
6681,Harvey Barnes,37,1947,7,8.050524456426501,1,3.1062511932104826,58,23,1,0,F M S,Newcastle United,7,8.050524456426501,12.753550255671144,4.153433019295335,EPL,attack,0.3235747303543914,0.046224961479198766,0.3721351828856626,2.6810477657935285,0.14358634175086976,1.0631741140215716,0.5895323692914243,0.19199228132335908,0.1388021458004569
7322,Bukayo Saka,31,2239,7,8.701195661909878,5,8.552797641605139,71,62,2,0,F M S,Arsenal,6,7.940026824362576,19.112561374902725,8.03783930838108,EPL,attack,0.28137561411344353,0.2009825815096025,0.31916141768317635,2.853952657436355,0.34379266982780815,2.492184010719071,0.7682583848777335,0.3230931387915575,0.11183136372341657
8706,Eberechi Eze,33,1928,7,4.807457456365228,2,2.63351690210402,63,17,1,0,F M S,"Arsenal,Crystal Palace",7,4.807457456365228,10.355983335524796,4.074069639667869,EPL,attack,0.32676348547717843,0.09336099585062241,0.2244145078178789,2.940871369294606,0.12293388028493869,0.7935684647302904,0.4834224586085226,0.1901795993620893,0.07630884851373378
9662,Dango Ouattara,32,2303,7,8.694322310388088,3,5.863189795985818,56,27,5,0,F M S,Brentford,7,8.694322310388088,13.248472003266215,2.525791243650019,EPL,attack,0.2735562310030395,0.11723838471558835,0.3397694346222006,2.188449848024316,0.22913030032076578,1.0551454624402952,0.5177431525375421,0.09870656184476843,0.15525575554264442
9789,Brian Brobbey,31,1943,7,7.111885398626328,1,1.5084331054240463,36,15,6,0,F S,Sunderland,7,7.111885398626328,9.288086591288447,1.6009146478027103,EPL,attack,0.3242408646423057,0.04632012352032939,0.32942341012679854,1.667524446731858,0.06987080776539586,0.6948018528049408,0.43022531817599596,0.07415456423172616,0.19755237218406468
10741,Marcus Tavernier,34,2779,7,9.397737859748304,4,6.158757623285055,70,52,6,0,M S,Bournemouth,5,7.875400157645345,17.828483875840902,8.152811899781227,EPL,midfield,0.22670025188916876,0.129543001079525,0.2550507427808856,2.2670025188916876,0.19945598636043718,1.6840590140338252,0.577388826493588,0.264034930183631,0.11250571653779064
11296,Cody Gakpo,36,2758,7,9.826099138706924,5,6.592332137748599,87,53,3,0,F M S,Liverpool,7,9.826099138706924,18.73160722479224,5.830895097926259,EPL,attack,0.22842639593908629,0.16316171138506164,0.3206486303421404,2.839013778100073,0.21512323872276065,1.7295141406816534,0.6112562183579774,0.190275764616883,0.11294366826099914
833,Virgil van Dijk,38,3420,6,4.891236560419202,0,0.3285368140786886,30,11,4,0,D,Liverpool,6,4.891236560419202,12.485559825785458,11.383180485107005,EPL,,0.15789473684210525,0.0,0.128716751589979,0.7894736842105263,0.0086457056336497,0.2894736842105263,0.32856736383645946,0.2995573811870264,0.16304121868064006
2203,Emiliano Buendía,36,1778,6,3.7844833629205823,2,3.626239098608494,49,30,6,0,M S,Aston Villa,6,3.7844833629205823,9.206152960658072,3.6858682241290808,EPL,midfield,0.30371203599550056,0.10123734533183353,0.19156552455728482,2.4803149606299213,0.1835554099408124,1.5185601799775028,0.46600324322791137,0.18657375712689384,0.077234354345318
6544,Lukas Nmecha,31,1076,6,8.14029767177999,1,1.684540869668126,30,11,0,0,F S,Leeds,4,5.856791136786342,6.9614828154444695,1.4674436636269093,EPL,attack,0.5018587360594795,0.08364312267657992,0.48988029954532597,2.5092936802973975,0.1409002586153637,0.9200743494423792,0.5822801611431248,0.12274157037771546,0.1952263712262114
7148,Wilson Isidor,32,1142,6,5.619414385408163,0,0.0,43,0,2,0,F S,Sunderland,6,5.619414385408163,6.032191339880228,0.6748491153120995,EPL,attack,0.47285464098073554,0.0,0.4428610286223596,3.388791593695271,0.0,0.0,0.4753916117243612,0.05318425602284497,0.13068405547460846
7698,Leandro Trossard,31,2026,6,6.75317111518234,6,4.988008487969637,53,36,2,0,F M S,Arsenal,6,6.75317111518234,13.572629373520613,4.960563652217388,EPL,attack,0.2665350444225074,0.2665350444225074,0.2999927938629865,2.3543928923988156,0.2215798439868052,1.5992102665350443,0.6029302288335908,0.2203606755674062,0.12741832292796867
8150,Anthony Gordon,26,1888,6,8.756197515875101,2,3.714877739548683,48,26,3,1,F M S,Newcastle United,3,6.472690913826227,10.976929228752851,4.042658658698201,EPL,attack,0.2860169491525424,0.09533898305084745,0.3085498846633265,2.288135593220339,0.1770863329234012,1.2394067796610169,0.5232646348452101,0.19271148267099478,0.13484772737137973
9307,Iliman Ndiaye,32,2805,6,6.143797228112817,3,4.457025814801455,43,30,2,0,M,Everton,4,4.621459530666471,15.463790696114302,6.865662005729973,EPL,midfield,0.1925133689839572,0.0962566844919786,0.14828212397860335,1.3796791443850267,0.14300617587598252,0.9625668449197861,0.4961644073619562,0.22028862050470505,0.10747580303875515
9788,Dominik Szoboszlai,36,3236,6,4.724170769564807,7,8.835168853402138,70,78,8,1,D F M,Liverpool,6,3.963001917116344,21.543240651488304,15.061629813164473,EPL,attack,0.16687268232385663,0.19468479604449937,0.11021945999396507,1.946847960444994,0.24572472089190125,2.169344870210136,0.5991630589103669,0.4188957611819538,0.05661431310166206
10948,Valentín Castellanos,18,1430,6,7.11984671279788,0,0.747508816421032,50,12,6,0,F S,West Ham,6,7.11984671279788,6.779488665983081,1.1389543628320098,EPL,attack,0.3776223776223776,0.0,0.44810224066560084,3.146853146853147,0.04704600942509992,0.7552447552447552,0.42668110485208205,0.07168244241600062,0.1423969342559576
12963,Evanilson,36,2810,6,11.830083925276996,1,3.069119781255722,72,30,2,0,F S,Bournemouth,6,11.830083925276996,15.950044002383947,3.485610034316778,EPL,attack,0.1921708185053381,0.03202846975088968,0.37889948515122057,2.306049822064057,0.09829921007580604,0.9608540925266904,0.5108555018557136,0.11163875554751247,0.16430672118440273
13778,Igor Jesus,37,2379,6,7.199080093763769,4,2.280350387096405,70,15,2,0,F M S,Nottingham Forest,5,6.437911256216466,8.53495698235929,1.848353571258485,EPL,attack,0.22698612862547288,0.15132408575031525,0.24355275874715507,2.648171500630517,0.08626798437943525,0.5674653215636822,0.3228861405684473,0.06992510357850511,0.09197016080309238
6382,Pedro Neto,34,2667,5,5.149658527225256,6,7.933838244527578,46,53,2,1,F M S,Chelsea,5,5.149658527225256,19.275073874741796,9.826909113675356,EPL,attack,0.1687289088863892,0.20247469066366705,0.1737792528872415,1.5523059617547805,0.26773357405604875,1.7885264341957254,0.6504524367179458,0.3316167304952314,0.11194909841794035
7526,Martín Zubimendi,38,3040,5,2.944296659901738,1,1.087823610752821,27,19,4,0,D M S,Arsenal,5,2.944296659901738,13.476701468229294,11.17571103386581,EPL,midfield,0.14802631578947367,0.029605263157894735,0.08716667743130145,0.7993421052631579,0.032205304265708515,0.5625,0.39898129346731465,0.33085986613418517,0.10904802444080512
7723,John McGinn,30,2221,5,2.999398436397314,4,4.862495846115053,28,39,5,0,M S,Aston Villa,5,2.999398436397314,10.930921144783497,5.892162735573947,EPL,midfield,0.20261143628995945,0.16208914903196758,0.1215424850408637,1.134624043223773,0.19703945346706653,1.5803692030616838,0.4429459266233745,0.23876391094176283,0.10712137272847551
8288,Tomas Soucek,35,2206,5,5.214208725839853,0,0.8217995762825012,25,11,3,1,M S,West Ham,5,5.214208725839853,7.2598637118935585,4.53873631823808,EPL,midfield,0.20398912058023572,0.0,0.2127283705011726,1.0199456029011786,0.033527634571815554,0.4487760652765186,0.29618664282430657,0.1851705660205926,0.20856834903359414
8397,Florian Wirtz,33,2426,5,7.576831823214889,3,5.384264823049307,51,60,1,0,F M S,Liverpool,5,7.576831823214889,20.641500685364008,10.743050179444252,EPL,attack,0.18549051937345423,0.11129431162407255,0.28108609401868917,1.8920032976092334,0.19974601569432712,2.225886232481451,0.7657605365551363,0.398546791488039,0.1485653298669586
8651,Enzo Le Fée,36,2953,5,5.268677884712815,6,7.54641820769757,36,53,5,0,F M S,Sunderland,2,2.224039314314723,13.179932279512286,7.138605147600174,EPL,attack,0.15238740264138165,0.18286488316965796,0.06778311489614801,1.0971892990179477,0.22999581398333266,1.6153064679986455,0.40169112941283636,0.21756669938503748,0.06177886984207564
8981,Jéremy Doku,30,1783,5,3.9999447921290994,5,7.553412737324834,39,59,0,0,F M S,Manchester City,5,3.9999447921290994,18.843964545056224,9.702232458628714,EPL,attack,0.2523836231071228,0.2523836231071228,0.2019041117732019,1.968592260235558,0.38127153469390634,2.9781267526640494,0.951181609116691,0.4897369160272486,0.10256268697766921
9492,Crysencio Summerville,31,2509,5,5.6990333795547485,2,3.23570919316262,54,28,6,0,F M S,West Ham,5,5.6990333795547485,11.091377541422844,3.962690422311425,EPL,attack,0.17935432443204463,0.07174172977281786,0.20442925634114284,1.937026703866082,0.1160676872796476,1.00438421681945,0.3978573051925293,0.14214513272539986,0.10553765517693979
9910,Anton Stach,29,2394,5,2.9207701720297337,3,5.958144916221499,55,61,3,0,M S,Leeds,5,2.9207701720297337,10.147935139015315,6.20686737075448,EPL,midfield,0.18796992481203006,0.11278195488721804,0.10980338992592985,2.0676691729323307,0.22399041038426692,2.2932330827067666,0.38150132101561335,0.2333408785997925,0.05310491221872243
10697,Ryan Gravenberch,36,3008,5,1.5315213510766623,3,2.368868850171566,38,29,5,0,M S,Liverpool,5,1.5315213510766623,13.042155539616942,10.718840256333351,EPL,midfield,0.14960106382978725,0.08976063829787233,0.04582344467982035,1.1369680851063828,0.07087706001178223,0.867686170212766,0.3902240686720495,0.3207099810738037,0.04030319344938585
10715,João Palhinha,33,2180,5,3.407368754968047,2,0.7690385403111577,33,8,8,0,D M S,Tottenham,5,3.407368754968047,4.779836506582797,3.304838733747601,EPL,midfield,0.20642201834862386,0.08256880733944955,0.14067118713170837,1.3623853211009176,0.03174929753578174,0.3302752293577982,0.1973326998130512,0.13643829634737803,0.10325359863539536
11592,Nico O&#039;Reilly,34,2646,5,6.727011270821095,3,3.847439743578434,41,23,5,0,D M S,Manchester City,5,6.727011270821095,21.241205548867583,14.797816466540098,EPL,midfield,0.17006802721088435,0.10204081632653061,0.22880990717078553,1.3945578231292517,0.130865297400627,0.782312925170068,0.72248998465536,0.5033270906986428,0.16407344562978282
11965,Tijjani Reijnders,28,1642,5,4.861917998641729,2,3.073294181376696,49,18,2,0,F M S,Manchester City,5,4.861917998641729,13.1919761672616,7.1736231576651335,EPL,attack,0.2740560292326431,0.10962241169305724,0.2664875882324943,2.6857490864799027,0.16845096000237678,0.9866017052375152,0.7230681212262753,0.3931949355602083,0.0992228162988108
13364,Diego Gómez,32,2186,5,6.4177497662603855,1,2.0924463979899883,42,20,9,0,F M S,Brighton,5,6.4177497662603855,14.40620754659176,7.100968384183943,EPL,attack,0.2058554437328454,0.04117108874656908,0.26422574517997927,1.729185727355901,0.08614829634908461,0.8234217749313816,0.5931192494022225,0.2923545995318183,0.1528035658633425
14395,Rayan,15,1146,5,2.6684105955064297,2,2.7789037879556417,28,14,1,0,M S,Bournemouth,5,2.6684105955064297,6.337880494073033,2.8229257110506296,EPL,midfield,0.39267015706806285,0.15706806282722513,0.20956104153191857,2.1989528795811517,0.21823851737871533,1.0994764397905759,0.49773930581725395,0.22169573646994473,0.09530037841094392
500,Alex Iwobi,29,2473,4,2.403212903998792,3,3.629966888576746,39,42,3,0,M,Fulham,4,2.403212903998792,10.424585027620196,6.602384243160486,EPL,midfield,0.14557217953902143,0.10917913465426607,0.0874602350828513,1.419328750505459,0.13210554790614926,1.5285078851597251,0.3793823908151305,0.24028086610774113,0.061620843692276724
5304,Mikel Merino,22,1002,4,5.217843644320965,3,2.2901399955153465,22,12,1,0,F M S,Arsenal,4,5.217843644320965,8.36886066198349,3.812133368104696,EPL,attack,0.35928143712574845,0.2694610778443114,0.4686685908072723,1.9760479041916168,0.20570119720197724,1.0778443113772456,0.7516940714356428,0.3424071887519188,0.2371747111054984
5553,Declan Rice,36,3111,4,3.720960887148976,5,8.159449681639671,40,63,3,0,D M S,Arsenal,4,3.720960887148976,18.490907587111,12.956868270412087,EPL,midfield,0.11571841851494695,0.14464802314368372,0.10764592730421339,1.1571841851494697,0.23604965327790756,1.8225650916104146,0.5349346457216297,0.37483707628964574,0.0930240221787244
7218,Cristian Romero,23,1878,4,1.8381627183407545,1,1.8169466238468883,17,12,9,2,D S,Tottenham,4,1.8381627183407545,6.1135033164173365,4.283094780519605,EPL,,0.1916932907348243,0.047923322683706075,0.0880908650962023,0.8146964856230032,0.08707411935368475,0.5750798722044728,0.2929793921605752,0.20526013325173825,0.10812721872592673
7365,Lucas Paquetá,18,1544,4,2.440835335291922,1,3.011969303712249,23,23,5,1,F M,West Ham,2,0.9184976601973176,4.265645559877157,1.5286574847996235,EPL,attack,0.23316062176165803,0.05829015544041451,0.053539371384558665,1.3406735751295336,0.17556815889514404,1.3406735751295336,0.24864514273895344,0.08910568240412314,0.039934680878144245
8094,Mathis Cherki,33,1792,4,4.64134069904685,12,10.784712422639132,55,60,1,0,F M S,Manchester City,4,4.64134069904685,20.81021820381284,11.157610276713967,EPL,attack,0.20089285714285712,0.6026785714285714,0.2331030485012369,2.7622767857142856,0.54164292301201,3.013392857142857,1.0451560481825646,0.5603710518438935,0.08438801270994273
8378,Malick Thiaw,35,2968,4,5.898031393066049,0,0.8268706873059273,28,6,4,0,D S,Newcastle United,4,5.898031393066049,9.148333224467931,8.644866692833602,EPL,,0.12129380053908356,0.0,0.17884866084095163,0.8490566037735848,0.025073572054425015,0.18194070080862534,0.2774090263484211,0.2621421840818815,0.21064397832378745
8859,Mikkel Damsgaard,33,2085,4,2.974404709413648,4,6.468690361827612,30,42,0,0,M S,Brentford,4,2.974404709413648,12.347467929124832,6.4731036853045225,EPL,midfield,0.17266187050359713,0.17266187050359713,0.1283915701905172,1.2949640287769786,0.27922404439543647,1.8129496402877696,0.5329842271564676,0.2794145475671017,0.0991468236471216
9154,Elliot Anderson,38,3329,4,3.4442944694310427,4,4.842637189663947,44,55,8,0,M S,Nottingham Forest,3,2.6831256318837404,16.282568987458944,11.95789561793208,EPL,midfield,0.10814058275758487,0.10814058275758487,0.0725386923609302,1.1895464103334334,0.13092140194345303,1.486933012916792,0.4402016247735972,0.3232834501693863,0.06098012799735774
9780,Mathys Tel,31,1324,4,2.8263100758194923,1,3.4139982480555773,35,29,1,0,F M S,Tottenham,4,2.8263100758194923,6.1857428681105375,2.608160737901926,EPL,attack,0.2719033232628399,0.06797583081570997,0.19212077554664223,2.3791540785498486,0.23206936731495617,1.9712990936555892,0.4204810106721664,0.1772918930597986,0.08075171645198549
10050,Micky van de Ven,35,3049,4,2.4525543581694365,1,1.0142897926270962,16,5,9,1,D,Tottenham,4,2.4525543581694365,5.581554230302572,5.243820492178202,EPL,,0.11807149885208265,0.029517874713020663,0.07239419227131823,0.4722859954083306,0.029939679021462336,0.14758937356510332,0.1647556184740018,0.1547864363056865,0.15328464738558978
10751,Brenden Aaronson,37,2517,4,5.881288753822446,5,5.662709843367338,46,34,3,0,F M S,Leeds,4,5.881288753822446,13.203591203317046,3.4881920777261257,EPL,attack,0.1430274135876043,0.17878426698450536,0.2102963797552722,1.6448152562574492,0.20248068569847455,1.2157330154946364,0.47211887496962024,0.12472677274348484,0.1278541033439662
11070,Jørgen Strand Larsen,36,2353,4,6.514206910505891,1,0.6865616654977202,44,10,4,0,F S,"Crystal Palace,Wolverhampton Wanderers",3,4.991869203746319,7.06976137124002,2.5690375342965126,EPL,attack,0.1529961750956226,0.03824904377390565,0.19093422368770452,1.6829579260518488,0.02626032719710787,0.3824904377390565,0.2704116121596268,0.09826322910611396,0.11345157281241634
11269,Jack Hinshelwood,27,1773,4,4.76202392950654,3,2.3572685150429606,37,16,0,0,D M S,Brighton,4,4.76202392950654,11.615752866491675,5.945451917126775,EPL,midfield,0.20304568527918784,0.15228426395939085,0.24172710302063655,1.8781725888324872,0.11965830025598784,0.8121827411167514,0.5896321252026231,0.30179958970186677,0.12870334944612272
11944,Patrick Dorgu,26,1436,4,2.987284906208515,4,3.1112868897616863,25,27,5,0,D M S,Manchester United,4,2.987284906208515,6.977159338071942,1.9963069763034584,EPL,midfield,0.25069637883008355,0.25069637883008355,0.18722537713006013,1.5668523676880224,0.19499708919119205,1.692200557103064,0.4372871451437847,0.12511673249812763,0.11949139624834061
12408,Daniel Muñoz,29,2417,4,3.147003997117281,3,5.066070262342691,26,27,7,0,D,Crystal Palace,4,3.147003997117281,10.425639127381146,4.4382075956091285,EPL,,0.14894497310715762,0.11170872983036824,0.11718260642968774,0.9681423251965245,0.18864142474590082,1.005378568473314,0.38821163486317883,0.1652621777429961,0.12103861527374157
13717,Chemsdine Talbi,28,1556,4,2.32377387303859,1,0.6003798525780439,25,12,0,0,F M S,Sunderland,4,2.32377387303859,3.2277513165026903,1.188907701522112,EPL,attack,0.2313624678663239,0.05784061696658097,0.13440851450737346,1.4460154241645244,0.034726341087418997,0.6940874035989717,0.18669512756120957,0.06876715497235866,0.0929509549215436
1653,Michael Keane,33,2586,3,3.569063669070601,1,0.1301262713968753,26,2,1,1,D S,Everton,3,3.569063669070601,5.3534705666825175,4.28355781827122,EPL,,0.10440835266821345,0.03480278422273782,0.12421335275187706,0.9048723897911833,0.004528756545134871,0.06960556844547564,0.18631568097502962,0.14907973845491485,0.1372716795796385
1679,Dominic Solanke,15,989,3,3.586364097893238,0,0.5976490452885628,20,6,1,0,F S,Tottenham,3,3.586364097893238,4.704602524638176,1.6908956598490477,EPL,attack,0.2730030333670374,0.0,0.3263627591611642,1.820020222446916,0.05438666741756385,0.5460060667340748,0.4281235866708148,0.15387321474864943,0.1793182048946619
4456,Chris Wood,15,913,3,3.365151971578598,0,0.321694266051054,23,5,0,0,F S,Nottingham Forest,3,3.365151971578598,3.2678276151418686,0.5070263929665089,EPL,attack,0.2957283680175246,0.0,0.33172363356196477,2.267250821467689,0.031711373433291196,0.4928806133625411,0.3221297758628348,0.04998069591126593,0.146310955286026
5613,Gabriel,32,2748,3,4.649077512323856,4,2.7250300347805023,27,7,4,0,D S,Arsenal,3,4.649077512323856,8.894044917076826,8.309922948479652,EPL,,0.0982532751091703,0.13100436681222707,0.15226236394073764,0.8842794759825328,0.08924770856268022,0.2292576419213974,0.29128968069028904,0.272159048530993,0.1721880560119947
5659,Nordi Mukiele,32,2793,3,2.778892433270812,3,2.752836622297764,26,23,5,0,D,Sunderland,3,2.778892433270812,9.07671518996358,6.988744452595711,EPL,,0.09667024704618689,0.09667024704618689,0.08954540601302294,0.8378088077336198,0.08870579878510518,0.7411385606874329,0.29248276659388545,0.2252012175916985,0.10688047820272353
6063,Jacob Murphy,33,1630,3,3.1199456304311752,2,4.785552207380533,42,23,2,0,D F M S,Newcastle United,3,3.1199456304311752,8.429972594603896,2.7332380525767803,EPL,attack,0.1656441717791411,0.11042944785276074,0.1722669366495741,2.3190184049079754,0.26423294396579633,1.2699386503067485,0.46545860951800655,0.15091498449810442,0.07428441977217085
6456,Callum Hudson-Odoi,30,1857,3,2.9516881722956896,4,3.933808506466448,30,44,0,0,M S,Nottingham Forest,3,2.9516881722956896,11.127739728428423,5.728919830173254,EPL,midfield,0.14539579967689822,0.1938610662358643,0.14305435406925798,1.4539579967689822,0.19065307785782462,2.132471728594507,0.5393088721370802,0.27765362666429344,0.09838960574318965
6615,Trevoh Chalobah,34,2781,3,1.84148343000561,0,0.6305756159126759,16,5,3,1,D S,Chelsea,3,1.84148343000561,14.728520268574355,14.596847238019109,EPL,,0.09708737864077668,0.0,0.05959493300989029,0.517799352750809,0.020406977861251646,0.16181229773462782,0.47665114137781084,0.47238987825304557,0.11509271437535062
6722,Konstantinos Mavropanos,31,2518,3,2.791105939541012,0,0.4895833916962147,23,4,2,0,D S,West Ham,3,2.791105939541012,4.458088889718056,4.093825729563832,EPL,,0.10722795869737888,0.0,0.09976153080170416,0.8220810166799046,0.01749900923457479,0.14297061159650515,0.15934392377864376,0.14632419208131253,0.12135243215395705
6837,Ryan Sessegnon,27,1830,3,2.04829409904778,1,2.228433128446341,16,14,0,0,D M S,Fulham,3,2.04829409904778,8.259379532188177,5.088316984474659,EPL,midfield,0.14754098360655737,0.04918032786885246,0.10073577536300558,0.7868852459016393,0.10959507189080367,0.6885245901639344,0.4061989933863038,0.2502450975971144,0.12801838119048625
6937,Georginio Rutter,32,1784,3,2.933251672424376,3,4.598605487495661,42,25,2,0,F M S,Brighton,3,2.933251672424376,10.858153810724616,4.214052898809314,EPL,attack,0.15134529147982065,0.15134529147982065,0.1479779431155795,2.118834080717489,0.23199242930191113,1.2612107623318387,0.547776817805614,0.21259235476055957,0.06983932553391371
7166,Mathias Jensen,36,2258,3,1.5882399883121252,1,5.333177657797933,29,33,3,0,M S,Brentford,3,1.5882399883121252,10.393253115937114,7.005861360579729,EPL,midfield,0.11957484499557129,0.03985828166519043,0.06330451680606346,1.1558901682905225,0.21257129725501062,1.3153232949512843,0.4142572101126396,0.2792415954172611,0.05476689614869397
7208,Samuel Chukwueze,23,1052,3,2.3333342373371124,4,2.836030565202236,25,24,0,0,M S,Fulham,3,2.3333342373371124,7.104950949549675,2.852319191209972,EPL,midfield,0.2566539923954373,0.34220532319391633,0.19961984920184422,2.138783269961977,0.24262618903821412,2.0532319391634983,0.6078380089918923,0.24401970267005463,0.0933333694934845
7230,Emile Smith-Rowe,37,1933,3,4.261428236961365,0,1.417598308995366,36,18,1,0,M S,Fulham,3,4.261428236961365,8.591270301491022,4.14689252525568,EPL,midfield,0.1396792550439731,0.0,0.19841104052070502,1.676151060527677,0.06600302525068957,0.8380755302638385,0.40000741186455874,0.1930782862250446,0.11837300658226013
7498,Lyle Foster,26,1375,3,3.592184547334909,2,1.145955815911293,20,10,4,0,F M S,Burnley,3,3.592184547334909,5.975080406293273,2.130239402875304,EPL,attack,0.19636363636363638,0.1309090909090909,0.2351248067346486,1.309090909090909,0.07500801704146645,0.6545454545454545,0.39109617204828695,0.13943385182456533,0.17960922736674545
7603,Marc Guehi,35,3150,3,4.697336498647928,3,2.726592278573662,32,18,6,0,D,"Crystal Palace,Manchester City",3,4.697336498647928,17.67278046440333,15.488122279755771,EPL,,0.08571428571428572,0.08571428571428572,0.13420961424708366,0.9142857142857143,0.07790263653067606,0.5142857142857142,0.504936584697238,0.4425177794215935,0.14679176558274776
7768,Mason Mount,23,1021,3,1.7446828484535215,0,1.3764615170657637,19,14,2,0,M S,Manchester United,3,1.7446828484535215,6.608267386443913,4.634791788645089,EPL,midfield,0.2644466209598433,0.0,0.15379182797337604,1.6748285994123409,0.12133353235643363,1.2340842311459355,0.5825113269147425,0.4085516757865406,0.09182541307650113
8211,Amine Adli,31,1036,3,3.5744741037487984,1,1.2779199946671724,20,17,2,0,M S,Bournemouth,3,3.5744741037487984,6.13513302244246,2.169084176421165,EPL,midfield,0.2606177606177606,0.08687258687258688,0.3105238121017296,1.7374517374517373,0.11101621575293968,1.4768339768339767,0.5329748764670091,0.18843395355010123,0.1787237051874399
8864,Matthew Cash,35,3040,3,1.217919012531638,3,3.2148889815434813,30,31,9,0,D S,Aston Villa,3,1.217919012531638,10.301109017804263,8.072564328089356,EPL,,0.08881578947368421,0.08881578947368421,0.03605681287100244,0.888157894736842,0.09517763432201097,0.9177631578947368,0.30496704329025776,0.2389903912921191,0.04059730041772126
8875,Tolu Arokodare,33,1357,3,7.426559334620833,1,1.1596579402685163,46,11,1,0,F S,Wolverhampton Wanderers,3,6.665390497073531,5.404460851103067,1.1024699872359631,EPL,attack,0.19896831245394253,0.06632277081798084,0.4420671663497552,3.0508474576271185,0.07691172779968053,0.7295504789977892,0.3584388184224584,0.07311886429715304,0.144899793414642
9451,Chimuanya Ugochukwu,35,2407,3,2.622456289827824,1,0.4493608232587576,22,10,1,1,M S,Burnley,3,2.622456289827824,7.266716599464416,4.90908182784915,EPL,midfield,0.11217282924802659,0.03739094308267553,0.0980561138697566,0.8226007478188617,0.016802024966052424,0.37390943082675526,0.2717093867685074,0.1835551992133043,0.11920255862853746
9453,Moisés Caicedo,33,2811,3,1.5309751015156507,1,2.626823216676712,27,18,11,1,M S,Chelsea,3,1.5309751015156507,17.209235347807407,15.360051840543749,EPL,midfield,0.096051227321238,0.032017075773746,0.04901734583294506,0.8644610458911419,0.0841031979725735,0.576307363927428,0.5509893921389779,0.49178394366735584,0.056702781537616695
10806,Kaoru Mitoma,25,1723,3,4.789182621985674,1,3.54316034540534,32,30,5,0,F M S,Brighton,3,4.789182621985674,11.286602273583412,4.618424783460796,EPL,attack,0.1567034242600116,0.0522344747533372,0.25016043875723193,1.6715031921067904,0.18507511960910075,1.567034242600116,0.589549741510451,0.24124099275186978,0.1496619569370523
10807,Jan Paul van Hecke,36,3214,3,3.358578664250672,3,1.0255657620728016,23,12,9,0,D,Brighton,3,3.358578664250672,14.122217744588852,13.213500533252954,EPL,,0.08400746733042937,0.08400746733042937,0.09404856247123848,0.6440572495332918,0.028718394084179262,0.33602986932171747,0.3954572486039193,0.3700109047892862,0.1460251593152466
10809,Keane Lewis-Potter,36,1949,3,3.214926864951849,3,2.714283775538206,31,19,1,0,D F M S,Brentford,3,3.214926864951849,7.842858789488673,3.1916828025132418,EPL,attack,0.13853258081067213,0.13853258081067213,0.14845737190644762,1.4315033350436122,0.12533891215928095,0.8773730118009235,0.3621638230138433,0.14738401858706607,0.10370731822425319
10945,Santiago Bueno,29,2549,3,1.995275340974331,1,0.9024237375706434,10,10,4,0,D S,Wolverhampton Wanderers,3,1.995275340974331,4.350156765431166,3.939035897143185,EPL,,0.10592389172224402,0.03530796390741467,0.07044910972447618,0.3530796390741467,0.031862744755338526,0.3530796390741467,0.15359517806543935,0.13907933728634234,0.1995275340974331
11385,Yasin Ayari,29,1918,3,2.1179441660642624,3,1.4007999636232853,41,15,1,0,M S,Brighton,3,2.1179441660642624,7.900783270597458,5.476744862273336,EPL,midfield,0.14077163712200208,0.14077163712200208,0.09938215586328655,1.923879040667362,0.06573096805323028,0.7038581856100105,0.3707353985160434,0.2569901134539105,0.05165717478205518
11707,Jurriën Timber,30,2475,3,4.030840836465359,5,2.5891424333676696,25,28,5,0,D S,Arsenal,3,4.030840836465359,11.438589019700885,8.65939543582499,EPL,,0.10909090909090909,0.18181818181818182,0.14657603041692213,0.9090909090909092,0.09415063394064252,1.018181818181818,0.4159486916254867,0.3148871067572724,0.16123363345861436
12149,Alex Scott,37,2915,3,3.500135133042932,1,2.891912166960537,44,26,5,0,M S,Bournemouth,3,3.500135133042932,15.246188033372164,10.991569228470324,EPL,midfield,0.09262435677530018,0.03087478559176672,0.10806592177491042,1.3584905660377358,0.08928716810512809,0.8027444253859348,0.47072278662212513,0.33936234324608205,0.07954852575097572
12756,Rodrigo Gomes,22,951,3,2.28443655744195,0,0.1513135097920894,21,3,0,0,D F M S,Wolverhampton Wanderers,3,2.28443655744195,3.37700173817575,1.008143601939082,EPL,attack,0.28391167192429023,0.0,0.21619273414277126,1.9873817034700316,0.01431989051660152,0.28391167192429023,0.31959006985890376,0.09540791185543361,0.10878269321152143
12759,Yankuba Minteh,34,2410,3,4.752463513985276,4,5.841520894318819,41,44,3,0,M S,Brighton,3,4.752463513985276,16.411175997927785,8.573732296004891,EPL,midfield,0.11203319502074688,0.14937759336099585,0.1774778905637655,1.5311203319502074,0.21814808319032933,1.6431535269709545,0.6128654936985479,0.320180874124664,0.11591374424354332
12948,Mateus Fernandes,36,3044,3,1.821642781607807,4,3.336049569770694,28,37,6,0,M S,West Ham,3,1.821642781607807,10.3192302826792,6.989333409816027,EPL,midfield,0.08869908015768725,0.11826544021024968,0.05385934636816774,0.8278580814717477,0.09863484273303628,1.0939553219448095,0.30510207800299866,0.20664914812202442,0.06505867077170739
13484,Mateus Mané,27,1784,3,1.9724454693496227,1,3.281726311892271,41,30,0,0,M S,Wolverhampton Wanderers,3,1.9724454693496227,5.257462016772479,2.4831578764133155,EPL,midfield,0.15134529147982065,0.05044843049327354,0.09950677816225675,2.0683856502242155,0.16555794174344418,1.5134529147982063,0.2652307071241721,0.1252714175320619,0.048108426081698116
87,Joelinton,27,1958,2,2.178690475411713,1,1.8613738622516396,32,17,9,0,M S,Newcastle United,2,2.178690475411713,10.018592189997436,7.250156426802278,EPL,midfield,0.09193054136874362,0.04596527068437181,0.1001440974397621,1.470888661899898,0.08555855342321123,0.7814096016343207,0.4605073018895655,0.3332554026620046,0.06808407735661604
668,Idrissa Gueye,25,2120,2,1.9142106398940089,3,1.693690698593855,29,13,1,1,M,Everton,2,1.9142106398940089,9.138687188737094,6.896284964866936,EPL,midfield,0.08490566037735849,0.12735849056603774,0.0812636592407834,1.2311320754716981,0.07190196361955045,0.5518867924528302,0.38796313537091437,0.2927668145462379,0.06600726344462099
675,Jack Grealish,20,1645,2,3.084938551299274,6,4.558330744504929,26,38,2,1,F M S,Everton,2,3.084938551299274,9.290637398138642,3.2924681939184666,EPL,attack,0.1094224924012158,0.3282674772036474,0.16878083259388124,1.4224924012158056,0.24939195562640948,2.0790273556231003,0.5083023500501385,0.18013503796514405,0.11865148274227977
1018,Josh Cullen,18,1533,2,1.0142266415059566,2,1.8168634045869112,11,13,2,0,M,Burnley,2,1.0142266415059566,6.162752605974674,4.625554047524929,EPL,midfield,0.11741682974559686,0.11741682974559686,0.059543638444576705,0.6457925636007827,0.10666517052369343,0.7632093933463796,0.36180543674998084,0.27155894603864555,0.09220242195508697
1665,James Tarkowski,37,3330,2,2.8690776508301497,3,2.0567114762961864,20,18,8,0,D,Everton,2,2.8690776508301497,6.824133190326393,5.569046746008098,EPL,,0.05405405405405405,0.08108108108108109,0.07754263921162567,0.5405405405405406,0.055586796656653684,0.4864864864864865,0.1844360321709836,0.15051477691913778,0.14345388254150748
3635,Bernardo Silva,38,2917,2,2.899573851376772,4,5.28287316672504,30,47,9,0,M S,Manchester City,2,2.899573851376772,25.18876053020358,19.402738712728024,EPL,midfield,0.061707233459033256,0.12341446691806651,0.08946234028930733,0.9256085018854988,0.16299574391678218,1.4501199862872813,0.7771643632904773,0.5986446637454653,0.09665246171255906
4419,Adam Armstrong,14,1170,2,2.8085783179849386,2,1.501315450295806,18,6,3,0,F M,Wolverhampton Wanderers,1,2.0474094804376364,2.8539646565914154,0.716374509036541,EPL,attack,0.15384615384615385,0.15384615384615385,0.15749303695674127,1.3846153846153846,0.11548580386890815,0.46153846153846156,0.21953574281472424,0.05510573146434931,0.11374497113542424
5722,Ibrahim Sangare,28,2111,2,1.5703946938738227,2,1.4491914678364992,16,12,5,0,M S,Nottingham Forest,2,1.5703946938738227,7.422331970185041,5.2894406747072935,EPL,midfield,0.08526764566556135,0.08526764566556135,0.0669519291561554,0.6821411653244908,0.061784572290518674,0.5116058739933681,0.316442386222953,0.2255090766099746,0.09814966836711392
6377,Joe Rodon,35,2954,2,1.8460459671914575,0,0.4614792335778475,18,9,3,0,D S,Leeds,2,1.8460459671914575,6.242629060521722,5.799875162541866,EPL,,0.060934326337169935,0.0,0.05624378369913039,0.5484089370345294,0.014059963108329816,0.2742044685172647,0.1901951981878656,0.17670574293458632,0.1025581092884143
6963,Justin Kluivert,20,934,2,2.293420127592981,0,2.294822184368968,17,22,5,0,M S,Bournemouth,2,2.293420127592981,5.311763904988766,2.3175806514918804,EPL,midfield,0.19271948608137046,0.0,0.22099337417919515,1.6381156316916488,0.22112847600985772,2.119914346895075,0.5118402049775043,0.22332147605382147,0.13490706632899888
7078,Sean Longstaff,23,999,2,1.3776587545871737,2,2.7682253569364548,16,25,2,0,M S,Leeds,2,1.3776587545871737,3.445849686861038,1.8182370737195013,EPL,midfield,0.18018018018018017,0.18018018018018017,0.1241134013141598,1.4414414414414414,0.24938967179607702,2.2522522522522523,0.31043690872621965,0.16380514177653163,0.08610367216169836
7352,Tyler Adams,25,1805,2,0.9289743825793266,2,1.2302900850772858,10,7,8,0,M S,Bournemouth,2,0.9289743825793266,6.869911018759012,5.867583338171244,EPL,midfield,0.0997229916897507,0.0997229916897507,0.04632005231697473,0.4986149584487535,0.06134410396507242,0.3490304709141274,0.3425440397165158,0.29256648223568527,0.09289743825793266
7438,James Garner,38,3417,2,2.075645294971764,7,6.066574491560459,45,56,12,0,D M,Everton,2,2.075645294971764,11.283361876383424,8.333431598730385,EPL,midfield,0.05267778753292362,0.18437225636523266,0.05467020092111758,1.1852502194907815,0.159786861059538,1.4749780509218613,0.29719126979060817,0.21949336958903562,0.046125450999372535
7753,James Justin,29,1895,2,2.5627669915556908,1,2.572751060128212,24,13,4,0,D M S,Leeds,2,2.5627669915556908,5.141626592725515,2.756110928952694,EPL,midfield,0.09498680738786279,0.047493403693931395,0.1217145273034365,1.1398416886543534,0.12218870470265913,0.6174142480211081,0.2441933474117659,0.13089708897400656,0.10678195798148711
8067,Reece James,29,1927,2,1.2280184961855412,4,3.9933422207832336,22,27,4,0,D M S,Chelsea,2,1.2280184961855412,11.531630601733925,9.75475050136447,EPL,midfield,0.09340944473274519,0.18681888946549038,0.057354262925116084,1.027503892060197,0.18650793973559474,1.2610275038920602,0.5385816056855491,0.4555929139194615,0.05581902255388824
8127,Amad Diallo Traore,32,2341,2,5.730035418644548,3,5.647227294743061,54,40,2,0,D M S,Manchester United,2,5.730035418644548,18.681302284821868,10.051697205752134,EPL,midfield,0.07689021785561725,0.1153353267834259,0.22029183582999118,2.076035882101666,0.21710826848649104,1.5378043571123452,0.7182047012532969,0.38643859398449043,0.10611176701193609
8204,Neco Williams,37,3203,2,1.8705778289586303,3,4.3956019571051,46,36,6,1,D S,Nottingham Forest,2,1.8705778289586303,12.105098510161042,9.00960880704224,EPL,,0.05619731501717141,0.0842959725257571,0.05256072575906236,1.2925382453949423,0.12351051393676522,1.0115516703090852,0.3401370171447061,0.2531579121554173,0.04066473541214414
8379,Alexis Mac Allister,37,2683,2,4.071707676164806,4,2.849602391012013,52,34,7,0,M S,Liverpool,2,4.071707676164806,13.185968162491918,8.344642542302608,EPL,midfield,0.06708907938874394,0.13417815877748787,0.13658355976698938,1.7443160641073425,0.09558860051847974,1.1405143496086472,0.4423172324354352,0.2799171929956149,0.07830207069547704
8700,Xavi Simons,28,1768,2,2.716290816664696,5,4.650560335256159,42,34,5,1,F M S,Tottenham,2,2.716290816664696,9.529860531911254,5.203196081332862,EPL,attack,0.10180995475113123,0.25452488687782804,0.13827272256777298,2.1380090497737556,0.2367366686499176,1.7307692307692308,0.4851173347692381,0.264868578800881,0.06467359087296895
8845,Hee-Chan Hwang,26,1469,2,2.6617424860596657,2,1.881555620580912,19,15,5,0,F M S,Wolverhampton Wanderers,1,1.9005736485123637,5.158048531040549,1.74687934294343,EPL,attack,0.12253233492171545,0.12253233492171545,0.11644086342145182,1.1640571817562968,0.11527570173742824,0.9189925119128659,0.3160138650739615,0.10702460235868529,0.1000301920269665
8941,Jacob Ramsey,28,1421,2,1.2112666741013527,3,1.5663878619670868,16,22,3,1,M S,Newcastle United,2,1.2112666741013527,5.487635789439082,4.252015369012952,EPL,midfield,0.1266713581984518,0.1900070372976777,0.07671639737446992,1.0133708655876144,0.09920823897046996,1.3933849401829697,0.3475631393733409,0.26930428093678094,0.07570416713133454
8961,Rúben Dias,26,2142,2,0.4370618928223848,0,0.4225503513589501,10,7,3,0,D S,Manchester City,2,0.4370618928223848,14.6865739133209,14.24906044639647,EPL,,0.08403361344537816,0.0,0.01836394507657079,0.42016806722689076,0.017754216443653364,0.29411764705882354,0.6170829375344916,0.5987000187561542,0.043706189282238475
9017,Malo Gusto,34,2306,2,1.941821174696088,3,3.805633621290326,12,27,3,1,D M S,Chelsea,2,1.941821174696088,16.337898954749107,13.553333889693022,EPL,midfield,0.07805724197745013,0.1170858629661752,0.0757866026550945,0.4683434518647008,0.1485286322272894,1.0537727666955767,0.6376456660569904,0.5289679315144717,0.16181843122467401
9021,Pape Sarr,26,1347,2,2.047363305464387,4,2.433566828258336,17,11,3,0,M S,Tottenham,2,2.047363305464387,7.017087802290916,4.9591697268188,EPL,midfield,0.13363028953229397,0.26726057906458794,0.13679487564350024,1.135857461024499,0.1625991199281739,0.734966592427617,0.4688477373468318,0.33134764321729177,0.12043313561555218
9024,Yeremi Pino,34,2134,2,4.372978935018182,2,8.502093791030347,45,48,4,0,F M S,Crystal Palace,2,4.372978935018182,13.46667707618326,4.587377788498998,EPL,attack,0.08434864104967198,0.08434864104967198,0.18442741525381273,1.8978444236176195,0.35857002867513177,2.0243673851921273,0.567947955415414,0.19346954122066998,0.09717730966707071
9667,Amadou Onana,25,1793,2,2.772524105384946,0,0.5039298757910728,19,7,3,0,M S,Aston Villa,2,2.772524105384946,6.815283706411719,5.313166355714202,EPL,midfield,0.1003904071388734,0.0,0.13916741187096773,0.9537088678192972,0.02529486270005385,0.3513664249860569,0.3420945530268013,0.2666954668233565,0.1459223213360498
9767,Habib Diarra,20,1414,2,3.2528567891567945,2,0.644760662689805,26,7,6,0,M S,Sunderland,1,2.4916879516094923,4.116263935342431,1.8810110297054048,EPL,midfield,0.1272984441301273,0.1272984441301273,0.15859399974883615,1.654879773691655,0.041038514598361,0.44554455445544555,0.2619969972990232,0.11972488873655335,0.09583415198498048
9790,Josko Gvardiol,18,1374,2,1.8614049591124056,2,0.4376047477126121,17,4,2,0,D S,Manchester City,2,1.8614049591124056,10.09633487649262,9.54827414639294,EPL,,0.13100436681222707,0.13100436681222707,0.12192608902483006,1.1135371179039302,0.02866406644405756,0.26200873362445415,0.6613319788095603,0.6254328043488825,0.10949440935955326
9977,Loum Tchaouna,29,1268,2,1.2590220803394914,1,1.1996374279260635,23,13,2,0,F M S,Burnley,2,1.2590220803394914,4.213689148426056,1.974099012091756,EPL,attack,0.14195583596214512,0.07097791798107256,0.08936276595469576,1.6324921135646688,0.08514776696636098,0.9227129337539433,0.29907888277472006,0.14011743776676502,0.0547400904495431
10184,Archie Gray,24,1497,2,1.588539564050734,2,1.6584226582199335,11,8,5,0,D M S,Tottenham,2,1.588539564050734,3.5702104242518544,2.168477569706738,EPL,midfield,0.12024048096192386,0.12024048096192386,0.09550338060425256,0.6613226452905812,0.09970476903125852,0.4809619238476954,0.21464190927365856,0.13036939296834096,0.1444126876409758
10744,Ryan Christie,26,942,2,1.7907362105324864,0,1.6195761244744062,25,11,3,1,M S,Bournemouth,2,1.7907362105324864,7.692040719091892,4.515199979767203,EPL,midfield,0.19108280254777069,0.0,0.17108944686616112,2.388535031847134,0.15473657240201333,1.0509554140127388,0.7349083489578241,0.4313885330987774,0.07162944842129945
10760,Brennan Johnson,34,1709,2,2.5934192165732384,1,1.281047284603119,23,19,6,0,D F M S,"Crystal Palace,Tottenham",2,2.5934192165732384,5.23962683416903,1.934015018865466,EPL,attack,0.1053247513165594,0.0526623756582797,0.1365756170225813,1.211234640140433,0.06746299333778859,1.0005851375073143,0.27593119665021226,0.10184982545224806,0.11275735724231471
11357,Noni Madueke,26,1246,2,1.9964179322123528,1,4.010977517813444,25,22,0,0,F M S,Arsenal,2,1.9964179322123528,6.728137206286192,3.293942168354988,EPL,attack,0.14446227929373998,0.07223113964686999,0.14420354245514588,1.8057784911717496,0.28971747720963886,1.5890850722311396,0.4859810181105596,0.2379251967511629,0.07985671728849411
11709,Milos Kerkez,34,2271,2,1.3935871431604028,1,1.8634965866804123,9,26,4,0,D S,Liverpool,2,1.3935871431604028,9.48909960873425,6.859379429370165,EPL,,0.07926023778071334,0.03963011889035667,0.05522802416751926,0.35667107001321,0.07385059128191859,1.0303830911492735,0.3760541456565753,0.27183802230000653,0.15484301590671143
12027,Mohammed Kudus,19,1577,2,2.362326920963824,5,2.574139247648418,26,21,3,0,F M,Tottenham,2,2.362326920963824,4.9626108556985855,1.4065115749835968,EPL,attack,0.11414077362079898,0.2853519340519975,0.13481891115202546,1.4838300570703866,0.14690712256712593,1.1984781230183892,0.2832181211242059,0.08027015963761808,0.09085872772937784
12721,Ladislav Krejcí,28,2385,2,1.724472633562982,1,1.4908780492842195,21,9,3,1,D M S,Wolverhampton Wanderers,2,1.724472633562982,4.148910779505968,2.5917173959314823,EPL,midfield,0.07547169811320754,0.03773584905660377,0.06507443900237668,0.7924528301886792,0.056259549029593195,0.33962264150943394,0.1565626709247535,0.09780065645024462,0.0821177444553801
12758,Mats Wieffer,26,1922,2,1.9274322018027303,3,2.8690227568149567,18,19,8,0,D S,Brighton,2,1.9274322018027303,10.283977266401052,8.267712463624775,EPL,,0.09365244536940688,0.1404786680541103,0.0902543694912829,0.8428720083246618,0.1343454984980989,0.8896982310093652,0.48155980956092337,0.3871457449147918,0.10707956676681835
12905,Nicolò Savona,14,1036,2,1.2354809269309044,0,0.5944582391530275,5,6,2,0,D S,Nottingham Forest,2,1.2354809269309044,3.0064694937318563,1.5372497662901878,EPL,,0.17374517374517376,0.0,0.10732942415422914,0.4343629343629343,0.051642125022946406,0.5212355212355212,0.26117978227400296,0.1335448638669082,0.2470961853861809
13711,Maxim De Cuyper,30,1412,2,1.7418285254389048,3,4.685627582482994,13,32,2,0,D M S,Brighton,2,1.7418285254389048,6.840236205607653,3.4948783963918686,EPL,midfield,0.1274787535410765,0.19121813031161475,0.1110230646526214,0.8286118980169971,0.2986589818863098,2.039660056657224,0.43599239270870305,0.22276137087483583,0.13398680964914653
13713,Trai Hume,38,3041,2,2.7079745400696997,1,2.0842118076980114,34,27,9,0,D M S,Sunderland,2,2.7079745400696997,8.229747292585671,4.202485715970397,EPL,midfield,0.059191055573824404,0.029595527786912202,0.08014393574688358,1.0062479447550148,0.061683348468537,0.7990792502466294,0.24356371467698468,0.12437478278110349,0.07964631000205
13715,Dan Ballard,29,2143,2,3.6954356245696554,0,1.5805855486541986,25,14,4,1,D S,Sunderland,2,3.6954356245696554,4.752503437921405,2.608859278261661,EPL,,0.08399440037330845,0.0,0.1551979497019454,1.0499300046663556,0.06638016769896309,0.5879608026131591,0.19959183827014765,0.10956478536796524,0.14781742498278622
13834,Ao Tanaka,28,1330,2,2.1981850005686283,0,1.3577267043292522,17,18,1,0,M S,Leeds,2,2.1981850005686283,6.806126736104488,4.313436454162002,EPL,midfield,0.13533834586466167,0.0,0.14874936094073424,1.150375939849624,0.09187624315009979,1.218045112781955,0.46056496710481504,0.29188667734930834,0.12930500003344872
204,Granit Xhaka,34,2896,1,0.8072718912735581,6,3.7049803622066975,21,34,8,0,M S,Sunderland,1,0.8072718912735581,10.455324796028435,8.981416845694184,EPL,midfield,0.03107734806629834,0.18646408839779005,0.02508786954924732,0.6526243093922651,0.11514096429509764,1.0566298342541436,0.32492376783237537,0.27911861744215355,0.0384415186320742
239,Pascal Groß,19,1635,1,1.2529933378100395,3,3.2941888589411974,18,39,2,0,M S,Brighton,1,1.2529933378100395,10.012519028037786,8.280529152601957,EPL,midfield,0.055045871559633024,0.1651376146788991,0.06897211033816732,0.9908256880733946,0.18133149682245125,2.146788990825688,0.5511478364057497,0.4558089441799243,0.06961074098944664
605,Jordan Henderson,32,1935,1,0.5513727776706219,3,3.320531530305743,6,19,6,0,M S,Brentford,1,0.5513727776706219,8.78984696418047,6.131646819412708,EPL,midfield,0.046511627906976744,0.13953488372093023,0.02564524547305218,0.27906976744186046,0.1544433269909648,0.883720930232558,0.4088300913572312,0.2851928753215213,0.09189546294510365
885,Kyle Walker-Peters,23,1365,1,1.1882447563111782,0,0.3569928742945194,5,6,2,0,D S,West Ham,1,1.1882447563111782,4.904916271567345,3.5975223556160927,EPL,,0.06593406593406594,0.0,0.07834580810842932,0.32967032967032966,0.023537991711726557,0.3956043956043956,0.32340107285059416,0.23719927619446765,0.23764895126223565
934,Axel Tuanzebe,14,1209,1,0.5582677125930786,0,0.0,2,0,1,0,D,Burnley,1,0.5582677125930786,2.774651762098074,2.216384049504996,EPL,,0.07444168734491315,0.0,0.04155839051561379,0.1488833746898263,0.0,0.0,0.20654975896511718,0.1649913684495034,0.2791338562965393
1006,Luke Shaw,38,3269,1,0.5988588444888592,1,1.4936611289158463,10,15,9,0,D,Manchester United,1,0.5988588444888592,11.45667431410402,10.608856069855392,EPL,,0.027531355154481494,0.027531355154481494,0.016487395535025182,0.2753135515448149,0.04112251502062593,0.4129703273172224,0.31541776943082345,0.2920761842419655,0.059885884448885915
1537,Sasa Lukic,26,1731,1,2.339236881583929,2,2.163257449865341,18,27,9,0,M S,Fulham,1,2.339236881583929,6.226264594122768,3.358000723645091,EPL,midfield,0.05199306759098787,0.10398613518197573,0.12162410129552491,0.9358752166377817,0.11247439080755672,1.4038128249566724,0.32372259588159974,0.1745927585950654,0.1299576045324405
1687,Harry Maguire,23,1666,1,1.1766096334904432,2,0.7251138463616371,14,4,3,1,D S,Manchester United,1,1.1766096334904432,5.068902220577002,5.068902220577002,EPL,,0.054021608643457376,0.10804321728691475,0.06356234514654256,0.7563025210084033,0.039171816430100447,0.2160864345738295,0.27383025201196287,0.27383025201196287,0.08404354524931737
1688,Andrew Robertson,24,1160,1,1.047316076233983,0,1.5095006115734575,10,20,0,0,D S,Liverpool,1,1.047316076233983,5.851028840988874,4.472272000275552,EPL,,0.07758620689655173,0.0,0.08125728177677455,0.7758620689655172,0.11711642676000962,1.5517241379310345,0.45395913421465406,0.3469866207110342,0.10473160762339831
2496,Rodri,21,1500,1,1.1884781727567315,0,2.2761295437812805,17,26,3,0,M S,Manchester City,1,1.1884781727567315,12.13792721182108,10.705944895744324,EPL,midfield,0.06,0.0,0.0713086903654039,1.02,0.13656777262687683,1.5599999999999998,0.7282756327092648,0.6423566937446594,0.06991048075039596
2517,Martin Odegaard,24,1347,1,1.219119856134057,6,4.978420486673713,22,38,0,0,M S,Arsenal,1,1.219119856134057,11.73396972939372,7.588885592296719,EPL,midfield,0.06681514476614699,0.40089086859688194,0.08145566967488131,1.469933184855234,0.3326338855238561,2.5389755011135855,0.7840068861510281,0.5070524894630324,0.055414538915184414
5743,Randal Kolo Muani,30,1704,1,2.700563416816294,1,1.8472137674689293,20,19,3,0,F M S,Tottenham,1,2.700563416816294,4.246069150045514,0.7896932736039162,EPL,attack,0.0528169014084507,0.0528169014084507,0.14263539173325496,1.056338028169014,0.09756410743673921,1.0035211267605633,0.224264215671418,0.04170915177485473,0.1350281708408147
5789,Boubacar Kamara,18,1434,1,1.0521572744473815,3,0.7290232917293906,7,15,5,0,M S,Aston Villa,1,1.0521572744473815,5.69795267097652,4.270241666585207,EPL,midfield,0.06276150627615062,0.18828451882845187,0.06603497538372688,0.4393305439330544,0.045754599899334135,0.9414225941422594,0.35761209232070207,0.2680067991580674,0.15030818206391164
5973,Kenny Tete,22,1805,1,0.728774206712842,0,0.9490535911172628,16,11,2,0,D S,Fulham,1,0.728774206712842,3.944374708458781,3.1575920060276985,EPL,,0.04986149584487535,0.0,0.036337772079864696,0.7977839335180056,0.047321231690057426,0.5484764542936288,0.1966724231364489,0.1574422606883617,0.045548387919552624
6048,Lewis Dunk,33,2831,1,1.3368871174752712,0,0.5454101115465164,23,7,10,0,D S,Brighton,1,1.3368871174752712,12.689484484493732,12.6021059602499,EPL,,0.03179088661250441,0.0,0.042500826765374214,0.7311903920876015,0.01733907101348869,0.22253620628753093,0.4034099624176743,0.40063212166107065,0.05812552684675092
6108,Rodrigo Bentancur,26,1931,1,0.9771954659372568,1,0.8773890770971775,13,10,7,0,M S,Tottenham,1,0.9771954659372568,4.669173881411552,4.175999607890844,EPL,midfield,0.04660797514241325,0.04660797514241325,0.04554510198568261,0.6059036768513724,0.04089332829557016,0.4660797514241326,0.21762074020043484,0.194634885919304,0.0751688819951736
6122,Douglas Luiz,21,936,1,0.70245710760355,0,1.822941738180816,11,19,3,0,M S,"Aston Villa,Nottingham Forest",1,0.70245710760355,4.070820711553097,2.810907289385796,EPL,midfield,0.09615384615384616,0.0,0.0675439526541875,1.0576923076923077,0.17528285944046307,1.826923076923077,0.391425068418567,0.27027954705632656,0.06385973705486818
6326,Ibrahima Konaté,36,3133,1,1.9586246628314257,0,0.7252839719876647,12,8,7,0,D,Liverpool,1,1.9586246628314257,11.115987345576286,10.797563448548315,EPL,,0.028726460261729973,0.0,0.056264353544471214,0.34471752314075965,0.020834841199773326,0.2298116820938398,0.3193229687525904,0.3101757773282312,0.1632187219026188
6369,Ethan Ampadu,35,3130,1,1.946105619892478,1,1.1763546681031585,26,19,10,0,M,Leeds,1,1.946105619892478,11.866393697448077,10.690290067344904,EPL,midfield,0.028753993610223644,0.028753993610223644,0.05595830855920863,0.7476038338658147,0.03382489460999497,0.5463258785942492,0.3412062085528201,0.3073885322878726,0.07485021614971069
6665,Curtis Jones,34,1910,1,2.4063171884045005,2,2.8340956876054406,22,22,2,0,D M S,Liverpool,1,2.4063171884045005,10.620183551684022,7.237103626132011,EPL,midfield,0.04712041884816755,0.0942408376963351,0.11338667379916495,1.0366492146596857,0.13354377585575375,1.0366492146596857,0.5004274971997706,0.3410153541109325,0.10937805401838639
6807,Jaka Bijol,25,1895,1,0.718483354896307,2,1.399182764813304,15,7,4,0,D S,Leeds,1,0.718483354896307,5.490988912060857,4.503906073048711,EPL,,0.047493403693931395,0.09498680738786279,0.03412322002146049,0.712401055408971,0.06645195189086932,0.33245382585751976,0.26078575307940743,0.2139058293268517,0.04789889032642047
6820,David Brooks,31,1191,1,6.54012631252408,3,4.196839664131403,48,25,7,0,M S,Bournemouth,1,6.54012631252408,12.195374373346567,2.6664827950298786,EPL,midfield,0.07556675062972291,0.22670025188916876,0.4942160941453965,3.6272040302267,0.3171415363323479,1.8891687657430731,0.9215648141067935,0.2014974404304694,0.13625263151091835
6888,William Saliba,31,2609,1,1.5777585953474045,0,1.306027840822935,5,10,2,0,D S,Arsenal,1,1.5777585953474045,11.017331045120956,10.501945996657014,EPL,,0.03449597546952856,0.0,0.054426321801941895,0.17247987734764278,0.04505270435954931,0.34495975469528556,0.3800535814721679,0.362274871482994,0.3155517190694809
6912,Pedro Porro,34,2815,1,1.4028917597606778,2,4.247651634737849,32,53,10,0,D M S,Tottenham,1,1.4028917597606778,10.6049581207335,8.791748657822609,EPL,midfield,0.03197158081705151,0.06394316163410302,0.04485266727476413,1.0230905861456483,0.1358041375227021,1.69449378330373,0.3390572756184778,0.2810861027367797,0.04384036749252118
7134,Marc Cucurella,34,2714,1,1.8860962446779013,4,4.541678033769131,20,39,8,1,D M S,Chelsea,1,1.8860962446779013,15.159206625074148,12.003521535545588,EPL,midfield,0.03316138540899042,0.13264554163596168,0.06254556448821338,0.6632277081798084,0.15060833568136395,1.2932940309506264,0.5027002933886048,0.3980534039053437,0.09430481223389506
7281,Diogo Dalot,34,2614,1,2.194661596789956,3,3.5058063408359885,24,30,5,0,D S,Manchester United,1,2.194661596789956,13.055216778069736,9.666520467028022,EPL,,0.03442999234889059,0.10328997704667177,0.07556218198588219,0.8263198163733741,0.12070488549167518,1.0328997704667178,0.4494910137820491,0.33281822572016906,0.0914442331995815
7382,Dan Burn,29,2205,1,0.9214910920709372,2,0.4085770333185792,10,7,9,1,D S,Newcastle United,1,0.9214910920709372,5.236281432211399,4.939116761088371,EPL,,0.04081632653061225,0.0816326530612245,0.03761188130901784,0.40816326530612246,0.016676613604839966,0.2857142857142857,0.2137257727433224,0.20159660249340292,0.09214910920709371
7752,Gabriel Martinelli,30,1025,1,5.357063241302967,4,2.569171307608485,29,13,3,0,F M S,Arsenal,1,5.357063241302967,10.0232590213418,3.6065212953835726,EPL,attack,0.08780487804878048,0.35121951219512193,0.4703762846022117,2.546341463414634,0.22558577335098895,1.1414634146341465,0.8800910360202556,0.31667016252148444,0.18472631866561956
7762,Jean-Ricner Bellegarde,26,1268,1,0.8698065197095275,1,1.216556794941425,21,13,5,0,F M S,Wolverhampton Wanderers,1,0.8698065197095275,5.200756997801364,3.501467832364142,EPL,attack,0.07097791798107256,0.07097791798107256,0.061737055815345006,1.4905362776025237,0.08634866841066897,0.9227129337539433,0.3691389036294344,0.24852689661890598,0.04141935808140607
7902,Matthijs de Ligt,13,1170,1,1.3233719654381275,0,0.4281761646270752,11,3,0,0,D,Manchester United,1,1.3233719654381275,2.8319015204906464,2.3887862116098404,EPL,,0.07692307692307693,0.0,0.10179784349524057,0.8461538461538461,0.03293662804823655,0.23076923076923078,0.2178385784992805,0.18375278550844926,0.12030654231255705
8006,Evann Guessand,21,920,1,1.8542680740356443,2,1.2377337515354156,11,5,0,0,M S,"Aston Villa,Crystal Palace",1,1.8542680740356443,3.779372459277511,1.3025728072971106,EPL,midfield,0.09782608695652174,0.1956521739130435,0.18139578985131302,1.0760869565217392,0.12108264960672545,0.4891304347826087,0.3697212188423652,0.12742560071384776,0.1685698249123313
8129,Riccardo Calafiori,26,1755,1,3.469513338059187,2,0.6484237592667341,32,9,5,0,D S,Arsenal,1,3.469513338059187,8.157827861607075,6.558366058394313,EPL,,0.05128205128205128,0.10256410256410256,0.17792376092611217,1.641025641025641,0.033252500475217134,0.46153846153846156,0.4183501467490808,0.3363264645330417,0.10842229181434959
8214,Tyrick Mitchell,38,3258,1,1.9847235046327116,2,3.036134548485279,19,29,6,0,D S,Crystal Palace,1,1.9847235046327116,13.15546108223498,9.87049151957035,EPL,,0.027624309392265192,0.055248618784530384,0.054826616150074906,0.5248618784530387,0.08387112012390273,0.8011049723756906,0.36341052713356303,0.2726655115903412,0.10445913182277429
8252,Nicolás Domínguez,27,1210,1,1.01239497307688,1,1.2798706572502851,18,11,2,0,M S,Nottingham Forest,1,1.01239497307688,5.395301561802626,4.228683076798916,EPL,midfield,0.0743801652892562,0.0743801652892562,0.0753021054354704,1.3388429752066116,0.09519699103514517,0.8181818181818181,0.40130342195226143,0.3145301462081838,0.05624416517093778
8430,Chris Richards,33,2819,1,1.7814537715166807,0,0.4875335106626153,15,9,4,0,D S,Crystal Palace,1,1.7814537715166807,7.80950731690973,7.502825566567481,EPL,,0.03192621496984746,0.0,0.056875076068287074,0.478893224547712,0.015565099666419077,0.2873359347286272,0.24932800940825672,0.239536821919501,0.11876358476777872
8635,Sven Botman,25,1842,1,1.5510299038141966,0,1.4832177460193634,15,6,2,0,D S,Newcastle United,1,1.5510299038141966,6.0209719482809305,5.722450278699398,EPL,,0.048859934853420196,0.0,0.07578322005606825,0.7328990228013029,0.07246992244394285,0.2931596091205212,0.29418429714727673,0.2795985478191888,0.10340199358761311
8640,Adrien Truffert,38,3391,1,1.9886900894343853,5,4.408130643889308,16,33,5,0,D,Bournemouth,1,1.9886900894343853,15.238870711997151,9.958876593969762,EPL,,0.02654084340902389,0.13270421704511942,0.05278151225275572,0.4246534945443822,0.11699550514598576,0.8758478324977882,0.40445248129747674,0.2643169842103446,0.12429313058964908
8662,Dan Ndoye,24,1184,1,1.1724078450351954,1,1.552884567528963,15,14,1,0,F M S,Nottingham Forest,1,1.1724078450351954,4.023802410811186,1.8127466365695,EPL,attack,0.07601351351351351,0.07601351351351351,0.08911883957193209,1.1402027027027029,0.11804021205878942,1.0641891891891893,0.30586335892990435,0.13779324095545187,0.07816052300234635
8780,Joël Veltman,24,1025,1,1.064280278980732,0,0.252019003033638,4,4,5,0,D S,Brighton,1,1.064280278980732,2.46354559995234,2.3217557463794947,EPL,,0.08780487804878048,0.0,0.09344900010562525,0.35121951219512193,0.022128497827343826,0.35121951219512193,0.216311320971425,0.20386148016990685,0.266070069745183
8853,Maxence Lacroix,35,3094,1,3.006834846921265,2,1.2868863735347986,25,7,4,1,D,Crystal Palace,1,3.006834846921265,10.744279656559227,9.981197169981897,EPL,,0.029088558500323207,0.058177117000646414,0.0874644913454796,0.7272139625080802,0.03743366955983577,0.20361990950226247,0.3125356073336556,0.29033863778227886,0.1202733938768506
8868,Liam Delap,28,1064,1,5.030099527910352,0,0.1692549511790275,36,3,4,0,F S,Chelsea,1,5.030099527910352,7.515913432464004,3.400637183338404,EPL,attack,0.08458646616541353,0.0,0.4254783435262516,3.045112781954887,0.01431667820123353,0.2537593984962406,0.6357445572572935,0.2876478820493011,0.13972498688639867
8940,Antonee Robinson,22,1484,1,0.977246874012053,0,1.090028055012226,6,21,5,0,D S,Fulham,0,0.2160780364647507,4.561269454658032,3.8488879278302193,EPL,,0.06064690026954178,0.0,0.013104463127916148,0.3638814016172507,0.06610682274332907,1.2735849056603774,0.2766268537191529,0.2334231223077626,0.03601300607745845
8986,Omar Alderete,33,2808,1,1.5455667236819863,1,0.6074565481394529,24,9,6,0,D S,Sunderland,1,1.5455667236819863,4.549569208174944,3.7731494531035423,EPL,,0.032051282051282055,0.032051282051282055,0.049537394989807255,0.7692307692307693,0.0194697611583158,0.28846153846153844,0.1458195259030431,0.12093427734306225,0.06439861348674943
9040,Conor Gallagher,16,1229,1,1.512411999516189,1,0.8551288228482008,11,13,2,0,M S,Tottenham,1,1.512411999516189,4.173453446477652,2.5543361753225327,EPL,midfield,0.07323026851098453,0.07323026851098453,0.11075433682380556,0.8055329536208299,0.06262131330865588,0.9519934906427989,0.30562311650365226,0.18705472398619036,0.13749199995601719
9205,Jayden Bogle,34,2822,1,1.892064114101231,2,3.5251562744379044,18,21,6,0,D M S,Leeds,1,1.892064114101231,11.021193640306592,6.367132198065519,EPL,midfield,0.03189227498228207,0.06378454996456415,0.06034222901102438,0.5740609496810772,0.11242525325989064,0.6697377746279235,0.3514909382096362,0.20306233090924758,0.10511467300562395
9558,Hannibal Mejbri,27,1251,1,0.7498194272629917,4,2.838189367204905,19,21,10,0,M S,Burnley,1,0.7498194272629917,5.953092758543789,3.3755732849240303,EPL,midfield,0.07194244604316546,0.28776978417266186,0.053943843687985014,1.3669064748201438,0.20418628541042483,1.5107913669064748,0.42828005457149565,0.24284699891539785,0.039464180382262716
9680,Vitaly Janelt,25,1421,1,0.7498585553839803,4,3.811057908460498,12,21,8,0,M S,Brentford,1,0.7498585553839803,6.326032001525164,3.632891008630395,EPL,midfield,0.0633356790992259,0.2533427163969036,0.047492800833608885,0.7600281491907108,0.2413759407188211,1.3300492610837438,0.4006635328200315,0.23009161912507778,0.06248821294866502
9733,Nathan Collins,35,2966,1,2.917149268090725,2,2.4296576268970966,20,9,7,0,D S,Brentford,1,2.917149268090725,10.035949086770415,8.510592883452773,EPL,,0.030343897505057317,0.060687795010114634,0.08851767839789793,0.6068779501011463,0.0737252820029463,0.2730950775455158,0.30452981045493505,0.25824455816276115,0.14585746340453626
9802,Nico González,25,1576,1,0.6088060820475221,0,0.8885113457217813,14,11,6,0,M S,Manchester City,1,0.6088060820475221,14.795009016990662,14.172722114250064,EPL,midfield,0.05710659898477157,0.0,0.03476684478697778,0.799492385786802,0.050739861113553504,0.6281725888324873,0.8448926469093652,0.8093559583010823,0.04348614871768015
9911,Piero Hincapié,25,1786,1,0.4126348299905658,2,2.1274072602391243,3,13,2,0,D S,Arsenal,1,0.4126348299905658,8.479371219873428,6.883014105260372,EPL,,0.05039193729003359,0.10078387458006718,0.020793468476568263,0.15117581187010076,0.10720417324833215,0.6550951847704367,0.4272919427707774,0.34684841515869735,0.1375449433301886
10140,Hugo Bueno,35,2351,1,0.8962179943919182,2,3.683292493224144,16,38,3,0,D M S,Wolverhampton Wanderers,1,0.8962179943919182,5.543084159493446,2.929296974092722,EPL,midfield,0.038281582305401955,0.07656316461080391,0.034308642915896484,0.6125053168864313,0.14100226473422925,1.4547001276052742,0.21219803247741817,0.11213812321069544,0.056013624649494886
10216,Lewis Hall,30,2164,1,1.28814219776541,1,2.5339094949886203,25,25,4,0,D S,Newcastle United,1,1.28814219776541,8.868408833630383,7.467507724650204,EPL,,0.041589648798521256,0.041589648798521256,0.05357338160761871,1.0397412199630314,0.10538440598381507,1.0397412199630314,0.3688340087923912,0.3105710236684466,0.051525687910616395
10348,Omari Hutchinson,31,1664,1,2.1777186449617147,5,4.931529551744461,25,33,1,0,M S,Nottingham Forest,1,2.1777186449617147,10.328581249341369,5.619018649682403,EPL,midfield,0.054086538461538464,0.27043269230769235,0.1177852632491312,1.3521634615384617,0.2667293627746403,1.7848557692307692,0.5586372069956269,0.3039132683121492,0.08710874579846858
10552,Alejandro Garnacho,24,1285,1,4.111795756965876,4,4.21896393597126,33,29,2,0,F M S,Chelsea,1,4.111795756965876,12.953486386686563,6.525954343378544,EPL,attack,0.07003891050583658,0.2801556420233463,0.28798569504041155,2.311284046692607,0.2954916375388431,2.0311284046692606,0.9072480737757126,0.45707073222106537,0.12459987142320836
10717,Rodrigo Muniz,21,1001,1,4.545291785150766,1,0.9614864559844136,32,8,2,0,F S,Fulham,1,4.545291785150766,4.830986261367798,1.298047307878733,EPL,attack,0.0899100899100899,0.0899100899100899,0.4086675930704985,2.877122877122877,0.08644733370489234,0.7192807192807192,0.4343544091139878,0.11670755015892703,0.14204036828596145
10770,Soungoutou Magassa,22,976,1,0.6193040320649743,0,0.7463846588507295,7,5,4,0,M S,West Ham,1,0.6193040320649743,2.418648761697113,1.531560224480927,EPL,midfield,0.09221311475409837,0.0,0.05710795377648328,0.6454918032786885,0.06882645419730088,0.4610655737704918,0.2230311358122338,0.14122993873287237,0.08847200458071061
11000,Matheus Nunes,34,2865,1,0.6754733501002192,5,3.0990526378154755,7,28,5,0,D S,Manchester City,1,0.6754733501002192,22.104165941476825,20.289072543382645,EPL,,0.031413612565445025,0.15706806282722513,0.021219058118331493,0.2198952879581152,0.09735243888425577,0.8795811518324608,0.6943717049678584,0.6373530641900307,0.0964961928714599
11174,Kobbie Mainoo,28,1623,1,0.5174760585650802,2,1.190059178508818,13,22,2,0,M S,Manchester United,1,0.5174760585650802,10.352579969912767,9.777145149186254,EPL,midfield,0.05545286506469501,0.11090573012939002,0.028695530049819604,0.7208872458410351,0.06599219104485128,1.2199630314232903,0.5740802201430371,0.5421707106757627,0.039805850658852324
11281,Michael Kayode,37,3281,1,1.169110944494605,1,3.184721387922764,9,33,8,0,D,Brentford,1,1.169110944494605,13.046297889202831,9.568754518404605,EPL,,0.02743066138372447,0.02743066138372447,0.03206948643843781,0.24687595245352026,0.08735901399361437,0.9052118256629077,0.3578685797099222,0.2624772650583403,0.1299012160549561
11384,João Gomes,35,2845,1,1.2462569223716855,1,1.441765757277608,18,16,10,0,M S,Wolverhampton Wanderers,1,1.2462569223716855,6.201923135668039,5.079094551503658,EPL,midfield,0.03163444639718805,0.03163444639718805,0.039424647807891636,0.5694200351493849,0.04560946156589973,0.5061511423550088,0.196194404994771,0.16067434433579234,0.06923649568731587
11386,Lewis Miley,23,1470,1,1.3760087750852108,4,2.321293480694294,12,15,0,0,D M S,Newcastle United,1,1.3760087750852108,7.045767506584525,5.918216675519943,EPL,midfield,0.061224489795918366,0.24489795918367346,0.08424543520929861,0.7346938775510204,0.14212000902209965,0.9183673469387754,0.4313735208112975,0.36233979646040465,0.11466739792376757
11728,Calvin Bassey,30,2523,1,1.1909357141703367,0,0.4309475254267454,11,10,5,0,D S,Fulham,1,1.1909357141703367,6.188590038567781,5.893190614879131,EPL,,0.0356718192627824,0.0,0.042482843549476935,0.3923900118906064,0.015372682238766186,0.356718192627824,0.22075826534724544,0.21022083049509388,0.10826688310639425
11772,Yehor Yarmolyuk,37,2679,1,1.3752933973446488,2,1.2573875626549125,16,14,7,0,M S,Brentford,1,1.3752933973446488,9.288000541739166,7.919278662651777,EPL,midfield,0.0335946248600224,0.0671892497200448,0.0462024657562592,0.5375139977603584,0.04224146347104969,0.4703247480403135,0.31202689389941207,0.2660451958337663,0.08595583733404055
11808,Andrey Santos,27,1217,1,2.5551512390375137,0,0.6883775070309639,11,8,4,0,M S,Chelsea,1,2.5551512390375137,6.324630655348301,4.395013879984617,EPL,midfield,0.07395234182415776,0.0,0.18895941784172246,0.8134757600657354,0.050907128704015404,0.5916187345932621,0.4677212481358645,0.3250215687745403,0.2322864762761376
12014,Jake O&#039;Brien,37,3146,1,1.3068652302026749,1,0.7244354635477066,13,17,6,1,D S,Everton,1,1.3068652302026749,6.48744806367904,5.052895814180374,EPL,,0.028607755880483154,0.028607755880483154,0.03738648147432954,0.371900826446281,0.02072447289233744,0.48633184996821366,0.1855913304930431,0.14455200994158732,0.10052809463097499
12123,Murillo,25,2132,1,0.5957098556682467,0,0.299396033398807,11,8,5,0,D,Nottingham Forest,1,0.5957098556682467,6.358569452539086,6.049851920455694,EPL,,0.04221388367729831,0.0,0.025147226552599534,0.4643527204502814,0.01263866932734176,0.33771106941838647,0.2684199112235074,0.25538774523499647,0.05415544142438607
12168,Alejandro Jiménez,31,2354,1,1.210428036749363,0,1.7028822358697653,21,15,10,0,D M S,Bournemouth,1,1.210428036749363,7.322333555668592,4.869594149291515,EPL,midfield,0.038232795242141036,0.0,0.04627804728438516,0.8028887000849617,0.06510594784548805,0.5734919286321155,0.27995327952853577,0.18617819602219046,0.05763943032139823
12409,Adam Wharton,34,2596,1,1.1520960042253137,5,6.6245664320886135,32,44,4,1,M S,Crystal Palace,1,1.1520960042253137,14.679165456444023,10.561547454446554,EPL,midfield,0.03466872110939908,0.17334360554699538,0.03994169506174046,1.1093990755007705,0.22966524610476705,1.5254237288135593,0.5089078933281826,0.36615534318189136,0.03600300013204105
12410,Joshua King,32,1306,1,3.79960710555315,2,1.0395643608644605,26,15,4,0,F M S,Fulham,1,3.79960710555315,6.186926681548357,2.6014943681657314,EPL,attack,0.06891271056661562,0.13782542113323124,0.26184122473184035,1.791730474732006,0.07163919791562132,1.0336906584992342,0.4263578877024136,0.17927602843408563,0.1461387348289673
12912,Lucas Bergvall,23,956,1,1.4342994708567858,3,0.2916291374713182,12,5,2,0,M S,Tottenham,1,1.4342994708567858,3.274197237566113,1.6925846990197897,EPL,midfield,0.09414225941422594,0.2824267782426778,0.13502819286308654,1.1297071129707112,0.027454625912571796,0.4707112970711297,0.30824032571229093,0.1593437478156706,0.11952495590473215
13022,André,35,2763,1,0.5156588805839419,0,1.24783924408257,15,18,12,0,M S,Wolverhampton Wanderers,1,0.5156588805839419,6.220211643725634,5.526091292500496,EPL,midfield,0.03257328990228013,0.0,0.016796706207945992,0.48859934853420195,0.04064622944894365,0.5863192182410424,0.20261275712461346,0.18000297369708457,0.03437725870559613
13066,Ferdi Kadioglu,37,3145,1,2.019620954990387,0,2.244557812809944,28,22,6,0,D M S,Brighton,1,2.019620954990387,14.008788719773293,11.695813551545143,EPL,midfield,0.028616852146263912,0.0,0.05779519426045623,0.8012718600953895,0.06423217906292368,0.629570747217806,0.400887435542002,0.33469736713483716,0.07212931982108525
13068,Morato,21,1333,1,1.8853958677500489,0,0.0936890179291367,5,2,5,0,D S,Nottingham Forest,1,1.8853958677500489,4.478383164852858,3.847307574003935,EPL,,0.06751687921980495,0.0,0.1272960450843994,0.33758439609902474,0.006325590107743664,0.1350337584396099,0.30236645524137823,0.25975820079546447,0.37707917355000975
13728,Josh Laurent,33,1720,1,1.0436750873923302,0,0.7355106780305505,15,12,7,1,D M S,Burnley,1,1.0436750873923302,3.1661211233586077,1.6837338991463184,EPL,midfield,0.05232558139534883,0.0,0.05461090573564518,0.7848837209302325,0.038486023850435785,0.627906976744186,0.1656691285478341,0.08810235518788877,0.06957833915948868
13730,Marcus Edwards,23,1054,1,2.2835088558495045,3,2.546008862555027,23,20,0,0,F M S,Burnley,1,2.2835088558495045,6.092996638268232,3.1580835357308388,EPL,attack,0.08538899430740038,0.25616698292220114,0.19498652469303168,1.9639468690702087,0.21740113627130211,1.7077798861480076,0.5202748552600958,0.2696655770548155,0.09928299373258716
13741,Jhon Arias,23,1140,1,3.293146742507816,0,0.8962265644222498,16,11,1,0,F M S,Wolverhampton Wanderers,1,3.293146742507816,4.877626428380609,1.3450943380594254,EPL,attack,0.07894736842105263,0.0,0.2599852691453539,1.263157894736842,0.07075472877017762,0.868421052631579,0.38507577066162696,0.10619165826784938,0.2058216714067385
14030,Kevin,26,1002,1,1.334008033387363,1,1.240381198003888,25,14,1,0,M S,Fulham,1,1.334008033387363,4.820031132549048,2.8916280269622803,EPL,midfield,0.08982035928143711,0.08982035928143711,0.11982108084317632,2.245508982035928,0.1114114848506486,1.2574850299401197,0.4329369280732678,0.2597270682900252,0.053360321335494516
76,Fabian Schär,16,1096,0,0.9631823003292084,0,0.1626780582591891,17,4,1,0,D S,Newcastle United,0,0.9631823003292084,3.1928995680063963,3.059698922559619,EPL,,0.0,0.0,0.07909343707082915,1.395985401459854,0.013358599674568447,0.3284671532846715,0.26219065795672963,0.25125264875033365,0.05665778237230638
181,Bernd Leno,38,3420,0,0.0,0,0.0,0,0,3,0,GK,Fulham,0,0.0,4.902563899755478,4.902563899755478,EPL,,0.0,0.0,0.0,0.0,0.0,0.0,0.12901483946724943,0.12901483946724943,
638,Kyle Walker,36,3101,0,0.0930412104353308,2,1.6653890665620563,4,13,9,0,D M S,Burnley,0,0.0930412104353308,9.239772559143605,9.072032039053738,EPL,midfield,0.0,0.05804579168010319,0.0027003253592969277,0.11609158336020638,0.04833441341199132,0.3772976459206707,0.2681649565697918,0.2632966409270675,0.0232603026088327
652,Kieran Trippier,21,1606,0,0.0958994552493095,1,1.8194941156543791,2,28,3,0,D S,Newcastle United,0,0.0958994552493095,5.13017756678164,4.711885085329413,EPL,,0.0,0.05603985056039851,0.005374191140994929,0.11207970112079702,0.10196417833679584,1.5691158156911582,0.2874943841907519,0.2640533360396309,0.04794972762465475
725,Ola Aina,18,1595,0,0.4096037317067384,0,0.341342007741332,12,9,3,0,D,Nottingham Forest,0,0.4096037317067384,3.950665080919862,3.527306206524372,EPL,,0.0,0.0,0.02311243627185358,0.677115987460815,0.019260677552802433,0.5078369905956113,0.22292154061616776,0.19903295209228433,0.034133644308894866
741,Jordan Pickford,38,3420,0,0.0,0,0.2333715260028839,0,2,4,0,GK,Everton,0,0.0,3.0988036673516035,3.016686646267772,EPL,,0.0,0.0,0.0,0.0,0.006141355947444313,0.052631578947368425,0.08154746493030536,0.07938649069125715,
780,Karl Darlow,22,1980,0,0.0,0,0.0,0,0,1,0,GK,Leeds,0,0.0,1.8115539252758024,1.8115539252758024,EPL,,0.0,0.0,0.0,0.0,0.0,0.0,0.0823433602398092,0.0823433602398092,
825,Adam Smith,22,1079,0,0.0,2,0.4984638234600425,0,6,3,0,D S,Bournemouth,0,0.0,4.537172414362431,4.063000334426761,EPL,,0.0,0.16682113067655235,0.0,0.0,0.04157714931548084,0.5004633920296571,0.3784481161192018,0.3388971548641413,
843,James Ward-Prowse,18,1082,0,0.1810428909957409,1,3.429459560662508,5,23,1,0,M S,"Burnley,West Ham",0,0.1810428909957409,3.5722367390990257,3.075804917141795,EPL,midfield,0.0,0.08317929759704251,0.01505902050796366,0.4158964879852126,0.2852600373933694,1.9131238447319776,0.2971361428086066,0.25584329255338406,0.036208578199148175
978,Sam Johnstone,12,1080,0,0.0,0,0.0,0,0,0,0,GK,Wolverhampton Wanderers,0,0.0,0.3188386699184775,0.3188386699184775,EPL,,0.0,0.0,0.0,0.0,0.0,0.0,0.026569889159873124,0.026569889159873124,
1024,Tyrone Mings,17,1314,0,1.492117453366518,0,0.7093149498105049,9,5,1,0,D S,Aston Villa,0,1.492117453366518,3.90316248126328,3.59125361405313,EPL,,0.0,0.0,0.10219982557304917,0.6164383561643836,0.048583215740445544,0.3424657534246575,0.26733989597693697,0.24597627493514593,0.16579082815183532
1116,Gianluigi Donnarumma,34,3060,0,0.0,0,0.0,0,0,7,0,GK,Manchester City,0,0.0,7.177661042660475,7.177661042660475,EPL,,0.0,0.0,0.0,0.0,0.0,0.0,0.2111076777253081,0.2111076777253081,
1257,Alisson,26,2340,0,0.0,0,0.0,0,0,1,0,GK,Liverpool,0,0.0,4.577883286401629,4.577883286401629,EPL,,0.0,0.0,0.0,0.0,0.0,0.0,0.17607243409237033,0.17607243409237033,
1823,Lucas Digne,31,1857,0,0.7033488415181637,6,3.052508193999529,14,26,3,0,D S,Aston Villa,0,0.7033488415181637,5.530973820015788,4.1429683696478605,EPL,,0.0,0.29079159935379645,0.03408798908811778,0.6785137318255251,0.14794062329561528,1.260096930533118,0.268060120517728,0.20079006638034866,0.05023920296558312
2182,Jefferson Lerma,31,1693,0,2.208588045090437,2,1.7842966839671135,19,13,7,0,D M S,Crystal Palace,0,2.208588045090437,7.616084651090205,6.042748659849167,EPL,midfield,0.0,0.10632014176018902,0.117408697021937,1.0100413467217957,0.09485333819080935,0.6910809214412286,0.4048715998807551,0.3212329470681778,0.11624147605739142
2310,Alphonse Areola,20,1800,0,0.0,1,0.0221445709466934,0,1,0,0,GK,West Ham,0,0.0,0.4307949170470238,0.4307949170470238,EPL,,0.0,0.05,0.0,0.0,0.00110722854733467,0.05,0.02153974585235119,0.02153974585235119,
4401,Emiliano Martinez,32,2837,0,0.0,1,0.3538400158286094,0,2,2,0,GK,Aston Villa,0,0.0,4.597850669175386,4.244010683149099,EPL,,0.0,0.031723651744800845,0.0,0.0,0.011225097435521624,0.06344730348960169,0.1458606134035195,0.13463551691343636,
5261,Kevin Danso,24,1489,0,0.5242262706160545,0,0.1586722880601883,11,2,8,0,D S,Tottenham,0,0.5242262706160545,1.6506063239648938,1.5962962182238698,EPL,,0.0,0.0,0.03168593979546334,0.6648757555406313,0.009590668855216217,0.12088650100738751,0.09976801152239116,0.09648533219620435,0.04765693369236859
5355,Jacob Bruun Larsen,28,1003,0,1.4321176074445248,1,1.3782861307263374,17,12,0,0,F M S,Burnley,0,1.4321176074445248,4.528628235682845,2.252522235736251,EPL,attack,0.0,0.08973080757726819,0.12850506946162238,1.5254237288135593,0.1236747275826225,1.0767696909272184,0.4063574688050409,0.20212063929836746,0.0842422122026191
5552,Nick Pope,27,2422,0,0.1314873248338699,0,0.0,1,0,2,0,GK,Newcastle United,0,0.1314873248338699,2.810626602731645,2.810626602731645,EPL,,0.0,0.0,0.004885986471943968,0.037159372419488024,0.0,0.0,0.10444112066302562,0.10444112066302562,0.1314873248338699
5584,Aaron Wan-Bissaka,25,2093,0,0.0,2,1.428995594382286,0,18,4,0,D M S,West Ham,0,0.0,3.827808958478272,3.086061582900584,EPL,midfield,0.0,0.08600095556617296,0.0,0.0,0.06144749330836395,0.7740086000955566,0.16459761407694432,0.13270212253275326,
5603,Aaron Ramsdale,12,998,0,0.0,0,0.0710007473826408,0,1,2,0,GK S,Newcastle United,0,0.0,2.482472578063607,2.411471823230386,EPL,,0.0,0.0,0.0,0.0,0.006402873010458589,0.09018036072144288,0.2238702725708664,0.21746739888851171,
5956,Youri Tielemans,25,1861,0,1.8399642640724776,4,2.9822675781324506,24,32,0,0,M S,Aston Villa,0,1.8399642640724776,9.826997235417366,7.487443540245295,EPL,midfield,0.0,0.19344438473938744,0.08898268875149005,1.1606663084363245,0.14422572919501372,1.5475550779150995,0.47524435851024344,0.362100977228413,0.07666517766968657
6080,Victor Lindelöf,17,938,0,0.1561275906860828,1,0.5980998799204826,3,2,0,0,D M S,Aston Villa,0,0.1561275906860828,2.5445900056511164,2.527874367311597,EPL,midfield,0.0,0.09594882729211088,0.014980259234272339,0.2878464818763326,0.05738698208192264,0.19189765458422176,0.2441504269814504,0.24254658108533445,0.05204253022869427
6104,Will Hughes,31,1567,0,1.2812513932585716,0,1.9265618100762367,17,21,7,0,M S,Crystal Palace,0,1.2812513932585716,7.058678660541773,5.38273361325264,EPL,midfield,0.0,0.0,0.07358814639009026,0.9763880025526483,0.11065128456085596,1.206126356094448,0.40541230341337564,0.30915508946569087,0.07536772901521009
6145,Daichi Kamada,28,1924,0,1.4871895518153906,0,2.585762256756425,19,20,3,0,M S,Crystal Palace,0,1.4871895518153906,9.884232659824193,7.305970148183405,EPL,midfield,0.0,0.0,0.06956707882712326,0.8887733887733889,0.12095561492103858,0.9355509355509356,0.46236015560508176,0.3417553603620096,0.07827313430607319
6157,Timothy Castagne,30,1849,0,1.470174259506166,0,1.7460119286552072,14,18,4,0,D M S,Fulham,0,1.470174259506166,6.83210355322808,5.599581710994244,EPL,midfield,0.0,0.0,0.07156067244756892,0.6814494321254733,0.08498705980474237,0.8761492698756085,0.33255236332640736,0.27255941264980094,0.10501244710758328
6174,Nikola Milenkovic,38,3360,0,0.5094143021851778,0,0.2675842642784118,15,3,6,0,D S,Nottingham Forest,0,0.5094143021851778,8.06967337243259,7.998386854305863,EPL,,0.0,0.0,0.01364502595138869,0.40178571428571425,0.007167435650314602,0.08035714285714285,0.2161519653330158,0.2142425050260499,0.03396095347901185
6221,Pau Torres,21,1679,0,1.5826024003326893,0,0.006894074846059,9,1,1,0,D S,Aston Villa,0,1.5826024003326893,4.503719758242369,4.429494839161634,EPL,,0.0,0.0,0.08483276714112092,0.48243001786777845,0.0003695454056851162,0.05360333531864205,0.2414144003822592,0.23743569715577545,0.1758447111480766
6314,Joachim Andersen,33,2882,0,1.659308227710426,1,0.5809159595519304,16,6,7,1,D,Fulham,0,1.659308227710426,9.259830322116612,8.9278842844069,EPL,,0.0,0.031228313671061762,0.05181739781191476,0.4996530187369882,0.01814102580141351,0.18736988202637056,0.28916888583986644,0.27880277085240146,0.10370676423190163
6532,Martin Dubravka,35,3150,0,0.0,0,0.0,0,0,1,0,GK,Burnley,0,0.0,2.838488420471549,2.838488420471549,EPL,,0.0,0.0,0.0,0.0,0.0,0.0,0.08109966915632998,0.08109966915632998,
6630,Joe Willock,24,979,0,1.3859424609690905,2,2.0978056583553557,17,14,3,0,M S,Newcastle United,0,1.3859424609690905,5.043021183460951,3.405696664005518,EPL,midfield,0.0,0.18386108273748725,0.1274104407428173,1.5628192032686414,0.19285240985902147,1.2870275791624106,0.46360766752960736,0.3130875380597514,0.08152602711582885
6674,Rayan Ait Nouri,17,981,0,0.4981528613716364,2,1.7330033089965582,9,12,2,0,D M S,Manchester City,0,0.4981528613716364,7.305326489731669,6.587442610412836,EPL,midfield,0.0,0.1834862385321101,0.04570209737354462,0.8256880733944955,0.1589911292657393,1.1009174311926606,0.6702134394249237,0.6043525330653978,0.055350317930181824
6756,Dwight McNeil,22,1184,0,1.4632735215127468,1,1.7390878200531006,24,15,1,0,F M S,Everton,0,1.4632735215127468,4.620902612805367,2.5291305258870125,EPL,attack,0.0,0.07601351351351351,0.11122856160147568,1.8243243243243243,0.13219417551079313,1.1402027027027029,0.35125104320311074,0.19224809740695198,0.060969730063031115
6816,Jean-Clair Todibo,23,1827,0,0.6560113653540611,1,0.3799619134515524,2,5,5,1,D S,West Ham,0,0.6560113653540611,1.824668494984508,1.5996535401791334,EPL,,0.0,0.04926108374384237,0.03231583080561877,0.09852216748768473,0.018717335638007506,0.24630541871921183,0.08988514753618267,0.07880066700389819,0.32800568267703056
6885,Axel Disasi,14,1258,0,1.0807171128690245,0,0.0239046476781368,5,1,1,0,D,West Ham,0,1.0807171128690245,3.1754897963255644,2.873131012544036,EPL,,0.0,0.0,0.0773168045772752,0.35771065182829886,0.0017101894205344293,0.07154213036565978,0.22718130498354594,0.20554991345704549,0.2161434225738049
6903,Matz Sels,31,2672,0,0.0,0,0.0,0,0,2,0,GK S,Nottingham Forest,0,0.0,2.225650984793901,2.225650984793901,EPL,,0.0,0.0,0.0,0.0,0.0,0.0,0.07496578915847721,0.07496578915847721,
7268,Bafode Diakite,18,1276,0,0.0138677563518285,0,0.0845660716295242,1,2,1,0,D S,Bournemouth,0,0.0138677563518285,3.926532536745072,3.877728216350079,EPL,,0.0,0.0,0.0009781332850035775,0.07053291536050156,0.005964691572615343,0.14106583072100312,0.27694978707449563,0.2735074760748488,0.0138677563518285
7332,Max Kilman,21,1552,0,1.1671122973784804,0,0.2077075242996215,7,4,4,0,D S,West Ham,0,1.1671122973784804,1.233875660225749,1.128087779507041,EPL,,0.0,0.0,0.06768048116241188,0.40592783505154634,0.012044895094694546,0.23195876288659795,0.07155206792546225,0.06541746144048563,0.16673032819692576
7432,Reinildo,25,1974,0,0.1700047692283988,1,0.2958913259208202,4,6,7,1,D S,Sunderland,0,0.1700047692283988,3.946844458580017,3.70530366525054,EPL,,0.0,0.04559270516717326,0.007750977320443715,0.18237082066869303,0.013490485984231923,0.2735562310030395,0.17994731574073025,0.1689348175646143,0.0425011923070997
7589,Wesley Fofana,25,1745,0,0.5401721596717834,1,0.658527560532093,8,3,5,2,D S,Chelsea,0,0.5401721596717834,8.765856113284826,8.73524048551917,EPL,,0.0,0.051575931232091685,0.027859882160722355,0.4126074498567335,0.03396417217644033,0.15472779369627507,0.45210719208918876,0.45052816257691997,0.06752151995897293
7702,Dean Henderson,37,3330,0,0.0,0,0.0154756419360637,0,1,5,0,GK,Crystal Palace,0,0.0,3.761154722422362,3.761154722422362,EPL,,0.0,0.0,0.0,0.0,0.0004182605928665865,0.027027027027027025,0.1016528303357395,0.1016528303357395,
7726,Ezri Konsa Ngoyo,34,3036,0,1.0740509293973446,0,0.6014871783554554,11,5,0,1,D,Aston Villa,0,1.0740509293973446,9.361096058040856,8.838568899780512,EPL,,0.0,0.0,0.03183945442877503,0.32608695652173914,0.017830647579707176,0.1482213438735178,0.2775028475703811,0.2620129120488294,0.09764099358157678
7904,Caoimhin Kelleher,37,3330,0,0.0,0,0.1064014490693807,0,2,1,0,GK,Brentford,0,0.0,5.348196176812053,5.241794735193253,EPL,,0.0,0.0,0.0,0.0,0.002875714839712992,0.05405405405405405,0.14454584261654196,0.141670127978196,
7958,Sandro Tonali,35,2586,0,1.4170023752376435,2,3.7605556417256594,37,32,4,0,M S,Newcastle United,0,1.4170023752376435,10.739618219435217,8.412985239177942,EPL,midfield,0.0,0.06960556844547564,0.04931562790850267,1.2877030162412992,0.1308778065565775,1.1136890951276102,0.3737686155255876,0.29279530994818825,0.038297361492909285
8000,Ilia Gruev,23,1310,0,0.7337606139481068,3,1.4936000779271126,7,11,3,0,M S,Leeds,0,0.7337606139481068,3.584418125450611,2.230386760085821,EPL,midfield,0.0,0.20610687022900764,0.050411034546053134,0.48091603053435117,0.10261374581178637,0.7557251908396947,0.246257733809584,0.15323267817383504,0.10482294484972954
8285,Sander Berge,35,2935,0,1.3464614748954773,1,1.985070546157658,14,21,5,0,M S,Fulham,0,1.3464614748954773,10.621809985488651,8.998958602547646,EPL,midfield,0.0,0.030664395229982964,0.0412884268281407,0.42930153321976156,0.06087098778677657,0.6439522998296423,0.3257113794528036,0.2759476232467762,0.09617581963539124
8489,Jorge Cuenca,15,949,0,0.0508214943110942,0,0.5158752724528313,1,3,6,0,D S,Fulham,0,0.0508214943110942,2.3103927858173847,2.3103927858173847,EPL,,0.0,0.0,0.004819741293992074,0.09483667017913593,0.04892389306718105,0.2845100105374078,0.21910995861281837,0.21910995861281837,0.0508214943110942
8717,Pascal Struijk,34,2940,0,2.967387342825532,1,1.093722109682858,31,12,5,0,D S,Leeds,0,2.967387342825532,7.120333257131279,6.181641686707735,EPL,,0.0,0.030612244897959183,0.09083838804567955,0.9489795918367346,0.03348128907192422,0.3673469387755102,0.2179693854223861,0.18923392918493065,0.09572217234921071
8831,Iyenoma Destiny Udogie,20,1342,0,0.2184655116870999,1,1.1220016870647669,4,12,4,0,D S,Tottenham,0,0.2184655116870999,5.176807938143611,4.279184946790338,EPL,,0.0,0.06706408345752608,0.014651189308374807,0.26825633383010433,0.07524601478079658,0.8047690014903129,0.3471778796072466,0.2869796164017365,0.054616377921774976
8858,Guglielmo Vicario,31,2790,0,0.0,0,0.0718652158975601,0,1,1,0,GK,Tottenham,0,0.0,3.511237784288824,3.4393725832924247,EPL,,0.0,0.0,0.0,0.0,0.0023182327708890357,0.03225806451612903,0.11326573497705884,0.11094750268685241,
8969,Florentino Luís,31,2146,0,1.0381876304745674,2,0.5375469047576189,13,13,6,0,M S,Burnley,0,1.0381876304745674,4.911807460710406,4.165495180524886,EPL,midfield,0.0,0.08387698042870456,0.04354002178131923,0.5452003727865797,0.02254390560493276,0.5452003727865797,0.2059937891257859,0.17469457886637452,0.0798605869595821
9098,Robert Sánchez,35,3054,0,0.0,1,0.8848487213253975,0,5,4,1,GK,Chelsea,0,0.0,10.15497968159616,9.270130960270762,EPL,,0.0,0.029469548133595286,0.0,0.0,0.02607609198404904,0.14734774066797643,0.2992626625224801,0.27318657053843115,
9328,Jeremie Frimpong,21,1027,0,0.514072947204113,1,2.69134059548378,10,15,1,0,D M S,Liverpool,0,0.514072947204113,5.955447107553482,4.064382215961814,EPL,midfield,0.0,0.08763388510223953,0.04505020958945489,0.8763388510223954,0.2358526325156185,1.314508276533593,0.5218989675558066,0.3561776041251833,0.0514072947204113
9487,Maxime Estève,34,2946,0,0.4516084846109152,0,0.7021042061969638,10,6,1,0,D,Burnley,0,0.4516084846109152,4.438025475479662,4.28961091581732,EPL,,0.0,0.0,0.013796593216219406,0.3054989816700611,0.021449212001943906,0.18329938900203666,0.13558122633848255,0.13104717665429697,0.045160848461091516
9512,Valentino Livramento,17,1323,0,0.1522857137024402,1,0.6162818782031536,3,10,1,0,D S,Newcastle United,0,0.1522857137024402,6.227930787950754,5.61184873059392,EPL,,0.0,0.06802721088435375,0.010359572360710218,0.20408163265306123,0.041923937292731535,0.6802721088435374,0.4236687610850853,0.3817584170472054,0.050761904567480066
9524,Anthony Elanga,32,1289,0,1.4534468036144972,1,1.749520514160395,17,15,0,0,F M S,Newcastle United,0,1.4534468036144972,4.289053320884705,1.8433666191995144,EPL,attack,0.0,0.06982156710628394,0.10148193353398352,1.1869666408068271,0.12215426398327038,1.047323506594259,0.2994684242665814,0.12870674610392266,0.08549687080085278
9554,Tim Iroegbunam,29,1496,0,0.5109043149277568,2,1.847727376036346,12,8,9,0,M S,Everton,0,0.5109043149277568,4.414639215916395,2.8447110541164875,EPL,midfield,0.0,0.12032085561497326,0.030736222154744728,0.7219251336898397,0.1111600694139513,0.48128342245989303,0.2655865838452377,0.17113903400433414,0.042575359577313066
9676,David Raya,37,3330,0,0.0,0,0.1493939720094204,0,3,1,0,GK,Arsenal,0,0.0,6.412498269230127,6.321507047861815,EPL,,0.0,0.0,0.0,0.0,0.004037674919173524,0.08108108108108109,0.1733107640332467,0.17085154183410312,
9677,Kristoffer Ajer,27,1809,0,1.053914662450552,1,0.9042857214808464,10,5,4,0,D S,Brentford,0,1.053914662450552,5.491811184212565,3.873572135344148,EPL,,0.0,0.04975124378109452,0.05243356529604737,0.4975124378109453,0.04498933937715654,0.24875621890547264,0.27322443702550075,0.1927150316091616,0.1053914662450552
9679,Rico Henry,25,1315,0,0.1456592017784714,1,0.3161719217896461,5,4,2,0,D S,Brentford,0,0.1456592017784714,2.418498318642378,2.231708014383912,EPL,,0.0,0.06844106463878327,0.009969070844153934,0.34220532319391633,0.021639142936173496,0.2737642585551331,0.16552459975499165,0.15274047246734,0.02913184035569428
9740,José Sá,23,2070,0,0.0,0,0.0831252336502075,0,1,2,0,GK,Wolverhampton Wanderers,0,0.0,1.548725701868534,1.4656004682183266,EPL,,0.0,0.0,0.0,0.0,0.003614140593487283,0.043478260869565216,0.06733590008124062,0.06372175948775333,
9944,Gabriel Gudmundsson,32,2657,0,0.8777289493009448,0,3.1013932153582573,18,21,4,1,D M S,Leeds,0,0.8777289493009448,6.76558150164783,4.271107049658895,EPL,midfield,0.0,0.0,0.029731127375643592,0.60971019947309,0.10505283755447616,0.7113285660519383,0.22916911371784143,0.14467430728991365,0.04876271940560804
9958,Yerson Mosquera,27,2154,0,2.9658489003777504,0,1.202757162041962,30,11,12,0,D S,Wolverhampton Wanderers,0,2.9658489003777504,5.853062177076936,3.759005693718791,EPL,,0.0,0.0,0.12392126324698122,1.2534818941504178,0.050254477522644656,0.4596100278551532,0.2445569154767522,0.15706151923616118,0.09886163001259168
10024,Cristhian Mosquera,20,976,0,0.0858541056513786,0,0.2934531178325414,1,5,4,0,D S,Arsenal,0,0.0858541056513786,5.388046391308308,5.184731021523476,EPL,,0.0,0.0,0.007916874496541059,0.09221311475409837,0.02706022602964009,0.4610655737704918,0.49684854018211855,0.47810019665687786,0.0858541056513786
10025,Lamare Bogarde,28,1011,0,0.0,0,0.0411524251103401,0,2,5,0,D M S,Aston Villa,0,0.0,1.9570542350411413,1.915901817381382,EPL,midfield,0.0,0.0,0.0,0.0,0.003663420632967961,0.17804154302670622,0.1742184778968375,0.170555057927126,
10120,Conor Bradley,15,962,0,0.2198291672393679,1,1.1937107481062412,6,4,5,0,D S,Liverpool,0,0.2198291672393679,3.412436105310917,2.405481914058328,EPL,,0.0,0.09355509355509356,0.02056613830721737,0.5613305613305614,0.11167772071680011,0.37422037422037424,0.3192507790831419,0.2250450855148124,0.03663819453989465
10291,Vitalii Mykolenko,33,2963,0,0.2774586006999016,1,1.1418284978717566,9,22,6,0,D,Everton,0,0.2774586006999016,8.09473404660821,7.0455850679427385,EPL,,0.0,0.030374620317246033,0.008427699650013885,0.2733715828552143,0.03468260709026598,0.6682416469794128,0.24587447323480893,0.21400697135161878,0.030828733411100175
10293,Toti,19,1437,0,0.9501397321000696,0,0.1585849039256572,5,6,2,1,D S,Wolverhampton Wanderers,0,0.9501397321000696,2.2873468389734626,2.10125913657248,EPL,,0.0,0.0,0.05950770764718599,0.31315240083507306,0.00993224868010379,0.3757828810020876,0.14325763083341103,0.13160286867886098,0.19002794642001392
10527,Carlos Baleba,31,1692,0,0.5733493687584996,0,0.812482200562954,20,9,5,0,M S,Brighton,0,0.5733493687584996,5.856022956781089,4.607899966649711,EPL,midfield,0.0,0.0,0.030497306848856362,1.0638297872340425,0.0432171383278167,0.4787234042553191,0.31149058280750475,0.24510106205583568,0.028667468437924983
10564,Leny Yoro,32,1736,0,1.247398313134909,0,0.2197452150285244,9,4,1,0,D S,Manchester United,0,1.247398313134909,4.670362060889602,4.498527536168695,EPL,,0.0,0.0,0.06466926738602638,0.4665898617511521,0.011392321055626264,0.2073732718894009,0.24212706536870054,0.23321859346496693,0.13859981257054543
10696,Noussair Mazraoui,20,990,0,0.1968064438551664,0,0.2094872146844864,5,6,3,0,D S,Manchester United,0,0.1968064438551664,5.648671459406614,5.40038712322712,EPL,,0.0,0.0,0.017891494895924218,0.4545454545454546,0.019044292244044216,0.5454545454545454,0.5135155872187831,0.49094428392973816,0.03936128877103328
10721,Sepp van den Berg,32,2758,0,3.3328840751200914,2,2.197148658335209,23,7,2,0,D S,Brentford,0,3.3328840751200914,8.73620273731649,6.425411341711879,EPL,,0.0,0.06526468455402466,0.10875981390892249,0.7505438723712835,0.07169810705227296,0.22842639593908629,0.28508275792548365,0.20967622217333906,0.14490800326609093
10747,James Hill,29,2100,0,0.9502518232911824,3,1.4291670992970469,12,13,5,0,D S,Bournemouth,0,0.9502518232911824,7.55955524276942,7.176162118092179,EPL,,0.0,0.12857142857142856,0.040725078141050676,0.5142857142857142,0.061250018541302007,0.5571428571428572,0.3239809389758323,0.3075498050610934,0.07918765194093187
10764,Djed Spence,30,2068,0,1.1351130530238152,0,1.8603137182071805,13,10,4,0,D M S,Tottenham,0,1.1351130530238152,5.716236036270857,3.084719266742468,EPL,midfield,0.0,0.0,0.04940047135983722,0.5657640232108317,0.08096142874209199,0.4352030947775629,0.24877236134641062,0.13424793714062966,0.08731638869413963
10802,Lisandro Martínez,18,1217,0,0.1134660253301262,0,0.4642033223062753,5,5,0,1,D S,Manchester United,0,0.1134660253301262,6.68968091532588,6.568602550774813,EPL,,0.0,0.0,0.008391078290642036,0.3697617091207889,0.03432892276710335,0.3697617091207889,0.4947175697447241,0.48576354114193354,0.022693205066025242
10822,Wilson Odobert,24,946,0,2.460178238339722,2,1.9524234533309937,21,20,0,0,F M S,Tottenham,0,2.460178238339722,5.9682222586125135,2.8834201879799366,EPL,attack,0.0,0.19027484143763215,0.2340550121042019,1.9978858350951376,0.1857485315008345,1.9027484143763214,0.5678012719610214,0.2743211595329749,0.11715134468284391
10856,Emmanuel Agbadou,14,1093,0,0.44676383305341,0,0.1717668529599905,10,4,1,1,D S,Wolverhampton Wanderers,0,0.44676383305341,1.6553496047854424,1.543709209188819,EPL,,0.0,0.0,0.036787506838798625,0.8234217749313816,0.0141436566938693,0.32936870997255263,0.136305090970439,0.12711237770081765,0.044676383305341
10864,Marcos Senesi,37,3298,0,1.850691837258637,5,4.026684596203268,16,24,8,0,D,Bournemouth,0,1.850691837258637,14.265297041274607,10.905751962214708,EPL,,0.0,0.1364463311097635,0.0505040222417457,0.4366282595512432,0.10988526793762707,0.6549423893268648,0.3892894886945769,0.2976099686474602,0.11566823982866481
11243,Bashir Humphreys,20,1585,0,0.5261353980749846,0,0.8644249252974987,9,9,6,0,D S,Burnley,0,0.5261353980749846,3.3381601544097066,2.934175559319556,EPL,,0.0,0.0,0.02987519610520417,0.5110410094637224,0.04908406515884851,0.5110410094637224,0.18954852611790132,0.16660933775316092,0.05845948867499828
11704,Hjalmar Ekdal,19,1545,0,0.6082124067470431,0,0.1681445082649588,6,4,0,0,D S,Burnley,0,0.6082124067470431,2.7116604670882225,2.586940612643957,EPL,,0.0,0.0,0.03542984893672096,0.34951456310679613,0.009794825724172358,0.23300970873786409,0.15796080390805178,0.15069556966858003,0.10136873445784052
11711,Bart Verbruggen,38,3420,0,0.0,0,0.076464258134365,0,1,3,0,GK,Brighton,0,0.0,7.377120533958077,7.377120533958077,EPL,,0.0,0.0,0.0,0.0,0.002012217319325395,0.026315789473684213,0.19413475089363363,0.19413475089363363,
11763,Abduqodir Khusanov,21,1421,0,0.6727990191429853,0,0.5715384930372238,7,6,2,0,D S,Manchester City,0,0.6727990191429853,7.6340554766356945,7.126731883734465,EPL,,0.0,0.0,0.04261218277471406,0.4433497536945813,0.03619877858786076,0.3800140745953554,0.4835080878938864,0.45137640361442777,0.09611414559185505
11807,Ian Maatsen,30,1587,0,1.2995175179094076,1,2.966688236221671,20,25,2,0,D S,Aston Villa,0,1.2995175179094076,5.083011580631137,3.724703008309007,EPL,,0.0,0.05671077504725898,0.07369664562813276,1.1342155009451795,0.1682431891997167,1.4177693761814745,0.2882615263117847,0.21123079442206089,0.06497587589547038
11824,Lucas Pires,20,1391,0,0.9026442989706992,0,1.5199418039992452,16,20,1,1,D S,Burnley,0,0.9026442989706992,3.833500165492296,2.3545368826016784,EPL,,0.0,0.0,0.05840257865374761,1.0352264557872035,0.09834274792230917,1.2940330697340043,0.2480337993488905,0.15234242949974913,0.0564152686856687
11903,Oscar Bobb,23,1046,0,1.4291031155735254,1,2.017092976719141,12,22,1,0,F M S,"Fulham,Manchester City",0,1.4291031155735254,5.759685222059488,3.5445012114942074,EPL,attack,0.0,0.08604206500956023,0.12296298317554233,1.0325047801147227,0.1735548450331957,1.892925430210325,0.49557521031104584,0.3049762036658496,0.11909192629779379
12032,Djordje Petrovic,38,3420,0,0.0,0,0.0,0,0,3,0,GK,Bournemouth,0,0.0,3.017996920272708,3.017996920272708,EPL,,0.0,0.0,0.0,0.0,0.0,0.0,0.07942097158612389,0.07942097158612389,
12113,Jackson Tchatchoua,31,1822,0,0.1055051013827323,1,2.24295702483505,3,21,3,0,D S,Wolverhampton Wanderers,0,0.1055051013827323,6.032643620856106,4.169983727857471,EPL,,0.0,0.04939626783754116,0.005211558246128379,0.14818880351262348,0.1107937059468466,1.0373216245883643,0.2979900800642424,0.205981633099436,0.035168367127577434
12369,Lucas Perri,16,1440,0,0.0,0,0.0,0,0,2,0,GK,Leeds,0,0.0,2.474491350352764,2.474491350352764,EPL,,0.0,0.0,0.0,0.0,0.0,0.0,0.15465570939704776,0.15465570939704776,
12910,Mads Hermansen,18,1620,0,0.0,1,0.0371963791549205,0,2,0,0,GK,West Ham,0,0.0,2.0422262623906136,2.0050298795104027,EPL,,0.0,0.05555555555555555,0.0,0.0,0.0020664655086066945,0.1111111111111111,0.11345701457725632,0.11139054886168905,
13064,Lutsharel Geertruida,28,1659,0,0.8372280839830637,0,0.773734993301332,11,8,2,0,D M S,Sunderland,0,0.8372280839830637,4.534097606316209,3.289936365559697,EPL,midfield,0.0,0.0,0.04541924506237235,0.596745027124774,0.04197477359681728,0.43399638336347196,0.24597274536977626,0.17847756051860925,0.07611164399846033
13080,Ayden Heaven,17,923,0,0.2150531085208058,1,0.365470789372921,3,2,2,0,D S,Manchester United,0,0.2150531085208058,4.165300289168954,3.7110456619411702,EPL,,0.0,0.09750812567713976,0.02096942553290631,0.2925243770314193,0.03563637166149825,0.19501625135427952,0.4061506240793129,0.36185710679816396,0.07168436950693527
13091,Jaydee Canvot,20,1334,0,1.5658284928649664,0,0.0823616674169898,7,3,3,0,D S,Crystal Palace,0,1.5658284928649664,3.845728666521609,3.81945420242846,EPL,,0.0,0.0,0.10564060296690177,0.47226386806596704,0.005556634233530046,0.20239880059970014,0.2594569565119526,0.25768431650566825,0.2236897846949952
13712,Robin Roefs,35,3150,0,0.0,0,0.7053439579904079,0,4,4,0,GK,Sunderland,0,0.0,3.144571002572775,2.4392270259559155,EPL,,0.0,0.0,0.0,0.0,0.020152684514011657,0.11428571428571428,0.08984488578779358,0.06969220074159758,
13716,Noah Sadiki,33,2914,0,1.618839449249208,1,0.9295975510030984,19,19,9,0,M,Sunderland,0,1.618839449249208,8.34465430304408,6.268030912615359,EPL,midfield,0.0,0.03088538091969801,0.049998473037895924,0.5868222374742622,0.028710974464749094,0.5868222374742622,0.25772782679271355,0.19359052235256768,0.0852020762762741
13723,El Hadji Malick Diouf,32,2711,0,0.5592501647770405,5,3.253779597580433,18,29,6,0,D M S,West Ham,0,0.5592501647770405,6.939549614675343,5.089005833491683,EPL,midfield,0.0,0.16599040944300997,0.01856603276648235,0.5975654739948358,0.10801924152793764,0.9627443747694577,0.23037973637800843,0.16894523239183012,0.03106945359872447
13724,Freddie Potts,22,1152,0,0.2126328870654106,1,1.2075103465467691,3,8,1,0,M S,West Ham,0,0.2126328870654106,3.1646942142397165,2.264735572040081,EPL,midfield,0.0,0.078125,0.0166119443019852,0.234375,0.09433674582396635,0.625,0.24724173548747783,0.17693246656563133,0.07087762902180353
13727,Quilindschy Hartman,21,1843,0,0.377465664409101,5,2.790129487402737,9,20,1,0,D,Burnley,0,0.377465664409101,5.23548704944551,4.075551783666015,EPL,,0.0,0.24416711882799783,0.018432940747053223,0.4395008138903961,0.13625157561923296,0.9766684753119913,0.2556667577048811,0.19902314733040766,0.041940629378789
13740,David Møller Wolfe,22,1059,0,0.0825581811368465,2,1.304669253528118,3,8,1,0,D S,Wolverhampton Wanderers,0,0.0825581811368465,1.790265455842018,1.2973200660198927,EPL,,0.0,0.16997167138810199,0.007016276017295736,0.254957507082153,0.11087840681542077,0.6798866855524079,0.15214720587892505,0.11025382997336199,0.027519393712282167
13776,Jorrel Hato,22,1131,0,0.3383092209696769,0,0.7095918618142605,4,8,7,0,D S,Chelsea,0,0.3383092209696769,6.174443513154984,5.819172963500023,EPL,,0.0,0.0,0.026921158167348296,0.3183023872679045,0.056466195900339036,0.636604774535809,0.4913350275720147,0.4630641615517259,0.08457730524241923
14056,Senne Lammens,32,2880,0,0.0,0,0.0,0,0,0,0,GK,Manchester United,0,0.0,5.00017312541604,5.00017312541604,EPL,,0.0,0.0,0.0,0.0,0.0,0.0,0.15625541016925126,0.15625541016925126,
3423,Kylian Mbappe-Lottin,31,2623,25,25.796528611332175,5,7.240631651133299,146,65,4,0,F S,Real Madrid,17,19.107029650360342,27.866944551467896,7.233587654307485,La_Liga,attack,0.857796416317194,0.1715592832634388,0.6555976624218188,5.009531071292414,0.24843951528859967,2.2302706824247043,0.9561666067983646,0.24819782267925034,0.1308700660983585
9002,Vedat Muriqi,37,3150,23,21.630785251036286,1,2.485310326330364,114,24,4,1,F S,Mallorca,18,16.427841836586595,18.902257680892944,4.6435397625900805,La_Liga,attack,0.6571428571428571,0.02857142857142857,0.46936690961675986,3.257142857142857,0.07100886646658183,0.6857142857142857,0.5400645051683698,0.13267256464543087,0.14410387575953154
1235,Ante Budimir,37,2995,17,19.19176504760981,0,1.7123363316059113,103,16,3,0,F S,Osasuna,11,13.24554404988885,12.536680994555354,1.237377729266882,La_Liga,attack,0.5108514190317195,0.0,0.3980297043372275,3.0951585976627713,0.05145584969767346,0.48080133555926546,0.37672831035391713,0.037183304051425496,0.12859751504746456
6441,Ferrán Torres,33,2025,16,16.183371974155307,2,3.157755734398961,69,23,1,0,F M S,Barcelona,16,16.183371974155307,23.031330455094576,5.379237103275955,La_Liga,attack,0.7111111111111111,0.08888888888888889,0.7192609766291248,3.066666666666667,0.1403446993066205,1.0222222222222221,1.0236146868930922,0.23907720459004242,0.23454162281384502
7008,Vinícius Júnior,36,2865,16,14.403762575238945,5,7.155190063640475,100,69,7,0,F M S,Real Madrid,12,10.687374416738749,23.04617050290108,8.551076833158731,La_Liga,attack,0.5026178010471204,0.15706806282722513,0.33572903926928005,3.141361256544503,0.2247703684913238,2.1675392670157065,0.7239634712953219,0.268620214654201,0.10687374416738749
11527,Lamine Yamal,28,2291,16,14.664689928293228,11,12.566995456814766,117,73,1,0,F M S,Barcelona,13,11.691579438745975,33.655128441751,15.989167042076588,La_Liga,attack,0.6285464862505455,0.4321257092972501,0.4592938234339318,4.596246180707115,0.4936838023192182,2.867743343518114,1.3221132953983372,0.6281209226481418,0.09992802939099124
2234,Mikel Oyarzabal,34,2727,15,16.028234442695975,4,5.957455115392804,79,42,3,0,F S,Real Sociedad,8,10.825419073924422,20.298587683588263,6.757064882665873,La_Liga,attack,0.4950495049504951,0.132013201320132,0.35727455689519544,2.607260726072607,0.19661568037600016,1.386138613861386,0.6699203855969723,0.223005441672141,0.13703062118891673
227,Robert Lewandowski,31,1630,14,16.066804450005293,2,2.279528703540564,63,13,2,0,F S,Barcelona,13,13.836971666663883,19.4469972550869,6.116905840113759,La_Liga,attack,0.7730061349693252,0.11042944785276074,0.7640045705519936,3.478527607361963,0.125863548048252,0.7177914110429449,1.0737605846367,0.337743267245545,0.21963447089942673
2543,Borja Iglesias,35,1903,14,11.60863982141018,2,1.6599800884723663,46,17,7,0,F S,Celta Vigo,10,8.635529387742281,13.605882365256548,4.463654295541346,La_Liga,attack,0.6621124540199685,0.09458749343142406,0.40840653961997125,2.1755123489227537,0.07850667785733735,0.8039936941671046,0.6434731544262161,0.21110293567983243,0.18772889973352785
6400,Antonio Martínez,37,2750,14,12.836471602320673,3,3.8200031016021967,93,24,2,0,F S,Alaves,13,12.09319394826889,15.361863365396855,3.4809861443936825,La_Liga,attack,0.4581818181818182,0.09818181818181819,0.3957772564888001,3.0436363636363635,0.1250182833251628,0.7854545454545455,0.5027518919584426,0.11392318290742962,0.13003434352977303
6531,Alexander Sørloth,35,1955,13,13.927608631551266,0,1.2237359210848808,68,10,4,1,F S,Atletico Madrid,13,13.927608631551266,15.904344144277276,2.849465993233025,La_Liga,attack,0.59846547314578,0.0,0.6411686838054291,3.130434782608696,0.056335669001350015,0.4603580562659847,0.7321692956444782,0.1311774626040779,0.20481777399340095
8026,Raphinha,22,1424,13,11.12714341841638,3,5.906838221475482,65,40,5,0,F M S,Barcelona,10,8.897310553118587,18.973049715161324,7.869677424430847,La_Liga,attack,0.821629213483146,0.1896067415730337,0.5623300209133938,4.10814606741573,0.37332544939100665,2.528089887640449,1.1991393780649713,0.49738129789239904,0.13688170081720902
8187,Georges Mikautadze,33,2155,13,15.062094315886496,6,4.149701787158847,66,29,1,0,F S,Villarreal,13,15.062094315886496,19.971632717177272,2.1160078616812825,La_Liga,attack,0.54292343387471,0.2505800464037123,0.6290433821019883,2.7563805104408354,0.17330541106463862,1.211136890951276,0.8340821088380299,0.08837155802845265,0.22821355024070447
1189,Lucas Boyé,29,1960,11,11.103807976469398,1,2.709607819095254,63,28,2,1,F M S,Alaves,8,8.873975029215217,12.193470728583634,3.775087649933994,La_Liga,attack,0.5051020408163265,0.04591836734693878,0.40747844521906607,2.8928571428571423,0.1244207672033535,1.2857142857142856,0.5599042681492485,0.17334586147656095,0.14085674649547963
6954,Juan Camilo Hernández,32,2623,11,12.400350131094456,3,4.870423881337047,89,34,5,0,F S,Real Betis,10,11.65707252174616,19.107489496469498,5.405497080646455,La_Liga,attack,0.3774304231795654,0.10293556995806329,0.3999758013561397,3.0537552420892107,0.1671132860542639,1.1666031261913838,0.6556134405955985,0.18547264096766333,0.1309783429409681
13769,Carlos Espí,25,1328,11,9.884630508720877,0,0.6899255998432636,57,9,3,0,F S,Levante,11,9.884630508720877,9.323621347546576,0.3610123936086893,La_Liga,attack,0.7454819277108434,0.0,0.6698921278500594,3.8629518072289155,0.04675700601347419,0.6099397590361446,0.6318719286740901,0.02446620137408286,0.17341457032843643
2120,Gerard Moreno,22,1368,10,7.015236139297485,0,3.00478845089674,39,23,0,0,F S,Villarreal,7,4.78540326654911,9.858238596469164,4.95141988992691,La_Liga,attack,0.6578947368421052,0.0,0.3148291622729678,2.56578947368421,0.19768345071689078,1.513157894736842,0.6485683287150766,0.325751308547823,0.1227026478602336
6170,André Silva,31,1858,10,10.836609966121614,0,1.556909404695034,57,22,3,0,F S,Elche,7,8.606777063570917,9.467075154185297,2.252919040620327,La_Liga,attack,0.48439181916038754,0.0,0.41690523989310146,2.761033369214209,0.07541541788081435,1.0656620021528525,0.4585773756063922,0.10912955525071552,0.1509960888345775
6637,Hugo Duro,36,1979,10,10.062427267432213,0,1.7364629544317722,36,17,4,1,F S,Valencia,9,8.575872018933296,11.142762534320354,2.7996803987771277,La_Liga,attack,0.45477513895907024,0.0,0.3900093389105592,1.637190500252653,0.07897001813989869,0.7731177362304194,0.5067451379933461,0.12732250423948532,0.23821866719259155
7020,Gorka Guruzeta,35,2401,10,11.726107958704231,3,3.501504704356193,84,26,4,1,F M S,Athletic Club,9,10.982830349355936,16.107928594574332,4.2075874749571085,La_Liga,attack,0.3748438150770512,0.11245314452311538,0.4116846028496603,3.1486880466472305,0.13125173818911176,0.9745939192003331,0.6037957407378967,0.15771881413833394,0.13074798034947543
8107,Jorge De Frutos,36,2526,10,12.133321626111863,1,3.344836812466383,63,31,3,0,F M S,Rayo Vallecano,9,11.390043957158923,16.192682379856706,2.233673200942576,La_Liga,attack,0.3562945368171021,0.035629453681710214,0.4058210436042372,2.2446555819477436,0.11917470828265023,1.1045130641330168,0.5769364268357496,0.0795845558530609,0.1807943485263321
10095,Abdessamad Ezzalzouli,29,2275,10,10.301263853907583,8,6.2180118300020695,73,32,3,0,F M S,Real Betis,10,10.301263853907583,18.697799935936928,4.9303385354578495,La_Liga,attack,0.3956043956043956,0.31648351648351647,0.4075225260886517,2.8879120879120883,0.24598728118689506,1.2659340659340659,0.7396931842788235,0.19504635964448638,0.14111320347818607
11783,Akor Adams,32,2048,10,10.047341846860943,3,1.1498911064118147,61,13,3,0,F S,Sevilla,7,7.8175089890137315,9.731918376870452,1.3182228859513998,La_Liga,attack,0.439453125,0.1318359375,0.3435428754937675,2.6806640625,0.05053232401223795,0.5712890625,0.4276721942960648,0.057929716667786124,0.12815588506579886
12160,Alberto Moleiro,38,2535,10,5.6144147682935,5,5.77781119197607,46,38,5,0,F M S,Villarreal,10,5.6144147682935,15.232634784653785,5.500843932852149,La_Liga,attack,0.3550295857988166,0.1775147928994083,0.19932833496900002,1.6331360946745563,0.2051293914311031,1.349112426035503,0.5408036018220278,0.19529623430244317,0.12205249496290217
2335,Pablo Fornals,37,2912,9,4.941328717395663,6,7.8924933429807425,43,84,2,0,F M S,Real Betis,9,4.941328717395663,23.12612571939826,12.777029509656131,La_Liga,attack,0.27815934065934067,0.18543956043956045,0.15271963755687146,1.3289835164835164,0.24393008271575095,2.5961538461538463,0.7147497646792045,0.3948944559989876,0.11491462133478286
5656,Nicolas Pepe,37,2497,9,9.80356877669692,8,8.080096108838916,65,55,4,0,F M S,Villarreal,7,8.317013502120972,21.613017408177257,7.798260133713484,La_Liga,attack,0.32438926712054467,0.2883460152182619,0.29977221273163296,2.3428113736483778,0.29123293944553563,1.9823788546255507,0.7790034308113548,0.2810746543989642,0.12795405387878417
8549,Ferrán Jutglà,30,1702,9,6.59795877058059,3,1.5541915334761145,45,15,4,0,F M S,Celta Vigo,9,6.59795877058059,8.991645194590092,2.8614895455539227,La_Liga,attack,0.4759106933019977,0.15863689776733256,0.34889323698722274,2.3795534665099884,0.08218404113563473,0.7931844888366627,0.4754688998314385,0.15131260816677616,0.146621306012902
13705,Federico Viñas,34,2575,9,9.87893870100379,1,3.027751691639424,60,29,5,3,F M S,Real Oviedo,7,8.392383448779583,8.796410974115133,2.640840981155634,La_Liga,attack,0.3145631067961165,0.03495145631067961,0.29332602345249026,2.0970873786407767,0.1058243309699216,1.0135922330097087,0.30744737385256776,0.09230123817631342,0.13987305747965972
14041,Vladyslav Vanat,27,2003,9,9.496832385659218,1,2.104125237092376,27,12,4,0,F,Girona,6,7.2669995576143265,8.851113688200712,1.6265962794423103,La_Liga,attack,0.40439340988517225,0.044932601098352475,0.3265251923041884,1.2131802296555168,0.09454381993924806,0.5391912131802297,0.3977035606280899,0.0730872017722456,0.26914813176349356
556,Marcus Rashford,32,1739,8,8.697766778059304,7,4.963629940524697,76,46,3,0,F M S,Barcelona,8,8.697766778059304,17.325936785899103,7.726865269243717,La_Liga,attack,0.4140310523289247,0.36227717078780913,0.4501431915039318,3.9332949971247846,0.2568871159558498,2.380678550891317,0.896684480006279,0.3998952698285995,0.11444429971130662
2589,Rafa Mir,27,1834,8,8.264916526153684,0,1.7095182929188013,69,9,4,0,F M S,Elche,7,6.778489189222455,11.559987911954522,4.549745937809348,La_Liga,attack,0.3925845147219193,0.0,0.3326412361123342,3.386041439476554,0.08389130117922144,0.44165757906215924,0.56728403057574,0.22326997513786334,0.09823897375684718
5074,Kike García,37,1694,8,10.003981161862612,1,2.6575004514306784,60,19,3,0,F S,Espanyol,7,8.517553839832544,12.71857414022088,2.124022038653493,La_Liga,attack,0.42502951593860683,0.053128689492325853,0.45252647319063105,3.1877213695395517,0.1411895163097763,1.009445100354191,0.6757211762809204,0.11284650736647837,0.14195923066387575
5682,Gonçalo Guedes,32,1833,8,4.142274813726544,4,2.665413634851575,46,24,3,0,F M S,Real Sociedad,8,4.142274813726544,12.011291518807411,7.679975047707558,La_Liga,attack,0.39279869067103107,0.19639934533551553,0.20338501540392195,2.258592471358429,0.13087137323330153,1.1783960720130933,0.5897524477319515,0.3770855178907148,0.09004945247231619
10846,Julián Álvarez,29,1926,8,8.894600672647357,4,6.265264900401235,54,47,2,0,F S,Atletico Madrid,6,6.664767829701304,17.452052727341652,7.806348083540797,La_Liga,attack,0.37383177570093457,0.18691588785046728,0.3114377490514628,2.5233644859813085,0.2927693878692166,2.196261682242991,0.8155164825860585,0.3647826207262055,0.12342162647595008
11094,Antony,32,2495,8,9.02497192658484,6,6.643909856677055,90,56,6,1,F M S,Real Betis,8,9.02497192658484,22.010275080800056,10.2550476831384,La_Liga,attack,0.28857715430861725,0.21643286573146292,0.32555008953612646,3.246492985971944,0.2396600749903547,2.0200400801603204,0.7939578185458939,0.36992155971240726,0.10027746585094266
2270,Antoine Griezmann,34,1428,7,8.293904645368457,4,4.9885023310780525,47,32,0,0,F S,Atletico Madrid,7,8.293904645368457,17.252844139933586,7.144089825451374,La_Liga,attack,0.4411764705882353,0.25210084033613445,0.5227250826912894,2.96218487394958,0.3144014074208857,2.0168067226890756,1.0873641264664025,0.4502577621082799,0.17646605628443526
4175,Pere Milla,33,2005,7,7.654542326927185,1,4.100008985027671,59,34,6,1,F M S,Espanyol,7,7.654542326927185,11.191884029656649,3.3394176652655005,La_Liga,attack,0.314214463840399,0.04488778054862842,0.3435954161712951,2.6483790523690773,0.18404030356732687,1.5261845386533666,0.5023788342489268,0.1498990473186509,0.12973800554113873
8042,Raul García,36,926,7,6.938203576952219,1,1.1225733663886786,39,12,2,1,F S,Osasuna,7,6.938203576952219,7.228577986359596,1.1627431195229292,La_Liga,attack,0.6803455723542117,0.09719222462203024,0.6743394405245138,3.7904967602591793,0.10910540278075709,1.1663066954643628,0.7025615753481249,0.11300959045039269,0.17790265581928766
8292,Dani Olmo,33,2109,7,8.75443153269589,8,6.657491793856025,70,50,1,0,F M S,Barcelona,7,8.75443153269589,22.55907628685236,10.709148935973644,La_Liga,attack,0.29871977240398295,0.3413940256045519,0.37358882785330966,2.9871977240398295,0.28410349049172223,2.1337126600284493,0.9626917334360893,0.45700493325634334,0.12506330760994128
9275,Iván Romero,32,2339,7,9.59401980228722,1,2.88573707267642,59,25,5,0,F M S,Levante,7,8.850742192938924,14.721420374698935,4.722817124798894,La_Liga,attack,0.26934587430525864,0.038477982043608375,0.34055869917251097,2.2702009405728942,0.11103733926501831,0.9619495510902095,0.5664505488340762,0.18172447252325802,0.1500125795413377
10930,Etta Eyong,33,1657,7,11.02054724190384,4,2.822161927819252,50,15,3,0,F S,"Levante,Villarreal",7,10.277269617654383,12.05828979704529,2.071900935843587,La_Liga,attack,0.38020519010259507,0.21726010863005432,0.558210178387987,2.715751357875679,0.15328580175240356,0.8147254073627037,0.6549463377996839,0.11253535559802223,0.20554539235308766
10974,Samú Costa,34,2731,7,4.27746016997844,2,1.979983518831432,39,17,11,0,M S,Mallorca,7,4.27746016997844,9.480698188766835,5.15883654076606,La_Liga,midfield,0.23068473086781396,0.06590992310508971,0.14096353544418147,1.2852435005492493,0.06525028073776232,0.5602343463932625,0.3124360443020927,0.170009259856809,0.10967846589688307
11186,Alvaro Rodríguez,34,2199,7,12.178225251846015,5,3.8613251298666,74,32,2,0,F S,Elche,7,12.178225251846015,15.05247726943344,2.806102915666997,La_Liga,attack,0.286493860845839,0.20463847203274216,0.498426681521665,3.0286493860845836,0.15803513491950613,1.3096862210095497,0.6160631897448884,0.11484732260574339,0.16457061151143265
12322,Tajon Buchanan,35,1873,7,2.74269391130656,1,2.5965847074985504,27,15,8,0,F M S,Villarreal,7,2.74269391130656,7.827929214574397,2.7268755370751023,La_Liga,attack,0.33635878270154834,0.04805125467164976,0.1317898836185747,1.2973838761345435,0.12476915305652404,0.7207688200747464,0.37614182024116166,0.13102979088988745,0.10158125597431704
13350,Roberto Fernández,38,2388,7,9.296747288666666,3,3.156827750615776,59,18,3,0,F S,Espanyol,6,8.553469679318368,12.14238354191184,2.0526475217193365,La_Liga,attack,0.2638190954773869,0.11306532663316583,0.32236694771300384,2.2236180904522613,0.11897592024933829,0.6783919597989949,0.4576275204238131,0.07736108750198505,0.1449740623613283
13701,Ilyas Chaira,37,2584,7,7.220865061506629,2,2.07834442704916,84,22,2,1,F M S,Real Oviedo,7,7.220865061506629,11.205173783004284,3.461104169487953,La_Liga,attack,0.24380804953560373,0.0696594427244582,0.25150071808653124,2.9256965944272446,0.07238815728886393,0.7662538699690402,0.3902730806773938,0.12054929382891479,0.08596267930365034
3264,Mauro Arambarri,37,3279,6,8.078672235831618,2,0.9766136407852172,57,22,6,0,M,Getafe,4,5.848839415237308,5.961405856534839,2.0200484236702323,La_Liga,midfield,0.16468435498627632,0.05489478499542543,0.16053539108611092,1.5645013723696248,0.02680549791725207,0.6038426349496798,0.163625046382475,0.05544506194886274,0.10261121781118085
6227,Brais Méndez,29,1708,6,6.033863070420921,2,3.3276691418141127,36,26,4,1,F M S,Real Sociedad,5,4.547307777218521,12.2444488145411,5.582106248475611,La_Liga,attack,0.3161592505854801,0.1053864168618267,0.2396122365044888,1.8969555035128804,0.17534556367872958,1.370023419203747,0.645199293506264,0.2941390880344292,0.12631410492273668
8765,Roberto Navarro,32,1246,6,3.3031710321083665,1,2.0628209859132767,21,24,1,0,M S,Athletic Club,6,3.3031710321083665,8.301526971161366,4.595135105773807,La_Liga,midfield,0.4333868378812199,0.07223113964686999,0.23859180809771507,1.5168539325842696,0.1489999106999959,1.7335473515248796,0.5996287539362142,0.3319118455213825,0.15729385867182696
8824,Jude Bellingham,28,1933,6,7.732056498527527,4,3.037935324013233,51,36,3,0,M S,Real Madrid,6,7.732056498527527,13.966085232794285,8.35675865970552,La_Liga,midfield,0.2793585100879462,0.18623900672529747,0.360002630557412,2.374547335747543,0.14144551430997981,1.676151060527677,0.6502574603991131,0.3890886080566461,0.15160895095152013
9001,Martín Satriano,18,1609,6,4.711501374840736,1,2.4850312769412994,35,15,5,0,F M,Getafe,6,4.711501374840736,8.570994183421135,1.9049698896706104,La_Liga,attack,0.3356121814791796,0.05593536357986326,0.2635395424087423,1.9577377252952146,0.13900112798304348,0.8390304536979492,0.47942167589055446,0.10655518338741762,0.13461432499544962
9211,Nico Williams,25,1715,6,5.862554809078574,3,4.138543902896345,46,34,2,0,M S,Athletic Club,5,4.375999530777335,10.798387989401816,3.284014131873846,La_Liga,midfield,0.314868804664723,0.1574344023323615,0.2296442902448747,2.41399416909621,0.21718306195957496,1.7842565597667637,0.5666792530881419,0.172338934034196,0.09513042458211599
10975,Largie Ramazani,27,1200,6,6.468218728899956,1,2.4562970297411084,51,17,4,0,F M S,Valencia,3,4.23838584497571,9.884040178731084,3.9631658289581537,La_Liga,attack,0.45,0.07500000000000001,0.3178789383731782,3.825,0.18422227723058313,1.275,0.7413030134048313,0.2972374371718615,0.0831056048034453
11322,Viktor Tsygankov,32,2672,6,7.313595972955227,5,4.26087084133178,50,55,3,0,F M S,Girona,6,7.313595972955227,15.098643213510512,5.471966687589884,La_Liga,attack,0.20209580838323352,0.16841317365269462,0.24634118172379132,1.684131736526946,0.1435173561825824,1.8525449101796407,0.5085620842874049,0.18431025519576702,0.14627191945910453
11402,Carlos Romero,36,3207,6,2.956237475387752,3,3.295898557640612,42,28,4,0,D,Espanyol,6,2.956237475387752,11.255615886300802,7.793717348948121,La_Liga,,0.16838166510757718,0.08419083255378859,0.08296269809320166,1.1786716557530403,0.09249481452686469,0.7857811038353602,0.31587322412443786,0.21871985076561612,0.07038660655685124
11822,Fermín López,30,1780,6,7.523078422993421,9,7.6479049026966095,68,34,3,0,F M S,Barcelona,6,7.523078422993421,24.60513487458229,12.423649363219738,La_Liga,attack,0.30337078651685395,0.45505617977528084,0.3803803697019145,3.438202247191011,0.3866918209228623,1.7191011235955056,1.244079853209217,0.6281620464549306,0.11063350622049148
12035,Gonzalo García,30,923,6,5.269253443926573,1,1.6349990256130695,21,13,2,0,F S,Real Madrid,6,5.269253443926573,8.073908843100071,1.9430877678096292,La_Liga,attack,0.5850487540628386,0.09750812567713976,0.5137950270350937,2.047670639219935,0.15942569047148022,1.267605633802817,0.7872717181787718,0.18946684626529428,0.2509168306631701
13279,Víctor Muñoz,34,2705,6,7.114694999530912,2,2.412180700339377,81,27,3,0,F M S,Osasuna,6,7.114694999530912,11.554271526634691,3.834848198108375,La_Liga,attack,0.199630314232902,0.066543438077634,0.23671813307126882,2.6950092421441774,0.08025739853254858,0.8983364140480592,0.38443047593239266,0.1275919918039755,0.08783574073494954
770,Ayoze Pérez,26,1154,5,5.862349048256874,4,2.57591051235795,25,17,4,0,F S,Villarreal,4,5.119071401655674,8.997008547186852,1.811542371287942,La_Liga,attack,0.389948006932409,0.3119584055459272,0.39923433808406467,1.9497400346620453,0.20089423406604462,1.3258232235701908,0.7016731102658723,0.1412814674314686,0.20476285606622696
2290,Iago Aspas,32,1082,5,4.438365060836077,3,4.45842863060534,28,30,3,0,F M S,Celta Vigo,3,2.9518098421394825,11.226651870645584,6.235691965557635,La_Liga,attack,0.4158964879852126,0.24953789279112754,0.2455294693091991,2.3290203327171906,0.3708489618802963,2.4953789279112755,0.9338250169668232,0.5186804777266054,0.1054217800764101
2624,Djibril Sow,33,2235,5,1.5513262078166008,4,2.01867562904954,19,25,6,0,M S,Sevilla,5,1.5513262078166008,6.6189771089702845,4.309138225391507,La_Liga,midfield,0.20134228187919462,0.16107382550335572,0.06246951172415842,0.7651006711409396,0.0812889515053506,1.0067114093959733,0.2665359909652464,0.17352234464663788,0.08164874777982109
6241,Federico Valverde,33,2765,5,2.2435944536700845,8,5.012471796944737,51,43,3,1,D F M S,Real Madrid,5,2.2435944536700845,19.056539345532656,15.301276870071888,La_Liga,attack,0.162748643761302,0.2603978300180832,0.07302839089703711,1.6600361663652803,0.16315459736890647,1.3996383363471971,0.6202851866538658,0.49805241168407594,0.04399204811117813
7074,Nicolás González,24,1480,5,5.666498072445393,0,1.7241394147276878,43,12,4,1,D F M S,Atletico Madrid,5,5.666498072445393,10.485972724854946,5.266246838495135,La_Liga,attack,0.30405405405405406,0.0,0.3445843422433009,2.614864864864865,0.1048463157604675,0.7297297297297298,0.6376605035384764,0.3202447401787582,0.13177902494059052
8328,Azz-Eddine Ounahi,24,1777,5,3.850151646882296,2,5.440476134419441,51,35,6,0,F M S,Girona,4,3.106873992830515,13.077412985265257,8.065416779369116,La_Liga,attack,0.25323579065841306,0.10129431626336523,0.15735433841009924,2.583005064715813,0.27554465509158677,1.7726505346088912,0.662333803418049,0.4084904390226339,0.060919097898637545
8696,Pape Alassane Gueye,31,2280,5,5.21023759432137,2,2.2214559176936746,48,25,8,0,M S,Villarreal,4,4.466959962621331,15.24400033056736,10.280141228809953,La_Liga,midfield,0.19736842105263158,0.07894736842105263,0.17632736694557888,1.894736842105263,0.08768904938264505,0.9868421052631579,0.6017368551539747,0.40579504850565606,0.0930616658879444
10870,Williot Swedberg,29,1237,5,5.188336543738842,5,1.9846364725381136,23,10,2,0,F M S,Celta Vigo,5,5.188336543738842,8.525909911841154,3.268151741474867,La_Liga,attack,0.36378334680679064,0.36378334680679064,0.37748608644825854,1.6734033953112368,0.14439553963494764,0.7275666936135813,0.6203168084605528,0.23777983567723365,0.22557984972777573
12294,Carlos Vicente,21,1250,5,3.714753158390522,0,3.857187973335385,12,26,1,0,F M S,Alaves,2,1.4849203303456306,5.572600442916155,1.6297904159873724,La_Liga,attack,0.36,0.0,0.1069142637848854,0.8639999999999999,0.2777175340801477,1.8719999999999999,0.4012272318899631,0.1173449099510908,0.12374336086213589
498,Alexis Sánchez,28,1278,4,3.5005651153624058,2,1.831439543515444,25,27,3,0,F M S,Sevilla,3,2.757287496700883,6.62530991435051,2.9326467169448733,La_Liga,attack,0.28169014084507044,0.14084507042253522,0.19417517582400584,1.7605633802816902,0.12897461574052424,1.9014084507042253,0.4665711207289091,0.20652441668625868,0.11029149986803531
1450,Umar Sadiq,25,1028,4,5.453680071979761,2,1.716763524338603,30,10,4,0,F S,"Real Sociedad,Valencia",4,5.453680071979761,8.170098496600986,1.6392004117369652,La_Liga,attack,0.35019455252918286,0.17509727626459143,0.47746226311106854,2.6264591439688716,0.150300308551045,0.8754863813229572,0.715280996784133,0.1435097636734697,0.1817893357326587
2252,Borja Mayoral,16,1072,4,3.4905536491423845,1,0.560979638248682,15,5,0,0,F S,Getafe,4,2.747275995090604,2.6726806866936386,0.4403858962468803,La_Liga,attack,0.33582089552238803,0.08395522388059701,0.2306481712296216,1.2593283582089552,0.047097171121624426,0.41977611940298504,0.22438550541271218,0.0369726965132642,0.18315173300604026
2478,Carlos Soler,33,2346,4,3.2679054085165262,3,5.041204136796296,35,46,3,1,F M S,Real Sociedad,4,3.2679054085165262,12.060087494552135,8.075280973687768,La_Liga,attack,0.1534526854219949,0.11508951406649617,0.12536721516048055,1.3427109974424551,0.19339657813796532,1.7647058823529411,0.4626632031158108,0.3097933877373824,0.09336872595761503
6427,Aitor Ruibal,27,1809,4,4.419992010109127,2,1.795642390847206,31,19,4,1,D F M S,Real Betis,4,4.419992010109127,10.049647815525532,4.529752524569631,La_Liga,attack,0.1990049751243781,0.09950248756218905,0.21990010000542917,1.5422885572139302,0.08933544233070675,0.945273631840796,0.49998247838435483,0.22536082211789205,0.14258038742287504
7071,Álvaro García,32,2123,4,6.8708263747394085,5,7.334621558897197,47,40,3,0,F M S,Rayo Vallecano,4,6.8708263747394085,14.599677024409177,2.0335369165986776,La_Liga,attack,0.16957136128120584,0.2119642016015073,0.2912738453728435,1.9924634950541689,0.31093544055616945,1.6957136128120585,0.6189217768237522,0.08620740579080592,0.14618779520722144
7779,Oihan Sancet,28,1832,4,7.056168496608734,0,1.445348110049963,48,27,4,1,M S,Athletic Club,2,5.569741144776344,7.564459195360541,2.206977505236864,La_Liga,midfield,0.1965065502183406,0.0,0.2736226544922877,2.358078602620087,0.07100509274262919,1.3264192139737991,0.37161644518692616,0.10842138399089397,0.11603627384950717
8230,German Valera,36,2888,4,2.898498496040702,5,7.393028756603599,28,45,4,1,D F M S,Elche,4,2.898498496040702,14.3036432787776,7.749514225870371,La_Liga,attack,0.12465373961218837,0.15581717451523544,0.09032716919794431,0.8725761772853186,0.23039217039277143,1.4023545706371192,0.44575065619459275,0.2415014821081487,0.10351780343002506
8267,Guido Rodríguez,16,1310,4,0.80956956371665,0,0.3541121035814285,15,7,4,0,M S,Valencia,4,0.80956956371665,4.893359726294875,4.198376424610615,La_Liga,midfield,0.2748091603053435,0.0,0.05561928300343397,1.0305343511450382,0.024328312459792795,0.48091603053435117,0.33618501936377004,0.28843807497324836,0.053971304247776665
9694,Diego López,34,1781,4,3.476579644717276,1,2.03228465653956,28,16,2,0,F M S,Valencia,4,3.476579644717276,8.334774944931269,3.1896458361297846,La_Liga,attack,0.20213363279056712,0.05053340819764178,0.17568341831811052,1.4149354295339696,0.10269827012271779,0.8085345311622685,0.42118458452768903,0.1611836750430548,0.12416355873990272
9796,Giuliano Simeone,31,2153,4,6.101236687973142,6,5.526886135339737,36,29,2,0,D F M S,Atletico Madrid,4,6.101236687973142,18.556789096444845,9.045107055455446,La_Liga,attack,0.1672085462145843,0.2508128193218765,0.25504472917676857,1.5048769159312587,0.23103564894592493,1.2122619600557363,0.775713431806798,0.3781048002744961,0.16947879688814282
10078,Hugo Álvarez,28,1359,4,2.272590968757868,2,2.45073258318007,14,25,2,0,D F M S,Celta Vigo,4,2.272590968757868,8.504904292523861,5.041602535173297,La_Liga,attack,0.26490066225165565,0.13245033112582782,0.1505027131627727,0.9271523178807947,0.1623001710715278,1.6556291390728477,0.5632386948691298,0.3338809625942581,0.1623279263398477
10322,Javier Guerra,36,2086,4,3.004997119307518,6,3.467247355729341,31,31,3,0,F M S,Valencia,4,3.004997119307518,11.069295661523938,6.21899560559541,La_Liga,attack,0.1725790987535954,0.2588686481303931,0.12964992365181047,1.3374880153403643,0.1495936059518891,1.3374880153403643,0.47758226727572123,0.26831716419155655,0.09693539094540381
11025,Pablo Torre,35,1614,4,2.8149523828178644,4,2.9544795835390687,25,34,4,0,M S,Mallorca,4,2.8149523828178644,8.271478340029716,4.640594145283103,La_Liga,midfield,0.22304832713754646,0.22304832713754646,0.15696760498984375,1.3940520446096656,0.16474793216760608,1.8959107806691449,0.46123485167451955,0.25876919025742207,0.11259809531271457
12190,Arda Güler,33,2076,4,4.8113659825176,9,8.848396001383662,49,70,1,0,F M S,Real Madrid,4,4.8113659825176,16.119426768273115,8.680156823247671,La_Liga,attack,0.17341040462427745,0.3901734104046242,0.2085852304559653,2.1242774566473988,0.3836009827189449,3.034682080924856,0.6988190795494125,0.3763073767303904,0.09819114250035918
12305,Isaac Romero,29,1506,4,5.542458679527044,0,1.0822319444268942,41,14,6,1,F M S,Sevilla,4,4.799181040376425,7.964388970285654,2.7966378815472126,La_Liga,attack,0.2390438247011952,0.0,0.28680364783126044,2.450199203187251,0.06467521580240404,0.8366533864541833,0.47595950021627415,0.16712975387732346,0.11705319610674207
13700,Alberto Reina,38,2616,4,3.899130245670676,1,4.210082144476473,25,35,4,1,F M S,Real Oviedo,4,3.899130245670676,8.353435187600553,3.1385123571380973,La_Liga,attack,0.13761467889908258,0.034403669724770644,0.13414438918591776,0.860091743119266,0.1448422756127227,1.2041284403669725,0.2873888252614869,0.1079763425620905,0.15596520982682704
14059,Alemão,26,1118,4,4.114549320191145,0,0.3112838324159384,25,7,3,0,F S,Rayo Vallecano,4,4.114549320191145,6.356759304180741,2.0705359429121017,La_Liga,attack,0.3220035778175313,0.0,0.33122490055206,2.012522361359571,0.02505862693867125,0.5635062611806798,0.5117248098177699,0.16667999540437312,0.1645819728076458
2399,Iñaki Williams,30,2188,3,8.660440864041448,6,4.209227036684752,57,25,2,0,F M S,Athletic Club,2,7.9171632546931505,12.954110903665423,3.731445241719484,La_Liga,attack,0.12340036563071298,0.24680073126142596,0.3256602801290601,2.3446069469835464,0.17314005178319364,1.0283363802559415,0.532847340644373,0.15348723571972284,0.13889760095952897
3425,Thomas Lemar,27,1252,3,1.774252887815237,1,1.3809418808668852,17,19,4,0,M S,Girona,3,1.774252887815237,6.247596652712673,3.81582584278658,La_Liga,midfield,0.21565495207667731,0.0718849840255591,0.1275421404979004,1.2220447284345048,0.09926898504634157,1.365814696485623,0.449108385578387,0.2743005797530289,0.10436781693030805
6168,Leandro Cabrera,37,3330,3,3.651096777059138,0,1.0857037864625454,40,11,4,0,D,Espanyol,3,3.651096777059138,7.0683932332322,6.544433953240514,La_Liga,,0.08108108108108109,0.0,0.09867829127186858,1.0810810810810811,0.02934334558006879,0.29729729729729726,0.19103765495222164,0.17687659333082467,0.09127741942647845
6592,Manuel Morlanes,32,1801,3,1.6544483443722129,0,1.4072198066860435,13,17,3,1,M S,Mallorca,3,1.6544483443722129,8.313975814729929,5.546532068401575,La_Liga,midfield,0.14991671293725709,0.0,0.08267648583758977,0.6496390893947807,0.07032192259952466,0.8495280399777901,0.4154679751947216,0.27717261863194986,0.127265257259401
7070,Santiago Comesaña,34,2428,3,4.922558205202222,6,3.088725697249174,27,27,5,1,M S,Villarreal,3,4.922558205202222,17.868470140732825,11.845108757726848,La_Liga,midfield,0.11120263591433277,0.22240527182866554,0.18246714928673805,1.0008237232289952,0.11449147971681452,1.0008237232289952,0.6623403264686797,0.4390691055170578,0.18231697056304524
7308,Ander Barrenetxea,30,1794,3,3.134013439528644,5,6.596155438572168,35,45,5,0,F M S,Real Sociedad,3,3.134013439528644,13.03077031299472,6.245771812275052,La_Liga,attack,0.1505016722408027,0.2508361204013378,0.15722475449140355,1.7558528428093645,0.3309108079551255,2.25752508361204,0.6537175742305044,0.31333303406062135,0.08954324112938983
7604,Alejandro Catena,35,3083,3,2.8552996991202235,2,1.1020762361586094,19,11,11,1,D,Osasuna,3,2.8552996991202235,5.703319581225514,4.280373828485608,La_Liga,,0.08757703535517353,0.058384690236782354,0.08335289423315605,0.5546545572494324,0.0321721898327197,0.32111579630230297,0.16649327353561347,0.1249541500368812,0.15027893153264335
7810,Ruben Vargas,24,1670,3,3.4263215493410826,6,3.1103639528155327,41,28,2,0,F M S,Sevilla,2,2.683043917641044,6.954289648681879,2.946367779746652,La_Liga,attack,0.16167664670658682,0.32335329341317365,0.1445951811902359,2.2095808383233533,0.16762440464275324,1.5089820359281436,0.37478207687507137,0.1587862875312567,0.06544009555222059
7870,Luis Rioja,37,2676,3,2.6316598393023014,6,4.349898550659418,44,38,1,0,D F M S,Valencia,3,2.6316598393023014,11.246069345623257,5.814940087497234,La_Liga,attack,0.10089686098654709,0.20179372197309417,0.08850873898998772,1.4798206278026906,0.1462970364571553,1.2780269058295963,0.37823103180347273,0.19556973388443613,0.05981045089323412
8066,Arnaut Danjuma Groeneveld,30,1612,3,5.226826310157776,2,4.247381461784244,36,17,0,0,F M S,Valencia,3,4.483548700809479,9.88978798687458,2.371374111622572,La_Liga,attack,0.1674937965260546,0.11166253101736973,0.2503221979360131,2.009925558312655,0.23713668210954214,0.9491315136476427,0.5521593789197966,0.13239681764642153,0.12454301946692997
8091,Ronald Araújo,24,1049,3,2.3027837397530675,0,0.5996876899152994,12,3,2,0,D S,Barcelona,3,2.3027837397530675,6.535599049180746,5.450850985944271,La_Liga,,0.25738798856053385,0.0,0.19756962495498193,1.0295519542421354,0.05145080275727068,0.25738798856053385,0.5607282311022566,0.4676611904051329,0.1918986449794223
9812,Isi Palazón,31,2294,3,4.703491798602045,3,4.25213922560215,52,39,10,1,F M S,Rayo Vallecano,1,3.2169365379959345,11.040195340290666,6.673252057284117,La_Liga,attack,0.11769834350479512,0.11769834350479512,0.12620936722739062,2.040104620749782,0.16682324773504512,1.5300784655623365,0.43313756784052304,0.2618102376441022,0.06186416419222951
10319,Adrián De la Fuente,33,2704,3,4.289415382780135,1,1.4081206684932113,39,18,5,0,D S,Levante,2,2.0595825174823403,6.009899263270199,5.362125953659415,La_Liga,,0.09985207100591716,0.03328402366863905,0.06855119325939743,1.2980769230769231,0.04686792165842789,0.599112426035503,0.20003362932482172,0.17847312715582375,0.05280980814057283
10952,Joel Roca,32,1463,3,4.518066472373903,1,1.951041013002396,48,16,4,1,F M S,Girona,3,4.518066472373903,8.29686073306948,1.9931063894182444,La_Liga,attack,0.18455228981544772,0.061517429938482575,0.2779398376716687,2.9528366370471635,0.12002302882448096,0.9842788790157212,0.5104015488559488,0.1226107826709788,0.09412638484112297
11264,Carlos Álvarez,30,1910,3,2.646204930730164,1,4.597994323819876,31,40,3,0,M S,Levante,3,2.646204930730164,10.988976924680172,6.164044106379151,La_Liga,midfield,0.14136125654450263,0.04712041884816755,0.12469028469409149,1.4607329842931938,0.21665941839988942,1.8848167539267018,0.5178051954037778,0.29045234009116416,0.08536144937839239
12862,Luka Sucic,22,1003,3,1.760162802413106,1,0.3618826083838939,23,9,1,0,F M S,Real Sociedad,3,1.760162802413106,3.46739802043885,1.5475199660286307,La_Liga,attack,0.2691924227318046,0.08973080757726819,0.15794082972799556,2.0638085742771684,0.03247201869845509,0.8075772681954139,0.3111324245657991,0.1388602162936957,0.07652881749622199
13358,Thiago Almada,27,1327,3,3.557283066213131,1,2.7944966796785597,21,28,2,1,F M S,Atletico Madrid,3,3.557283066213131,10.92075067013502,6.215710032731295,La_Liga,attack,0.20346646571213264,0.06782215523737754,0.24126260434000135,1.4242652599849284,0.18952878761949538,1.8990203466465712,0.7406688472585922,0.42156285075042693,0.1693944317244348
13789,Adrián Liso,28,1725,3,2.757198302075267,0,0.1507773920893669,26,4,3,1,F M S,Getafe,3,2.757198302075267,3.0900558568537235,0.3200403545051813,La_Liga,attack,0.1565217391304348,0.0,0.14385382445610087,1.3565217391304347,0.007866646543793057,0.20869565217391303,0.16122030557497688,0.016697757626357286,0.10604608854135641
14050,Kervin Arriaga,27,1511,3,1.0908419089391828,3,1.162239396944642,16,7,6,1,M S,Levante,3,1.0908419089391828,5.125545285642147,3.795021541416645,La_Liga,midfield,0.1786896095301125,0.1786896095301125,0.06497403825580837,0.9530112508272667,0.06922670134018384,0.4169424222369292,0.3052938952401014,0.22604363913136866,0.06817761930869892
14388,Luis Vázquez,17,1232,3,2.6704405779019,1,0.1650496739894151,25,4,2,0,F S,Getafe,3,2.6704405779019,4.0771912625059485,1.7306871116161346,La_Liga,attack,0.21915584415584416,0.07305194805194806,0.19508088637270374,1.8262987012987013,0.012057200210265713,0.29220779220779225,0.297846764306441,0.12643006497195788,0.106817623116076
492,Héctor Bellerín,27,1822,2,0.5421263910830021,3,3.8523782826960087,7,24,2,0,D S,Real Betis,2,0.5421263910830021,8.855655074119568,6.866296399384737,La_Liga,,0.09879253567508232,0.14818880351262348,0.02677902041573556,0.34577387486278816,0.1902931094635789,1.1855104281009878,0.4374363099180906,0.33916941599595296,0.07744662729757172
813,Salomón Rondón,16,1054,2,3.783308571204543,0,0.1934819892048835,24,5,2,0,F S,Real Oviedo,2,3.0400309544056654,3.1170474737882614,0.3357116375118494,La_Liga,attack,0.17077798861480076,0.0,0.2595851858600663,2.049335863377609,0.0165212324748003,0.4269449715370019,0.2661615489952026,0.028666079104427367,0.1266679564335694
2183,Rubén García,35,2297,2,2.5968636460602283,5,5.863754561170936,31,45,6,0,F M S,Osasuna,2,2.5968636460602283,7.120284520089626,3.818244206719101,La_Liga,attack,0.0783630822812364,0.195907705703091,0.10174911978468461,1.214627775359164,0.2297509405770066,1.7631693513278188,0.2789837208567986,0.14960469247049155,0.08376979503420091
2269,Koke,34,2237,2,0.96241644769907,2,3.4411915335804224,14,35,6,0,M S,Atletico Madrid,2,0.96241644769907,15.892835207283497,14.468499155715108,La_Liga,midfield,0.08046490835940992,0.08046490835940992,0.038720375633847254,0.5632543585158695,0.138447580698363,1.4081358962896737,0.6394077642626351,0.582103229331408,0.068744031978505
2379,João Cancelo,16,938,2,0.9704140685498714,2,3.250015649944544,13,15,1,0,D S,Barcelona,2,0.9704140685498714,7.625581830739975,5.459999196231365,La_Liga,,0.19189765458422176,0.19189765458422176,0.09311009186512627,1.2473347547974414,0.3118351902931865,1.439232409381663,0.7316656340795284,0.5238805198942674,0.07464723604229781
2456,Omar Mascarell,30,2251,2,0.3696496002376079,2,0.6136066876351833,7,8,5,0,D M S,Mallorca,2,0.3696496002376079,6.234465690329671,5.480494217947125,La_Liga,midfield,0.07996446023989337,0.07996446023989337,0.01477941538044634,0.2798756108396268,0.024533363788168148,0.3198578409595735,0.24926784190567322,0.21912238099299924,0.0528070857482297
2551,Pepelu,31,2253,2,3.292334547266364,0,1.2570957019925115,24,21,4,0,D M S,Valencia,1,1.0625016819685698,7.367125847376883,6.865758649073541,La_Liga,midfield,0.07989347536617843,0.0,0.04244347597743953,0.9587217043941412,0.050216872250033746,0.8388814913448736,0.2942926437034707,0.27426465974994174,0.044270903415357075
5073,Florian Lejeune,36,3233,2,2.6121565653011203,1,1.1719966726377606,50,16,7,0,D,Rayo Vallecano,2,2.6121565653011203,10.796885312534869,9.678738729096947,La_Liga,,0.05567584287039901,0.027837921435199506,0.07271700924129317,1.3918960717599753,0.032625951295205215,0.4454067429631921,0.30056284507520514,0.2694359683324235,0.05224313130602241
5091,Alex Berenguer,31,2191,2,5.271908729337156,3,5.47127471677959,44,49,4,0,F M S,Athletic Club,2,5.271908729337156,11.005357883870602,4.127182766795158,La_Liga,attack,0.08215426745778183,0.12323140118667276,0.21655489988148974,1.8073938840712005,0.22474428320865497,2.0127795527156547,0.45206855753005665,0.16953283843521874,0.11981610748493536
5681,Giovani Lo Celso,24,1396,2,2.9037401657551527,3,2.8784077670425177,30,32,4,0,F M S,Real Betis,2,2.9037401657551527,10.672939863055944,6.766227323561907,La_Liga,attack,0.12893982808022922,0.19340974212034384,0.18720387888106285,1.9340974212034383,0.18557070131362938,2.0630372492836675,0.6880835155265294,0.43621809392591093,0.09679133885850509
7829,Eder Militão,16,1147,2,1.8924340261146424,1,1.1158691756427288,21,8,2,0,D S,Real Madrid,2,1.8924340261146424,6.2966620568186045,5.192408312112093,La_Liga,,0.15693112467306017,0.07846556233653008,0.14849090004386906,1.6477768090671314,0.08755730236080697,0.6277244986922407,0.4940711291313639,0.4074252380907484,0.09011590600545916
7842,Aleix Febas,36,3178,2,2.1838237196207047,2,2.102244376204908,23,27,10,0,M,Elche,2,2.1838237196207047,16.84352259710431,14.49692191183567,La_Liga,midfield,0.056639395846444306,0.056639395846444306,0.06184522805722575,0.6513530522341096,0.05953492569491558,0.7646318439269982,0.47700347191296033,0.41054844935972634,0.09494885737481325
7888,Nemanja Gudelj,34,2349,2,1.475432573352009,0,0.832065112888813,31,8,9,0,D M S,Sevilla,2,1.475432573352009,5.2675101440399885,4.190701778978109,La_Liga,midfield,0.07662835249042146,0.0,0.056529983653333685,1.1877394636015326,0.03187988938271314,0.30651340996168586,0.20182031203218345,0.16056328655088542,0.04759459914038739
7916,Pol Lozano,33,2211,2,0.7202332802116871,1,1.3134498577564957,17,22,10,1,M S,Espanyol,2,0.7202332802116871,7.324701470322907,6.574305829592049,La_Liga,midfield,0.0814111261872456,0.0407055630936228,0.029317501229783733,0.6919945725915875,0.053464716055216924,0.8955223880597015,0.2981560978421807,0.2676108207432313,0.04236666354186395
8001,Takefusa Kubo,24,1531,2,2.659126302227378,4,4.556258842349052,28,32,2,0,F M S,Real Sociedad,2,2.659126302227378,7.780967563390732,3.3929872550070286,La_Liga,attack,0.11757021554539517,0.23514043109079033,0.1563170262576512,1.6459830176355323,0.2678401670877954,1.8811234487263226,0.4574050167897883,0.1994571214569775,0.09496879650812064
8122,Sergio Carreira,34,2695,2,1.9027378391474483,1,1.643869117833674,16,19,2,0,D S,Celta Vigo,2,1.9027378391474483,13.548812368884684,11.5469787735492,La_Liga,,0.06679035250463822,0.03339517625231911,0.06354226550028584,0.5343228200371057,0.05489729892579987,0.6345083487940631,0.4524649770685052,0.3856133913244631,0.11892111494671552
8417,Álex Baena,27,1615,2,1.78207378834486,3,6.565278625115752,29,46,5,0,F M S,Atletico Madrid,2,1.78207378834486,11.438657112419603,6.362705545499921,La_Liga,attack,0.11145510835913314,0.16718266253869968,0.09931061359197364,1.6160990712074301,0.3658669202850884,2.5634674922600618,0.6374483839738478,0.3545780180154755,0.061450820287753796
8500,Víctor García,21,1065,2,1.9078138787299397,1,1.7659303694963455,19,14,1,0,F M S,Levante,2,1.9078138787299397,3.2827370427548885,0.8745370730757713,La_Liga,attack,0.16901408450704225,0.08450704225352113,0.16122370806168504,1.6056338028169013,0.14923355235180386,1.1830985915492958,0.27741439797928635,0.0739045413866849,0.10041125677525999
8733,Alfonso Espino,30,1472,2,2.0612591905519366,0,3.0738462451845407,20,19,3,0,D M S,Rayo Vallecano,2,2.0612591905519366,7.71520034596324,4.115802895277739,La_Liga,midfield,0.12228260869565218,0.0,0.1260280755092896,1.2228260869565217,0.18793896879525043,1.1616847826086956,0.4717174124569915,0.25164555745584,0.10306295952759684
8935,Pedri,29,2117,2,2.386106515303254,9,5.947577686980367,21,63,0,1,M S,Barcelona,2,2.386106515303254,25.240147041156888,19.385015258565545,La_Liga,midfield,0.08502598016060463,0.3826169107227208,0.10144052261563195,0.8927727916863487,0.2528493112084237,2.6783183750590456,1.0730341207860745,0.824114961393906,0.11362411977634543
8948,Aitor Paredes,19,1625,2,1.4780013747513294,0,0.7596744522452354,13,4,4,0,D S,Athletic Club,2,1.4780013747513294,4.101825453341007,3.928419820964336,La_Liga,,0.11076923076923077,0.0,0.08185853767853517,0.72,0.04207427735512073,0.22153846153846155,0.22717802510811733,0.21757402085340938,0.11369241344240996
8963,Nahuel Molina,26,1292,2,0.4005685858428478,2,3.0108713675290346,14,20,4,0,D M S,Atletico Madrid,2,0.4005685858428478,8.971317809075117,6.135595750063658,La_Liga,midfield,0.1393188854489164,0.1393188854489164,0.027903384462737078,0.9752321981424149,0.20973562157709993,1.3931888544891642,0.62493699908418,0.42740218073198855,0.0286120418459177
9243,Ilaix Moriba,36,2484,2,1.7799642700701952,3,2.5140312388539314,18,17,8,0,M S,Celta Vigo,2,1.7799642700701952,11.089109930209816,7.12512020021677,La_Liga,midfield,0.07246376811594203,0.10869565217391304,0.06449145906051432,0.6521739130434783,0.09108808836427287,0.6159420289855072,0.40177934529745707,0.2581565289933612,0.09888690389278862
9280,Antonio Blanco,36,3137,2,1.2193963313475251,3,1.585560267791152,40,22,9,0,M,Alaves,2,1.2193963313475251,10.952894285321236,9.485621688887475,La_Liga,midfield,0.05737966209754542,0.08606949314631814,0.034984274727853766,1.1475932419509085,0.04548945620057497,0.6311762830729997,0.3142366865409344,0.27214088364675576,0.030484908283688127
9815,Pathé Ciss,29,1974,2,3.959737098775804,1,0.4796251012012362,20,12,9,2,D M S,Rayo Vallecano,2,3.959737098775804,10.748411556705832,8.874764986336231,La_Liga,midfield,0.09118541033434652,0.04559270516717326,0.18053512608400324,0.9118541033434651,0.021867405829843596,0.547112462006079,0.4900491591203267,0.4046245434499801,0.1979868549387902
10334,Kike Salas,26,2199,2,1.0958839217200875,0,0.3995983246713877,19,7,1,0,D S,Sevilla,2,1.0958839217200875,4.352849245071411,3.696122121065855,La_Liga,,0.08185538881309685,0.0,0.04485200225320958,0.7776261937244202,0.016354638117519277,0.286493860845839,0.17815208370005775,0.15127375666026693,0.0576781011431625
10364,Nahuel Tenaglia,36,3240,2,1.7934001060202718,0,0.4346905034035444,24,8,3,0,D,Alaves,2,1.7934001060202718,6.442133508622646,6.039068607613444,La_Liga,,0.05555555555555555,0.0,0.04981666961167421,0.6666666666666667,0.012074736205654014,0.2222222222222222,0.17894815301729572,0.1677519057670401,0.07472500441751133
10382,Eray Cömert,17,1341,2,1.5202789390459657,1,0.5236826231703162,11,6,3,1,D S,Valencia,2,1.5202789390459657,5.98669982329011,4.8674942292273045,La_Liga,,0.1342281879194631,0.06711409395973154,0.10203214356013192,0.7382550335570469,0.03514648477653129,0.40268456375838924,0.40179193444900063,0.32667746504881234,0.13820717627690596
10576,Álvaro Fernández,28,2334,2,0.7583160568028688,3,1.7765214759856462,9,29,5,1,D S,Real Madrid,2,0.7583160568028688,16.8298107534647,15.121318858116863,La_Liga,,0.07712082262210797,0.11568123393316194,0.029240979054095197,0.34704370179948585,0.06850339881692723,1.1182519280205656,0.6489644249407981,0.5830842747345834,0.0842573396447632
10944,Fran Pérez,29,1226,2,2.508813252672553,1,1.6743681291118264,17,13,4,0,F M S,Rayo Vallecano,2,2.508813252672553,6.37276441603899,2.6528973691165447,La_Liga,attack,0.1468189233278956,0.0734094616639478,0.18417063029406996,1.2479608482871125,0.1229144629853706,0.9543230016313214,0.4678212050925849,0.19474776771654898,0.14757725015720902
10949,Arnau Martinez,35,2715,2,2.124434665776789,3,2.70481881685555,19,23,6,0,D M S,Girona,2,2.124434665776789,10.917901353910564,8.976429961621761,La_Liga,midfield,0.06629834254143646,0.0994475138121547,0.07042324858928582,0.6298342541436465,0.08966250221620606,0.7624309392265194,0.36191938189758777,0.29756121419740644,0.11181235083035733
11154,Pablo Durán,30,1451,2,4.305393448099494,2,2.150256644003093,37,10,1,0,F M S,Celta Vigo,2,4.305393448099494,6.900707961991429,1.5438736779615283,La_Liga,attack,0.12405237767057202,0.12405237767057202,0.26704714702202237,2.2949689869055825,0.1333722246452642,0.6202618883528601,0.42802461514764206,0.0957606002870693,0.1163619850837701
11208,Mateo Joseph,29,1707,2,5.396834125742316,3,1.590326721780002,33,13,2,0,F M S,Mallorca,2,5.396834125742316,7.219164989888668,1.723413680680096,La_Liga,attack,0.1054481546572935,0.15817223198594024,0.28454309977551756,1.7398945518453426,0.0838485090569421,0.6854130052724077,0.3806238131751495,0.0908653961694251,0.16354042805279745
11349,Mario Martín,35,2158,2,2.951042834669352,1,0.916083893738687,26,8,11,0,F M S,Getafe,2,2.951042834669352,3.979537969455123,1.4174842182546854,La_Liga,attack,0.08341056533827618,0.04170528266913809,0.12307407558861987,1.0843373493975905,0.038205537737016605,0.3336422613531047,0.16596775590869373,0.059116580001353884,0.11350164748728277
11943,Dean Huijsen,28,2046,2,2.327382738701999,2,1.1454473715275526,20,10,7,1,D S,Real Madrid,2,2.327382738701999,10.47981822490692,10.072807345539331,La_Liga,,0.08797653958944282,0.08797653958944282,0.10237753982560115,0.8797653958944281,0.050386248014408476,0.4398826979472141,0.460989071476844,0.4430853671058357,0.11636913693509995
12263,Mikel Jauregizar,36,2872,2,1.4105862826108932,0,1.5787495290860534,39,28,5,1,M S,Athletic Club,2,1.4105862826108932,8.875733049586415,6.796195255592465,La_Liga,midfield,0.06267409470752089,0.0,0.04420360913474247,1.2221448467966574,0.04947334875269666,0.8774373259052926,0.27813926687422613,0.21297269254990317,0.036168879041304954
12286,Nobel Mendy,24,1834,2,2.1846237517893314,0,0.3597838692367077,11,3,7,2,D S,Rayo Vallecano,2,2.1846237517893314,3.957274748012424,3.546960476785898,La_Liga,,0.09814612868047982,0.0,0.10720618193077418,0.5398037077426391,0.01765569696363342,0.14721919302071973,0.19419559832122035,0.17406021968960242,0.19860215925357558
12353,Jon Martín,25,2250,2,2.422728887759149,0,0.1884760037064552,15,2,6,0,D,Real Sociedad,2,2.422728887759149,8.53424921259284,8.280994322150946,La_Liga,,0.08,0.0,0.09690915551036597,0.6000000000000001,0.007539040148258208,0.08,0.3413699685037136,0.33123977288603784,0.16151525918394327
12643,Javier Rueda,26,1403,2,1.6056091226637363,6,3.7907144660130143,11,15,6,0,D S,Celta Vigo,2,1.6056091226637363,9.066061735153198,6.396314866840839,La_Liga,,0.12829650748396293,0.38488952245188884,0.10299702141107361,0.7056307911617962,0.24316771342920263,0.962223806129722,0.5815720286270761,0.41031242909171456,0.1459644656967033
12742,Peque,26,952,2,0.7655831780284643,1,0.6110825892537832,15,15,7,0,F M S,Sevilla,2,0.7655831780284643,3.0857485216110945,2.012060156092048,La_Liga,attack,0.18907563025210083,0.09453781512605042,0.0723765609480691,1.4180672268907561,0.05777041284962236,1.4180672268907561,0.29171992326155305,0.1902157710591222,0.05103887853523095
13201,Raúl,23,1692,2,1.511999098584056,0,0.4637518934905529,14,5,4,0,D S,Real Madrid,2,1.511999098584056,7.886597044765949,7.307897858321667,La_Liga,,0.10638297872340426,0.0,0.08042548396723702,0.7446808510638298,0.024667653909071965,0.26595744680851063,0.4194998428066994,0.3887179711873227,0.10799993561314684
13615,Oso,21,1397,2,1.4908289685845375,3,2.1163112185895443,17,20,0,0,D F M S,Sevilla,2,1.4908289685845375,4.947251755744219,2.594837572425604,La_Liga,attack,0.12884753042233357,0.19327129563350037,0.09604481544209618,1.0952040085898354,0.13634073706017108,1.2884753042233357,0.3187205855525982,0.1671692065270611,0.08769582168144338
13829,Tyrhys Dolan,36,2481,2,2.763452537357807,5,4.420420179143548,34,32,5,1,M S,Espanyol,2,2.763452537357807,9.854958691634238,4.32685121987015,La_Liga,midfield,0.07255139056831923,0.18137847642079807,0.10024616217742952,1.2333736396614268,0.1603538154465616,1.1608222490931077,0.3574954785357039,0.15695953639190388,0.08127801580464139
13840,Martim Neto,25,1367,2,1.0407912489026785,5,2.8169090934097767,12,26,2,0,F M S,Elche,2,1.0407912489026785,6.866276768967509,4.922171989455819,La_Liga,attack,0.13167520117044623,0.32918800292611555,0.06852319853785008,0.7900512070226774,0.18545853577679586,1.711777615215801,0.4520591874228792,0.3240639934535653,0.08673260407522321
13991,Jan Virgili,31,1807,2,2.593278208747506,4,3.7704717284068474,32,31,0,1,F M S,Mallorca,2,2.593278208747506,7.063589424826205,2.66401737742126,La_Liga,attack,0.0996126175982291,0.1992252351964582,0.12916161526689293,1.5938018815716657,0.1877932792233626,1.5439955727725514,0.35181131612305394,0.13268487214605057,0.08103994402335957
13996,Tani Oluwaseyi,28,949,2,3.61861627176404,2,2.047514596953988,16,6,1,0,F S,Villarreal,2,3.61861627176404,5.991559530608356,0.396169975399971,La_Liga,attack,0.18967334035827185,0.18967334035827185,0.3431775178701408,1.5173867228661748,0.1941794665182918,0.5690200210748156,0.5682195550629632,0.037571441291883445,0.2261635169852525
257,Jeremy Toljan,37,3199,1,0.848660696297884,4,4.971433887258172,9,28,8,0,D,Levante,1,0.848660696297884,12.49036306887865,9.120427509769796,La_Liga,,0.028133791809940606,0.11253516723976242,0.023876043346923902,0.2532041262894655,0.13986528598100517,0.787746170678337,0.3514012742104028,0.2565922087775185,0.09429563292198712
1003,Pablo Maffeo,31,2690,1,0.2975822696462273,2,1.7551907701417804,7,20,10,0,D S,Mallorca,1,0.2975822696462273,8.127348667941988,6.862479947507381,La_Liga,,0.03345724907063197,0.06691449814126393,0.009956284114557791,0.23420074349442377,0.05872385476310789,0.6691449814126393,0.27191872866720407,0.22959970084597187,0.0425117528066039
1621,Marcos Alonso,32,2780,1,2.298372241668403,0,1.568596050143242,24,14,5,0,D S,Celta Vigo,0,1.555094632320106,14.406851345673203,13.42302238382399,La_Liga,,0.03237410071942446,0.0,0.05034479025496746,0.776978417266187,0.0507818865154287,0.4532374100719424,0.46640885651460007,0.4345582786130069,0.06479560968000442
1739,Eric Bailly,16,1327,1,0.3379696104675531,0,0.1631991881877184,7,3,3,0,D,Real Oviedo,1,0.3379696104675531,1.960602704435587,1.890581227838993,La_Liga,,0.06782215523737754,0.0,0.0229218273866464,0.4747550866616428,0.011068520675881429,0.20346646571213264,0.13297230097905263,0.12822329352336803,0.04828137292393615
1822,Antonio Rüdiger,18,1501,1,1.4131802674382925,0,0.3116191700100899,13,2,0,0,D S,Real Madrid,1,1.4131802674382925,4.972962256520987,4.591328982263804,La_Liga,,0.05996002664890073,0.0,0.08473432649530067,0.7794803464357096,0.01868469373811332,0.11992005329780146,0.2981789494249759,0.275296208130408,0.10870617441833019
2163,Diego Llorente,18,1221,1,1.1309194639325142,0,0.0534076169133186,4,1,5,0,D S,Real Betis,1,1.1309194639325142,3.991023997310549,3.7352525391615927,La_Liga,,0.07371007371007371,0.0,0.08336015704662267,0.29484029484029484,0.003936679379360094,0.07371007371007371,0.2941786730204336,0.27532573998734095,0.28272986598312855
2308,Denis Suárez,30,1407,1,1.503220658749342,2,1.729144150391221,9,24,6,0,M S,Alaves,1,1.503220658749342,7.904554916545749,5.969972092658281,La_Liga,midfield,0.06396588486140725,0.1279317697228145,0.09615483957884917,0.5756929637526652,0.11060623563270071,1.535181236673774,0.505621849672436,0.3818745475047941,0.16702451763881576
2353,Pedro Bigas,28,2078,1,0.8961452543735504,3,1.9694299679249525,10,15,3,1,D S,Elche,1,0.8961452543735504,9.460428934544325,8.860037345439196,La_Liga,,0.04331087584215592,0.12993262752646775,0.03881283584871008,0.43310875842155916,0.08529773682061874,0.6496631376323387,0.4097394629975886,0.3837359774251817,0.08961452543735504
2378,Daniel Parejo,33,1474,1,0.8934992030262947,0,1.7723483508452773,3,25,3,0,M S,Villarreal,0,0.1502215936779976,7.067310675978661,6.175191489979625,La_Liga,midfield,0.061058344640434185,0.0,0.009172281839226446,0.18317503392130258,0.10821665642881613,1.5264586160108546,0.431518290934925,0.3770469702158523,0.05007386455933253
2453,Marc Bartra,25,1973,1,0.7785803359001875,0,0.1219159569591283,16,5,3,0,D S,Real Betis,1,0.7785803359001875,6.516638816334307,6.29856242146343,La_Liga,,0.0456158134820071,0.0,0.03551557538318139,0.7298530157121136,0.005561295553128001,0.22807906741003547,0.29726178077551324,0.2873140486222548,0.04866127099376172
2505,José Gayá,32,2491,1,0.7618178110569715,2,2.337341061793268,13,25,6,1,D S,Valencia,1,0.7618178110569715,7.108978026546538,4.710423985496163,La_Liga,,0.03613006824568447,0.07226013649136893,0.027524529504266336,0.46969088719389807,0.08444829207603137,0.9032517061421116,0.2568478612561977,0.1701879400620854,0.058601370081305504
2521,Alfonso,27,1700,1,1.2216445626690984,3,4.221796698868275,11,21,8,0,D M S,Villarreal,1,1.2216445626690984,7.652054479345679,4.4062813855707645,La_Liga,midfield,0.05294117647058823,0.15882352941176472,0.06467530037659933,0.5823529411764706,0.2235068840577322,1.1117647058823528,0.4051087665535948,0.23327372041256988,0.11105859660628167
2621,Sergi Darder,38,2715,1,2.2581017958000302,5,5.54317428637296,36,57,3,0,M S,Mallorca,1,2.2581017958000302,10.62109318934381,7.191008800640702,La_Liga,midfield,0.03314917127071823,0.16574585635359115,0.07485420317569161,1.1933701657458564,0.18375163380241857,1.8895027624309393,0.3520804372158169,0.23837598234168073,0.06272504988333417
3059,Axel Witsel,32,2546,1,2.5918547697365284,2,2.218277433887124,20,17,0,1,M S,Girona,1,2.5918547697365284,10.09136007912457,9.34759215824306,La_Liga,midfield,0.03534956794972506,0.07069913589945012,0.0916209462986204,0.7069913589945012,0.07841514888053464,0.6009426551453261,0.3567252188221568,0.33043334416413017,0.12959273848682643
4160,David Costas,25,2073,1,1.367807979695499,0,0.1881906613707542,5,5,3,0,D S,Real Oviedo,1,1.367807979695499,3.668113366700709,3.6066044019535184,La_Liga,,0.043415340086830685,0.0,0.05938384861196088,0.2170767004341534,0.008170361564576883,0.2170767004341534,0.15925238929236074,0.15658195666947258,0.2735615959390998
5043,Kiko Femenía,28,2070,1,0.9618913042359054,1,1.918883431702852,8,17,6,0,D M S,Getafe,1,0.9618913042359054,3.811133926734328,1.2898593991994858,La_Liga,midfield,0.043478260869565216,0.043478260869565216,0.04182136105373502,0.34782608695652173,0.08342971442186313,0.7391304347826088,0.16570147507540556,0.0560808434434559,0.12023641302948818
5081,Edu Expósito,36,2593,1,2.578492414671928,6,8.028833229094744,44,82,9,0,F M S,Espanyol,1,2.578492414671928,10.837253779172896,6.840502029284835,La_Liga,attack,0.034708831469340534,0.2082529888160432,0.08949645866582089,1.5271885846509836,0.2786714194440906,2.8461241804859236,0.37614841501178586,0.23742583210012924,0.058602100333452915
5086,Marc Roca,29,2020,1,0.9589633732102812,2,2.0623733028769493,16,19,1,0,M S,Real Betis,1,0.9589633732102812,8.206119364127517,7.05390945635736,La_Liga,midfield,0.04455445544554455,0.0891089108910891,0.04272609088560659,0.7128712871287128,0.0918879194351116,0.8465346534653465,0.36561917958983986,0.3142830945901794,0.05993521082564258
5615,Valentin Rosier,31,2563,1,0.9383662464097142,1,1.9486182387918236,19,16,4,1,D S,Osasuna,1,0.9383662464097142,6.748972576111555,4.230974381789565,La_Liga,,0.035115099492781895,0.035115099492781895,0.032950824103345405,0.667186890362856,0.06842592332862432,0.5618415918845103,0.2369908434842138,0.14857108636795197,0.049387697179458644
6421,Brahim Diaz,30,1243,1,1.7095827870070934,6,3.635775487869978,15,30,2,0,F M S,Real Madrid,1,1.7095827870070934,7.436839532107115,2.803654298186302,La_Liga,attack,0.07240547063555913,0.43443282381335474,0.12378314628369944,1.0860820595333869,0.26325003532445534,2.1721641190667738,0.538467866363347,0.20299990895958742,0.1139721858004729
6433,Jules Koundé,30,2247,1,2.200108475983143,3,4.6446145586669445,14,23,6,0,D S,Barcelona,1,2.200108475983143,21.09683826193213,18.555321093648672,La_Liga,,0.04005340453938585,0.12016021361815754,0.08812183481908448,0.5607476635514018,0.1860326258478082,0.9212283044058746,0.8450001974071615,0.7432037821221097,0.15715060542736733
6560,Aurelien Tchouameni,33,2656,1,3.0622244104743004,0,2.313327204436064,45,24,8,0,M S,Real Madrid,1,3.0622244104743004,13.883047316223385,11.357132777571678,La_Liga,midfield,0.033885542168674704,0.0,0.10376513439107193,1.5248493975903614,0.0783883465358606,0.8132530120481928,0.47043458526359366,0.3848426016496427,0.06804943134387334
6651,Grady Diangana,20,937,1,1.3557052668184042,0,1.090244321152568,16,10,3,0,F M S,Elche,1,1.3557052668184042,4.737419964745641,2.660494836047292,La_Liga,attack,0.096051227321238,0.0,0.13021715476377416,1.536819637139808,0.10471930512671411,0.96051227321238,0.45503500194995483,0.2555437942841583,0.08473157917615026
6766,Dani Vivian,31,2561,1,1.454393805935979,0,1.5971452463418243,17,6,8,1,D S,Athletic Club,1,1.454393805935979,7.594794306904077,6.529198620468378,La_Liga,,0.035142522452167126,0.0,0.051111066979397934,0.5974228816868411,0.056127712678939554,0.2108551347130027,0.26690022944996755,0.22945250911446857,0.08555257681976347
6931,Fran Beltrán,27,1544,1,0.6319965291768312,0,0.9035117849707603,16,13,3,0,M S,"Celta Vigo,Girona",1,0.6319965291768312,7.461615744046867,6.426595215685666,La_Liga,midfield,0.05829015544041451,0.0,0.03683917592351996,0.9326424870466321,0.05266584238819198,0.7577720207253886,0.434938741557136,0.3746072340749417,0.03949978307355195
7007,Duje Caleta-Car,27,2140,1,1.877065658569336,0,0.1966800149530172,13,3,6,1,D S,Real Sociedad,1,1.877065658569336,6.151753548532724,5.95507350936532,La_Liga,,0.042056074766355145,0.0,0.07894201367814964,0.5467289719626168,0.008271589413911939,0.1261682242990654,0.25871860718128276,0.25044701674900877,0.14438966604379508
7174,Adrià Pedrosa,27,1053,1,0.9618624746799468,1,1.571348423603922,12,23,4,0,D M S,"Elche,Sevilla",1,0.9618624746799468,4.787631997838616,2.7506841495633125,La_Liga,midfield,0.08547008547008547,0.08547008547008547,0.08221046792136297,1.0256410256410258,0.13430328406871128,1.965811965811966,0.4091993160545826,0.23510120936438567,0.0801552062233289
7236,Leander Dendoncker,19,1338,1,0.538357574492693,0,0.4306179387494921,9,7,2,0,M S,Real Oviedo,1,0.538357574492693,2.1508139576762915,1.4654122050851583,La_Liga,midfield,0.06726457399103139,0.0,0.03621239290309594,0.6053811659192826,0.028965332202880636,0.47085201793721976,0.14467358459705998,0.0985703276963111,0.059817508276965886
7276,Robin Le Normand,28,1776,1,1.2779291793704033,1,0.3418054245412349,6,2,5,0,D S,Atletico Madrid,1,1.2779291793704033,10.35181195102632,9.952938174828889,La_Liga,,0.05067567567567568,0.05067567567567568,0.06475992463025693,0.30405405405405406,0.017321220838238255,0.10135135135135136,0.5245850650857933,0.5043718669676802,0.21298819656173387
7359,Eduardo Camavinga,29,1507,1,1.1423941813409328,0,1.8246677611023188,13,15,2,0,D M S,Real Madrid,1,1.1423941813409328,7.222875934094191,5.800564680248499,La_Liga,midfield,0.059721300597213006,0.0,0.06822526630436891,0.7763769077637691,0.10897153185083523,0.8958195089581952,0.4313595448364148,0.34641726690269736,0.08787647548776406
7605,Manuel Sánchez,33,2844,1,1.2062672171741724,2,1.9893938563764093,13,17,8,0,D S,Levante,1,1.2062672171741724,9.18354762159288,7.061968881636858,La_Liga,,0.03164556962025317,0.06329113924050633,0.03817301320171432,0.4113924050632911,0.06295550178406359,0.5379746835443038,0.29061859562002784,0.22348002789990057,0.0927897859364748
7781,Frenkie de Jong,25,1597,1,1.0822599418461325,5,5.096247639507055,7,35,3,1,M S,Barcelona,1,1.0822599418461325,20.46468347683549,16.202723745256662,La_Liga,midfield,0.056355666875391355,0.28177833437695676,0.06099148075526106,0.3944896681277395,0.28720243428655917,1.9724483406386977,1.1533008847308668,0.9131153018616779,0.15460856312087606
7860,Domingos Duarte,34,2953,1,0.8303996156901121,1,0.9081846736371516,13,2,12,0,D,Getafe,1,0.8303996156901121,1.415994401089847,1.2935767909511924,La_Liga,,0.03047748052827633,0.03047748052827633,0.02530848811788354,0.3962072468675923,0.02767918070685528,0.06095496105655266,0.043155941787364115,0.039424961458045145,0.06387689351462401
8045,Eric Garcia,34,2761,1,3.3442033734172583,1,1.9652331974357369,25,30,5,0,D M S,Barcelona,1,3.3442033734172583,24.66808094829321,23.55161388590932,La_Liga,midfield,0.03259688518652662,0.03259688518652662,0.10901061340367739,0.8149221296631656,0.06406048090156331,0.9779065555957986,0.8041026024434584,0.7677092537963921,0.13376813493669032
8165,Lucien Agoume,34,2728,1,0.8295221757143736,3,3.1899660043418407,15,27,11,0,F M S,Sevilla,1,0.8295221757143736,9.656975163146852,6.904327908530831,La_Liga,attack,0.032991202346041054,0.09897360703812318,0.027366933949521124,0.49486803519061584,0.10524081392623374,0.8907624633431085,0.31859522165807064,0.2277820790937591,0.05530147838095824
8183,Pablo Martínez,27,1878,1,1.9152403939515352,5,5.476440030150116,28,36,3,0,M S,Levante,1,1.9152403939515352,8.163186241872609,4.934909150004387,La_Liga,midfield,0.047923322683706075,0.23961661341853036,0.09178468341620775,1.34185303514377,0.262449202722849,1.7252396166134185,0.3912070083964509,0.2364972436104339,0.06840144264112626
8283,Batista Mendy,27,1632,1,0.8640541210770607,0,0.4901229040697217,17,9,6,0,M S,Sevilla,1,0.8640541210770607,4.13434686139226,3.504842003807425,La_Liga,midfield,0.05514705882352941,0.0,0.047650043441749675,0.9375,0.027028836621492004,0.4963235294117647,0.22799706956207313,0.19328172815114478,0.05082671300453298
8725,Luis Milla,37,3288,1,1.4706194661557674,10,6.843989523127675,27,78,4,1,M,Getafe,1,1.4706194661557674,7.731246910057962,4.78044979646802,La_Liga,midfield,0.02737226277372263,0.2737226277372263,0.04025418246776736,0.739051094890511,0.18733547964765535,2.1350364963503647,0.21162172199063767,0.1308517280055115,0.054467387635398795
8895,Tete Morente,13,940,1,0.7541587688028812,1,1.312638394534588,8,12,1,0,D M S,Elche,1,0.7541587688028812,2.677897453308105,1.4394641816616058,La_Liga,midfield,0.09574468085106383,0.09574468085106383,0.0722066906300631,0.7659574468085106,0.12567814415756692,1.1489361702127658,0.2563944370188611,0.13782103866972822,0.09426984610036016
8972,Victor Chust,31,2146,1,0.432083249092102,0,0.1454278174787759,8,5,6,1,D S,Elche,1,0.432083249092102,5.763874681666493,5.705676449462771,La_Liga,,0.04193849021435228,0.0,0.01812091911383466,0.33550792171481825,0.006099023100228253,0.2096924510717614,0.24172820193382313,0.2392874559420547,0.05401040613651275
9011,Óscar Mingueza,34,1949,1,0.4965645000338554,4,4.096559967845678,14,31,4,0,D M S,Celta Vigo,1,0.4965645000338554,13.00799715705216,10.55303399823606,La_Liga,midfield,0.04617752693689071,0.18471010774756283,0.022930120576217027,0.64648537711647,0.18916900826378197,1.4315033350436122,0.6006771391147739,0.48731301171946917,0.0354688928595611
9218,Juan Iglesias,37,3189,1,1.226545930840075,2,2.002802025526762,26,17,4,0,D M S,Getafe,1,1.226545930840075,7.210621759295464,5.044199001044035,La_Liga,midfield,0.02822201317027281,0.05644402634054562,0.034615595414113125,0.7337723424270931,0.05652310514186534,0.4797742238946378,0.2034982622566923,0.1423574506409417,0.04717484349384904
9466,Jon Ander Olasagasti,33,1712,1,2.1322602536529303,5,4.480237754993141,28,36,2,1,F M S,Levante,1,2.1322602536529303,7.844179574400186,4.710497124120593,La_Liga,attack,0.052570093457943924,0.2628504672897196,0.11209312081119377,1.4719626168224298,0.2355265174937983,1.8925233644859811,0.41236925332711255,0.24763127404839563,0.07615215191617608
9755,Inigo Ruiz de Galarreta,34,2289,1,0.6572877513244748,2,3.3264776347205043,20,30,11,0,M S,Athletic Club,1,0.6572877513244748,10.062924578785896,8.463831257075071,La_Liga,midfield,0.039318479685452164,0.07863695937090433,0.025843555097947894,0.7863695937090432,0.1307920433048691,1.1795543905635648,0.39565889562723056,0.33278497734240126,0.03286438756622374
9809,José Ángel Carmona,35,2561,1,0.9539876133203506,3,2.3566217375919223,20,22,13,0,D M S,Sevilla,1,0.9539876133203506,9.38717579189688,7.580831928178668,La_Liga,midfield,0.035142522452167126,0.10542756735650136,0.03352553112019975,0.7028504490433424,0.08281763232458922,0.7731354939476767,0.32988903602917574,0.2664095562421242,0.04769938066601753
9810,Fran García,13,930,1,0.946589097380638,1,0.3020932860672474,6,5,0,1,D M S,Real Madrid,1,0.946589097380638,4.634012538939714,3.96155970916152,La_Liga,midfield,0.0967741935483871,0.0967741935483871,0.09160539652070691,0.5806451612903226,0.02923483413554007,0.4838709677419355,0.44845282634900463,0.38337674604788907,0.15776484956343967
9811,Óscar Valentín,33,2143,1,1.4860157845541837,0,0.9415555438026786,13,10,3,1,M S,Rayo Vallecano,1,1.4860157845541837,10.363398014567792,8.101587588898838,La_Liga,midfield,0.041997200186654225,0.0,0.06240850238445009,0.5459636024265049,0.03954269665993517,0.4199720018665422,0.43523370103177855,0.3402439958006978,0.11430890650416797
10143,Bryan Zaragoza,19,1138,1,1.910445837303996,1,2.2636110819876194,26,18,1,0,F M S,Celta Vigo,0,1.1671682186424732,6.203656457364559,4.05707526486367,La_Liga,attack,0.07908611599297012,0.07908611599297012,0.09230680112286696,2.0562390158172232,0.17902020859304546,1.4235500878734622,0.4906230941676717,0.3208583249892182,0.04489108533240282
10189,Marc Pubill,19,1377,1,1.324379259720445,1,0.6268223077058792,11,3,2,0,D S,Atletico Madrid,1,1.324379259720445,6.8829026222229,5.75148531794548,La_Liga,,0.06535947712418301,0.06535947712418301,0.08656073592944084,0.7189542483660131,0.040968778281430016,0.19607843137254904,0.44986291648515686,0.375914073068332,0.12039811452004044
10200,Rafa Marín,23,1975,1,0.2321406872943043,0,0.9869795441627502,5,7,1,0,D S,Villarreal,1,0.2321406872943043,8.320692155510187,7.3985674269497395,La_Liga,,0.04556962025316456,0.0,0.01057856296531007,0.22784810126582278,0.04497628302513798,0.3189873417721519,0.3791707817700845,0.3371499080635324,0.04642813745886086
10494,Pablo Barrios Rivas,23,1672,1,1.4689873531460762,1,1.6999459583312273,23,20,0,0,M S,Atletico Madrid,1,1.4689873531460762,10.741906240582466,8.18633103556931,La_Liga,midfield,0.053827751196172245,0.053827751196172245,0.07907228575547061,1.2380382775119618,0.0915042680919919,1.076555023923445,0.578212656490683,0.4406517901921279,0.06386901535417723
10857,Pablo Ibáñez,37,2278,1,3.925581350922585,1,1.288511484861374,47,19,7,0,M S,Alaves,1,3.925581350922585,7.198592909611762,4.9182582553476095,La_Liga,midfield,0.03950834064969271,0.03950834064969271,0.1550932052603304,1.8568920105355575,0.05090695067494454,0.7506584723441616,0.2844044608714041,0.1943122225554367,0.08352300746643798
10947,Ramón Terrats,29,1020,1,1.189048240892589,2,2.365290615707636,15,16,0,0,F M S,Espanyol,1,1.189048240892589,4.1886972123757005,1.2467945348471403,La_Liga,attack,0.08823529411764705,0.1764705882352941,0.10491602125522846,1.3235294117647058,0.20870211315067375,1.4117647058823528,0.36959093050373826,0.11001128248651237,0.07926988272617261
10999,Marcão,13,935,1,0.9158304017037152,0,0.0,10,0,3,1,D S,Sevilla,1,0.9158304017037152,2.0380470361560583,2.0380470361560583,La_Liga,,0.0962566844919786,0.0,0.08815479802495654,0.9625668449197861,0.0,0.0,0.19617565053908584,0.19617565053908584,0.09158304017037153
11087,Pep Chavarría,33,2672,1,0.6448125010356307,2,3.702762270346284,18,27,4,1,D S,Rayo Vallecano,1,0.6448125010356307,11.969282133504748,8.858007108792663,La_Liga,,0.033682634730538924,0.06736526946107785,0.0217189839420684,0.6062874251497006,0.12471878904609489,0.9094311377245509,0.40315695808960605,0.2983610178859804,0.03582291672420171
11216,Rodrigo Mendoza,24,1243,1,1.1190941371023655,1,1.3093878580257297,17,15,6,0,F M S,"Atletico Madrid,Elche",1,1.1190941371023655,4.651535008102655,2.700410184450448,La_Liga,attack,0.07240547063555913,0.07240547063555913,0.08102853768239171,1.2308930008045054,0.09480684410483962,1.0860820595333869,0.3367965814394521,0.19552447031419173,0.06582906688837444
11531,Unai Gómez,26,930,1,2.0704635065048933,1,0.6146819815039635,23,8,1,1,F M S,Athletic Club,1,2.0704635065048933,3.052200043573976,0.7931436467915773,La_Liga,attack,0.0967741935483871,0.0967741935483871,0.2003674361133768,2.225806451612903,0.05948535304877066,0.7741935483870968,0.29537419776522345,0.07675583678628167,0.09002015245673449
11744,Sergi Cardona,32,2028,1,1.0293074119836092,4,3.018667984753847,18,20,4,0,D S,Villarreal,1,1.0293074119836092,10.10306180268526,8.429138597100973,La_Liga,,0.044378698224852076,0.1775147928994083,0.04567932301702408,0.7988165680473372,0.13396455553641332,0.8875739644970414,0.4483607308883992,0.3740741980961971,0.05718374511020051
11825,Abderrahmane Rebbach,30,1479,1,2.956959212198853,4,4.949423234909773,34,30,8,0,D F M S,Alaves,1,2.956959212198853,6.177632927894592,2.1951087564229965,La_Liga,attack,0.060851926977687626,0.2434077079107505,0.17993666605672534,2.0689655172413794,0.3011819412724,1.8255578093306288,0.37592086782320033,0.13357659775393488,0.08696938859408392
11900,Lucas Beltrán,27,1377,1,4.7564667742699385,2,1.9911325313150885,34,14,1,0,F S,Valencia,1,4.7564667742699385,9.75975489616394,3.336976980790496,La_Liga,attack,0.06535947712418301,0.13071895424836602,0.3108801813248326,2.2222222222222223,0.13013938113170512,0.9150326797385621,0.6378924768734602,0.2181030706399017,0.13989608159617467
11953,Sergi Altimira,24,1176,1,0.5072789322584867,2,0.5556181967258453,7,11,3,0,M S,Real Betis,1,0.5072789322584867,4.316389311105013,3.7588356025516982,La_Liga,midfield,0.07653061224489796,0.15306122448979592,0.03882236726468011,0.5357142857142857,0.042521800769835104,0.8418367346938775,0.3303359166662,0.2876659899912014,0.07246841889406953
12005,Pau Cubarsí,31,2733,1,0.5516378730535507,0,0.4353954568505287,10,5,3,0,D,Barcelona,1,0.5516378730535507,18.94529329240322,18.898506328463554,La_Liga,,0.03293084522502744,0.0,0.018165901417789815,0.32930845225027444,0.014337940401224875,0.16465422612513722,0.6238845211548811,0.622343786886835,0.05516378730535507
12078,Alan Matturro,19,918,1,0.9369660560041666,1,1.1987895714119077,8,4,0,1,D S,Levante,1,0.9369660560041666,3.3469478487968445,1.891314934939146,La_Liga,,0.09803921568627452,0.09803921568627452,0.09185941725531045,0.7843137254901962,0.1175283893541086,0.3921568627450981,0.3281321420389063,0.18542303283717118,0.11712075700052083
12182,Jon Aramburu,35,2789,1,2.057084806263447,0,0.4437111411243677,21,11,11,0,D S,Real Sociedad,1,2.057084806263447,6.378528879955411,5.833133289590478,La_Liga,,0.0322696306920043,0.0,0.06638136700025465,0.6776622445320903,0.014318394658011149,0.3549659376120473,0.20583277131444497,0.1882330570323209,0.09795641934587843
12189,Hugo Rincón,33,1713,1,0.6909217592328787,1,1.3317618854343891,7,10,4,0,D S,Girona,1,0.6909217592328787,5.528506241738796,4.207219677045941,La_Liga,,0.05253940455341506,0.05253940455341506,0.036300617823093455,0.36777583187390545,0.06996997646765617,0.5253940455341506,0.2904644260107949,0.221044816657405,0.09870310846183981
12790,Abel Bretones,28,1600,1,0.5832634549587965,2,1.463532455265522,11,13,5,1,D M S,Osasuna,1,0.5832634549587965,3.3724373634904623,2.147059232927859,La_Liga,midfield,0.05625,0.1125,0.0328085693414323,0.61875,0.08232370060868562,0.7312500000000001,0.1896996016963385,0.12077208185219206,0.05302395045079968
12893,Enzo Boyomo,30,2544,1,1.1597838830202818,2,1.4222577046602964,11,9,7,0,D S,Osasuna,1,1.1597838830202818,5.139672014862299,3.720889106392861,La_Liga,,0.03537735849056604,0.07075471698113207,0.041030090201189216,0.3891509433962264,0.0503157206837369,0.31839622641509435,0.1818280193937134,0.13163522782050216,0.10543489845638926
13003,Santiago Mouriño,29,2485,1,1.2299248855561018,2,0.8433887027204037,16,9,9,1,D S,Villarreal,1,1.2299248855561018,10.451558804139497,10.024434583261607,La_Liga,,0.03621730382293763,0.07243460764587525,0.04454456325957713,0.579476861167002,0.030545264887258082,0.32595573440643866,0.3785272806328188,0.3630579929551488,0.07687030534725636
13200,Fernando López,17,1179,1,1.83419968560338,1,1.3501867074519396,13,11,3,0,F M S,Celta Vigo,1,1.83419968560338,6.000391744077206,3.702056234702468,La_Liga,attack,0.07633587786259542,0.07633587786259542,0.14001524317583053,0.9923664122137404,0.10306768759175111,0.8396946564885497,0.4580451713036035,0.2825997125727075,0.1410922835079523
13380,Vitor Reis,36,3137,1,1.9711542688310144,1,0.8653075750917196,19,8,9,1,D S,Girona,1,1.9711542688310144,9.510100200772284,8.20014369674027,La_Liga,,0.02868983104877271,0.02868983104877271,0.05655208294382891,0.5451067899266815,0.024825528134604643,0.22951864839018168,0.27284316801705627,0.23526073723513685,0.10374496151742181
13600,Andrés Castrín,19,1251,1,0.5596901206299663,0,0.1021546982228756,11,2,4,0,D S,Sevilla,1,0.5596901206299663,2.3782171308994293,2.264212667942047,La_Liga,,0.07194244604316546,0.0,0.04026547630431412,0.7913669064748201,0.007349258864955078,0.14388489208633093,0.171094757618664,0.16289299769367244,0.05088092005726966
13620,Miguel Román,19,1297,1,1.1040805764496326,0,2.089981175027788,9,17,3,0,M S,Celta Vigo,1,1.1040805764496326,8.5124043636024,6.327844304963946,La_Liga,midfield,0.06939090208172706,0.0,0.07661314717075322,0.6245181187355435,0.14502567906900612,1.17964533538936,0.5906834176748004,0.43909482455416743,0.12267561960551474
13627,Alejandro Rego,29,1231,1,0.5311379982158542,1,0.799548452720046,11,11,6,0,M S,Athletic Club,1,0.5311379982158542,3.1697750445455317,2.2423849515616894,La_Liga,midfield,0.07311129163281885,0.07311129163281885,0.03883218508483093,0.8042242079610074,0.058456020101384364,0.8042242079610074,0.2317463476921997,0.16394366014667103,0.04828527256507765
13765,Unai Elgezabal,12,963,1,0.6192532349377871,0,0.1339095868170261,3,2,2,0,D M S,Levante,1,0.6192532349377871,1.465649597346783,1.465649597346783,La_Liga,midfield,0.09345794392523364,0.0,0.05787413410633524,0.2803738317757009,0.012514914655796832,0.18691588785046728,0.13697659788287692,0.13697659788287692,0.20641774497926235
13767,Roger Brugué,19,1008,1,4.378684105351567,1,0.8359398394823074,28,8,1,1,F M S,Levante,1,4.378684105351567,6.560833714902401,3.038923174142837,La_Liga,attack,0.08928571428571427,0.08928571428571427,0.39095393797781847,2.5,0.07463748566806316,0.7142857142857142,0.5857887245448572,0.27133242626275333,0.15638157519112741
13837,David Affengruber,36,2958,1,1.327795687597245,1,1.4741862853989005,14,9,7,1,D S,Elche,1,1.327795687597245,9.452831268310549,8.721062500029802,La_Liga,,0.030425963488843813,0.030425963488843813,0.04039946311147804,0.4259634888438134,0.04485353809530123,0.2738336713995943,0.28761149903581795,0.2653467292098317,0.09484254911408893
13839,Marc Aguado,35,2539,1,0.2163164913654327,2,0.5746705206111073,3,11,3,0,M S,Elche,1,0.2163164913654327,5.5891433618962765,5.029345314949751,La_Liga,midfield,0.035447026388341865,0.07089405277668373,0.007667776377664019,0.1063410791650256,0.02037036110870408,0.38991729027176053,0.1981185122373631,0.17827533609510735,0.0721054971218109
13845,Valentín Gómez,28,1852,1,0.953595282509923,0,2.110032780095935,11,10,5,0,D S,Real Betis,1,0.953595282509923,5.001710316166282,3.893445262685418,La_Liga,,0.04859611231101512,0.0,0.04634102344810641,0.5345572354211663,0.10253938996146551,0.48596112311015116,0.24306367627157954,0.18920630326225032,0.08669048022817481
13847,Franco Mastantuono,23,1026,1,2.6822766698896885,0,2.86138834618032,30,16,5,1,D F M S,Real Madrid,1,2.6822766698896885,7.648913703858852,4.390332970768213,La_Liga,attack,0.08771929824561403,0.0,0.235287427183306,2.631578947368421,0.25099897773511576,1.4035087719298245,0.670957342443759,0.3851169272603696,0.08940922232965628
13936,Jon Gorrotxategi,30,2235,1,0.9011643519625068,3,0.9900850029662251,13,18,7,0,M S,Real Sociedad,1,0.9011643519625068,9.608818357810378,8.54557849932462,La_Liga,midfield,0.04026845637583893,0.12080536912751677,0.03628849739446336,0.5234899328859061,0.03986919475031779,0.7248322147651007,0.38693228286484743,0.34411725500636053,0.06932033476634668
13983,David Carmo,22,1785,1,0.9620246645063162,0,0.5050461739301682,9,7,6,1,D S,Real Oviedo,1,0.9620246645063162,3.8941762782633305,2.9872417859733105,La_Liga,,0.050420168067226885,0.0,0.04850544526922603,0.45378151260504207,0.025464512971268984,0.3529411764705882,0.19634502243344523,0.15061723290621734,0.10689162938959068
14387,Zaid Romero,15,1350,1,1.0052571017295122,0,0.0902770534157753,10,2,3,1,D,Getafe,1,1.0052571017295122,2.842687303200364,2.554918821901083,La_Liga,,0.06666666666666667,0.0,0.06701714011530081,0.6666666666666667,0.0060184702277183534,0.13333333333333333,0.18951248688002426,0.1703279214600722,0.10052571017295123
14392,Ángel Pérez,16,1292,1,1.208032038062811,3,2.0683266557753086,14,24,4,0,D M S,Alaves,1,1.208032038062811,5.207904314622283,2.590566510334611,La_Liga,midfield,0.0696594427244582,0.2089783281733746,0.08415083856474688,0.9752321981424149,0.1440784822134503,1.671826625386997,0.3627797123188897,0.18045741945055338,0.08628800271877221
308,Ricardo Rodríguez,23,1552,0,0.1410916894674301,1,0.4879046082496643,3,7,0,0,D S,Real Betis,0,0.1410916894674301,2.7929348312318325,2.435595016926527,La_Liga,,0.0,0.05798969072164949,0.00818186343561128,0.17396907216494845,0.028293437334065585,0.40592783505154634,0.16196142706885627,0.14123940175475994,0.04703056315581003
375,Odisseas Vlachodimos,33,2970,0,0.0,0,0.0,0,0,1,0,GK,Sevilla,0,0.0,2.363366136327386,2.363366136327386,La_Liga,,0.0,0.0,0.0,0.0,0.0,0.0,0.07161715564628442,0.07161715564628442,
548,Daley Blind,31,2624,0,0.2643272480927408,0,0.7392632644623518,5,11,1,0,D S,Girona,0,0.2643272480927408,10.429523061960936,10.079609762877226,La_Liga,,0.0,0.0,0.009066102259278456,0.17149390243902438,0.025355828430492246,0.3772865853658537,0.3577199220946967,0.34571832265966096,0.05286544961854815
680,Thibaut Courtois,32,2880,0,0.0,0,0.0,0,0,1,0,GK,Real Madrid,0,0.0,6.53979423083365,6.53979423083365,La_Liga,,0.0,0.0,0.0,0.0,0.0,0.0,0.20436856971355155,0.20436856971355155,
681,César Azpilicueta,17,1233,0,0.0123422164469957,1,0.5649564769119024,1,3,4,0,D,Sevilla,0,0.0123422164469957,2.7488847002387047,2.219164974987507,La_Liga,,0.0,0.07299270072992702,0.0009008917114595402,0.07299270072992702,0.041237699044664414,0.21897810218978103,0.2006485182655989,0.16198284488959905,0.0123422164469957
973,Paulo Gazzaniga,35,3102,0,0.0,0,0.0,0,0,4,1,GK,Girona,0,0.0,4.276501512154937,4.276501512154937,La_Liga,,0.0,0.0,0.0,0.0,0.0,0.0,0.1240764461940504,0.1240764461940504,
1791,Trent Alexander-Arnold,21,1175,0,0.403125662356615,4,2.0283965058624744,10,28,4,0,D M S,Real Madrid,0,0.403125662356615,6.278945114463568,5.344461210072041,La_Liga,midfield,0.0,0.30638297872340425,0.030877710308166256,0.7659574468085106,0.1553665408745725,2.1446808510638298,0.48094047685252855,0.40936298630339035,0.0403125662356615
1830,Ionut Radu,38,3420,0,0.0,0,0.1440417915582656,0,1,2,0,GK,Celta Vigo,0,0.0,8.14351802226156,7.999476215802133,La_Liga,,0.0,0.0,0.0,0.0,0.0037905734620596212,0.026315789473684213,0.21430310584898843,0.21051253199479297,
2198,Moi Gómez,26,1202,0,0.4181990008801222,2,1.9109276719391344,11,16,3,0,M S,Osasuna,0,0.4181990008801222,5.146273463964462,3.1553665651008487,La_Liga,midfield,0.0,0.1497504159733777,0.03131273717072462,0.8236272878535774,0.1430811068839618,1.1980033277870217,0.38532829597071677,0.23625872783617005,0.03801809098910202
2229,Yuri,32,2708,0,0.6064393315464258,6,4.848095130175352,24,30,5,0,D S,Athletic Club,0,0.6064393315464258,10.560181383043528,8.312423763796687,La_Liga,,0.0,0.19940915805022158,0.020154926085368657,0.7976366322008863,0.1611257613426077,0.9970457902511077,0.350966146408389,0.2762622373492252,0.025268305481101077
2260,Daniel Carvajal,17,965,0,0.2845469722524285,1,1.9865489229559896,5,11,0,0,D S,Real Madrid,0,0.2845469722524285,4.963872527703643,3.1964759286493063,La_Liga,,0.0,0.09326424870466321,0.026538059588309394,0.46632124352331605,0.18527399281454826,1.0259067357512954,0.4629518419619978,0.2981169259880182,0.05690939445048569
2261,Jan Oblak,30,2700,0,0.0,0,0.0,0,0,0,0,GK,Atletico Madrid,0,0.0,5.149367045611143,5.149367045611143,La_Liga,,0.0,0.0,0.0,0.0,0.0,0.0,0.1716455681870381,0.1716455681870381,
2278,Giménez,16,1165,0,1.5400749556720257,1,0.5037803649902344,13,1,3,0,D S,Atletico Madrid,0,1.5400749556720257,3.9388817995786662,3.3341927975416183,La_Liga,,0.0,0.07725321888412016,0.11897574764848266,1.004291845493562,0.03891865480611253,0.07725321888412016,0.30429129782152786,0.2575771259903396,0.11846730428246352
2280,Jonny,34,3006,0,0.8803313318639994,0,1.2115384247153995,9,17,7,0,D,Alaves,0,0.8803313318639994,11.327970540151,9.65009731054306,La_Liga,,0.0,0.0,0.02635722550491016,0.2694610778443114,0.03627360553040118,0.5089820359281437,0.3391607946152994,0.2889250691779359,0.09781459242933327
2346,Aarón,37,3330,0,0.0,1,0.4407059326767921,0,2,4,0,GK,Real Oviedo,0,0.0,3.903619561344385,3.4629136249423027,La_Liga,,0.0,0.027027027027027025,0.0,0.0,0.011910971153426812,0.05405405405405405,0.1055032313876861,0.09359226013357576,
2385,Mat Ryan,36,3240,0,0.0933680385351181,0,0.0,2,0,4,0,GK,Levante,0,0.0933680385351181,3.368032854050398,3.27466481551528,La_Liga,,0.0,0.0,0.002593556625975503,0.05555555555555555,0.0,0.0,0.09355646816806659,0.09096291154209112,0.04668401926755905
2415,David Soria,38,3420,0,0.0,0,0.0465003028512001,0,1,2,0,GK,Getafe,0,0.0,1.7877731248736382,1.7877731248736382,La_Liga,,0.0,0.0,0.0,0.0,0.0012236921802947394,0.026315789473684213,0.04704666118088521,0.04704666118088521,
2417,Igor Zubeldia,25,2080,0,0.3188817761838436,1,0.6090575475245714,6,5,9,0,D S,Real Sociedad,0,0.3188817761838436,6.32798408344388,5.914616275578737,La_Liga,,0.0,0.04326923076923077,0.013797769161800925,0.25961538461538464,0.026353451575582415,0.21634615384615385,0.2738070036105525,0.2559208965394646,0.053146962697307266
2498,Aymeric Laporte,25,2068,0,1.8204883504658935,1,0.4414121750742197,15,7,4,0,D S,Athletic Club,0,1.8204883504658935,5.202450418844819,4.778625398874283,La_Liga,,0.0,0.043520309477756286,0.07922821641292574,0.6528046421663443,0.01921039446647958,0.30464216634429403,0.22641225227080933,0.20796725623727538,0.12136589003105956
2509,Dimitri Foulquier,15,1149,0,0.4250113200396299,0,0.2367486469447612,6,6,1,0,D S,Valencia,0,0.4250113200396299,4.307144995778799,4.124748399481177,La_Liga,,0.0,0.0,0.03329070391955325,0.4699738903394256,0.01854428043953743,0.4699738903394256,0.3373742816536918,0.32308734199591466,0.07083522000660498
2518,Marcos Llorente,29,2190,0,2.2122418731451035,4,4.202356196939945,18,20,5,1,D M S,Atletico Madrid,0,2.2122418731451035,17.013618292286992,12.5181664545089,La_Liga,midfield,0.0,0.1643835616438356,0.09091404958130563,0.7397260273972602,0.172699569737258,0.821917808219178,0.699189792833712,0.5144451967606397,0.12290232628583908
2555,Remiro,37,3330,0,0.0,0,0.3873771876096725,0,4,1,0,GK,Real Sociedad,0,0.0,6.81348979100585,6.426112595945597,La_Liga,,0.0,0.0,0.0,0.0,0.010469653719180337,0.1081081081081081,0.18414837272988785,0.17367871880934044,
2584,Raíllo,24,2069,0,0.6311804680153728,1,0.3643940649926662,12,7,4,0,D S,Mallorca,0,0.6311804680153728,4.512468161061406,4.202221794053912,La_Liga,,0.0,0.04349927501208313,0.027455892760456038,0.5219913001449975,0.01585087764588688,0.3044949250845819,0.19628909352127916,0.1827936014813205,0.052598372334614396
2597,Dani Calvo,21,1688,0,0.9167876914143562,0,0.4952077195048332,4,2,2,0,D S,Real Oviedo,0,0.9167876914143562,0.8509417865425348,0.8154006768018007,La_Liga,,0.0,0.0,0.04888086032422516,0.2132701421800948,0.02640325518686907,0.1066350710900474,0.04537011895072757,0.04347515456881639,0.22919692285358906
2609,Gerard Gumbau,28,1153,0,1.1357509652152658,3,2.5143625792115927,20,23,4,0,M S,Rayo Vallecano,0,1.1357509652152658,6.054331148043275,4.46986211836338,La_Liga,midfield,0.0,0.2341717259323504,0.08865358791793054,1.5611448395490024,0.19626420826456492,1.795316565481353,0.4725843914344274,0.34890510897892824,0.056787548260763286
2619,Stole Dimitrievski,20,1800,0,0.0,0,0.0,0,0,1,0,GK,Valencia,0,0.0,2.704712343402207,2.704712343402207,La_Liga,,0.0,0.0,0.0,0.0,0.0,0.0,0.13523561717011034,0.13523561717011034,
4091,Unai López,28,1637,0,1.0071794828400016,4,2.520821467973292,22,36,6,1,M S,Rayo Vallecano,0,1.0071794828400016,7.014563919045031,5.052038587629795,La_Liga,midfield,0.0,0.21991447770311545,0.05537333748051322,1.209529627367135,0.1385912841280368,1.979230299328039,0.38565104014297663,0.2777541068336479,0.04578088558363644
4120,Álex Moreno,31,2554,0,1.5723254941403866,3,2.917876537889242,17,16,5,0,D S,Girona,0,1.5723254941403866,10.622359491884708,6.971142928581685,La_Liga,,0.0,0.10571652310101802,0.05540692814120391,0.5990602975724354,0.10282258747456216,0.5638214565387627,0.3743196375370492,0.24565499748330133,0.09248973494943451
5050,Clement Lenglet,19,1402,0,0.3035862017422914,1,0.3937023878097534,5,4,4,1,D S,Atletico Madrid,0,0.3035862017422914,6.491023430600762,6.36877671815455,La_Liga,,0.0,0.06419400855920114,0.019488415233100017,0.3209700427960057,0.02527333445283724,0.25677603423680456,0.41668481366196053,0.4088373071568541,0.06071724034845828
5058,Carles Aleñá,34,2002,0,2.2455996740609407,4,4.067961330525577,29,37,5,0,F M S,Alaves,0,2.2455996740609407,7.837335070595145,3.891140911728144,La_Liga,attack,0.0,0.1798201798201798,0.10095103429844388,1.3036963036963036,0.18287538448916182,1.6633366633366633,0.35232775042635517,0.17492641461315334,0.07743447151934278
5065,Diego Rico,28,1723,0,0.2927396623417735,0,0.8772552907466888,11,10,3,0,D S,Getafe,0,0.2927396623417735,1.4686552183702588,0.5435091145336628,La_Liga,,0.0,0.0,0.015291102501891826,0.5745792222867092,0.04582296933673941,0.522344747533372,0.07671443392531822,0.028389913121317268,0.026612696576524864
5162,Nacho Vidal,30,2383,0,2.859865885227918,0,0.3238163329660892,17,7,4,0,D S,Real Oviedo,0,2.859865885227918,5.2956321854144335,2.365584071725607,La_Liga,,0.0,0.0,0.10801004182564526,0.6420478388585816,0.012229739809881674,0.2643726395300042,0.20000289411972264,0.08934224358174762,0.16822740501340694
5179,Jon Guridi,28,1251,0,1.620393067598343,0,0.5416145175695419,15,11,1,0,F M S,Alaves,0,1.620393067598343,5.297916954383254,3.662469517439604,La_Liga,attack,0.0,0.0,0.11657504083441315,1.079136690647482,0.038965073206441866,0.7913669064748201,0.38114510463188883,0.2634870156431369,0.10802620450655619
5185,Unai Simón,37,3330,0,0.0,0,0.0318873859941959,0,1,1,0,GK,Athletic Club,0,0.0,3.199014876037836,3.167127501219511,La_Liga,,0.0,0.0,0.0,0.0,0.0008618212430863757,0.027027027027027025,0.08645986151453611,0.08559804057350029,
6075,Antonio Sivera,38,3420,0,0.0,0,0.0,0,0,3,0,GK,Alaves,0,0.0,3.3321731872856617,3.3321731872856617,La_Liga,,0.0,0.0,0.0,0.0,0.0,0.0,0.08768876808646478,0.08768876808646478,
6149,Unai Núñez,13,927,0,0.3963765976950526,0,0.3761296048760414,9,2,3,0,D S,Valencia,0,0.3963765976950526,2.810891135595739,2.466373040340841,La_Liga,,0.0,0.0,0.03848316482476239,0.8737864077669902,0.03651743736660597,0.19417475728155337,0.2729020519995863,0.23945369323697482,0.04404184418833918
6151,Djené Dakonam,34,2601,0,0.0686510754749178,0,0.2225943394005298,3,3,10,2,D M S,Getafe,0,0.0686510754749178,2.894673423841596,2.7105430271476507,La_Liga,midfield,0.0,0.0,0.0023754697396165332,0.10380622837370243,0.007702226276834942,0.10380622837370243,0.10016171016752927,0.09379041616427858,0.022883691824972602
6224,Marko Dmitrovic,37,3330,0,0.0,0,0.0304153487086296,0,1,0,0,GK,Espanyol,0,0.0,4.61260715033859,4.58219179417938,La_Liga,,0.0,0.0,0.0,0.0,0.0008220364515845838,0.027027027027027025,0.1246650581172592,0.12384302146430756,
6242,Johan Mojica,35,2723,0,0.8061857065185905,4,3.927842003293336,17,35,6,1,D S,Mallorca,0,0.8061857065185905,9.051305999979377,5.788199552334845,La_Liga,,0.0,0.13220712449504224,0.026645873516956714,0.5618802791039295,0.12982217418156455,1.1568123393316196,0.29916178479549904,0.19131030470442015,0.04742268861874061
6306,Juan Foyth,13,946,0,0.0737326610833406,0,0.0,2,0,2,0,D S,Villarreal,0,0.0737326610833406,4.523703388869762,4.523703388869762,La_Liga,,0.0,0.0,0.007014735198203652,0.19027484143763215,0.0,0.0,0.43037347251403657,0.43037347251403657,0.0368663305416703
6325,Andoni Gorosabel,24,1347,0,0.2154859928414225,1,1.289799666032195,5,16,3,0,D S,Athletic Club,0,0.2154859928414225,6.460969613865018,5.660822134464979,La_Liga,,0.0,0.06681514476614699,0.01439772780677656,0.33407572383073497,0.08617815140526916,1.0690423162583518,0.431690620080068,0.37822865040968684,0.0430971985682845
6656,Sergio Gómez,35,2712,0,0.8500185953453183,6,7.414878661744296,12,45,5,1,D M S,Real Sociedad,0,0.8500185953453183,11.900510411709549,8.49614124558866,La_Liga,midfield,0.0,0.19911504424778761,0.028208581703937554,0.39823008849557523,0.24606898213753195,1.4933628318584071,0.39492844286646733,0.28195159000847325,0.0708348829454432
6916,Fernando Calero,28,2159,0,2.0030301241204143,0,0.5543733611702919,11,3,5,0,D S,Espanyol,0,2.0030301241204143,2.6128574209287763,2.4083885895088315,La_Liga,,0.0,0.0,0.08349824509997095,0.4585456229735989,0.023109588932527222,0.12505789717461788,0.10891948489281605,0.10039600419443948,0.1820936476473104
7050,Lucas Torró,34,2362,0,2.2390968278050423,1,1.2621251428499818,29,15,6,0,M S,Osasuna,0,2.2390968278050423,5.123437849804759,3.7546714833006254,La_Liga,midfield,0.0,0.03810330228619813,0.08531698327792286,1.1049957662997458,0.048091135841023855,0.5715495342929721,0.19521990113565973,0.14306538251357168,0.07721023544155318
7086,David Hancko,30,2443,0,1.6438409592956305,2,2.1513782758265734,21,13,2,0,D S,Atletico Madrid,0,1.6438409592956305,12.420591298490764,10.175065614283085,La_Liga,,0.0,0.07367990176013099,0.06055902019509076,0.7736389684813754,0.07925667000589096,0.4789193614408514,0.45757397333776867,0.3748489174316323,0.07827814091883954
7287,Iñaki Peña,16,1440,0,0.0,0,0.4040794968605041,0,3,0,0,GK,Elche,0,0.0,3.897747155278921,3.5779708586633205,La_Liga,,0.0,0.0,0.0,0.0,0.025254968553781506,0.1875,0.24360919720493257,0.22362317866645756,
7338,Bryan Gil Salvatierra,29,1607,0,3.14223606325686,3,3.625121179968119,27,21,5,0,F M S,Girona,0,3.14223606325686,11.089613553136587,6.996503568254411,La_Liga,attack,0.0,0.16801493466085873,0.17598086228569843,1.5121344119477287,0.2030248327300129,1.1761045426260113,0.6210735655148057,0.3918390299582433,0.11637911345395777
7385,Javi Galán,25,1806,0,0.1987070022150874,1,1.9444998521357773,6,30,3,0,D S,"Atletico Madrid,Osasuna",0,0.1987070022150874,6.001055222004652,4.955446168780327,La_Liga,,0.0,0.04983388704318937,0.009902342303077447,0.29900332225913623,0.09690198598683275,1.495016611295681,0.29905590807332155,0.24694914462360432,0.03311783370251457
7515,Andrei Ratiu,35,2791,0,2.3735468704253435,4,6.194820357486606,31,44,8,0,D M S,Rayo Vallecano,0,2.3735468704253435,16.08938203752041,11.390583541244268,La_Liga,midfield,0.0,0.12898602651379432,0.07653859489010423,0.9996417054819061,0.19976131571974004,1.4188462916517375,0.5188263645205434,0.3673065276646307,0.07656602807823688
7529,Iván Martín,35,2558,0,1.1094311196357012,1,2.176630087196827,13,26,3,1,M S,Girona,0,1.1094311196357012,10.834588035941124,8.479688461869955,La_Liga,midfield,0.0,0.035183737294761534,0.039033933059895665,0.4573885848318999,0.07658198117580706,0.9147771696637998,0.38120129915351886,0.298347131183853,0.0853408553565924
7574,Leo Petrot,32,1572,0,0.4956944026052952,0,0.025175416842103,8,1,2,1,D S,Elche,0,0.4956944026052952,4.4949280973523855,4.273093161173165,La_Liga,,0.0,0.0,0.02837945053083751,0.45801526717557256,0.0014413406588990266,0.05725190839694657,0.2573432116804801,0.24464273823510485,0.0619618003256619
7655,Carl Starfelt,19,1492,0,0.3869095593690872,0,0.0776824131608009,4,1,1,1,D S,Celta Vigo,0,0.3869095593690872,6.181167300790548,6.128349464386702,La_Liga,,0.0,0.0,0.02333904848741143,0.24128686327077747,0.0046859364507185535,0.06032171581769437,0.37285861733991243,0.3696725548222541,0.0967273898422718
7838,Martin Valjent,37,3311,0,0.9677190342918038,0,0.1400438267737627,17,3,6,0,D,Mallorca,0,0.9677190342918038,9.191905220970511,8.853639227338135,La_Liga,,0.0,0.0,0.026304655115150212,0.4620960434913923,0.003806688133385274,0.08154636061612806,0.24985547263284386,0.24066068573253765,0.05692464907598846
7857,Jon Moncayola,36,3061,0,2.3341868557035923,4,4.85785942338407,23,39,9,0,D M S,Osasuna,0,2.3341868557035923,10.213275477290154,5.148858282715082,La_Liga,midfield,0.0,0.11760862463247304,0.06863012643362408,0.67624959163672,0.14283154136052478,1.1466840901666122,0.30029232046916493,0.15138753526440946,0.10148638503059097
7859,Sergio Herrera,37,3284,0,0.0,0,0.0,0,0,3,1,GK,Osasuna,0,0.0,2.1348039116710424,2.1348039116710424,La_Liga,,0.0,0.0,0.0,0.0,0.0,0.0,0.05850558832228801,0.05850558832228801,
7927,Sofyan Amrabat,17,1297,0,0.2392287040129304,0,0.2395817404612898,8,7,4,0,M S,Real Betis,0,0.2392287040129304,3.977388694882393,3.5761187840253115,La_Liga,midfield,0.0,0.0,0.01660029557529972,0.5551272166538165,0.01662479309291911,0.48573631457208943,0.2759945894675523,0.24815010837492524,0.0299035880016163
8058,Thierry Correia,24,1386,0,0.2800837680697441,2,1.7092203814536333,5,13,5,0,D S,Valencia,0,0.2800837680697441,5.648564742878079,4.133561937138438,La_Liga,,0.0,0.12987012987012986,0.0181872576668665,0.3246753246753247,0.11098833645802814,0.8441558441558442,0.36678991836870645,0.2684131128011973,0.056016753613948825
8409,Juanlu Sanchez,32,2016,0,0.7494942769408226,3,1.898656453937292,14,22,4,1,D M S,Sevilla,0,0.7494942769408226,5.390602208673954,3.3558341786265373,La_Liga,midfield,0.0,0.13392857142857142,0.03345956593485815,0.625,0.08476144883648626,0.9821428571428571,0.2406518843158015,0.14981402583154185,0.053535305495773046
8413,Javier López,26,1825,0,0.7022638451308012,1,1.1921943556517365,7,18,3,1,D S,Real Oviedo,0,0.7022638451308012,3.971468263305724,3.430697724223137,La_Liga,,0.0,0.049315068493150684,0.034632189622888825,0.34520547945205476,0.05879314630611303,0.8876712328767123,0.19585322942329597,0.16918509324936018,0.10032340644725732
8423,Jon Pacheco Dozagarat,22,1737,0,0.2430377919226884,0,0.7593822702765465,4,5,3,1,D S,Alaves,0,0.2430377919226884,1.9814191441982985,1.834160102531314,La_Liga,,0.0,0.0,0.012592631705838776,0.2072538860103627,0.03934623162054645,0.25906735751295334,0.10266420436260613,0.09503420220369502,0.0607594479806721
8424,Aimar Oroz,31,2175,0,1.6443974245339632,2,3.740993956103921,29,37,6,0,F M S,Osasuna,0,1.6443974245339632,7.147825986146927,4.407638059929013,La_Liga,attack,0.0,0.08275862068965517,0.06804403136002606,1.2000000000000002,0.15479974990774845,1.5310344827586209,0.29577210977159696,0.1823850231694764,0.056703359466688384
8548,Arnau Tenas,11,990,0,0.0,0,0.0,0,0,0,0,GK,Villarreal,0,0.0,0.7170081175863743,0.7170081175863743,La_Liga,,0.0,0.0,0.0,0.0,0.0,0.0,0.06518255614421585,0.06518255614421585,
8764,Oriol Rey,20,1316,0,0.3515440141782164,1,0.257574962452054,8,10,3,0,M S,Levante,0,0.3515440141782164,6.560898684896529,6.077804811298847,La_Liga,midfield,0.0,0.06838905775075987,0.024041763887567992,0.547112462006079,0.01761530898228333,0.6838905775075989,0.44869367905827323,0.4156553442377631,0.04394300177227705
8861,Urko Gonzalez,36,2615,0,0.6285140076652169,1,0.3392333183437586,18,10,7,0,M S,"Espanyol,Real Sociedad",0,0.6285140076652169,5.933217795565724,5.271215932443738,La_Liga,midfield,0.0,0.03441682600382409,0.02163145724277993,0.6195028680688337,0.011675334092137005,0.3441682600382409,0.20420252451277826,0.1814185215755015,0.03491744487028983
8872,Matteo Ruggeri,26,1767,0,0.2124060494825244,3,3.959430998191237,5,25,4,0,D S,Atletico Madrid,0,0.2124060494825244,12.70430188626051,10.55473866313696,La_Liga,,0.0,0.15280135823429541,0.010818644286036896,0.2546689303904923,0.20166881145286436,1.2733446519524618,0.6470781945463757,0.537592801178453,0.042481209896504876
9217,Jesús Vázquez,24,936,0,0.2909505907446146,0,1.52333901822567,8,14,2,0,D S,Valencia,0,0.2909505907446146,5.841807333752513,4.413359213620424,La_Liga,,0.0,0.0,0.027976018340828326,0.7692307692307693,0.1464749055986221,1.3461538461538463,0.5617122436300492,0.4243614628481177,0.036368823843076825
9297,Abdelkabir Abqar,23,1479,0,0.3874060558155179,2,0.7393411099910736,7,4,10,1,D S,Getafe,0,0.3874060558155179,0.4710551081225276,0.3116732258349657,La_Liga,,0.0,0.12170385395537525,0.02357440501919987,0.4259634888438134,0.04499033123677933,0.2434077079107505,0.0286646110419388,0.01896591637940968,0.0553437222593597
9465,Beñat Turrientes,27,1355,0,0.8817815221846104,3,1.1862656697630882,20,12,7,0,M S,Real Sociedad,0,0.8817815221846104,5.57944718375802,4.06466400437057,La_Liga,midfield,0.0,0.1992619926199262,0.05856851438864571,1.3284132841328413,0.07879255371120143,0.7970479704797048,0.37059058785108623,0.26997768294712277,0.04408907610923052
9520,Hugo Sotelo,20,1350,0,0.0896841175854206,2,2.2126377504318957,2,25,3,0,M S,Celta Vigo,0,0.0896841175854206,7.093898443505168,6.4456347450613976,La_Liga,midfield,0.0,0.13333333333333333,0.005978941172361373,0.13333333333333333,0.14750918336212637,1.6666666666666665,0.4729265629003445,0.4297089830040932,0.0448420587927103
9768,Jesús Areso,26,1498,0,0.095483249053359,1,1.5605541560798883,3,23,3,0,D S,Athletic Club,0,0.095483249053359,2.973411399871111,2.2149724885821342,La_Liga,,0.0,0.06008010680907877,0.005736643801603678,0.18024032042723634,0.09375826037863148,1.3818424566088117,0.17864287449158878,0.13307578369318565,0.031827749684453004
9773,Joan García,30,2700,0,0.0,0,0.0,0,0,1,0,GK,Barcelona,0,0.0,11.522286765277386,11.522286765277386,La_Liga,,0.0,0.0,0.0,0.0,0.0,0.0,0.38407622550924614,0.38407622550924614,
9793,Matías Dituro,22,1980,0,0.0,0,0.1083411779254674,0,2,1,0,GK,Elche,0,0.0,4.058199893683195,3.949858728796244,La_Liga,,0.0,0.0,0.0,0.0,0.004924598996612154,0.09090909090909091,0.18446363153105433,0.179539033127102,
9805,Álex Balde,28,1910,0,0.7527575083076954,2,2.8991151619702578,10,23,1,0,D S,Barcelona,0,0.7527575083076954,16.041015792638063,12.891519032418728,La_Liga,,0.0,0.0942408376963351,0.035470249082561564,0.47120418848167545,0.13660752072111162,1.0837696335078533,0.7558593828991758,0.607453776396694,0.07527575083076954
9824,Julen Agirrezabala,18,1620,0,0.0,0,0.0134038729593157,0,1,1,0,GK,Valencia,0,0.0,0.8106938730925322,0.8106938730925322,La_Liga,,0.0,0.0,0.0,0.0,0.0007446596088508722,0.05555555555555555,0.04503854850514067,0.04503854850514067,
9839,Leo Román,33,2970,0,0.0,0,0.0,0,0,4,0,GK,Mallorca,0,0.0,3.981423040851951,3.981423040851951,La_Liga,,0.0,0.0,0.0,0.0,0.0,0.0,0.12064918305611973,0.12064918305611973,
9970,Antonio Sánchez,30,1016,0,0.5342528652399778,0,1.0588115602731705,6,12,3,1,D M S,Mallorca,0,0.5342528652399778,3.9616350531578064,2.470979319885373,La_Liga,midfield,0.0,0.0,0.047325549086218506,0.5314960629921259,0.09379236262262337,1.0629921259842519,0.3509322389608293,0.21888596337567282,0.08904214420666297
10107,César Tárrega,32,2588,0,0.6626794598996639,0,0.09015997312963,11,2,7,0,D S,Valencia,0,0.6626794598996639,6.760804255492985,6.695694123394787,La_Liga,,0.0,0.0,0.023045267152615824,0.38253477588871715,0.0031353931922977977,0.0695517774343122,0.2351129764274995,0.23284871371929325,0.06024358726360581
10858,Jorge Herrando,28,1597,0,0.1706695649772882,1,0.6935188174247742,3,2,3,0,D S,Osasuna,0,0.1706695649772882,1.8340701051056385,1.8011348769068718,La_Liga,,0.0,0.056355666875391355,0.009618197149628013,0.16906700062617408,0.03908371544660593,0.11271133375078271,0.10336024386944738,0.10150415712061268,0.0568898549924294
10875,Omar El Hilali,36,2853,0,0.0136713292449712,2,1.6936176465824246,1,17,9,0,D S,Espanyol,0,0.0136713292449712,5.094719165936112,3.9731050971895456,La_Liga,,0.0,0.06309148264984228,0.0004312722159296909,0.03154574132492114,0.05342642418241088,0.5362776025236593,0.16071669293173857,0.12533454565266705,0.0136713292449712
10982,Copete,21,1767,0,1.944704715162516,0,0.1642674310132861,13,5,5,0,D S,Valencia,0,1.944704715162516,4.536973598413169,4.47673115786165,La_Liga,,0.0,0.0,0.09905117394715703,0.6621392190152802,0.008366762190829513,0.2546689303904923,0.23108524270355701,0.22801686712368338,0.14959267039711663
11057,André Almeida,22,1007,0,0.874655444175005,2,2.1850007213652134,9,19,0,0,F M S,Valencia,0,0.874655444175005,6.30531516764313,4.309371467679739,La_Liga,attack,0.0,0.17874875868917575,0.0781717874635059,0.804369414101291,0.19528308333949276,1.6981132075471697,0.5635336296801209,0.38514740028915245,0.09718393824166721
11151,Marc Casadó,24,957,0,1.0334394490346313,1,0.5815958976745605,11,14,1,0,M S,Barcelona,0,1.0334394490346313,8.210956364870071,6.8881447948515415,La_Liga,midfield,0.0,0.09404388714733543,0.09718866291861736,1.0344827586206897,0.054695538966259616,1.316614420062696,0.7721902537495365,0.6477879117415243,0.09394904082133011
11185,Pablo Marín,34,1491,0,1.247849544510245,1,1.8537570256739853,13,13,2,0,M S,Real Sociedad,0,1.247849544510245,7.044556712731719,4.112739890813828,La_Liga,midfield,0.0,0.060362173038229376,0.07532291013140313,0.7847082494969819,0.11189680235456652,0.7847082494969819,0.4252247512715323,0.2482539169505329,0.09598842650078808
11343,Gabriel Suazo,29,2107,0,0.3101932983845472,2,2.7886302415281534,5,36,7,0,D S,Sevilla,0,0.3101932983845472,6.195922497659922,4.48605795763433,La_Liga,,0.0,0.0854295206454675,0.013249832394214166,0.2135738016136687,0.11911567239560218,1.5377313716184149,0.2646573444657774,0.19162089045424285,0.062038659676909434
11383,Renato Veiga,33,2553,0,0.1982421772554516,0,0.1171861607581377,9,3,5,1,D S,Villarreal,0,0.1982421772554516,12.081188935786486,11.930671013891695,La_Liga,,0.0,0.0,0.006988560890321443,0.3172737955346651,0.0041311220008744196,0.10575793184488837,0.4258938520253755,0.42058769731698104,0.022026908583939065
11395,Iker Muñoz,19,928,0,0.3214873829856515,0,0.252276461571455,9,5,5,0,M S,Osasuna,0,0.3214873829856515,1.885208336636424,1.586097290739417,La_Liga,midfield,0.0,0.0,0.03117873326369465,0.872844827586207,0.024466467178266112,0.4849137931034483,0.18283270506172217,0.1538240906967107,0.03572082033173905
11401,Haissem Hassan,38,1937,0,1.9617184847593307,3,1.7974820844829082,34,19,1,0,F M S,Real Oviedo,0,1.9617184847593307,5.390570223331451,2.5027807988226414,La_Liga,attack,0.0,0.13939081053175012,0.09114850987523994,1.5797625193598348,0.08351749489079077,0.8828084667010841,0.2504653175528294,0.11628821471039634,0.057697602492921496
11740,Álvaro Vallés,28,2520,0,0.0,0,0.0,0,0,1,0,GK,Real Betis,0,0.0,3.662847968749702,3.662847968749702,La_Liga,,0.0,0.0,0.0,0.0,0.0,0.0,0.13081599888391793,0.13081599888391793,
11890,Natan,33,2820,0,0.5199076561257243,0,0.3320370214059949,10,7,8,0,D S,Real Betis,0,0.5199076561257243,7.9655610248446465,7.7015365883708,La_Liga,,0.0,0.0,0.01659279753592737,0.3191489361702128,0.010596926215084942,0.22340425531914895,0.25422003270780785,0.24579372090545104,0.05199076561257243
11924,Clemens Riedel,20,1405,0,0.1087655127048492,1,0.1781810065731406,3,4,5,0,D S,Espanyol,0,0.1087655127048492,2.985293955542147,2.905074262060225,La_Liga,,0.0,0.06405693950177936,0.00696718586721454,0.1921708185053381,0.011413729958421817,0.25622775800711745,0.1912287943051909,0.18609016625296818,0.0362551709016164
12180,Javier Rodríguez,33,2568,0,0.9755693003535272,1,1.070571830496192,13,10,5,0,D S,Celta Vigo,0,0.9755693003535272,9.956079953350129,9.42049274686724,La_Liga,,0.0,0.035046728971962614,0.03419051286285726,0.455607476635514,0.03752004078841794,0.35046728971962615,0.34892803574825215,0.33015745608179575,0.0750437923348867
12207,Victor Parada,30,2159,0,1.8650571862235663,3,2.3767000967636704,12,14,7,1,D S,Alaves,0,1.8650571862235663,8.099021699279547,6.922715965658426,La_Liga,,0.0,0.12505789717461788,0.07774670993984296,0.5002315886984715,0.09907503877199182,0.5836035201482168,0.33761554096116686,0.2885801004674657,0.1554214321852972
12298,Augusto Batalla,34,3060,0,0.0,0,0.0504690390080213,0,2,5,0,GK,Rayo Vallecano,0,0.0,7.632259892299771,7.612099843099713,La_Liga,,0.0,0.0,0.0,0.0,0.0014843835002359205,0.058823529411764705,0.22447823212646384,0.22388528950293274,
12323,Johnny Cardoso,15,905,0,0.0442219888791441,0,0.3355124518275261,2,3,5,0,M S,Atletico Madrid,0,0.0442219888791441,2.752377048134804,2.4710518792271614,La_Liga,midfield,0.0,0.0,0.004397766849859634,0.1988950276243094,0.033365879187267786,0.2983425414364641,0.27371705451064354,0.24573996588999394,0.02211099443957205
12642,Yoel Lago,12,966,0,0.0578714646399021,0,0.0766500122845172,1,2,4,0,D S,Celta Vigo,0,0.0578714646399021,2.9164676181972027,2.892027758061886,La_Liga,,0.0,0.0,0.005391751363966034,0.09316770186335405,0.007141305492346323,0.1863354037267081,0.2717205855463232,0.269443579943654,0.0578714646399021
12723,Alejandro Francés,24,1077,0,0.6590694738551974,2,1.4396104291081429,16,10,2,1,D S,Girona,0,0.6590694738551974,6.060367487370968,5.5678981095552444,La_Liga,,0.0,0.1671309192200557,0.05507544349764881,1.3370473537604457,0.12030170716781138,0.8356545961002785,0.5064373944878247,0.4652839645867892,0.04119184211594984
12821,Gerard Martín,32,2145,0,0.304868983104825,0,0.7627371614798903,7,13,6,0,D S,Barcelona,0,0.304868983104825,14.44864018075168,13.939255250617862,La_Liga,,0.0,0.0,0.012791705584817832,0.2937062937062937,0.03200295782433107,0.5454545454545454,0.60623665094063,0.5848638566692809,0.04355271187211786
12863,Pedro Díaz,34,1868,0,1.7679051300510764,1,1.6380874933674932,44,23,2,0,F M S,Rayo Vallecano,0,1.7679051300510764,7.993919337168336,5.8795163836330175,La_Liga,attack,0.0,0.048179871520342615,0.08517744202601546,2.119914346895075,0.07892284496952591,1.10813704496788,0.38514600660875276,0.28327434396518825,0.040179662046615376
12914,Pau Navarro,24,2034,0,0.0560820512473583,0,0.4357209205627441,2,4,4,0,D,Villarreal,0,0.0560820512473583,6.9807911813259125,6.582743391394615,La_Liga,,0.0,0.0,0.0024815066923609868,0.08849557522123894,0.0192796867505639,0.17699115044247787,0.3088845655453944,0.2912718314776378,0.02804102562367915
12917,Luiz Júnior,28,2520,0,0.0,0,0.0,0,0,3,0,GK,Villarreal,0,0.0,6.171994894742966,6.171994894742966,La_Liga,,0.0,0.0,0.0,0.0,0.0,0.0,0.22042838909796306,0.22042838909796306,
13083,Matías Moreno,28,2265,0,1.2664381377398968,0,0.6804856397211552,10,8,8,0,D S,Levante,0,1.2664381377398968,8.4254733286798,7.82221532985568,La_Liga,,0.0,0.0,0.05032204520820782,0.3973509933774834,0.02703916449223133,0.31788079470198677,0.334787019682641,0.31081650317307336,0.12664381377398967
13278,Youssef Lekhedim,25,1332,0,0.7915327316150069,1,2.768648535013199,11,16,6,0,D S,Alaves,0,0.7915327316150069,5.751958949491382,3.135219857096672,La_Liga,,0.0,0.06756756756756757,0.0534819413253383,0.7432432432432432,0.18707084696035128,1.0810810810810811,0.3886458749656339,0.2118391795335589,0.07195752105590972
13698,Rahim Alhassane,28,1689,0,0.0599290756508708,0,1.573213404044509,3,17,2,0,D S,Real Oviedo,0,0.0599290756508708,4.904392350465059,3.995352517813444,La_Liga,,0.0,0.0,0.003193378809105016,0.15985790408525755,0.08383019914979621,0.9058614564831262,0.26133529398570476,0.21289622652647128,0.019976358550290268
13699,Kwasi Sibo,27,1782,0,0.3234209390357137,0,0.0500031504780054,10,3,3,1,M S,Real Oviedo,0,0.3234209390357137,4.401804143562913,4.066265448927879,La_Liga,midfield,0.0,0.0,0.01633439086038958,0.505050505050505,0.002525411640303303,0.15151515151515152,0.2223133405839855,0.20536694186504442,0.032342093903571366
13761,Filip Ugrinic,27,1515,0,0.6209417562931776,3,3.7198971258476377,20,24,3,0,F M S,Valencia,0,0.6209417562931776,6.901665989309549,5.459673470817506,La_Liga,attack,0.0,0.1782178217821782,0.03688762908672342,1.188118811881188,0.2209839876741171,1.4257425742574257,0.4099999597609633,0.3243370378703469,0.03104708781465888
13836,Álvaro Núñez,25,2006,0,0.2243863698095083,2,2.5366643499583006,6,21,2,0,D M S,"Celta Vigo,Elche",0,0.2243863698095083,9.689458632841706,8.704271027818322,La_Liga,midfield,0.0,0.08973080757726819,0.010067185086169364,0.2691924227318046,0.1138084703371122,0.9421734795613161,0.43472147405570966,0.39052063434877815,0.037397728301584714
13953,Santiago Colombatto,33,2157,0,0.732619327493012,1,2.820774817839265,16,25,6,0,M S,Real Oviedo,0,0.732619327493012,6.469618431292474,5.312525178305805,La_Liga,midfield,0.0,0.041724617524339355,0.03056826123058464,0.6675938803894297,0.11769575039663135,1.043115438108484,0.2699423545740949,0.22166308115323244,0.04578870796831325
14018,Lucas Ahijado,20,1086,0,1.1217116303741932,1,1.3586394265294075,10,9,3,0,D S,Real Oviedo,0,1.1217116303741932,4.464726865757257,2.8245097422041,La_Liga,,0.0,0.08287292817679558,0.09295952737907678,0.8287292817679559,0.11259442761293433,0.7458563535911602,0.3700049888749108,0.23407539300033978,0.11217116303741932
14258,Kareem Tunde,21,1183,0,1.294460777193308,1,0.6319677345454693,21,6,3,0,M S,Levante,0,1.294460777193308,3.713249473832548,2.09413805231452,La_Liga,midfield,0.0,0.0760777683854607,0.09847968719137593,1.5976331360946745,0.04807869493583452,0.45646661031276414,0.2824957334276664,0.15931734971116382,0.06164098939015753
14316,Nicolás Fonseca,19,1028,0,0.1822443902492523,0,0.0975932888686657,8,3,6,0,M S,Real Oviedo,0,0.1822443902492523,2.805281972512603,2.65612081810832,La_Liga,midfield,0.0,0.0,0.015955248173572672,0.7003891050583657,0.008544159531303417,0.26264591439688717,0.24559861627055862,0.23253976034022253,0.022780548781156536
14393,Thiago Fernández,17,919,0,0.8692414863035083,4,2.8690570928156376,15,12,4,0,F M S,Real Oviedo,0,0.8692414863035083,4.160179313272238,1.7156872656196356,La_Liga,attack,0.0,0.39173014145810664,0.08512702259773204,1.4689880304679,0.2809740352050135,1.1751904243743199,0.40741690771980565,0.168021603814763,0.057949432420233885
647,Harry Kane,31,2385,36,29.57998568098992,5,7.403329385444522,119,40,1,0,F M S,Bayern Munich,26,21.244441921822727,34.28957922756672,10.577369537204504,Bundesliga,attack,1.3584905660377358,0.18867924528301888,0.8016770536536878,4.4905660377358485,0.2793709202054537,1.509433962264151,1.293946385945914,0.3991460202718681,0.17852472203212374
10804,Deniz Undav,29,2261,19,19.05754723213613,6,5.584789767861366,124,38,5,0,F M S,VfB Stuttgart,19,18.299770614132285,30.379802346229557,9.69207865279168,Bundesliga,attack,0.7563025210084033,0.2388323750552853,0.728429613123355,4.935869084475896,0.2223047674071309,1.5126050420168067,1.2092800580100223,0.3857970273114778,0.14757879527526035
3738,Serhou Guirassy,33,2366,17,19.91118175908923,1,1.9295950140804048,84,20,3,0,F S,Borussia Dortmund,16,17.63785172626376,19.162629645317796,4.181204119697213,Bundesliga,attack,0.6466610312764158,0.03803888419273035,0.6709241992238962,3.195266272189349,0.0733996412794744,0.760777683854607,0.728925049906425,0.15904833929532933,0.20997442531266383
1236,Patrik Schick,28,2005,16,19.421328123658892,3,3.1920390371233225,72,14,2,0,F M S,Bayer Leverkusen,12,15.632444690912962,18.84750088304281,3.710258255712688,Bundesliga,attack,0.7182044887780548,0.13466334164588528,0.7017057467242725,3.231920199501247,0.1432835478010469,0.628428927680798,0.8460224835281062,0.16654525836116804,0.21711728737379113
9948,Michael Olise,32,2308,15,11.545709690079091,19,17.044203309342265,102,79,8,0,M S,Bayern Munich,15,11.545709690079091,39.00864061713219,16.973004333674908,Bundesliga,midfield,0.5849220103986135,0.7409012131715771,0.4502226482266543,3.977469670710572,0.6646353110228786,3.0805892547660316,1.5211341661793312,0.6618589211571672,0.11319323225567736
10408,Luis Díaz,32,2464,15,14.85997650027275,14,10.122723823413253,88,65,5,1,M S,Bayern Munich,15,14.85997650027275,36.54146680980921,15.259370246902108,Bundesliga,midfield,0.5478896103896104,0.5113636363636364,0.5427751156755469,3.214285714285714,0.36974234744610096,2.3741883116883113,1.334712667566083,0.5573633612910672,0.16886336932128126
956,Andrej Kramaric,34,2256,14,13.078245226293802,6,4.530489624477923,65,35,2,0,F M S,Hoffenheim,9,9.289361868053676,18.172342345118523,7.810636706650257,Bundesliga,attack,0.5585106382978724,0.23936170212765956,0.3705862447361839,2.5930851063829787,0.18073761799778945,1.3962765957446808,0.7249604658956856,0.3115945494674305,0.1429132595085181
7108,Jonathan Burkardt,22,1351,13,13.116983085870745,1,0.6681167893111706,41,9,1,0,F S,Eintracht Frankfurt,9,10.085876282304524,12.243965607136488,3.214979793876409,Bundesliga,attack,0.8660251665433013,0.06661732050333086,0.6718940528552236,2.7313101406365656,0.04450815028719863,0.5995558845299778,0.8156601810823715,0.21417333934039737,0.24599698249523227
7422,Christoph Baumgartner,33,2811,13,18.02284111827612,8,4.292830726131797,81,37,10,0,M S,RasenBallsport Leipzig,13,17.26506443321705,24.001264337450262,8.360922181978822,Bundesliga,midfield,0.41622198505869795,0.256136606189968,0.5527768761969172,2.5933831376734258,0.1374438866424268,1.1846318036286019,0.7684502989578526,0.26769227903880966,0.21314894361996356
13013,Haris Tabakovic,32,2424,13,14.339333239942787,2,1.8832440096884968,67,16,5,0,F S,Borussia M.Gladbach,13,12.823779825121164,12.75254580192268,2.841423818841577,Bundesliga,attack,0.48267326732673266,0.07425742574257425,0.47613043905152835,2.487623762376238,0.06992242610229568,0.594059405940594,0.47348561145752527,0.10549840911540509,0.19139969888240543
13911,Said El Mala,34,1965,13,12.582745539024472,4,4.186228644102812,74,20,4,0,F M S,FC Cologne,12,11.824968876317143,17.244747333228588,3.3356826342642307,Bundesliga,attack,0.5954198473282443,0.183206106870229,0.5416016279229225,3.3893129770992365,0.1917356630886784,0.9160305343511451,0.7898357557203934,0.15277935729454492,0.15979687670698842
82,Nadiem Amiri,26,2112,12,10.704714082181454,2,6.560079865157604,54,64,6,0,F M S,Mainz 05,4,4.642500706017017,12.271673714742064,5.860426990315318,Bundesliga,attack,0.5113636363636364,0.08522727272727273,0.19783383690413425,2.3011363636363638,0.2795488578902388,2.7272727272727275,0.5229406412532129,0.24973410470093685,0.08597223529661144
6496,Ermedin Demirovic,25,1507,12,8.664393775165081,3,2.179655436426401,41,17,5,0,F S,VfB Stuttgart,11,7.906617097556591,13.179813992232084,4.325801435858011,Bundesliga,attack,0.7166556071665562,0.17916390179163905,0.47219345639024096,2.448573324485733,0.1301718575171706,1.0152621101526211,0.7871156332454463,0.25834248787473196,0.19284431945259978
13561,Yan Diomande,33,2507,12,8.03020796738565,8,10.04887573234737,53,57,2,0,F M S,RasenBallsport Leipzig,12,8.03020796738565,29.46964485943317,14.411308905109763,Bundesliga,attack,0.43079377742321495,0.28719585161547667,0.28828030198033844,1.9026725169525327,0.3607494279661999,2.0462704427602714,1.0579449690263205,0.5173585167370877,0.15151335787520093
12953,Igor Matanovic,31,1536,11,9.582080019637942,2,2.236247749999165,51,22,0,0,F S,Freiburg,10,8.066526612266898,9.787673662416635,1.3800859227776527,Bundesliga,attack,0.64453125,0.1171875,0.47264804368751356,2.98828125,0.13103014160151358,1.2890625,0.5734965036572247,0.08086440953775309,0.15816718847582154
10113,Fisnik Asllani,33,2429,10,9.504826286807656,7,5.401737725362182,73,34,2,0,F M S,Hoffenheim,10,9.504826286807656,19.754683665931225,6.661823563277721,Bundesliga,attack,0.37052284890901604,0.25936599423631124,0.35217553141732777,2.704816797035817,0.20014672510605036,1.2597776862906547,0.7319561671197242,0.2468357845594874,0.13020309981928296
10734,Jens Stage,29,2489,10,6.0983161851763725,2,3.476818254217505,57,26,5,0,M,Werder Bremen,10,6.0983161851763725,12.630906242877243,5.692467089742422,Bundesliga,midfield,0.3615910004017678,0.07231820008035356,0.22050962501642168,2.0610687022900764,0.12571861907576354,0.9401366010445962,0.4567222024342916,0.2058344869734102,0.10698800324870829
8137,Maximilian Beier,32,2069,9,8.248568028211594,6,4.9559360314160585,50,25,3,0,D F M S,Borussia Dortmund,9,8.248568028211594,16.043212147429585,5.098700201138854,Bundesliga,attack,0.3914934751087482,0.26099565007249875,0.3588067291150524,2.1749637506041566,0.215579624372859,1.0874818753020783,0.6978680972782323,0.2217897622535026,0.16497136056423187
13852,Rômulo,30,2246,9,15.93664027750492,4,3.606802409514785,63,25,3,0,F M S,RasenBallsport Leipzig,9,15.178863540291786,23.735963854938745,7.021602770313621,Bundesliga,attack,0.3606411398040961,0.16028495102404275,0.6082358497890743,2.524487978628673,0.14452903689061916,1.0017809439002672,0.9511294509993263,0.2813643140375004,0.24093434190939342
993,Serge Gnabry,21,1280,8,6.26451538130641,6,5.150685242377222,50,22,1,0,F M S,Bayern Munich,8,6.26451538130641,16.288242295384407,8.140462888404727,Bundesliga,attack,0.5625,0.421875,0.440473737748107,3.515625,0.36215755610464845,1.5468750000000002,1.1452670363942161,0.5723762968409574,0.1252903076261282
8407,Tim Lemperle,29,2008,8,9.412074415013194,2,2.5754604805260897,53,26,1,1,F M S,Hoffenheim,7,8.654297707602382,13.365150267258286,2.924194620922208,Bundesliga,attack,0.35856573705179284,0.08964143426294821,0.38789182952401113,2.3754980079681274,0.11543398568095023,1.1653386454183268,0.5990356195484292,0.13106449994173242,0.16328863599249777
10048,Nicolas Jackson,23,991,8,8.492001624777913,1,2.0896335784345865,38,17,2,1,F M S,Bayern Munich,8,8.492001624777913,13.03456012159586,3.193916742689908,Bundesliga,attack,0.7265388496468214,0.09081735620585267,0.7712211364581354,3.4510595358224014,0.1897749970324044,1.5438950554994952,1.1837642895495735,0.2900630745127061,0.22347372696783982
11227,Dzenan Pejcinovic,30,1445,8,8.291429496370256,0,1.645487703382969,51,12,1,0,F S,Wolfsburg,8,8.291429496370256,9.861923123709856,1.750562708824873,Bundesliga,attack,0.4982698961937716,0.0,0.5164212143067979,3.176470588235294,0.10248712339409495,0.7474048442906575,0.6142374263902333,0.10903158740085715,0.1625770489484364
11866,Álex Grimaldo,29,2539,8,6.761390760540962,7,10.24105754122138,61,69,5,0,D,Bayer Leverkusen,5,4.488060817122459,19.19080664217472,13.631710644811392,Bundesliga,,0.2835762111067349,0.24812918471839307,0.159088410217023,2.1622686096888537,0.3630150369082017,2.445844820795589,0.6802570294587337,0.48320360694487013,0.07357476749381081
12954,Can Uzun,21,1178,8,4.544798476621509,4,2.6320750545710325,41,19,3,0,M S,Eintracht Frankfurt,7,3.7870217841118574,8.537243850529194,3.061049897223711,Bundesliga,midfield,0.6112054329371817,0.30560271646859083,0.2893310361375782,3.132427843803056,0.20109232165653051,1.4516129032258065,0.6522512279691235,0.23386629095936673,0.09236638497833799
13062,Mohammed Amoura,30,1949,8,9.9565003933385,3,3.972602378576994,60,24,2,0,F M S,Wolfsburg,7,9.198723715730011,14.962777476757765,4.446937231346965,Bundesliga,attack,0.36942021549512566,0.13853258081067213,0.424774312168138,2.770651616213443,0.18344495334629526,1.108260646485377,0.6909440599836834,0.20534856378718666,0.15331206192883354
261,Julian Brandt,29,1601,7,5.1042488645762205,4,5.293923227116466,38,30,0,0,F M S,Borussia Dortmund,7,5.1042488645762205,13.624381331726909,5.712044969201088,Bundesliga,attack,0.3935040599625234,0.22485946283572766,0.28693466446712046,2.136164896939413,0.2975971832857476,1.6864459712679576,0.7658927669303072,0.3211018408670193,0.13432233854147949
4340,Grischa Prömel,33,1696,7,5.130105700343847,2,2.619504975154996,42,17,4,0,M S,Hoffenheim,7,5.130105700343847,10.6988823749125,3.4885037057101727,Bundesliga,midfield,0.3714622641509434,0.1061320754716981,0.27223438268334094,2.2287735849056607,0.13900674986081935,0.9021226415094339,0.5677472958385171,0.1851210692888653,0.12214537381771065
5266,Vincenzo Grifo,33,1733,7,5.46098705381155,4,5.387601099908352,30,39,0,0,M S,Freiburg,3,2.429960750043392,10.17651617899537,5.148983117192984,Bundesliga,midfield,0.363531448355453,0.20773225620311597,0.12619530727288247,1.5579919215233697,0.2797946330015878,2.0253894979803806,0.5284976665375554,0.2674024700215629,0.08099869166811308
6449,Chris Führich,33,1727,7,4.271757278591394,7,7.827977802604437,45,49,2,0,F M S,VfB Stuttgart,7,4.271757278591394,17.83286163210869,10.075685493648052,Bundesliga,attack,0.36479444122756227,0.36479444122756227,0.22261618707193137,2.3451071221771858,0.4079432554918352,2.553561088592936,0.9293326849390747,0.5250791513771422,0.09492793952425321
8869,Ragnar Ache,29,1739,7,11.002535559237003,4,2.971193479374051,52,28,3,0,F S,FC Cologne,7,11.002535559237003,12.966331753879786,3.521890965290368,Bundesliga,attack,0.36227717078780913,0.20701552616446234,0.5694239219846637,2.6912018401380102,0.15377079536725968,1.4491086831512365,0.6710579976130999,0.1822715278183629,0.2115872222930193
9718,Jamie Leweling,32,2385,7,4.102848822250962,9,6.05470309779048,49,41,4,0,D M S,VfB Stuttgart,7,4.102848822250962,17.34269355610013,9.02036947198212,Bundesliga,midfield,0.2641509433962264,0.33962264150943394,0.15482448385852687,1.849056603773585,0.22847936218077283,1.5471698113207546,0.6544412662679294,0.34039130082951397,0.08373160861736657
10732,Jakub Kaminski,34,3031,7,7.96647222340107,3,5.589305056259036,62,50,4,0,D F M,FC Cologne,7,7.96647222340107,18.4370434358716,9.42793507874012,Bundesliga,attack,0.20785219399538105,0.08907951171230617,0.23654981857673912,1.8409765753876608,0.16596418840755964,1.4846585285384362,0.5474542755620073,0.27994528442316424,0.1284914874742108
10772,Karim Adeyemi,28,1218,7,5.215220987796784,4,3.458098405972123,31,16,5,0,F M S,Borussia Dortmund,7,5.215220987796784,11.94034506380558,4.0952072106301785,Bundesliga,attack,0.5172413793103449,0.29556650246305416,0.38536115673375254,2.29064039408867,0.25552451275656085,1.1822660098522166,0.8822915071777523,0.30260151802686047,0.16823293509021886
11007,Fábio Vieira,29,2241,7,4.894621319137514,5,4.638651036657393,59,39,2,2,F M S,Hamburger SV,6,4.136844581924379,12.298777882009745,5.455926336348057,Bundesliga,attack,0.28112449799196787,0.20080321285140562,0.16613833662346902,2.3694779116465865,0.18629120629146156,1.566265060240964,0.49392682257067244,0.21911350748385772,0.07011600986312506
171,Michael Gregoritsch,17,926,6,6.215451763942838,2,1.5184729620814323,29,7,2,0,F S,Augsburg,5,5.457675086334348,6.945263855159283,2.202855406329036,Bundesliga,attack,0.5831533477321814,0.19438444924406048,0.5304435829050662,2.8185745140388767,0.14758376521309818,0.6803455723542117,0.6750256446699087,0.21410041746178535,0.18819569263221889
419,Maximilian Mittelstädt,32,2200,6,4.954262416809797,4,5.520105980336666,31,37,4,0,D M S,VfB Stuttgart,2,1.9231557194143531,16.285320289433002,12.091185672208669,Bundesliga,midfield,0.24545454545454548,0.16363636363636364,0.0786745521578599,1.2681818181818183,0.22582251737740908,1.5136363636363637,0.6662176482040774,0.49463941386308186,0.062037281271430746
5256,Oliver Burke,29,1699,6,6.0373401287943125,2,2.2901990823447704,34,23,4,0,F M S,Union Berlin,6,6.0373401287943125,9.287183087319136,1.809681724756956,Bundesliga,attack,0.31783402001177163,0.10594467333725721,0.3198120138855139,1.8010594467333725,0.12131719682815148,1.2183637433784578,0.4919637892046628,0.09586306958688996,0.17756882731747978
8056,Arnaud Kalimuendo Muinga,19,1431,6,4.879936292767525,1,1.597496423870325,30,22,4,0,F M S,Eintracht Frankfurt,6,4.879936292767525,7.523353155702352,2.052781267091632,Bundesliga,attack,0.37735849056603776,0.06289308176100629,0.30691423224952985,1.8867924528301887,0.10047147319939152,1.3836477987421383,0.4731668651385127,0.12910574006865608,0.1626645430922508
9860,Malik Tillman,29,1681,6,5.122428148984909,1,3.604807078838349,34,27,2,0,M S,Bayer Leverkusen,6,5.122428148984909,12.581189319491386,5.058479489758611,Bundesliga,midfield,0.32123735871505055,0.05353955978584176,0.27425254813125627,1.8203450327186197,0.19299978411389138,1.4455681142177275,0.6735913377479029,0.27082876506738546,0.15065965144073262
10288,Anton Kade,28,1740,6,6.7122930232435465,0,3.0941985473036766,48,25,3,0,D F M S,Augsburg,6,6.7122930232435465,10.916635751724243,1.8429135736078024,Bundesliga,attack,0.3103448275862069,0.0,0.34718757016776963,2.4827586206896552,0.16004475244674188,1.293103448275862,0.5646535733650471,0.09532311587626564,0.13983943798424056
11845,Phillip Tietz,29,1811,6,11.598579058423638,2,1.9211469320580363,51,19,4,0,F S,"Augsburg,Mainz 05",6,10.840802321210504,15.156334765255451,4.183608392253518,Bundesliga,attack,0.2981778023191607,0.09939260077305358,0.538747768585834,2.534511319712866,0.09547389502221054,0.9442297073440088,0.7532137652528939,0.20790985936102518,0.2125647513962844
12038,Fabian Rieder,32,2387,6,4.166463605128229,3,5.375069449655712,38,44,4,0,D F M S,Augsburg,4,2.650910287164152,11.631565358489752,6.491243749856949,Bundesliga,attack,0.22622538751571009,0.11311269375785504,0.09995053449718211,1.4327607875994974,0.202662861528703,1.6589861751152073,0.4385592301064422,0.24474735546171988,0.06976079703063558
13323,Budu Zivzivadze,20,1148,6,5.819976218044758,0,0.9086363017559052,28,7,2,1,F S,FC Heidenheim,6,5.819976218044758,5.734111532568932,0.7583490833640099,Bundesliga,attack,0.47038327526132406,0.0,0.45626991256448446,2.1951219512195124,0.07123455327354657,0.5487804878048781,0.44953836056725077,0.05945245427069763,0.20785629350159848
13725,Luka Vuskovic,28,2440,6,4.682130139321089,0,0.5671260496601462,31,11,6,0,D S,Hamburger SV,5,3.924353461712599,8.051702403463423,6.383656639605761,Bundesliga,,0.2213114754098361,0.0,0.14475074244021882,1.1434426229508197,0.020918583798939818,0.4057377049180328,0.2969890230785689,0.23546274490349117,0.12659204715201933
335,Leon Goretzka,31,2004,5,4.884574018418789,3,2.346890510059893,35,21,4,0,M S,Bayern Munich,5,4.884574018418789,16.531479734927416,14.036005043424666,Bundesliga,midfield,0.2245508982035928,0.1347305389221557,0.21936709663557435,1.5718562874251496,0.10539927440388742,0.9431137724550898,0.7424317246224887,0.6303595079382335,0.13955925766910826
1427,Kevin Diks,30,2472,5,4.184454521164298,0,0.704138720408082,23,8,6,0,D S,Borussia M.Gladbach,1,1.153347745537758,8.415256265550852,7.45520737580955,Bundesliga,,0.18203883495145629,0.0,0.041990815978316436,0.8373786407766991,0.025636118461459297,0.29126213592233013,0.30638068927976403,0.2714274530027749,0.050145554153815566
3349,Ramy Bensebaini,21,1524,5,3.257725358940661,2,0.7206321377307177,17,11,6,0,D S,Borussia Dortmund,3,1.742172003723681,6.887229710817337,6.485647883266211,Bundesliga,,0.2952755905511811,0.11811023622047244,0.10288417344824888,1.0039370078740157,0.04255701600771955,0.6496062992125984,0.4067261640246459,0.38301070176768964,0.102480706101393
5251,Rani Khedira,32,2854,5,2.2710952758789062,1,2.3157351221889257,23,16,7,0,M,Union Berlin,5,2.2710952758789062,6.596783770248294,3.21970677934587,Bundesliga,midfield,0.15767344078486334,0.03153468815697267,0.07161828129961512,0.7252978276103714,0.07302598493237678,0.5045550105115627,0.20802751903375838,0.10153244924356283,0.09874327286430028
5752,Alexis Claude Maurice,29,2135,5,6.339031929150224,4,3.215671157464385,71,32,3,0,F M S,Augsburg,4,4.82347852922976,10.869376560673118,5.332539309747517,Bundesliga,attack,0.2107728337236534,0.1686182669789227,0.2033316476021913,2.9929742388758784,0.13555522443643778,1.3489461358313817,0.45819385970050613,0.22479088425165178,0.06793631731309521
7485,Nico Schlotterbeck,28,2520,5,3.80366291385144,1,1.0600993894040585,32,12,8,0,D,Borussia Dortmund,5,3.80366291385144,11.601791122928262,10.63110581971705,Bundesliga,,0.17857142857142855,0.03571428571428571,0.13584510406612285,1.1428571428571428,0.03786069247871637,0.4285714285714286,0.4143496829617236,0.3796823507041804,0.1188644660578575
7749,Rayan Philippe,28,1272,5,5.646055448800325,0,1.3564898148179054,39,15,2,0,F M S,Hamburger SV,5,4.888278741389513,6.413698500022292,1.2521088868379593,Bundesliga,attack,0.35377358490566035,0.0,0.3458687788718995,2.759433962264151,0.09597805293522915,1.0613207547169812,0.4537994221713886,0.08859260991778015,0.12534048054844904
7879,Marius Bülter,32,1578,5,3.979684112593532,4,4.703826729208231,42,26,3,0,F M S,FC Cologne,5,3.979684112593532,10.374455876648426,3.821078972890973,Bundesliga,attack,0.28517110266159695,0.22813688212927755,0.2269781813266273,2.3954372623574143,0.2682790910194809,1.4828897338403042,0.5916990043715833,0.2179322608112722,0.09475438363317934
8317,Edmond Tapsoba,29,2579,5,4.23943140450865,3,1.7085091285407543,29,11,7,0,D,Bayer Leverkusen,5,4.23943140450865,16.401180177927017,14.981057460419834,Bundesliga,,0.17448623497479643,0.10469174098487787,0.14794448484132552,1.0120201628538192,0.05962226505182935,0.3838697169445522,0.5723560356779493,0.5227976624419485,0.1461872898106431
8791,Ritsu Doan,31,2425,5,4.125860132277012,5,6.517447140067816,41,39,5,0,D F M S,Eintracht Frankfurt,5,4.125860132277012,13.874625666067004,6.948057568632066,Bundesliga,attack,0.18556701030927836,0.18556701030927836,0.15312470594017777,1.5216494845360826,0.2418846361262282,1.447422680412371,0.5149345608024867,0.2578660540935612,0.10063073493358565
8846,Paul Nebel,30,2087,5,5.769457034766674,2,5.342756656929851,32,41,2,2,M S,Mainz 05,5,5.769457034766674,14.08178748562932,4.246757362037897,Bundesliga,midfield,0.21562050790608528,0.08624820316243412,0.24880265123574538,1.3799712505989459,0.23040158079716655,1.7680881648298994,0.6072644339753899,0.18313759587130365,0.18029553233645856
9689,Albert Sambi Lokonga,26,1724,5,1.667557841166854,0,1.3766824714839458,19,25,3,0,M S,Hamburger SV,5,1.667557841166854,6.4992835521698,4.499082233756781,Bundesliga,midfield,0.2610208816705336,0.0,0.08705348358759678,0.9918793503480278,0.07186857449742177,1.3051044083526682,0.3392897446028318,0.2348708822726858,0.08776620216667652
10367,Tiago Tomás,27,996,5,5.533668488264084,3,1.2588633932173252,35,11,4,0,F M S,VfB Stuttgart,5,5.533668488264084,8.350152125582099,2.681462910026312,Bundesliga,attack,0.45180722891566266,0.27108433734939763,0.500030285084104,3.1626506024096384,0.11375271625457758,0.9939759036144579,0.7545318185766957,0.24230086536382336,0.1581048139504024
10585,Justin Njinmah,33,1963,5,6.778727872297168,0,1.2397968284785748,62,17,2,0,D F M S,Werder Bremen,5,6.778727872297168,11.163103096187116,3.214089992456138,Bundesliga,attack,0.22924095771777891,0.0,0.3107924139107209,2.842587875700459,0.056842442467178664,0.7794192562404484,0.5118080889744475,0.14736021361235477,0.10933432052092205
10725,Danilho Doekhi,34,3060,5,4.879229350015521,0,0.54770487267524,45,8,4,0,D,Union Berlin,5,4.879229350015521,4.549193911254406,3.164020985364914,Bundesliga,,0.14705882352941177,0.0,0.1435067455886918,1.3235294117647058,0.016108966843389413,0.23529411764705882,0.13379982091924725,0.09305944074602689,0.1084273188892338
10860,Derry Scherhant,31,1253,5,3.31635710503906,1,1.9648405443876984,36,22,2,0,M S,Freiburg,5,3.31635710503906,5.468948429450393,1.754570497199893,Bundesliga,midfield,0.3591380686352753,0.07182761372705507,0.2382060171217202,2.5857940941739823,0.14112980765753622,1.5802075019952115,0.39282151528374726,0.12602661192976086,0.09212103069552945
12421,Andrej Ilic,32,2238,5,11.113924760371448,9,4.753498738631606,71,30,5,0,F M S,Union Berlin,5,10.356148082762957,13.322315469384192,2.385981469415128,Bundesliga,attack,0.20107238605898123,0.36193029490616624,0.4164670810762583,2.855227882037534,0.19115946670100292,1.2064343163538873,0.5357499518519112,0.09595099742956278,0.14586124060229516
12983,Danel Sinani,30,2080,5,5.747947253286839,3,3.705269183032215,49,45,4,0,F M S,St. Pauli,2,3.474617220461369,9.47156412154436,5.238701125606895,Bundesliga,attack,0.21634615384615385,0.12980769230769232,0.15034401434688616,2.1201923076923075,0.1603241473427401,1.9471153846153846,0.4098272937206694,0.22667456793491372,0.07091055551961978
13102,Johan Manzambi,27,2145,5,4.023786528035998,4,3.578555628657341,51,19,4,2,M S,Freiburg,5,4.023786528035998,12.458620447665451,7.704472800716758,Bundesliga,midfield,0.2097902097902098,0.16783216783216784,0.1688302039735384,2.1398601398601396,0.15014918721639192,0.7972027972027973,0.5227393194824664,0.3232645930370667,0.07889777505952938
13427,Bazoumana Touré,30,2379,5,5.141797917895019,9,7.229519298300147,48,44,2,0,D F M S,Hoffenheim,5,5.141797917895019,16.133680978789926,6.017529154196382,Bundesliga,attack,0.18915510718789408,0.34047919293820933,0.19451946725958458,1.815889029003783,0.2735000995573826,1.664564943253468,0.6103536309756592,0.22764927443365882,0.10712078995614623
13573,Lennart Karl,26,1268,5,7.12136466614902,5,2.79079039208591,42,23,1,0,M S,Bayern Munich,5,7.12136466614902,17.725263914093375,9.104842718690634,Bundesliga,midfield,0.35488958990536273,0.35488958990536273,0.5054596371872333,2.9810725552050474,0.19808449155183902,1.6324921135646688,1.2581023282873847,0.6462427797177894,0.16955630157497667
13856,Christian Kofane,29,1231,5,8.046371582895517,4,2.242532966658473,46,17,3,0,F M S,Bayer Leverkusen,5,8.046371582895517,11.18430045247078,1.869088165462017,Bundesliga,attack,0.3655564581640942,0.2924451665312754,0.5882806193831004,3.363119415109667,0.16395448172157803,1.2428919577579203,0.817698652089659,0.13665144995254389,0.17492112136729385
13857,Ernest Poku,29,1471,5,3.727354511618614,5,3.15851978585124,27,27,0,0,D M S,Bayer Leverkusen,5,3.727354511618614,10.750237088650463,4.377705059945583,Bundesliga,midfield,0.30591434398368456,0.30591434398368456,0.22805024204328705,1.6519374575118966,0.193247301649634,1.6519374575118966,0.6577303453287163,0.26784055431346193,0.1380501670969857
13866,Ilyas Ansah,33,1960,5,3.8260167790576816,1,1.5223449170589447,33,17,1,0,F M S,Union Berlin,5,3.8260167790576816,6.577519843354821,2.9834984317421918,Bundesliga,attack,0.22959183673469385,0.04591836734693878,0.1756844439363221,1.5153061224489797,0.06990359313025767,0.7806122448979592,0.3020289723989458,0.13699737696775371,0.11593990239568731
13925,Ransford Königsdörffer,33,2425,5,8.097989899106324,0,1.2930769845843315,65,20,2,0,F M S,Hamburger SV,5,7.340213228948414,10.459908859804273,2.80921021476388,Bundesliga,attack,0.18556701030927836,0.0,0.27242028478571434,2.4123711340206184,0.04799048602581025,0.7422680412371134,0.3882028030442823,0.1042593481768038,0.11292635736843715
6415,Nikolas Nartey,28,1255,4,4.401471285149455,3,3.354308173060417,22,24,2,0,F M S,VfB Stuttgart,4,4.401471285149455,12.59413393214345,5.368743376806378,Bundesliga,attack,0.2868525896414343,0.21513944223107567,0.31564335909438324,1.5776892430278886,0.24054799647445224,1.7211155378486054,0.903164983181602,0.38500948518930206,0.2000668765977025
7267,Woo-Yeong Jeong,28,1182,4,2.681515445932746,1,0.4271412957459688,22,6,0,0,F M S,Union Berlin,4,2.681515445932746,4.1683559119701385,1.4844767227768898,Bundesliga,attack,0.3045685279187817,0.07614213197969542,0.204176302989803,1.6751269035532994,0.03252344891466768,0.45685279187817257,0.317387505987574,0.1130312225464637,0.12188706572421572
7376,Ozan Kabak,25,1731,4,4.639676934108138,0,0.4478818494826555,35,9,5,0,D S,Hoffenheim,4,4.639676934108138,8.401237551122904,5.430384643375874,Bundesliga,,0.20797227036395147,0.0,0.2412310364354318,1.8197573656845756,0.023286751272928362,0.46793760831889086,0.4368061118434785,0.28234235580810435,0.13256219811737538
8989,Ansgar Knauff,28,1302,4,3.700697695836425,1,2.9085339084267616,34,17,3,0,D F M S,Eintracht Frankfurt,4,3.700697695836425,9.420183572918177,3.920056432485581,Bundesliga,attack,0.2764976958525346,0.06912442396313365,0.2558085964863888,2.3502304147465436,0.20105073099724158,1.1751152073732718,0.6511647631049431,0.27097164279854247,0.10884404987754191
9069,Romano Schmid,34,3004,4,7.935770924203098,8,10.276878538541496,57,87,4,0,F M,Werder Bremen,1,4.904664213769138,17.899825293570757,6.946343030780554,Bundesliga,attack,0.11984021304926765,0.2396804260985353,0.14694400107830305,1.7077230359520639,0.3078958283850648,2.6065246338215715,0.5362797191815473,0.20811280718050926,0.08604674059244101
9730,Patrick Wimmer,25,1678,4,3.6373985055834055,3,2.249568970873952,24,16,4,0,F M S,Wolfsburg,4,3.6373985055834055,8.324480776675045,3.472630725242197,Bundesliga,attack,0.21454112038140644,0.1609058402860548,0.19509288766537933,1.2872467222884385,0.12065626184663628,0.8581644815256257,0.4464858581053362,0.18625552161608924,0.15155827106597522
9783,Jae-Sung Lee,28,2229,4,4.2225238950923085,2,3.3260836768895388,30,22,4,0,F M S,Mainz 05,4,4.2225238950923085,9.91366148367524,3.64221465587616,Bundesliga,attack,0.16150740242261102,0.08075370121130551,0.17049221649094112,1.2113055181695829,0.13429678372366913,0.8882907133243607,0.40028242868136904,0.1470611570340307,0.14075079650307695
11354,Yuito Suzuki,25,1645,4,4.17771103978157,2,2.0996621567755938,38,25,3,0,M S,Freiburg,4,4.17771103978157,8.436173535883427,3.1268309205770493,Bundesliga,midfield,0.2188449848024316,0.1094224924012158,0.22856777725248714,2.0790273556231003,0.1148751331974489,1.3677811550151977,0.4615535673127711,0.1710728163233644,0.10993976420477818
11856,Marvin Pieringer,27,1689,4,5.809882741421461,1,2.210926704108715,32,17,2,0,F M S,FC Heidenheim,3,5.0521060936152935,7.950898176059127,3.375379236415029,Bundesliga,attack,0.21314387211367672,0.05328596802841918,0.2692063637805663,1.7051509769094138,0.1178113696683152,0.9058614564831262,0.42367130600670305,0.1798603500754012,0.15787831542547792
12941,Antonio Nusa,31,2048,4,5.204239755868912,3,4.748528776690364,61,33,0,0,F M S,RasenBallsport Leipzig,4,5.204239755868912,16.717872930690646,8.048371147364378,Bundesliga,attack,0.17578125,0.1318359375,0.22870194239658304,2.6806640625,0.20867558100690076,1.4501953125,0.7346721502744913,0.35368818518691114,0.08531540583391659
13020,Bilal El Khannouss,25,1654,4,3.092769087292254,5,5.275783350691199,42,44,6,0,F M S,VfB Stuttgart,4,3.092769087292254,11.292239958420396,5.437266502529383,Bundesliga,attack,0.21765417170495766,0.2720677146311971,0.16828852349232337,2.2853688029020556,0.2870740638223748,2.3941958887545343,0.6144507837109042,0.2958609342367862,0.07363735922124415
13063,Konstantinos Koulierakis,29,2476,4,3.5553980004042387,1,1.7689252914860845,26,14,5,0,D S,Wolfsburg,4,3.5553980004042387,7.746201686561108,6.606250849552453,Bundesliga,,0.14539579967689822,0.036348949919224556,0.1292349838596048,0.9450726978998385,0.06429857683107738,0.5088852988691438,0.2815662971690225,0.2401302812842168,0.13674607693862456
13122,Nathaniel Brown,33,2668,4,2.06600034981966,4,3.1800129488110542,18,34,3,0,D M S,Eintracht Frankfurt,4,2.06600034981966,10.054680230095984,6.042703531682491,Bundesliga,midfield,0.13493253373313344,0.13493253373313344,0.0696926654736767,0.6071964017991005,0.10727180112181217,1.1469265367316341,0.33917586983082404,0.20383932453201808,0.11477779721220334
13191,Assan Ouédraogo,19,970,4,2.8071718588471413,3,3.0103504192084074,27,14,0,0,F M S,RasenBallsport Leipzig,4,2.8071718588471413,8.333011165261269,5.714822366833687,Bundesliga,attack,0.3711340206185567,0.27835051546391754,0.2604592446353018,2.5051546391752577,0.2793108636378935,1.2989690721649485,0.7731659844056847,0.5302412505309606,0.10396932810544968
13860,Wouter Burger,30,2486,4,4.212299581617117,5,5.882515028119087,36,51,7,1,M,Hoffenheim,4,4.212299581617117,14.252158349379895,7.125719597563148,Bundesliga,midfield,0.14481094127111827,0.18101367658889783,0.1524967668324781,1.3032984714400644,0.21296313456585594,1.8463395012067578,0.5159671164296824,0.2579705405392934,0.11700832171158658
13885,Andréas Hountondji,21,1092,4,4.958361548837274,0,0.7058144751936197,21,6,2,0,F M S,St. Pauli,4,4.200584930833429,3.75940072350204,0.1124955490231514,Bundesliga,attack,0.32967032967032966,0.0,0.3462020547390189,1.7307692307692308,0.058171522680792835,0.4945054945054945,0.30984071896994836,0.009271611183226764,0.2000278538492109
125,Maximilian Eggestein,34,3060,3,3.3948508631438017,1,1.4131045453250408,44,19,4,0,M,Freiburg,3,3.3948508631438017,10.904619429260492,8.16909633204341,Bundesliga,midfield,0.08823529411764705,0.029411764705882353,0.09984855479834712,1.2941176470588234,0.04156189839191296,0.5588235294117647,0.3207241008606027,0.24026753917774735,0.0771557014350864
315,Matthias Ginter,32,2845,3,2.0582033302634954,3,2.107471376657486,19,14,3,0,D,Freiburg,3,2.0582033302634954,11.456075862050056,9.3837448656559,Bundesliga,,0.09490333919156416,0.09490333919156416,0.06511012292573448,0.6010544815465729,0.06666869029847936,0.44288224956063266,0.3624066177801424,0.2968495739574802,0.10832649106649976
646,Christian Eriksen,31,2446,3,5.570981449447572,9,7.904180903919041,38,62,4,0,M S,Wolfsburg,0,2.539874809794128,14.289100974798204,8.979044845327735,Bundesliga,midfield,0.11038430089942763,0.3311529026982829,0.09345410175039719,1.3982011447260834,0.2908324944205698,2.2812755519215044,0.5257641405281432,0.33038186266537045,0.066838810784056
1055,Aleix García,33,2708,3,2.478695845231414,7,6.065944831818342,30,49,6,0,M S,Bayer Leverkusen,3,2.478695845231414,21.396803221665323,18.524734436534345,Bundesliga,midfield,0.09970457902511079,0.2326440177252585,0.08237910859336309,0.9970457902511077,0.20160082528199808,1.6285081240768093,0.7111197525664251,0.6156669495155432,0.08262319484104713
5969,Jean-Luc Dompe,20,1132,3,2.179867002181709,0,4.045239001512528,25,33,0,0,F M S,Hamburger SV,2,1.4220903245732188,5.373646780848503,1.3945018351078031,Bundesliga,attack,0.2385159010600707,0.0,0.11306371838479655,1.9876325088339224,0.3216179418163671,2.6236749116607774,0.4272334013042096,0.11087028724355324,0.05688361298292875
6109,Konrad Laimer,29,1997,3,2.826949080452323,9,4.989689355716109,17,43,9,0,D M S,Bayern Munich,3,2.826949080452323,20.52084405720234,14.751735255122185,Bundesliga,midfield,0.13520280420630948,0.40560841261892844,0.12740381434186734,0.7661492238357537,0.2248733310037305,1.9379068602904355,0.9248252204047123,0.6648253244671991,0.1662911223795484
6273,Robin Koch,32,2840,3,1.926746228709817,1,0.7194755170494318,15,10,1,1,D,Eintracht Frankfurt,3,1.926746228709817,8.281017616391182,7.552546437829733,Bundesliga,,0.09507042253521125,0.03169014084507042,0.06105885936052237,0.4753521126760563,0.022800280469876363,0.31690140845070425,0.2624266146039459,0.23934126035375913,0.12844974858065447
6475,Lucas Höler,33,2070,3,5.246343094855547,1,2.082939330488444,33,24,4,0,F M S,Freiburg,3,5.246343094855547,8.25760810635984,2.614948822185397,Bundesliga,attack,0.13043478260869565,0.043478260869565216,0.2281018736893716,1.434782608695652,0.09056257958645408,1.0434782608695652,0.3590264394069495,0.11369342705153901,0.15898009378350142
7783,Xaver Schlager,26,1844,3,2.157680917531252,1,2.197766998782754,21,21,6,0,M S,RasenBallsport Leipzig,3,2.157680917531252,20.343336034566164,17.009082730859518,Bundesliga,midfield,0.14642082429501085,0.04880694143167028,0.1053098061701804,1.024945770065076,0.10726628519004765,1.024945770065076,0.9928960103638583,0.830161304651495,0.10274671035863105
7882,Sheraldo Becker,14,975,3,4.820014007389545,3,3.5413313172757626,29,17,2,0,F S,Mainz 05,3,4.820014007389545,10.662561360746622,2.4736453220248222,Bundesliga,attack,0.27692307692307694,0.27692307692307694,0.44492436991288115,2.6769230769230767,0.3268921215946858,1.5692307692307692,0.9842364332996881,0.22833649126382977,0.16620737956515674
8205,Jan Thielmann,26,1582,3,2.051962135359645,1,0.9982307981699704,27,14,4,0,D F M S,FC Cologne,3,2.051962135359645,7.126834977418184,4.80776459723711,Bundesliga,attack,0.1706700379266751,0.056890012642225034,0.11673615182197727,1.5360303413400758,0.056789362727748004,0.7964601769911505,0.40544573196437206,0.27351378871766113,0.07599859760591278
9201,Eren Sami Dinkci,22,1401,3,4.117178400978446,1,1.117031842470169,29,10,4,0,D F M S,"FC Heidenheim,Freiburg",3,4.117178400978446,6.608787912875414,2.334158256649971,Bundesliga,attack,0.19271948608137046,0.06423982869379015,0.2644868351806282,1.8629550321199144,0.07175793420579245,0.6423982869379015,0.42454740339670755,0.14994592655139,0.14197166899925676
9724,David Raum,30,2570,3,2.401866391301155,7,11.038921784609556,24,96,6,0,D S,RasenBallsport Leipzig,2,1.644089713692665,20.633256940171123,16.384972443804145,Bundesliga,,0.10505836575875487,0.245136186770428,0.057575126160443524,0.8404669260700389,0.3865770274765992,3.3618677042801557,0.7225654181382883,0.5737928093160984,0.06850373807052772
10187,Jarell Quansah,28,2303,3,3.567939020693302,0,0.9014928825199604,18,11,9,0,D S,Bayer Leverkusen,3,3.567939020693302,12.289946498349307,9.830473124980928,Bundesliga,,0.11723838471558835,0.0,0.13943313584993364,0.7034303082935301,0.035229856459746606,0.42987407729049065,0.4802844919024914,0.3841695967209221,0.19821883448296124
10289,Tom Bischof,26,1282,3,1.9813645593822,3,2.8520854637026787,30,24,2,0,D M S,Bayern Munich,3,1.9813645593822,11.289959888905289,8.018809024244547,Bundesliga,midfield,0.2106084243369735,0.2106084243369735,0.13909735596286896,2.1060842433697347,0.20022440852826917,1.684867394695788,0.7925868876766583,0.5629429112184159,0.06604548531274
10830,Jean Négoce,27,1322,3,2.1764128422364597,4,4.017119113355875,29,31,2,0,F M S,Eintracht Frankfurt,3,2.1764128422364597,8.62068572640419,3.9261697940528393,Bundesliga,attack,0.2042360060514372,0.2723146747352496,0.14816728880581043,1.9742813918305597,0.27348012118156484,2.1104387291981848,0.5868848073951416,0.26728841260571523,0.07504871869780895
11484,Ibrahim Maza,28,1845,3,6.0146804098039865,4,4.390553383156657,53,28,2,0,M S,Bayer Leverkusen,3,6.0146804098039865,17.926695466041565,9.699600376188757,Bundesliga,midfield,0.14634146341463414,0.1951219512195122,0.29339904438068226,2.5853658536585367,0.21417333576373937,1.3658536585365855,0.8744729495630031,0.47315123786286617,0.11348453603403748
11547,Aleksandar Pavlovic,24,1451,3,1.549274168908596,1,1.9520273748785255,10,21,2,0,M S,Bayern Munich,3,1.549274168908596,14.45808819681406,12.501133061945438,Bundesliga,midfield,0.18607856650585802,0.06202618883528601,0.09609557215835537,0.6202618883528601,0.12107681856586305,1.3025499655410062,0.8967801086928088,0.775397639955265,0.1549274168908596
11865,Jan Schöppner,31,2286,3,2.7691161446273327,3,2.977410864084959,25,14,5,0,M S,FC Heidenheim,3,2.7691161446273327,9.141754516400397,5.333098980598152,Bundesliga,midfield,0.11811023622047244,0.11811023622047244,0.1090203206546194,0.9842519685039369,0.11722090016082515,0.5511811023622047,0.3599115951338739,0.2099645267952028,0.1107646457850933
12904,Samuel Mbangula,26,1160,3,1.8366767894476648,2,1.0369327440857887,17,14,0,0,F M S,Werder Bremen,3,1.8366767894476648,4.303910743445158,1.90781073551625,Bundesliga,attack,0.23275862068965517,0.15517241379310345,0.1425007853881809,1.3189655172413792,0.08045167842044912,1.0862068965517242,0.33392410940522776,0.14801979844522628,0.10803981114398029
12920,Leopold Querfeld,31,2701,3,3.893261847086251,0,2.300974193960428,29,21,7,0,D S,Union Berlin,1,1.6199317695572972,4.945359595119953,3.97544520162046,Bundesliga,,0.09996297667530545,0.0,0.05397773389861412,0.9663087745279527,0.07667074322711533,0.699740836727138,0.16478428861932462,0.13246577865451367,0.05585971619163094
12924,Marco Grüll,33,2039,3,4.225460607558489,1,2.3132778629660606,43,33,5,0,F M S,Werder Bremen,3,4.225460607558489,9.543412220664322,4.941745131276548,Bundesliga,attack,0.13241785188818048,0.04413928396272683,0.18650880563034036,1.8979892103972535,0.10210642847814883,1.4565963707699852,0.42123938198125993,0.21812509162083832,0.09826652575717416
12928,Alexander Prass,32,1269,3,1.6435396876186132,2,2.1666669230908155,18,18,4,0,D M S,Hoffenheim,3,1.6435396876186132,6.382722614333034,3.386800726875663,Bundesliga,midfield,0.2127659574468085,0.14184397163120568,0.1165630984126676,1.2765957446808511,0.15366432078658265,1.2765957446808511,0.45267536271865483,0.24019863311174916,0.09130776042325629
12934,Shuto Machino,32,1046,3,3.816984537988901,1,1.0832749512046576,25,14,2,0,F M S,Borussia M.Gladbach,3,3.816984537988901,6.017082850448787,1.487306335940957,Bundesliga,attack,0.25812619502868067,0.08604206500956023,0.32842123175812726,2.1510516252390057,0.09320721377477932,1.2045889101338434,0.5177222337862245,0.12797090844616266,0.15267938151955604
13078,Chema Andres,25,1299,3,1.97593117505312,0,1.2185792801901698,15,15,5,0,M S,VfB Stuttgart,3,1.97593117505312,8.577176412567496,7.514525938779116,Bundesliga,midfield,0.20785219399538105,0.0,0.13690054330622078,1.0392609699769053,0.08442812564827967,1.0392609699769053,0.5942616452125287,0.5206369010701466,0.13172874500354134
13429,Julian Niehues,24,1416,3,2.098195953294635,0,0.7285752408206463,18,7,1,0,M S,FC Heidenheim,3,2.098195953294635,4.336162481456995,2.817117601633072,Bundesliga,midfield,0.1906779661016949,0.0,0.13335991228567595,1.1440677966101696,0.04630774835724447,0.44491525423728817,0.2756035475502327,0.17905408484955965,0.11656644184970194
13865,Robin Fellhauer,34,2829,3,2.591770839877426,2,2.142268791794777,29,31,2,0,D M S,Augsburg,3,2.591770839877426,8.661767035722733,4.585818454623222,Bundesliga,midfield,0.09544008483563098,0.06362672322375398,0.08245294294413869,0.9225874867444327,0.06815277174320605,0.9862142099681867,0.27555992690528314,0.14589030078334747,0.08937140827163538
13919,Jens Castrop,26,1613,3,4.301225297152996,1,1.405629888176918,30,18,2,2,D F M S,Borussia M.Gladbach,3,4.301225297152996,8.649649377912283,4.086695464327931,Bundesliga,attack,0.16738995660260383,0.05579665220086794,0.2399939719428206,1.6738995660260383,0.0784294419937524,1.004339739615623,0.4826214779988255,0.22802392547397013,0.14337417657176654
13966,Martijn Kaars,29,1331,3,3.80478292517364,1,1.339794876985252,23,10,2,0,F S,St. Pauli,2,3.047006232663989,6.194270332343876,3.194861490279436,Bundesliga,attack,0.20285499624342598,0.067618332081142,0.20603347929358304,1.555221637866266,0.09059469491260155,0.67618332081142,0.418846228332794,0.21603120520296712,0.13247853185495603
40,Stefan Bell,18,1044,2,1.840271808207035,1,1.202451154589653,12,5,4,0,D S,Mainz 05,2,1.840271808207035,3.578166848048568,1.6757325250655413,Bundesliga,,0.17241379310344826,0.08620689655172413,0.1586441213971582,1.0344827586206897,0.10365958229221148,0.43103448275862066,0.30846265931453176,0.14445970043668457,0.15335598401725292
106,Waldemar Anton,32,2880,2,1.8469386994838717,0,0.4476184593513608,16,8,3,0,D,Borussia Dortmund,2,1.8469386994838717,13.16260596551001,12.66744858212769,Bundesliga,,0.0625,0.0,0.05771683435887098,0.5,0.013988076854730025,0.25,0.41133143642218783,0.3958577681914904,0.11543366871774198
183,Jonathan Tah,28,2031,2,0.6638064542785287,1,0.5882400423288345,8,5,7,0,D S,Bayern Munich,2,0.6638064542785287,11.72725062072277,11.33160012960434,Bundesliga,,0.08862629246676515,0.044313146233382575,0.029415352479107624,0.3545051698670606,0.0260667670160488,0.22156573116691286,0.5196713716716146,0.502138853601374,0.08297580678481609
223,Joshua Kimmich,29,2268,2,2.3646036218851805,8,7.569489678367972,28,56,3,0,M S,Bayern Munich,2,2.3646036218851805,27.785482317209244,21.9056276679039,Bundesliga,midfield,0.07936507936507936,0.31746031746031744,0.09383347705893573,1.1111111111111112,0.3003765745384116,2.2222222222222223,1.1025985046511604,0.8692709392025357,0.08445012935304216
249,Danny da Costa,34,2689,2,2.4268228095024824,3,2.82913017924875,14,16,3,0,D M S,Mainz 05,2,2.4268228095024824,9.897982249036431,7.192822508513928,Bundesliga,midfield,0.06693938267013759,0.10040907400520639,0.08122501035895255,0.46857567869096317,0.09469011384618353,0.5355150613611007,0.33128241071523945,0.24074154918789645,0.17334448639303446
269,Dominik Kohr,29,2366,2,1.8827898502349851,0,1.911913337185979,16,10,9,2,D S,Mainz 05,2,1.8827898502349851,7.240472108125687,6.1323061883449554,Bundesliga,,0.0760777683854607,0.0,0.07161922507233671,0.6086221470836856,0.07272705001975406,0.3803888419273035,0.27541948002168715,0.2332660849328174,0.11767436563968657
320,Jonas Hofmann,23,997,2,2.1885164361447096,2,2.7552873007953167,23,16,2,0,D M S,Bayer Leverkusen,2,2.1885164361447096,9.790684130042791,5.792823223397136,Bundesliga,midfield,0.18054162487462388,0.18054162487462388,0.19755915672319346,2.0762286860581747,0.24872202314100153,1.444332998996991,0.8838130107360593,0.5229228586817876,0.09515288852803085
1139,Silvan Widmer,27,1855,2,2.7386183850467205,1,1.8089449182152748,20,8,5,0,D M S,Mainz 05,2,2.7386183850467205,7.704604331403971,4.957497945055366,Bundesliga,midfield,0.09703504043126686,0.04851752021563343,0.13287097285940963,0.9703504043126685,0.08776552163847695,0.38814016172506743,0.37380829640234897,0.24052550676818482,0.13693091925233603
3314,Franck Honorat,28,2021,2,0.8942651934921741,6,7.341735703870654,17,45,0,0,D F M S,Borussia M.Gladbach,2,0.8942651934921741,9.130235239863396,3.1209773272275925,Bundesliga,attack,0.08906481939633845,0.2671944581890153,0.03982378397540607,0.7570509648688768,0.3269451822604448,2.0039584364176153,0.4065913763422591,0.1389846409947963,0.05260383491130436
5257,Willi Orban,33,2952,2,3.142488135956228,0,0.7130345124751329,20,11,4,0,D,RasenBallsport Leipzig,2,3.142488135956228,16.448472633957863,15.863021917641165,Bundesliga,,0.06097560975609756,0.0,0.09580756512061671,0.6097560975609756,0.021738857087656493,0.33536585365853655,0.5014778242060324,0.483628717001255,0.1571244067978114
5263,Lukas Kübler,23,1616,2,2.6487669441848998,2,1.39156642742455,19,11,3,0,D S,Freiburg,2,2.6487669441848998,4.891823662444949,3.227331643924117,Bundesliga,,0.11138613861386139,0.11138613861386139,0.14751796100039666,1.058168316831683,0.07750060548775341,0.6126237623762376,0.2724406742698301,0.17974000492151643,0.13940878653604735
5344,Hauke Wahl,30,2591,2,0.5231343070045114,1,0.6354480646550655,10,6,1,0,D S,St. Pauli,2,0.5231343070045114,3.7871760576963434,3.6133358404040337,Bundesliga,,0.06947124662292552,0.03473562331146276,0.01817139622941182,0.34735623311462754,0.022072684607856385,0.2084137398687765,0.1315499209543307,0.12551147265008222,0.052313430700451136
6445,Elvis Rexhbecaj,26,1098,2,0.5392126142978668,0,0.7069284673780203,11,9,3,0,D M S,Augsburg,2,0.5392126142978668,2.577535273507237,1.4284834694117308,Bundesliga,midfield,0.16393442622950818,0.0,0.04419775527031695,0.9016393442622951,0.057944956342460684,0.7377049180327869,0.21127338307436372,0.11708880896817465,0.04901932857253335
6638,Linton Maina,24,1007,2,1.2888539992272854,0,3.1843907181173563,20,17,0,0,D F M S,FC Cologne,2,1.2888539992272854,6.206527906470001,2.01717865280807,Bundesliga,attack,0.17874875868917575,0.0,0.11519052624672858,1.7874875868917577,0.2846029440224052,1.519364448857994,0.5547045795256207,0.18028409012187321,0.06444269996136427
6708,Bote Baku,32,2538,2,3.1076600458472967,3,5.799184195697308,30,37,4,0,D S,RasenBallsport Leipzig,2,3.1076600458472967,19.285520542413,15.120991684496405,Bundesliga,,0.07092198581560284,0.10638297872340426,0.11020071084564882,1.0638297872340425,0.2056448296346563,1.3120567375886525,0.6838837071777659,0.5362053788828512,0.10358866819490989
7264,Han-Noah Massengo,33,2455,2,1.7316314969211817,1,1.635585960932076,20,17,5,0,M S,Augsburg,2,1.7316314969211817,8.934063652530313,5.818135930225253,Bundesliga,midfield,0.07331975560081466,0.03665987780040733,0.06348139907246694,0.7331975560081466,0.0599603814598317,0.6232179226069247,0.32752168176282204,0.213292152228217,0.08658157484605908
7410,Andras Schafer,28,1420,2,1.778747895732522,1,0.7768908403813839,27,6,2,1,M S,Union Berlin,2,1.778747895732522,5.5322664473205805,3.3308603167533875,Bundesliga,midfield,0.1267605633802817,0.06338028169014084,0.11273754268727253,1.7112676056338028,0.049239560305862365,0.380281690140845,0.3506366058160931,0.21111086514634148,0.06587955169379711
7743,Pereira Lage,28,2067,2,4.428796678781509,2,2.062663111835718,43,24,3,0,D F M S,St. Pauli,2,4.428796678781509,6.917279999703169,2.1819291338324547,Bundesliga,attack,0.08708272859216255,0.08708272859216255,0.19283584958410055,1.872278664731495,0.08981116597252765,1.0449927431059507,0.3011878084050727,0.09500417128443199,0.10299527159956999
7877,Robert Andrich,32,2550,2,0.8109990963712335,0,0.5380814289674163,12,12,4,1,D M S,Bayer Leverkusen,2,0.8109990963712335,14.814566032029688,14.427350432612002,Bundesliga,midfield,0.07058823529411765,0.0,0.02862349751898471,0.4235294117647058,0.018991109257673517,0.4235294117647058,0.5228670364245772,0.509200603503953,0.06758325803093612
9053,Eric Martel,31,2579,2,1.814234547317028,2,2.0577999372035265,23,14,10,1,D M S,FC Cologne,2,1.814234547317028,9.843018800020218,7.845337048172951,Bundesliga,midfield,0.06979449398991858,0.06979449398991858,0.06331179110451048,0.8026366808840636,0.07181155267480317,0.48856145792943007,0.3434942582403333,0.27378066472879625,0.0788797629268273
9202,Felix Nmecha,29,2208,2,3.364070465788245,3,1.8235643226653335,33,20,0,0,M S,Borussia Dortmund,2,2.6062937285751104,12.040448106825352,9.09173360094428,Bundesliga,midfield,0.08152173913043478,0.12228260869565218,0.10623479871909418,1.345108695652174,0.07433006749994567,0.8152173913043479,0.4907791347890768,0.3705869674297941,0.07897859783560941
9458,Josip Stanisic,26,1842,2,1.4695102348923683,3,3.6430143248289824,7,24,1,0,D S,Bayern Munich,2,1.4695102348923683,17.444418190047145,15.49496734701097,Bundesliga,,0.09771986970684039,0.1465798045602606,0.07180017434327532,0.34201954397394135,0.17799744258122066,1.1726384364820848,0.8523331363215217,0.7570830951308293,0.2099300335560526
9674,Joe Scally,32,2615,2,2.700111205689609,3,1.6180403884500263,17,18,8,0,D M S,Borussia M.Gladbach,2,2.700111205689609,9.640508973039688,6.971373248845339,Bundesliga,midfield,0.06883365200764818,0.10325047801147227,0.09292925755719496,0.5850860420650096,0.05568781451644451,0.6195028680688337,0.33179571991341184,0.23993254011322393,0.15883007092291818
9725,Angelo Stiller,34,2752,2,3.622028611600399,5,6.064722905866802,17,54,1,0,M S,VfB Stuttgart,2,2.864251904189586,19.65218799188733,14.8945678062737,Bundesliga,midfield,0.06540697674418605,0.1635174418604651,0.09367102884340944,0.5559593023255813,0.19833759503198115,1.7659883720930232,0.6426951014788734,0.4871043250598231,0.1684854061287992
9745,Dimitris Giannoulis,27,1957,2,0.9717476665973664,5,3.862480258569122,10,33,8,0,D S,Augsburg,2,0.9717476665973664,6.426895641721785,3.064006181433797,Bundesliga,,0.09197751660705161,0.22994379151762903,0.04468946857116147,0.45988758303525806,0.17763067106347522,1.5176290240163517,0.29556495030912655,0.14090983971846793,0.09717476665973665
9931,Lovro Majer,28,1390,2,3.5951214293017983,3,2.931819343939424,27,21,5,0,M S,Wolfsburg,2,3.5951214293017983,8.230100117623806,2.8397826477885246,Bundesliga,midfield,0.12949640287769784,0.19424460431654675,0.2327776465015553,1.7482014388489207,0.18983002946370373,1.3597122302158273,0.5328841802778004,0.18387081892155913,0.13315264552969625
9986,Kristijan Jakic,26,1655,2,1.4403803190216422,1,1.360763007774949,18,13,5,0,D M S,Augsburg,2,1.4403803190216422,4.3531388053670526,3.167064012028277,Bundesliga,midfield,0.10876132930513595,0.054380664652567974,0.07832883910087479,0.9788519637462235,0.07399919679742926,0.7069486404833838,0.23672658156074605,0.17222704597132624,0.08002112883453567
10248,Arijon Ibrahimovic,32,2196,2,5.665725396946073,4,6.767920413985848,47,56,1,0,D F M S,FC Heidenheim,1,4.907948734238744,12.540066696703434,3.623182998038829,Bundesliga,attack,0.08196721311475409,0.16393442622950818,0.20114543992781736,1.9262295081967213,0.2773737874584364,2.295081967213115,0.5139371597009604,0.14849110647700117,0.10442444115401582
10497,Yannick Engelhardt,31,2506,2,2.415684091858566,2,1.0784621722996235,21,15,7,0,M S,Borussia M.Gladbach,2,2.415684091858566,8.806699713692069,6.679585227742791,Bundesliga,midfield,0.07182761372705507,0.07182761372705507,0.08675641191830444,0.7541899441340782,0.03873168216558903,0.538707102952913,0.3162821126226202,0.23988933379762617,0.11503257580278885
10550,Tom Rothe,21,1018,2,1.6000693328678608,0,0.9030134752392768,19,11,1,1,D S,Union Berlin,2,1.6000693328678608,2.1565405651926994,1.3000704422593117,Bundesliga,,0.1768172888015717,0.0,0.14145996066611735,1.6797642436149314,0.07983419722154707,0.9724950884086444,0.1906568279639911,0.11493746542567589,0.08421417541409794
10750,Rasmus Kristensen,22,1555,2,1.1268442515283823,0,1.3801484052091837,15,8,4,1,D S,Eintracht Frankfurt,2,1.1268442515283823,6.246252434328198,5.263705998659134,Bundesliga,,0.11575562700964631,0.0,0.06521928143894175,0.8681672025723474,0.07987997200567623,0.46302250803858525,0.3615194334980951,0.30465179413461224,0.07512295010189216
10792,Farès Chaïbi,28,1822,2,3.5245760353282094,9,5.035042706876993,35,40,2,0,D F M S,Eintracht Frankfurt,2,3.5245760353282094,11.084196873009205,5.737020939588547,Bundesliga,attack,0.09879253567508232,0.44456641053787044,0.1741009018548512,1.7288693743139407,0.2487123181223542,1.9758507135016468,0.547517957503199,0.28338742292149793,0.10070217243794884
10863,Aaron Zehnter,20,1467,2,1.8096191370859744,0,1.0538889579474926,11,16,0,0,D M S,Wolfsburg,2,1.8096191370859744,5.76640553586185,3.103568371385336,Bundesliga,midfield,0.12269938650306748,0.0,0.11101957896232971,0.6748466257668712,0.06465576429125722,0.9815950920245399,0.35376721078907053,0.1904029675696525,0.16451083064417948
10946,Yan Couto,19,989,2,0.9633320793509484,2,2.849770877510309,9,17,4,0,D M S,Borussia Dortmund,2,0.9633320793509484,6.886968974024057,4.392777647823095,Bundesliga,midfield,0.1820020222446916,0.1820020222446916,0.08766419326752817,0.8190091001011123,0.2593320313204528,1.5470171890798785,0.6267211402044137,0.39974720758754156,0.10703689770566094
11604,Mert Kömür,28,1455,2,4.645504482090473,4,2.76681075245142,41,21,1,0,F M S,Augsburg,2,4.645504482090473,7.051191717386246,1.7611310807988048,Bundesliga,attack,0.12371134020618557,0.24742268041237114,0.2873507927066272,2.536082474226804,0.17114293314132492,1.2989690721649485,0.43615618870430384,0.10893594314219411,0.11330498736806033
11853,Patrick Mainka,34,3060,2,3.0282052140682936,2,1.7703800983726978,37,10,2,0,D,FC Heidenheim,2,3.0282052140682936,8.954858318902552,7.189261053688824,Bundesliga,,0.058823529411764705,0.058823529411764705,0.08906485923730276,1.0882352941176472,0.05207000289331464,0.29411764705882354,0.26337818585007505,0.21144885452025952,0.08184338416400794
11911,Hugo Larsson,25,1839,2,1.4220624901354313,2,1.1869177855551245,13,19,0,0,M S,Eintracht Frankfurt,2,1.4220624901354313,5.631294704973698,3.755781836807728,Bundesliga,midfield,0.09787928221859706,0.09787928221859706,0.06959522790222339,0.636215334420881,0.05808733045131115,0.9298531810766721,0.27559354184210594,0.18380661517819222,0.1093894223181101
11917,Mathias Honsak,27,1263,2,3.318507017567754,1,1.4457622598856688,31,11,1,0,F M S,FC Heidenheim,2,3.318507017567754,6.105871044099331,1.940842181444168,Bundesliga,attack,0.14251781472684086,0.07125890736342043,0.23647318414972116,2.2090261282660335,0.10302343894672224,0.7838479809976248,0.4350976991044654,0.1383022932145488,0.10704861346992754
11982,Jan-Niklas Beste,28,1721,2,3.4977346565574408,2,3.7758378759026527,24,36,5,0,M S,Freiburg,2,3.4977346565574408,10.3288358990103,5.829450925812125,Bundesliga,midfield,0.10459035444509006,0.10459035444509006,0.18291465374210902,1.2550842533410809,0.19745811088392723,1.8826263800116212,0.5401483038413288,0.3048521692754743,0.1457389440232267
12915,Philipp Sander,30,2475,2,1.3780800057575109,0,0.8148279991000891,25,11,4,0,D M S,Borussia M.Gladbach,2,1.3780800057575109,10.055795773863792,8.980093076825142,Bundesliga,midfield,0.07272727272727272,0.0,0.05011200020936403,0.9090909090909092,0.029630109058185056,0.4,0.3656653008677743,0.3265488391572779,0.055123200230300436
12975,Eric Smith,27,2313,2,0.814800588414073,2,0.8954977933317423,12,18,4,1,D M S,St. Pauli,2,0.814800588414073,5.893046077340841,5.734260914847255,Bundesliga,midfield,0.07782101167315175,0.07782101167315175,0.03170430305113124,0.4669260700389105,0.03484427211407558,0.7003891050583657,0.22930140378758138,0.223122992795613,0.06790004903450608
13101,Arthur Chaves,15,1062,2,1.0467653088271618,0,0.2324150362983346,5,4,2,0,D S,"Augsburg,Hoffenheim",2,1.0467653088271618,1.9321790896356104,1.686458982527256,Bundesliga,,0.1694915254237288,0.0,0.08870892447687811,0.423728813559322,0.019696189516808016,0.3389830508474576,0.1637439906470856,0.14292025275654713,0.20935306176543236
13424,Daniel Svensson,33,2454,2,2.9300006814301014,2,4.297698555514216,12,35,0,0,D M S,Borussia Dortmund,2,2.9300006814301014,10.653507748618722,6.346277633681893,Bundesliga,midfield,0.07334963325183373,0.07334963325183373,0.10745723770526044,0.4400977995110024,0.1576173064369517,1.2836185819070904,0.39071544310337614,0.23274856847244108,0.24416672345250845
13910,Ísak Bergmann Jóhannesson,31,1830,2,1.4332966785877943,2,2.4116498064249754,14,33,6,0,M S,FC Cologne,2,1.4332966785877943,9.597796699032187,7.102902231737971,Bundesliga,midfield,0.09836065573770492,0.09836065573770492,0.07049000058628498,0.6885245901639344,0.11860572818483486,1.6229508196721312,0.4720227884769928,0.3493230605772773,0.10237833418484245
14024,Adam Daghim,27,1328,2,3.1088089011609554,3,3.074686413630843,27,18,3,0,F M S,Wolfsburg,2,3.1088089011609554,9.786626935005188,4.455633115023375,Bundesliga,attack,0.13554216867469882,0.2033132530120482,0.21068735022928162,1.8298192771084336,0.20837483224907824,1.2198795180722892,0.6632503193904118,0.30196308761453594,0.11514107041336873
140,Yannick Gerhardt,19,1080,1,1.152172677218914,0,0.9047546237707138,11,8,1,0,D M S,Wolfsburg,1,1.152172677218914,2.5076904222369194,1.179125288501382,Bundesliga,midfield,0.08333333333333334,0.0,0.09601438976824284,0.9166666666666667,0.0753962186475595,0.6666666666666667,0.2089742018530766,0.09826044070844851,0.10474297065626491
153,Maximilian Arnold,25,1837,1,0.367392455227673,4,4.247929247096181,13,29,5,0,M S,Wolfsburg,1,0.367392455227673,5.136144082993269,4.320300527848303,Bundesliga,midfield,0.048992923244420256,0.19597169297768102,0.017999630359548487,0.6369080021774632,0.2081184715507111,1.4207947740881872,0.2516347128303725,0.21166415215370024,0.028260958094436385
2611,Philipp Lienhart,20,1296,1,0.9484050497412682,0,0.1434269901365041,8,4,2,1,D S,Freiburg,1,0.9484050497412682,5.8486660327762365,5.743671094998717,Bundesliga,,0.06944444444444445,0.0,0.06586146178758807,0.5555555555555556,0.009960207648368339,0.2777777777777778,0.4061573633872386,0.3988660482637998,0.11855063121765852
2693,Marius Wolf,29,1002,1,1.7143956972286103,1,3.691459383815527,14,21,4,0,D F M S,Augsburg,1,1.7143956972286103,4.361116588115692,1.4035527957603335,Bundesliga,attack,0.08982035928143711,0.08982035928143711,0.1539876374756237,1.2574850299401197,0.33156820812714316,1.8862275449101795,0.3917170588127867,0.1260676163856587,0.12245683551632931
4312,Marnon Busch,29,1901,1,0.7969588423147798,5,3.2484856420196597,12,16,4,0,D M S,FC Heidenheim,1,0.7969588423147798,6.242594827432185,4.60207387059927,Bundesliga,midfield,0.04734350341925302,0.23671751709626512,0.03773082367613371,0.5681220410310363,0.15379469110035213,0.7574960547080484,0.2955463095575469,0.21787830002837155,0.06641323685956498
5225,Bakery Jatta,15,934,1,1.5474212262779474,1,0.2965631820261478,11,5,1,0,D M S,Hamburger SV,1,1.5474212262779474,2.998817972838878,1.4511013012379408,Bundesliga,midfield,0.09635974304068523,0.09635974304068523,0.14910911173984503,1.0599571734475375,0.028576752015367562,0.4817987152034261,0.28896532928854285,0.13982774851329194,0.14067465693435885
5243,Dayotchanculle Upamecano,24,1805,1,0.8303499147295952,1,1.4384191930294037,8,11,4,0,D S,Bayern Munich,1,0.8303499147295952,14.301490493118765,13.812318220734596,Bundesliga,,0.04986149584487535,0.04986149584487535,0.04140248882308231,0.3988919667590028,0.07172173261642456,0.5484764542936288,0.7130937087981656,0.6887028475712541,0.1037937393411994
5248,Marcel Sabitzer,26,1835,1,1.149563044309616,2,2.240061067044735,20,15,3,0,M S,Borussia Dortmund,1,1.149563044309616,8.931432373821735,6.333587545901537,Bundesliga,midfield,0.04904632152588556,0.09809264305177112,0.056381838685485255,0.9809264305177111,0.10986675533189436,0.7356948228882834,0.4380539038931641,0.3106391711886312,0.057478152215480804
5340,Marco Friedl,30,2552,1,0.729124104604125,0,0.2931987326592207,8,5,9,1,D S,Werder Bremen,1,0.729124104604125,5.801214318722487,5.562721598893404,Bundesliga,,0.03526645768025078,0.0,0.02571362437867212,0.28213166144200624,0.01034008069722957,0.1763322884012539,0.20458827926529147,0.1961774858543912,0.09114051307551563
5347,Jonas Föhrenbach,27,2333,1,0.6362145002931356,1,2.2612353581935167,6,22,3,0,D M S,FC Heidenheim,1,0.6362145002931356,4.08684488851577,2.9511223332956438,Bundesliga,midfield,0.03857693956279468,0.03857693956279468,0.024543208326781914,0.23146163737676811,0.08723153975028568,0.8486926703814831,0.15765796826678927,0.11384526789395968,0.10603575004885595
6626,Joshua Vagnoman,27,1589,1,3.556872447952628,3,2.121924228966236,19,16,3,0,D M S,VfB Stuttgart,1,3.556872447952628,7.574769550934434,3.1966566257178783,Bundesliga,midfield,0.056639395846444306,0.1699181875393329,0.20145910655490026,1.0761485210824417,0.12018450636057977,0.9062303335431089,0.42903037104096853,0.18105670000919388,0.18720381305013833
7058,Kevin Stöger,29,1322,1,2.0543773360550404,1,2.050934341736138,23,27,3,0,M S,Borussia M.Gladbach,1,1.2966006584465504,6.800350913777947,5.208155047148466,Bundesliga,midfield,0.0680786686838124,0.0680786686838124,0.08827084664159571,1.5658093797276853,0.13962487954330743,1.8381240544629347,0.4629588367927498,0.35456426190874585,0.05637394167158915
7106,Philipp Mwene,29,2081,1,2.0332534685730934,2,2.139080299064517,10,18,4,0,D M S,Mainz 05,1,2.0332534685730934,8.51742416061461,6.025996465235949,Bundesliga,midfield,0.043248438250840945,0.08649687650168189,0.0879350370838916,0.4324843825084095,0.09251188222768214,0.7784718885151369,0.36836529286656167,0.2606149360265427,0.20332534685730935
7940,Denis Vavro,17,1168,1,1.6649845857173204,0,0.1777781695127487,12,3,2,0,D S,Wolfsburg,1,1.6649845857173204,1.7065384555608034,1.423941339366138,Bundesliga,,0.07705479452054795,0.0,0.12829504513232776,0.9246575342465753,0.01369866032204399,0.23116438356164382,0.13149697003465094,0.10972150731417159,0.13874871547644338
8643,Chrislain Matsima,18,1494,1,0.5652054697275162,1,0.5844853427261114,7,4,5,0,D S,Augsburg,1,0.5652054697275162,2.247604363597929,2.1535102361813188,Bundesliga,,0.060240963855421686,0.060240963855421686,0.03404852227274194,0.42168674698795183,0.03520996040518744,0.24096385542168675,0.13539785322879092,0.12972953230007944,0.08074363853250231
8965,Vladimir Coufal,34,3032,1,0.9888284020125866,8,7.478693185374141,26,58,4,0,D M,Hoffenheim,1,0.9888284020125866,15.418089099228382,11.00063280761242,Bundesliga,midfield,0.029683377308707123,0.23746701846965698,0.029351766550505542,0.7717678100263852,0.22199287159751735,1.7216358839050132,0.4576609561116604,0.3265359342629016,0.03803186161586872
9233,Joakim Maehle,16,1226,1,0.6766485814005136,2,1.6462530652061105,14,14,1,0,D M S,Wolfsburg,1,0.6766485814005136,5.031030514277518,3.4584580026566982,Bundesliga,midfield,0.0734094616639478,0.1468189233278956,0.04967240809628567,1.0277324632952691,0.12085055127940453,1.0277324632952691,0.369325241668007,0.2538835401624004,0.048332041528608115
9511,Castello Lukeba,26,2176,1,0.8890010062605143,0,0.2401187624782323,8,6,3,0,D S,RasenBallsport Leipzig,1,0.8890010062605143,13.522159865126014,13.34397491067648,Bundesliga,,0.04136029411764706,0.0,0.036769343089819065,0.33088235294117646,0.009931382639265122,0.24816176470588236,0.5592805091274546,0.5519107270040823,0.11112512578256428
9711,Patrick Osterhage,20,1190,1,1.2812672033905983,0,0.3329730369150638,7,6,4,0,M S,Freiburg,1,1.2812672033905983,3.087803818285465,1.5657243579626083,Bundesliga,midfield,0.07563025210084034,0.0,0.0969025616009696,0.5294117647058824,0.02518283472466869,0.45378151260504207,0.2335313812148671,0.11841612791313844,0.1830381719129426
9715,Hiroki Ito,16,918,1,1.4966442808508873,2,1.0980801191180944,10,6,0,0,D S,Bayern Munich,1,1.4966442808508873,5.908010467886925,5.104044854640961,Bundesliga,,0.09803921568627452,0.19607843137254904,0.14672983145596935,0.9803921568627452,0.10765491363902886,0.5882352941176471,0.5792167125379338,0.5003965543765647,0.14966442808508873
9943,Moritz Jenz,22,1795,1,0.6638292074203491,0,0.068161042407155,5,2,6,1,D S,Wolfsburg,1,0.6638292074203491,3.456455777399242,3.388294734992087,Bundesliga,,0.05013927576601671,0.0,0.03328391569238519,0.25069637883008355,0.003417545301751504,0.10027855153203342,0.17330418939606226,0.16988664409431076,0.13276584148406984
9999,Arthur Theate,24,2147,1,1.423735129646957,0,0.5266659539192915,16,11,8,0,D,Eintracht Frankfurt,1,1.423735129646957,9.639633066952229,8.652226217091084,Bundesliga,,0.04191895668374476,0.0,0.05968149122879651,0.6707033069399162,0.022077287309145894,0.46110852352119236,0.40408336098076414,0.3626922960122019,0.08898344560293481
10986,Kim Min-Jae,25,1621,1,0.7258729934692383,1,0.4743431285023689,5,4,1,0,D S,Bayern Munich,1,0.7258729934692383,14.77258349210024,14.365923717617989,Bundesliga,,0.05552128315854411,0.05552128315854411,0.04030140000754562,0.27760641579272055,0.026336139151889704,0.22208513263417645,0.8201927910481318,0.7976145185599129,0.14517459869384766
11868,Arthur,20,1130,1,1.1891322792507708,3,1.199713435024023,10,15,3,0,D S,Bayer Leverkusen,1,1.1891322792507708,6.4784804452210665,5.219180366024375,Bundesliga,,0.07964601769911504,0.23893805309734512,0.0947096505597959,0.7964601769911505,0.09555239747978944,1.1946902654867257,0.5159851682034478,0.4156869318072511,0.11891322792507708
11981,Benedict Hollerbach,14,903,1,2.9790893960744143,2,1.8817622810602188,22,4,0,0,F M S,Mainz 05,1,2.9790893960744143,4.888501934707165,1.3094587735831738,Bundesliga,attack,0.09966777408637874,0.19933554817275748,0.2969192089110712,2.1926910299003324,0.18755105791297863,0.39867109634551495,0.48722610644921904,0.13051084122091433,0.13541315436701884
12028,Olivier Deman,16,1251,1,0.428515175357461,2,1.47944251075387,10,17,3,0,D S,Werder Bremen,1,0.428515175357461,4.93840117380023,3.729718029499054,Bundesliga,,0.07194244604316546,0.14388489208633093,0.030828429881831723,0.7194244604316546,0.10643471300387553,1.223021582733813,0.355280659985628,0.2683250380934571,0.0428515175357461
12430,Nnamdi Collins,23,1490,1,0.6856478173285723,2,0.4561577998101711,3,3,4,0,D S,Eintracht Frankfurt,1,0.6856478173285723,6.877490270882845,6.092026978731155,Bundesliga,,0.060402684563758385,0.12080536912751677,0.04141496883192718,0.18120805369127518,0.027553155693231815,0.18120805369127518,0.41541887542245376,0.367974783950204,0.22854927244285742
12918,Kaishu Sano,34,3060,1,1.6013844851404428,2,3.6190584171563382,24,25,1,0,M,Mainz 05,1,1.6013844851404428,14.120248086750507,10.931938745081425,Bundesliga,midfield,0.029411764705882353,0.058823529411764705,0.04709954368060126,0.7058823529411764,0.10644289462224524,0.7352941176470589,0.41530141431619144,0.32152761014945364,0.06672435354751845
12952,Oscar Højlund,24,1082,1,0.6138702277094126,1,1.0660392343997955,7,7,2,1,M S,Eintracht Frankfurt,1,0.6138702277094126,3.1818068362772465,1.8266832381486893,Bundesliga,midfield,0.08317929759704251,0.08317929759704251,0.05106129435660548,0.5822550831792976,0.08867239472826395,0.5822550831792976,0.26466045773100944,0.1519422286814991,0.08769574681563037
12974,Karol Mets,23,1938,1,0.7716115931980312,0,0.1689066644757986,7,4,3,0,D S,St. Pauli,1,0.7716115931980312,3.623257830739021,3.603599851019681,Bundesliga,,0.04643962848297213,0.0,0.0358333557212708,0.32507739938080493,0.007843962746554115,0.18575851393188852,0.16826274755753967,0.16734983828264774,0.11023022759971875
12976,Philipp Treu,28,2195,1,1.471756223589182,2,1.812682246789336,17,20,2,0,D M S,Freiburg,1,1.471756223589182,7.696102367714047,4.845858434215188,Bundesliga,midfield,0.04100227790432802,0.08200455580865604,0.060345357687027965,0.6970387243735763,0.07432410123509806,0.8200455580865603,0.3155577280611682,0.19869123420472296,0.086573895505246
12981,Manolis Saliakas,17,1118,1,0.5466044023633003,3,0.9010673672892152,16,12,2,0,D M S,St. Pauli,1,0.5466044023633003,2.8804356046020985,1.7787759266793728,Bundesliga,midfield,0.08050089445438283,0.24150268336314845,0.04400214330294904,1.2880143112701252,0.07253672903043772,0.9660107334525938,0.23187764258871993,0.14319305313161318,0.03416277514770627
12984,Adam Dzwigala,19,1303,1,0.1554847173392772,1,0.2130086086690426,4,5,5,0,D S,St. Pauli,1,0.1554847173392772,2.644652418792248,2.524500971660018,Bundesliga,,0.06907137375287797,0.06907137375287797,0.010739543024201803,0.2762854950115119,0.014712797221959964,0.34535686876438987,0.18266977566485215,0.17437075015303272,0.0388711793348193
13012,Robin Hranác,29,2261,1,2.0698564872145653,0,0.1279042270034551,8,3,5,0,D S,Hoffenheim,1,2.0698564872145653,7.542697021737695,7.542697021737695,Bundesliga,,0.039805395842547546,0.0,0.08239145681084072,0.31844316674038037,0.005091278385807589,0.11941618752764264,0.3002400406706734,0.3002400406706734,0.25873206090182066
13093,Derrick Köhn,29,1887,1,2.375174617394805,2,3.0893841087818146,28,25,5,1,D S,Union Berlin,0,1.6173979174345732,4.535877007059753,2.7453682981431484,Bundesliga,,0.04769475357710652,0.09538950715421304,0.07714139510816724,1.3354531001589824,0.14734741377337748,1.192368839427663,0.21633753610777837,0.13093966445833777,0.05776421133694904
13149,Noahkai Banks,23,1746,1,1.230864397250116,1,0.9259122600778936,9,7,8,0,D S,Augsburg,1,1.230864397250116,4.726021298207343,3.706311522051692,Bundesliga,,0.051546391752577324,0.051546391752577324,0.06344661841495444,0.4639175257731959,0.04772743608648936,0.3608247422680412,0.24360934526841974,0.19104698567276765,0.13676271080556845
13325,James Sands,24,1957,1,0.8688814658671618,0,0.9661839380860328,16,10,4,0,M S,St. Pauli,1,0.8688814658671618,4.826324421912432,3.583524534478784,Bundesliga,midfield,0.045988758303525806,0.0,0.03995877972817811,0.7358201328564129,0.04443359960538729,0.45988758303525806,0.22195666733373473,0.16480184369089962,0.05430509161669761
13414,Hennes Behrens,16,1321,1,0.3234625067561865,2,2.7504402678459883,9,19,0,0,D S,FC Heidenheim,1,0.3234625067561865,6.172940738499165,4.869937736541033,Bundesliga,,0.06813020439061317,0.13626040878122633,0.022037566697999077,0.6131718395155186,0.18738805761252003,1.2944738834216503,0.42056371420509064,0.33178985336010064,0.03594027852846517
13496,Karim Coulibaly,27,2128,1,1.1301267184317112,0,0.1937260031700134,6,7,3,1,D S,Werder Bremen,1,1.1301267184317112,4.018573129549623,3.783440677449107,Bundesliga,,0.042293233082706765,0.0,0.04779671271562688,0.2537593984962406,0.008193299006250567,0.29605263157894735,0.1699584500279446,0.16001393842594908,0.18835445307195187
13883,Joel Chima Fujita,32,2689,1,1.4086154643446207,3,4.352827329188585,32,30,6,0,F M S,St. Pauli,1,1.4086154643446207,9.678257964551449,4.85630483366549,Bundesliga,attack,0.033469691335068795,0.10040907400520639,0.04714592480141906,1.0710301227222014,0.14568778714279385,1.004090740052064,0.3239283067347082,0.1625390238117866,0.0440192332607694
13884,Louis Oppie,23,1606,1,1.1548993904143572,0,1.1255840882658958,15,10,0,0,D M S,St. Pauli,1,1.1548993904143572,4.7634373884648085,2.7592283356934786,Bundesliga,midfield,0.05603985056039851,0.0,0.06472038925111591,0.8405977584059775,0.0630775640995832,0.5603985056039851,0.26694231940338276,0.15462674359427964,0.07699329269429048
13923,Nicolás Capaldo,26,2029,1,2.6900635082274675,3,1.8462919499725103,22,22,10,0,D M S,Hamburger SV,1,2.6900635082274675,6.40477589238435,2.652264328673482,Bundesliga,midfield,0.04435682602267127,0.1330704780680138,0.11932267902438248,0.9758501724987679,0.08189565081198913,0.9758501724987679,0.2840955299726917,0.11764602739310663,0.12227561401033943
13973,Albian Hajdari,30,2449,1,1.951246085576713,2,1.4744714088737965,19,9,10,0,D S,Hoffenheim,1,1.951246085576713,9.048692982643844,7.608659699559212,Bundesliga,,0.03674969375255206,0.07349938750510412,0.0717076960808102,0.6982441812984892,0.054186372723006,0.3307472437729686,0.3325366959730282,0.27961591382618584,0.10269716239877437
14058,Cameron Puertas,28,1867,1,2.220278110355139,2,2.42338989302516,37,28,6,0,F M S,Werder Bremen,1,2.220278110355139,7.052124924957752,4.755718288943172,Bundesliga,attack,0.048205677557579,0.096411355115158,0.10703001067593064,1.7836100696304233,0.11682115177946674,1.349758971612212,0.3399524602282794,0.2292526223914759,0.06000751649608483
14187,Kacper Potulski,15,1061,1,2.6196836456656456,0,0.6171241998672485,14,2,3,0,D S,Mainz 05,1,2.6196836456656456,1.225274246186018,0.9039126615971328,Bundesliga,,0.08482563619227144,0.0,0.2222163318660774,1.1875589066918002,0.05234795286338584,0.1696512723845429,0.10393466744273479,0.07667496658222615,0.18712026040468896
73,Oliver Baumann,34,3060,0,0.0,0,0.033280711621046,0,1,3,0,GK,Hoffenheim,0,0.0,5.951814202591777,5.951814202591777,Bundesliga,,0.0,0.0,0.0,0.0,0.0009788444594425294,0.029411764705882353,0.17505335889975815,0.17505335889975815,
126,Michael Zetterer,22,1976,0,0.0,0,0.0,0,0,1,0,GK S,Eintracht Frankfurt,0,0.0,3.528816443867981,3.528816443867981,Bundesliga,,0.0,0.0,0.0,0.0,0.0,0.0,0.16072544531787364,0.16072544531787364,
212,Nico Elvedi,33,2968,0,0.3812519991770386,2,1.362134398892522,9,13,5,0,D,Borussia M.Gladbach,0,0.3812519991770386,8.829203316941857,7.860639678314328,Bundesliga,,0.0,0.06064690026954178,0.011560875985826643,0.272911051212938,0.04130461452167351,0.3942048517520216,0.2677319065110402,0.238361715312766,0.04236133324189318
217,Manuel Neuer,22,1870,0,0.0,0,0.0,0,0,0,0,GK,Bayern Munich,0,0.0,7.137187179178,7.137187179178,Bundesliga,,0.0,0.0,0.0,0.0,0.0,0.0,0.3435009872331658,0.3435009872331658,
2639,Alexander Nübel,34,3060,0,0.0,1,0.3682400248944759,0,4,0,0,GK,VfB Stuttgart,0,0.0,7.689679289236665,7.51086644269526,Bundesliga,,0.0,0.029411764705882353,0.0,0.0,0.010830588967484586,0.11764705882352941,0.22616703791872544,0.2209078365498606,
3347,Ellyes Skhiri,25,1439,0,0.7644057050347328,0,0.3066457267850637,8,7,1,1,D M S,Eintracht Frankfurt,0,0.7644057050347328,6.156647648662329,5.555669544264674,Bundesliga,midfield,0.0,0.0,0.047808556951442635,0.5003474635163307,0.01917867644937855,0.43780403057678946,0.38505787934649727,0.3474706455759699,0.0955507131293416
4243,Christian Günter,24,1559,0,0.3919804766774177,3,2.233008475974202,9,19,2,0,D S,Freiburg,0,0.3919804766774177,5.913286862894893,4.075682835653424,Bundesliga,,0.0,0.1731879409878127,0.022628763887727773,0.5195638229634381,0.12891004672076856,1.0968569595894804,0.3413699920850162,0.23528637280872877,0.04355338629749086
4271,Janik Haberer,28,1662,0,0.6165919480845332,1,1.4660948365926745,11,21,8,0,D M S,Union Berlin,0,0.6165919480845332,2.625936538912356,1.615098069421947,Bundesliga,midfield,0.0,0.05415162454873646,0.03338945567244765,0.5956678700361011,0.07939141714400764,1.1371841155234657,0.14219872954399038,0.08746018426472636,0.05605381346223029
4313,Janis Blaswich,11,928,0,0.0,0,0.0981956124305725,0,2,1,0,GK S,Bayer Leverkusen,0,0.0,1.5909389518201351,1.4927433393895626,Bundesliga,,0.0,0.0,0.0,0.0,0.009523281377965005,0.1939655172413793,0.15429364834462517,0.14477036696666015,
4376,Marvin Schwäbe,34,3060,0,0.0,0,0.3641906082630157,0,1,2,0,GK,FC Cologne,0,0.0,5.936441767960787,5.572251129895449,Bundesliga,,0.0,0.0,0.0,0.0,0.010711488478323991,0.029411764705882353,0.1746012284694349,0.16388973911457203,
5238,Jordan Torunarigha,24,1963,0,0.309758860617876,0,0.1416927427053451,5,2,3,0,D S,Hamburger SV,0,0.309758860617876,2.372671600896865,2.242847737390548,Bundesliga,,0.0,0.0,0.014201883573921978,0.22924095771777891,0.006496356007886428,0.09169638308711156,0.10878270202787461,0.10283051266691255,0.0619517721235752
5241,Péter Gulácsi,23,2008,0,0.0,0,0.0,0,0,1,0,GK,RasenBallsport Leipzig,0,0.0,5.831954948604107,5.831954948604107,Bundesliga,,0.0,0.0,0.0,0.0,0.0,0.0,0.26139240307488526,0.26139240307488526,
5245,Bernardo,29,2340,0,0.4374553086236119,0,0.3528335839509964,10,9,9,0,D S,Hoffenheim,0,0.4374553086236119,8.209371864795685,7.91454927995801,Bundesliga,,0.0,0.0,0.01682520417783123,0.38461538461538464,0.013570522459653707,0.34615384615384615,0.31574507172291094,0.3044057415368465,0.043745530862361194
5283,Daniel Heuer Fernandes,33,2970,0,0.1280906349420547,0,0.0,1,0,3,0,GK,Hamburger SV,0,0.1280906349420547,5.012303248047829,5.012303248047829,Bundesliga,,0.0,0.0,0.0038815343921834757,0.030303030303030304,0.0,0.0,0.15188797721357056,0.15188797721357056,0.1280906349420547
5288,Gregor Kobel,34,3060,0,0.0,0,0.0,0,0,3,0,GK,Borussia Dortmund,0,0.0,5.751318110153079,5.751318110153079,Bundesliga,,0.0,0.0,0.0,0.0,0.0,0.0,0.16915641500450232,0.16915641500450232,
5329,Stefan Posch,16,1399,0,0.4011011412367224,0,0.4894324410706758,10,8,4,0,D,Mainz 05,0,0.4011011412367224,4.902905914932489,4.450077299028635,Bundesliga,,0.0,0.0,0.025803504439817743,0.6433166547533953,0.031486004071737544,0.5146533238027162,0.3154121031765004,0.2862808841405126,0.04011011412367224
6321,Moritz Nicolas,34,3060,0,0.0,0,0.3480205573141575,0,2,1,0,GK,Borussia M.Gladbach,0,0.0,4.788933951407671,4.440913397818804,Bundesliga,,0.0,0.0,0.0,0.0,0.010235898744534044,0.058823529411764705,0.14085099857081385,0.13061509993584716,
6411,Niklas Dorsch,32,2293,0,0.565851017832756,1,2.0714712161570787,14,24,2,0,M S,FC Heidenheim,0,0.565851017832756,9.595492578111587,9.10862572863698,Bundesliga,midfield,0.0,0.03924989097252508,0.02220959075662802,0.5494984736153511,0.08130501938688926,0.9419973833406019,0.3766220375185534,0.35751256675853826,0.04041792984519686
6596,Finn Dahmen,34,3060,0,0.6633901596069336,0,0.2969367634505033,1,4,1,0,GK,Augsburg,0,0.6633901596069336,4.446497203782201,4.14956040866673,Bundesliga,,0.0,0.0,0.01951147528255687,0.029411764705882353,0.00873343421913245,0.11764705882352941,0.13077932952300592,0.12204589437255087,0.6633901596069336
7047,Mark Flekken,24,2132,0,0.0,0,0.0720671415328979,0,1,1,0,GK,Bayer Leverkusen,0,0.0,5.080403530970216,5.008336389437318,Bundesliga,,0.0,0.0,0.0,0.0,0.0030422339296251456,0.04221388367729831,0.2144635636901123,0.21142132976048716,
7048,Frederik Rönnow,30,2640,0,0.0,0,0.0186647586524486,0,1,2,0,GK,Union Berlin,0,0.0,1.797542778775096,1.7788780201226473,Bundesliga,,0.0,0.0,0.0,0.0,0.0006362985904243841,0.03409090909090909,0.06127986745824191,0.06064356886781752,
7065,Florian Neuhaus,17,945,0,1.392402342054993,1,1.0026175901293757,22,9,0,0,F M S,Borussia M.Gladbach,0,1.392402342054993,4.8506131283938885,3.389763910323381,Bundesliga,attack,0.0,0.09523809523809525,0.13260974686238028,2.0952380952380953,0.09548738953613102,0.8571428571428572,0.46196315508513225,0.3228346581260363,0.06329101554795423
7320,Amos Pieper,19,1510,0,0.3870185147970915,0,0.0697134993970394,8,2,4,0,D,Werder Bremen,0,0.3870185147970915,2.2050731107592583,2.1713340766727924,Bundesliga,,0.0,0.0,0.023067328696515385,0.4768211920529801,0.00415510923558513,0.11920529801324503,0.13142819865452532,0.12941726284804725,0.048377314349636436
7401,Keven Schlotterbeck,24,2025,0,1.3001904971897602,1,1.029070470482111,12,12,5,1,D S,Augsburg,0,0.5424138195812702,5.31422508880496,4.888037363067269,Bundesliga,,0.0,0.044444444444444446,0.024107280870278677,0.5333333333333333,0.04573646535476049,0.5333333333333333,0.23618778172466487,0.21724610502521197,0.04520115163177252
7875,Christopher Trimmel,29,1904,0,0.0736503908410668,3,5.092283573001623,5,52,8,0,D S,Union Berlin,0,0.0736503908410668,4.565780051983893,3.3375917868688703,Bundesliga,,0.0,0.14180672268907563,0.003481373516647065,0.23634453781512607,0.24070668149692548,2.457983193277311,0.21581943523033106,0.15776431765661678,0.014730078168213359
7937,Julian Chabot,27,2307,0,1.6176300728693604,0,0.2743483893573284,18,7,3,0,D S,VfB Stuttgart,0,1.6176300728693604,11.031767396256328,10.77568300254643,Bundesliga,,0.0,0.0,0.06310650479334305,0.7022106631989598,0.010702798024343112,0.27308192457737324,0.43036803886565644,0.42037775042443815,0.08986833738163114
7997,Julian Ryerson,31,2288,0,1.086410315707326,15,10.857275873422624,12,57,8,0,D S,Borussia Dortmund,0,1.086410315707326,13.329593954607844,9.274812629446387,Bundesliga,,0.0,0.590034965034965,0.04273467150946649,0.47202797202797203,0.4270781593566592,2.242132867132867,0.5243284335291547,0.3648309163680834,0.0905341929756105
8092,Tom Krauß,26,1779,0,0.3886736305430531,2,1.2642290331423285,9,15,4,0,D M S,FC Cologne,0,0.3886736305430531,7.146091844886541,6.019498575478792,Bundesliga,midfield,0.0,0.10118043844856661,0.019663084175871152,0.4553119730185497,0.06395762393637412,0.7588532883642496,0.3615223530296732,0.30452775255373316,0.04318595894922812
8325,Exequiel Palacios,18,1079,0,0.439077272079885,1,1.3159740213304758,10,13,3,0,M S,Bayer Leverkusen,0,0.439077272079885,7.690991470590234,7.098266148939729,Bundesliga,midfield,0.0,0.08341056533827618,0.036623683491371316,0.8341056533827618,0.10976613708965971,1.0843373493975905,0.6415099465737915,0.5920703924046112,0.0439077272079885
8401,Luca Netz,15,937,0,0.0383716374635696,2,2.432344384491444,2,10,1,0,D S,Borussia M.Gladbach,0,0.0383716374635696,3.802498570643365,3.305356069467962,Bundesliga,,0.0,0.192102454642476,0.0036856428727014556,0.192102454642476,0.23362966339832442,0.96051227321238,0.36523465459754845,0.3174835072061009,0.0191858187317848
8665,Loic Bade,23,1655,0,1.2505972078070045,0,0.1378594860434532,12,2,5,0,D S,Bayer Leverkusen,0,1.2505972078070045,10.064088642597198,9.906061917543411,Bundesliga,,0.0,0.0,0.06800830737319057,0.6525679758308157,0.007496890479704403,0.10876132930513595,0.5472918295067962,0.5386982311655026,0.10421643398391704
8826,Rocco Reitz,31,2669,0,2.6513977786526084,4,3.992779002524912,47,28,8,1,M,Borussia M.Gladbach,0,2.6513977786526084,13.191347749903798,8.105832872912288,Bundesliga,midfield,0.0,0.1348819782690146,0.08940644439068368,1.5848632446609219,0.13463848266288575,0.9441738478831023,0.44481877013538473,0.27333269335410487,0.056412718694736345
8854,Tim Siersleben,15,1085,0,0.6296908538788557,0,0.1155702322721481,5,2,2,0,D S,FC Heidenheim,0,0.6296908538788557,1.3642809763550758,1.074270966462791,Bundesliga,,0.0,0.0,0.05223242105907559,0.4147465437788018,0.009586470879717354,0.16589861751152074,0.1131661639372874,0.08911003408447114,0.12593817077577113
8878,Atakan Karazor,28,1906,0,1.0594271700829268,1,1.621204137802124,7,13,5,1,M S,VfB Stuttgart,0,1.0594271700829268,11.42892475426197,8.954623859375715,Bundesliga,midfield,0.0,0.0472193074501574,0.05002541726519591,0.3305351521511018,0.07655213662234583,0.6138509968520462,0.5396659117962105,0.42283113711637693,0.15134673858327524
8973,Lorenz Assignon,24,1091,0,0.6752535561099648,0,1.0527520487084985,12,10,3,1,D S,VfB Stuttgart,0,0.6752535561099648,5.320500722154975,4.25156906992197,Bundesliga,,0.0,0.0,0.05570377639770563,0.989917506874427,0.0868448069512052,0.8249312557286893,0.43890473418327014,0.35072522116679866,0.0562711296758304
9015,Cenk Özkacar,25,1786,0,1.0993556138128042,0,0.2053632773458957,11,5,2,0,D S,FC Cologne,0,1.0993556138128042,4.010641107335687,3.955500142648816,Bundesliga,,0.0,0.0,0.055398659150701225,0.5543113101903695,0.010348653393690153,0.251959686450168,0.20210397517369083,0.19932531513907806,0.09994141943752766
9491,Warmed Omari,20,1606,0,0.0689202584326267,1,0.4060542713850736,3,8,0,0,D S,Hamburger SV,0,0.0689202584326267,2.701174132525921,2.4303623382002115,Bundesliga,,0.0,0.05603985056039851,0.0038622809831484447,0.16811955168119552,0.022755220687831024,0.44831880448318806,0.15137339472436667,0.13619714224036053,0.022973419477542233
9537,William Mikelbrencis,26,1384,0,1.4683683505281806,4,2.816693114116788,12,16,3,0,D M S,Hamburger SV,0,1.4683683505281806,4.9622572138905525,0.8413018770515919,Bundesliga,midfield,0.0,0.26011560693641617,0.09548638117596549,0.7803468208092484,0.18316645973302811,1.0404624277456647,0.32269013674143765,0.05470893709150525,0.12236402921068172
9753,Diant Ramaj,31,2790,0,0.0,1,0.3030021786689758,0,1,2,0,GK,FC Heidenheim,0,0.0,4.836176889017224,4.533174702897668,Bundesliga,,0.0,0.03225806451612903,0.0,0.0,0.009774263828031477,0.03225806451612903,0.1560057060973298,0.14623144202895702,
9861,Jonas Urbig,14,1100,0,0.0,0,0.1030491515994072,0,1,0,0,GK S,Bayern Munich,0,0.0,5.324276648461819,5.324276648461819,Bundesliga,,0.0,0.0,0.0,0.0,0.00843129422176968,0.08181818181818182,0.4356226348741488,0.4356226348741488,
10160,Noah Atubolu,34,3060,0,0.0,0,0.3416177351027727,0,3,1,0,GK,Freiburg,0,0.0,5.907610785216093,5.56599305011332,Bundesliga,,0.0,0.0,0.0,0.0,0.010047580444199197,0.08823529411764705,0.17375325838870861,0.1637056779445094,
10300,Jeanuël Belocian,22,1543,0,0.4228645600378513,1,0.4648522362112999,4,4,3,0,D S,"Bayer Leverkusen,Wolfsburg",0,0.4228645600378513,4.143129628151655,3.372005421668291,Bundesliga,,0.0,0.05832793259883344,0.024664815556323147,0.23331173039533376,0.027113869902149704,0.23331173039533376,0.24166018569905962,0.19668210495796903,0.10571614000946282
10724,Diogo Leite,23,1998,0,0.7947779260575771,0,0.4625474046915769,10,9,4,0,D,Union Berlin,0,0.7947779260575771,4.022552821785212,3.751455467194319,Bundesliga,,0.0,0.0,0.03580080748007104,0.45045045045045046,0.02083546867980076,0.40540540540540543,0.18119607305338792,0.1689844805042486,0.07947779260575771
10872,Vinicius Souza,24,1794,0,0.7309565888717771,0,0.7795633533969522,9,8,5,0,M S,Wolfsburg,0,0.7309565888717771,5.024353690445423,4.415433967486024,Bundesliga,midfield,0.0,0.0,0.03667006298687844,0.45150501672240806,0.03910852943462971,0.4013377926421405,0.2520578774470948,0.2215100652584962,0.08121739876353079
11157,Sael Kumbedi,24,1825,0,0.4646370662376284,5,3.120423424988985,5,18,2,0,D M S,Wolfsburg,0,0.4646370662376284,6.11135661881417,4.07589796371758,Bundesliga,midfield,0.0,0.24657534246575344,0.022913608745965236,0.24657534246575344,0.15388389493096366,0.8876712328767123,0.3013819702428906,0.20100318725182587,0.09292741324752568
11236,Aljoscha Kemlein,30,1984,0,1.4002653919160366,2,1.5705977864563463,17,14,4,0,M S,Union Berlin,0,1.4002653919160366,6.956056768074632,5.00193196348846,Bundesliga,midfield,0.0,0.0907258064516129,0.06352010346393311,0.7711693548387096,0.07124687539368506,0.6350806451612903,0.3155469300033855,0.22690215560179502,0.08236855246564921
11835,Senne Lynen,31,2766,0,1.0010085487738252,0,1.2373423893004656,25,14,4,0,D M,Werder Bremen,0,1.0010085487738252,9.094095415435731,7.418055593036115,Bundesliga,midfield,0.0,0.0,0.03257077707507024,0.8134490238611713,0.04026059835034053,0.455531453362256,0.295903321543462,0.24136840324412523,0.040040341950953004
11850,Cédric Zesiger,27,1798,0,1.7500400636345148,0,0.5558719579130411,12,9,5,0,D S,Augsburg,0,1.7500400636345148,4.428809206932783,3.970293586142361,Bundesliga,,0.0,0.0,0.08759933577703355,0.6006674082313682,0.02782451402234355,0.45050055617352613,0.22168677898996134,0.1987354965254797,0.1458366719695429
11859,Omar Traoré,26,1506,0,0.5020455876365304,2,1.4571367260068655,10,13,2,0,D S,FC Heidenheim,0,0.5020455876365304,3.855576592497528,3.29358384013176,Bundesliga,,0.0,0.1195219123505976,0.03000272436074883,0.5976095617529881,0.08707988402431467,0.7768924302788844,0.23041294377475266,0.19682771952978645,0.05020455876365304
11864,Benedikt Gimber,21,1467,0,0.4965052902698517,0,0.2124537825584411,4,1,6,0,D S,FC Heidenheim,0,0.4965052902698517,2.2927268696948886,2.2330755470320582,Bundesliga,,0.0,0.0,0.030460447255819124,0.24539877300613497,0.013033974390088411,0.06134969325153374,0.14065809016533057,0.13699849981791767,0.12412632256746292
11871,Nicolas Seiwald,33,2730,0,1.818481955677271,2,1.8090799655765293,20,15,2,0,D M S,RasenBallsport Leipzig,0,1.818481955677271,16.26779694482684,14.033266069367528,Bundesliga,midfield,0.0,0.06593406593406594,0.059949954582767175,0.6593406593406593,0.059639998865160304,0.4945054945054945,0.5363009981811047,0.4626351451439844,0.09092409778386354
11991,Lukas Ullrich,23,1301,0,0.7565966881811619,0,0.9062265641987324,10,14,2,0,D M S,Borussia M.Gladbach,0,0.7565966881811619,5.585675872862339,4.3064204677939415,Bundesliga,midfield,0.0,0.0,0.05233950955903503,0.6917755572636433,0.06269053864556949,0.9684857801691007,0.3864034039643432,0.2979076418919714,0.07565966881811619
12029,Daniel Batz,21,1890,0,0.0,0,0.0,0,0,2,0,GK,Mainz 05,0,0.0,3.298780217766762,3.298780217766762,Bundesliga,,0.0,0.0,0.0,0.0,0.0,0.0,0.1570847722746077,0.1570847722746077,
12070,Jordy Makengo,20,1160,0,0.0,1,0.7270807102322578,0,5,1,0,D S,Freiburg,0,0.0,3.012997498735785,2.975373087450862,Bundesliga,,0.0,0.07758620689655173,0.0,0.0,0.05641143441457173,0.3879310344827586,0.23376704731570747,0.23084791195739446,
12075,Kauã Santos,13,1084,0,0.0,0,0.0,0,0,0,0,GK,Eintracht Frankfurt,0,0.0,2.191868357360363,2.191868357360363,Bundesliga,,0.0,0.0,0.0,0.0,0.0,0.0,0.18198169018674604,0.18198169018674604,
12761,Yukinari Sugawara,31,2444,0,1.6741932658478618,6,2.4432157278060918,30,20,2,1,D S,Werder Bremen,0,1.6741932658478618,8.13111265283078,5.448099664412439,Bundesliga,,0.0,0.220949263502455,0.06165196150830915,1.104746317512275,0.08997111927272841,0.7364975450081833,0.2994272253497423,0.20062560138998342,0.055806442194928724
12925,Mio Backhaus,32,2880,0,0.0,0,0.0,0,0,1,0,GK,Werder Bremen,0,0.0,3.336742208339274,3.336742208339274,Bundesliga,,0.0,0.0,0.0,0.0,0.0,0.0,0.10427319401060231,0.10427319401060231,
12926,Bruno Ogbus,18,1180,0,0.7863243324682117,0,0.0279476325958967,5,1,1,0,D S,Freiburg,0,0.7863243324682117,3.66468408331275,3.310525771230459,Bundesliga,,0.0,0.0,0.05997388976452462,0.3813559322033898,0.002131599096297206,0.07627118644067796,0.27950980296453176,0.25249772831418754,0.15726486649364232
12927,Ramon Hendriks,31,2011,0,0.2131752036511898,3,0.5864755865186453,5,6,3,0,D S,VfB Stuttgart,0,0.2131752036511898,9.381356485188007,9.077877201139929,Bundesliga,,0.0,0.13426156141223272,0.009540411898859813,0.22376926902038785,0.0262470426587161,0.26852312282446544,0.41985185662203917,0.4062699891111853,0.04263504073023796
12937,Nicolai Remberg,32,2880,0,1.0534912925213575,2,2.1542654521763325,17,13,11,0,D M,Hamburger SV,0,1.0534912925213575,9.058403618633749,7.185781825333834,Bundesliga,midfield,0.0,0.0625,0.03292160289129242,0.53125,0.06732079538051039,0.40624999999999994,0.28307511308230465,0.2245556820416823,0.06197007603066809
12942,Maarten Vandevoordt,12,1052,0,0.0,0,0.0,0,0,0,0,GK S,RasenBallsport Leipzig,0,0.0,3.504514906555414,3.504514906555414,Bundesliga,,0.0,0.0,0.0,0.0,0.0,0.0,0.29981591405892327,0.29981591405892327,
12955,Aurèle Amenda,24,1664,0,1.009096633642912,0,0.3360993862152099,10,6,5,0,D S,Eintracht Frankfurt,0,1.009096633642912,5.7146389447152615,5.516352321952581,Bundesliga,,0.0,0.0,0.054578543886936344,0.5408653846153847,0.01817845237942842,0.3245192307692308,0.3090850390771475,0.2983604020286853,0.10090966336429119
12964,Kamil Grabara,34,3060,0,0.0364092700183391,0,0.0404902063310146,1,3,1,0,GK,Wolfsburg,0,0.0364092700183391,4.599022266454995,4.5585320591926575,Bundesliga,,0.0,0.0,0.0010708608828923266,0.029411764705882353,0.0011908884215004294,0.08823529411764705,0.13526536077808807,0.1340744723291958,0.0364092700183391
12973,Nikola Vasilj,34,3060,0,0.0,0,0.0,0,0,0,0,GK,St. Pauli,0,0.0,2.8116685058921576,2.8116685058921576,Bundesliga,,0.0,0.0,0.0,0.0,0.0,0.0,0.08269613252623993,0.08269613252623993,
12977,Lars Ritzka,21,974,0,0.225738238543272,0,0.8755739834159613,4,6,1,0,D M S,St. Pauli,0,0.225738238543272,1.4658792736008763,0.7808276889845729,Bundesliga,midfield,0.0,0.0,0.020858769475251004,0.3696098562628337,0.08090519353946254,0.5544147843942505,0.13545085690357173,0.07215040247290715,0.056434559635818
12978,Jackson Irvine,24,1617,0,1.6277177091687918,1,0.908556679263711,19,11,0,1,M S,St. Pauli,0,1.6277177091687918,4.692420791834593,2.735986944288016,Bundesliga,midfield,0.0,0.05565862708719852,0.09059653297785483,1.0575139146567718,0.05056901739872231,0.6122448979591837,0.2611736989889384,0.15228127704757047,0.08566935311414693
13426,Finn Jeltsch,23,1501,0,0.1950984485447406,1,0.1018767990171909,3,5,3,0,D S,VfB Stuttgart,0,0.1950984485447406,5.332050487399101,5.174723267555237,Bundesliga,,0.0,0.05996002664890073,0.011698108173901834,0.17988007994670221,0.00610853558397547,0.29980013324450366,0.31970988931773425,0.31027654502329866,0.0650328161815802
13861,Leon Avdullahu,33,2860,0,0.5229936568066478,1,1.3252581506967545,14,22,5,0,M S,Hoffenheim,0,0.5229936568066478,13.051670419052243,11.703141951933503,Bundesliga,midfield,0.0,0.03146853146853147,0.016457842347062344,0.4405594405594406,0.041703927819128635,0.6923076923076923,0.4107169012988468,0.3682806907951103,0.037356689771903415
13882,Arkadiusz Pyrka,31,2596,0,1.008908435702324,1,2.223026978783309,19,24,3,0,D M S,St. Pauli,0,1.008908435702324,8.325334949418902,6.6152997855097055,Bundesliga,midfield,0.0,0.03466872110939908,0.034977565182283954,0.6587057010785824,0.07706950234610856,0.8320493066255779,0.288628715503737,0.2293439833189035,0.053100443984332835
13887,Jobe Bellingham,32,1779,0,0.9893369525671004,1,0.7723528351634741,19,9,2,1,M S,Borussia Dortmund,0,0.9893369525671004,9.601684469729662,8.472049668431282,Bundesliga,midfield,0.0,0.050590219224283306,0.05005077331705398,0.9612141652613828,0.0390734992494169,0.4553119730185497,0.48575132224601997,0.42860285000495524,0.05207036592458423
13907,Joël Schmied,16,1090,0,0.2212208164855837,0,0.1458053737878799,4,2,5,0,D S,FC Cologne,0,0.2212208164855837,2.9376384019851685,2.8404782209545374,Bundesliga,,0.0,0.0,0.018265938975873884,0.3302752293577982,0.012038975817347879,0.1651376146788991,0.2425572992464818,0.23453489897789756,0.055305204121395925
13908,Sebastian Sebulonsen,31,2519,0,1.4893776644021273,0,2.7618500273674726,31,21,5,0,D S,FC Cologne,0,1.4893776644021273,11.2205195389688,8.312318425625563,Bundesliga,,0.0,0.0,0.053213175782529355,1.1075823739579198,0.09867665838152939,0.7502977371973005,0.4008919247745899,0.2969863669338232,0.048044440787165396
13909,Kristoffer Lund,33,2319,0,0.631946531124413,2,1.743918489664793,20,20,2,0,D M S,FC Cologne,0,0.631946531124413,8.249548189342022,6.765429270453751,Bundesliga,midfield,0.0,0.0776196636481242,0.02452573859473789,0.7761966364812418,0.06768118329876298,0.7761966364812418,0.32016357785285987,0.2625651722038972,0.03159732655622065
13913,Rav van den Berg,14,1138,0,0.107068583369255,1,0.4956986010074615,1,1,0,1,D S,FC Cologne,0,0.107068583369255,2.7127026673406363,2.7127026673406363,Bundesliga,,0.0,0.07908611599297012,0.008467638403543892,0.07908611599297012,0.039202877056829115,0.07908611599297012,0.214537117803741,0.214537117803741,0.107068583369255
13920,Daniel Elfadli,21,1257,0,0.6049705110490322,0,0.1704634763300418,4,2,4,1,D S,Hamburger SV,0,0.6049705110490322,1.874638892710209,1.6594158932566645,Bundesliga,,0.0,0.0,0.04331531105362999,0.2863961813842482,0.012205022171602038,0.1431980906921241,0.1342223550866498,0.11881259378926,0.15124262776225805
13921,Giorgi Gocholeishvili,24,909,0,0.9827461671084166,1,0.6386436335742474,14,9,1,1,D S,Hamburger SV,0,0.9827461671084166,3.0658979546278715,1.6764663234353063,Bundesliga,,0.0,0.099009900990099,0.09730160070380361,1.386138613861386,0.0632320429281433,0.8910891089108911,0.3035542529334526,0.16598676469656498,0.07019615479345832
13922,Miro Muheim,29,2443,0,1.3705227468162775,4,3.492499830201268,24,40,7,1,D M S,Hamburger SV,0,1.3705227468162775,6.304988786578178,4.909944733604789,Bundesliga,midfield,0.0,0.14735980352026198,0.050489990672724104,0.8841588211215717,0.1286635221932518,1.4735980352026197,0.23227547719690383,0.18088212280983668,0.05710511445067823
14008,Ezequiél Fernández,20,1009,0,0.534800324589014,1,0.7951555736362934,11,8,2,1,M S,Bayer Leverkusen,0,0.534800324589014,7.950819112360477,7.362088220193982,Bundesliga,midfield,0.0,0.08919722497522299,0.04770270486918857,0.9811694747274529,0.07092567059193895,0.7135777998017839,0.7091910011025202,0.6566778392640816,0.048618211326274
14345,Tomoya Ando,15,1263,0,0.5493685305118561,1,1.295797783881426,8,6,3,0,D S,St. Pauli,0,0.5493685305118561,3.70635798573494,3.663719467818737,Bundesliga,,0.0,0.07125890736342043,0.03914740122412276,0.5700712589073634,0.09233713424333201,0.4275534441805226,0.26411102036115963,0.26107264616285536,0.06867106631398201
7006,Lautaro Martínez,30,2205,17,17.13883000984788,6,6.291475351899862,92,37,4,0,F S,Inter,17,17.13883000984788,27.78616793453693,9.802525106817484,Serie_A,attack,0.6938775510204082,0.24489795918367346,0.6995440820346074,3.7551020408163267,0.25679491232244334,1.5102040816326532,1.134129303450487,0.4001030655843871,0.18629163054182477
9749,Donyell Malen,18,1499,14,15.204708069562912,2,1.5484345965087414,70,8,1,0,F,Roma,11,12.159512802958488,14.910507656633854,3.856066580861807,Serie_A,attack,0.8405603735823883,0.1200800533689126,0.7300574731596158,4.202801867911941,0.09296805449352016,0.4803202134756504,0.8952272775830866,0.23151834041198308,0.17370732575654985
12030,Tasos Douvikas,38,2279,14,15.170707620680332,1,2.2419783361256123,65,24,0,0,F S,Como,13,14.409408785402777,18.061821380630136,3.230370203964412,Serie_A,attack,0.5528740675734972,0.03949100482667837,0.5690420318939227,2.566915313734094,0.08853797729324489,0.9477841158402809,0.7132794753210672,0.1275705653167166,0.22168321208311964
5992,Marcus Thuram,29,1933,13,11.89548808708787,6,4.468800758942962,74,29,2,0,F S,Inter,13,11.89548808708787,16.43578341603279,4.1567751057446,Serie_A,attack,0.6052767718572167,0.2793585100879462,0.5538509714629634,3.445421624418003,0.20806625364969814,1.3502327987584066,0.7652459945385159,0.1935384167185794,0.16074983901470094
11055,Rasmus Højlund,33,2784,13,13.312345487996936,5,3.267297463491559,60,33,1,0,F S,Napoli,12,12.551046593114734,19.513361055403948,4.611839467659593,Serie_A,attack,0.4202586206896552,0.16163793103448276,0.4057450407256918,1.9396551724137931,0.10562384041459781,1.066810344827586,0.630819861704869,0.1490896379631334,0.20918410988524555
11541,Nico Paz,35,2905,12,8.902074420824647,6,7.032759159803391,121,51,5,0,F M S,Como,12,7.379476809874177,19.75359764881432,8.872835339978337,Serie_A,attack,0.3717728055077452,0.1858864027538726,0.22862406639885574,3.7487091222030977,0.21788238360836668,1.5800344234079173,0.6119875347309084,0.27488990726266793,0.0609874116518527
1102,Giovanni Simeone,32,2273,11,11.181717524304986,0,1.8582251174375413,78,23,1,0,F M S,Torino,11,11.181717524304986,14.051242487505078,1.50459766946733,Serie_A,attack,0.4355477342718874,0.0,0.4427428848162995,3.0884293884733833,0.07357688542427572,0.9106907171139462,0.5563624390125196,0.059574918720659786,0.14335535287570494
1053,Keinan Davis,30,2106,10,9.890136182308195,4,4.327703749760985,50,31,6,0,F S,Udinese,6,6.844940945506096,13.425299689173698,5.164774231612682,Serie_A,attack,0.42735042735042733,0.17094017094017094,0.29251884382504684,2.1367521367521367,0.18494460469064042,1.3247863247863247,0.5737307559475939,0.22071684750481546,0.13689881891012193
2019,Federico Bonazzoli,35,2571,10,9.023360214661809,1,1.532783793285489,75,13,4,0,F S,Cremonese,7,6.739463760983199,10.240432717371732,3.803929052315653,Serie_A,attack,0.3500583430571762,0.03500583430571762,0.23592055172636636,2.6254375729288215,0.05365637549424116,0.45507584597432904,0.3584748909231645,0.1331597101160672,0.08985951681310932
5560,Scott McTominay,33,2798,10,12.429753053933382,3,2.005369659513235,101,22,1,0,M S,Napoli,10,11.66845427826047,15.440493501722813,8.038824290037155,Serie_A,midfield,0.32165832737669764,0.09649749821300929,0.37532554862167344,3.248749106504646,0.06450438504510049,0.7076483202287348,0.49665633136349285,0.258575477520852,0.11552925027980662
6160,Riccardo Orsolini,35,2146,10,10.890181131660938,1,1.7088488563895226,82,26,2,0,F M S,Bologna,6,6.322388224303722,12.810560373589396,6.704501977190375,Serie_A,attack,0.4193849021435228,0.04193849021435228,0.26515141667629777,3.438956197576887,0.07166654104149908,1.0904007455731595,0.537255560868148,0.2811766905625041,0.07710229541833807
6253,Gianluca Scamacca,24,1318,10,8.868786808103323,1,1.356632051989436,57,17,2,0,F S,Atalanta,8,7.346189212054014,10.201008120551704,3.702565290033817,Serie_A,attack,0.6828528072837633,0.06828528072837634,0.501636592628878,3.8922610015174506,0.09263800051521186,1.1608497723823976,0.6965787032243197,0.2528307102451013,0.1288805124921757
11942,Kenan Yildiz,36,2877,10,8.627187782898545,6,10.82039262354374,97,76,2,0,F M S,Juventus,9,7.104590082541108,22.73396671190858,10.23432817030698,Serie_A,attack,0.31282586027111575,0.18769551616266944,0.22224995044445595,3.034410844629823,0.3384898630931305,2.3774765380604794,0.7111772694027709,0.3201562514173195,0.07324319672722791
12008,Nikola Krstovic,33,1781,10,15.67498453706503,5,3.230607645586133,99,23,4,0,F S,Atalanta,10,15.67498453706503,19.62596950680017,3.146167431026697,Serie_A,attack,0.5053340819764177,0.25266704098820886,0.7921103921032301,5.002807411566535,0.1632536148808265,1.1622683885457608,0.9917671283616033,0.15898656305019807,0.158333177142071
189,Hakan Calhanoglu,22,1674,9,5.147694624960423,4,3.476379970088601,50,40,7,0,M S,Inter,5,1.341200515627861,10.343171261250973,8.637412548065186,Serie_A,midfield,0.4838709677419355,0.2150537634408602,0.07210755460364844,2.6881720430107525,0.18690214892949467,2.1505376344086025,0.5560844764113426,0.46437701871318204,0.026824010312557222
4895,Andrea Pinamonti,36,2610,9,11.534677205607297,3,1.7828310579061508,73,17,2,1,F S,Sassuolo,9,10.773378429934382,12.005125224590302,2.1364129073917866,Serie_A,attack,0.3103448275862069,0.10344827586206896,0.3714958079287718,2.5172413793103448,0.06147693303124657,0.5862068965517241,0.41396983533070003,0.07366941059971678,0.14758052643745728
7193,Rafael Leão,29,1874,9,9.601861637085676,3,4.9774565836414695,63,23,5,0,F S,AC Milan,7,8.079263962805271,15.73306704312563,4.835623417049646,Serie_A,attack,0.43223052294557096,0.144076840981857,0.3880116097398476,3.0256136606189967,0.23904540689846973,1.1045891141942368,0.7555901995097688,0.2322337820354686,0.12824228512389318
13446,Mateo Pellegrino,37,3012,9,9.909808543510737,1,2.1411109482869506,73,22,5,0,F S,Parma Calcio 1913,8,9.148509708233178,11.22907519992441,2.2242126809433103,Serie_A,attack,0.2689243027888446,0.0298804780876494,0.2733618438715093,2.181274900398406,0.06397741877351447,0.6573705179282868,0.33553013545590865,0.06646053827519852,0.12532205079771477
1304,Moise Kean,26,2042,8,15.379306508228185,1,0.0630031991750001,98,3,4,0,F S,Fiorentina,6,13.856708897277713,11.769600430503488,0.8457555938512087,Serie_A,attack,0.3525954946131244,0.04407443682664055,0.6107266409182146,4.319294809010774,0.0027768305219147936,0.13222331047992164,0.5187385106490273,0.03727620149197296,0.14139498874773176
1612,Domenico Berardi,26,1995,8,6.783539568074048,4,5.058273881673813,40,33,2,1,F M S,Sassuolo,6,4.499643106944859,13.033610694110394,6.80599008500576,Serie_A,attack,0.3609022556390977,0.18045112781954886,0.2029914183584147,1.8045112781954886,0.2281928066920517,1.488721804511278,0.5879824373282884,0.30703714669198917,0.11249107767362147
2662,Christian Pulisic,30,1612,8,9.544671326875688,4,5.038487618789077,54,38,0,0,F S,AC Milan,8,8.78337250649929,16.272753523662686,6.288353566080332,Serie_A,attack,0.4466501240694789,0.22332506203473945,0.49038680247204475,3.0148883374689825,0.2813051400068343,2.1215880893300247,0.9085284225369986,0.3510867375603163,0.16265504641665351
6276,Nikola Vlasic,37,3079,8,7.40812112763524,3,4.68042840436101,49,54,7,0,F M S,Torino,3,3.601626990363002,14.853947822004557,8.530875468626618,Serie_A,attack,0.23384215654433257,0.08769080870412471,0.10527652781184481,1.432283208834037,0.13681018395339098,1.5784345566742448,0.4341848989868172,0.249359789599349,0.07350259164006126
755,Jamie Vardy,29,2120,7,6.281962929293513,2,2.123625386506319,30,15,5,0,F S,Cremonese,7,6.281962929293513,10.19005998596549,2.679563503712416,Serie_A,attack,0.2971698113207547,0.08490566037735849,0.2666871054888756,1.2735849056603774,0.0901539079177211,0.6367924528301887,0.4325968861966482,0.1137550544028856,0.20939876430978377
1324,Federico Dimarco,35,2709,7,7.286320146173239,16,15.929082989692688,65,95,3,0,D S,Inter,7,7.286320146173239,29.17661831900477,13.816550381481647,Serie_A,,0.23255813953488372,0.5315614617940199,0.24207043674994147,2.1594684385382057,0.5292054149399564,3.1561461794019934,0.9693228677410224,0.45902160735819425,0.11209723301804983
3300,Christopher Nkunku,32,1343,7,9.940500289201736,3,1.6137207765132189,29,16,0,0,F S,AC Milan,2,6.134006172418594,8.721460867673159,2.4926984682679176,Serie_A,attack,0.46909903201787045,0.20104244229337304,0.41106519398188646,1.9434102755026061,0.1081421220299253,1.0722263588979897,0.5844612644010307,0.16704606265384406,0.21151745422133084
3821,Rolando Mandragora,34,2470,7,4.695387580431998,3,2.880523666739464,64,35,7,0,M S,Fiorentina,6,3.934088763780892,9.77954494766891,5.925872426480055,Serie_A,midfield,0.2550607287449393,0.10931174089068826,0.14334736386246164,2.331983805668016,0.10495835222937318,1.2753036437246963,0.35633969444947444,0.21592247707822063,0.061470136934076436
6697,Armand Lauriente,38,2655,7,4.392248864285648,9,8.514929416589439,71,54,4,0,F M S,Sassuolo,7,4.392248864285648,14.82768054679036,7.808049842715263,Serie_A,attack,0.23728813559322035,0.30508474576271183,0.148889792009683,2.406779661016949,0.28864167513862504,1.830508474576271,0.5026332388742495,0.26467965568526314,0.06186266006036124
7084,Dusan Vlahovic,19,972,7,7.53763036429882,1,1.247139237821102,49,12,0,0,F S,Juventus,6,6.776331529021263,8.03644740395248,1.5761071387678385,Serie_A,attack,0.6481481481481481,0.0925925925925926,0.6274381045390058,4.537037037037037,0.11547585535380572,1.1111111111111112,0.7441155003659703,0.14593584618220726,0.13829248018410742
7969,Sebastiano Esposito,36,2751,7,5.744417134672403,5,5.577771823387593,57,71,6,0,F M S,Cagliari,6,4.983118314296007,11.48640700429678,4.763355305418372,Serie_A,attack,0.22900763358778628,0.16357688113413305,0.16302459043498388,1.8647764449291166,0.18247890370951778,2.3227917121046895,0.3757821266400255,0.1558349609188126,0.08742312832098258
8478,Lorenzo Colombo,38,2373,7,9.395731360651553,1,1.8719797153025863,66,19,2,0,F S,Genoa,6,7.873133630491793,10.42385957017541,3.2527221143245697,Serie_A,attack,0.2654867256637168,0.03792667509481669,0.29860178118173675,2.5031605562579013,0.07099796644636863,0.7206068268015171,0.39534233515203826,0.12336493480371313,0.1192899034922999
12367,Gift Orban,28,2055,7,12.242711776867507,2,2.530362664721906,85,21,4,1,F S,Verona,5,10.720114121213555,15.178966717794538,2.56054631061852,Serie_A,attack,0.30656934306569344,0.08759124087591241,0.4694940491042433,3.722627737226277,0.11081880283453603,0.9197080291970803,0.6647722650128994,0.1121407143336578,0.12611898966133595
12528,Santiago Castro,35,2381,7,8.299087951891124,2,2.7326227221637964,63,28,3,0,F S,Bologna,7,8.299087951891124,10.868452872149646,1.5710173277184367,Serie_A,attack,0.2645947081058379,0.0755984880302394,0.3136992505964726,2.381352372952541,0.10329107307632998,1.0583788324233516,0.410819302181213,0.05938326732241046,0.1317315547919226
13939,Stefano Moreo,37,2336,7,6.222204111516476,1,3.5465334709733725,52,23,2,0,F M S,Pisa,5,4.699606470763683,9.92034813389182,3.6867972668260336,Serie_A,attack,0.2696917808219178,0.038527397260273974,0.18106360546606656,2.0034246575342465,0.13663870393304947,0.8861301369863013,0.3822051935146677,0.14204270291709892,0.09037704751468621
14003,Francesco Pio Esposito,35,1535,7,9.864515269175172,3,2.056677933782339,57,21,1,0,F S,Inter,7,9.864515269175172,13.50071531161666,3.596131581813097,Serie_A,attack,0.4104234527687296,0.1758957654723127,0.5783754880949612,3.3420195439739415,0.12058697983088634,1.231270358306189,0.791572884720195,0.2108481057740578,0.1730616713890381
1386,Piotr Zielinski,34,2048,6,2.100138319656253,3,4.237796379253268,29,29,3,0,M S,Inter,5,1.338839491829276,13.946551250293853,11.256322965025902,Serie_A,midfield,0.263671875,0.1318359375,0.058835719855778734,1.2744140625,0.1862312861976534,1.2744140625,0.6128855529914291,0.4946626302989898,0.046166879028595724
3291,Adrien Rabiot,29,2546,6,4.362811662256718,4,3.9378524888306856,46,27,4,1,M S,AC Milan,6,4.362811662256718,15.66315065138042,10.026626612991096,Serie_A,midfield,0.21209740769835037,0.14139827179890024,0.15422350730679676,1.6260801256873527,0.13920138412991426,0.9544383346425765,0.5536856082577525,0.35443691876245037,0.09484373178818951
7700,Che Adams,33,1899,6,6.609602872282267,2,3.2093243608251214,53,25,0,0,F M S,Torino,6,6.609602872282267,12.337604934349656,3.927069513127208,Serie_A,attack,0.2843601895734597,0.0947867298578199,0.31325132096124486,2.5118483412322274,0.15210068060782567,1.1848341232227488,0.5847206130023535,0.1861170385368345,0.12470948815626919
7947,Ruslan Malinovskiy,34,2279,6,4.387408828362823,3,4.342402706854045,55,38,10,0,M S,Genoa,3,2.103512350469828,9.468432288616896,6.581966793164611,Serie_A,midfield,0.23694602896007022,0.11847301448003511,0.08306981638538154,2.1720052654673103,0.1714858462557543,1.500658183413778,0.37391790521084717,0.2599284823979004,0.03824567909945142
8182,Lucas Da Cunha,36,2765,6,6.926369271241128,4,6.021571090444922,42,45,4,0,M S,Como,2,3.881173974834383,17.49147634766996,12.713604623451827,Serie_A,midfield,0.19529837251356238,0.1301989150090416,0.1263311601211915,1.3670886075949367,0.19600050565643506,1.464737793851718,0.5693428105932355,0.4138243819568406,0.0924089041627234
8636,Jonathan Christian David,35,1784,6,11.464318415150046,4,4.232262331992388,41,33,0,0,F S,Juventus,6,10.703019579872487,14.402950731106102,4.125553295947611,Serie_A,attack,0.3026905829596413,0.20179372197309417,0.5399505393433429,2.0683856502242155,0.21351099208481775,1.664798206278027,0.7266062588562495,0.20812768869690865,0.2610492580456704
9965,Matìas Soulè Malvano,33,2207,6,4.678685570135713,5,4.457678508944809,52,45,1,0,F M S,Roma,6,4.678685570135713,15.858708873391151,9.501005835831164,Serie_A,attack,0.24467603081105574,0.20389669234254643,0.19079370245229457,2.120525600362483,0.1817811807000602,1.835070231082918,0.6467076568215694,0.38744473277064095,0.08997472250260986
10433,Cesare Casadei,33,1971,6,4.651984546333551,0,1.8106952449306848,35,17,5,0,M S,Torino,6,4.651984546333551,10.028646923601627,6.922802485525608,Serie_A,midfield,0.273972602739726,0.0,0.2124193856773311,1.5981735159817352,0.08268014817035091,0.776255707762557,0.4579290832694807,0.31610970253541587,0.1329138441809586
13069,Ismaël Koné,35,2795,6,5.083259547129273,0,1.759748755954206,23,23,3,1,M S,Sassuolo,6,5.083259547129273,12.1725369929336,7.844343296717852,Serie_A,midfield,0.19320214669051877,0.0,0.163682776115075,0.7406082289803221,0.05666453954772041,0.7406082289803221,0.39196004628408726,0.2525906607172117,0.2210112846577945
13934,Martin Baturina,29,1579,6,1.901092293672264,3,6.69613741338253,28,61,0,0,F M S,Como,6,1.901092293672264,11.85915962420404,7.063820514827967,Serie_A,attack,0.3419886003799873,0.17099430018999365,0.10835864878435957,1.5959468017732743,0.3816671103257934,3.476884103863205,0.6759495669273994,0.4026243485335763,0.067896153345438
447,Kevin De Bruyne,18,1176,5,3.5163134410977364,2,4.023396631702781,27,36,1,0,M S,Napoli,2,1.2324169697239995,7.890820484608412,5.31821558624506,Serie_A,midfield,0.38265306122448983,0.15306122448979592,0.09431762523397956,2.066326530612245,0.30791300752827405,2.7551020408163263,0.6038893228016642,0.40700629486569334,0.04564507295274072
687,Pedro,29,954,5,2.253662777133286,2,2.8057295260950923,22,20,4,0,F M S,Lazio,3,0.7310651587322354,3.6938994862139225,1.6364152282476423,Serie_A,attack,0.4716981132075472,0.18867924528301888,0.06896841120115428,2.0754716981132075,0.2646914647259521,1.8867924528301887,0.348481083605087,0.15437879511770208,0.033230234487828886
5360,Weston McKennie,36,2857,5,8.643968606367707,5,5.391984527930617,43,48,5,0,D M S,Juventus,5,8.643968606367707,21.191430151462555,12.14923783019185,Serie_A,midfield,0.15750787539376968,0.15750787539376968,0.27229862603188437,1.3545677283864193,0.16985600543008594,1.512075603780189,0.6675634279424676,0.38272012765742613,0.20102252572948157
6686,Nicolo Zaniolo,32,2308,5,6.143913544714451,6,5.693028134293854,72,51,8,0,F M S,Udinese,5,6.143913544714451,12.040764158591628,3.449165239930153,Serie_A,attack,0.1949740034662045,0.23396880415944543,0.23958068415264325,2.8076256499133447,0.22199849743780195,1.988734835355286,0.469527198558599,0.13449951108913075,0.08533213256547849
7005,Jens Odgaard,26,1391,5,2.728798510506749,1,0.936283141374588,35,14,1,0,F M S,Bologna,5,2.728798510506749,5.993094911798835,3.132464464753866,Serie_A,attack,0.3235082674335011,0.06470165348670022,0.17655777566183137,2.2645578720345076,0.060579067378657744,0.9058231488138031,0.38776315029611436,0.2026756303579065,0.07796567172876426
7628,Lameck Banda,32,1768,5,3.2459914926439524,4,3.3277904372662306,38,23,6,1,F M S,Lecce,5,3.2459914926439524,7.624415159225464,2.613522628322244,Serie_A,attack,0.25452488687782804,0.20361990950226247,0.16523712349431885,1.9343891402714932,0.16940109691966107,1.170814479638009,0.3881206811822917,0.1330413102652726,0.08542082875378822
8642,Strahinja Pavlovic,34,2876,5,3.910906858742237,1,0.7155323065817356,26,15,3,0,D S,AC Milan,5,3.910906858742237,12.916616784408689,10.892403895035386,Serie_A,,0.15646731571627262,0.03129346314325452,0.1223858196407515,0.8136300417246176,0.022391483863823437,0.46940194714881783,0.40420567127843604,0.34086103983073185,0.15041949456700912
9993,Jurgen Ekkelenkamp,31,2234,5,4.730059016495943,3,2.5550372377038,33,27,1,0,F M S,Udinese,5,4.730059016495943,10.37775133550167,3.8738196790218353,Serie_A,attack,0.20143240823634734,0.12085944494180842,0.19055743575856532,1.3294538943598926,0.10293346078484424,1.0877350044762757,0.4180830887176143,0.1560625654037445,0.14333512171199828
10237,Leo Østigard,30,2631,5,2.920729400590062,1,0.8717853697016835,22,10,7,0,D,Genoa,5,2.920729400590062,6.932035542093217,5.880535993725061,Serie_A,,0.1710376282782212,0.03420752565564424,0.09991092590387898,0.7525655644241734,0.02982162040028564,0.3420752565564424,0.23712778365199147,0.20115858587428942,0.1327604272995483
10366,Albert Gudmundsson,33,2290,5,5.804271567612886,4,3.7848143130540848,41,31,4,1,F M S,Fiorentina,2,3.520375095307827,10.843363923951983,6.05417984444648,Serie_A,attack,0.1965065502183406,0.1572052401746725,0.13835535309070063,1.6113537117903929,0.14874816077505137,1.2183406113537119,0.4261584074915627,0.23793719912671757,0.08586280720262993
11380,Vitinha,35,2262,5,6.909197731874883,1,2.17753553763032,65,16,5,0,F M S,Genoa,5,6.909197731874883,9.6502389581874,2.648514298722148,Serie_A,attack,0.19893899204244034,0.03978779840848806,0.2749017665202208,2.586206896551724,0.08663934499855384,0.636604774535809,0.38396176226209816,0.10537855299955497,0.10629534972115205
11800,Arthur Atta,32,2575,5,4.234897628426552,3,3.253640430048108,57,34,3,0,F M S,Udinese,5,4.234897628426552,14.451863273978232,8.205154605209827,Serie_A,attack,0.17475728155339806,0.10485436893203884,0.14801583944015131,1.992233009708738,0.11371947134148727,1.1883495145631067,0.5051136678283653,0.2867821027063629,0.07429644962151845
11883,Gennaro Borrelli,27,1263,5,4.579960027709603,1,0.8707911921665072,30,12,4,0,F S,Cagliari,5,4.579960027709603,5.725788693875074,2.594655658118427,Serie_A,attack,0.3562945368171021,0.07125890736342043,0.3263629473427271,2.137767220902613,0.06205162889547557,0.8551068883610452,0.40801344611936397,0.18489232718183563,0.15266533425698678
11951,Gustav Isaksen,30,1606,5,5.408482110127807,1,0.8823539484292269,48,17,0,0,F S,Lazio,5,5.408482110127807,7.817846435122192,2.5441228905692697,Serie_A,attack,0.28019925280199254,0.05603985056039851,0.30309052921015106,2.6899128268991284,0.049446983411351446,0.9526774595267746,0.43811094592839184,0.14257226659479094,0.11267671062766264
12784,Ange-Yoan Bonny,33,1112,5,4.581577172502875,4,2.670865649357438,22,17,1,0,F S,Inter,5,4.581577172502875,9.682558439671991,3.249240666627884,Serie_A,attack,0.40467625899280574,0.32374100719424465,0.37081110209106005,1.7805755395683451,0.2161671838508718,1.3758992805755397,0.783660305369136,0.2629781115076525,0.2082535078410398
13891,Wesley,30,2474,5,2.484328309074044,0,5.352143730968237,25,33,5,2,D M S,Roma,5,2.484328309074044,14.14132072031498,7.724048685282469,Serie_A,midfield,0.18189167340339532,0.0,0.09037572668418105,0.9094583670169766,0.19470207590426086,1.2004850444624091,0.5144376979904398,0.28098802816306473,0.09937313236296175
317,Henrikh Mkhitaryan,30,1547,4,6.040000427514315,1,3.310718573629856,43,23,5,0,M S,Inter,4,6.040000427514315,18.362661907449365,12.080620812252164,Serie_A,midfield,0.23270846800258566,0.058177117000646414,0.3513898115554547,2.5016160310277957,0.19260806181427736,1.3380736910148674,1.0682867302329946,0.7028156904348383,0.14046512622126314
1424,Federico Bernardeschi,29,1198,4,3.179261529818177,2,3.570297403261065,39,29,3,0,F M S,Bologna,3,2.41796269454062,8.06808358617127,3.1546717965975404,Serie_A,attack,0.3005008347245409,0.15025041736227046,0.1816499520105641,2.929883138564274,0.2682193374737027,2.1786310517529217,0.6061164630679584,0.23699537703988202,0.06199904344975948
1471,Lorenzo Pellegrini,24,1508,4,4.77526899240911,2,2.9984955824911594,32,29,2,0,F M S,Roma,2,3.2526713106781244,7.576448664069176,4.90537278726697,Serie_A,attack,0.23872679045092837,0.11936339522546419,0.19412494559750082,1.909814323607427,0.17895530664735038,1.7307692307692308,0.4521753181473646,0.2927609753673921,0.10164597845869139
4291,Marc-Oliver Kempf,34,2317,4,3.2830319171771407,1,1.0999353304505348,22,8,3,0,D S,Como,4,3.2830319171771407,8.622972431592643,8.481748702004552,Serie_A,,0.15537332757876565,0.03884333189469141,0.1275238983797767,0.8545533016832111,0.042725153103387196,0.3107466551575313,0.3349449800791273,0.3294593798793309,0.14922872350805186
6159,Gianluca Mancini,36,3087,4,2.39453985914588,2,2.720187921077013,20,21,9,0,D,Roma,4,2.39453985914588,12.404685972258449,11.154921559616923,Serie_A,,0.11661807580174927,0.05830903790087463,0.06981165770104607,0.5830903790087464,0.07930577029379046,0.6122448979591837,0.36165265225243287,0.3252163720004934,0.11972699295729401
6434,Franck Zambo,18,1253,4,2.5543451830744743,1,1.5510767428204415,23,13,1,0,M S,Napoli,4,2.5543451830744743,4.910352712497115,2.9804707523435354,Serie_A,midfield,0.28731045490822027,0.07182761372705507,0.18347251913543708,1.6520351157222666,0.1114101411443254,0.9337589784517158,0.35269891789683994,0.21408010192411667,0.11105848622062932
6960,Bremer,26,2187,4,2.7122608339414,3,0.4107095804065466,23,8,5,0,D S,Juventus,4,2.7122608339414,8.776241302490234,8.494891063310206,Serie_A,,0.1646090534979424,0.12345679012345678,0.11161567217865845,0.9465020576131686,0.016901628823314672,0.3292181069958848,0.3611621935181167,0.3495839943749056,0.1179243840844087
7375,Roberto Piccoli,32,1653,4,6.827427292242646,1,1.5870586233213544,47,15,1,0,F S,Fiorentina,4,6.827427292242646,8.30208997335285,1.4810839276760817,Serie_A,attack,0.21778584392014522,0.054446460980036304,0.37172925366112414,2.558983666061706,0.08640972540769624,0.8166969147005445,0.4520194177869065,0.08063977827637468,0.14526441047324778
9018,M&#039;Bala Nzola,30,1514,4,7.317131128162146,1,1.2388474997133017,39,20,2,1,F S,"Pisa,Sassuolo",2,5.033234681934118,7.441231850534677,1.6971882237121465,Serie_A,attack,0.23778071334214002,0.059445178335535004,0.29920153327217347,2.318361955085865,0.07364351055098887,1.1889035667107002,0.44234535439109707,0.10088965662753843,0.12905729953677225
9071,Matteo Cancellieri,30,1740,4,5.217630736529827,3,1.9236066080629823,41,18,6,0,F M S,Lazio,4,5.217630736529827,8.65033857896924,1.823181548155844,Serie_A,attack,0.20689655172413793,0.15517241379310345,0.2698774518894738,2.1206896551724137,0.09949689352049908,0.9310344827586207,0.44743130580875384,0.09430249387012987,0.12725928625682506
9843,Caleb Ekuban,31,944,4,4.121994238346815,1,1.2507788091897964,29,11,0,0,F M S,Genoa,4,4.121994238346815,4.971754275262356,0.5887844664976001,Serie_A,attack,0.3813559322033898,0.09533898305084745,0.3929867388254379,2.7648305084745766,0.11924797968970516,1.048728813559322,0.47400199658221615,0.05613411227201695,0.14213773235678673
10994,Kristian Thorstvedt,32,2450,4,6.644855927675962,4,2.6294608265161514,43,32,9,0,F M S,Sassuolo,4,6.644855927675962,16.12818531692028,8.9037402626127,Serie_A,attack,0.1469387755102041,0.1469387755102041,0.24409674836360676,1.5795918367346937,0.09659243852508312,1.1755102040816328,0.5924639504174797,0.3270761729123033,0.15453153320176655
11989,Walid Cheddira,33,1193,4,4.555503275245428,1,0.6070769298821688,33,11,3,0,F S,"Lecce,Sassuolo",4,4.555503275245428,5.885509114246815,1.6127010164782405,Serie_A,attack,0.30176026823134955,0.07544006705783739,0.34366747256671293,2.489522212908634,0.04579792429957686,0.8298407376362111,0.4440032022482928,0.12166227282736097,0.138045553795316
12378,Tijjani Noslin,29,1113,4,4.319302462972701,2,2.387575278058648,35,17,4,1,F S,Lazio,4,4.319302462972701,8.645486512221396,3.176832916215062,Serie_A,attack,0.3234501347708895,0.16172506738544476,0.34926974094118873,2.830188679245283,0.19306538636592843,1.3746630727762803,0.6990959443844795,0.2568867587235899,0.12340864179922002
13930,Semih Kiliçsoy,22,973,4,2.0539160827174783,0,0.3908173693343997,17,11,1,0,F S,Cagliari,4,2.0539160827174783,2.991133206523955,1.0485907513648272,Serie_A,attack,0.3699897225077081,0.0,0.18998196037468967,1.5724563206577593,0.03614960250780676,1.0174717368961972,0.2766721362663473,0.09699195028040539,0.12081859310102813
13969,Nikola Stulic,34,1713,4,5.471318391617388,0,2.100543244741857,33,20,1,0,F S,Lecce,3,4.71001955633983,6.266159004531801,1.3460894767194986,Serie_A,attack,0.21015761821366025,0.0,0.24746162292503485,1.733800350262697,0.11036129131743556,1.0507880910683012,0.3292202629351209,0.07072273958246052,0.14272786534363122
14417,Kieron Bowie,14,1211,4,4.099301479756832,0,0.4409037381410599,33,12,1,0,F,Verona,4,4.099301479756832,5.117839636281133,0.8250679215416312,Serie_A,attack,0.2972749793559042,0.0,0.30465494069208493,2.4525185796862097,0.03276741241345614,0.8918249380677126,0.38035141805557554,0.06131801233587681,0.12422125696232825
688,Ruben Loftus-Cheek,28,1122,3,4.139354669488967,1,1.0412129200994968,29,10,2,0,F M S,AC Milan,3,4.139354669488967,7.335022354498506,4.437150865793228,Serie_A,attack,0.24064171122994651,0.08021390374331551,0.3320337970178316,2.3262032085561497,0.0835197529491575,0.8021390374331551,0.5883707770988106,0.3559211924433071,0.14273636791341265
1134,Mario Pasalic,33,1922,3,3.4538544081151485,4,6.249310817569494,24,40,3,0,M S,Atalanta,3,3.4538544081151485,16.428963288664818,10.395109225064516,Serie_A,midfield,0.1404786680541103,0.18730489073881376,0.16173095563494452,1.1238293444328824,0.2926316199694352,1.8730489073881373,0.7693062934338364,0.486763699404686,0.1439106003381312
1148,Duván Zapata,28,1088,3,4.402640111744404,1,2.6804053094238043,34,10,0,0,F S,Torino,3,3.641341291368008,5.999322157353163,0.5478684362024069,Serie_A,attack,0.24816176470588236,0.08272058823529412,0.3012138935874271,2.8125,0.22172470390454266,0.8272058823529412,0.49626745786928733,0.0453199993182138,0.10709827327552965
1178,Davide Zappacosta,35,2605,3,3.226649757474661,3,4.505483852699399,37,42,3,0,D M S,Atalanta,3,3.226649757474661,14.347047809511425,9.38390316069126,Serie_A,midfield,0.1036468330134357,0.1036468330134357,0.11147734286860633,1.2783109404990403,0.15565971084182184,1.4510556621881,0.4956753561827364,0.3242039479701395,0.08720675020201786
1206,Danilo Cataldi,27,2007,3,2.712070008739829,3,2.05142586119473,26,23,6,0,M S,Lazio,1,1.1894723707810044,6.059865925461054,4.789146137423813,Serie_A,midfield,0.13452914798206278,0.13452914798206278,0.0533395681964576,1.1659192825112108,0.09199219108496547,1.031390134529148,0.27174286661260333,0.2147599164764042,0.04574893733773094
1409,Nicolò Barella,34,2561,3,3.819744417443872,8,7.965625556185842,35,70,7,0,M S,Inter,3,3.819744417443872,20.255492981523275,12.331657081842422,Serie_A,midfield,0.10542756735650136,0.281140179617337,0.1342354539515613,1.2299882858258493,0.27993217495381717,2.4599765716516986,0.7118291168828952,0.433365535871073,0.10913555478411063
1500,Leonardo Spinazzola,32,1906,3,1.2085956651717424,3,2.606285876594484,21,32,2,0,D M S,Napoli,3,1.2085956651717424,10.40181334875524,7.521526067517698,Serie_A,midfield,0.1416579223504722,0.1416579223504722,0.05706905029667199,0.9916054564533054,0.12306701410991791,1.5110178384050368,0.491166422554025,0.3551612518764915,0.057552174531987736
1725,Christian Kabasele,30,2273,3,1.673705168068409,0,0.0634109750390052,9,1,5,1,D S,Udinese,3,1.673705168068409,2.382569535635412,2.2685341257601976,Serie_A,,0.11878574571051473,0.0,0.06627077216284945,0.3563572371315442,0.002510773318746356,0.03959524857017158,0.09433843299920242,0.0898231725993919,0.1859672408964899
1958,Mattia Zaccagni,26,2127,3,6.383842973038554,0,2.789195232093334,34,35,6,1,F M,Lazio,3,5.622544137760997,9.418848052620888,4.15836684871465,Serie_A,attack,0.12693935119887165,0.0,0.23790736831146672,1.4386459802538787,0.11801954437630469,1.4809590973201692,0.39854082028015037,0.17595346327424471,0.16536894522826462
3334,Lassana Coulibaly,33,2708,3,3.20009109005332,1,1.1774460021406412,28,20,4,0,M S,Lecce,3,3.20009109005332,7.588806392624974,4.855061332695186,Serie_A,midfield,0.09970457902511079,0.03323485967503693,0.10635457832525805,0.930576070901034,0.03913225265607744,0.6646971935007385,0.2522129155599142,0.1613572821058223,0.11428896750190429
6136,Mario Hermoso,27,2106,3,2.192820576019585,2,0.8591896975412965,20,10,9,0,D S,Roma,3,2.192820576019585,7.192078398540616,5.719124445691705,Serie_A,,0.12820512820512822,0.08547008547008547,0.09371028102647799,0.8547008547008547,0.03671750844193575,0.42735042735042733,0.30735377771541095,0.2444070275936626,0.10964102880097926
6155,Robin Gosens,26,1908,3,2.3951865192502737,1,0.9613326136022806,18,11,2,0,D M S,Fiorentina,3,2.3951865192502737,4.041613267734647,2.377325525507331,Serie_A,midfield,0.14150943396226415,0.04716981132075472,0.11298049619105065,0.8490566037735848,0.04534587800010758,0.5188679245283019,0.19064213527050222,0.11213799648619487,0.1330659177361263
6414,Yann Bisseck,23,1924,3,2.830854626372457,1,0.6501033678650856,25,8,2,0,D S,Inter,3,2.830854626372457,11.501843765377998,10.405136041343212,Serie_A,,0.14033264033264034,0.04677754677754678,0.1324204347055723,1.1694386694386696,0.030410240700549745,0.37422037422037424,0.5380280347630041,0.48672673790067,0.11323418505489828
6618,Oumar Solet,35,2962,3,2.899280917830765,1,2.299680335447192,33,21,1,0,D S,Udinese,2,2.137982082553208,10.7446121647954,9.351927611976862,Serie_A,,0.09115462525320729,0.03038487508440243,0.06496231851106979,1.0027008777852802,0.06987549972661962,0.638082376772451,0.32647369845765906,0.28415715228829086,0.0647873358349457
7049,Evan Ndicka,31,2686,3,2.3948372658342123,0,0.5625489521771669,23,6,5,0,D,Roma,3,2.3948372658342123,7.166667768731713,6.816481562331319,Serie_A,,0.10052122114668652,0.0,0.08024398880308233,0.77066269545793,0.018849369209212593,0.20104244229337304,0.240134065221837,0.22840035018980592,0.10412335938409618
7265,Kephren Thuram,35,2481,3,4.063328697346151,3,2.6531347520649438,50,25,2,0,M S,Juventus,3,4.063328697346151,12.774455543607472,8.52674344368279,Serie_A,midfield,0.10882708585247883,0.10882708585247883,0.14740007366431018,1.8137847642079807,0.09624430781372227,0.9068923821039904,0.4634022567209482,0.3093135469292427,0.08126657394692302
7576,Nicolò Cambiaghi,28,1510,3,2.916797866113484,4,3.030234506353736,24,18,3,1,F M S,Bologna,3,2.916797866113484,6.658601673319936,1.8299096524715424,Serie_A,attack,0.17880794701986755,0.23841059602649006,0.17384887943722752,1.4304635761589404,0.18061000368995778,1.0728476821192054,0.3968702984097975,0.10906746273009194,0.12153324442139517
7939,Morten Thorsby,24,1390,3,2.7189628621563315,1,0.7962901080027223,21,9,4,0,M S,"Cremonese,Genoa",3,2.7189628621563315,4.168536247685552,1.793543309904635,Serie_A,midfield,0.19424460431654675,0.06474820143884892,0.17604795510364737,1.3597122302158273,0.05155835231672302,0.5827338129496402,0.2699052246702875,0.11612870351900514,0.12947442200744436
8297,Alexis Saelemaekers,35,2819,3,3.5981931975111365,3,4.787930195219815,43,53,5,0,D F M S,AC Milan,3,3.5981931975111365,18.2068260461092,11.067787064239385,Serie_A,attack,0.09577864490954238,0.09577864490954238,0.11487668952678337,1.372827243703441,0.15286048867321156,1.6920893934019157,0.5812750422667002,0.3533525490534035,0.08367891157002644
8867,Adrián Bernabé,32,2542,3,2.6228388603776693,1,4.641438805498183,50,55,0,0,D M S,Parma Calcio 1913,3,2.6228388603776693,8.53368706163019,4.340929888188839,Serie_A,midfield,0.10621557828481511,0.03540519276160504,0.09286211543429986,1.7702596380802518,0.16433103559985698,1.947285601888277,0.30213683538423175,0.15369145945593843,0.05245677720755339
8912,Tommaso Pobega,26,1446,3,1.8404578557237985,1,0.5510165924206376,25,6,2,1,M S,Bologna,3,1.8404578557237985,5.318103016354144,3.350840594619513,Serie_A,midfield,0.18672199170124482,0.06224066390041494,0.11455131882098331,1.5560165975103735,0.03429563853240483,0.37344398340248963,0.33100226242868114,0.20855854323357964,0.07361831422895194
9107,Giorgio Scalvini,24,1841,3,3.860559612512589,1,1.580893311649561,20,14,2,0,D S,Atalanta,3,3.860559612512589,12.34991330653429,10.11700438708067,Serie_A,,0.14665942422596415,0.04888647474198805,0.18872914998703583,0.9777294948397609,0.0772843009497341,0.6844106463878327,0.6037437249256307,0.49458467943360146,0.19302798062562945
9840,Denzel Dumfries,20,1332,3,3.654471157118678,1,1.4058833941817284,23,13,2,0,D S,Inter,3,3.654471157118678,8.609596928581595,4.1475053410977125,Serie_A,,0.20270270270270271,0.06756756756756757,0.24692372683234312,1.554054054054054,0.09499212122849515,0.8783783783783784,0.5817295222014591,0.28023684737146703,0.15889005030950773
9841,Andrea Cambiaso,36,2846,3,2.895034248009324,4,6.848085522651672,26,56,3,1,D M S,Juventus,3,2.895034248009324,19.01030919328332,13.388544871471822,Serie_A,midfield,0.0948699929725931,0.12649332396345747,0.09155062625468699,0.8222066057624736,0.21655927513656026,1.7709065354884046,0.6011692998578703,0.4233903859565931,0.1113474710772817
10172,Jonathan Rowe,28,1612,3,4.977084977552295,2,2.6996529325842857,48,21,2,0,F M S,Bologna,3,4.977084977552295,8.23259355314076,1.3820700384676456,Serie_A,attack,0.1674937965260546,0.11166253101736973,0.277876952841009,2.6799007444168734,0.15072503966041298,1.1724565756823822,0.4596361164904891,0.07716271926928543,0.10368927036567281
10877,Charles De Ketelaere,31,2206,3,4.545966546982527,5,10.65264681726694,46,64,4,0,F M S,Atalanta,3,4.545966546982527,19.828982893377542,7.581169381737709,Serie_A,attack,0.12239347234814144,0.20398912058023572,0.18546554362122727,1.8766999093381687,0.434604811221226,2.611060743427017,0.8089793564841247,0.30929521503009694,0.09882535971701145
11378,Máximo Perrone,36,2758,3,2.4864027742296457,4,2.535719258710742,18,32,8,0,M S,Como,3,2.4864027742296457,16.492772169411182,12.241286350414155,Serie_A,midfield,0.09789702683103699,0.13052936910804933,0.08113714636717481,0.5873821609862219,0.08274645876866091,1.0442349528643946,0.5381977865290088,0.39946184609763374,0.13813348745720255
11768,Cher Ndour,33,1875,3,2.6130376681685448,0,0.347787800244987,24,7,2,0,M S,Fiorentina,3,2.6130376681685448,6.287419259548187,4.333774639293552,Serie_A,midfield,0.14400000000000002,0.0,0.12542580807209017,1.1520000000000001,0.016693814411759378,0.336,0.301796124458313,0.2080211826860905,0.1088765695070227
12040,Thomas Thiesson Kristensen,28,2482,3,1.8784828763455157,0,0.2243683580309152,11,3,4,0,D,Udinese,3,1.8784828763455157,4.511372737586498,4.0950743574649096,Serie_A,,0.10878323932312652,0.0,0.0681158174339631,0.3988718775181306,0.00813583892940466,0.10878323932312652,0.16358724672956682,0.1484918179580346,0.17077117057686506
12776,Jeff Ekhator,30,930,3,3.187806397676468,0,0.869433494284749,20,10,3,0,F M S,Genoa,3,3.187806397676468,4.847302496433258,1.2906138431280851,Serie_A,attack,0.2903225806451613,0.0,0.30849739332352916,1.935483870967742,0.08413872525336281,0.967741935483871,0.469093789977412,0.12489811385110501,0.1593903198838234
12993,David Neres,16,932,3,1.484556145966053,3,3.786104552447796,17,19,3,0,F M S,Napoli,3,1.484556145966053,7.352409522980452,3.5680493600666523,Serie_A,attack,0.28969957081545067,0.28969957081545067,0.1433584261126017,1.6416309012875536,0.36561095463551674,1.834763948497854,0.709996627755623,0.3445541227532175,0.08732683211565018
13052,Francisco Conceição,31,2124,3,8.487750921398401,5,4.1634056605398655,73,42,3,0,D F M S,Juventus,3,8.487750921398401,18.74015914928168,9.5299581438303,Serie_A,attack,0.1271186440677966,0.211864406779661,0.3596504627711187,3.0932203389830506,0.17641549409067225,1.7796610169491527,0.7940745402238,0.4038117857555211,0.11627056056710139
13961,Giovane,33,1873,3,4.269323905929923,5,4.357408100739121,56,32,2,0,F M S,"Napoli,Verona",3,4.269323905929923,8.811031891033053,2.390819819644093,Serie_A,attack,0.14415376401494928,0.2402562733582488,0.2051463702796012,2.6908702616123867,0.20937892635692523,1.5376401494927923,0.42338113731605703,0.11488189202774605,0.07623792689160577
14341,Kenneth Taylor,17,1418,3,2.08942835777998,2,1.083626831881702,16,13,5,0,M,Lazio,3,2.08942835777998,4.546850040555,2.642322637140751,Serie_A,midfield,0.19040902679830748,0.12693935119887165,0.13261534005655726,1.0155148095909732,0.06877744349037601,0.8251057827926657,0.2885870970733075,0.16770736060836924,0.13058927236124876
307,Suat Serdar,20,1102,2,2.6708283396437764,0,1.4056117832660675,19,12,3,0,M S,Verona,2,2.6708283396437764,4.575328801758587,1.8016988597810268,Serie_A,midfield,0.16333938294010888,0.0,0.21812572646818498,1.5517241379310345,0.11479588066601276,0.9800362976406534,0.3736656916136777,0.14714419000026535,0.14056991261283033
608,Alberto Moreno,19,1240,2,1.5935251340270042,1,1.9240656215697527,11,15,4,0,D S,Como,2,1.5935251340270042,6.835680209100246,4.881311055272818,Serie_A,,0.14516129032258066,0.07258064516129033,0.11565908230841161,0.7983870967741935,0.13964992414619173,1.0887096774193548,0.4961380796927598,0.35428870562464004,0.1448659212751822
1168,Bryan Cristante,37,3116,2,2.347831812687218,1,2.281888909637928,43,27,6,0,M S,Roma,2,2.347831812687218,12.89684208855033,10.956094874069096,Serie_A,midfield,0.05776636713735558,0.02888318356867779,0.06781285723422646,1.241976893453145,0.06590821626040229,0.7798459563543004,0.37250185749984904,0.3164468994435875,0.0546007398299353
1294,Paulo Dybala,22,1360,2,6.285113666206598,6,6.363388704136014,43,55,1,0,F M S,Roma,2,5.523814860731363,11.41634314134717,3.380848379805684,Serie_A,attack,0.1323529411764706,0.39705882352941174,0.3655465716660461,2.8455882352941178,0.42110660542076567,3.6397058823529416,0.7554932961185626,0.2237326133694938,0.12846081071468288
1473,Matteo Politano,34,2249,2,3.133822990581393,6,5.604220122098923,49,37,4,0,D F M S,Napoli,2,3.133822990581393,12.97732456959784,8.206937471404672,Serie_A,attack,0.08003557136505113,0.24010671409515338,0.12540865680405752,1.9608714984437527,0.22426847976385195,1.4806580702534462,0.5193237933587397,0.32842346484056045,0.06395557123635495
2250,Luka Modric,34,2827,2,1.2469155695289371,3,4.025909835472703,20,50,4,0,M S,AC Milan,2,1.2469155695289371,15.23719035461545,13.89836597442627,Serie_A,midfield,0.0636717368234878,0.0955076052352317,0.039696639992077946,0.636717368234878,0.1281683357596545,1.5917934205871949,0.48508918709423077,0.44246655030009346,0.06234577847644686
5759,Matteo Guendouzi,16,1434,2,1.22304982598871,1,1.0217254180461168,16,15,5,0,M,Lazio,2,1.22304982598871,5.685938589274883,4.695960254408419,Serie_A,midfield,0.12552301255230125,0.06276150627615062,0.07676044932983535,1.00418410041841,0.06412502623720398,0.9414225941422594,0.35685807045658263,0.2947255389796079,0.07644061412429437
6073,Guillermo Maripán,27,2151,2,2.4348368234932423,0,0.3447793498635292,18,8,4,0,D S,Torino,2,2.4348368234932423,5.110838394612074,4.668472915887833,Serie_A,,0.08368200836820083,0.0,0.10187601771938253,0.7531380753138075,0.014425914220231349,0.33472803347280333,0.21384261065322485,0.19533359480702228,0.13526871241629124
6133,Antonio Caracciolo,35,3077,2,2.3648768034763634,0,0.1618939042091369,25,2,10,0,D S,Pisa,2,2.3648768034763634,4.622567382641137,3.8652119608595967,Serie_A,,0.05849853753656159,0.0,0.0691709172287529,0.7312317192070199,0.00473527831615935,0.05849853753656159,0.1352067157743589,0.11305462348955597,0.09459507213905453
6211,Mehdi Leris,34,1910,2,1.973102173767984,3,2.4453976545482874,25,28,2,0,D M S,Pisa,2,1.973102173767984,5.055834978818893,1.8889753613621,Serie_A,midfield,0.0942408376963351,0.14136125654450263,0.09297340085817725,1.1780104712041886,0.1152281617326418,1.3193717277486912,0.2382330618291625,0.08900931022125079,0.07892408695071935
6490,Manuel Akanji,33,2814,2,2.2994977347552776,0,0.3260261919349432,23,7,4,0,D S,Inter,2,2.2994977347552776,16.78327063843608,16.27327786386013,Serie_A,,0.06396588486140725,0.0,0.07354470367021144,0.7356076759061835,0.010427276927556819,0.22388059701492538,0.5367783786280196,0.5204673090786822,0.09997816238066425
6521,Yerry Mina,26,2162,2,1.761018111370504,0,0.4277909696102142,10,8,3,1,D,Cagliari,2,1.761018111370504,4.631761448457837,4.594839323312044,Serie_A,,0.08325624421831637,0.0,0.07330787697657046,0.4162812210915819,0.017808134720129175,0.3330249768732655,0.19281153115689426,0.19127453242279557,0.1761018111370504
6692,Enrico Del Prato,35,2958,2,2.256384262815118,0,0.7834861557930708,18,8,5,0,D S,Parma Calcio 1913,2,2.256384262815118,4.674118371680379,3.122021282091737,Serie_A,,0.060851926977687626,0.0,0.06865266519721454,0.5476673427991886,0.023838321170174568,0.2434077079107505,0.1422145549192813,0.09499050554031653,0.12535468126750654
6902,Toma Basic,23,1764,2,1.3050178922712805,3,2.412645953707397,30,22,0,1,M,Lazio,2,1.3050178922712805,6.426472737453878,4.705115885473788,Serie_A,midfield,0.10204081632653061,0.15306122448979592,0.06658254552404493,1.5306122448979593,0.1230941813116019,1.1224489795918369,0.3278812621149938,0.24005693293233613,0.043500596409042684
6945,Youssouf Fofana,33,2231,2,4.585123873315752,3,3.638393623754382,44,36,4,0,M S,AC Milan,2,4.585123873315752,13.358851363882422,6.3727181646972895,Serie_A,midfield,0.08068130883012102,0.12102196324518152,0.18496689762367446,1.7749887942626625,0.14677517980183524,1.4522635589421784,0.5389048062525406,0.257079621166632,0.1042073607571762
6978,Giovanni Di Lorenzo,26,2278,2,1.950576670467853,1,2.9962266702204943,25,16,1,0,D,Napoli,2,1.950576670467853,13.250591915100811,9.1819875985384,Serie_A,,0.07901668129938542,0.03950834064969271,0.07706404756018734,0.9877085162423178,0.1183759439507658,0.6321334503950834,0.5235088991918669,0.36276509388430905,0.07802306681871413
7284,Marco Brescianini,26,1018,2,2.351007338613272,1,1.2417720863595605,13,10,2,0,M S,"Atalanta,Fiorentina",2,2.351007338613272,4.8565372144803405,2.457272893749177,Serie_A,midfield,0.1768172888015717,0.08840864440078584,0.2078493717830987,1.149312377210216,0.10978338680978432,0.8840864440078585,0.4293598716141755,0.21724416545916103,0.1808467183548671
7328,Maxence Caqueret,30,1493,2,1.735451778396964,6,2.78000052459538,18,26,3,0,M S,Como,2,1.735451778396964,10.671364849433305,7.438197961077094,Serie_A,midfield,0.12056262558606831,0.3616878767582049,0.10461531149077478,1.0850636302746148,0.16758208118793314,1.5673141326188882,0.6432838824172789,0.4483843379081972,0.09641398768872023
7379,Nicolo Fagioli,33,2588,2,1.9044424574822187,3,5.224352169781923,33,64,5,0,M S,Fiorentina,2,1.9044424574822187,15.326580483466389,11.083079390227796,Serie_A,midfield,0.0695517774343122,0.10432766615146831,0.06622867896962895,1.1476043276661514,0.1816814896755692,2.2256568778979906,0.5329954573075638,0.38542393551796816,0.057710377499461174
7482,Kouadio Kone,29,2468,2,1.937675543129444,3,3.4994950499385595,21,25,2,0,M S,Roma,2,1.937675543129444,14.520286563783884,10.869493629783392,Serie_A,midfield,0.07293354943273905,0.1094003241491086,0.0706607775047204,0.76580226904376,0.12761529760715978,0.9116693679092382,0.5295080189386343,0.3963753754783247,0.09227026395854494
7507,Gianluca Gaetano,33,1920,2,1.996237703599036,4,2.214853904210031,34,27,4,0,F M S,Cagliari,2,1.996237703599036,7.68703128490597,5.646638568490744,Serie_A,attack,0.09375,0.1875,0.0935736423562048,1.59375,0.1038212767598452,1.265625,0.36032959147996735,0.2646861828980036,0.05871287363526576
7785,Kingsley Ehizibue,32,1810,2,1.4330500978976488,0,0.6929862443357706,9,8,5,0,D M S,Udinese,2,1.4330500978976488,4.8609745390713215,2.82250913977623,Serie_A,midfield,0.0994475138121547,0.0,0.07125663470209304,0.4475138121546961,0.03445787955260738,0.3977900552486188,0.24170591630741378,0.14034575833141474,0.1592277886552943
7924,Amir Rrahmani,21,1809,2,1.3542888388037682,1,0.2368359714746475,15,7,2,0,D,Napoli,2,1.3542888388037682,9.067516535520554,8.741717606782913,Serie_A,,0.09950248756218905,0.04975124378109452,0.0673775541693417,0.746268656716418,0.011782884152967537,0.3482587064676617,0.45112022564778875,0.434911323720543,0.09028592258691788
7944,Gabriel Strefezza,14,1026,2,1.0562517698854208,2,1.0693775909021497,24,13,3,0,F S,Parma Calcio 1913,2,1.0562517698854208,2.953472524881363,2.114887624979019,Serie_A,attack,0.17543859649122806,0.17543859649122806,0.0926536640250369,2.1052631578947367,0.09380505183352189,1.1403508771929824,0.259076537270295,0.1855164583314929,0.04401049041189253
8163,Daniel Maldini,21,944,2,2.8131038434803486,1,1.1871156906709075,23,11,1,0,F M S,"Atalanta,Lazio",2,2.8131038434803486,4.705114088952541,1.7460139524191618,Serie_A,attack,0.1906779661016949,0.09533898305084745,0.2681984596538468,2.192796610169492,0.11317840271226873,1.048728813559322,0.4485807923789499,0.16646319461623366,0.12230886276001515
8341,Lazar Samardzic,26,1005,2,2.776425752788782,1,2.376872181892395,25,28,1,0,M S,Atalanta,2,2.776425752788782,8.550659781321883,4.545059723779559,Serie_A,midfield,0.1791044776119403,0.08955223880597014,0.24863514204078646,2.238805970149254,0.21285422524409506,2.5074626865671643,0.7657307266855419,0.40702027377130384,0.11105703011155128
8512,Filippo Terracciano,36,3023,2,2.3331454526633024,0,0.640687339939177,14,11,6,0,D S,Cremonese,2,2.3331454526633024,4.204251830466092,3.7366996919736266,Serie_A,,0.059543499834601395,0.0,0.06946182293737917,0.4168044988422097,0.019074383259849795,0.32748924909030763,0.12516793408599017,0.11124808874549336,0.16665324661880732
8819,Mergim Vojvoda,30,1602,2,1.4710992444306612,2,3.094263934530318,18,29,1,0,D F M S,Como,2,1.4710992444306612,7.919539753347635,4.826663876883686,Serie_A,attack,0.11235955056179775,0.11235955056179775,0.08264602496801468,1.0112359550561798,0.17383505250170325,1.6292134831460674,0.44491796367121544,0.2711608919597576,0.0817277358017034
8880,Matteo Tramoni,27,1630,2,3.213343242183328,2,2.884499185718596,28,28,3,0,F M S,Pisa,1,2.4520444069057703,7.110495939850807,3.0286965798586607,Serie_A,attack,0.11042944785276074,0.11042944785276074,0.1353889549825272,1.5460122699386505,0.15926682620532123,1.5460122699386505,0.3926040702985108,0.16722864551366837,0.08757301453234893
9036,Nicola Zalewski,33,1917,2,3.13883500918746,4,5.143455224111676,38,36,3,0,D M S,Atalanta,2,3.13883500918746,10.349049489945171,5.962576111778617,Serie_A,midfield,0.09389671361502347,0.18779342723004694,0.14736314597124225,1.784037558685446,0.24147677108505522,1.6901408450704225,0.48587086807254326,0.2799331507877285,0.08260092129440684
9630,Kamaldeen Sulemana,25,993,2,2.4879335798323154,1,2.279735462740064,25,13,4,0,M S,Atalanta,2,2.4879335798323154,7.907776966691017,3.8877192325890064,Serie_A,midfield,0.18126888217522658,0.09063444108761329,0.22549246947120685,2.2658610271903323,0.20662254949305717,1.178247734138973,0.7167169456215423,0.3523612597512695,0.09951734319329261
10084,Cristian Volpato,24,1060,2,1.749022038653493,4,2.896068687550724,21,23,4,0,F M S,Sassuolo,2,1.749022038653493,6.181194823235273,2.2634265329688787,Serie_A,attack,0.16981132075471697,0.33962264150943394,0.14850187120642866,1.7830188679245282,0.24589262441468412,1.9528301886792452,0.5248184283879006,0.19217772449735762,0.08328676374540442
10404,Éderson,30,2253,2,5.546352312900126,1,2.210425505414605,35,25,3,0,M S,Atalanta,1,4.785053477622569,16.25540943443775,12.244340799748898,Serie_A,midfield,0.07989347536617843,0.03994673768308921,0.19114727607014256,1.3981358189081226,0.08829928783280713,0.9986684420772305,0.6493505766086984,0.489121470029916,0.1367158136463591
10902,Federico Baschirotto,29,2540,2,1.139559891074896,0,0.0707463789731264,12,2,2,0,D,Cremonese,2,1.139559891074896,1.8369396440684795,1.706673014909029,Serie_A,,0.07086614173228346,0.0,0.04037810637666955,0.4251968503937008,0.002506761459677707,0.07086614173228346,0.0650884125851036,0.06047266588260339,0.09496332425624134
10993,Federico Gatti,21,1081,2,1.9630822036415336,0,0.2071938533335924,14,3,3,0,D S,Juventus,2,1.9630822036415336,2.420059120282531,2.065793139860034,Serie_A,,0.16651248843663274,0.0,0.1634388513670102,1.1655874190564293,0.01725018205367559,0.24976873265494912,0.20148503314100627,0.17199017815670958,0.1402201574029667
11470,Niccolò Pisilli,25,1263,2,2.2729037441313267,4,2.218172688037157,19,12,3,0,M S,Roma,2,2.2729037441313267,6.556324878707528,4.026354419067502,Serie_A,midfield,0.14251781472684086,0.2850356294536817,0.16196463734902566,1.3539192399049882,0.15806456209290903,0.8551068883610452,0.4671965471763084,0.28691361656062964,0.1196265128490172
11877,Michael Folorunsho,27,2032,2,2.947147471830249,0,0.9439696660265326,36,14,3,0,D F M S,Cagliari,2,2.947147471830249,5.254418143071234,2.6885152058675885,Serie_A,attack,0.08858267716535433,0.0,0.13053310652791456,1.594488188976378,0.04180968008975784,0.6200787401574803,0.23272521302972987,0.11907793726775737,0.08186520755084024
11961,Sam Beukema,24,1675,2,1.7312276512384417,0,0.3936351519078016,8,6,2,0,D S,Napoli,2,1.7312276512384417,5.41209826245904,5.130219876766205,Serie_A,,0.10746268656716418,0.0,0.09302118723072222,0.4298507462686567,0.02115054547564307,0.32238805970149254,0.2907993096246648,0.27565360531878114,0.2164034564048052
11964,Giovanni Fabbian,29,1160,2,2.665424160659313,0,1.65299897454679,22,9,2,0,M S,"Bologna,Fiorentina",2,2.665424160659313,5.044444873929024,1.9827907886356115,Serie_A,midfield,0.15517241379310345,0.0,0.20680015039598118,1.706896551724138,0.1282499204389751,0.6982758620689655,0.391379343666907,0.15383721635965952,0.12115564366633241
11967,Davide Bartesaghi,31,2447,2,1.3741471637040377,0,3.913629310205579,22,44,3,0,D M S,AC Milan,2,1.3741471637040377,9.807490270584822,7.979077003896236,Serie_A,midfield,0.07355946056395586,0.0,0.05054076204877948,0.8091540662035145,0.14394223045300453,1.618308132407029,0.36071684689523253,0.2934683001024362,0.062461234713819896
12081,Assane Diao,17,1098,2,3.17557692155242,1,1.6823896700516343,31,9,2,0,M S,Como,2,3.17557692155242,6.436402162536979,1.8002320639789104,Serie_A,midfield,0.16393442622950818,0.08196721311475409,0.260293190291182,2.540983606557377,0.13790079262718313,0.7377049180327869,0.5275739477489326,0.14756000524417298,0.10243796521136839
12436,Jacobo Ramón,32,2744,2,5.472400579601526,0,1.0274589136242869,39,11,11,1,D S,Como,2,5.472400579601526,11.14709885045886,10.425094533711672,Serie_A,,0.06559766763848396,0.0,0.17948835720267398,1.2791545189504372,0.033699454164061886,0.3607871720116618,0.3656118427628635,0.3419309431610971,0.1403179635795263
12854,Martin Frese,31,2429,2,1.3630766216665506,0,2.7661426281556487,21,30,8,0,D S,Verona,2,1.3630766216665506,4.535421345382929,1.675308050587773,Serie_A,,0.07410456978180321,0.0,0.05050510331411674,0.7780979827089338,0.10249190470729039,1.1115685467270482,0.16804772378940452,0.06207399117039916,0.06490841055555004
12881,Henrik Meister,28,1494,2,5.318537840619683,0,0.6497459821403027,20,5,2,0,F S,Pisa,2,5.318537840619683,7.32625531591475,1.3786405008286238,Serie_A,attack,0.12048192771084337,0.0,0.3203938458204628,1.2048192771084336,0.03914132422531944,0.3012048192771084,0.44134068168161145,0.08305063258003759,0.2659268920309842
12997,Alieu Fadera,28,959,2,2.3619886562228203,1,0.87881900370121,13,7,5,0,F S,Sassuolo,2,2.3619886562228203,4.041427066549659,1.7654694616794586,Serie_A,attack,0.18769551616266944,0.09384775808133472,0.22166734000005614,1.2200208550573515,0.08247519325663076,0.656934306569343,0.37927886964491064,0.16568535093967807,0.1816914350940631
13059,Jesús Rodriguez,31,1728,2,3.921451119706034,9,6.971315912902355,45,36,3,1,F M S,Como,2,3.921451119706034,13.897016979753973,4.475679643452168,Serie_A,attack,0.10416666666666666,0.46875,0.2042422458180226,2.34375,0.36308937046366435,1.875,0.7238029676955194,0.2331083147631338,0.08714335821568965
13136,Brooke Norton-Cuffy,27,2221,2,2.006999369710684,1,1.8840869069099424,15,21,3,1,D M S,Genoa,2,2.006999369710684,7.148176729679108,3.5529703898355365,Serie_A,midfield,0.08104457451598379,0.040522287257991896,0.08132820498602501,0.6078343088698784,0.07634751086082611,0.8509680324178298,0.28966047081094987,0.14397448675605506,0.13379995798071226
13396,Tiago Gabriel,37,3223,2,3.9836879689246416,0,0.0280546331778168,20,2,7,0,D S,Lecce,2,3.9836879689246416,2.5174613688141108,2.4253968689590693,Serie_A,,0.05584858827179646,0.0,0.1112416745898907,0.5584858827179646,0.0007834058287320856,0.05584858827179646,0.07029833173852622,0.06772749556509967,0.1991843984462321
13879,Tarik Muharemovic,32,2837,2,2.834148694295436,2,0.9276836458593608,20,6,7,0,D,Sassuolo,2,2.834148694295436,6.279778711032122,6.156958227977157,Serie_A,,0.06344730348960169,0.06344730348960169,0.08990954617081046,0.6344730348960169,0.029429512910589522,0.19034191046880505,0.1992175128631974,0.19532119863163344,0.14170743471477182
13962,Rafik Belghali,26,1935,2,2.600799420848489,0,2.2100214837118983,21,28,6,0,D M S,Verona,2,2.600799420848489,6.700727174058557,2.843379066325724,Serie_A,midfield,0.09302325581395349,0.0,0.12096741492318552,0.9767441860465116,0.10279169691683247,1.3023255813953487,0.3116617290259794,0.13225018913142902,0.12384759146897566
13964,Petar Sucic,34,1763,2,2.181936677545309,2,4.040994327515364,22,29,5,0,M S,Inter,2,2.181936677545309,15.208353381603956,10.927678305655718,Serie_A,midfield,0.10209869540555871,0.10209869540555871,0.11138644411745764,1.1230856494611459,0.20629012449029085,1.4804310833806011,0.7763765197642405,0.5578508494095374,0.09917893988842313
14339,Omri Gandelman,19,971,2,1.733949035406113,1,1.1209704279899595,10,7,0,0,M S,Lecce,2,1.733949035406113,3.184256792068481,1.036361239850521,Serie_A,midfield,0.1853759011328527,0.09268795056642636,0.16071618247842448,0.9268795056642637,0.10390045161595916,0.6488156539649845,0.2951422361340508,0.09605819936822543,0.1733949035406113
399,Ulisses García,13,941,1,0.0658854357898235,2,2.2447682172060013,2,12,3,0,D S,Sassuolo,1,0.0658854357898235,4.91206818819046,3.312851198017597,Serie_A,,0.09564293304994687,0.19128586609989373,0.006301476324212662,0.19128586609989373,0.21469621631088218,1.1477151965993624,0.46980460885987396,0.3168508053364333,0.03294271789491175
697,Nemanja Matic,34,2686,1,0.329651664942503,1,0.9152271281927824,11,20,6,1,M S,Sassuolo,1,0.329651664942503,11.574611898511648,10.903733760118484,Serie_A,midfield,0.03350707371556218,0.03350707371556218,0.01104566263768625,0.3685778108711839,0.030666582850837832,0.6701414743112435,0.3878313741124529,0.36535221087515396,0.02996833317659118
1122,Manuel Locatelli,36,3031,1,2.4154798155650496,2,3.826732565648854,46,47,9,0,M,Juventus,1,1.6541809802874925,21.80190648883581,18.526978565379977,Serie_A,midfield,0.029693170570768722,0.059386341141537444,0.049117878002597926,1.3658858462553614,0.11362782280052684,1.39557901682613,0.6473677281409512,0.5501247347028037,0.03596045609320636
1488,Remo Freuler,29,2236,1,1.6811274103820324,2,1.3417738927528262,8,22,5,0,M S,Bologna,1,1.6811274103820324,9.675127479247749,7.1491998406127095,Serie_A,midfield,0.04025044722719141,0.08050089445438283,0.06766613011376696,0.3220035778175313,0.05400699926107082,0.8855098389982111,0.389428208019811,0.2877584909012271,0.21014092629775405
1496,Roberto Gagliardini,29,2212,1,1.3313347091898322,0,0.6643395144492388,15,16,9,0,M S,Verona,1,1.3313347091898322,3.9453944442793727,3.128438973799348,Serie_A,midfield,0.0406871609403255,0.0,0.05416822957824814,0.6103074141048824,0.027030088743413873,0.650994575045208,0.16052689872746093,0.12728730001896083,0.08875564727932214
1639,Sebastiano Luperto,34,3024,1,0.9484533411450684,1,1.270846989005804,12,6,4,0,D,"Cagliari,Cremonese",1,0.9484533411450684,5.05174197955057,4.660151047632098,Serie_A,,0.02976190476190476,0.02976190476190476,0.028227778010269895,0.3571428571428571,0.03782282705374417,0.17857142857142855,0.1503494636771003,0.1386949716557172,0.0790377784287557
1710,Marten de Roon,34,2720,1,0.824793690815568,2,1.586717877537012,16,23,6,1,D M S,Atalanta,1,0.824793690815568,15.483431348577142,13.585763746872544,Serie_A,midfield,0.03308823529411765,0.0661764705882353,0.027290967710809234,0.5294117647058824,0.05250169447732761,0.7610294117647058,0.5123194196220378,0.44952894750681216,0.051549605675973
2217,Antonio Sanabria,25,921,1,2.979946978390217,1,1.9838042967021463,12,6,2,0,F S,Cremonese,1,2.979946978390217,3.9699571561068296,0.3716926481574774,Serie_A,attack,0.09771986970684039,0.09771986970684039,0.2912000304615847,1.1726384364820848,0.19385709739760387,0.5863192182410424,0.387943696036498,0.036321757148939156,0.2483289148658514
3209,Jean-Daniel Akpa-Akpro,22,1531,1,0.8760971613228321,0,0.3872304651886225,13,11,9,0,M S,Verona,1,0.8760971613228321,2.588825137354433,1.5401012059301138,Serie_A,midfield,0.05878510777269758,0.0,0.051501466047717104,0.7642064010450687,0.02276338462898499,0.6466361854996734,0.15218436470404897,0.09053501537146325,0.06739208933252555
4918,Patrick Cutrone,15,908,1,3.271421535871923,0,0.6590696647763252,25,3,0,0,F S,Parma Calcio 1913,1,3.271421535871923,3.99916382227093,0.8263060990720987,Serie_A,attack,0.09911894273127754,0.0,0.3242598438639571,2.4779735682819384,0.06532628835888686,0.29735682819383263,0.39639288987266924,0.0819025869124327,0.13085686143487693
4939,Alessandro Bastoni,28,2269,1,1.6852088272571564,4,3.203112171962857,17,25,6,0,D,Inter,1,1.6852088272571564,13.949626933783293,11.816649977117777,Serie_A,,0.03966505068312032,0.15866020273248127,0.06684389354479686,0.6743058616130454,0.1270516066446263,0.9916262670780079,0.5533126593391345,0.46870802024706915,0.09912993101512685
4970,Luca Pellegrini,24,1485,1,0.6440801462158561,0,0.8312388863414526,7,16,8,0,D S,Lazio,1,0.6440801462158561,4.429873023182154,3.751665808260441,Serie_A,,0.06060606060606061,0.0,0.03903516037671855,0.4242424242424242,0.0503781143237244,0.9696969696969697,0.2684771529201305,0.22737368534911762,0.092011449459408
5133,Aarón Martín,33,2167,1,1.317988371476531,5,6.568098125047982,11,62,2,0,D M S,Genoa,1,0.5566895511001348,6.554186085239053,3.749794667586684,Serie_A,midfield,0.04153207198892478,0.2076603599446239,0.02312047051177302,0.45685279187817257,0.27278672415981464,2.5749884633133364,0.27220892832095744,0.15573674207789642,0.050608141009103165
5136,Estupiñán,19,1045,1,0.4771555783227086,1,1.5814345702528954,9,13,5,1,D S,AC Milan,1,0.4771555783227086,7.527399258688092,6.920363070443273,Serie_A,,0.0861244019138756,0.0861244019138756,0.0410947388029127,0.7751196172248803,0.1362001065289575,1.1196172248803828,0.6482927591214624,0.5960121304687985,0.053017286480300956
5712,Diego Carlos,27,1946,1,1.6734400745481253,0,0.0478520281612873,8,2,8,0,D S,Como,1,1.6734400745481253,5.324253041297197,5.265754908323288,Serie_A,,0.046248715313463515,0.0,0.0773944536019174,0.3699897225077081,0.0022130948276032156,0.09249743062692703,0.2462398631637964,0.24353439966551693,0.20918000931851566
6125,Stanislav Lobotka,32,2442,1,0.4109657760709524,1,1.0618614703416824,8,22,3,0,M S,Napoli,1,0.4109657760709524,9.941714700311422,8.96990124695003,Serie_A,midfield,0.036855036855036855,0.036855036855036855,0.015146158823253776,0.29484029484029484,0.03913494362438633,0.8108108108108109,0.36640226168223916,0.3305860410423844,0.05137072200886905
6176,Adam Marusic,33,2794,1,1.743161248974502,2,1.5355632733553648,16,9,1,1,D S,Lazio,1,1.743161248974502,7.536833369173109,5.5209521651268005,Serie_A,,0.03221188260558339,0.06442376521116679,0.05615050551456879,0.5153901216893343,0.04946338389476838,0.28990694345025053,0.24277559170564775,0.17784026301410596,0.10894757806090638
6360,Antoine Bernede,32,2349,1,1.0209336997941136,2,1.9406338185071943,21,29,2,0,M S,Verona,1,1.0209336997941136,5.913933668285608,3.547188401222229,Serie_A,midfield,0.03831417624521073,0.07662835249042146,0.03911623370858673,0.8045977011494253,0.07435378614970092,1.1111111111111112,0.2265874968691804,0.13590760157939574,0.04861589046638636
6672,Riccardo Sottil,21,1078,1,0.7569481134414673,2,3.896916251629591,20,24,1,0,F M S,Lecce,1,0.7569481134414673,2.106737073510885,0.7894598450511694,Serie_A,attack,0.08348794063079777,0.16697588126159554,0.0631960391555956,1.6697588126159555,0.3253455126592423,2.0037105751391464,0.17588713971797737,0.06591037667403084,0.03784740567207336
6696,Luca Ranieri,34,2489,1,2.0760744465515018,0,1.0300525836646557,18,7,8,1,D S,Fiorentina,1,2.0760744465515018,6.201835326850414,5.025631407275796,Serie_A,,0.03615910004017678,0.0,0.07506898360371038,0.650863800723182,0.037245774419372844,0.2531137002812374,0.22425278401628657,0.18172230882073992,0.1153374692528612
6706,Ndary Adopo,38,3074,1,2.5289438869804144,2,2.4404895724728703,28,27,4,0,D M S,Cagliari,1,2.5289438869804144,8.808407304808497,5.819650985300541,Serie_A,midfield,0.029277813923227067,0.058555627846454135,0.07404194854529515,0.8197787898503579,0.07145219958443667,0.7905009759271308,0.2578909100301772,0.17038665864575428,0.0903194245350148
6872,Mehmet Zeki Çelik,34,2747,1,1.7680562287569046,2,2.412685915827751,22,27,2,1,D M S,Roma,1,1.7680562287569046,13.856140442192554,11.655436754226685,Serie_A,midfield,0.03276301419730615,0.0655260283946123,0.05792685132439804,0.7207863123407353,0.0790468629139052,0.8846013833272661,0.45396892602742256,0.38186723985453286,0.08036619221622293
7224,Boulaye Dia,27,1257,1,2.6981686614453797,2,1.712193813174963,12,15,1,0,F M S,Lazio,1,2.6981686614453797,5.352691099047661,2.55795587785542,Serie_A,attack,0.07159904534606205,0.1431980906921241,0.19318630034215128,0.8591885441527447,0.12259144247076108,1.0739856801909307,0.3832475727241762,0.1831471988917962,0.22484738845378163
7286,Juan Miranda,32,2576,1,0.5171072538942099,3,4.504574298858643,13,64,6,0,D S,Bologna,1,0.5171072538942099,11.67654135497287,9.17404536018148,Serie_A,,0.03493788819875776,0.1048136645962733,0.018066635423322548,0.45419254658385094,0.1573803132365209,2.2360248447204967,0.4079536964082136,0.320521771124353,0.03977748106878538
7530,Samuele Ricci,31,1273,1,2.1061665676534176,4,2.7816384192556143,18,20,3,0,M S,AC Milan,1,2.1061665676534176,8.74880488216877,5.324380742385984,Serie_A,midfield,0.07069913589945012,0.2827965435978005,0.14890415639340737,1.2725844461901021,0.19665943262608426,1.4139827179890023,0.6185329453222225,0.37642911768636184,0.1170092537585232
7912,Eljif Elmas,33,1791,1,3.64168831333518,3,1.7521770196035504,27,24,3,0,F M S,Napoli,1,3.64168831333518,8.190225210040808,4.126482693478465,Serie_A,attack,0.05025125628140704,0.15075376884422112,0.18299941273041104,1.3567839195979898,0.08804909646248997,1.206030150753769,0.41156910603220137,0.20736093937077715,0.13487734493834
8090,Lloyd Kelly,35,2997,1,0.9669282408431172,1,1.061808668076992,17,11,4,0,D S,Juventus,1,0.9669282408431172,12.84868349507451,12.28440174087882,Serie_A,,0.03003003003003003,0.03003003003003003,0.02903688410940292,0.5105105105105104,0.03188614618849826,0.3303303303303303,0.38584635120343874,0.36890095317954413,0.056878131814301014
8313,Pierre Kalulu Kyatengwa,37,3281,1,1.4482845412567258,4,5.537243762984872,12,43,2,1,D,Juventus,1,1.4482845412567258,18.309088526293635,14.873174672946334,Serie_A,,0.02743066138372447,0.10972264553489788,0.03972740283849598,0.32916793660469373,0.15189025866157832,1.1795184395001526,0.5022304076093956,0.4079810181545779,0.12069037843806048
8513,Miguel Gutiérrez,28,1478,1,0.571861126460135,1,1.7833779081702232,15,20,0,0,D S,Napoli,1,0.571861126460135,8.16924431361258,7.402092078700662,Serie_A,,0.06089309878213803,0.06089309878213803,0.03482239606320173,0.9133964817320704,0.10859540712809207,1.2178619756427604,0.4974506009642302,0.4507363241428008,0.03812407509734233
8554,Rafael Obrador,16,1135,1,0.1724091228097677,3,1.056434327736497,7,11,1,0,D M S,Torino,1,0.1724091228097677,2.803703337907791,2.079035528004169,Serie_A,midfield,0.07929515418502203,0.23788546255506607,0.013671207976104927,0.5550660792951542,0.08377012290421561,0.8722466960352422,0.2223200884684592,0.16485744274922925,0.02462987468710967
8626,Nikola Moro,30,1784,1,0.9313860163092612,0,2.0523393927142024,21,26,1,0,M S,Bologna,1,0.9313860163092612,6.237979667261243,5.088687775656581,Serie_A,midfield,0.05044843049327354,0.0,0.04698696270618471,1.0594170403587444,0.10353730120194966,1.3116591928251122,0.3146962836622824,0.2567163115521818,0.044351715062345774
8720,Jack Harrison,15,983,1,0.9175047194585204,3,1.3327791523188353,13,15,1,0,D F M S,Fiorentina,1,0.9175047194585204,5.438477221876383,3.798996347934008,Serie_A,attack,0.09155645981688708,0.2746693794506612,0.08400348397890828,1.190233977619532,0.12202454090406427,1.3733468972533063,0.49792772122978074,0.34782265647412075,0.07057728611219388
8980,Luis Henrique,30,1617,1,1.1519507393240929,2,2.1901443749666214,15,22,1,0,D S,Inter,1,1.1519507393240929,8.63915280252695,5.7535695768892765,Serie_A,,0.05565862708719852,0.11131725417439704,0.06411599662286231,0.8348794063079777,0.12190042903339265,1.2244897959183674,0.4808433841851735,0.3202357835003308,0.07679671595493952
9714,Odilon Kossounou,19,981,1,0.2642052415758371,0,0.2571885026991367,5,4,1,0,D S,Atalanta,1,0.2642052415758371,4.142970737069845,3.8508499525487423,Serie_A,,0.09174311926605505,0.0,0.024239012988608907,0.45871559633027525,0.02359527547698502,0.3669724770642202,0.3800890584467748,0.3532889864723617,0.052841048315167415
9853,Simone Canestrelli,37,3200,1,1.348835569806397,0,0.4718508189544081,16,10,4,0,D S,Pisa,1,1.348835569806397,3.6674246499314895,3.0219644913449883,Serie_A,,0.028125,0.0,0.037936000400804915,0.45,0.013270804283092729,0.28125,0.10314631827932315,0.0849927513190778,0.08430222311289981
9876,Alessandro Zanoli,19,1314,1,0.0999864116311073,2,1.5538526717573404,3,15,1,0,D M S,Udinese,1,0.0999864116311073,3.543575694784522,2.3799541387706995,Serie_A,midfield,0.0684931506849315,0.136986301369863,0.006848384358295021,0.2054794520547945,0.10642826518885894,1.0273972602739725,0.24271066402633715,0.16301055745004792,0.03332880387703577
9893,Youssef Maleh,23,1574,1,1.2885206770151854,0,0.6452810652554035,22,9,4,1,M S,"Cremonese,Lecce",1,1.2885206770151854,2.969324486330152,1.825092279352248,Serie_A,midfield,0.05717916137229988,0.0,0.07367653172259636,1.2579415501905973,0.036896630160728285,0.5146124523506989,0.1697834839705932,0.10435724596042079,0.05856912168250843
9924,Fabiano Parisi,23,1550,1,1.3022431200370193,1,1.918891154229641,24,19,6,0,D F M S,Fiorentina,1,1.3022431200370193,6.788167456164956,4.464465705677867,Serie_A,attack,0.05806451612903226,0.05806451612903226,0.0756141166473108,1.3935483870967742,0.1114194863746243,1.103225806451613,0.3941516587450619,0.2592270409748439,0.05426013000154247
9964,Koni de Winter,26,1797,1,0.7965529607608914,1,0.6498572872951627,7,5,1,0,D S,AC Milan,1,0.7965529607608914,8.046976586803794,7.892384415492415,Serie_A,,0.05008347245409015,0.05008347245409015,0.03989413826849206,0.35058430717863104,0.03254710954733703,0.25041736227045075,0.4030205302238962,0.39527801747040475,0.11379328010869878
9985,Johan Vásquez,36,3219,1,1.88552456907928,0,0.4650002354755997,24,9,2,0,D,Genoa,1,1.88552456907928,6.492754224687815,6.209375747479498,Serie_A,,0.027958993476234855,0.0,0.052717369126168125,0.6710158434296365,0.013000938550109963,0.2516309412861137,0.18153087301084292,0.17360789601527024,0.07856352371163666
9996,Abdou Harroui,23,908,1,1.1734618581831455,0,0.6866047256626189,12,14,3,0,F M S,Verona,0,0.4121630229055881,3.6475467239506543,2.7020138697698712,Serie_A,attack,0.09911894273127754,0.0,0.040853163063329215,1.1894273127753305,0.06805553448197764,1.3876651982378854,0.3615409748409239,0.26782075801683747,0.03434691857546567
10365,Morten Frendrup,36,3093,1,0.2742339605465531,0,1.358272478915751,8,14,5,0,M S,Genoa,1,0.2742339605465531,6.03858286421746,4.793149305507541,Serie_A,midfield,0.02909796314258002,0.0,0.007979649676427345,0.23278370514064017,0.03952296252907132,0.40737148399612033,0.17571046161641496,0.13947088182854145,0.034279245068319135
10383,Michel Aebischer,35,2911,1,0.8299102364107966,2,3.4363013366237283,19,34,8,0,M S,Pisa,1,0.8299102364107966,9.910697347484527,7.117089634761214,Serie_A,midfield,0.03091721058055651,0.06183442116111302,0.025658509542072036,0.5874270010305737,0.10624085204264361,1.0511851597389212,0.30641111689234196,0.2200405589586085,0.043679486126884035
10891,Carlos Augusto,34,1745,1,1.9602262806147337,1,1.1390730757266283,20,11,6,0,D S,Inter,1,1.9602262806147337,13.039269134402277,11.17293145507574,Serie_A,,0.051575931232091685,0.051575931232091685,0.10110049584832438,1.0315186246418337,0.05874875462200375,0.5673352435530086,0.6725124481926675,0.5762543443878606,0.09801131403073668
10899,Emirhan Ilkhan,19,1028,1,2.3624519193544984,2,1.2235390963032842,13,12,2,1,M S,Torino,1,2.3624519193544984,3.558742105960846,2.168549509719014,Serie_A,midfield,0.08754863813229571,0.17509727626459143,0.20682944819251448,1.1381322957198443,0.10711918158297234,1.0505836575875487,0.3115630248409301,0.18985355629835726,0.1817270707195768
10935,Dodô,36,3158,1,1.3770605642348528,2,5.387680346146226,25,51,7,0,D M,Fiorentina,1,1.3770605642348528,14.528255576267838,10.455381613224745,Serie_A,midfield,0.028499050031665613,0.056998100063331225,0.039244917916762746,0.7124762507916403,0.15354377173944278,1.4534515516149462,0.414041482540882,0.2979684436954487,0.055082422569394114
10957,Mikael Ellertsson,36,2770,1,2.1503593772649765,1,2.5014033168554306,26,16,1,1,D M S,Genoa,1,2.1503593772649765,6.250576099380851,3.155878205783665,Serie_A,midfield,0.032490974729241874,0.032490974729241874,0.06986727218550465,0.8447653429602888,0.0812730319555916,0.51985559566787,0.2030873100881865,0.10253755903268226,0.08270612989480679
11038,Jhon Lucumí,29,2282,1,1.3786265589296818,0,0.7872928977012634,8,7,5,0,D S,Bologna,1,1.3786265589296818,7.493933078367263,6.784966338891536,Serie_A,,0.03943908851884312,0.0,0.05437177489205581,0.31551270815074495,0.03105011428269663,0.27607361963190186,0.29555389003201304,0.2675928880369142,0.17232831986621022
11039,Lewis Ferguson,27,1576,1,0.6512357760220766,0,1.5657932441681623,13,16,5,1,M S,Bologna,1,0.6512357760220766,5.200136251747608,4.374258171766996,Serie_A,midfield,0.05710659898477157,0.0,0.03718986030582925,0.7423857868020305,0.08941712688777577,0.9137055837563451,0.2969620955947238,0.24979900727095794,0.05009505969400589
11053,Isak Hien,28,1951,1,1.0833443198353052,0,0.1072509177029132,9,2,5,0,D S,Atalanta,1,1.0833443198353052,6.416519846767187,6.356766816228628,Serie_A,,0.04613018964633521,0.0,0.04997487892628266,0.41517170681701693,0.004947505173378877,0.09226037929267042,0.2959952774008441,0.2932388587701571,0.12037159109281169
11306,Cyril Ngonge,20,987,1,2.7625477351248264,1,0.5623787045478821,24,12,2,0,F S,Torino,1,2.7625477351248264,4.732533551752567,1.595635703764856,Serie_A,attack,0.09118541033434652,0.09118541033434652,0.2519040487955769,2.188449848024316,0.051280732937496847,1.094224924012158,0.4315380138376201,0.14549869639193216,0.1151061556302011
11551,Marco Palestra,37,3087,1,1.6532281721010804,4,4.397553648799658,29,32,3,0,D F M S,Cagliari,1,1.6532281721010804,8.444047356024384,3.87338453065604,Serie_A,attack,0.029154518950437316,0.11661807580174927,0.0481990720729178,0.8454810495626822,0.12820856118949442,0.9329446064139941,0.24618213865960306,0.11292666270134229,0.057007868003485535
11741,Saúl Coco,35,3093,1,1.1569340787827969,1,0.7588450685143471,15,11,3,0,D,Torino,1,1.1569340787827969,6.594926895573735,5.952169122174382,Serie_A,,0.02909796314258002,0.02909796314258002,0.03366442518281659,0.43646944713870034,0.02208084583455908,0.3200775945683802,0.1918989397354142,0.17319599773543304,0.0771289385855198
11902,Pietro Comuzzo,27,1697,1,0.8149047680199146,0,0.0443671131506562,10,3,2,0,D S,Fiorentina,1,0.8149047680199146,5.986111041158438,5.848984122276306,Serie_A,,0.05303476723629935,0.0,0.04321828469168669,0.5303476723629935,0.0023529995188916073,0.15910430170889805,0.31747200571847933,0.3101995114937346,0.08149047680199147
11945,Ylber Ramadani,37,3236,1,1.2185862502083182,0,1.3888573935255408,35,19,10,0,M,Lecce,1,1.2185862502083182,7.193579321727157,5.043079229071736,Serie_A,midfield,0.027812113720642767,0.0,0.033891459369205394,0.973423980222497,0.03862705977048785,0.5284301606922126,0.20006864615433995,0.1402586930211546,0.03481675000595195
11959,Matteo Prati,33,1893,1,1.6766500296071172,1,1.699283911846578,31,13,5,0,M S,"Cagliari,Torino",1,1.6766500296071172,6.055320294573903,4.262527488172054,Serie_A,midfield,0.04754358161648178,0.04754358161648178,0.07971394752490256,1.473851030110935,0.0807900433524522,0.618066561014263,0.2878916146390128,0.20265582352640513,0.05408548482603604
12012,Marcus Pedersen,29,2148,1,1.6248117666691542,2,2.887870935723185,15,20,3,0,D M S,Torino,1,1.6248117666691542,8.29255704022944,4.022757038474083,Serie_A,midfield,0.04189944134078212,0.08379888268156424,0.06807870530736679,0.6284916201117318,0.12100017887108316,0.8379888268156425,0.3474535072721832,0.16855127256176325,0.10832078444461028
12084,Martín Payero,25,1469,1,1.4321895614266396,0,0.5584035962820053,23,13,8,0,M S,Cremonese,1,1.4321895614266396,3.3215508349239826,2.247837715782225,Serie_A,midfield,0.06126616746085772,0.0,0.08774476550605688,1.4091218515997277,0.03421124824055853,0.7964601769911505,0.2034986896822045,0.13771640191994572,0.06226911136637563
12104,Neil El Aynaoui,25,958,1,0.9577326010912656,2,1.7740114629268646,6,12,5,0,M S,Roma,1,0.9577326010912656,5.916931334882975,3.715265704318881,Serie_A,midfield,0.0939457202505219,0.1878914405010438,0.08997487901692473,0.5636743215031316,0.16666078461734637,1.1273486430062631,0.5558703759284632,0.3490333125142999,0.15962210018187759
12362,Santiago Pierotti,37,2661,1,3.769198192283511,2,2.6033652145415545,32,22,4,0,F M S,Lecce,1,3.769198192283511,7.335631237365305,2.38239432964474,Serie_A,attack,0.033821871476888386,0.06764374295377677,0.12748133683033297,1.0822998872604284,0.08805068369362641,0.7440811724915445,0.2481047769120171,0.08057703482451206,0.11778744350885972
12783,Alessandro Circati,31,2667,1,0.736436253413558,0,0.2460185680538416,8,9,6,0,D,Parma Calcio 1913,1,0.736436253413558,4.767245355993509,4.242752678692341,Serie_A,,0.03374578177727784,0.0,0.02485161710057001,0.26996625421822273,0.008302088910703316,0.30371203599550056,0.16087442146209818,0.14317500603011274,0.09205453167669475
12822,Álex Valle,28,2028,1,0.8854037057608366,4,1.477425147779286,11,14,3,0,D S,Como,1,0.8854037057608366,8.43967054784298,6.7662607887759805,Serie_A,,0.044378698224852076,0.1775147928994083,0.039293063865125884,0.4881656804733728,0.0655662047831044,0.621301775147929,0.3745415923598955,0.3002778456557388,0.08049124597825787
12853,Jesper Karlström,36,3164,1,0.94436174351722,0,0.8986503640189767,20,16,6,0,M,Udinese,1,0.94436174351722,7.85272366181016,6.5668018367141485,Serie_A,midfield,0.028445006321112517,0.0,0.02686237576376416,0.5689001264222503,0.025562115284989854,0.45512010113780027,0.22337077419813983,0.18679271975482725,0.047218087175861
12872,Fisayo Dele-Bashiru,24,1159,1,0.5851763747632504,0,1.120098192244768,9,11,0,0,M S,Lazio,1,0.5851763747632504,6.592202328145504,5.67429375462234,Serie_A,midfield,0.07765314926660916,0.0,0.045440788376783885,0.6988783433994823,0.08697915211564203,0.8541846419327006,0.5119052713831711,0.4406267799102766,0.06501959719591671
13097,Mandela Keita,37,3016,1,0.4839648194611072,1,0.2838953603059053,16,11,1,0,M S,Parma Calcio 1913,1,0.4839648194611072,2.960139892995357,2.3855352448299527,Serie_A,midfield,0.029840848806366047,0.029840848806366047,0.01444192100513914,0.47745358090185674,0.008471678523717333,0.32824933687002655,0.08833308699256702,0.07118639656322803,0.0302478012163192
13389,Devyne Rensch,24,1180,1,0.569548043422401,4,2.7164466995745897,6,10,1,0,D M S,Roma,1,0.569548043422401,4.86653365381062,3.604976048693061,Serie_A,midfield,0.07627118644067796,0.30508474576271183,0.043440105006793295,0.45762711864406774,0.20718661267941785,0.7627118644067796,0.37117629562962356,0.274955800324047,0.09492467390373349
13875,Jamil Siebert,21,1701,1,0.4797683842480182,0,0.3154878802597523,6,3,3,0,D S,Lecce,1,0.4797683842480182,2.341046974994242,1.971344226039946,Serie_A,,0.05291005291005291,0.0,0.02538457059513324,0.31746031746031744,0.01669248043702393,0.15873015873015872,0.12386491931186466,0.10430392730370085,0.0799613973746697
13898,Jari Vandeputte,32,1977,1,2.11050614900887,5,6.268006220459938,20,54,3,0,M S,Cremonese,1,2.11050614900887,7.40445183776319,4.125671859830618,Serie_A,midfield,0.045523520485584223,0.2276176024279211,0.09607766990935675,0.9104704097116844,0.2853417095808773,2.4582701062215477,0.3370767149209343,0.18781510742779747,0.1055253074504435
13938,Idrissa Touré,32,2283,1,2.997904310002923,0,3.5665722815319896,28,20,4,1,D M S,Pisa,1,2.997904310002923,7.313524666242301,3.037940706126392,Serie_A,midfield,0.03942181340341656,0.0,0.11818282431023348,1.1038107752956636,0.14060074697235175,0.7884362680683311,0.28831240471388836,0.11976113164755815,0.10706801107153296
13946,João Mário,20,1003,1,0.2812202759087086,0,0.7328075990080833,7,8,2,0,D S,"Bologna,Juventus",1,0.2812202759087086,3.5707893492653966,2.740538847632706,Serie_A,,0.08973080757726819,0.0,0.0252341224643906,0.6281156530408774,0.06575541765775424,0.7178464606181455,0.32040981199789204,0.24591076399495868,0.04017432512981551
13948,Christian Ordóñez,28,1076,1,0.449460974894464,0,0.2704525701701641,10,6,3,1,M S,Parma Calcio 1913,1,0.449460974894464,1.8653250634670255,1.4926570681855085,Serie_A,midfield,0.08364312267657992,0.0,0.037594319461432865,0.8364312267657993,0.02262149750493938,0.5018587360594795,0.15602161311527166,0.1248504982683046,0.044946097489446404
13949,Oliver Sørensen,34,1834,1,2.045102119445801,1,0.7402975568547845,15,9,2,0,D M S,Parma Calcio 1913,1,2.045102119445801,5.042463628575206,3.415822559967637,Serie_A,midfield,0.04907306434023991,0.04907306434023991,0.1003594278899248,0.7360959651035988,0.03632866963845725,0.44165757906215924,0.24744914207839067,0.16762488026013486,0.13634014129638672
13955,Jakub Piotrowski,33,1702,1,3.2054076455533504,1,0.7784238774329424,36,12,2,0,M S,Udinese,1,3.2054076455533504,6.512797696515918,3.212956831790507,Serie_A,midfield,0.052878965922444184,0.052878965922444184,0.16949864165675768,1.9036427732079908,0.04116224968799343,0.6345475910693302,0.3443900074538382,0.16989783481853443,0.08903910126537085
13979,Mariano Troilo,21,1631,1,0.977194907143712,0,0.6567005543038249,9,7,5,2,D S,Parma Calcio 1913,1,0.977194907143712,2.2315278854221106,1.764288262464106,Serie_A,,0.0551808706315144,0.0,0.053922465752871906,0.4966278356836297,0.036237308330683164,0.38626609442060084,0.1231376515560944,0.09735496236773117,0.10857721190485689
14065,Juan Rodríguez,17,1327,1,1.198434928432107,0,0.0,3,0,3,0,D S,Cagliari,1,1.198434928432107,2.5587312020361423,2.53060919418931,Serie_A,,0.06782215523737754,0.0,0.08128043975801781,0.20346646571213264,0.0,0.0,0.1735386647952169,0.17163136961344228,0.399478309477369
199,Yann Sommer,33,2962,0,0.0,0,0.0,0,0,0,0,GK,Inter,0,0.0,7.838671699166298,7.838671699166298,Serie_A,,0.0,0.0,0.0,0.0,0.0,0.0,0.2381770604068085,0.2381770604068085,
342,Sead Kolasinac,19,1233,0,0.122791800647974,0,0.0,3,0,3,0,D S,Atalanta,0,0.122791800647974,4.200706224888563,4.168808490037918,Serie_A,,0.0,0.0,0.008962905156786424,0.21897810218978103,0.0,0.0,0.30662089232763234,0.30429259051371665,0.04093060021599133
546,David de Gea,37,3330,0,0.0,0,0.0263757612556219,0,1,1,0,GK,Fiorentina,0,0.0,4.425902869552374,4.399527113884687,Serie_A,,0.0,0.0,0.0,0.0,0.0007128584123141054,0.027027027027027025,0.11961899647438849,0.11890613821309966,
703,Fikayo Tomori,33,2572,0,0.594410877674818,2,1.0016300892457366,9,4,6,1,D S,AC Milan,0,0.594410877674818,8.909132670611143,7.46826982870698,Serie_A,,0.0,0.06998444790046657,0.020799758550051953,0.31493001555209954,0.035049264398178966,0.13996889580093314,0.3117503656123651,0.261331370366885,0.06604565307497978
1119,Alessio Romagnoli,32,2670,0,1.5350841991603374,0,0.0711084343492984,9,3,6,1,D S,Lazio,0,1.5350841991603374,5.827228598296642,5.75005448423326,Serie_A,,0.0,0.0,0.05174441120765182,0.30337078651685395,0.0023969135173920806,0.10112359550561799,0.19642343589763964,0.19382206126628965,0.17056491101781526
1247,Juan Jesus,24,1670,0,0.2074212320148944,0,0.2721040360629558,3,4,8,1,D S,Napoli,0,0.2074212320148944,6.624128991737962,6.383525187149644,Serie_A,,0.0,0.0,0.011178389749305687,0.16167664670658682,0.014664289368662289,0.2155688622754491,0.3569889875786925,0.3440223154751305,0.06914041067163147
1281,Giuseppe Pezzella,31,2599,0,0.1174378851428628,1,1.6624937923625112,6,27,8,1,D M S,Cremonese,0,0.1174378851428628,5.00905183237046,3.720164413563907,Serie_A,midfield,0.0,0.03462870334744132,0.004066721686363082,0.20777222008464794,0.05757000435268411,0.9349749903809157,0.17345696995511406,0.12882446988101257,0.0195729808571438
1302,Emil Audero,34,3060,0,0.0,0,0.0,0,0,0,0,GK,Cremonese,0,0.0,0.9797998899593948,0.9797998899593948,Serie_A,,0.0,0.0,0.0,0.0,0.0,0.0,0.02881764382233514,0.02881764382233514,
1305,Lukasz Skorupski,19,1594,0,0.0,0,0.0,0,0,1,1,GK,Bologna,0,0.0,1.617395529523492,1.617395529523492,Serie_A,,0.0,0.0,0.0,0.0,0.0,0.0,0.09132095210609428,0.09132095210609428,
1463,Francesco Acerbi,18,1380,0,0.370837839320302,1,0.9359209798276424,3,4,2,0,D S,Inter,0,0.370837839320302,4.627755414694548,4.529267143458128,Serie_A,,0.0,0.06521739130434782,0.024185076477411,0.1956521739130435,0.06103832477136798,0.2608695652173913,0.3018101357409488,0.2953869876168344,0.12361261310676734
1504,Alberto Grassi,30,1758,0,0.7624318739399314,0,0.4524057134985924,13,8,4,1,M S,Cremonese,0,0.7624318739399314,3.692227714695037,2.7019001794978976,Serie_A,midfield,0.0,0.0,0.03903234849521833,0.6655290102389079,0.02316070205624193,0.40955631399317405,0.18902189665674252,0.13832253478658177,0.05864860568768703
1544,Federico Ravaglia,17,1468,0,0.0,0,0.0,0,0,4,0,GK S,Bologna,0,0.0,1.1016265656799078,1.1016265656799078,Serie_A,,0.0,0.0,0.0,0.0,0.0,0.0,0.0675384134272423,0.0675384134272423,
1634,Alessandro Deiola,20,1444,0,2.228636055253446,2,0.5954971769824624,22,6,3,0,D M S,Cagliari,0,2.228636055253446,4.545566329732537,2.970381209626794,Serie_A,midfield,0.0,0.12465373961218837,0.13890390926094887,1.371191135734072,0.037115475019682556,0.37396121883656513,0.28331092082820525,0.18513456292687772,0.10130163887515664
1804,Álvaro Morata,26,917,0,4.910666534677148,1,0.7771521378308535,23,10,2,1,F S,Como,0,4.149367729201913,3.673953918740153,0.6550146443769336,Serie_A,attack,0.0,0.09814612868047982,0.4072443790928813,2.257360959651036,0.07627447372385694,0.9814612868047983,0.3605843540748242,0.06428715157461726,0.1804072925739962
1843,Matteo Bianchetti,27,2222,0,0.7512021120637655,2,0.4877564660273492,7,4,4,0,D S,Cremonese,0,0.7512021120637655,3.321823885664344,3.0193286444991827,Serie_A,,0.0,0.081008100810081,0.030426728211403645,0.28352835283528355,0.019756112485356178,0.162016201620162,0.13454732210161607,0.12229503960617752,0.10731458743768078
1873,Nicola Leali,22,1843,0,0.0,0,0.1997857615351677,0,2,2,1,GK S,Genoa,0,0.0,1.4363188985735178,1.2365331295877695,Serie_A,,0.0,0.0,0.0,0.0,0.009756222755379866,0.09766684753119913,0.07014036943657982,0.060384146317362594,
1892,Alex Meret,11,982,0,0.0,1,0.2711901664733886,0,1,1,0,GK,Napoli,0,0.0,1.5828552544116974,1.5828552544116974,Serie_A,,0.0,0.09164969450101833,0.0,0.0,0.02485449590896637,0.09164969450101833,0.1450682005061637,0.1450682005061637,
1898,Stefano Sabelli,16,930,0,0.403718045912683,0,0.3217905536293983,8,6,0,0,D M S,Genoa,0,0.403718045912683,3.7337232949212193,3.200494651682675,Serie_A,midfield,0.0,0.0,0.03906948831413062,0.7741935483870968,0.031141021318974026,0.5806451612903226,0.3613280607988277,0.30972528887251694,0.050464755739085376
1927,Berat Gjimshiti,34,2522,0,1.6940214959904552,0,0.3319271430373192,16,5,4,0,D S,Atalanta,0,1.6940214959904552,9.58841962274164,8.927216066978872,Serie_A,,0.0,0.0,0.060452789309730755,0.570975416336241,0.011845139918064523,0.1784298176050753,0.3421719928813432,0.3185763069104276,0.10587634349940345
3729,Hassane Kamara,26,1883,0,0.8897657804191113,2,2.513818873092532,16,23,5,0,D M S,Udinese,0,0.8897657804191113,6.378122080117464,4.113270306959748,Serie_A,midfield,0.0,0.09559214020180562,0.04252730761429634,0.764737121614445,0.12015066307930318,1.0993096123207646,0.3048491700534104,0.19659815593541016,0.05561036127619445
3737,Mike Maignan,37,3296,0,0.0,0,0.0,0,0,4,0,GK,AC Milan,0,0.0,5.275465501472354,5.275465501472354,Serie_A,,0.0,0.0,0.0,0.0,0.0,0.0,0.14405093905719413,0.14405093905719413,
3965,Arturo Calabresi,26,1536,0,0.2407729886472225,0,0.0651397965848445,4,4,8,0,D S,Pisa,0,0.2407729886472225,2.263354999944568,2.1927061965689063,Serie_A,,0.0,0.0,0.014107792303548194,0.234375,0.0038167849561432324,0.234375,0.13261845702800204,0.12847887870520935,0.06019324716180562
4911,Alessio Zerbin,32,1643,0,1.82145987264812,3,2.4866941403597598,21,17,1,0,D M S,Cremonese,0,1.82145987264812,5.13411957398057,1.9741908451542256,Serie_A,midfield,0.0,0.16433353621424224,0.09977564731486963,1.1503347534996957,0.1362157471895182,0.931223371880706,0.28123600831299533,0.1081419209153258,0.08673618441181523
4920,Matteo Gabbia,30,2531,0,1.5443233884871006,0,0.0519444094970822,19,2,4,0,D S,AC Milan,0,1.5443233884871006,8.185640977695584,7.89401094801724,Serie_A,,0.0,0.0,0.05491469970914226,0.675622283682339,0.0018470947667868028,0.07111813512445674,0.29107376056602235,0.2807036686375154,0.08128017834142635
4984,Wladimiro Falcone,38,3420,0,0.0,0,0.0365259833633899,0,1,2,0,GK,Lecce,0,0.0,0.8861004188656807,0.8495744355022907,Serie_A,,0.0,0.0,0.0,0.0,0.0009612100885102604,0.026315789473684213,0.02331843207541265,0.022357221986902386,
4990,Marius Marin,23,1307,0,0.0855703866109252,0,0.0219777524471282,3,2,7,0,M S,Pisa,0,0.0855703866109252,3.226825973019004,3.1192778795957565,Serie_A,midfield,0.0,0.0,0.005892375512611528,0.20657995409334354,0.0015133876972008705,0.13771996939556236,0.22219918712449147,0.2147934270570911,0.02852346220364173
5025,Alessandro Buongiorno,33,2526,0,1.6447823997586966,1,0.3518915679305792,8,3,3,0,D S,Napoli,0,1.6447823997586966,8.016250479966402,7.9922011978924274,Serie_A,,0.0,0.035629453681710214,0.05860269832869465,0.2850356294536817,0.012537704320566953,0.10688836104513065,0.2856146251769502,0.28475776239521716,0.20559779996983707
5610,Jean Butez,38,3420,0,0.0,1,0.4511870332062244,0,3,3,0,GK,Como,0,0.0,8.169484661892056,7.718297624960542,Serie_A,,0.0,0.026315789473684213,0.0,0.0,0.011873342979111167,0.07894736842105263,0.21498643847084362,0.20311309539369846,
5996,Adrien Tameze,24,1110,0,0.2225745106115937,0,0.2651061238721013,5,8,3,0,D M S,Torino,0,0.2225745106115937,3.868183462880552,3.530101119540632,Serie_A,midfield,0.0,0.0,0.01804658194148057,0.40540540540540543,0.02149509112476497,0.6486486486486487,0.31363649699031504,0.2862244150978891,0.04451490212231874
6149,Unai Núñez,17,1263,0,0.2986309919506311,0,0.1526594869792461,7,5,6,0,D S,Verona,0,0.2986309919506311,2.789568616077304,2.5562163945287466,Serie_A,,0.0,0.0,0.021280118191256372,0.498812351543943,0.010878348240801385,0.3562945368171021,0.1987816115969575,0.18215318725858054,0.04266157027866158
6167,Vanja Milinkovic-Savic,27,2430,0,0.0,1,0.3024167791008949,0,3,0,0,GK,Napoli,0,0.0,4.887410014867783,4.58499326556921,Serie_A,,0.0,0.037037037037037035,0.0,0.0,0.011200621448181292,0.1111111111111111,0.1810151857358438,0.16981456539145223,
6180,Manuel Lazzari,23,917,0,0.1093258569017052,0,0.12791617680341,4,2,2,0,D S,Lazio,0,0.1093258569017052,1.957939920015633,1.7328816344961524,Serie_A,,0.0,0.0,0.010729909619578482,0.3925845147219193,0.012554477548862486,0.19629225736095965,0.1921642233385027,0.17007562388729958,0.0273314642254263
6352,Valentino Lazaro,31,2273,0,0.4233721131458878,2,3.7035163436084986,8,31,4,0,D M S,Torino,0,0.4233721131458878,6.316612107679248,4.944833934307098,Serie_A,midfield,0.0,0.07919049714034317,0.016763524057690233,0.31676198856137266,0.1466416502088715,1.227452705675319,0.2501078265249152,0.19579192876710905,0.052921514143235975
6368,Mathías Olivera,25,1370,0,1.7913433331996202,0,0.5973206851631403,8,10,3,0,D S,Napoli,0,1.7913433331996202,7.217204011976719,5.740894721820951,Serie_A,,0.0,0.0,0.11767948904231083,0.5255474452554744,0.03924004501071725,0.656934306569343,0.4741228912977407,0.3771390693167048,0.22391791664995253
6412,Raoul Bellanova,24,1374,0,0.5010053906589746,1,1.9426204562187197,13,21,2,0,D M S,Atalanta,0,0.5010053906589746,5.808547647669911,4.122412154451013,Serie_A,midfield,0.0,0.06550218340611354,0.03281694698639572,0.8515283842794761,0.12724588141170654,1.3755458515283843,0.3804725533408239,0.2700269970164419,0.03853887620453651
6929,Adrian Semper,25,2250,0,0.0,0,0.0,0,0,0,0,GK,Pisa,0,0.0,0.7795740598812699,0.7795740598812699,Serie_A,,0.0,0.0,0.0,0.0,0.0,0.0,0.031182962395250795,0.031182962395250795,
6982,Ivan Provedel,27,2430,0,0.0,0,0.2273319959640503,0,1,1,0,GK,Lazio,0,0.0,2.789876733906567,2.562544737942517,Serie_A,,0.0,0.0,0.0,0.0,0.008419703554224086,0.037037037037037035,0.10332876792246544,0.09490906436824137,
7027,Arijanet Muric,32,2880,0,0.0,0,0.0334668159484863,0,1,4,0,GK,Sassuolo,0,0.0,3.8466744776815176,3.8466744776815176,Serie_A,,0.0,0.0,0.0,0.0,0.0010458379983901969,0.03125,0.12020857742754743,0.12020857742754743,
7087,Elia Caprile,38,3420,0,0.0,0,0.1229132413864135,0,1,2,0,GK,Cagliari,0,0.0,2.390499006025493,2.26758576463908,Serie_A,,0.0,0.0,0.0,0.0,0.003234558983852987,0.026315789473684213,0.06290786857961825,0.059673309595765264,
7483,Hans Nicolussi Caviglia,26,1456,0,0.8566823797300458,4,1.7445766404271126,20,19,4,0,M S,"Fiorentina,Parma Calcio 1913",0,0.8566823797300458,4.350880516692996,3.1315471809357405,Serie_A,midfield,0.0,0.24725274725274726,0.05295426797781876,1.2362637362637363,0.10783784178464295,1.1744505494505495,0.2689417901801989,0.19357091090948944,0.04283411898650229
7755,Domagoj Bradaric,29,1976,0,0.6028579501435161,1,2.994570933282376,13,28,2,0,D M S,Verona,0,0.6028579501435161,6.39884002879262,3.356616459786892,Serie_A,midfield,0.0,0.04554655870445344,0.02745810501665812,0.5921052631578947,0.13639240080739568,1.2753036437246963,0.29144514301180957,0.15288232863401838,0.04637368847257816
7758,Cheikh Niasse,20,973,0,0.1757795037701726,1,0.5936807617545128,6,11,1,0,D M S,Verona,0,0.1757795037701726,2.713234404101968,2.0721419416368008,Serie_A,midfield,0.0,0.09249743062692703,0.016259152455617196,0.5549845837615621,0.05491394507492924,1.0174717368961972,0.25096721106801345,0.19166780549569584,0.029296583961695433
8009,Antonino Gallo,37,3063,0,0.8320707594975829,4,3.944961703382433,6,36,3,0,D S,Lecce,0,0.8320707594975829,5.235778709873557,3.610010246746242,Serie_A,,0.0,0.11753183153770813,0.024448700083180695,0.1762977473065622,0.11591464358616355,1.0577864838393731,0.15384266532439445,0.10607277904249487,0.13867845991626382
8030,Sebastian Walukiewicz,34,2871,0,0.1800192967057228,1,2.0545829758048058,7,21,7,0,D S,Sassuolo,0,0.1800192967057228,8.79346252931282,7.566686389502138,Serie_A,,0.0,0.031347962382445145,0.005643238141245228,0.219435736677116,0.06440698983714124,0.658307210031348,0.27565713258033914,0.23720020029787264,0.02571704238653183
8290,Edoardo Corvi,17,1530,0,0.0,0,0.0,0,0,1,0,GK,Parma Calcio 1913,0,0.0,1.6450959853827951,1.6450959853827951,Serie_A,,0.0,0.0,0.0,0.0,0.0,0.0,0.0967703520813409,0.0967703520813409,
8303,Marin Pongracic,35,2923,0,0.592979246750474,0,0.688893262296915,8,8,12,0,D S,Fiorentina,0,0.592979246750474,6.798887319862843,6.397510515525937,Serie_A,,0.0,0.0,0.018257999386774772,0.24632227163872733,0.021211219160698718,0.24632227163872733,0.20933967115554422,0.19698116537712432,0.07412240584380925
8326,Maduka Okoye,30,2616,0,0.0,0,0.0713610853999853,0,2,1,1,GK,Udinese,0,0.0,1.990268925204873,1.973937455564737,Serie_A,,0.0,0.0,0.0,0.0,0.002455083213302247,0.06880733944954129,0.0684725547662227,0.06791069227860334,
8632,Enzo Ebosse,17,1342,0,0.0585717372596263,1,0.522622860968113,1,6,4,0,D S,"Torino,Verona",0,0.0585717372596263,4.712129931896925,4.59448878094554,Serie_A,,0.0,0.06706408345752608,0.003928059875831868,0.06706408345752608,0.03504922316477657,0.40238450074515647,0.31601467501544206,0.308125179049999,0.0585717372596263
8857,Gabriele Zappa,31,1583,0,1.1292200051248074,3,2.106568494811654,11,13,2,0,D S,Cagliari,0,1.1292200051248074,6.058917995542288,4.171539556235075,Serie_A,,0.0,0.17056222362602652,0.0642007583456934,0.6253948199620972,0.11976700223186916,0.7391029690461149,0.34447417536248004,0.23716902088512742,0.10265636410225522
8871,Marco Carnesecchi,37,3330,0,0.0,0,0.0,0,0,0,0,GK,Atalanta,0,0.0,6.905917014926672,6.905917014926672,Serie_A,,0.0,0.0,0.0,0.0,0.0,0.0,0.18664640580882896,0.18664640580882896,
8881,Lorenzo Montipò,35,3150,0,0.0,1,0.218423243612051,0,3,0,0,GK,Verona,0,0.0,2.1883213939145207,1.9698981354013083,Serie_A,,0.0,0.02857142857142857,0.0,0.0,0.006240664103201458,0.08571428571428572,0.06252346839755774,0.056282803868608816,
8967,Lautaro Valenti,27,2255,0,0.4869517162442207,0,1.1660469826310873,17,10,7,0,D S,Parma Calcio 1913,0,0.4869517162442207,5.188648164272308,4.281415678560734,Serie_A,,0.0,0.0,0.019434880027485526,0.6784922394678492,0.04653846050412321,0.3991130820399113,0.2070857360463449,0.17087690069643727,0.028644218602601218
9029,Simon Sohm,28,1447,0,0.7936277445405722,1,2.04474865924567,9,15,3,0,M S,"Bologna,Fiorentina",0,0.7936277445405722,4.9742969293147326,3.7022214271128178,Serie_A,midfield,0.0,0.06219765031098825,0.04936178093203282,0.5597788527988943,0.12717856208162423,0.9329647546648238,0.3093895809525404,0.2302694736974109,0.08818086050450802
9044,Alberto Paleari,29,2610,0,0.0,0,0.0,0,0,1,0,GK,Torino,0,0.0,1.6753552202135324,1.6753552202135324,Serie_A,,0.0,0.0,0.0,0.0,0.0,0.0,0.0577708696625356,0.0577708696625356,
9065,Nahuel Estévez,32,1001,0,0.6303743990138173,1,1.103767991065979,9,11,2,0,M S,Parma Calcio 1913,0,0.6303743990138173,2.353299428708852,1.3416498266160488,Serie_A,midfield,0.0,0.0899100899100899,0.05667701889235121,0.8091908091908093,0.09923987931662148,0.989010989010989,0.21158536322057608,0.12062785653890548,0.07004159989042415
9090,Ardian Ismajli,25,1907,0,0.7488318141549826,1,0.5390323810279369,6,4,5,0,D S,Torino,0,0.7488318141549826,3.390311038121581,2.8379868511110544,Serie_A,,0.0,0.04719454640797063,0.03534077780490216,0.2831672784478238,0.025439388721821877,0.18877818563188253,0.16000419162608406,0.1339375021499711,0.12480530235916376
9561,Nicolò Bertola,28,1756,0,0.995705895125866,1,1.549034908413887,13,11,3,0,D S,Udinese,0,0.995705895125866,4.48557251971215,2.858090599998832,Serie_A,,0.0,0.05125284738041002,0.05103276227866056,0.6662870159453304,0.07939244974786437,0.5637813211845102,0.22989836376656808,0.14648528132112465,0.07659276116352816
9691,Nuno Tavares,23,1478,0,1.1277530696243048,0,1.182953616604209,16,20,5,0,D S,Lazio,0,1.1277530696243048,5.688988317735493,4.411527437157929,Serie_A,,0.0,0.0,0.06867237907049217,0.9742895805142084,0.07203371143056753,1.2178619756427604,0.3464201276022966,0.26863157601096993,0.07048456685151905
9710,Armel Bella Kotchap,19,1347,0,0.0762253142893314,0,0.0466984026134014,3,1,3,0,D S,Verona,0,0.0762253142893314,2.4115765765309334,2.3733383491635323,Serie_A,,0.0,0.0,0.00509300540908673,0.20044543429844097,0.0031201605309622315,0.06681514476614699,0.16112983807556347,0.15857494537840972,0.0254084380964438
9854,Kristjan Asllani,15,1145,0,1.1615827651694417,0,1.1300613693892956,20,16,3,0,M S,Torino,0,0.4002839298918843,2.6788381403312087,2.2846737299114466,Serie_A,midfield,0.0,0.0,0.03146336566835772,1.5720524017467248,0.08882578449348175,1.25764192139738,0.21056369661992033,0.1795813412157469,0.020014196494594218
9866,Nadir Zortea,32,1776,0,0.4220857946202159,2,2.858346225693822,11,26,2,0,D S,Bologna,0,0.4220857946202159,5.77900561131537,3.2570625115185976,Serie_A,,0.0,0.10135135135135136,0.021389482835483913,0.5574324324324325,0.14484862630205178,1.3175675675675675,0.2928550140869275,0.1650538434891181,0.03837143587456508
9969,Teun Koopmeiners,33,1803,0,1.7949654590338469,0,0.7337323613464832,28,16,5,0,D M S,Juventus,0,1.7949654590338469,8.081720914691687,6.76489283144474,Serie_A,midfield,0.0,0.0,0.08959894138272113,1.3976705490848587,0.03662557544158818,0.7986688851913478,0.40341368958527557,0.33768183850805694,0.06410590925120882
10073,Adam Obert,35,2813,0,1.3562092930078506,3,3.709252428263426,10,26,8,1,D S,Cagliari,0,1.3562092930078506,9.10701741091907,7.374641459435224,Serie_A,,0.0,0.09598293636686812,0.04339098342364257,0.3199431212228937,0.1186749799302198,0.8318521151795236,0.2913727575480684,0.23594658064314616,0.13562092930078506
10075,Romano Floriani,28,1156,0,0.2002486418932676,1,1.3022935949265957,5,9,2,0,D M S,Cremonese,0,0.2002486418932676,1.9743683747947216,1.198974552564323,Serie_A,midfield,0.0,0.07785467128027682,0.015590292188922219,0.3892733564013841,0.10138963974342008,0.7006920415224913,0.15371380080581742,0.09334576966331234,0.04004972837865352
10345,Samuele Angori,35,2619,0,1.318560840561986,2,3.855747262947261,14,38,2,0,D M S,Pisa,0,1.318560840561986,8.059615784324706,5.591387763619423,Serie_A,midfield,0.0,0.06872852233676977,0.045311369091477184,0.4810996563573883,0.13249990594320482,1.3058419243986255,0.2769627417293713,0.19214390940272932,0.094182917182999
10577,Mario Gila,31,2498,0,1.6254177382215858,0,0.718289490789175,12,5,4,1,D,Lazio,0,1.6254177382215858,6.236207589507103,5.655185416340828,Serie_A,,0.0,0.0,0.058561888086446245,0.43234587670136104,0.02587912496838501,0.1801441152922338,0.2246832197980942,0.20374967472805225,0.13545147818513215
10740,Jordan Zemura,17,1119,0,0.3313146717846393,1,1.270031085237861,5,12,3,0,D S,Udinese,0,0.3313146717846393,2.144699914380908,1.7161248307675123,Serie_A,,0.0,0.08042895442359249,0.02664729263683426,0.40214477211796246,0.10214727227114162,0.9651474530831099,0.17249597166602476,0.13802612579899562,0.06626293435692786
10890,Michele Di Gregorio,30,2654,0,0.0,0,0.0,0,0,1,0,GK S,Juventus,0,0.0,3.483929043635726,3.483929043635726,Serie_A,,0.0,0.0,0.0,0.0,0.0,0.0,0.11814378821673524,0.11814378821673524,
10898,Warren Bondo,27,1788,0,0.2856207136064768,0,0.161786250770092,8,3,5,0,M S,Cremonese,0,0.2856207136064768,3.443341282196343,2.995934301055968,Serie_A,midfield,0.0,0.0,0.014376881557372994,0.40268456375838924,0.008143603226682483,0.15100671140939598,0.1733225477615609,0.15080206213368966,0.0357025892008096
10967,Mile Svilar,38,3420,0,0.0,0,0.0,0,0,0,0,GK,Roma,0,0.0,5.139284377917647,5.139284377917647,Serie_A,,0.0,0.0,0.0,0.0,0.0,0.0,0.13524432573467493,0.13524432573467493,
11023,Josh Doig,30,1924,0,0.7494111750274897,0,1.5034504160284996,11,15,5,0,D S,Sassuolo,0,0.7494111750274897,5.639150124043226,4.256728074979037,Serie_A,,0.0,0.0,0.03505561629546469,0.5145530145530146,0.07032772216349531,0.7016632016632017,0.26378560871304074,0.19911929664662856,0.0681282886388627
11027,Emanuele Valeri,34,2637,0,0.6690369648858905,2,3.777259983122349,23,51,2,0,D M S,Parma Calcio 1913,0,0.6690369648858905,6.482847294770181,4.969146250747144,Serie_A,midfield,0.0,0.06825938566552901,0.022834026105320496,0.7849829351535836,0.128916722973459,1.74061433447099,0.2212575868522246,0.16959543517908343,0.02908856369069089
11139,Tommaso Barbieri,29,1696,0,0.9889214904978872,1,1.833732210099697,16,10,8,0,D M S,Cremonese,0,0.9889214904978872,5.086522728204727,2.3321381313726306,Serie_A,midfield,0.0,0.05306603773584905,0.05247814513255297,0.8490566037735848,0.0973089026585924,0.5306603773584906,0.26992160703916596,0.12375733008463252,0.06180759315611795
11278,Gvidas Gineitis,29,1778,0,0.9363524671643972,1,2.6753238569945097,27,26,5,0,M S,Torino,0,0.9363524671643972,5.622060902416706,4.116749364882708,Serie_A,midfield,0.0,0.05061867266591676,0.047396919035318195,1.3667041619797524,0.13542134259252298,1.3160854893138358,0.28458126052727983,0.2083843885486185,0.034679721006088786
11350,Amin Sarr,34,1046,0,1.6173531264066696,1,1.370297757908702,19,15,0,1,F M S,Verona,0,1.6173531264066696,4.150501137599349,1.915599713101983,Serie_A,attack,0.0,0.08604206500956023,0.13916040284569814,1.6347992351816445,0.11790324876843515,1.2906309751434033,0.35711768870357685,0.16482215504701575,0.08512384875824577
11520,Lorenzo Bernasconi,23,1570,0,0.4185952385887503,3,3.146109139546752,9,27,3,0,D M S,Atalanta,0,0.4185952385887503,7.764180159196258,6.473759057000279,Serie_A,midfield,0.0,0.17197452229299362,0.023995905396807342,0.5159235668789809,0.18035020545172464,1.5477707006369426,0.44508039129150523,0.371107207089188,0.0465105820654167
11586,Ebenezer Akinsanmiro,24,1441,0,1.112527676858008,1,1.6431705905124545,13,16,2,0,M S,Pisa,0,1.112527676858008,4.29768105968833,1.7949366383254528,Serie_A,midfield,0.0,0.062456627342123525,0.06948472652131903,0.8119361554476059,0.10262689323117342,0.9993060374739764,0.2684186643802565,0.11210568872261675,0.08557905206600061
11929,Luca Lipani,24,1011,0,0.9187592826783656,1,1.1096705137751997,12,11,3,0,M S,Sassuolo,0,0.9187592826783656,4.823387278243899,3.3149657156318426,Serie_A,midfield,0.0,0.08902077151335311,0.081788660179083,1.0682492581602374,0.09878372526188721,0.9792284866468842,0.42938165681696433,0.2951008055458613,0.07656327355653046
12777,Patrizio Masini,28,1379,0,2.03008303232491,1,1.2380426349118352,18,9,5,0,M S,Genoa,0,2.03008303232491,4.957104844972491,2.670099798589945,Serie_A,midfield,0.0,0.06526468455402466,0.13249272872316312,1.1747643219724437,0.08080046203195444,0.5873821609862219,0.3235238840083569,0.1742632210827375,0.11278239068471724
12779,Honest Ahanor,22,1368,0,2.38193753361702,0,0.1237909533083438,13,2,2,1,D S,Atalanta,0,2.38193753361702,3.2897915095090866,2.9145306274294853,Serie_A,,0.0,0.0,0.15670641668533028,0.8552631578947368,0.008144141665022617,0.13157894736842105,0.21643365194138728,0.1917454360150977,0.18322596412438616
12781,Zion Suzuki,20,1800,0,0.0,0,0.0257010422646999,0,1,1,0,GK,Parma Calcio 1913,0,0.0,0.6844347473233938,0.6587337050586939,Serie_A,,0.0,0.0,0.0,0.0,0.001285052113234995,0.05,0.03422173736616969,0.032936685252934694,
12782,Woyo Coulibaly,20,1023,0,0.1083389995619654,0,0.2964532244950533,6,4,2,0,D S,Sassuolo,0,0.1083389995619654,4.755065858364105,4.689090021885932,Serie_A,,0.0,0.0,0.009531290284043877,0.5278592375366569,0.026080928841207038,0.3519061583577713,0.4183342397387776,0.41252991394890903,0.01805649992699423
12858,Daniele Ghilardi,23,1070,0,0.5609008073806763,0,0.4173059575259685,3,4,1,0,D S,Roma,0,0.5609008073806763,2.8199229426681995,2.492456678301096,Serie_A,,0.0,0.0,0.04717857258342137,0.2523364485981308,0.03510050110031511,0.33644859813084116,0.23718978022442802,0.20964588882906415,0.18696693579355875
12885,Kialonda Gaspar,23,1827,0,0.7932648342102766,0,0.0,9,0,6,1,D S,Lecce,0,0.7932648342102766,2.6573333460837603,2.6573333460837603,Serie_A,,0.0,0.0,0.03907708542907767,0.4433497536945813,0.0,0.0,0.13090312049673697,0.13090312049673697,0.08814053713447517
12958,Alessandro Marcandalli,32,2597,0,0.2700923178344965,2,0.6531431395560503,5,10,4,0,D S,Genoa,0,0.2700923178344965,4.446402177214623,4.021648896858096,Serie_A,,0.0,0.0693107431651906,0.009360149636158908,0.1732768579129765,0.022634918197937823,0.346553715825953,0.15409171965703355,0.13937173689535182,0.0540184635668993
12989,Jay Idzes,35,3065,0,0.2000958640128374,0,0.744381345808506,5,3,2,0,D,Sassuolo,0,0.2000958640128374,5.868906051851809,5.347237028181553,Serie_A,,0.0,0.0,0.005875571863345959,0.1468189233278956,0.021857853547394956,0.08809135399673736,0.17233329352909066,0.15701511665133436,0.04001917280256748
13050,Ignace Van der Brempt,20,915,0,0.1629508137702942,1,0.8157258443534374,3,5,2,0,D S,Como,0,0.1629508137702942,4.370813526213169,4.091412968933582,Serie_A,,0.0,0.09836065573770492,0.016027948895438772,0.29508196721311475,0.08023532895279713,0.4918032786885246,0.4299160845455576,0.4024340625180573,0.054316937923431396
13313,Nicolás Valentini,21,1400,0,0.7951413663104177,0,0.6271094977855682,15,3,6,1,D S,Verona,0,0.7951413663104177,3.025006441399455,1.8920742087066171,Serie_A,,0.0,0.0,0.05111623069138399,0.9642857142857143,0.04031418200050081,0.19285714285714287,0.19446469980425068,0.12163334198828253,0.05300942442069451
13395,Danilo Veiga,36,3026,0,0.258736458607018,1,1.432144824415445,6,20,9,0,D S,Lecce,0,0.258736458607018,4.834762010723352,3.6639139968901873,Serie_A,,0.0,0.02974223397224058,0.007695400289038869,0.1784534038334435,0.04259518644989758,0.5948446794448117,0.14379662292303427,0.1089729873496751,0.04312274310116967
13443,Ivan Smolcic,28,1685,0,1.130530584603548,1,1.458752404898405,12,14,8,0,D S,Como,0,1.130530584603548,5.349467679858208,4.847194198518992,Serie_A,,0.0,0.05341246290801187,0.060384422916509986,0.6409495548961424,0.07791555871860917,0.7477744807121661,0.2857282440280349,0.258900580336326,0.09421088205029567
13447,Oliver Provstgaard,26,1515,0,0.6658837907016277,0,0.6627684766426682,6,4,3,0,D S,Lazio,0,0.6658837907016277,4.658268369734287,4.0849767699837685,Serie_A,,0.0,0.0,0.039557452912967986,0.3564356435643564,0.0393723847510496,0.2376237623762376,0.27672881404362104,0.24267188732576842,0.11098063178360462
13449,Victor Nelsson,38,3316,0,0.4676975440233946,0,0.054815262556076,10,3,4,0,D S,Verona,0,0.4676975440233946,4.07451512478292,3.9116749772802,Serie_A,,0.0,0.0,0.012693841665291168,0.27141133896260555,0.0014877483805931363,0.08142340168878166,0.11058696056407201,0.10616729431701387,0.04676975440233946
13453,Santiago Giménez,16,905,0,3.7894718274474144,1,0.5480921231210232,27,4,2,0,F S,AC Milan,0,3.7894718274474144,4.311729162931442,1.1985082384198904,Serie_A,attack,0.0,0.0994475138121547,0.37685355190084785,2.685082872928177,0.05450639898441114,0.3977900552486188,0.4287907454848948,0.11918866459424325,0.14035080842397832
13893,Martin Vitík,19,1320,0,0.7379880752414465,0,0.170901820063591,8,3,3,0,D S,Bologna,0,0.7379880752414465,1.804028332233429,1.5788080394268036,Serie_A,,0.0,0.0,0.05031736876646226,0.5454545454545454,0.011652396822517569,0.20454545454545453,0.12300193174318834,0.10764600268819116,0.09224850940518081
13894,Torbjørn Heggem,27,2109,0,1.0151279531419275,0,0.050894595682621,11,2,0,1,D S,Bologna,0,1.0151279531419275,4.1579109420999885,4.145889705978334,Serie_A,,0.0,0.0,0.043319827303353944,0.4694167852062589,0.002171888862700754,0.08534850640113797,0.17743574432859124,0.17692274705455194,0.09228435937653887
13958,Lennon Miller,24,985,0,0.3062051609158516,2,1.345477968454361,9,13,4,0,M S,Udinese,0,0.3062051609158516,2.4090506574139,1.2458066623657942,Serie_A,midfield,0.0,0.18274111675126906,0.02797813653038238,0.8223350253807107,0.12293707325978932,1.1878172588832487,0.22011630372309746,0.1138300503684482,0.03402279565731684
13980,Sascha Britschgi,29,2103,0,0.4099866766482591,2,2.0349949607625604,13,17,5,1,D M S,Parma Calcio 1913,0,0.4099866766482591,4.071831869892776,1.8428749283775687,Serie_A,midfield,0.0,0.08559201141226819,0.01754579215327785,0.5563480741797432,0.08708965595274866,0.7275320970042796,0.1742581399383499,0.07886768595053789,0.031537436665250704
14019,Zé Pedro,23,1723,0,0.7449751049280167,1,0.4578208215534687,7,3,6,0,D S,Cagliari,0,0.7449751049280167,3.503966052085161,3.028582524508238,Serie_A,,0.0,0.0522344747533372,0.03891338331022722,0.3656413232733604,0.023914030144986755,0.1567034242600116,0.183027826284193,0.15819641741482382,0.10642501498971667
14380,Justin Bijlow,16,1399,0,0.0,0,0.0,0,0,1,0,GK,Genoa,0,0.0,1.8981813862919807,1.8981813862919807,Serie_A,,0.0,0.0,0.0,0.0,0.0,0.0,0.12211316995445193,0.12211316995445193,
14416,Andrias Edmundsson,15,1322,0,0.1617794651538133,0,0.0372264459729194,4,2,3,0,D,Verona,0,0.1617794651538133,1.4167888052761557,1.2710703536868095,Serie_A,,0.0,0.0,0.011013730608050831,0.2723146747352496,0.0025343268816662226,0.1361573373676248,0.0964530956693298,0.08653277748246056,0.04044486628845333
12850,Esteban Lepaul,34,2761,21,15.734724316745996,5,3.3852440919727087,87,23,3,0,F S,"Angers,Rennes",18,12.694475065916777,17.0145684145391,4.0013463869690895,Ligue_1,attack,0.6845345889170591,0.1629844259326331,0.4138003462269141,2.835929011227816,0.11034841299440196,0.7497283592901123,0.5546219331070332,0.13043142876755454,0.14591350650479054
7490,Mason Greenwood,32,2503,16,14.337145529687405,7,7.642338250763714,116,56,3,0,F M S,Marseille,10,8.256384439766407,23.296432835049927,12.582058395259082,Ligue_1,attack,0.575309628445865,0.2516979624450659,0.29687359152176457,4.170994806232521,0.27479442371903084,2.0135836995605274,0.8376663824029139,0.45241120877879243,0.07117572792902074
12413,Joaquín Panichelli,27,2202,16,14.715991329401731,1,2.9524750281125307,58,21,3,0,F M S,Strasbourg,11,10.155420538038015,14.645621437579392,3.873768337070942,Ligue_1,attack,0.6539509536784741,0.04087193460490463,0.4150716841159952,2.370572207084469,0.12067336627162932,0.8583106267029973,0.5985948816449342,0.1583284061473137,0.17509345755237957
9690,Folarin Balogun,30,2281,13,14.09382818453014,4,4.190360508859158,77,24,4,1,F S,Monaco,10,11.813542751595378,15.975783936679363,1.964771009981632,Ligue_1,attack,0.512932924156072,0.1578255151249452,0.46611961755527576,3.038141166155195,0.16533645146748102,0.9469530907496713,0.6303465823328114,0.07752274918822748,0.15342263313760232
3697,Odsonne Edouard,29,1879,12,13.342069167643784,3,2.0989868957549334,60,20,1,0,F S,Lens,11,12.581974048167467,15.112782396376131,3.2517467588186264,Ligue_1,attack,0.5747738158594997,0.14369345396487493,0.6026491028925344,2.8738690792974984,0.10053689229267908,0.9579563597658328,0.7238693005182819,0.15575157439791185,0.20969956746945778
3799,Wesley Said,29,2061,12,12.056348741054537,2,5.918922264128923,60,27,2,0,M S,Lens,11,11.296253591775894,20.721070244908333,7.559701979160309,Ligue_1,midfield,0.5240174672489083,0.08733624454148471,0.49328618304698224,2.6200873362445414,0.258468221141001,1.1790393013100435,0.9048502290352983,0.33011799035634537,0.18827089319626492
10815,Lassine Sinayoko,32,2811,12,13.613020814955236,4,4.946237799711525,93,40,8,0,F M,Auxerre,9,10.57264032587409,15.242396891117096,3.0789404874667525,Ligue_1,attack,0.384204909284952,0.128068303094984,0.3385050264420733,2.977588046958378,0.1583640704283306,1.28068303094984,0.4880169762364065,0.09857867089007745,0.1136843045792913
942,Florian Thauvin,33,2510,11,12.10416847653687,6,9.864261759445071,74,80,6,0,M S,Lens,9,9.82388306595385,25.550733275711536,11.329093262553217,Ligue_1,midfield,0.39442231075697215,0.21513944223107567,0.35225078722543685,2.653386454183267,0.35369862882472364,2.8685258964143427,0.9161617509219276,0.4062224675815894,0.13275517656694394
3603,Corentin Tolisso,30,2319,11,10.556918144226074,4,4.521071578375995,54,33,4,0,F M S,Lyon,9,8.27663278579712,19.739002807065845,10.05990707874298,Ligue_1,attack,0.426908150064683,0.1552393272962484,0.3212147264863047,2.095730918499353,0.17546202762131935,1.2807244501940491,0.766067379316915,0.3904233018917068,0.15327097751476146
7967,Anssumane Fati,25,1058,11,11.288535937666891,0,1.9022937566041944,43,15,1,0,F M S,Monaco,8,8.248155388981104,12.93921096622944,4.0356128960847855,Ligue_1,attack,0.9357277882797732,0.0,0.7016389272290164,3.6578449905482042,0.16182082995687855,1.275992438563327,1.1006890235922964,0.3432941026915224,0.19181756718560708
10016,Bradley Barcola,29,1778,11,11.655976854264736,1,4.783318970352411,66,38,2,0,F S,Paris Saint Germain,11,11.655976854264736,20.67596305720508,7.601958399638534,Ligue_1,attack,0.5568053993250843,0.05061867266591676,0.5900100769875288,3.340832395950506,0.2421252572169387,1.923509561304837,1.0465898060452514,0.3848010438512194,0.17660570991310207
318,Pierre-Emerick Aubameyang,30,2074,10,15.525875067338347,5,5.136944656725973,60,27,1,0,F M S,Marseille,10,15.525875067338347,20.571721328422427,3.708862965926528,Ligue_1,attack,0.4339440694310511,0.21697203471552556,0.6737361408198898,2.6036644165863065,0.22291466687817627,1.171648987463838,0.8926976468457176,0.16094390883962756,0.2587645844556391
3226,Ousmane Dembélé,22,1050,10,6.604901619255543,7,5.207486420869827,45,41,0,0,F S,Paris Saint Germain,8,4.324616186320782,10.21094974130392,4.470038652420044,Ligue_1,attack,0.8571428571428572,0.6000000000000001,0.37068138739892414,3.857142857142857,0.4463559789316995,3.5142857142857142,0.875224263540336,0.3831461702074323,0.09610258191823959
9345,Ahmadou Bamba Dieng,22,1239,10,9.474379494786264,1,1.150337222032249,45,11,2,0,F S,Lorient,9,7.954189226031303,7.221809398382902,1.4927732981741428,Ligue_1,attack,0.7263922518159805,0.07263922518159806,0.577786142326729,3.2687651331719128,0.0835596045059745,0.7990314769975787,0.5245866391077169,0.10843389575114838,0.1767597605784734
10347,Pablo Pagis,28,1799,10,7.786515640094876,5,4.751152578741312,59,43,1,0,F M S,Lorient,8,6.266325371339917,10.172008087858558,2.895855251699686,Ligue_1,attack,0.500277932184547,0.2501389660922735,0.31349042991694975,2.9516397998888273,0.23768967875859817,2.151195108393552,0.5088831172358367,0.14487324772260796,0.10620890459898165
11164,Martial Godo,28,1602,10,8.613017499446869,1,2.2593456469476223,41,22,2,0,M S,Strasbourg,10,8.613017499446869,15.288090150803328,5.07086955755949,Ligue_1,midfield,0.5617977528089887,0.056179775280898875,0.48387738760937465,2.303370786516854,0.12692953072739452,1.2359550561797754,0.8588814691462544,0.28488031222244325,0.21007359754748461
13735,Pavel Sulc,27,1562,10,8.200931411236525,3,3.44930923357606,44,22,3,0,F M S,Lyon,10,8.200931411236525,14.770196340978146,5.432968702167273,Ligue_1,attack,0.5761843790012804,0.17285531370038412,0.4725248572415411,2.535211267605634,0.19874380987314044,1.267605633802817,0.8510356406453476,0.31303916977916424,0.1863848048008301
3721,Romain Del Castillo,32,2686,9,8.386032570153475,3,6.569920150563121,34,55,2,1,F M,Brest,3,2.3052715435624123,12.779396329075098,6.169922332279384,Ligue_1,attack,0.3015636634400596,0.10052122114668652,0.07724290354453354,1.139240506329114,0.22013879879027584,1.8428890543559195,0.42820017483870393,0.20673604240697863,0.06780210422242389
5356,Breel Embolo,31,1870,9,9.035452591255307,3,1.4657922452315688,41,15,2,0,F S,Rennes,9,9.035452591255307,11.81740845553577,3.815189575776458,Ligue_1,attack,0.43315508021390375,0.1443850267379679,0.43486135465934633,1.9732620320855616,0.07054615084002203,0.7219251336898397,0.5687522786086734,0.1836187496363001,0.22037689246964165
9656,Ilan Kebbal,29,2247,9,6.201891345903277,4,5.013933707028627,50,60,7,0,F M S,Paris FC,6,3.1615764759480958,13.746420331299303,7.55346611700952,Ligue_1,attack,0.3604806408544727,0.1602136181575434,0.12663190157335497,2.0026702269692924,0.20082511510128012,2.403204272363151,0.5505909344979695,0.3025420340591263,0.06323152951896191
5727,Gauthier Hein,29,2355,8,7.256195746362209,7,4.457953127101064,44,58,1,1,F M S,Metz,3,3.4557200483977795,9.394331835210323,4.18543278798461,Ligue_1,attack,0.3057324840764331,0.267515923566879,0.1320657343336731,1.681528662420382,0.1703676354306139,2.21656050955414,0.3590190510271461,0.15995284540068572,0.07853909200904044
6401,Amine Gouiri,22,1318,8,7.237069595605135,3,3.988559890538454,38,33,1,0,F M S,Marseille,8,7.237069595605135,11.248107068240644,2.8222608156502247,Ligue_1,attack,0.5462822458270107,0.20485584218512898,0.49418532898669354,2.5948406676783002,0.2723599318273603,2.2534142640364188,0.7680801488176464,0.19271887208537192,0.19044919988434567
6846,Sofiane Diop,33,2191,8,8.183862524107099,2,3.579524790868163,54,36,5,0,F M S,Nice,6,6.663672225549817,13.850084845907986,5.422367064282298,Ligue_1,attack,0.3286170698311273,0.08215426745778183,0.273724555134406,2.2181652213601097,0.14703661852037184,1.478776814240073,0.5689217873718478,0.2227352970266576,0.1234013375101818
6874,Yann Gboho,32,2709,8,5.64604014903307,4,4.147567499428988,58,57,1,1,F M S,Toulouse,8,5.64604014903307,13.230931421741843,5.129378456622362,Ligue_1,attack,0.26578073089700993,0.13289036544850497,0.18757608468548403,1.9269102990033222,0.13779294018036506,1.893687707641196,0.4395658279648453,0.17041124440605854,0.097345519810915
6905,Ludovic Ajorque,32,2834,8,9.856391444802284,9,3.817546840757132,55,41,9,1,F,Brest,8,9.856391444802284,16.418825870379806,5.105777461081743,Ligue_1,attack,0.25405786873676783,0.2858151023288638,0.3130117254877225,1.746647847565279,0.12123472677069226,1.302046577275935,0.5214164884736,0.16214536750083167,0.17920711717822335
7453,Khvicha Kvaratskhelia,28,1477,8,7.978250507265329,4,5.74300504103303,65,34,1,0,F S,Paris Saint Germain,7,7.218155387789011,17.08897763863206,8.842163369059563,Ligue_1,attack,0.4874746106973595,0.24373730534867974,0.439833435951937,3.960731211916046,0.3499461433263187,2.0717670954637777,1.0413053402010057,0.5387912682568454,0.11104854442752325
11757,Hákon Haraldsson,32,2517,8,8.196693381294608,2,4.53067035600543,50,53,6,0,F M S,Lille,8,8.196693381294608,18.88669960573316,9.129945868626235,Ligue_1,attack,0.2860548271752086,0.07151370679380215,0.2930879635743006,1.7878426698450536,0.16200251570937174,1.8951132300357567,0.6753289489535099,0.32645813594611095,0.16393386762589215
11792,Issa Soumaré,34,2942,8,14.245313878171146,5,4.380414232611656,77,29,3,0,F M S,Le Havre,7,11.965028430335224,16.239788457751274,3.462058510631323,Ligue_1,attack,0.24473147518694763,0.15295717199184228,0.36602738230121346,2.355540448674371,0.13400315463461898,0.8871515975526852,0.4967984232486794,0.1059093358112913,0.15538997961474316
13051,Matias Fernandez-Pardo,29,2408,8,11.11183587089181,5,4.855040938593447,68,36,5,0,F M S,Lille,6,9.591645512729883,16.976635068655014,6.166970239020884,Ligue_1,attack,0.29900332225913623,0.18687707641196014,0.3584917342797714,2.5415282392026577,0.18145917129294445,1.345514950166113,0.634508785788601,0.23049307371755798,0.1410536104813218
502,Olivier Giroud,30,1610,7,8.869264025241137,1,1.851565897464752,41,18,2,0,F S,Lille,4,5.828883409500122,9.002260066568851,2.159651977941394,Ligue_1,attack,0.391304347826087,0.055900621118012424,0.3258382030155348,2.2919254658385095,0.10350368370920973,1.0062111801242237,0.5032319291870786,0.12072588696566798,0.14216788803658834
10431,Désiré Doué,23,1372,7,8.188008099794388,4,3.8526204489171514,55,29,0,0,F M S,Paris Saint Germain,7,7.427912965416908,15.078180879354475,6.510691784322262,Ligue_1,attack,0.4591836734693877,0.26239067055393583,0.4872537659530041,3.607871720116618,0.25272291574529415,1.9023323615160348,0.9890934979168388,0.4270861957645799,0.13505296300758016
12970,Sebastian Nanasi,19,1039,7,4.77130252122879,2,2.442550702020526,19,17,0,0,M S,Strasbourg,7,4.77130252122879,8.60329944267869,2.163847930729389,Ligue_1,midfield,0.6063522617901829,0.17324350336862368,0.41329858220461124,1.645813282001925,0.21157802038676354,1.4725697786333012,0.7452328679894918,0.18743629813825313,0.25112118532783106
14082,Emersonn,28,1607,7,7.415036683902144,2,1.8788170740008356,51,19,5,1,F S,Toulouse,7,7.415036683902144,8.169102063402534,1.4885814795270562,Ligue_1,attack,0.3920348475420038,0.11200995644057249,0.4152789679845632,2.8562538892345986,0.10522310930931873,1.0640945861854387,0.45751038314015435,0.08336797334003426,0.145392876154944
9490,Matthis Abline,33,2591,6,8.401815695688128,4,4.085846895352006,85,30,6,0,F M S,Nantes,6,7.641720516607165,12.297505926340818,3.86945753544569,Ligue_1,attack,0.2084137398687765,0.13894249324585103,0.2654399253163431,2.952527981474334,0.14192443866525686,1.0420686993438826,0.4271615335278555,0.13440801937094254,0.08990259431302547
10058,Maghnes Akliouche,31,2430,6,6.614660864695907,6,5.355240166187286,48,44,3,0,F M S,Monaco,6,6.614660864695907,18.967163242399693,8.312718050554395,Ligue_1,attack,0.2222222222222222,0.2222222222222222,0.24498743943318171,1.7777777777777777,0.19834222837730692,1.6296296296296295,0.7024875274962848,0.3078784463168294,0.1378054346811647
11767,Gonçalo Ramos,30,1293,6,9.366714945062997,1,1.5339764999225736,58,17,2,1,F S,Paris Saint Germain,5,7.846524586901069,7.911083575338125,3.1021426245570183,Ligue_1,attack,0.4176334106728538,0.06960556844547564,0.5461618041926498,4.037122969837587,0.10677330625911186,1.1832946635730859,0.550655469281076,0.21592640078123096,0.13528490667070808
11782,Mousa Al Tamari,33,2265,6,4.307022389955819,6,4.362868030555546,64,34,4,0,D F M S,Rennes,6,4.307022389955819,13.49890786781907,5.7597999684512615,Ligue_1,attack,0.23841059602649006,0.23841059602649006,0.17113996251480074,2.543046357615894,0.1733589945916111,1.3509933774834437,0.5363804450789035,0.22886622391197065,0.06729722484305967
14010,Igor Paixão,30,1979,6,5.585691841319203,5,2.523950425907969,57,29,3,0,D M S,Marseille,6,5.585691841319203,13.25075446255505,7.190278485417366,Ligue_1,midfield,0.27286508337544213,0.22738756947953512,0.25402337833184857,2.5922182920667005,0.11478299056681011,1.3188479029813038,0.6026113702020993,0.3269959897360096,0.09799459370735444
2897,Aleksandr Golovin,25,1695,5,4.700230384245515,5,2.307285126298666,34,24,2,1,M S,Monaco,5,4.700230384245515,11.270541843026876,5.069507037289441,Ligue_1,midfield,0.2654867256637168,0.2654867256637168,0.24956975491569106,1.8053097345132743,0.12251071467072562,1.2743362831858407,0.5984358500722236,0.2691773648118287,0.13824207012486808
3475,Ludovic Blas,32,1521,5,4.744255687110126,4,6.979083426296711,47,48,1,0,D F M S,Rennes,3,3.224065418355167,13.111039499752223,6.562168078497052,Ligue_1,attack,0.2958579881656805,0.2366863905325444,0.19077310167782052,2.7810650887573964,0.4129635163489178,2.840236686390533,0.7758011538314925,0.3882939691418374,0.06859713656074823
6332,Willem Geubbels,24,1013,5,5.863018184900284,0,0.5414527244865894,30,7,0,0,F S,Paris FC,4,5.102923050522804,5.953760713338852,0.914133483543992,Ligue_1,attack,0.4442250740375123,0.0,0.45336927398524424,2.665350444225074,0.04810537532457359,0.6219151036525173,0.5289619587369168,0.08121620288149979,0.1700974350174268
7562,Eric Junior Dina Ebimbe,27,1161,5,4.377322880551219,0,1.1943688429892063,27,8,3,0,D F M S,Brest,5,4.377322880551219,5.206158727407456,1.4347593672573566,Ligue_1,attack,0.3875968992248062,0.0,0.33932735508148987,2.0930232558139537,0.09258673201466715,0.6201550387596899,0.4035781959230586,0.11122165637653927,0.16212306965004514
9182,Sepe Elye Wahi,14,937,5,4.234686259180307,1,0.7982091940939426,23,8,5,0,F S,Nice,4,3.474591109901666,4.848278559744358,1.0522057861089706,Ligue_1,attack,0.48025613660619,0.096051227321238,0.33373874054551755,2.2091782283884736,0.07666897275181947,0.768409818569904,0.4656831060586896,0.10106565715027466,0.1510691786913768
10100,Kamory Doumbia,24,1805,5,4.997975110076368,4,4.44614515081048,43,27,6,0,F M S,Brest,5,4.997975110076368,12.94832083582878,4.904536673799157,Ligue_1,attack,0.24930747922437674,0.1994459833795014,0.24920651518386322,2.14404432132964,0.22169144796284943,1.3462603878116344,0.6456226455537896,0.24454753498167545,0.11623197930410158
10193,Frank Magri,17,1297,5,4.1963038221001625,1,0.8383028265088797,33,14,3,0,F M S,Toulouse,5,3.436208687722683,3.482685424387455,1.0790665484964848,Ligue_1,attack,0.34695451040863534,0.06939090208172706,0.23844162058214455,2.2898997686969933,0.0581705893491127,0.9714726291441789,0.24166668326512797,0.07487740120638676,0.10412753599159645
11065,Remy Labeau Lascary,27,1177,5,5.339445449411869,1,2.657169260084629,34,13,2,0,F M S,Brest,5,5.339445449411869,8.572859641164541,1.6721731591969728,Ligue_1,attack,0.3823279524214104,0.07646559048428207,0.40828384914789145,2.59983007646559,0.20318201648905407,0.9940526762956668,0.6555287746005172,0.12786370800996394,0.15704251321799614
12049,Aiyegun Tosin,27,1068,5,6.6367923226207495,0,1.0361506454646587,30,11,1,0,F M S,Lorient,5,5.876697203144431,6.243498589843512,0.4303169213235378,Ligue_1,attack,0.4213483146067416,0.0,0.49522729239981156,2.528089887640449,0.08731606562904427,0.9269662921348314,0.5261375216160263,0.0362626619092869,0.19588990677148105
12734,João Neves,21,1280,5,3.160619251430034,1,2.475291315466165,27,14,0,0,M S,Paris Saint Germain,5,3.160619251430034,9.292038716375828,7.089921586215496,Ligue_1,midfield,0.3515625,0.0703125,0.22223104111617428,1.8984375000000002,0.17404392061871474,0.9843749999999999,0.6533464722451754,0.49851011153077707,0.11705997227518646
12884,Endrick,16,1248,5,6.475340409204364,7,4.547948397696018,49,30,4,1,F M S,Lyon,4,5.7152452897280455,11.143983148038387,2.17605359852314,Ligue_1,attack,0.360576923076923,0.5048076923076923,0.41215711224000334,3.5336538461538463,0.32797704791077054,2.1634615384615388,0.8036526308681529,0.156926942201188,0.11663765897404174
13604,Prosper Peter,29,1257,5,6.074337815865874,0,0.8983762171119452,23,11,0,0,F S,Angers,5,6.074337815865874,7.393127646297216,0.566795882768929,Ligue_1,attack,0.35799522673031026,0.0,0.4349167887254803,1.6467780429594274,0.06432287950682185,0.7875894988066825,0.5293408815964594,0.04058204411233382,0.2641016441680815
13801,Alimami Gory,24,959,5,3.891201537102461,1,0.6714342199265957,19,5,3,0,D F M S,Paris FC,5,3.891201537102461,4.999185955151916,1.0015269126743078,Ligue_1,attack,0.4692387904066736,0.09384775808133472,0.3651805404997096,1.7831074035453598,0.06301259623920084,0.4692387904066736,0.46916239412270333,0.0939910554126045,0.20480008090012952
343,Pierre-Emile Højbjerg,32,2716,4,3.916560214012861,5,4.429353263229132,46,40,4,0,M S,Marseille,4,3.916560214012861,19.90152898989618,15.455716629512608,Ligue_1,midfield,0.1325478645066274,0.16568483063328424,0.12978292314475606,1.524300441826215,0.14677532904662072,1.3254786450662739,0.659476292006869,0.5121555584153663,0.08514261334810568
3536,Jean-Victor Makengo,31,1842,4,3.3909959215670824,2,1.9122456898912787,39,26,2,0,F M S,Lorient,4,3.3909959215670824,6.606918966397643,3.9485616013407703,Ligue_1,attack,0.19543973941368079,0.09771986970684039,0.16568383981598123,1.9055374592833876,0.09343219983182144,1.270358306188925,0.32281363028001514,0.19292646260622653,0.08694861337351494
5769,Habib Diallo,25,1908,4,5.928135938942432,1,0.7432543095201254,38,12,0,0,F S,Metz,4,5.168040789663792,6.45493212621659,1.7053034035488963,Ligue_1,attack,0.18867924528301888,0.04716981132075472,0.24377550894640526,1.7924528301886793,0.03505916554340214,0.5660377358490566,0.3044779304819146,0.08043883979004228,0.13600107341220505
7908,Marshall Munetsi,15,985,4,4.142309173941612,1,0.841992974281311,19,7,0,0,F M S,Paris FC,4,4.142309173941612,4.212618008255959,1.621576115489006,Ligue_1,attack,0.3654822335025381,0.09137055837563453,0.3784851021875585,1.736040609137056,0.07693336820844467,0.6395939086294417,0.38490925963760025,0.1481643151208229,0.21801627231271645
8685,Mohamed Ali-Cho,24,1717,4,4.278947148472071,3,3.5190721238031983,32,23,1,0,F M S,Nice,4,4.278947148472071,9.6834735609591,4.643952438607812,Ligue_1,attack,0.20966802562609202,0.15725101921956902,0.2242896000946339,1.6773442050087362,0.18445922605840878,1.2055911473500291,0.5075786956821894,0.2434220847260938,0.1337170983897522
9444,Felix Correia,34,2124,4,5.806952535174787,5,5.867727227509022,37,39,2,0,M S,Lille,4,5.806952535174787,18.30624265410006,9.31839063204825,Ligue_1,midfield,0.1694915254237288,0.211864406779661,0.246057310812491,1.5677966101694916,0.24863250964021277,1.652542372881356,0.7756882480550874,0.3948470606800106,0.1569446631128321
9961,Nuno Mendes,20,1251,4,3.810142569243908,5,5.055273981764913,30,29,1,0,D F S,Paris Saint Germain,3,3.0500474497675896,11.64341450855136,9.271545879542828,Ligue_1,attack,0.28776978417266186,0.3597122302158273,0.21942787408399925,2.158273381294964,0.3636887756665405,2.0863309352517985,0.8376557200396662,0.667017689175743,0.10166824832558632
10831,Mostafa Mohamed,24,1152,4,3.018826650455594,0,1.1388814579695463,34,9,1,0,F S,Nantes,4,3.018826650455594,2.9717396833002567,0.2210416812449693,Ligue_1,attack,0.3125,0.0,0.2358458320668433,2.65625,0.0889751139038708,0.703125,0.23216716275783256,0.01726888134726323,0.08878901913104688
11790,Rassoul Ndiaye,33,2600,4,3.080671327188611,4,2.7814114429056644,34,29,2,0,F M S,Le Havre,4,3.080671327188611,9.35743105225265,4.941063133999705,Ligue_1,attack,0.13846153846153847,0.13846153846153847,0.10663862286422116,1.176923076923077,0.09627962686981145,1.0038461538461538,0.32391107488566867,0.1710368007922975,0.09060798021142974
11978,Diego Moreira,27,2063,4,2.222741227596998,7,6.940216278657317,29,37,4,0,D M S,Strasbourg,4,2.222741227596998,14.191159365698695,8.783062366768718,Ligue_1,midfield,0.17450315075133302,0.3053805138148328,0.09696883688014049,1.2651478429471643,0.30277240188034826,1.6141541444498304,0.6191005055321777,0.3831680140616503,0.0766462492274827
12045,Aron Dønnum,28,2438,4,4.60387984290719,4,6.289067713543773,40,63,8,1,D F M,Toulouse,1,2.323594458401203,11.223862638697028,5.957076565362513,Ligue_1,attack,0.14766201804758,0.14766201804758,0.08577666171292382,1.4766201804758,0.23216410755493827,2.3256767842493846,0.4143345518797098,0.2199084868263438,0.058089861460030076
12345,Senny Mayulu,26,1704,4,4.818055000156164,4,4.020334480330348,35,39,2,0,D F M S,Paris Saint Germain,4,4.818055000156164,11.622840972617269,5.123189397156239,Ligue_1,attack,0.2112676056338028,0.2112676056338028,0.2544747359237411,1.8485915492957747,0.2123416098766029,2.0598591549295775,0.6138824457368276,0.27059098928642106,0.13765871429017612
12847,Sidiki Chérif,19,1187,4,2.8283863738179207,0,0.6020375601947308,28,5,3,0,F M S,Angers,4,2.8283863738179207,5.694960653781891,2.5473209153860807,Ligue_1,attack,0.3032855939342881,0.0,0.2144522103147539,2.122999157540017,0.04564732975360216,0.3791069924178601,0.43179988107866063,0.1931414341910255,0.10101379906492573
13739,Afonso Moreira,27,1695,4,3.1612205244600773,7,5.9273083889856935,40,32,3,0,D F M S,Lyon,4,3.1612205244600773,13.23570010252297,5.611478790640831,Ligue_1,attack,0.21238938053097345,0.37168141592920356,0.1678524172279687,2.1238938053097343,0.31472433923817844,1.6991150442477876,0.7027805364171489,0.2979546260517255,0.07903051311150193
13756,Santiago Hidalgo,29,1387,4,4.3010341711342335,6,2.72281704004854,34,13,4,0,F M S,Toulouse,4,4.3010341711342335,6.958296973258257,2.094240222126245,Ligue_1,attack,0.2595529920692141,0.3893294881038212,0.2790865720274557,2.2062004325883198,0.17667882740040997,0.8435472242249459,0.45151169977883426,0.13589157894114062,0.12650100503335981
2082,Youssef El-Arabi,25,943,3,4.204976715147495,0,0.5688040424138308,15,9,0,0,F S,Nantes,3,3.444881595671177,2.720785405486822,0.5000742729753256,Ligue_1,attack,0.2863202545068929,0.0,0.3287797917395609,1.4316012725344642,0.05428670606282584,0.8589607635206787,0.2596719899192089,0.04772713103688155,0.22965877304474513
3357,Djibril Sidibe,33,2259,3,3.01466503739357,4,1.9726380528882144,8,15,1,0,D S,Toulouse,2,1.4944747984409332,5.725381668657064,4.560083646327257,Ligue_1,,0.1195219123505976,0.1593625498007968,0.05954082862314475,0.3187250996015936,0.07859115748558623,0.5976095617529881,0.22810285532498265,0.18167663929590663,0.18680934980511665
3549,Adrien Thomasson,32,2714,3,6.460448982194066,9,8.477983359247446,43,80,11,0,M S,Lens,3,6.460448982194066,23.375807873904705,13.438357058912516,Ligue_1,midfield,0.09948415622697127,0.29845246868091374,0.2142374386136573,1.425939572586588,0.28114167366701187,2.6529108327192334,0.7751741741530669,0.44563453769422495,0.1502429995859085
5598,Angel Gomes,14,919,3,2.0597879961133003,0,1.0676721185445786,11,18,4,0,M S,Marseille,3,2.0597879961133003,7.522297575138509,4.833005172200501,Ligue_1,midfield,0.29379760609357997,0.0,0.2017202607727933,1.0772578890097932,0.10455983750708604,1.7627856365614798,0.7366776732997451,0.4733084499434658,0.18725345419211822
5661,Jonathan Ikone,23,1107,3,3.6328962482512,1,2.535602707415819,25,14,2,0,F M S,Paris FC,3,3.6328962482512,7.337351243942976,2.210764056071639,Ligue_1,attack,0.24390243902439024,0.08130081300813008,0.29535741855700814,2.032520325203252,0.20614656157852188,1.1382113821138211,0.5965326214587785,0.1797369151277755,0.145315849930048
6238,Ignatius Ganago,14,934,3,3.503245037049055,1,0.8179156705737114,23,7,1,0,F M S,Nantes,2,2.7431498877704144,3.946759879589081,1.6002203933894634,Ligue_1,attack,0.2890792291220557,0.09635974304068523,0.26432921830764167,2.21627408993576,0.07881414384543257,0.6745182012847966,0.38030876784048956,0.15419682591547293,0.11926738642480063
6452,Mahdi Camara,32,2670,3,2.641194898635149,1,2.1875408850610256,29,23,5,1,D M S,Rennes,3,2.641194898635149,12.445880690589547,8.626727394759655,Ligue_1,midfield,0.10112359550561799,0.033707865168539325,0.0890290415270275,0.9775280898876405,0.07373733320430424,0.7752808988764045,0.4195240682221196,0.290788563868303,0.09107568615983272
6500,Romain Perraud,30,2262,3,1.604667505249381,4,4.023106466047466,33,37,4,1,D S,Lille,3,1.604667505249381,11.817956924438477,8.654695246368647,Ligue_1,,0.11936339522546419,0.15915119363395225,0.06384618721151383,1.3129973474801062,0.1600705490469814,1.4721485411140585,0.4702104877097537,0.34435126974941566,0.04862628803786003
7169,Moses Simon,29,2062,3,2.882196793332696,3,4.325151562690735,34,33,1,0,F M S,Paris FC,3,2.882196793332696,9.658759605139494,4.0332848858088255,Ligue_1,attack,0.1309408341416101,0.1309408341416101,0.12579908409308566,1.483996120271581,0.18877965113587106,1.440349175557711,0.42157534649008466,0.1760405624261854,0.08477049392154988
7313,Lee Kang-In,27,1527,3,3.1583685893565416,4,6.6062276884913445,37,58,3,0,F M S,Paris Saint Germain,3,3.1583685893565416,13.055885864421723,7.922523466870189,Ligue_1,attack,0.1768172888015717,0.2357563850687623,0.18615139033535608,2.180746561886051,0.38936508969497124,3.418467583497053,0.7695021138166046,0.4669463732929384,0.08536131322585247
8239,Takumi Minamino,15,976,3,3.37246372550726,2,2.100285714492202,21,9,4,0,F M S,Monaco,3,3.37246372550726,6.809733860194683,1.606742171570659,Ligue_1,attack,0.2766393442622951,0.18442622950819673,0.310985384524235,1.9364754098360655,0.19367388760686288,0.8299180327868853,0.6279467698950015,0.14816270024729436,0.16059351073844094
8684,Fodé Doucouré,26,1271,3,2.584720955230296,1,2.5097016375511885,20,18,2,0,F M S,Le Havre,3,2.584720955230296,7.345032512210309,2.81273215636611,Ligue_1,attack,0.21243115656963021,0.07081038552321008,0.18302508730977707,1.4162077104642015,0.17771294050323128,1.2745869394177813,0.5201045838701241,0.19917064836581422,0.12923604776151482
8970,Sékou Mara,27,1231,3,3.05426874384284,2,1.0970151722431185,33,9,0,0,F S,Auxerre,3,3.05426874384284,5.127975841984153,1.3498488226905463,Ligue_1,attack,0.21933387489845654,0.1462225832656377,0.22330153285609716,2.412672623883022,0.08020419618349363,0.6580016246953696,0.3749129372693532,0.0986891909359457,0.09255359829826788
9220,Charlie Cresswell,29,2537,3,4.463126664981246,2,1.1976852640509603,38,11,8,0,D S,Toulouse,3,4.463126664981246,6.1904706954956055,4.257518079131842,Ligue_1,,0.10642491131257391,0.07094994087504927,0.1583292864991376,1.3480488766259362,0.042487849335666704,0.39022467481277096,0.21960676491706918,0.15103532799442876,0.11745070171003279
10786,Warren Zaïre-Emery,32,2460,3,2.0695376126095653,4,4.277606188319624,19,42,3,0,D M S,Paris Saint Germain,3,2.0695376126095653,20.938116820529103,16.631349600851536,Ligue_1,midfield,0.10975609756097561,0.14634146341463414,0.075714790705228,0.6951219512195123,0.15649778737754724,1.5365853658536586,0.7660286641656989,0.6084640097872512,0.1089230322426087
10818,Kévin Danois,33,2852,3,2.123984556645155,1,4.617172429338098,25,52,3,0,M S,Auxerre,3,2.123984556645155,9.194329353049396,5.501396361738443,Ligue_1,midfield,0.09467040673211781,0.03155680224403927,0.06702616062344458,0.7889200561009817,0.1457031972792527,1.640953716690042,0.2901436331607453,0.1736064770534572,0.0849593822658062
11058,Julio Enciso,27,1918,3,7.675233259797096,6,4.41795701906085,61,26,2,0,F M S,Strasbourg,2,6.915138140320778,15.821536289528012,5.9863391406834126,Ligue_1,attack,0.14077163712200208,0.28154327424400416,0.32448510564591765,2.8623566214807092,0.2073076807692787,1.2200208550573515,0.7424078550873415,0.28090225373384103,0.1133629203331275
11142,Pierre Ganiou,23,2018,3,2.156112081371248,0,0.5016434397548437,23,9,2,1,D S,Lens,3,2.156112081371248,10.864848166704178,10.46088870614767,Ligue_1,,0.1337958374628345,0.0,0.09615960719693377,1.0257680872150643,0.02237260137657876,0.40138751238850345,0.48455715312357583,0.4665411216815116,0.09374400353788036
11318,Abner,26,2182,3,2.2416549902409315,2,3.11980695836246,17,21,4,1,D F M S,Lyon,3,2.2416549902409315,13.472650602459908,9.003189485520124,Ligue_1,attack,0.12373968835930338,0.08249312557286893,0.09246056330049672,0.7011915673693858,0.12868131358965235,0.8661778185151238,0.5557005289740566,0.3713506203926724,0.13186205824946656
11515,Tom Louchet,27,1344,3,3.120163287036121,2,3.325116191059351,21,20,1,1,D F M S,Nice,3,3.120163287036121,7.88985560555011,3.209448383189738,Ligue_1,attack,0.20089285714285712,0.13392857142857142,0.20893950582831167,1.40625,0.2226640306512958,1.3392857142857142,0.5283385450145163,0.21491841851716995,0.14857920414457718
11799,Lamine Camara,24,1870,3,1.3439804669469595,4,5.089582786895335,25,35,6,0,M S,Monaco,3,1.3439804669469595,11.131023939698936,7.78083136677742,Ligue_1,midfield,0.1443850267379679,0.1925133689839572,0.06468355188514778,1.2032085561497325,0.24495318225699475,1.6844919786096255,0.5357177297181306,0.3744785149785924,0.05375921867787838
12285,Mamadou Coulibaly,25,1402,3,1.987246561795473,3,1.762764260172844,13,12,6,1,F M S,Monaco,3,1.987246561795473,7.969235442578793,5.6005539782345295,Ligue_1,attack,0.19258202567760344,0.19258202567760344,0.12756932279714164,0.834522111269615,0.11315890400538942,0.7703281027104137,0.5115771682111921,0.3595220100150554,0.15286512013811332
12733,Ibrahim Mbaye,24,973,3,3.4287336245179176,2,2.3628985602408648,24,20,0,0,F M S,Paris Saint Germain,3,3.4287336245179176,8.629046227782965,3.1470533721148968,Ligue_1,attack,0.27749229188078106,0.18499486125385406,0.31714905057205817,2.2199383350462485,0.21856204565434514,1.8499486125385405,0.7981646048309011,0.29109435096643443,0.1428639010215799
13070,Ali Abdi,22,1156,3,2.4035323709249496,0,2.0493611991405487,16,17,2,1,D M S,Nice,3,2.4035323709249496,2.7499186024069786,1.635716256685555,Ligue_1,midfield,0.23356401384083045,0.0,0.1871262226498663,1.245674740484429,0.15955234249364134,1.3235294117647058,0.21409400883791355,0.12734815147205877,0.15022077318280935
13809,Giorgi Tsitaishvili,33,2475,3,1.53672016505152,2,4.272120799869299,31,44,3,0,D F M S,Metz,3,1.53672016505152,8.109842337667942,3.1248387955129147,Ligue_1,attack,0.10909090909090909,0.07272727272727272,0.05588073327460073,1.1272727272727274,0.15534984726797452,1.6,0.2949033577333797,0.11363050165501508,0.04957161822746839
13888,Danny Namaso,30,2544,3,7.317179087549448,3,3.9502968033775687,61,32,9,0,F M S,Auxerre,3,7.317179087549448,11.781863667070866,4.277199324220419,Ligue_1,attack,0.1061320754716981,0.1061320754716981,0.25886246771990973,2.1580188679245285,0.13975106615722532,1.1320754716981132,0.41681121463694104,0.15131601382855256,0.11995375553359751
13917,Mamadou Sangaré,29,2347,3,3.285702032968402,4,2.838592778891325,53,37,5,0,M S,Lens,3,3.285702032968402,18.11810380127281,13.861056490801277,Ligue_1,midfield,0.11504047720494248,0.1533873029399233,0.12599624327531153,2.032381763953984,0.1088510226247206,1.4188325521942906,0.6947717691157022,0.5315275177554815,0.061994377980535885
13975,Noah Cadiou,28,1851,3,2.319805635139346,1,0.6930346991866827,19,10,2,0,M S,Lorient,3,2.319805635139346,6.738548027351499,4.918760793283582,Ligue_1,midfield,0.1458670988654781,0.04862236628849271,0.11279443930985476,0.9238249594813613,0.033696986994490245,0.4862236628849271,0.32764415043848455,0.23916178897651125,0.12209503342838664
14131,Amine Sbaï,25,1865,3,4.347094478085637,1,2.760798776522279,34,27,1,1,F M S,Angers,3,3.5869993288069963,8.644016150385141,3.04599804058671,Ligue_1,attack,0.14477211796246647,0.0482573726541555,0.17309916332044487,1.6407506702412868,0.13322889538177218,1.3029490616621984,0.4171375085976744,0.14699186254842034,0.1054999802590293
14408,Bryan Okoh,13,1005,3,0.9676289018243552,0,0.2563950940966606,8,3,2,0,D S,Auxerre,3,0.9676289018243552,1.8299480453133583,1.6139809861779213,Ligue_1,,0.26865671641791045,0.0,0.0866533344917333,0.7164179104477612,0.022960754695223337,0.26865671641791045,0.16387594435642017,0.14453561070250043,0.1209536127280444
914,Nabil Bentaleb,26,1253,2,1.2046611299738288,2,1.771717581897974,18,12,3,0,M S,Lille,1,0.4445659844204783,10.07475517038256,8.462944879196584,Ligue_1,midfield,0.14365522745411013,0.14365522745411013,0.0319321138051421,1.2928970470869912,0.12725824610599973,0.8619313647246608,0.7236456227728892,0.607873135776291,0.024698110245582126
3223,Benjamin André,27,2328,2,2.5734788700938225,2,1.9330890672281384,27,23,9,0,M S,Lille,2,2.5734788700938225,11.715144013985991,9.41398911178112,Ligue_1,midfield,0.07731958762886598,0.07731958762886598,0.09949016250362716,1.0438144329896908,0.07473282476397443,0.8891752577319587,0.4529050520870873,0.36394287803277525,0.09531403222569713
3673,Valentin Rongier,31,2750,2,0.782729365862906,5,4.391351553611457,22,44,6,0,M,Rennes,2,0.782729365862906,15.28383518382907,12.994579819962382,Ligue_1,midfield,0.06545454545454545,0.16363636363636364,0.025616597428240562,0.72,0.14371695993637498,1.44,0.5001982423798604,0.42527715774422337,0.035578607539223
5197,Achraf Hakimi,18,1382,2,2.801814373582601,2,1.457746408879757,27,21,3,1,D F S,Paris Saint Germain,2,2.801814373582601,9.875811459496616,7.461580440402031,Ligue_1,attack,0.13024602026049203,0.13024602026049203,0.18246258583388864,1.7583212735166425,0.09493283415280616,1.3675832127351666,0.6431425697211979,0.4859205786079471,0.10377090272528153
5680,Thomas Meunier,25,1911,2,1.4096983447670937,2,2.757778810337186,19,18,3,0,D S,Lille,2,1.4096983447670937,10.962973842397332,8.176924237981439,Ligue_1,,0.09419152276295134,0.09419152276295134,0.06639081686501226,0.8948194662480378,0.12987969279452993,0.8477237048665619,0.5163096001129042,0.3850984727463786,0.07419464972458388
6006,Ruben Aguilar,26,1751,2,1.0442059729248283,2,3.235480770468712,13,26,4,1,D S,Lens,2,1.0442059729248283,10.672712955623863,8.755061404779553,Ligue_1,,0.10279840091376356,0.10279840091376356,0.05367135212063652,0.6681896059394632,0.16630112469570763,1.3363792118789264,0.5485689126248702,0.45000315615657327,0.08032353637883295
6147,Denis Zakaria,24,2039,2,2.5516049545258284,1,1.4270154759287834,18,6,4,1,D M S,Monaco,2,2.5516049545258284,7.711904387921095,6.586218696087599,Ligue_1,midfield,0.08827856792545366,0.04413928396272683,0.11262601564851621,0.7945071113290828,0.06298744131122634,0.26483570377636095,0.3403979376718482,0.29071097726723094,0.14175583080699047
6308,Jessy Deminguet,31,2059,2,1.1191442692652345,0,0.6021527666598558,17,4,4,0,M S,Metz,2,1.1191442692652345,5.570983536541462,4.136053280904889,Ligue_1,midfield,0.08742107819329771,0.0,0.04891839933650855,0.7430791646430307,0.02632042204924091,0.17484215638659542,0.24351069368078268,0.18078911864081593,0.06583201583913144
6601,Timothy Weah,29,2286,2,2.7870269222185016,2,3.784172408282757,29,30,5,0,D M S,Marseille,2,2.7870269222185016,17.289419043809175,12.779591096565127,Ligue_1,midfield,0.07874015748031496,0.07874015748031496,0.10972546937868116,1.141732283464567,0.1489831656804235,1.1811023622047243,0.6806857891263455,0.5031335077387845,0.09610437662822419
6935,Naif Aguerd,16,1407,2,0.8858112841844559,0,0.2695878790691495,10,3,4,0,D,Marseille,2,0.8858112841844559,9.148570242337884,9.126714654266834,Ligue_1,,0.1279317697228145,0.0,0.056661702613078194,0.6396588486140725,0.017244427232568197,0.19189765458422176,0.5851963907678817,0.5837983787377506,0.08858112841844559
7739,Joris Chotard,33,2790,2,1.2767780357971787,1,0.5311056403443217,25,11,2,0,M S,Brest,2,1.2767780357971787,9.970360890962183,8.666880403645337,Ligue_1,midfield,0.06451612903225806,0.03225806451612903,0.04118638825152189,0.8064516129032258,0.017132440011107152,0.3548387096774194,0.32162454486974784,0.2795767872143657,0.05107112143188715
8190,Melvin Bard,29,2393,2,0.796496226452291,1,1.8040241403505208,15,15,4,0,D M S,Nice,2,0.796496226452291,7.336340324953198,5.745990822091699,Ligue_1,midfield,0.07521938988717092,0.03760969494358546,0.029955980100587625,0.5641454241537819,0.06784879758944709,0.5641454241537819,0.2759175216238144,0.2161049619675106,0.053099748430152735
8287,Mbwana Samatta,27,1550,2,5.862232429906726,1,1.9108041394501925,42,18,4,0,F S,Le Havre,2,5.862232429906726,7.997209070250392,1.7263006046414375,Ligue_1,attack,0.11612903225806452,0.05806451612903226,0.34038768947845505,2.4387096774193546,0.1109499177745273,1.0451612903225806,0.464354075046797,0.10023680930176089,0.1395769626168268
8690,Jean-Phillipe Krasso,25,1082,2,4.304056554101408,2,3.1578205032274127,27,23,0,0,F S,Paris FC,1,3.5439614383503795,7.954925827682018,1.9078789902850983,Ligue_1,attack,0.16635859519408502,0.16635859519408502,0.2947842231529891,2.245841035120148,0.2626652913959955,1.9131238447319776,0.6616851427831623,0.1586960343120692,0.13125783105001407
8703,Sinaly Diomande,24,2138,2,2.9510611221194267,2,0.5142716225236654,9,5,2,1,D,Auxerre,2,2.9510611221194267,2.522182999178767,2.470422202721238,Ligue_1,,0.08419083255378859,0.08419083255378859,0.12422614639417605,0.3788587464920487,0.021648478029527546,0.21047708138447146,0.10617234327693593,0.10399345100323266,0.32789568023549187
9929,Théo Le Bris,28,1915,2,1.935364414472133,2,1.3978275619447231,17,13,0,0,D S,Lorient,2,1.935364414472133,4.595136150252074,2.6511300066486,Ligue_1,,0.09399477806788512,0.09399477806788512,0.09095707430939527,0.7989556135770235,0.0656942457310836,0.6109660574412532,0.21595940131732988,0.12459618830202299,0.11384496555718429
10091,Tyler Morton,29,2549,2,2.0557506382465363,2,2.42852935846895,28,28,6,1,M,Lyon,2,2.0557506382465363,12.164382623508573,10.008787211030722,Ligue_1,midfield,0.07061592781482934,0.07061592781482934,0.07258436933785338,0.9886229894076108,0.08574642693691858,0.9886229894076108,0.42949958262682286,0.3533898976040663,0.07341966565166201
10295,Louis Mouton,32,1947,2,3.078808242455125,1,2.3375241328030825,36,22,2,1,M S,Angers,2,3.078808242455125,7.97324248123914,3.225932060740888,Ligue_1,midfield,0.09244992295839753,0.046224961479198766,0.14231779240932782,1.6640986132511557,0.10805196299551999,1.0169491525423728,0.36856282655959044,0.14911858524225985,0.08552245117930903
10349,Mika Biereth,32,1051,2,3.207695998251438,2,2.307873759418726,19,18,0,0,F M S,Monaco,2,3.207695998251438,7.502748765051365,2.434636209160089,Ligue_1,attack,0.1712654614652712,0.1712654614652712,0.2746837676904181,1.6270218839200763,0.19762953220521914,1.5413891531874404,0.6424808647522576,0.20848454693093055,0.1688261051711283
10485,Guemissongui Ouattara,28,1763,2,2.817349845543504,0,1.7850391454994678,27,6,2,0,D M S,Strasbourg,2,2.817349845543504,8.862127166241407,6.286148220300674,Ligue_1,midfield,0.10209869540555871,0.0,0.14382387186552203,1.3783323879750426,0.09112508400167448,0.30629608621667614,0.45240581109570427,0.32090376620933675,0.10434629057568534
10517,Yassin Belkhdim,27,2175,2,2.30356415361166,2,1.5286035342141986,33,15,5,0,M S,Angers,2,2.30356415361166,7.509297637268901,4.55259077064693,Ligue_1,midfield,0.08275862068965517,0.08275862068965517,0.09531989601151697,1.3655172413793104,0.06325256003644959,0.6206896551724138,0.3107295574042304,0.1883830663715971,0.06980497435186848
10868,Guela Doué,24,2065,2,1.8365227379836144,6,2.7406088560819626,12,19,3,0,D M S,Strasbourg,2,1.8365227379836144,10.025115761905909,7.648034475743771,Ligue_1,midfield,0.08716707021791767,0.261501210653753,0.08004215322931008,0.523002421307506,0.11944542229897175,0.8280871670702179,0.4369299847804028,0.33332837908810625,0.15304356149863454
10923,Himad Abdelli,21,1075,2,1.9301752112805843,0,0.554893160238862,15,9,2,0,M S,"Angers,Marseille",0,0.4099849201738834,6.202800817787647,5.655766012147069,Ligue_1,midfield,0.16744186046511628,0.0,0.034324318898278604,1.255813953488372,0.04645617155488147,0.7534883720930233,0.5193042545124542,0.4735059917146383,0.027332328011592227
11294,Lilian Raolisoa,32,1975,2,1.03963359631598,4,3.5283372923731804,16,22,3,0,D F M S,Angers,2,1.03963359631598,8.350225617177784,4.537761720828712,Ligue_1,attack,0.09113924050632911,0.18227848101265823,0.04737570818655099,0.7291139240506329,0.16078499053852469,1.0025316455696203,0.3805166104030383,0.20678407841751092,0.06497709976974875
11618,Samuel Amo-Ameyaw,25,1010,2,1.184529721736908,2,1.229766269214451,17,13,2,0,D M S,Strasbourg,2,1.184529721736908,4.935548759996891,3.270142339169979,Ligue_1,midfield,0.1782178217821782,0.1782178217821782,0.10555215342210071,1.5148514851485149,0.10958313290029761,1.1584158415841583,0.4398013746531883,0.2913988223022754,0.06967821892570047
11777,Cristian Cásseres Jr.,31,2596,2,1.70372299477458,3,3.142685988917947,26,37,6,0,M S,Toulouse,2,0.943627830594778,9.059219665825369,7.050339192152023,Ligue_1,midfield,0.06933744221879816,0.10400616332819723,0.03271437008995763,0.901386748844376,0.10895290408421233,1.2827426810477658,0.3140715600632832,0.2444262431793845,0.03629337809979915
11795,Yassine Kechta,30,1343,2,1.540558686479926,1,1.839314803481102,21,15,3,0,F M S,Le Havre,2,1.540558686479926,5.696476763114333,2.616341471672058,Ligue_1,attack,0.1340282948622487,0.06701414743112435,0.10323922694206505,1.4072970960536113,0.12326011341273208,1.0052122114668653,0.38174453364131794,0.17533189311279615,0.07335993745142505
11798,Koffi Kouao,27,2296,2,1.6477266969159243,1,1.2461658138781786,23,11,10,0,D,Metz,2,1.6477266969159243,5.849459524266422,3.4310527173802257,Ligue_1,,0.078397212543554,0.039198606271777,0.06458859003590295,0.9015679442508711,0.048847963087559274,0.431184668989547,0.22929066079441549,0.13449248456629803,0.07164029117025758
11806,Sadibou Sané,23,1940,2,0.2977111414074898,1,0.2727304138243198,6,3,5,2,D S,Metz,2,0.2977111414074898,4.214317724108696,4.214317724108696,Ligue_1,,0.09278350515463918,0.04639175257731959,0.013811341611687669,0.27835051546391754,0.012652441878447827,0.13917525773195877,0.19550958513906322,0.19550958513906322,0.04961852356791496
12111,Amir Murillo,16,978,2,1.0468609929084778,1,1.9396317675709724,9,11,4,0,D M S,Marseille,2,1.0468609929084778,9.449122466146946,7.076627906411886,Ligue_1,midfield,0.18404907975460125,0.09202453987730062,0.09633690118789673,0.8282208588957056,0.17849372094211402,1.0122699386503067,0.8695511471914368,0.651223426970419,0.11631788810094197
12328,Arthur Avom,31,2095,2,1.0540359923616052,1,3.175200704485178,21,31,3,0,M S,Lorient,2,1.0540359923616052,9.312216808088124,6.713715405203402,Ligue_1,midfield,0.08591885441527447,0.042959427207637235,0.045280782488088055,0.9021479713603819,0.13640480353396947,1.3317422434367543,0.4000475001087977,0.28841736824262826,0.05019219011245739
12346,Beraldo,20,1579,2,1.3617767803370953,1,1.5083925519138577,14,14,2,0,D M S,Paris Saint Germain,2,1.3617767803370953,11.281047388911247,10.67724785208702,Ligue_1,midfield,0.11399620012666245,0.056998100063331225,0.07761868918957478,0.7979734008866372,0.0859755096087696,0.7979734008866372,0.6429982678923447,0.6085828414742444,0.09726977002407823
12498,Valentín Barco,27,2187,2,3.289822520688176,4,5.2952551282942295,27,38,5,1,M S,Strasbourg,2,3.289822520688176,17.073288526386023,10.955026110634208,Ligue_1,midfield,0.0823045267489712,0.1646090534979424,0.13538364282667392,1.1111111111111112,0.21791173367465966,1.5637860082304529,0.7026044661064207,0.4508241197791855,0.12184527854400652
12841,Dayann Methalie,28,1996,2,1.47647943533957,1,2.0381923392415047,15,11,9,0,D S,Toulouse,2,1.47647943533957,6.005196031183004,3.231016034260392,Ligue_1,,0.09018036072144288,0.04509018036072144,0.06657472403835736,0.6763527054108216,0.0919024601862402,0.4959919839679359,0.2707753721475303,0.14568709573318403,0.09843196235597133
13053,Saud Abdulhamid,25,1335,2,1.1027701515704391,4,2.749265618622303,8,23,4,1,D S,Lens,2,1.1027701515704391,8.15099280513823,4.640084641054273,Ligue_1,,0.1348314606741573,0.2696629213483146,0.07434405516205207,0.5393258426966292,0.1853437495700429,1.550561797752809,0.5495051329306672,0.3128146949025352,0.1378462689463049
13329,Abdelhamid Aït Boudlal,20,1396,2,1.8210137831047175,1,0.531465470790863,13,1,3,1,D S,Rennes,2,1.8210137831047175,4.456149698235095,4.422290397807956,Ligue_1,,0.12893982808022922,0.06446991404011461,0.11740060206262505,0.83810888252149,0.034263533217175984,0.06446991404011461,0.2872875879950993,0.28510468180710313,0.1400779833157475
13577,Rudy Matondo,27,1333,2,1.8190970439463852,0,0.2419236395508051,13,5,4,1,D M S,"Auxerre,Paris FC",2,1.8190970439463852,3.063255394808948,2.4010575069114566,Ligue_1,midfield,0.1350337584396099,0.0,0.12281975540523231,0.8777194298574644,0.016333929151967335,0.33758439609902474,0.20682144451073167,0.16211190969394682,0.13993054184202963
13732,Samson Baidoo,23,1823,2,2.39372334536165,1,0.4557065162807703,16,3,2,0,D S,Lens,2,2.39372334536165,6.110715292394161,5.60930996760726,Ligue_1,,0.09873834339001646,0.04936917169500823,0.11817613882750878,0.7899067471201316,0.02249785324479941,0.14810751508502468,0.30168095244951976,0.2769269868813239,0.14960770908510312
13794,Arsène Kouassi,31,2642,2,0.644349536858499,6,4.931435273960233,9,32,4,0,D S,Lorient,2,0.644349536858499,8.279572056606412,6.358415907248855,Ligue_1,,0.06813020439061317,0.2043906131718395,0.021949832822583237,0.3065859197577593,0.16798984657699506,1.0900832702498107,0.28204446824170215,0.2166000876806953,0.07159439298427767
1734,Sofiane Boufal,17,1050,1,1.5026695374399424,4,3.634537594392896,19,27,2,0,F M S,Le Havre,1,0.7425743956118822,5.128283802419901,1.9721620082855225,Ligue_1,attack,0.08571428571428572,0.34285714285714286,0.0636492339095899,1.6285714285714286,0.3115317938051054,2.314285714285714,0.43956718306456294,0.16904245785304478,0.039082862926941166
1750,Ainsley Maitland-Niles,30,2496,1,2.553889507427812,4,3.50098211504519,14,21,5,1,D M S,Lyon,1,1.7937943432480097,11.776218626648188,7.495480893179774,Ligue_1,midfield,0.036057692307692304,0.14423076923076922,0.06468008449211574,0.5048076923076923,0.1262373358790333,0.7572115384615384,0.4246232677877952,0.270269743744463,0.12812816737485783
2447,Fabián,20,1138,1,1.869937714189291,4,2.1869753282517195,19,19,1,0,M S,Paris Saint Germain,1,1.869937714189291,8.531593032181263,6.012352647259831,Ligue_1,midfield,0.07908611599297012,0.3163444639718805,0.1478861109640037,1.5026362038664325,0.1729593844838794,1.5026362038664325,0.6747305561479031,0.475493618851832,0.09841777443101532
3237,Aissa Mandi,29,2432,1,0.8599839098751545,0,1.0037057306617498,14,10,8,0,D S,Lille,1,0.8599839098751545,10.866545291617513,10.554649014025928,Ligue_1,,0.03700657894736842,0.0,0.03182506245426148,0.5180921052631579,0.03714371536166015,0.3700657894736842,0.40213366621939806,0.3905914519993148,0.061427422133939605
3363,Benjamin Pavard,27,1932,1,1.0296637825667858,2,2.101283404976129,11,12,6,0,D S,Marseille,1,1.0296637825667858,11.098421754315495,10.662597270682454,Ligue_1,,0.04658385093167702,0.09316770186335405,0.047965704156837846,0.5124223602484472,0.09788587290261472,0.5590062111801242,0.5170072245799144,0.49670484180197766,0.09360579841516235
3701,Gautier Lloris,29,2397,1,1.2026095436885953,1,1.0743397623300552,12,4,1,1,D S,Le Havre,1,1.2026095436885953,4.047221319749951,3.9577493350952864,Ligue_1,,0.03754693366708385,0.03754693366708385,0.04515430076427766,0.45056320400500627,0.040338163792117215,0.1501877346683354,0.151960750428659,0.14860135175576797,0.10021746197404961
4764,Jean-Philippe Gbamin,31,2487,1,1.949738541617989,1,1.4501640880480409,14,15,2,1,D M S,Metz,1,1.949738541617989,6.170843430794776,4.885069870389998,Ligue_1,midfield,0.03618817852834741,0.03618817852834741,0.0705574864276715,0.5066344993968637,0.05247879691368061,0.5428226779252111,0.22331158374408117,0.17678178059312416,0.13926703868699922
4882,Laurent Abergel,28,2347,1,0.7855375036597252,0,0.8618717035278678,22,15,7,0,M S,Lorient,1,0.7855375036597252,7.721735946834087,6.832115706056356,Ligue_1,midfield,0.03834682573498083,0.0,0.030122869761131345,0.8436301661695782,0.03305004402109421,0.5752023860247124,0.29610406272478396,0.26198995038136863,0.03570625016635114
5619,Pierre Lees-Melou,24,1971,1,1.580171943642199,3,2.861335970461369,31,19,5,1,M S,"Brest,Paris FC",1,1.580171943642199,8.927949897944927,6.179184839129448,Ligue_1,midfield,0.045662100456621,0.136986301369863,0.07215397002932415,1.4155251141552512,0.1306546105233502,0.867579908675799,0.4076689451116405,0.28215455886435836,0.050973288504587065
5742,Hugo Magnetti,33,2721,1,0.59883688762784,1,1.2192494422197342,22,17,4,0,M S,Brest,1,0.59883688762784,8.628967057913542,7.482888407073915,Ligue_1,midfield,0.03307607497243661,0.03307607497243661,0.01980717379143903,0.7276736493936053,0.04032798596096144,0.5622932745314223,0.285412361342234,0.24750457796275352,0.027219858528538185
5745,Matthieu Udol,34,3000,1,4.393044971395284,7,11.901465432718396,47,55,2,0,D S,Lens,1,4.393044971395284,20.10867326706648,10.899186950176954,Ligue_1,,0.03,0.21000000000000002,0.13179134914185853,1.41,0.35704396298155183,1.65,0.6032601980119944,0.32697560850530866,0.09346904194458051
6017,Chidozie Awaziem,27,2329,1,0.5838352423161268,2,1.5799404215067625,11,10,6,0,D S,Nantes,1,0.5838352423161268,4.797361323609948,3.7837975714355703,Ligue_1,,0.038643194504079006,0.07728638900815801,0.022561258827158186,0.42507513954486903,0.06105394501314239,0.38643194504079004,0.18538536673460512,0.14621802551704652,0.053075931119647896
6923,Mohammed Salisu,12,1080,1,0.8756848890334368,0,0.1508046872913837,8,2,3,0,D,Monaco,1,0.8756848890334368,3.4531896859407425,3.2525459304451942,Ligue_1,,0.08333333333333334,0.0,0.0729737407527864,0.6666666666666667,0.012567057274281975,0.16666666666666669,0.28776580716172856,0.2710454942037662,0.1094606111291796
7736,Brendan Chardonnet,29,2555,1,1.0160756586119533,3,2.5328441374003887,12,10,6,0,D,Brest,1,1.0160756586119533,6.095753340050578,5.317027410492301,Ligue_1,,0.03522504892367906,0.10567514677103718,0.03579131478476548,0.4227005870841487,0.08921955865598238,0.3522504892367906,0.21472320962996166,0.1872925506631339,0.08467297155099611
8050,Hichem Boudaoui,25,1697,1,2.2907996512949467,2,1.5970600554719567,21,16,4,0,M S,Nice,1,2.2907996512949467,6.359252665191889,3.213657854124904,Ligue_1,midfield,0.05303476723629935,0.1060695344725987,0.12149202629142321,1.1137301119622864,0.08469970830434656,0.8485562757807896,0.33726148489526814,0.17043559627061955,0.10908569768071175
8119,Boubacar Traore,20,1414,1,0.9408415667712688,0,0.221991928294301,19,4,4,0,M S,Metz,1,0.9408415667712688,2.3840327383950357,1.5097705023363233,Ligue_1,midfield,0.06364922206506365,0.0,0.059883833811466905,1.2093352192362095,0.014129613540655651,0.2545968882602546,0.15174182917648743,0.09609571797048733,0.049517977198487835
8697,Jonathan Clauss,30,2529,1,1.4057410368695855,6,8.050188221037388,23,64,0,0,D M S,Nice,1,1.4057410368695855,12.174329970031977,5.863777427002788,Ligue_1,midfield,0.03558718861209965,0.21352313167259787,0.050026371418846464,0.8185053380782917,0.28648356658496044,2.2775800711743774,0.4332501768694654,0.20867535327412054,0.061119175516068935
8777,Vitinha,29,2122,1,0.9833967238664628,7,3.455289619043469,34,34,2,0,M S,Paris Saint Germain,1,0.9833967238664628,20.08155496791005,17.677632499486208,Ligue_1,midfield,0.04241281809613572,0.29688972667295005,0.0417086263656841,1.4420358152686146,0.14654857008195674,1.4420358152686146,0.8517153379415195,0.7497582115710455,0.028923433054895965
9092,Marvin Senaya,25,1796,1,1.403174713253975,0,0.2376676574349403,15,6,6,0,D S,Auxerre,1,1.403174713253975,2.581851320341229,2.269769674167037,Ligue_1,,0.05011135857461024,0.0,0.07031499119869584,0.7516703786191538,0.011909849203309926,0.30066815144766146,0.12938007729995024,0.11374124202396065,0.09354498088359833
9399,Quentin Merlin,33,2534,1,1.84683189727366,5,4.493204697966576,26,47,2,0,D M S,Rennes,1,1.84683189727366,12.003213994204998,8.729623379185796,Ligue_1,midfield,0.035516969218626675,0.1775848460931334,0.06559387164744648,0.9234411996842935,0.15958501295066765,1.669297553275454,0.4263177819567679,0.31004976484874575,0.07103199604898693
9514,Antoine Mendy,25,2105,1,2.194048591889441,0,0.0372293330729007,17,1,5,0,D S,Nice,1,2.194048591889441,6.499726684764028,5.918382707983255,Ligue_1,,0.04275534441805225,0.0,0.09380730321617561,0.7268408551068885,0.0015917529579862531,0.04275534441805225,0.27789805303029097,0.25304249107766885,0.12906168187584946
9633,Przemyslaw Frankowski,19,1230,1,0.3376607820391655,2,2.6184137174859643,9,29,5,0,D M S,Rennes,1,0.3376607820391655,6.106847031973302,5.379636352881789,Ligue_1,midfield,0.07317073170731707,0.14634146341463414,0.024706886490670644,0.6585365853658537,0.19159124762092422,2.1219512195121952,0.4468424657541441,0.3936319282596431,0.03751786467101839
9661,Igor Silva,17,1208,1,0.3544914918020367,0,0.5010415175929666,8,8,1,0,D S,Lorient,1,0.3544914918020367,2.105978773906827,1.8507669549435375,Ligue_1,,0.07450331125827815,0.0,0.026410789952138497,0.5960264900662252,0.03732925213854883,0.5960264900662252,0.1569023920957073,0.13788826651069402,0.04431143647525459
9833,Andrew Omobamidele,25,1336,1,0.9338973155245184,0,0.0,4,0,4,0,D S,Strasbourg,1,0.9338973155245184,6.619090389460325,6.619090389460325,Ligue_1,,0.06736526946107785,0.0,0.06291224430928642,0.2694610778443114,0.0,0.0,0.44589680767322554,0.44589680767322554,0.2334743288811296
9885,Tanner Tessmann,29,1938,1,2.568478574976325,0,1.4022282604128122,26,13,2,0,D M S,Lyon,1,2.568478574976325,12.365749502554536,10.186031161807476,Ligue_1,midfield,0.04643962848297213,0.0,0.11927919078837422,1.2074303405572755,0.0651189594618953,0.6037151702786377,0.5742608128121302,0.4730355028703162,0.09878763749908942
10581,Junior Mwanga,20,1651,1,1.1464128233492374,1,1.0721323154866695,10,18,2,1,D M,"Nantes,Strasbourg",1,1.1464128233492374,5.190453128889203,3.505918676033616,Ligue_1,midfield,0.054512416717141125,0.054512416717141125,0.06249373355628793,0.5451241671714113,0.05844452355772275,0.9812235009085404,0.28294414391279726,0.19111609984435218,0.11464128233492374
10788,Rasmus Nicolaisen,33,2672,1,0.8822177099063993,0,0.097613513469696,15,2,3,0,D S,Toulouse,1,0.8822177099063993,4.627384912222624,4.41113942489028,Ligue_1,,0.033682634730538924,0.0,0.029715416875589793,0.5052395209580839,0.0032878803189643115,0.06736526946107785,0.15586251575600155,0.14857879799405882,0.05881451399375995
10789,Anthony Rouault,21,1723,1,2.573473647236824,0,0.1675164084881544,9,6,4,0,D S,Rennes,1,2.573473647236824,6.358025182038546,5.803711373358965,Ligue_1,,0.0522344747533372,0.0,0.1344240442549705,0.4701102727800348,0.008750131609944225,0.3134068485200232,0.33210810585227457,0.30315381520737483,0.2859415163596471
11016,Ousmane Camara,32,2724,1,0.6418565474450588,0,0.2501995433121919,13,4,3,0,D S,Angers,1,0.6418565474450588,7.059348467737436,6.810051258653402,Ligue_1,,0.03303964757709251,0.0,0.021206714122634102,0.42951541850220265,0.008266504734984314,0.13215859030837004,0.2332383854979329,0.2250016935678437,0.049373580572696835
11486,Illia Zabarnyi,28,2387,1,0.5713930502533913,0,0.1647182032465934,4,4,6,0,D S,Paris Saint Germain,1,0.5713930502533913,13.267120525240898,13.244858965277672,Ligue_1,,0.03770423125261835,0.0,0.02154393570289284,0.1508169250104734,0.006210573226725348,0.1508169250104734,0.5002265803400423,0.49938722533514474,0.14284826256334782
11788,Arouna Sangante,28,2357,1,0.4403181094676256,1,0.4031094592064619,9,10,4,2,D,Le Havre,1,0.4403181094676256,5.05374320782721,4.814039522781968,Ligue_1,,0.03818413237165889,0.03818413237165889,0.016813164977550404,0.34365719134493,0.015392384950607371,0.3818413237165889,0.1929727996200462,0.18381992238030426,0.04892423438529173
11789,Josué Casimir,31,1509,1,2.738457161933184,0,1.4077786430716517,22,10,4,1,D F M S,Auxerre,1,1.9783619977533815,5.288893414661288,2.5423824563622475,Ligue_1,attack,0.05964214711729622,0.0,0.11799375732127523,1.312127236580517,0.0839629409386671,0.5964214711729622,0.31544095912492776,0.1516331484907901,0.08992554535242643
12284,Samir El Mourabet,33,2145,1,0.3717561801895499,2,2.710016814060509,12,28,4,0,M S,Strasbourg,1,0.3717561801895499,9.81571489572525,7.251820180565119,Ligue_1,midfield,0.04195804195804196,0.08391608391608392,0.015598161406554543,0.5034965034965035,0.11370699919135004,1.1748251748251748,0.4118481774430175,0.3042721754083267,0.030979681682462495
12387,Dehmaine Assoumani,27,1261,1,1.7984376410022378,0,2.0394907854497437,29,20,4,1,D F M S,Nantes,1,1.7984376410022378,3.9870292702689767,1.7710418915376067,Ligue_1,attack,0.07137192704203013,0.0,0.1283579601032525,2.069785884218874,0.14556238754201184,1.4274385408406025,0.284561962192076,0.12640267267120112,0.06201509106904268
12446,Simon Ebonog,30,1775,1,1.9645931422710416,0,0.3390792347490787,22,7,8,0,M S,Le Havre,1,1.9645931422710416,3.289260070770979,1.3946211924776435,Ligue_1,midfield,0.05070422535211268,0.0,0.09961317341092607,1.115492957746479,0.0171927499309392,0.3549295774647887,0.1667793838700778,0.07071318722421854,0.08929968828504735
12732,Yanis Zouaoui,30,2380,1,1.2848391653969884,1,3.175815327093005,16,36,7,0,D M S,Le Havre,0,0.524744008667767,6.167215092107654,5.196353107690811,Ligue_1,midfield,0.03781512605042017,0.03781512605042017,0.019843260831974383,0.6050420168067228,0.12009385690687835,1.361344537815126,0.23321401608810452,0.19650074776982057,0.03279650054173544
12800,Ngal&#039;ayel Mukau,30,1548,1,2.5761082526296377,0,0.5113314716145396,20,13,3,0,M S,Lille,1,2.5761082526296377,6.840969190001488,5.0014454033225775,Ligue_1,midfield,0.05813953488372093,0.0,0.1497737356180022,1.1627906976744184,0.029728573931077886,0.7558139534883721,0.3977307668605516,0.2907817094954987,0.12880541263148187
12846,Louis Leroux,23,1443,1,1.6188924480229616,1,0.7465226091444492,15,16,2,0,D M S,Nantes,1,1.6188924480229616,3.097193729132414,1.815334405750036,Ligue_1,midfield,0.062370062370062374,0.062370062370062374,0.10097042295361508,0.9355509355509356,0.04656066169300099,0.997920997920998,0.19317216605815474,0.11322252010914986,0.10792616320153077
12950,Jordan Teze,33,2515,1,0.7771280901506543,2,4.184554500505328,14,35,7,0,D M S,Monaco,1,0.7771280901506543,11.871654331684113,8.597043918445706,Ligue_1,midfield,0.03578528827037773,0.07157057654075547,0.027809752729049262,0.5009940357852883,0.14974548908368968,1.2524850894632207,0.4248305725055945,0.30764769489467736,0.05550914929647531
13734,Adam Karabec,21,922,1,1.5626697093248367,0,2.095198465511203,9,21,3,0,M S,Lyon,1,1.5626697093248367,5.530647456645966,3.182189006358385,Ligue_1,midfield,0.09761388286334056,0.0,0.15253825796012507,0.8785249457700651,0.20452045758786144,2.049891540130152,0.5398679729914717,0.31062582491567753,0.17362996770275962
13750,Kojo Peprah Oppong,29,2440,1,1.3100588582456112,0,0.5910270726308227,10,6,4,0,D S,Nice,1,1.3100588582456112,6.248266958631575,5.50323548540473,Ligue_1,,0.036885245901639344,0.0,0.04832184313201025,0.36885245901639346,0.02180017890851395,0.2213114754098361,0.23046886322821383,0.20298819413378102,0.13100588582456113
13757,Alexis Vossah,23,1097,1,0.4475819719955325,1,0.6934271529316902,9,7,5,1,M S,Toulouse,1,0.4475819719955325,2.707592196762562,2.048197515308857,Ligue_1,midfield,0.0820419325432999,0.0820419325432999,0.03672048995405463,0.7383773928896992,0.05689010370451424,0.5742935278030994,0.22213609636155932,0.16803808238632373,0.049731330221725836
13782,Nathan Ngoy,29,2397,1,1.562451058998704,2,1.2294035255908966,22,4,10,1,D S,Lille,1,1.562451058998704,10.76134012453258,10.554853018373253,Ligue_1,,0.03754693366708385,0.0750938673341677,0.05866524627028926,0.8260325406758449,0.04616033262544043,0.1501877346683354,0.4040553238247527,0.39630236614668035,0.07102050268175927
13795,Dermane Karim,30,1371,1,1.3594817034900188,2,2.476931821554899,16,16,3,0,F M S,Lorient,1,1.3594817034900188,6.1817604545503855,3.060548465698957,Ligue_1,attack,0.06564551422319474,0.13129102844638948,0.08924387550262707,1.0503282275711159,0.16259946312176582,1.0503282275711159,0.40580484384357013,0.20091127783581772,0.08496760646812618
13800,Samir Chergui,15,1157,1,1.7387075843289497,0,0.1467773839831352,13,2,1,0,D M S,Paris FC,1,1.7387075843289497,4.541268460452557,4.155108980834484,Ligue_1,midfield,0.07778738115816768,0.0,0.13524950958479298,1.0112359550561798,0.011417428313294871,0.15557476231633535,0.35325338067478834,0.3232150460458976,0.13374673725607306
13805,Adama Camara,29,2198,1,1.9149737488478424,0,1.39525724388659,18,16,8,0,D M S,Paris FC,1,1.9149737488478424,9.099290944635868,7.309254512190819,Ligue_1,midfield,0.04094631483166515,0.0,0.07841111801469783,0.7370336669699727,0.05713064237934172,0.6551410373066424,0.37258243176398004,0.29928703644093435,0.10638743049154681
13871,Otávio,23,1907,1,0.5789848626591265,0,0.1723948009312153,12,4,6,1,D S,Paris FC,1,0.5789848626591265,5.907242963090539,5.754136506468058,Ligue_1,,0.04719454640797063,0.0,0.02732492797027865,0.5663345568956476,0.0081360944330411,0.18877818563188253,0.2787896521647344,0.2715638623923048,0.04824873855492721
13968,Daouda Guindo,25,1689,1,1.0396253047510982,1,0.8110729418694973,21,9,4,1,D S,Brest,1,1.0396253047510982,3.2362389899790287,2.005129542201757,Ligue_1,,0.05328596802841918,0.05328596802841918,0.05539744075050256,1.119005328596803,0.043218806849173924,0.47957371225577267,0.1724461273523461,0.10684526867860161,0.04950596689290944
14052,Pathé Mboup,28,1028,1,3.5491064712405205,0,1.455665335059166,23,9,6,0,M S,Brest,1,3.5491064712405205,7.232004079967737,2.2468214193359017,Ligue_1,midfield,0.08754863813229571,0.0,0.31071943814362535,2.0136186770428015,0.12744151766082193,0.7879377431906615,0.6331521081683816,0.19670615538932992,0.1543089770104574
14358,Pape Diop,16,1277,1,1.532203583046794,2,1.71294922567904,29,20,2,0,M S,Toulouse,1,1.532203583046794,4.120846760459244,2.7289467100054026,Ligue_1,midfield,0.07047768206734534,0.14095536413469067,0.1079861569884193,2.043852779953015,0.12072469092491277,1.409553641346907,0.29042772783189663,0.19232983860648883,0.05283460631195841
281,Lukas Hradecky,17,1445,0,0.0,0,0.0,0,0,1,0,GK,Monaco,0,0.0,2.8517859540879726,2.8517859540879726,Ligue_1,,0.0,0.0,0.0,0.0,0.0,0.0,0.17761988641378376,0.17761988641378376,
782,Ben Chilwell,20,1613,0,0.2908765040338039,2,1.4190899282693863,5,7,4,0,D M S,Strasbourg,0,0.2908765040338039,7.4669726844877,6.263752227649093,Ligue_1,midfield,0.0,0.11159330440173588,0.01622993512897852,0.27898326100433973,0.0791804671694016,0.3905765654060756,0.4166320778697415,0.34949640451854824,0.058175300806760775
849,Chancel Mbemba,13,949,0,0.3366753682494163,0,0.5853789737448096,7,4,3,0,D S,Lille,0,0.3366753682494163,4.433986961841583,4.335267826914787,Ligue_1,,0.0,0.0,0.031929170856109024,0.6638566912539515,0.05551539266283758,0.3793466807165437,0.4205045590787592,0.41114236503933704,0.04809648117848804
1245,Emerson,28,2110,0,0.5063266586512327,3,5.679353667423129,15,46,3,0,D S,Marseille,0,0.5063266586512327,14.778152668848634,12.660715032368898,Ligue_1,,0.0,0.12796208530805686,0.021596871696024145,0.6398104265402843,0.24224731282847467,1.962085308056872,0.630347744168899,0.5400304990109956,0.03375511057674885
2225,Gerónimo Rulli,29,2610,0,0.072814255952835,0,0.0521727837622165,1,1,2,0,GK,Marseille,0,0.072814255952835,5.286058641970158,5.286058641970158,Ligue_1,,0.0,0.0,0.002510836412166724,0.034482758620689655,0.0017990615090419482,0.034482758620689655,0.1822778842058675,0.1822778842058675,0.072814255952835
2276,Lucas Hernández,25,1749,0,0.641115945763886,3,1.280301958322525,11,15,4,0,D S,Paris Saint Germain,0,0.641115945763886,13.89805230870843,12.697192337363958,Ligue_1,,0.0,0.15437392795883362,0.032990528941537874,0.5660377358490566,0.06588174742654503,0.7718696397941681,0.7151656419575522,0.653371818389226,0.05828326779671691
2674,Thilo Kehrer,28,2368,0,1.5215591192245483,0,0.3930577524006367,16,5,5,2,D,Monaco,0,1.5215591192245483,8.062811072915792,8.046329613775015,Ligue_1,,0.0,0.0,0.05782952733539246,0.6081081081081081,0.014938850386848522,0.1900337837837838,0.3064412992239955,0.3058148924154355,0.09509744495153427
3239,Hamari Traore,18,1169,0,0.3639629986137151,1,0.8060098411515355,4,9,4,0,D S,Paris FC,0,0.3639629986137151,4.230144029483199,3.7136071901768446,Ligue_1,,0.0,0.07698887938408897,0.028021103400542653,0.30795551753635586,0.06205379444280427,0.6928999144568007,0.32567404846320613,0.2859064560444106,0.09099074965342878
3269,Anthony Lopes,32,2879,0,0.1900636162608862,0,0.0,3,0,4,0,GK,Nantes,0,0.1900636162608862,1.477401552721858,1.373960392549634,Ligue_1,,0.0,0.0,0.00594155104671058,0.09378256339006599,0.0,0.0,0.04618483492357319,0.04295117586990867,0.06335453875362873
3286,Kevin Trapp,22,1980,0,0.0,0,0.0,0,0,2,0,GK,Paris FC,0,0.0,2.614942293614149,2.614942293614149,Ligue_1,,0.0,0.0,0.0,0.0,0.0,0.0,0.1188610133460977,0.1188610133460977,
3290,Benjamin Stambouli,19,948,0,0.3095360938459635,0,0.9149716086685658,6,8,0,0,M S,Metz,0,0.3095360938459635,2.0300648361444478,1.5586694106459618,Ligue_1,midfield,0.0,0.0,0.02938633802335096,0.569620253164557,0.08686439322802839,0.7594936708860759,0.19272767431751087,0.14797494404866723,0.051589348974327244
3297,Marquinhos,14,1040,0,0.0568516142666339,0,0.0329714883118867,3,2,0,0,D S,Paris Saint Germain,0,0.0568516142666339,5.328810071572661,5.295838570222259,Ligue_1,,0.0,0.0,0.004919851234612549,0.25961538461538464,0.002853301873144041,0.17307692307692307,0.4611470254245572,0.45829372242308003,0.018950538088877967
3696,Morgan Sanson,31,1759,0,2.0870378920808434,2,1.4652982922270894,19,12,4,0,M S,Nice,0,2.0870378920808434,4.909108147956431,1.953938601538539,Ligue_1,midfield,0.0,0.1023308698123934,0.10678420141402838,0.9721432632177373,0.07497262438910635,0.6139852188743604,0.2511766533917446,0.09997411832772514,0.10984409958320229
3772,Maxime Lopez,26,1972,0,1.19584228284657,3,5.305629551410675,13,44,9,0,M S,Paris FC,0,1.19584228284657,15.837323753163218,11.921094071120024,Ligue_1,midfield,0.0,0.13691683569979715,0.05457698045445806,0.5933062880324543,0.24214333652482795,2.0081135902636915,0.7227987514121145,0.5440661594324554,0.09198786791127461
3785,Kelvin Adou,23,1964,0,0.340591112151742,1,1.3137031211517751,10,8,3,0,D S,Nantes,0,0.340591112151742,4.207194481045008,3.044281706213951,Ligue_1,,0.0,0.045824847250509164,0.01560753568923461,0.45824847250509165,0.06020024485929723,0.3665987780040733,0.19279404444707265,0.13950374417477374,0.0340591112151742
4748,Brice Samba,32,2880,0,0.0,0,0.0573797356337308,0,2,5,0,GK,Rennes,0,0.0,6.368423242121935,6.332895465195179,Ligue_1,,0.0,0.0,0.0,0.0,0.0017931167385540874,0.0625,0.19901322631631047,0.19790298328734932,
5177,Caio Henrique,22,1527,0,0.1910106763243675,2,3.198100356385112,2,21,2,0,D M S,Monaco,0,0.1910106763243675,4.503836177289486,3.891177363693714,Ligue_1,midfield,0.0,0.11787819253438114,0.011257996639943074,0.11787819253438114,0.18849314477711857,1.237721021611002,0.26545203402492057,0.22934247723145665,0.09550533816218375
5480,Matvey Safonov,15,1350,0,0.0,0,0.0981416627764701,0,2,0,0,GK,Paris Saint Germain,0,0.0,3.062261149287224,2.9641194865107536,Ligue_1,,0.0,0.0,0.0,0.0,0.006542777518431341,0.13333333333333333,0.20415074328581492,0.19760796576738357,
5648,Malang Sarr,33,2933,0,1.7760464074090123,1,0.4707724899053573,23,6,4,0,D,Lens,0,1.7760464074090123,15.254046250134706,14.718481972813606,Ligue_1,,0.0,0.030685305148312306,0.05449852596890935,0.7057620184111831,0.014445797508176665,0.18411183088987385,0.46807506393185255,0.4516411106557192,0.07721940901778314
5756,Carlens Arcus,26,2053,0,0.2048528864979744,3,2.0858899280428886,9,16,7,0,D S,Angers,0,0.2048528864979744,8.311523443087935,7.4888695646077394,Ligue_1,,0.0,0.13151485630784218,0.008980399310675936,0.3945445689235266,0.09144183805351193,0.7014125669751583,0.36436293710565715,0.3282992015658532,0.022761431833108265
5975,Kenny Lala,32,2793,0,0.2368002831935882,3,3.7020830307155848,8,26,4,0,D S,Brest,0,0.2368002831935882,10.935884578153493,8.608638597652316,Ligue_1,,0.0,0.09667024704618689,0.007630513958977063,0.2577873254564984,0.1192937603882573,0.8378088077336198,0.3523915546128945,0.2773997399887964,0.029600035399198525
5989,Moussa Niakhate,32,2750,0,0.1709757754579186,2,0.8175685852766037,4,14,3,0,D S,Lyon,0,0.1709757754579186,13.671839209273458,13.137365105561912,Ligue_1,,0.0,0.06545454545454545,0.0055955708331682456,0.1309090909090909,0.026756790063597942,0.4581818181818182,0.4474420104853131,0.42995013072748073,0.04274394386447965
6007,Nicolas Cozza,30,2387,0,1.9409650396555664,1,0.4439432024955749,11,10,2,0,D S,Nantes,0,1.9409650396555664,2.8587443996220827,2.391083136200905,Ligue_1,,0.0,0.03770423125261835,0.07318259470842102,0.4147465437788018,0.01673853716992113,0.3770423125261835,0.10778675993547862,0.09015395151155485,0.17645136724141514
6015,Kouakou Herve Koffi,30,2661,0,0.0,0,0.0,0,0,1,0,GK,Angers,0,0.0,4.953274139203131,4.953274139203131,Ligue_1,,0.0,0.0,0.0,0.0,0.0,0.0,0.16752900132592327,0.16752900132592327,
6110,Yvon Mvogo,31,2790,0,0.0,0,0.0835237056016922,0,1,0,0,GK,Lorient,0,0.0,3.308992366306484,3.308992366306484,Ligue_1,,0.0,0.0,0.0,0.0,0.0026943130839255547,0.03225806451612903,0.10674168923569305,0.10674168923569305,
6333,Elisha Owusu,29,2366,0,0.1431004349142313,0,1.0085062738507986,7,12,7,0,M S,Auxerre,0,0.1431004349142313,5.528114141896367,4.889742797240615,Ligue_1,midfield,0.0,0.0,0.005443380871631791,0.2662721893491124,0.03836245335865252,0.45646661031276414,0.21028329364779078,0.1860003599964731,0.020442919273461615
6709,Yehvann Diouf,26,2340,0,0.0,0,0.0,0,0,1,0,GK,Nice,0,0.0,2.103915302082896,2.103915302082896,Ligue_1,,0.0,0.0,0.0,0.0,0.0,0.0,0.0809198193108806,0.0809198193108806,
6895,Jordan Lefort,34,3060,0,0.6379672419279814,2,0.8968721181154251,11,8,2,0,D,Angers,0,0.6379672419279814,8.235661486163735,7.759192215278745,Ligue_1,,0.0,0.058823529411764705,0.01876374240964651,0.32352941176470584,0.02637859170927721,0.23529411764705882,0.24222533782834516,0.22821153574349248,0.05799702199345285
6904,Ibrahima Sissoko,14,901,0,0.1656182212755084,0,0.8984191156923771,6,4,4,0,D M S,Nantes,0,0.1656182212755084,4.065130893141031,3.4186657033860683,Ligue_1,midfield,0.0,0.0,0.01654344052696532,0.5993340732519422,0.08974219801588673,0.3995560488346282,0.4060619094147534,0.3414871401828481,0.027603036879251402
7486,Leonardo Balerdi,26,1996,0,2.5971892066299915,1,0.2388758808374405,20,5,5,0,D S,Marseille,0,2.5971892066299915,13.10189403500408,12.960436417721212,Ligue_1,,0.0,0.04509018036072144,0.11710772975786535,0.9018036072144289,0.010770956550786396,0.22545090180360722,0.5907667651053944,0.5843884156287119,0.1298594603314996
7732,Haris Belkebla,33,2894,0,0.1648719646036625,0,0.588433382101357,5,16,7,0,M,Angers,0,0.1648719646036625,6.914338298141956,6.294488521292806,Ligue_1,midfield,0.0,0.0,0.005127324400252116,0.15549412577747063,0.018299586865626168,0.497581202487906,0.2150277977998535,0.19575119796694973,0.032974392920732495
7735,Donovan Léon,29,2465,0,0.0,0,0.0648864954710006,0,1,1,2,GK,Auxerre,0,0.0,1.6310187000781298,1.5661322008818388,Ligue_1,,0.0,0.0,0.0,0.0,0.002369080970543633,0.036511156186612576,0.05955037850183841,0.05718129739528011,
8372,Lucas Gourna Douath,15,1275,0,0.2040942274034023,0,0.1832763087004423,9,6,5,0,M S,Le Havre,0,0.2040942274034023,2.2300780918449163,1.9834622982889412,Ligue_1,midfield,0.0,0.0,0.014406651346122516,0.6352941176470589,0.01293715120238416,0.4235294117647058,0.15741727707140588,0.14000910340863115,0.022677136378155813
8638,Lucas Chevalier,17,1530,0,0.0,0,0.0,0,0,0,0,GK,Paris Saint Germain,0,0.0,3.965225800871849,3.965225800871849,Ligue_1,,0.0,0.0,0.0,0.0,0.0,0.0,0.2332485765218735,0.2332485765218735,
8646,Wout Faes,14,1136,0,0.559219591319561,0,0.040780272334814,5,1,3,0,D S,Monaco,0,0.559219591319561,3.3923608884215355,3.3923608884215355,Ligue_1,,0.0,0.0,0.044304369030599026,0.3961267605633803,0.003230831434976461,0.07922535211267606,0.2687609858784667,0.2687609858784667,0.1118439182639122
8647,Thibault De Smet,17,1153,0,0.1855126786977052,1,0.3585076257586479,4,4,2,2,D S,Paris FC,0,0.1855126786977052,4.638216312974691,4.51627979055047,Ligue_1,,0.0,0.07805724197745013,0.014480608050991734,0.31222896790980054,0.027984116494603913,0.31222896790980054,0.36204637308562204,0.3525283444488659,0.0463781696744263
8664,Facundo Medina,17,1381,0,0.4502068478614092,1,1.3081317506730556,4,7,7,0,D S,Marseille,0,0.4502068478614092,9.715698964893818,9.559939444065094,Ligue_1,,0.0,0.06517016654598116,0.029340055255269244,0.26068066618392466,0.08525116405544896,0.4561911658218682,0.6331737196527469,0.6230228457392168,0.1125517119653523
8677,Lilian Brassier,27,2253,0,0.8947227848693728,1,0.9079731702804564,11,13,2,0,D S,Rennes,0,0.8947227848693728,8.077245973050594,7.724599443376064,Ligue_1,,0.0,0.03994673768308921,0.0357412563862599,0.4394141145139814,0.03627056605647629,0.5193075898801598,0.3226596260872408,0.3085725476714806,0.0813384349881248
8686,Cheick Tidiane Sabaly,14,972,0,1.4295627772808075,2,1.8838837835937736,8,10,2,0,F M S,Metz,0,1.4295627772808075,3.6454500779509535,0.5496342591941357,Ligue_1,attack,0.0,0.1851851851851852,0.132366923822297,0.7407407407407408,0.17443368366609016,0.9259259259259259,0.3375416738843476,0.050892061036494046,0.17869534716010094
9279,Krépin Diatta,18,997,0,0.9261248912662268,1,1.7593798488378525,7,12,2,0,D M S,Monaco,0,0.9261248912662268,5.158774934709072,3.25042811781168,Ligue_1,midfield,0.0,0.09027081243731194,0.08360204635301947,0.6318956870611836,0.15882064834042803,1.083249749247743,0.4656868045374288,0.293418786963943,0.13230355589517526
9563,Mamadou Mbow,31,2711,0,0.5624838881194592,1,0.5212737750262022,10,4,5,0,D S,Paris FC,0,0.5624838881194592,8.553314772434533,8.509468046016991,Ligue_1,,0.0,0.033198081888601995,0.018673386178809044,0.33198081888601993,0.01730528946970055,0.13279232755440798,0.2839536442342707,0.28249801702011407,0.05624838881194592
9616,Grégoire Coudert,25,2188,0,0.0,0,0.0,0,0,2,0,GK S,Brest,0,0.0,1.60645292699337,1.60645292699337,Ligue_1,,0.0,0.0,0.0,0.0,0.0,0.0,0.06607895951983699,0.06607895951983699,
9632,Deiver Machado,19,1201,0,0.9087755605578424,1,1.3946983963251114,13,7,3,0,D M S,"Lens,Nantes",0,0.9087755605578424,4.014362066984177,1.735212780535221,Ligue_1,midfield,0.0,0.0749375520399667,0.06810141586195322,0.9741881765195671,0.10451528365467112,0.5245628642797668,0.300826466301895,0.13003259804177345,0.06990581235060325
9642,Salis Abdul Samed,18,935,0,0.0150888161733746,0,0.0130633702501654,1,1,3,0,M S,Nice,0,0.0150888161733746,1.7302154079079628,1.7171520367264748,Ligue_1,midfield,0.0,0.0,0.001452399417757983,0.0962566844919786,0.0012574367085720706,0.0962566844919786,0.16654479862215685,0.16528736182393874,0.0150888161733746
9652,Alidu Seidu,21,1194,0,0.0986225018277764,1,1.1613133689388633,5,8,1,0,D S,Rennes,0,0.0986225018277764,5.668631431646645,5.559483170509338,Ligue_1,,0.0,0.07537688442211056,0.007433856921691689,0.37688442211055273,0.08753618358835653,0.6030150753768845,0.4272837762547722,0.4190565203901511,0.01972450036555528
9659,Bradley Locko,21,1281,0,0.0710438583046197,2,1.333613121882081,2,8,0,0,D S,Brest,0,0.0710438583046197,3.9428437734022737,3.614086621440947,Ligue_1,,0.0,0.1405152224824356,0.004991371777842134,0.1405152224824356,0.09369647226337806,0.5620608899297423,0.2770147850165532,0.25391709284128433,0.03552192915230985
9699,Bamo Meïté,25,1977,0,0.87373461201787,3,1.2407074691727755,8,7,5,0,D S,Lorient,0,0.87373461201787,3.8321797102689743,3.398215990513563,Ligue_1,,0.0,0.13657056145675267,0.03977547550915948,0.3641881638846738,0.056481371889504195,0.31866464339908956,0.17445431154486984,0.15469875525858404,0.10921682650223374
9756,Dominik Greif,29,2610,0,0.0,1,0.1348658353090286,0,2,1,0,GK,Lyon,0,0.0,5.989278774708509,5.8544129319489,Ligue_1,,0.0,0.034482758620689655,0.0,0.0,0.004650546045138917,0.06896551724137931,0.2065268543002934,0.20187630799823794,
9807,Gideon Mensah,30,2353,0,0.0131184523925185,2,1.6474777832627296,1,17,8,0,D S,Auxerre,0,0.0131184523925185,5.018066395074129,4.069401972927153,Ligue_1,,0.0,0.0764980875478113,0.0005017682598073374,0.03824904377390565,0.0630144498485532,0.6502337441563961,0.1919362412055553,0.1556507341961087,0.0131184523925185
9873,Montassar Talbi,29,2610,0,0.8630059463903308,1,0.8650193754583597,14,7,3,0,D,Lorient,0,0.8630059463903308,6.319058058783412,6.078627992421389,Ligue_1,,0.0,0.034482758620689655,0.02975882573759761,0.48275862068965514,0.029828254326150334,0.24137931034482757,0.21789855375115214,0.2096078618076341,0.061643281885023625
10169,Diego Coppola,13,1170,0,0.3868824653327465,2,0.6742797177284956,5,3,1,0,D,Paris FC,0,0.3868824653327465,3.065292614512145,2.7477271733805537,Ligue_1,,0.0,0.15384615384615385,0.0297601896409805,0.38461538461538464,0.05186767059449966,0.23076923076923078,0.23579173957785732,0.21136362872158104,0.0773764930665493
10243,Jacques Ekomie,32,2242,0,1.0237290244549513,0,1.394510144367814,13,12,3,0,D S,Angers,0,1.0237290244549513,4.699804873205721,2.860295772086829,Ligue_1,,0.0,0.0,0.041095277520493134,0.5218554861730598,0.05597944379710226,0.4817127564674398,0.18866299669425288,0.1148200800570092,0.07874838649653472
10390,Ismaël Doukouré,25,2090,0,0.520645690150559,2,0.7339983405545354,7,6,4,2,D M,Strasbourg,0,0.520645690150559,8.15952231734991,7.986851118505001,Ligue_1,midfield,0.0,0.0861244019138756,0.02242014933662694,0.3014354066985646,0.03160758404301827,0.2583732057416268,0.35136698974234065,0.34393138787820576,0.07437795573579413
10467,Soumaila Coulibaly,16,1343,0,0.2997979279607534,0,0.0143665354698896,6,1,3,0,D S,Brest,0,0.2997979279607534,3.665989134460688,3.665989134460688,Ligue_1,,0.0,0.0,0.020090702543907525,0.40208488458674607,0.0009627611260536589,0.06701414743112435,0.2456731363376485,0.2456731363376485,0.04996632132679223
10701,Nicolás Tagliafico,20,1292,0,1.8607485853135584,3,2.174845789559185,15,13,3,2,D S,Lyon,0,1.8607485853135584,6.438942648470402,4.168301462195814,Ligue_1,,0.0,0.2089783281733746,0.12961870950326645,1.0448916408668731,0.15149854571232713,0.9055727554179567,0.4485331566271952,0.2903615569641047,0.12404990568757056
10702,Johann Lepenant,28,2265,0,0.8502923585474491,1,2.2118827141821384,22,33,4,0,F M S,Nantes,0,0.8502923585474491,5.685858994722366,4.117297636345029,Ligue_1,attack,0.0,0.039735099337748346,0.033786451333011225,0.8741721854304636,0.0878893793714757,1.3112582781456954,0.22592817197572315,0.1636012305832462,0.03864965266124769
10769,Robin Risser,33,2970,0,0.0,1,0.0707157272845506,0,2,2,0,GK,Lens,0,0.0,5.969834169372916,5.8991184420883656,Ligue_1,,0.0,0.030303030303030304,0.0,0.0,0.0021429008268045637,0.06060606060606061,0.1809040657385732,0.17876116491176863,
10780,Mory Diaw,30,2662,0,0.0,1,0.2680368945002556,0,3,1,0,GK,Le Havre,0,0.0,4.21309878397733,3.9779294030740857,Ligue_1,,0.0,0.033809166040571,0.0,0.0,0.009062103871158153,0.10142749812171299,0.14244135633281732,0.13449047568620123,
10790,Branco van den Boomen,15,1254,0,1.0635485812090335,1,2.3352177385240798,13,28,3,0,M S,Angers,0,0.3034534617327153,5.750964725390077,4.139429623261094,Ligue_1,midfield,0.0,0.07177033492822966,0.021778956583687704,0.9330143540669856,0.16759935922421626,2.0095693779904304,0.4127486645016802,0.2970882504732843,0.02334257397943964
10844,Darline Yongwa,23,1285,0,0.7409866116940975,1,2.4014131873846054,10,17,4,1,D S,Lorient,0,0.7409866116940975,4.1103757210075855,1.5042753145098686,Ligue_1,,0.0,0.07003891050583658,0.05189789498246598,0.7003891050583657,0.16819236331876614,1.1906614785992218,0.28788623726901374,0.10535780412909587,0.07409866116940975
11061,Michel Diaz,20,1555,0,0.8775945119559765,0,0.0303069576621055,7,1,4,0,D S,Brest,0,0.8775945119559765,2.8094221614301205,2.2683826945722103,Ligue_1,,0.0,0.0,0.0507932514958443,0.40514469453376206,0.0017541004434659133,0.057877813504823156,0.16260321191556967,0.1312890305540186,0.1253706445651395
11131,Christian Mawissa Elebi,18,1178,0,0.3248561099171638,0,0.3562596291303634,2,5,4,0,D S,Monaco,0,0.3248561099171638,3.712346743792296,3.0805793963372707,Ligue_1,,0.0,0.0,0.0248192274130261,0.15280135823429541,0.02721847760758294,0.38200339558573854,0.28362581234406337,0.23535835795446042,0.1624280549585819
11253,Mamadou Sarr,15,1306,0,0.0497182086110115,0,0.0402926057577133,1,1,3,0,D,Strasbourg,0,0.0497182086110115,4.751081405207515,4.710788814350963,Ligue_1,,0.0,0.0,0.003426216519901252,0.06891271056661562,0.002776672678556047,0.06891271056661562,0.3274098977554949,0.3246332261038183,0.0497182086110115
11545,Jérémy Jacquet,19,1678,0,0.7883376181125641,0,0.5708747990429401,11,8,4,1,D,Rennes,0,0.7883376181125641,7.01008303463459,6.824784852564335,Ligue_1,,0.0,0.0,0.04228270895716971,0.5899880810488677,0.03061902974604566,0.42908224076281287,0.37598776705429865,0.366049247157801,0.07166705619205128
11776,Guillaume Restes,34,3033,0,0.0,0,0.0612147636711597,0,1,3,0,GK,Toulouse,0,0.0,2.951088210567832,2.951088210567832,Ligue_1,,0.0,0.0,0.0,0.0,0.0018164618300047389,0.02967359050445104,0.08756938310290303,0.08756938310290303,
11781,Philipp Köhn,19,1615,0,0.0,0,0.0,0,0,0,0,GK S,Monaco,0,0.0,2.2199502903968096,2.2199502903968096,Ligue_1,,0.0,0.0,0.0,0.0,0.0,0.0,0.12371240008403273,0.12371240008403273,
11787,Loïc Négo,30,2339,0,0.5308519587852061,0,1.5366831179708242,16,15,3,0,D M S,Le Havre,0,0.5308519587852061,4.094172183424234,3.173476282507181,Ligue_1,midfield,0.0,0.0,0.020426112137951497,0.615647712697734,0.05912846541999751,0.5771697306541257,0.1575354837572386,0.12210896341412839,0.03317824742407538
11797,Maxime Colin,22,1697,0,0.2320893183350563,0,0.2164770439267158,7,6,1,0,D S,Metz,0,0.2320893183350563,2.7880767323076725,2.666722809895873,Ligue_1,,0.0,0.0,0.012308802975931095,0.37124337065409546,0.011480809636655522,0.3182086034177961,0.1478650005348795,0.14142902350655778,0.03315561690500805
11819,Clinton Mata,32,2845,0,0.1720375660806894,0,0.0863934475928545,5,2,5,0,D,Lyon,0,0.1720375660806894,11.681384408846498,11.58082594908774,Ligue_1,,0.0,0.0,0.005442313162482266,0.15817223198594024,0.0027330088869444305,0.0632688927943761,0.36953412892660276,0.3663530177215805,0.03440751321613788
11910,William Pacho,23,1910,0,0.4116395451128483,0,0.086424134671688,8,2,0,0,D S,Paris Saint Germain,0,0.4116395451128483,13.224247073754668,13.1378229316324,Ligue_1,,0.0,0.0,0.019396627780186568,0.3769633507853404,0.004072341424320377,0.0942408376963351,0.6231320610669738,0.6190597192915791,0.051454943139106035
11946,Mohamed Kaba,13,1028,0,1.3476893231272695,2,1.95227812230587,11,12,2,0,M S,Nantes,0,1.3476893231272695,4.149868421256542,1.6434682048857212,Ligue_1,midfield,0.0,0.17509727626459143,0.11798836486522787,0.9630350194552529,0.1709192908633544,1.0505836575875487,0.3633153287092304,0.14388340315147366,0.12251721119338814
12162,Ayyoub Bouaddi,30,2354,0,1.0655275946483016,1,2.003947176970541,16,21,7,1,D M S,Lille,0,1.0655275946483016,12.056816457770765,10.517980525270104,Ligue_1,midfield,0.0,0.038232795242141036,0.040738098351039566,0.6117247238742566,0.07661650209318126,0.8028887000849617,0.4609657949020258,0.40213179578347896,0.06659547466551885
12186,Kassoum Ouattara,15,992,0,1.185075655579567,3,2.7024725899100304,12,17,3,0,D M S,Monaco,0,1.185075655579567,7.205395624041557,4.093011476099491,Ligue_1,midfield,0.0,0.2721774193548387,0.10751694455863006,1.0887096774193548,0.24518400513296648,1.5423387096774193,0.6537153287940929,0.37134176698483284,0.09875630463163058
12317,Nhoa Sangui,26,1723,0,0.5336753763258457,0,1.2438078951090574,4,17,0,0,D S,Paris FC,0,0.5336753763258457,7.389661949127912,6.244092863053083,Ligue_1,,0.0,0.0,0.02787625297117012,0.2089378990133488,0.06496965209507555,0.8879860708067324,0.38599511051741847,0.32615691101263933,0.13341884408146143
12451,Djaoui Cissé,24,965,0,0.7663131225854158,0,0.8388501536101103,24,13,3,0,M S,Rennes,0,0.7663131225854158,4.438290206715465,3.444454189389944,Ligue_1,midfield,0.0,0.0,0.07146961765045329,2.238341968911917,0.07823472935223827,1.2124352331606219,0.4139338016625822,0.3212444321710829,0.03192971344105899
12824,Clément Akpa,26,1940,0,0.2357997857034206,0,0.4232827648520469,6,9,2,1,D S,Auxerre,0,0.2357997857034206,2.524600649252534,2.4244638979434967,Ligue_1,,0.0,0.0,0.01093916531613807,0.27835051546391754,0.01963682929725991,0.4175257731958763,0.11712064867666395,0.1124751292860385,0.039299964283903435
12842,Mark McKenzie,30,2497,0,0.2593727596104145,2,2.299533972516656,6,17,7,1,D S,Toulouse,0,0.2593727596104145,7.279053285717964,5.792841300368309,Ligue_1,,0.0,0.07208650380456548,0.009348637711228397,0.21625951141369643,0.08288268222927475,0.6127352823388066,0.2623607511872714,0.20879283821912206,0.04322879326840242
13100,Juma Bah,26,1947,0,1.1328875198960304,0,1.5613946039229631,7,6,7,0,D S,Nice,0,1.1328875198960304,5.29360275901854,4.628072407096624,Ligue_1,,0.0,0.0,0.05236768196745903,0.3235747303543914,0.07217540542016779,0.27734976887519264,0.24469658362181235,0.21393246874098415,0.1618410742708615
13407,Fredrik Oppegård,23,1238,0,0.5601710639894009,0,0.6256506145000458,10,11,1,1,D M S,Auxerre,0,0.5601710639894009,2.55569008924067,1.6407343791797755,Ligue_1,midfield,0.0,0.0,0.040723259902298935,0.7269789983844911,0.045483485706788465,0.7996768982229403,0.1857933021257353,0.11927794355911131,0.056017106398940086
13736,Khalis Merah,22,1187,0,1.3525805659592152,1,1.5075017232447865,6,12,2,0,F M S,Lyon,0,1.3525805659592152,6.724210884422064,5.000600062310696,Ligue_1,attack,0.0,0.07582139848357203,0.10255455007272904,0.45492839090143217,0.11430088887281448,0.9098567818028643,0.5098390729553376,0.3791524899814344,0.22543009432653585
13742,Ayumu Seko,30,2629,0,0.9660781314596534,0,0.4601332331076264,17,10,6,0,D M S,Le Havre,0,0.9660781314596534,6.02835941594094,5.555001525208354,Ligue_1,midfield,0.0,0.0,0.033072282933194676,0.5819703309243058,0.015751993525936238,0.3423354887790034,0.20637213671916496,0.19016741623003114,0.05682812537997961
13781,Berke Özer,32,2842,0,0.0,1,0.082175962626934,0,3,5,0,GK,Lille,0,0.0,6.718440880998969,6.654093122109771,Ligue_1,,0.0,0.03166783954961295,0.0,0.0,0.002602335199304736,0.09500351864883885,0.21275850784303563,0.2107207533391553,
13793,Lamine Sy,24,1519,0,1.06524639390409,0,1.4679450262337923,13,13,1,0,D S,Auxerre,0,1.06524639390409,4.671046022325754,2.8898561857640743,Ligue_1,,0.0,0.0,0.06311532287779335,0.7702435813034891,0.08697501801253542,0.7702435813034891,0.27675717051304666,0.17122255215192014,0.0819420303003146
13799,Obed Nkambadio,12,1080,0,0.0,0,0.0066623808816075,0,1,0,0,GK,Paris FC,0,0.0,3.50345600116998,3.496793620288372,Ligue_1,,0.0,0.0,0.0,0.0,0.000555198406800625,0.08333333333333334,0.291954666764165,0.29139946835736436,
13807,Jonathan Fischer,27,2349,0,0.0,0,0.031860314309597,0,1,0,0,GK S,Metz,0,0.0,2.2079796250909567,2.2079796250909567,Ligue_1,,0.0,0.0,0.0,0.0,0.001220701697685709,0.03831417624521073,0.08459692050156922,0.08459692050156922,
13812,Alpha Touré,30,1591,0,1.0313540250062945,1,0.4349074102938175,17,11,4,0,D M S,Metz,0,1.0313540250062945,3.260238066315651,2.2326008649542928,Ligue_1,midfield,0.0,0.056568196103079824,0.05834183673825676,0.9616593337523569,0.02460192767218327,0.6222501571338781,0.18442578627806952,0.12629420354864007,0.060667883823899676
13816,Mike Penders,33,2970,0,0.0,0,0.0,0,0,3,0,GK,Strasbourg,0,0.0,6.352632600814104,6.352632600814104,Ligue_1,,0.0,0.0,0.0,0.0,0.0,0.0,0.19250401820648802,0.19250401820648802,
13817,Lucas Høgsberg,24,1805,0,0.2162238508462906,0,0.0,4,0,2,1,D S,Strasbourg,0,0.2162238508462906,5.591882798820734,5.591882798820734,Ligue_1,,0.0,0.0,0.010781244640535264,0.1994459833795014,0.0,0.0,0.27881964093843,0.27881964093843,0.05405596271157265
13825,Tylel Tati,20,1728,0,0.4968229848891496,0,0.0154627989977598,3,1,5,1,D,Nantes,0,0.4968229848891496,3.6279613599181175,3.540383316576481,Ligue_1,,0.0,0.0,0.02587619712964321,0.15625,0.0008053541144666562,0.05208333333333333,0.18895632082906863,0.18439496440502504,0.16560766162971655
13904,Abdoulaye Faye,17,1444,0,0.575211126357317,0,0.0521239135414361,8,2,8,0,D S,Lorient,0,0.575211126357317,3.336865071207285,3.3101836778223515,Ligue_1,,0.0,0.0,0.03585110898348928,0.4986149584487535,0.003248720373081197,0.12465373961218837,0.20797635485363966,0.2063133871218917,0.07190139079466462
13999,Terry Yegbe,24,1977,0,1.2832730244845152,1,0.4399317279458046,6,5,3,0,D S,Metz,0,1.2832730244845152,2.7807160019874573,2.70413526147604,Ligue_1,,0.0,0.045523520485584223,0.058419105818718446,0.27314112291350534,0.0200272410293993,0.2276176024279211,0.12658798188106787,0.12310175697159513,0.21387883741408587
14031,Charles Vanhoutte,26,1801,0,0.2521444540470838,2,1.149057075381279,5,15,7,0,M S,Nice,0,0.2521444540470838,6.881905682384968,5.568232594057918,Ligue_1,midfield,0.0,0.09994447529150473,0.012600222578699357,0.2498611882287618,0.057420953239486455,0.7495835646862854,0.3439042262157952,0.2782570424570864,0.05042889080941676
14376,Quinten Timber,15,1135,0,1.134893774986267,0,0.4600138962268829,10,8,4,0,M S,Marseille,0,1.134893774986267,3.7130206748843193,3.1272013261914253,Ligue_1,midfield,0.0,0.0,0.08999157687115773,0.7929515418502203,0.0364768728285634,0.6343612334801763,0.29442454690712666,0.24797191132795443,0.11348937749862671
